schema_version	path	sha256	size	root	reason
2	MRS_Toolchain_MAC_V240/OpenOCD/OpenOCD/doc/pdf/openocd.pdf	d3d3a91bf45bee9c8b23fbc05064fe8df6994af65c23532b4b46bdd55e74f3a9	843613	MRS_Toolchain_MAC_V240	generic compiler/debugger manuals; not WCH chip/library documentation
2	MRS_Toolchain_MAC_V240/Toolchain/arm-none-eabi-gcc/share/doc/pdf/annotate.pdf	d5e862ec37418b56428ac503e14ed57f254250f4497405467b023e416fc5b36c	204398	MRS_Toolchain_MAC_V240	generic compiler/debugger manuals; not WCH chip/library documentation
2	MRS_Toolchain_MAC_V240/Toolchain/arm-none-eabi-gcc/share/doc/pdf/as.pdf	7bad530b968db3bc64e6ffd9216dad35baf5f04253aa76499ea7247b3273988a	1459063	MRS_Toolchain_MAC_V240	generic compiler/debugger manuals; not WCH chip/library documentation
2	MRS_Toolchain_MAC_V240/Toolchain/arm-none-eabi-gcc/share/doc/pdf/bfd.pdf	aed41a2ac033e9c2a05423942d5793c40ec1b680922ab10dc1e588a8d14add15	768502	MRS_Toolchain_MAC_V240	generic compiler/debugger manuals; not WCH chip/library documentation
2	MRS_Toolchain_MAC_V240/Toolchain/arm-none-eabi-gcc/share/doc/pdf/binutils.pdf	b46643d25766b588469e8cb5ad38fb4a4ea2956ba69a8c7dd7c78a552550b202	448703	MRS_Toolchain_MAC_V240	generic compiler/debugger manuals; not WCH chip/library documentation
2	MRS_Toolchain_MAC_V240/Toolchain/arm-none-eabi-gcc/share/doc/pdf/gcc/cpp.pdf	c76c71e24e5fdda0b366712f7b48790251cab4588ea7f7e4c88984763abc6652	475679	MRS_Toolchain_MAC_V240	generic compiler/debugger manuals; not WCH chip/library documentation
2	MRS_Toolchain_MAC_V240/Toolchain/arm-none-eabi-gcc/share/doc/pdf/gcc/cppinternals.pdf	e25f79df9fea0f82fb40d8325aa476883407cdcd58e28e458e7b760287286075	217187	MRS_Toolchain_MAC_V240	generic compiler/debugger manuals; not WCH chip/library documentation
2	MRS_Toolchain_MAC_V240/Toolchain/arm-none-eabi-gcc/share/doc/pdf/gcc/gcc.pdf	798e1000bb0cccd17aea5c27758d836405a023844e1fd87d1663cd714b231786	2886097	MRS_Toolchain_MAC_V240	generic compiler/debugger manuals; not WCH chip/library documentation
2	MRS_Toolchain_MAC_V240/Toolchain/arm-none-eabi-gcc/share/doc/pdf/gcc/gccinstall.pdf	496737b03efdadd151bd8b03f174790c0b8ccdc155b3084e47914403cb2e1603	398687	MRS_Toolchain_MAC_V240	generic compiler/debugger manuals; not WCH chip/library documentation
2	MRS_Toolchain_MAC_V240/Toolchain/arm-none-eabi-gcc/share/doc/pdf/gcc/gccint.pdf	0b447e62a650f9c2eae210983059cd4214e0b71fe6e5b12d2fbc8024a6ba895d	2664755	MRS_Toolchain_MAC_V240	generic compiler/debugger manuals; not WCH chip/library documentation
2	MRS_Toolchain_MAC_V240/Toolchain/arm-none-eabi-gcc/share/doc/pdf/gdb.pdf	0166cf14912f767d1b1080e5719d1fab54b94a3a14ad9719d642824d654aa5e3	2678648	MRS_Toolchain_MAC_V240	generic compiler/debugger manuals; not WCH chip/library documentation
2	MRS_Toolchain_MAC_V240/Toolchain/arm-none-eabi-gcc/share/doc/pdf/gprof.pdf	2ac6bd0f9f7d775dcc910dfd61a7ad3b64d8e83ad720fe7c8ffa35d94de0def8	270548	MRS_Toolchain_MAC_V240	generic compiler/debugger manuals; not WCH chip/library documentation
2	MRS_Toolchain_MAC_V240/Toolchain/arm-none-eabi-gcc/share/doc/pdf/ld.pdf	5033c6151a817638e02fbaa39f5d14e20ffc30df187e2b814ac7442611c31ebc	654177	MRS_Toolchain_MAC_V240	generic compiler/debugger manuals; not WCH chip/library documentation
2	MRS_Toolchain_MAC_V240/Toolchain/arm-none-eabi-gcc/share/doc/pdf/libc.pdf	3605d65f6cbd4045c7b785139dbede815de111cbe883cd0758ba372b3b053a0c	776980	MRS_Toolchain_MAC_V240	generic compiler/debugger manuals; not WCH chip/library documentation
2	MRS_Toolchain_MAC_V240/Toolchain/arm-none-eabi-gcc/share/doc/pdf/libiberty.pdf	132a37ec55d428bc052164d86e99ae37cb954534cc1c076ce9f88b8dd8485064	355453	MRS_Toolchain_MAC_V240	generic compiler/debugger manuals; not WCH chip/library documentation
2	MRS_Toolchain_MAC_V240/Toolchain/arm-none-eabi-gcc/share/doc/pdf/libm.pdf	e937e03f9f2304b9a716f715a03ee73d25b9802d1a2eb82786f97836eb35a2aa	369812	MRS_Toolchain_MAC_V240	generic compiler/debugger manuals; not WCH chip/library documentation
2	MRS_Toolchain_MAC_V240/Toolchain/arm-none-eabi-gcc/share/doc/pdf/porting.pdf	6ef96b1a53892fe5556a67025e537d542b7551519ffd9a2a50027b28dba668bb	211787	MRS_Toolchain_MAC_V240	generic compiler/debugger manuals; not WCH chip/library documentation
2	MRS_Toolchain_MAC_V240/Toolchain/arm-none-eabi-gcc/share/doc/pdf/refcard.pdf	ea0c90ff508a433ea019c5fdeaaa5f89af70c7182545afa90ba526fe92f24552	118626	MRS_Toolchain_MAC_V240	generic compiler/debugger manuals; not WCH chip/library documentation
2	MRS_Toolchain_MAC_V240/Toolchain/arm-none-eabi-gcc/share/doc/pdf/stabs.pdf	4aa519cc55270541267c97786d9f0c3b6aa968acb98479e37bc384d7b908ef34	381375	MRS_Toolchain_MAC_V240	generic compiler/debugger manuals; not WCH chip/library documentation
2	tmp/upstream/ti-c2000-iqmath/installer-round2/app/v14d/doc/IQmath.pdf	4ea30980eddaaeff54aeee3b15c9ed50c4c1d99bc4120a9521911bb7bf1628fb	322208	tmp/upstream	non-WCH comparison material; not evidence for WCH hardware behavior
2	tmp/upstream/ti-c2000-iqmath/installer-round2/app/v15/doc/IQmath_v15.pdf	ec77eef8dac41a9470d2f551dd50f27592731a287f281c8fca5f6ed8d4487dce	471023	tmp/upstream	non-WCH comparison material; not evidence for WCH hardware behavior
2	tmp/upstream/ti-c2000-iqmath/materials/sprc990.pdf	0dfcce9ac00e6e812303b3ce2f5decf598375ecc698f8dc7718368261394c49c	629033	tmp/upstream	non-WCH comparison material; not evidence for WCH hardware behavior
2	tmp/wch-riscv/build/host-deps/sources/isl-0.24/doc/manual.pdf	653970f2d1e43b91bb6e72d353824743ab4e514b75f6db00cdec385ef92aa965	518262	tmp/wch-riscv	derived/upstream toolchain build corpus; not WCH chip/library documentation
2	tmp/wch-riscv/build/integration/source/binutils/zlib/doc/crc-doc.1.0.pdf	064f9252d6e2e15ea56c2bd18e160e5c9c84bcd137c11a7af497aaa511ace998	776142	tmp/wch-riscv	derived/upstream toolchain build corpus; not WCH chip/library documentation
2	tmp/wch-riscv/build/integration/source/binutils/zlib/zlib.3.pdf	c131fc86c31aeceb1e0217e8fd5288f573395cdfa5f6c34455e854330d306b84	8848	tmp/wch-riscv	derived/upstream toolchain build corpus; not WCH chip/library documentation
2	tmp/wch-riscv/build/integration/source/gcc-final-clean-apply/libstdc++-v3/doc/xml/images/confdeps.pdf	6897b8c088133947bd29d84982981bfb738813c5d7c8499593acb929a3ebe479	50629	tmp/wch-riscv	derived/upstream toolchain build corpus; not WCH chip/library documentation
2	tmp/wch-riscv/build/integration/source/gcc-final-clean-apply/libstdc++-v3/doc/xml/images/pbds_binary_priority_queue_int_push.pdf	ee6294f648c3b74e54c77cd4793be05cae3c8d97b861d24d3f4d2b595cd9ed67	81428	tmp/wch-riscv	derived/upstream toolchain build corpus; not WCH chip/library documentation
2	tmp/wch-riscv/build/integration/source/gcc-final-clean-apply/libstdc++-v3/doc/xml/images/pbds_binary_priority_queue_int_push_pop.pdf	3d37c44d53a960204b468e4e5490e78775f87ac445425602a362bdbef30c814f	81328	tmp/wch-riscv	derived/upstream toolchain build corpus; not WCH chip/library documentation
2	tmp/wch-riscv/build/integration/source/gcc-final-clean-apply/libstdc++-v3/doc/xml/images/pbds_cc_hash_int_find.pdf	35d9a7cbe799521b412bc8167a6c09ec03b32b967b5f4bd6a71c77963f5eef5e	90172	tmp/wch-riscv	derived/upstream toolchain build corpus; not WCH chip/library documentation
2	tmp/wch-riscv/build/integration/source/gcc-final-clean-apply/libstdc++-v3/doc/xml/images/pbds_cc_hash_int_subscript_find.pdf	302f20a083b005d0c84d37152fde14e0324f80263fa12cbf52bcb11bec809af2	90040	tmp/wch-riscv	derived/upstream toolchain build corpus; not WCH chip/library documentation
2	tmp/wch-riscv/build/integration/source/gcc-final-clean-apply/libstdc++-v3/doc/xml/images/pbds_cc_hash_int_subscript_insert.pdf	abddb22c074ae34f19cb6b09071f1ce0acd70f1983e106e6e1b0415465d55a96	90196	tmp/wch-riscv	derived/upstream toolchain build corpus; not WCH chip/library documentation
2	tmp/wch-riscv/build/integration/source/gcc-final-clean-apply/libstdc++-v3/doc/xml/images/pbds_ccgp_hash_int_subscript_insert.pdf	0290dff94cfec4b2e0d5664133f1ea39d9574578a8cfc92a9759fdeb7d261039	77608	tmp/wch-riscv	derived/upstream toolchain build corpus; not WCH chip/library documentation
2	tmp/wch-riscv/build/integration/source/gcc-final-clean-apply/libstdc++-v3/doc/xml/images/pbds_container_tag_hierarchy.pdf	f6bf580067c19e71c968e30c668e5c5d1f242ac78343e7e43db363647e067297	9605	tmp/wch-riscv	derived/upstream toolchain build corpus; not WCH chip/library documentation
2	tmp/wch-riscv/build/integration/source/gcc-final-clean-apply/libstdc++-v3/doc/xml/images/pbds_exception_hierarchy.pdf	84174874b89383b400bd5598ebcc9be5491a9d25ec453a03f5c6d9db9086d1ed	7520	tmp/wch-riscv	derived/upstream toolchain build corpus; not WCH chip/library documentation
2	tmp/wch-riscv/build/integration/source/gcc-final-clean-apply/libstdc++-v3/doc/xml/images/pbds_gp_hash_int_find.pdf	0f146067d487b0ee4d2576ec40c1e92062ec11aee96ad87e09cc14aecfb94507	76134	tmp/wch-riscv	derived/upstream toolchain build corpus; not WCH chip/library documentation
2	tmp/wch-riscv/build/integration/source/gcc-final-clean-apply/libstdc++-v3/doc/xml/images/pbds_gp_hash_int_subscript_find.pdf	a8907196ddb7f58e94b637ac6476cbf4fd1c14e42b7787a7ef6ca52560147f8b	76225	tmp/wch-riscv	derived/upstream toolchain build corpus; not WCH chip/library documentation
2	tmp/wch-riscv/build/integration/source/gcc-final-clean-apply/libstdc++-v3/doc/xml/images/pbds_gp_hash_int_subscript_insert.pdf	71be2aba307548a71fccef466b046dff44e2f7f4b5352fb97fb2f686ecf9feb8	76238	tmp/wch-riscv	derived/upstream toolchain build corpus; not WCH chip/library documentation
2	tmp/wch-riscv/build/integration/source/gcc-final-clean-apply/libstdc++-v3/doc/xml/images/pbds_hash_int_erase_mem.pdf	ad35f8085b11b100010315d2a06e8121c6efae7b3e756b083110ba163a637cfa	77175	tmp/wch-riscv	derived/upstream toolchain build corpus; not WCH chip/library documentation
2	tmp/wch-riscv/build/integration/source/gcc-final-clean-apply/libstdc++-v3/doc/xml/images/pbds_hash_text_find.pdf	2ffdc67ead08e03ae975bc730452ef4647c9f90f275173037d09709791247ee0	83353	tmp/wch-riscv	derived/upstream toolchain build corpus; not WCH chip/library documentation
2	tmp/wch-riscv/build/integration/source/gcc-final-clean-apply/libstdc++-v3/doc/xml/images/pbds_hash_zlob_int_find.pdf	7b2ec1c0a874722911b39f009b0ef2c13deaedbbb1600fc63d69e7e56e177f89	89031	tmp/wch-riscv	derived/upstream toolchain build corpus; not WCH chip/library documentation
2	tmp/wch-riscv/build/integration/source/gcc-final-clean-apply/libstdc++-v3/doc/xml/images/pbds_invalidation_tag_hierarchy.pdf	8fbb836ca736d6a7eb60ed76f48d9dfaace4cf3ba01022a1d6567cb23e7241e0	6903	tmp/wch-riscv	derived/upstream toolchain build corpus; not WCH chip/library documentation
2	tmp/wch-riscv/build/integration/source/gcc-final-clean-apply/libstdc++-v3/doc/xml/images/pbds_multimap_text_find_large_s2p_hash.pdf	4438b6edcd4a78866a586376ce60d5113b4deb978cfbd4a0e9ac1382bab6297a	67642	tmp/wch-riscv	derived/upstream toolchain build corpus; not WCH chip/library documentation
2	tmp/wch-riscv/build/integration/source/gcc-final-clean-apply/libstdc++-v3/doc/xml/images/pbds_multimap_text_find_large_s2p_tree.pdf	822194b5b6f9360c46748f0cee150b6e4fb8b8a223e27268e6aeb53a4dabf5c3	70583	tmp/wch-riscv	derived/upstream toolchain build corpus; not WCH chip/library documentation
2	tmp/wch-riscv/build/integration/source/gcc-final-clean-apply/libstdc++-v3/doc/xml/images/pbds_multimap_text_find_small_s2p_hash.pdf	ef3be06ae10bf60d41606e8b5e8dd31b7f329ffb899ec04299b395e3acffabea	67623	tmp/wch-riscv	derived/upstream toolchain build corpus; not WCH chip/library documentation
2	tmp/wch-riscv/build/integration/source/gcc-final-clean-apply/libstdc++-v3/doc/xml/images/pbds_multimap_text_find_small_s2p_tree.pdf	405254864882bb64ae351ac57a5bf7e0898634e0ac83d5a4ee89a571aee180f6	70942	tmp/wch-riscv	derived/upstream toolchain build corpus; not WCH chip/library documentation
2	tmp/wch-riscv/build/integration/source/gcc-final-clean-apply/libstdc++-v3/doc/xml/images/pbds_multimap_text_insert_large_s2p_hash.pdf	12b9a7adc4f168ea611493147465ccfe6fcb3fcb18da7d69c5a198fa9858d835	67457	tmp/wch-riscv	derived/upstream toolchain build corpus; not WCH chip/library documentation
2	tmp/wch-riscv/build/integration/source/gcc-final-clean-apply/libstdc++-v3/doc/xml/images/pbds_multimap_text_insert_large_s2p_tree.pdf	4cb27bbc13561e87c97b1c5e018448c61b3d4f8f31f1e38856e5cdc9705acf70	70759	tmp/wch-riscv	derived/upstream toolchain build corpus; not WCH chip/library documentation
2	tmp/wch-riscv/build/integration/source/gcc-final-clean-apply/libstdc++-v3/doc/xml/images/pbds_multimap_text_insert_mem_large_s2p_hash.pdf	098a9eeb30070bc4abf4f44a3198653f00cb6420e0745bd2696098f44e3e3d65	67786	tmp/wch-riscv	derived/upstream toolchain build corpus; not WCH chip/library documentation
2	tmp/wch-riscv/build/integration/source/gcc-final-clean-apply/libstdc++-v3/doc/xml/images/pbds_multimap_text_insert_mem_large_s2p_tree.pdf	6032a0712f510f32261f5d1851d940668e07fc5fb356f719c71120c2df1711dd	70776	tmp/wch-riscv	derived/upstream toolchain build corpus; not WCH chip/library documentation
2	tmp/wch-riscv/build/integration/source/gcc-final-clean-apply/libstdc++-v3/doc/xml/images/pbds_multimap_text_insert_mem_small_s2p_hash.pdf	5593cdc4c6b87f6ef1ffc2ffcb9ebe133815d50e8f4ea955815c4f04c8a89f85	67808	tmp/wch-riscv	derived/upstream toolchain build corpus; not WCH chip/library documentation
2	tmp/wch-riscv/build/integration/source/gcc-final-clean-apply/libstdc++-v3/doc/xml/images/pbds_multimap_text_insert_mem_small_s2p_tree.pdf	98c7c1d4141d72e3ddd385f3e845c459bcf4966cfbd9f6a11ea987080613ba03	70972	tmp/wch-riscv	derived/upstream toolchain build corpus; not WCH chip/library documentation
2	tmp/wch-riscv/build/integration/source/gcc-final-clean-apply/libstdc++-v3/doc/xml/images/pbds_multimap_text_insert_small_s2p_hash.pdf	9e0d493bf1f14525978bee98c7076a99bf318f65683f29b2bddfb798bfdb6754	67656	tmp/wch-riscv	derived/upstream toolchain build corpus; not WCH chip/library documentation
2	tmp/wch-riscv/build/integration/source/gcc-final-clean-apply/libstdc++-v3/doc/xml/images/pbds_multimap_text_insert_small_s2p_tree.pdf	661cfb64b9d89f09c2d7778a37dd39b948f1f8e5b563b6c8528b43a49400dbee	70738	tmp/wch-riscv	derived/upstream toolchain build corpus; not WCH chip/library documentation
2	tmp/wch-riscv/build/integration/source/gcc-final-clean-apply/libstdc++-v3/doc/xml/images/pbds_pairing_priority_queue_text_modify_down_thin.pdf	7187486746d8b2af44f0c7daa80caf11653a74b0686ba2ae503088a38e5733cf	68294	tmp/wch-riscv	derived/upstream toolchain build corpus; not WCH chip/library documentation
2	tmp/wch-riscv/build/integration/source/gcc-final-clean-apply/libstdc++-v3/doc/xml/images/pbds_pairing_priority_queue_text_modify_up_thin.pdf	ad60e6dd66287bbe95ab5945b41e00d39689fd0b0f9f5378a1aff2e0e2f14e6e	68500	tmp/wch-riscv	derived/upstream toolchain build corpus; not WCH chip/library documentation
2	tmp/wch-riscv/build/integration/source/gcc-final-clean-apply/libstdc++-v3/doc/xml/images/pbds_pairing_priority_queue_text_push.pdf	d70e2426af17f9f3f6eae2a8cbce6a5db5ab92b969a5ad13a920735f6e7196ce	82821	tmp/wch-riscv	derived/upstream toolchain build corpus; not WCH chip/library documentation
2	tmp/wch-riscv/build/integration/source/gcc-final-clean-apply/libstdc++-v3/doc/xml/images/pbds_pairing_priority_queue_text_push_pop.pdf	84da208bed229a1c2125b5a211cb5438de379424710eef31aee8229bf4f150f6	75989	tmp/wch-riscv	derived/upstream toolchain build corpus; not WCH chip/library documentation
2	tmp/wch-riscv/build/integration/source/gcc-final-clean-apply/libstdc++-v3/doc/xml/images/pbds_priority_queue_int_push.pdf	0aad13f919c1b5f91cf11afaad8f32c16fc764f78507eff8e49d0504c33de3ad	103791	tmp/wch-riscv	derived/upstream toolchain build corpus; not WCH chip/library documentation
2	tmp/wch-riscv/build/integration/source/gcc-final-clean-apply/libstdc++-v3/doc/xml/images/pbds_priority_queue_int_push_pop.pdf	2768fe985b77534da45e11282907430752d7d1676b7be158357c438be35d23ed	103910	tmp/wch-riscv	derived/upstream toolchain build corpus; not WCH chip/library documentation
2	tmp/wch-riscv/build/integration/source/gcc-final-clean-apply/libstdc++-v3/doc/xml/images/pbds_priority_queue_tag_hierarchy.pdf	98a180b0f321a6f141d7d70ee35823cfd548fb2d06dd20acb96d2c8e05ef4419	7842	tmp/wch-riscv	derived/upstream toolchain build corpus; not WCH chip/library documentation
2	tmp/wch-riscv/build/integration/source/gcc-final-clean-apply/libstdc++-v3/doc/xml/images/pbds_priority_queue_text_join.pdf	d501de67098b24502e284132abb3954e3fdeddbac26616956faead18e8e0ba89	103511	tmp/wch-riscv	derived/upstream toolchain build corpus; not WCH chip/library documentation
2	tmp/wch-riscv/build/integration/source/gcc-final-clean-apply/libstdc++-v3/doc/xml/images/pbds_priority_queue_text_modify_down.pdf	be3da838576756cd0d140188310efc50b6d13a4ea930651a076b99b017b3ac75	103701	tmp/wch-riscv	derived/upstream toolchain build corpus; not WCH chip/library documentation
2	tmp/wch-riscv/build/integration/source/gcc-final-clean-apply/libstdc++-v3/doc/xml/images/pbds_priority_queue_text_modify_up.pdf	ae537ff0a19f71890dcdb0a430b95e581d9bbf185f5fab4de7a2cf014dfcfbd3	103554	tmp/wch-riscv	derived/upstream toolchain build corpus; not WCH chip/library documentation
2	tmp/wch-riscv/build/integration/source/gcc-final-clean-apply/libstdc++-v3/doc/xml/images/pbds_priority_queue_text_pop_mem.pdf	dbd40a3a26ea0c77d85b0d4134f52900c0fc335702ba3ffd222125325a28e107	102962	tmp/wch-riscv	derived/upstream toolchain build corpus; not WCH chip/library documentation
2	tmp/wch-riscv/build/integration/source/gcc-final-clean-apply/libstdc++-v3/doc/xml/images/pbds_priority_queue_text_push.pdf	fcdfcf63f9fb963765ed0b254f94eb706d49906b2669d8cdd8148084ff58cd91	103249	tmp/wch-riscv	derived/upstream toolchain build corpus; not WCH chip/library documentation
2	tmp/wch-riscv/build/integration/source/gcc-final-clean-apply/libstdc++-v3/doc/xml/images/pbds_priority_queue_text_push_pop.pdf	d573b3e570118c3328ebe0eb1af11c6e6970bb8513dfeaf769f258a531fcd7c5	103894	tmp/wch-riscv	derived/upstream toolchain build corpus; not WCH chip/library documentation
2	tmp/wch-riscv/build/integration/source/gcc-final-clean-apply/libstdc++-v3/doc/xml/images/pbds_tree_int_find.pdf	205b802a195de76c2d5093f9506380cc44cd7894d866973c18cc75868fda07ba	82717	tmp/wch-riscv	derived/upstream toolchain build corpus; not WCH chip/library documentation
2	tmp/wch-riscv/build/integration/source/gcc-final-clean-apply/libstdc++-v3/doc/xml/images/pbds_tree_order_statistics.pdf	35973475b4f69dcfedfa33527c31eac3c026b1e3a92251a122ab61d82c101b75	81007	tmp/wch-riscv	derived/upstream toolchain build corpus; not WCH chip/library documentation
2	tmp/wch-riscv/build/integration/source/gcc-final-clean-apply/libstdc++-v3/doc/xml/images/pbds_tree_split_join.pdf	6634da3144fb68efe5b45fb38ed20ef1638b77e381e046de8d3dc4757acd62b0	82727	tmp/wch-riscv	derived/upstream toolchain build corpus; not WCH chip/library documentation
2	tmp/wch-riscv/build/integration/source/gcc-final-clean-apply/libstdc++-v3/doc/xml/images/pbds_tree_text_find.pdf	9a599ec5d821055e5ed78ca08f7e32bdde2a2005f1c68fe0ef61cffde3b6d4ad	84206	tmp/wch-riscv	derived/upstream toolchain build corpus; not WCH chip/library documentation
2	tmp/wch-riscv/build/integration/source/gcc-final-clean-apply/libstdc++-v3/doc/xml/images/pbds_tree_text_insert_node.pdf	dd0b0b1093d489fe2a899fa146eeae785945dd920c491a823a3ccd740533a308	80772	tmp/wch-riscv	derived/upstream toolchain build corpus; not WCH chip/library documentation
2	tmp/wch-riscv/build/integration/source/gcc-final-clean-apply/libstdc++-v3/doc/xml/images/pbds_tree_text_insert_trie.pdf	073a10c15b1db320d871d8069ec7995aee28a2881c2296670fb2dbe2862370d9	68209	tmp/wch-riscv	derived/upstream toolchain build corpus; not WCH chip/library documentation
2	tmp/wch-riscv/build/integration/source/gcc-final-clean-apply/libstdc++-v3/doc/xml/images/pbds_tree_text_insert_vector.pdf	e3d4d1c64abeea9749a512bcdc7d0ed834688295068c20d74a3beb929ff25c1c	68484	tmp/wch-riscv	derived/upstream toolchain build corpus; not WCH chip/library documentation
2	tmp/wch-riscv/build/integration/source/gcc-final-clean-apply/libstdc++-v3/doc/xml/images/pbds_tree_text_lor_find.pdf	49b9603a85eac24378f067c05c18b15df85dfdc693b133ddc671174d5dcb99b9	82720	tmp/wch-riscv	derived/upstream toolchain build corpus; not WCH chip/library documentation
2	tmp/wch-riscv/build/integration/source/gcc/libstdc++-v3/doc/xml/images/confdeps.pdf	6897b8c088133947bd29d84982981bfb738813c5d7c8499593acb929a3ebe479	50629	tmp/wch-riscv	derived/upstream toolchain build corpus; not WCH chip/library documentation
2	tmp/wch-riscv/build/integration/source/gcc/libstdc++-v3/doc/xml/images/pbds_binary_priority_queue_int_push.pdf	ee6294f648c3b74e54c77cd4793be05cae3c8d97b861d24d3f4d2b595cd9ed67	81428	tmp/wch-riscv	derived/upstream toolchain build corpus; not WCH chip/library documentation
2	tmp/wch-riscv/build/integration/source/gcc/libstdc++-v3/doc/xml/images/pbds_binary_priority_queue_int_push_pop.pdf	3d37c44d53a960204b468e4e5490e78775f87ac445425602a362bdbef30c814f	81328	tmp/wch-riscv	derived/upstream toolchain build corpus; not WCH chip/library documentation
2	tmp/wch-riscv/build/integration/source/gcc/libstdc++-v3/doc/xml/images/pbds_cc_hash_int_find.pdf	35d9a7cbe799521b412bc8167a6c09ec03b32b967b5f4bd6a71c77963f5eef5e	90172	tmp/wch-riscv	derived/upstream toolchain build corpus; not WCH chip/library documentation
2	tmp/wch-riscv/build/integration/source/gcc/libstdc++-v3/doc/xml/images/pbds_cc_hash_int_subscript_find.pdf	302f20a083b005d0c84d37152fde14e0324f80263fa12cbf52bcb11bec809af2	90040	tmp/wch-riscv	derived/upstream toolchain build corpus; not WCH chip/library documentation
2	tmp/wch-riscv/build/integration/source/gcc/libstdc++-v3/doc/xml/images/pbds_cc_hash_int_subscript_insert.pdf	abddb22c074ae34f19cb6b09071f1ce0acd70f1983e106e6e1b0415465d55a96	90196	tmp/wch-riscv	derived/upstream toolchain build corpus; not WCH chip/library documentation
2	tmp/wch-riscv/build/integration/source/gcc/libstdc++-v3/doc/xml/images/pbds_ccgp_hash_int_subscript_insert.pdf	0290dff94cfec4b2e0d5664133f1ea39d9574578a8cfc92a9759fdeb7d261039	77608	tmp/wch-riscv	derived/upstream toolchain build corpus; not WCH chip/library documentation
2	tmp/wch-riscv/build/integration/source/gcc/libstdc++-v3/doc/xml/images/pbds_container_tag_hierarchy.pdf	f6bf580067c19e71c968e30c668e5c5d1f242ac78343e7e43db363647e067297	9605	tmp/wch-riscv	derived/upstream toolchain build corpus; not WCH chip/library documentation
2	tmp/wch-riscv/build/integration/source/gcc/libstdc++-v3/doc/xml/images/pbds_exception_hierarchy.pdf	84174874b89383b400bd5598ebcc9be5491a9d25ec453a03f5c6d9db9086d1ed	7520	tmp/wch-riscv	derived/upstream toolchain build corpus; not WCH chip/library documentation
2	tmp/wch-riscv/build/integration/source/gcc/libstdc++-v3/doc/xml/images/pbds_gp_hash_int_find.pdf	0f146067d487b0ee4d2576ec40c1e92062ec11aee96ad87e09cc14aecfb94507	76134	tmp/wch-riscv	derived/upstream toolchain build corpus; not WCH chip/library documentation
2	tmp/wch-riscv/build/integration/source/gcc/libstdc++-v3/doc/xml/images/pbds_gp_hash_int_subscript_find.pdf	a8907196ddb7f58e94b637ac6476cbf4fd1c14e42b7787a7ef6ca52560147f8b	76225	tmp/wch-riscv	derived/upstream toolchain build corpus; not WCH chip/library documentation
2	tmp/wch-riscv/build/integration/source/gcc/libstdc++-v3/doc/xml/images/pbds_gp_hash_int_subscript_insert.pdf	71be2aba307548a71fccef466b046dff44e2f7f4b5352fb97fb2f686ecf9feb8	76238	tmp/wch-riscv	derived/upstream toolchain build corpus; not WCH chip/library documentation
2	tmp/wch-riscv/build/integration/source/gcc/libstdc++-v3/doc/xml/images/pbds_hash_int_erase_mem.pdf	ad35f8085b11b100010315d2a06e8121c6efae7b3e756b083110ba163a637cfa	77175	tmp/wch-riscv	derived/upstream toolchain build corpus; not WCH chip/library documentation
2	tmp/wch-riscv/build/integration/source/gcc/libstdc++-v3/doc/xml/images/pbds_hash_text_find.pdf	2ffdc67ead08e03ae975bc730452ef4647c9f90f275173037d09709791247ee0	83353	tmp/wch-riscv	derived/upstream toolchain build corpus; not WCH chip/library documentation
2	tmp/wch-riscv/build/integration/source/gcc/libstdc++-v3/doc/xml/images/pbds_hash_zlob_int_find.pdf	7b2ec1c0a874722911b39f009b0ef2c13deaedbbb1600fc63d69e7e56e177f89	89031	tmp/wch-riscv	derived/upstream toolchain build corpus; not WCH chip/library documentation
2	tmp/wch-riscv/build/integration/source/gcc/libstdc++-v3/doc/xml/images/pbds_invalidation_tag_hierarchy.pdf	8fbb836ca736d6a7eb60ed76f48d9dfaace4cf3ba01022a1d6567cb23e7241e0	6903	tmp/wch-riscv	derived/upstream toolchain build corpus; not WCH chip/library documentation
2	tmp/wch-riscv/build/integration/source/gcc/libstdc++-v3/doc/xml/images/pbds_multimap_text_find_large_s2p_hash.pdf	4438b6edcd4a78866a586376ce60d5113b4deb978cfbd4a0e9ac1382bab6297a	67642	tmp/wch-riscv	derived/upstream toolchain build corpus; not WCH chip/library documentation
2	tmp/wch-riscv/build/integration/source/gcc/libstdc++-v3/doc/xml/images/pbds_multimap_text_find_large_s2p_tree.pdf	822194b5b6f9360c46748f0cee150b6e4fb8b8a223e27268e6aeb53a4dabf5c3	70583	tmp/wch-riscv	derived/upstream toolchain build corpus; not WCH chip/library documentation
2	tmp/wch-riscv/build/integration/source/gcc/libstdc++-v3/doc/xml/images/pbds_multimap_text_find_small_s2p_hash.pdf	ef3be06ae10bf60d41606e8b5e8dd31b7f329ffb899ec04299b395e3acffabea	67623	tmp/wch-riscv	derived/upstream toolchain build corpus; not WCH chip/library documentation
2	tmp/wch-riscv/build/integration/source/gcc/libstdc++-v3/doc/xml/images/pbds_multimap_text_find_small_s2p_tree.pdf	405254864882bb64ae351ac57a5bf7e0898634e0ac83d5a4ee89a571aee180f6	70942	tmp/wch-riscv	derived/upstream toolchain build corpus; not WCH chip/library documentation
2	tmp/wch-riscv/build/integration/source/gcc/libstdc++-v3/doc/xml/images/pbds_multimap_text_insert_large_s2p_hash.pdf	12b9a7adc4f168ea611493147465ccfe6fcb3fcb18da7d69c5a198fa9858d835	67457	tmp/wch-riscv	derived/upstream toolchain build corpus; not WCH chip/library documentation
2	tmp/wch-riscv/build/integration/source/gcc/libstdc++-v3/doc/xml/images/pbds_multimap_text_insert_large_s2p_tree.pdf	4cb27bbc13561e87c97b1c5e018448c61b3d4f8f31f1e38856e5cdc9705acf70	70759	tmp/wch-riscv	derived/upstream toolchain build corpus; not WCH chip/library documentation
2	tmp/wch-riscv/build/integration/source/gcc/libstdc++-v3/doc/xml/images/pbds_multimap_text_insert_mem_large_s2p_hash.pdf	098a9eeb30070bc4abf4f44a3198653f00cb6420e0745bd2696098f44e3e3d65	67786	tmp/wch-riscv	derived/upstream toolchain build corpus; not WCH chip/library documentation
2	tmp/wch-riscv/build/integration/source/gcc/libstdc++-v3/doc/xml/images/pbds_multimap_text_insert_mem_large_s2p_tree.pdf	6032a0712f510f32261f5d1851d940668e07fc5fb356f719c71120c2df1711dd	70776	tmp/wch-riscv	derived/upstream toolchain build corpus; not WCH chip/library documentation
2	tmp/wch-riscv/build/integration/source/gcc/libstdc++-v3/doc/xml/images/pbds_multimap_text_insert_mem_small_s2p_hash.pdf	5593cdc4c6b87f6ef1ffc2ffcb9ebe133815d50e8f4ea955815c4f04c8a89f85	67808	tmp/wch-riscv	derived/upstream toolchain build corpus; not WCH chip/library documentation
2	tmp/wch-riscv/build/integration/source/gcc/libstdc++-v3/doc/xml/images/pbds_multimap_text_insert_mem_small_s2p_tree.pdf	98c7c1d4141d72e3ddd385f3e845c459bcf4966cfbd9f6a11ea987080613ba03	70972	tmp/wch-riscv	derived/upstream toolchain build corpus; not WCH chip/library documentation
2	tmp/wch-riscv/build/integration/source/gcc/libstdc++-v3/doc/xml/images/pbds_multimap_text_insert_small_s2p_hash.pdf	9e0d493bf1f14525978bee98c7076a99bf318f65683f29b2bddfb798bfdb6754	67656	tmp/wch-riscv	derived/upstream toolchain build corpus; not WCH chip/library documentation
2	tmp/wch-riscv/build/integration/source/gcc/libstdc++-v3/doc/xml/images/pbds_multimap_text_insert_small_s2p_tree.pdf	661cfb64b9d89f09c2d7778a37dd39b948f1f8e5b563b6c8528b43a49400dbee	70738	tmp/wch-riscv	derived/upstream toolchain build corpus; not WCH chip/library documentation
2	tmp/wch-riscv/build/integration/source/gcc/libstdc++-v3/doc/xml/images/pbds_pairing_priority_queue_text_modify_down_thin.pdf	7187486746d8b2af44f0c7daa80caf11653a74b0686ba2ae503088a38e5733cf	68294	tmp/wch-riscv	derived/upstream toolchain build corpus; not WCH chip/library documentation
2	tmp/wch-riscv/build/integration/source/gcc/libstdc++-v3/doc/xml/images/pbds_pairing_priority_queue_text_modify_up_thin.pdf	ad60e6dd66287bbe95ab5945b41e00d39689fd0b0f9f5378a1aff2e0e2f14e6e	68500	tmp/wch-riscv	derived/upstream toolchain build corpus; not WCH chip/library documentation
2	tmp/wch-riscv/build/integration/source/gcc/libstdc++-v3/doc/xml/images/pbds_pairing_priority_queue_text_push.pdf	d70e2426af17f9f3f6eae2a8cbce6a5db5ab92b969a5ad13a920735f6e7196ce	82821	tmp/wch-riscv	derived/upstream toolchain build corpus; not WCH chip/library documentation
2	tmp/wch-riscv/build/integration/source/gcc/libstdc++-v3/doc/xml/images/pbds_pairing_priority_queue_text_push_pop.pdf	84da208bed229a1c2125b5a211cb5438de379424710eef31aee8229bf4f150f6	75989	tmp/wch-riscv	derived/upstream toolchain build corpus; not WCH chip/library documentation
2	tmp/wch-riscv/build/integration/source/gcc/libstdc++-v3/doc/xml/images/pbds_priority_queue_int_push.pdf	0aad13f919c1b5f91cf11afaad8f32c16fc764f78507eff8e49d0504c33de3ad	103791	tmp/wch-riscv	derived/upstream toolchain build corpus; not WCH chip/library documentation
2	tmp/wch-riscv/build/integration/source/gcc/libstdc++-v3/doc/xml/images/pbds_priority_queue_int_push_pop.pdf	2768fe985b77534da45e11282907430752d7d1676b7be158357c438be35d23ed	103910	tmp/wch-riscv	derived/upstream toolchain build corpus; not WCH chip/library documentation
2	tmp/wch-riscv/build/integration/source/gcc/libstdc++-v3/doc/xml/images/pbds_priority_queue_tag_hierarchy.pdf	98a180b0f321a6f141d7d70ee35823cfd548fb2d06dd20acb96d2c8e05ef4419	7842	tmp/wch-riscv	derived/upstream toolchain build corpus; not WCH chip/library documentation
2	tmp/wch-riscv/build/integration/source/gcc/libstdc++-v3/doc/xml/images/pbds_priority_queue_text_join.pdf	d501de67098b24502e284132abb3954e3fdeddbac26616956faead18e8e0ba89	103511	tmp/wch-riscv	derived/upstream toolchain build corpus; not WCH chip/library documentation
2	tmp/wch-riscv/build/integration/source/gcc/libstdc++-v3/doc/xml/images/pbds_priority_queue_text_modify_down.pdf	be3da838576756cd0d140188310efc50b6d13a4ea930651a076b99b017b3ac75	103701	tmp/wch-riscv	derived/upstream toolchain build corpus; not WCH chip/library documentation
2	tmp/wch-riscv/build/integration/source/gcc/libstdc++-v3/doc/xml/images/pbds_priority_queue_text_modify_up.pdf	ae537ff0a19f71890dcdb0a430b95e581d9bbf185f5fab4de7a2cf014dfcfbd3	103554	tmp/wch-riscv	derived/upstream toolchain build corpus; not WCH chip/library documentation
2	tmp/wch-riscv/build/integration/source/gcc/libstdc++-v3/doc/xml/images/pbds_priority_queue_text_pop_mem.pdf	dbd40a3a26ea0c77d85b0d4134f52900c0fc335702ba3ffd222125325a28e107	102962	tmp/wch-riscv	derived/upstream toolchain build corpus; not WCH chip/library documentation
2	tmp/wch-riscv/build/integration/source/gcc/libstdc++-v3/doc/xml/images/pbds_priority_queue_text_push.pdf	fcdfcf63f9fb963765ed0b254f94eb706d49906b2669d8cdd8148084ff58cd91	103249	tmp/wch-riscv	derived/upstream toolchain build corpus; not WCH chip/library documentation
2	tmp/wch-riscv/build/integration/source/gcc/libstdc++-v3/doc/xml/images/pbds_priority_queue_text_push_pop.pdf	d573b3e570118c3328ebe0eb1af11c6e6970bb8513dfeaf769f258a531fcd7c5	103894	tmp/wch-riscv	derived/upstream toolchain build corpus; not WCH chip/library documentation
2	tmp/wch-riscv/build/integration/source/gcc/libstdc++-v3/doc/xml/images/pbds_tree_int_find.pdf	205b802a195de76c2d5093f9506380cc44cd7894d866973c18cc75868fda07ba	82717	tmp/wch-riscv	derived/upstream toolchain build corpus; not WCH chip/library documentation
2	tmp/wch-riscv/build/integration/source/gcc/libstdc++-v3/doc/xml/images/pbds_tree_order_statistics.pdf	35973475b4f69dcfedfa33527c31eac3c026b1e3a92251a122ab61d82c101b75	81007	tmp/wch-riscv	derived/upstream toolchain build corpus; not WCH chip/library documentation
2	tmp/wch-riscv/build/integration/source/gcc/libstdc++-v3/doc/xml/images/pbds_tree_split_join.pdf	6634da3144fb68efe5b45fb38ed20ef1638b77e381e046de8d3dc4757acd62b0	82727	tmp/wch-riscv	derived/upstream toolchain build corpus; not WCH chip/library documentation
2	tmp/wch-riscv/build/integration/source/gcc/libstdc++-v3/doc/xml/images/pbds_tree_text_find.pdf	9a599ec5d821055e5ed78ca08f7e32bdde2a2005f1c68fe0ef61cffde3b6d4ad	84206	tmp/wch-riscv	derived/upstream toolchain build corpus; not WCH chip/library documentation
2	tmp/wch-riscv/build/integration/source/gcc/libstdc++-v3/doc/xml/images/pbds_tree_text_insert_node.pdf	dd0b0b1093d489fe2a899fa146eeae785945dd920c491a823a3ccd740533a308	80772	tmp/wch-riscv	derived/upstream toolchain build corpus; not WCH chip/library documentation
2	tmp/wch-riscv/build/integration/source/gcc/libstdc++-v3/doc/xml/images/pbds_tree_text_insert_trie.pdf	073a10c15b1db320d871d8069ec7995aee28a2881c2296670fb2dbe2862370d9	68209	tmp/wch-riscv	derived/upstream toolchain build corpus; not WCH chip/library documentation
2	tmp/wch-riscv/build/integration/source/gcc/libstdc++-v3/doc/xml/images/pbds_tree_text_insert_vector.pdf	e3d4d1c64abeea9749a512bcdc7d0ed834688295068c20d74a3beb929ff25c1c	68484	tmp/wch-riscv	derived/upstream toolchain build corpus; not WCH chip/library documentation
2	tmp/wch-riscv/build/integration/source/gcc/libstdc++-v3/doc/xml/images/pbds_tree_text_lor_find.pdf	49b9603a85eac24378f067c05c18b15df85dfdc693b133ddc671174d5dcb99b9	82720	tmp/wch-riscv	derived/upstream toolchain build corpus; not WCH chip/library documentation
2	tmp/wch-riscv/build/phase7-attempt-1/binutils-source/zlib/doc/crc-doc.1.0.pdf	064f9252d6e2e15ea56c2bd18e160e5c9c84bcd137c11a7af497aaa511ace998	776142	tmp/wch-riscv	derived/upstream toolchain build corpus; not WCH chip/library documentation
2	tmp/wch-riscv/build/phase7-attempt-1/binutils-source/zlib/zlib.3.pdf	c131fc86c31aeceb1e0217e8fd5288f573395cdfa5f6c34455e854330d306b84	8848	tmp/wch-riscv	derived/upstream toolchain build corpus; not WCH chip/library documentation
2	tmp/wch-riscv/build/phase7-attempt-1/gcc-source/libstdc++-v3/doc/xml/images/confdeps.pdf	6897b8c088133947bd29d84982981bfb738813c5d7c8499593acb929a3ebe479	50629	tmp/wch-riscv	derived/upstream toolchain build corpus; not WCH chip/library documentation
2	tmp/wch-riscv/build/phase7-attempt-1/gcc-source/libstdc++-v3/doc/xml/images/pbds_binary_priority_queue_int_push.pdf	ee6294f648c3b74e54c77cd4793be05cae3c8d97b861d24d3f4d2b595cd9ed67	81428	tmp/wch-riscv	derived/upstream toolchain build corpus; not WCH chip/library documentation
2	tmp/wch-riscv/build/phase7-attempt-1/gcc-source/libstdc++-v3/doc/xml/images/pbds_binary_priority_queue_int_push_pop.pdf	3d37c44d53a960204b468e4e5490e78775f87ac445425602a362bdbef30c814f	81328	tmp/wch-riscv	derived/upstream toolchain build corpus; not WCH chip/library documentation
2	tmp/wch-riscv/build/phase7-attempt-1/gcc-source/libstdc++-v3/doc/xml/images/pbds_cc_hash_int_find.pdf	35d9a7cbe799521b412bc8167a6c09ec03b32b967b5f4bd6a71c77963f5eef5e	90172	tmp/wch-riscv	derived/upstream toolchain build corpus; not WCH chip/library documentation
2	tmp/wch-riscv/build/phase7-attempt-1/gcc-source/libstdc++-v3/doc/xml/images/pbds_cc_hash_int_subscript_find.pdf	302f20a083b005d0c84d37152fde14e0324f80263fa12cbf52bcb11bec809af2	90040	tmp/wch-riscv	derived/upstream toolchain build corpus; not WCH chip/library documentation
2	tmp/wch-riscv/build/phase7-attempt-1/gcc-source/libstdc++-v3/doc/xml/images/pbds_cc_hash_int_subscript_insert.pdf	abddb22c074ae34f19cb6b09071f1ce0acd70f1983e106e6e1b0415465d55a96	90196	tmp/wch-riscv	derived/upstream toolchain build corpus; not WCH chip/library documentation
2	tmp/wch-riscv/build/phase7-attempt-1/gcc-source/libstdc++-v3/doc/xml/images/pbds_ccgp_hash_int_subscript_insert.pdf	0290dff94cfec4b2e0d5664133f1ea39d9574578a8cfc92a9759fdeb7d261039	77608	tmp/wch-riscv	derived/upstream toolchain build corpus; not WCH chip/library documentation
2	tmp/wch-riscv/build/phase7-attempt-1/gcc-source/libstdc++-v3/doc/xml/images/pbds_container_tag_hierarchy.pdf	f6bf580067c19e71c968e30c668e5c5d1f242ac78343e7e43db363647e067297	9605	tmp/wch-riscv	derived/upstream toolchain build corpus; not WCH chip/library documentation
2	tmp/wch-riscv/build/phase7-attempt-1/gcc-source/libstdc++-v3/doc/xml/images/pbds_exception_hierarchy.pdf	84174874b89383b400bd5598ebcc9be5491a9d25ec453a03f5c6d9db9086d1ed	7520	tmp/wch-riscv	derived/upstream toolchain build corpus; not WCH chip/library documentation
2	tmp/wch-riscv/build/phase7-attempt-1/gcc-source/libstdc++-v3/doc/xml/images/pbds_gp_hash_int_find.pdf	0f146067d487b0ee4d2576ec40c1e92062ec11aee96ad87e09cc14aecfb94507	76134	tmp/wch-riscv	derived/upstream toolchain build corpus; not WCH chip/library documentation
2	tmp/wch-riscv/build/phase7-attempt-1/gcc-source/libstdc++-v3/doc/xml/images/pbds_gp_hash_int_subscript_find.pdf	a8907196ddb7f58e94b637ac6476cbf4fd1c14e42b7787a7ef6ca52560147f8b	76225	tmp/wch-riscv	derived/upstream toolchain build corpus; not WCH chip/library documentation
2	tmp/wch-riscv/build/phase7-attempt-1/gcc-source/libstdc++-v3/doc/xml/images/pbds_gp_hash_int_subscript_insert.pdf	71be2aba307548a71fccef466b046dff44e2f7f4b5352fb97fb2f686ecf9feb8	76238	tmp/wch-riscv	derived/upstream toolchain build corpus; not WCH chip/library documentation
2	tmp/wch-riscv/build/phase7-attempt-1/gcc-source/libstdc++-v3/doc/xml/images/pbds_hash_int_erase_mem.pdf	ad35f8085b11b100010315d2a06e8121c6efae7b3e756b083110ba163a637cfa	77175	tmp/wch-riscv	derived/upstream toolchain build corpus; not WCH chip/library documentation
2	tmp/wch-riscv/build/phase7-attempt-1/gcc-source/libstdc++-v3/doc/xml/images/pbds_hash_text_find.pdf	2ffdc67ead08e03ae975bc730452ef4647c9f90f275173037d09709791247ee0	83353	tmp/wch-riscv	derived/upstream toolchain build corpus; not WCH chip/library documentation
2	tmp/wch-riscv/build/phase7-attempt-1/gcc-source/libstdc++-v3/doc/xml/images/pbds_hash_zlob_int_find.pdf	7b2ec1c0a874722911b39f009b0ef2c13deaedbbb1600fc63d69e7e56e177f89	89031	tmp/wch-riscv	derived/upstream toolchain build corpus; not WCH chip/library documentation
2	tmp/wch-riscv/build/phase7-attempt-1/gcc-source/libstdc++-v3/doc/xml/images/pbds_invalidation_tag_hierarchy.pdf	8fbb836ca736d6a7eb60ed76f48d9dfaace4cf3ba01022a1d6567cb23e7241e0	6903	tmp/wch-riscv	derived/upstream toolchain build corpus; not WCH chip/library documentation
2	tmp/wch-riscv/build/phase7-attempt-1/gcc-source/libstdc++-v3/doc/xml/images/pbds_multimap_text_find_large_s2p_hash.pdf	4438b6edcd4a78866a586376ce60d5113b4deb978cfbd4a0e9ac1382bab6297a	67642	tmp/wch-riscv	derived/upstream toolchain build corpus; not WCH chip/library documentation
2	tmp/wch-riscv/build/phase7-attempt-1/gcc-source/libstdc++-v3/doc/xml/images/pbds_multimap_text_find_large_s2p_tree.pdf	822194b5b6f9360c46748f0cee150b6e4fb8b8a223e27268e6aeb53a4dabf5c3	70583	tmp/wch-riscv	derived/upstream toolchain build corpus; not WCH chip/library documentation
2	tmp/wch-riscv/build/phase7-attempt-1/gcc-source/libstdc++-v3/doc/xml/images/pbds_multimap_text_find_small_s2p_hash.pdf	ef3be06ae10bf60d41606e8b5e8dd31b7f329ffb899ec04299b395e3acffabea	67623	tmp/wch-riscv	derived/upstream toolchain build corpus; not WCH chip/library documentation
2	tmp/wch-riscv/build/phase7-attempt-1/gcc-source/libstdc++-v3/doc/xml/images/pbds_multimap_text_find_small_s2p_tree.pdf	405254864882bb64ae351ac57a5bf7e0898634e0ac83d5a4ee89a571aee180f6	70942	tmp/wch-riscv	derived/upstream toolchain build corpus; not WCH chip/library documentation
2	tmp/wch-riscv/build/phase7-attempt-1/gcc-source/libstdc++-v3/doc/xml/images/pbds_multimap_text_insert_large_s2p_hash.pdf	12b9a7adc4f168ea611493147465ccfe6fcb3fcb18da7d69c5a198fa9858d835	67457	tmp/wch-riscv	derived/upstream toolchain build corpus; not WCH chip/library documentation
2	tmp/wch-riscv/build/phase7-attempt-1/gcc-source/libstdc++-v3/doc/xml/images/pbds_multimap_text_insert_large_s2p_tree.pdf	4cb27bbc13561e87c97b1c5e018448c61b3d4f8f31f1e38856e5cdc9705acf70	70759	tmp/wch-riscv	derived/upstream toolchain build corpus; not WCH chip/library documentation
2	tmp/wch-riscv/build/phase7-attempt-1/gcc-source/libstdc++-v3/doc/xml/images/pbds_multimap_text_insert_mem_large_s2p_hash.pdf	098a9eeb30070bc4abf4f44a3198653f00cb6420e0745bd2696098f44e3e3d65	67786	tmp/wch-riscv	derived/upstream toolchain build corpus; not WCH chip/library documentation
2	tmp/wch-riscv/build/phase7-attempt-1/gcc-source/libstdc++-v3/doc/xml/images/pbds_multimap_text_insert_mem_large_s2p_tree.pdf	6032a0712f510f32261f5d1851d940668e07fc5fb356f719c71120c2df1711dd	70776	tmp/wch-riscv	derived/upstream toolchain build corpus; not WCH chip/library documentation
2	tmp/wch-riscv/build/phase7-attempt-1/gcc-source/libstdc++-v3/doc/xml/images/pbds_multimap_text_insert_mem_small_s2p_hash.pdf	5593cdc4c6b87f6ef1ffc2ffcb9ebe133815d50e8f4ea955815c4f04c8a89f85	67808	tmp/wch-riscv	derived/upstream toolchain build corpus; not WCH chip/library documentation
2	tmp/wch-riscv/build/phase7-attempt-1/gcc-source/libstdc++-v3/doc/xml/images/pbds_multimap_text_insert_mem_small_s2p_tree.pdf	98c7c1d4141d72e3ddd385f3e845c459bcf4966cfbd9f6a11ea987080613ba03	70972	tmp/wch-riscv	derived/upstream toolchain build corpus; not WCH chip/library documentation
2	tmp/wch-riscv/build/phase7-attempt-1/gcc-source/libstdc++-v3/doc/xml/images/pbds_multimap_text_insert_small_s2p_hash.pdf	9e0d493bf1f14525978bee98c7076a99bf318f65683f29b2bddfb798bfdb6754	67656	tmp/wch-riscv	derived/upstream toolchain build corpus; not WCH chip/library documentation
2	tmp/wch-riscv/build/phase7-attempt-1/gcc-source/libstdc++-v3/doc/xml/images/pbds_multimap_text_insert_small_s2p_tree.pdf	661cfb64b9d89f09c2d7778a37dd39b948f1f8e5b563b6c8528b43a49400dbee	70738	tmp/wch-riscv	derived/upstream toolchain build corpus; not WCH chip/library documentation
2	tmp/wch-riscv/build/phase7-attempt-1/gcc-source/libstdc++-v3/doc/xml/images/pbds_pairing_priority_queue_text_modify_down_thin.pdf	7187486746d8b2af44f0c7daa80caf11653a74b0686ba2ae503088a38e5733cf	68294	tmp/wch-riscv	derived/upstream toolchain build corpus; not WCH chip/library documentation
2	tmp/wch-riscv/build/phase7-attempt-1/gcc-source/libstdc++-v3/doc/xml/images/pbds_pairing_priority_queue_text_modify_up_thin.pdf	ad60e6dd66287bbe95ab5945b41e00d39689fd0b0f9f5378a1aff2e0e2f14e6e	68500	tmp/wch-riscv	derived/upstream toolchain build corpus; not WCH chip/library documentation
2	tmp/wch-riscv/build/phase7-attempt-1/gcc-source/libstdc++-v3/doc/xml/images/pbds_pairing_priority_queue_text_push.pdf	d70e2426af17f9f3f6eae2a8cbce6a5db5ab92b969a5ad13a920735f6e7196ce	82821	tmp/wch-riscv	derived/upstream toolchain build corpus; not WCH chip/library documentation
2	tmp/wch-riscv/build/phase7-attempt-1/gcc-source/libstdc++-v3/doc/xml/images/pbds_pairing_priority_queue_text_push_pop.pdf	84da208bed229a1c2125b5a211cb5438de379424710eef31aee8229bf4f150f6	75989	tmp/wch-riscv	derived/upstream toolchain build corpus; not WCH chip/library documentation
2	tmp/wch-riscv/build/phase7-attempt-1/gcc-source/libstdc++-v3/doc/xml/images/pbds_priority_queue_int_push.pdf	0aad13f919c1b5f91cf11afaad8f32c16fc764f78507eff8e49d0504c33de3ad	103791	tmp/wch-riscv	derived/upstream toolchain build corpus; not WCH chip/library documentation
2	tmp/wch-riscv/build/phase7-attempt-1/gcc-source/libstdc++-v3/doc/xml/images/pbds_priority_queue_int_push_pop.pdf	2768fe985b77534da45e11282907430752d7d1676b7be158357c438be35d23ed	103910	tmp/wch-riscv	derived/upstream toolchain build corpus; not WCH chip/library documentation
2	tmp/wch-riscv/build/phase7-attempt-1/gcc-source/libstdc++-v3/doc/xml/images/pbds_priority_queue_tag_hierarchy.pdf	98a180b0f321a6f141d7d70ee35823cfd548fb2d06dd20acb96d2c8e05ef4419	7842	tmp/wch-riscv	derived/upstream toolchain build corpus; not WCH chip/library documentation
2	tmp/wch-riscv/build/phase7-attempt-1/gcc-source/libstdc++-v3/doc/xml/images/pbds_priority_queue_text_join.pdf	d501de67098b24502e284132abb3954e3fdeddbac26616956faead18e8e0ba89	103511	tmp/wch-riscv	derived/upstream toolchain build corpus; not WCH chip/library documentation
2	tmp/wch-riscv/build/phase7-attempt-1/gcc-source/libstdc++-v3/doc/xml/images/pbds_priority_queue_text_modify_down.pdf	be3da838576756cd0d140188310efc50b6d13a4ea930651a076b99b017b3ac75	103701	tmp/wch-riscv	derived/upstream toolchain build corpus; not WCH chip/library documentation
2	tmp/wch-riscv/build/phase7-attempt-1/gcc-source/libstdc++-v3/doc/xml/images/pbds_priority_queue_text_modify_up.pdf	ae537ff0a19f71890dcdb0a430b95e581d9bbf185f5fab4de7a2cf014dfcfbd3	103554	tmp/wch-riscv	derived/upstream toolchain build corpus; not WCH chip/library documentation
2	tmp/wch-riscv/build/phase7-attempt-1/gcc-source/libstdc++-v3/doc/xml/images/pbds_priority_queue_text_pop_mem.pdf	dbd40a3a26ea0c77d85b0d4134f52900c0fc335702ba3ffd222125325a28e107	102962	tmp/wch-riscv	derived/upstream toolchain build corpus; not WCH chip/library documentation
2	tmp/wch-riscv/build/phase7-attempt-1/gcc-source/libstdc++-v3/doc/xml/images/pbds_priority_queue_text_push.pdf	fcdfcf63f9fb963765ed0b254f94eb706d49906b2669d8cdd8148084ff58cd91	103249	tmp/wch-riscv	derived/upstream toolchain build corpus; not WCH chip/library documentation
2	tmp/wch-riscv/build/phase7-attempt-1/gcc-source/libstdc++-v3/doc/xml/images/pbds_priority_queue_text_push_pop.pdf	d573b3e570118c3328ebe0eb1af11c6e6970bb8513dfeaf769f258a531fcd7c5	103894	tmp/wch-riscv	derived/upstream toolchain build corpus; not WCH chip/library documentation
2	tmp/wch-riscv/build/phase7-attempt-1/gcc-source/libstdc++-v3/doc/xml/images/pbds_tree_int_find.pdf	205b802a195de76c2d5093f9506380cc44cd7894d866973c18cc75868fda07ba	82717	tmp/wch-riscv	derived/upstream toolchain build corpus; not WCH chip/library documentation
2	tmp/wch-riscv/build/phase7-attempt-1/gcc-source/libstdc++-v3/doc/xml/images/pbds_tree_order_statistics.pdf	35973475b4f69dcfedfa33527c31eac3c026b1e3a92251a122ab61d82c101b75	81007	tmp/wch-riscv	derived/upstream toolchain build corpus; not WCH chip/library documentation
2	tmp/wch-riscv/build/phase7-attempt-1/gcc-source/libstdc++-v3/doc/xml/images/pbds_tree_split_join.pdf	6634da3144fb68efe5b45fb38ed20ef1638b77e381e046de8d3dc4757acd62b0	82727	tmp/wch-riscv	derived/upstream toolchain build corpus; not WCH chip/library documentation
2	tmp/wch-riscv/build/phase7-attempt-1/gcc-source/libstdc++-v3/doc/xml/images/pbds_tree_text_find.pdf	9a599ec5d821055e5ed78ca08f7e32bdde2a2005f1c68fe0ef61cffde3b6d4ad	84206	tmp/wch-riscv	derived/upstream toolchain build corpus; not WCH chip/library documentation
2	tmp/wch-riscv/build/phase7-attempt-1/gcc-source/libstdc++-v3/doc/xml/images/pbds_tree_text_insert_node.pdf	dd0b0b1093d489fe2a899fa146eeae785945dd920c491a823a3ccd740533a308	80772	tmp/wch-riscv	derived/upstream toolchain build corpus; not WCH chip/library documentation
2	tmp/wch-riscv/build/phase7-attempt-1/gcc-source/libstdc++-v3/doc/xml/images/pbds_tree_text_insert_trie.pdf	073a10c15b1db320d871d8069ec7995aee28a2881c2296670fb2dbe2862370d9	68209	tmp/wch-riscv	derived/upstream toolchain build corpus; not WCH chip/library documentation
2	tmp/wch-riscv/build/phase7-attempt-1/gcc-source/libstdc++-v3/doc/xml/images/pbds_tree_text_insert_vector.pdf	e3d4d1c64abeea9749a512bcdc7d0ed834688295068c20d74a3beb929ff25c1c	68484	tmp/wch-riscv	derived/upstream toolchain build corpus; not WCH chip/library documentation
2	tmp/wch-riscv/build/phase7-attempt-1/gcc-source/libstdc++-v3/doc/xml/images/pbds_tree_text_lor_find.pdf	49b9603a85eac24378f067c05c18b15df85dfdc693b133ddc671174d5dcb99b9	82720	tmp/wch-riscv	derived/upstream toolchain build corpus; not WCH chip/library documentation
2	tmp/wch-riscv/build/phase7-attempt-2/source/binutils/zlib/doc/crc-doc.1.0.pdf	064f9252d6e2e15ea56c2bd18e160e5c9c84bcd137c11a7af497aaa511ace998	776142	tmp/wch-riscv	derived/upstream toolchain build corpus; not WCH chip/library documentation
2	tmp/wch-riscv/build/phase7-attempt-2/source/binutils/zlib/zlib.3.pdf	c131fc86c31aeceb1e0217e8fd5288f573395cdfa5f6c34455e854330d306b84	8848	tmp/wch-riscv	derived/upstream toolchain build corpus; not WCH chip/library documentation
2	tmp/wch-riscv/build/phase7-attempt-2/source/gcc/libstdc++-v3/doc/xml/images/confdeps.pdf	6897b8c088133947bd29d84982981bfb738813c5d7c8499593acb929a3ebe479	50629	tmp/wch-riscv	derived/upstream toolchain build corpus; not WCH chip/library documentation
2	tmp/wch-riscv/build/phase7-attempt-2/source/gcc/libstdc++-v3/doc/xml/images/pbds_binary_priority_queue_int_push.pdf	ee6294f648c3b74e54c77cd4793be05cae3c8d97b861d24d3f4d2b595cd9ed67	81428	tmp/wch-riscv	derived/upstream toolchain build corpus; not WCH chip/library documentation
2	tmp/wch-riscv/build/phase7-attempt-2/source/gcc/libstdc++-v3/doc/xml/images/pbds_binary_priority_queue_int_push_pop.pdf	3d37c44d53a960204b468e4e5490e78775f87ac445425602a362bdbef30c814f	81328	tmp/wch-riscv	derived/upstream toolchain build corpus; not WCH chip/library documentation
2	tmp/wch-riscv/build/phase7-attempt-2/source/gcc/libstdc++-v3/doc/xml/images/pbds_cc_hash_int_find.pdf	35d9a7cbe799521b412bc8167a6c09ec03b32b967b5f4bd6a71c77963f5eef5e	90172	tmp/wch-riscv	derived/upstream toolchain build corpus; not WCH chip/library documentation
2	tmp/wch-riscv/build/phase7-attempt-2/source/gcc/libstdc++-v3/doc/xml/images/pbds_cc_hash_int_subscript_find.pdf	302f20a083b005d0c84d37152fde14e0324f80263fa12cbf52bcb11bec809af2	90040	tmp/wch-riscv	derived/upstream toolchain build corpus; not WCH chip/library documentation
2	tmp/wch-riscv/build/phase7-attempt-2/source/gcc/libstdc++-v3/doc/xml/images/pbds_cc_hash_int_subscript_insert.pdf	abddb22c074ae34f19cb6b09071f1ce0acd70f1983e106e6e1b0415465d55a96	90196	tmp/wch-riscv	derived/upstream toolchain build corpus; not WCH chip/library documentation
2	tmp/wch-riscv/build/phase7-attempt-2/source/gcc/libstdc++-v3/doc/xml/images/pbds_ccgp_hash_int_subscript_insert.pdf	0290dff94cfec4b2e0d5664133f1ea39d9574578a8cfc92a9759fdeb7d261039	77608	tmp/wch-riscv	derived/upstream toolchain build corpus; not WCH chip/library documentation
2	tmp/wch-riscv/build/phase7-attempt-2/source/gcc/libstdc++-v3/doc/xml/images/pbds_container_tag_hierarchy.pdf	f6bf580067c19e71c968e30c668e5c5d1f242ac78343e7e43db363647e067297	9605	tmp/wch-riscv	derived/upstream toolchain build corpus; not WCH chip/library documentation
2	tmp/wch-riscv/build/phase7-attempt-2/source/gcc/libstdc++-v3/doc/xml/images/pbds_exception_hierarchy.pdf	84174874b89383b400bd5598ebcc9be5491a9d25ec453a03f5c6d9db9086d1ed	7520	tmp/wch-riscv	derived/upstream toolchain build corpus; not WCH chip/library documentation
2	tmp/wch-riscv/build/phase7-attempt-2/source/gcc/libstdc++-v3/doc/xml/images/pbds_gp_hash_int_find.pdf	0f146067d487b0ee4d2576ec40c1e92062ec11aee96ad87e09cc14aecfb94507	76134	tmp/wch-riscv	derived/upstream toolchain build corpus; not WCH chip/library documentation
2	tmp/wch-riscv/build/phase7-attempt-2/source/gcc/libstdc++-v3/doc/xml/images/pbds_gp_hash_int_subscript_find.pdf	a8907196ddb7f58e94b637ac6476cbf4fd1c14e42b7787a7ef6ca52560147f8b	76225	tmp/wch-riscv	derived/upstream toolchain build corpus; not WCH chip/library documentation
2	tmp/wch-riscv/build/phase7-attempt-2/source/gcc/libstdc++-v3/doc/xml/images/pbds_gp_hash_int_subscript_insert.pdf	71be2aba307548a71fccef466b046dff44e2f7f4b5352fb97fb2f686ecf9feb8	76238	tmp/wch-riscv	derived/upstream toolchain build corpus; not WCH chip/library documentation
2	tmp/wch-riscv/build/phase7-attempt-2/source/gcc/libstdc++-v3/doc/xml/images/pbds_hash_int_erase_mem.pdf	ad35f8085b11b100010315d2a06e8121c6efae7b3e756b083110ba163a637cfa	77175	tmp/wch-riscv	derived/upstream toolchain build corpus; not WCH chip/library documentation
2	tmp/wch-riscv/build/phase7-attempt-2/source/gcc/libstdc++-v3/doc/xml/images/pbds_hash_text_find.pdf	2ffdc67ead08e03ae975bc730452ef4647c9f90f275173037d09709791247ee0	83353	tmp/wch-riscv	derived/upstream toolchain build corpus; not WCH chip/library documentation
2	tmp/wch-riscv/build/phase7-attempt-2/source/gcc/libstdc++-v3/doc/xml/images/pbds_hash_zlob_int_find.pdf	7b2ec1c0a874722911b39f009b0ef2c13deaedbbb1600fc63d69e7e56e177f89	89031	tmp/wch-riscv	derived/upstream toolchain build corpus; not WCH chip/library documentation
2	tmp/wch-riscv/build/phase7-attempt-2/source/gcc/libstdc++-v3/doc/xml/images/pbds_invalidation_tag_hierarchy.pdf	8fbb836ca736d6a7eb60ed76f48d9dfaace4cf3ba01022a1d6567cb23e7241e0	6903	tmp/wch-riscv	derived/upstream toolchain build corpus; not WCH chip/library documentation
2	tmp/wch-riscv/build/phase7-attempt-2/source/gcc/libstdc++-v3/doc/xml/images/pbds_multimap_text_find_large_s2p_hash.pdf	4438b6edcd4a78866a586376ce60d5113b4deb978cfbd4a0e9ac1382bab6297a	67642	tmp/wch-riscv	derived/upstream toolchain build corpus; not WCH chip/library documentation
2	tmp/wch-riscv/build/phase7-attempt-2/source/gcc/libstdc++-v3/doc/xml/images/pbds_multimap_text_find_large_s2p_tree.pdf	822194b5b6f9360c46748f0cee150b6e4fb8b8a223e27268e6aeb53a4dabf5c3	70583	tmp/wch-riscv	derived/upstream toolchain build corpus; not WCH chip/library documentation
2	tmp/wch-riscv/build/phase7-attempt-2/source/gcc/libstdc++-v3/doc/xml/images/pbds_multimap_text_find_small_s2p_hash.pdf	ef3be06ae10bf60d41606e8b5e8dd31b7f329ffb899ec04299b395e3acffabea	67623	tmp/wch-riscv	derived/upstream toolchain build corpus; not WCH chip/library documentation
2	tmp/wch-riscv/build/phase7-attempt-2/source/gcc/libstdc++-v3/doc/xml/images/pbds_multimap_text_find_small_s2p_tree.pdf	405254864882bb64ae351ac57a5bf7e0898634e0ac83d5a4ee89a571aee180f6	70942	tmp/wch-riscv	derived/upstream toolchain build corpus; not WCH chip/library documentation
2	tmp/wch-riscv/build/phase7-attempt-2/source/gcc/libstdc++-v3/doc/xml/images/pbds_multimap_text_insert_large_s2p_hash.pdf	12b9a7adc4f168ea611493147465ccfe6fcb3fcb18da7d69c5a198fa9858d835	67457	tmp/wch-riscv	derived/upstream toolchain build corpus; not WCH chip/library documentation
2	tmp/wch-riscv/build/phase7-attempt-2/source/gcc/libstdc++-v3/doc/xml/images/pbds_multimap_text_insert_large_s2p_tree.pdf	4cb27bbc13561e87c97b1c5e018448c61b3d4f8f31f1e38856e5cdc9705acf70	70759	tmp/wch-riscv	derived/upstream toolchain build corpus; not WCH chip/library documentation
2	tmp/wch-riscv/build/phase7-attempt-2/source/gcc/libstdc++-v3/doc/xml/images/pbds_multimap_text_insert_mem_large_s2p_hash.pdf	098a9eeb30070bc4abf4f44a3198653f00cb6420e0745bd2696098f44e3e3d65	67786	tmp/wch-riscv	derived/upstream toolchain build corpus; not WCH chip/library documentation
2	tmp/wch-riscv/build/phase7-attempt-2/source/gcc/libstdc++-v3/doc/xml/images/pbds_multimap_text_insert_mem_large_s2p_tree.pdf	6032a0712f510f32261f5d1851d940668e07fc5fb356f719c71120c2df1711dd	70776	tmp/wch-riscv	derived/upstream toolchain build corpus; not WCH chip/library documentation
2	tmp/wch-riscv/build/phase7-attempt-2/source/gcc/libstdc++-v3/doc/xml/images/pbds_multimap_text_insert_mem_small_s2p_hash.pdf	5593cdc4c6b87f6ef1ffc2ffcb9ebe133815d50e8f4ea955815c4f04c8a89f85	67808	tmp/wch-riscv	derived/upstream toolchain build corpus; not WCH chip/library documentation
2	tmp/wch-riscv/build/phase7-attempt-2/source/gcc/libstdc++-v3/doc/xml/images/pbds_multimap_text_insert_mem_small_s2p_tree.pdf	98c7c1d4141d72e3ddd385f3e845c459bcf4966cfbd9f6a11ea987080613ba03	70972	tmp/wch-riscv	derived/upstream toolchain build corpus; not WCH chip/library documentation
2	tmp/wch-riscv/build/phase7-attempt-2/source/gcc/libstdc++-v3/doc/xml/images/pbds_multimap_text_insert_small_s2p_hash.pdf	9e0d493bf1f14525978bee98c7076a99bf318f65683f29b2bddfb798bfdb6754	67656	tmp/wch-riscv	derived/upstream toolchain build corpus; not WCH chip/library documentation
2	tmp/wch-riscv/build/phase7-attempt-2/source/gcc/libstdc++-v3/doc/xml/images/pbds_multimap_text_insert_small_s2p_tree.pdf	661cfb64b9d89f09c2d7778a37dd39b948f1f8e5b563b6c8528b43a49400dbee	70738	tmp/wch-riscv	derived/upstream toolchain build corpus; not WCH chip/library documentation
2	tmp/wch-riscv/build/phase7-attempt-2/source/gcc/libstdc++-v3/doc/xml/images/pbds_pairing_priority_queue_text_modify_down_thin.pdf	7187486746d8b2af44f0c7daa80caf11653a74b0686ba2ae503088a38e5733cf	68294	tmp/wch-riscv	derived/upstream toolchain build corpus; not WCH chip/library documentation
2	tmp/wch-riscv/build/phase7-attempt-2/source/gcc/libstdc++-v3/doc/xml/images/pbds_pairing_priority_queue_text_modify_up_thin.pdf	ad60e6dd66287bbe95ab5945b41e00d39689fd0b0f9f5378a1aff2e0e2f14e6e	68500	tmp/wch-riscv	derived/upstream toolchain build corpus; not WCH chip/library documentation
2	tmp/wch-riscv/build/phase7-attempt-2/source/gcc/libstdc++-v3/doc/xml/images/pbds_pairing_priority_queue_text_push.pdf	d70e2426af17f9f3f6eae2a8cbce6a5db5ab92b969a5ad13a920735f6e7196ce	82821	tmp/wch-riscv	derived/upstream toolchain build corpus; not WCH chip/library documentation
2	tmp/wch-riscv/build/phase7-attempt-2/source/gcc/libstdc++-v3/doc/xml/images/pbds_pairing_priority_queue_text_push_pop.pdf	84da208bed229a1c2125b5a211cb5438de379424710eef31aee8229bf4f150f6	75989	tmp/wch-riscv	derived/upstream toolchain build corpus; not WCH chip/library documentation
2	tmp/wch-riscv/build/phase7-attempt-2/source/gcc/libstdc++-v3/doc/xml/images/pbds_priority_queue_int_push.pdf	0aad13f919c1b5f91cf11afaad8f32c16fc764f78507eff8e49d0504c33de3ad	103791	tmp/wch-riscv	derived/upstream toolchain build corpus; not WCH chip/library documentation
2	tmp/wch-riscv/build/phase7-attempt-2/source/gcc/libstdc++-v3/doc/xml/images/pbds_priority_queue_int_push_pop.pdf	2768fe985b77534da45e11282907430752d7d1676b7be158357c438be35d23ed	103910	tmp/wch-riscv	derived/upstream toolchain build corpus; not WCH chip/library documentation
2	tmp/wch-riscv/build/phase7-attempt-2/source/gcc/libstdc++-v3/doc/xml/images/pbds_priority_queue_tag_hierarchy.pdf	98a180b0f321a6f141d7d70ee35823cfd548fb2d06dd20acb96d2c8e05ef4419	7842	tmp/wch-riscv	derived/upstream toolchain build corpus; not WCH chip/library documentation
2	tmp/wch-riscv/build/phase7-attempt-2/source/gcc/libstdc++-v3/doc/xml/images/pbds_priority_queue_text_join.pdf	d501de67098b24502e284132abb3954e3fdeddbac26616956faead18e8e0ba89	103511	tmp/wch-riscv	derived/upstream toolchain build corpus; not WCH chip/library documentation
2	tmp/wch-riscv/build/phase7-attempt-2/source/gcc/libstdc++-v3/doc/xml/images/pbds_priority_queue_text_modify_down.pdf	be3da838576756cd0d140188310efc50b6d13a4ea930651a076b99b017b3ac75	103701	tmp/wch-riscv	derived/upstream toolchain build corpus; not WCH chip/library documentation
2	tmp/wch-riscv/build/phase7-attempt-2/source/gcc/libstdc++-v3/doc/xml/images/pbds_priority_queue_text_modify_up.pdf	ae537ff0a19f71890dcdb0a430b95e581d9bbf185f5fab4de7a2cf014dfcfbd3	103554	tmp/wch-riscv	derived/upstream toolchain build corpus; not WCH chip/library documentation
2	tmp/wch-riscv/build/phase7-attempt-2/source/gcc/libstdc++-v3/doc/xml/images/pbds_priority_queue_text_pop_mem.pdf	dbd40a3a26ea0c77d85b0d4134f52900c0fc335702ba3ffd222125325a28e107	102962	tmp/wch-riscv	derived/upstream toolchain build corpus; not WCH chip/library documentation
2	tmp/wch-riscv/build/phase7-attempt-2/source/gcc/libstdc++-v3/doc/xml/images/pbds_priority_queue_text_push.pdf	fcdfcf63f9fb963765ed0b254f94eb706d49906b2669d8cdd8148084ff58cd91	103249	tmp/wch-riscv	derived/upstream toolchain build corpus; not WCH chip/library documentation
2	tmp/wch-riscv/build/phase7-attempt-2/source/gcc/libstdc++-v3/doc/xml/images/pbds_priority_queue_text_push_pop.pdf	d573b3e570118c3328ebe0eb1af11c6e6970bb8513dfeaf769f258a531fcd7c5	103894	tmp/wch-riscv	derived/upstream toolchain build corpus; not WCH chip/library documentation
2	tmp/wch-riscv/build/phase7-attempt-2/source/gcc/libstdc++-v3/doc/xml/images/pbds_tree_int_find.pdf	205b802a195de76c2d5093f9506380cc44cd7894d866973c18cc75868fda07ba	82717	tmp/wch-riscv	derived/upstream toolchain build corpus; not WCH chip/library documentation
2	tmp/wch-riscv/build/phase7-attempt-2/source/gcc/libstdc++-v3/doc/xml/images/pbds_tree_order_statistics.pdf	35973475b4f69dcfedfa33527c31eac3c026b1e3a92251a122ab61d82c101b75	81007	tmp/wch-riscv	derived/upstream toolchain build corpus; not WCH chip/library documentation
2	tmp/wch-riscv/build/phase7-attempt-2/source/gcc/libstdc++-v3/doc/xml/images/pbds_tree_split_join.pdf	6634da3144fb68efe5b45fb38ed20ef1638b77e381e046de8d3dc4757acd62b0	82727	tmp/wch-riscv	derived/upstream toolchain build corpus; not WCH chip/library documentation
2	tmp/wch-riscv/build/phase7-attempt-2/source/gcc/libstdc++-v3/doc/xml/images/pbds_tree_text_find.pdf	9a599ec5d821055e5ed78ca08f7e32bdde2a2005f1c68fe0ef61cffde3b6d4ad	84206	tmp/wch-riscv	derived/upstream toolchain build corpus; not WCH chip/library documentation
2	tmp/wch-riscv/build/phase7-attempt-2/source/gcc/libstdc++-v3/doc/xml/images/pbds_tree_text_insert_node.pdf	dd0b0b1093d489fe2a899fa146eeae785945dd920c491a823a3ccd740533a308	80772	tmp/wch-riscv	derived/upstream toolchain build corpus; not WCH chip/library documentation
2	tmp/wch-riscv/build/phase7-attempt-2/source/gcc/libstdc++-v3/doc/xml/images/pbds_tree_text_insert_trie.pdf	073a10c15b1db320d871d8069ec7995aee28a2881c2296670fb2dbe2862370d9	68209	tmp/wch-riscv	derived/upstream toolchain build corpus; not WCH chip/library documentation
2	tmp/wch-riscv/build/phase7-attempt-2/source/gcc/libstdc++-v3/doc/xml/images/pbds_tree_text_insert_vector.pdf	e3d4d1c64abeea9749a512bcdc7d0ed834688295068c20d74a3beb929ff25c1c	68484	tmp/wch-riscv	derived/upstream toolchain build corpus; not WCH chip/library documentation
2	tmp/wch-riscv/build/phase7-attempt-2/source/gcc/libstdc++-v3/doc/xml/images/pbds_tree_text_lor_find.pdf	49b9603a85eac24378f067c05c18b15df85dfdc693b133ddc671174d5dcb99b9	82720	tmp/wch-riscv	derived/upstream toolchain build corpus; not WCH chip/library documentation
2	tmp/wch-riscv/build/phase7-attempt-3/source/binutils/zlib/doc/crc-doc.1.0.pdf	064f9252d6e2e15ea56c2bd18e160e5c9c84bcd137c11a7af497aaa511ace998	776142	tmp/wch-riscv	derived/upstream toolchain build corpus; not WCH chip/library documentation
2	tmp/wch-riscv/build/phase7-attempt-3/source/binutils/zlib/zlib.3.pdf	c131fc86c31aeceb1e0217e8fd5288f573395cdfa5f6c34455e854330d306b84	8848	tmp/wch-riscv	derived/upstream toolchain build corpus; not WCH chip/library documentation
2	tmp/wch-riscv/build/phase7-attempt-3/source/gcc/libstdc++-v3/doc/xml/images/confdeps.pdf	6897b8c088133947bd29d84982981bfb738813c5d7c8499593acb929a3ebe479	50629	tmp/wch-riscv	derived/upstream toolchain build corpus; not WCH chip/library documentation
2	tmp/wch-riscv/build/phase7-attempt-3/source/gcc/libstdc++-v3/doc/xml/images/pbds_binary_priority_queue_int_push.pdf	ee6294f648c3b74e54c77cd4793be05cae3c8d97b861d24d3f4d2b595cd9ed67	81428	tmp/wch-riscv	derived/upstream toolchain build corpus; not WCH chip/library documentation
2	tmp/wch-riscv/build/phase7-attempt-3/source/gcc/libstdc++-v3/doc/xml/images/pbds_binary_priority_queue_int_push_pop.pdf	3d37c44d53a960204b468e4e5490e78775f87ac445425602a362bdbef30c814f	81328	tmp/wch-riscv	derived/upstream toolchain build corpus; not WCH chip/library documentation
2	tmp/wch-riscv/build/phase7-attempt-3/source/gcc/libstdc++-v3/doc/xml/images/pbds_cc_hash_int_find.pdf	35d9a7cbe799521b412bc8167a6c09ec03b32b967b5f4bd6a71c77963f5eef5e	90172	tmp/wch-riscv	derived/upstream toolchain build corpus; not WCH chip/library documentation
2	tmp/wch-riscv/build/phase7-attempt-3/source/gcc/libstdc++-v3/doc/xml/images/pbds_cc_hash_int_subscript_find.pdf	302f20a083b005d0c84d37152fde14e0324f80263fa12cbf52bcb11bec809af2	90040	tmp/wch-riscv	derived/upstream toolchain build corpus; not WCH chip/library documentation
2	tmp/wch-riscv/build/phase7-attempt-3/source/gcc/libstdc++-v3/doc/xml/images/pbds_cc_hash_int_subscript_insert.pdf	abddb22c074ae34f19cb6b09071f1ce0acd70f1983e106e6e1b0415465d55a96	90196	tmp/wch-riscv	derived/upstream toolchain build corpus; not WCH chip/library documentation
2	tmp/wch-riscv/build/phase7-attempt-3/source/gcc/libstdc++-v3/doc/xml/images/pbds_ccgp_hash_int_subscript_insert.pdf	0290dff94cfec4b2e0d5664133f1ea39d9574578a8cfc92a9759fdeb7d261039	77608	tmp/wch-riscv	derived/upstream toolchain build corpus; not WCH chip/library documentation
2	tmp/wch-riscv/build/phase7-attempt-3/source/gcc/libstdc++-v3/doc/xml/images/pbds_container_tag_hierarchy.pdf	f6bf580067c19e71c968e30c668e5c5d1f242ac78343e7e43db363647e067297	9605	tmp/wch-riscv	derived/upstream toolchain build corpus; not WCH chip/library documentation
2	tmp/wch-riscv/build/phase7-attempt-3/source/gcc/libstdc++-v3/doc/xml/images/pbds_exception_hierarchy.pdf	84174874b89383b400bd5598ebcc9be5491a9d25ec453a03f5c6d9db9086d1ed	7520	tmp/wch-riscv	derived/upstream toolchain build corpus; not WCH chip/library documentation
2	tmp/wch-riscv/build/phase7-attempt-3/source/gcc/libstdc++-v3/doc/xml/images/pbds_gp_hash_int_find.pdf	0f146067d487b0ee4d2576ec40c1e92062ec11aee96ad87e09cc14aecfb94507	76134	tmp/wch-riscv	derived/upstream toolchain build corpus; not WCH chip/library documentation
2	tmp/wch-riscv/build/phase7-attempt-3/source/gcc/libstdc++-v3/doc/xml/images/pbds_gp_hash_int_subscript_find.pdf	a8907196ddb7f58e94b637ac6476cbf4fd1c14e42b7787a7ef6ca52560147f8b	76225	tmp/wch-riscv	derived/upstream toolchain build corpus; not WCH chip/library documentation
2	tmp/wch-riscv/build/phase7-attempt-3/source/gcc/libstdc++-v3/doc/xml/images/pbds_gp_hash_int_subscript_insert.pdf	71be2aba307548a71fccef466b046dff44e2f7f4b5352fb97fb2f686ecf9feb8	76238	tmp/wch-riscv	derived/upstream toolchain build corpus; not WCH chip/library documentation
2	tmp/wch-riscv/build/phase7-attempt-3/source/gcc/libstdc++-v3/doc/xml/images/pbds_hash_int_erase_mem.pdf	ad35f8085b11b100010315d2a06e8121c6efae7b3e756b083110ba163a637cfa	77175	tmp/wch-riscv	derived/upstream toolchain build corpus; not WCH chip/library documentation
2	tmp/wch-riscv/build/phase7-attempt-3/source/gcc/libstdc++-v3/doc/xml/images/pbds_hash_text_find.pdf	2ffdc67ead08e03ae975bc730452ef4647c9f90f275173037d09709791247ee0	83353	tmp/wch-riscv	derived/upstream toolchain build corpus; not WCH chip/library documentation
2	tmp/wch-riscv/build/phase7-attempt-3/source/gcc/libstdc++-v3/doc/xml/images/pbds_hash_zlob_int_find.pdf	7b2ec1c0a874722911b39f009b0ef2c13deaedbbb1600fc63d69e7e56e177f89	89031	tmp/wch-riscv	derived/upstream toolchain build corpus; not WCH chip/library documentation
2	tmp/wch-riscv/build/phase7-attempt-3/source/gcc/libstdc++-v3/doc/xml/images/pbds_invalidation_tag_hierarchy.pdf	8fbb836ca736d6a7eb60ed76f48d9dfaace4cf3ba01022a1d6567cb23e7241e0	6903	tmp/wch-riscv	derived/upstream toolchain build corpus; not WCH chip/library documentation
2	tmp/wch-riscv/build/phase7-attempt-3/source/gcc/libstdc++-v3/doc/xml/images/pbds_multimap_text_find_large_s2p_hash.pdf	4438b6edcd4a78866a586376ce60d5113b4deb978cfbd4a0e9ac1382bab6297a	67642	tmp/wch-riscv	derived/upstream toolchain build corpus; not WCH chip/library documentation
2	tmp/wch-riscv/build/phase7-attempt-3/source/gcc/libstdc++-v3/doc/xml/images/pbds_multimap_text_find_large_s2p_tree.pdf	822194b5b6f9360c46748f0cee150b6e4fb8b8a223e27268e6aeb53a4dabf5c3	70583	tmp/wch-riscv	derived/upstream toolchain build corpus; not WCH chip/library documentation
2	tmp/wch-riscv/build/phase7-attempt-3/source/gcc/libstdc++-v3/doc/xml/images/pbds_multimap_text_find_small_s2p_hash.pdf	ef3be06ae10bf60d41606e8b5e8dd31b7f329ffb899ec04299b395e3acffabea	67623	tmp/wch-riscv	derived/upstream toolchain build corpus; not WCH chip/library documentation
2	tmp/wch-riscv/build/phase7-attempt-3/source/gcc/libstdc++-v3/doc/xml/images/pbds_multimap_text_find_small_s2p_tree.pdf	405254864882bb64ae351ac57a5bf7e0898634e0ac83d5a4ee89a571aee180f6	70942	tmp/wch-riscv	derived/upstream toolchain build corpus; not WCH chip/library documentation
2	tmp/wch-riscv/build/phase7-attempt-3/source/gcc/libstdc++-v3/doc/xml/images/pbds_multimap_text_insert_large_s2p_hash.pdf	12b9a7adc4f168ea611493147465ccfe6fcb3fcb18da7d69c5a198fa9858d835	67457	tmp/wch-riscv	derived/upstream toolchain build corpus; not WCH chip/library documentation
2	tmp/wch-riscv/build/phase7-attempt-3/source/gcc/libstdc++-v3/doc/xml/images/pbds_multimap_text_insert_large_s2p_tree.pdf	4cb27bbc13561e87c97b1c5e018448c61b3d4f8f31f1e38856e5cdc9705acf70	70759	tmp/wch-riscv	derived/upstream toolchain build corpus; not WCH chip/library documentation
2	tmp/wch-riscv/build/phase7-attempt-3/source/gcc/libstdc++-v3/doc/xml/images/pbds_multimap_text_insert_mem_large_s2p_hash.pdf	098a9eeb30070bc4abf4f44a3198653f00cb6420e0745bd2696098f44e3e3d65	67786	tmp/wch-riscv	derived/upstream toolchain build corpus; not WCH chip/library documentation
2	tmp/wch-riscv/build/phase7-attempt-3/source/gcc/libstdc++-v3/doc/xml/images/pbds_multimap_text_insert_mem_large_s2p_tree.pdf	6032a0712f510f32261f5d1851d940668e07fc5fb356f719c71120c2df1711dd	70776	tmp/wch-riscv	derived/upstream toolchain build corpus; not WCH chip/library documentation
2	tmp/wch-riscv/build/phase7-attempt-3/source/gcc/libstdc++-v3/doc/xml/images/pbds_multimap_text_insert_mem_small_s2p_hash.pdf	5593cdc4c6b87f6ef1ffc2ffcb9ebe133815d50e8f4ea955815c4f04c8a89f85	67808	tmp/wch-riscv	derived/upstream toolchain build corpus; not WCH chip/library documentation
2	tmp/wch-riscv/build/phase7-attempt-3/source/gcc/libstdc++-v3/doc/xml/images/pbds_multimap_text_insert_mem_small_s2p_tree.pdf	98c7c1d4141d72e3ddd385f3e845c459bcf4966cfbd9f6a11ea987080613ba03	70972	tmp/wch-riscv	derived/upstream toolchain build corpus; not WCH chip/library documentation
2	tmp/wch-riscv/build/phase7-attempt-3/source/gcc/libstdc++-v3/doc/xml/images/pbds_multimap_text_insert_small_s2p_hash.pdf	9e0d493bf1f14525978bee98c7076a99bf318f65683f29b2bddfb798bfdb6754	67656	tmp/wch-riscv	derived/upstream toolchain build corpus; not WCH chip/library documentation
2	tmp/wch-riscv/build/phase7-attempt-3/source/gcc/libstdc++-v3/doc/xml/images/pbds_multimap_text_insert_small_s2p_tree.pdf	661cfb64b9d89f09c2d7778a37dd39b948f1f8e5b563b6c8528b43a49400dbee	70738	tmp/wch-riscv	derived/upstream toolchain build corpus; not WCH chip/library documentation
2	tmp/wch-riscv/build/phase7-attempt-3/source/gcc/libstdc++-v3/doc/xml/images/pbds_pairing_priority_queue_text_modify_down_thin.pdf	7187486746d8b2af44f0c7daa80caf11653a74b0686ba2ae503088a38e5733cf	68294	tmp/wch-riscv	derived/upstream toolchain build corpus; not WCH chip/library documentation
2	tmp/wch-riscv/build/phase7-attempt-3/source/gcc/libstdc++-v3/doc/xml/images/pbds_pairing_priority_queue_text_modify_up_thin.pdf	ad60e6dd66287bbe95ab5945b41e00d39689fd0b0f9f5378a1aff2e0e2f14e6e	68500	tmp/wch-riscv	derived/upstream toolchain build corpus; not WCH chip/library documentation
2	tmp/wch-riscv/build/phase7-attempt-3/source/gcc/libstdc++-v3/doc/xml/images/pbds_pairing_priority_queue_text_push.pdf	d70e2426af17f9f3f6eae2a8cbce6a5db5ab92b969a5ad13a920735f6e7196ce	82821	tmp/wch-riscv	derived/upstream toolchain build corpus; not WCH chip/library documentation
2	tmp/wch-riscv/build/phase7-attempt-3/source/gcc/libstdc++-v3/doc/xml/images/pbds_pairing_priority_queue_text_push_pop.pdf	84da208bed229a1c2125b5a211cb5438de379424710eef31aee8229bf4f150f6	75989	tmp/wch-riscv	derived/upstream toolchain build corpus; not WCH chip/library documentation
2	tmp/wch-riscv/build/phase7-attempt-3/source/gcc/libstdc++-v3/doc/xml/images/pbds_priority_queue_int_push.pdf	0aad13f919c1b5f91cf11afaad8f32c16fc764f78507eff8e49d0504c33de3ad	103791	tmp/wch-riscv	derived/upstream toolchain build corpus; not WCH chip/library documentation
2	tmp/wch-riscv/build/phase7-attempt-3/source/gcc/libstdc++-v3/doc/xml/images/pbds_priority_queue_int_push_pop.pdf	2768fe985b77534da45e11282907430752d7d1676b7be158357c438be35d23ed	103910	tmp/wch-riscv	derived/upstream toolchain build corpus; not WCH chip/library documentation
2	tmp/wch-riscv/build/phase7-attempt-3/source/gcc/libstdc++-v3/doc/xml/images/pbds_priority_queue_tag_hierarchy.pdf	98a180b0f321a6f141d7d70ee35823cfd548fb2d06dd20acb96d2c8e05ef4419	7842	tmp/wch-riscv	derived/upstream toolchain build corpus; not WCH chip/library documentation
2	tmp/wch-riscv/build/phase7-attempt-3/source/gcc/libstdc++-v3/doc/xml/images/pbds_priority_queue_text_join.pdf	d501de67098b24502e284132abb3954e3fdeddbac26616956faead18e8e0ba89	103511	tmp/wch-riscv	derived/upstream toolchain build corpus; not WCH chip/library documentation
2	tmp/wch-riscv/build/phase7-attempt-3/source/gcc/libstdc++-v3/doc/xml/images/pbds_priority_queue_text_modify_down.pdf	be3da838576756cd0d140188310efc50b6d13a4ea930651a076b99b017b3ac75	103701	tmp/wch-riscv	derived/upstream toolchain build corpus; not WCH chip/library documentation
2	tmp/wch-riscv/build/phase7-attempt-3/source/gcc/libstdc++-v3/doc/xml/images/pbds_priority_queue_text_modify_up.pdf	ae537ff0a19f71890dcdb0a430b95e581d9bbf185f5fab4de7a2cf014dfcfbd3	103554	tmp/wch-riscv	derived/upstream toolchain build corpus; not WCH chip/library documentation
2	tmp/wch-riscv/build/phase7-attempt-3/source/gcc/libstdc++-v3/doc/xml/images/pbds_priority_queue_text_pop_mem.pdf	dbd40a3a26ea0c77d85b0d4134f52900c0fc335702ba3ffd222125325a28e107	102962	tmp/wch-riscv	derived/upstream toolchain build corpus; not WCH chip/library documentation
2	tmp/wch-riscv/build/phase7-attempt-3/source/gcc/libstdc++-v3/doc/xml/images/pbds_priority_queue_text_push.pdf	fcdfcf63f9fb963765ed0b254f94eb706d49906b2669d8cdd8148084ff58cd91	103249	tmp/wch-riscv	derived/upstream toolchain build corpus; not WCH chip/library documentation
2	tmp/wch-riscv/build/phase7-attempt-3/source/gcc/libstdc++-v3/doc/xml/images/pbds_priority_queue_text_push_pop.pdf	d573b3e570118c3328ebe0eb1af11c6e6970bb8513dfeaf769f258a531fcd7c5	103894	tmp/wch-riscv	derived/upstream toolchain build corpus; not WCH chip/library documentation
2	tmp/wch-riscv/build/phase7-attempt-3/source/gcc/libstdc++-v3/doc/xml/images/pbds_tree_int_find.pdf	205b802a195de76c2d5093f9506380cc44cd7894d866973c18cc75868fda07ba	82717	tmp/wch-riscv	derived/upstream toolchain build corpus; not WCH chip/library documentation
2	tmp/wch-riscv/build/phase7-attempt-3/source/gcc/libstdc++-v3/doc/xml/images/pbds_tree_order_statistics.pdf	35973475b4f69dcfedfa33527c31eac3c026b1e3a92251a122ab61d82c101b75	81007	tmp/wch-riscv	derived/upstream toolchain build corpus; not WCH chip/library documentation
2	tmp/wch-riscv/build/phase7-attempt-3/source/gcc/libstdc++-v3/doc/xml/images/pbds_tree_split_join.pdf	6634da3144fb68efe5b45fb38ed20ef1638b77e381e046de8d3dc4757acd62b0	82727	tmp/wch-riscv	derived/upstream toolchain build corpus; not WCH chip/library documentation
2	tmp/wch-riscv/build/phase7-attempt-3/source/gcc/libstdc++-v3/doc/xml/images/pbds_tree_text_find.pdf	9a599ec5d821055e5ed78ca08f7e32bdde2a2005f1c68fe0ef61cffde3b6d4ad	84206	tmp/wch-riscv	derived/upstream toolchain build corpus; not WCH chip/library documentation
2	tmp/wch-riscv/build/phase7-attempt-3/source/gcc/libstdc++-v3/doc/xml/images/pbds_tree_text_insert_node.pdf	dd0b0b1093d489fe2a899fa146eeae785945dd920c491a823a3ccd740533a308	80772	tmp/wch-riscv	derived/upstream toolchain build corpus; not WCH chip/library documentation
2	tmp/wch-riscv/build/phase7-attempt-3/source/gcc/libstdc++-v3/doc/xml/images/pbds_tree_text_insert_trie.pdf	073a10c15b1db320d871d8069ec7995aee28a2881c2296670fb2dbe2862370d9	68209	tmp/wch-riscv	derived/upstream toolchain build corpus; not WCH chip/library documentation
2	tmp/wch-riscv/build/phase7-attempt-3/source/gcc/libstdc++-v3/doc/xml/images/pbds_tree_text_insert_vector.pdf	e3d4d1c64abeea9749a512bcdc7d0ed834688295068c20d74a3beb929ff25c1c	68484	tmp/wch-riscv	derived/upstream toolchain build corpus; not WCH chip/library documentation
2	tmp/wch-riscv/build/phase7-attempt-3/source/gcc/libstdc++-v3/doc/xml/images/pbds_tree_text_lor_find.pdf	49b9603a85eac24378f067c05c18b15df85dfdc693b133ddc671174d5dcb99b9	82720	tmp/wch-riscv	derived/upstream toolchain build corpus; not WCH chip/library documentation
2	tmp/wch-riscv/build/phase7-attempt-4/source/binutils/zlib/doc/crc-doc.1.0.pdf	064f9252d6e2e15ea56c2bd18e160e5c9c84bcd137c11a7af497aaa511ace998	776142	tmp/wch-riscv	derived/upstream toolchain build corpus; not WCH chip/library documentation
2	tmp/wch-riscv/build/phase7-attempt-4/source/binutils/zlib/zlib.3.pdf	c131fc86c31aeceb1e0217e8fd5288f573395cdfa5f6c34455e854330d306b84	8848	tmp/wch-riscv	derived/upstream toolchain build corpus; not WCH chip/library documentation
2	tmp/wch-riscv/build/phase7-attempt-4/source/gcc/libstdc++-v3/doc/xml/images/confdeps.pdf	6897b8c088133947bd29d84982981bfb738813c5d7c8499593acb929a3ebe479	50629	tmp/wch-riscv	derived/upstream toolchain build corpus; not WCH chip/library documentation
2	tmp/wch-riscv/build/phase7-attempt-4/source/gcc/libstdc++-v3/doc/xml/images/pbds_binary_priority_queue_int_push.pdf	ee6294f648c3b74e54c77cd4793be05cae3c8d97b861d24d3f4d2b595cd9ed67	81428	tmp/wch-riscv	derived/upstream toolchain build corpus; not WCH chip/library documentation
2	tmp/wch-riscv/build/phase7-attempt-4/source/gcc/libstdc++-v3/doc/xml/images/pbds_binary_priority_queue_int_push_pop.pdf	3d37c44d53a960204b468e4e5490e78775f87ac445425602a362bdbef30c814f	81328	tmp/wch-riscv	derived/upstream toolchain build corpus; not WCH chip/library documentation
2	tmp/wch-riscv/build/phase7-attempt-4/source/gcc/libstdc++-v3/doc/xml/images/pbds_cc_hash_int_find.pdf	35d9a7cbe799521b412bc8167a6c09ec03b32b967b5f4bd6a71c77963f5eef5e	90172	tmp/wch-riscv	derived/upstream toolchain build corpus; not WCH chip/library documentation
2	tmp/wch-riscv/build/phase7-attempt-4/source/gcc/libstdc++-v3/doc/xml/images/pbds_cc_hash_int_subscript_find.pdf	302f20a083b005d0c84d37152fde14e0324f80263fa12cbf52bcb11bec809af2	90040	tmp/wch-riscv	derived/upstream toolchain build corpus; not WCH chip/library documentation
2	tmp/wch-riscv/build/phase7-attempt-4/source/gcc/libstdc++-v3/doc/xml/images/pbds_cc_hash_int_subscript_insert.pdf	abddb22c074ae34f19cb6b09071f1ce0acd70f1983e106e6e1b0415465d55a96	90196	tmp/wch-riscv	derived/upstream toolchain build corpus; not WCH chip/library documentation
2	tmp/wch-riscv/build/phase7-attempt-4/source/gcc/libstdc++-v3/doc/xml/images/pbds_ccgp_hash_int_subscript_insert.pdf	0290dff94cfec4b2e0d5664133f1ea39d9574578a8cfc92a9759fdeb7d261039	77608	tmp/wch-riscv	derived/upstream toolchain build corpus; not WCH chip/library documentation
2	tmp/wch-riscv/build/phase7-attempt-4/source/gcc/libstdc++-v3/doc/xml/images/pbds_container_tag_hierarchy.pdf	f6bf580067c19e71c968e30c668e5c5d1f242ac78343e7e43db363647e067297	9605	tmp/wch-riscv	derived/upstream toolchain build corpus; not WCH chip/library documentation
2	tmp/wch-riscv/build/phase7-attempt-4/source/gcc/libstdc++-v3/doc/xml/images/pbds_exception_hierarchy.pdf	84174874b89383b400bd5598ebcc9be5491a9d25ec453a03f5c6d9db9086d1ed	7520	tmp/wch-riscv	derived/upstream toolchain build corpus; not WCH chip/library documentation
2	tmp/wch-riscv/build/phase7-attempt-4/source/gcc/libstdc++-v3/doc/xml/images/pbds_gp_hash_int_find.pdf	0f146067d487b0ee4d2576ec40c1e92062ec11aee96ad87e09cc14aecfb94507	76134	tmp/wch-riscv	derived/upstream toolchain build corpus; not WCH chip/library documentation
2	tmp/wch-riscv/build/phase7-attempt-4/source/gcc/libstdc++-v3/doc/xml/images/pbds_gp_hash_int_subscript_find.pdf	a8907196ddb7f58e94b637ac6476cbf4fd1c14e42b7787a7ef6ca52560147f8b	76225	tmp/wch-riscv	derived/upstream toolchain build corpus; not WCH chip/library documentation
2	tmp/wch-riscv/build/phase7-attempt-4/source/gcc/libstdc++-v3/doc/xml/images/pbds_gp_hash_int_subscript_insert.pdf	71be2aba307548a71fccef466b046dff44e2f7f4b5352fb97fb2f686ecf9feb8	76238	tmp/wch-riscv	derived/upstream toolchain build corpus; not WCH chip/library documentation
2	tmp/wch-riscv/build/phase7-attempt-4/source/gcc/libstdc++-v3/doc/xml/images/pbds_hash_int_erase_mem.pdf	ad35f8085b11b100010315d2a06e8121c6efae7b3e756b083110ba163a637cfa	77175	tmp/wch-riscv	derived/upstream toolchain build corpus; not WCH chip/library documentation
2	tmp/wch-riscv/build/phase7-attempt-4/source/gcc/libstdc++-v3/doc/xml/images/pbds_hash_text_find.pdf	2ffdc67ead08e03ae975bc730452ef4647c9f90f275173037d09709791247ee0	83353	tmp/wch-riscv	derived/upstream toolchain build corpus; not WCH chip/library documentation
2	tmp/wch-riscv/build/phase7-attempt-4/source/gcc/libstdc++-v3/doc/xml/images/pbds_hash_zlob_int_find.pdf	7b2ec1c0a874722911b39f009b0ef2c13deaedbbb1600fc63d69e7e56e177f89	89031	tmp/wch-riscv	derived/upstream toolchain build corpus; not WCH chip/library documentation
2	tmp/wch-riscv/build/phase7-attempt-4/source/gcc/libstdc++-v3/doc/xml/images/pbds_invalidation_tag_hierarchy.pdf	8fbb836ca736d6a7eb60ed76f48d9dfaace4cf3ba01022a1d6567cb23e7241e0	6903	tmp/wch-riscv	derived/upstream toolchain build corpus; not WCH chip/library documentation
2	tmp/wch-riscv/build/phase7-attempt-4/source/gcc/libstdc++-v3/doc/xml/images/pbds_multimap_text_find_large_s2p_hash.pdf	4438b6edcd4a78866a586376ce60d5113b4deb978cfbd4a0e9ac1382bab6297a	67642	tmp/wch-riscv	derived/upstream toolchain build corpus; not WCH chip/library documentation
2	tmp/wch-riscv/build/phase7-attempt-4/source/gcc/libstdc++-v3/doc/xml/images/pbds_multimap_text_find_large_s2p_tree.pdf	822194b5b6f9360c46748f0cee150b6e4fb8b8a223e27268e6aeb53a4dabf5c3	70583	tmp/wch-riscv	derived/upstream toolchain build corpus; not WCH chip/library documentation
2	tmp/wch-riscv/build/phase7-attempt-4/source/gcc/libstdc++-v3/doc/xml/images/pbds_multimap_text_find_small_s2p_hash.pdf	ef3be06ae10bf60d41606e8b5e8dd31b7f329ffb899ec04299b395e3acffabea	67623	tmp/wch-riscv	derived/upstream toolchain build corpus; not WCH chip/library documentation
2	tmp/wch-riscv/build/phase7-attempt-4/source/gcc/libstdc++-v3/doc/xml/images/pbds_multimap_text_find_small_s2p_tree.pdf	405254864882bb64ae351ac57a5bf7e0898634e0ac83d5a4ee89a571aee180f6	70942	tmp/wch-riscv	derived/upstream toolchain build corpus; not WCH chip/library documentation
2	tmp/wch-riscv/build/phase7-attempt-4/source/gcc/libstdc++-v3/doc/xml/images/pbds_multimap_text_insert_large_s2p_hash.pdf	12b9a7adc4f168ea611493147465ccfe6fcb3fcb18da7d69c5a198fa9858d835	67457	tmp/wch-riscv	derived/upstream toolchain build corpus; not WCH chip/library documentation
2	tmp/wch-riscv/build/phase7-attempt-4/source/gcc/libstdc++-v3/doc/xml/images/pbds_multimap_text_insert_large_s2p_tree.pdf	4cb27bbc13561e87c97b1c5e018448c61b3d4f8f31f1e38856e5cdc9705acf70	70759	tmp/wch-riscv	derived/upstream toolchain build corpus; not WCH chip/library documentation
2	tmp/wch-riscv/build/phase7-attempt-4/source/gcc/libstdc++-v3/doc/xml/images/pbds_multimap_text_insert_mem_large_s2p_hash.pdf	098a9eeb30070bc4abf4f44a3198653f00cb6420e0745bd2696098f44e3e3d65	67786	tmp/wch-riscv	derived/upstream toolchain build corpus; not WCH chip/library documentation
2	tmp/wch-riscv/build/phase7-attempt-4/source/gcc/libstdc++-v3/doc/xml/images/pbds_multimap_text_insert_mem_large_s2p_tree.pdf	6032a0712f510f32261f5d1851d940668e07fc5fb356f719c71120c2df1711dd	70776	tmp/wch-riscv	derived/upstream toolchain build corpus; not WCH chip/library documentation
2	tmp/wch-riscv/build/phase7-attempt-4/source/gcc/libstdc++-v3/doc/xml/images/pbds_multimap_text_insert_mem_small_s2p_hash.pdf	5593cdc4c6b87f6ef1ffc2ffcb9ebe133815d50e8f4ea955815c4f04c8a89f85	67808	tmp/wch-riscv	derived/upstream toolchain build corpus; not WCH chip/library documentation
2	tmp/wch-riscv/build/phase7-attempt-4/source/gcc/libstdc++-v3/doc/xml/images/pbds_multimap_text_insert_mem_small_s2p_tree.pdf	98c7c1d4141d72e3ddd385f3e845c459bcf4966cfbd9f6a11ea987080613ba03	70972	tmp/wch-riscv	derived/upstream toolchain build corpus; not WCH chip/library documentation
2	tmp/wch-riscv/build/phase7-attempt-4/source/gcc/libstdc++-v3/doc/xml/images/pbds_multimap_text_insert_small_s2p_hash.pdf	9e0d493bf1f14525978bee98c7076a99bf318f65683f29b2bddfb798bfdb6754	67656	tmp/wch-riscv	derived/upstream toolchain build corpus; not WCH chip/library documentation
2	tmp/wch-riscv/build/phase7-attempt-4/source/gcc/libstdc++-v3/doc/xml/images/pbds_multimap_text_insert_small_s2p_tree.pdf	661cfb64b9d89f09c2d7778a37dd39b948f1f8e5b563b6c8528b43a49400dbee	70738	tmp/wch-riscv	derived/upstream toolchain build corpus; not WCH chip/library documentation
2	tmp/wch-riscv/build/phase7-attempt-4/source/gcc/libstdc++-v3/doc/xml/images/pbds_pairing_priority_queue_text_modify_down_thin.pdf	7187486746d8b2af44f0c7daa80caf11653a74b0686ba2ae503088a38e5733cf	68294	tmp/wch-riscv	derived/upstream toolchain build corpus; not WCH chip/library documentation
2	tmp/wch-riscv/build/phase7-attempt-4/source/gcc/libstdc++-v3/doc/xml/images/pbds_pairing_priority_queue_text_modify_up_thin.pdf	ad60e6dd66287bbe95ab5945b41e00d39689fd0b0f9f5378a1aff2e0e2f14e6e	68500	tmp/wch-riscv	derived/upstream toolchain build corpus; not WCH chip/library documentation
2	tmp/wch-riscv/build/phase7-attempt-4/source/gcc/libstdc++-v3/doc/xml/images/pbds_pairing_priority_queue_text_push.pdf	d70e2426af17f9f3f6eae2a8cbce6a5db5ab92b969a5ad13a920735f6e7196ce	82821	tmp/wch-riscv	derived/upstream toolchain build corpus; not WCH chip/library documentation
2	tmp/wch-riscv/build/phase7-attempt-4/source/gcc/libstdc++-v3/doc/xml/images/pbds_pairing_priority_queue_text_push_pop.pdf	84da208bed229a1c2125b5a211cb5438de379424710eef31aee8229bf4f150f6	75989	tmp/wch-riscv	derived/upstream toolchain build corpus; not WCH chip/library documentation
2	tmp/wch-riscv/build/phase7-attempt-4/source/gcc/libstdc++-v3/doc/xml/images/pbds_priority_queue_int_push.pdf	0aad13f919c1b5f91cf11afaad8f32c16fc764f78507eff8e49d0504c33de3ad	103791	tmp/wch-riscv	derived/upstream toolchain build corpus; not WCH chip/library documentation
2	tmp/wch-riscv/build/phase7-attempt-4/source/gcc/libstdc++-v3/doc/xml/images/pbds_priority_queue_int_push_pop.pdf	2768fe985b77534da45e11282907430752d7d1676b7be158357c438be35d23ed	103910	tmp/wch-riscv	derived/upstream toolchain build corpus; not WCH chip/library documentation
2	tmp/wch-riscv/build/phase7-attempt-4/source/gcc/libstdc++-v3/doc/xml/images/pbds_priority_queue_tag_hierarchy.pdf	98a180b0f321a6f141d7d70ee35823cfd548fb2d06dd20acb96d2c8e05ef4419	7842	tmp/wch-riscv	derived/upstream toolchain build corpus; not WCH chip/library documentation
2	tmp/wch-riscv/build/phase7-attempt-4/source/gcc/libstdc++-v3/doc/xml/images/pbds_priority_queue_text_join.pdf	d501de67098b24502e284132abb3954e3fdeddbac26616956faead18e8e0ba89	103511	tmp/wch-riscv	derived/upstream toolchain build corpus; not WCH chip/library documentation
2	tmp/wch-riscv/build/phase7-attempt-4/source/gcc/libstdc++-v3/doc/xml/images/pbds_priority_queue_text_modify_down.pdf	be3da838576756cd0d140188310efc50b6d13a4ea930651a076b99b017b3ac75	103701	tmp/wch-riscv	derived/upstream toolchain build corpus; not WCH chip/library documentation
2	tmp/wch-riscv/build/phase7-attempt-4/source/gcc/libstdc++-v3/doc/xml/images/pbds_priority_queue_text_modify_up.pdf	ae537ff0a19f71890dcdb0a430b95e581d9bbf185f5fab4de7a2cf014dfcfbd3	103554	tmp/wch-riscv	derived/upstream toolchain build corpus; not WCH chip/library documentation
2	tmp/wch-riscv/build/phase7-attempt-4/source/gcc/libstdc++-v3/doc/xml/images/pbds_priority_queue_text_pop_mem.pdf	dbd40a3a26ea0c77d85b0d4134f52900c0fc335702ba3ffd222125325a28e107	102962	tmp/wch-riscv	derived/upstream toolchain build corpus; not WCH chip/library documentation
2	tmp/wch-riscv/build/phase7-attempt-4/source/gcc/libstdc++-v3/doc/xml/images/pbds_priority_queue_text_push.pdf	fcdfcf63f9fb963765ed0b254f94eb706d49906b2669d8cdd8148084ff58cd91	103249	tmp/wch-riscv	derived/upstream toolchain build corpus; not WCH chip/library documentation
2	tmp/wch-riscv/build/phase7-attempt-4/source/gcc/libstdc++-v3/doc/xml/images/pbds_priority_queue_text_push_pop.pdf	d573b3e570118c3328ebe0eb1af11c6e6970bb8513dfeaf769f258a531fcd7c5	103894	tmp/wch-riscv	derived/upstream toolchain build corpus; not WCH chip/library documentation
2	tmp/wch-riscv/build/phase7-attempt-4/source/gcc/libstdc++-v3/doc/xml/images/pbds_tree_int_find.pdf	205b802a195de76c2d5093f9506380cc44cd7894d866973c18cc75868fda07ba	82717	tmp/wch-riscv	derived/upstream toolchain build corpus; not WCH chip/library documentation
2	tmp/wch-riscv/build/phase7-attempt-4/source/gcc/libstdc++-v3/doc/xml/images/pbds_tree_order_statistics.pdf	35973475b4f69dcfedfa33527c31eac3c026b1e3a92251a122ab61d82c101b75	81007	tmp/wch-riscv	derived/upstream toolchain build corpus; not WCH chip/library documentation
2	tmp/wch-riscv/build/phase7-attempt-4/source/gcc/libstdc++-v3/doc/xml/images/pbds_tree_split_join.pdf	6634da3144fb68efe5b45fb38ed20ef1638b77e381e046de8d3dc4757acd62b0	82727	tmp/wch-riscv	derived/upstream toolchain build corpus; not WCH chip/library documentation
2	tmp/wch-riscv/build/phase7-attempt-4/source/gcc/libstdc++-v3/doc/xml/images/pbds_tree_text_find.pdf	9a599ec5d821055e5ed78ca08f7e32bdde2a2005f1c68fe0ef61cffde3b6d4ad	84206	tmp/wch-riscv	derived/upstream toolchain build corpus; not WCH chip/library documentation
2	tmp/wch-riscv/build/phase7-attempt-4/source/gcc/libstdc++-v3/doc/xml/images/pbds_tree_text_insert_node.pdf	dd0b0b1093d489fe2a899fa146eeae785945dd920c491a823a3ccd740533a308	80772	tmp/wch-riscv	derived/upstream toolchain build corpus; not WCH chip/library documentation
2	tmp/wch-riscv/build/phase7-attempt-4/source/gcc/libstdc++-v3/doc/xml/images/pbds_tree_text_insert_trie.pdf	073a10c15b1db320d871d8069ec7995aee28a2881c2296670fb2dbe2862370d9	68209	tmp/wch-riscv	derived/upstream toolchain build corpus; not WCH chip/library documentation
2	tmp/wch-riscv/build/phase7-attempt-4/source/gcc/libstdc++-v3/doc/xml/images/pbds_tree_text_insert_vector.pdf	e3d4d1c64abeea9749a512bcdc7d0ed834688295068c20d74a3beb929ff25c1c	68484	tmp/wch-riscv	derived/upstream toolchain build corpus; not WCH chip/library documentation
2	tmp/wch-riscv/build/phase7-attempt-4/source/gcc/libstdc++-v3/doc/xml/images/pbds_tree_text_lor_find.pdf	49b9603a85eac24378f067c05c18b15df85dfdc693b133ddc671174d5dcb99b9	82720	tmp/wch-riscv	derived/upstream toolchain build corpus; not WCH chip/library documentation
2	tmp/wch-riscv/build/phase7-attempt-5/source/binutils/zlib/doc/crc-doc.1.0.pdf	064f9252d6e2e15ea56c2bd18e160e5c9c84bcd137c11a7af497aaa511ace998	776142	tmp/wch-riscv	derived/upstream toolchain build corpus; not WCH chip/library documentation
2	tmp/wch-riscv/build/phase7-attempt-5/source/binutils/zlib/zlib.3.pdf	c131fc86c31aeceb1e0217e8fd5288f573395cdfa5f6c34455e854330d306b84	8848	tmp/wch-riscv	derived/upstream toolchain build corpus; not WCH chip/library documentation
2	tmp/wch-riscv/build/phase7-attempt-5/source/gcc/libstdc++-v3/doc/xml/images/confdeps.pdf	6897b8c088133947bd29d84982981bfb738813c5d7c8499593acb929a3ebe479	50629	tmp/wch-riscv	derived/upstream toolchain build corpus; not WCH chip/library documentation
2	tmp/wch-riscv/build/phase7-attempt-5/source/gcc/libstdc++-v3/doc/xml/images/pbds_binary_priority_queue_int_push.pdf	ee6294f648c3b74e54c77cd4793be05cae3c8d97b861d24d3f4d2b595cd9ed67	81428	tmp/wch-riscv	derived/upstream toolchain build corpus; not WCH chip/library documentation
2	tmp/wch-riscv/build/phase7-attempt-5/source/gcc/libstdc++-v3/doc/xml/images/pbds_binary_priority_queue_int_push_pop.pdf	3d37c44d53a960204b468e4e5490e78775f87ac445425602a362bdbef30c814f	81328	tmp/wch-riscv	derived/upstream toolchain build corpus; not WCH chip/library documentation
2	tmp/wch-riscv/build/phase7-attempt-5/source/gcc/libstdc++-v3/doc/xml/images/pbds_cc_hash_int_find.pdf	35d9a7cbe799521b412bc8167a6c09ec03b32b967b5f4bd6a71c77963f5eef5e	90172	tmp/wch-riscv	derived/upstream toolchain build corpus; not WCH chip/library documentation
2	tmp/wch-riscv/build/phase7-attempt-5/source/gcc/libstdc++-v3/doc/xml/images/pbds_cc_hash_int_subscript_find.pdf	302f20a083b005d0c84d37152fde14e0324f80263fa12cbf52bcb11bec809af2	90040	tmp/wch-riscv	derived/upstream toolchain build corpus; not WCH chip/library documentation
2	tmp/wch-riscv/build/phase7-attempt-5/source/gcc/libstdc++-v3/doc/xml/images/pbds_cc_hash_int_subscript_insert.pdf	abddb22c074ae34f19cb6b09071f1ce0acd70f1983e106e6e1b0415465d55a96	90196	tmp/wch-riscv	derived/upstream toolchain build corpus; not WCH chip/library documentation
2	tmp/wch-riscv/build/phase7-attempt-5/source/gcc/libstdc++-v3/doc/xml/images/pbds_ccgp_hash_int_subscript_insert.pdf	0290dff94cfec4b2e0d5664133f1ea39d9574578a8cfc92a9759fdeb7d261039	77608	tmp/wch-riscv	derived/upstream toolchain build corpus; not WCH chip/library documentation
2	tmp/wch-riscv/build/phase7-attempt-5/source/gcc/libstdc++-v3/doc/xml/images/pbds_container_tag_hierarchy.pdf	f6bf580067c19e71c968e30c668e5c5d1f242ac78343e7e43db363647e067297	9605	tmp/wch-riscv	derived/upstream toolchain build corpus; not WCH chip/library documentation
2	tmp/wch-riscv/build/phase7-attempt-5/source/gcc/libstdc++-v3/doc/xml/images/pbds_exception_hierarchy.pdf	84174874b89383b400bd5598ebcc9be5491a9d25ec453a03f5c6d9db9086d1ed	7520	tmp/wch-riscv	derived/upstream toolchain build corpus; not WCH chip/library documentation
2	tmp/wch-riscv/build/phase7-attempt-5/source/gcc/libstdc++-v3/doc/xml/images/pbds_gp_hash_int_find.pdf	0f146067d487b0ee4d2576ec40c1e92062ec11aee96ad87e09cc14aecfb94507	76134	tmp/wch-riscv	derived/upstream toolchain build corpus; not WCH chip/library documentation
2	tmp/wch-riscv/build/phase7-attempt-5/source/gcc/libstdc++-v3/doc/xml/images/pbds_gp_hash_int_subscript_find.pdf	a8907196ddb7f58e94b637ac6476cbf4fd1c14e42b7787a7ef6ca52560147f8b	76225	tmp/wch-riscv	derived/upstream toolchain build corpus; not WCH chip/library documentation
2	tmp/wch-riscv/build/phase7-attempt-5/source/gcc/libstdc++-v3/doc/xml/images/pbds_gp_hash_int_subscript_insert.pdf	71be2aba307548a71fccef466b046dff44e2f7f4b5352fb97fb2f686ecf9feb8	76238	tmp/wch-riscv	derived/upstream toolchain build corpus; not WCH chip/library documentation
2	tmp/wch-riscv/build/phase7-attempt-5/source/gcc/libstdc++-v3/doc/xml/images/pbds_hash_int_erase_mem.pdf	ad35f8085b11b100010315d2a06e8121c6efae7b3e756b083110ba163a637cfa	77175	tmp/wch-riscv	derived/upstream toolchain build corpus; not WCH chip/library documentation
2	tmp/wch-riscv/build/phase7-attempt-5/source/gcc/libstdc++-v3/doc/xml/images/pbds_hash_text_find.pdf	2ffdc67ead08e03ae975bc730452ef4647c9f90f275173037d09709791247ee0	83353	tmp/wch-riscv	derived/upstream toolchain build corpus; not WCH chip/library documentation
2	tmp/wch-riscv/build/phase7-attempt-5/source/gcc/libstdc++-v3/doc/xml/images/pbds_hash_zlob_int_find.pdf	7b2ec1c0a874722911b39f009b0ef2c13deaedbbb1600fc63d69e7e56e177f89	89031	tmp/wch-riscv	derived/upstream toolchain build corpus; not WCH chip/library documentation
2	tmp/wch-riscv/build/phase7-attempt-5/source/gcc/libstdc++-v3/doc/xml/images/pbds_invalidation_tag_hierarchy.pdf	8fbb836ca736d6a7eb60ed76f48d9dfaace4cf3ba01022a1d6567cb23e7241e0	6903	tmp/wch-riscv	derived/upstream toolchain build corpus; not WCH chip/library documentation
2	tmp/wch-riscv/build/phase7-attempt-5/source/gcc/libstdc++-v3/doc/xml/images/pbds_multimap_text_find_large_s2p_hash.pdf	4438b6edcd4a78866a586376ce60d5113b4deb978cfbd4a0e9ac1382bab6297a	67642	tmp/wch-riscv	derived/upstream toolchain build corpus; not WCH chip/library documentation
2	tmp/wch-riscv/build/phase7-attempt-5/source/gcc/libstdc++-v3/doc/xml/images/pbds_multimap_text_find_large_s2p_tree.pdf	822194b5b6f9360c46748f0cee150b6e4fb8b8a223e27268e6aeb53a4dabf5c3	70583	tmp/wch-riscv	derived/upstream toolchain build corpus; not WCH chip/library documentation
2	tmp/wch-riscv/build/phase7-attempt-5/source/gcc/libstdc++-v3/doc/xml/images/pbds_multimap_text_find_small_s2p_hash.pdf	ef3be06ae10bf60d41606e8b5e8dd31b7f329ffb899ec04299b395e3acffabea	67623	tmp/wch-riscv	derived/upstream toolchain build corpus; not WCH chip/library documentation
2	tmp/wch-riscv/build/phase7-attempt-5/source/gcc/libstdc++-v3/doc/xml/images/pbds_multimap_text_find_small_s2p_tree.pdf	405254864882bb64ae351ac57a5bf7e0898634e0ac83d5a4ee89a571aee180f6	70942	tmp/wch-riscv	derived/upstream toolchain build corpus; not WCH chip/library documentation
2	tmp/wch-riscv/build/phase7-attempt-5/source/gcc/libstdc++-v3/doc/xml/images/pbds_multimap_text_insert_large_s2p_hash.pdf	12b9a7adc4f168ea611493147465ccfe6fcb3fcb18da7d69c5a198fa9858d835	67457	tmp/wch-riscv	derived/upstream toolchain build corpus; not WCH chip/library documentation
2	tmp/wch-riscv/build/phase7-attempt-5/source/gcc/libstdc++-v3/doc/xml/images/pbds_multimap_text_insert_large_s2p_tree.pdf	4cb27bbc13561e87c97b1c5e018448c61b3d4f8f31f1e38856e5cdc9705acf70	70759	tmp/wch-riscv	derived/upstream toolchain build corpus; not WCH chip/library documentation
2	tmp/wch-riscv/build/phase7-attempt-5/source/gcc/libstdc++-v3/doc/xml/images/pbds_multimap_text_insert_mem_large_s2p_hash.pdf	098a9eeb30070bc4abf4f44a3198653f00cb6420e0745bd2696098f44e3e3d65	67786	tmp/wch-riscv	derived/upstream toolchain build corpus; not WCH chip/library documentation
2	tmp/wch-riscv/build/phase7-attempt-5/source/gcc/libstdc++-v3/doc/xml/images/pbds_multimap_text_insert_mem_large_s2p_tree.pdf	6032a0712f510f32261f5d1851d940668e07fc5fb356f719c71120c2df1711dd	70776	tmp/wch-riscv	derived/upstream toolchain build corpus; not WCH chip/library documentation
2	tmp/wch-riscv/build/phase7-attempt-5/source/gcc/libstdc++-v3/doc/xml/images/pbds_multimap_text_insert_mem_small_s2p_hash.pdf	5593cdc4c6b87f6ef1ffc2ffcb9ebe133815d50e8f4ea955815c4f04c8a89f85	67808	tmp/wch-riscv	derived/upstream toolchain build corpus; not WCH chip/library documentation
2	tmp/wch-riscv/build/phase7-attempt-5/source/gcc/libstdc++-v3/doc/xml/images/pbds_multimap_text_insert_mem_small_s2p_tree.pdf	98c7c1d4141d72e3ddd385f3e845c459bcf4966cfbd9f6a11ea987080613ba03	70972	tmp/wch-riscv	derived/upstream toolchain build corpus; not WCH chip/library documentation
2	tmp/wch-riscv/build/phase7-attempt-5/source/gcc/libstdc++-v3/doc/xml/images/pbds_multimap_text_insert_small_s2p_hash.pdf	9e0d493bf1f14525978bee98c7076a99bf318f65683f29b2bddfb798bfdb6754	67656	tmp/wch-riscv	derived/upstream toolchain build corpus; not WCH chip/library documentation
2	tmp/wch-riscv/build/phase7-attempt-5/source/gcc/libstdc++-v3/doc/xml/images/pbds_multimap_text_insert_small_s2p_tree.pdf	661cfb64b9d89f09c2d7778a37dd39b948f1f8e5b563b6c8528b43a49400dbee	70738	tmp/wch-riscv	derived/upstream toolchain build corpus; not WCH chip/library documentation
2	tmp/wch-riscv/build/phase7-attempt-5/source/gcc/libstdc++-v3/doc/xml/images/pbds_pairing_priority_queue_text_modify_down_thin.pdf	7187486746d8b2af44f0c7daa80caf11653a74b0686ba2ae503088a38e5733cf	68294	tmp/wch-riscv	derived/upstream toolchain build corpus; not WCH chip/library documentation
2	tmp/wch-riscv/build/phase7-attempt-5/source/gcc/libstdc++-v3/doc/xml/images/pbds_pairing_priority_queue_text_modify_up_thin.pdf	ad60e6dd66287bbe95ab5945b41e00d39689fd0b0f9f5378a1aff2e0e2f14e6e	68500	tmp/wch-riscv	derived/upstream toolchain build corpus; not WCH chip/library documentation
2	tmp/wch-riscv/build/phase7-attempt-5/source/gcc/libstdc++-v3/doc/xml/images/pbds_pairing_priority_queue_text_push.pdf	d70e2426af17f9f3f6eae2a8cbce6a5db5ab92b969a5ad13a920735f6e7196ce	82821	tmp/wch-riscv	derived/upstream toolchain build corpus; not WCH chip/library documentation
2	tmp/wch-riscv/build/phase7-attempt-5/source/gcc/libstdc++-v3/doc/xml/images/pbds_pairing_priority_queue_text_push_pop.pdf	84da208bed229a1c2125b5a211cb5438de379424710eef31aee8229bf4f150f6	75989	tmp/wch-riscv	derived/upstream toolchain build corpus; not WCH chip/library documentation
2	tmp/wch-riscv/build/phase7-attempt-5/source/gcc/libstdc++-v3/doc/xml/images/pbds_priority_queue_int_push.pdf	0aad13f919c1b5f91cf11afaad8f32c16fc764f78507eff8e49d0504c33de3ad	103791	tmp/wch-riscv	derived/upstream toolchain build corpus; not WCH chip/library documentation
2	tmp/wch-riscv/build/phase7-attempt-5/source/gcc/libstdc++-v3/doc/xml/images/pbds_priority_queue_int_push_pop.pdf	2768fe985b77534da45e11282907430752d7d1676b7be158357c438be35d23ed	103910	tmp/wch-riscv	derived/upstream toolchain build corpus; not WCH chip/library documentation
2	tmp/wch-riscv/build/phase7-attempt-5/source/gcc/libstdc++-v3/doc/xml/images/pbds_priority_queue_tag_hierarchy.pdf	98a180b0f321a6f141d7d70ee35823cfd548fb2d06dd20acb96d2c8e05ef4419	7842	tmp/wch-riscv	derived/upstream toolchain build corpus; not WCH chip/library documentation
2	tmp/wch-riscv/build/phase7-attempt-5/source/gcc/libstdc++-v3/doc/xml/images/pbds_priority_queue_text_join.pdf	d501de67098b24502e284132abb3954e3fdeddbac26616956faead18e8e0ba89	103511	tmp/wch-riscv	derived/upstream toolchain build corpus; not WCH chip/library documentation
2	tmp/wch-riscv/build/phase7-attempt-5/source/gcc/libstdc++-v3/doc/xml/images/pbds_priority_queue_text_modify_down.pdf	be3da838576756cd0d140188310efc50b6d13a4ea930651a076b99b017b3ac75	103701	tmp/wch-riscv	derived/upstream toolchain build corpus; not WCH chip/library documentation
2	tmp/wch-riscv/build/phase7-attempt-5/source/gcc/libstdc++-v3/doc/xml/images/pbds_priority_queue_text_modify_up.pdf	ae537ff0a19f71890dcdb0a430b95e581d9bbf185f5fab4de7a2cf014dfcfbd3	103554	tmp/wch-riscv	derived/upstream toolchain build corpus; not WCH chip/library documentation
2	tmp/wch-riscv/build/phase7-attempt-5/source/gcc/libstdc++-v3/doc/xml/images/pbds_priority_queue_text_pop_mem.pdf	dbd40a3a26ea0c77d85b0d4134f52900c0fc335702ba3ffd222125325a28e107	102962	tmp/wch-riscv	derived/upstream toolchain build corpus; not WCH chip/library documentation
2	tmp/wch-riscv/build/phase7-attempt-5/source/gcc/libstdc++-v3/doc/xml/images/pbds_priority_queue_text_push.pdf	fcdfcf63f9fb963765ed0b254f94eb706d49906b2669d8cdd8148084ff58cd91	103249	tmp/wch-riscv	derived/upstream toolchain build corpus; not WCH chip/library documentation
2	tmp/wch-riscv/build/phase7-attempt-5/source/gcc/libstdc++-v3/doc/xml/images/pbds_priority_queue_text_push_pop.pdf	d573b3e570118c3328ebe0eb1af11c6e6970bb8513dfeaf769f258a531fcd7c5	103894	tmp/wch-riscv	derived/upstream toolchain build corpus; not WCH chip/library documentation
2	tmp/wch-riscv/build/phase7-attempt-5/source/gcc/libstdc++-v3/doc/xml/images/pbds_tree_int_find.pdf	205b802a195de76c2d5093f9506380cc44cd7894d866973c18cc75868fda07ba	82717	tmp/wch-riscv	derived/upstream toolchain build corpus; not WCH chip/library documentation
2	tmp/wch-riscv/build/phase7-attempt-5/source/gcc/libstdc++-v3/doc/xml/images/pbds_tree_order_statistics.pdf	35973475b4f69dcfedfa33527c31eac3c026b1e3a92251a122ab61d82c101b75	81007	tmp/wch-riscv	derived/upstream toolchain build corpus; not WCH chip/library documentation
2	tmp/wch-riscv/build/phase7-attempt-5/source/gcc/libstdc++-v3/doc/xml/images/pbds_tree_split_join.pdf	6634da3144fb68efe5b45fb38ed20ef1638b77e381e046de8d3dc4757acd62b0	82727	tmp/wch-riscv	derived/upstream toolchain build corpus; not WCH chip/library documentation
2	tmp/wch-riscv/build/phase7-attempt-5/source/gcc/libstdc++-v3/doc/xml/images/pbds_tree_text_find.pdf	9a599ec5d821055e5ed78ca08f7e32bdde2a2005f1c68fe0ef61cffde3b6d4ad	84206	tmp/wch-riscv	derived/upstream toolchain build corpus; not WCH chip/library documentation
2	tmp/wch-riscv/build/phase7-attempt-5/source/gcc/libstdc++-v3/doc/xml/images/pbds_tree_text_insert_node.pdf	dd0b0b1093d489fe2a899fa146eeae785945dd920c491a823a3ccd740533a308	80772	tmp/wch-riscv	derived/upstream toolchain build corpus; not WCH chip/library documentation
2	tmp/wch-riscv/build/phase7-attempt-5/source/gcc/libstdc++-v3/doc/xml/images/pbds_tree_text_insert_trie.pdf	073a10c15b1db320d871d8069ec7995aee28a2881c2296670fb2dbe2862370d9	68209	tmp/wch-riscv	derived/upstream toolchain build corpus; not WCH chip/library documentation
2	tmp/wch-riscv/build/phase7-attempt-5/source/gcc/libstdc++-v3/doc/xml/images/pbds_tree_text_insert_vector.pdf	e3d4d1c64abeea9749a512bcdc7d0ed834688295068c20d74a3beb929ff25c1c	68484	tmp/wch-riscv	derived/upstream toolchain build corpus; not WCH chip/library documentation
2	tmp/wch-riscv/build/phase7-attempt-5/source/gcc/libstdc++-v3/doc/xml/images/pbds_tree_text_lor_find.pdf	49b9603a85eac24378f067c05c18b15df85dfdc693b133ddc671174d5dcb99b9	82720	tmp/wch-riscv	derived/upstream toolchain build corpus; not WCH chip/library documentation
2	tmp/wch-riscv/build/phase7-r10/source/binutils/zlib/doc/crc-doc.1.0.pdf	064f9252d6e2e15ea56c2bd18e160e5c9c84bcd137c11a7af497aaa511ace998	776142	tmp/wch-riscv	derived/upstream toolchain build corpus; not WCH chip/library documentation
2	tmp/wch-riscv/build/phase7-r10/source/binutils/zlib/zlib.3.pdf	c131fc86c31aeceb1e0217e8fd5288f573395cdfa5f6c34455e854330d306b84	8848	tmp/wch-riscv	derived/upstream toolchain build corpus; not WCH chip/library documentation
2	tmp/wch-riscv/build/phase7-r10/source/gcc/libstdc++-v3/doc/xml/images/confdeps.pdf	6897b8c088133947bd29d84982981bfb738813c5d7c8499593acb929a3ebe479	50629	tmp/wch-riscv	derived/upstream toolchain build corpus; not WCH chip/library documentation
2	tmp/wch-riscv/build/phase7-r10/source/gcc/libstdc++-v3/doc/xml/images/pbds_binary_priority_queue_int_push.pdf	ee6294f648c3b74e54c77cd4793be05cae3c8d97b861d24d3f4d2b595cd9ed67	81428	tmp/wch-riscv	derived/upstream toolchain build corpus; not WCH chip/library documentation
2	tmp/wch-riscv/build/phase7-r10/source/gcc/libstdc++-v3/doc/xml/images/pbds_binary_priority_queue_int_push_pop.pdf	3d37c44d53a960204b468e4e5490e78775f87ac445425602a362bdbef30c814f	81328	tmp/wch-riscv	derived/upstream toolchain build corpus; not WCH chip/library documentation
2	tmp/wch-riscv/build/phase7-r10/source/gcc/libstdc++-v3/doc/xml/images/pbds_cc_hash_int_find.pdf	35d9a7cbe799521b412bc8167a6c09ec03b32b967b5f4bd6a71c77963f5eef5e	90172	tmp/wch-riscv	derived/upstream toolchain build corpus; not WCH chip/library documentation
2	tmp/wch-riscv/build/phase7-r10/source/gcc/libstdc++-v3/doc/xml/images/pbds_cc_hash_int_subscript_find.pdf	302f20a083b005d0c84d37152fde14e0324f80263fa12cbf52bcb11bec809af2	90040	tmp/wch-riscv	derived/upstream toolchain build corpus; not WCH chip/library documentation
2	tmp/wch-riscv/build/phase7-r10/source/gcc/libstdc++-v3/doc/xml/images/pbds_cc_hash_int_subscript_insert.pdf	abddb22c074ae34f19cb6b09071f1ce0acd70f1983e106e6e1b0415465d55a96	90196	tmp/wch-riscv	derived/upstream toolchain build corpus; not WCH chip/library documentation
2	tmp/wch-riscv/build/phase7-r10/source/gcc/libstdc++-v3/doc/xml/images/pbds_ccgp_hash_int_subscript_insert.pdf	0290dff94cfec4b2e0d5664133f1ea39d9574578a8cfc92a9759fdeb7d261039	77608	tmp/wch-riscv	derived/upstream toolchain build corpus; not WCH chip/library documentation
2	tmp/wch-riscv/build/phase7-r10/source/gcc/libstdc++-v3/doc/xml/images/pbds_container_tag_hierarchy.pdf	f6bf580067c19e71c968e30c668e5c5d1f242ac78343e7e43db363647e067297	9605	tmp/wch-riscv	derived/upstream toolchain build corpus; not WCH chip/library documentation
2	tmp/wch-riscv/build/phase7-r10/source/gcc/libstdc++-v3/doc/xml/images/pbds_exception_hierarchy.pdf	84174874b89383b400bd5598ebcc9be5491a9d25ec453a03f5c6d9db9086d1ed	7520	tmp/wch-riscv	derived/upstream toolchain build corpus; not WCH chip/library documentation
2	tmp/wch-riscv/build/phase7-r10/source/gcc/libstdc++-v3/doc/xml/images/pbds_gp_hash_int_find.pdf	0f146067d487b0ee4d2576ec40c1e92062ec11aee96ad87e09cc14aecfb94507	76134	tmp/wch-riscv	derived/upstream toolchain build corpus; not WCH chip/library documentation
2	tmp/wch-riscv/build/phase7-r10/source/gcc/libstdc++-v3/doc/xml/images/pbds_gp_hash_int_subscript_find.pdf	a8907196ddb7f58e94b637ac6476cbf4fd1c14e42b7787a7ef6ca52560147f8b	76225	tmp/wch-riscv	derived/upstream toolchain build corpus; not WCH chip/library documentation
2	tmp/wch-riscv/build/phase7-r10/source/gcc/libstdc++-v3/doc/xml/images/pbds_gp_hash_int_subscript_insert.pdf	71be2aba307548a71fccef466b046dff44e2f7f4b5352fb97fb2f686ecf9feb8	76238	tmp/wch-riscv	derived/upstream toolchain build corpus; not WCH chip/library documentation
2	tmp/wch-riscv/build/phase7-r10/source/gcc/libstdc++-v3/doc/xml/images/pbds_hash_int_erase_mem.pdf	ad35f8085b11b100010315d2a06e8121c6efae7b3e756b083110ba163a637cfa	77175	tmp/wch-riscv	derived/upstream toolchain build corpus; not WCH chip/library documentation
2	tmp/wch-riscv/build/phase7-r10/source/gcc/libstdc++-v3/doc/xml/images/pbds_hash_text_find.pdf	2ffdc67ead08e03ae975bc730452ef4647c9f90f275173037d09709791247ee0	83353	tmp/wch-riscv	derived/upstream toolchain build corpus; not WCH chip/library documentation
2	tmp/wch-riscv/build/phase7-r10/source/gcc/libstdc++-v3/doc/xml/images/pbds_hash_zlob_int_find.pdf	7b2ec1c0a874722911b39f009b0ef2c13deaedbbb1600fc63d69e7e56e177f89	89031	tmp/wch-riscv	derived/upstream toolchain build corpus; not WCH chip/library documentation
2	tmp/wch-riscv/build/phase7-r10/source/gcc/libstdc++-v3/doc/xml/images/pbds_invalidation_tag_hierarchy.pdf	8fbb836ca736d6a7eb60ed76f48d9dfaace4cf3ba01022a1d6567cb23e7241e0	6903	tmp/wch-riscv	derived/upstream toolchain build corpus; not WCH chip/library documentation
2	tmp/wch-riscv/build/phase7-r10/source/gcc/libstdc++-v3/doc/xml/images/pbds_multimap_text_find_large_s2p_hash.pdf	4438b6edcd4a78866a586376ce60d5113b4deb978cfbd4a0e9ac1382bab6297a	67642	tmp/wch-riscv	derived/upstream toolchain build corpus; not WCH chip/library documentation
2	tmp/wch-riscv/build/phase7-r10/source/gcc/libstdc++-v3/doc/xml/images/pbds_multimap_text_find_large_s2p_tree.pdf	822194b5b6f9360c46748f0cee150b6e4fb8b8a223e27268e6aeb53a4dabf5c3	70583	tmp/wch-riscv	derived/upstream toolchain build corpus; not WCH chip/library documentation
2	tmp/wch-riscv/build/phase7-r10/source/gcc/libstdc++-v3/doc/xml/images/pbds_multimap_text_find_small_s2p_hash.pdf	ef3be06ae10bf60d41606e8b5e8dd31b7f329ffb899ec04299b395e3acffabea	67623	tmp/wch-riscv	derived/upstream toolchain build corpus; not WCH chip/library documentation
2	tmp/wch-riscv/build/phase7-r10/source/gcc/libstdc++-v3/doc/xml/images/pbds_multimap_text_find_small_s2p_tree.pdf	405254864882bb64ae351ac57a5bf7e0898634e0ac83d5a4ee89a571aee180f6	70942	tmp/wch-riscv	derived/upstream toolchain build corpus; not WCH chip/library documentation
2	tmp/wch-riscv/build/phase7-r10/source/gcc/libstdc++-v3/doc/xml/images/pbds_multimap_text_insert_large_s2p_hash.pdf	12b9a7adc4f168ea611493147465ccfe6fcb3fcb18da7d69c5a198fa9858d835	67457	tmp/wch-riscv	derived/upstream toolchain build corpus; not WCH chip/library documentation
2	tmp/wch-riscv/build/phase7-r10/source/gcc/libstdc++-v3/doc/xml/images/pbds_multimap_text_insert_large_s2p_tree.pdf	4cb27bbc13561e87c97b1c5e018448c61b3d4f8f31f1e38856e5cdc9705acf70	70759	tmp/wch-riscv	derived/upstream toolchain build corpus; not WCH chip/library documentation
2	tmp/wch-riscv/build/phase7-r10/source/gcc/libstdc++-v3/doc/xml/images/pbds_multimap_text_insert_mem_large_s2p_hash.pdf	098a9eeb30070bc4abf4f44a3198653f00cb6420e0745bd2696098f44e3e3d65	67786	tmp/wch-riscv	derived/upstream toolchain build corpus; not WCH chip/library documentation
2	tmp/wch-riscv/build/phase7-r10/source/gcc/libstdc++-v3/doc/xml/images/pbds_multimap_text_insert_mem_large_s2p_tree.pdf	6032a0712f510f32261f5d1851d940668e07fc5fb356f719c71120c2df1711dd	70776	tmp/wch-riscv	derived/upstream toolchain build corpus; not WCH chip/library documentation
2	tmp/wch-riscv/build/phase7-r10/source/gcc/libstdc++-v3/doc/xml/images/pbds_multimap_text_insert_mem_small_s2p_hash.pdf	5593cdc4c6b87f6ef1ffc2ffcb9ebe133815d50e8f4ea955815c4f04c8a89f85	67808	tmp/wch-riscv	derived/upstream toolchain build corpus; not WCH chip/library documentation
2	tmp/wch-riscv/build/phase7-r10/source/gcc/libstdc++-v3/doc/xml/images/pbds_multimap_text_insert_mem_small_s2p_tree.pdf	98c7c1d4141d72e3ddd385f3e845c459bcf4966cfbd9f6a11ea987080613ba03	70972	tmp/wch-riscv	derived/upstream toolchain build corpus; not WCH chip/library documentation
2	tmp/wch-riscv/build/phase7-r10/source/gcc/libstdc++-v3/doc/xml/images/pbds_multimap_text_insert_small_s2p_hash.pdf	9e0d493bf1f14525978bee98c7076a99bf318f65683f29b2bddfb798bfdb6754	67656	tmp/wch-riscv	derived/upstream toolchain build corpus; not WCH chip/library documentation
2	tmp/wch-riscv/build/phase7-r10/source/gcc/libstdc++-v3/doc/xml/images/pbds_multimap_text_insert_small_s2p_tree.pdf	661cfb64b9d89f09c2d7778a37dd39b948f1f8e5b563b6c8528b43a49400dbee	70738	tmp/wch-riscv	derived/upstream toolchain build corpus; not WCH chip/library documentation
2	tmp/wch-riscv/build/phase7-r10/source/gcc/libstdc++-v3/doc/xml/images/pbds_pairing_priority_queue_text_modify_down_thin.pdf	7187486746d8b2af44f0c7daa80caf11653a74b0686ba2ae503088a38e5733cf	68294	tmp/wch-riscv	derived/upstream toolchain build corpus; not WCH chip/library documentation
2	tmp/wch-riscv/build/phase7-r10/source/gcc/libstdc++-v3/doc/xml/images/pbds_pairing_priority_queue_text_modify_up_thin.pdf	ad60e6dd66287bbe95ab5945b41e00d39689fd0b0f9f5378a1aff2e0e2f14e6e	68500	tmp/wch-riscv	derived/upstream toolchain build corpus; not WCH chip/library documentation
2	tmp/wch-riscv/build/phase7-r10/source/gcc/libstdc++-v3/doc/xml/images/pbds_pairing_priority_queue_text_push.pdf	d70e2426af17f9f3f6eae2a8cbce6a5db5ab92b969a5ad13a920735f6e7196ce	82821	tmp/wch-riscv	derived/upstream toolchain build corpus; not WCH chip/library documentation
2	tmp/wch-riscv/build/phase7-r10/source/gcc/libstdc++-v3/doc/xml/images/pbds_pairing_priority_queue_text_push_pop.pdf	84da208bed229a1c2125b5a211cb5438de379424710eef31aee8229bf4f150f6	75989	tmp/wch-riscv	derived/upstream toolchain build corpus; not WCH chip/library documentation
2	tmp/wch-riscv/build/phase7-r10/source/gcc/libstdc++-v3/doc/xml/images/pbds_priority_queue_int_push.pdf	0aad13f919c1b5f91cf11afaad8f32c16fc764f78507eff8e49d0504c33de3ad	103791	tmp/wch-riscv	derived/upstream toolchain build corpus; not WCH chip/library documentation
2	tmp/wch-riscv/build/phase7-r10/source/gcc/libstdc++-v3/doc/xml/images/pbds_priority_queue_int_push_pop.pdf	2768fe985b77534da45e11282907430752d7d1676b7be158357c438be35d23ed	103910	tmp/wch-riscv	derived/upstream toolchain build corpus; not WCH chip/library documentation
2	tmp/wch-riscv/build/phase7-r10/source/gcc/libstdc++-v3/doc/xml/images/pbds_priority_queue_tag_hierarchy.pdf	98a180b0f321a6f141d7d70ee35823cfd548fb2d06dd20acb96d2c8e05ef4419	7842	tmp/wch-riscv	derived/upstream toolchain build corpus; not WCH chip/library documentation
2	tmp/wch-riscv/build/phase7-r10/source/gcc/libstdc++-v3/doc/xml/images/pbds_priority_queue_text_join.pdf	d501de67098b24502e284132abb3954e3fdeddbac26616956faead18e8e0ba89	103511	tmp/wch-riscv	derived/upstream toolchain build corpus; not WCH chip/library documentation
2	tmp/wch-riscv/build/phase7-r10/source/gcc/libstdc++-v3/doc/xml/images/pbds_priority_queue_text_modify_down.pdf	be3da838576756cd0d140188310efc50b6d13a4ea930651a076b99b017b3ac75	103701	tmp/wch-riscv	derived/upstream toolchain build corpus; not WCH chip/library documentation
2	tmp/wch-riscv/build/phase7-r10/source/gcc/libstdc++-v3/doc/xml/images/pbds_priority_queue_text_modify_up.pdf	ae537ff0a19f71890dcdb0a430b95e581d9bbf185f5fab4de7a2cf014dfcfbd3	103554	tmp/wch-riscv	derived/upstream toolchain build corpus; not WCH chip/library documentation
2	tmp/wch-riscv/build/phase7-r10/source/gcc/libstdc++-v3/doc/xml/images/pbds_priority_queue_text_pop_mem.pdf	dbd40a3a26ea0c77d85b0d4134f52900c0fc335702ba3ffd222125325a28e107	102962	tmp/wch-riscv	derived/upstream toolchain build corpus; not WCH chip/library documentation
2	tmp/wch-riscv/build/phase7-r10/source/gcc/libstdc++-v3/doc/xml/images/pbds_priority_queue_text_push.pdf	fcdfcf63f9fb963765ed0b254f94eb706d49906b2669d8cdd8148084ff58cd91	103249	tmp/wch-riscv	derived/upstream toolchain build corpus; not WCH chip/library documentation
2	tmp/wch-riscv/build/phase7-r10/source/gcc/libstdc++-v3/doc/xml/images/pbds_priority_queue_text_push_pop.pdf	d573b3e570118c3328ebe0eb1af11c6e6970bb8513dfeaf769f258a531fcd7c5	103894	tmp/wch-riscv	derived/upstream toolchain build corpus; not WCH chip/library documentation
2	tmp/wch-riscv/build/phase7-r10/source/gcc/libstdc++-v3/doc/xml/images/pbds_tree_int_find.pdf	205b802a195de76c2d5093f9506380cc44cd7894d866973c18cc75868fda07ba	82717	tmp/wch-riscv	derived/upstream toolchain build corpus; not WCH chip/library documentation
2	tmp/wch-riscv/build/phase7-r10/source/gcc/libstdc++-v3/doc/xml/images/pbds_tree_order_statistics.pdf	35973475b4f69dcfedfa33527c31eac3c026b1e3a92251a122ab61d82c101b75	81007	tmp/wch-riscv	derived/upstream toolchain build corpus; not WCH chip/library documentation
2	tmp/wch-riscv/build/phase7-r10/source/gcc/libstdc++-v3/doc/xml/images/pbds_tree_split_join.pdf	6634da3144fb68efe5b45fb38ed20ef1638b77e381e046de8d3dc4757acd62b0	82727	tmp/wch-riscv	derived/upstream toolchain build corpus; not WCH chip/library documentation
2	tmp/wch-riscv/build/phase7-r10/source/gcc/libstdc++-v3/doc/xml/images/pbds_tree_text_find.pdf	9a599ec5d821055e5ed78ca08f7e32bdde2a2005f1c68fe0ef61cffde3b6d4ad	84206	tmp/wch-riscv	derived/upstream toolchain build corpus; not WCH chip/library documentation
2	tmp/wch-riscv/build/phase7-r10/source/gcc/libstdc++-v3/doc/xml/images/pbds_tree_text_insert_node.pdf	dd0b0b1093d489fe2a899fa146eeae785945dd920c491a823a3ccd740533a308	80772	tmp/wch-riscv	derived/upstream toolchain build corpus; not WCH chip/library documentation
2	tmp/wch-riscv/build/phase7-r10/source/gcc/libstdc++-v3/doc/xml/images/pbds_tree_text_insert_trie.pdf	073a10c15b1db320d871d8069ec7995aee28a2881c2296670fb2dbe2862370d9	68209	tmp/wch-riscv	derived/upstream toolchain build corpus; not WCH chip/library documentation
2	tmp/wch-riscv/build/phase7-r10/source/gcc/libstdc++-v3/doc/xml/images/pbds_tree_text_insert_vector.pdf	e3d4d1c64abeea9749a512bcdc7d0ed834688295068c20d74a3beb929ff25c1c	68484	tmp/wch-riscv	derived/upstream toolchain build corpus; not WCH chip/library documentation
2	tmp/wch-riscv/build/phase7-r10/source/gcc/libstdc++-v3/doc/xml/images/pbds_tree_text_lor_find.pdf	49b9603a85eac24378f067c05c18b15df85dfdc693b133ddc671174d5dcb99b9	82720	tmp/wch-riscv	derived/upstream toolchain build corpus; not WCH chip/library documentation
2	tmp/wch-riscv/build/phase7-r2/source/binutils/zlib/doc/crc-doc.1.0.pdf	064f9252d6e2e15ea56c2bd18e160e5c9c84bcd137c11a7af497aaa511ace998	776142	tmp/wch-riscv	derived/upstream toolchain build corpus; not WCH chip/library documentation
2	tmp/wch-riscv/build/phase7-r2/source/binutils/zlib/zlib.3.pdf	c131fc86c31aeceb1e0217e8fd5288f573395cdfa5f6c34455e854330d306b84	8848	tmp/wch-riscv	derived/upstream toolchain build corpus; not WCH chip/library documentation
2	tmp/wch-riscv/build/phase7-r2/source/gcc/libstdc++-v3/doc/xml/images/confdeps.pdf	6897b8c088133947bd29d84982981bfb738813c5d7c8499593acb929a3ebe479	50629	tmp/wch-riscv	derived/upstream toolchain build corpus; not WCH chip/library documentation
2	tmp/wch-riscv/build/phase7-r2/source/gcc/libstdc++-v3/doc/xml/images/pbds_binary_priority_queue_int_push.pdf	ee6294f648c3b74e54c77cd4793be05cae3c8d97b861d24d3f4d2b595cd9ed67	81428	tmp/wch-riscv	derived/upstream toolchain build corpus; not WCH chip/library documentation
2	tmp/wch-riscv/build/phase7-r2/source/gcc/libstdc++-v3/doc/xml/images/pbds_binary_priority_queue_int_push_pop.pdf	3d37c44d53a960204b468e4e5490e78775f87ac445425602a362bdbef30c814f	81328	tmp/wch-riscv	derived/upstream toolchain build corpus; not WCH chip/library documentation
2	tmp/wch-riscv/build/phase7-r2/source/gcc/libstdc++-v3/doc/xml/images/pbds_cc_hash_int_find.pdf	35d9a7cbe799521b412bc8167a6c09ec03b32b967b5f4bd6a71c77963f5eef5e	90172	tmp/wch-riscv	derived/upstream toolchain build corpus; not WCH chip/library documentation
2	tmp/wch-riscv/build/phase7-r2/source/gcc/libstdc++-v3/doc/xml/images/pbds_cc_hash_int_subscript_find.pdf	302f20a083b005d0c84d37152fde14e0324f80263fa12cbf52bcb11bec809af2	90040	tmp/wch-riscv	derived/upstream toolchain build corpus; not WCH chip/library documentation
2	tmp/wch-riscv/build/phase7-r2/source/gcc/libstdc++-v3/doc/xml/images/pbds_cc_hash_int_subscript_insert.pdf	abddb22c074ae34f19cb6b09071f1ce0acd70f1983e106e6e1b0415465d55a96	90196	tmp/wch-riscv	derived/upstream toolchain build corpus; not WCH chip/library documentation
2	tmp/wch-riscv/build/phase7-r2/source/gcc/libstdc++-v3/doc/xml/images/pbds_ccgp_hash_int_subscript_insert.pdf	0290dff94cfec4b2e0d5664133f1ea39d9574578a8cfc92a9759fdeb7d261039	77608	tmp/wch-riscv	derived/upstream toolchain build corpus; not WCH chip/library documentation
2	tmp/wch-riscv/build/phase7-r2/source/gcc/libstdc++-v3/doc/xml/images/pbds_container_tag_hierarchy.pdf	f6bf580067c19e71c968e30c668e5c5d1f242ac78343e7e43db363647e067297	9605	tmp/wch-riscv	derived/upstream toolchain build corpus; not WCH chip/library documentation
2	tmp/wch-riscv/build/phase7-r2/source/gcc/libstdc++-v3/doc/xml/images/pbds_exception_hierarchy.pdf	84174874b89383b400bd5598ebcc9be5491a9d25ec453a03f5c6d9db9086d1ed	7520	tmp/wch-riscv	derived/upstream toolchain build corpus; not WCH chip/library documentation
2	tmp/wch-riscv/build/phase7-r2/source/gcc/libstdc++-v3/doc/xml/images/pbds_gp_hash_int_find.pdf	0f146067d487b0ee4d2576ec40c1e92062ec11aee96ad87e09cc14aecfb94507	76134	tmp/wch-riscv	derived/upstream toolchain build corpus; not WCH chip/library documentation
2	tmp/wch-riscv/build/phase7-r2/source/gcc/libstdc++-v3/doc/xml/images/pbds_gp_hash_int_subscript_find.pdf	a8907196ddb7f58e94b637ac6476cbf4fd1c14e42b7787a7ef6ca52560147f8b	76225	tmp/wch-riscv	derived/upstream toolchain build corpus; not WCH chip/library documentation
2	tmp/wch-riscv/build/phase7-r2/source/gcc/libstdc++-v3/doc/xml/images/pbds_gp_hash_int_subscript_insert.pdf	71be2aba307548a71fccef466b046dff44e2f7f4b5352fb97fb2f686ecf9feb8	76238	tmp/wch-riscv	derived/upstream toolchain build corpus; not WCH chip/library documentation
2	tmp/wch-riscv/build/phase7-r2/source/gcc/libstdc++-v3/doc/xml/images/pbds_hash_int_erase_mem.pdf	ad35f8085b11b100010315d2a06e8121c6efae7b3e756b083110ba163a637cfa	77175	tmp/wch-riscv	derived/upstream toolchain build corpus; not WCH chip/library documentation
2	tmp/wch-riscv/build/phase7-r2/source/gcc/libstdc++-v3/doc/xml/images/pbds_hash_text_find.pdf	2ffdc67ead08e03ae975bc730452ef4647c9f90f275173037d09709791247ee0	83353	tmp/wch-riscv	derived/upstream toolchain build corpus; not WCH chip/library documentation
2	tmp/wch-riscv/build/phase7-r2/source/gcc/libstdc++-v3/doc/xml/images/pbds_hash_zlob_int_find.pdf	7b2ec1c0a874722911b39f009b0ef2c13deaedbbb1600fc63d69e7e56e177f89	89031	tmp/wch-riscv	derived/upstream toolchain build corpus; not WCH chip/library documentation
2	tmp/wch-riscv/build/phase7-r2/source/gcc/libstdc++-v3/doc/xml/images/pbds_invalidation_tag_hierarchy.pdf	8fbb836ca736d6a7eb60ed76f48d9dfaace4cf3ba01022a1d6567cb23e7241e0	6903	tmp/wch-riscv	derived/upstream toolchain build corpus; not WCH chip/library documentation
2	tmp/wch-riscv/build/phase7-r2/source/gcc/libstdc++-v3/doc/xml/images/pbds_multimap_text_find_large_s2p_hash.pdf	4438b6edcd4a78866a586376ce60d5113b4deb978cfbd4a0e9ac1382bab6297a	67642	tmp/wch-riscv	derived/upstream toolchain build corpus; not WCH chip/library documentation
2	tmp/wch-riscv/build/phase7-r2/source/gcc/libstdc++-v3/doc/xml/images/pbds_multimap_text_find_large_s2p_tree.pdf	822194b5b6f9360c46748f0cee150b6e4fb8b8a223e27268e6aeb53a4dabf5c3	70583	tmp/wch-riscv	derived/upstream toolchain build corpus; not WCH chip/library documentation
2	tmp/wch-riscv/build/phase7-r2/source/gcc/libstdc++-v3/doc/xml/images/pbds_multimap_text_find_small_s2p_hash.pdf	ef3be06ae10bf60d41606e8b5e8dd31b7f329ffb899ec04299b395e3acffabea	67623	tmp/wch-riscv	derived/upstream toolchain build corpus; not WCH chip/library documentation
2	tmp/wch-riscv/build/phase7-r2/source/gcc/libstdc++-v3/doc/xml/images/pbds_multimap_text_find_small_s2p_tree.pdf	405254864882bb64ae351ac57a5bf7e0898634e0ac83d5a4ee89a571aee180f6	70942	tmp/wch-riscv	derived/upstream toolchain build corpus; not WCH chip/library documentation
2	tmp/wch-riscv/build/phase7-r2/source/gcc/libstdc++-v3/doc/xml/images/pbds_multimap_text_insert_large_s2p_hash.pdf	12b9a7adc4f168ea611493147465ccfe6fcb3fcb18da7d69c5a198fa9858d835	67457	tmp/wch-riscv	derived/upstream toolchain build corpus; not WCH chip/library documentation
2	tmp/wch-riscv/build/phase7-r2/source/gcc/libstdc++-v3/doc/xml/images/pbds_multimap_text_insert_large_s2p_tree.pdf	4cb27bbc13561e87c97b1c5e018448c61b3d4f8f31f1e38856e5cdc9705acf70	70759	tmp/wch-riscv	derived/upstream toolchain build corpus; not WCH chip/library documentation
2	tmp/wch-riscv/build/phase7-r2/source/gcc/libstdc++-v3/doc/xml/images/pbds_multimap_text_insert_mem_large_s2p_hash.pdf	098a9eeb30070bc4abf4f44a3198653f00cb6420e0745bd2696098f44e3e3d65	67786	tmp/wch-riscv	derived/upstream toolchain build corpus; not WCH chip/library documentation
2	tmp/wch-riscv/build/phase7-r2/source/gcc/libstdc++-v3/doc/xml/images/pbds_multimap_text_insert_mem_large_s2p_tree.pdf	6032a0712f510f32261f5d1851d940668e07fc5fb356f719c71120c2df1711dd	70776	tmp/wch-riscv	derived/upstream toolchain build corpus; not WCH chip/library documentation
2	tmp/wch-riscv/build/phase7-r2/source/gcc/libstdc++-v3/doc/xml/images/pbds_multimap_text_insert_mem_small_s2p_hash.pdf	5593cdc4c6b87f6ef1ffc2ffcb9ebe133815d50e8f4ea955815c4f04c8a89f85	67808	tmp/wch-riscv	derived/upstream toolchain build corpus; not WCH chip/library documentation
2	tmp/wch-riscv/build/phase7-r2/source/gcc/libstdc++-v3/doc/xml/images/pbds_multimap_text_insert_mem_small_s2p_tree.pdf	98c7c1d4141d72e3ddd385f3e845c459bcf4966cfbd9f6a11ea987080613ba03	70972	tmp/wch-riscv	derived/upstream toolchain build corpus; not WCH chip/library documentation
2	tmp/wch-riscv/build/phase7-r2/source/gcc/libstdc++-v3/doc/xml/images/pbds_multimap_text_insert_small_s2p_hash.pdf	9e0d493bf1f14525978bee98c7076a99bf318f65683f29b2bddfb798bfdb6754	67656	tmp/wch-riscv	derived/upstream toolchain build corpus; not WCH chip/library documentation
2	tmp/wch-riscv/build/phase7-r2/source/gcc/libstdc++-v3/doc/xml/images/pbds_multimap_text_insert_small_s2p_tree.pdf	661cfb64b9d89f09c2d7778a37dd39b948f1f8e5b563b6c8528b43a49400dbee	70738	tmp/wch-riscv	derived/upstream toolchain build corpus; not WCH chip/library documentation
2	tmp/wch-riscv/build/phase7-r2/source/gcc/libstdc++-v3/doc/xml/images/pbds_pairing_priority_queue_text_modify_down_thin.pdf	7187486746d8b2af44f0c7daa80caf11653a74b0686ba2ae503088a38e5733cf	68294	tmp/wch-riscv	derived/upstream toolchain build corpus; not WCH chip/library documentation
2	tmp/wch-riscv/build/phase7-r2/source/gcc/libstdc++-v3/doc/xml/images/pbds_pairing_priority_queue_text_modify_up_thin.pdf	ad60e6dd66287bbe95ab5945b41e00d39689fd0b0f9f5378a1aff2e0e2f14e6e	68500	tmp/wch-riscv	derived/upstream toolchain build corpus; not WCH chip/library documentation
2	tmp/wch-riscv/build/phase7-r2/source/gcc/libstdc++-v3/doc/xml/images/pbds_pairing_priority_queue_text_push.pdf	d70e2426af17f9f3f6eae2a8cbce6a5db5ab92b969a5ad13a920735f6e7196ce	82821	tmp/wch-riscv	derived/upstream toolchain build corpus; not WCH chip/library documentation
2	tmp/wch-riscv/build/phase7-r2/source/gcc/libstdc++-v3/doc/xml/images/pbds_pairing_priority_queue_text_push_pop.pdf	84da208bed229a1c2125b5a211cb5438de379424710eef31aee8229bf4f150f6	75989	tmp/wch-riscv	derived/upstream toolchain build corpus; not WCH chip/library documentation
2	tmp/wch-riscv/build/phase7-r2/source/gcc/libstdc++-v3/doc/xml/images/pbds_priority_queue_int_push.pdf	0aad13f919c1b5f91cf11afaad8f32c16fc764f78507eff8e49d0504c33de3ad	103791	tmp/wch-riscv	derived/upstream toolchain build corpus; not WCH chip/library documentation
2	tmp/wch-riscv/build/phase7-r2/source/gcc/libstdc++-v3/doc/xml/images/pbds_priority_queue_int_push_pop.pdf	2768fe985b77534da45e11282907430752d7d1676b7be158357c438be35d23ed	103910	tmp/wch-riscv	derived/upstream toolchain build corpus; not WCH chip/library documentation
2	tmp/wch-riscv/build/phase7-r2/source/gcc/libstdc++-v3/doc/xml/images/pbds_priority_queue_tag_hierarchy.pdf	98a180b0f321a6f141d7d70ee35823cfd548fb2d06dd20acb96d2c8e05ef4419	7842	tmp/wch-riscv	derived/upstream toolchain build corpus; not WCH chip/library documentation
2	tmp/wch-riscv/build/phase7-r2/source/gcc/libstdc++-v3/doc/xml/images/pbds_priority_queue_text_join.pdf	d501de67098b24502e284132abb3954e3fdeddbac26616956faead18e8e0ba89	103511	tmp/wch-riscv	derived/upstream toolchain build corpus; not WCH chip/library documentation
2	tmp/wch-riscv/build/phase7-r2/source/gcc/libstdc++-v3/doc/xml/images/pbds_priority_queue_text_modify_down.pdf	be3da838576756cd0d140188310efc50b6d13a4ea930651a076b99b017b3ac75	103701	tmp/wch-riscv	derived/upstream toolchain build corpus; not WCH chip/library documentation
2	tmp/wch-riscv/build/phase7-r2/source/gcc/libstdc++-v3/doc/xml/images/pbds_priority_queue_text_modify_up.pdf	ae537ff0a19f71890dcdb0a430b95e581d9bbf185f5fab4de7a2cf014dfcfbd3	103554	tmp/wch-riscv	derived/upstream toolchain build corpus; not WCH chip/library documentation
2	tmp/wch-riscv/build/phase7-r2/source/gcc/libstdc++-v3/doc/xml/images/pbds_priority_queue_text_pop_mem.pdf	dbd40a3a26ea0c77d85b0d4134f52900c0fc335702ba3ffd222125325a28e107	102962	tmp/wch-riscv	derived/upstream toolchain build corpus; not WCH chip/library documentation
2	tmp/wch-riscv/build/phase7-r2/source/gcc/libstdc++-v3/doc/xml/images/pbds_priority_queue_text_push.pdf	fcdfcf63f9fb963765ed0b254f94eb706d49906b2669d8cdd8148084ff58cd91	103249	tmp/wch-riscv	derived/upstream toolchain build corpus; not WCH chip/library documentation
2	tmp/wch-riscv/build/phase7-r2/source/gcc/libstdc++-v3/doc/xml/images/pbds_priority_queue_text_push_pop.pdf	d573b3e570118c3328ebe0eb1af11c6e6970bb8513dfeaf769f258a531fcd7c5	103894	tmp/wch-riscv	derived/upstream toolchain build corpus; not WCH chip/library documentation
2	tmp/wch-riscv/build/phase7-r2/source/gcc/libstdc++-v3/doc/xml/images/pbds_tree_int_find.pdf	205b802a195de76c2d5093f9506380cc44cd7894d866973c18cc75868fda07ba	82717	tmp/wch-riscv	derived/upstream toolchain build corpus; not WCH chip/library documentation
2	tmp/wch-riscv/build/phase7-r2/source/gcc/libstdc++-v3/doc/xml/images/pbds_tree_order_statistics.pdf	35973475b4f69dcfedfa33527c31eac3c026b1e3a92251a122ab61d82c101b75	81007	tmp/wch-riscv	derived/upstream toolchain build corpus; not WCH chip/library documentation
2	tmp/wch-riscv/build/phase7-r2/source/gcc/libstdc++-v3/doc/xml/images/pbds_tree_split_join.pdf	6634da3144fb68efe5b45fb38ed20ef1638b77e381e046de8d3dc4757acd62b0	82727	tmp/wch-riscv	derived/upstream toolchain build corpus; not WCH chip/library documentation
2	tmp/wch-riscv/build/phase7-r2/source/gcc/libstdc++-v3/doc/xml/images/pbds_tree_text_find.pdf	9a599ec5d821055e5ed78ca08f7e32bdde2a2005f1c68fe0ef61cffde3b6d4ad	84206	tmp/wch-riscv	derived/upstream toolchain build corpus; not WCH chip/library documentation
2	tmp/wch-riscv/build/phase7-r2/source/gcc/libstdc++-v3/doc/xml/images/pbds_tree_text_insert_node.pdf	dd0b0b1093d489fe2a899fa146eeae785945dd920c491a823a3ccd740533a308	80772	tmp/wch-riscv	derived/upstream toolchain build corpus; not WCH chip/library documentation
2	tmp/wch-riscv/build/phase7-r2/source/gcc/libstdc++-v3/doc/xml/images/pbds_tree_text_insert_trie.pdf	073a10c15b1db320d871d8069ec7995aee28a2881c2296670fb2dbe2862370d9	68209	tmp/wch-riscv	derived/upstream toolchain build corpus; not WCH chip/library documentation
2	tmp/wch-riscv/build/phase7-r2/source/gcc/libstdc++-v3/doc/xml/images/pbds_tree_text_insert_vector.pdf	e3d4d1c64abeea9749a512bcdc7d0ed834688295068c20d74a3beb929ff25c1c	68484	tmp/wch-riscv	derived/upstream toolchain build corpus; not WCH chip/library documentation
2	tmp/wch-riscv/build/phase7-r2/source/gcc/libstdc++-v3/doc/xml/images/pbds_tree_text_lor_find.pdf	49b9603a85eac24378f067c05c18b15df85dfdc693b133ddc671174d5dcb99b9	82720	tmp/wch-riscv	derived/upstream toolchain build corpus; not WCH chip/library documentation
2	tmp/wch-riscv/build/phase7-r3/source/binutils/zlib/doc/crc-doc.1.0.pdf	064f9252d6e2e15ea56c2bd18e160e5c9c84bcd137c11a7af497aaa511ace998	776142	tmp/wch-riscv	derived/upstream toolchain build corpus; not WCH chip/library documentation
2	tmp/wch-riscv/build/phase7-r3/source/binutils/zlib/zlib.3.pdf	c131fc86c31aeceb1e0217e8fd5288f573395cdfa5f6c34455e854330d306b84	8848	tmp/wch-riscv	derived/upstream toolchain build corpus; not WCH chip/library documentation
2	tmp/wch-riscv/build/phase7-r3/source/gcc/libstdc++-v3/doc/xml/images/confdeps.pdf	6897b8c088133947bd29d84982981bfb738813c5d7c8499593acb929a3ebe479	50629	tmp/wch-riscv	derived/upstream toolchain build corpus; not WCH chip/library documentation
2	tmp/wch-riscv/build/phase7-r3/source/gcc/libstdc++-v3/doc/xml/images/pbds_binary_priority_queue_int_push.pdf	ee6294f648c3b74e54c77cd4793be05cae3c8d97b861d24d3f4d2b595cd9ed67	81428	tmp/wch-riscv	derived/upstream toolchain build corpus; not WCH chip/library documentation
2	tmp/wch-riscv/build/phase7-r3/source/gcc/libstdc++-v3/doc/xml/images/pbds_binary_priority_queue_int_push_pop.pdf	3d37c44d53a960204b468e4e5490e78775f87ac445425602a362bdbef30c814f	81328	tmp/wch-riscv	derived/upstream toolchain build corpus; not WCH chip/library documentation
2	tmp/wch-riscv/build/phase7-r3/source/gcc/libstdc++-v3/doc/xml/images/pbds_cc_hash_int_find.pdf	35d9a7cbe799521b412bc8167a6c09ec03b32b967b5f4bd6a71c77963f5eef5e	90172	tmp/wch-riscv	derived/upstream toolchain build corpus; not WCH chip/library documentation
2	tmp/wch-riscv/build/phase7-r3/source/gcc/libstdc++-v3/doc/xml/images/pbds_cc_hash_int_subscript_find.pdf	302f20a083b005d0c84d37152fde14e0324f80263fa12cbf52bcb11bec809af2	90040	tmp/wch-riscv	derived/upstream toolchain build corpus; not WCH chip/library documentation
2	tmp/wch-riscv/build/phase7-r3/source/gcc/libstdc++-v3/doc/xml/images/pbds_cc_hash_int_subscript_insert.pdf	abddb22c074ae34f19cb6b09071f1ce0acd70f1983e106e6e1b0415465d55a96	90196	tmp/wch-riscv	derived/upstream toolchain build corpus; not WCH chip/library documentation
2	tmp/wch-riscv/build/phase7-r3/source/gcc/libstdc++-v3/doc/xml/images/pbds_ccgp_hash_int_subscript_insert.pdf	0290dff94cfec4b2e0d5664133f1ea39d9574578a8cfc92a9759fdeb7d261039	77608	tmp/wch-riscv	derived/upstream toolchain build corpus; not WCH chip/library documentation
2	tmp/wch-riscv/build/phase7-r3/source/gcc/libstdc++-v3/doc/xml/images/pbds_container_tag_hierarchy.pdf	f6bf580067c19e71c968e30c668e5c5d1f242ac78343e7e43db363647e067297	9605	tmp/wch-riscv	derived/upstream toolchain build corpus; not WCH chip/library documentation
2	tmp/wch-riscv/build/phase7-r3/source/gcc/libstdc++-v3/doc/xml/images/pbds_exception_hierarchy.pdf	84174874b89383b400bd5598ebcc9be5491a9d25ec453a03f5c6d9db9086d1ed	7520	tmp/wch-riscv	derived/upstream toolchain build corpus; not WCH chip/library documentation
2	tmp/wch-riscv/build/phase7-r3/source/gcc/libstdc++-v3/doc/xml/images/pbds_gp_hash_int_find.pdf	0f146067d487b0ee4d2576ec40c1e92062ec11aee96ad87e09cc14aecfb94507	76134	tmp/wch-riscv	derived/upstream toolchain build corpus; not WCH chip/library documentation
2	tmp/wch-riscv/build/phase7-r3/source/gcc/libstdc++-v3/doc/xml/images/pbds_gp_hash_int_subscript_find.pdf	a8907196ddb7f58e94b637ac6476cbf4fd1c14e42b7787a7ef6ca52560147f8b	76225	tmp/wch-riscv	derived/upstream toolchain build corpus; not WCH chip/library documentation
2	tmp/wch-riscv/build/phase7-r3/source/gcc/libstdc++-v3/doc/xml/images/pbds_gp_hash_int_subscript_insert.pdf	71be2aba307548a71fccef466b046dff44e2f7f4b5352fb97fb2f686ecf9feb8	76238	tmp/wch-riscv	derived/upstream toolchain build corpus; not WCH chip/library documentation
2	tmp/wch-riscv/build/phase7-r3/source/gcc/libstdc++-v3/doc/xml/images/pbds_hash_int_erase_mem.pdf	ad35f8085b11b100010315d2a06e8121c6efae7b3e756b083110ba163a637cfa	77175	tmp/wch-riscv	derived/upstream toolchain build corpus; not WCH chip/library documentation
2	tmp/wch-riscv/build/phase7-r3/source/gcc/libstdc++-v3/doc/xml/images/pbds_hash_text_find.pdf	2ffdc67ead08e03ae975bc730452ef4647c9f90f275173037d09709791247ee0	83353	tmp/wch-riscv	derived/upstream toolchain build corpus; not WCH chip/library documentation
2	tmp/wch-riscv/build/phase7-r3/source/gcc/libstdc++-v3/doc/xml/images/pbds_hash_zlob_int_find.pdf	7b2ec1c0a874722911b39f009b0ef2c13deaedbbb1600fc63d69e7e56e177f89	89031	tmp/wch-riscv	derived/upstream toolchain build corpus; not WCH chip/library documentation
2	tmp/wch-riscv/build/phase7-r3/source/gcc/libstdc++-v3/doc/xml/images/pbds_invalidation_tag_hierarchy.pdf	8fbb836ca736d6a7eb60ed76f48d9dfaace4cf3ba01022a1d6567cb23e7241e0	6903	tmp/wch-riscv	derived/upstream toolchain build corpus; not WCH chip/library documentation
2	tmp/wch-riscv/build/phase7-r3/source/gcc/libstdc++-v3/doc/xml/images/pbds_multimap_text_find_large_s2p_hash.pdf	4438b6edcd4a78866a586376ce60d5113b4deb978cfbd4a0e9ac1382bab6297a	67642	tmp/wch-riscv	derived/upstream toolchain build corpus; not WCH chip/library documentation
2	tmp/wch-riscv/build/phase7-r3/source/gcc/libstdc++-v3/doc/xml/images/pbds_multimap_text_find_large_s2p_tree.pdf	822194b5b6f9360c46748f0cee150b6e4fb8b8a223e27268e6aeb53a4dabf5c3	70583	tmp/wch-riscv	derived/upstream toolchain build corpus; not WCH chip/library documentation
2	tmp/wch-riscv/build/phase7-r3/source/gcc/libstdc++-v3/doc/xml/images/pbds_multimap_text_find_small_s2p_hash.pdf	ef3be06ae10bf60d41606e8b5e8dd31b7f329ffb899ec04299b395e3acffabea	67623	tmp/wch-riscv	derived/upstream toolchain build corpus; not WCH chip/library documentation
2	tmp/wch-riscv/build/phase7-r3/source/gcc/libstdc++-v3/doc/xml/images/pbds_multimap_text_find_small_s2p_tree.pdf	405254864882bb64ae351ac57a5bf7e0898634e0ac83d5a4ee89a571aee180f6	70942	tmp/wch-riscv	derived/upstream toolchain build corpus; not WCH chip/library documentation
2	tmp/wch-riscv/build/phase7-r3/source/gcc/libstdc++-v3/doc/xml/images/pbds_multimap_text_insert_large_s2p_hash.pdf	12b9a7adc4f168ea611493147465ccfe6fcb3fcb18da7d69c5a198fa9858d835	67457	tmp/wch-riscv	derived/upstream toolchain build corpus; not WCH chip/library documentation
2	tmp/wch-riscv/build/phase7-r3/source/gcc/libstdc++-v3/doc/xml/images/pbds_multimap_text_insert_large_s2p_tree.pdf	4cb27bbc13561e87c97b1c5e018448c61b3d4f8f31f1e38856e5cdc9705acf70	70759	tmp/wch-riscv	derived/upstream toolchain build corpus; not WCH chip/library documentation
2	tmp/wch-riscv/build/phase7-r3/source/gcc/libstdc++-v3/doc/xml/images/pbds_multimap_text_insert_mem_large_s2p_hash.pdf	098a9eeb30070bc4abf4f44a3198653f00cb6420e0745bd2696098f44e3e3d65	67786	tmp/wch-riscv	derived/upstream toolchain build corpus; not WCH chip/library documentation
2	tmp/wch-riscv/build/phase7-r3/source/gcc/libstdc++-v3/doc/xml/images/pbds_multimap_text_insert_mem_large_s2p_tree.pdf	6032a0712f510f32261f5d1851d940668e07fc5fb356f719c71120c2df1711dd	70776	tmp/wch-riscv	derived/upstream toolchain build corpus; not WCH chip/library documentation
2	tmp/wch-riscv/build/phase7-r3/source/gcc/libstdc++-v3/doc/xml/images/pbds_multimap_text_insert_mem_small_s2p_hash.pdf	5593cdc4c6b87f6ef1ffc2ffcb9ebe133815d50e8f4ea955815c4f04c8a89f85	67808	tmp/wch-riscv	derived/upstream toolchain build corpus; not WCH chip/library documentation
2	tmp/wch-riscv/build/phase7-r3/source/gcc/libstdc++-v3/doc/xml/images/pbds_multimap_text_insert_mem_small_s2p_tree.pdf	98c7c1d4141d72e3ddd385f3e845c459bcf4966cfbd9f6a11ea987080613ba03	70972	tmp/wch-riscv	derived/upstream toolchain build corpus; not WCH chip/library documentation
2	tmp/wch-riscv/build/phase7-r3/source/gcc/libstdc++-v3/doc/xml/images/pbds_multimap_text_insert_small_s2p_hash.pdf	9e0d493bf1f14525978bee98c7076a99bf318f65683f29b2bddfb798bfdb6754	67656	tmp/wch-riscv	derived/upstream toolchain build corpus; not WCH chip/library documentation
2	tmp/wch-riscv/build/phase7-r3/source/gcc/libstdc++-v3/doc/xml/images/pbds_multimap_text_insert_small_s2p_tree.pdf	661cfb64b9d89f09c2d7778a37dd39b948f1f8e5b563b6c8528b43a49400dbee	70738	tmp/wch-riscv	derived/upstream toolchain build corpus; not WCH chip/library documentation
2	tmp/wch-riscv/build/phase7-r3/source/gcc/libstdc++-v3/doc/xml/images/pbds_pairing_priority_queue_text_modify_down_thin.pdf	7187486746d8b2af44f0c7daa80caf11653a74b0686ba2ae503088a38e5733cf	68294	tmp/wch-riscv	derived/upstream toolchain build corpus; not WCH chip/library documentation
2	tmp/wch-riscv/build/phase7-r3/source/gcc/libstdc++-v3/doc/xml/images/pbds_pairing_priority_queue_text_modify_up_thin.pdf	ad60e6dd66287bbe95ab5945b41e00d39689fd0b0f9f5378a1aff2e0e2f14e6e	68500	tmp/wch-riscv	derived/upstream toolchain build corpus; not WCH chip/library documentation
2	tmp/wch-riscv/build/phase7-r3/source/gcc/libstdc++-v3/doc/xml/images/pbds_pairing_priority_queue_text_push.pdf	d70e2426af17f9f3f6eae2a8cbce6a5db5ab92b969a5ad13a920735f6e7196ce	82821	tmp/wch-riscv	derived/upstream toolchain build corpus; not WCH chip/library documentation
2	tmp/wch-riscv/build/phase7-r3/source/gcc/libstdc++-v3/doc/xml/images/pbds_pairing_priority_queue_text_push_pop.pdf	84da208bed229a1c2125b5a211cb5438de379424710eef31aee8229bf4f150f6	75989	tmp/wch-riscv	derived/upstream toolchain build corpus; not WCH chip/library documentation
2	tmp/wch-riscv/build/phase7-r3/source/gcc/libstdc++-v3/doc/xml/images/pbds_priority_queue_int_push.pdf	0aad13f919c1b5f91cf11afaad8f32c16fc764f78507eff8e49d0504c33de3ad	103791	tmp/wch-riscv	derived/upstream toolchain build corpus; not WCH chip/library documentation
2	tmp/wch-riscv/build/phase7-r3/source/gcc/libstdc++-v3/doc/xml/images/pbds_priority_queue_int_push_pop.pdf	2768fe985b77534da45e11282907430752d7d1676b7be158357c438be35d23ed	103910	tmp/wch-riscv	derived/upstream toolchain build corpus; not WCH chip/library documentation
2	tmp/wch-riscv/build/phase7-r3/source/gcc/libstdc++-v3/doc/xml/images/pbds_priority_queue_tag_hierarchy.pdf	98a180b0f321a6f141d7d70ee35823cfd548fb2d06dd20acb96d2c8e05ef4419	7842	tmp/wch-riscv	derived/upstream toolchain build corpus; not WCH chip/library documentation
2	tmp/wch-riscv/build/phase7-r3/source/gcc/libstdc++-v3/doc/xml/images/pbds_priority_queue_text_join.pdf	d501de67098b24502e284132abb3954e3fdeddbac26616956faead18e8e0ba89	103511	tmp/wch-riscv	derived/upstream toolchain build corpus; not WCH chip/library documentation
2	tmp/wch-riscv/build/phase7-r3/source/gcc/libstdc++-v3/doc/xml/images/pbds_priority_queue_text_modify_down.pdf	be3da838576756cd0d140188310efc50b6d13a4ea930651a076b99b017b3ac75	103701	tmp/wch-riscv	derived/upstream toolchain build corpus; not WCH chip/library documentation
2	tmp/wch-riscv/build/phase7-r3/source/gcc/libstdc++-v3/doc/xml/images/pbds_priority_queue_text_modify_up.pdf	ae537ff0a19f71890dcdb0a430b95e581d9bbf185f5fab4de7a2cf014dfcfbd3	103554	tmp/wch-riscv	derived/upstream toolchain build corpus; not WCH chip/library documentation
2	tmp/wch-riscv/build/phase7-r3/source/gcc/libstdc++-v3/doc/xml/images/pbds_priority_queue_text_pop_mem.pdf	dbd40a3a26ea0c77d85b0d4134f52900c0fc335702ba3ffd222125325a28e107	102962	tmp/wch-riscv	derived/upstream toolchain build corpus; not WCH chip/library documentation
2	tmp/wch-riscv/build/phase7-r3/source/gcc/libstdc++-v3/doc/xml/images/pbds_priority_queue_text_push.pdf	fcdfcf63f9fb963765ed0b254f94eb706d49906b2669d8cdd8148084ff58cd91	103249	tmp/wch-riscv	derived/upstream toolchain build corpus; not WCH chip/library documentation
2	tmp/wch-riscv/build/phase7-r3/source/gcc/libstdc++-v3/doc/xml/images/pbds_priority_queue_text_push_pop.pdf	d573b3e570118c3328ebe0eb1af11c6e6970bb8513dfeaf769f258a531fcd7c5	103894	tmp/wch-riscv	derived/upstream toolchain build corpus; not WCH chip/library documentation
2	tmp/wch-riscv/build/phase7-r3/source/gcc/libstdc++-v3/doc/xml/images/pbds_tree_int_find.pdf	205b802a195de76c2d5093f9506380cc44cd7894d866973c18cc75868fda07ba	82717	tmp/wch-riscv	derived/upstream toolchain build corpus; not WCH chip/library documentation
2	tmp/wch-riscv/build/phase7-r3/source/gcc/libstdc++-v3/doc/xml/images/pbds_tree_order_statistics.pdf	35973475b4f69dcfedfa33527c31eac3c026b1e3a92251a122ab61d82c101b75	81007	tmp/wch-riscv	derived/upstream toolchain build corpus; not WCH chip/library documentation
2	tmp/wch-riscv/build/phase7-r3/source/gcc/libstdc++-v3/doc/xml/images/pbds_tree_split_join.pdf	6634da3144fb68efe5b45fb38ed20ef1638b77e381e046de8d3dc4757acd62b0	82727	tmp/wch-riscv	derived/upstream toolchain build corpus; not WCH chip/library documentation
2	tmp/wch-riscv/build/phase7-r3/source/gcc/libstdc++-v3/doc/xml/images/pbds_tree_text_find.pdf	9a599ec5d821055e5ed78ca08f7e32bdde2a2005f1c68fe0ef61cffde3b6d4ad	84206	tmp/wch-riscv	derived/upstream toolchain build corpus; not WCH chip/library documentation
2	tmp/wch-riscv/build/phase7-r3/source/gcc/libstdc++-v3/doc/xml/images/pbds_tree_text_insert_node.pdf	dd0b0b1093d489fe2a899fa146eeae785945dd920c491a823a3ccd740533a308	80772	tmp/wch-riscv	derived/upstream toolchain build corpus; not WCH chip/library documentation
2	tmp/wch-riscv/build/phase7-r3/source/gcc/libstdc++-v3/doc/xml/images/pbds_tree_text_insert_trie.pdf	073a10c15b1db320d871d8069ec7995aee28a2881c2296670fb2dbe2862370d9	68209	tmp/wch-riscv	derived/upstream toolchain build corpus; not WCH chip/library documentation
2	tmp/wch-riscv/build/phase7-r3/source/gcc/libstdc++-v3/doc/xml/images/pbds_tree_text_insert_vector.pdf	e3d4d1c64abeea9749a512bcdc7d0ed834688295068c20d74a3beb929ff25c1c	68484	tmp/wch-riscv	derived/upstream toolchain build corpus; not WCH chip/library documentation
2	tmp/wch-riscv/build/phase7-r3/source/gcc/libstdc++-v3/doc/xml/images/pbds_tree_text_lor_find.pdf	49b9603a85eac24378f067c05c18b15df85dfdc693b133ddc671174d5dcb99b9	82720	tmp/wch-riscv	derived/upstream toolchain build corpus; not WCH chip/library documentation
2	tmp/wch-riscv/build/phase7-r4/source/binutils/zlib/doc/crc-doc.1.0.pdf	064f9252d6e2e15ea56c2bd18e160e5c9c84bcd137c11a7af497aaa511ace998	776142	tmp/wch-riscv	derived/upstream toolchain build corpus; not WCH chip/library documentation
2	tmp/wch-riscv/build/phase7-r4/source/binutils/zlib/zlib.3.pdf	c131fc86c31aeceb1e0217e8fd5288f573395cdfa5f6c34455e854330d306b84	8848	tmp/wch-riscv	derived/upstream toolchain build corpus; not WCH chip/library documentation
2	tmp/wch-riscv/build/phase7-r4/source/gcc/libstdc++-v3/doc/xml/images/confdeps.pdf	6897b8c088133947bd29d84982981bfb738813c5d7c8499593acb929a3ebe479	50629	tmp/wch-riscv	derived/upstream toolchain build corpus; not WCH chip/library documentation
2	tmp/wch-riscv/build/phase7-r4/source/gcc/libstdc++-v3/doc/xml/images/pbds_binary_priority_queue_int_push.pdf	ee6294f648c3b74e54c77cd4793be05cae3c8d97b861d24d3f4d2b595cd9ed67	81428	tmp/wch-riscv	derived/upstream toolchain build corpus; not WCH chip/library documentation
2	tmp/wch-riscv/build/phase7-r4/source/gcc/libstdc++-v3/doc/xml/images/pbds_binary_priority_queue_int_push_pop.pdf	3d37c44d53a960204b468e4e5490e78775f87ac445425602a362bdbef30c814f	81328	tmp/wch-riscv	derived/upstream toolchain build corpus; not WCH chip/library documentation
2	tmp/wch-riscv/build/phase7-r4/source/gcc/libstdc++-v3/doc/xml/images/pbds_cc_hash_int_find.pdf	35d9a7cbe799521b412bc8167a6c09ec03b32b967b5f4bd6a71c77963f5eef5e	90172	tmp/wch-riscv	derived/upstream toolchain build corpus; not WCH chip/library documentation
2	tmp/wch-riscv/build/phase7-r4/source/gcc/libstdc++-v3/doc/xml/images/pbds_cc_hash_int_subscript_find.pdf	302f20a083b005d0c84d37152fde14e0324f80263fa12cbf52bcb11bec809af2	90040	tmp/wch-riscv	derived/upstream toolchain build corpus; not WCH chip/library documentation
2	tmp/wch-riscv/build/phase7-r4/source/gcc/libstdc++-v3/doc/xml/images/pbds_cc_hash_int_subscript_insert.pdf	abddb22c074ae34f19cb6b09071f1ce0acd70f1983e106e6e1b0415465d55a96	90196	tmp/wch-riscv	derived/upstream toolchain build corpus; not WCH chip/library documentation
2	tmp/wch-riscv/build/phase7-r4/source/gcc/libstdc++-v3/doc/xml/images/pbds_ccgp_hash_int_subscript_insert.pdf	0290dff94cfec4b2e0d5664133f1ea39d9574578a8cfc92a9759fdeb7d261039	77608	tmp/wch-riscv	derived/upstream toolchain build corpus; not WCH chip/library documentation
2	tmp/wch-riscv/build/phase7-r4/source/gcc/libstdc++-v3/doc/xml/images/pbds_container_tag_hierarchy.pdf	f6bf580067c19e71c968e30c668e5c5d1f242ac78343e7e43db363647e067297	9605	tmp/wch-riscv	derived/upstream toolchain build corpus; not WCH chip/library documentation
2	tmp/wch-riscv/build/phase7-r4/source/gcc/libstdc++-v3/doc/xml/images/pbds_exception_hierarchy.pdf	84174874b89383b400bd5598ebcc9be5491a9d25ec453a03f5c6d9db9086d1ed	7520	tmp/wch-riscv	derived/upstream toolchain build corpus; not WCH chip/library documentation
2	tmp/wch-riscv/build/phase7-r4/source/gcc/libstdc++-v3/doc/xml/images/pbds_gp_hash_int_find.pdf	0f146067d487b0ee4d2576ec40c1e92062ec11aee96ad87e09cc14aecfb94507	76134	tmp/wch-riscv	derived/upstream toolchain build corpus; not WCH chip/library documentation
2	tmp/wch-riscv/build/phase7-r4/source/gcc/libstdc++-v3/doc/xml/images/pbds_gp_hash_int_subscript_find.pdf	a8907196ddb7f58e94b637ac6476cbf4fd1c14e42b7787a7ef6ca52560147f8b	76225	tmp/wch-riscv	derived/upstream toolchain build corpus; not WCH chip/library documentation
2	tmp/wch-riscv/build/phase7-r4/source/gcc/libstdc++-v3/doc/xml/images/pbds_gp_hash_int_subscript_insert.pdf	71be2aba307548a71fccef466b046dff44e2f7f4b5352fb97fb2f686ecf9feb8	76238	tmp/wch-riscv	derived/upstream toolchain build corpus; not WCH chip/library documentation
2	tmp/wch-riscv/build/phase7-r4/source/gcc/libstdc++-v3/doc/xml/images/pbds_hash_int_erase_mem.pdf	ad35f8085b11b100010315d2a06e8121c6efae7b3e756b083110ba163a637cfa	77175	tmp/wch-riscv	derived/upstream toolchain build corpus; not WCH chip/library documentation
2	tmp/wch-riscv/build/phase7-r4/source/gcc/libstdc++-v3/doc/xml/images/pbds_hash_text_find.pdf	2ffdc67ead08e03ae975bc730452ef4647c9f90f275173037d09709791247ee0	83353	tmp/wch-riscv	derived/upstream toolchain build corpus; not WCH chip/library documentation
2	tmp/wch-riscv/build/phase7-r4/source/gcc/libstdc++-v3/doc/xml/images/pbds_hash_zlob_int_find.pdf	7b2ec1c0a874722911b39f009b0ef2c13deaedbbb1600fc63d69e7e56e177f89	89031	tmp/wch-riscv	derived/upstream toolchain build corpus; not WCH chip/library documentation
2	tmp/wch-riscv/build/phase7-r4/source/gcc/libstdc++-v3/doc/xml/images/pbds_invalidation_tag_hierarchy.pdf	8fbb836ca736d6a7eb60ed76f48d9dfaace4cf3ba01022a1d6567cb23e7241e0	6903	tmp/wch-riscv	derived/upstream toolchain build corpus; not WCH chip/library documentation
2	tmp/wch-riscv/build/phase7-r4/source/gcc/libstdc++-v3/doc/xml/images/pbds_multimap_text_find_large_s2p_hash.pdf	4438b6edcd4a78866a586376ce60d5113b4deb978cfbd4a0e9ac1382bab6297a	67642	tmp/wch-riscv	derived/upstream toolchain build corpus; not WCH chip/library documentation
2	tmp/wch-riscv/build/phase7-r4/source/gcc/libstdc++-v3/doc/xml/images/pbds_multimap_text_find_large_s2p_tree.pdf	822194b5b6f9360c46748f0cee150b6e4fb8b8a223e27268e6aeb53a4dabf5c3	70583	tmp/wch-riscv	derived/upstream toolchain build corpus; not WCH chip/library documentation
2	tmp/wch-riscv/build/phase7-r4/source/gcc/libstdc++-v3/doc/xml/images/pbds_multimap_text_find_small_s2p_hash.pdf	ef3be06ae10bf60d41606e8b5e8dd31b7f329ffb899ec04299b395e3acffabea	67623	tmp/wch-riscv	derived/upstream toolchain build corpus; not WCH chip/library documentation
2	tmp/wch-riscv/build/phase7-r4/source/gcc/libstdc++-v3/doc/xml/images/pbds_multimap_text_find_small_s2p_tree.pdf	405254864882bb64ae351ac57a5bf7e0898634e0ac83d5a4ee89a571aee180f6	70942	tmp/wch-riscv	derived/upstream toolchain build corpus; not WCH chip/library documentation
2	tmp/wch-riscv/build/phase7-r4/source/gcc/libstdc++-v3/doc/xml/images/pbds_multimap_text_insert_large_s2p_hash.pdf	12b9a7adc4f168ea611493147465ccfe6fcb3fcb18da7d69c5a198fa9858d835	67457	tmp/wch-riscv	derived/upstream toolchain build corpus; not WCH chip/library documentation
2	tmp/wch-riscv/build/phase7-r4/source/gcc/libstdc++-v3/doc/xml/images/pbds_multimap_text_insert_large_s2p_tree.pdf	4cb27bbc13561e87c97b1c5e018448c61b3d4f8f31f1e38856e5cdc9705acf70	70759	tmp/wch-riscv	derived/upstream toolchain build corpus; not WCH chip/library documentation
2	tmp/wch-riscv/build/phase7-r4/source/gcc/libstdc++-v3/doc/xml/images/pbds_multimap_text_insert_mem_large_s2p_hash.pdf	098a9eeb30070bc4abf4f44a3198653f00cb6420e0745bd2696098f44e3e3d65	67786	tmp/wch-riscv	derived/upstream toolchain build corpus; not WCH chip/library documentation
2	tmp/wch-riscv/build/phase7-r4/source/gcc/libstdc++-v3/doc/xml/images/pbds_multimap_text_insert_mem_large_s2p_tree.pdf	6032a0712f510f32261f5d1851d940668e07fc5fb356f719c71120c2df1711dd	70776	tmp/wch-riscv	derived/upstream toolchain build corpus; not WCH chip/library documentation
2	tmp/wch-riscv/build/phase7-r4/source/gcc/libstdc++-v3/doc/xml/images/pbds_multimap_text_insert_mem_small_s2p_hash.pdf	5593cdc4c6b87f6ef1ffc2ffcb9ebe133815d50e8f4ea955815c4f04c8a89f85	67808	tmp/wch-riscv	derived/upstream toolchain build corpus; not WCH chip/library documentation
2	tmp/wch-riscv/build/phase7-r4/source/gcc/libstdc++-v3/doc/xml/images/pbds_multimap_text_insert_mem_small_s2p_tree.pdf	98c7c1d4141d72e3ddd385f3e845c459bcf4966cfbd9f6a11ea987080613ba03	70972	tmp/wch-riscv	derived/upstream toolchain build corpus; not WCH chip/library documentation
2	tmp/wch-riscv/build/phase7-r4/source/gcc/libstdc++-v3/doc/xml/images/pbds_multimap_text_insert_small_s2p_hash.pdf	9e0d493bf1f14525978bee98c7076a99bf318f65683f29b2bddfb798bfdb6754	67656	tmp/wch-riscv	derived/upstream toolchain build corpus; not WCH chip/library documentation
2	tmp/wch-riscv/build/phase7-r4/source/gcc/libstdc++-v3/doc/xml/images/pbds_multimap_text_insert_small_s2p_tree.pdf	661cfb64b9d89f09c2d7778a37dd39b948f1f8e5b563b6c8528b43a49400dbee	70738	tmp/wch-riscv	derived/upstream toolchain build corpus; not WCH chip/library documentation
2	tmp/wch-riscv/build/phase7-r4/source/gcc/libstdc++-v3/doc/xml/images/pbds_pairing_priority_queue_text_modify_down_thin.pdf	7187486746d8b2af44f0c7daa80caf11653a74b0686ba2ae503088a38e5733cf	68294	tmp/wch-riscv	derived/upstream toolchain build corpus; not WCH chip/library documentation
2	tmp/wch-riscv/build/phase7-r4/source/gcc/libstdc++-v3/doc/xml/images/pbds_pairing_priority_queue_text_modify_up_thin.pdf	ad60e6dd66287bbe95ab5945b41e00d39689fd0b0f9f5378a1aff2e0e2f14e6e	68500	tmp/wch-riscv	derived/upstream toolchain build corpus; not WCH chip/library documentation
2	tmp/wch-riscv/build/phase7-r4/source/gcc/libstdc++-v3/doc/xml/images/pbds_pairing_priority_queue_text_push.pdf	d70e2426af17f9f3f6eae2a8cbce6a5db5ab92b969a5ad13a920735f6e7196ce	82821	tmp/wch-riscv	derived/upstream toolchain build corpus; not WCH chip/library documentation
2	tmp/wch-riscv/build/phase7-r4/source/gcc/libstdc++-v3/doc/xml/images/pbds_pairing_priority_queue_text_push_pop.pdf	84da208bed229a1c2125b5a211cb5438de379424710eef31aee8229bf4f150f6	75989	tmp/wch-riscv	derived/upstream toolchain build corpus; not WCH chip/library documentation
2	tmp/wch-riscv/build/phase7-r4/source/gcc/libstdc++-v3/doc/xml/images/pbds_priority_queue_int_push.pdf	0aad13f919c1b5f91cf11afaad8f32c16fc764f78507eff8e49d0504c33de3ad	103791	tmp/wch-riscv	derived/upstream toolchain build corpus; not WCH chip/library documentation
2	tmp/wch-riscv/build/phase7-r4/source/gcc/libstdc++-v3/doc/xml/images/pbds_priority_queue_int_push_pop.pdf	2768fe985b77534da45e11282907430752d7d1676b7be158357c438be35d23ed	103910	tmp/wch-riscv	derived/upstream toolchain build corpus; not WCH chip/library documentation
2	tmp/wch-riscv/build/phase7-r4/source/gcc/libstdc++-v3/doc/xml/images/pbds_priority_queue_tag_hierarchy.pdf	98a180b0f321a6f141d7d70ee35823cfd548fb2d06dd20acb96d2c8e05ef4419	7842	tmp/wch-riscv	derived/upstream toolchain build corpus; not WCH chip/library documentation
2	tmp/wch-riscv/build/phase7-r4/source/gcc/libstdc++-v3/doc/xml/images/pbds_priority_queue_text_join.pdf	d501de67098b24502e284132abb3954e3fdeddbac26616956faead18e8e0ba89	103511	tmp/wch-riscv	derived/upstream toolchain build corpus; not WCH chip/library documentation
2	tmp/wch-riscv/build/phase7-r4/source/gcc/libstdc++-v3/doc/xml/images/pbds_priority_queue_text_modify_down.pdf	be3da838576756cd0d140188310efc50b6d13a4ea930651a076b99b017b3ac75	103701	tmp/wch-riscv	derived/upstream toolchain build corpus; not WCH chip/library documentation
2	tmp/wch-riscv/build/phase7-r4/source/gcc/libstdc++-v3/doc/xml/images/pbds_priority_queue_text_modify_up.pdf	ae537ff0a19f71890dcdb0a430b95e581d9bbf185f5fab4de7a2cf014dfcfbd3	103554	tmp/wch-riscv	derived/upstream toolchain build corpus; not WCH chip/library documentation
2	tmp/wch-riscv/build/phase7-r4/source/gcc/libstdc++-v3/doc/xml/images/pbds_priority_queue_text_pop_mem.pdf	dbd40a3a26ea0c77d85b0d4134f52900c0fc335702ba3ffd222125325a28e107	102962	tmp/wch-riscv	derived/upstream toolchain build corpus; not WCH chip/library documentation
2	tmp/wch-riscv/build/phase7-r4/source/gcc/libstdc++-v3/doc/xml/images/pbds_priority_queue_text_push.pdf	fcdfcf63f9fb963765ed0b254f94eb706d49906b2669d8cdd8148084ff58cd91	103249	tmp/wch-riscv	derived/upstream toolchain build corpus; not WCH chip/library documentation
2	tmp/wch-riscv/build/phase7-r4/source/gcc/libstdc++-v3/doc/xml/images/pbds_priority_queue_text_push_pop.pdf	d573b3e570118c3328ebe0eb1af11c6e6970bb8513dfeaf769f258a531fcd7c5	103894	tmp/wch-riscv	derived/upstream toolchain build corpus; not WCH chip/library documentation
2	tmp/wch-riscv/build/phase7-r4/source/gcc/libstdc++-v3/doc/xml/images/pbds_tree_int_find.pdf	205b802a195de76c2d5093f9506380cc44cd7894d866973c18cc75868fda07ba	82717	tmp/wch-riscv	derived/upstream toolchain build corpus; not WCH chip/library documentation
2	tmp/wch-riscv/build/phase7-r4/source/gcc/libstdc++-v3/doc/xml/images/pbds_tree_order_statistics.pdf	35973475b4f69dcfedfa33527c31eac3c026b1e3a92251a122ab61d82c101b75	81007	tmp/wch-riscv	derived/upstream toolchain build corpus; not WCH chip/library documentation
2	tmp/wch-riscv/build/phase7-r4/source/gcc/libstdc++-v3/doc/xml/images/pbds_tree_split_join.pdf	6634da3144fb68efe5b45fb38ed20ef1638b77e381e046de8d3dc4757acd62b0	82727	tmp/wch-riscv	derived/upstream toolchain build corpus; not WCH chip/library documentation
2	tmp/wch-riscv/build/phase7-r4/source/gcc/libstdc++-v3/doc/xml/images/pbds_tree_text_find.pdf	9a599ec5d821055e5ed78ca08f7e32bdde2a2005f1c68fe0ef61cffde3b6d4ad	84206	tmp/wch-riscv	derived/upstream toolchain build corpus; not WCH chip/library documentation
2	tmp/wch-riscv/build/phase7-r4/source/gcc/libstdc++-v3/doc/xml/images/pbds_tree_text_insert_node.pdf	dd0b0b1093d489fe2a899fa146eeae785945dd920c491a823a3ccd740533a308	80772	tmp/wch-riscv	derived/upstream toolchain build corpus; not WCH chip/library documentation
2	tmp/wch-riscv/build/phase7-r4/source/gcc/libstdc++-v3/doc/xml/images/pbds_tree_text_insert_trie.pdf	073a10c15b1db320d871d8069ec7995aee28a2881c2296670fb2dbe2862370d9	68209	tmp/wch-riscv	derived/upstream toolchain build corpus; not WCH chip/library documentation
2	tmp/wch-riscv/build/phase7-r4/source/gcc/libstdc++-v3/doc/xml/images/pbds_tree_text_insert_vector.pdf	e3d4d1c64abeea9749a512bcdc7d0ed834688295068c20d74a3beb929ff25c1c	68484	tmp/wch-riscv	derived/upstream toolchain build corpus; not WCH chip/library documentation
2	tmp/wch-riscv/build/phase7-r4/source/gcc/libstdc++-v3/doc/xml/images/pbds_tree_text_lor_find.pdf	49b9603a85eac24378f067c05c18b15df85dfdc693b133ddc671174d5dcb99b9	82720	tmp/wch-riscv	derived/upstream toolchain build corpus; not WCH chip/library documentation
2	tmp/wch-riscv/build/phase7-r5/source/binutils/zlib/doc/crc-doc.1.0.pdf	064f9252d6e2e15ea56c2bd18e160e5c9c84bcd137c11a7af497aaa511ace998	776142	tmp/wch-riscv	derived/upstream toolchain build corpus; not WCH chip/library documentation
2	tmp/wch-riscv/build/phase7-r5/source/binutils/zlib/zlib.3.pdf	c131fc86c31aeceb1e0217e8fd5288f573395cdfa5f6c34455e854330d306b84	8848	tmp/wch-riscv	derived/upstream toolchain build corpus; not WCH chip/library documentation
2	tmp/wch-riscv/build/phase7-r5/source/gcc/libstdc++-v3/doc/xml/images/confdeps.pdf	6897b8c088133947bd29d84982981bfb738813c5d7c8499593acb929a3ebe479	50629	tmp/wch-riscv	derived/upstream toolchain build corpus; not WCH chip/library documentation
2	tmp/wch-riscv/build/phase7-r5/source/gcc/libstdc++-v3/doc/xml/images/pbds_binary_priority_queue_int_push.pdf	ee6294f648c3b74e54c77cd4793be05cae3c8d97b861d24d3f4d2b595cd9ed67	81428	tmp/wch-riscv	derived/upstream toolchain build corpus; not WCH chip/library documentation
2	tmp/wch-riscv/build/phase7-r5/source/gcc/libstdc++-v3/doc/xml/images/pbds_binary_priority_queue_int_push_pop.pdf	3d37c44d53a960204b468e4e5490e78775f87ac445425602a362bdbef30c814f	81328	tmp/wch-riscv	derived/upstream toolchain build corpus; not WCH chip/library documentation
2	tmp/wch-riscv/build/phase7-r5/source/gcc/libstdc++-v3/doc/xml/images/pbds_cc_hash_int_find.pdf	35d9a7cbe799521b412bc8167a6c09ec03b32b967b5f4bd6a71c77963f5eef5e	90172	tmp/wch-riscv	derived/upstream toolchain build corpus; not WCH chip/library documentation
2	tmp/wch-riscv/build/phase7-r5/source/gcc/libstdc++-v3/doc/xml/images/pbds_cc_hash_int_subscript_find.pdf	302f20a083b005d0c84d37152fde14e0324f80263fa12cbf52bcb11bec809af2	90040	tmp/wch-riscv	derived/upstream toolchain build corpus; not WCH chip/library documentation
2	tmp/wch-riscv/build/phase7-r5/source/gcc/libstdc++-v3/doc/xml/images/pbds_cc_hash_int_subscript_insert.pdf	abddb22c074ae34f19cb6b09071f1ce0acd70f1983e106e6e1b0415465d55a96	90196	tmp/wch-riscv	derived/upstream toolchain build corpus; not WCH chip/library documentation
2	tmp/wch-riscv/build/phase7-r5/source/gcc/libstdc++-v3/doc/xml/images/pbds_ccgp_hash_int_subscript_insert.pdf	0290dff94cfec4b2e0d5664133f1ea39d9574578a8cfc92a9759fdeb7d261039	77608	tmp/wch-riscv	derived/upstream toolchain build corpus; not WCH chip/library documentation
2	tmp/wch-riscv/build/phase7-r5/source/gcc/libstdc++-v3/doc/xml/images/pbds_container_tag_hierarchy.pdf	f6bf580067c19e71c968e30c668e5c5d1f242ac78343e7e43db363647e067297	9605	tmp/wch-riscv	derived/upstream toolchain build corpus; not WCH chip/library documentation
2	tmp/wch-riscv/build/phase7-r5/source/gcc/libstdc++-v3/doc/xml/images/pbds_exception_hierarchy.pdf	84174874b89383b400bd5598ebcc9be5491a9d25ec453a03f5c6d9db9086d1ed	7520	tmp/wch-riscv	derived/upstream toolchain build corpus; not WCH chip/library documentation
2	tmp/wch-riscv/build/phase7-r5/source/gcc/libstdc++-v3/doc/xml/images/pbds_gp_hash_int_find.pdf	0f146067d487b0ee4d2576ec40c1e92062ec11aee96ad87e09cc14aecfb94507	76134	tmp/wch-riscv	derived/upstream toolchain build corpus; not WCH chip/library documentation
2	tmp/wch-riscv/build/phase7-r5/source/gcc/libstdc++-v3/doc/xml/images/pbds_gp_hash_int_subscript_find.pdf	a8907196ddb7f58e94b637ac6476cbf4fd1c14e42b7787a7ef6ca52560147f8b	76225	tmp/wch-riscv	derived/upstream toolchain build corpus; not WCH chip/library documentation
2	tmp/wch-riscv/build/phase7-r5/source/gcc/libstdc++-v3/doc/xml/images/pbds_gp_hash_int_subscript_insert.pdf	71be2aba307548a71fccef466b046dff44e2f7f4b5352fb97fb2f686ecf9feb8	76238	tmp/wch-riscv	derived/upstream toolchain build corpus; not WCH chip/library documentation
2	tmp/wch-riscv/build/phase7-r5/source/gcc/libstdc++-v3/doc/xml/images/pbds_hash_int_erase_mem.pdf	ad35f8085b11b100010315d2a06e8121c6efae7b3e756b083110ba163a637cfa	77175	tmp/wch-riscv	derived/upstream toolchain build corpus; not WCH chip/library documentation
2	tmp/wch-riscv/build/phase7-r5/source/gcc/libstdc++-v3/doc/xml/images/pbds_hash_text_find.pdf	2ffdc67ead08e03ae975bc730452ef4647c9f90f275173037d09709791247ee0	83353	tmp/wch-riscv	derived/upstream toolchain build corpus; not WCH chip/library documentation
2	tmp/wch-riscv/build/phase7-r5/source/gcc/libstdc++-v3/doc/xml/images/pbds_hash_zlob_int_find.pdf	7b2ec1c0a874722911b39f009b0ef2c13deaedbbb1600fc63d69e7e56e177f89	89031	tmp/wch-riscv	derived/upstream toolchain build corpus; not WCH chip/library documentation
2	tmp/wch-riscv/build/phase7-r5/source/gcc/libstdc++-v3/doc/xml/images/pbds_invalidation_tag_hierarchy.pdf	8fbb836ca736d6a7eb60ed76f48d9dfaace4cf3ba01022a1d6567cb23e7241e0	6903	tmp/wch-riscv	derived/upstream toolchain build corpus; not WCH chip/library documentation
2	tmp/wch-riscv/build/phase7-r5/source/gcc/libstdc++-v3/doc/xml/images/pbds_multimap_text_find_large_s2p_hash.pdf	4438b6edcd4a78866a586376ce60d5113b4deb978cfbd4a0e9ac1382bab6297a	67642	tmp/wch-riscv	derived/upstream toolchain build corpus; not WCH chip/library documentation
2	tmp/wch-riscv/build/phase7-r5/source/gcc/libstdc++-v3/doc/xml/images/pbds_multimap_text_find_large_s2p_tree.pdf	822194b5b6f9360c46748f0cee150b6e4fb8b8a223e27268e6aeb53a4dabf5c3	70583	tmp/wch-riscv	derived/upstream toolchain build corpus; not WCH chip/library documentation
2	tmp/wch-riscv/build/phase7-r5/source/gcc/libstdc++-v3/doc/xml/images/pbds_multimap_text_find_small_s2p_hash.pdf	ef3be06ae10bf60d41606e8b5e8dd31b7f329ffb899ec04299b395e3acffabea	67623	tmp/wch-riscv	derived/upstream toolchain build corpus; not WCH chip/library documentation
2	tmp/wch-riscv/build/phase7-r5/source/gcc/libstdc++-v3/doc/xml/images/pbds_multimap_text_find_small_s2p_tree.pdf	405254864882bb64ae351ac57a5bf7e0898634e0ac83d5a4ee89a571aee180f6	70942	tmp/wch-riscv	derived/upstream toolchain build corpus; not WCH chip/library documentation
2	tmp/wch-riscv/build/phase7-r5/source/gcc/libstdc++-v3/doc/xml/images/pbds_multimap_text_insert_large_s2p_hash.pdf	12b9a7adc4f168ea611493147465ccfe6fcb3fcb18da7d69c5a198fa9858d835	67457	tmp/wch-riscv	derived/upstream toolchain build corpus; not WCH chip/library documentation
2	tmp/wch-riscv/build/phase7-r5/source/gcc/libstdc++-v3/doc/xml/images/pbds_multimap_text_insert_large_s2p_tree.pdf	4cb27bbc13561e87c97b1c5e018448c61b3d4f8f31f1e38856e5cdc9705acf70	70759	tmp/wch-riscv	derived/upstream toolchain build corpus; not WCH chip/library documentation
2	tmp/wch-riscv/build/phase7-r5/source/gcc/libstdc++-v3/doc/xml/images/pbds_multimap_text_insert_mem_large_s2p_hash.pdf	098a9eeb30070bc4abf4f44a3198653f00cb6420e0745bd2696098f44e3e3d65	67786	tmp/wch-riscv	derived/upstream toolchain build corpus; not WCH chip/library documentation
2	tmp/wch-riscv/build/phase7-r5/source/gcc/libstdc++-v3/doc/xml/images/pbds_multimap_text_insert_mem_large_s2p_tree.pdf	6032a0712f510f32261f5d1851d940668e07fc5fb356f719c71120c2df1711dd	70776	tmp/wch-riscv	derived/upstream toolchain build corpus; not WCH chip/library documentation
2	tmp/wch-riscv/build/phase7-r5/source/gcc/libstdc++-v3/doc/xml/images/pbds_multimap_text_insert_mem_small_s2p_hash.pdf	5593cdc4c6b87f6ef1ffc2ffcb9ebe133815d50e8f4ea955815c4f04c8a89f85	67808	tmp/wch-riscv	derived/upstream toolchain build corpus; not WCH chip/library documentation
2	tmp/wch-riscv/build/phase7-r5/source/gcc/libstdc++-v3/doc/xml/images/pbds_multimap_text_insert_mem_small_s2p_tree.pdf	98c7c1d4141d72e3ddd385f3e845c459bcf4966cfbd9f6a11ea987080613ba03	70972	tmp/wch-riscv	derived/upstream toolchain build corpus; not WCH chip/library documentation
2	tmp/wch-riscv/build/phase7-r5/source/gcc/libstdc++-v3/doc/xml/images/pbds_multimap_text_insert_small_s2p_hash.pdf	9e0d493bf1f14525978bee98c7076a99bf318f65683f29b2bddfb798bfdb6754	67656	tmp/wch-riscv	derived/upstream toolchain build corpus; not WCH chip/library documentation
2	tmp/wch-riscv/build/phase7-r5/source/gcc/libstdc++-v3/doc/xml/images/pbds_multimap_text_insert_small_s2p_tree.pdf	661cfb64b9d89f09c2d7778a37dd39b948f1f8e5b563b6c8528b43a49400dbee	70738	tmp/wch-riscv	derived/upstream toolchain build corpus; not WCH chip/library documentation
2	tmp/wch-riscv/build/phase7-r5/source/gcc/libstdc++-v3/doc/xml/images/pbds_pairing_priority_queue_text_modify_down_thin.pdf	7187486746d8b2af44f0c7daa80caf11653a74b0686ba2ae503088a38e5733cf	68294	tmp/wch-riscv	derived/upstream toolchain build corpus; not WCH chip/library documentation
2	tmp/wch-riscv/build/phase7-r5/source/gcc/libstdc++-v3/doc/xml/images/pbds_pairing_priority_queue_text_modify_up_thin.pdf	ad60e6dd66287bbe95ab5945b41e00d39689fd0b0f9f5378a1aff2e0e2f14e6e	68500	tmp/wch-riscv	derived/upstream toolchain build corpus; not WCH chip/library documentation
2	tmp/wch-riscv/build/phase7-r5/source/gcc/libstdc++-v3/doc/xml/images/pbds_pairing_priority_queue_text_push.pdf	d70e2426af17f9f3f6eae2a8cbce6a5db5ab92b969a5ad13a920735f6e7196ce	82821	tmp/wch-riscv	derived/upstream toolchain build corpus; not WCH chip/library documentation
2	tmp/wch-riscv/build/phase7-r5/source/gcc/libstdc++-v3/doc/xml/images/pbds_pairing_priority_queue_text_push_pop.pdf	84da208bed229a1c2125b5a211cb5438de379424710eef31aee8229bf4f150f6	75989	tmp/wch-riscv	derived/upstream toolchain build corpus; not WCH chip/library documentation
2	tmp/wch-riscv/build/phase7-r5/source/gcc/libstdc++-v3/doc/xml/images/pbds_priority_queue_int_push.pdf	0aad13f919c1b5f91cf11afaad8f32c16fc764f78507eff8e49d0504c33de3ad	103791	tmp/wch-riscv	derived/upstream toolchain build corpus; not WCH chip/library documentation
2	tmp/wch-riscv/build/phase7-r5/source/gcc/libstdc++-v3/doc/xml/images/pbds_priority_queue_int_push_pop.pdf	2768fe985b77534da45e11282907430752d7d1676b7be158357c438be35d23ed	103910	tmp/wch-riscv	derived/upstream toolchain build corpus; not WCH chip/library documentation
2	tmp/wch-riscv/build/phase7-r5/source/gcc/libstdc++-v3/doc/xml/images/pbds_priority_queue_tag_hierarchy.pdf	98a180b0f321a6f141d7d70ee35823cfd548fb2d06dd20acb96d2c8e05ef4419	7842	tmp/wch-riscv	derived/upstream toolchain build corpus; not WCH chip/library documentation
2	tmp/wch-riscv/build/phase7-r5/source/gcc/libstdc++-v3/doc/xml/images/pbds_priority_queue_text_join.pdf	d501de67098b24502e284132abb3954e3fdeddbac26616956faead18e8e0ba89	103511	tmp/wch-riscv	derived/upstream toolchain build corpus; not WCH chip/library documentation
2	tmp/wch-riscv/build/phase7-r5/source/gcc/libstdc++-v3/doc/xml/images/pbds_priority_queue_text_modify_down.pdf	be3da838576756cd0d140188310efc50b6d13a4ea930651a076b99b017b3ac75	103701	tmp/wch-riscv	derived/upstream toolchain build corpus; not WCH chip/library documentation
2	tmp/wch-riscv/build/phase7-r5/source/gcc/libstdc++-v3/doc/xml/images/pbds_priority_queue_text_modify_up.pdf	ae537ff0a19f71890dcdb0a430b95e581d9bbf185f5fab4de7a2cf014dfcfbd3	103554	tmp/wch-riscv	derived/upstream toolchain build corpus; not WCH chip/library documentation
2	tmp/wch-riscv/build/phase7-r5/source/gcc/libstdc++-v3/doc/xml/images/pbds_priority_queue_text_pop_mem.pdf	dbd40a3a26ea0c77d85b0d4134f52900c0fc335702ba3ffd222125325a28e107	102962	tmp/wch-riscv	derived/upstream toolchain build corpus; not WCH chip/library documentation
2	tmp/wch-riscv/build/phase7-r5/source/gcc/libstdc++-v3/doc/xml/images/pbds_priority_queue_text_push.pdf	fcdfcf63f9fb963765ed0b254f94eb706d49906b2669d8cdd8148084ff58cd91	103249	tmp/wch-riscv	derived/upstream toolchain build corpus; not WCH chip/library documentation
2	tmp/wch-riscv/build/phase7-r5/source/gcc/libstdc++-v3/doc/xml/images/pbds_priority_queue_text_push_pop.pdf	d573b3e570118c3328ebe0eb1af11c6e6970bb8513dfeaf769f258a531fcd7c5	103894	tmp/wch-riscv	derived/upstream toolchain build corpus; not WCH chip/library documentation
2	tmp/wch-riscv/build/phase7-r5/source/gcc/libstdc++-v3/doc/xml/images/pbds_tree_int_find.pdf	205b802a195de76c2d5093f9506380cc44cd7894d866973c18cc75868fda07ba	82717	tmp/wch-riscv	derived/upstream toolchain build corpus; not WCH chip/library documentation
2	tmp/wch-riscv/build/phase7-r5/source/gcc/libstdc++-v3/doc/xml/images/pbds_tree_order_statistics.pdf	35973475b4f69dcfedfa33527c31eac3c026b1e3a92251a122ab61d82c101b75	81007	tmp/wch-riscv	derived/upstream toolchain build corpus; not WCH chip/library documentation
2	tmp/wch-riscv/build/phase7-r5/source/gcc/libstdc++-v3/doc/xml/images/pbds_tree_split_join.pdf	6634da3144fb68efe5b45fb38ed20ef1638b77e381e046de8d3dc4757acd62b0	82727	tmp/wch-riscv	derived/upstream toolchain build corpus; not WCH chip/library documentation
2	tmp/wch-riscv/build/phase7-r5/source/gcc/libstdc++-v3/doc/xml/images/pbds_tree_text_find.pdf	9a599ec5d821055e5ed78ca08f7e32bdde2a2005f1c68fe0ef61cffde3b6d4ad	84206	tmp/wch-riscv	derived/upstream toolchain build corpus; not WCH chip/library documentation
2	tmp/wch-riscv/build/phase7-r5/source/gcc/libstdc++-v3/doc/xml/images/pbds_tree_text_insert_node.pdf	dd0b0b1093d489fe2a899fa146eeae785945dd920c491a823a3ccd740533a308	80772	tmp/wch-riscv	derived/upstream toolchain build corpus; not WCH chip/library documentation
2	tmp/wch-riscv/build/phase7-r5/source/gcc/libstdc++-v3/doc/xml/images/pbds_tree_text_insert_trie.pdf	073a10c15b1db320d871d8069ec7995aee28a2881c2296670fb2dbe2862370d9	68209	tmp/wch-riscv	derived/upstream toolchain build corpus; not WCH chip/library documentation
2	tmp/wch-riscv/build/phase7-r5/source/gcc/libstdc++-v3/doc/xml/images/pbds_tree_text_insert_vector.pdf	e3d4d1c64abeea9749a512bcdc7d0ed834688295068c20d74a3beb929ff25c1c	68484	tmp/wch-riscv	derived/upstream toolchain build corpus; not WCH chip/library documentation
2	tmp/wch-riscv/build/phase7-r5/source/gcc/libstdc++-v3/doc/xml/images/pbds_tree_text_lor_find.pdf	49b9603a85eac24378f067c05c18b15df85dfdc693b133ddc671174d5dcb99b9	82720	tmp/wch-riscv	derived/upstream toolchain build corpus; not WCH chip/library documentation
2	tmp/wch-riscv/build/phase7-r6/source/binutils/zlib/doc/crc-doc.1.0.pdf	064f9252d6e2e15ea56c2bd18e160e5c9c84bcd137c11a7af497aaa511ace998	776142	tmp/wch-riscv	derived/upstream toolchain build corpus; not WCH chip/library documentation
2	tmp/wch-riscv/build/phase7-r6/source/binutils/zlib/zlib.3.pdf	c131fc86c31aeceb1e0217e8fd5288f573395cdfa5f6c34455e854330d306b84	8848	tmp/wch-riscv	derived/upstream toolchain build corpus; not WCH chip/library documentation
2	tmp/wch-riscv/build/phase7-r6/source/gcc/libstdc++-v3/doc/xml/images/confdeps.pdf	6897b8c088133947bd29d84982981bfb738813c5d7c8499593acb929a3ebe479	50629	tmp/wch-riscv	derived/upstream toolchain build corpus; not WCH chip/library documentation
2	tmp/wch-riscv/build/phase7-r6/source/gcc/libstdc++-v3/doc/xml/images/pbds_binary_priority_queue_int_push.pdf	ee6294f648c3b74e54c77cd4793be05cae3c8d97b861d24d3f4d2b595cd9ed67	81428	tmp/wch-riscv	derived/upstream toolchain build corpus; not WCH chip/library documentation
2	tmp/wch-riscv/build/phase7-r6/source/gcc/libstdc++-v3/doc/xml/images/pbds_binary_priority_queue_int_push_pop.pdf	3d37c44d53a960204b468e4e5490e78775f87ac445425602a362bdbef30c814f	81328	tmp/wch-riscv	derived/upstream toolchain build corpus; not WCH chip/library documentation
2	tmp/wch-riscv/build/phase7-r6/source/gcc/libstdc++-v3/doc/xml/images/pbds_cc_hash_int_find.pdf	35d9a7cbe799521b412bc8167a6c09ec03b32b967b5f4bd6a71c77963f5eef5e	90172	tmp/wch-riscv	derived/upstream toolchain build corpus; not WCH chip/library documentation
2	tmp/wch-riscv/build/phase7-r6/source/gcc/libstdc++-v3/doc/xml/images/pbds_cc_hash_int_subscript_find.pdf	302f20a083b005d0c84d37152fde14e0324f80263fa12cbf52bcb11bec809af2	90040	tmp/wch-riscv	derived/upstream toolchain build corpus; not WCH chip/library documentation
2	tmp/wch-riscv/build/phase7-r6/source/gcc/libstdc++-v3/doc/xml/images/pbds_cc_hash_int_subscript_insert.pdf	abddb22c074ae34f19cb6b09071f1ce0acd70f1983e106e6e1b0415465d55a96	90196	tmp/wch-riscv	derived/upstream toolchain build corpus; not WCH chip/library documentation
2	tmp/wch-riscv/build/phase7-r6/source/gcc/libstdc++-v3/doc/xml/images/pbds_ccgp_hash_int_subscript_insert.pdf	0290dff94cfec4b2e0d5664133f1ea39d9574578a8cfc92a9759fdeb7d261039	77608	tmp/wch-riscv	derived/upstream toolchain build corpus; not WCH chip/library documentation
2	tmp/wch-riscv/build/phase7-r6/source/gcc/libstdc++-v3/doc/xml/images/pbds_container_tag_hierarchy.pdf	f6bf580067c19e71c968e30c668e5c5d1f242ac78343e7e43db363647e067297	9605	tmp/wch-riscv	derived/upstream toolchain build corpus; not WCH chip/library documentation
2	tmp/wch-riscv/build/phase7-r6/source/gcc/libstdc++-v3/doc/xml/images/pbds_exception_hierarchy.pdf	84174874b89383b400bd5598ebcc9be5491a9d25ec453a03f5c6d9db9086d1ed	7520	tmp/wch-riscv	derived/upstream toolchain build corpus; not WCH chip/library documentation
2	tmp/wch-riscv/build/phase7-r6/source/gcc/libstdc++-v3/doc/xml/images/pbds_gp_hash_int_find.pdf	0f146067d487b0ee4d2576ec40c1e92062ec11aee96ad87e09cc14aecfb94507	76134	tmp/wch-riscv	derived/upstream toolchain build corpus; not WCH chip/library documentation
2	tmp/wch-riscv/build/phase7-r6/source/gcc/libstdc++-v3/doc/xml/images/pbds_gp_hash_int_subscript_find.pdf	a8907196ddb7f58e94b637ac6476cbf4fd1c14e42b7787a7ef6ca52560147f8b	76225	tmp/wch-riscv	derived/upstream toolchain build corpus; not WCH chip/library documentation
2	tmp/wch-riscv/build/phase7-r6/source/gcc/libstdc++-v3/doc/xml/images/pbds_gp_hash_int_subscript_insert.pdf	71be2aba307548a71fccef466b046dff44e2f7f4b5352fb97fb2f686ecf9feb8	76238	tmp/wch-riscv	derived/upstream toolchain build corpus; not WCH chip/library documentation
2	tmp/wch-riscv/build/phase7-r6/source/gcc/libstdc++-v3/doc/xml/images/pbds_hash_int_erase_mem.pdf	ad35f8085b11b100010315d2a06e8121c6efae7b3e756b083110ba163a637cfa	77175	tmp/wch-riscv	derived/upstream toolchain build corpus; not WCH chip/library documentation
2	tmp/wch-riscv/build/phase7-r6/source/gcc/libstdc++-v3/doc/xml/images/pbds_hash_text_find.pdf	2ffdc67ead08e03ae975bc730452ef4647c9f90f275173037d09709791247ee0	83353	tmp/wch-riscv	derived/upstream toolchain build corpus; not WCH chip/library documentation
2	tmp/wch-riscv/build/phase7-r6/source/gcc/libstdc++-v3/doc/xml/images/pbds_hash_zlob_int_find.pdf	7b2ec1c0a874722911b39f009b0ef2c13deaedbbb1600fc63d69e7e56e177f89	89031	tmp/wch-riscv	derived/upstream toolchain build corpus; not WCH chip/library documentation
2	tmp/wch-riscv/build/phase7-r6/source/gcc/libstdc++-v3/doc/xml/images/pbds_invalidation_tag_hierarchy.pdf	8fbb836ca736d6a7eb60ed76f48d9dfaace4cf3ba01022a1d6567cb23e7241e0	6903	tmp/wch-riscv	derived/upstream toolchain build corpus; not WCH chip/library documentation
2	tmp/wch-riscv/build/phase7-r6/source/gcc/libstdc++-v3/doc/xml/images/pbds_multimap_text_find_large_s2p_hash.pdf	4438b6edcd4a78866a586376ce60d5113b4deb978cfbd4a0e9ac1382bab6297a	67642	tmp/wch-riscv	derived/upstream toolchain build corpus; not WCH chip/library documentation
2	tmp/wch-riscv/build/phase7-r6/source/gcc/libstdc++-v3/doc/xml/images/pbds_multimap_text_find_large_s2p_tree.pdf	822194b5b6f9360c46748f0cee150b6e4fb8b8a223e27268e6aeb53a4dabf5c3	70583	tmp/wch-riscv	derived/upstream toolchain build corpus; not WCH chip/library documentation
2	tmp/wch-riscv/build/phase7-r6/source/gcc/libstdc++-v3/doc/xml/images/pbds_multimap_text_find_small_s2p_hash.pdf	ef3be06ae10bf60d41606e8b5e8dd31b7f329ffb899ec04299b395e3acffabea	67623	tmp/wch-riscv	derived/upstream toolchain build corpus; not WCH chip/library documentation
2	tmp/wch-riscv/build/phase7-r6/source/gcc/libstdc++-v3/doc/xml/images/pbds_multimap_text_find_small_s2p_tree.pdf	405254864882bb64ae351ac57a5bf7e0898634e0ac83d5a4ee89a571aee180f6	70942	tmp/wch-riscv	derived/upstream toolchain build corpus; not WCH chip/library documentation
2	tmp/wch-riscv/build/phase7-r6/source/gcc/libstdc++-v3/doc/xml/images/pbds_multimap_text_insert_large_s2p_hash.pdf	12b9a7adc4f168ea611493147465ccfe6fcb3fcb18da7d69c5a198fa9858d835	67457	tmp/wch-riscv	derived/upstream toolchain build corpus; not WCH chip/library documentation
2	tmp/wch-riscv/build/phase7-r6/source/gcc/libstdc++-v3/doc/xml/images/pbds_multimap_text_insert_large_s2p_tree.pdf	4cb27bbc13561e87c97b1c5e018448c61b3d4f8f31f1e38856e5cdc9705acf70	70759	tmp/wch-riscv	derived/upstream toolchain build corpus; not WCH chip/library documentation
2	tmp/wch-riscv/build/phase7-r6/source/gcc/libstdc++-v3/doc/xml/images/pbds_multimap_text_insert_mem_large_s2p_hash.pdf	098a9eeb30070bc4abf4f44a3198653f00cb6420e0745bd2696098f44e3e3d65	67786	tmp/wch-riscv	derived/upstream toolchain build corpus; not WCH chip/library documentation
2	tmp/wch-riscv/build/phase7-r6/source/gcc/libstdc++-v3/doc/xml/images/pbds_multimap_text_insert_mem_large_s2p_tree.pdf	6032a0712f510f32261f5d1851d940668e07fc5fb356f719c71120c2df1711dd	70776	tmp/wch-riscv	derived/upstream toolchain build corpus; not WCH chip/library documentation
2	tmp/wch-riscv/build/phase7-r6/source/gcc/libstdc++-v3/doc/xml/images/pbds_multimap_text_insert_mem_small_s2p_hash.pdf	5593cdc4c6b87f6ef1ffc2ffcb9ebe133815d50e8f4ea955815c4f04c8a89f85	67808	tmp/wch-riscv	derived/upstream toolchain build corpus; not WCH chip/library documentation
2	tmp/wch-riscv/build/phase7-r6/source/gcc/libstdc++-v3/doc/xml/images/pbds_multimap_text_insert_mem_small_s2p_tree.pdf	98c7c1d4141d72e3ddd385f3e845c459bcf4966cfbd9f6a11ea987080613ba03	70972	tmp/wch-riscv	derived/upstream toolchain build corpus; not WCH chip/library documentation
2	tmp/wch-riscv/build/phase7-r6/source/gcc/libstdc++-v3/doc/xml/images/pbds_multimap_text_insert_small_s2p_hash.pdf	9e0d493bf1f14525978bee98c7076a99bf318f65683f29b2bddfb798bfdb6754	67656	tmp/wch-riscv	derived/upstream toolchain build corpus; not WCH chip/library documentation
2	tmp/wch-riscv/build/phase7-r6/source/gcc/libstdc++-v3/doc/xml/images/pbds_multimap_text_insert_small_s2p_tree.pdf	661cfb64b9d89f09c2d7778a37dd39b948f1f8e5b563b6c8528b43a49400dbee	70738	tmp/wch-riscv	derived/upstream toolchain build corpus; not WCH chip/library documentation
2	tmp/wch-riscv/build/phase7-r6/source/gcc/libstdc++-v3/doc/xml/images/pbds_pairing_priority_queue_text_modify_down_thin.pdf	7187486746d8b2af44f0c7daa80caf11653a74b0686ba2ae503088a38e5733cf	68294	tmp/wch-riscv	derived/upstream toolchain build corpus; not WCH chip/library documentation
2	tmp/wch-riscv/build/phase7-r6/source/gcc/libstdc++-v3/doc/xml/images/pbds_pairing_priority_queue_text_modify_up_thin.pdf	ad60e6dd66287bbe95ab5945b41e00d39689fd0b0f9f5378a1aff2e0e2f14e6e	68500	tmp/wch-riscv	derived/upstream toolchain build corpus; not WCH chip/library documentation
2	tmp/wch-riscv/build/phase7-r6/source/gcc/libstdc++-v3/doc/xml/images/pbds_pairing_priority_queue_text_push.pdf	d70e2426af17f9f3f6eae2a8cbce6a5db5ab92b969a5ad13a920735f6e7196ce	82821	tmp/wch-riscv	derived/upstream toolchain build corpus; not WCH chip/library documentation
2	tmp/wch-riscv/build/phase7-r6/source/gcc/libstdc++-v3/doc/xml/images/pbds_pairing_priority_queue_text_push_pop.pdf	84da208bed229a1c2125b5a211cb5438de379424710eef31aee8229bf4f150f6	75989	tmp/wch-riscv	derived/upstream toolchain build corpus; not WCH chip/library documentation
2	tmp/wch-riscv/build/phase7-r6/source/gcc/libstdc++-v3/doc/xml/images/pbds_priority_queue_int_push.pdf	0aad13f919c1b5f91cf11afaad8f32c16fc764f78507eff8e49d0504c33de3ad	103791	tmp/wch-riscv	derived/upstream toolchain build corpus; not WCH chip/library documentation
2	tmp/wch-riscv/build/phase7-r6/source/gcc/libstdc++-v3/doc/xml/images/pbds_priority_queue_int_push_pop.pdf	2768fe985b77534da45e11282907430752d7d1676b7be158357c438be35d23ed	103910	tmp/wch-riscv	derived/upstream toolchain build corpus; not WCH chip/library documentation
2	tmp/wch-riscv/build/phase7-r6/source/gcc/libstdc++-v3/doc/xml/images/pbds_priority_queue_tag_hierarchy.pdf	98a180b0f321a6f141d7d70ee35823cfd548fb2d06dd20acb96d2c8e05ef4419	7842	tmp/wch-riscv	derived/upstream toolchain build corpus; not WCH chip/library documentation
2	tmp/wch-riscv/build/phase7-r6/source/gcc/libstdc++-v3/doc/xml/images/pbds_priority_queue_text_join.pdf	d501de67098b24502e284132abb3954e3fdeddbac26616956faead18e8e0ba89	103511	tmp/wch-riscv	derived/upstream toolchain build corpus; not WCH chip/library documentation
2	tmp/wch-riscv/build/phase7-r6/source/gcc/libstdc++-v3/doc/xml/images/pbds_priority_queue_text_modify_down.pdf	be3da838576756cd0d140188310efc50b6d13a4ea930651a076b99b017b3ac75	103701	tmp/wch-riscv	derived/upstream toolchain build corpus; not WCH chip/library documentation
2	tmp/wch-riscv/build/phase7-r6/source/gcc/libstdc++-v3/doc/xml/images/pbds_priority_queue_text_modify_up.pdf	ae537ff0a19f71890dcdb0a430b95e581d9bbf185f5fab4de7a2cf014dfcfbd3	103554	tmp/wch-riscv	derived/upstream toolchain build corpus; not WCH chip/library documentation
2	tmp/wch-riscv/build/phase7-r6/source/gcc/libstdc++-v3/doc/xml/images/pbds_priority_queue_text_pop_mem.pdf	dbd40a3a26ea0c77d85b0d4134f52900c0fc335702ba3ffd222125325a28e107	102962	tmp/wch-riscv	derived/upstream toolchain build corpus; not WCH chip/library documentation
2	tmp/wch-riscv/build/phase7-r6/source/gcc/libstdc++-v3/doc/xml/images/pbds_priority_queue_text_push.pdf	fcdfcf63f9fb963765ed0b254f94eb706d49906b2669d8cdd8148084ff58cd91	103249	tmp/wch-riscv	derived/upstream toolchain build corpus; not WCH chip/library documentation
2	tmp/wch-riscv/build/phase7-r6/source/gcc/libstdc++-v3/doc/xml/images/pbds_priority_queue_text_push_pop.pdf	d573b3e570118c3328ebe0eb1af11c6e6970bb8513dfeaf769f258a531fcd7c5	103894	tmp/wch-riscv	derived/upstream toolchain build corpus; not WCH chip/library documentation
2	tmp/wch-riscv/build/phase7-r6/source/gcc/libstdc++-v3/doc/xml/images/pbds_tree_int_find.pdf	205b802a195de76c2d5093f9506380cc44cd7894d866973c18cc75868fda07ba	82717	tmp/wch-riscv	derived/upstream toolchain build corpus; not WCH chip/library documentation
2	tmp/wch-riscv/build/phase7-r6/source/gcc/libstdc++-v3/doc/xml/images/pbds_tree_order_statistics.pdf	35973475b4f69dcfedfa33527c31eac3c026b1e3a92251a122ab61d82c101b75	81007	tmp/wch-riscv	derived/upstream toolchain build corpus; not WCH chip/library documentation
2	tmp/wch-riscv/build/phase7-r6/source/gcc/libstdc++-v3/doc/xml/images/pbds_tree_split_join.pdf	6634da3144fb68efe5b45fb38ed20ef1638b77e381e046de8d3dc4757acd62b0	82727	tmp/wch-riscv	derived/upstream toolchain build corpus; not WCH chip/library documentation
2	tmp/wch-riscv/build/phase7-r6/source/gcc/libstdc++-v3/doc/xml/images/pbds_tree_text_find.pdf	9a599ec5d821055e5ed78ca08f7e32bdde2a2005f1c68fe0ef61cffde3b6d4ad	84206	tmp/wch-riscv	derived/upstream toolchain build corpus; not WCH chip/library documentation
2	tmp/wch-riscv/build/phase7-r6/source/gcc/libstdc++-v3/doc/xml/images/pbds_tree_text_insert_node.pdf	dd0b0b1093d489fe2a899fa146eeae785945dd920c491a823a3ccd740533a308	80772	tmp/wch-riscv	derived/upstream toolchain build corpus; not WCH chip/library documentation
2	tmp/wch-riscv/build/phase7-r6/source/gcc/libstdc++-v3/doc/xml/images/pbds_tree_text_insert_trie.pdf	073a10c15b1db320d871d8069ec7995aee28a2881c2296670fb2dbe2862370d9	68209	tmp/wch-riscv	derived/upstream toolchain build corpus; not WCH chip/library documentation
2	tmp/wch-riscv/build/phase7-r6/source/gcc/libstdc++-v3/doc/xml/images/pbds_tree_text_insert_vector.pdf	e3d4d1c64abeea9749a512bcdc7d0ed834688295068c20d74a3beb929ff25c1c	68484	tmp/wch-riscv	derived/upstream toolchain build corpus; not WCH chip/library documentation
2	tmp/wch-riscv/build/phase7-r6/source/gcc/libstdc++-v3/doc/xml/images/pbds_tree_text_lor_find.pdf	49b9603a85eac24378f067c05c18b15df85dfdc693b133ddc671174d5dcb99b9	82720	tmp/wch-riscv	derived/upstream toolchain build corpus; not WCH chip/library documentation
2	tmp/wch-riscv/build/phase7-r7/source/binutils/zlib/doc/crc-doc.1.0.pdf	064f9252d6e2e15ea56c2bd18e160e5c9c84bcd137c11a7af497aaa511ace998	776142	tmp/wch-riscv	derived/upstream toolchain build corpus; not WCH chip/library documentation
2	tmp/wch-riscv/build/phase7-r7/source/binutils/zlib/zlib.3.pdf	c131fc86c31aeceb1e0217e8fd5288f573395cdfa5f6c34455e854330d306b84	8848	tmp/wch-riscv	derived/upstream toolchain build corpus; not WCH chip/library documentation
2	tmp/wch-riscv/build/phase7-r7/source/gcc/libstdc++-v3/doc/xml/images/confdeps.pdf	6897b8c088133947bd29d84982981bfb738813c5d7c8499593acb929a3ebe479	50629	tmp/wch-riscv	derived/upstream toolchain build corpus; not WCH chip/library documentation
2	tmp/wch-riscv/build/phase7-r7/source/gcc/libstdc++-v3/doc/xml/images/pbds_binary_priority_queue_int_push.pdf	ee6294f648c3b74e54c77cd4793be05cae3c8d97b861d24d3f4d2b595cd9ed67	81428	tmp/wch-riscv	derived/upstream toolchain build corpus; not WCH chip/library documentation
2	tmp/wch-riscv/build/phase7-r7/source/gcc/libstdc++-v3/doc/xml/images/pbds_binary_priority_queue_int_push_pop.pdf	3d37c44d53a960204b468e4e5490e78775f87ac445425602a362bdbef30c814f	81328	tmp/wch-riscv	derived/upstream toolchain build corpus; not WCH chip/library documentation
2	tmp/wch-riscv/build/phase7-r7/source/gcc/libstdc++-v3/doc/xml/images/pbds_cc_hash_int_find.pdf	35d9a7cbe799521b412bc8167a6c09ec03b32b967b5f4bd6a71c77963f5eef5e	90172	tmp/wch-riscv	derived/upstream toolchain build corpus; not WCH chip/library documentation
2	tmp/wch-riscv/build/phase7-r7/source/gcc/libstdc++-v3/doc/xml/images/pbds_cc_hash_int_subscript_find.pdf	302f20a083b005d0c84d37152fde14e0324f80263fa12cbf52bcb11bec809af2	90040	tmp/wch-riscv	derived/upstream toolchain build corpus; not WCH chip/library documentation
2	tmp/wch-riscv/build/phase7-r7/source/gcc/libstdc++-v3/doc/xml/images/pbds_cc_hash_int_subscript_insert.pdf	abddb22c074ae34f19cb6b09071f1ce0acd70f1983e106e6e1b0415465d55a96	90196	tmp/wch-riscv	derived/upstream toolchain build corpus; not WCH chip/library documentation
2	tmp/wch-riscv/build/phase7-r7/source/gcc/libstdc++-v3/doc/xml/images/pbds_ccgp_hash_int_subscript_insert.pdf	0290dff94cfec4b2e0d5664133f1ea39d9574578a8cfc92a9759fdeb7d261039	77608	tmp/wch-riscv	derived/upstream toolchain build corpus; not WCH chip/library documentation
2	tmp/wch-riscv/build/phase7-r7/source/gcc/libstdc++-v3/doc/xml/images/pbds_container_tag_hierarchy.pdf	f6bf580067c19e71c968e30c668e5c5d1f242ac78343e7e43db363647e067297	9605	tmp/wch-riscv	derived/upstream toolchain build corpus; not WCH chip/library documentation
2	tmp/wch-riscv/build/phase7-r7/source/gcc/libstdc++-v3/doc/xml/images/pbds_exception_hierarchy.pdf	84174874b89383b400bd5598ebcc9be5491a9d25ec453a03f5c6d9db9086d1ed	7520	tmp/wch-riscv	derived/upstream toolchain build corpus; not WCH chip/library documentation
2	tmp/wch-riscv/build/phase7-r7/source/gcc/libstdc++-v3/doc/xml/images/pbds_gp_hash_int_find.pdf	0f146067d487b0ee4d2576ec40c1e92062ec11aee96ad87e09cc14aecfb94507	76134	tmp/wch-riscv	derived/upstream toolchain build corpus; not WCH chip/library documentation
2	tmp/wch-riscv/build/phase7-r7/source/gcc/libstdc++-v3/doc/xml/images/pbds_gp_hash_int_subscript_find.pdf	a8907196ddb7f58e94b637ac6476cbf4fd1c14e42b7787a7ef6ca52560147f8b	76225	tmp/wch-riscv	derived/upstream toolchain build corpus; not WCH chip/library documentation
2	tmp/wch-riscv/build/phase7-r7/source/gcc/libstdc++-v3/doc/xml/images/pbds_gp_hash_int_subscript_insert.pdf	71be2aba307548a71fccef466b046dff44e2f7f4b5352fb97fb2f686ecf9feb8	76238	tmp/wch-riscv	derived/upstream toolchain build corpus; not WCH chip/library documentation
2	tmp/wch-riscv/build/phase7-r7/source/gcc/libstdc++-v3/doc/xml/images/pbds_hash_int_erase_mem.pdf	ad35f8085b11b100010315d2a06e8121c6efae7b3e756b083110ba163a637cfa	77175	tmp/wch-riscv	derived/upstream toolchain build corpus; not WCH chip/library documentation
2	tmp/wch-riscv/build/phase7-r7/source/gcc/libstdc++-v3/doc/xml/images/pbds_hash_text_find.pdf	2ffdc67ead08e03ae975bc730452ef4647c9f90f275173037d09709791247ee0	83353	tmp/wch-riscv	derived/upstream toolchain build corpus; not WCH chip/library documentation
2	tmp/wch-riscv/build/phase7-r7/source/gcc/libstdc++-v3/doc/xml/images/pbds_hash_zlob_int_find.pdf	7b2ec1c0a874722911b39f009b0ef2c13deaedbbb1600fc63d69e7e56e177f89	89031	tmp/wch-riscv	derived/upstream toolchain build corpus; not WCH chip/library documentation
2	tmp/wch-riscv/build/phase7-r7/source/gcc/libstdc++-v3/doc/xml/images/pbds_invalidation_tag_hierarchy.pdf	8fbb836ca736d6a7eb60ed76f48d9dfaace4cf3ba01022a1d6567cb23e7241e0	6903	tmp/wch-riscv	derived/upstream toolchain build corpus; not WCH chip/library documentation
2	tmp/wch-riscv/build/phase7-r7/source/gcc/libstdc++-v3/doc/xml/images/pbds_multimap_text_find_large_s2p_hash.pdf	4438b6edcd4a78866a586376ce60d5113b4deb978cfbd4a0e9ac1382bab6297a	67642	tmp/wch-riscv	derived/upstream toolchain build corpus; not WCH chip/library documentation
2	tmp/wch-riscv/build/phase7-r7/source/gcc/libstdc++-v3/doc/xml/images/pbds_multimap_text_find_large_s2p_tree.pdf	822194b5b6f9360c46748f0cee150b6e4fb8b8a223e27268e6aeb53a4dabf5c3	70583	tmp/wch-riscv	derived/upstream toolchain build corpus; not WCH chip/library documentation
2	tmp/wch-riscv/build/phase7-r7/source/gcc/libstdc++-v3/doc/xml/images/pbds_multimap_text_find_small_s2p_hash.pdf	ef3be06ae10bf60d41606e8b5e8dd31b7f329ffb899ec04299b395e3acffabea	67623	tmp/wch-riscv	derived/upstream toolchain build corpus; not WCH chip/library documentation
2	tmp/wch-riscv/build/phase7-r7/source/gcc/libstdc++-v3/doc/xml/images/pbds_multimap_text_find_small_s2p_tree.pdf	405254864882bb64ae351ac57a5bf7e0898634e0ac83d5a4ee89a571aee180f6	70942	tmp/wch-riscv	derived/upstream toolchain build corpus; not WCH chip/library documentation
2	tmp/wch-riscv/build/phase7-r7/source/gcc/libstdc++-v3/doc/xml/images/pbds_multimap_text_insert_large_s2p_hash.pdf	12b9a7adc4f168ea611493147465ccfe6fcb3fcb18da7d69c5a198fa9858d835	67457	tmp/wch-riscv	derived/upstream toolchain build corpus; not WCH chip/library documentation
2	tmp/wch-riscv/build/phase7-r7/source/gcc/libstdc++-v3/doc/xml/images/pbds_multimap_text_insert_large_s2p_tree.pdf	4cb27bbc13561e87c97b1c5e018448c61b3d4f8f31f1e38856e5cdc9705acf70	70759	tmp/wch-riscv	derived/upstream toolchain build corpus; not WCH chip/library documentation
2	tmp/wch-riscv/build/phase7-r7/source/gcc/libstdc++-v3/doc/xml/images/pbds_multimap_text_insert_mem_large_s2p_hash.pdf	098a9eeb30070bc4abf4f44a3198653f00cb6420e0745bd2696098f44e3e3d65	67786	tmp/wch-riscv	derived/upstream toolchain build corpus; not WCH chip/library documentation
2	tmp/wch-riscv/build/phase7-r7/source/gcc/libstdc++-v3/doc/xml/images/pbds_multimap_text_insert_mem_large_s2p_tree.pdf	6032a0712f510f32261f5d1851d940668e07fc5fb356f719c71120c2df1711dd	70776	tmp/wch-riscv	derived/upstream toolchain build corpus; not WCH chip/library documentation
2	tmp/wch-riscv/build/phase7-r7/source/gcc/libstdc++-v3/doc/xml/images/pbds_multimap_text_insert_mem_small_s2p_hash.pdf	5593cdc4c6b87f6ef1ffc2ffcb9ebe133815d50e8f4ea955815c4f04c8a89f85	67808	tmp/wch-riscv	derived/upstream toolchain build corpus; not WCH chip/library documentation
2	tmp/wch-riscv/build/phase7-r7/source/gcc/libstdc++-v3/doc/xml/images/pbds_multimap_text_insert_mem_small_s2p_tree.pdf	98c7c1d4141d72e3ddd385f3e845c459bcf4966cfbd9f6a11ea987080613ba03	70972	tmp/wch-riscv	derived/upstream toolchain build corpus; not WCH chip/library documentation
2	tmp/wch-riscv/build/phase7-r7/source/gcc/libstdc++-v3/doc/xml/images/pbds_multimap_text_insert_small_s2p_hash.pdf	9e0d493bf1f14525978bee98c7076a99bf318f65683f29b2bddfb798bfdb6754	67656	tmp/wch-riscv	derived/upstream toolchain build corpus; not WCH chip/library documentation
2	tmp/wch-riscv/build/phase7-r7/source/gcc/libstdc++-v3/doc/xml/images/pbds_multimap_text_insert_small_s2p_tree.pdf	661cfb64b9d89f09c2d7778a37dd39b948f1f8e5b563b6c8528b43a49400dbee	70738	tmp/wch-riscv	derived/upstream toolchain build corpus; not WCH chip/library documentation
2	tmp/wch-riscv/build/phase7-r7/source/gcc/libstdc++-v3/doc/xml/images/pbds_pairing_priority_queue_text_modify_down_thin.pdf	7187486746d8b2af44f0c7daa80caf11653a74b0686ba2ae503088a38e5733cf	68294	tmp/wch-riscv	derived/upstream toolchain build corpus; not WCH chip/library documentation
2	tmp/wch-riscv/build/phase7-r7/source/gcc/libstdc++-v3/doc/xml/images/pbds_pairing_priority_queue_text_modify_up_thin.pdf	ad60e6dd66287bbe95ab5945b41e00d39689fd0b0f9f5378a1aff2e0e2f14e6e	68500	tmp/wch-riscv	derived/upstream toolchain build corpus; not WCH chip/library documentation
2	tmp/wch-riscv/build/phase7-r7/source/gcc/libstdc++-v3/doc/xml/images/pbds_pairing_priority_queue_text_push.pdf	d70e2426af17f9f3f6eae2a8cbce6a5db5ab92b969a5ad13a920735f6e7196ce	82821	tmp/wch-riscv	derived/upstream toolchain build corpus; not WCH chip/library documentation
2	tmp/wch-riscv/build/phase7-r7/source/gcc/libstdc++-v3/doc/xml/images/pbds_pairing_priority_queue_text_push_pop.pdf	84da208bed229a1c2125b5a211cb5438de379424710eef31aee8229bf4f150f6	75989	tmp/wch-riscv	derived/upstream toolchain build corpus; not WCH chip/library documentation
2	tmp/wch-riscv/build/phase7-r7/source/gcc/libstdc++-v3/doc/xml/images/pbds_priority_queue_int_push.pdf	0aad13f919c1b5f91cf11afaad8f32c16fc764f78507eff8e49d0504c33de3ad	103791	tmp/wch-riscv	derived/upstream toolchain build corpus; not WCH chip/library documentation
2	tmp/wch-riscv/build/phase7-r7/source/gcc/libstdc++-v3/doc/xml/images/pbds_priority_queue_int_push_pop.pdf	2768fe985b77534da45e11282907430752d7d1676b7be158357c438be35d23ed	103910	tmp/wch-riscv	derived/upstream toolchain build corpus; not WCH chip/library documentation
2	tmp/wch-riscv/build/phase7-r7/source/gcc/libstdc++-v3/doc/xml/images/pbds_priority_queue_tag_hierarchy.pdf	98a180b0f321a6f141d7d70ee35823cfd548fb2d06dd20acb96d2c8e05ef4419	7842	tmp/wch-riscv	derived/upstream toolchain build corpus; not WCH chip/library documentation
2	tmp/wch-riscv/build/phase7-r7/source/gcc/libstdc++-v3/doc/xml/images/pbds_priority_queue_text_join.pdf	d501de67098b24502e284132abb3954e3fdeddbac26616956faead18e8e0ba89	103511	tmp/wch-riscv	derived/upstream toolchain build corpus; not WCH chip/library documentation
2	tmp/wch-riscv/build/phase7-r7/source/gcc/libstdc++-v3/doc/xml/images/pbds_priority_queue_text_modify_down.pdf	be3da838576756cd0d140188310efc50b6d13a4ea930651a076b99b017b3ac75	103701	tmp/wch-riscv	derived/upstream toolchain build corpus; not WCH chip/library documentation
2	tmp/wch-riscv/build/phase7-r7/source/gcc/libstdc++-v3/doc/xml/images/pbds_priority_queue_text_modify_up.pdf	ae537ff0a19f71890dcdb0a430b95e581d9bbf185f5fab4de7a2cf014dfcfbd3	103554	tmp/wch-riscv	derived/upstream toolchain build corpus; not WCH chip/library documentation
2	tmp/wch-riscv/build/phase7-r7/source/gcc/libstdc++-v3/doc/xml/images/pbds_priority_queue_text_pop_mem.pdf	dbd40a3a26ea0c77d85b0d4134f52900c0fc335702ba3ffd222125325a28e107	102962	tmp/wch-riscv	derived/upstream toolchain build corpus; not WCH chip/library documentation
2	tmp/wch-riscv/build/phase7-r7/source/gcc/libstdc++-v3/doc/xml/images/pbds_priority_queue_text_push.pdf	fcdfcf63f9fb963765ed0b254f94eb706d49906b2669d8cdd8148084ff58cd91	103249	tmp/wch-riscv	derived/upstream toolchain build corpus; not WCH chip/library documentation
2	tmp/wch-riscv/build/phase7-r7/source/gcc/libstdc++-v3/doc/xml/images/pbds_priority_queue_text_push_pop.pdf	d573b3e570118c3328ebe0eb1af11c6e6970bb8513dfeaf769f258a531fcd7c5	103894	tmp/wch-riscv	derived/upstream toolchain build corpus; not WCH chip/library documentation
2	tmp/wch-riscv/build/phase7-r7/source/gcc/libstdc++-v3/doc/xml/images/pbds_tree_int_find.pdf	205b802a195de76c2d5093f9506380cc44cd7894d866973c18cc75868fda07ba	82717	tmp/wch-riscv	derived/upstream toolchain build corpus; not WCH chip/library documentation
2	tmp/wch-riscv/build/phase7-r7/source/gcc/libstdc++-v3/doc/xml/images/pbds_tree_order_statistics.pdf	35973475b4f69dcfedfa33527c31eac3c026b1e3a92251a122ab61d82c101b75	81007	tmp/wch-riscv	derived/upstream toolchain build corpus; not WCH chip/library documentation
2	tmp/wch-riscv/build/phase7-r7/source/gcc/libstdc++-v3/doc/xml/images/pbds_tree_split_join.pdf	6634da3144fb68efe5b45fb38ed20ef1638b77e381e046de8d3dc4757acd62b0	82727	tmp/wch-riscv	derived/upstream toolchain build corpus; not WCH chip/library documentation
2	tmp/wch-riscv/build/phase7-r7/source/gcc/libstdc++-v3/doc/xml/images/pbds_tree_text_find.pdf	9a599ec5d821055e5ed78ca08f7e32bdde2a2005f1c68fe0ef61cffde3b6d4ad	84206	tmp/wch-riscv	derived/upstream toolchain build corpus; not WCH chip/library documentation
2	tmp/wch-riscv/build/phase7-r7/source/gcc/libstdc++-v3/doc/xml/images/pbds_tree_text_insert_node.pdf	dd0b0b1093d489fe2a899fa146eeae785945dd920c491a823a3ccd740533a308	80772	tmp/wch-riscv	derived/upstream toolchain build corpus; not WCH chip/library documentation
2	tmp/wch-riscv/build/phase7-r7/source/gcc/libstdc++-v3/doc/xml/images/pbds_tree_text_insert_trie.pdf	073a10c15b1db320d871d8069ec7995aee28a2881c2296670fb2dbe2862370d9	68209	tmp/wch-riscv	derived/upstream toolchain build corpus; not WCH chip/library documentation
2	tmp/wch-riscv/build/phase7-r7/source/gcc/libstdc++-v3/doc/xml/images/pbds_tree_text_insert_vector.pdf	e3d4d1c64abeea9749a512bcdc7d0ed834688295068c20d74a3beb929ff25c1c	68484	tmp/wch-riscv	derived/upstream toolchain build corpus; not WCH chip/library documentation
2	tmp/wch-riscv/build/phase7-r7/source/gcc/libstdc++-v3/doc/xml/images/pbds_tree_text_lor_find.pdf	49b9603a85eac24378f067c05c18b15df85dfdc693b133ddc671174d5dcb99b9	82720	tmp/wch-riscv	derived/upstream toolchain build corpus; not WCH chip/library documentation
2	tmp/wch-riscv/build/phase7-r8/source/binutils/zlib/doc/crc-doc.1.0.pdf	064f9252d6e2e15ea56c2bd18e160e5c9c84bcd137c11a7af497aaa511ace998	776142	tmp/wch-riscv	derived/upstream toolchain build corpus; not WCH chip/library documentation
2	tmp/wch-riscv/build/phase7-r8/source/binutils/zlib/zlib.3.pdf	c131fc86c31aeceb1e0217e8fd5288f573395cdfa5f6c34455e854330d306b84	8848	tmp/wch-riscv	derived/upstream toolchain build corpus; not WCH chip/library documentation
2	tmp/wch-riscv/build/phase7-r8/source/gcc/libstdc++-v3/doc/xml/images/confdeps.pdf	6897b8c088133947bd29d84982981bfb738813c5d7c8499593acb929a3ebe479	50629	tmp/wch-riscv	derived/upstream toolchain build corpus; not WCH chip/library documentation
2	tmp/wch-riscv/build/phase7-r8/source/gcc/libstdc++-v3/doc/xml/images/pbds_binary_priority_queue_int_push.pdf	ee6294f648c3b74e54c77cd4793be05cae3c8d97b861d24d3f4d2b595cd9ed67	81428	tmp/wch-riscv	derived/upstream toolchain build corpus; not WCH chip/library documentation
2	tmp/wch-riscv/build/phase7-r8/source/gcc/libstdc++-v3/doc/xml/images/pbds_binary_priority_queue_int_push_pop.pdf	3d37c44d53a960204b468e4e5490e78775f87ac445425602a362bdbef30c814f	81328	tmp/wch-riscv	derived/upstream toolchain build corpus; not WCH chip/library documentation
2	tmp/wch-riscv/build/phase7-r8/source/gcc/libstdc++-v3/doc/xml/images/pbds_cc_hash_int_find.pdf	35d9a7cbe799521b412bc8167a6c09ec03b32b967b5f4bd6a71c77963f5eef5e	90172	tmp/wch-riscv	derived/upstream toolchain build corpus; not WCH chip/library documentation
2	tmp/wch-riscv/build/phase7-r8/source/gcc/libstdc++-v3/doc/xml/images/pbds_cc_hash_int_subscript_find.pdf	302f20a083b005d0c84d37152fde14e0324f80263fa12cbf52bcb11bec809af2	90040	tmp/wch-riscv	derived/upstream toolchain build corpus; not WCH chip/library documentation
2	tmp/wch-riscv/build/phase7-r8/source/gcc/libstdc++-v3/doc/xml/images/pbds_cc_hash_int_subscript_insert.pdf	abddb22c074ae34f19cb6b09071f1ce0acd70f1983e106e6e1b0415465d55a96	90196	tmp/wch-riscv	derived/upstream toolchain build corpus; not WCH chip/library documentation
2	tmp/wch-riscv/build/phase7-r8/source/gcc/libstdc++-v3/doc/xml/images/pbds_ccgp_hash_int_subscript_insert.pdf	0290dff94cfec4b2e0d5664133f1ea39d9574578a8cfc92a9759fdeb7d261039	77608	tmp/wch-riscv	derived/upstream toolchain build corpus; not WCH chip/library documentation
2	tmp/wch-riscv/build/phase7-r8/source/gcc/libstdc++-v3/doc/xml/images/pbds_container_tag_hierarchy.pdf	f6bf580067c19e71c968e30c668e5c5d1f242ac78343e7e43db363647e067297	9605	tmp/wch-riscv	derived/upstream toolchain build corpus; not WCH chip/library documentation
2	tmp/wch-riscv/build/phase7-r8/source/gcc/libstdc++-v3/doc/xml/images/pbds_exception_hierarchy.pdf	84174874b89383b400bd5598ebcc9be5491a9d25ec453a03f5c6d9db9086d1ed	7520	tmp/wch-riscv	derived/upstream toolchain build corpus; not WCH chip/library documentation
2	tmp/wch-riscv/build/phase7-r8/source/gcc/libstdc++-v3/doc/xml/images/pbds_gp_hash_int_find.pdf	0f146067d487b0ee4d2576ec40c1e92062ec11aee96ad87e09cc14aecfb94507	76134	tmp/wch-riscv	derived/upstream toolchain build corpus; not WCH chip/library documentation
2	tmp/wch-riscv/build/phase7-r8/source/gcc/libstdc++-v3/doc/xml/images/pbds_gp_hash_int_subscript_find.pdf	a8907196ddb7f58e94b637ac6476cbf4fd1c14e42b7787a7ef6ca52560147f8b	76225	tmp/wch-riscv	derived/upstream toolchain build corpus; not WCH chip/library documentation
2	tmp/wch-riscv/build/phase7-r8/source/gcc/libstdc++-v3/doc/xml/images/pbds_gp_hash_int_subscript_insert.pdf	71be2aba307548a71fccef466b046dff44e2f7f4b5352fb97fb2f686ecf9feb8	76238	tmp/wch-riscv	derived/upstream toolchain build corpus; not WCH chip/library documentation
2	tmp/wch-riscv/build/phase7-r8/source/gcc/libstdc++-v3/doc/xml/images/pbds_hash_int_erase_mem.pdf	ad35f8085b11b100010315d2a06e8121c6efae7b3e756b083110ba163a637cfa	77175	tmp/wch-riscv	derived/upstream toolchain build corpus; not WCH chip/library documentation
2	tmp/wch-riscv/build/phase7-r8/source/gcc/libstdc++-v3/doc/xml/images/pbds_hash_text_find.pdf	2ffdc67ead08e03ae975bc730452ef4647c9f90f275173037d09709791247ee0	83353	tmp/wch-riscv	derived/upstream toolchain build corpus; not WCH chip/library documentation
2	tmp/wch-riscv/build/phase7-r8/source/gcc/libstdc++-v3/doc/xml/images/pbds_hash_zlob_int_find.pdf	7b2ec1c0a874722911b39f009b0ef2c13deaedbbb1600fc63d69e7e56e177f89	89031	tmp/wch-riscv	derived/upstream toolchain build corpus; not WCH chip/library documentation
2	tmp/wch-riscv/build/phase7-r8/source/gcc/libstdc++-v3/doc/xml/images/pbds_invalidation_tag_hierarchy.pdf	8fbb836ca736d6a7eb60ed76f48d9dfaace4cf3ba01022a1d6567cb23e7241e0	6903	tmp/wch-riscv	derived/upstream toolchain build corpus; not WCH chip/library documentation
2	tmp/wch-riscv/build/phase7-r8/source/gcc/libstdc++-v3/doc/xml/images/pbds_multimap_text_find_large_s2p_hash.pdf	4438b6edcd4a78866a586376ce60d5113b4deb978cfbd4a0e9ac1382bab6297a	67642	tmp/wch-riscv	derived/upstream toolchain build corpus; not WCH chip/library documentation
2	tmp/wch-riscv/build/phase7-r8/source/gcc/libstdc++-v3/doc/xml/images/pbds_multimap_text_find_large_s2p_tree.pdf	822194b5b6f9360c46748f0cee150b6e4fb8b8a223e27268e6aeb53a4dabf5c3	70583	tmp/wch-riscv	derived/upstream toolchain build corpus; not WCH chip/library documentation
2	tmp/wch-riscv/build/phase7-r8/source/gcc/libstdc++-v3/doc/xml/images/pbds_multimap_text_find_small_s2p_hash.pdf	ef3be06ae10bf60d41606e8b5e8dd31b7f329ffb899ec04299b395e3acffabea	67623	tmp/wch-riscv	derived/upstream toolchain build corpus; not WCH chip/library documentation
2	tmp/wch-riscv/build/phase7-r8/source/gcc/libstdc++-v3/doc/xml/images/pbds_multimap_text_find_small_s2p_tree.pdf	405254864882bb64ae351ac57a5bf7e0898634e0ac83d5a4ee89a571aee180f6	70942	tmp/wch-riscv	derived/upstream toolchain build corpus; not WCH chip/library documentation
2	tmp/wch-riscv/build/phase7-r8/source/gcc/libstdc++-v3/doc/xml/images/pbds_multimap_text_insert_large_s2p_hash.pdf	12b9a7adc4f168ea611493147465ccfe6fcb3fcb18da7d69c5a198fa9858d835	67457	tmp/wch-riscv	derived/upstream toolchain build corpus; not WCH chip/library documentation
2	tmp/wch-riscv/build/phase7-r8/source/gcc/libstdc++-v3/doc/xml/images/pbds_multimap_text_insert_large_s2p_tree.pdf	4cb27bbc13561e87c97b1c5e018448c61b3d4f8f31f1e38856e5cdc9705acf70	70759	tmp/wch-riscv	derived/upstream toolchain build corpus; not WCH chip/library documentation
2	tmp/wch-riscv/build/phase7-r8/source/gcc/libstdc++-v3/doc/xml/images/pbds_multimap_text_insert_mem_large_s2p_hash.pdf	098a9eeb30070bc4abf4f44a3198653f00cb6420e0745bd2696098f44e3e3d65	67786	tmp/wch-riscv	derived/upstream toolchain build corpus; not WCH chip/library documentation
2	tmp/wch-riscv/build/phase7-r8/source/gcc/libstdc++-v3/doc/xml/images/pbds_multimap_text_insert_mem_large_s2p_tree.pdf	6032a0712f510f32261f5d1851d940668e07fc5fb356f719c71120c2df1711dd	70776	tmp/wch-riscv	derived/upstream toolchain build corpus; not WCH chip/library documentation
2	tmp/wch-riscv/build/phase7-r8/source/gcc/libstdc++-v3/doc/xml/images/pbds_multimap_text_insert_mem_small_s2p_hash.pdf	5593cdc4c6b87f6ef1ffc2ffcb9ebe133815d50e8f4ea955815c4f04c8a89f85	67808	tmp/wch-riscv	derived/upstream toolchain build corpus; not WCH chip/library documentation
2	tmp/wch-riscv/build/phase7-r8/source/gcc/libstdc++-v3/doc/xml/images/pbds_multimap_text_insert_mem_small_s2p_tree.pdf	98c7c1d4141d72e3ddd385f3e845c459bcf4966cfbd9f6a11ea987080613ba03	70972	tmp/wch-riscv	derived/upstream toolchain build corpus; not WCH chip/library documentation
2	tmp/wch-riscv/build/phase7-r8/source/gcc/libstdc++-v3/doc/xml/images/pbds_multimap_text_insert_small_s2p_hash.pdf	9e0d493bf1f14525978bee98c7076a99bf318f65683f29b2bddfb798bfdb6754	67656	tmp/wch-riscv	derived/upstream toolchain build corpus; not WCH chip/library documentation
2	tmp/wch-riscv/build/phase7-r8/source/gcc/libstdc++-v3/doc/xml/images/pbds_multimap_text_insert_small_s2p_tree.pdf	661cfb64b9d89f09c2d7778a37dd39b948f1f8e5b563b6c8528b43a49400dbee	70738	tmp/wch-riscv	derived/upstream toolchain build corpus; not WCH chip/library documentation
2	tmp/wch-riscv/build/phase7-r8/source/gcc/libstdc++-v3/doc/xml/images/pbds_pairing_priority_queue_text_modify_down_thin.pdf	7187486746d8b2af44f0c7daa80caf11653a74b0686ba2ae503088a38e5733cf	68294	tmp/wch-riscv	derived/upstream toolchain build corpus; not WCH chip/library documentation
2	tmp/wch-riscv/build/phase7-r8/source/gcc/libstdc++-v3/doc/xml/images/pbds_pairing_priority_queue_text_modify_up_thin.pdf	ad60e6dd66287bbe95ab5945b41e00d39689fd0b0f9f5378a1aff2e0e2f14e6e	68500	tmp/wch-riscv	derived/upstream toolchain build corpus; not WCH chip/library documentation
2	tmp/wch-riscv/build/phase7-r8/source/gcc/libstdc++-v3/doc/xml/images/pbds_pairing_priority_queue_text_push.pdf	d70e2426af17f9f3f6eae2a8cbce6a5db5ab92b969a5ad13a920735f6e7196ce	82821	tmp/wch-riscv	derived/upstream toolchain build corpus; not WCH chip/library documentation
2	tmp/wch-riscv/build/phase7-r8/source/gcc/libstdc++-v3/doc/xml/images/pbds_pairing_priority_queue_text_push_pop.pdf	84da208bed229a1c2125b5a211cb5438de379424710eef31aee8229bf4f150f6	75989	tmp/wch-riscv	derived/upstream toolchain build corpus; not WCH chip/library documentation
2	tmp/wch-riscv/build/phase7-r8/source/gcc/libstdc++-v3/doc/xml/images/pbds_priority_queue_int_push.pdf	0aad13f919c1b5f91cf11afaad8f32c16fc764f78507eff8e49d0504c33de3ad	103791	tmp/wch-riscv	derived/upstream toolchain build corpus; not WCH chip/library documentation
2	tmp/wch-riscv/build/phase7-r8/source/gcc/libstdc++-v3/doc/xml/images/pbds_priority_queue_int_push_pop.pdf	2768fe985b77534da45e11282907430752d7d1676b7be158357c438be35d23ed	103910	tmp/wch-riscv	derived/upstream toolchain build corpus; not WCH chip/library documentation
2	tmp/wch-riscv/build/phase7-r8/source/gcc/libstdc++-v3/doc/xml/images/pbds_priority_queue_tag_hierarchy.pdf	98a180b0f321a6f141d7d70ee35823cfd548fb2d06dd20acb96d2c8e05ef4419	7842	tmp/wch-riscv	derived/upstream toolchain build corpus; not WCH chip/library documentation
2	tmp/wch-riscv/build/phase7-r8/source/gcc/libstdc++-v3/doc/xml/images/pbds_priority_queue_text_join.pdf	d501de67098b24502e284132abb3954e3fdeddbac26616956faead18e8e0ba89	103511	tmp/wch-riscv	derived/upstream toolchain build corpus; not WCH chip/library documentation
2	tmp/wch-riscv/build/phase7-r8/source/gcc/libstdc++-v3/doc/xml/images/pbds_priority_queue_text_modify_down.pdf	be3da838576756cd0d140188310efc50b6d13a4ea930651a076b99b017b3ac75	103701	tmp/wch-riscv	derived/upstream toolchain build corpus; not WCH chip/library documentation
2	tmp/wch-riscv/build/phase7-r8/source/gcc/libstdc++-v3/doc/xml/images/pbds_priority_queue_text_modify_up.pdf	ae537ff0a19f71890dcdb0a430b95e581d9bbf185f5fab4de7a2cf014dfcfbd3	103554	tmp/wch-riscv	derived/upstream toolchain build corpus; not WCH chip/library documentation
2	tmp/wch-riscv/build/phase7-r8/source/gcc/libstdc++-v3/doc/xml/images/pbds_priority_queue_text_pop_mem.pdf	dbd40a3a26ea0c77d85b0d4134f52900c0fc335702ba3ffd222125325a28e107	102962	tmp/wch-riscv	derived/upstream toolchain build corpus; not WCH chip/library documentation
2	tmp/wch-riscv/build/phase7-r8/source/gcc/libstdc++-v3/doc/xml/images/pbds_priority_queue_text_push.pdf	fcdfcf63f9fb963765ed0b254f94eb706d49906b2669d8cdd8148084ff58cd91	103249	tmp/wch-riscv	derived/upstream toolchain build corpus; not WCH chip/library documentation
2	tmp/wch-riscv/build/phase7-r8/source/gcc/libstdc++-v3/doc/xml/images/pbds_priority_queue_text_push_pop.pdf	d573b3e570118c3328ebe0eb1af11c6e6970bb8513dfeaf769f258a531fcd7c5	103894	tmp/wch-riscv	derived/upstream toolchain build corpus; not WCH chip/library documentation
2	tmp/wch-riscv/build/phase7-r8/source/gcc/libstdc++-v3/doc/xml/images/pbds_tree_int_find.pdf	205b802a195de76c2d5093f9506380cc44cd7894d866973c18cc75868fda07ba	82717	tmp/wch-riscv	derived/upstream toolchain build corpus; not WCH chip/library documentation
2	tmp/wch-riscv/build/phase7-r8/source/gcc/libstdc++-v3/doc/xml/images/pbds_tree_order_statistics.pdf	35973475b4f69dcfedfa33527c31eac3c026b1e3a92251a122ab61d82c101b75	81007	tmp/wch-riscv	derived/upstream toolchain build corpus; not WCH chip/library documentation
2	tmp/wch-riscv/build/phase7-r8/source/gcc/libstdc++-v3/doc/xml/images/pbds_tree_split_join.pdf	6634da3144fb68efe5b45fb38ed20ef1638b77e381e046de8d3dc4757acd62b0	82727	tmp/wch-riscv	derived/upstream toolchain build corpus; not WCH chip/library documentation
2	tmp/wch-riscv/build/phase7-r8/source/gcc/libstdc++-v3/doc/xml/images/pbds_tree_text_find.pdf	9a599ec5d821055e5ed78ca08f7e32bdde2a2005f1c68fe0ef61cffde3b6d4ad	84206	tmp/wch-riscv	derived/upstream toolchain build corpus; not WCH chip/library documentation
2	tmp/wch-riscv/build/phase7-r8/source/gcc/libstdc++-v3/doc/xml/images/pbds_tree_text_insert_node.pdf	dd0b0b1093d489fe2a899fa146eeae785945dd920c491a823a3ccd740533a308	80772	tmp/wch-riscv	derived/upstream toolchain build corpus; not WCH chip/library documentation
2	tmp/wch-riscv/build/phase7-r8/source/gcc/libstdc++-v3/doc/xml/images/pbds_tree_text_insert_trie.pdf	073a10c15b1db320d871d8069ec7995aee28a2881c2296670fb2dbe2862370d9	68209	tmp/wch-riscv	derived/upstream toolchain build corpus; not WCH chip/library documentation
2	tmp/wch-riscv/build/phase7-r8/source/gcc/libstdc++-v3/doc/xml/images/pbds_tree_text_insert_vector.pdf	e3d4d1c64abeea9749a512bcdc7d0ed834688295068c20d74a3beb929ff25c1c	68484	tmp/wch-riscv	derived/upstream toolchain build corpus; not WCH chip/library documentation
2	tmp/wch-riscv/build/phase7-r8/source/gcc/libstdc++-v3/doc/xml/images/pbds_tree_text_lor_find.pdf	49b9603a85eac24378f067c05c18b15df85dfdc693b133ddc671174d5dcb99b9	82720	tmp/wch-riscv	derived/upstream toolchain build corpus; not WCH chip/library documentation
2	tmp/wch-riscv/build/phase7-r9/source/binutils/zlib/doc/crc-doc.1.0.pdf	064f9252d6e2e15ea56c2bd18e160e5c9c84bcd137c11a7af497aaa511ace998	776142	tmp/wch-riscv	derived/upstream toolchain build corpus; not WCH chip/library documentation
2	tmp/wch-riscv/build/phase7-r9/source/binutils/zlib/zlib.3.pdf	c131fc86c31aeceb1e0217e8fd5288f573395cdfa5f6c34455e854330d306b84	8848	tmp/wch-riscv	derived/upstream toolchain build corpus; not WCH chip/library documentation
2	tmp/wch-riscv/build/phase7-r9/source/gcc/libstdc++-v3/doc/xml/images/confdeps.pdf	6897b8c088133947bd29d84982981bfb738813c5d7c8499593acb929a3ebe479	50629	tmp/wch-riscv	derived/upstream toolchain build corpus; not WCH chip/library documentation
2	tmp/wch-riscv/build/phase7-r9/source/gcc/libstdc++-v3/doc/xml/images/pbds_binary_priority_queue_int_push.pdf	ee6294f648c3b74e54c77cd4793be05cae3c8d97b861d24d3f4d2b595cd9ed67	81428	tmp/wch-riscv	derived/upstream toolchain build corpus; not WCH chip/library documentation
2	tmp/wch-riscv/build/phase7-r9/source/gcc/libstdc++-v3/doc/xml/images/pbds_binary_priority_queue_int_push_pop.pdf	3d37c44d53a960204b468e4e5490e78775f87ac445425602a362bdbef30c814f	81328	tmp/wch-riscv	derived/upstream toolchain build corpus; not WCH chip/library documentation
2	tmp/wch-riscv/build/phase7-r9/source/gcc/libstdc++-v3/doc/xml/images/pbds_cc_hash_int_find.pdf	35d9a7cbe799521b412bc8167a6c09ec03b32b967b5f4bd6a71c77963f5eef5e	90172	tmp/wch-riscv	derived/upstream toolchain build corpus; not WCH chip/library documentation
2	tmp/wch-riscv/build/phase7-r9/source/gcc/libstdc++-v3/doc/xml/images/pbds_cc_hash_int_subscript_find.pdf	302f20a083b005d0c84d37152fde14e0324f80263fa12cbf52bcb11bec809af2	90040	tmp/wch-riscv	derived/upstream toolchain build corpus; not WCH chip/library documentation
2	tmp/wch-riscv/build/phase7-r9/source/gcc/libstdc++-v3/doc/xml/images/pbds_cc_hash_int_subscript_insert.pdf	abddb22c074ae34f19cb6b09071f1ce0acd70f1983e106e6e1b0415465d55a96	90196	tmp/wch-riscv	derived/upstream toolchain build corpus; not WCH chip/library documentation
2	tmp/wch-riscv/build/phase7-r9/source/gcc/libstdc++-v3/doc/xml/images/pbds_ccgp_hash_int_subscript_insert.pdf	0290dff94cfec4b2e0d5664133f1ea39d9574578a8cfc92a9759fdeb7d261039	77608	tmp/wch-riscv	derived/upstream toolchain build corpus; not WCH chip/library documentation
2	tmp/wch-riscv/build/phase7-r9/source/gcc/libstdc++-v3/doc/xml/images/pbds_container_tag_hierarchy.pdf	f6bf580067c19e71c968e30c668e5c5d1f242ac78343e7e43db363647e067297	9605	tmp/wch-riscv	derived/upstream toolchain build corpus; not WCH chip/library documentation
2	tmp/wch-riscv/build/phase7-r9/source/gcc/libstdc++-v3/doc/xml/images/pbds_exception_hierarchy.pdf	84174874b89383b400bd5598ebcc9be5491a9d25ec453a03f5c6d9db9086d1ed	7520	tmp/wch-riscv	derived/upstream toolchain build corpus; not WCH chip/library documentation
2	tmp/wch-riscv/build/phase7-r9/source/gcc/libstdc++-v3/doc/xml/images/pbds_gp_hash_int_find.pdf	0f146067d487b0ee4d2576ec40c1e92062ec11aee96ad87e09cc14aecfb94507	76134	tmp/wch-riscv	derived/upstream toolchain build corpus; not WCH chip/library documentation
2	tmp/wch-riscv/build/phase7-r9/source/gcc/libstdc++-v3/doc/xml/images/pbds_gp_hash_int_subscript_find.pdf	a8907196ddb7f58e94b637ac6476cbf4fd1c14e42b7787a7ef6ca52560147f8b	76225	tmp/wch-riscv	derived/upstream toolchain build corpus; not WCH chip/library documentation
2	tmp/wch-riscv/build/phase7-r9/source/gcc/libstdc++-v3/doc/xml/images/pbds_gp_hash_int_subscript_insert.pdf	71be2aba307548a71fccef466b046dff44e2f7f4b5352fb97fb2f686ecf9feb8	76238	tmp/wch-riscv	derived/upstream toolchain build corpus; not WCH chip/library documentation
2	tmp/wch-riscv/build/phase7-r9/source/gcc/libstdc++-v3/doc/xml/images/pbds_hash_int_erase_mem.pdf	ad35f8085b11b100010315d2a06e8121c6efae7b3e756b083110ba163a637cfa	77175	tmp/wch-riscv	derived/upstream toolchain build corpus; not WCH chip/library documentation
2	tmp/wch-riscv/build/phase7-r9/source/gcc/libstdc++-v3/doc/xml/images/pbds_hash_text_find.pdf	2ffdc67ead08e03ae975bc730452ef4647c9f90f275173037d09709791247ee0	83353	tmp/wch-riscv	derived/upstream toolchain build corpus; not WCH chip/library documentation
2	tmp/wch-riscv/build/phase7-r9/source/gcc/libstdc++-v3/doc/xml/images/pbds_hash_zlob_int_find.pdf	7b2ec1c0a874722911b39f009b0ef2c13deaedbbb1600fc63d69e7e56e177f89	89031	tmp/wch-riscv	derived/upstream toolchain build corpus; not WCH chip/library documentation
2	tmp/wch-riscv/build/phase7-r9/source/gcc/libstdc++-v3/doc/xml/images/pbds_invalidation_tag_hierarchy.pdf	8fbb836ca736d6a7eb60ed76f48d9dfaace4cf3ba01022a1d6567cb23e7241e0	6903	tmp/wch-riscv	derived/upstream toolchain build corpus; not WCH chip/library documentation
2	tmp/wch-riscv/build/phase7-r9/source/gcc/libstdc++-v3/doc/xml/images/pbds_multimap_text_find_large_s2p_hash.pdf	4438b6edcd4a78866a586376ce60d5113b4deb978cfbd4a0e9ac1382bab6297a	67642	tmp/wch-riscv	derived/upstream toolchain build corpus; not WCH chip/library documentation
2	tmp/wch-riscv/build/phase7-r9/source/gcc/libstdc++-v3/doc/xml/images/pbds_multimap_text_find_large_s2p_tree.pdf	822194b5b6f9360c46748f0cee150b6e4fb8b8a223e27268e6aeb53a4dabf5c3	70583	tmp/wch-riscv	derived/upstream toolchain build corpus; not WCH chip/library documentation
2	tmp/wch-riscv/build/phase7-r9/source/gcc/libstdc++-v3/doc/xml/images/pbds_multimap_text_find_small_s2p_hash.pdf	ef3be06ae10bf60d41606e8b5e8dd31b7f329ffb899ec04299b395e3acffabea	67623	tmp/wch-riscv	derived/upstream toolchain build corpus; not WCH chip/library documentation
2	tmp/wch-riscv/build/phase7-r9/source/gcc/libstdc++-v3/doc/xml/images/pbds_multimap_text_find_small_s2p_tree.pdf	405254864882bb64ae351ac57a5bf7e0898634e0ac83d5a4ee89a571aee180f6	70942	tmp/wch-riscv	derived/upstream toolchain build corpus; not WCH chip/library documentation
2	tmp/wch-riscv/build/phase7-r9/source/gcc/libstdc++-v3/doc/xml/images/pbds_multimap_text_insert_large_s2p_hash.pdf	12b9a7adc4f168ea611493147465ccfe6fcb3fcb18da7d69c5a198fa9858d835	67457	tmp/wch-riscv	derived/upstream toolchain build corpus; not WCH chip/library documentation
2	tmp/wch-riscv/build/phase7-r9/source/gcc/libstdc++-v3/doc/xml/images/pbds_multimap_text_insert_large_s2p_tree.pdf	4cb27bbc13561e87c97b1c5e018448c61b3d4f8f31f1e38856e5cdc9705acf70	70759	tmp/wch-riscv	derived/upstream toolchain build corpus; not WCH chip/library documentation
2	tmp/wch-riscv/build/phase7-r9/source/gcc/libstdc++-v3/doc/xml/images/pbds_multimap_text_insert_mem_large_s2p_hash.pdf	098a9eeb30070bc4abf4f44a3198653f00cb6420e0745bd2696098f44e3e3d65	67786	tmp/wch-riscv	derived/upstream toolchain build corpus; not WCH chip/library documentation
2	tmp/wch-riscv/build/phase7-r9/source/gcc/libstdc++-v3/doc/xml/images/pbds_multimap_text_insert_mem_large_s2p_tree.pdf	6032a0712f510f32261f5d1851d940668e07fc5fb356f719c71120c2df1711dd	70776	tmp/wch-riscv	derived/upstream toolchain build corpus; not WCH chip/library documentation
2	tmp/wch-riscv/build/phase7-r9/source/gcc/libstdc++-v3/doc/xml/images/pbds_multimap_text_insert_mem_small_s2p_hash.pdf	5593cdc4c6b87f6ef1ffc2ffcb9ebe133815d50e8f4ea955815c4f04c8a89f85	67808	tmp/wch-riscv	derived/upstream toolchain build corpus; not WCH chip/library documentation
2	tmp/wch-riscv/build/phase7-r9/source/gcc/libstdc++-v3/doc/xml/images/pbds_multimap_text_insert_mem_small_s2p_tree.pdf	98c7c1d4141d72e3ddd385f3e845c459bcf4966cfbd9f6a11ea987080613ba03	70972	tmp/wch-riscv	derived/upstream toolchain build corpus; not WCH chip/library documentation
2	tmp/wch-riscv/build/phase7-r9/source/gcc/libstdc++-v3/doc/xml/images/pbds_multimap_text_insert_small_s2p_hash.pdf	9e0d493bf1f14525978bee98c7076a99bf318f65683f29b2bddfb798bfdb6754	67656	tmp/wch-riscv	derived/upstream toolchain build corpus; not WCH chip/library documentation
2	tmp/wch-riscv/build/phase7-r9/source/gcc/libstdc++-v3/doc/xml/images/pbds_multimap_text_insert_small_s2p_tree.pdf	661cfb64b9d89f09c2d7778a37dd39b948f1f8e5b563b6c8528b43a49400dbee	70738	tmp/wch-riscv	derived/upstream toolchain build corpus; not WCH chip/library documentation
2	tmp/wch-riscv/build/phase7-r9/source/gcc/libstdc++-v3/doc/xml/images/pbds_pairing_priority_queue_text_modify_down_thin.pdf	7187486746d8b2af44f0c7daa80caf11653a74b0686ba2ae503088a38e5733cf	68294	tmp/wch-riscv	derived/upstream toolchain build corpus; not WCH chip/library documentation
2	tmp/wch-riscv/build/phase7-r9/source/gcc/libstdc++-v3/doc/xml/images/pbds_pairing_priority_queue_text_modify_up_thin.pdf	ad60e6dd66287bbe95ab5945b41e00d39689fd0b0f9f5378a1aff2e0e2f14e6e	68500	tmp/wch-riscv	derived/upstream toolchain build corpus; not WCH chip/library documentation
2	tmp/wch-riscv/build/phase7-r9/source/gcc/libstdc++-v3/doc/xml/images/pbds_pairing_priority_queue_text_push.pdf	d70e2426af17f9f3f6eae2a8cbce6a5db5ab92b969a5ad13a920735f6e7196ce	82821	tmp/wch-riscv	derived/upstream toolchain build corpus; not WCH chip/library documentation
2	tmp/wch-riscv/build/phase7-r9/source/gcc/libstdc++-v3/doc/xml/images/pbds_pairing_priority_queue_text_push_pop.pdf	84da208bed229a1c2125b5a211cb5438de379424710eef31aee8229bf4f150f6	75989	tmp/wch-riscv	derived/upstream toolchain build corpus; not WCH chip/library documentation
2	tmp/wch-riscv/build/phase7-r9/source/gcc/libstdc++-v3/doc/xml/images/pbds_priority_queue_int_push.pdf	0aad13f919c1b5f91cf11afaad8f32c16fc764f78507eff8e49d0504c33de3ad	103791	tmp/wch-riscv	derived/upstream toolchain build corpus; not WCH chip/library documentation
2	tmp/wch-riscv/build/phase7-r9/source/gcc/libstdc++-v3/doc/xml/images/pbds_priority_queue_int_push_pop.pdf	2768fe985b77534da45e11282907430752d7d1676b7be158357c438be35d23ed	103910	tmp/wch-riscv	derived/upstream toolchain build corpus; not WCH chip/library documentation
2	tmp/wch-riscv/build/phase7-r9/source/gcc/libstdc++-v3/doc/xml/images/pbds_priority_queue_tag_hierarchy.pdf	98a180b0f321a6f141d7d70ee35823cfd548fb2d06dd20acb96d2c8e05ef4419	7842	tmp/wch-riscv	derived/upstream toolchain build corpus; not WCH chip/library documentation
2	tmp/wch-riscv/build/phase7-r9/source/gcc/libstdc++-v3/doc/xml/images/pbds_priority_queue_text_join.pdf	d501de67098b24502e284132abb3954e3fdeddbac26616956faead18e8e0ba89	103511	tmp/wch-riscv	derived/upstream toolchain build corpus; not WCH chip/library documentation
2	tmp/wch-riscv/build/phase7-r9/source/gcc/libstdc++-v3/doc/xml/images/pbds_priority_queue_text_modify_down.pdf	be3da838576756cd0d140188310efc50b6d13a4ea930651a076b99b017b3ac75	103701	tmp/wch-riscv	derived/upstream toolchain build corpus; not WCH chip/library documentation
2	tmp/wch-riscv/build/phase7-r9/source/gcc/libstdc++-v3/doc/xml/images/pbds_priority_queue_text_modify_up.pdf	ae537ff0a19f71890dcdb0a430b95e581d9bbf185f5fab4de7a2cf014dfcfbd3	103554	tmp/wch-riscv	derived/upstream toolchain build corpus; not WCH chip/library documentation
2	tmp/wch-riscv/build/phase7-r9/source/gcc/libstdc++-v3/doc/xml/images/pbds_priority_queue_text_pop_mem.pdf	dbd40a3a26ea0c77d85b0d4134f52900c0fc335702ba3ffd222125325a28e107	102962	tmp/wch-riscv	derived/upstream toolchain build corpus; not WCH chip/library documentation
2	tmp/wch-riscv/build/phase7-r9/source/gcc/libstdc++-v3/doc/xml/images/pbds_priority_queue_text_push.pdf	fcdfcf63f9fb963765ed0b254f94eb706d49906b2669d8cdd8148084ff58cd91	103249	tmp/wch-riscv	derived/upstream toolchain build corpus; not WCH chip/library documentation
2	tmp/wch-riscv/build/phase7-r9/source/gcc/libstdc++-v3/doc/xml/images/pbds_priority_queue_text_push_pop.pdf	d573b3e570118c3328ebe0eb1af11c6e6970bb8513dfeaf769f258a531fcd7c5	103894	tmp/wch-riscv	derived/upstream toolchain build corpus; not WCH chip/library documentation
2	tmp/wch-riscv/build/phase7-r9/source/gcc/libstdc++-v3/doc/xml/images/pbds_tree_int_find.pdf	205b802a195de76c2d5093f9506380cc44cd7894d866973c18cc75868fda07ba	82717	tmp/wch-riscv	derived/upstream toolchain build corpus; not WCH chip/library documentation
2	tmp/wch-riscv/build/phase7-r9/source/gcc/libstdc++-v3/doc/xml/images/pbds_tree_order_statistics.pdf	35973475b4f69dcfedfa33527c31eac3c026b1e3a92251a122ab61d82c101b75	81007	tmp/wch-riscv	derived/upstream toolchain build corpus; not WCH chip/library documentation
2	tmp/wch-riscv/build/phase7-r9/source/gcc/libstdc++-v3/doc/xml/images/pbds_tree_split_join.pdf	6634da3144fb68efe5b45fb38ed20ef1638b77e381e046de8d3dc4757acd62b0	82727	tmp/wch-riscv	derived/upstream toolchain build corpus; not WCH chip/library documentation
2	tmp/wch-riscv/build/phase7-r9/source/gcc/libstdc++-v3/doc/xml/images/pbds_tree_text_find.pdf	9a599ec5d821055e5ed78ca08f7e32bdde2a2005f1c68fe0ef61cffde3b6d4ad	84206	tmp/wch-riscv	derived/upstream toolchain build corpus; not WCH chip/library documentation
2	tmp/wch-riscv/build/phase7-r9/source/gcc/libstdc++-v3/doc/xml/images/pbds_tree_text_insert_node.pdf	dd0b0b1093d489fe2a899fa146eeae785945dd920c491a823a3ccd740533a308	80772	tmp/wch-riscv	derived/upstream toolchain build corpus; not WCH chip/library documentation
2	tmp/wch-riscv/build/phase7-r9/source/gcc/libstdc++-v3/doc/xml/images/pbds_tree_text_insert_trie.pdf	073a10c15b1db320d871d8069ec7995aee28a2881c2296670fb2dbe2862370d9	68209	tmp/wch-riscv	derived/upstream toolchain build corpus; not WCH chip/library documentation
2	tmp/wch-riscv/build/phase7-r9/source/gcc/libstdc++-v3/doc/xml/images/pbds_tree_text_insert_vector.pdf	e3d4d1c64abeea9749a512bcdc7d0ed834688295068c20d74a3beb929ff25c1c	68484	tmp/wch-riscv	derived/upstream toolchain build corpus; not WCH chip/library documentation
2	tmp/wch-riscv/build/phase7-r9/source/gcc/libstdc++-v3/doc/xml/images/pbds_tree_text_lor_find.pdf	49b9603a85eac24378f067c05c18b15df85dfdc693b133ddc671174d5dcb99b9	82720	tmp/wch-riscv	derived/upstream toolchain build corpus; not WCH chip/library documentation
2	tmp/wch-riscv/build/phase7/source/binutils/zlib/doc/crc-doc.1.0.pdf	064f9252d6e2e15ea56c2bd18e160e5c9c84bcd137c11a7af497aaa511ace998	776142	tmp/wch-riscv	derived/upstream toolchain build corpus; not WCH chip/library documentation
2	tmp/wch-riscv/build/phase7/source/binutils/zlib/zlib.3.pdf	c131fc86c31aeceb1e0217e8fd5288f573395cdfa5f6c34455e854330d306b84	8848	tmp/wch-riscv	derived/upstream toolchain build corpus; not WCH chip/library documentation
2	tmp/wch-riscv/build/phase7/source/gcc/libstdc++-v3/doc/xml/images/confdeps.pdf	6897b8c088133947bd29d84982981bfb738813c5d7c8499593acb929a3ebe479	50629	tmp/wch-riscv	derived/upstream toolchain build corpus; not WCH chip/library documentation
2	tmp/wch-riscv/build/phase7/source/gcc/libstdc++-v3/doc/xml/images/pbds_binary_priority_queue_int_push.pdf	ee6294f648c3b74e54c77cd4793be05cae3c8d97b861d24d3f4d2b595cd9ed67	81428	tmp/wch-riscv	derived/upstream toolchain build corpus; not WCH chip/library documentation
2	tmp/wch-riscv/build/phase7/source/gcc/libstdc++-v3/doc/xml/images/pbds_binary_priority_queue_int_push_pop.pdf	3d37c44d53a960204b468e4e5490e78775f87ac445425602a362bdbef30c814f	81328	tmp/wch-riscv	derived/upstream toolchain build corpus; not WCH chip/library documentation
2	tmp/wch-riscv/build/phase7/source/gcc/libstdc++-v3/doc/xml/images/pbds_cc_hash_int_find.pdf	35d9a7cbe799521b412bc8167a6c09ec03b32b967b5f4bd6a71c77963f5eef5e	90172	tmp/wch-riscv	derived/upstream toolchain build corpus; not WCH chip/library documentation
2	tmp/wch-riscv/build/phase7/source/gcc/libstdc++-v3/doc/xml/images/pbds_cc_hash_int_subscript_find.pdf	302f20a083b005d0c84d37152fde14e0324f80263fa12cbf52bcb11bec809af2	90040	tmp/wch-riscv	derived/upstream toolchain build corpus; not WCH chip/library documentation
2	tmp/wch-riscv/build/phase7/source/gcc/libstdc++-v3/doc/xml/images/pbds_cc_hash_int_subscript_insert.pdf	abddb22c074ae34f19cb6b09071f1ce0acd70f1983e106e6e1b0415465d55a96	90196	tmp/wch-riscv	derived/upstream toolchain build corpus; not WCH chip/library documentation
2	tmp/wch-riscv/build/phase7/source/gcc/libstdc++-v3/doc/xml/images/pbds_ccgp_hash_int_subscript_insert.pdf	0290dff94cfec4b2e0d5664133f1ea39d9574578a8cfc92a9759fdeb7d261039	77608	tmp/wch-riscv	derived/upstream toolchain build corpus; not WCH chip/library documentation
2	tmp/wch-riscv/build/phase7/source/gcc/libstdc++-v3/doc/xml/images/pbds_container_tag_hierarchy.pdf	f6bf580067c19e71c968e30c668e5c5d1f242ac78343e7e43db363647e067297	9605	tmp/wch-riscv	derived/upstream toolchain build corpus; not WCH chip/library documentation
2	tmp/wch-riscv/build/phase7/source/gcc/libstdc++-v3/doc/xml/images/pbds_exception_hierarchy.pdf	84174874b89383b400bd5598ebcc9be5491a9d25ec453a03f5c6d9db9086d1ed	7520	tmp/wch-riscv	derived/upstream toolchain build corpus; not WCH chip/library documentation
2	tmp/wch-riscv/build/phase7/source/gcc/libstdc++-v3/doc/xml/images/pbds_gp_hash_int_find.pdf	0f146067d487b0ee4d2576ec40c1e92062ec11aee96ad87e09cc14aecfb94507	76134	tmp/wch-riscv	derived/upstream toolchain build corpus; not WCH chip/library documentation
2	tmp/wch-riscv/build/phase7/source/gcc/libstdc++-v3/doc/xml/images/pbds_gp_hash_int_subscript_find.pdf	a8907196ddb7f58e94b637ac6476cbf4fd1c14e42b7787a7ef6ca52560147f8b	76225	tmp/wch-riscv	derived/upstream toolchain build corpus; not WCH chip/library documentation
2	tmp/wch-riscv/build/phase7/source/gcc/libstdc++-v3/doc/xml/images/pbds_gp_hash_int_subscript_insert.pdf	71be2aba307548a71fccef466b046dff44e2f7f4b5352fb97fb2f686ecf9feb8	76238	tmp/wch-riscv	derived/upstream toolchain build corpus; not WCH chip/library documentation
2	tmp/wch-riscv/build/phase7/source/gcc/libstdc++-v3/doc/xml/images/pbds_hash_int_erase_mem.pdf	ad35f8085b11b100010315d2a06e8121c6efae7b3e756b083110ba163a637cfa	77175	tmp/wch-riscv	derived/upstream toolchain build corpus; not WCH chip/library documentation
2	tmp/wch-riscv/build/phase7/source/gcc/libstdc++-v3/doc/xml/images/pbds_hash_text_find.pdf	2ffdc67ead08e03ae975bc730452ef4647c9f90f275173037d09709791247ee0	83353	tmp/wch-riscv	derived/upstream toolchain build corpus; not WCH chip/library documentation
2	tmp/wch-riscv/build/phase7/source/gcc/libstdc++-v3/doc/xml/images/pbds_hash_zlob_int_find.pdf	7b2ec1c0a874722911b39f009b0ef2c13deaedbbb1600fc63d69e7e56e177f89	89031	tmp/wch-riscv	derived/upstream toolchain build corpus; not WCH chip/library documentation
2	tmp/wch-riscv/build/phase7/source/gcc/libstdc++-v3/doc/xml/images/pbds_invalidation_tag_hierarchy.pdf	8fbb836ca736d6a7eb60ed76f48d9dfaace4cf3ba01022a1d6567cb23e7241e0	6903	tmp/wch-riscv	derived/upstream toolchain build corpus; not WCH chip/library documentation
2	tmp/wch-riscv/build/phase7/source/gcc/libstdc++-v3/doc/xml/images/pbds_multimap_text_find_large_s2p_hash.pdf	4438b6edcd4a78866a586376ce60d5113b4deb978cfbd4a0e9ac1382bab6297a	67642	tmp/wch-riscv	derived/upstream toolchain build corpus; not WCH chip/library documentation
2	tmp/wch-riscv/build/phase7/source/gcc/libstdc++-v3/doc/xml/images/pbds_multimap_text_find_large_s2p_tree.pdf	822194b5b6f9360c46748f0cee150b6e4fb8b8a223e27268e6aeb53a4dabf5c3	70583	tmp/wch-riscv	derived/upstream toolchain build corpus; not WCH chip/library documentation
2	tmp/wch-riscv/build/phase7/source/gcc/libstdc++-v3/doc/xml/images/pbds_multimap_text_find_small_s2p_hash.pdf	ef3be06ae10bf60d41606e8b5e8dd31b7f329ffb899ec04299b395e3acffabea	67623	tmp/wch-riscv	derived/upstream toolchain build corpus; not WCH chip/library documentation
2	tmp/wch-riscv/build/phase7/source/gcc/libstdc++-v3/doc/xml/images/pbds_multimap_text_find_small_s2p_tree.pdf	405254864882bb64ae351ac57a5bf7e0898634e0ac83d5a4ee89a571aee180f6	70942	tmp/wch-riscv	derived/upstream toolchain build corpus; not WCH chip/library documentation
2	tmp/wch-riscv/build/phase7/source/gcc/libstdc++-v3/doc/xml/images/pbds_multimap_text_insert_large_s2p_hash.pdf	12b9a7adc4f168ea611493147465ccfe6fcb3fcb18da7d69c5a198fa9858d835	67457	tmp/wch-riscv	derived/upstream toolchain build corpus; not WCH chip/library documentation
2	tmp/wch-riscv/build/phase7/source/gcc/libstdc++-v3/doc/xml/images/pbds_multimap_text_insert_large_s2p_tree.pdf	4cb27bbc13561e87c97b1c5e018448c61b3d4f8f31f1e38856e5cdc9705acf70	70759	tmp/wch-riscv	derived/upstream toolchain build corpus; not WCH chip/library documentation
2	tmp/wch-riscv/build/phase7/source/gcc/libstdc++-v3/doc/xml/images/pbds_multimap_text_insert_mem_large_s2p_hash.pdf	098a9eeb30070bc4abf4f44a3198653f00cb6420e0745bd2696098f44e3e3d65	67786	tmp/wch-riscv	derived/upstream toolchain build corpus; not WCH chip/library documentation
2	tmp/wch-riscv/build/phase7/source/gcc/libstdc++-v3/doc/xml/images/pbds_multimap_text_insert_mem_large_s2p_tree.pdf	6032a0712f510f32261f5d1851d940668e07fc5fb356f719c71120c2df1711dd	70776	tmp/wch-riscv	derived/upstream toolchain build corpus; not WCH chip/library documentation
2	tmp/wch-riscv/build/phase7/source/gcc/libstdc++-v3/doc/xml/images/pbds_multimap_text_insert_mem_small_s2p_hash.pdf	5593cdc4c6b87f6ef1ffc2ffcb9ebe133815d50e8f4ea955815c4f04c8a89f85	67808	tmp/wch-riscv	derived/upstream toolchain build corpus; not WCH chip/library documentation
2	tmp/wch-riscv/build/phase7/source/gcc/libstdc++-v3/doc/xml/images/pbds_multimap_text_insert_mem_small_s2p_tree.pdf	98c7c1d4141d72e3ddd385f3e845c459bcf4966cfbd9f6a11ea987080613ba03	70972	tmp/wch-riscv	derived/upstream toolchain build corpus; not WCH chip/library documentation
2	tmp/wch-riscv/build/phase7/source/gcc/libstdc++-v3/doc/xml/images/pbds_multimap_text_insert_small_s2p_hash.pdf	9e0d493bf1f14525978bee98c7076a99bf318f65683f29b2bddfb798bfdb6754	67656	tmp/wch-riscv	derived/upstream toolchain build corpus; not WCH chip/library documentation
2	tmp/wch-riscv/build/phase7/source/gcc/libstdc++-v3/doc/xml/images/pbds_multimap_text_insert_small_s2p_tree.pdf	661cfb64b9d89f09c2d7778a37dd39b948f1f8e5b563b6c8528b43a49400dbee	70738	tmp/wch-riscv	derived/upstream toolchain build corpus; not WCH chip/library documentation
2	tmp/wch-riscv/build/phase7/source/gcc/libstdc++-v3/doc/xml/images/pbds_pairing_priority_queue_text_modify_down_thin.pdf	7187486746d8b2af44f0c7daa80caf11653a74b0686ba2ae503088a38e5733cf	68294	tmp/wch-riscv	derived/upstream toolchain build corpus; not WCH chip/library documentation
2	tmp/wch-riscv/build/phase7/source/gcc/libstdc++-v3/doc/xml/images/pbds_pairing_priority_queue_text_modify_up_thin.pdf	ad60e6dd66287bbe95ab5945b41e00d39689fd0b0f9f5378a1aff2e0e2f14e6e	68500	tmp/wch-riscv	derived/upstream toolchain build corpus; not WCH chip/library documentation
2	tmp/wch-riscv/build/phase7/source/gcc/libstdc++-v3/doc/xml/images/pbds_pairing_priority_queue_text_push.pdf	d70e2426af17f9f3f6eae2a8cbce6a5db5ab92b969a5ad13a920735f6e7196ce	82821	tmp/wch-riscv	derived/upstream toolchain build corpus; not WCH chip/library documentation
2	tmp/wch-riscv/build/phase7/source/gcc/libstdc++-v3/doc/xml/images/pbds_pairing_priority_queue_text_push_pop.pdf	84da208bed229a1c2125b5a211cb5438de379424710eef31aee8229bf4f150f6	75989	tmp/wch-riscv	derived/upstream toolchain build corpus; not WCH chip/library documentation
2	tmp/wch-riscv/build/phase7/source/gcc/libstdc++-v3/doc/xml/images/pbds_priority_queue_int_push.pdf	0aad13f919c1b5f91cf11afaad8f32c16fc764f78507eff8e49d0504c33de3ad	103791	tmp/wch-riscv	derived/upstream toolchain build corpus; not WCH chip/library documentation
2	tmp/wch-riscv/build/phase7/source/gcc/libstdc++-v3/doc/xml/images/pbds_priority_queue_int_push_pop.pdf	2768fe985b77534da45e11282907430752d7d1676b7be158357c438be35d23ed	103910	tmp/wch-riscv	derived/upstream toolchain build corpus; not WCH chip/library documentation
2	tmp/wch-riscv/build/phase7/source/gcc/libstdc++-v3/doc/xml/images/pbds_priority_queue_tag_hierarchy.pdf	98a180b0f321a6f141d7d70ee35823cfd548fb2d06dd20acb96d2c8e05ef4419	7842	tmp/wch-riscv	derived/upstream toolchain build corpus; not WCH chip/library documentation
2	tmp/wch-riscv/build/phase7/source/gcc/libstdc++-v3/doc/xml/images/pbds_priority_queue_text_join.pdf	d501de67098b24502e284132abb3954e3fdeddbac26616956faead18e8e0ba89	103511	tmp/wch-riscv	derived/upstream toolchain build corpus; not WCH chip/library documentation
2	tmp/wch-riscv/build/phase7/source/gcc/libstdc++-v3/doc/xml/images/pbds_priority_queue_text_modify_down.pdf	be3da838576756cd0d140188310efc50b6d13a4ea930651a076b99b017b3ac75	103701	tmp/wch-riscv	derived/upstream toolchain build corpus; not WCH chip/library documentation
2	tmp/wch-riscv/build/phase7/source/gcc/libstdc++-v3/doc/xml/images/pbds_priority_queue_text_modify_up.pdf	ae537ff0a19f71890dcdb0a430b95e581d9bbf185f5fab4de7a2cf014dfcfbd3	103554	tmp/wch-riscv	derived/upstream toolchain build corpus; not WCH chip/library documentation
2	tmp/wch-riscv/build/phase7/source/gcc/libstdc++-v3/doc/xml/images/pbds_priority_queue_text_pop_mem.pdf	dbd40a3a26ea0c77d85b0d4134f52900c0fc335702ba3ffd222125325a28e107	102962	tmp/wch-riscv	derived/upstream toolchain build corpus; not WCH chip/library documentation
2	tmp/wch-riscv/build/phase7/source/gcc/libstdc++-v3/doc/xml/images/pbds_priority_queue_text_push.pdf	fcdfcf63f9fb963765ed0b254f94eb706d49906b2669d8cdd8148084ff58cd91	103249	tmp/wch-riscv	derived/upstream toolchain build corpus; not WCH chip/library documentation
2	tmp/wch-riscv/build/phase7/source/gcc/libstdc++-v3/doc/xml/images/pbds_priority_queue_text_push_pop.pdf	d573b3e570118c3328ebe0eb1af11c6e6970bb8513dfeaf769f258a531fcd7c5	103894	tmp/wch-riscv	derived/upstream toolchain build corpus; not WCH chip/library documentation
2	tmp/wch-riscv/build/phase7/source/gcc/libstdc++-v3/doc/xml/images/pbds_tree_int_find.pdf	205b802a195de76c2d5093f9506380cc44cd7894d866973c18cc75868fda07ba	82717	tmp/wch-riscv	derived/upstream toolchain build corpus; not WCH chip/library documentation
2	tmp/wch-riscv/build/phase7/source/gcc/libstdc++-v3/doc/xml/images/pbds_tree_order_statistics.pdf	35973475b4f69dcfedfa33527c31eac3c026b1e3a92251a122ab61d82c101b75	81007	tmp/wch-riscv	derived/upstream toolchain build corpus; not WCH chip/library documentation
2	tmp/wch-riscv/build/phase7/source/gcc/libstdc++-v3/doc/xml/images/pbds_tree_split_join.pdf	6634da3144fb68efe5b45fb38ed20ef1638b77e381e046de8d3dc4757acd62b0	82727	tmp/wch-riscv	derived/upstream toolchain build corpus; not WCH chip/library documentation
2	tmp/wch-riscv/build/phase7/source/gcc/libstdc++-v3/doc/xml/images/pbds_tree_text_find.pdf	9a599ec5d821055e5ed78ca08f7e32bdde2a2005f1c68fe0ef61cffde3b6d4ad	84206	tmp/wch-riscv	derived/upstream toolchain build corpus; not WCH chip/library documentation
2	tmp/wch-riscv/build/phase7/source/gcc/libstdc++-v3/doc/xml/images/pbds_tree_text_insert_node.pdf	dd0b0b1093d489fe2a899fa146eeae785945dd920c491a823a3ccd740533a308	80772	tmp/wch-riscv	derived/upstream toolchain build corpus; not WCH chip/library documentation
2	tmp/wch-riscv/build/phase7/source/gcc/libstdc++-v3/doc/xml/images/pbds_tree_text_insert_trie.pdf	073a10c15b1db320d871d8069ec7995aee28a2881c2296670fb2dbe2862370d9	68209	tmp/wch-riscv	derived/upstream toolchain build corpus; not WCH chip/library documentation
2	tmp/wch-riscv/build/phase7/source/gcc/libstdc++-v3/doc/xml/images/pbds_tree_text_insert_vector.pdf	e3d4d1c64abeea9749a512bcdc7d0ed834688295068c20d74a3beb929ff25c1c	68484	tmp/wch-riscv	derived/upstream toolchain build corpus; not WCH chip/library documentation
2	tmp/wch-riscv/build/phase7/source/gcc/libstdc++-v3/doc/xml/images/pbds_tree_text_lor_find.pdf	49b9603a85eac24378f067c05c18b15df85dfdc693b133ddc671174d5dcb99b9	82720	tmp/wch-riscv	derived/upstream toolchain build corpus; not WCH chip/library documentation
2	tmp/wch-riscv/port/binutils-apply-check/zlib/doc/crc-doc.1.0.pdf	064f9252d6e2e15ea56c2bd18e160e5c9c84bcd137c11a7af497aaa511ace998	776142	tmp/wch-riscv	derived/upstream toolchain build corpus; not WCH chip/library documentation
2	tmp/wch-riscv/port/binutils-apply-check/zlib/zlib.3.pdf	c131fc86c31aeceb1e0217e8fd5288f573395cdfa5f6c34455e854330d306b84	8848	tmp/wch-riscv	derived/upstream toolchain build corpus; not WCH chip/library documentation
2	tmp/wch-riscv/port/binutils-control/zlib/doc/crc-doc.1.0.pdf	064f9252d6e2e15ea56c2bd18e160e5c9c84bcd137c11a7af497aaa511ace998	776142	tmp/wch-riscv	derived/upstream toolchain build corpus; not WCH chip/library documentation
2	tmp/wch-riscv/port/binutils-control/zlib/zlib.3.pdf	c131fc86c31aeceb1e0217e8fd5288f573395cdfa5f6c34455e854330d306b84	8848	tmp/wch-riscv	derived/upstream toolchain build corpus; not WCH chip/library documentation
2	tmp/wch-riscv/port/binutils/zlib/doc/crc-doc.1.0.pdf	064f9252d6e2e15ea56c2bd18e160e5c9c84bcd137c11a7af497aaa511ace998	776142	tmp/wch-riscv	derived/upstream toolchain build corpus; not WCH chip/library documentation
2	tmp/wch-riscv/port/binutils/zlib/zlib.3.pdf	c131fc86c31aeceb1e0217e8fd5288f573395cdfa5f6c34455e854330d306b84	8848	tmp/wch-riscv	derived/upstream toolchain build corpus; not WCH chip/library documentation
2	tmp/wch-riscv/port/gcc/libstdc++-v3/doc/xml/images/confdeps.pdf	6897b8c088133947bd29d84982981bfb738813c5d7c8499593acb929a3ebe479	50629	tmp/wch-riscv	derived/upstream toolchain build corpus; not WCH chip/library documentation
2	tmp/wch-riscv/port/gcc/libstdc++-v3/doc/xml/images/pbds_binary_priority_queue_int_push.pdf	ee6294f648c3b74e54c77cd4793be05cae3c8d97b861d24d3f4d2b595cd9ed67	81428	tmp/wch-riscv	derived/upstream toolchain build corpus; not WCH chip/library documentation
2	tmp/wch-riscv/port/gcc/libstdc++-v3/doc/xml/images/pbds_binary_priority_queue_int_push_pop.pdf	3d37c44d53a960204b468e4e5490e78775f87ac445425602a362bdbef30c814f	81328	tmp/wch-riscv	derived/upstream toolchain build corpus; not WCH chip/library documentation
2	tmp/wch-riscv/port/gcc/libstdc++-v3/doc/xml/images/pbds_cc_hash_int_find.pdf	35d9a7cbe799521b412bc8167a6c09ec03b32b967b5f4bd6a71c77963f5eef5e	90172	tmp/wch-riscv	derived/upstream toolchain build corpus; not WCH chip/library documentation
2	tmp/wch-riscv/port/gcc/libstdc++-v3/doc/xml/images/pbds_cc_hash_int_subscript_find.pdf	302f20a083b005d0c84d37152fde14e0324f80263fa12cbf52bcb11bec809af2	90040	tmp/wch-riscv	derived/upstream toolchain build corpus; not WCH chip/library documentation
2	tmp/wch-riscv/port/gcc/libstdc++-v3/doc/xml/images/pbds_cc_hash_int_subscript_insert.pdf	abddb22c074ae34f19cb6b09071f1ce0acd70f1983e106e6e1b0415465d55a96	90196	tmp/wch-riscv	derived/upstream toolchain build corpus; not WCH chip/library documentation
2	tmp/wch-riscv/port/gcc/libstdc++-v3/doc/xml/images/pbds_ccgp_hash_int_subscript_insert.pdf	0290dff94cfec4b2e0d5664133f1ea39d9574578a8cfc92a9759fdeb7d261039	77608	tmp/wch-riscv	derived/upstream toolchain build corpus; not WCH chip/library documentation
2	tmp/wch-riscv/port/gcc/libstdc++-v3/doc/xml/images/pbds_container_tag_hierarchy.pdf	f6bf580067c19e71c968e30c668e5c5d1f242ac78343e7e43db363647e067297	9605	tmp/wch-riscv	derived/upstream toolchain build corpus; not WCH chip/library documentation
2	tmp/wch-riscv/port/gcc/libstdc++-v3/doc/xml/images/pbds_exception_hierarchy.pdf	84174874b89383b400bd5598ebcc9be5491a9d25ec453a03f5c6d9db9086d1ed	7520	tmp/wch-riscv	derived/upstream toolchain build corpus; not WCH chip/library documentation
2	tmp/wch-riscv/port/gcc/libstdc++-v3/doc/xml/images/pbds_gp_hash_int_find.pdf	0f146067d487b0ee4d2576ec40c1e92062ec11aee96ad87e09cc14aecfb94507	76134	tmp/wch-riscv	derived/upstream toolchain build corpus; not WCH chip/library documentation
2	tmp/wch-riscv/port/gcc/libstdc++-v3/doc/xml/images/pbds_gp_hash_int_subscript_find.pdf	a8907196ddb7f58e94b637ac6476cbf4fd1c14e42b7787a7ef6ca52560147f8b	76225	tmp/wch-riscv	derived/upstream toolchain build corpus; not WCH chip/library documentation
2	tmp/wch-riscv/port/gcc/libstdc++-v3/doc/xml/images/pbds_gp_hash_int_subscript_insert.pdf	71be2aba307548a71fccef466b046dff44e2f7f4b5352fb97fb2f686ecf9feb8	76238	tmp/wch-riscv	derived/upstream toolchain build corpus; not WCH chip/library documentation
2	tmp/wch-riscv/port/gcc/libstdc++-v3/doc/xml/images/pbds_hash_int_erase_mem.pdf	ad35f8085b11b100010315d2a06e8121c6efae7b3e756b083110ba163a637cfa	77175	tmp/wch-riscv	derived/upstream toolchain build corpus; not WCH chip/library documentation
2	tmp/wch-riscv/port/gcc/libstdc++-v3/doc/xml/images/pbds_hash_text_find.pdf	2ffdc67ead08e03ae975bc730452ef4647c9f90f275173037d09709791247ee0	83353	tmp/wch-riscv	derived/upstream toolchain build corpus; not WCH chip/library documentation
2	tmp/wch-riscv/port/gcc/libstdc++-v3/doc/xml/images/pbds_hash_zlob_int_find.pdf	7b2ec1c0a874722911b39f009b0ef2c13deaedbbb1600fc63d69e7e56e177f89	89031	tmp/wch-riscv	derived/upstream toolchain build corpus; not WCH chip/library documentation
2	tmp/wch-riscv/port/gcc/libstdc++-v3/doc/xml/images/pbds_invalidation_tag_hierarchy.pdf	8fbb836ca736d6a7eb60ed76f48d9dfaace4cf3ba01022a1d6567cb23e7241e0	6903	tmp/wch-riscv	derived/upstream toolchain build corpus; not WCH chip/library documentation
2	tmp/wch-riscv/port/gcc/libstdc++-v3/doc/xml/images/pbds_multimap_text_find_large_s2p_hash.pdf	4438b6edcd4a78866a586376ce60d5113b4deb978cfbd4a0e9ac1382bab6297a	67642	tmp/wch-riscv	derived/upstream toolchain build corpus; not WCH chip/library documentation
2	tmp/wch-riscv/port/gcc/libstdc++-v3/doc/xml/images/pbds_multimap_text_find_large_s2p_tree.pdf	822194b5b6f9360c46748f0cee150b6e4fb8b8a223e27268e6aeb53a4dabf5c3	70583	tmp/wch-riscv	derived/upstream toolchain build corpus; not WCH chip/library documentation
2	tmp/wch-riscv/port/gcc/libstdc++-v3/doc/xml/images/pbds_multimap_text_find_small_s2p_hash.pdf	ef3be06ae10bf60d41606e8b5e8dd31b7f329ffb899ec04299b395e3acffabea	67623	tmp/wch-riscv	derived/upstream toolchain build corpus; not WCH chip/library documentation
2	tmp/wch-riscv/port/gcc/libstdc++-v3/doc/xml/images/pbds_multimap_text_find_small_s2p_tree.pdf	405254864882bb64ae351ac57a5bf7e0898634e0ac83d5a4ee89a571aee180f6	70942	tmp/wch-riscv	derived/upstream toolchain build corpus; not WCH chip/library documentation
2	tmp/wch-riscv/port/gcc/libstdc++-v3/doc/xml/images/pbds_multimap_text_insert_large_s2p_hash.pdf	12b9a7adc4f168ea611493147465ccfe6fcb3fcb18da7d69c5a198fa9858d835	67457	tmp/wch-riscv	derived/upstream toolchain build corpus; not WCH chip/library documentation
2	tmp/wch-riscv/port/gcc/libstdc++-v3/doc/xml/images/pbds_multimap_text_insert_large_s2p_tree.pdf	4cb27bbc13561e87c97b1c5e018448c61b3d4f8f31f1e38856e5cdc9705acf70	70759	tmp/wch-riscv	derived/upstream toolchain build corpus; not WCH chip/library documentation
2	tmp/wch-riscv/port/gcc/libstdc++-v3/doc/xml/images/pbds_multimap_text_insert_mem_large_s2p_hash.pdf	098a9eeb30070bc4abf4f44a3198653f00cb6420e0745bd2696098f44e3e3d65	67786	tmp/wch-riscv	derived/upstream toolchain build corpus; not WCH chip/library documentation
2	tmp/wch-riscv/port/gcc/libstdc++-v3/doc/xml/images/pbds_multimap_text_insert_mem_large_s2p_tree.pdf	6032a0712f510f32261f5d1851d940668e07fc5fb356f719c71120c2df1711dd	70776	tmp/wch-riscv	derived/upstream toolchain build corpus; not WCH chip/library documentation
2	tmp/wch-riscv/port/gcc/libstdc++-v3/doc/xml/images/pbds_multimap_text_insert_mem_small_s2p_hash.pdf	5593cdc4c6b87f6ef1ffc2ffcb9ebe133815d50e8f4ea955815c4f04c8a89f85	67808	tmp/wch-riscv	derived/upstream toolchain build corpus; not WCH chip/library documentation
2	tmp/wch-riscv/port/gcc/libstdc++-v3/doc/xml/images/pbds_multimap_text_insert_mem_small_s2p_tree.pdf	98c7c1d4141d72e3ddd385f3e845c459bcf4966cfbd9f6a11ea987080613ba03	70972	tmp/wch-riscv	derived/upstream toolchain build corpus; not WCH chip/library documentation
2	tmp/wch-riscv/port/gcc/libstdc++-v3/doc/xml/images/pbds_multimap_text_insert_small_s2p_hash.pdf	9e0d493bf1f14525978bee98c7076a99bf318f65683f29b2bddfb798bfdb6754	67656	tmp/wch-riscv	derived/upstream toolchain build corpus; not WCH chip/library documentation
2	tmp/wch-riscv/port/gcc/libstdc++-v3/doc/xml/images/pbds_multimap_text_insert_small_s2p_tree.pdf	661cfb64b9d89f09c2d7778a37dd39b948f1f8e5b563b6c8528b43a49400dbee	70738	tmp/wch-riscv	derived/upstream toolchain build corpus; not WCH chip/library documentation
2	tmp/wch-riscv/port/gcc/libstdc++-v3/doc/xml/images/pbds_pairing_priority_queue_text_modify_down_thin.pdf	7187486746d8b2af44f0c7daa80caf11653a74b0686ba2ae503088a38e5733cf	68294	tmp/wch-riscv	derived/upstream toolchain build corpus; not WCH chip/library documentation
2	tmp/wch-riscv/port/gcc/libstdc++-v3/doc/xml/images/pbds_pairing_priority_queue_text_modify_up_thin.pdf	ad60e6dd66287bbe95ab5945b41e00d39689fd0b0f9f5378a1aff2e0e2f14e6e	68500	tmp/wch-riscv	derived/upstream toolchain build corpus; not WCH chip/library documentation
2	tmp/wch-riscv/port/gcc/libstdc++-v3/doc/xml/images/pbds_pairing_priority_queue_text_push.pdf	d70e2426af17f9f3f6eae2a8cbce6a5db5ab92b969a5ad13a920735f6e7196ce	82821	tmp/wch-riscv	derived/upstream toolchain build corpus; not WCH chip/library documentation
2	tmp/wch-riscv/port/gcc/libstdc++-v3/doc/xml/images/pbds_pairing_priority_queue_text_push_pop.pdf	84da208bed229a1c2125b5a211cb5438de379424710eef31aee8229bf4f150f6	75989	tmp/wch-riscv	derived/upstream toolchain build corpus; not WCH chip/library documentation
2	tmp/wch-riscv/port/gcc/libstdc++-v3/doc/xml/images/pbds_priority_queue_int_push.pdf	0aad13f919c1b5f91cf11afaad8f32c16fc764f78507eff8e49d0504c33de3ad	103791	tmp/wch-riscv	derived/upstream toolchain build corpus; not WCH chip/library documentation
2	tmp/wch-riscv/port/gcc/libstdc++-v3/doc/xml/images/pbds_priority_queue_int_push_pop.pdf	2768fe985b77534da45e11282907430752d7d1676b7be158357c438be35d23ed	103910	tmp/wch-riscv	derived/upstream toolchain build corpus; not WCH chip/library documentation
2	tmp/wch-riscv/port/gcc/libstdc++-v3/doc/xml/images/pbds_priority_queue_tag_hierarchy.pdf	98a180b0f321a6f141d7d70ee35823cfd548fb2d06dd20acb96d2c8e05ef4419	7842	tmp/wch-riscv	derived/upstream toolchain build corpus; not WCH chip/library documentation
2	tmp/wch-riscv/port/gcc/libstdc++-v3/doc/xml/images/pbds_priority_queue_text_join.pdf	d501de67098b24502e284132abb3954e3fdeddbac26616956faead18e8e0ba89	103511	tmp/wch-riscv	derived/upstream toolchain build corpus; not WCH chip/library documentation
2	tmp/wch-riscv/port/gcc/libstdc++-v3/doc/xml/images/pbds_priority_queue_text_modify_down.pdf	be3da838576756cd0d140188310efc50b6d13a4ea930651a076b99b017b3ac75	103701	tmp/wch-riscv	derived/upstream toolchain build corpus; not WCH chip/library documentation
2	tmp/wch-riscv/port/gcc/libstdc++-v3/doc/xml/images/pbds_priority_queue_text_modify_up.pdf	ae537ff0a19f71890dcdb0a430b95e581d9bbf185f5fab4de7a2cf014dfcfbd3	103554	tmp/wch-riscv	derived/upstream toolchain build corpus; not WCH chip/library documentation
2	tmp/wch-riscv/port/gcc/libstdc++-v3/doc/xml/images/pbds_priority_queue_text_pop_mem.pdf	dbd40a3a26ea0c77d85b0d4134f52900c0fc335702ba3ffd222125325a28e107	102962	tmp/wch-riscv	derived/upstream toolchain build corpus; not WCH chip/library documentation
2	tmp/wch-riscv/port/gcc/libstdc++-v3/doc/xml/images/pbds_priority_queue_text_push.pdf	fcdfcf63f9fb963765ed0b254f94eb706d49906b2669d8cdd8148084ff58cd91	103249	tmp/wch-riscv	derived/upstream toolchain build corpus; not WCH chip/library documentation
2	tmp/wch-riscv/port/gcc/libstdc++-v3/doc/xml/images/pbds_priority_queue_text_push_pop.pdf	d573b3e570118c3328ebe0eb1af11c6e6970bb8513dfeaf769f258a531fcd7c5	103894	tmp/wch-riscv	derived/upstream toolchain build corpus; not WCH chip/library documentation
2	tmp/wch-riscv/port/gcc/libstdc++-v3/doc/xml/images/pbds_tree_int_find.pdf	205b802a195de76c2d5093f9506380cc44cd7894d866973c18cc75868fda07ba	82717	tmp/wch-riscv	derived/upstream toolchain build corpus; not WCH chip/library documentation
2	tmp/wch-riscv/port/gcc/libstdc++-v3/doc/xml/images/pbds_tree_order_statistics.pdf	35973475b4f69dcfedfa33527c31eac3c026b1e3a92251a122ab61d82c101b75	81007	tmp/wch-riscv	derived/upstream toolchain build corpus; not WCH chip/library documentation
2	tmp/wch-riscv/port/gcc/libstdc++-v3/doc/xml/images/pbds_tree_split_join.pdf	6634da3144fb68efe5b45fb38ed20ef1638b77e381e046de8d3dc4757acd62b0	82727	tmp/wch-riscv	derived/upstream toolchain build corpus; not WCH chip/library documentation
2	tmp/wch-riscv/port/gcc/libstdc++-v3/doc/xml/images/pbds_tree_text_find.pdf	9a599ec5d821055e5ed78ca08f7e32bdde2a2005f1c68fe0ef61cffde3b6d4ad	84206	tmp/wch-riscv	derived/upstream toolchain build corpus; not WCH chip/library documentation
2	tmp/wch-riscv/port/gcc/libstdc++-v3/doc/xml/images/pbds_tree_text_insert_node.pdf	dd0b0b1093d489fe2a899fa146eeae785945dd920c491a823a3ccd740533a308	80772	tmp/wch-riscv	derived/upstream toolchain build corpus; not WCH chip/library documentation
2	tmp/wch-riscv/port/gcc/libstdc++-v3/doc/xml/images/pbds_tree_text_insert_trie.pdf	073a10c15b1db320d871d8069ec7995aee28a2881c2296670fb2dbe2862370d9	68209	tmp/wch-riscv	derived/upstream toolchain build corpus; not WCH chip/library documentation
2	tmp/wch-riscv/port/gcc/libstdc++-v3/doc/xml/images/pbds_tree_text_insert_vector.pdf	e3d4d1c64abeea9749a512bcdc7d0ed834688295068c20d74a3beb929ff25c1c	68484	tmp/wch-riscv	derived/upstream toolchain build corpus; not WCH chip/library documentation
2	tmp/wch-riscv/port/gcc/libstdc++-v3/doc/xml/images/pbds_tree_text_lor_find.pdf	49b9603a85eac24378f067c05c18b15df85dfdc693b133ddc671174d5dcb99b9	82720	tmp/wch-riscv	derived/upstream toolchain build corpus; not WCH chip/library documentation
2	tmp/wch-riscv/src/binutils-upstream/zlib/doc/crc-doc.1.0.pdf	064f9252d6e2e15ea56c2bd18e160e5c9c84bcd137c11a7af497aaa511ace998	776142	tmp/wch-riscv	derived/upstream toolchain build corpus; not WCH chip/library documentation
2	tmp/wch-riscv/src/binutils-upstream/zlib/zlib.3.pdf	c131fc86c31aeceb1e0217e8fd5288f573395cdfa5f6c34455e854330d306b84	8848	tmp/wch-riscv	derived/upstream toolchain build corpus; not WCH chip/library documentation
2	tmp/wch-riscv/src/gcc-upstream/libstdc++-v3/doc/xml/images/confdeps.pdf	6897b8c088133947bd29d84982981bfb738813c5d7c8499593acb929a3ebe479	50629	tmp/wch-riscv	derived/upstream toolchain build corpus; not WCH chip/library documentation
2	tmp/wch-riscv/src/gcc-upstream/libstdc++-v3/doc/xml/images/pbds_binary_priority_queue_int_push.pdf	ee6294f648c3b74e54c77cd4793be05cae3c8d97b861d24d3f4d2b595cd9ed67	81428	tmp/wch-riscv	derived/upstream toolchain build corpus; not WCH chip/library documentation
2	tmp/wch-riscv/src/gcc-upstream/libstdc++-v3/doc/xml/images/pbds_binary_priority_queue_int_push_pop.pdf	3d37c44d53a960204b468e4e5490e78775f87ac445425602a362bdbef30c814f	81328	tmp/wch-riscv	derived/upstream toolchain build corpus; not WCH chip/library documentation
2	tmp/wch-riscv/src/gcc-upstream/libstdc++-v3/doc/xml/images/pbds_cc_hash_int_find.pdf	35d9a7cbe799521b412bc8167a6c09ec03b32b967b5f4bd6a71c77963f5eef5e	90172	tmp/wch-riscv	derived/upstream toolchain build corpus; not WCH chip/library documentation
2	tmp/wch-riscv/src/gcc-upstream/libstdc++-v3/doc/xml/images/pbds_cc_hash_int_subscript_find.pdf	302f20a083b005d0c84d37152fde14e0324f80263fa12cbf52bcb11bec809af2	90040	tmp/wch-riscv	derived/upstream toolchain build corpus; not WCH chip/library documentation
2	tmp/wch-riscv/src/gcc-upstream/libstdc++-v3/doc/xml/images/pbds_cc_hash_int_subscript_insert.pdf	abddb22c074ae34f19cb6b09071f1ce0acd70f1983e106e6e1b0415465d55a96	90196	tmp/wch-riscv	derived/upstream toolchain build corpus; not WCH chip/library documentation
2	tmp/wch-riscv/src/gcc-upstream/libstdc++-v3/doc/xml/images/pbds_ccgp_hash_int_subscript_insert.pdf	0290dff94cfec4b2e0d5664133f1ea39d9574578a8cfc92a9759fdeb7d261039	77608	tmp/wch-riscv	derived/upstream toolchain build corpus; not WCH chip/library documentation
2	tmp/wch-riscv/src/gcc-upstream/libstdc++-v3/doc/xml/images/pbds_container_tag_hierarchy.pdf	f6bf580067c19e71c968e30c668e5c5d1f242ac78343e7e43db363647e067297	9605	tmp/wch-riscv	derived/upstream toolchain build corpus; not WCH chip/library documentation
2	tmp/wch-riscv/src/gcc-upstream/libstdc++-v3/doc/xml/images/pbds_exception_hierarchy.pdf	84174874b89383b400bd5598ebcc9be5491a9d25ec453a03f5c6d9db9086d1ed	7520	tmp/wch-riscv	derived/upstream toolchain build corpus; not WCH chip/library documentation
2	tmp/wch-riscv/src/gcc-upstream/libstdc++-v3/doc/xml/images/pbds_gp_hash_int_find.pdf	0f146067d487b0ee4d2576ec40c1e92062ec11aee96ad87e09cc14aecfb94507	76134	tmp/wch-riscv	derived/upstream toolchain build corpus; not WCH chip/library documentation
2	tmp/wch-riscv/src/gcc-upstream/libstdc++-v3/doc/xml/images/pbds_gp_hash_int_subscript_find.pdf	a8907196ddb7f58e94b637ac6476cbf4fd1c14e42b7787a7ef6ca52560147f8b	76225	tmp/wch-riscv	derived/upstream toolchain build corpus; not WCH chip/library documentation
2	tmp/wch-riscv/src/gcc-upstream/libstdc++-v3/doc/xml/images/pbds_gp_hash_int_subscript_insert.pdf	71be2aba307548a71fccef466b046dff44e2f7f4b5352fb97fb2f686ecf9feb8	76238	tmp/wch-riscv	derived/upstream toolchain build corpus; not WCH chip/library documentation
2	tmp/wch-riscv/src/gcc-upstream/libstdc++-v3/doc/xml/images/pbds_hash_int_erase_mem.pdf	ad35f8085b11b100010315d2a06e8121c6efae7b3e756b083110ba163a637cfa	77175	tmp/wch-riscv	derived/upstream toolchain build corpus; not WCH chip/library documentation
2	tmp/wch-riscv/src/gcc-upstream/libstdc++-v3/doc/xml/images/pbds_hash_text_find.pdf	2ffdc67ead08e03ae975bc730452ef4647c9f90f275173037d09709791247ee0	83353	tmp/wch-riscv	derived/upstream toolchain build corpus; not WCH chip/library documentation
2	tmp/wch-riscv/src/gcc-upstream/libstdc++-v3/doc/xml/images/pbds_hash_zlob_int_find.pdf	7b2ec1c0a874722911b39f009b0ef2c13deaedbbb1600fc63d69e7e56e177f89	89031	tmp/wch-riscv	derived/upstream toolchain build corpus; not WCH chip/library documentation
2	tmp/wch-riscv/src/gcc-upstream/libstdc++-v3/doc/xml/images/pbds_invalidation_tag_hierarchy.pdf	8fbb836ca736d6a7eb60ed76f48d9dfaace4cf3ba01022a1d6567cb23e7241e0	6903	tmp/wch-riscv	derived/upstream toolchain build corpus; not WCH chip/library documentation
2	tmp/wch-riscv/src/gcc-upstream/libstdc++-v3/doc/xml/images/pbds_multimap_text_find_large_s2p_hash.pdf	4438b6edcd4a78866a586376ce60d5113b4deb978cfbd4a0e9ac1382bab6297a	67642	tmp/wch-riscv	derived/upstream toolchain build corpus; not WCH chip/library documentation
2	tmp/wch-riscv/src/gcc-upstream/libstdc++-v3/doc/xml/images/pbds_multimap_text_find_large_s2p_tree.pdf	822194b5b6f9360c46748f0cee150b6e4fb8b8a223e27268e6aeb53a4dabf5c3	70583	tmp/wch-riscv	derived/upstream toolchain build corpus; not WCH chip/library documentation
2	tmp/wch-riscv/src/gcc-upstream/libstdc++-v3/doc/xml/images/pbds_multimap_text_find_small_s2p_hash.pdf	ef3be06ae10bf60d41606e8b5e8dd31b7f329ffb899ec04299b395e3acffabea	67623	tmp/wch-riscv	derived/upstream toolchain build corpus; not WCH chip/library documentation
2	tmp/wch-riscv/src/gcc-upstream/libstdc++-v3/doc/xml/images/pbds_multimap_text_find_small_s2p_tree.pdf	405254864882bb64ae351ac57a5bf7e0898634e0ac83d5a4ee89a571aee180f6	70942	tmp/wch-riscv	derived/upstream toolchain build corpus; not WCH chip/library documentation
2	tmp/wch-riscv/src/gcc-upstream/libstdc++-v3/doc/xml/images/pbds_multimap_text_insert_large_s2p_hash.pdf	12b9a7adc4f168ea611493147465ccfe6fcb3fcb18da7d69c5a198fa9858d835	67457	tmp/wch-riscv	derived/upstream toolchain build corpus; not WCH chip/library documentation
2	tmp/wch-riscv/src/gcc-upstream/libstdc++-v3/doc/xml/images/pbds_multimap_text_insert_large_s2p_tree.pdf	4cb27bbc13561e87c97b1c5e018448c61b3d4f8f31f1e38856e5cdc9705acf70	70759	tmp/wch-riscv	derived/upstream toolchain build corpus; not WCH chip/library documentation
2	tmp/wch-riscv/src/gcc-upstream/libstdc++-v3/doc/xml/images/pbds_multimap_text_insert_mem_large_s2p_hash.pdf	098a9eeb30070bc4abf4f44a3198653f00cb6420e0745bd2696098f44e3e3d65	67786	tmp/wch-riscv	derived/upstream toolchain build corpus; not WCH chip/library documentation
2	tmp/wch-riscv/src/gcc-upstream/libstdc++-v3/doc/xml/images/pbds_multimap_text_insert_mem_large_s2p_tree.pdf	6032a0712f510f32261f5d1851d940668e07fc5fb356f719c71120c2df1711dd	70776	tmp/wch-riscv	derived/upstream toolchain build corpus; not WCH chip/library documentation
2	tmp/wch-riscv/src/gcc-upstream/libstdc++-v3/doc/xml/images/pbds_multimap_text_insert_mem_small_s2p_hash.pdf	5593cdc4c6b87f6ef1ffc2ffcb9ebe133815d50e8f4ea955815c4f04c8a89f85	67808	tmp/wch-riscv	derived/upstream toolchain build corpus; not WCH chip/library documentation
2	tmp/wch-riscv/src/gcc-upstream/libstdc++-v3/doc/xml/images/pbds_multimap_text_insert_mem_small_s2p_tree.pdf	98c7c1d4141d72e3ddd385f3e845c459bcf4966cfbd9f6a11ea987080613ba03	70972	tmp/wch-riscv	derived/upstream toolchain build corpus; not WCH chip/library documentation
2	tmp/wch-riscv/src/gcc-upstream/libstdc++-v3/doc/xml/images/pbds_multimap_text_insert_small_s2p_hash.pdf	9e0d493bf1f14525978bee98c7076a99bf318f65683f29b2bddfb798bfdb6754	67656	tmp/wch-riscv	derived/upstream toolchain build corpus; not WCH chip/library documentation
2	tmp/wch-riscv/src/gcc-upstream/libstdc++-v3/doc/xml/images/pbds_multimap_text_insert_small_s2p_tree.pdf	661cfb64b9d89f09c2d7778a37dd39b948f1f8e5b563b6c8528b43a49400dbee	70738	tmp/wch-riscv	derived/upstream toolchain build corpus; not WCH chip/library documentation
2	tmp/wch-riscv/src/gcc-upstream/libstdc++-v3/doc/xml/images/pbds_pairing_priority_queue_text_modify_down_thin.pdf	7187486746d8b2af44f0c7daa80caf11653a74b0686ba2ae503088a38e5733cf	68294	tmp/wch-riscv	derived/upstream toolchain build corpus; not WCH chip/library documentation
2	tmp/wch-riscv/src/gcc-upstream/libstdc++-v3/doc/xml/images/pbds_pairing_priority_queue_text_modify_up_thin.pdf	ad60e6dd66287bbe95ab5945b41e00d39689fd0b0f9f5378a1aff2e0e2f14e6e	68500	tmp/wch-riscv	derived/upstream toolchain build corpus; not WCH chip/library documentation
2	tmp/wch-riscv/src/gcc-upstream/libstdc++-v3/doc/xml/images/pbds_pairing_priority_queue_text_push.pdf	d70e2426af17f9f3f6eae2a8cbce6a5db5ab92b969a5ad13a920735f6e7196ce	82821	tmp/wch-riscv	derived/upstream toolchain build corpus; not WCH chip/library documentation
2	tmp/wch-riscv/src/gcc-upstream/libstdc++-v3/doc/xml/images/pbds_pairing_priority_queue_text_push_pop.pdf	84da208bed229a1c2125b5a211cb5438de379424710eef31aee8229bf4f150f6	75989	tmp/wch-riscv	derived/upstream toolchain build corpus; not WCH chip/library documentation
2	tmp/wch-riscv/src/gcc-upstream/libstdc++-v3/doc/xml/images/pbds_priority_queue_int_push.pdf	0aad13f919c1b5f91cf11afaad8f32c16fc764f78507eff8e49d0504c33de3ad	103791	tmp/wch-riscv	derived/upstream toolchain build corpus; not WCH chip/library documentation
2	tmp/wch-riscv/src/gcc-upstream/libstdc++-v3/doc/xml/images/pbds_priority_queue_int_push_pop.pdf	2768fe985b77534da45e11282907430752d7d1676b7be158357c438be35d23ed	103910	tmp/wch-riscv	derived/upstream toolchain build corpus; not WCH chip/library documentation
2	tmp/wch-riscv/src/gcc-upstream/libstdc++-v3/doc/xml/images/pbds_priority_queue_tag_hierarchy.pdf	98a180b0f321a6f141d7d70ee35823cfd548fb2d06dd20acb96d2c8e05ef4419	7842	tmp/wch-riscv	derived/upstream toolchain build corpus; not WCH chip/library documentation
2	tmp/wch-riscv/src/gcc-upstream/libstdc++-v3/doc/xml/images/pbds_priority_queue_text_join.pdf	d501de67098b24502e284132abb3954e3fdeddbac26616956faead18e8e0ba89	103511	tmp/wch-riscv	derived/upstream toolchain build corpus; not WCH chip/library documentation
2	tmp/wch-riscv/src/gcc-upstream/libstdc++-v3/doc/xml/images/pbds_priority_queue_text_modify_down.pdf	be3da838576756cd0d140188310efc50b6d13a4ea930651a076b99b017b3ac75	103701	tmp/wch-riscv	derived/upstream toolchain build corpus; not WCH chip/library documentation
2	tmp/wch-riscv/src/gcc-upstream/libstdc++-v3/doc/xml/images/pbds_priority_queue_text_modify_up.pdf	ae537ff0a19f71890dcdb0a430b95e581d9bbf185f5fab4de7a2cf014dfcfbd3	103554	tmp/wch-riscv	derived/upstream toolchain build corpus; not WCH chip/library documentation
2	tmp/wch-riscv/src/gcc-upstream/libstdc++-v3/doc/xml/images/pbds_priority_queue_text_pop_mem.pdf	dbd40a3a26ea0c77d85b0d4134f52900c0fc335702ba3ffd222125325a28e107	102962	tmp/wch-riscv	derived/upstream toolchain build corpus; not WCH chip/library documentation
2	tmp/wch-riscv/src/gcc-upstream/libstdc++-v3/doc/xml/images/pbds_priority_queue_text_push.pdf	fcdfcf63f9fb963765ed0b254f94eb706d49906b2669d8cdd8148084ff58cd91	103249	tmp/wch-riscv	derived/upstream toolchain build corpus; not WCH chip/library documentation
2	tmp/wch-riscv/src/gcc-upstream/libstdc++-v3/doc/xml/images/pbds_priority_queue_text_push_pop.pdf	d573b3e570118c3328ebe0eb1af11c6e6970bb8513dfeaf769f258a531fcd7c5	103894	tmp/wch-riscv	derived/upstream toolchain build corpus; not WCH chip/library documentation
2	tmp/wch-riscv/src/gcc-upstream/libstdc++-v3/doc/xml/images/pbds_tree_int_find.pdf	205b802a195de76c2d5093f9506380cc44cd7894d866973c18cc75868fda07ba	82717	tmp/wch-riscv	derived/upstream toolchain build corpus; not WCH chip/library documentation
2	tmp/wch-riscv/src/gcc-upstream/libstdc++-v3/doc/xml/images/pbds_tree_order_statistics.pdf	35973475b4f69dcfedfa33527c31eac3c026b1e3a92251a122ab61d82c101b75	81007	tmp/wch-riscv	derived/upstream toolchain build corpus; not WCH chip/library documentation
2	tmp/wch-riscv/src/gcc-upstream/libstdc++-v3/doc/xml/images/pbds_tree_split_join.pdf	6634da3144fb68efe5b45fb38ed20ef1638b77e381e046de8d3dc4757acd62b0	82727	tmp/wch-riscv	derived/upstream toolchain build corpus; not WCH chip/library documentation
2	tmp/wch-riscv/src/gcc-upstream/libstdc++-v3/doc/xml/images/pbds_tree_text_find.pdf	9a599ec5d821055e5ed78ca08f7e32bdde2a2005f1c68fe0ef61cffde3b6d4ad	84206	tmp/wch-riscv	derived/upstream toolchain build corpus; not WCH chip/library documentation
2	tmp/wch-riscv/src/gcc-upstream/libstdc++-v3/doc/xml/images/pbds_tree_text_insert_node.pdf	dd0b0b1093d489fe2a899fa146eeae785945dd920c491a823a3ccd740533a308	80772	tmp/wch-riscv	derived/upstream toolchain build corpus; not WCH chip/library documentation
2	tmp/wch-riscv/src/gcc-upstream/libstdc++-v3/doc/xml/images/pbds_tree_text_insert_trie.pdf	073a10c15b1db320d871d8069ec7995aee28a2881c2296670fb2dbe2862370d9	68209	tmp/wch-riscv	derived/upstream toolchain build corpus; not WCH chip/library documentation
2	tmp/wch-riscv/src/gcc-upstream/libstdc++-v3/doc/xml/images/pbds_tree_text_insert_vector.pdf	e3d4d1c64abeea9749a512bcdc7d0ed834688295068c20d74a3beb929ff25c1c	68484	tmp/wch-riscv	derived/upstream toolchain build corpus; not WCH chip/library documentation
2	tmp/wch-riscv/src/gcc-upstream/libstdc++-v3/doc/xml/images/pbds_tree_text_lor_find.pdf	49b9603a85eac24378f067c05c18b15df85dfdc693b133ddc671174d5dcb99b9	82720	tmp/wch-riscv	derived/upstream toolchain build corpus; not WCH chip/library documentation
2	tmp/wch-riscv/tools/ghidra_12.1.2_PUBLIC/docs/GhidraClass/Advanced/improvingDisassemblyAndDecompilation.pdf	adcdc479715e644cef368d0391b9ad0f176b8c46fe2d9b61421e2c977561ef52	479066	tmp/wch-riscv	derived/upstream toolchain build corpus; not WCH chip/library documentation
