schema_version	path	sha256	query_set	query_id	page	match_count_on_page	excerpt
2	tmp/wch-evt/application_notes/CH32FV2x_V3xRM.PDF	6bdc58b159a95c40e815eb9973df1f7e7309b08e8018bad1991a71c792cefb95	finding	csr-address-meaning	109	2	RISC-V 特权架构文档中定义的标准寄存器外，还增加了一些厂 商自定义寄存器，需要使用 csr 指令进行访问。 注：此类寄存器标注为“MRW,MRO,MRW1”属性的需要系统在机器模式下才能访问。 9.5.3.1 中断系统控制寄存器（INTSYSCR）     CSR 地址：0x804 31       30     29   28       27   26   25    24         23   22     21    20      19    18      17      16                                               Reserve
2	tmp/wch-evt/application_notes/CH32FV2x_V3xRM.PDF	6bdc58b159a95c40e815eb9973df1f7e7309b08e8018bad1991a71c792cefb95	finding	h417-lot-capability	30	1	perpheral clock enable 注：（1）CH32V203RB（CH32V20x_D8）产品外接晶体或时钟（HSE）为 32M，使用外置晶体时无需负 载电容已内置。 （2）上图 3-4 中蓝色虚线框出来的部分仅适用于批号倒数第五位大于 0 的 CH32V203RB 芯片。 V2.5                                                                          27
2	tmp/wch-evt/application_notes/CH32FV2x_V3xRM.PDF	6bdc58b159a95c40e815eb9973df1f7e7309b08e8018bad1991a71c792cefb95	finding	h417-lot-capability	37	1	https://wch.cn                                              注：此功能不适用于批号倒数第五位等于 0 的                                              CH32V20x_D6 芯片。                                              外部高速晶体旁路控制位：                                              0：不旁路高速外部
2	tmp/wch-evt/application_notes/CH32FV2x_V3xRM.PDF	6bdc58b159a95c40e815eb9973df1f7e7309b08e8018bad1991a71c792cefb95	finding	h417-lot-capability	38	2	PLLCLK=240MHz ， 仅 适 用 于 CH32V20x_D8W/                                    CH32F20x_D8W 以及 CH32V20x_D8 批号倒数第五位大于   [23:22] USBPRE[1:0]         RW                                                   00b                                    0 的）。                                    注：CH32V20x_D8W
2	tmp/wch-evt/application_notes/CH32FV2x_V3xRM.PDF	6bdc58b159a95c40e815eb9973df1f7e7309b08e8018bad1991a71c792cefb95	finding	h417-lot-capability	80	1	-2    固定          Ecall-U            用户模式回调中断         0x00000020   9          -1    固定         BreakPoint            断点回调中断         0x00000024                                                                    0x00000028- 10-11        -      -             -                    保留
2	tmp/wch-evt/application_notes/CH32FV2x_V3xRM.PDF	6bdc58b159a95c40e815eb9973df1f7e7309b08e8018bad1991a71c792cefb95	finding	h417-lot-capability	81	1	Ecall-U               用户模式回调中断              0x00000020   9      -1      固定           BreakPoint              断点回调中断               0x00000024 10-11    -        -               -                        保留              0x00000028- V2.5                                        78
2	tmp/wch-evt/application_notes/CH32FV2x_V3xRM.PDF	6bdc58b159a95c40e815eb9973df1f7e7309b08e8018bad1991a71c792cefb95	finding	h417-lot-capability	83	1	固定            Ecall-U             用户模式回调中断           0x00000020   9      -1      固定           BreakPoint             断点回调中断           0x00000024                                                                       0x00000028- 10-11    -        -               -                     保留
2	tmp/wch-evt/application_notes/CH32FV2x_V3xRM.PDF	6bdc58b159a95c40e815eb9973df1f7e7309b08e8018bad1991a71c792cefb95	finding	h417-lot-capability	85	1	Ecall-U               用户模式回调中断              0x00000020   9      -1      固定           BreakPoint              断点回调中断               0x00000024                                                                            0x00000028- 10-11    -        -               -                       保留
2	tmp/wch-evt/application_notes/CH32FV2x_V3xRM.PDF	6bdc58b159a95c40e815eb9973df1f7e7309b08e8018bad1991a71c792cefb95	finding	h417-lot-capability	87	1	2      固定            Ecall-U            用户模式回调中断          0x00000020   9      -1      固定           BreakPoint           断点回调中断           0x00000024                                                                     0x00000028- 10-11    -        -               -                   保留
2	tmp/wch-evt/application_notes/CH32FV2x_V3xRM.PDF	6bdc58b159a95c40e815eb9973df1f7e7309b08e8018bad1991a71c792cefb95	finding	h417-lot-capability	111	16	0                                                       1：根据中断编号*4 进行地址偏移。 9.5.4 物理内存保护单元（PMP）   为了提高系统安全，RISC-V 的架构中定义了一套物理地址访问限制，可以为区域内物理内存设置 其读、写、执行属性，区域长度最小 4 字节保护。PMP 单元在用户模式下一直生效，在机器模式下可 选生效，如果违背了当前内存限制，将会产生系统异常中断（EXC）。   PMP 单元包含 4 组 8-bit 的配置寄存器（32bit）和 4 组地址寄存器，需要
2	tmp/wch-evt/application_notes/CH32FV2x_V3xRM.PDF	6bdc58b159a95c40e815eb9973df1f7e7309b08e8018bad1991a71c792cefb95	finding	h417-lot-capability	112	27	https://wch.cn    00b          OFF    没有区域要保护                        顶端对齐区域保护：                        pmp0cfg 下，0≤ region ＜pmpaddr0；                        pmp1cfg 下，pmpaddr0≤ region ＜pmpaddr1；    01b          TOR    pmp2cfg 下，pmpaddr1≤ region ＜pmpaddr2；                        pmp3cfg
2	tmp/wch-evt/application_notes/CH32FV2x_V3xRM.PDF	6bdc58b159a95c40e815eb9973df1f7e7309b08e8018bad1991a71c792cefb95	finding	h417-lot-capability	113	4	描述                                  复位值   [31:0]        ADDR2[31:0]               MRW        PMP 设置地址 2 的 bit[33:2]，实际高 2 位未用。                                   0 9.5.4.5 PMP 地址 3 寄存器（PMPADDR3）     CSR 地址：0x3B3 31         30    29    28     27     26         25     24
2	tmp/wch-evt/application_notes/CH32FV2x_V3xRM.PDF	6bdc58b159a95c40e815eb9973df1f7e7309b08e8018bad1991a71c792cefb95	finding	h417-lot-capability	118	1	Protection                                                             trigger                                                                              on/off                      diode         Write   Bit set/reset                      Input driver
2	tmp/wch-evt/application_notes/CH32FV2x_V3xRM.PDF	6bdc58b159a95c40e815eb9973df1f7e7309b08e8018bad1991a71c792cefb95	finding	h417-lot-capability	119	1	Protection                                                          trigger                                                                         on/off               diode          Write    Bit set/ reset                 Input driver
2	tmp/wch-evt/application_notes/CH32FV2x_V3xRM.PDF	6bdc58b159a95c40e815eb9973df1f7e7309b08e8018bad1991a71c792cefb95	finding	h417-lot-capability	120	2	TTL Schmitt                                                               trigger                                     Protection                                                                                                           diode          Write Bit
2	tmp/wch-evt/application_notes/CH32FV2x_V3xRM.PDF	6bdc58b159a95c40e815eb9973df1f7e7309b08e8018bad1991a71c792cefb95	finding	h417-lot-capability	121	1	TTL Schmitt                                                                trigger                             Protection                                                                                                    diode            Write   Bit set/reset
2	tmp/wch-evt/application_notes/CH32FV2x_V3xRM.PDF	6bdc58b159a95c40e815eb9973df1f7e7309b08e8018bad1991a71c792cefb95	finding	h417-lot-capability	124	1	32V203CxU6、CH32V203K8T6、 CH32V203G6U6、CH32V203F6P6 芯片；对于 CH32V20x_D8 系列芯片 CH32V203RBT6 只有 OSC_IN 和 OSC_OUT 功能脚，不支持映射。 注：批号倒数第五位小于 4 且倒数第六位等于 0 的 CH32V307R，CH32V305R，CH32V305G，CH32V305F， CH32V303C，CH32V303R，CH32F205R，CH32F203R，CH32F203C 芯片，PD0、PD1 做普通引脚时，外部中 断/事件功能没有被映射，不能用来产生外部中断/事件。 10.2.11.3 定时器复用功能重映射
2	tmp/wch-evt/application_notes/CH32FV2x_V3xRM.PDF	6bdc58b159a95c40e815eb9973df1f7e7309b08e8018bad1991a71c792cefb95	finding	h417-lot-capability	127	1	CH32F/V20x_V30x_V31x 系列应用手册                                                           https://wch.cn 芯片批号倒数第五位等于大于 2 或批号倒数第六位不等于 0。  （2）仅 LQFP100 封装，支持该位重映射功能。                               表 10-26 USART4 复用功能重映射                    （1）        USART4_RM=00         USART4_RM=01            U
2	tmp/wch-evt/application_notes/CH32FV2x_V3xRM.PDF	6bdc58b159a95c40e815eb9973df1f7e7309b08e8018bad1991a71c792cefb95	finding	h417-lot-capability	130	3	FSMC_NADV                         PB7                      PD2 注：（1）当 FSMC_NADV=1 时禁止 FSMC_NADV 输出。   （2）批号倒数第五位小于 2 且批号倒数第六位等于 0 的不支持该功能。                                  （1） 10.2.11.11 DVP 复用功能重映射                                  表 10-43 DVP 复用功能重映射
2	tmp/wch-evt/application_notes/CH32FV2x_V3xRM.PDF	6bdc58b159a95c40e815eb9973df1f7e7309b08e8018bad1991a71c792cefb95	finding	h417-lot-capability	131	2	CH32F/V20x_V30x_V31x 系列应用手册                                                        https://wch.cn 注：（1）批号第五位等于 2 且倒数第六位等于 0 的才支持该功能。   （2）SPI3_NSS 不支持硬件功能。   （3）SPI3EN=1&ETHMACEN=1 时，I2S3 禁用。                                            （1） 10.2.11.14 SPI3/I2S3 复用功能重映射
2	tmp/wch-evt/application_notes/CH32FV2x_V3xRM.PDF	6bdc58b159a95c40e815eb9973df1f7e7309b08e8018bad1991a71c792cefb95	finding	h417-lot-capability	140	1	CH32F20x_D8C 、 CH32V30x_D8 、 CH32V30x_D8C 、                                    CH32V31x_D8C 系列芯片批号倒数第五位等于大于                                    2 或批号倒数第六位不等于 0。                                    （ 2 ） 完 全 映 射 只 适 用 于 CH32V303VCT6 、                                    CH32V307VCT6 、 C
2	tmp/wch-evt/application_notes/CH32FV2x_V3xRM.PDF	6bdc58b159a95c40e815eb9973df1f7e7309b08e8018bad1991a71c792cefb95	finding	h417-lot-capability	144	1	10     FSMC_NADV       RW   1：禁止 FSMC NADV 输出。                           0                                     注：批号倒数第五位小于 2 且批号倒数第六位                                     等于 0 的不支持该功能。        [9:7]   Reserved        RO   保留。                                          0
2	tmp/wch-evt/application_notes/CH32FV2x_V3xRM.PDF	6bdc58b159a95c40e815eb9973df1f7e7309b08e8018bad1991a71c792cefb95	finding	h417-lot-capability	148	1	DMA1 包含 7 个通道，DMA2 包含 11 个通道，每个通道对应多个外设请求，通过设置相应外设寄存器中对应 DMA 控制位，可以独立的开 启或关闭各个外设的 DMA 功能，具体对应关系如下。 注：（1）DMA1 在使用时需注意，对于批号倒数第五位小于 3 且倒数第六位等于 0 的，DMA1 所有通道 的 DMA 访问地址不得超过 64K 边界。     例如-CH32V307VCT6 配置 RAM 为 128K，此时配置 DAM1 需注意 DMA 源地址+传输数据数目，或 DMA 目的地址+传输数据只能在 0-64K，或 64K-128K 区域，不可出现 63K-65K 类似情况。对于批号倒数第 五
2	tmp/wch-evt/application_notes/CH32FV2x_V3xRM.PDF	6bdc58b159a95c40e815eb9973df1f7e7309b08e8018bad1991a71c792cefb95	finding	h417-lot-capability	149	7	Channel 1                       TIM4_CH1                                    Software Trigger                                     MEM2MEM bit                                                                                   Arbiter                         SPI1_RX
2	tmp/wch-evt/application_notes/CH32FV2x_V3xRM.PDF	6bdc58b159a95c40e815eb9973df1f7e7309b08e8018bad1991a71c792cefb95	finding	h417-lot-capability	150	11	Channel 1                         SPI/I2S3_RX                                                    Software Trigger                                                     MEM2MEM bit                                                                                                    Arbiter
2	tmp/wch-evt/application_notes/CH32FV2x_V3xRM.PDF	6bdc58b159a95c40e815eb9973df1f7e7309b08e8018bad1991a71c792cefb95	finding	h417-lot-capability	153	8	Channel 1                               TIM4_CH1                                                      Software Trigger                                                           MEM2MEM bit                               SPI1_RX                                          EN bit of channel 2
2	tmp/wch-evt/application_notes/CH32FV2x_V3xRM.PDF	6bdc58b159a95c40e815eb9973df1f7e7309b08e8018bad1991a71c792cefb95	finding	h417-lot-capability	154	8	TIM4_CH1                                           Channel 1                           TIM5_CH2                Software Trigger                                                        MEM2MEM bit                           SPI1_RX                                     EN bit of channel 2
2	tmp/wch-evt/application_notes/CH32FV2x_V3xRM.PDF	6bdc58b159a95c40e815eb9973df1f7e7309b08e8018bad1991a71c792cefb95	finding	h417-lot-capability	173	3	CH1         CH2      CH3              ADC1           CH3          CH2         CH1      CH0                  Trigger                                       ADC1 and ADC2 injection conversion ends 注：1.同一时刻 ADC1 和 ADC2 的转换通道不应重合。   2.同步模式下，ADC1 和 ADC2 应有相同时间长度的转换序列或两者之中较长的转换序列的时长 小于触发时间间隔，以保证每次
2	tmp/wch-evt/application_notes/CH32FV2x_V3xRM.PDF	6bdc58b159a95c40e815eb9973df1f7e7309b08e8018bad1991a71c792cefb95	finding	h417-lot-capability	174	1	CH0                          ADC1                     CH0                  CH0                     Trigger                                                             ADC1 conversion ends                            14 ADCCLK cycles                                 28 ADCCLK cycles 注：
2	tmp/wch-evt/application_notes/CH32FV2x_V3xRM.PDF	6bdc58b159a95c40e815eb9973df1f7e7309b08e8018bad1991a71c792cefb95	finding	h417-lot-capability	175	5	所有 ADC 的规则转换被停止，在注入转换结束后同 步恢复。             图 12-12 同步规则模式下交替触发注入通道转换                                               1st trigger          ADC1           rule        conversion                            CH0      CH1             CH2                     CH2         CH3                  CH3              CH4
2	tmp/wch-evt/application_notes/CH32FV2x_V3xRM.PDF	6bdc58b159a95c40e815eb9973df1f7e7309b08e8018bad1991a71c792cefb95	finding	h417-lot-capability	176	1	CH0                                                        CH11    CH12                                        Trigger                                                        CH12    CH11                                                                                  CH0         CH0
2	tmp/wch-evt/application_notes/CH32FV2x_V3xRM.PDF	6bdc58b159a95c40e815eb9973df1f7e7309b08e8018bad1991a71c792cefb95	finding	h417-lot-capability	192	1	TIMx_ETR                                                ETR                                                             Trigger                                                         Polarity selection &                ETRF              controller                                                      Edge
2	tmp/wch-evt/application_notes/CH32FV2x_V3xRM.PDF	6bdc58b159a95c40e815eb9973df1f7e7309b08e8018bad1991a71c792cefb95	finding	h417-lot-capability	221	1	TIMx_ETR                                      ETR                                                             Trigger                                               Polarity selection &                ETRF              controller                                            Edge detector & Prescaler
2	tmp/wch-evt/application_notes/CH32FV2x_V3xRM.PDF	6bdc58b159a95c40e815eb9973df1f7e7309b08e8018bad1991a71c792cefb95	finding	h417-lot-capability	247	1	To DAC                                                                                  Trigger                                                                                 controller
2	tmp/wch-evt/application_notes/CH32FV2x_V3xRM.PDF	6bdc58b159a95c40e815eb9973df1f7e7309b08e8018bad1991a71c792cefb95	finding	h417-lot-capability	319	2	、 CH32F20x_D8C 、                               CH32V30x_D8、CH32V30x_D8C、CH32V31x_D8C 系                               列芯片批号倒数第五位小于 2 且批号倒数第六                               位 为 0 的 、 CH32V20x_D8 、 CH32V20x_D8W 、                               CH32F20x_D8W 系列芯片批号倒数第五位小于 2                               的，只支持该模式仅
2	tmp/wch-evt/application_notes/CH32FV2x_V3xRM.PDF	6bdc58b159a95c40e815eb9973df1f7e7309b08e8018bad1991a71c792cefb95	finding	iochub-identity	13	1	I2C2        0x1FFF F880                                                     FSMC register     0x4000 5800                         Option Bytes             0xA000 0000                                                    I2C1        0x1FFF F800
2	tmp/wch-evt/application_notes/CH32FV2x_V3xRM.PDF	6bdc58b159a95c40e815eb9973df1f7e7309b08e8018bad1991a71c792cefb95	finding	iochub-identity	17	1	I2C2                                                                      FSMC register        0x4000 5800                         Option Bytes             0xA000 0000                                                      I2C1        0x1FFF F800
2	tmp/wch-evt/application_notes/CH32FV2x_V3xRM.PDF	6bdc58b159a95c40e815eb9973df1f7e7309b08e8018bad1991a71c792cefb95	finding	iochub-identity	19	2	omain                                        LSE 32K crystal oscillator                     VBAT               Back-up register                                        RCC BDCR register                                        RTC     在主电源 VDD 掉电后，模拟开关切换至 VBAT，后备区域由 VBAT 引脚供电，此时 PC13～15 无法作为 GPIO，仅可使用如下功能
2	tmp/wch-evt/application_notes/CH32FV2x_V3xRM.PDF	6bdc58b159a95c40e815eb9973df1f7e7309b08e8018bad1991a71c792cefb95	finding	iochub-identity	63	1	(polynomial: 0x4C11DB7)                            32-bit write                                                 Data register                                                 (CRC_DATAR) 5.1 主要特征                                            32   26   23    22   16   12   11   10   8   7   5   4   2 
2	tmp/wch-evt/application_notes/CH32FV2x_V3xRM.PDF	6bdc58b159a95c40e815eb9973df1f7e7309b08e8018bad1991a71c792cefb95	finding	iochub-identity	70	4	门狗计数器自 减到 0 时，将会产生系统复位，所以超时时间为（重装载值+1）个时钟。                   图 7-1 独立看门狗的结构框图             CORE                Prescaler register   Status register     Reload register     Conctrol register                  IWDG_PSCR          IWDG_STATR           IWDG_RLDR            IWDG_CTLR
2	tmp/wch-evt/application_notes/CH32FV2x_V3xRM.PDF	6bdc58b159a95c40e815eb9973df1f7e7309b08e8018bad1991a71c792cefb95	finding	iochub-identity	73	2	图 8-1 窗口看门狗结构框图                                                           Watchdog configuration register(WWDG_CFGR)                                                                -     W6 W5 W4 W3 W2 W1 W0                                    T[6:0] ＞ W[6:0] RESET
2	tmp/wch-evt/application_notes/CH32FV2x_V3xRM.PDF	6bdc58b159a95c40e815eb9973df1f7e7309b08e8018bad1991a71c792cefb95	finding	iochub-identity	109	1	。                                                   0 9.5.3 专用 CSR 寄存器     RISC-V 架构中定义了一些控制和状态寄存器（Control and Status Register,CSR），用于配置 或标识或记录运行状态。CSR 寄存器属于内核内部的寄存器，使用专用的 12 位地址空间。CH32V20x、 CH32V30x 和 CH32V31x 系列芯片除了 RISC-V 特权架构文档中定义的标准寄存器外，还增加了一些厂 商自定义寄存器，需要使用 csr 指令进行访问。 注：此类寄存器标注为“MRW,MRO,MRW1”属性的需要系统
2	tmp/wch-evt/application_notes/CH32FV2x_V3xRM.PDF	6bdc58b159a95c40e815eb9973df1f7e7309b08e8018bad1991a71c792cefb95	finding	iochub-identity	118	3	VDD                                        register                                                             TTL Schmitt                                                                                                          Pr
2	tmp/wch-evt/application_notes/CH32FV2x_V3xRM.PDF	6bdc58b159a95c40e815eb9973df1f7e7309b08e8018bad1991a71c792cefb95	finding	iochub-identity	119	3	Read                     Input data                                          VDD                                      register                                                           TTL Schmitt                                                                                               Protection
2	tmp/wch-evt/application_notes/CH32FV2x_V3xRM.PDF	6bdc58b159a95c40e815eb9973df1f7e7309b08e8018bad1991a71c792cefb95	finding	iochub-identity	120	6	VDD                                        register                                                               TTL Schmitt                                                               trigger
2	tmp/wch-evt/application_notes/CH32FV2x_V3xRM.PDF	6bdc58b159a95c40e815eb9973df1f7e7309b08e8018bad1991a71c792cefb95	finding	iochub-identity	121	3	VDD                                           register                                                                TTL Schmitt                                                                trigger                             Prote
2	tmp/wch-evt/application_notes/CH32FV2x_V3xRM.PDF	6bdc58b159a95c40e815eb9973df1f7e7309b08e8018bad1991a71c792cefb95	finding	iochub-identity	165	2	EOC=1                                                                                                       register (16 bits)          VSSA                                                                                                                                                     End of
2	tmp/wch-evt/application_notes/CH32FV2x_V3xRM.PDF	6bdc58b159a95c40e815eb9973df1f7e7309b08e8018bad1991a71c792cefb95	finding	iochub-identity	172	4	EOC=1                                                                 （slave）              registers (16-bit)                                                                                                                                  End of injection
2	tmp/wch-evt/application_notes/CH32FV2x_V3xRM.PDF	6bdc58b159a95c40e815eb9973df1f7e7309b08e8018bad1991a71c792cefb95	finding	iochub-identity	192	9	TI1FP1                                  Encoder                   Count             REP Register                                                                                                                interface
2	tmp/wch-evt/application_notes/CH32FV2x_V3xRM.PDF	6bdc58b159a95c40e815eb9973df1f7e7309b08e8018bad1991a71c792cefb95	finding	iochub-identity	195	2	_progress                          read_in_progress         Read CCR1L                          Capture/compare preload register                                         R Write CCR1L                      R                                                                                    Output
2	tmp/wch-evt/application_notes/CH32FV2x_V3xRM.PDF	6bdc58b159a95c40e815eb9973df1f7e7309b08e8018bad1991a71c792cefb95	finding	iochub-identity	221	7	U      Register       UI                                                                                                          Stop,clear,Up/Down
2	tmp/wch-evt/application_notes/CH32FV2x_V3xRM.PDF	6bdc58b159a95c40e815eb9973df1f7e7309b08e8018bad1991a71c792cefb95	finding	iochub-identity	224	2	gress                            read_in_progress         Read CCR1L                            Capture/compare preload register                                         R Write CCR1L                       R                                                                                     Output
2	tmp/wch-evt/application_notes/CH32FV2x_V3xRM.PDF	6bdc58b159a95c40e815eb9973df1f7e7309b08e8018bad1991a71c792cefb95	finding	iochub-identity	247	1	U        AutoReload                                                                                 Register     U                                                                 Stop, clear or up                                       CK_PSC                     CK_CNT
2	tmp/wch-evt/application_notes/CH32FV2x_V3xRM.PDF	6bdc58b159a95c40e815eb9973df1f7e7309b08e8018bad1991a71c792cefb95	finding	iochub-identity	254	1	图 17-1 DAC 模块框图                                                                            DAC Control Register                                                                              （DAC_CTLR）                                         TSELx[2:0]                     TIM5_TRGO
2	tmp/wch-evt/application_notes/CH32FV2x_V3xRM.PDF	6bdc58b159a95c40e815eb9973df1f7e7309b08e8018bad1991a71c792cefb95	finding	iochub-identity	256	1	se value                                       0 17.2.5 DAC 噪声生成器     模块内置了一个噪声生成器，是利用线性反馈移位寄存器（Linear Feedback Shift Register LFSR）产生幅度变化的伪噪声。设置 WAVE[1:0]位为‘01’选择 DAC 噪声生成功能。设置 DAC_CTLR 寄存器的 MAMPx[3:0]位来选择屏蔽部分 LFSR 的数据。     寄存器 LFSR 的预装入值为 0xAAA。按照特定算法，在每次触发事件后 3 个 PB1 时钟周期之后更 新该寄存器的值。设置 DAC_CR 寄存器的 MAMP
2	tmp/wch-evt/application_notes/CH32FV2x_V3xRM.PDF	6bdc58b159a95c40e815eb9973df1f7e7309b08e8018bad1991a71c792cefb95	finding	iochub-identity	266	5	Write                                Read                                                   (CPU or DMA)         (DATA REGISTER) DATAR                 (CPU or DMA)                                                      Transmit Data Register                  Receive Data Register                      TX
2	tmp/wch-evt/application_notes/CH32FV2x_V3xRM.PDF	6bdc58b159a95c40e815eb9973df1f7e7309b08e8018bad1991a71c792cefb95	finding	iochub-identity	282	8	h.cn                                     图 19-2 I2C 功能框图                                                        Data register                       Noise        Data              SDA                                     Data shift register                       filter      control
2	tmp/wch-evt/application_notes/CH32FV2x_V3xRM.PDF	6bdc58b159a95c40e815eb9973df1f7e7309b08e8018bad1991a71c792cefb95	finding	iochub-identity	283	8	Tx=event (interrupt generated when ITEVFEN=1)            EVT5: SB=1, reading SR1 and then writing the address to the DR register will clear the event.            EVT6;ADDR=1,reading SR1 then reading SR2 will clear the event.            EVT8_1: TxE=1, shift register empty, data register empty, write DR regis
2	tmp/wch-evt/application_notes/CH32FV2x_V3xRM.PDF	6bdc58b159a95c40e815eb9973df1f7e7309b08e8018bad1991a71c792cefb95	finding	iochub-identity	284	4	EVTx=event (interrupt generated when ITEVFEN=1)        EVT5: SB=1, reading SR1 and then writing the address to DR register will clear the event.        EVT6: ADDR=1,reading SR1 and then reading SR2 will erase this event. In 10-bit master receive mode, START=1 of CR2 should be        set after this eve
2	tmp/wch-evt/application_notes/CH32FV2x_V3xRM.PDF	6bdc58b159a95c40e815eb9973df1f7e7309b08e8018bad1991a71c792cefb95	finding	iochub-identity	285	6	ated when ITEVFEN=1)         EVT1;ADDR=1,read SR1 then read SR2 will eliminate the event.         EVT3_1: TxE=1, shift register empty, data register empty, write DR.         EVT3: TxE=1,shift register is not empty,data register is empty,writing DR will clear the event.         EVT3_2: AF=1, write '0' in AF
2	tmp/wch-evt/application_notes/CH32FV2x_V3xRM.PDF	6bdc58b159a95c40e815eb9973df1f7e7309b08e8018bad1991a71c792cefb95	finding	iochub-identity	298	1	AEN AEN                    Shift register        MISO                                       LSB first         SPI_STATR                      Tx buffer                         BSY     OVR MODF CRC
2	tmp/wch-evt/application_notes/CH32FV2x_V3xRM.PDF	6bdc58b159a95c40e815eb9973df1f7e7309b08e8018bad1991a71c792cefb95	finding	iochub-identity	301	1	16-bit         MOSI/SD           MISO                                                 Shift register          LSB first                                                                                                                Communication
2	tmp/wch-evt/application_notes/CH32FV2x_V3xRM.PDF	6bdc58b159a95c40e815eb9973df1f7e7309b08e8018bad1991a71c792cefb95	finding	iochub-identity	303	4	Channel right 此模式需要对寄存器 SPI_DATAR 进行 2 次读或写操作。在发送模式下：如果需要发送 0x8EAA33（24 位）：               First write to Data register                         Second write to Data register                      0x8EAA                                                  0x33XX
2	tmp/wch-evt/application_notes/CH32FV2x_V3xRM.PDF	6bdc58b159a95c40e815eb9973df1f7e7309b08e8018bad1991a71c792cefb95	finding	iochub-identity	306	4	Channel right        在发送模式下如果要发送数据 0x3478AE，需要通过软件或 DMA 对寄存器 DATAR 进行 2 次写操作。             TEX='1 ' when the data register is written         TEX='1 ' when the data register is written                         for the first time                               for the second time                       0x
2	tmp/wch-evt/application_notes/CH32FV2x_V3xRM.PDF	6bdc58b159a95c40e815eb9973df1f7e7309b08e8018bad1991a71c792cefb95	finding	iochub-identity	372	3	Valid message            Valid message            Valid message            Valid message                   received   Registered   received    Registered   received    Registered   received        Empty                     1                        2                        3                    Overflow
2	tmp/wch-evt/application_notes/CH32FV2x_V3xRM.PDF	6bdc58b159a95c40e815eb9973df1f7e7309b08e8018bad1991a71c792cefb95	finding	iochub-identity	405	1	HB bus                                                                               Common                            Register                         FSMC_NOE                                                                                signals
2	tmp/wch-evt/application_notes/CH32FV2x_V3xRM.PDF	6bdc58b159a95c40e815eb9973df1f7e7309b08e8018bad1991a71c792cefb95	finding	iochub-identity	437	3	control &      mode                   Control                       RMII                             status       register               MAC 802.3                            registers                                                           Checksum    PTP                     RGMII
2	tmp/wch-evt/application_notes/CH32FV2x_V3xRM.PDF	6bdc58b159a95c40e815eb9973df1f7e7309b08e8018bad1991a71c792cefb95	finding	iochub-identity	439	1	D14          D1 D0                             Start OP                    Preamble of             PHY address        Register address Turn               data                             frame code                                         around            Write
2	tmp/wch-evt/application_notes/CH32FV2x_V3xRM.PDF	6bdc58b159a95c40e815eb9973df1f7e7309b08e8018bad1991a71c792cefb95	finding	iochub-identity	443	1	可以对内部物理层的寄存器进 行访问以获取物理层连接状态，详见 27.1.8.5 章节。 27.1.4.4.2 内部 10/100M 物理层使用时的注意事项（ 仅适用于 CH32V317）     内部10/100M物理层由Control register（地址0x00）和Auto-Negotiation Advertisement（地 址0x04）寄存器进行配置，相关配置位已默认开启，相关寄存器请参考《CH182DS2》手册。     10/100M 以太网收发器使用 RMII 接口，MAC 和内部 PHY 接线如下图所示：                                PE7
2	tmp/wch-evt/application_notes/CH32FV2x_V3xRM.PDF	6bdc58b159a95c40e815eb9973df1f7e7309b08e8018bad1991a71c792cefb95	finding	iochub-identity	450	9	https://wch.cn                          图 27-10 使用精调方式更新时间的流程                                           Addend register                                Addend update                                                  +                                         Accumulator register
2	tmp/wch-evt/application_notes/CH32FV2x_V3xRM.PDF	6bdc58b159a95c40e815eb9973df1f7e7309b08e8018bad1991a71c792cefb95	finding	iochub-identity	458	1	DMA 控制器建立运转机制的步骤如下： 1） 设置发送缓冲区队列，将要发送的内容填入发送缓冲区。设置发送描述符队列，填好发送描述符     的各域各位，并将 OWN 置位，将发送描述符的管理权交付给 DMA 控制器；将描述符初始地址注册     到 DMATDLAR 寄存器中； 2） 置位 ST 位（DMAOMR:13），开启 DMA； 3） 在运行模式下，DMA 描述符会自动读取发送描述符的内容，根据其指示的地址和长度把数据推送     到发送 FIFO。结束后 DMA 会按照链式结构读取紧接着的下一个发送描述符进行下一次发送。当     DMA 控制器检测到 OWM 位未置位导致无权访
2	tmp/wch-evt/application_notes/CH32FV2x_V3xRM.PDF	6bdc58b159a95c40e815eb9973df1f7e7309b08e8018bad1991a71c792cefb95	finding	iochub-identity	459	1	error? 27.1.6.4.2 接收 DMA 配置     建立 DMA 接收流转机制的步骤如下： 1） 设置发送缓冲区队列和描述符队列，设置好接收描述符的各个域各个位；将描述符初始地址注册     到 DMARDLAR 寄存器中；置位 OWN 位，将描述符使用权限交给 DMA 控制器； 2） 置位 SR 位，开始接收流程； 3） 在接收流转机制运行时，DMA 控制器获取下一个描述符，检查接收描述符配置，在 FIFO 接收到下     一帧时，对帧内容进行过滤和识别等多项检查，将帧数据转发描述符指定的缓冲区中，写描述符     状态域并获取下一
2	tmp/wch-evt/application_notes/CH32FV2x_V3xRM.PDF	6bdc58b159a95c40e815eb9973df1f7e7309b08e8018bad1991a71c792cefb95	finding	iochub-identity	509	1	32V30x_D8C、CH32V31x_D8C 批号倒数第六位不为 0 的产品。 28.4 应用 28.4.1 设备初始化和设备寄存器 28.4.1.1 OCR 寄存器     操作条件寄存器（Operation Conditions Register）存储了 SD 卡的一些其接收的供电电压的信 息和相关的状态位。相关的位定义如下表。                         表 28-14 OCR 寄存器位定义    位次         位定义                            描述    0-3        保留。     4         保留。        5
2	tmp/wch-evt/application_notes/CH32FV2x_V3xRM.PDF	6bdc58b159a95c40e815eb9973df1f7e7309b08e8018bad1991a71c792cefb95	finding	iochub-identity	524	4	32-bit HB bus                                                                 Data register            Control register                            RNG_DR                   RNG_CR           RNG_CLK                                        LFSR            Status register
2	tmp/wch-evt/application_notes/CH32FV2x_V3xRM.PDF	6bdc58b159a95c40e815eb9973df1f7e7309b08e8018bad1991a71c792cefb95	finding	iochub-identity	540	1	LASH_CTLR PER bit=1                         Write the erased page header                        address in FLASH_ADDR register                          (erase 8 pages at a time)                          Set FLASH_CTLR STRT bit=1                                                          YES
2	tmp/wch-evt/application_notes/CH32FV2x_V3xRM.PDF	6bdc58b159a95c40e815eb9973df1f7e7309b08e8018bad1991a71c792cefb95	finding	wchnet-chip-field	13	1	UART4                            Reserved              0x8000 0000                             0x4000 4C00        0x1FFF F000                                              FSMC bank2 NAND(NAND1)
2	tmp/wch-evt/application_notes/CH32FV2x_V3xRM.PDF	6bdc58b159a95c40e815eb9973df1f7e7309b08e8018bad1991a71c792cefb95	finding	wchnet-chip-field	17	1	UART4                            Reserved              0x8000 0000                              0x4000 4C00        0x1FFF F000                                              FSMC bank2 NAND(NAND1)
2	tmp/wch-evt/application_notes/CH32FV2x_V3xRM.PDF	6bdc58b159a95c40e815eb9973df1f7e7309b08e8018bad1991a71c792cefb95	finding	wchnet-chip-field	35	1	SI32K_CAL_OV_CNT   0x4002204E   内部低速晶振校准次数计数器          0x00  R8_LSI32K_CAL_CTRL     0x4002204F   内部低速晶振校准控制寄存器          0x80 注：适用于 CH32V20x_D8W、CH32F20x_D8W。 V2.5                                   32
2	tmp/wch-evt/application_notes/CH32FV2x_V3xRM.PDF	6bdc58b159a95c40e815eb9973df1f7e7309b08e8018bad1991a71c792cefb95	finding	wchnet-chip-field	55	1	0      [12:5]       HTUNE[7:0]             RW LSI32K 细调配置位。                                                      0x80        [4:0]      LTUNE[4:0]             RW LSI32K 粗调配置位。                                                      0x11 3.4.15 内部低速晶振校准配置寄存器（LSI32K_CAL_CFG）        偏移地址：0x1D
2	tmp/wch-evt/application_notes/CH32FV2x_V3xRM.PDF	6bdc58b159a95c40e815eb9973df1f7e7309b08e8018bad1991a71c792cefb95	finding	wchnet-chip-field	61	1	0                                            准 RTC 时钟。RTC 时钟可以被减慢 0~121ppm。 4.3.3 侵入检测控制寄存器（BKP_TPCTLR）        偏移地址：0x30 15       14    13     12   11   10         9     8         7   6      5       4   3    2       1      0                                           Reserved
2	tmp/wch-evt/application_notes/CH32FV2x_V3xRM.PDF	6bdc58b159a95c40e815eb9973df1f7e7309b08e8018bad1991a71c792cefb95	finding	wchnet-chip-field	106	2	0                                                    1：当前编号中断清除挂起状态。 9.5.2.33 PFIC 中断激活状态寄存器 1（PFIC_IACTR1）     偏移地址：0x300  31      30     29      28      27   26   25      24         23   22   21   20    19    18      17      16                                                IACTS [31:16]  15      1
2	tmp/wch-evt/application_notes/CH32FV2x_V3xRM.PDF	6bdc58b159a95c40e815eb9973df1f7e7309b08e8018bad1991a71c792cefb95	finding	wchnet-chip-field	107	2	1：当前编号中断执行中。 9.5.2.35 PFIC 中断激活状态寄存器 3（PFIC_IACTR3）     偏移地址：0x308 31       30        29     28       27   26   25      24         23   22     21       20   19      18      17           16                                                    IACTS
2	tmp/wch-evt/application_notes/CH32FV2x_V3xRM.PDF	6bdc58b159a95c40e815eb9973df1f7e7309b08e8018bad1991a71c792cefb95	finding	wchnet-chip-field	109	2	存器外，还增加了一些厂 商自定义寄存器，需要使用 csr 指令进行访问。 注：此类寄存器标注为“MRW,MRO,MRW1”属性的需要系统在机器模式下才能访问。 9.5.3.1 中断系统控制寄存器（INTSYSCR）     CSR 地址：0x804 31       30     29   28       27   26   25    24         23   22     21    20      19    18      17      16                                               Reserved 15       14
2	tmp/wch-evt/application_notes/CH32FV2x_V3xRM.PDF	6bdc58b159a95c40e815eb9973df1f7e7309b08e8018bad1991a71c792cefb95	finding	wchnet-chip-field	110	1	0                                                    1：硬件压栈功能使能。 9.5.3.2 异常入口基地址寄存器（MTVEC）     CSR 地址：0x305 31       30     29   28      27   26      25     24         23   22   21   20   19 18      17        16                                                BASEADDR[31:16] 15       14
2	tmp/wch-evt/application_notes/CH32FV2x_V3xRM.PDF	6bdc58b159a95c40e815eb9973df1f7e7309b08e8018bad1991a71c792cefb95	finding	wchnet-chip-field	184	1	第 13 个转换通道的编号（0-17）。                                        0 12.3.10 ADCx 规则通道序列寄存器 2（ADCx_RSQR2）（x=1/2）        偏移地址：0x30   31        30   29     28      27       26    25   24         23      22       21   20   19      18       17       16 Reserved                     SQ12[4:0]
2	tmp/wch-evt/application_notes/CH32FV2x_V3xRM.PDF	6bdc58b159a95c40e815eb9973df1f7e7309b08e8018bad1991a71c792cefb95	finding	wchnet-chip-field	215	1	FFFFh                                         节；ATRLR 为空时，计数器停止。 14.4.13 重复计数值寄存器（TIMx_RPTCR）（x=1/8/9/10）        偏移地址：0x30   15        14    13    12   11   10    9    8         7   6   5    4     3    2      1        0                        Reserved                                     REP[7:0]
2	tmp/wch-evt/application_notes/CH32FV2x_V3xRM.PDF	6bdc58b159a95c40e815eb9973df1f7e7309b08e8018bad1991a71c792cefb95	finding	wchnet-chip-field	265	1	RO        DAC 通道 1 输出数据。                                           0 17.4.13 DAC 通道 2 数据输出寄存器（DAC_DOR2）        偏移地址：0x30 31      30    29   28    27    26        25    24         23      22    21      20   19   18      17       16                                                Reserved 15      14
2	tmp/wch-evt/application_notes/CH32FV2x_V3xRM.PDF	6bdc58b159a95c40e815eb9973df1f7e7309b08e8018bad1991a71c792cefb95	finding	wchnet-chip-field	321	1	可以配置一个双向端点单缓冲属性，也可以配置一个单向端点双缓冲属性。 例如：配置双向端点单缓冲属性，端点配置寄存器 3（USBD_EPRx），EA[3:0]为 2，那么可以在 USB 传 输上存在端点 2 上传通道和端点 2 下传通道（具体由描述符信息决定）；配置单向端点双缓冲属性 （只针对批量端点和同步端点），端点配置寄存器 3（USBD_EPRx），EA[3:0]为 2，端点类型（EPTYPE） 为同步或批量端点，EP_KIND 位置 1，那么可以在 USB 传输上存在端点 2 上传通道或端点 2 下传通道， 2 选 1，收发速度上与单缓冲相比更快，微控制器处理和 USBD 模块物理收发可以同步进
2	tmp/wch-evt/application_notes/CH32FV2x_V3xRM.PDF	6bdc58b159a95c40e815eb9973df1f7e7309b08e8018bad1991a71c792cefb95	finding	wchnet-chip-field	337	1	USBD_COUNTx_RX 映射为 USB_COUNTx_RX_1   USBD_COUNTx_RX 寄存器的高 6 位定义了接收分组缓冲区的大小，以便 USBD 模块可以检测缓冲区 的溢出边界。缓冲区的大小可以依据设备枚举过程中的端点描述符中参数 maxPacketSize 表述。                           表 20-8 缓冲区大小定义                                                     接收缓冲区限制大小            NUM_BLOCK[4:0]
2	tmp/wch-evt/application_notes/CH32FV2x_V3xRM.PDF	6bdc58b159a95c40e815eb9973df1f7e7309b08e8018bad1991a71c792cefb95	finding	wchnet-chip-field	435	3	AC 自动实现，无需用户通过软件生成。RGMII 接口支持发送时钟相位翻转和相对数据延迟，最大延迟 4 纳秒。     以太网 MAC 支持标准 IEEE802.3 协议的以太网，支持魔法帧和特定唤醒帧。以太网收发器搭配的 DMA 控制器以描述符的形式进行数据的收发管理和内存搬运，描述符的数量由用户根据沟通密集程度 自行确定，DMA 控制器能以 32 位宽的速度向描述符指定的内存空间写入接收到的数据或从取出将发 送的数据。此外，以太网收发器的 MAC 还支持 IEEE1588 精确时间协议。 27.1.1.1 MAC 特征  支持 MII/RMII/RGMII 接口  RGMII 支持发送时钟
2	tmp/wch-evt/application_notes/CH32FV2x_V3xRM.PDF	6bdc58b159a95c40e815eb9973df1f7e7309b08e8018bad1991a71c792cefb95	finding	wchnet-chip-field	436	4	CH32F/V20x_V30x_V31x 系列应用手册                    https://wch.cn       以描述符的方式管理收发缓冲区       接收发送的一部分状态反馈在描述符中       可以动态修改非正在使用的描述符和缓冲区       支持手动停止或启动       支持链式或环式的形式连接描述符       支持收发完成中断等多种中断源 27.1.1.3 MMC 模块特征  支持手动复位、停止或冻结  多个支持发送和接收的多种计数模式的计数
2	tmp/wch-evt/application_notes/CH32FV2x_V3xRM.PDF	6bdc58b159a95c40e815eb9973df1f7e7309b08e8018bad1991a71c792cefb95	finding	wchnet-chip-field	445	3	46 字节，超过 1500 字节请另组一帧。数据域中装载着需要实际发送的数据。     CRC：循环冗余校验，此处用的是 CRC32 校验。 27.1.5.2 帧发送     以太网收发器发送数据帧的时候，其专有的 DMA 控制器从发送描述符（trans descript 在 27.1.4.1.1 节）指定的 RAM 中取出要发送的数据通过专用数据总线压进 MAC。FIFO 的填充程度会返 回到 DMA 控制器中，当要发送的数据全部发送完，DMA 控制器会向 MAC 发送一个数据开始信号，MAC 会启动发送；从 FIFO 中读取数据，向 MII 接口（RMII/RGMII）发送先导、SFD，发送
2	tmp/wch-evt/application_notes/CH32FV2x_V3xRM.PDF	6bdc58b159a95c40e815eb9973df1f7e7309b08e8018bad1991a71c792cefb95	finding	wchnet-chip-field	446	5	https://wch.cn 美地址过滤和 HASH 过滤，检查则一般是对帧进行帧长度，IP/ICMP/TCP/UDP 的检验和 CRC 检查，未通 过过滤或检查的帧会被描述符标记出来或被丢弃，超过长度的包可能会被掐断。   在使能了 IEEE 1588（PTP）功能的情况下，接收帧时，MAC 会保存当前时间戳在描述符中，但同 时会覆盖掉部分信息，用户可以在接收中断中及时读取时间戳并补全描述符。 27.1.5.4 帧过滤     使用 MAC 帧过滤器可以对接收的帧的目标 MAC 地址和源 MAC 地址进行完美过滤或 HASH
2	tmp/wch-evt/application_notes/CH32FV2x_V3xRM.PDF	6bdc58b159a95c40e815eb9973df1f7e7309b08e8018bad1991a71c792cefb95	finding	wchnet-chip-field	450	3	个优势，必须把以太网帧接受发送过程中，需要 CPU 进行的干 预尽可能得减少，这里就要使用以太网收发器专用 DMA。     以太网使用的 DMA 是 32 位的，它通过两种数据结构接受 CPU 的管理：传统的控制和状态寄存器， 接收和发送描述符。由于 DMA 是 32 位宽的，所以要求收发描述符队列在 RAM 中的基地址是 4 字节对 齐的。收发缓冲区则没有对齐要求。 27.1.6.2 DMA 描述符（DMA Desciptor）     用户使用传统外设主要是通过写寄存器的控制位实现，并且以读取状态寄存器的方式来获取外设 的状态和返回信息。这些寄存器是独立于内核，SRAM 和非易失性存储器之外
2	tmp/wch-evt/application_notes/CH32FV2x_V3xRM.PDF	6bdc58b159a95c40e815eb9973df1f7e7309b08e8018bad1991a71c792cefb95	finding	wchnet-chip-field	451	25	MA 控制器调用此缓 冲区时需要进行的设置、DMA 发送完成回写的发送状态以及下一个此类数据结构的地址。这种数据结 构起到传统通讯外设控制寄存器、状态寄存器的作用，但是实际位置又在内存中，所以可以称之为“软 件寄存器”，正式名称为“DMA 描述符”。     DMA 描述符分发送和接收两种，每种的格式固定。DMA 描述符的存储结构分为两种，一种是链表 形式，即每个描述符的第四个字为下一个描述符的地址，DMA 控制器会直接从 TDes3/RDes3 读取下一 个描述符；另一种是环式结构，所有的描述符必须紧密排列，DMA 控制从当前描述符结束的位置取下 一个描述符，当 DMA 控制器检测到 TDes4/
2	tmp/wch-evt/application_notes/CH32FV2x_V3xRM.PDF	6bdc58b159a95c40e815eb9973df1f7e7309b08e8018bad1991a71c792cefb95	finding	wchnet-chip-field	452	14	1x 系列应用手册                                                                                 https://wch.cn     由上表可以看出发送描述符由四个 32 位字组成，分别是 TDes0、TDes1、TDes2 和 TDes3，其中 TDes0 用作控制和返回发送状态，TDes1 用以指示发送长度，TDes2 用以表示发送缓冲区的位置或返 回发送时间戳的低位，TDes3 用以表示用于第二个发送缓冲区的地址（TCH 未置位时）或下一描述符 的地址（TCH 置位时），时间戳使能时，发送后返回 IEEE1
2	tmp/wch-evt/application_notes/CH32FV2x_V3xRM.PDF	6bdc58b159a95c40e815eb9973df1f7e7309b08e8018bad1991a71c792cefb95	finding	wchnet-chip-field	453	7	CH32F/V20x_V30x_V31x 系列应用手册                                     https://wch.cn                               制器，当前发送描述符已经是发送描述符数组的最后一个                               描述符。DMA 控制器下次会读取发送描述符数组最前面的                               一个描述符。                               下一描述符地址有效指示位。该位置位表示第二个地址是
2	tmp/wch-evt/application_notes/CH32FV2x_V3xRM.PDF	6bdc58b159a95c40e815eb9973df1f7e7309b08e8018bad1991a71c792cefb95	finding	wchnet-chip-field	454	1	名称                                                      描述                                               此域用来存放下一个描述符的地址，在 TCH 未置位时，此                                               域存放发送缓冲区 2 的地址。在启用 IEEE1588 模式中，             31:0      TDAD2/TTSH                                               在完成发送
2	tmp/wch-evt/application_notes/CH32FV2x_V3xRM.PDF	6bdc58b159a95c40e815eb9973df1f7e7309b08e8018bad1991a71c792cefb95	finding	wchnet-chip-field	455	14	https://wch.cn                                                高 32 位。 27.1.6.2.2 接收 DMA 描述符                                              表 27-16 接收描述符的结构                        31                                                                                     0
2	tmp/wch-evt/application_notes/CH32FV2x_V3xRM.PDF	6bdc58b159a95c40e815eb9973df1f7e7309b08e8018bad1991a71c792cefb95	finding	wchnet-chip-field	456	8	底是巨形帧还是由 IP 头错误）；                               OE[RDes0:11]：溢出错误；                               DE[RDes0:14]：描述符错误。                               描述符错误位。该位被置位表示由于描述符指示的缓冲区        14    DE               装不上当前帧而被切断，DMA 又不占用下一描述符。该位                               只在 LS 位[RDes0:8]被置位时才有效。
2	tmp/wch-evt/application_notes/CH32FV2x_V3xRM.PDF	6bdc58b159a95c40e815eb9973df1f7e7309b08e8018bad1991a71c792cefb95	finding	wchnet-chip-field	457	5	28:16              RBS2                      接收缓冲区 2 大小。                                                      末端接收描述符标志。指示当前描述符是最后一个描述                 15         RER                       符 。 DMA 控 制 器 会 回 到 描 述 符 对 列 基 地 址 寄 存 器                                                      （ETH_DMARDLAR）
2	tmp/wch-evt/application_notes/CH32FV2x_V3xRM.PDF	6bdc58b159a95c40e815eb9973df1f7e7309b08e8018bad1991a71c792cefb95	finding	wchnet-chip-field	458	12	，同时 MAC 会                                           把 OWN 位[RDes0:31]清零。此域存放时间戳的高 32 位。 27.1.6.3 数据缓存对齐     由于收发缓冲区和收发描述符都是由 DMA 控制器调用，并实质存在于 RAM 空间的，而 DMA 是 32 位的，因此设置收发描述符队列都需要保证它们的起始地址在 4 字节对齐的位置，但是设置缓冲区没 有这个强制要求。     为了提高效率，一个以太网帧由一个缓冲区接收完毕是最恰当的，如将缓冲区设为 1518 个字节 可以容纳下最大的以太网普通帧，包括源止地址域、长度类型域、数据填充域
2	tmp/wch-evt/application_notes/CH32FV2x_V3xRM.PDF	6bdc58b159a95c40e815eb9973df1f7e7309b08e8018bad1991a71c792cefb95	finding	wchnet-chip-field	459	14	https://wch.cn    时间戳写到 TDes2 和 TDes3 中，并复位 OWN 位。 6） 在发送完一个帧之后，如果发送描述符使能了发送完成中断（置位 TDes1:31），DMA 控制器就会    置位发送完成中断标志位（DMASR:0），然后继续取下一个发送描述符。    下图展示了默认发送流程。                            图 27-11 发送流程                                                St
2	tmp/wch-evt/application_notes/CH32FV2x_V3xRM.PDF	6bdc58b159a95c40e815eb9973df1f7e7309b08e8018bad1991a71c792cefb95	finding	wchnet-chip-field	460	6	https://wch.cn 5） 如果使能了 PTP 时间戳，再 DMA 控制器转存数据，写描述符状态域时，同时也会将当前的时间戳    写进描述符的后两个字。用户应及时将时间戳读出并补全原写在后两个字的缓冲区地址和下一描    述符地址。    下图展示了默认接收流转机制：                          图 27-12 接收流程
2	tmp/wch-evt/application_notes/CH32FV2x_V3xRM.PDF	6bdc58b159a95c40e815eb9973df1f7e7309b08e8018bad1991a71c792cefb95	finding	wchnet-chip-field	462	2	H_MACIMR        0x4002803C   MAC 中断屏蔽寄存器           0x00000000  R32_ETH_MACA0HR       0x40028040   MAC 地址寄存器 0 高 32 位    0x8000FFFF  R32_ETH_MACA0LR       0x40028044   MAC 地址寄存器 0 低 32 位    0xFFFFFFFF  R32_ETH_MACA1HR       0x40028048   MAC 地址寄存器 1 高 32 位    0x0000FFFF  R32_ETH_MACA1LR       0x4002804C
2	tmp/wch-evt/application_notes/CH32FV2x_V3xRM.PDF	6bdc58b159a95c40e815eb9973df1f7e7309b08e8018bad1991a71c792cefb95	finding	wchnet-chip-field	463	3	https://wch.cn  R32_ETH_DMATDLAR          0x40029010           DMA 发送描述符地址寄存器                             0x00000000  R32_ETH_DMASR             0x40029014           DMA 状态寄存器                                  0x00000000  R32_ETH_DMAOMR            0x4002
2	tmp/wch-evt/application_notes/CH32FV2x_V3xRM.PDF	6bdc58b159a95c40e815eb9973df1f7e7309b08e8018bad1991a71c792cefb95	finding	wchnet-chip-field	464	1	位：                                    0：关闭接收端 IPv4 的校验和检验功能，相应的                                    PCE、PHCE 标志位总是为 0。见接收描述符各位定         10     IPCO           RW                                         0                                    义；                                    1：使能 IPv4 的校验检验，MAC 控制器会对 TC
2	tmp/wch-evt/application_notes/CH32FV2x_V3xRM.PDF	6bdc58b159a95c40e815eb9973df1f7e7309b08e8018bad1991a71c792cefb95	finding	wchnet-chip-field	479	2	1：表示使用精调模式。                                         附加时间戳使能位：          0     TSE                 RW   0：不向描述符中添加时间戳；                                            0                                         1：发送或接收完成后，向描述符中添加时间戳。 27.1.8.3.2 PTP 亚秒递增寄存器（R32_ETH_PTPSSIR）     偏移地址：0x0704  31
2	tmp/wch-evt/application_notes/CH32FV2x_V3xRM.PDF	6bdc58b159a95c40e815eb9973df1f7e7309b08e8018bad1991a71c792cefb95	finding	wchnet-chip-field	482	5	eserved           RO   保留。                                                    0                                        描述符跳跃长度：                                        这些位定义了 2 个不以链式结构连接的描述符之间                                        的跳跃距离，单位为字（32 位）。地址跳跃是指从        [6:2]   DSL[4:0]           RW
2	tmp/wch-evt/application_notes/CH32FV2x_V3xRM.PDF	6bdc58b159a95c40e815eb9973df1f7e7309b08e8018bad1991a71c792cefb95	finding	wchnet-chip-field	483	5	描述                               复位值                                            这个寄存器用来存储第一个接收 DMA 描述符的地      [31:0]   RDLAR[31:16]          RW     址。注意描述符需要 16 字节对齐，所以这个寄存器                                         0                                            的后 4 位应该为 0。 27.1.8.4
2	tmp/wch-evt/application_notes/CH32FV2x_V3xRM.PDF	6bdc58b159a95c40e815eb9973df1f7e7309b08e8018bad1991a71c792cefb95	finding	wchnet-chip-field	484	7	0：读数据转发时出错；                                    RO          1：写数据转发时出错；                                    DMASR[25]:0：访问描述符时出错；                                              1：访问数据缓存时出错；                                    发送流程状态域。这个域用来表示当前发送 DMA 的                                    状态。
2	tmp/wch-evt/application_notes/CH32FV2x_V3xRM.PDF	6bdc58b159a95c40e815eb9973df1f7e7309b08e8018bad1991a71c792cefb95	finding	wchnet-chip-field	485	6	0                                      停止。                                    接收缓存不可用状态位。该位置位表示接收描述符                                    权限归属 CPU，DMA 无法获得，接收流程已经暂停。        7    RBUS              RW1Z 用户需要释放描述符并向 RPDR 寄存器中填入一个           0                                    值来恢复接收流程
2	tmp/wch-evt/application_notes/CH32FV2x_V3xRM.PDF	6bdc58b159a95c40e815eb9973df1f7e7309b08e8018bad1991a71c792cefb95	finding	wchnet-chip-field	486	4	https://wch.cn                                                发送，描述符归属权已经交还 CPU。 27.1.8.4.7 DMA 操作模式寄存器（R32_ETH_DMAOMR）     偏移地址：0x1018 31       30      29       28   27      26      25   24         23    22    21    20    19   18      17       1
2	tmp/wch-evt/application_notes/CH32FV2x_V3xRM.PDF	6bdc58b159a95c40e815eb9973df1f7e7309b08e8018bad1991a71c792cefb95	finding	wchnet-chip-field	488	3	0                                           导致的帧丢失的数量。 27.1.8.4.10 DMA 当前发送描述符寄存器（R32_ETH_DMACHTDR）     偏移地址：0x1048 31       30       29    28    27   26    25     24         23      22       21   20   19   18      17       16
2	tmp/wch-evt/application_notes/CH32FV2x_V3xRM.PDF	6bdc58b159a95c40e815eb9973df1f7e7309b08e8018bad1991a71c792cefb95	finding	wchnet-chip-field	489	1	描述                       复位值                                          这个寄存器值指向目前正在使用的接收描述符。此      [31:0]   HRDAR[31:0]         RO                                                              0                                          寄存器由 DMA 负责实时更新。 27.1.8.4.12 DMA 当
2	tmp/wch-evt/application_notes/CH32FV2x_V3xRM.PDF	6bdc58b159a95c40e815eb9973df1f7e7309b08e8018bad1991a71c792cefb95	finding	wchnet-chip-field	518	1	0                                                Wait_R 的流程（取决于传输方向）， 28.6.10 传输计数寄存器（R32_SDIO_DCOUNT）        偏移地址：0x30  31      30    29      28      27   26        25      24         23   22    21   20    19     18       17    16                     Reserved
2	tmp/wch-evt/application_notes/CH32FV2x_V3xRM.PDF	6bdc58b159a95c40e815eb9973df1f7e7309b08e8018bad1991a71c792cefb95	finding	wchnet-chip-field	522	1	32F20x_D8、CH32F20x_D8C、CH32V30x_D8、CH32V30x_D8C、 CH32V31x_D8C 批号倒数第六位不为 0 的产品。 28.6.16 FIFO（R32_SDIO_FIFO）        偏移地址：0x80 31       30     29       28    27    26        25      24         23    22    21     20       19   18       17    16                                                     FIFODATA[3
2	tmp/wch-evt/application_notes/CH32FV2x_V3xRM.PDF	6bdc58b159a95c40e815eb9973df1f7e7309b08e8018bad1991a71c792cefb95	finding	wchnet-chip-field	541	1	TATR 寄存器的 BSY 位，以确认没有其他正在进行的编程操作。 4）设置 FLASH_CTLR 寄存器的 FTPG 位为‘1’，使能快速页编程模式。 5）使用 32 位方式向 FLASH 地址写入数据，例如   *（uint32_t*）0x8000000 = 0x12345678； 6）等待 FLASH_STATR 寄存器的 WR_BSY 为‘0’，写入下个数据。 7）重复步骤 5-6 共 64 次。 8）设置 FLASH_CTLR 寄存器的 PGSTRT 位为‘1’，启动快速页编程。 9）等待 BSY 位变为‘0’或 FLASH_STATR 寄存器的 EOP 位为‘1’表示一次快速页编程完成，将
2	tmp/wch-evt/application_notes/CH32FV2x_V3xRM.PDF	6bdc58b159a95c40e815eb9973df1f7e7309b08e8018bad1991a71c792cefb95	global	id-terms	287	1	s 的时钟为低超过 35mS 时，会报超时，但 I2C 无此限制； 3） SMBus 有固定的逻辑电平，而 I2C 没有，取决于 VDD； 4） SMBus 有总线协议，而 I2C 没有。     SMBus 还包括设备识别、地址解析协议、唯一的设备标识符、SMBus 提醒和各种总线协议，具体 请参考 SMBus 规范 2.0 版本。当使用 SMBus 时，只需要置控制寄存器的 SMBus 位，按需配置 SMBTYPE 位和 ENAARP 位。 19.8 中断        每个 I2C 模块都有两种中断向量，分别是事件中断和错误中断。两种中断支持图 19-4 的中断 源。
2	tmp/wch-evt/application_notes/CH32FV2x_V3xRM.PDF	6bdc58b159a95c40e815eb9973df1f7e7309b08e8018bad1991a71c792cefb95	global	id-terms	530	3	第 31 章 电子签名（ESIG） 本章模块描述适用于 CH32F20x、CH32V20x、CH32V30x 和 CH32V31x 微控制器全系列产品。   电子签名包含了芯片识别信息：闪存区容量和唯一身份标识。它由厂家在出厂时烧录到存储器模 块的系统存储区域，可以通过 SWD（SDI）或者应用代码读取。 31.1 功能描述   闪存区容量：指示当前芯片用户应用程序可以使用大小。   唯一身份标识：96 位二进制码，对任意一个微控制器都是唯一的，用户只能读访问不能修改。此 唯一标识信息可以用作微控制器（产品）的安全密码、加解密钥、产品序列号等，用来提高系统安全
2	tmp/wch-evt/application_notes/CH32FV2x_V3xRM.PDF	6bdc58b159a95c40e815eb9973df1f7e7309b08e8018bad1991a71c792cefb95	global	identity-csr	93	4	F16  15      14    13       12   11   10         9     8          7     6      5     4     3     2       1      0 IF15 IF14 IF13 IF12 IF11 IF10               IF9   IF8        IF7   IF6    IF5   IF4   IF3   IF2     IF1    IF0         位               名称         访问                                   描述
2	tmp/wch-evt/application_notes/CH32FV2x_V3xRM.PDF	6bdc58b159a95c40e815eb9973df1f7e7309b08e8018bad1991a71c792cefb95	global	identity-csr	133	4	29     28   27   26        25   24         23    22     21     20    19    18       17      16 CNF15[1:0] MODE15[1:0] CNF14[1:0] MODE14[1:0] CNF13[1:0] MODE13[1:0] CNF12[1:0] MODE12[1:0]  15      14    13     12   11   10        9    8          7      6      5     4     3      2       1       0 CNF11[1
2	tmp/wch-evt/application_notes/CH32FV2x_V3xRM.PDF	6bdc58b159a95c40e815eb9973df1f7e7309b08e8018bad1991a71c792cefb95	global	known-addresses	248	15	名称               偏移地址                            描述                       复位值  R16_TIM6_CTLR1               0x40001000   TIM6 控制寄存器 1                                0x0000  R16_TIM6_CTLR2               0x40001004   TIM6 控制寄存器 2                                0x0000  R16_TIM6_DMAINTENR           0x
2	tmp/wch-evt/application_notes/CH32FV2x_V3xRM.PDF	6bdc58b159a95c40e815eb9973df1f7e7309b08e8018bad1991a71c792cefb95	global	known-addresses	271	11	表 18-7 USART6 相关寄存器列表          名称               访问地址                 描述            复位值  R32_USART6_STATR        0x40001800   USART6 状态寄存器         0x000000C0  R32_USART6_DATAR        0x40001804   USART6 数据寄存器         0x00000000  R32_USART6_BRR          0x40001808   USART6 波特率寄存器        0x00000000  R32_
2	tmp/wch-evt/application_notes/CH32FV2x_V3xRM.PDF	6bdc58b159a95c40e815eb9973df1f7e7309b08e8018bad1991a71c792cefb95	global	known-addresses	272	5	https://wch.cn  R32_USART7_CTLR1                0x40001C0C       USART7 控制寄存器 1                            0x00000000  R32_USART7_CTLR2                0x40001C10       USART7 控制寄存器 2                            0x00000000  R32_USART7_CTLR3
2	tmp/wch-evt/application_notes/CH32FV2x_V3xRM.PDF	6bdc58b159a95c40e815eb9973df1f7e7309b08e8018bad1991a71c792cefb95	global	known-addresses	530	1	名称                  访问地址                                 描述                      复位值  R16_ESIG_FLACAP                 0x1FFFF7E0         闪存容量寄存器                                    0xXXXX  R32_ESIG_UNIID1                 0x1FFFF7E8         UID 寄存器 1                             0xXXXXXXXX  R32_ESIG_UNIID2
2	tmp/wch-evt/application_notes/CH32FV2x_V3xRM.PDF	6bdc58b159a95c40e815eb9973df1f7e7309b08e8018bad1991a71c792cefb95	global	known-addresses	550	1	31x 系列。当系统进入调试模式之后，芯片具有某外设，调 试模块则具有配置该外设的功能，调试 MCU 配置寄存器则具有该外设所对应的配置位。 34.2.2 ARM 调试 MCU 配置寄存器（DBGMCU_CR）        地址：0xE0042004  31     30   29      28   27    26    25   24         23   22   21   20   19    18      17       16
2	tmp/wch-evt/application_notes/CH32FV2x_V3xRM.PDF	6bdc58b159a95c40e815eb9973df1f7e7309b08e8018bad1991a71c792cefb95	global	revision-errata	1	2	○                              R      TM   CH32F20x 系列产品是基于 ARM Cortex -M3 内核设计的通用微控制器，与大部分 ARM 工具和软件 兼容。提供了丰富的通讯接口和控制单元，适用于大部分控制、连接、综合等嵌入式领域。   CH32V20x、CH32V30x 和 CH32V31x 系列是基于 32 位 RISC-V 指令集及架构设计的工业级通用微控 制器。依据产品性能和资源差异搭配了不同的内核型号。CH32V203 采用青稞 V4B 内核，支持硬件中断 堆栈，提升中断响应效率；CH32V208 采
2	tmp/wch-evt/application_notes/CH32FV2x_V3xRM.PDF	6bdc58b159a95c40e815eb9973df1f7e7309b08e8018bad1991a71c792cefb95	global	revision-errata	3	2	RISC-V 内核版本对比概览         特点             硬件       中断        快速      整数                                                                      扩展     内存 内核            指令集      堆栈       嵌套        中
2	tmp/wch-evt/application_notes/CH32FV2x_V3xRM.PDF	6bdc58b159a95c40e815eb9973df1f7e7309b08e8018bad1991a71c792cefb95	global	revision-errata	149	1	Channel 5                       TIM2_CH1                                                  Fixed hardware                                    Software Trigger                                 priority                       TIM4_CH3      MEM2MEM bit
2	tmp/wch-evt/application_notes/CH32FV2x_V3xRM.PDF	6bdc58b159a95c40e815eb9973df1f7e7309b08e8018bad1991a71c792cefb95	global	revision-errata	150	1	EN bit o f chann el 9                          TIM9_CH2               Hardware request9                                Fixed hardware                         TIM10_CH3                                                                    priority
2	tmp/wch-evt/application_notes/CH32FV2x_V3xRM.PDF	6bdc58b159a95c40e815eb9973df1f7e7309b08e8018bad1991a71c792cefb95	global	revision-errata	153	1	bit of channel 7                              USART2_TX               Hardware request7                                 Fixed hardware                                I2C1_RX                                                                    priority
2	tmp/wch-evt/application_notes/CH32FV2x_V3xRM.PDF	6bdc58b159a95c40e815eb9973df1f7e7309b08e8018bad1991a71c792cefb95	global	revision-errata	154	1	EN bit of channel 7                         USART2_TX                 Hardware request7                          Fixed hardware                           I2C1_RX                                                               priority
2	tmp/wch-evt/application_notes/CH32FV2x_V3xRM.PDF	6bdc58b159a95c40e815eb9973df1f7e7309b08e8018bad1991a71c792cefb95	global	revision-errata	281	2	全系列产品。     内部集成电路总线（I2C）广泛用在微控制器和传感器及其他片外模块的通讯上，它本身支持多 主多从模式，仅仅使用两根线（SDA 和 SCL）就能以 100kHz（标准）和 400kHz（快速）两种速度通讯。 I2C 总线还兼容 SMBus 协议，不仅支持 I2C 的时序，还支持仲裁、定时和 DMA，拥有 CRC 校验功能。 19.1 主要特征       支持主模式和从模式       支持 7 位或 10 位地址       从设备支持双 7 位地址       支持两种速度模式：100kHz 和 400kHz       多种状态模式，多种错误标志 
2	tmp/wch-evt/application_notes/CH32FV2x_V3xRM.PDF	6bdc58b159a95c40e815eb9973df1f7e7309b08e8018bad1991a71c792cefb95	global	revision-errata	287	1	定的逻辑电平，而 I2C 没有，取决于 VDD； 4） SMBus 有总线协议，而 I2C 没有。     SMBus 还包括设备识别、地址解析协议、唯一的设备标识符、SMBus 提醒和各种总线协议，具体 请参考 SMBus 规范 2.0 版本。当使用 SMBus 时，只需要置控制寄存器的 SMBus 位，按需配置 SMBTYPE 位和 ENAARP 位。 19.8 中断        每个 I2C 模块都有两种中断向量，分别是事件中断和错误中断。两种中断支持图 19-4 的中断 源。                               图 19-8 I2C 中断请求
2	tmp/wch-evt/application_notes/CH32FV2x_V3xRM.PDF	6bdc58b159a95c40e815eb9973df1f7e7309b08e8018bad1991a71c792cefb95	global	revision-errata	307	2	WS              Short              frame                                         13 bit                                fixed to -              WS              long              frame                                       16-bit              SD         MSB                            LSB   MSB   对于长帧，
2	tmp/wch-evt/application_notes/CH32FV2x_V3xRM.PDF	6bdc58b159a95c40e815eb9973df1f7e7309b08e8018bad1991a71c792cefb95	global	revision-errata	319	1	https://wch.cn                               对于 CH32F20x_D6、CH32V20x_D6 系列芯片所有                               版本支持该模式仅在时钟 2 分频（即 CTLR1 寄                               存器的 BR = 000）时有效。                               对 于 CH32F20x_D8 、 CH32F20x_D8C 、                               CH32V30x_D8、C
2	tmp/wch-evt/application_notes/CH32FV2x_V3xRM.PDF	6bdc58b159a95c40e815eb9973df1f7e7309b08e8018bad1991a71c792cefb95	global	revision-errata	369	1	AN 协 议实现方案，支持 CAN 协议 2.0A 和 2.0B。CAN 控制器可以用来构建强大的局域网来实现安全的分布 式实时控制，以较小的 CPU 负荷来处理大量的数据报文，在工业和汽车领域有着广泛的应用。 24.1 主要特性  兼容 CAN 规范 2.0A 和 2.0B  可编程的传输速率，最高可达 1Mbit/s  支持时间触发通信功能，避免低优先级消息阻塞  支持三个发送邮箱，发送报文优先级可由报文标识符或发送请求的次序决定，并可记录发送报 文 SOF 时刻的时间戳  支持三级邮箱深度的 2 个接收 FIFO，28 个报文过滤器组可供配置，大容量产品 CAN1 和 CAN2
2	tmp/wch-evt/application_notes/CH32FV2x_V3xRM.PDF	6bdc58b159a95c40e815eb9973df1f7e7309b08e8018bad1991a71c792cefb95	global	revision-errata	456	1	位置位表示 IPv4 或者 IPv6                               报头存在错误，具体原因可能是：                               1、以太网帧类型/长度域指示的协议与实际的 IP 版本不        7     IPHCE                               一致；                               2、IP 报头校验和不对；                               3、IP 报头指示的长度不对。                               迟到冲突指
2	tmp/wch-evt/application_notes/CH32FV2x_V3xRM.PDF	6bdc58b159a95c40e815eb9973df1f7e7309b08e8018bad1991a71c792cefb95	global	revision-errata	491	1	1x：MDI。 27.2 关于 CH32F208、CH32V203、CH32V208 产品 27.2.1 以太网控制器简介   芯片集成了以太网控制器 MAC 和 PHY 以及 DMA，兼容 IEEE802.3 协议。内部 DMA 传输数据和接收 数据到系统 RAM 中。PHY 物理层是一个 10Mbit/S 的以太网络收发器，提供部分网络 PHY 寄存器，可以 设置发送和接收性能。   网络底层操作主要以子程序库提供应用支持，对寄存器不作详细介绍。主要特性：    支持全双工和半双工    支持短包填充设置    支持 CRC 设置和填
2	tmp/wch-evt/application_notes/CH32FV2x_V3xRM.PDF	6bdc58b159a95c40e815eb9973df1f7e7309b08e8018bad1991a71c792cefb95	global	revision-errata	492	1	//wch.cn               支持 pause 帧发送和设置               支持自动协商机制               支持 DMA，用于发送和接收数据               PHY 收发器兼容 10BASE-T，发送模块支持节能模式               内置 50 欧姆传输阻抗匹配电阻，也可选择外接               提供由 IEEE 分配的全球唯一 MAC 地址 27.2.2 寄存器描述                                表 27-23 以太网控制器相关寄存器列表
2	tmp/wch-evt/application_notes/CH32FV2x_V3xRM.PDF	6bdc58b159a95c40e815eb9973df1f7e7309b08e8018bad1991a71c792cefb95	global	revision-errata	499	3	4G 模块。 28.1 主要特征 28.1.1 特征       支持 SD 卡、SDIO 卡和 MMC 卡       支持 1 位、4 位和 8 位总线       SDIO 的时钟最快可达到 HCLK 的一半       兼容 MMC 规范 4.5       兼容 SD 卡规范 2.0，SDIO 卡规范 2.0       不兼容 SPI 或 QSPI 28.1.2 概述    微控制器的 SDIO 支持与 SD 卡或 MMC 卡等存储器通讯，需要明确的是，SDIO 仅仅是提供一组实 现 SD 卡、MMC 卡规范单次命令传输所需要的时钟，数据和命令控制时序，各命令间的先后
2	tmp/wch-evt/application_notes/CH32FV2x_V3xRM.PDF	6bdc58b159a95c40e815eb9973df1f7e7309b08e8018bad1991a71c792cefb95	global	revision-errata	500	1	系数可配置为 2-261 之间的任 意整数值。SDIO 设备在初始化的时候一般只支持最高 400kHz 时钟的单总线模式，在初始化后，主机 一般会发起切换至低电压的操作，同时将时钟提升至微控制器和 SDIO 设备双方能接受的最大时钟。 不同版本和速度等级的 SD 卡所支持时钟速度和切换流程有所区别，用户需要自行了解。 V2.5                                                         497
2	tmp/wch-evt/application_notes/CH32FV2x_V3xRM.PDF	6bdc58b159a95c40e815eb9973df1f7e7309b08e8018bad1991a71c792cefb95	global	revision-errata	502	1	本小节的目的是以较小的篇幅让用户对使用 SDIO 所必要的一些规范的细节有初步的了解，并不 保证详尽和更新及时。微控制器的 SDIO 也仅仅保证其实现了 SD 2.0，SDIO 2.0 及 MMC 4.5 规范的硬 件操作基础，对于更高版本规范定义的功能，例如双边沿采样等，并不一定支持。用户在做具体开发 时应以 SD 规范，SDIO 规范和 MMC 规范为依据进行 SDIO 交互编程。 28.3.1 总线时序   SD 卡的传输都是以主机发起 CMD 发起的，SD 卡可能不回复响应，可能回复短响应和长响应，有 的响应后面还会伴随数据传输。而在 SDIO 卡或 MMC 卡的通讯中，还可能会有
2	tmp/wch-evt/application_notes/CH32FV2x_V3xRM.PDF	6bdc58b159a95c40e815eb9973df1f7e7309b08e8018bad1991a71c792cefb95	global	revision-errata	510	2	应用 ID       OID 16 [119:104]                    产品名称         PNM 40  [103:64]                    产品版本         PRV  8   [63:56]                   产品序列号         PSN 32  [55:24]                      保留          无  4   [23:20]                    生产日期         MDT 12   [19:8]
2	tmp/wch-evt/application_notes/CH32FV2x_V3xRM.PDF	6bdc58b159a95c40e815eb9973df1f7e7309b08e8018bad1991a71c792cefb95	global	revision-errata	511	1	换    在 SD 卡初始化后期，需要进行接口电平切换，将 SD 卡的时钟线数据线和命令线的 IO 电平切换 到 1.8V 水平。对于压摆率不是足够优秀的器件，使用更低的电平标准有助于提升频率。但是 SD 的供 电电压并不一定变化，只在较新版本的协议才出现了低电压供电的 SD 卡。    切换电压的步骤如下图。                     图 28-13 电压切换序列                                                                                      Voltage         CMD55
2	tmp/wch-evt/application_notes/CH32FV2x_V3xRM.PDF	6bdc58b159a95c40e815eb9973df1f7e7309b08e8018bad1991a71c792cefb95	global	revision-errata	532	1	SCKMOD 可配置 FLASH 访问时钟频率为系统时钟或系统时钟的一半，该 bit 默认配置为系统时钟        的一半）。 32.2 闪存编程及安全性 32.2.1 两种编程/擦除方式  标准编程：此方式是默认编程方式（兼容方式）。这种模式下 CPU 以单次 2 字节方式执行编程， 单次 4K 字节执行擦除及整片擦除操作。  快速编程：此方式采用页操作方式（推荐）。经过特定序列解锁后，执行单次 256 字节的编程及 256 字节擦除、32K 字节擦除、整片擦除。 注：FLASH 擦写相关函数，仅可放在零等待区 FLASH 中。 32.2.2 安全性-防止非法访问（读、写、擦
2	tmp/wch-evt/application_notes/CH32FV2x_V3xRM.PDF	6bdc58b159a95c40e815eb9973df1f7e7309b08e8018bad1991a71c792cefb95	global	silicon-package-lot	1	1	其内部组织架构满足低成本低功耗嵌入式应用场景。   本手册针对用户的应用开发，提供了 CH32F20x 系列、CH32V20x 系列、CH32V30x 系列和 CH32V31x 系列产品的详细使用信息，适用于系列中不同存储器容量、功能资源、封装的产品，若有差异将在对 应的功能章节做特殊说明。 注：（1）CH32F20x 包括：CH32F203、CH32F205、CH32F207、CH32F208； （2）CH32V20x 包括：CH32V203、CH32V208； （3）CH32V30x 包括：CH32V303、CH32V305、CH32V307； （4）CH32V31x 包括：CH32V317。
2	tmp/wch-evt/application_notes/CH32FV2x_V3xRM.PDF	6bdc58b159a95c40e815eb9973df1f7e7309b08e8018bad1991a71c792cefb95	global	silicon-package-lot	2	4	TH-1000MAC                                                                            10M PHY       注：同一类产品的某些外设数量或功能可能受封装限制，选择时请确认产品封装。       CH32V20x、CH32V30x 和 CH32V31x 系列产品概览   中小容量通用型                                                               互联型             互联型         无线型
2	tmp/wch-evt/application_notes/CH32FV2x_V3xRM.PDF	6bdc58b159a95c40e815eb9973df1f7e7309b08e8018bad1991a71c792cefb95	global	silicon-package-lot	30	1	perpheral clock enable 注：（1）CH32V203RB（CH32V20x_D8）产品外接晶体或时钟（HSE）为 32M，使用外置晶体时无需负 载电容已内置。 （2）上图 3-4 中蓝色虚线框出来的部分仅适用于批号倒数第五位大于 0 的 CH32V203RB 芯片。 V2.5                                                                          27
2	tmp/wch-evt/application_notes/CH32FV2x_V3xRM.PDF	6bdc58b159a95c40e815eb9973df1f7e7309b08e8018bad1991a71c792cefb95	global	silicon-package-lot	37	1	https://wch.cn                                              注：此功能不适用于批号倒数第五位等于 0 的                                              CH32V20x_D6 芯片。                                              外部高速晶体旁路控制位：                                              0：不旁
2	tmp/wch-evt/application_notes/CH32FV2x_V3xRM.PDF	6bdc58b159a95c40e815eb9973df1f7e7309b08e8018bad1991a71c792cefb95	global	silicon-package-lot	38	3	注 ： 此 位 仅 适 用 于 CH32F20x_D8 、 CH32F20x_D8C 、                                    CH32V30x_D8、CH32V30x_D8C、CH32V31x_D8C 批号倒数                                    第六位不为 0 的产品。        29   Reserved          RO   保留。                                             0                                    以太网时钟来源预分
2	tmp/wch-evt/application_notes/CH32FV2x_V3xRM.PDF	6bdc58b159a95c40e815eb9973df1f7e7309b08e8018bad1991a71c792cefb95	global	silicon-package-lot	50	1	11 ： HSE 振 荡 器 经 过 分 频 后 作 为 RTC 时 钟 。 其 中                                        CH32F20x_D6、CH32V20x_D6 系列芯片批号倒数第 5 位        [9:8]   RTCSEL[1:0]        RW   小于 1 的为 512 分频，反之为 128 分频；CH32F20x_D8W、                 0                                        CH32V20x_D8、CH32V20x_D8W 系列芯片均为 512
2	tmp/wch-evt/application_notes/CH32FV2x_V3xRM.PDF	6bdc58b159a95c40e815eb9973df1f7e7309b08e8018bad1991a71c792cefb95	global	silicon-package-lot	124	3	FIO_PCFR1）实现。     这个重映射适用于 CH32V30x_D8、CH32V30x_D8C、CH32V31x_D8C、CH32F20x_D6、CH32F20x_D8、 CH32F20x_D8C 系列芯片，但对于 LQFP100 封装，由于 PD0 和 PD1 为固有的功能引脚，因此没有必要再 由软件进行重映射设置。     这个重映射对于 CH32V20x_D6 系列芯片，只适用于 CH32V203CxT6、CH32V203CxU6、CH32V203K8T6、 CH32V203G6U6、CH32V203F6P6 芯片；对于 CH32V20x_D8 系列芯片 CH32V203RBT6 只
2	tmp/wch-evt/application_notes/CH32FV2x_V3xRM.PDF	6bdc58b159a95c40e815eb9973df1f7e7309b08e8018bad1991a71c792cefb95	global	silicon-package-lot	125	2	3            PB8                 PD14                       TIM4_CH4            PB9                 PD15 注：（1）仅 LQFP100 封装，支持该位重映射功能。                                表 10-19 TIM5 复用功能重映射                                       TIM5CH4_RM=0      TIM5CH4_RM=1                       复用功能
2	tmp/wch-evt/application_notes/CH32FV2x_V3xRM.PDF	6bdc58b159a95c40e815eb9973df1f7e7309b08e8018bad1991a71c792cefb95	global	silicon-package-lot	126	1	PE4        TIM10_CH3N               PA14                       PA7                     PE5 注：（1）仅 LQFP100 封装，支持该位重映射功能。 10.2.11.4 USART 复用功能重映射                       表 10-23 USART1 复用功能重映射                                   （1）               （1）                  （1）               （1）
2	tmp/wch-evt/application_notes/CH32FV2x_V3xRM.PDF	6bdc58b159a95c40e815eb9973df1f7e7309b08e8018bad1991a71c792cefb95	global	silicon-package-lot	127	7	CH32F/V20x_V30x_V31x 系列应用手册                                                           https://wch.cn 芯片批号倒数第五位等于大于 2 或批号倒数第六位不等于 0。  （2）仅 LQFP100 封装，支持该位重映射功能。                               表 10-26 USART4 复用功能重映射                    （1）        USART4_RM=00         USART4_RM=01
2	tmp/wch-evt/application_notes/CH32FV2x_V3xRM.PDF	6bdc58b159a95c40e815eb9973df1f7e7309b08e8018bad1991a71c792cefb95	global	silicon-package-lot	128	1	PE14             USART8_RX                PC5                    PA15                   PE15 注：（1）仅 LQFP100 封装，支持该位重映射功能。  （2）该功能不支持 64 引脚以下产品。 10.2.11.5 SPI 复用功能重映射                                   表 10-32 SPI1 复用功能重映射                                            SPI1_RM=0               S
2	tmp/wch-evt/application_notes/CH32FV2x_V3xRM.PDF	6bdc58b159a95c40e815eb9973df1f7e7309b08e8018bad1991a71c792cefb95	global	silicon-package-lot	130	7	PD11             ETH_RXD3                              PB1                             PD12 注：（1）仅 LQFP100 封装互联型，支持该位重映射功能。                                          （2） 10.2.11.10 FSMC_NADV 复用功能重映射                         表 10-42 FSMC_NADV 复用功能重映射                            （1）
2	tmp/wch-evt/application_notes/CH32FV2x_V3xRM.PDF	6bdc58b159a95c40e815eb9973df1f7e7309b08e8018bad1991a71c792cefb95	global	silicon-package-lot	131	2	CH32F/V20x_V30x_V31x 系列应用手册                                                        https://wch.cn 注：（1）批号第五位等于 2 且倒数第六位等于 0 的才支持该功能。   （2）SPI3_NSS 不支持硬件功能。   （3）SPI3EN=1&ETHMACEN=1 时，I2S3 禁用。                                            （1） 10.2.11.14 SPI3/I2S3 复用功能重映射
2	tmp/wch-evt/application_notes/CH32FV2x_V3xRM.PDF	6bdc58b159a95c40e815eb9973df1f7e7309b08e8018bad1991a71c792cefb95	global	silicon-package-lot	138	1	PD0PD1_RM            RW                                                    0                                    LQFP100 封装，由于 PD0 和 PD1 为固有的功能引                                    脚，因此没有必要再由软件进行重映像设置。                                    （2）此位重映射对于 CH32V20x_D6 系列芯片，只                                    适
2	tmp/wch-evt/application_notes/CH32FV2x_V3xRM.PDF	6bdc58b159a95c40e815eb9973df1f7e7309b08e8018bad1991a71c792cefb95	global	silicon-package-lot	140	3	CH32F20x_D8C 、 CH32V30x_D8 、 CH32V30x_D8C 、                                    CH32V31x_D8C 系列芯片批号倒数第五位等于大于                                    2 或批号倒数第六位不等于 0。                                    （ 2 ） 完 全 映 射 只 适 用 于 CH32V303VCT6 、                                    CH32V307VCT
2	tmp/wch-evt/application_notes/CH32FV2x_V3xRM.PDF	6bdc58b159a95c40e815eb9973df1f7e7309b08e8018bad1991a71c792cefb95	global	silicon-package-lot	143	3	CH32V307VCT6、CH32V317VCT6、CH32F203VCT6、                                      CH32F207VCT6 的 LQFP100 封装芯片。                                      USART7 重映射。                                      00：默认映射（TX/PC2，RX/PC3）；                                      01：重映射（TX/PA6，RX/PA7）；
2	tmp/wch-evt/application_notes/CH32FV2x_V3xRM.PDF	6bdc58b159a95c40e815eb9973df1f7e7309b08e8018bad1991a71c792cefb95	global	silicon-package-lot	144	3	CH32V307VCT6、CH32V317VCT6、CH32F203VCT6、                                     CH32F207VCT6 的 LQFP100 封装芯片。                                     UART4 重映射。                                     00：默认映射（TX/PC10，RX/PC11）；                                     01：重映射（TX/PB0，RX/PB1）；
2	tmp/wch-evt/application_notes/CH32FV2x_V3xRM.PDF	6bdc58b159a95c40e815eb9973df1f7e7309b08e8018bad1991a71c792cefb95	global	silicon-package-lot	148	3	DMA1 包含 7 个通道，DMA2 包含 11 个通道，每个通道对应多个外设请求，通过设置相应外设寄存器中对应 DMA 控制位，可以独立的开 启或关闭各个外设的 DMA 功能，具体对应关系如下。 注：（1）DMA1 在使用时需注意，对于批号倒数第五位小于 3 且倒数第六位等于 0 的，DMA1 所有通道 的 DMA 访问地址不得超过 64K 边界。     例如-CH32V307VCT6 配置 RAM 为 128K，此时配置 DAM1 需注意 DMA 源地址+传输数据数目，或 DMA 目的地址+传输数据只能在 0-64K，或 64K-128K 区域，不可出现 63K-65K 类似情况。对于批号
2	tmp/wch-evt/application_notes/CH32FV2x_V3xRM.PDF	6bdc58b159a95c40e815eb9973df1f7e7309b08e8018bad1991a71c792cefb95	global	silicon-package-lot	151	1	ADC2 注：（1）ADC2 的 DMA 通道外设映射仅适用于 CH32F20x_D8、CH32F20x_D8C、CH32V30x_D8、 CH32V30x_D8C、CH32V31x_D8C 批号倒数第六位不为 0 的产品。                                        表 11-4 DMA2 各通道外设映射表二                            外设               通道 8           通道 9              通道 10          通道 11
2	tmp/wch-evt/application_notes/CH32FV2x_V3xRM.PDF	6bdc58b159a95c40e815eb9973df1f7e7309b08e8018bad1991a71c792cefb95	global	silicon-package-lot	182	2	适 用 于 CH32F20x_D8 、 CH32F20x_D8C 、     [23:0]       SMPx[2:0]              RW     CH32V30x_D8、CH32V30x_D8C、CH32V31x_D8C 批号倒数 000b                                                第六位不为 0 的产品）：                                                000：1.5 周期；            001：7.5 周期；
2	tmp/wch-evt/application_notes/CH32FV2x_V3xRM.PDF	6bdc58b159a95c40e815eb9973df1f7e7309b08e8018bad1991a71c792cefb95	global	silicon-package-lot	186	1	SMPx=111：采样时间 5.5 个周期。 注：ADCx_AUX 寄存器仅适用于 CH32F20x_D8、CH32F20x_D8C、CH32V30x_D8、CH32V30x_D8C、 CH32V31x_D8C 批号倒数第六位不为 0 的产品。 V2.5                                                  183
2	tmp/wch-evt/application_notes/CH32FV2x_V3xRM.PDF	6bdc58b159a95c40e815eb9973df1f7e7309b08e8018bad1991a71c792cefb95	global	silicon-package-lot	199	1	配置完成。   可通过 TIMx_CH2CVR 寄存器的 CCR2 位读取捕获的双边沿脉冲宽度值。 注：仅适用于 CH32F20x_D8、CH32F20x_D8C、CH32V30x_D8、CH32V30x_D8C、CH32V31x_D8C 批号倒数第 六位不为 0 的产品。 14.3.12 调试模式        当系统进入调试模式时，定时器根据 DBG 模块的设置继续运转或停止。 14.4 寄存器描述 V2.5                                       196
2	tmp/wch-evt/application_notes/CH32FV2x_V3xRM.PDF	6bdc58b159a95c40e815eb9973df1f7e7309b08e8018bad1991a71c792cefb95	global	silicon-package-lot	219	1	1：使能通道 2 的双边沿捕获使能。 注 ： TIMx_AUX 寄 存 器 仅 适 用 于 CH32F20x_D8 、 CH32F20x_D8C 、 CH32V30x_D8 、 CH32V30x_D8C 、 CH32V31x_D8C 批号倒数第六位不为 0 的产品。 V2.5                                                        216
2	tmp/wch-evt/application_notes/CH32FV2x_V3xRM.PDF	6bdc58b159a95c40e815eb9973df1f7e7309b08e8018bad1991a71c792cefb95	global	silicon-package-lot	228	1	配置完成。   可通过 TIMx_CH2CVR 寄存器的 CCR2 位读取捕获的双边沿脉冲宽度值。 注：仅适用于 CH32F20x_D8、CH32F20x_D8C、CH32V30x_D8、CH32V30x_D8C、CH32V31x_D8C 批号倒数第 六位不为 0 的产品。 15.3.10 调试模式        当系统进入调试模式时，根据 DBG 模块的设置可以控制定时器继续运转或者停止。 15.4 寄存器描述                                 表 15-3 TIM2 相关寄存器列表           名称              偏移地址
2	tmp/wch-evt/application_notes/CH32FV2x_V3xRM.PDF	6bdc58b159a95c40e815eb9973df1f7e7309b08e8018bad1991a71c792cefb95	global	silicon-package-lot	246	1	1：使能通道 2 的双边沿捕获使能。 注 ： TIMx_AUX 寄 存 器 仅 适 用 于 CH32F20x_D8 、 CH32F20x_D8C 、 CH32V30x_D8 、 CH32V30x_D8C 、 CH32V31x_D8C 批号倒数第六位不为 0 的产品。 V2.5                                              243
2	tmp/wch-evt/application_notes/CH32FV2x_V3xRM.PDF	6bdc58b159a95c40e815eb9973df1f7e7309b08e8018bad1991a71c792cefb95	global	silicon-package-lot	280	1	0 注：USARTx_CTLR4 寄存器仅适用于 CH32F20x_D8、CH32F20x_D8C、CH32V30x_D8、CH32V30x_D8C、 CH32V31x_D8C 批号倒数第六位不为 0 的产品。 V2.5                                     277
2	tmp/wch-evt/application_notes/CH32FV2x_V3xRM.PDF	6bdc58b159a95c40e815eb9973df1f7e7309b08e8018bad1991a71c792cefb95	global	silicon-package-lot	313	1	1：FPCLK/7；                                    110：FPCLK/8；      111：FPCLK/9。                                    注：此位仅适用于批号倒数第六位不等于 0 的                                    CH32F20x_D8、CH32F20x_D8C、CH32V30x_D8、                                    CH32V30x_D8C、CH32V31x_D8C 系列芯片。
2	tmp/wch-evt/application_notes/CH32FV2x_V3xRM.PDF	6bdc58b159a95c40e815eb9973df1f7e7309b08e8018bad1991a71c792cefb95	global	silicon-package-lot	319	4	、 CH32F20x_D8C 、                               CH32V30x_D8、CH32V30x_D8C、CH32V31x_D8C 系                               列芯片批号倒数第五位小于 2 且批号倒数第六                               位 为 0 的 、 CH32V20x_D8 、 CH32V20x_D8W 、                               CH32F20x_D8W 系列芯片批号倒数第五位小于 2                               的，只支
2	tmp/wch-evt/application_notes/CH32FV2x_V3xRM.PDF	6bdc58b159a95c40e815eb9973df1f7e7309b08e8018bad1991a71c792cefb95	global	silicon-package-lot	329	1	7]    MODE_1WIRE     RW   1：使能 USB 单线模式。                        0                                    注：仅适用于 CH32F20x_D8 批号倒数第六位不为 0 的                                    产品。        [6:5]   Reserved       RO   保留。                                   0                                    唤醒请求控制位：
2	tmp/wch-evt/application_notes/CH32FV2x_V3xRM.PDF	6bdc58b159a95c40e815eb9973df1f7e7309b08e8018bad1991a71c792cefb95	global	silicon-package-lot	354	1	CH32V30x_D8 、 CH32V30x_D8C 、                                                  CH32V31x_D8C 批号倒数第六位不为 0 的                                                  产品。                                                  FIFO 溢出中断：          4        RB_UIE_FIFO_OV           RW    0：禁止中断
2	tmp/wch-evt/application_notes/CH32FV2x_V3xRM.PDF	6bdc58b159a95c40e815eb9973df1f7e7309b08e8018bad1991a71c792cefb95	global	silicon-package-lot	437	1	制器支持三种 MII 接口，即标准 MII、RMII 和 RGMII。MII/RMII 接口专用于十兆和百兆以太 网物理层，RGMII 接口可用于十兆、百兆和千兆以太网。下表显示了标准 MII，RMII 和 RGMII 接口及 内部物理层在封装引脚上的分布。 V2.5                                                         434
2	tmp/wch-evt/application_notes/CH32FV2x_V3xRM.PDF	6bdc58b159a95c40e815eb9973df1f7e7309b08e8018bad1991a71c792cefb95	global	silicon-package-lot	447	3	C 的魔法帧 和唤醒帧识别，就会产生 PMT 中断，PMT 中断是和以太网中断独立的中断，通过查询 PMT 控制和状态 寄存器就能查出是哪种以太网帧产生了中断。 27.1.5.6.2 魔法帧     AMD 公司定义的魔法帧（magic package，也有称幻数据包）是常用的一种唤醒微控制器的以太网 帧，它有固定而特殊的帧格式，即通过帧过滤能让目标网卡接收到，可以封装成广播帧，帧中有连续 6 个字节的全高（OXFF），之后紧跟 16 次重复的目标网卡的 MAC 地址。这个组合可以存在于帧的任何 位置，因此魔法帧可以封装成 Mac 帧或 IP 包甚至 UDP 包。以下是魔法帧的格式。     xx xx
2	tmp/wch-evt/application_notes/CH32FV2x_V3xRM.PDF	6bdc58b159a95c40e815eb9973df1f7e7309b08e8018bad1991a71c792cefb95	global	silicon-package-lot	456	2	在半双工模式下起作用。                               帧类型指示位。此位为 1 时表示接收到的帧为以太网类型                               封装的帧（RFC 894）。此位为 0 时表示接收到的帧为        5     FT               IEEE802.3 类型封装的帧（RFC1042）。当帧长度小于 14                               字节时，此位无效。                               注：FT 具有的特殊含义参考表
2	tmp/wch-evt/application_notes/CH32FV2x_V3xRM.PDF	6bdc58b159a95c40e815eb9973df1f7e7309b08e8018bad1991a71c792cefb95	global	silicon-package-lot	457	1	IP 类型帧，IP 报头校验和错误，负载校验和错误             0                   0          0                           IEEE802.3 类型封装帧（RFC1042）                                                     IP 类型帧，未检测到 IP 报头校验和错误，因负载校验不受             0                   0          1
2	tmp/wch-evt/application_notes/CH32FV2x_V3xRM.PDF	6bdc58b159a95c40e815eb9973df1f7e7309b08e8018bad1991a71c792cefb95	global	silicon-package-lot	474	1	[27:0]   Reserved             RO   保留。                                                      0 注：R32_ETH_MACCFG0 寄存器仅适用于批号倒数第六位不为 0 的 CH32F207、CH32V307、CH32V317 产 品。 V2.5                                                 471
2	tmp/wch-evt/application_notes/CH32FV2x_V3xRM.PDF	6bdc58b159a95c40e815eb9973df1f7e7309b08e8018bad1991a71c792cefb95	global	silicon-package-lot	500	1	50MHz 注：从机模式时，SDIO_CK 引脚应配置为浮空输入，且从机模式仅适用于 CH32F20x_D8、 CH32F20x_D8C、CH32V30x_D8、CH32V30x_D8C、CH32V31x_D8C 批号倒数第六位不为 0 的产品。 28.2.3 时钟   SDIO 的时钟引脚为 SDIO_CK，其输出时钟由 HCLK 分频得到，分频系数可配置为 2-261 之间的任 意整数值。SDIO 设备在初始化的时候一般只支持最高 400kHz 时钟的单总线模式，在初始化后，主机 一般会发起切换至低电压的操作，同时将时钟提升至微控制器和 SDIO 设备双方能接受的最
2	tmp/wch-evt/application_notes/CH32FV2x_V3xRM.PDF	6bdc58b159a95c40e815eb9973df1f7e7309b08e8018bad1991a71c792cefb95	global	silicon-package-lot	508	1	N 位，填写数据至 R32_SDIO_FIFO，即可完成任意字节长度且带 CRC 校验的块传 输。（注：仅适用于 CH32F20x_D8、CH32F20x_D8C、CH32V30x_D8、CH32V30x_D8C、CH32V31x_D8C 批号 倒数第六位不为 0 的产品）   MMC 卡还支持数据流传输模式，此时不附带 CRC。下图为数据传输的格式。                      图 28-9 SD 卡单总线数据传输字节的格式                         Start bit
2	tmp/wch-evt/application_notes/CH32FV2x_V3xRM.PDF	6bdc58b159a95c40e815eb9973df1f7e7309b08e8018bad1991a71c792cefb95	global	silicon-package-lot	509	1	注：（1）从机只支持 R1 类型的应答，主从通信所用的命令索引和参数含义均由软件定义； （2）从机模式仅适用于 CH32F20x_D8、CH32F20x_D8C、CH32V30x_D8、CH32V30x_D8C、CH32V31x_D8C 批号倒数第六位不为 0 的产品。 28.4 应用 28.4.1 设备初始化和设备寄存器 28.4.1.1 OCR 寄存器     操作条件寄存器（Operation Conditions Register）存储了 SD 卡的一些其接收的供电电压的信 息和相关的状态位。相关的位定义如下表。                         表 28-14 OCR
2	tmp/wch-evt/application_notes/CH32FV2x_V3xRM.PDF	6bdc58b159a95c40e815eb9973df1f7e7309b08e8018bad1991a71c792cefb95	global	silicon-package-lot	516	2	CH32F20x_D8C 、 CH32V30x_D8 、                                                   CH32V30x_D8C、CH32V31x_D8C 批号倒数                                                   第六位不为 0 的产品。 28.6.6.2 响应参数寄存器次高 32 位（R128_SDIO_RESP2[95:64]）     偏移地址：0x18 31       30     29    28      27   26        25
2	tmp/wch-evt/application_notes/CH32FV2x_V3xRM.PDF	6bdc58b159a95c40e815eb9973df1f7e7309b08e8018bad1991a71c792cefb95	global	silicon-package-lot	518	1	CH32F20x_D8、CH32F20x_D8C、CH32V30x_D8、                                                CH32V30x_D8C、CH32V31x_D8C 批号倒数第六位                                                不为 0 的产品。                                                传输方向设置位。置此位设置传输方向。          1     DTDIR                     RW    0：控制
2	tmp/wch-evt/application_notes/CH32FV2x_V3xRM.PDF	6bdc58b159a95c40e815eb9973df1f7e7309b08e8018bad1991a71c792cefb95	global	silicon-package-lot	522	1	0 注：R32_SDIO_DCTRL2 寄存器仅适用于 CH32F20x_D8、CH32F20x_D8C、CH32V30x_D8、CH32V30x_D8C、 CH32V31x_D8C 批号倒数第六位不为 0 的产品。 28.6.16 FIFO（R32_SDIO_FIFO）        偏移地址：0x80 31       30     29       28    27    26        25      24         23    22    21     20       19   18       17    16
2	tmp/wch-evt/application_notes/CH32FV2x_V3xRM.PDF	6bdc58b159a95c40e815eb9973df1f7e7309b08e8018bad1991a71c792cefb95	global	silicon-package-lot	537	1	x                           OD[2:0]                                                       （2）110b 仅适用于批号倒数第六位不为 0 的                USER                                                       产品。                                                       00x：CODE-128KB + RAM-64KB
2	tmp/wch-evt/application_notes/CH32FV2x_V3xRM.PDF	6bdc58b159a95c40e815eb9973df1f7e7309b08e8018bad1991a71c792cefb95	global	silicon-package-lot	543	1	https://wch.cn                               CH32V317SC 系列芯片；                               （2）110b 仅适用于批号倒数第六位不为 0 的产品。                               00x：CODE-128KB + RAM-64KB                               01x：CODE-144KB + RAM-48KB                               1xx：CODE-160KB + RAM-3
2	tmp/wch-evt/application_notes/CH32FV2x_V3xRM.PDF	6bdc58b159a95c40e815eb9973df1f7e7309b08e8018bad1991a71c792cefb95	global	silicon-package-lot	547	1	1：OPA1 开启高速模式。 注 ： EXTEN_CTR2 寄 存 器 仅 适 用 于 CH32F20x_D8 、 CH32F20x_D8C 、 CH32V30x_D8 、 CH32V30x_D8C 、 CH32V31x_D8C 批号倒数第六位不为 0 的产品。 33.2.3 特征信息指示寄存器（FEATURE_SIGN） 31       30    29   28       27   26        25    24         23   22    21     20      19   18     17       16
2	tmp/wch-evt/application_notes/CH32H417RM.PDF	b57ebb0c0ae2cd772d32cb9ddeb6a6315fcc3916bcd3576e5a83eaeb7dfa6967	finding	csr-address-meaning	46	2	浮点控制和状态寄存器              0x00000000  UACCES_MSTATUS                0x800         用户访问机器状态寄存器             0x00000000  HW_POPDM_CTLR                 0x804         硬件压栈控制寄存器               0x00000004  TSELECT                       0x7A0         触发器通道选择寄存器              0x0000000X  TDATA1                        0x7
2	tmp/wch-evt/application_notes/CH32H417RM.PDF	b57ebb0c0ae2cd772d32cb9ddeb6a6315fcc3916bcd3576e5a83eaeb7dfa6967	finding	csr-address-meaning	52	3	断请求。        [2:0]   Reserved       RO   保留。                          0 注：本寄存器用于内核在用户模式运行时配置 MSTATUS 寄存器，当 CPU_RUN_CTLR 寄存器 non_usta 位 使能后本地址可用，寄存器设置与 MSTATUS（0x300）寄存器相同。 4.2.1.20 硬件压栈控制寄存器（HW_POPDM_CTLR）     CSR 地址：0x804         位                名称   访问            描述               复位值
2	tmp/wch-evt/application_notes/CH32H417RM.PDF	b57ebb0c0ae2cd772d32cb9ddeb6a6315fcc3916bcd3576e5a83eaeb7dfa6967	finding	csr-address-meaning	54	4	表 4-5 RISC-V3F 内核自定义寄存器列表                名称               CSR 地址               描述                复位值  CPU_RUN_CTLR                    0xBC0         处理器运行控制寄存器           0x12370000  INEST_CTLR                      0xBC1         中断嵌套控制寄存器            0x00000000  MIE                             0x
2	tmp/wch-evt/application_notes/CH32H417RM.PDF	b57ebb0c0ae2cd772d32cb9ddeb6a6315fcc3916bcd3576e5a83eaeb7dfa6967	finding	csr-address-meaning	57	2	用户模式周期计数器寄存器          0x00000000  UINSTRET                      0xC02         用户模式指令计数器寄存器          0x00000000  CPU_RUN_CTLR                  0xBC0         处理器运行控制寄存器            0x12370300  INEST_CTLR                    0xBC1         中断嵌套控制寄存器             0x00000000  CACHE_STRTG_CTLR              0xBC2
2	tmp/wch-evt/application_notes/CH32H417RM.PDF	b57ebb0c0ae2cd772d32cb9ddeb6a6315fcc3916bcd3576e5a83eaeb7dfa6967	finding	csr-address-meaning	60	2	数，调试模式中计数器停止时不计数。 注：用户模式指令计数器，功能同 minstret 寄存器，用于在用户模式下读取机器正确执行的指令数。 4.2.3.7 处理器运行控制寄存器（CPU_RUN_CTLR）     CSR 地址：0xBC0         位                名称            访问                   描述                   复位值                                                浮点加指令分频系数，默认值为 1，即浮    [31:28
2	tmp/wch-evt/application_notes/CH32H417RM.PDF	b57ebb0c0ae2cd772d32cb9ddeb6a6315fcc3916bcd3576e5a83eaeb7dfa6967	finding	h417-lot-capability	1	1	3     地址或指令 支持   -    标准         单/双线  青稞 V5F   IMABCF-X   8      8    4    7-9   地址或指令 支持   支持   标准         单/双线 注[1]：仅批号第五位不为 0 的芯片支持内存保护。    有关 RISC-V 内核的相关信息，可参考第 4 章中央处理器（CPU）。 寄存器中位属性缩写描述：           寄存器位属性                            属性描述              RF          只读属性，读出固定值。              RO
2	tmp/wch-evt/application_notes/CH32H417RM.PDF	b57ebb0c0ae2cd772d32cb9ddeb6a6315fcc3916bcd3576e5a83eaeb7dfa6967	finding	h417-lot-capability	16	1	https://wch.cn 3.3 时钟 3.3.1 系统时钟结构                               图 3-2 时钟树框图（仅适用于批号第五位为 0 的芯片）                       40kHz                                                   IWDGCLK        to IWDG/LPTIM1/LPTIM2                       LSI RC
2	tmp/wch-evt/application_notes/CH32H417RM.PDF	b57ebb0c0ae2cd772d32cb9ddeb6a6315fcc3916bcd3576e5a83eaeb7dfa6967	finding	h417-lot-capability	17	1	https://wch.cn                               图 3-3 时钟树框图（适用于批号第五位大于 0 的芯片）                       40kHz                                                   IWDGCLK        to IWDG/LPTIM1/LPTIM2                       LSI RC
2	tmp/wch-evt/application_notes/CH32H417RM.PDF	b57ebb0c0ae2cd772d32cb9ddeb6a6315fcc3916bcd3576e5a83eaeb7dfa6967	finding	h417-lot-capability	44	4	并支持外部调试器，调试器支持单/双线 模式通信，单线通信速度四档可调。 4.1 主要特征 RISC-V3F  顺序单发架构  3 级流水线  低主频，低功耗，侧重于控制  提供一个不可屏蔽中断 NMI  4 通道物理内存保护（PMP）  4 通道硬件断点  2 级中断嵌套  快速可编程中断控制器（PFIC）  自定义扩展指令  硬件压栈 RISC-V5F  乱序多发架构  内置 32KB 的指令缓存  高主频，高性能，侧重于运算  提供一个不可屏蔽中断 NMI  4 通道物理内存保护（PMP）  4 通道硬件断点  8 级中断嵌套  快速可编程中断控制器（P
2	tmp/wch-evt/application_notes/CH32H417RM.PDF	b57ebb0c0ae2cd772d32cb9ddeb6a6315fcc3916bcd3576e5a83eaeb7dfa6967	finding	h417-lot-capability	45	1	https://wch.cn       表 4-1 列出了存储器区域的默认属性及类型。内存保护单元（PMP）可对读（R）、写（W）、执行     （X）的属性进行关闭。                      表 4-1 存储器区域的默认属性及类型       CODE           ITCM    DTCM         SRAM    PERI        MEMO    MEM1       DEV0    DEV1       PPB
2	tmp/wch-evt/application_notes/CH32H417RM.PDF	b57ebb0c0ae2cd772d32cb9ddeb6a6315fcc3916bcd3576e5a83eaeb7dfa6967	finding	h417-lot-capability	46	3	用户访问机器状态寄存器             0x00000000  HW_POPDM_CTLR                 0x804         硬件压栈控制寄存器               0x00000004  TSELECT                       0x7A0         触发器通道选择寄存器              0x0000000X  TDATA1                        0x7A1         跟踪触发数据寄存器               0x23E00048  TDATA2
2	tmp/wch-evt/application_notes/CH32H417RM.PDF	b57ebb0c0ae2cd772d32cb9ddeb6a6315fcc3916bcd3576e5a83eaeb7dfa6967	finding	h417-lot-capability	49	1	访问错误                0                     2                 非法指令                0                     3                 断点                0                     4                 读地址非对齐                0                     5                 读访问错误                0                     6                 写
2	tmp/wch-evt/application_notes/CH32H417RM.PDF	b57ebb0c0ae2cd772d32cb9ddeb6a6315fcc3916bcd3576e5a83eaeb7dfa6967	finding	h417-lot-capability	50	3	名称             访问                 描述                   复位值                                          触发器信息寄存器，对应 TDATA1 寄存器    [31:0]   tinfo[31:0]           MRO    type 值，type 值为 2，tinfo 的第 2 位      0x4                                          置 1。 4.2.1.13 调试 PC 地址寄存器（DPC）     CSR 地址：0x7B1
2	tmp/wch-evt/application_notes/CH32H417RM.PDF	b57ebb0c0ae2cd772d32cb9ddeb6a6315fcc3916bcd3576e5a83eaeb7dfa6967	finding	h417-lot-capability	53	7	RW    1：进出中断时使用硬件堆栈保护；              0                                      0：进出中断时不使用硬件堆栈保护。 4.2.1.22 触发器通道选择寄存器（TSELECT）     CSR 地址：0x7A0         位                名称    访问             描述                复位值    [31:2]      Reserved        MRO   保留。                           0        [1:0]   mscratch[
2	tmp/wch-evt/application_notes/CH32H417RM.PDF	b57ebb0c0ae2cd772d32cb9ddeb6a6315fcc3916bcd3576e5a83eaeb7dfa6967	finding	h417-lot-capability	54	6	0：触发器不比较读数据地址 注：（1）处理器触发配置符合 RISC-V 调试标准，触发器配置类型为 2，根据访问的虚拟地址的最低 位进行匹配，在匹配的指令或读写数据前执行触发操作。 （2）内核 0 的 TDATA1 寄存器仅适用于批号第五位不为 0 的芯片。 4.2.1.24 保存触发数据寄存器（TDATA2）     CSR 地址：0x7A2         位                  名称            访问              描述              复位值
2	tmp/wch-evt/application_notes/CH32H417RM.PDF	b57ebb0c0ae2cd772d32cb9ddeb6a6315fcc3916bcd3576e5a83eaeb7dfa6967	finding	h417-lot-capability	57	3	k 指令触发调试（优                                              先级 3）；                                              010：触发模块引起一个断点异常（优先        [8:6]    dcause[2:0]            MRW   级 4）（仅 V5F）；                  0                                              011：调试器产生暂停请求（优先级 1）；
2	tmp/wch-evt/application_notes/CH32H417RM.PDF	b57ebb0c0ae2cd772d32cb9ddeb6a6315fcc3916bcd3576e5a83eaeb7dfa6967	finding	h417-lot-capability	58	1	触发调试（优                                                先级 3）；                                                010：触发模块引起一个断点异常（优先 V1.7                                           54
2	tmp/wch-evt/application_notes/CH32H417RM.PDF	b57ebb0c0ae2cd772d32cb9ddeb6a6315fcc3916bcd3576e5a83eaeb7dfa6967	finding	h417-lot-capability	62	15	1        0    Reserved              RO    保留。                                       1 4.2.3.10 缓存策略 PMP 覆盖寄存器（CACHE_PMP_OVR）     CSR 地址：0xBC3        位           名称            访问                   描述                    复位值   [31:13] Reserved                MRO   保留。
2	tmp/wch-evt/application_notes/CH32H417RM.PDF	b57ebb0c0ae2cd772d32cb9ddeb6a6315fcc3916bcd3576e5a83eaeb7dfa6967	finding	h417-lot-capability	66	26	10：32byte；                                           11：64byte。 4.3 物理内存保护单元（PMP）   为了提高系统安全，RISC-V 的架构中定义了一套物理地址访问限制，可以为区域内物理内存设置 其读、写、执行属性，区域长度最小 4 字节保护。PMP 单元在用户模式下一直生效，在机器模式下可 选生效，如果违背了当前内存限制，将会产生系统异常中断（EXC）。   内核 1（RISC-V5F）的 PMP 单元包含 4 组 8 位的配置寄存器（CSR 地址
2	tmp/wch-evt/application_notes/CH32H417RM.PDF	b57ebb0c0ae2cd772d32cb9ddeb6a6315fcc3916bcd3576e5a83eaeb7dfa6967	finding	h417-lot-capability	67	26	6       -   保留。                                                         地址匹配时执行指令缓存策略，    [7:0]     pmp0cfg[7:0]      MRW                 IC_S                               0                                             5           策略值与 CACHE_PMP_OVR 寄存器
2	tmp/wch-evt/application_notes/CH32H417RM.PDF	b57ebb0c0ae2cd772d32cb9ddeb6a6315fcc3916bcd3576e5a83eaeb7dfa6967	finding	h417-lot-capability	68	7	CH32H417 系列应用手册                                                 https://wch.cn     [31:0]   ADDR1[31:0]     MRW   PMP 设置地址 1 的 bit[33:2]，实际高 2 位未用。             0 4.3.1.4 PMP 地址 2 寄存器（PMPADDR2）     CSR 地址：0x3B2        位            名称      访问                     描述                      复位值     [3
2	tmp/wch-evt/application_notes/CH32H417RM.PDF	b57ebb0c0ae2cd772d32cb9ddeb6a6315fcc3916bcd3576e5a83eaeb7dfa6967	finding	h417-lot-capability	80	1	8       -2    固定       Ecall-U         用户模式回调中断                    0x020     9       -1    固定     BreakPoint         断点回调中断                     0x024 10-11        -     -         -                  保留                 0x028-0x02C     12       0   可编程      SysTick0         系统定时器中断 0
2	tmp/wch-evt/application_notes/CH32H417RM.PDF	b57ebb0c0ae2cd772d32cb9ddeb6a6315fcc3916bcd3576e5a83eaeb7dfa6967	finding	h417-lot-capability	128	1	r                                                      TTL Schmitt                                                      trigger                                           Protecti                                                                        on/off                          on diode
2	tmp/wch-evt/application_notes/CH32H417RM.PDF	b57ebb0c0ae2cd772d32cb9ddeb6a6315fcc3916bcd3576e5a83eaeb7dfa6967	finding	h417-lot-capability	130	2	register                                               TTL Schmitt                                               trigger                                            Protecti                                                               on/off                             on diode                   Bit
2	tmp/wch-evt/application_notes/CH32H417RM.PDF	b57ebb0c0ae2cd772d32cb9ddeb6a6315fcc3916bcd3576e5a83eaeb7dfa6967	finding	h417-lot-capability	131	1	ter                                                     TTL Schmitt                                                     trigger                                       Protecti                                                                                                   on diode                   Bit
2	tmp/wch-evt/application_notes/CH32H417RM.PDF	b57ebb0c0ae2cd772d32cb9ddeb6a6315fcc3916bcd3576e5a83eaeb7dfa6967	finding	h417-lot-capability	132	1	TTL Schmitt                                                        trigger                                  Protecti                                                                                                 on diode                   Bit        Wri
2	tmp/wch-evt/application_notes/CH32H417RM.PDF	b57ebb0c0ae2cd772d32cb9ddeb6a6315fcc3916bcd3576e5a83eaeb7dfa6967	finding	h417-lot-capability	150	16	Channel 1                                                                                         Software Trigger          Software Trigger                                                                                              MEM2MEM bit               MEM2MEM bit
2	tmp/wch-evt/application_notes/CH32H417RM.PDF	b57ebb0c0ae2cd772d32cb9ddeb6a6315fcc3916bcd3576e5a83eaeb7dfa6967	finding	h417-lot-capability	173	3	H0           CH1       CH2        CH3            ADC1           CH3       CH2           CH1        CH0                Trigger                                       ADC1 and ADC2 injection conversion ends 注：1.同一时刻 ADC1 和 ADC2 的转换通道不应重合。   2.同步模式下，ADC1 和 ADC2 应有相同时间长度的转换序列或两者之中较长的转换序列的时长 小于触发时间间隔，以保证每次
2	tmp/wch-evt/application_notes/CH32H417RM.PDF	b57ebb0c0ae2cd772d32cb9ddeb6a6315fcc3916bcd3576e5a83eaeb7dfa6967	finding	h417-lot-capability	174	1	CH0                          ADC1                      CH0                 CH0                     Trigger                                                              ADC1 conversion ends                            14 ADCCLK cycles                                  28 ADCCLK cycles
2	tmp/wch-evt/application_notes/CH32H417RM.PDF	b57ebb0c0ae2cd772d32cb9ddeb6a6315fcc3916bcd3576e5a83eaeb7dfa6967	finding	h417-lot-capability	175	5	所有 ADC 的规则转换被停止，在注入转换结束后同 步恢复。             图 11-12 同步规则模式下交替触发注入通道转换                                               1st trigger          ADC1           rule        conversion                            CH0      CH1             CH2                      CH2         CH3                  CH3              CH4
2	tmp/wch-evt/application_notes/CH32H417RM.PDF	b57ebb0c0ae2cd772d32cb9ddeb6a6315fcc3916bcd3576e5a83eaeb7dfa6967	finding	h417-lot-capability	176	1	CH0                                                        CH1 1   CH1 2                                        Trigger                                                        CH1 2   CH1 1                                                                                   CH0         CH0
2	tmp/wch-evt/application_notes/CH32H417RM.PDF	b57ebb0c0ae2cd772d32cb9ddeb6a6315fcc3916bcd3576e5a83eaeb7dfa6967	finding	h417-lot-capability	198	1	CC        TIMx_ETR                    ETR                                                                             Trigger                                Polarity selection,                             ETRF               controller                             Edge detector and Prescaler           ETRP
2	tmp/wch-evt/application_notes/CH32H417RM.PDF	b57ebb0c0ae2cd772d32cb9ddeb6a6315fcc3916bcd3576e5a83eaeb7dfa6967	finding	h417-lot-capability	226	1	TIMx_ETR                                      ETR                                                             Trigger                                               Polarity selection &                ETRF              controller                                            Edge detector & Prescaler
2	tmp/wch-evt/application_notes/CH32H417RM.PDF	b57ebb0c0ae2cd772d32cb9ddeb6a6315fcc3916bcd3576e5a83eaeb7dfa6967	finding	h417-lot-capability	253	1	To DAC                                                                      Trigger                                                                     controller                                                                                      Reset,
2	tmp/wch-evt/application_notes/CH32H417RM.PDF	b57ebb0c0ae2cd772d32cb9ddeb6a6315fcc3916bcd3576e5a83eaeb7dfa6967	finding	h417-lot-capability	258	1	16-bit ARR                                                     Mux trigger             RCC                                                               1                                                               0                16-bit counter     O
2	tmp/wch-evt/application_notes/CH32H417RM.PDF	b57ebb0c0ae2cd772d32cb9ddeb6a6315fcc3916bcd3576e5a83eaeb7dfa6967	finding	h417-lot-capability	261	3	IM 输出波形                        ARR                   Compare                     PWM                   External trigger event   激活单触发设置模式，应该注意的是，在单触发模式下，当 LPTIMx_CFGR 寄存器中的 WAVE 位字 段被设置时，一次设置模式被激活。在这种情况下，计数器仅在第一个触发后启动一次，任何后续的 触发事件均被丢弃。        图 17-4 单次计数模式配置且激活一次设置模式时的 LPTIM 输出波形
2	tmp/wch-evt/application_notes/CH32H417RM.PDF	b57ebb0c0ae2cd772d32cb9ddeb6a6315fcc3916bcd3576e5a83eaeb7dfa6967	finding	h417-lot-capability	262	2	LPTIM 输出波形                                                  Discarded                                                  triggers           ARR         Compare             0           PWM                   External trigger event     SNGSTRT 和 CNTSTRT 位只能在定时器启用时设置（ENABLE 位设置为 1），可以将更改 LPTIM 计数 器模式，如
2	tmp/wch-evt/application_notes/CH32H417RM.PDF	b57ebb0c0ae2cd772d32cb9ddeb6a6315fcc3916bcd3576e5a83eaeb7dfa6967	finding	h417-lot-capability	347	9	= IDLE                               Initiate a frame transfer, by software:                              Initiate a triggered frame transfer, by:                                3) No triggering: write a (first) control word                      1) SW-triggered: write and set R32_I3C_CFGR.TSFSET = 1
2	tmp/wch-evt/application_notes/CH32H417RM.PDF	b57ebb0c0ae2cd772d32cb9ddeb6a6315fcc3916bcd3576e5a83eaeb7dfa6967	finding	h417-lot-capability	348	4	Initiate a frame transfer, by any following method:                                                   1) SW-triggered: write and set R32_I3C_CFGR.TSFSET=1                                                   2) HW-triggered: on a detected HW trigger hit
2	tmp/wch-evt/application_notes/CH32H417RM.PDF	b57ebb0c0ae2cd772d32cb9ddeb6a6315fcc3916bcd3576e5a83eaeb7dfa6967	finding	h417-lot-capability	350	4	Initiate a frame transfer, by any following method:                                                   1) SW-triggered: write and set R32_I3C_CFGR.TSFSET=1                                                   2) HW-triggered: on a detected HW trigger hit
2	tmp/wch-evt/application_notes/CH32H417RM.PDF	b57ebb0c0ae2cd772d32cb9ddeb6a6315fcc3916bcd3576e5a83eaeb7dfa6967	finding	h417-lot-capability	352	4	Initiate a frame transfer, by any following method:                                                   1) SW-triggered: write and set R32_I3C_CFGR.TSFSET=1                                                   2) HW-triggered: on a detected HW trigger hit
2	tmp/wch-evt/application_notes/CH32H417RM.PDF	b57ebb0c0ae2cd772d32cb9ddeb6a6315fcc3916bcd3576e5a83eaeb7dfa6967	finding	h417-lot-capability	375	1	RO 存器 CIBIF 位写入 1。                           0                            注：（1）此位仅适用于主设备；                            （2）批号倒数第五位小于 3 的芯片，在接收从机                            发送的不带数据的 IBI 请求时，该位不生效。此                            类包的处理具体请参考官网 EVT 例程。   [14:12] Reserved      RO 保留。
2	tmp/wch-evt/application_notes/CH32H417RM.PDF	b57ebb0c0ae2cd772d32cb9ddeb6a6315fcc3916bcd3576e5a83eaeb7dfa6967	finding	h417-lot-capability	672	1	RW 0：FS 为低电平有效（下降沿）。                                        0                                                注：批号倒数第五位小于 3 的芯片在 FSPOL=0 时                                                须外接上拉电阻。                                                帧同步定义：                                                1：F
2	tmp/wch-evt/application_notes/CH32H417RM.PDF	b57ebb0c0ae2cd772d32cb9ddeb6a6315fcc3916bcd3576e5a83eaeb7dfa6967	finding	h417-lot-capability	677	1	志位置 1 时   （如擦除或烧写完成），系统会产生中断。该模式适用于需要实时监控外部 Flash 状态的应用场   景。   内存映射模式：在这种模式下，外部 Flash 被映射到微控制器的地址空间中，系统将其视为内部 存储器进行访问。在批号倒数第五位小于 3 的芯片，该内存映射的地址只能用于数据访问。   采用双闪存模式时，系统可以同时访问两个 Quad-SPI FLASH，吞吐量和容量均可提高二倍。这种 模式适用于需要大量数据处理的应用场景。 37.1 主要特征       三种功能模式：间接模式、状态轮询模式和内存映射模式       双闪存模式，通过并行访问两个 FLASH 
2	tmp/wch-evt/application_notes/CH32H417RM.PDF	b57ebb0c0ae2cd772d32cb9ddeb6a6315fcc3916bcd3576e5a83eaeb7dfa6967	finding	h417-lot-capability	682	1	当配置为内存映射模式时，外部 SPI 器件被视为是内部存储器。若未对 QSPI 外设进行正确配置 与使能，将无法访问 QSPI Flash 的存储区域。即便 FLASH 容量更大，其寻址空间亦受限于 256MB 的 上限。   注意：批号倒数第五位小于 3 的芯片，内存映射的地址只能用于数据访问，不能用于指令访问。   支持字节、半字和字访问类型。QSPI 接受下一个微控制器访问并提前加载后面地址中的字节。如 果之后访问的是连续地址，由于数据已经预取，访问过程得以加速完成。   在默认情况下，QSPI 从不中断其预取操作，即使长时间未对 FLASH 进行访问，也会保持之前的读 取操作，且 nCS 将维
2	tmp/wch-evt/application_notes/CH32H417RM.PDF	b57ebb0c0ae2cd772d32cb9ddeb6a6315fcc3916bcd3576e5a83eaeb7dfa6967	finding	h417-lot-capability	859	1	0                                        偶数。                                        注：批号倒数第五位小于 3 的芯片在                                        R32_GPHA_CTLR 寄 存 器 MODE[2:0]=011b 时                                        PL[13:0]位的值应大于 0。
2	tmp/wch-evt/application_notes/CH32H417RM.PDF	b57ebb0c0ae2cd772d32cb9ddeb6a6315fcc3916bcd3576e5a83eaeb7dfa6967	finding	iochub-identity	8	1	USBSS                           LSE 32K crystal oscillator   VBAT                    RCC BDCR register                           RTC 2.2 电源管理 2.2.1 上电复位和掉电复位   系统内部集成了上电复位 POR 和掉电复位 PDR 电路，当芯片供电电压 VDD33 低于对应门限电压时， 系统被相关电路复位，无需外置额外的复位电路。上电门限电压 VPOR 和掉电门限电压 VPDR 的参数请参 考对应的数据手册。
2	tmp/wch-evt/application_notes/CH32H417RM.PDF	b57ebb0c0ae2cd772d32cb9ddeb6a6315fcc3916bcd3576e5a83eaeb7dfa6967	finding	iochub-identity	46	1	https://wch.cn 4.2.1 通用特权寄存器   RISC-V 架构中定义了一些控制和状态寄存器（Control and Status Register,CSR），用于配置 或标识或记录运行状态。CSR 寄存器属于内核内部的寄存器，使用专用的 12 位地址空间。 注：此类寄存器标注为“MRW，MRO，MRW1”属性的需要系统在机器模式下才能访问。                                   表 4-4 通用特权寄存器列表             名称               C
2	tmp/wch-evt/application_notes/CH32H417RM.PDF	b57ebb0c0ae2cd772d32cb9ddeb6a6315fcc3916bcd3576e5a83eaeb7dfa6967	finding	iochub-identity	50	3	位           名称             访问                 描述                   复位值                                          进入调试模式时注册模块停止工作：                                          1：注册的外设在内核进入调试模式时停    [31:8]   dbg_mode_stop         MRW    止工作；                                0
2	tmp/wch-evt/application_notes/CH32H417RM.PDF	b57ebb0c0ae2cd772d32cb9ddeb6a6315fcc3916bcd3576e5a83eaeb7dfa6967	finding	iochub-identity	115	1	(polynomial: 0x4C11DB7)                            32-bit write                                                Data register                                                 (CRC_DATAR) 5.1 主要特征                                           32   26    23   22   16   12    11   10   8   7   5   4   2 
2	tmp/wch-evt/application_notes/CH32H417RM.PDF	b57ebb0c0ae2cd772d32cb9ddeb6a6315fcc3916bcd3576e5a83eaeb7dfa6967	finding	iochub-identity	122	4	在停止模式时仍能正常工作。当看门狗计数器自减到 0 时，将会产生系统复位，所以超时时间为（重装载值+1）个时钟。                   图 7-1 独立看门狗的结构框图     CORE         Prescaler register   Status register         Reload register   Control register             IWDG_PSCR           IWDG_STATR              IWDG_RLDR          IWDG_CTLR
2	tmp/wch-evt/application_notes/CH32H417RM.PDF	b57ebb0c0ae2cd772d32cb9ddeb6a6315fcc3916bcd3576e5a83eaeb7dfa6967	finding	iochub-identity	125	2	部结构框图。                     图 8-1 窗口看门狗结构框图                                                      Watchdog configuration register(WWDG_CFGR)                                                           -     W6 W5 W4    W3   W2 W1   W0                                    T[6:0] ＞ W[6:0]     RESET
2	tmp/wch-evt/application_notes/CH32H417RM.PDF	b57ebb0c0ae2cd772d32cb9ddeb6a6315fcc3916bcd3576e5a83eaeb7dfa6967	finding	iochub-identity	128	3	VDD                                register                                                      TTL Schmitt                                                      trigger                                           Protecti
2	tmp/wch-evt/application_notes/CH32H417RM.PDF	b57ebb0c0ae2cd772d32cb9ddeb6a6315fcc3916bcd3576e5a83eaeb7dfa6967	finding	iochub-identity	130	6	ead                     Input data                                                     VDD                              register                                               TTL Schmitt                                               trigger                                            Protecti
2	tmp/wch-evt/application_notes/CH32H417RM.PDF	b57ebb0c0ae2cd772d32cb9ddeb6a6315fcc3916bcd3576e5a83eaeb7dfa6967	finding	iochub-identity	131	3	VDD                               register                                                     TTL Schmitt                                                     trigger                                       Protecti
2	tmp/wch-evt/application_notes/CH32H417RM.PDF	b57ebb0c0ae2cd772d32cb9ddeb6a6315fcc3916bcd3576e5a83eaeb7dfa6967	finding	iochub-identity	132	3	VDD                                 register                                                        TTL Schmitt                                                        trigger                                  Protecti
2	tmp/wch-evt/application_notes/CH32H417RM.PDF	b57ebb0c0ae2cd772d32cb9ddeb6a6315fcc3916bcd3576e5a83eaeb7dfa6967	finding	iochub-identity	165	2	data       Conversion ends        V DD33A                                                                               register (16 bits)                                                                                                                                     EOC=1          V SSA
2	tmp/wch-evt/application_notes/CH32H417RM.PDF	b57ebb0c0ae2cd772d32cb9ddeb6a6315fcc3916bcd3576e5a83eaeb7dfa6967	finding	iochub-identity	172	4	EOC=1                                                                 （slave）             registers (16-bit)                                                                                                                                 End of injection
2	tmp/wch-evt/application_notes/CH32H417RM.PDF	b57ebb0c0ae2cd772d32cb9ddeb6a6315fcc3916bcd3576e5a83eaeb7dfa6967	finding	iochub-identity	198	9	Count                 REP Register                                                       TI1FP1                                        Encoder                                                       TI2FP2
2	tmp/wch-evt/application_notes/CH32H417RM.PDF	b57ebb0c0ae2cd772d32cb9ddeb6a6315fcc3916bcd3576e5a83eaeb7dfa6967	finding	iochub-identity	201	2	S     read_in_progress        Read CCR1L                                     Capture/compare preload register                                                R Write CCR1L                       R
2	tmp/wch-evt/application_notes/CH32H417RM.PDF	b57ebb0c0ae2cd772d32cb9ddeb6a6315fcc3916bcd3576e5a83eaeb7dfa6967	finding	iochub-identity	226	7	U      Register       UI                                                                                                           Stop,clear,Up/Down
2	tmp/wch-evt/application_notes/CH32H417RM.PDF	b57ebb0c0ae2cd772d32cb9ddeb6a6315fcc3916bcd3576e5a83eaeb7dfa6967	finding	iochub-identity	229	2	ess                            read_in_progress         Read CCR1L                              Capture/compare preload register                                             R Write CCR1L                       R
2	tmp/wch-evt/application_notes/CH32H417RM.PDF	b57ebb0c0ae2cd772d32cb9ddeb6a6315fcc3916bcd3576e5a83eaeb7dfa6967	finding	iochub-identity	253	1	AutoReload                                                               U      Register    U                                                        Stop, clear or up                                   CK_PSC                CK_CNT                   U
2	tmp/wch-evt/application_notes/CH32H417RM.PDF	b57ebb0c0ae2cd772d32cb9ddeb6a6315fcc3916bcd3576e5a83eaeb7dfa6967	finding	iochub-identity	274	1	图 18-1 DAC 模块框图                                                                      DAC Control Register                                                                          （DAC_CTLR）                                        TSELx[2:0]                    TIM5_TRGO
2	tmp/wch-evt/application_notes/CH32H417RM.PDF	b57ebb0c0ae2cd772d32cb9ddeb6a6315fcc3916bcd3576e5a83eaeb7dfa6967	finding	iochub-identity	276	1	x base value                                   0 18.2.5 DAC 噪声生成器     模块内置了一个噪声生成器，是利用线性反馈移位寄存器（Linear Feedback Shift Register LFSR）产生幅度变化的伪噪声。设置 WAVE[1:0]位为 01b，选择 DAC 噪声生成功能。设置 DAC_CTLR 寄 存器的 MAMPx[3:0]位来选择屏蔽部分 LFSR 的数据。     寄存器 LFSR 的预装入值为 0xAAA。按照特定算法，在每次触发事件后 3 个 HB 时钟周期之后更新 该寄存器的值。设置 DAC_CR 寄存器的 MAM
2	tmp/wch-evt/application_notes/CH32H417RM.PDF	b57ebb0c0ae2cd772d32cb9ddeb6a6315fcc3916bcd3576e5a83eaeb7dfa6967	finding	iochub-identity	286	5	Write                                Read                                                  (CPU or DMA)          (DATA REGISTER) DATAR                (CPU or DMA)                                                    Transmit Data Register                    Receive Data Register                     TX
2	tmp/wch-evt/application_notes/CH32H417RM.PDF	b57ebb0c0ae2cd772d32cb9ddeb6a6315fcc3916bcd3576e5a83eaeb7dfa6967	finding	iochub-identity	310	8	ch.cn                                  图 21-2 I2C 功能框图                                                         Data register                   Noise         Data           SDA                                        Data shift register                   filter       control
2	tmp/wch-evt/application_notes/CH32H417RM.PDF	b57ebb0c0ae2cd772d32cb9ddeb6a6315fcc3916bcd3576e5a83eaeb7dfa6967	finding	iochub-identity	311	8	Tx=event (interrupt generated when ITEVFEN=1)            EVT5: SB=1, reading SR1 and then writing the address to the DR register will clear the event.            EVT6;ADDR=1,reading SR1 then reading SR2 will clear the event.            EVT8_1: TxE=1, shift register empty, data register empty, write DR regis
2	tmp/wch-evt/application_notes/CH32H417RM.PDF	b57ebb0c0ae2cd772d32cb9ddeb6a6315fcc3916bcd3576e5a83eaeb7dfa6967	finding	iochub-identity	312	4	EVTx=event (interrupt generated when ITEVFEN=1)        EVT5: SB=1, reading SR1 and then writing the address to DR register will clear the event.        EVT6: ADDR=1,reading SR1 and then reading SR2 will erase this event. In 10-bit master receive mode, START=1 of CR2 should be        set after this eve
2	tmp/wch-evt/application_notes/CH32H417RM.PDF	b57ebb0c0ae2cd772d32cb9ddeb6a6315fcc3916bcd3576e5a83eaeb7dfa6967	finding	iochub-identity	313	6	ated when ITEVFEN=1)         EVT1;ADDR=1,read SR1 then read SR2 will eliminate the event.         EVT3_1: TxE=1, shift register empty, data register empty, write DR.         EVT3: TxE=1,shift register is not empty,data register is empty,writing DR will clear the event.         EVT3_2: AF=1, write '0' in AF
2	tmp/wch-evt/application_notes/CH32H417RM.PDF	b57ebb0c0ae2cd772d32cb9ddeb6a6315fcc3916bcd3576e5a83eaeb7dfa6967	finding	iochub-identity	325	1	management                              S-FIFO                                   Bus                           I3C register                              input &                                                 Controller finite          Interrupt                                                  output
2	tmp/wch-evt/application_notes/CH32H417RM.PDF	b57ebb0c0ae2cd772d32cb9ddeb6a6315fcc3916bcd3576e5a83eaeb7dfa6967	finding	iochub-identity	334	1	Sr                         NACK   P                                   (7'h7E)(RnW=1)              unique ID(*),BCR,DCR)                                     NACK                                  (7'h7E)(RnW=1)
2	tmp/wch-evt/application_notes/CH32H417RM.PDF	b57ebb0c0ae2cd772d32cb9ddeb6a6315fcc3916bcd3576e5a83eaeb7dfa6967	finding	iochub-identity	337	1	Data-N                                                     Returned data are provided from a register                                                                          One flag of                        If Sr                                                         depending
2	tmp/wch-evt/application_notes/CH32H417RM.PDF	b57ebb0c0ae2cd772d32cb9ddeb6a6315fcc3916bcd3576e5a83eaeb7dfa6967	finding	iochub-identity	393	1	IE   IE  IE                       AEN AEN                   Shift register        MISO                                      LSB first         SPI_STATR                     Tx buffer                         BSY     OVR MODF CRC
2	tmp/wch-evt/application_notes/CH32H417RM.PDF	b57ebb0c0ae2cd772d32cb9ddeb6a6315fcc3916bcd3576e5a83eaeb7dfa6967	finding	iochub-identity	397	1	16-bit        MOSI/SD          MISO                                                  Shift register         LSB first                                                                                                               Communication
2	tmp/wch-evt/application_notes/CH32H417RM.PDF	b57ebb0c0ae2cd772d32cb9ddeb6a6315fcc3916bcd3576e5a83eaeb7dfa6967	finding	iochub-identity	399	4	Channel right    此模式需要对寄存器 SPI_DATAR 进行 2 次读或写操作。在发送模式下：如果需要发送 0x8EAA33 （24 位）：              First write to Data register                            Second write to Data register                     0x8EAA                                                     0x33XX
2	tmp/wch-evt/application_notes/CH32H417RM.PDF	b57ebb0c0ae2cd772d32cb9ddeb6a6315fcc3916bcd3576e5a83eaeb7dfa6967	finding	iochub-identity	402	4	https://wch.cn           TEX='1 ' when the data register is written         TEX='1 ' when the data register is written                       for the first time                               for the second time                     0xXX34
2	tmp/wch-evt/application_notes/CH32H417RM.PDF	b57ebb0c0ae2cd772d32cb9ddeb6a6315fcc3916bcd3576e5a83eaeb7dfa6967	finding	iochub-identity	498	3	eceived                  received                 received               received     Overflow                          Registered1              Registered 2           Registered 3   FMP=00b                  FMP= 01b                 FMP=10b                FMP =11b                 FMP=11b   FOVR= 0 Release M
2	tmp/wch-evt/application_notes/CH32H417RM.PDF	b57ebb0c0ae2cd772d32cb9ddeb6a6315fcc3916bcd3576e5a83eaeb7dfa6967	finding	iochub-identity	535	4	框图                                  32-bit HB bus                                                               Data register               Control register                        RNG_DR                       RNG_CR             RNG_CLK                                    LFSR                Status regi
2	tmp/wch-evt/application_notes/CH32H417RM.PDF	b57ebb0c0ae2cd772d32cb9ddeb6a6315fcc3916bcd3576e5a83eaeb7dfa6967	finding	iochub-identity	540	3	mode               Control                       &status                     MAC 802.3                     registers register                                 RGMII                                                      MAC                                                    control
2	tmp/wch-evt/application_notes/CH32H417RM.PDF	b57ebb0c0ae2cd772d32cb9ddeb6a6315fcc3916bcd3576e5a83eaeb7dfa6967	finding	iochub-identity	542	1	Turn                Preamble     of  OP code     PHY address         Register address around             data                           frame        Write                                                            Data to PHY        Read
2	tmp/wch-evt/application_notes/CH32H417RM.PDF	b57ebb0c0ae2cd772d32cb9ddeb6a6315fcc3916bcd3576e5a83eaeb7dfa6967	finding	iochub-identity	549	9	新机制，但是精确较差。     精调的时间更新方式是更常用的。其更新流程如下：                    图 31-7 使用精调方式更新时间的流程                                Addend register                    Addend update                                           +                             Accumulator register                                                  C
2	tmp/wch-evt/application_notes/CH32H417RM.PDF	b57ebb0c0ae2cd772d32cb9ddeb6a6315fcc3916bcd3576e5a83eaeb7dfa6967	finding	iochub-identity	559	1	DMA 控制器建立运转机制的步骤如下： 1） 设置发送缓冲区队列，将要发送的内容填入发送缓冲区。设置发送描述符队列，填好发送描述符     的各域各位，并将 OWN 置位，将发送描述符的管理权交付给 DMA 控制器；将描述符初始地址注册     到 DMATDLAR 寄存器中； 2） 置位 ST 位（DMAOMR:13），开启 DMA； 3） 在运行模式下，DMA 描述符会自动读取发送描述符的内容，根据其指示的地址和长度把数据推送     到发送 FIFO。结束后 DMA 会按照链式结构读取紧接着的下一个发送描述符进行下一次发送。当     DMA 控制器检测到 OWM 位未置位导致无权访
2	tmp/wch-evt/application_notes/CH32H417RM.PDF	b57ebb0c0ae2cd772d32cb9ddeb6a6315fcc3916bcd3576e5a83eaeb7dfa6967	finding	iochub-identity	560	1	error? 31.6.4.2 接收 DMA 配置     建立 DMA 接收流转机制的步骤如下： 1） 设置发送缓冲区队列和描述符队列，设置好接收描述符的各个域各个位；将描述符初始地址注册     到 DMARDLAR 寄存器中；置位 OWN 位，将描述符使用权限交给 DMA 控制器； 2） 置位 SR 位，开始接收流程； 3） 在接收流转机制运行时，DMA 控制器获取下一个描述符，检查接收描述符配置，在 FIFO 接收到下     一帧时，对帧内容进行过滤和识别等多项检查，将帧数据转发描述符指定的缓冲区中，写描述符     状态域并获取下一
2	tmp/wch-evt/application_notes/CH32H417RM.PDF	b57ebb0c0ae2cd772d32cb9ddeb6a6315fcc3916bcd3576e5a83eaeb7dfa6967	finding	iochub-identity	606	1	CH32H417 系列应用手册                                       https://wch.cn   操作条件寄存器（Operation Conditions Register）存储了 SD 卡的一些其接收的供电电压的信 息和相关的状态位。相关的位定义如下表。                       表 32-14 OCR 寄存器位定义        位次         位定义                        描述    [0:3]           保留        4           保留
2	tmp/wch-evt/application_notes/CH32H417RM.PDF	b57ebb0c0ae2cd772d32cb9ddeb6a6315fcc3916bcd3576e5a83eaeb7dfa6967	finding	iochub-identity	634	5	个数据读写端口组成。先向地址寄存器写入目的寄 存器的地址，再通过读写数据读写端口就可以读写目的寄存器。   扩展直接寻址的寻址范围是 0x000-0x1FF，由指令直接提供 9 位寄存器地址，仅适用于以下两条 直接读写寄存器的指令：MOV register,A 或 F 指令，MOVA register 指令。   普通直接寻址的寻址范围是 0x000-0x0FF，由指令直接提供 8 位寄存器地址，适用于除上述扩展 直接寻址指令之外的所有直接地址指令，例如 CLR register、ADD register、BS register,bit 等。 需要寻址更大范围时应该采用间接寻址方式。   立即数快速寻址用于无
2	tmp/wch-evt/application_notes/CH32H417RM.PDF	b57ebb0c0ae2cd772d32cb9ddeb6a6315fcc3916bcd3576e5a83eaeb7dfa6967	finding	iochub-identity	650	4	MCLK_A                                          and status                                         registers                                                                    FS_B                                                             32-bit shift register
2	tmp/wch-evt/application_notes/CH32H417RM.PDF	b57ebb0c0ae2cd772d32cb9ddeb6a6315fcc3916bcd3576e5a83eaeb7dfa6967	finding	iochub-identity	662	2	32-bit shift             FIFO                                                                   register                                  0             Transmitter mode（bit MODE[0]=0 in R32_SAI_xCFGR1）                                                          0
2	tmp/wch-evt/application_notes/CH32H417RM.PDF	b57ebb0c0ae2cd772d32cb9ddeb6a6315fcc3916bcd3576e5a83eaeb7dfa6967	finding	iochub-identity	677	2	图 37-1 QSPI 功能框图（双闪存模式禁止）           32-bit                      QSPI           HB bus         Registers/        Clock                           control        management            SPI FLASH           qspi_hclk                                      SCK
2	tmp/wch-evt/application_notes/CH32H417RM.PDF	b57ebb0c0ae2cd772d32cb9ddeb6a6315fcc3916bcd3576e5a83eaeb7dfa6967	finding	iochub-identity	678	2	功能框图（双闪存模式使能）                                                          QSPI                32-bit                    Registers/               Clock                HB bus                      control              management
2	tmp/wch-evt/application_notes/CH32H417RM.PDF	b57ebb0c0ae2cd772d32cb9ddeb6a6315fcc3916bcd3576e5a83eaeb7dfa6967	finding	iochub-identity	698	1	swpmi_int       Control/Status                   SWPMI_RDR               SWPMI_TDR           swpmi_tx_dma         registers           swpmi_rx_dma            swpmi_wkup                                                SWPMI core
2	tmp/wch-evt/application_notes/CH32H417RM.PDF	b57ebb0c0ae2cd772d32cb9ddeb6a6315fcc3916bcd3576e5a83eaeb7dfa6967	finding	iochub-identity	722	1	FMC_NOE             NOR/PSRAM/SRAM                            registers                                            shared signals                                                             FMC_NWE                                           NAND memor
2	tmp/wch-evt/application_notes/CH32H417RM.PDF	b57ebb0c0ae2cd772d32cb9ddeb6a6315fcc3916bcd3576e5a83eaeb7dfa6967	finding	iochub-identity	787	3	16                                     Parallel input data                                     register 0                                       Sample1 Sample0                           16                                     Parallel input data
2	tmp/wch-evt/application_notes/CH32H417RM.PDF	b57ebb0c0ae2cd772d32cb9ddeb6a6315fcc3916bcd3576e5a83eaeb7dfa6967	finding	iochub-identity	824	1	ion                                                     And status                                                      registers                                                          HB                32-bit HB bus                           Slave     （1）PFC:pixel format converter,performing the pi
2	tmp/wch-evt/application_notes/CH32H417RM.PDF	b57ebb0c0ae2cd772d32cb9ddeb6a6315fcc3916bcd3576e5a83eaeb7dfa6967	finding	iochub-identity	874	1	Write the erased page                            header address in                       FLASH_ADDR register (erase                         one sector at a time)                       Set FLASH_CTLR STRT bit=1                                                 YES
2	tmp/wch-evt/application_notes/CH32H417RM.PDF	b57ebb0c0ae2cd772d32cb9ddeb6a6315fcc3916bcd3576e5a83eaeb7dfa6967	finding	wchnet-chip-field	6	1	USART5                           DMA1                                 0x8000 0000                              0x4000 5000                     0x4002 0000                  Reserved                        MEM(QSPI2)                                USART4
2	tmp/wch-evt/application_notes/CH32H417RM.PDF	b57ebb0c0ae2cd772d32cb9ddeb6a6315fcc3916bcd3576e5a83eaeb7dfa6967	finding	wchnet-chip-field	40	1	1：复位模块；                  0：无作用。 3.4.13 时钟配置寄存器 2（RCC_CFGR2）        偏移地址：0x30  31      30    29       28     27       26    25   24    23    22    21   20    19       18    17         16  ETH1GSRC      HSADCSRC        Reserved I2S3S I2S2S RNGSR Reserved USB
2	tmp/wch-evt/application_notes/CH32H417RM.PDF	b57ebb0c0ae2cd772d32cb9ddeb6a6315fcc3916bcd3576e5a83eaeb7dfa6967	finding	wchnet-chip-field	45	1	MEM0                  0x60000000 - 0x7FFFFFFF                                  MEM1                  0x80000000 - 0x9FFFFFFF                                  DEV0                  0xA0000000 - 0xBFFFFFFF                                  DEV1                  0xC0000000 - 0xDFFFFFFF
2	tmp/wch-evt/application_notes/CH32H417RM.PDF	b57ebb0c0ae2cd772d32cb9ddeb6a6315fcc3916bcd3576e5a83eaeb7dfa6967	finding	wchnet-chip-field	46	5	ID 寄存器                                                                    V5F:0x00000001  MSTATUS                       0x300         机器状态寄存器                 0x00000000  MISA                          0x301         机器指令集寄存器                0x40901127  MTVEC                         0x305         机器模式异常基地址寄
2	tmp/wch-evt/application_notes/CH32H417RM.PDF	b57ebb0c0ae2cd772d32cb9ddeb6a6315fcc3916bcd3576e5a83eaeb7dfa6967	finding	wchnet-chip-field	47	1	hartid[31:0]   MRO                                      核 ID 号。             V5F：1 4.2.1.5 机器状态寄存器（MSTATUS）     CSR 地址：0x300         位                名称    访问             描述                 复位值         31     SD              MRO   用于标记浮点指令是否处于脏状态。               0    [30:15]     Reserved        MRO   保留
2	tmp/wch-evt/application_notes/CH32H417RM.PDF	b57ebb0c0ae2cd772d32cb9ddeb6a6315fcc3916bcd3576e5a83eaeb7dfa6967	finding	wchnet-chip-field	48	2	CH32H417 系列应用手册                                             https://wch.cn 4.2.1.6 机器指令集寄存器（MISA）     CSR 地址：0x301         位              名称         访问              描述                 复位值                                         机器基本整数位宽和基本指令位宽信    [31:30]     XLEN[1:0]          MRO
2	tmp/wch-evt/application_notes/CH32H417RM.PDF	b57ebb0c0ae2cd772d32cb9ddeb6a6315fcc3916bcd3576e5a83eaeb7dfa6967	finding	wchnet-chip-field	51	1	:0]   FFlags[4:0]   RW    累计异常标记。                                   0 4.2.1.20 用户访问机器状态寄存器（UACCES_MSTATUS）     CSR 地址：0x800         位             名称     访问                    描述                     复位值         31     SD            RO    用于标记浮点指令是否处于脏状态。                          0    [30:15]     Reserv
2	tmp/wch-evt/application_notes/CH32H417RM.PDF	b57ebb0c0ae2cd772d32cb9ddeb6a6315fcc3916bcd3576e5a83eaeb7dfa6967	finding	wchnet-chip-field	52	2	保留。                          0 注：本寄存器用于内核在用户模式运行时配置 MSTATUS 寄存器，当 CPU_RUN_CTLR 寄存器 non_usta 位 使能后本地址可用，寄存器设置与 MSTATUS（0x300）寄存器相同。 4.2.1.20 硬件压栈控制寄存器（HW_POPDM_CTLR）     CSR 地址：0x804         位                名称   访问            描述               复位值                                    用户模式锁定标志，锁定后用户模式不
2	tmp/wch-evt/application_notes/CH32H417RM.PDF	b57ebb0c0ae2cd772d32cb9ddeb6a6315fcc3916bcd3576e5a83eaeb7dfa6967	finding	wchnet-chip-field	55	2	断请求。                                           UACCES_MSTATUS 寄存器使能：                                           1：CSR 地址 0x800 的位 3 和位 7 分别映射为                                           MSTATUS 寄存器的位 MIE 和 MSTATUS 寄存器的位         5    non_usta              MRW
2	tmp/wch-evt/application_notes/CH32H417RM.PDF	b57ebb0c0ae2cd772d32cb9ddeb6a6315fcc3916bcd3576e5a83eaeb7dfa6967	finding	wchnet-chip-field	60	2	UACCES_MSTATUS 寄存器使能：                                                1：CSR 地址 0x800 的位 3 和位 7 分别映                                                射为 MSTATUS 寄存器的位 MIE 和 MSTATUS          5      non_usta               MRW                                           0
2	tmp/wch-evt/application_notes/CH32H417RM.PDF	b57ebb0c0ae2cd772d32cb9ddeb6a6315fcc3916bcd3576e5a83eaeb7dfa6967	finding	wchnet-chip-field	61	1	Reserved                 RO   保留。                                          0                                         对 0x80000000-0x9fffffff 区域的指令缓存使        27   ic_mem1_strtg         MRW   能：                                           1                                         1：允许对本区域内指令进行缓存； V1.7
2	tmp/wch-evt/application_notes/CH32H417RM.PDF	b57ebb0c0ae2cd772d32cb9ddeb6a6315fcc3916bcd3576e5a83eaeb7dfa6967	finding	wchnet-chip-field	76	1	1：锁定失败时自动清除对应通道中断状态位；                                   0：锁定失败不影响对应通道中断状态位。 4.5.2.6 HSEM 中断使能寄存器（HSEM_IER）     偏移地址：0x300 V1.7                               72
2	tmp/wch-evt/application_notes/CH32H417RM.PDF	b57ebb0c0ae2cd772d32cb9ddeb6a6315fcc3916bcd3576e5a83eaeb7dfa6967	finding	wchnet-chip-field	77	1	0                                       断。与 HSEM_ISR 寄存器共同作用可产生中断。 4.5.2.7 HSEM 中断状态寄存器（HSEM_ISR）     偏移地址：0x308        位            名称        访问                      描述                  复位值                                       HSEM 通道中断状态寄存器，内核私有寄存器，     [31:0]   HSEM_ISR         RW1Z
2	tmp/wch-evt/application_notes/CH32H417RM.PDF	b57ebb0c0ae2cd772d32cb9ddeb6a6315fcc3916bcd3576e5a83eaeb7dfa6967	finding	wchnet-chip-field	79	1	0                                  向下计数时自动重装载。 4.6.1.5 系统计数控制寄存器 1（STK_CTLR_1）     偏移地址：0x80        位            名称      访问                描述                  复位值    [31:7]   Reserved        RO   保留。                                 0                                  计数器 1
2	tmp/wch-evt/application_notes/CH32H417RM.PDF	b57ebb0c0ae2cd772d32cb9ddeb6a6315fcc3916bcd3576e5a83eaeb7dfa6967	finding	wchnet-chip-field	93	1	https://wch.cn 4.7.5.10 PFIC 中断挂起状态寄存器 5（PFIC_IPR5）     偏移地址：0x30  31      30     29    28    27     26       25     24       23   22    21   20     19       18    17       16                                  Reserved
2	tmp/wch-evt/application_notes/CH32H417RM.PDF	b57ebb0c0ae2cd772d32cb9ddeb6a6315fcc3916bcd3576e5a83eaeb7dfa6967	finding	wchnet-chip-field	104	3	清除挂起状态；                                                      0：无影响。  4.7.5.39 PFIC 中断激活状态寄存器 1（PFIC_IACTR1）      偏移地址：0x300   31      30     29      28       27   26   25      24     23    22   21   20    19      18    17       16                                                   IACTS[31:16]   15
2	tmp/wch-evt/application_notes/CH32H417RM.PDF	b57ebb0c0ae2cd772d32cb9ddeb6a6315fcc3916bcd3576e5a83eaeb7dfa6967	finding	wchnet-chip-field	105	1	0：当前编号中断没执行。 4.7.5.42 PFIC 中断激活状态寄存器 4（PFIC_IACTR4）     偏移地址：0x30C 31       30       29     28       27     26       25      24      23    22     21       20   19      18      17           16
2	tmp/wch-evt/application_notes/CH32H417RM.PDF	b57ebb0c0ae2cd772d32cb9ddeb6a6315fcc3916bcd3576e5a83eaeb7dfa6967	finding	wchnet-chip-field	148	1	1110：AF14；    1111：AF15。 9.3.3.3 端口复用功能寄存器高位（GPIOx_AFHR）（x=A/B/C/D/E/F）     偏移地址：0x08、0x10、0x18、0x20、0x28、0x30 31      30   29     28   27    26        25   24     23    22    21    20   19       18    17     16        AFR15[3:0]             AFR14[3:0]                  AFR13[3:0]
2	tmp/wch-evt/application_notes/CH32H417RM.PDF	b57ebb0c0ae2cd772d32cb9ddeb6a6315fcc3916bcd3576e5a83eaeb7dfa6967	finding	wchnet-chip-field	185	1	列中的第 13 个转换通道的编号（0-17）。                                     0 11.3.10 ADCx 规则通道序列寄存器 2（ADCx_RSQR2）（x=1/2）        偏移地址：0x30   31        30   29     28      27       26    25   24      23       22      21   20   19      18       17       16 Reserved                     SQ12[4:0]
2	tmp/wch-evt/application_notes/CH32H417RM.PDF	b57ebb0c0ae2cd772d32cb9ddeb6a6315fcc3916bcd3576e5a83eaeb7dfa6967	finding	wchnet-chip-field	220	1	新见 14.2.3 章节；ATRLR 为空时，计数器停止。 14.4.13 重复计数值寄存器（TIMx_RPTCR）（x=1/8）        偏移地址：0x30         位               名称           访问                        描述                          复位值    [15:8]      Reserved              RO   保留。
2	tmp/wch-evt/application_notes/CH32H417RM.PDF	b57ebb0c0ae2cd772d32cb9ddeb6a6315fcc3916bcd3576e5a83eaeb7dfa6967	finding	wchnet-chip-field	285	1	RO        DAC 通道 1 输出数据。                                        0 18.4.13 DAC 通道 2 数据输出寄存器（DAC_DOR2）        偏移地址：0x30 31      30    29   28    27    26        25    24     23      22   21       20   19      18    17       16                                                Reserved 15      14
2	tmp/wch-evt/application_notes/CH32H417RM.PDF	b57ebb0c0ae2cd772d32cb9ddeb6a6315fcc3916bcd3576e5a83eaeb7dfa6967	finding	wchnet-chip-field	331	1	更新并使能                                    有一个数据字节                        R32_I3C_DEVR        ENEC   0x80                 （使能从设备事件     X   X，INTUPDF     0寄存器：                                                                   HJEN、CREN、                                           字节）
2	tmp/wch-evt/application_notes/CH32H417RM.PDF	b57ebb0c0ae2cd772d32cb9ddeb6a6315fcc3916bcd3576e5a83eaeb7dfa6967	finding	wchnet-chip-field	333	2	Optional Write                                                                                          (0x80 to 0xFE,          T                                 T                                       T          Sr
2	tmp/wch-evt/application_notes/CH32H417RM.PDF	b57ebb0c0ae2cd772d32cb9ddeb6a6315fcc3916bcd3576e5a83eaeb7dfa6967	finding	wchnet-chip-field	337	2	Optional Write                                                                                     (0x80 to 0xFE,         T                                 T                                     T          Sr
2	tmp/wch-evt/application_notes/CH32H417RM.PDF	b57ebb0c0ae2cd772d32cb9ddeb6a6315fcc3916bcd3576e5a83eaeb7dfa6967	finding	wchnet-chip-field	339	1	T=0                           T    Group Descriptor     T           Count        T     Dyn Addr#1, 1'b0       T             StaticAddr (7'h7E)   T   Sr or P
2	tmp/wch-evt/application_notes/CH32H417RM.PDF	b57ebb0c0ae2cd772d32cb9ddeb6a6315fcc3916bcd3576e5a83eaeb7dfa6967	finding	wchnet-chip-field	368	1	RO 保留，初始化时必须保持 0x1000。                                        0 22.4.11 I3C 状态寄存器（R32_I3C_STATR）        偏移地址：0x30 31          30     29   28     27   26    25    24     23    22     21       20   19      18     17        16
2	tmp/wch-evt/application_notes/CH32H417RM.PDF	b57ebb0c0ae2cd772d32cb9ddeb6a6315fcc3916bcd3576e5a83eaeb7dfa6967	finding	wchnet-chip-field	421	1	E      0x40030005   USBHS 测试模式寄存器                 0x00  R16_USB_LPM_DATA      0x40030006   USBHS 电源管理寄存器                0x8000  R8_USB_INT_FG         0x40030008   USBHS 中断标志寄存器                 0x00  R8_USB_INT_ST         0x40030009   USBHS 中断状态寄存器                 0x00  R8_USB_MIS_ST         0x4003000A
2	tmp/wch-evt/application_notes/CH32H417RM.PDF	b57ebb0c0ae2cd772d32cb9ddeb6a6315fcc3916bcd3576e5a83eaeb7dfa6967	finding	wchnet-chip-field	430	1	https://wch.cn 25.2.1.28 端点 n 单次接收长度寄存器（R16_UEPn_RX_LEN）（n=1～7）     偏移地址：0x80 + 4*（n-1）         位             名称             访问              描述                 复位值    [15:0]      UEPn_RX_LEN[15:0]     RW    端点 n 单次接收数据长度。                  X 25.2.1.29 端点 n
2	tmp/wch-evt/application_notes/CH32H417RM.PDF	b57ebb0c0ae2cd772d32cb9ddeb6a6315fcc3916bcd3576e5a83eaeb7dfa6967	finding	wchnet-chip-field	438	1	WO   端口发送复位。                              0                T 25.2.2.17 USBHS 主机端口配置寄存器（R8_UH_PORT_CFG）     偏移地址：0x30         位             名称             访问                  描述                 复位值         7      RB_UH_PD_EN           RW   主机模式下 15K 电阻下拉使能。                    0        [6:1]   Res
2	tmp/wch-evt/application_notes/CH32H417RM.PDF	b57ebb0c0ae2cd772d32cb9ddeb6a6315fcc3916bcd3576e5a83eaeb7dfa6967	finding	wchnet-chip-field	451	1	大数据包长度 + 2 字节，64 字节）。   2.端点 DMA 配置支持 0-7 端点，可映射配置端点 8-15 端点。 26.2.2.7 端点 n 发送长度寄存器（R8_UEPn_T_LEN）（n=0-2,4-7）     偏移地址：0x30 +（4*n）         位               名称          访问             描述                 复位值                                          设置 USB 端点 n 准备发送的数据字节数        [7:0]   R8_UEPn_T_LEN
2	tmp/wch-evt/application_notes/CH32H417RM.PDF	b57ebb0c0ae2cd772d32cb9ddeb6a6315fcc3916bcd3576e5a83eaeb7dfa6967	finding	wchnet-chip-field	463	1	备断开后，主机发送的 ITP 的该字段应该为                                        0。 27.2.2.3 端点发送使能寄存器（R16_UEP_TX_EN）     偏移地址：0x80         位            名称           访问                  描述                     复位值                                        端点 1~15 上传使能：    [15:1]      RB_EP_TX_EN        RW   1：使能；
2	tmp/wch-evt/application_notes/CH32H417RM.PDF	b57ebb0c0ae2cd772d32cb9ddeb6a6315fcc3916bcd3576e5a83eaeb7dfa6967	finding	wchnet-chip-field	490	1	1：忽略上下行端口 ITP 的收发对链路空闲状        [7:0]   ITP_PRE            RO   态的影响；                               0x80                                        0：下行端口发送非延迟 ITP/上行端口接收非                                        延迟 ITP 时，链路为非空闲状态。 27.2.6.7 LINK U2 不活动超时计数器阈值寄存器（R8_LINK_U2_INACT_TIMER）
2	tmp/wch-evt/application_notes/CH32H417RM.PDF	b57ebb0c0ae2cd772d32cb9ddeb6a6315fcc3916bcd3576e5a83eaeb7dfa6967	finding	wchnet-chip-field	491	1	，                                      时长为(n)us，默认 2us。 27.2.6.10 U3 唤醒 LFPS 有效时长寄存器（R8_LINK_U3_WKUP_FILTER）     偏移地址：0x30         位            名称         访问                  描述                     复位值                                      U3 唤醒时接收到的 LFPS 的有效判断时长，                                      端
2	tmp/wch-evt/application_notes/CH32H417RM.PDF	b57ebb0c0ae2cd772d32cb9ddeb6a6315fcc3916bcd3576e5a83eaeb7dfa6967	finding	wchnet-chip-field	492	1	0：不复位。        [7:0]   RXDET_EXP          RW   检测外部设备计数器寄存器。                            0x80 27.2.6.13 PORT_CAP 寄存器（R32_LINK_LMP_PORT_CAP）     偏移地址：0x54         位               名称        访问                   描述                      复位值
2	tmp/wch-evt/application_notes/CH32H417RM.PDF	b57ebb0c0ae2cd772d32cb9ddeb6a6315fcc3916bcd3576e5a83eaeb7dfa6967	finding	wchnet-chip-field	538	3	现，无需用户通过软件 生成。RGMII 接口支持发送时钟相位翻转和相对数据延迟，最大延迟 4 纳秒。     以太网收发器的 MAC 支持标准 IEEE802.3 协议的以太网，支持魔法帧和特定唤醒帧。以太网收发 器搭配的 DMA 控制器以描述符的形式进行数据的收发管理和内存搬运，描述符的数量由用户根据沟通 密集程度自行确定，DMA 控制器能以 256 位宽的速度向描述符指定的内存空间写入接收到的数据或从 取出将发送的数据。此外，以太网收发器的 MAC 还支持 IEEE1588 精确时间协议。 31.1.1 MAC 特征       支持 RGMII 接口       RGMII 支持发送时
2	tmp/wch-evt/application_notes/CH32H417RM.PDF	b57ebb0c0ae2cd772d32cb9ddeb6a6315fcc3916bcd3576e5a83eaeb7dfa6967	finding	wchnet-chip-field	539	4	CH32H417 系列应用手册                            https://wch.cn       最大程度减小 CPU 的操作       支持以字节对齐方式访问 RAM       以描述符的方式管理收发缓冲区       接收发送的一部分状态反馈在描述符中       可以动态修改非正在使用的描述符和缓冲区       支持手动停止或启动       支持链式或环式的形式连接描述符       支持收发完成中断等多种中断源 31.1.3 MMC 模块特征       支持手动复位、停止或冻结       多个支持发送和接收的
2	tmp/wch-evt/application_notes/CH32H417RM.PDF	b57ebb0c0ae2cd772d32cb9ddeb6a6315fcc3916bcd3576e5a83eaeb7dfa6967	finding	wchnet-chip-field	545	6	增至 46 字节，超过 1500 字节请另组一帧。数据域中装载着需要实际发送的数据。     CRC：循环冗余校验，此处用的是 CRC32 校验。 31.5.2 帧发送    以太网收发器发送数据帧的时候，其专有的 DMA 控制器从发送描述符（trans descript 在 31.5.1 节）指定的 RAM 中取出要发送的数据通过专用数据总线压进 MAC。FIFO 的填充程度会返回到 DMA 控制 器中，当要发送的数据全部发送完，DMA 控制器会向 MAC 发送一个数据开始信号，MAC 会启动发送； 从 FIFO 中读取数据，RGMII 发送先导、SFD，发送实际数据；在 DMA 控制器向 M
2	tmp/wch-evt/application_notes/CH32H417RM.PDF	b57ebb0c0ae2cd772d32cb9ddeb6a6315fcc3916bcd3576e5a83eaeb7dfa6967	finding	wchnet-chip-field	550	16	这个优势，必须把以太网帧接受发送过程中，需要 CPU 进行的 干预尽可能得减少，这里就要使用以太网收发器专用 DMA。   以太网使用的 DMA 是 256 位的，它通过两种数据结构接受 CPU 的管理：传统的控制和状态寄存 器，接收和发送描述符。由于 DMA 是 256 位宽的，所以要求收发描述符队列在 RAM 中的基地址是 32 字节对齐的。 31.6.2 DMA 描述符（DMA Desciptor）     用户使用传统外设主要是通过写寄存器的控制位实现，并且以读取状态寄存器的方式来获取外设 的状态和返回信息。这些寄存器是独立于内核，SRAM 和非易失性存储器之外的空间，是实际存在的， 可
2	tmp/wch-evt/application_notes/CH32H417RM.PDF	b57ebb0c0ae2cd772d32cb9ddeb6a6315fcc3916bcd3576e5a83eaeb7dfa6967	finding	wchnet-chip-field	551	14	Buffer1   0x 2000_ 8400                                                 Buffer 1             Descriptor 0                                                                Descriptor0                              0x 2000_ 0800                                                         0x
2	tmp/wch-evt/application_notes/CH32H417RM.PDF	b57ebb0c0ae2cd772d32cb9ddeb6a6315fcc3916bcd3576e5a83eaeb7dfa6967	finding	wchnet-chip-field	552	14	时间戳低位    TDes7                                                 时间戳高位     由上表可以看出常规发送描述符由四个 32 位字组成，分别是 TDes0、TDes1、TDes2 和 TDes3，其 中 TDes0 用作控制和返回发送状态，TDes1 用以指示发送长度，TDes2 用以表示发送缓冲区的位置， TDes3 用以表示用于第二个发送缓冲区的地址（TCH 未置位时）。     增强发送描述符与常规发送描述符相比，增加了 TDes4、TDes5、TDes6、TD
2	tmp/wch-evt/application_notes/CH32H417RM.PDF	b57ebb0c0ae2cd772d32cb9ddeb6a6315fcc3916bcd3576e5a83eaeb7dfa6967	finding	wchnet-chip-field	553	8	11：使能 IP 报头校验和和有效负载检验和的计算和插入，                             使能计算伪报头检验和。                             发送描述符结束标志设置位。用户对此位置位指示 DMA 控                             制器，当前发送描述符已经是发送描述符数组的最后一个          21      TER                             描述符。DMA 控制器下次会读取发送描述符数组最前面的
2	tmp/wch-evt/application_notes/CH32H417RM.PDF	b57ebb0c0ae2cd772d32cb9ddeb6a6315fcc3916bcd3576e5a83eaeb7dfa6967	finding	wchnet-chip-field	555	10	ps://wch.cn             位                 名称                         描述                                      此域用来存放下一个描述符的地址，在 TCH 未置位时，此         [31:0]        TDAD2          域存放发送缓冲区 2 的地址。（缓冲区起始地址需 32 字                                      节对齐） 31.6.2.2 接收 DMA 描述符
2	tmp/wch-evt/application_notes/CH32H417RM.PDF	b57ebb0c0ae2cd772d32cb9ddeb6a6315fcc3916bcd3576e5a83eaeb7dfa6967	finding	wchnet-chip-field	556	17	位                     名称                                              描述                                                描述符归属位。此位指示此描述符被谁占用。                                                1：此描述符归 DMA 所有，CPU 无权限修改此描述符；                                                0：此描述符归 CPU 所有，CPU 可以修改此描述符的值。
2	tmp/wch-evt/application_notes/CH32H417RM.PDF	b57ebb0c0ae2cd772d32cb9ddeb6a6315fcc3916bcd3576e5a83eaeb7dfa6967	finding	wchnet-chip-field	558	7	[28:16]         RBS2                    接收缓冲区 2 大小。（长度要求为 32 的倍数）                                                末端接收描述符标志。指示当前描述符是最后一个描述              15        RER                     符 。 DMA 控 制 器 会 回 到 描 述 符 对 列 基 地 址 寄 存 器                                                （R32_ETH_DMARDLAR）去取下一个描述符
2	tmp/wch-evt/application_notes/CH32H417RM.PDF	b57ebb0c0ae2cd772d32cb9ddeb6a6315fcc3916bcd3576e5a83eaeb7dfa6967	finding	wchnet-chip-field	559	13	新 DMA 状态寄存器。用户用需要初始化 DMA 后手动启动 DMA 才能继续运转。 31.6.4.1 发送 DMA 配置     DMA 控制器建立运转机制的步骤如下： 1） 设置发送缓冲区队列，将要发送的内容填入发送缓冲区。设置发送描述符队列，填好发送描述符     的各域各位，并将 OWN 置位，将发送描述符的管理权交付给 DMA 控制器；将描述符初始地址注册     到 DMATDLAR 寄存器中； 2） 置位 ST 位（DMAOMR:13），开启 DMA； 3） 在运行模式下，DMA 描述符会自动读取发送描述符的内容，根据其指示的地址和长度把数据推送     到发送 FIFO。结束后
2	tmp/wch-evt/application_notes/CH32H417RM.PDF	b57ebb0c0ae2cd772d32cb9ddeb6a6315fcc3916bcd3576e5a83eaeb7dfa6967	finding	wchnet-chip-field	560	15	top TxDMA                                              (Re-)fetch next                                                descriptor                   Poll demand                     (HB)                          Yes                                                  error?
2	tmp/wch-evt/application_notes/CH32H417RM.PDF	b57ebb0c0ae2cd772d32cb9ddeb6a6315fcc3916bcd3576e5a83eaeb7dfa6967	finding	wchnet-chip-field	561	4	Poll demand /    ( Re-) Fetch next                                               newframe available    descriptor                                                                                (HB)                     Yes                                     RxDMA suspended
2	tmp/wch-evt/application_notes/CH32H417RM.PDF	b57ebb0c0ae2cd772d32cb9ddeb6a6315fcc3916bcd3576e5a83eaeb7dfa6967	finding	wchnet-chip-field	563	3	https://wch.cn  R32_ETH_MACA0HR       0x40028040   MAC 地址寄存器 0 高 32 位        0x8000FFFF  R32_ETH_MACA0LR       0x40028044   MAC 地址寄存器 0 低 32 位        0xFFFFFFFF  R32_ETH_MACA1HR       0x40028048   MAC 地址寄存器 1 高 32 位        0x0000FFFF  R32_ETH_MACA1LR       0x40
2	tmp/wch-evt/application_notes/CH32H417RM.PDF	b57ebb0c0ae2cd772d32cb9ddeb6a6315fcc3916bcd3576e5a83eaeb7dfa6967	finding	wchnet-chip-field	564	2	DMA 丢失帧寄存器                                  0x00000000  R32_ETH_DMACHTDR                 0x40029048       DMA 当前发送描述符寄存器                              0x00000000  R32_ETH_DMACHRDR                 0x4002904C       DMA 当前接收描述符寄存器                              0x00000000  R32_ETH_DMACHTBAR
2	tmp/wch-evt/application_notes/CH32H417RM.PDF	b57ebb0c0ae2cd772d32cb9ddeb6a6315fcc3916bcd3576e5a83eaeb7dfa6967	finding	wchnet-chip-field	565	1	0                             0：关闭接收端 IPv4 的校验和检验功能， 相应的 PCE、                             PHCE 标志位总是为 0。见接收描述符各位定义。    [9:8] Reserved      RO   保留。                                       0                             填充&CRC 自动剥离使能位：                             1：MAC 仅在长度/类型字段值小于或等于 1500 字节
2	tmp/wch-evt/application_notes/CH32H417RM.PDF	b57ebb0c0ae2cd772d32cb9ddeb6a6315fcc3916bcd3576e5a83eaeb7dfa6967	finding	wchnet-chip-field	575	1	FFFF 31.8.1.20 ETH_PHY 配置寄存器（R32_ETH_PHY_CFGR）     偏移地址：0x80  31         30     29       28   27    26     25     24     23     22   21   20   19      18    17         16 PHY_R PHY_P
2	tmp/wch-evt/application_notes/CH32H417RM.PDF	b57ebb0c0ae2cd772d32cb9ddeb6a6315fcc3916bcd3576e5a83eaeb7dfa6967	finding	wchnet-chip-field	580	2	0：表示使用粗调模式。                                          附加时间戳使能位：        0        TSE                 RW   1：发送或接收完成后，向描述符中添加时间戳；                                   0                                          0：不向描述符中添加时间戳。 31.8.3.2 PTP 亚秒递增寄存器（R32_ETH_PTPSSIR）     偏移地址：0x0704 31         30     29
2	tmp/wch-evt/application_notes/CH32H417RM.PDF	b57ebb0c0ae2cd772d32cb9ddeb6a6315fcc3916bcd3576e5a83eaeb7dfa6967	finding	wchnet-chip-field	583	7	RO   保留。                                                           0                                              描述符模式：        7         DFM                    RW   1：增强描述符模式；                                                    0                                              0：常规描述符模式。
2	tmp/wch-evt/application_notes/CH32H417RM.PDF	b57ebb0c0ae2cd772d32cb9ddeb6a6315fcc3916bcd3576e5a83eaeb7dfa6967	finding	wchnet-chip-field	584	4	值来重启接收流程。                                  0                                      重启接收流程后，这个寄存器会被自动清零。 31.8.4.4 DMA 接收描述符地址寄存器（R32_ETH_DMARDLAR）     偏移地址：0x100C 31         30   29   28   27   26    25     24     23    22   21   20   19      18    17         16
2	tmp/wch-evt/application_notes/CH32H417RM.PDF	b57ebb0c0ae2cd772d32cb9ddeb6a6315fcc3916bcd3576e5a83eaeb7dfa6967	finding	wchnet-chip-field	585	6	https://wch.cn                                                  这个寄存器用来存储第一个发送 DMA 描述符的地   [31:0] TDLAR[31:0]                      RW     址。注意描述符需要 16 字节对齐，所以这个寄存器                                      0                                                  的后 4 位应该为 0。
2	tmp/wch-evt/application_notes/CH32H417RM.PDF	b57ebb0c0ae2cd772d32cb9ddeb6a6315fcc3916bcd3576e5a83eaeb7dfa6967	finding	wchnet-chip-field	586	4	状态。                            000：停止，接收到复位或者停止发送命令；                            001：运行，正在取接收描述符；                            010：保留；                            011：运行，正在等待接收数据包；                            100：暂停，接收描述符不可用；                            101：运行，正在关闭接收描述符；
2	tmp/wch-evt/application_notes/CH32H417RM.PDF	b57ebb0c0ae2cd772d32cb9ddeb6a6315fcc3916bcd3576e5a83eaeb7dfa6967	finding	wchnet-chip-field	587	6	权限归属 CPU，DMA 无法获得，接收流程已经暂停。                                                  用户需要释放描述符并向 RPDR 寄存器中填入一个                                                  值来恢复接收流程。DMA 会在接收下一帧时重试获                                                  取描述符。
2	tmp/wch-evt/application_notes/CH32H417RM.PDF	b57ebb0c0ae2cd772d32cb9ddeb6a6315fcc3916bcd3576e5a83eaeb7dfa6967	finding	wchnet-chip-field	588	3	开始或停止接收控制位：                                                1：开启接收流程，DMA 从当前位置取接收描述符或        1         SR                       RW   者从标识符表头位置取接收描述符；                                        0                                                0：在转发完当前接收到的帧后，接收 DMA 进入停止
2	tmp/wch-evt/application_notes/CH32H417RM.PDF	b57ebb0c0ae2cd772d32cb9ddeb6a6315fcc3916bcd3576e5a83eaeb7dfa6967	finding	wchnet-chip-field	589	1	0                                             导致的帧丢失的数量。 31.8.4.10 DMA 当前发送描述符寄存器（R32_ETH_DMACHTDR）     偏移地址：0x1048 V1.7                                             585
2	tmp/wch-evt/application_notes/CH32H417RM.PDF	b57ebb0c0ae2cd772d32cb9ddeb6a6315fcc3916bcd3576e5a83eaeb7dfa6967	finding	wchnet-chip-field	590	3	访问                             描述                       复位值                                      这个寄存器值指向目前正在使用的发送描述符。此   [31:0] HTDAR[31:0]            RO                                                           0                                      寄存器由 DMA 负责实时更新。 31.8.4.11 DMA 当前接收描述符寄存器（R
2	tmp/wch-evt/application_notes/CH32H417RM.PDF	b57ebb0c0ae2cd772d32cb9ddeb6a6315fcc3916bcd3576e5a83eaeb7dfa6967	finding	wchnet-chip-field	595	1	0        9   LED_EN   RW   LED 功能使能。                    0   [8:0] Reserved    RO   保留。                     0x30 V1.7                        591
2	tmp/wch-evt/application_notes/CH32H417RM.PDF	b57ebb0c0ae2cd772d32cb9ddeb6a6315fcc3916bcd3576e5a83eaeb7dfa6967	finding	wchnet-chip-field	614	1	0                                                     的流程（取决于传输方向）。 32.6.10 传输计数寄存器（R32_SDIO_DCOUNT）        偏移地址：0x30 31          30    29       28       27   26        25      24      23   22     21   20    19       18    17         16                          Reserved
2	tmp/wch-evt/application_notes/CH32H417RM.PDF	b57ebb0c0ae2cd772d32cb9ddeb6a6315fcc3916bcd3576e5a83eaeb7dfa6967	finding	wchnet-chip-field	618	1	RW    任意字节长度模式的数据块长度域。                                                0 32.6.16 FIFO 寄存器（R32_SDIO_FIFO）        偏移地址：0x80 31          30     29       28   27    26        25      24     23     22   21     20       19       18    17         16                                                       FIFO
2	tmp/wch-evt/application_notes/CH32H417RM.PDF	b57ebb0c0ae2cd772d32cb9ddeb6a6315fcc3916bcd3576e5a83eaeb7dfa6967	finding	wchnet-chip-field	628	1	块写时，单块传输完成后，需要写 R32_EMMC_WRITE_CONT 或 DMA_BEG1 寄存器 的方式启动继续写操作。多块读不需要。 33.3.10 传输块配置寄存器（R32_EMMC_BLOCK_CFG）        偏移地址：0x30 31         30    29    28    27      26         25     24     23   22    21   20    19      18       17           16            Reserved
2	tmp/wch-evt/application_notes/CH32H417RM.PDF	b57ebb0c0ae2cd772d32cb9ddeb6a6315fcc3916bcd3576e5a83eaeb7dfa6967	finding	wchnet-chip-field	672	1	_BFRCR 寄存器必须在音频模块禁止的情况下配置，且对于 AC’97 和 SPDIF 音频协议无意义。 36.4.4 SAI 模块 x Slot 寄存器（R32_SAI_xSLOTR）（x=A/B）        偏移地址：0x10，0x30 31          30     29    28      27    26    25     24     23    22   21     20   19      18       17       16                                                   SLOTEN[15:0] 15
2	tmp/wch-evt/application_notes/CH32H417RM.PDF	b57ebb0c0ae2cd772d32cb9ddeb6a6315fcc3916bcd3576e5a83eaeb7dfa6967	finding	wchnet-chip-field	697	1	0                                        仅可在 BUSY=0 时写入该字段。 37.4.13 QSPI 低功耗超时寄存器（R32_QSPIx_LPTR）（x=1/2）        偏移地址：0x30 31         30   29   28   27   26    25     24     23     22   21   20   19      18     17        16                                             Reserved 15         14   13   12
2	tmp/wch-evt/application_notes/CH32H417RM.PDF	b57ebb0c0ae2cd772d32cb9ddeb6a6315fcc3916bcd3576e5a83eaeb7dfa6967	finding	wchnet-chip-field	723	1	Bank 2                                 FMC Not used                   0X7FFF FFFF                   0X8000 0000                                    Bank 3                                                 NAND Flash memory                                   4×64 MB                   0X8F
2	tmp/wch-evt/application_notes/CH32H417RM.PDF	b57ebb0c0ae2cd772d32cb9ddeb6a6315fcc3916bcd3576e5a83eaeb7dfa6967	finding	wchnet-chip-field	724	1	存储区域                  0x70000000-0x7FFFFFFF                  FMC 未使用                  0x80000000-0x8FFFFFFF     NAND 存储区域        NAND 存储区域                  0x90000000-0x9FFFFFFF                  FMC 未使用                                                               NOR/P
2	tmp/wch-evt/application_notes/CH32H417RM.PDF	b57ebb0c0ae2cd772d32cb9ddeb6a6315fcc3916bcd3576e5a83eaeb7dfa6967	finding	wchnet-chip-field	725	1	https://wch.cn                                                                                    R32_FMC_PMEM   0x80000000      0x83FFFFFF                                            通用区                                                                                      （0x88）   对于 NAND Flash
2	tmp/wch-evt/application_notes/CH32H417RM.PDF	b57ebb0c0ae2cd772d32cb9ddeb6a6315fcc3916bcd3576e5a83eaeb7dfa6967	finding	wchnet-chip-field	761	1	0x40025494   ECC 结果寄存器                        0x00000000 40.6.7.1 NAND Flash 控制寄存器（R32_FMC_PCR）     偏移地址：0x80 31      30      29    28   27     26   25    24     23   22    21   20   19      18     17      16                                  Reserved                                 ECCPS[
2	tmp/wch-evt/application_notes/CH32H417RM.PDF	b57ebb0c0ae2cd772d32cb9ddeb6a6315fcc3916bcd3576e5a83eaeb7dfa6967	finding	wchnet-chip-field	784	1	C_KEY_31T0       RW   用户密钥 0-31 位。                          X 41.5.4 CTR 模式计数值寄存器组（R32_ECDC_IV）        偏移地址：0x28、0x2C、0x30、0x34        位           名称           访问                    描述              复位值   [31:0] R32_ECDC_IV_127T96      RW   计数值 96-127 位。                         X V1.7
2	tmp/wch-evt/application_notes/CH32H417RM.PDF	b57ebb0c0ae2cd772d32cb9ddeb6a6315fcc3916bcd3576e5a83eaeb7dfa6967	finding	wchnet-chip-field	797	1	DFSDM_FLTxEXMIN 寄 存器）进行刷新。刷新后，极值检测器最小值数据寄存器（R32_DFSDM_FLTxEXMIN）用 0x7FFFFF（最 大正值）进行填充，极值检测器最大值寄存器（R32_DFSDM_FLTxEXMAX）用 0x800000（最小负值）进 行填充。    极值检测器在完成右移位和偏移数据校正之后，才执行比较操作。对于每个极值检测器，计算极 值时涉及的输入通道由（R32_DFSDM_FLTxCR2 寄存器中的）EXCH[1:0]位选定。 42.3.11 数据单元模块   数据单元模块是整个处理路径的最后一个模块：外部 ΣΔ 调制器——串行收发器——Sinc 滤波 器—
2	tmp/wch-evt/application_notes/CH32H417RM.PDF	b57ebb0c0ae2cd772d32cb9ddeb6a6315fcc3916bcd3576e5a83eaeb7dfa6967	finding	wchnet-chip-field	803	2	DFSDM 滤波器 0 极值检测器最大        R32_DFSDM_FLT0EXMAX       0x40017088                                      0x80000000                                               值寄存器                                               DFSDM 滤波器 0 极值检测器最小        R32_DFSDM_FLT0EXMIN       0x40017090
2	tmp/wch-evt/application_notes/CH32H417RM.PDF	b57ebb0c0ae2cd772d32cb9ddeb6a6315fcc3916bcd3576e5a83eaeb7dfa6967	finding	wchnet-chip-field	812	1	–寄存器 R32_DFSDM_FLTxAWSR 被设为复位状态。 42.6.7 DFSDM 滤波器 x 控制寄存器 2（R32_DFSDM_FLTxCR2）（x=0/1）        偏移地址：0x30 + 0x04 * x 31         30     29    28      27   26     25      24      23   22    21    20    19       18     17        16                                            Reserved
2	tmp/wch-evt/application_notes/CH32H417RM.PDF	b57ebb0c0ae2cd772d32cb9ddeb6a6315fcc3916bcd3576e5a83eaeb7dfa6967	finding	wchnet-chip-field	821	2	零。 注：DFEN=0 时，R32_DFSDM_FLTxAWSR 的所有位都会自动复位。 42.6.17 DFSDM 滤波器 x 模拟看门狗清零标志寄存器（R32_DFSDM_FLTxAWCFR）（x=0/1）        偏移地址：0x80 + 0x04 * x 31         30   29    28   27     26    25     24     23    22   21     20       19      18     17        16                                                Reserved 15
2	tmp/wch-evt/application_notes/CH32H417RM.PDF	b57ebb0c0ae2cd772d32cb9ddeb6a6315fcc3916bcd3576e5a83eaeb7dfa6967	finding	wchnet-chip-field	827	8	F1 配置为常数 Alpha，BF2 配置为 1-常数 Alpha 常数 Alpha：在 LxCACR 寄存器中编程的常数 Alpha 为 240（0xF0）。 因此，常数 Alpha 值为 240/255=0.94 C：当前层红色通道为 0x80 Cs：背景红色通道为 0x30 第一层与背景色混合。 红色通道最终结果 = 常数 Alpha * C + （1-常数 Alpha） * Cs   = 0.94 * 0x80 + （1 - 0.94） * 0x30 =0x7B。 绿色和蓝色通道同理。 43.3.6 色键   色键（RGB）可配置为代表透明像素。运行时，可配置色键值并用其替换像素 RGB 值
2	tmp/wch-evt/application_notes/CH32H417RM.PDF	b57ebb0c0ae2cd772d32cb9ddeb6a6315fcc3916bcd3576e5a83eaeb7dfa6967	finding	wchnet-chip-field	834	1	RW 当前 Y 位置。                                                 0 43.4.13 LTDC 当前显示状态寄存器（R32_LTDC_CDSR）        偏移地址：0x30 31         30     29       28   27   26    25    24     23    22   21   20      19       18     17        16                                                  Reserved 15         1
2	tmp/wch-evt/application_notes/CH32H417RM.PDF	b57ebb0c0ae2cd772d32cb9ddeb6a6315fcc3916bcd3576e5a83eaeb7dfa6967	finding	wchnet-chip-field	835	2	0：低电平有效。 43.4.14 LTDC 第 x 层控制寄存器（R32_LTDC_LxCR）（x=1/2）        偏移地址：0x34 + 0x30*(x-1) 31         30     29     28   27     26       25      24     23     22    21      20    19      18     17        16                                                      Rese
2	tmp/wch-evt/application_notes/CH32H417RM.PDF	b57ebb0c0ae2cd772d32cb9ddeb6a6315fcc3916bcd3576e5a83eaeb7dfa6967	finding	wchnet-chip-field	836	3	+0x5）； 2）层窗口的最后一个像素：WHSPPOS[11:0]应编程为 0x28A。 43.4.16 LTDC 第 x 层窗口垂直位置配置寄存器（R32_LTDC_LxWVPCR）（x=1/2）        偏移地址：0x3C + 0x30*(x-1) 31         30     29       28   27    26    25         24     23   22   21    20    19      18     17        16                 Reserved
2	tmp/wch-evt/application_notes/CH32H417RM.PDF	b57ebb0c0ae2cd772d32cb9ddeb6a6315fcc3916bcd3576e5a83eaeb7dfa6967	finding	wchnet-chip-field	837	2	111：AL88（8 位 Alpha，8 位 Luminance）。 43.4.19 LTDC 第 x 层常数 Alpha 配置寄存器（R32_LTDC_LxCACR）（x=1/2）        偏移地址：0x48 + 0x30*(x-1) 31         30   29     28   27      26      25      24     23   22   21    20    19      18      17       16                                                     Reserved 15
2	tmp/wch-evt/application_notes/CH32H417RM.PDF	b57ebb0c0ae2cd772d32cb9ddeb6a6315fcc3916bcd3576e5a83eaeb7dfa6967	finding	wchnet-chip-field	838	3	https://wch.cn 43.4.21 LTDC 第 x 层混合系数配置寄存器（R32_LTDC_LxBFCR）（x=1/2）        偏移地址：0x50 + 0x30*(x-1) 31         30     29       28   27   26     25        24     23     22      21      20   19      18      17       16                                                       Re
2	tmp/wch-evt/application_notes/CH32H417RM.PDF	b57ebb0c0ae2cd772d32cb9ddeb6a6315fcc3916bcd3576e5a83eaeb7dfa6967	finding	wchnet-chip-field	839	2	+ 31。 43.4.24 LTDC 第 x 层颜色帧缓冲区行数寄存器（R32_LTDC_LxCFBLNR）（x=1/2）        偏移地址：0x5C + 0x30*(x-1) 31         30     29       28   27    26    25       24     23   22   21    20   19      18     17        16                                                      Reserved 15
2	tmp/wch-evt/application_notes/CH32H417RM.PDF	b57ebb0c0ae2cd772d32cb9ddeb6a6315fcc3916bcd3576e5a83eaeb7dfa6967	finding	wchnet-chip-field	856	1	则地址必须是 32 位                                           对齐。 44.3.13 GPHA 背景层 CLUT 存储器地址寄存器（R32_GPHA_BGCMAR）        偏移地址：0x30 31         30   29    28   27     26    25    24     23   22   21   20    19      18     17        16                                               MA[31:16] 15         14   13
2	tmp/wch-evt/application_notes/CH32H417RM.PDF	b57ebb0c0ae2cd772d32cb9ddeb6a6315fcc3916bcd3576e5a83eaeb7dfa6967	finding	wchnet-chip-field	875	1	存器的 BSY 位，以确认没有其他正在进行的编程操作。 4）设置 R32_FLASH_CTLR 寄存器的 FTPG 位为‘1’，使能快速页编程模式。 5）使用 32 位方式向 FLASH 地址写入数据，例如：    *（uint32_t*）0x8000000 = 0x12345678； 6）等待 R32_FLASH_STATR 寄存器的 WRBSY 为‘0’，写入下个数据。 7）重复步骤 5-6 共 64 次。 8）设置 R32_FLASH_CTLR 寄存器的 FTPG 位为‘1’，启动快速页编程。 9）等待 BSY 位变为‘0’或 R32_FLASH_STATR 寄存器的 EOP 位为‘1’表示一次
2	tmp/wch-evt/application_notes/CH32H417RM.PDF	b57ebb0c0ae2cd772d32cb9ddeb6a6315fcc3916bcd3576e5a83eaeb7dfa6967	global	id-terms	46	6	名称               CSR 地址                    描述               复位值  MVENDORID                     0xF11         芯片制造商 ID 寄存器            0x00000000                                                                    V3F:0xDC68D86D  MARCHID                       0xF12         芯片结构 ID 寄存器
2	tmp/wch-evt/application_notes/CH32H417RM.PDF	b57ebb0c0ae2cd772d32cb9ddeb6a6315fcc3916bcd3576e5a83eaeb7dfa6967	global	id-terms	315	1	的时钟为低超过 35mS 时，会报超时，但 I2C 无此限制； 3） SMBus 有固定的逻辑电平，而 I2C 没有，取决于 VDD33； 4） SMBus 有总线协议，而 I2C 没有。    SMBus 还包括设备识别、地址解析协议、唯一的设备标识符、SMBus 提醒和各种总线协议，具体 请参考 SMBus 规范 2.0 版本。当使用 SMBus 时，只需要置控制寄存器的 SMBus 位，按需配置 SMBTYPE 位和 ENAARP 位。 21.8 中断   每个 I2C 模块都有两种中断向量，分别是事件中断和错误中断。两种中断支持图 21-8 的中断 源。
2	tmp/wch-evt/application_notes/CH32H417RM.PDF	b57ebb0c0ae2cd772d32cb9ddeb6a6315fcc3916bcd3576e5a83eaeb7dfa6967	global	id-terms	334	1	Sr                         NACK   P                                   (7'h7E)(RnW=1)              unique ID(*),BCR,DCR)                                     NACK                                  (7'h7E)(RnW=1)
2	tmp/wch-evt/application_notes/CH32H417RM.PDF	b57ebb0c0ae2cd772d32cb9ddeb6a6315fcc3916bcd3576e5a83eaeb7dfa6967	global	id-terms	719	3	https://wch.cn                                 第 39 章 电子签名（ESIG）   电子签名包含了芯片识别信息：闪存区容量和唯一身份标识。它由厂家在出厂时烧录到存储器模 块的系统存储区域，可以通过 SWD（SDI）或者应用代码读取。 39.1 功能描述   闪存区容量：指示当前芯片用户应用程序可以使用大小。   唯一身份标识：96 位二进制码，对任意一个微控制器都是唯一的，用户只能读访问不能修改。此 唯一标识信息可以用作微控制器（产品）的安全密码、加解密钥、产品序列号等，用来提高系统安全
2	tmp/wch-evt/application_notes/CH32H417RM.PDF	b57ebb0c0ae2cd772d32cb9ddeb6a6315fcc3916bcd3576e5a83eaeb7dfa6967	global	identity-csr	3	1	SCK,SCSN,SIO0~SIO3,SCSX                   QSPI*2                                      GPIOF            PF0~PF14                                        N,SIOX0~SIOX3                                                                                DATIN0,CKIN0,DATIN1,
2	tmp/wch-evt/application_notes/CH32H417RM.PDF	b57ebb0c0ae2cd772d32cb9ddeb6a6315fcc3916bcd3576e5a83eaeb7dfa6967	global	identity-csr	4	1	GPIOF            PF0~PF14                                                                                                                    DATIN0,CKIN0,DATIN1,
2	tmp/wch-evt/application_notes/CH32H417RM.PDF	b57ebb0c0ae2cd772d32cb9ddeb6a6315fcc3916bcd3576e5a83eaeb7dfa6967	global	identity-csr	5	1	GPIOF            PF0~PF14                                                                 ECDC
2	tmp/wch-evt/application_notes/CH32H417RM.PDF	b57ebb0c0ae2cd772d32cb9ddeb6a6315fcc3916bcd3576e5a83eaeb7dfa6967	global	identity-csr	46	15	表 4-4 通用特权寄存器列表             名称               CSR 地址                    描述               复位值  MVENDORID                     0xF11         芯片制造商 ID 寄存器            0x00000000                                                                    V3F:0xDC68D86D  MARCHID
2	tmp/wch-evt/application_notes/CH32H417RM.PDF	b57ebb0c0ae2cd772d32cb9ddeb6a6315fcc3916bcd3576e5a83eaeb7dfa6967	global	identity-csr	47	6	https://wch.cn                                                         V5F：0xDC68D8AE 4.2.1.3 机器实现 ID 寄存器（MIMPID）     CSR 地址：0xF13         位                名称    访问          描述                复位值                                                         V3F：0xDC688002    [31:0]      mimpid[31:
2	tmp/wch-evt/application_notes/CH32H417RM.PDF	b57ebb0c0ae2cd772d32cb9ddeb6a6315fcc3916bcd3576e5a83eaeb7dfa6967	global	identity-csr	48	1	CH32H417 系列应用手册                                             https://wch.cn 4.2.1.6 机器指令集寄存器（MISA）     CSR 地址：0x301         位              名称         访问              描述                 复位值                                         机器基本整数位宽和基本指令位宽信    [31:30]     XLEN[1:0]
2	tmp/wch-evt/application_notes/CH32H417RM.PDF	b57ebb0c0ae2cd772d32cb9ddeb6a6315fcc3916bcd3576e5a83eaeb7dfa6967	global	identity-csr	87	4	IF16  15      14      13       12   11    10         9     8     7     6     5     4     3       2      1      0 IF15 IF14 IF13 IF12 IF11 IF10                  IF9   IF8   IF7   IF6   IF5   IF4   IF3     IF2    IF1    IF0        位                  名称          访问                              描述
2	tmp/wch-evt/application_notes/CH32H417RM.PDF	b57ebb0c0ae2cd772d32cb9ddeb6a6315fcc3916bcd3576e5a83eaeb7dfa6967	global	identity-csr	128	3	第 9 章 GPIO 及其复用功能（GPIO/AFIO）     芯片内置 6 组 GPIO 端口（PA0～PA15、PB0～PB15、PC0～PC15、PD0～PD15、PE0～PE15、PF0～ PF14），共 95 个 GPIO 引脚。多数引脚都可以由软件配置成输出（推挽或开漏）、输入(带或不带上 拉或下拉)或复用的外设功能端口。     引脚 PA9～PA12、PC13～PC15、PE3～PE6 由 VDD33 供电，额定 3.3V 供电。其中，在 VDD33 掉电时，引 脚 PC13～PC15 自动切换到由 VBAT 供电。     引脚 PA0～PA
2	tmp/wch-evt/application_notes/CH32H417RM.PDF	b57ebb0c0ae2cd772d32cb9ddeb6a6315fcc3916bcd3576e5a83eaeb7dfa6967	global	identity-csr	138	4	1x           复用功能                            默认映射                   重映射                重映射             PORT0           PF12                 PF12               PC1             PORT1           PF13                 PF13               PC2             PORT2            PE7                 PE7
2	tmp/wch-evt/application_notes/CH32H417RM.PDF	b57ebb0c0ae2cd772d32cb9ddeb6a6315fcc3916bcd3576e5a83eaeb7dfa6967	global	identity-csr	139	2	能                            默认映射               重映射                重映射                重映射        UHSIF_CLK             PF11               PC0               PF14                 PD9 9.3 寄存器描述 9.3.1 GPIO 的寄存器描述        除非特殊说明，GPIO 的寄存器必须以字的方式操作（以 32 位来操作这些寄存器）。                        表 10-35 GPIO 相关寄存器列
2	tmp/wch-evt/application_notes/CH32H417RM.PDF	b57ebb0c0ae2cd772d32cb9ddeb6a6315fcc3916bcd3576e5a83eaeb7dfa6967	global	identity-csr	141	4	29     28   27     26        25   24        23    22     21     20    19       18    17     16 CNF15[1:0] MODE15[1:0] CNF14[1:0] MODE14[1:0] CNF13[1:0] MODE13[1:0] CNF12[1:0] MODE12[1:0] 15     14   13     12   11     10        9    8         7      6      5     4     3        2      1     0 CNF11[1:0]
2	tmp/wch-evt/application_notes/CH32H417RM.PDF	b57ebb0c0ae2cd772d32cb9ddeb6a6315fcc3916bcd3576e5a83eaeb7dfa6967	global	identity-csr	146	4	D6，D7/PD7）。                                    UHSIF PORT 重映射：                                    00 ： 默 认 映 射 （ PORT0/PF12 ， PORT1/PF13 ，                                    PORT2/PE7，PORT3/PE8，PORT4/PE9，PORT5/PE10，                                    PORT6/PE11 ， PORT7/PE12 ， PORT8/PE13 ，
2	tmp/wch-evt/application_notes/CH32H417RM.PDF	b57ebb0c0ae2cd772d32cb9ddeb6a6315fcc3916bcd3576e5a83eaeb7dfa6967	global	identity-csr	147	2	射配置。                                     UHSIF CLK 重映射：                                     00：默认映射（CLK/PF11）；   [7:6]    UHSIF_CLK_RM[1:0]   RW   01：重映射（CLK/PC0）；                              00b                                     10：重映射（CLK/PF14）；                                     1
2	tmp/wch-evt/application_notes/CH32H417RM.PDF	b57ebb0c0ae2cd772d32cb9ddeb6a6315fcc3916bcd3576e5a83eaeb7dfa6967	global	identity-csr	148	8	1000：AF8；     1001：AF9；   [11:8]                                           1010：AF10；    1011：AF11；    [7:4]                                           1100：AF12；    1101：AF13；    [3:0]                                           1110：AF14；    1111：AF15。 9.3.3.3 端口复用功能寄存器高位（GPIO
2	tmp/wch-evt/application_notes/CH32H417RM.PDF	b57ebb0c0ae2cd772d32cb9ddeb6a6315fcc3916bcd3576e5a83eaeb7dfa6967	global	identity-csr	642	1	或选择 PGA 模式、设置 OPA 内部增益大小；配置 FB_EN2 位，可使能 OPA2 的 PGA 模式反馈；配置 PGADIF2 位，可使能差分输入 PGA 模式，使 OPA2 配合 NSEL2 作为 PGA 使用，且 N 端连接 PF12；配置 HS2 位，可使能高速模式，在此模式下可提高压摆率； 配置 MODE2 位，可选择输出通道。     在 R32_OPA_CTLR3 寄存器中：配置 EN3 位，可使能 OPA3；配置 PSEL3 位，可选择 OPA3 正端输入 通道；配置 NSEL3 位，可选择 OPA3 负端输入通道或选择 PGA 模式、设置 OPA 内部增益大小；配置 FB_E
2	tmp/wch-evt/application_notes/CH32H417RM.PDF	b57ebb0c0ae2cd772d32cb9ddeb6a6315fcc3916bcd3576e5a83eaeb7dfa6967	global	identity-csr	643	3	EN2           PE9             0          PF11             1          PSEL2                                                                                                                            0         PE7
2	tmp/wch-evt/application_notes/CH32H417RM.PDF	b57ebb0c0ae2cd772d32cb9ddeb6a6315fcc3916bcd3576e5a83eaeb7dfa6967	global	identity-csr	645	1	且 N 端连接 OPA2_CHN1                                         （PF14）：        9     PGADIF2              RW                                                                   0                                         1：开启差分输入 PGA 模式；
2	tmp/wch-evt/application_notes/CH32H417RM.PDF	b57ebb0c0ae2cd772d32cb9ddeb6a6315fcc3916bcd3576e5a83eaeb7dfa6967	global	identity-csr	646	2	cn                                         000：OPA2_CHN0（PE8）；                                         001：OPA2_CHN1（PF12）；                                         010：PGA 模式，无负端输入通道，内部增益为 8；                                         011：PGA 模式，无负端输入通道，内部增益为 16；
2	tmp/wch-evt/application_notes/CH32H417RM.PDF	b57ebb0c0ae2cd772d32cb9ddeb6a6315fcc3916bcd3576e5a83eaeb7dfa6967	global	identity-csr	648	6	0：关闭。                                      CMP 输出通道选择：                                      0000：连接至 GPIO（PA6：AF10；PA8：AF12；PB12：                                      AF13；PC5：AF13；PE6：AF11；PE12：AF13；PE15：AF13）；                                      0001：TIM1_BKIN；                                      0
2	tmp/wch-evt/application_notes/CH32H417RM.PDF	b57ebb0c0ae2cd772d32cb9ddeb6a6315fcc3916bcd3576e5a83eaeb7dfa6967	global	known-addresses	254	15	表 16-1 TIM6 相关寄存器列表             名称          偏移地址                    描述             复位值  R16_TIM6_CTLR1         0x40001000   TIM6 控制寄存器 1              0x0000  R16_TIM6_CTLR2         0x40001004   TIM6 控制寄存器 2              0x0000  R16_TIM6_DMAINTENR     0x4000100C   TIM6 DMA/中断使能寄存器          0x0000  R16
2	tmp/wch-evt/application_notes/CH32H417RM.PDF	b57ebb0c0ae2cd772d32cb9ddeb6a6315fcc3916bcd3576e5a83eaeb7dfa6967	global	known-addresses	291	8	表 19-7 USART6 相关寄存器列表          名称          访问地址                 描述                 复位值  R32_USART6_STATR   0x40001800   USART6 状态寄存器             0x000000C0  R32_USART6_DATAR   0x40001804   USART6 数据寄存器             0x00000000  R32_USART6_BRR     0x40001808   USART6 波特率寄存器            0x00000000  R3
2	tmp/wch-evt/application_notes/CH32H417RM.PDF	b57ebb0c0ae2cd772d32cb9ddeb6a6315fcc3916bcd3576e5a83eaeb7dfa6967	global	known-addresses	292	8	访问地址                             描述                          复位值  R32_USART7_STATR                   0x40001C00       USART7 状态寄存器                            0x000000C0  R32_USART7_DATAR                   0x40001C04       USART7 数据寄存器                            0x00000000  R32_USART7_BRR
2	tmp/wch-evt/application_notes/CH32H417RM.PDF	b57ebb0c0ae2cd772d32cb9ddeb6a6315fcc3916bcd3576e5a83eaeb7dfa6967	global	known-addresses	719	1	名称                 访问地址                           描述                           复位值  R16_ESIG_FLACAP                0x1FFFF7E0     闪存容量寄存器                                       0xXXXX  R32_ESIG_UNIID1                0x1FFFF7E8     UID 寄存器 1                                0xXXXXXXXX  R32_ESIG_UNIID2
2	tmp/wch-evt/application_notes/CH32H417RM.PDF	b57ebb0c0ae2cd772d32cb9ddeb6a6315fcc3916bcd3576e5a83eaeb7dfa6967	global	revision-errata	1	2	络协议处理效率和通讯响应速度。    本手册针对用户的应用开发，提供了 CH32H417、H416、H415 芯片的详细使用信息。    有关 CH32H417 系列芯片的器件特性请参考 CH32H417DS0 手册。 RISC-V 内核版本概览                                  快速      特点              硬件    中断                                  中断   流水       扩展      指令   内存         接口调 内核         指令集       堆栈    嵌套
2	tmp/wch-evt/application_notes/CH32H417RM.PDF	b57ebb0c0ae2cd772d32cb9ddeb6a6315fcc3916bcd3576e5a83eaeb7dfa6967	global	revision-errata	150	2	MEM2MEM bit                                                                                                         Fixed hardware                                                   Fixed hardware                                                                     priority
2	tmp/wch-evt/application_notes/CH32H417RM.PDF	b57ebb0c0ae2cd772d32cb9ddeb6a6315fcc3916bcd3576e5a83eaeb7dfa6967	global	revision-errata	309	2	线（I2C）     内部集成电路总线（I2C）广泛用在微控制器和传感器及其他片外模块的通讯上，它本身支持多 主多从模式，仅仅使用两根线（SDA 和 SCL）就能以 100kHz（标准）和 400kHz（快速）两种速度通讯。 I2C 总线还兼容 SMBus 协议，不仅支持 I2C 的时序，还支持仲裁、定时和 DMA，拥有 CRC 校验功能。 21.1 主要特征       支持主模式和从模式       支持 7 位或 10 位地址       从设备支持双 7 位地址       支持两种速度模式：100kHz 和 400kHz       多种状态模式，多种错误标志 
2	tmp/wch-evt/application_notes/CH32H417RM.PDF	b57ebb0c0ae2cd772d32cb9ddeb6a6315fcc3916bcd3576e5a83eaeb7dfa6967	global	revision-errata	315	1	的逻辑电平，而 I2C 没有，取决于 VDD33； 4） SMBus 有总线协议，而 I2C 没有。    SMBus 还包括设备识别、地址解析协议、唯一的设备标识符、SMBus 提醒和各种总线协议，具体 请参考 SMBus 规范 2.0 版本。当使用 SMBus 时，只需要置控制寄存器的 SMBus 位，按需配置 SMBTYPE 位和 ENAARP 位。 21.8 中断   每个 I2C 模块都有两种中断向量，分别是事件中断和错误中断。两种中断支持图 21-8 的中断 源。                     图 21-8 I2C 中断请求
2	tmp/wch-evt/application_notes/CH32H417RM.PDF	b57ebb0c0ae2cd772d32cb9ddeb6a6315fcc3916bcd3576e5a83eaeb7dfa6967	global	revision-errata	325	1	一种双线制串行单端多分支总线，旨在对传统的 I2C 总线进行改进。I3C 接口负责处 理本设备与连接在 I3C 总线上的其他设备之间的通信。它本身支持作为主设备和从设备，当作为主设 备时，能够增强 I2C 接口的功能，同时保持一定程度的向后兼容性。 22.1 主要特征       支持主设备和从设备       支持 MIPI I3C 规范 v1.1       支持多主机功能       支持 DMA       带内中断（IBI）功能       内置错误检测和恢复       I3C SCL 总线时钟最高可达 12.5MHz       支持动态分配地址，直接和广播通用命
2	tmp/wch-evt/application_notes/CH32H417RM.PDF	b57ebb0c0ae2cd772d32cb9ddeb6a6315fcc3916bcd3576e5a83eaeb7dfa6967	global	revision-errata	403	2	WS            Short            frame                                     13 bit                            fixed to -            WS            long            frame                                   16-bit             SD      MSB                            LSB   MSB   对于长帧，主模式下，用来同步的 WS
2	tmp/wch-evt/application_notes/CH32H417RM.PDF	b57ebb0c0ae2cd772d32cb9ddeb6a6315fcc3916bcd3576e5a83eaeb7dfa6967	global	revision-errata	441	2	标准。提供 16 个可 配置的 USB 设备端点及一组主机端点。支持控制/批量/同步/中断传输，双缓冲区机制，USB 总线挂起 /恢复操作，并提供待机/唤醒功能。     OTG_FS 是双重角色 USB 控制器，支持主机端和设备端的功能，兼容 On-The-Go Supplement to the USB 2.0 规范。同时，该控制器也可配置为仅支持主机端或仅支持设备端功能的控制器，兼容 USB 2.0 全速规范。     主要特性如下：  支持在（OTG_FS 控制器的物理层）USB On-The-Go Supplement，Revision1.3 规范中定义为可选     项目 OTG 协
2	tmp/wch-evt/application_notes/CH32H417RM.PDF	b57ebb0c0ae2cd772d32cb9ddeb6a6315fcc3916bcd3576e5a83eaeb7dfa6967	global	revision-errata	480	1	1：3.2 SPEC；                                     0：3.0 SPEC。                                     注：协议版本不同影响 flow control 中的计                                     时器时长：             RB_LINK_TOUT_MOD        21                      RW   PM_LC_TIMER：3.2_SPEC：4us/3.0_SPEC：3us；      0
2	tmp/wch-evt/application_notes/CH32H417RM.PDF	b57ebb0c0ae2cd772d32cb9ddeb6a6315fcc3916bcd3576e5a83eaeb7dfa6967	global	revision-errata	486	1	1：使能；                                     0：禁止。                                     链路进入服从性测试，用兼容性测试或物理             LINK_IE_COMPLIAN        层一致性测试中断使能：        18                      RW                                         0             CE                      1：使能；
2	tmp/wch-evt/application_notes/CH32H417RM.PDF	b57ebb0c0ae2cd772d32cb9ddeb6a6315fcc3916bcd3576e5a83eaeb7dfa6967	global	revision-errata	495	1	议 2.0A 和 2.0B(主动)。CAN 控制器可以用来构建强大的局域网来实现安全 的分布式实时控制，以较小的 CPU 负荷来处理大量的数据报文，在工业和汽车领域有着广泛的应用。 28.1 主要特性  提供 3 组 CAN 控制器，兼容 CAN 规范 2.0A 和 2.0B(主动)  可编程的传输速率，最高可达 1Mbit/s  支持时间触发通信功能，避免低优先级消息阻塞  每组 CAN 支持三个发送邮箱，发送报文优先级可由报文标识符或发送请求的次序决定，并可记录 发送报文 SOF 时刻的时间戳  每组 CAN 支持三级邮箱深度的 2 个接收 FIFO，三个 CAN 总共 42 组
2	tmp/wch-evt/application_notes/CH32H417RM.PDF	b57ebb0c0ae2cd772d32cb9ddeb6a6315fcc3916bcd3576e5a83eaeb7dfa6967	global	revision-errata	557	1	https://wch.cn                                                  1、以太网帧类型/长度域指示的协议与实际的 IP 版本不                                                  一致；                                                  2、IP 报头校验和不对；                                                  3、IP 报头指示的长度不
2	tmp/wch-evt/application_notes/CH32H417RM.PDF	b57ebb0c0ae2cd772d32cb9ddeb6a6315fcc3916bcd3576e5a83eaeb7dfa6967	global	revision-errata	594	2	15   INCOMPATIBLE_LINK   RO                                             0                                       1：不兼容；                                       0：兼容。   [14:7] Reserved               RO    保留。                                      0                                       100M 信号状态：
2	tmp/wch-evt/application_notes/CH32H417RM.PDF	b57ebb0c0ae2cd772d32cb9ddeb6a6315fcc3916bcd3576e5a83eaeb7dfa6967	global	revision-errata	596	4	如 WiFi/4G 模块。 32.1 主要特征 32.1.1 特征       支持 SD 卡、SDIO 卡和 MMC 卡       支持 1 位、4 位和 8 位总线       最高通讯时钟可达 100MHz       兼容 MMC 规范 4.5（向前兼容）       兼容 SD 卡规范 2.0，SDIO 卡规范 2.0       不兼容 SPI 或 QSPI 32.1.2 概述    微控制器的 SDIO 支持与 SD 卡或 MMC 卡等存储器通讯，需要明确的是，SDIO 仅仅是提供一组实 现 SD 卡、MMC 卡规范单次命令传输所需要的时钟，数据和命令控制时序，各
2	tmp/wch-evt/application_notes/CH32H417RM.PDF	b57ebb0c0ae2cd772d32cb9ddeb6a6315fcc3916bcd3576e5a83eaeb7dfa6967	global	revision-errata	597	1	系数可配置为 2-261 之间的任 意整数值。SDIO 设备在初始化的时候一般只支持最高 400kHz 时钟的单总线模式，在初始化后，主机 一般会发起切换至低电压的操作，同时将时钟提升至微控制器和 SDIO 设备双方能接受的最大时钟。 不同版本和速度等级的 SD 卡所支持时钟速度和切换流程有所区别，用户需要自行了解。 V1.7                                              593
2	tmp/wch-evt/application_notes/CH32H417RM.PDF	b57ebb0c0ae2cd772d32cb9ddeb6a6315fcc3916bcd3576e5a83eaeb7dfa6967	global	revision-errata	599	1	本小节的目的是以较小的篇幅让用户对使用 SDIO 所必要的一些规范的细节有初步的了解，并不 保证详尽和更新及时。微控制器的 SDIO 也仅仅保证其实现了 SD 2.0，SDIO 2.0 及 MMC 4.5 规范的硬 件操作基础，对于更高版本规范定义的功能，例如双边沿采样等，并不一定支持。用户在做具体开发 时应以 SD 规范，SDIO 规范和 MMC 规范为依据进行 SDIO 交互编程。 32.3.1 总线时序   SD 卡的传输都是以主机发起 CMD 发起的，SD 卡可能不回复响应，可能回复短响应和长响应，有 的响应后面还会伴随数据传输。而在 SDIO 卡或 MMC 卡的通讯中，还可能会有
2	tmp/wch-evt/application_notes/CH32H417RM.PDF	b57ebb0c0ae2cd772d32cb9ddeb6a6315fcc3916bcd3576e5a83eaeb7dfa6967	global	revision-errata	606	1	20]                    应用 ID       OID 16 [119:104]                   产品名称         PNM 40  [103:64]                   产品版本         PRV 8   [63:56]                   产品序列号        PSN 32  [55:24]                     保留          无  4   [23:20]                   生产日期         MDT 12   [19:8] V1.7
2	tmp/wch-evt/application_notes/CH32H417RM.PDF	b57ebb0c0ae2cd772d32cb9ddeb6a6315fcc3916bcd3576e5a83eaeb7dfa6967	global	revision-errata	607	1	表 32-16 CSD 寄存器各位域的含义      名称             简写               宽度          值         读写      位次  CSD 版本         CSD_STRUCTURE          2         01b        RO   [127:126]  保留                  无                 6      00_0000b      RO    [125120  读数访问时                     TAAC
2	tmp/wch-evt/application_notes/CH32H417RM.PDF	b57ebb0c0ae2cd772d32cb9ddeb6a6315fcc3916bcd3576e5a83eaeb7dfa6967	global	revision-errata	608	1	换    在 SD 卡初始化后期，需要进行接口电平切换，将 SD 卡的时钟线数据线和命令线的 IO 电平切换 到 1.8V 水平。对于压摆率不是足够优秀的器件，使用更低的电平标准有助于提升频率。但是 SD 的供 电电压并不一定变化，只在较新版本的协议才出现了低电压供电的 SD 卡。    切换电压的步骤如下图。                     图 32-13 电压切换序列                                                                                    Voltage         CMD55   R
2	tmp/wch-evt/application_notes/CH32H417RM.PDF	b57ebb0c0ae2cd772d32cb9ddeb6a6315fcc3916bcd3576e5a83eaeb7dfa6967	global	revision-errata	619	1	双缓冲功能 33.2 功能描述 33.2.1 通讯时钟  频率配置   控制器接口提供了 2 种时钟模式：低速模式和高速模式。一般 SD 协议规定对于 SD 接口的设备的 前期初始化使用 400KHz 左右的通讯时钟来保证更好的通讯兼容性，当获取了外接设备的参数信息后， 可以根据其内部支持的配置，切换到更高的时钟频率进行通讯。   设置 R16_EMMC_CLK_DIV 寄存器的 bit9 选择时钟模式，设置 bit[4:0]分频值可得到最终的 SDIO 接口输出时钟。bit8 控制 EMMC 外设是否输出时钟信号到 MSDCK 引脚，需要保证 MSDCK 引脚的 IO 模 式配置为推挽输
2	tmp/wch-evt/application_notes/CH32H417RM.PDF	b57ebb0c0ae2cd772d32cb9ddeb6a6315fcc3916bcd3576e5a83eaeb7dfa6967	global	revision-errata	865	1	程序存储，以 4K 字节（16 页）单位进行写保护划分；除了“厂 商配置字”区域出厂锁定，用户不可访问，其他区域在一定条件下用户可操作。 46.2 闪存编程及安全性 46.2.1 两种编程/擦除方式  标准编程：此方式是默认编程方式（兼容方式）。这种模式下 CPU 以单次 2 字节方式执行编程， 当 DBMODE=1 时芯片单次 8K 字节执行擦除操作，当 DBMODE=0 时芯片单次 4K 字节执行擦除操作。  快速编程：此方式采用页操作方式（推荐）。经过特定序列解锁后，执行单次 256 字节的编程， V1.7                               861
2	tmp/wch-evt/application_notes/CH32H417RM.PDF	b57ebb0c0ae2cd772d32cb9ddeb6a6315fcc3916bcd3576e5a83eaeb7dfa6967	global	silicon-package-lot	1	1	3     地址或指令 支持   -    标准         单/双线  青稞 V5F   IMABCF-X   8      8    4    7-9   地址或指令 支持   支持   标准         单/双线 注[1]：仅批号第五位不为 0 的芯片支持内存保护。    有关 RISC-V 内核的相关信息，可参考第 4 章中央处理器（CPU）。 寄存器中位属性缩写描述：           寄存器位属性                            属性描述              RF          只读属性，读出固定值。              RO
2	tmp/wch-evt/application_notes/CH32H417RM.PDF	b57ebb0c0ae2cd772d32cb9ddeb6a6315fcc3916bcd3576e5a83eaeb7dfa6967	global	silicon-package-lot	8	2	如果无需后备电 源，建议将 VDD33 直接连接到 VBAT 引脚上。   VDD33A 和 VSSA 引脚专门为系统中模拟相关电路供电，包括 ADC、DAC、温度传感器等。VREFP 作为一些 模拟电路例如 ADC 电压上限的参考点，部分封装为独立引脚，未封装出来则在芯片内部等于 VDD33A。                            图 2-1 电源结构框图                    VDD33A power supply domain                      AD converter    VREFP             DA conve
2	tmp/wch-evt/application_notes/CH32H417RM.PDF	b57ebb0c0ae2cd772d32cb9ddeb6a6315fcc3916bcd3576e5a83eaeb7dfa6967	global	silicon-package-lot	16	1	https://wch.cn 3.3 时钟 3.3.1 系统时钟结构                               图 3-2 时钟树框图（仅适用于批号第五位为 0 的芯片）                       40kHz                                                   IWDGCLK        to IWDG/LPTIM1/LPTIM2                       LSI RC
2	tmp/wch-evt/application_notes/CH32H417RM.PDF	b57ebb0c0ae2cd772d32cb9ddeb6a6315fcc3916bcd3576e5a83eaeb7dfa6967	global	silicon-package-lot	17	1	https://wch.cn                               图 3-3 时钟树框图（适用于批号第五位大于 0 的芯片）                       40kHz                                                   IWDGCLK        to IWDG/LPTIM1/LPTIM2                       LSI RC
2	tmp/wch-evt/application_notes/CH32H417RM.PDF	b57ebb0c0ae2cd772d32cb9ddeb6a6315fcc3916bcd3576e5a83eaeb7dfa6967	global	silicon-package-lot	53	1	x 注：（1）内核 1 均实现四通道触发器，通过 TSELECT 寄存器选择触发器通道进行配置，TSELECT 触发 器低 2 位有效，其余位恒为 0。 （2）内核 0 的 TSELECT 寄存器仅适用于批号第五位不为 0 的芯片。 4.2.1.23 跟踪触发数据寄存器（TDATA1）     CSR 地址：0x7A1         位                名称    访问             描述                复位值    [31:28]     type[3:0]       MRO   触发器类型定义。
2	tmp/wch-evt/application_notes/CH32H417RM.PDF	b57ebb0c0ae2cd772d32cb9ddeb6a6315fcc3916bcd3576e5a83eaeb7dfa6967	global	silicon-package-lot	54	2	0：触发器不比较读数据地址 注：（1）处理器触发配置符合 RISC-V 调试标准，触发器配置类型为 2，根据访问的虚拟地址的最低 位进行匹配，在匹配的指令或读写数据前执行触发操作。 （2）内核 0 的 TDATA1 寄存器仅适用于批号第五位不为 0 的芯片。 4.2.1.24 保存触发数据寄存器（TDATA2）     CSR 地址：0x7A2         位                  名称            访问              描述              复位值
2	tmp/wch-evt/application_notes/CH32H417RM.PDF	b57ebb0c0ae2cd772d32cb9ddeb6a6315fcc3916bcd3576e5a83eaeb7dfa6967	global	silicon-package-lot	66	1	）的 PMP 单元包含 4 组 8 位的配置寄存器（CSR 地址为 0x3A0）和 4 组地址寄存 器（CSR 地址为 0x3B0～0x3B3），需要使用 csr 指令进行访问，并且在机器模式下进行。 注：内核 0 的 PMP 功能仅适用于批号第五位不为 0 的芯片。 4.3.1 PMP 寄存器                                      表 4-7 PMP 寄存器列表             名称                CSR 地址                   描述          复位值  PMPCFG0
2	tmp/wch-evt/application_notes/CH32H417RM.PDF	b57ebb0c0ae2cd772d32cb9ddeb6a6315fcc3916bcd3576e5a83eaeb7dfa6967	global	silicon-package-lot	147	2	44/PF4 ， PORT45/PF5 ，                                     PORT46/PE0，PORT47/PE1）。                                     注：封装为 56/68 引脚的芯片建议使用 01b 的映                                     射配置；封装为 88 引脚的芯片建议使用 1xb 的映                                     射配置。                                     UHSIF CLK 重映射：
2	tmp/wch-evt/application_notes/CH32H417RM.PDF	b57ebb0c0ae2cd772d32cb9ddeb6a6315fcc3916bcd3576e5a83eaeb7dfa6967	global	silicon-package-lot	375	1	RO 存器 CIBIF 位写入 1。                           0                            注：（1）此位仅适用于主设备；                            （2）批号倒数第五位小于 3 的芯片，在接收从机                            发送的不带数据的 IBI 请求时，该位不生效。此                            类包的处理具体请参考官网 EVT 例程。   [14:12] Reserved      RO 保留。
2	tmp/wch-evt/application_notes/CH32H417RM.PDF	b57ebb0c0ae2cd772d32cb9ddeb6a6315fcc3916bcd3576e5a83eaeb7dfa6967	global	silicon-package-lot	540	1	时间协议（PTP），为微控制器系统或片外提供精确的 时间数据。 31.3 以太网收发器使用引脚的分布和配置   微控制器支持 RGMII 接口。RGMII 接口可用于十兆、百兆和千兆以太网。下表显示了标准 RGMII 接口及内部物理层在封装引脚上的分布。 V1.7                                               536
2	tmp/wch-evt/application_notes/CH32H417RM.PDF	b57ebb0c0ae2cd772d32cb9ddeb6a6315fcc3916bcd3576e5a83eaeb7dfa6967	global	silicon-package-lot	547	3	MAC 的魔法帧 和唤醒帧识别，就会产生 PMT 中断，PMT 中断是和以太网中断独立的中断，通过查询 PMT 控制和状态 寄存器就能查出是哪种以太网帧产生了中断。 31.5.6.2 魔法帧     AMD 公司定义的魔法帧（magic package，也有称幻数据包）是常用的一种唤醒微控制器的以太网 帧，它有固定而特殊的帧格式，即通过帧过滤能让目标网卡接收到，可以封装成广播帧，帧中有连续 6 个字节的全高（OXFF），之后紧跟 16 次重复的目标网卡的 MAC 地址。这个组合可以存在于帧的任何 位置，因此魔法帧可以封装成 Mac 帧或 IP 包甚至 UDP 包。以下是魔法帧的格式。     xx xx
2	tmp/wch-evt/application_notes/CH32H417RM.PDF	b57ebb0c0ae2cd772d32cb9ddeb6a6315fcc3916bcd3576e5a83eaeb7dfa6967	global	silicon-package-lot	557	3	帧类型指示位。此位为 1 时表示接收到的帧为以太网类型                                                  封装的帧（RFC 894）。此位为 0 时表示接收到的帧为                 5         FT                     IEEE802.3 类型封装的帧（RFC1042）。当帧长度小于 14                                                  字节时，此位无效。
2	tmp/wch-evt/application_notes/CH32H417RM.PDF	b57ebb0c0ae2cd772d32cb9ddeb6a6315fcc3916bcd3576e5a83eaeb7dfa6967	global	silicon-package-lot	672	1	RW 0：FS 为低电平有效（下降沿）。                                        0                                                注：批号倒数第五位小于 3 的芯片在 FSPOL=0 时                                                须外接上拉电阻。                                                帧同步定义：
2	tmp/wch-evt/application_notes/CH32H417RM.PDF	b57ebb0c0ae2cd772d32cb9ddeb6a6315fcc3916bcd3576e5a83eaeb7dfa6967	global	silicon-package-lot	677	1	志位置 1 时   （如擦除或烧写完成），系统会产生中断。该模式适用于需要实时监控外部 Flash 状态的应用场   景。   内存映射模式：在这种模式下，外部 Flash 被映射到微控制器的地址空间中，系统将其视为内部 存储器进行访问。在批号倒数第五位小于 3 的芯片，该内存映射的地址只能用于数据访问。   采用双闪存模式时，系统可以同时访问两个 Quad-SPI FLASH，吞吐量和容量均可提高二倍。这种 模式适用于需要大量数据处理的应用场景。 37.1 主要特征       三种功能模式：间接模式、状态轮询模式和内存映射模式       双闪存模式，通过并行访问两个 FLASH 
2	tmp/wch-evt/application_notes/CH32H417RM.PDF	b57ebb0c0ae2cd772d32cb9ddeb6a6315fcc3916bcd3576e5a83eaeb7dfa6967	global	silicon-package-lot	682	1	当配置为内存映射模式时，外部 SPI 器件被视为是内部存储器。若未对 QSPI 外设进行正确配置 与使能，将无法访问 QSPI Flash 的存储区域。即便 FLASH 容量更大，其寻址空间亦受限于 256MB 的 上限。   注意：批号倒数第五位小于 3 的芯片，内存映射的地址只能用于数据访问，不能用于指令访问。   支持字节、半字和字访问类型。QSPI 接受下一个微控制器访问并提前加载后面地址中的字节。如 果之后访问的是连续地址，由于数据已经预取，访问过程得以加速完成。   在默认情况下，QSPI 从不中断其预取操作，即使长时间未对 FLASH 进行访问，也会保持之前的读 取操作，且 n
2	tmp/wch-evt/application_notes/CH32H417RM.PDF	b57ebb0c0ae2cd772d32cb9ddeb6a6315fcc3916bcd3576e5a83eaeb7dfa6967	global	silicon-package-lot	792	1	致更新通道 y 的数据（来自 ADC[y+1]的并行数据被用作数字滤波器的下一个采样）。转换结束 事件发生时，来自 ADC[y+1]的数据被写入 R32_DFSDM_CHyDATINR 寄存器（INDAT0[15:0]字段）。     数据封装模式设置（R32_DFSDM_CHyCFGR1 寄存器中的 DATPACK[1:0]）对 ADC 数据输入无影响。 注：ADC 扩展规范：将内部 ADC 配置为交错模式时（例如，ADC1 与 ADC2 交错-请参考 ADC 规范），来 自 ADC1 或 ADC2 的每个结果均会传送至同一 16 位总线（即 ADC1 的总线），该总线连至 DFSDM 通道 0
2	tmp/wch-evt/application_notes/CH32H417RM.PDF	b57ebb0c0ae2cd772d32cb9ddeb6a6315fcc3916bcd3576e5a83eaeb7dfa6967	global	silicon-package-lot	793	1	写操作中加载一个或两个 采样。32 位输入数据寄存器（R32_DFSDM_CHyDATINR）可用一个或两个 16 位数据采样进行填充，具体 取决于在 R32_DFSDM_CHyCFGR1 寄存器的 DATPACK[1:0]字段中定义的数据封装操作模式： 1）标准模式（DATPACK[1:0]=00b）：     只有一个样本存储在 R32_DFSDM_CHyDATINR 寄存器的 INDAT0[15:0]字段中，其用作通道 y 的输 入数据。高 16 位（INDAT1[15:0]）被忽略，且被写保护。数字滤波器必须执行一次输入采样（通过 INDAT0[15:0]），以便清空由 CPU/DMA 填
2	tmp/wch-evt/application_notes/CH32H417RM.PDF	b57ebb0c0ae2cd772d32cb9ddeb6a6315fcc3916bcd3576e5a83eaeb7dfa6967	global	silicon-package-lot	804	1	器（通道 y=0）中。                                                 R32_DFSDM_CHyDATINR 寄存器数据封装模式：                                                 00：标准：R32_DFSDM_CHyDATINR 寄存器中的输入   [15:14] DATPACK[1:0]                       RW
2	tmp/wch-evt/application_notes/CH32H417RM.PDF	b57ebb0c0ae2cd772d32cb9ddeb6a6315fcc3916bcd3576e5a83eaeb7dfa6967	global	silicon-package-lot	859	1	0                                        偶数。                                        注：批号倒数第五位小于 3 的芯片在                                        R32_GPHA_CTLR 寄 存 器 MODE[2:0]=011b 时                                        PL[13:0]位的值应大于 0。
2	tmp/wch-evt/application_notes/CH32L103RM.PDF	27a1b969cb2cb99d296ac562cac134ec63d52e4f0c75cf9d6bad7c696bc66fe3	finding	csr-address-meaning	72	2	了 RISC-V 特权架构文档中定义的标准寄存器外，还增加了一些厂商自定义寄存器，需要使用 csr 指令进行访问。 注：此类寄存器标注为“MRW,MRO,MRW1”属性的需要系统在机器模式下才能访问。 9.5.3.1 中断系统控制寄存器（INTSYSCR）     CSR 地址：0x804 31       30    29   28      27   26       25     24        23    22    21     20        19      18      17      16
2	tmp/wch-evt/application_notes/CH32L103RM.PDF	27a1b969cb2cb99d296ac562cac134ec63d52e4f0c75cf9d6bad7c696bc66fe3	finding	h417-lot-capability	51	1	8       -2   固定       Ecall-U               用户模式回调中断        0x00000020     9       -1   固定      BreakPoint              断点回调中断         0x00000024                                                                 0x00000028- 10-11        -    -          -                      保留
2	tmp/wch-evt/application_notes/CH32L103RM.PDF	27a1b969cb2cb99d296ac562cac134ec63d52e4f0c75cf9d6bad7c696bc66fe3	finding	h417-lot-capability	73	16	0                                                     1：根据中断编号*4 进行地址偏移。 9.5.4 物理内存保护单元（PMP）   为了提高系统安全，RISC-V 的架构中定义了一套物理地址访问限制，可以为区域内物理内存设 置其读、写、执行属性，区域长度最小 4 字节保护。PMP 单元在用户模式下一直生效，在机器模式 下可选生效，如果违背了当前内存限制，将会产生系统异常中断（EXC）。   PMP 单元包含 4 组 8-bit 的配置寄存器（32bit）和 4 组地址寄存器，需要
2	tmp/wch-evt/application_notes/CH32L103RM.PDF	27a1b969cb2cb99d296ac562cac134ec63d52e4f0c75cf9d6bad7c696bc66fe3	finding	h417-lot-capability	74	27	https://wch.cn   00b           OFF        没有区域要保护                            顶端对齐区域保护：                            pmp0cfg 下，0≤ region ＜pmpaddr0；                            pmp1cfg 下，pmpaddr0≤ region ＜pmpaddr1；   01b           TOR        pmp2cfg 下，pmpaddr1≤ region ＜pmpaddr2；
2	tmp/wch-evt/application_notes/CH32L103RM.PDF	27a1b969cb2cb99d296ac562cac134ec63d52e4f0c75cf9d6bad7c696bc66fe3	finding	h417-lot-capability	75	4	描述                                  复位值   [31:0]        ADDR2                    MRW       PMP 设置地址 2 的 bit[33:2]，实际高 2 位未用。                                   0 9.5.4.5 PMP 地址 3 寄存器（PMPADDR3）     CSR 地址：0x3B3 31         30    29     28   27     26        25     24
2	tmp/wch-evt/application_notes/CH32L103RM.PDF	27a1b969cb2cb99d296ac562cac134ec63d52e4f0c75cf9d6bad7c696bc66fe3	finding	h417-lot-capability	78	1	Protection                                                            trigger                                                                             on/off                      diode        Write   Bit set/reset                      Input driver
2	tmp/wch-evt/application_notes/CH32L103RM.PDF	27a1b969cb2cb99d296ac562cac134ec63d52e4f0c75cf9d6bad7c696bc66fe3	finding	h417-lot-capability	79	1	Protection                                                        trigger                                                                       on/off                diode         Write   Bit set/ reset                 Input driver                    V
2	tmp/wch-evt/application_notes/CH32L103RM.PDF	27a1b969cb2cb99d296ac562cac134ec63d52e4f0c75cf9d6bad7c696bc66fe3	finding	h417-lot-capability	80	2	TTL Schmitt                                                              trigger                                     Protection                                                                                                          diode         Write Bit se
2	tmp/wch-evt/application_notes/CH32L103RM.PDF	27a1b969cb2cb99d296ac562cac134ec63d52e4f0c75cf9d6bad7c696bc66fe3	finding	h417-lot-capability	81	1	TTL Schmitt                                                               trigger                             Protection                                                                                                   diode          Write    Bit set/reset
2	tmp/wch-evt/application_notes/CH32L103RM.PDF	27a1b969cb2cb99d296ac562cac134ec63d52e4f0c75cf9d6bad7c696bc66fe3	finding	h417-lot-capability	102	8	Channel 1                        TIM4_CH1                  Software Trigger                                                   MEM2MEM bit                                                                                                      Arbiter
2	tmp/wch-evt/application_notes/CH32L103RM.PDF	27a1b969cb2cb99d296ac562cac134ec63d52e4f0c75cf9d6bad7c696bc66fe3	finding	h417-lot-capability	130	1	TIMx_ETR                                                ETR Polarity selection Edge                                    Trigger                                                                                          ETRF                controller                                                      detect
2	tmp/wch-evt/application_notes/CH32L103RM.PDF	27a1b969cb2cb99d296ac562cac134ec63d52e4f0c75cf9d6bad7c696bc66fe3	finding	h417-lot-capability	141	1	ounter                                                      Input-                                                     triggered                                                     selection   例如，可以将定时器 1 配置为定时器 2 的预分频器。为此：   1) 将定时器 1 配置为主模式，每次发生更新事件 UEV 时都输出一个周期性触发信号。如果将      MMS=010 写入 R16_TIM1_CTLR
2	tmp/wch-evt/application_notes/CH32L103RM.PDF	27a1b969cb2cb99d296ac562cac134ec63d52e4f0c75cf9d6bad7c696bc66fe3	finding	h417-lot-capability	165	1	TIMx_ETR                                      ETR                                                             Trigger                                               Polarity selection &                ETRF              controller                                            Edge detector & Prescaler
2	tmp/wch-evt/application_notes/CH32L103RM.PDF	27a1b969cb2cb99d296ac562cac134ec63d52e4f0c75cf9d6bad7c696bc66fe3	finding	h417-lot-capability	189	1	16-bit ARR                                                   Mux trigger        RCC                                                           1                                                           0                  16-bit counter     Out        P
2	tmp/wch-evt/application_notes/CH32L103RM.PDF	27a1b969cb2cb99d296ac562cac134ec63d52e4f0c75cf9d6bad7c696bc66fe3	finding	h417-lot-capability	192	3	PTIM 输出波形                       ARR                  Compare                       PWM                 External trigger event   激活单触发设置模式，应该注意的是，在单触发模式下，当 LPTIMx_CFGR 寄存器中的 WAVE 位字 段被设置时，一次设置模式被激活。在这种情况下，计数器仅在第一个触发后启动一次，任何后续 的触发事件均被丢弃。         图 16-4 单次计数模式配置且激活一次设置模式时的 LPTIM 输出波形
2	tmp/wch-evt/application_notes/CH32L103RM.PDF	27a1b969cb2cb99d296ac562cac134ec63d52e4f0c75cf9d6bad7c696bc66fe3	finding	h417-lot-capability	193	2	https://wch.cn                                                  Discarded triggers           ARR         Compare             0           PWM                   External trigger event     SNGSTRT 和 CNTSTRT 位只能在定时器启用时设置（ENABLE 位设置为 1），可以将更改 LPTIM 计 数器模式
2	tmp/wch-evt/application_notes/CH32L103RM.PDF	27a1b969cb2cb99d296ac562cac134ec63d52e4f0c75cf9d6bad7c696bc66fe3	finding	iochub-identity	7	2	p power supply domain                                LSE 32K crystal oscillator                   VBAT         Back-up register                                RCC BDCR register                                RTC      在主电源 VDD 掉电后，模拟开关切换至 VBAT，后备区域由 VBAT 引脚供电，此时 PC13～15 无法作为 GPIO，仅可使用如下功能：  PC13 可以作为 T
2	tmp/wch-evt/application_notes/CH32L103RM.PDF	27a1b969cb2cb99d296ac562cac134ec63d52e4f0c75cf9d6bad7c696bc66fe3	finding	iochub-identity	37	1	polynomial: 0x4C11DB7)                            32-bit write                                                  Data register                                                  (CRC_DATAR) 5.1 主要特征                                             32   26    23    22   16   12     11   10     8   7   5   4
2	tmp/wch-evt/application_notes/CH32L103RM.PDF	27a1b969cb2cb99d296ac562cac134ec63d52e4f0c75cf9d6bad7c696bc66fe3	finding	iochub-identity	44	4	正常工作。当看门狗计数器 自减到 0 时，将会产生系统复位，所以超时时间为（重装载值+1）个时钟。                   图 7-1 独立看门狗的结构框图         CORE            Prescaler register   Status register     Reload register     Control register                 IWDG_PSCR       IWDG_STATR           IWDG_RLDR           IWDG_CTLR
2	tmp/wch-evt/application_notes/CH32L103RM.PDF	27a1b969cb2cb99d296ac562cac134ec63d52e4f0c75cf9d6bad7c696bc66fe3	finding	iochub-identity	47	2	图 8-1 窗口看门狗结构框图                                                           Watchdog configuration register(WWDG_CFGR)                                                                -     W6 W5 W4 W3 W2 W1 W0                                    T[6:0] ＞ W[6:0] RESET
2	tmp/wch-evt/application_notes/CH32L103RM.PDF	27a1b969cb2cb99d296ac562cac134ec63d52e4f0c75cf9d6bad7c696bc66fe3	finding	iochub-identity	72	1	0 9.5.3 专用 CSR 寄存器   RISC-V 架构中定义了一些控制和状态寄存器（Control and Status Register,CSR），用于配 置或标识或记录运行状态。CSR 寄存器属于内核内部的寄存器，使用专用的 12 位地址空间。该芯片 除了 RISC-V 特权架构文档中定义的标准寄存器外，还增加了一些厂商自定义寄存器，需要使用 csr 指令进行访问。 注：此类寄存器标注为“MRW,MRO,MRW1”属性的需要系统在机器模式下才能访问。 9.5.3.1 中断系统控制寄存器（
2	tmp/wch-evt/application_notes/CH32L103RM.PDF	27a1b969cb2cb99d296ac562cac134ec63d52e4f0c75cf9d6bad7c696bc66fe3	finding	iochub-identity	78	3	VDD                                       register                                                            TTL Schmitt                                                                                                         Prot
2	tmp/wch-evt/application_notes/CH32L103RM.PDF	27a1b969cb2cb99d296ac562cac134ec63d52e4f0c75cf9d6bad7c696bc66fe3	finding	iochub-identity	79	3	VDD                                    register                                                         TTL Schmitt                                                                                              Protection
2	tmp/wch-evt/application_notes/CH32L103RM.PDF	27a1b969cb2cb99d296ac562cac134ec63d52e4f0c75cf9d6bad7c696bc66fe3	finding	iochub-identity	80	6	VDD                                       register                                                              TTL Schmitt                                                              trigger                                     P
2	tmp/wch-evt/application_notes/CH32L103RM.PDF	27a1b969cb2cb99d296ac562cac134ec63d52e4f0c75cf9d6bad7c696bc66fe3	finding	iochub-identity	81	3	VDD                                          register                                                               TTL Schmitt                                                               trigger                             Protect
2	tmp/wch-evt/application_notes/CH32L103RM.PDF	27a1b969cb2cb99d296ac562cac134ec63d52e4f0c75cf9d6bad7c696bc66fe3	finding	iochub-identity	109	2	EOC=1                                                                                                register (16 bits)          VSSA                                                                                                                                              End of Injecti
2	tmp/wch-evt/application_notes/CH32L103RM.PDF	27a1b969cb2cb99d296ac562cac134ec63d52e4f0c75cf9d6bad7c696bc66fe3	finding	iochub-identity	130	9	TI1FP1                                  Encoder                   Count             REP Register                                                                                                               interface
2	tmp/wch-evt/application_notes/CH32L103RM.PDF	27a1b969cb2cb99d296ac562cac134ec63d52e4f0c75cf9d6bad7c696bc66fe3	finding	iochub-identity	133	2	read_in_progress         Read CCR1L                                Capture/compare preload register                                      R Write CCR1L                          R                                                                                   Output
2	tmp/wch-evt/application_notes/CH32L103RM.PDF	27a1b969cb2cb99d296ac562cac134ec63d52e4f0c75cf9d6bad7c696bc66fe3	finding	iochub-identity	139	1	UG             Counter clock =ck_cnt=ck_psc                               Counter                              register      30 31 32 33 34 35 36 00 01 02 03 00 01 02 03                                   TIF   从模式：门控模式   输入信号的电平使能计数器。以下的例子中，仅 TI1 为低时计数器向上计数：   1) 配置通道 1 以检测 TI1 上的低电平。配置输入滤波器带宽
2	tmp/wch-evt/application_notes/CH32L103RM.PDF	27a1b969cb2cb99d296ac562cac134ec63d52e4f0c75cf9d6bad7c696bc66fe3	finding	iochub-identity	140	2	TI1                                 cnt_en            Counter clock =ck_cnt=ck_psc                      Counter register      30 31 32 33             35 36 37 38                                      TIF                                               Write    TIF=0 从模式：触发模式    选择的输入端上发生事件时将使能计数
2	tmp/wch-evt/application_notes/CH32L103RM.PDF	27a1b969cb2cb99d296ac562cac134ec63d52e4f0c75cf9d6bad7c696bc66fe3	finding	iochub-identity	141	1	ETR              Counter clock =CK_CNT=CK_PSC                          Counter register            34                    35     36                                       TIF 14.3.12 定时器同步模式   TIMx 定时器从内部连接在一起，以实现定时器同步或级联。当某个定时器配置为主模式时，可 对另一个配置为从模式的定时器的计数器执行复位、启动、
2	tmp/wch-evt/application_notes/CH32L103RM.PDF	27a1b969cb2cb99d296ac562cac134ec63d52e4f0c75cf9d6bad7c696bc66fe3	finding	iochub-identity	165	7	U      Register       UI                                                                                                          Stop,clear,Up/Down
2	tmp/wch-evt/application_notes/CH32L103RM.PDF	27a1b969cb2cb99d296ac562cac134ec63d52e4f0c75cf9d6bad7c696bc66fe3	finding	iochub-identity	168	2	gress                            read_in_progress         Read CCR1L                            Capture/compare preload register                                        R Write CCR1L                       R                                                                                    Output
2	tmp/wch-evt/application_notes/CH32L103RM.PDF	27a1b969cb2cb99d296ac562cac134ec63d52e4f0c75cf9d6bad7c696bc66fe3	finding	iochub-identity	205	5	rite                                   Read                                              (CPU or DMA)             (DATA REGISTER) DATAR                 (CPU or DMA)                                                   Transmit Data Register                     Receive Data Register             TX       IrDA
2	tmp/wch-evt/application_notes/CH32L103RM.PDF	27a1b969cb2cb99d296ac562cac134ec63d52e4f0c75cf9d6bad7c696bc66fe3	finding	iochub-identity	218	8	//wch.cn                                   图 18-2 I2C 功能框图                                                      Data register                     Noise        Data             SDA                                   Data shift register                     filter      control
2	tmp/wch-evt/application_notes/CH32L103RM.PDF	27a1b969cb2cb99d296ac562cac134ec63d52e4f0c75cf9d6bad7c696bc66fe3	finding	iochub-identity	231	1	IE  IE   IE                       AEN AEN                    Shift register           MISO                                        LSB first              SPI_CTATR                      Tx buffer                               BSY     OVR MOD
2	tmp/wch-evt/application_notes/CH32L103RM.PDF	27a1b969cb2cb99d296ac562cac134ec63d52e4f0c75cf9d6bad7c696bc66fe3	finding	iochub-identity	268	3	Valid message            Valid message            Valid message            Valid message                   received    Registered   received    Registered   received    Registered   received        Empty                     1                      2                      3                   Overflow        F
2	tmp/wch-evt/application_notes/CH32L103RM.PDF	27a1b969cb2cb99d296ac562cac134ec63d52e4f0c75cf9d6bad7c696bc66fe3	finding	iochub-identity	304	1	PER bit=1                    Write the erased page                       header address in                  FLASH_ADDR register (erase                    one sector at a time)                  Set FLASH_CTLR STRT bit=1                                                YES                         BSY bit=1？
2	tmp/wch-evt/application_notes/CH32L103RM.PDF	27a1b969cb2cb99d296ac562cac134ec63d52e4f0c75cf9d6bad7c696bc66fe3	finding	wchnet-chip-field	5	1	USART4                      Reserved          0x8000 0000                              0x4000 4C00    0x1FFF 0D00                                                                                  USART3
2	tmp/wch-evt/application_notes/CH32L103RM.PDF	27a1b969cb2cb99d296ac562cac134ec63d52e4f0c75cf9d6bad7c696bc66fe3	finding	wchnet-chip-field	35	1	时钟。                                                     RTC 时钟可以被减慢 0~121ppm。 4.3.3 侵入检测控制寄存器（BKP_TPCTLR）        偏移地址：0x30 15       14    13     12   11   10         9    8          7   6      5       4   3    2        1      0                                           Reserved
2	tmp/wch-evt/application_notes/CH32L103RM.PDF	27a1b969cb2cb99d296ac562cac134ec63d52e4f0c75cf9d6bad7c696bc66fe3	finding	wchnet-chip-field	69	2	0                                                      0：无影响。 9.5.2.27 PFIC 中断激活状态寄存器 1（PFIC_IACTR1）     偏移地址：0x300  31      30     29      28      27   26     25      24        23   22    21     20    19    18      17       16                                                   IACTS[31:16]  15
2	tmp/wch-evt/application_notes/CH32L103RM.PDF	27a1b969cb2cb99d296ac562cac134ec63d52e4f0c75cf9d6bad7c696bc66fe3	finding	wchnet-chip-field	70	1	0：当前编号中断没执行。 9.5.2.29 PFIC 中断激活状态寄存器 3（PFIC_IACTR3）     偏移地址：0x308 31       30       29     28      27       26     25    24        23   22   21     20    19    18      17      16                                                        Reserved 1
2	tmp/wch-evt/application_notes/CH32L103RM.PDF	27a1b969cb2cb99d296ac562cac134ec63d52e4f0c75cf9d6bad7c696bc66fe3	finding	wchnet-chip-field	72	2	寄存器外，还增加了一些厂商自定义寄存器，需要使用 csr 指令进行访问。 注：此类寄存器标注为“MRW,MRO,MRW1”属性的需要系统在机器模式下才能访问。 9.5.3.1 中断系统控制寄存器（INTSYSCR）     CSR 地址：0x804 31       30    29   28      27   26       25     24        23    22    21     20        19      18      17      16                                                  Reserved 15
2	tmp/wch-evt/application_notes/CH32L103RM.PDF	27a1b969cb2cb99d296ac562cac134ec63d52e4f0c75cf9d6bad7c696bc66fe3	finding	wchnet-chip-field	122	1	规则序列中的第 13 个转换通道的编号（0-9，16-18）。                                   0 12.3.10 ADC 规则通道序列寄存器 2（ADC_RSQR2）        偏移地址：0x30   31        30   29     28      27       26    25   24         23      22       21   20   19      18       17       16 Reserved                     SQ12[4:0]
2	tmp/wch-evt/application_notes/CH32L103RM.PDF	27a1b969cb2cb99d296ac562cac134ec63d52e4f0c75cf9d6bad7c696bc66fe3	finding	wchnet-chip-field	160	1	https://wch.cn 14.4.13 重复计数值寄存器（TIM1_RPTCR）        偏移地址：0x30  15       14        13        12        11        10        9         8         7       6    5    4     3    2        1        0                               Reserved
2	tmp/wch-evt/application_notes/CH32L103RM.PDF	27a1b969cb2cb99d296ac562cac134ec63d52e4f0c75cf9d6bad7c696bc66fe3	finding	wchnet-chip-field	262	1	可单独控制；                                                           （2）CHIPID 倒数第二位为 1 的芯片，在作                                                           为 Source 使用时，端口配置为上拉输入。                                                           CC1 端口下拉电阻 Rd 使能：
2	tmp/wch-evt/application_notes/CH32L103RM.PDF	27a1b969cb2cb99d296ac562cac134ec63d52e4f0c75cf9d6bad7c696bc66fe3	finding	wchnet-chip-field	263	1	独立于 GPIO，                                                   可单独控制；                                                   （2）CHIPID 倒数第二位为 1 的芯片，在作                                                   为 Source 使用时，端口配置为上拉输入                                                   CC2 端口下拉电阻 Rd 使能：
2	tmp/wch-evt/application_notes/CH32L103RM.PDF	27a1b969cb2cb99d296ac562cac134ec63d52e4f0c75cf9d6bad7c696bc66fe3	finding	wchnet-chip-field	282	1	0                                                   0：发送传统帧。 22.8.12 CANFD 时序寄存器（CANFD_BTR）        偏移地址：0x30 31       30     29      28   27    26        25     24         23    22   21     20   19     18       17       16                         Reserved                           TDCE
2	tmp/wch-evt/application_notes/CH32L103RM.PDF	27a1b969cb2cb99d296ac562cac134ec63d52e4f0c75cf9d6bad7c696bc66fe3	finding	wchnet-chip-field	305	1	256 字节缓存区操作。 6）等待 BYS 位变为‘0’或 FLASH_STATR 寄存器的 EOP 位为‘1’表示清除结束，将 EOP 位清 0。 7）使用 32 位方式向 FLASH 地址写入数据，例如    *（uint32_t*）0x80000000 = 0x12345678； 8）然后设置 FLASH_CTLR 寄存器的 BUFLOAD 位，执行加载到缓存区。 9）等待 FLASH_STATR 寄存器的 WR_BSY 为‘0’，写入下个数据。 10）重复步骤 7-9 共 64 次，将 256 字节数据都加载到缓存区（主要 64 轮操作地址要连续）。 11）向 FLASH_ADDR 寄存器写
2	tmp/wch-evt/application_notes/CH32L103RM.PDF	27a1b969cb2cb99d296ac562cac134ec63d52e4f0c75cf9d6bad7c696bc66fe3	global	id-terms	221	1	us 的时钟为低超过 35mS 时，会报超时，但 I2C 无此限制； 3） SMBus 有固定的逻辑电平，而 I2C 没有，取决于 VDD； 4） SMBus 有总线协议，而 I2C 没有。    SMBus 还包括设备识别、地址解析协议、唯一的设备标识符、SMBus 提醒和各种总线协议，具体 请参考 SMBus 规范 2.0 版本。当使用 SMBus 时，只需要置控制寄存器的 SMBus 位，按需配置 SMBTYPE 位和 ENAARP 位。 18.8 中断        每个 I2C 模块都有两种中断向量，                         分别是事件中断和错误中断。    两种中断支
2	tmp/wch-evt/application_notes/CH32L103RM.PDF	27a1b969cb2cb99d296ac562cac134ec63d52e4f0c75cf9d6bad7c696bc66fe3	global	id-terms	262	1	可单独控制；                                                           （2）CHIPID 倒数第二位为 1 的芯片，在作                                                           为 Source 使用时，端口配置为上拉输入。                                                           CC1 端口下拉电阻 Rd 使能：
2	tmp/wch-evt/application_notes/CH32L103RM.PDF	27a1b969cb2cb99d296ac562cac134ec63d52e4f0c75cf9d6bad7c696bc66fe3	global	id-terms	263	1	独立于 GPIO，                                                   可单独控制；                                                   （2）CHIPID 倒数第二位为 1 的芯片，在作                                                   为 Source 使用时，端口配置为上拉输入                                                   CC2 端口下拉电阻 Rd 使能：
2	tmp/wch-evt/application_notes/CH32L103RM.PDF	27a1b969cb2cb99d296ac562cac134ec63d52e4f0c75cf9d6bad7c696bc66fe3	global	id-terms	312	3	https://wch.cn                              第 27 章 电子签名（ESIG）   电子签名包含了芯片识别信息：闪存区容量和唯一身份标识。它由厂家在出厂时烧录到存储器 模块的系统存储区域，可以通过 SWD（SDI）或者应用代码读取。 27.1 功能描述   闪存区容量：指示当前芯片用户应用程序可以使用大小。   唯一身份标识：96 位二进制码，对任意一个微控制器都是唯一的，用户只能读访问不能修改。 此唯一标识信息可以用作微控制器（产品）的安全密码、加解密钥、产品序列号等，用来提高系统 安
2	tmp/wch-evt/application_notes/CH32L103RM.PDF	27a1b969cb2cb99d296ac562cac134ec63d52e4f0c75cf9d6bad7c696bc66fe3	global	identity-csr	56	4	14     13       12      11      10         9     8          7      6      5     4     3     2       1      0 IF15 IF14 IF13 IF12 IF11 IF10                      IF9   IF8        IF7    IF6    IF5   IF4   IF3   IF2     IF1    IF0        位                 名称               访问
2	tmp/wch-evt/application_notes/CH32L103RM.PDF	27a1b969cb2cb99d296ac562cac134ec63d52e4f0c75cf9d6bad7c696bc66fe3	global	identity-csr	87	4	29     28   27   26        25   24        23    22     21     20    19    18       17      16 CNF15[1:0] MODE15[1:0] CNF14[1:0] MODE14[1:0] CNF13[1:0] MODE13[1:0] CNF12[1:0] MODE12[1:0]  15      14    13     12   11   10        9    8         7      6      5     4     3      2       1       0 CNF11[1:
2	tmp/wch-evt/application_notes/CH32L103RM.PDF	27a1b969cb2cb99d296ac562cac134ec63d52e4f0c75cf9d6bad7c696bc66fe3	global	known-addresses	312	1	名称                   访问地址                                  描述                    复位值 R16_ESIG_FLACAP                  0x1FFFF7E0         闪存容量寄存器                                   0xXXXX R32_ESIG_UNIID1                  0x1FFFF7E8         UID 寄存器 1                               0xXXXXXXXX R32_ESIG_UNIID2
2	tmp/wch-evt/application_notes/CH32L103RM.PDF	27a1b969cb2cb99d296ac562cac134ec63d52e4f0c75cf9d6bad7c696bc66fe3	global	revision-errata	1	2	V4C 内核，支持硬件中断堆栈，提升中断响应效率；该系列产品挂载了丰富的外设接口和功能模块。其 内部组织架构满足低成本低功耗嵌入式应用场景。   本手册针对用户的应用开发，提供了 CH32L103 产品的详细使用信息。 RISC-V 内核版本对比概览      特点           硬件   中断    快速   整数                                                  扩展   内存 内核        指令集     堆栈   嵌套    中断   除法   向量表模式
2	tmp/wch-evt/application_notes/CH32L103RM.PDF	27a1b969cb2cb99d296ac562cac134ec63d52e4f0c75cf9d6bad7c696bc66fe3	global	revision-errata	102	1	N bit o f chann el 7                                                  Hardware request7                                 Fixed hardware                          I2C1_RX                                                                                    Channel 7           priority                        TI
2	tmp/wch-evt/application_notes/CH32L103RM.PDF	27a1b969cb2cb99d296ac562cac134ec63d52e4f0c75cf9d6bad7c696bc66fe3	global	revision-errata	217	2	信总线（I2C）   内部集成电路总线（I2C）广泛用在微控制器和传感器及其他片外模块的通讯上，它本身支持多 主多从模式，仅仅使用两根线（SDA 和 SCL）就能以 100KHz（标准）和 400KHz（快速）两种速度通 讯。I2C 总线还兼容 SMBus 协议，不仅支持 I2C 的时序，还支持仲裁、定时和 DMA，拥有 CRC 校验功 能。 18.1 主要特征       支持主模式和从模式       支持 7 位或 10 位地址       从设备支持双 7 位地址       支持两种速度模式：100KHz 和 400KHz       多种状态模式，多种错误标志 
2	tmp/wch-evt/application_notes/CH32L103RM.PDF	27a1b969cb2cb99d296ac562cac134ec63d52e4f0c75cf9d6bad7c696bc66fe3	global	revision-errata	221	1	固定的逻辑电平，而 I2C 没有，取决于 VDD； 4） SMBus 有总线协议，而 I2C 没有。    SMBus 还包括设备识别、地址解析协议、唯一的设备标识符、SMBus 提醒和各种总线协议，具体 请参考 SMBus 规范 2.0 版本。当使用 SMBus 时，只需要置控制寄存器的 SMBus 位，按需配置 SMBTYPE 位和 ENAARP 位。 18.8 中断        每个 I2C 模块都有两种中断向量，                         分别是事件中断和错误中断。    两种中断支持图 18-4 的中断源。                          图
2	tmp/wch-evt/application_notes/CH32L103RM.PDF	27a1b969cb2cb99d296ac562cac134ec63d52e4f0c75cf9d6bad7c696bc66fe3	global	revision-errata	265	1	CAN 协议实现方案，支持 CAN 协议 2.0A 和 2.0B。CAN 控制器可以用来构建强大的局域网来实现安全的分 布式实时控制，以较小的 CPU 负荷来处理大量的数据报文，在工业和汽车领域有着广泛的应用。 22.1 主要特性  兼容 CAN 规范 2.0A 和 2.0B  可编程的传输速率，最高可达 8Mbit/s  支持时间触发通信功能，避免低优先级消息阻塞  支持三个发送邮箱，发送报文优先级可由报文标识符或发送请求的次序决定，并可记录发送报 文 SOF 时刻的时间戳  支持三级邮箱深度的 1 个接收 FIFO，FIFO 溢出处理方式灵活，并可记录接收报文 SOF 时刻的时
2	tmp/wch-evt/application_notes/CH32L103RM.PDF	27a1b969cb2cb99d296ac562cac134ec63d52e4f0c75cf9d6bad7c696bc66fe3	global	silicon-package-lot	78	1	PB6/PB7 可以复用作为 USB PD 的 I/O 引脚，有两套相互独立的上拉和下拉电阻。其中，与其他 GPIO 特性相同的上拉和下拉电阻的控制方法与其他 GPIO 相同。          另有一套上拉电流和下拉电阻 Rd  （部 分封装形式的芯片未内置）用于 Type-C 引脚，由 R16_PORT_CC1/R16_PORT_CC2 控制。另外，AFIO_CR 中的 USBPD_IN_HVT 位，可为 PB6/PB7 选择高阈值输入模式。 10.1 主要特征   端口的每个引脚可以配置成以下的多种模式之一：       浮空输入          开漏输出       上拉输入
2	tmp/wch-evt/application_notes/CH32L103RM.PDF	27a1b969cb2cb99d296ac562cac134ec63d52e4f0c75cf9d6bad7c696bc66fe3	global	silicon-package-lot	262	1	注：CC 端口的下拉电阻独立于 GPIO，可单独                                                           控制，但部分封装形式的芯片未内置 Rd，具                                                           体参考 CH32L103DS0.PDF 中选型表         0       PA_CC1_AI                 RO              CC1 端口比较器模拟输入。
2	tmp/wch-evt/application_notes/CH32L103RM.PDF	27a1b969cb2cb99d296ac562cac134ec63d52e4f0c75cf9d6bad7c696bc66fe3	global	silicon-package-lot	263	1	注：CC 端口的下拉电阻独立于 GPIO，可单独                                                   控制，但部分封装形式的芯片未内置 Rd，具                                                   体参考 CH32L103DS0.PDF 中选型表         0        PA_CC2_AI               RO       CC2 端口比较器模拟输入。
2	tmp/wch-evt/application_notes/CH32M030RM.PDF	109a7bb0ab9a0b7029f82f05bbf8ba212f879b32a20b00a0c3e1a8f5948629ae	finding	csr-address-meaning	44	4	0x00000000   GINTENR                0x800                  URW           用户模式全局中断使能寄存器                  0x00000000   INTSYSCR               0x804                  URW           中断系统控制寄存器                      0x0000E002   CORECFGR               0xBC0                  MRW           微处理器配置寄存器
2	tmp/wch-evt/application_notes/CH32M030RM.PDF	109a7bb0ab9a0b7029f82f05bbf8ba212f879b32a20b00a0c3e1a8f5948629ae	finding	csr-address-meaning	45	6	0        [10:8]   Reserved       URO    保留。                                   0                                       当 0xBC0(CSR)bit5 位使能时，该位在          7      MPIE           URW                                          0                                       用户模式下可读可写。        [6:4]    Reserved       URO
2	tmp/wch-evt/application_notes/CH32M030RM.PDF	109a7bb0ab9a0b7029f82f05bbf8ba212f879b32a20b00a0c3e1a8f5948629ae	finding	h417-lot-capability	26	1	8         -2   固定      ECALL-U          用户模式回调中断          0x00000020     9         -1   固定     BREAKPOINT          断点回调中断          0x00000024                                                              0x00000028- 10-11         -     -         -                    -
2	tmp/wch-evt/application_notes/CH32M030RM.PDF	109a7bb0ab9a0b7029f82f05bbf8ba212f879b32a20b00a0c3e1a8f5948629ae	finding	h417-lot-capability	49	1	TTL Schmitt                                                            trigger                                     Protection                                                                                on/off                  diode        Write   Bit set
2	tmp/wch-evt/application_notes/CH32M030RM.PDF	109a7bb0ab9a0b7029f82f05bbf8ba212f879b32a20b00a0c3e1a8f5948629ae	finding	h417-lot-capability	50	2	Protection                                                          trigger                                                                          on/off                       diode          Write   Bit set/ reset                  Input driver
2	tmp/wch-evt/application_notes/CH32M030RM.PDF	109a7bb0ab9a0b7029f82f05bbf8ba212f879b32a20b00a0c3e1a8f5948629ae	finding	h417-lot-capability	51	2	TTL Schmitt                                                               trigger                                      Protection                                                                                                            diode          Write
2	tmp/wch-evt/application_notes/CH32M030RM.PDF	109a7bb0ab9a0b7029f82f05bbf8ba212f879b32a20b00a0c3e1a8f5948629ae	finding	h417-lot-capability	52	1	Data                         register                                    Schmitt                                    trigger 注：Cap 为 1uF 的片外电容；N-MOSFET 为片外 N 型 MOSFET 功率管。     CH32M030 集成了 4 个独立半桥驱动器，每个半桥均包含低压降的自举二极管、高侧和低侧电平移 位电路、高侧和低侧输出驱动电路，支持 4 对 N 型 MOSFET 功率管的栅极驱动，外部仅需一个电容保 存自举电源，栅极驱动电压取决于 VDD8，从
2	tmp/wch-evt/application_notes/CH32M030RM.PDF	109a7bb0ab9a0b7029f82f05bbf8ba212f879b32a20b00a0c3e1a8f5948629ae	finding	iochub-identity	11	1	HSE                                                                                            to Flash（register）               MCO[1:0]                                    HB prescaler                                            FCLK core free running clock
2	tmp/wch-evt/application_notes/CH32M030RM.PDF	109a7bb0ab9a0b7029f82f05bbf8ba212f879b32a20b00a0c3e1a8f5948629ae	finding	iochub-identity	23	2	图。                     图 4-1 窗口看门狗结构框图                                                          Watchdog configuration register(WWDG_CFGR)                                                               -     W6 W5 W4 W3 W2 W1 W0                                   T[6:0] ＞ W[6:0] RESET
2	tmp/wch-evt/application_notes/CH32M030RM.PDF	109a7bb0ab9a0b7029f82f05bbf8ba212f879b32a20b00a0c3e1a8f5948629ae	finding	iochub-identity	44	1	置比较计数器值低 32 位。                                      X 5.5.4 专用 CSR 寄存器     RISC-V 架构中定义了一些控制和状态寄存器（Control and Status Register,CSR），用于配置 或标识或记录运行状态。CSR 寄存器属于内核内部的寄存器，使用专用的 12 位地址空间。CH32M030 芯片除了 RISC-V 特权架构文档中定义的标准寄存器外，还增加了一些厂商自定义寄存器，需要使用 CSR 指令进行访问。 注：部分 CSR 寄存器需要系统在机器模式下访问，非机器模式下访问这些 CSR 寄存器将导致芯片进入 异常。标
2	tmp/wch-evt/application_notes/CH32M030RM.PDF	109a7bb0ab9a0b7029f82f05bbf8ba212f879b32a20b00a0c3e1a8f5948629ae	finding	iochub-identity	49	3	VDD (1)                                       register                                                            TTL Schmitt                                                            trigger                                     Prote
2	tmp/wch-evt/application_notes/CH32M030RM.PDF	109a7bb0ab9a0b7029f82f05bbf8ba212f879b32a20b00a0c3e1a8f5948629ae	finding	iochub-identity	50	6	Input data                                                   VDD                                     register                                                           TTL Schmitt                                                                                                        Protec
2	tmp/wch-evt/application_notes/CH32M030RM.PDF	109a7bb0ab9a0b7029f82f05bbf8ba212f879b32a20b00a0c3e1a8f5948629ae	finding	iochub-identity	51	6	VDD                                          register                                                               TTL Schmitt                                                               trigger
2	tmp/wch-evt/application_notes/CH32M030RM.PDF	109a7bb0ab9a0b7029f82f05bbf8ba212f879b32a20b00a0c3e1a8f5948629ae	finding	iochub-identity	52	3	utput                                  VB0             1uF   Cap                           data                         register              Level                                              shifter         Gate               PB9                        TIM1_CH1
2	tmp/wch-evt/application_notes/CH32M030RM.PDF	109a7bb0ab9a0b7029f82f05bbf8ba212f879b32a20b00a0c3e1a8f5948629ae	finding	iochub-identity	72	2	EOC=1                                                                                              register (16 bits)        VSSA                                                                                                                                             End of Injection
2	tmp/wch-evt/application_notes/CH32M030RM.PDF	109a7bb0ab9a0b7029f82f05bbf8ba212f879b32a20b00a0c3e1a8f5948629ae	finding	iochub-identity	96	2	read_in_progress         Read CCR1L                                Capture/compare preload register                                      R Write CCR1L                          R                                                                                   Output
2	tmp/wch-evt/application_notes/CH32M030RM.PDF	109a7bb0ab9a0b7029f82f05bbf8ba212f879b32a20b00a0c3e1a8f5948629ae	finding	iochub-identity	125	2	gress                            read_in_progress         Read CCR1L                            Capture/compare preload register                                         R Write CCR1L                       R                                                                                     Output
2	tmp/wch-evt/application_notes/CH32M030RM.PDF	109a7bb0ab9a0b7029f82f05bbf8ba212f879b32a20b00a0c3e1a8f5948629ae	finding	iochub-identity	149	2	gress                            read_in_progress         Read CCR1L                            Capture/compare preload register                                         R Write CCR1L                       R                                                                                     Output
2	tmp/wch-evt/application_notes/CH32M030RM.PDF	109a7bb0ab9a0b7029f82f05bbf8ba212f879b32a20b00a0c3e1a8f5948629ae	finding	iochub-identity	164	5	Read                                                     (CPU or DMA)            (DATA REGISTER) DATAR                 (CPU or DMA)                                                          Transmit Data Register                    Receive Data Register                   TX
2	tmp/wch-evt/application_notes/CH32M030RM.PDF	109a7bb0ab9a0b7029f82f05bbf8ba212f879b32a20b00a0c3e1a8f5948629ae	finding	iochub-identity	173	8	.cn                                    图 13-2 I2C 功能框图                                                          Data register                       Noise        Data                 SDA                                   Data shift register                       filter      control
2	tmp/wch-evt/application_notes/CH32M030RM.PDF	109a7bb0ab9a0b7029f82f05bbf8ba212f879b32a20b00a0c3e1a8f5948629ae	finding	iochub-identity	174	8	onse, EVTx=event (interrupt generated when ITEVFEN=1)    EVT5: SB=1, reading SR1 and then writing the address to the DR register will clear the event.    EVT6;ADDR=1,reading SR1 then reading SR2 will clear the event.    EVT8_1: TxE=1, shift register empty, data register empty, write DR register.    EVT8: Tx
2	tmp/wch-evt/application_notes/CH32M030RM.PDF	109a7bb0ab9a0b7029f82f05bbf8ba212f879b32a20b00a0c3e1a8f5948629ae	finding	iochub-identity	175	4	EVTx=event (interrupt generated when ITEVFEN=1)        EVT5: SB=1, reading SR1 and then writing the address to DR register will clear the event.        EVT6: ADDR=1,reading SR1 and then reading SR2 will erase this event. In 10-bit master receive mode, START=1 of CR2 should be        set after this eve
2	tmp/wch-evt/application_notes/CH32M030RM.PDF	109a7bb0ab9a0b7029f82f05bbf8ba212f879b32a20b00a0c3e1a8f5948629ae	finding	iochub-identity	176	6	t is generated when ITEVFEN=1)    EVT1;ADDR=1,read SR1 then read SR2 will eliminate the event.    EVT3_1: TxE=1, shift register empty, data register empty, write DR.    EVT3: TxE=1,shift register is not empty,data register is empty,writing DR will clear the event.    EVT3_2: AF=1, write '0' in AF bit of SR
2	tmp/wch-evt/application_notes/CH32M030RM.PDF	109a7bb0ab9a0b7029f82f05bbf8ba212f879b32a20b00a0c3e1a8f5948629ae	finding	iochub-identity	185	1	IE  IE   IE                       AEN AEN                     Shift register        MISO                                         LSB first                  SPI_STATR                       Tx buffer                                   BSY     OVR MOD
2	tmp/wch-evt/application_notes/CH32M030RM.PDF	109a7bb0ab9a0b7029f82f05bbf8ba212f879b32a20b00a0c3e1a8f5948629ae	finding	iochub-identity	238	1	Write the erased page                          header address in                     FLASH_ADDR register (erase                       one sector at a time)                      Set FLASH_CTLR STRT bit=1                                               YES                            B
2	tmp/wch-evt/application_notes/CH32M030RM.PDF	109a7bb0ab9a0b7029f82f05bbf8ba212f879b32a20b00a0c3e1a8f5948629ae	finding	wchnet-chip-field	40	2	0                                                    0：无影响。 5.5.2.20 PFIC 中断激活状态寄存器 1（PFIC_IACTR1）     偏移地址：0x300  31      30     29      28   27    26     25      24        23   22    21    20    19    18      17       16                                                 IACTS[31:16]  15
2	tmp/wch-evt/application_notes/CH32M030RM.PDF	109a7bb0ab9a0b7029f82f05bbf8ba212f879b32a20b00a0c3e1a8f5948629ae	finding	wchnet-chip-field	44	4	名称           CSR 地址                 访问                               描述                   复位值   MTVEC                  0x305                  MRW           机器模式异常基地址寄存器                   0x00000000   GINTENR                0x800                  URW           用户模式全局中断使能寄存器                  0x00000000
2	tmp/wch-evt/application_notes/CH32M030RM.PDF	109a7bb0ab9a0b7029f82f05bbf8ba212f879b32a20b00a0c3e1a8f5948629ae	finding	wchnet-chip-field	45	2	IE 位控制，该寄存器用户模式下无法操作。而全局中断使能寄存器 gintenr 是 mstatus 中 MIE 和 MPIE 的映射，用户模式下可以通过操作 gintenr，用于 MIE 和 MPIE 的置位和清零。     CSR 地址：0x800          位                名称   访问                 描述                     复位值    [31:13]      Reserved       URO    保留。                                   0    [12:11]      MPP[1:0
2	tmp/wch-evt/application_notes/CH32M030RM.PDF	109a7bb0ab9a0b7029f82f05bbf8ba212f879b32a20b00a0c3e1a8f5948629ae	finding	wchnet-chip-field	46	2	0                                         MIE 寄存器映射使能：                                         1：CSR 地址 0x800 的位 3 和位 7 分别                                         映射为 MSTATUS 寄存器的位 MIE 和          5      IE_REMAP_EN       MRW                                       0
2	tmp/wch-evt/application_notes/CH32M030RM.PDF	109a7bb0ab9a0b7029f82f05bbf8ba212f879b32a20b00a0c3e1a8f5948629ae	finding	wchnet-chip-field	85	1	规则序列中的第 13 个转换通道的编号（0-19）。                                       0 8.3.10 ADC 规则通道序列寄存器 2（ADC_RSQR2）        偏移地址：0x30   31        30   29      28      27       26    25   24        23      22       21   20   19      18       17       16 Reserved                      SQ12[4:0]
2	tmp/wch-evt/application_notes/CH32M030RM.PDF	109a7bb0ab9a0b7029f82f05bbf8ba212f879b32a20b00a0c3e1a8f5948629ae	finding	wchnet-chip-field	115	1	0xFFFF                                           新请阅读 9.2.3；ATRLR 为空时，计数器停止。 9.4.13 重复计数值寄存器（TIM1_RPTCR）        偏移地址：0x30         位               名称           访问                         描述                         复位值    [15:8]      Reserved              RO   保留。
2	tmp/wch-evt/application_notes/CH32M030RM.PDF	109a7bb0ab9a0b7029f82f05bbf8ba212f879b32a20b00a0c3e1a8f5948629ae	global	id-terms	229	3	https://wch.cn                                 第 18 章 电子签名（ESIG）   电子签名包含了芯片识别信息：闪存区容量和唯一身份标识。它由厂家在出厂时烧录到存储器模 块的系统存储区域，可以通过 SWD（SDI）或者应用代码读取。 18.1 功能描述   闪存区容量：指示当前芯片用户应用程序可以使用大小。   唯一身份标识：96 位二进制码，对任意一个微控制器都是唯一的，用户只能读访问不能修改。此 唯一标识信息可以用作微控制器（产品）的安全密码、加解密钥、产品序列号等，用来提高系统安全
2	tmp/wch-evt/application_notes/CH32M030RM.PDF	109a7bb0ab9a0b7029f82f05bbf8ba212f879b32a20b00a0c3e1a8f5948629ae	global	identity-csr	31	4	F16  15      14    13       12   11    10     9     8          7     6         5   4       3     2       1      0 IF15 IF14 IF13 IF12 IF11 IF10             IF9   IF8        IF7   IF6   IF5     IF4    IF3   IF2     IF1    IF0         位               名称          访问                                描述
2	tmp/wch-evt/application_notes/CH32M030RM.PDF	109a7bb0ab9a0b7029f82f05bbf8ba212f879b32a20b00a0c3e1a8f5948629ae	global	identity-csr	57	4	https://wch.cn CNF15[1:0] MODE15[1:0] CNF14[1:0] MODE14[1:0] CNF13[1:0] MODE13[1:0] CNF12[1:0] MODE12[1:0]  15      14    13     12   11   10        9    8         7      6      5     4     3      2       1       0 CNF11[1:
2	tmp/wch-evt/application_notes/CH32M030RM.PDF	109a7bb0ab9a0b7029f82f05bbf8ba212f879b32a20b00a0c3e1a8f5948629ae	global	revision-errata	1	2	的外设资源，提供过压保 护和过温保护。     本手册针对用户的应用开发，提供了 CH32M030 系列产品的详细使用信息。 有关此系列产品的器件特性请参考以下数据手册。 CH32M030：《CH32M030DS0》 RISC-V 内核版本概览         特点           硬件   中断    快速                                                        扩展      接口    内核        指令集     堆栈   嵌套    中断     流水线    向量表模式
2	tmp/wch-evt/application_notes/CH32V003RM.PDF	7a6bf439ecd68e0b87ffdd6765da2ef9b1796ce16084b7d1f25a658380c3bcfe	finding	csr-address-meaning	47	2	ISC-V 特权架构文档中定义的标准寄存器外，  还增加了一些厂商自定义寄存器， 需要使用 csr 指令进行访问。 注：此类寄存器标注为“MRW,MRO,MRW1”属性的需要系统在机器模式下才能访问。 6.5.3.1 中断系统控制寄存器（INTSYSCR）     CSR 地址：0x804 31     30     29   28     27   26    25    24        23   22    21   20    19   18       17      16                                            Reserved 15     14
2	tmp/wch-evt/application_notes/CH32V003RM.PDF	7a6bf439ecd68e0b87ffdd6765da2ef9b1796ce16084b7d1f25a658380c3bcfe	finding	h417-lot-capability	51	1	TTL Schmitt                                    Protection                                                         trigger                                         diode                                                                          on/off         Write Bit set                     / reset
2	tmp/wch-evt/application_notes/CH32V003RM.PDF	7a6bf439ecd68e0b87ffdd6765da2ef9b1796ce16084b7d1f25a658380c3bcfe	finding	h417-lot-capability	52	1	Protection                                                        trigger                                                                       on/off                diode         Write   Bit set/ reset                 Input driver                    V
2	tmp/wch-evt/application_notes/CH32V003RM.PDF	7a6bf439ecd68e0b87ffdd6765da2ef9b1796ce16084b7d1f25a658380c3bcfe	finding	h417-lot-capability	53	2	TTL Schmitt                                                              trigger                                     Protection                                                                                                          diode         Write Bit se
2	tmp/wch-evt/application_notes/CH32V003RM.PDF	7a6bf439ecd68e0b87ffdd6765da2ef9b1796ce16084b7d1f25a658380c3bcfe	finding	h417-lot-capability	54	1	TTL Schmitt                                                               trigger                             Protection                                                                                                   diode          Write    Bit set/reset
2	tmp/wch-evt/application_notes/CH32V003RM.PDF	7a6bf439ecd68e0b87ffdd6765da2ef9b1796ce16084b7d1f25a658380c3bcfe	finding	h417-lot-capability	67	7	TIM2_CH3                                             Channel 1                                             Software Trigger                                              MEM2MEM bit                                                                                            Arbiter
2	tmp/wch-evt/application_notes/CH32V003RM.PDF	7a6bf439ecd68e0b87ffdd6765da2ef9b1796ce16084b7d1f25a658380c3bcfe	finding	h417-lot-capability	90	1	Mx_ETR                                           ETR                                                                    Trigger                                                     Polarity selection,                     ETRF                controller                                                 Edge det
2	tmp/wch-evt/application_notes/CH32V003RM.PDF	7a6bf439ecd68e0b87ffdd6765da2ef9b1796ce16084b7d1f25a658380c3bcfe	finding	h417-lot-capability	117	1	TIM2_ETR                                      ETR                                                             Trigger                                               Polarity selection &                ETRF              controller                                            Edge detector & Prescaler
2	tmp/wch-evt/application_notes/CH32V003RM.PDF	7a6bf439ecd68e0b87ffdd6765da2ef9b1796ce16084b7d1f25a658380c3bcfe	finding	h417-lot-capability	175	1	W0     0：关闭高速读模式。                                      0                                                     芯片批号第五位小于 2 的只支持该模式仅在                                                     时钟 2 分频（即 CTLR1 寄存器的 BR = 000） V1.9                                                      173
2	tmp/wch-evt/application_notes/CH32V003RM.PDF	7a6bf439ecd68e0b87ffdd6765da2ef9b1796ce16084b7d1f25a658380c3bcfe	finding	iochub-identity	13	1	CSS                 MCO[1:0]                                                                  to Flash（register）                                      HB prescaler                                      /1,/2.../256                            HSI
2	tmp/wch-evt/application_notes/CH32V003RM.PDF	7a6bf439ecd68e0b87ffdd6765da2ef9b1796ce16084b7d1f25a658380c3bcfe	finding	iochub-identity	25	4	。当看门狗计数器 自减到 0 时，将会产生系统复位，所以超时时间为（重装载值+1）个时钟。                   图 4-1 独立看门狗的结构框图           CORE              Prescaler register   Status register     Reload register     Key register                  IWDG_PR            IWDG_SR            IWDG_RLR           IWDG_KR
2	tmp/wch-evt/application_notes/CH32V003RM.PDF	7a6bf439ecd68e0b87ffdd6765da2ef9b1796ce16084b7d1f25a658380c3bcfe	finding	iochub-identity	28	2	图。                     图 5-1 窗口看门狗结构框图                                                          Watchdog configuration register(WWDG_CFGR)                                                               -     W6 W5 W4 W3 W2 W1 W0                                   T[6:0] ＞ W[6:0] RESET
2	tmp/wch-evt/application_notes/CH32V003RM.PDF	7a6bf439ecd68e0b87ffdd6765da2ef9b1796ce16084b7d1f25a658380c3bcfe	finding	iochub-identity	47	1	保留。                                              0 6.5.3 专用 CSR 寄存器     RISC-V 架构中定义了一些控制和状态寄存器（Control and Status Register,CSR），用于配 置或标识或记录运行状态。CSR 寄存器属于内核内部的寄存器，使用专用的 12 位地址空间。 CH32V003 芯片除了 RISC-V 特权架构文档中定义的标准寄存器外，  还增加了一些厂商自定义寄存器， 需要使用 csr 指令进行访问。 注：此类寄存器标注为“MRW,MRO,MRW1”属性的需要系统在机器模式下才能访问。 6.5.3.1
2	tmp/wch-evt/application_notes/CH32V003RM.PDF	7a6bf439ecd68e0b87ffdd6765da2ef9b1796ce16084b7d1f25a658380c3bcfe	finding	iochub-identity	51	3	VDDX (1)                                   register                                                          TTL Schmitt                                    Protection                                                         trigger
2	tmp/wch-evt/application_notes/CH32V003RM.PDF	7a6bf439ecd68e0b87ffdd6765da2ef9b1796ce16084b7d1f25a658380c3bcfe	finding	iochub-identity	52	3	VDD                                    register                                                         TTL Schmitt                                                                                              Protection
2	tmp/wch-evt/application_notes/CH32V003RM.PDF	7a6bf439ecd68e0b87ffdd6765da2ef9b1796ce16084b7d1f25a658380c3bcfe	finding	iochub-identity	53	6	VDD                                       register                                                              TTL Schmitt                                                              trigger                                     P
2	tmp/wch-evt/application_notes/CH32V003RM.PDF	7a6bf439ecd68e0b87ffdd6765da2ef9b1796ce16084b7d1f25a658380c3bcfe	finding	iochub-identity	54	3	VDD                                          register                                                               TTL Schmitt                                                               trigger                             Protect
2	tmp/wch-evt/application_notes/CH32V003RM.PDF	7a6bf439ecd68e0b87ffdd6765da2ef9b1796ce16084b7d1f25a658380c3bcfe	finding	iochub-identity	74	2	EOC=1                                                                                 register (16 bits)                                                                                                                               End of Injection convers io n
2	tmp/wch-evt/application_notes/CH32V003RM.PDF	7a6bf439ecd68e0b87ffdd6765da2ef9b1796ce16084b7d1f25a658380c3bcfe	finding	iochub-identity	90	7	TI1FP1                                                             Count             REP Register                                                                                                                   Encoder
2	tmp/wch-evt/application_notes/CH32V003RM.PDF	7a6bf439ecd68e0b87ffdd6765da2ef9b1796ce16084b7d1f25a658380c3bcfe	finding	iochub-identity	93	2	s                              read_in_progress        Read CCR1L                               Capture/compare preload register                                       R Write CCR1L                          R                                                                                  Output
2	tmp/wch-evt/application_notes/CH32V003RM.PDF	7a6bf439ecd68e0b87ffdd6765da2ef9b1796ce16084b7d1f25a658380c3bcfe	finding	iochub-identity	117	7	U      Register       UI                                                                                                          Stop,clear,Up/Down
2	tmp/wch-evt/application_notes/CH32V003RM.PDF	7a6bf439ecd68e0b87ffdd6765da2ef9b1796ce16084b7d1f25a658380c3bcfe	finding	iochub-identity	120	2	gress                            read_in_progress         Read CCR1L                            Capture/compare preload register                                        R Write CCR1L                       R                                                                                    Output
2	tmp/wch-evt/application_notes/CH32V003RM.PDF	7a6bf439ecd68e0b87ffdd6765da2ef9b1796ce16084b7d1f25a658380c3bcfe	finding	iochub-identity	139	5	Read                                                      (CPU or DMA)             (DATA REGISTER) DATAR                 (CPU or DMA)                                                           Transmit Data Register                     Receive Data Register
2	tmp/wch-evt/application_notes/CH32V003RM.PDF	7a6bf439ecd68e0b87ffdd6765da2ef9b1796ce16084b7d1f25a658380c3bcfe	finding	iochub-identity	151	8	tps://wch.cn                                 图 13-2 I2C 功能框图                                                    Data register                   Noise        Data             SDA                                 Data shift register                   filter      control
2	tmp/wch-evt/application_notes/CH32V003RM.PDF	7a6bf439ecd68e0b87ffdd6765da2ef9b1796ce16084b7d1f25a658380c3bcfe	finding	iochub-identity	165	1	IE  IE   IE                       AEN AEN                     Shift register           MISO                                         LSB first              SPI_CTATR                       Tx buffer                               BSY     OVR MOD
2	tmp/wch-evt/application_notes/CH32V003RM.PDF	7a6bf439ecd68e0b87ffdd6765da2ef9b1796ce16084b7d1f25a658380c3bcfe	finding	iochub-identity	186	1	Set FLASH_CTLR的PER bit=1                     Write the erased page header                    address in FLASH_ADDR register                       (erase 8 pages at a time)                      Set FLASH_CTLR STRT bit=1                                                      YES
2	tmp/wch-evt/application_notes/CH32V003RM.PDF	7a6bf439ecd68e0b87ffdd6765da2ef9b1796ce16084b7d1f25a658380c3bcfe	finding	wchnet-chip-field	45	1	0                                                   0：无影响。 6.5.2.19 PFIC 中断激活状态寄存器 1（PFIC_IACTR1）     偏移地址：0x300  31      30     29      28   27      26   25     24        23   22   21   20    19    18      17       16                                                IACTS [31:16]  15      14
2	tmp/wch-evt/application_notes/CH32V003RM.PDF	7a6bf439ecd68e0b87ffdd6765da2ef9b1796ce16084b7d1f25a658380c3bcfe	finding	wchnet-chip-field	46	1	https://wch.cn 6.5.2.20 PFIC 中断激活状态寄存器 2（PFIC_IACTR2）     偏移地址：0x304 31       30        29    28        27     26   25      24         23   22     21       20   19    18       17          16                                                       Re
2	tmp/wch-evt/application_notes/CH32V003RM.PDF	7a6bf439ecd68e0b87ffdd6765da2ef9b1796ce16084b7d1f25a658380c3bcfe	finding	wchnet-chip-field	47	1	外，  还增加了一些厂商自定义寄存器， 需要使用 csr 指令进行访问。 注：此类寄存器标注为“MRW,MRO,MRW1”属性的需要系统在机器模式下才能访问。 6.5.3.1 中断系统控制寄存器（INTSYSCR）     CSR 地址：0x804 31     30     29   28     27   26    25    24        23   22    21   20    19   18       17      16                                            Reserved 15     14     13   12
2	tmp/wch-evt/application_notes/CH32V003RM.PDF	7a6bf439ecd68e0b87ffdd6765da2ef9b1796ce16084b7d1f25a658380c3bcfe	finding	wchnet-chip-field	48	1	0                                                    0：硬件压栈功能关闭。 6.5.3.2 异常入口基地址寄存器（MTVEC）     CSR 地址：0x305 31     30     29    28     27     26      25     24        23    22        21        20     19 18          17       16                                                BASEADDR[31:
2	tmp/wch-evt/application_notes/CH32V003RM.PDF	7a6bf439ecd68e0b87ffdd6765da2ef9b1796ce16084b7d1f25a658380c3bcfe	finding	wchnet-chip-field	86	1	https://wch.cn 9.3.10 ADC 规则通道序列寄存器 2（ADC_RSQR2）        偏移地址：0x30   31        30   29     28      27       26   25    24        23      22       21   20   19      18       17       16 Reserved                     SQ12[4:0]
2	tmp/wch-evt/application_notes/CH32V003RM.PDF	7a6bf439ecd68e0b87ffdd6765da2ef9b1796ce16084b7d1f25a658380c3bcfe	finding	wchnet-chip-field	112	1	https://wch.cn 10.4.13 重复计数值寄存器（TIM1_RPTCR）        偏移地址：0x30  15       14        13        12        11        10        9        8         7       6    5     4     3     2        1        0                               Reserved
2	tmp/wch-evt/application_notes/CH32V003RM.PDF	7a6bf439ecd68e0b87ffdd6765da2ef9b1796ce16084b7d1f25a658380c3bcfe	global	id-terms	156	1	us 的时钟为低超过 35mS 时，会报超时，但 I2C 无此限制； 3） SMBus 有固定的逻辑电平，而 I2C 没有，取决于 VDD； 4） SMBus 有总线协议，而 I2C 没有。    SMBus 还包括设备识别、地址解析协议、唯一的设备标识符、SMBus 提醒和各种总线协议，具体 请参考 SMBus 规范 2.0 版本。当使用 SMBus 时，只需要置控制寄存器的 SMBus 位，按需配置 SMBTYPE 位和 ENAARP 位。 13.8 中断        每个 I2C 模块都有两种中断向量，                         分别是事件中断和错误中断。    两种中断支
2	tmp/wch-evt/application_notes/CH32V003RM.PDF	7a6bf439ecd68e0b87ffdd6765da2ef9b1796ce16084b7d1f25a658380c3bcfe	global	id-terms	177	3	https://wch.cn                              第 15 章 电子签名（ESIG）   电子签名包含了芯片识别信息：闪存区容量和唯一身份标识。它由厂家在出厂时烧录到存储器 模块的系统存储区域，可以通过 SWD（SDI）或者应用代码读取。 15.1 功能描述   闪存区容量：指示当前芯片用户应用程序可以使用大小。   唯一身份标识：96 位二进制码，对任意一个微控制器都是唯一的，用户只能读访问不能修改。 此唯一标识信息可以用作微控制器（产品）的安全密码、加解密钥、产品序列号等，用来提高系统 安
2	tmp/wch-evt/application_notes/CH32V003RM.PDF	7a6bf439ecd68e0b87ffdd6765da2ef9b1796ce16084b7d1f25a658380c3bcfe	global	known-addresses	177	1	名称                  访问地址                                   描述                    复位值 R16_ESIG_FLACAP                 0x1FFFF7E0         闪存容量寄存器                                    0xXXXX R32_ESIG_UNIID1                 0x1FFFF7E8         UID 寄存器 1                                0xXXXXXXXX R32_ESIG_UNIID2
2	tmp/wch-evt/application_notes/CH32V003RM.PDF	7a6bf439ecd68e0b87ffdd6765da2ef9b1796ce16084b7d1f25a658380c3bcfe	global	revision-errata	1	2	若有差异将在对应的功能章节做特殊说明。 有关此产品的器件特性请参考数据手册《CH32V003DS0》。 有关内核的相关信息，可参考 QingKeV2 微处理手册《QingKeV2_Processor_Manual》。 RISC-V 内核版本概览      特点              硬件   中断    快速                                                        扩展   调试接 内核          指令集      堆栈   嵌套    中断    流水线    向量表模式
2	tmp/wch-evt/application_notes/CH32V003RM.PDF	7a6bf439ecd68e0b87ffdd6765da2ef9b1796ce16084b7d1f25a658380c3bcfe	global	revision-errata	67	1	Channel 5                                                                                          Fixed hardware                     TIM2_CH1                Software Trigger                                 priority                                              MEM2MEM bit
2	tmp/wch-evt/application_notes/CH32V003RM.PDF	7a6bf439ecd68e0b87ffdd6765da2ef9b1796ce16084b7d1f25a658380c3bcfe	global	revision-errata	150	2	信总线（I2C）   内部集成电路总线（I2C）广泛用在微控制器和传感器及其他片外模块的通讯上，它本身支持多 主多从模式，仅仅使用两根线（SDA 和 SCL）就能以 100kHz（标准）和 400kHz（快速）两种速度通 讯。I2C 总线还兼容 SMBus 协议，不仅支持 I2C 的时序，还支持仲裁、定时和 DMA，拥有 CRC 校验功 能。 13.1 主要特征       支持主模式和从模式       支持 7 位或 10 位地址       从设备支持双 7 位地址       支持两种速度模式：100kHz 和 400kHz       多种状态模式，多种错误标志 
2	tmp/wch-evt/application_notes/CH32V003RM.PDF	7a6bf439ecd68e0b87ffdd6765da2ef9b1796ce16084b7d1f25a658380c3bcfe	global	revision-errata	156	1	固定的逻辑电平，而 I2C 没有，取决于 VDD； 4） SMBus 有总线协议，而 I2C 没有。    SMBus 还包括设备识别、地址解析协议、唯一的设备标识符、SMBus 提醒和各种总线协议，具体 请参考 SMBus 规范 2.0 版本。当使用 SMBus 时，只需要置控制寄存器的 SMBus 位，按需配置 SMBTYPE 位和 ENAARP 位。 13.8 中断        每个 I2C 模块都有两种中断向量，                         分别是事件中断和错误中断。    两种中断支持图 13-4 的中断源。                          图
2	tmp/wch-evt/application_notes/CH32V003RM.PDF	7a6bf439ecd68e0b87ffdd6765da2ef9b1796ce16084b7d1f25a658380c3bcfe	global	revision-errata	179	1	以 1K 字节（16 页）单位进行写保护划分；      除了“厂商配置字”区域出厂锁定，用户不可访问，其他区域在一定条件下用户可操作。 16.2 闪存编程及安全性 16.2.1 两种编程/擦除方式  标准编程：此方式是默认编程方式（兼容方式）。这种模式下 CPU 以单次 2 字节方式执行编程， 单次 1K 字节执行擦除及整片擦除操作。  快速编程：此方式采用页操作方式（推荐）。经过特定序列解锁后，执行单次 64 字节的编程及 64 字节擦除、1K 字节擦除（标准 1K 整片擦除同样适用于快速编程）。 16.2.2 安全性-防止非法访问（读、写、擦）       页写入保护 
2	tmp/wch-evt/application_notes/CH32V003RM.PDF	7a6bf439ecd68e0b87ffdd6765da2ef9b1796ce16084b7d1f25a658380c3bcfe	global	silicon-package-lot	1	1	令集，支持 2 级中断嵌套。该系列产品挂载了丰富的外设接口和功能模块。其内部组 织架构满足低成本低功耗嵌入式应用场景。   本手册针对用户的应用开发，提供了 CH32V003 系列产品的详细使用信息，适用于系列中不同存 储器容量、功能资源、封装的产品，若有差异将在对应的功能章节做特殊说明。 有关此产品的器件特性请参考数据手册《CH32V003DS0》。 有关内核的相关信息，可参考 QingKeV2 微处理手册《QingKeV2_Processor_Manual》。 RISC-V 内核版本概览      特点              硬件   中断    快速
2	tmp/wch-evt/application_notes/CH32V003RM.PDF	7a6bf439ecd68e0b87ffdd6765da2ef9b1796ce16084b7d1f25a658380c3bcfe	global	silicon-package-lot	175	1	W0     0：关闭高速读模式。                                      0                                                     芯片批号第五位小于 2 的只支持该模式仅在                                                     时钟 2 分频（即 CTLR1 寄存器的 BR = 000） V1.9                                                      173
2	tmp/wch-evt/application_notes/CH32V003RM.PDF	7a6bf439ecd68e0b87ffdd6765da2ef9b1796ce16084b7d1f25a658380c3bcfe	global	silicon-package-lot	176	1	CH32V003 应用手册                        https://wch.cn                 时有效，其他批次不受限制，该位只写。 V1.9              174
2	tmp/wch-evt/application_notes/CH32V003RM.PDF	7a6bf439ecd68e0b87ffdd6765da2ef9b1796ce16084b7d1f25a658380c3bcfe	global	silicon-package-lot	183	1	从用户区启动                                                 1                                                       注：该功能不适用于批号倒数第 5 位为 0 的                USER                                   产品。        [6:5]                RST_MODE        RO        配置字复位延迟时间。
2	tmp/wch-evt/application_notes/CH32V003RM.PDF	7a6bf439ecd68e0b87ffdd6765da2ef9b1796ce16084b7d1f25a658380c3bcfe	global	silicon-package-lot	188	1	1                                 0：从用户区启动                                 注：该功能不适用于批号倒数第 5 位为 0 的产品。                                  PD7 复用为外部引脚复位。                                  00：开启复用功能，上电复位忽略 128us 以内的引脚                                  状态，上电复位时间至少保持 128us；
2	tmp/wch-evt/application_notes/CH32V00XRM.PDF	7d216d69fd04d990c4d1c1bf276f741c66023fd6747b6d0a2bba50a03b30c3df	finding	csr-address-meaning	58	2	了 RISC-V 特权架构文档中定义的标准寄存器外，还增加了一些厂商自定义寄存器，需要使用 csr 指令进行访问。 注：此类寄存器标注为“MRW,MRO,MRW1”属性的需要系统在机器模式下才能访问。 6.5.3.1 中断系统控制寄存器（INTSYSCR）     CSR 地址：0x804 31       30     29   28     27   26   25    24        23   22   21   20        19   18      17      16                                             Reserved 15
2	tmp/wch-evt/application_notes/CH32V00XRM.PDF	7d216d69fd04d990c4d1c1bf276f741c66023fd6747b6d0a2bba50a03b30c3df	finding	h417-lot-capability	61	1	TTL Schmitt                                    Protection                                                          trigger                                         diode                                                                           on/off          Write Bit set                      / reset
2	tmp/wch-evt/application_notes/CH32V00XRM.PDF	7d216d69fd04d990c4d1c1bf276f741c66023fd6747b6d0a2bba50a03b30c3df	finding	h417-lot-capability	62	1	Protection                                                         trigger                                                                        on/off               diode          Write   Bit set/ reset                 Input driver
2	tmp/wch-evt/application_notes/CH32V00XRM.PDF	7d216d69fd04d990c4d1c1bf276f741c66023fd6747b6d0a2bba50a03b30c3df	finding	h417-lot-capability	63	2	TTL Schmitt                                                               trigger                                     Protection                                                                                                           diode          Write Bit
2	tmp/wch-evt/application_notes/CH32V00XRM.PDF	7d216d69fd04d990c4d1c1bf276f741c66023fd6747b6d0a2bba50a03b30c3df	finding	h417-lot-capability	64	1	TTL Schmitt                                                               trigger                                Protection                                                                                                      diode           Write   Bit set/res
2	tmp/wch-evt/application_notes/CH32V00XRM.PDF	7d216d69fd04d990c4d1c1bf276f741c66023fd6747b6d0a2bba50a03b30c3df	finding	h417-lot-capability	79	7	(1)(2)                                                                 Software Trigger                                                                  MEM2MEM bit
2	tmp/wch-evt/application_notes/CH32V00XRM.PDF	7d216d69fd04d990c4d1c1bf276f741c66023fd6747b6d0a2bba50a03b30c3df	finding	h417-lot-capability	85	2	SWSTART                                                             REXTTRIG   PD3/PC2              OPA trigger                              TGREGU                    JEXTSEL[2:0]                                       TIM1_CC3                                       TIM1_CC4
2	tmp/wch-evt/application_notes/CH32V00XRM.PDF	7d216d69fd04d990c4d1c1bf276f741c66023fd6747b6d0a2bba50a03b30c3df	finding	h417-lot-capability	105	1	R                                                ETR                                                                    Trigger                                                          Polarity selection,                     ETRF                controller
2	tmp/wch-evt/application_notes/CH32V00XRM.PDF	7d216d69fd04d990c4d1c1bf276f741c66023fd6747b6d0a2bba50a03b30c3df	finding	h417-lot-capability	132	1	om RCC  TIM2_ETR                               ETR                                                                    Trigger                                         Polarity selection,                     ETRF                controller                                     Edge detector and Prescaler ETRP
2	tmp/wch-evt/application_notes/CH32V00XRM.PDF	7d216d69fd04d990c4d1c1bf276f741c66023fd6747b6d0a2bba50a03b30c3df	finding	h417-lot-capability	156	1	Internal clock(CK_INT)        CK_TIM3 from RCC                                                          Trigger                            AutoReload                                                         controller                      U    Register
2	tmp/wch-evt/application_notes/CH32V00XRM.PDF	7d216d69fd04d990c4d1c1bf276f741c66023fd6747b6d0a2bba50a03b30c3df	finding	iochub-identity	21	1	MCO[1:0]                                     HB prescaler                                    to Flash（register）                                     /1,/2.../256                                    FCLK core free running clock                         HSI        MCO                         HS
2	tmp/wch-evt/application_notes/CH32V00XRM.PDF	7d216d69fd04d990c4d1c1bf276f741c66023fd6747b6d0a2bba50a03b30c3df	finding	iochub-identity	22	1	MCO[1:0]                                     HB prescaler                                    to Flash（register）                                     /1,/2.../256                                    FCLK core free running clock                         HSI        MCO                         HS
2	tmp/wch-evt/application_notes/CH32V00XRM.PDF	7d216d69fd04d990c4d1c1bf276f741c66023fd6747b6d0a2bba50a03b30c3df	finding	iochub-identity	23	1	MCO[1:0]                                     HB prescaler                                    to Flash（register）                                     /1,/2.../256                                    FCLK core free running clock                         HSI        MCO                         HS
2	tmp/wch-evt/application_notes/CH32V00XRM.PDF	7d216d69fd04d990c4d1c1bf276f741c66023fd6747b6d0a2bba50a03b30c3df	finding	iochub-identity	36	4	作。当看门狗计数器自减到 0 时，将会产生系统复位，所以超时时间为（重装载值+1）个时钟。                   图 4-1 独立看门狗的结构框图           CORE              Prescaler register   Status register     Reload register     Key register                   IWDG_PR           IWDG_SR               IWDG_RLR        IWDG_KR
2	tmp/wch-evt/application_notes/CH32V00XRM.PDF	7d216d69fd04d990c4d1c1bf276f741c66023fd6747b6d0a2bba50a03b30c3df	finding	iochub-identity	39	2	框图。                     图 5-1 窗口看门狗结构框图                                                         Watchdog configuration register(WWDG_CFGR)                                                              -     W6 W5 W4 W3 W2 W1 W0                                  T[6:0] ＞ W[6:0] RESET
2	tmp/wch-evt/application_notes/CH32V00XRM.PDF	7d216d69fd04d990c4d1c1bf276f741c66023fd6747b6d0a2bba50a03b30c3df	finding	iochub-identity	58	1	保留。                                                0 6.5.3 专用 CSR 寄存器     RISC-V 架构中定义了一些控制和状态寄存器（Control and Status Register,CSR），用于配置 或标识或记录运行状态。CSR 寄存器属于内核内部的寄存器，使用专用的 12 位地址空间。CH32V00X 芯片除了 RISC-V 特权架构文档中定义的标准寄存器外，还增加了一些厂商自定义寄存器，需要使用 csr 指令进行访问。 注：此类寄存器标注为“MRW,MRO,MRW1”属性的需要系统在机器模式下才能访问。 6.5.3.1 中断系
2	tmp/wch-evt/application_notes/CH32V00XRM.PDF	7d216d69fd04d990c4d1c1bf276f741c66023fd6747b6d0a2bba50a03b30c3df	finding	iochub-identity	61	3	VDDX (1)                                    register                                                           TTL Schmitt                                    Protection                                                          trigge
2	tmp/wch-evt/application_notes/CH32V00XRM.PDF	7d216d69fd04d990c4d1c1bf276f741c66023fd6747b6d0a2bba50a03b30c3df	finding	iochub-identity	62	3	Read                    Input data                                          VDD                                     register                                                          TTL Schmitt                                                                                              Protection
2	tmp/wch-evt/application_notes/CH32V00XRM.PDF	7d216d69fd04d990c4d1c1bf276f741c66023fd6747b6d0a2bba50a03b30c3df	finding	iochub-identity	63	6	VDD                                        register                                                               TTL Schmitt                                                               trigger
2	tmp/wch-evt/application_notes/CH32V00XRM.PDF	7d216d69fd04d990c4d1c1bf276f741c66023fd6747b6d0a2bba50a03b30c3df	finding	iochub-identity	64	3	VDD                                          register                                                               TTL Schmitt                                                               trigger                                Prot
2	tmp/wch-evt/application_notes/CH32V00XRM.PDF	7d216d69fd04d990c4d1c1bf276f741c66023fd6747b6d0a2bba50a03b30c3df	finding	iochub-identity	85	2	EOC=1                                                                                             register (16 bits)                                                                                                          Injection channel data          End of Injection conversion
2	tmp/wch-evt/application_notes/CH32V00XRM.PDF	7d216d69fd04d990c4d1c1bf276f741c66023fd6747b6d0a2bba50a03b30c3df	finding	iochub-identity	105	9	TI1FP1                                                              Count                  REP Register                                                                                                                        Encoder
2	tmp/wch-evt/application_notes/CH32V00XRM.PDF	7d216d69fd04d990c4d1c1bf276f741c66023fd6747b6d0a2bba50a03b30c3df	finding	iochub-identity	108	2	rogress                           read_in_progress        Read CCR1L                            Capture/compare preload register                                       R Write CCR1L                       R                                                                                  Output
2	tmp/wch-evt/application_notes/CH32V00XRM.PDF	7d216d69fd04d990c4d1c1bf276f741c66023fd6747b6d0a2bba50a03b30c3df	finding	iochub-identity	132	7	U      Register                                                                                     CK_PSC                    CK_CNT
2	tmp/wch-evt/application_notes/CH32V00XRM.PDF	7d216d69fd04d990c4d1c1bf276f741c66023fd6747b6d0a2bba50a03b30c3df	finding	iochub-identity	135	2	gress                            read_in_progress         Read CCR1L                            Capture/compare preload register                                         R Write CCR1L                       R                                                                                     Output
2	tmp/wch-evt/application_notes/CH32V00XRM.PDF	7d216d69fd04d990c4d1c1bf276f741c66023fd6747b6d0a2bba50a03b30c3df	finding	iochub-identity	156	7	AutoReload                                                         controller                      U    Register                                                                                   CK_CNT
2	tmp/wch-evt/application_notes/CH32V00XRM.PDF	7d216d69fd04d990c4d1c1bf276f741c66023fd6747b6d0a2bba50a03b30c3df	finding	iochub-identity	158	2	MCU-peripheral interface                      high 8   (if 16-bit)    low 8                    Compare preload register                                              compare_transfer               OC1PE       OC1PE                                                                             UEV
2	tmp/wch-evt/application_notes/CH32V00XRM.PDF	7d216d69fd04d990c4d1c1bf276f741c66023fd6747b6d0a2bba50a03b30c3df	finding	iochub-identity	163	5	Read                                                      (CPU or DMA)             (DATA REGISTER) DATAR                (CPU or DMA)                                                           Transmit Data Register                     Receive Data Register
2	tmp/wch-evt/application_notes/CH32V00XRM.PDF	7d216d69fd04d990c4d1c1bf276f741c66023fd6747b6d0a2bba50a03b30c3df	finding	iochub-identity	173	8	.cn                                    图 15-2 I2C 功能框图                                                          Data register                       Noise        Data                 SDA                                   Data shift register                       filter      control
2	tmp/wch-evt/application_notes/CH32V00XRM.PDF	7d216d69fd04d990c4d1c1bf276f741c66023fd6747b6d0a2bba50a03b30c3df	finding	iochub-identity	174	8	onse, EVTx=event (interrupt generated when ITEVFEN=1)    EVT5: SB=1, reading SR1 and then writing the address to the DR register will clear the event.    EVT6;ADDR=1,reading SR1 then reading SR2 will clear the event.    EVT8_1: TxE=1, shift register empty, data register empty, write DR register.    EVT8: Tx
2	tmp/wch-evt/application_notes/CH32V00XRM.PDF	7d216d69fd04d990c4d1c1bf276f741c66023fd6747b6d0a2bba50a03b30c3df	finding	iochub-identity	175	4	EVTx=event (interrupt generated when ITEVFEN=1)        EVT5: SB=1, reading SR1 and then writing the address to DR register will clear the event.        EVT6: ADDR=1,reading SR1 and then reading SR2 will erase this event. In 10-bit master receive mode, START=1 of CR2 should be        set after this eve
2	tmp/wch-evt/application_notes/CH32V00XRM.PDF	7d216d69fd04d990c4d1c1bf276f741c66023fd6747b6d0a2bba50a03b30c3df	finding	iochub-identity	176	6	t is generated when ITEVFEN=1)    EVT1;ADDR=1,read SR1 then read SR2 will eliminate the event.    EVT3_1: TxE=1, shift register empty, data register empty, write DR.    EVT3: TxE=1,shift register is not empty,data register is empty,writing DR will clear the event.    EVT3_2: AF=1, write '0' in AF bit of SR
2	tmp/wch-evt/application_notes/CH32V00XRM.PDF	7d216d69fd04d990c4d1c1bf276f741c66023fd6747b6d0a2bba50a03b30c3df	finding	iochub-identity	186	1	IE  IE   IE                       AEN AEN                      Shift register            MISO                                          LSB first                  SPI_STATR                        Tx buffer                                   BSY     OVR MOD
2	tmp/wch-evt/application_notes/CH32V00XRM.PDF	7d216d69fd04d990c4d1c1bf276f741c66023fd6747b6d0a2bba50a03b30c3df	finding	iochub-identity	220	1	Set FLASH_CTLR PER bit=1                   Write the erased page header                  address in FLASH_ADDR register                     (erase 8 pages at a time)                     Set FLASH_CTLR STRT bit=1                                                     YES
2	tmp/wch-evt/application_notes/CH32V00XRM.PDF	7d216d69fd04d990c4d1c1bf276f741c66023fd6747b6d0a2bba50a03b30c3df	finding	wchnet-chip-field	56	2	0                                                   0：无影响。 6.5.2.19 PFIC 中断激活状态寄存器 1（PFIC_IACTR1）     偏移地址：0x300  31      30     29       28     27   26   25     24        23   22   21   20    19    18      17       16                                                IACTS [31:16]  15      14
2	tmp/wch-evt/application_notes/CH32V00XRM.PDF	7d216d69fd04d990c4d1c1bf276f741c66023fd6747b6d0a2bba50a03b30c3df	finding	wchnet-chip-field	58	2	寄存器外，还增加了一些厂商自定义寄存器，需要使用 csr 指令进行访问。 注：此类寄存器标注为“MRW,MRO,MRW1”属性的需要系统在机器模式下才能访问。 6.5.3.1 中断系统控制寄存器（INTSYSCR）     CSR 地址：0x804 31       30     29   28     27   26   25    24        23   22   21   20        19   18      17      16                                             Reserved 15       14     13   1
2	tmp/wch-evt/application_notes/CH32V00XRM.PDF	7d216d69fd04d990c4d1c1bf276f741c66023fd6747b6d0a2bba50a03b30c3df	finding	wchnet-chip-field	96	1	规则序列中的第 13 个转换通道的编号（0-9）。                                        0 9.3.9 ADC 规则通道序列寄存器 2（ADC_RSQR2）        偏移地址：0x30   31        30   29     28      27       26    25   24        23      22       21   20   19      18       17       16 Reserved                     SQ12[4:0]
2	tmp/wch-evt/application_notes/CH32V00XRM.PDF	7d216d69fd04d990c4d1c1bf276f741c66023fd6747b6d0a2bba50a03b30c3df	finding	wchnet-chip-field	127	1	新见 11.2.3 章节；ATRLR 为空时，计数器停止。 11.4.13 重复计数值寄存器（TIM1_RPTCR）        偏移地址：0x30   15        14         13        12        11        10        9         8         7       6     5    4     3          2        1        0                                  Reserve
2	tmp/wch-evt/application_notes/CH32V00XRM.PDF	7d216d69fd04d990c4d1c1bf276f741c66023fd6747b6d0a2bba50a03b30c3df	finding	wchnet-chip-field	205	2	0x00000000  R32_OPA_CTLR1                    0x40024004      OPA 控制寄存器 1                                     0x800C0736  R32_OPA_CFGR2                    0x40024008      OPA 配置寄存器 2                                     0x00000000  R32_OPA_CTLR2                    0x4002400C      OPA 控制寄存器 2
2	tmp/wch-evt/application_notes/CH32V00XRM.PDF	7d216d69fd04d990c4d1c1bf276f741c66023fd6747b6d0a2bba50a03b30c3df	finding	wchnet-chip-field	221	1	部 256 字节缓存区操作。 6）等待 BSY 位变为‘0’或 FLASH_STATR 寄存器的 EOP 位为‘1’表示清除结束，将 EOP 位清 0 7）使用 32 位方式向 FLASH 地址写入数据，例如    *（uint32_t*）0x8000000 = 0x12345678； 8）然后设置 FLASH_CTLR 寄存器的 BUFLOAD 位，执行加载到缓存区。 9）等待 FLASH_STATR 寄存器的 BSY 为‘0’，写入下个数据。 10）重复步骤 7-9 共 64 次，将 256 字节数据都加载到缓存区（主要 64 轮操作地址要连续）。 11）向 FLASH_ADDR 寄存器写入快速编
2	tmp/wch-evt/application_notes/CH32V00XRM.PDF	7d216d69fd04d990c4d1c1bf276f741c66023fd6747b6d0a2bba50a03b30c3df	global	id-terms	225	3	https://wch.cn                                 第 19 章 电子签名（ESIG） 本章模块描述适用于 CH32V00X 微控制器全系列产品。   电子签名包含了芯片识别信息：闪存区容量和唯一身份标识。它由厂家在出厂时烧录到存储器模 块的系统存储区域，可以通过 SWD（SDI）或者应用代码读取。 19.1 功能描述   闪存区容量：指示当前芯片用户应用程序可以使用大小。   唯一身份标识：96 位二进制码，对任意一个微控制器都是唯一的，用户只能读访问不能修改。此 唯一标识信息可以用作微控制器（产品）的安全密码、加解密钥、产品序列号等，用来提高系统安全
2	tmp/wch-evt/application_notes/CH32V00XRM.PDF	7d216d69fd04d990c4d1c1bf276f741c66023fd6747b6d0a2bba50a03b30c3df	global	known-addresses	225	1	名称                 访问地址                                  描述                      复位值  R16_ESIG_FLACAP                0x1FFFF7E0         闪存容量寄存器                                     0xXXXX  R32_ESIG_UNIID1                0x1FFFF7E8         UID 寄存器 1                              0xXXXXXXXX  R32_ESIG_UNIID2
2	tmp/wch-evt/application_notes/CH32V00XRM.PDF	7d216d69fd04d990c4d1c1bf276f741c66023fd6747b6d0a2bba50a03b30c3df	global	revision-errata	1	2	006：《CH32V006DS0》。 CH32V007、CH32M007：《CH32V007DS0》。 有关内核的相关信息，可参考 QingKeV2 微处理手册《QingKeV2_Processor_Manual》。 RISC-V 内核版本概览       特点              硬件   中断    快速                                                       扩展 内核          指令集       堆栈   嵌套    中断    流水线 向量表模式           调试接口
2	tmp/wch-evt/application_notes/CH32V00XRM.PDF	7d216d69fd04d990c4d1c1bf276f741c66023fd6747b6d0a2bba50a03b30c3df	global	revision-errata	79	1	annel 5                                                                                                                 Fixed hardware                                  TIM3_CH4(1)                    Software Trigger                                    priority
2	tmp/wch-evt/application_notes/CH32V00XRM.PDF	7d216d69fd04d990c4d1c1bf276f741c66023fd6747b6d0a2bba50a03b30c3df	global	silicon-package-lot	1	1	令集，支持 2 级中断嵌套。该系列产品挂载了丰富的外设接口和功能模块。其内部 组织架构满足低成本低功耗嵌入式应用场景。   本手册针对用户的应用开发，提供了 CH32V00X 系列产品的详细使用信息，适用于系列中不同存 储器容量、功能资源、封装的产品，若有差异将在对应的功能章节做特殊说明。 有关此系列产品的器件特性请参考以下数据手册。 CH32V002：《CH32V002DS0》 CH32V004：《CH32V004DS0》 CH32V005、CH32V006：《CH32V006DS0》。 CH32V007、CH32M007：《CH32V007DS0》。 有关内核的相关信息，可参考 QingK
2	tmp/wch-evt/application_notes/CH32V205RM.PDF	b1ed9ef040455a1f9a32f1ab9f9be0e9d3391709bc0b6fa141b2f581593b6c59	finding	csr-address-meaning	75	5	RW     机器模式异常基地址寄存器            0x00000000   GINTENR              0x800     URW     用户模式全局中断使能寄存器           0x00000000   INTSYSCR             0x804     URW     中断系统控制寄存器               0x00000004   CORECFGR             0xBC0     MRW     微处理器配置寄存器               0x00000001   INESTCR              0xBC1     MRW
2	tmp/wch-evt/application_notes/CH32V205RM.PDF	b1ed9ef040455a1f9a32f1ab9f9be0e9d3391709bc0b6fa141b2f581593b6c59	finding	csr-address-meaning	76	5	https://wch.cn                                              当 0xBC0(CSR)bit5 位使能时，该位在            3     MIE                   URW                                        0                                              用户模式下可读可写。        [1:0]     Rese
2	tmp/wch-evt/application_notes/CH32V205RM.PDF	b1ed9ef040455a1f9a32f1ab9f9be0e9d3391709bc0b6fa141b2f581593b6c59	finding	h417-lot-capability	54	1	8       -2   固定       ECALL-U               用户模式回调中断        0x00000020     9       -1   固定      BREAKPOINT              断点回调中断         0x00000024                                                                 0x00000028- 10-11        -    -          -                      保留
2	tmp/wch-evt/application_notes/CH32V205RM.PDF	b1ed9ef040455a1f9a32f1ab9f9be0e9d3391709bc0b6fa141b2f581593b6c59	finding	h417-lot-capability	78	1	Protection                                                            trigger                                                                             on/off                      diode        Write   Bit set/reset                      Input driver
2	tmp/wch-evt/application_notes/CH32V205RM.PDF	b1ed9ef040455a1f9a32f1ab9f9be0e9d3391709bc0b6fa141b2f581593b6c59	finding	h417-lot-capability	80	2	TTL Schmitt                                                           trigger                                     Protection                                                                           on/off                      diode                        B
2	tmp/wch-evt/application_notes/CH32V205RM.PDF	b1ed9ef040455a1f9a32f1ab9f9be0e9d3391709bc0b6fa141b2f581593b6c59	finding	h417-lot-capability	81	2	TTL Schmitt                                                                trigger                                     Protection                                                                                                            diode           Write
2	tmp/wch-evt/application_notes/CH32V205RM.PDF	b1ed9ef040455a1f9a32f1ab9f9be0e9d3391709bc0b6fa141b2f581593b6c59	finding	h417-lot-capability	98	8	TIM2_CH3                                        Channel 1                     TIM4_CH1*        Software Trigger                                           MEM2MEM bit                                                                                    Arbiter                       SPI1_RX*
2	tmp/wch-evt/application_notes/CH32V205RM.PDF	b1ed9ef040455a1f9a32f1ab9f9be0e9d3391709bc0b6fa141b2f581593b6c59	finding	h417-lot-capability	99	8	Channel 1                    TIM3_CH3*                                                 Software Trigger                                                      MEM2MEM bit                                                                                                  Arbiter
2	tmp/wch-evt/application_notes/CH32V205RM.PDF	b1ed9ef040455a1f9a32f1ab9f9be0e9d3391709bc0b6fa141b2f581593b6c59	finding	h417-lot-capability	134	1	TIMx_ETR                                                ETR                                                             Trigger                                                         Polarity selection &                ETRF              controller                                                      Edge
2	tmp/wch-evt/application_notes/CH32V205RM.PDF	b1ed9ef040455a1f9a32f1ab9f9be0e9d3391709bc0b6fa141b2f581593b6c59	finding	h417-lot-capability	145	1	ounter                                                      Input-                                                     triggered                                                     selection        例如，可以将定时器 1 配置为定时器 2 的预分频器。为此：        1) 将定时器 1 配置为主模式，每次发生更新事件 UEV 时都输出一个周期性触发信号。如果将           MMS=010
2	tmp/wch-evt/application_notes/CH32V205RM.PDF	b1ed9ef040455a1f9a32f1ab9f9be0e9d3391709bc0b6fa141b2f581593b6c59	finding	h417-lot-capability	169	1	TIMx_ETR                                      ETR                                                             Trigger                                               Polarity selection &                ETRF              controller                                            Edge detector & Prescaler
2	tmp/wch-evt/application_notes/CH32V205RM.PDF	b1ed9ef040455a1f9a32f1ab9f9be0e9d3391709bc0b6fa141b2f581593b6c59	finding	iochub-identity	5	1	0 x 4000 6C00                                                                FSMC Register                           Reserved                                                                                      0x 4000 6800
2	tmp/wch-evt/application_notes/CH32V205RM.PDF	b1ed9ef040455a1f9a32f1ab9f9be0e9d3391709bc0b6fa141b2f581593b6c59	finding	iochub-identity	7	2	power supply domain                                 LSE 32K crystal oscillator                                 Back-up register                 V BAT                                 RCC BDCR register                                 RTC    在主电源 VDD 掉电后，模拟开关切换至 VBAT，后备区域由 VBAT 引脚供电，此时 PC13～PC15 无法作 为 GPI
2	tmp/wch-evt/application_notes/CH32V205RM.PDF	b1ed9ef040455a1f9a32f1ab9f9be0e9d3391709bc0b6fa141b2f581593b6c59	finding	iochub-identity	39	1	lynomial: 0x4C11DB7)                             32-bit write                                                   Data register                                                   (CRC_DATAR) 5.1 主要特征                                              32   26    23    22   16   12     11   10     8   7   5   4
2	tmp/wch-evt/application_notes/CH32V205RM.PDF	b1ed9ef040455a1f9a32f1ab9f9be0e9d3391709bc0b6fa141b2f581593b6c59	finding	iochub-identity	47	4	常工作。当看门狗计数器 自减到 0 时，将会产生系统复位，所以超时时间为（重装载值+1）个时钟。                   图 7-1 独立看门狗的结构框图          CORE            Prescaler register   Status register    Reload register      Control register                IWDG_PSCR           IWDG_STATR         IWDG_RLDR            IWDG_CTLR
2	tmp/wch-evt/application_notes/CH32V205RM.PDF	b1ed9ef040455a1f9a32f1ab9f9be0e9d3391709bc0b6fa141b2f581593b6c59	finding	iochub-identity	50	2	内部结构框图。                      图 8-1 窗口看门狗结构框图                                                    Watchdog configuration register(WWDG_CFGR)                                                         -     W6 W5 W4 W3 W2 W1 W0                               T[6:0] ＞ W[6:0]  RESET                           Wri
2	tmp/wch-evt/application_notes/CH32V205RM.PDF	b1ed9ef040455a1f9a32f1ab9f9be0e9d3391709bc0b6fa141b2f581593b6c59	finding	iochub-identity	75	1	https://wch.cn     RISC-V 架构中定义了一些控制和状态寄存器（Control and Status Register,CSR），用于配 置或标识或记录运行状态。CSR 寄存器属于内核内部的寄存器，使用专用的 12 位地址空间。CH32V205 芯片除了 RISC-V 特权架构文档中定义的标准寄存器外，还增加了一些厂商自定义寄存器，需要使用 CSR 指令进行访问。 注：部分 CSR 寄存器需要系统在机器模式下访问，非机器模式下访问这些 CSR 寄存器将导致芯片进 入异常。标
2	tmp/wch-evt/application_notes/CH32V205RM.PDF	b1ed9ef040455a1f9a32f1ab9f9be0e9d3391709bc0b6fa141b2f581593b6c59	finding	iochub-identity	78	3	VDD                                       register                                                            TTL Schmitt                                                                                                         Prot
2	tmp/wch-evt/application_notes/CH32V205RM.PDF	b1ed9ef040455a1f9a32f1ab9f9be0e9d3391709bc0b6fa141b2f581593b6c59	finding	iochub-identity	80	6	Input data                                                     VDD                                   register                                                           TTL Schmitt                                                           trigger                                     Protect
2	tmp/wch-evt/application_notes/CH32V205RM.PDF	b1ed9ef040455a1f9a32f1ab9f9be0e9d3391709bc0b6fa141b2f581593b6c59	finding	iochub-identity	81	6	VDD                                           register                                                                TTL Schmitt                                                                trigger
2	tmp/wch-evt/application_notes/CH32V205RM.PDF	b1ed9ef040455a1f9a32f1ab9f9be0e9d3391709bc0b6fa141b2f581593b6c59	finding	iochub-identity	108	2	EOC=1                                                                                                register (16 bits)          VSSA                                                                                                                                              End of Injecti
2	tmp/wch-evt/application_notes/CH32V205RM.PDF	b1ed9ef040455a1f9a32f1ab9f9be0e9d3391709bc0b6fa141b2f581593b6c59	finding	iochub-identity	134	9	TI1FP1                                  Encoder                   Count             REP Register                                                                                                                interface
2	tmp/wch-evt/application_notes/CH32V205RM.PDF	b1ed9ef040455a1f9a32f1ab9f9be0e9d3391709bc0b6fa141b2f581593b6c59	finding	iochub-identity	137	2	read_in_progress         Read CCR1L                                Capture/compare preload register                                      R Write CCR1L                          R                                                                                   Output
2	tmp/wch-evt/application_notes/CH32V205RM.PDF	b1ed9ef040455a1f9a32f1ab9f9be0e9d3391709bc0b6fa141b2f581593b6c59	finding	iochub-identity	143	1	UG             Counter clock =ck_cnt=ck_psc                               Counter                              register      30 31 32 33 34 35 36 00 01 02 03 00 01 02 03                                   TIF   从模式：门控模式   输入信号的电平使能计数器。以下的例子中，仅 TI1 为低时计数器向上计数：   1) 配置通道 1 以检测 TI1 上的低电平。配置输入滤波器带宽
2	tmp/wch-evt/application_notes/CH32V205RM.PDF	b1ed9ef040455a1f9a32f1ab9f9be0e9d3391709bc0b6fa141b2f581593b6c59	finding	iochub-identity	144	2	TI1                                 cnt_en            Counter clock =ck_cnt=ck_psc                      Counter register      30 31 32 33             35 36 37 38                                      TIF                                               Write    TIF=0 从模式：触发模式    选择的输入端上发生事件时将使能计数
2	tmp/wch-evt/application_notes/CH32V205RM.PDF	b1ed9ef040455a1f9a32f1ab9f9be0e9d3391709bc0b6fa141b2f581593b6c59	finding	iochub-identity	145	1	ETR              Counter clock =CK_CNT=CK_PSC                          Counter register            34                    35     36                                       TIF 14.3.12 定时器同步模式   TIMx 定时器从内部连接在一起，以实现定时器同步或级联。当某个定时器配置为主模式时，可 对另一个配置为从模式的定时器的计数器执行复位、启动、
2	tmp/wch-evt/application_notes/CH32V205RM.PDF	b1ed9ef040455a1f9a32f1ab9f9be0e9d3391709bc0b6fa141b2f581593b6c59	finding	iochub-identity	169	7	U      Register       UI                                                                                                          Stop,clear,Up/Down
2	tmp/wch-evt/application_notes/CH32V205RM.PDF	b1ed9ef040455a1f9a32f1ab9f9be0e9d3391709bc0b6fa141b2f581593b6c59	finding	iochub-identity	172	2	gress                            read_in_progress         Read CCR1L                            Capture/compare preload register                                        R Write CCR1L                       R                                                                                    Output
2	tmp/wch-evt/application_notes/CH32V205RM.PDF	b1ed9ef040455a1f9a32f1ab9f9be0e9d3391709bc0b6fa141b2f581593b6c59	finding	iochub-identity	195	5	个数据读写端口组成。先向地址寄存器写入目的 寄存器的地址，再通过读写数据读写端口就可以读写目的寄存器。   扩展直接寻址的寻址范围是 0x000-0x1FF，由指令直接提供 9 位寄存器地址，仅适用于以下两 条直接读写寄存器的指令：MOV register，A 或 F 指令，MOVA register 指令。   普通直接寻址的寻址范围是 0x000-0x0FF，由指令直接提供 8 位寄存器地址，适用于除上述扩 展直接寻址指令之外的所有直接地址指令，例如 CLR register、ADD register、BS register、bit 等。需要寻址更大范围时应该采用间接寻址方式。   立即数快速寻址用于无需
2	tmp/wch-evt/application_notes/CH32V205RM.PDF	b1ed9ef040455a1f9a32f1ab9f9be0e9d3391709bc0b6fa141b2f581593b6c59	finding	iochub-identity	203	5	ite                                  Read                                                   (CPU or DMA)          (DATA REGISTER) DATAR                 (CPU or DMA)                                                      Transmit Data Register                    Receive Data Register                     TX
2	tmp/wch-evt/application_notes/CH32V205RM.PDF	b1ed9ef040455a1f9a32f1ab9f9be0e9d3391709bc0b6fa141b2f581593b6c59	finding	iochub-identity	217	8	//wch.cn                                   图 18-2 I2C 功能框图                                                      Data register                     Noise        Data             SDA                                   Data shift register                     filter      control
2	tmp/wch-evt/application_notes/CH32V205RM.PDF	b1ed9ef040455a1f9a32f1ab9f9be0e9d3391709bc0b6fa141b2f581593b6c59	finding	iochub-identity	230	1	AEN AEN                    Shift register           MISO                                      LSB first             SPI_CTATR                     Tx buffer                          BSY OVR MOD CRC       0    0   TXE RXNE
2	tmp/wch-evt/application_notes/CH32V205RM.PDF	b1ed9ef040455a1f9a32f1ab9f9be0e9d3391709bc0b6fa141b2f581593b6c59	finding	iochub-identity	296	1	B bus                                                                                Common                             Register                         FSMC_NOE                                                                                 signals
2	tmp/wch-evt/application_notes/CH32V205RM.PDF	b1ed9ef040455a1f9a32f1ab9f9be0e9d3391709bc0b6fa141b2f581593b6c59	finding	iochub-identity	329	3	Valid message            Valid message            Valid message            Valid message                   received    Registered   received    Registered   received    Registered   received        Empty                     1                      2                      3                   Overflow        F
2	tmp/wch-evt/application_notes/CH32V205RM.PDF	b1ed9ef040455a1f9a32f1ab9f9be0e9d3391709bc0b6fa141b2f581593b6c59	finding	iochub-identity	351	2	概述                        图 26-1 QSPI 功能框图（双闪存模式禁止）          32-bit                      QSPI          HB bus         Registers/        Clock                           control       management            SPI FLASH          qspi_hclk                                      SCK    CLK           qspi_it
2	tmp/wch-evt/application_notes/CH32V205RM.PDF	b1ed9ef040455a1f9a32f1ab9f9be0e9d3391709bc0b6fa141b2f581593b6c59	finding	iochub-identity	352	2	PI 功能框图（双闪存模式使能）                                                         QSPI                32-bit                   Registers/               Clock                HB bus                     control              management
2	tmp/wch-evt/application_notes/CH32V205RM.PDF	b1ed9ef040455a1f9a32f1ab9f9be0e9d3391709bc0b6fa141b2f581593b6c59	finding	iochub-identity	378	1	Set FLASH_CTLR PER bit=1                    Write the erased page header                   address in FLASH_ADDR register                     (erase 8 pages at a time)                     Set FLASH_CTLR STRT bit=1                                                   YES                             BS
2	tmp/wch-evt/application_notes/CH32V205RM.PDF	b1ed9ef040455a1f9a32f1ab9f9be0e9d3391709bc0b6fa141b2f581593b6c59	finding	wchnet-chip-field	5	1	Reserved                                                   0x4000 4C00        0x1FFF 0D00                          0x8000 0000                                                USART3                                                                                      0x4000 4800
2	tmp/wch-evt/application_notes/CH32V205RM.PDF	b1ed9ef040455a1f9a32f1ab9f9be0e9d3391709bc0b6fa141b2f581593b6c59	finding	wchnet-chip-field	37	1	校准 RTC 时钟。RTC 时钟可以被减慢 0 ～                                            121ppm。 4.3.3 侵入检测控制寄存器（BKP_TPCTLR）        偏移地址：0x30 15       14     13    12   11   10         9    8          7   6      5       4   3    2        1      0                                           Reserved
2	tmp/wch-evt/application_notes/CH32V205RM.PDF	b1ed9ef040455a1f9a32f1ab9f9be0e9d3391709bc0b6fa141b2f581593b6c59	finding	wchnet-chip-field	70	1	0                                                        0：无影响。 9.5.2.26 PFIC 中断激活状态寄存器 1（PFIC_IACTR1）     偏移地址：0x300 31       30      29      28   27     26       25      24        23   22     21   20    19    18      17        16                                                    IACTS[31:16]
2	tmp/wch-evt/application_notes/CH32V205RM.PDF	b1ed9ef040455a1f9a32f1ab9f9be0e9d3391709bc0b6fa141b2f581593b6c59	finding	wchnet-chip-field	71	2	RO        保留。                                                  0 9.5.2.27 PFIC 中断激活状态寄存器 2（PFIC_IACTR2）     偏移地址：0x304 31       30        29    28       27     26       25      24         23   22     21       20   19    18       17          16
2	tmp/wch-evt/application_notes/CH32V205RM.PDF	b1ed9ef040455a1f9a32f1ab9f9be0e9d3391709bc0b6fa141b2f581593b6c59	finding	wchnet-chip-field	75	5	表 9-6 CSR 相关寄存器列表         名称        CSR 地址         访问               描述                 复位值   MTVEC                0x305     MRW     机器模式异常基地址寄存器            0x00000000   GINTENR              0x800     URW     用户模式全局中断使能寄存器           0x00000000   INTSYSCR             0x804     URW     中断系统控制寄存器
2	tmp/wch-evt/application_notes/CH32V205RM.PDF	b1ed9ef040455a1f9a32f1ab9f9be0e9d3391709bc0b6fa141b2f581593b6c59	finding	wchnet-chip-field	76	2	[1:0]     Reserved              URO   保留。                                  0 9.5.4.3 中断系统控制寄存器（INTSYSCR）     CSR 地址：0x804        位                 名称      访问                    描述                      复位值                                         用户模式锁定标志，锁定后用户模式不可开启
2	tmp/wch-evt/application_notes/CH32V205RM.PDF	b1ed9ef040455a1f9a32f1ab9f9be0e9d3391709bc0b6fa141b2f581593b6c59	finding	wchnet-chip-field	77	1	手册                                                     https://wch.cn                                        0：CSR 地址 0x800 为只读寄存器，返回                                        值为 MSTATUS 的值。        [4:2]   Reserved          MRO   保留。                              0                                        取
2	tmp/wch-evt/application_notes/CH32V205RM.PDF	b1ed9ef040455a1f9a32f1ab9f9be0e9d3391709bc0b6fa141b2f581593b6c59	finding	wchnet-chip-field	93	1	0 10.3.3.8 端口复用功能寄存器低位（GPIOx_AFLR）（x=A/B/C/D/E）     偏移地址：0x20、0x28、0x30、0x38、0x40 31       30    29    28      27    26        25   24        23   22    21      20   19   18       17       16          AFR7[3:0]                AFR6[3:0]
2	tmp/wch-evt/application_notes/CH32V205RM.PDF	b1ed9ef040455a1f9a32f1ab9f9be0e9d3391709bc0b6fa141b2f581593b6c59	finding	wchnet-chip-field	121	1	规则序列中的第 13 个转换通道的编号（0-18）。                                        0 12.3.10 ADC 规则通道序列寄存器 2（ADC_RSQR2）        偏移地址：0x30   31        30   29     28      27       26   25    24         23      22       21   20   19      18       17       16 Reserved                     SQ12[4:0]
2	tmp/wch-evt/application_notes/CH32V205RM.PDF	b1ed9ef040455a1f9a32f1ab9f9be0e9d3391709bc0b6fa141b2f581593b6c59	finding	wchnet-chip-field	131	1	3 个转换通道的编号（0-15）。                                                 0 13.2.8 TKEY 通道序列寄存器 2（R32_TKEY_RSQR2）        偏移地址：0x30 31       30    29      28       27      26        25     24         23      22       21   20   19      18       17           16 Reserved                    SQ12[4:0]
2	tmp/wch-evt/application_notes/CH32V205RM.PDF	b1ed9ef040455a1f9a32f1ab9f9be0e9d3391709bc0b6fa141b2f581593b6c59	finding	wchnet-chip-field	164	1	新见 14.2.3 章节；ATRLR 为空时，计数器停止。 14.4.13 重复计数值寄存器（TIM1_RPTCR）        偏移地址：0x30  15       14        13        12        11        10        9         8         7       6    5    4     3    2        1        0                               Reserved
2	tmp/wch-evt/application_notes/CH32V205RM.PDF	b1ed9ef040455a1f9a32f1ab9f9be0e9d3391709bc0b6fa141b2f581593b6c59	finding	wchnet-chip-field	261	1	注：（1）CC 端口的上拉电流独立于 GPIO，                                           可单独控制；                                           （2）CHIPID 倒数第二位为 1 的芯片，在作                                           为 Source 使用时，端口配置为上拉输入。                                           CC1 端口下拉电阻 Rd 使能：
2	tmp/wch-evt/application_notes/CH32V205RM.PDF	b1ed9ef040455a1f9a32f1ab9f9be0e9d3391709bc0b6fa141b2f581593b6c59	finding	wchnet-chip-field	262	1	独立于 GPIO，                                                   可单独控制；                                                   （2）CHIPID 倒数第二位为 1 的芯片，在作                                                   为 Source 使用时，端口配置为上拉输入                                                   CC2 端口下拉电阻 Rd 使能：
2	tmp/wch-evt/application_notes/CH32V205RM.PDF	b1ed9ef040455a1f9a32f1ab9f9be0e9d3391709bc0b6fa141b2f581593b6c59	finding	wchnet-chip-field	263	1	_USB_TEST_MODE      0x40023405   USBHS 测试模式寄存器           0x00 R16_USB_LPM_DATA      0x40023406   USBHS 电源管理寄存器          0x8000 R8_USB_INT_FG         0x40023408   USBHS 中断标志寄存器           0x00 R8_USB_INT_ST         0x40023409   USBHS 中断状态寄存器           0x00 R8_USB_MIS_ST         0x4002340A   USBHS 杂项状态寄存器
2	tmp/wch-evt/application_notes/CH32V205RM.PDF	b1ed9ef040455a1f9a32f1ab9f9be0e9d3391709bc0b6fa141b2f581593b6c59	finding	wchnet-chip-field	272	1	端点 0 接收数据长度。                                      X 22.2.1.27 端点 n 单次接收长度寄存器（R16_UEPn_RX_LEN）（n=1～7）     偏移地址：0x80 + 4*（n-1）         位                名称              访问                             描述                       复位值      [15:0]    UEPn_RX_LEN[15:0]          RW        端点 n 单次接收数据长度。
2	tmp/wch-evt/application_notes/CH32V205RM.PDF	b1ed9ef040455a1f9a32f1ab9f9be0e9d3391709bc0b6fa141b2f581593b6c59	finding	wchnet-chip-field	280	1	RB_UH_SET_PORT_RESET     WO   端口发送复位。                         0 22.2.2.17 USBHS 主机端口配置寄存器（R8_UH_PORT_CFG）     偏移地址：0x30         位                 名称            访问              描述                复位值          7     RB_UH_PD_EN              RW   主机模式下 15K 电阻下拉使能。               0        [6:1]   Reserve
2	tmp/wch-evt/application_notes/CH32V205RM.PDF	b1ed9ef040455a1f9a32f1ab9f9be0e9d3391709bc0b6fa141b2f581593b6c59	finding	wchnet-chip-field	287	2	复位值 R32_OPA_CFGR1                     0x40026000    OPA 配置寄存器 1                                    0x80000000 R32_OPA_CTLR1                     0x40026004    OPA 控制寄存器 1                                    0x0000031E R32_OPA_CTLR2                     0x40026008    OPA 控制寄存器 2
2	tmp/wch-evt/application_notes/CH32V205RM.PDF	b1ed9ef040455a1f9a32f1ab9f9be0e9d3391709bc0b6fa141b2f581593b6c59	finding	wchnet-chip-field	379	1	除内部 256 字节缓存区操作。 6）等待 BYS 位变为‘0’或 FLASH_STATR 寄存器的 EOP 位为‘1’表示清除结束，将 EOP 位清 0。 7）使用 32 位方式向 FLASH 地址写入数据，例如：*（uint32_t*）0x80000000 = 0x12345678。 8）然后设置 FLASH_CTLR 寄存器的 BUFLOAD 位，执行加载到缓存区。 9）等待 FLASH_STATR 寄存器的 WR_BSY 为‘0’，写入下个数据。 10）重复步骤 7-9 共 64 次，将 256 字节数据都加载到缓存区（主要 64 轮操作地址要连续）。 11）向 FLASH_ADDR 寄存器写
2	tmp/wch-evt/application_notes/CH32V205RM.PDF	b1ed9ef040455a1f9a32f1ab9f9be0e9d3391709bc0b6fa141b2f581593b6c59	global	id-terms	220	1	us 的时钟为低超过 35mS 时，会报超时，但 I2C 无此限制； 3） SMBus 有固定的逻辑电平，而 I2C 没有，取决于 VDD； 4） SMBus 有总线协议，而 I2C 没有。    SMBus 还包括设备识别、地址解析协议、唯一的设备标识符、SMBus 提醒和各种总线协议，具体 请参考 SMBus 规范 2.0 版本。当使用 SMBus 时，只需要置控制寄存器的 SMBus 位，按需配置 SMBTYPE 位和 ENAARP 位。 18.8 中断        每个 I2C 模块都有两种中断向量，                         分别是事件中断和错误中断。    两种中断支
2	tmp/wch-evt/application_notes/CH32V205RM.PDF	b1ed9ef040455a1f9a32f1ab9f9be0e9d3391709bc0b6fa141b2f581593b6c59	global	id-terms	261	1	注：（1）CC 端口的上拉电流独立于 GPIO，                                           可单独控制；                                           （2）CHIPID 倒数第二位为 1 的芯片，在作                                           为 Source 使用时，端口配置为上拉输入。                                           CC1 端口下拉电阻 Rd 使能：
2	tmp/wch-evt/application_notes/CH32V205RM.PDF	b1ed9ef040455a1f9a32f1ab9f9be0e9d3391709bc0b6fa141b2f581593b6c59	global	id-terms	262	1	独立于 GPIO，                                                   可单独控制；                                                   （2）CHIPID 倒数第二位为 1 的芯片，在作                                                   为 Source 使用时，端口配置为上拉输入                                                   CC2 端口下拉电阻 Rd 使能：
2	tmp/wch-evt/application_notes/CH32V205RM.PDF	b1ed9ef040455a1f9a32f1ab9f9be0e9d3391709bc0b6fa141b2f581593b6c59	global	id-terms	385	3	https://wch.cn                              第 29 章 电子签名（ESIG）   电子签名包含了芯片识别信息：闪存区容量和唯一身份标识。它由厂家在出厂时烧录到存储器 模块的系统存储区域，可以通过 SWD（SDI）或者应用代码读取。 29.1 功能描述   闪存区容量：指示当前芯片用户应用程序可以使用大小。   唯一身份标识：96 位二进制码，对任意一个微控制器都是唯一的，用户只能读访问不能修改。 此唯一标识信息可以用作微控制器（产品）的安全密码、加解密钥、产品序列号等，用来提高系统 安
2	tmp/wch-evt/application_notes/CH32V205RM.PDF	b1ed9ef040455a1f9a32f1ab9f9be0e9d3391709bc0b6fa141b2f581593b6c59	global	identity-csr	60	4	ved 15      14     13    12    11     10      9      8          7     6     5     4     3      2       1      0 IF15 IF14 IF13 IF12 IF11 IF10             IF9   IF8        IF7   IF6   IF5   IF4   IF3    IF2     IF1    IF0        位             名称            访问                                 描述
2	tmp/wch-evt/application_notes/CH32V205RM.PDF	b1ed9ef040455a1f9a32f1ab9f9be0e9d3391709bc0b6fa141b2f581593b6c59	global	identity-csr	86	4	0    29   28   27   26        25   24        23    22     21     20    19    18       17    16 CNF15[1:0] MODE15[1:0] CNF14[1:0] MODE14[1:0] CNF13[1:0] MODE13[1:0] CNF12[1:0] MODE12[1:0] 15       14    13   12   11   10        9    8         7      6      5     4     3      2       1      0 CNF11[1:0]
2	tmp/wch-evt/application_notes/CH32V205RM.PDF	b1ed9ef040455a1f9a32f1ab9f9be0e9d3391709bc0b6fa141b2f581593b6c59	global	known-addresses	208	14	表 17-7 USART6 相关寄存器列表         名称          访问地址                  描述           复位值 R32_USART6_STATR   0x40001800   USART6 状态寄存器         0x000000C0 R32_USART6_DATAR   0x40001804   USART6 数据寄存器         0x00000000 R32_USART6_BRR     0x40001808   USART6 波特率寄存器        0x00000000 R32_USART6_CTLR1
2	tmp/wch-evt/application_notes/CH32V205RM.PDF	b1ed9ef040455a1f9a32f1ab9f9be0e9d3391709bc0b6fa141b2f581593b6c59	global	known-addresses	385	1	名称                  访问地址                                  描述                    复位值 R16_ESIG_FLACAP                 0x1FFFF7E0         闪存容量寄存器                                   0xXXXX R32_ESIG_UNIID1                 0x1FFFF7E8         UID 寄存器 1                               0xXXXXXXXX R32_ESIG_UNIID2
2	tmp/wch-evt/application_notes/CH32V205RM.PDF	b1ed9ef040455a1f9a32f1ab9f9be0e9d3391709bc0b6fa141b2f581593b6c59	global	revision-errata	1	2	PA 运放、2 组 CMP 电压比较器、4Msps 高速 12 位 ADC、16 路 Touchkey 等丰富外设资源。    本手册针对用户的应用开发，提供了 CH32V205、CH32V203 芯片的详细使用信息。 RISC-V 内核版本概览        特点          硬件    中断    快速                                                       扩展     接口   内核        指令集    堆栈    嵌套    中断    流水线    向量表模式
2	tmp/wch-evt/application_notes/CH32V205RM.PDF	b1ed9ef040455a1f9a32f1ab9f9be0e9d3391709bc0b6fa141b2f581593b6c59	global	revision-errata	98	1	EN bit of channel 7                                       Hardware request7                           Fixed hardware                        I2C1_RX                                                                      Channel 7       priority             TIM2_CH2/TIM2_CH4*
2	tmp/wch-evt/application_notes/CH32V205RM.PDF	b1ed9ef040455a1f9a32f1ab9f9be0e9d3391709bc0b6fa141b2f581593b6c59	global	revision-errata	99	1	EN bit of channel 7                                                  Hardware request7                              Fixed hardware                    USART6_RX                                                                                  Channel 7         priority                     TIM2_UP*
2	tmp/wch-evt/application_notes/CH32V205RM.PDF	b1ed9ef040455a1f9a32f1ab9f9be0e9d3391709bc0b6fa141b2f581593b6c59	global	revision-errata	216	2	信总线（I2C）   内部集成电路总线（I2C）广泛用在微控制器和传感器及其他片外模块的通讯上，它本身支持多 主多从模式，仅仅使用两根线（SDA 和 SCL）就能以 100KHz（标准）和 400KHz（快速）两种速度通 讯。I2C 总线还兼容 SMBus 协议，不仅支持 I2C 的时序，还支持仲裁、定时和 DMA，拥有 CRC 校验功 能。 18.1 主要特征       支持主模式和从模式       支持 7 位或 10 位地址       从设备支持双 7 位地址       支持两种速度模式：100KHz 和 400KHz       多种状态模式，多种错误标志 
2	tmp/wch-evt/application_notes/CH32V205RM.PDF	b1ed9ef040455a1f9a32f1ab9f9be0e9d3391709bc0b6fa141b2f581593b6c59	global	revision-errata	220	1	固定的逻辑电平，而 I2C 没有，取决于 VDD； 4） SMBus 有总线协议，而 I2C 没有。    SMBus 还包括设备识别、地址解析协议、唯一的设备标识符、SMBus 提醒和各种总线协议，具体 请参考 SMBus 规范 2.0 版本。当使用 SMBus 时，只需要置控制寄存器的 SMBus 位，按需配置 SMBTYPE 位和 ENAARP 位。 18.8 中断        每个 I2C 模块都有两种中断向量，                         分别是事件中断和错误中断。    两种中断支持图 18-4 的中断源。                          图
2	tmp/wch-evt/application_notes/CH32V205RM.PDF	b1ed9ef040455a1f9a32f1ab9f9be0e9d3391709bc0b6fa141b2f581593b6c59	global	revision-errata	326	1	CAN 协议实现方案，支持 CAN 协议 2.0A 和 2.0B。CAN 控制器可以用来构建强大的局域网来实现安全的分 布式实时控制，以较小的 CPU 负荷来处理大量的数据报文，在工业和汽车领域有着广泛的应用。 25.1 主要特性  兼容 CAN 规范 2.0A 和 2.0B  可编程的传输速率，最高可达 1Mbit/s  支持时间触发通信功能，避免低优先级消息阻塞  支持三个发送邮箱，发送报文优先级可由报文标识符或发送请求的次序决定，并可记录发送报 文 SOF 时刻的时间戳  支持三级邮箱深度的 2 个接收 FIFO，14 个报文过滤器组可供配置，每个过滤器组可配置成 32 或 1
2	tmp/wch-evt/application_notes/CH32V205RM.PDF	b1ed9ef040455a1f9a32f1ab9f9be0e9d3391709bc0b6fa141b2f581593b6c59	global	silicon-package-lot	78	1	PA0/PA1 可以复用作为 USB PD 的 I/O 引脚，有两套相互独立的上拉和下拉电阻。其中，与其他 GPIO 特性相同的上拉和下拉电阻的控制方法与其他 GPIO 相同。          另有一套上拉电流和下拉电阻 Rd  （部 分封装形式的芯片未内置）用于 Type-C 引脚，由 R16_PORT_CC1/R16_PORT_CC2 控制。另外，AFIO_CR 中的 USBPD_IN_HVT 位，可为 PA0/PA1 选择高阈值输入模式。 10.1 主要特征   端口的每个引脚可以配置成以下的多种模式之一：       浮空输入；                 开漏输出；
2	tmp/wch-evt/application_notes/CH32V205RM.PDF	b1ed9ef040455a1f9a32f1ab9f9be0e9d3391709bc0b6fa141b2f581593b6c59	global	silicon-package-lot	261	1	1                                           注：CC 端口的下拉电阻独立于 GPIO，可单独                                           控制，但部分封装形式的芯片未内置 Rd，具                                           体参考 CH32V205DS0.PDF 中选型表         0      PA_CC1_AI             RO   CC1 端口比较器模拟输入。                                     1 21
2	tmp/wch-evt/application_notes/CH32V205RM.PDF	b1ed9ef040455a1f9a32f1ab9f9be0e9d3391709bc0b6fa141b2f581593b6c59	global	silicon-package-lot	262	1	注：CC 端口的下拉电阻独立于 GPIO，可单独                                                   控制，但部分封装形式的芯片未内置 Rd，具                                                   体参考 CH32V205DS0.PDF 中选型表         0        PA_CC2_AI               RO       CC2 端口比较器模拟输入。
2	tmp/wch-evt/application_notes/CH32V407RM.PDF	63625af9027af6abfff57a58f8d2afdb2b68ee7d31c323e407da6ea786573c56	finding	csr-address-meaning	62	2	调试寄存器 0                0x00000000 UACCES_MSTATUS               0x800         用户访问机器状态寄存器            0x00000000 HW_POPDM_CTLR                0x804         硬件压栈控制寄存器              0x00000004 TSELECT                      0x7A0         触发器通道选择寄存器             0x0000000X TDATA1                       0x7A1
2	tmp/wch-evt/application_notes/CH32V407RM.PDF	63625af9027af6abfff57a58f8d2afdb2b68ee7d31c323e407da6ea786573c56	finding	csr-address-meaning	67	3	断请求。        [2:0]   Reserved       RO   保留。                          0 注：本寄存器用于内核在用户模式运行时配置 MSTATUS 寄存器，当 CPU_RUN_CTLR 寄存器 non_usta 位使能后本地址可用，寄存器设置与 MSTATUS（0x300）寄存器相同。 9.2.3.17 硬件压栈控制寄存器（HW_POPDM_CTLR）     CSR 地址：0x804         位                名称   访问            描述               复位值
2	tmp/wch-evt/application_notes/CH32V407RM.PDF	63625af9027af6abfff57a58f8d2afdb2b68ee7d31c323e407da6ea786573c56	finding	csr-address-meaning	70	4	表 9-3 RISC-V3V 内核自定义寄存器列表            名称               CSR 地址                 描述                 复位值 CPU_RUN_CTLR                 0xBC0      处理器运行控制寄存器                  0x00000000 INEST_CTLR                   0xBC1      中断嵌套控制寄存器                   0x00000000 MIE                          0xBC8
2	tmp/wch-evt/application_notes/CH32V407RM.PDF	63625af9027af6abfff57a58f8d2afdb2b68ee7d31c323e407da6ea786573c56	finding	h417-lot-capability	7	1	，即 BOOT 区，用于系统引导程序存储（厂家固化自 举加载程序）。   128 字节用于系统非易失配置信息存储区，用于厂商配置字存储，出厂前固化，用户不可修改。   128 字节用于用户自定义信息存储区，用于用户选择字存储。   注：对于批号倒数第五位大于 0 的芯片，其非零等待区支持 RVV 指令和 DMA 两种 64 位访问。 1.3 启动配置        系统可以通过 BOOT0 和 BOOT1 引脚来选择三种不同的启动模式。                                表 1-1 启动模式              BOOT0   BOOT1             启动模
2	tmp/wch-evt/application_notes/CH32V407RM.PDF	63625af9027af6abfff57a58f8d2afdb2b68ee7d31c323e407da6ea786573c56	finding	h417-lot-capability	11	1	控制 32K 字节 RAM 不掉电。在该 基础之上，可以通过配置 PWR_CTLR 寄存器的 RAMLV=1，使能 RAM 低电压模式，功耗达到最低。 注：（1）调试模式下，使微处理器进入停止或待机模式，将失去调试连接。    （2）对于批号倒数第五位为 0 的芯片，进入待机模式前，不用作唤醒功能的 I/O 引脚须配置为 模拟输入。    （3）R32KSTY=1 控制 32K 字节 RAM 的地址范围：0x20000000—0x20000000+32K。 V1.1                            9
2	tmp/wch-evt/application_notes/CH32V407RM.PDF	63625af9027af6abfff57a58f8d2afdb2b68ee7d31c323e407da6ea786573c56	finding	h417-lot-capability	33	1	发生低功耗管理复位时由硬件置 1；软件写 RMVF 位清                               除。                               注：该功能仅适用于批号倒数第五位大于 0 的芯片。                               窗口看门狗复位标志：                               1：发生窗口看门狗复位；        30   WWDGRSTF     RO   0：无窗口看门狗复位发生。                           0
2	tmp/wch-evt/application_notes/CH32V407RM.PDF	63625af9027af6abfff57a58f8d2afdb2b68ee7d31c323e407da6ea786573c56	finding	h417-lot-capability	62	3	用户访问机器状态寄存器            0x00000000 HW_POPDM_CTLR                0x804         硬件压栈控制寄存器              0x00000004 TSELECT                      0x7A0         触发器通道选择寄存器             0x0000000X TDATA1                       0x7A1         跟踪触发数据寄存器              0x23E00048 TDATA2                       0x7A
2	tmp/wch-evt/application_notes/CH32V407RM.PDF	63625af9027af6abfff57a58f8d2afdb2b68ee7d31c323e407da6ea786573c56	finding	h417-lot-capability	65	1	0                     2                   非法指令                0                     3                   断点                0                     4                   读地址非对齐                0                     5                   读访问错误                0                     6
2	tmp/wch-evt/application_notes/CH32V407RM.PDF	63625af9027af6abfff57a58f8d2afdb2b68ee7d31c323e407da6ea786573c56	finding	h417-lot-capability	66	3	名称             访问                    描述                 复位值                                            触发器信息寄存器，对应 TDATA1 寄存器    [31:0]      tinfo[31:0]           MRO   type 值，type 值为 2，tinfo 的第 2 位        0x4                                            置 1。 9.2.3.12 调试 PC 地址寄存器（DPC）     CSR 地址：0x7B
2	tmp/wch-evt/application_notes/CH32V407RM.PDF	63625af9027af6abfff57a58f8d2afdb2b68ee7d31c323e407da6ea786573c56	finding	h417-lot-capability	68	5	RW    1：进出中断时使用硬件堆栈保护；               0                                      0：进出中断时不使用硬件堆栈保护。 9.2.3.18 触发器通道选择寄存器（TSELECT）     CSR 地址：0x7A0         位                名称    访问             描述                 复位值    [31:2]      Reserved        MRO   保留。                            0        [1:0]   mscratc
2	tmp/wch-evt/application_notes/CH32V407RM.PDF	63625af9027af6abfff57a58f8d2afdb2b68ee7d31c323e407da6ea786573c56	finding	h417-lot-capability	69	2	0：触发器不比较读数据地址 注：（1）处理器触发配置符合 RISC-V 调试标准，触发器配置类型为 2，根据访问的虚拟地址的最 低位进行匹配，在匹配的指令或读写数据前执行触发操作。 9.2.3.20 保存触发数据寄存器（TDATA2）     CSR 地址：0x7A2        位                      名称         访问                  描述                 复位值                                                  用于保存触发数据（指令 PC 或数据地    [31:0
2	tmp/wch-evt/application_notes/CH32V407RM.PDF	63625af9027af6abfff57a58f8d2afdb2b68ee7d31c323e407da6ea786573c56	finding	h417-lot-capability	72	1	break 指令触发调试（优                                            先级 3）；                                            010：触发模块引起一个断点异常（优先        [8:6]     dcause[2:0]         MRW                                  0                                            级 4）；                                            011：调试
2	tmp/wch-evt/application_notes/CH32V407RM.PDF	63625af9027af6abfff57a58f8d2afdb2b68ee7d31c323e407da6ea786573c56	finding	h417-lot-capability	75	1	用户模式回调中断                       0x00000020     9         -1       固定        BreakPoint                              断点回调中断                    0x00000024 V1.1                                                      73
2	tmp/wch-evt/application_notes/CH32V407RM.PDF	63625af9027af6abfff57a58f8d2afdb2b68ee7d31c323e407da6ea786573c56	finding	h417-lot-capability	102	1	Protection                                                            trigger                                                                             on/off                      diode        Write   Bit set/reset                      Input driver
2	tmp/wch-evt/application_notes/CH32V407RM.PDF	63625af9027af6abfff57a58f8d2afdb2b68ee7d31c323e407da6ea786573c56	finding	h417-lot-capability	103	1	Protection                                                        trigger                                                                       on/off                diode         Write   Bit set/ reset                 Input driver                    V
2	tmp/wch-evt/application_notes/CH32V407RM.PDF	63625af9027af6abfff57a58f8d2afdb2b68ee7d31c323e407da6ea786573c56	finding	h417-lot-capability	104	2	TTL Schmitt                                                              trigger                                     Protection                                                                                                          diode         Write Bit se
2	tmp/wch-evt/application_notes/CH32V407RM.PDF	63625af9027af6abfff57a58f8d2afdb2b68ee7d31c323e407da6ea786573c56	finding	h417-lot-capability	105	1	TTL Schmitt                                                               trigger                             Protection                                                                                                   diode           Write   Bit set/reset
2	tmp/wch-evt/application_notes/CH32V407RM.PDF	63625af9027af6abfff57a58f8d2afdb2b68ee7d31c323e407da6ea786573c56	finding	h417-lot-capability	131	1	自增模式或存储器地址自增模式，PSIZE[1:0]设置外 设地址取数据大小及地址自增大小，MSIZE[1:0]设置存储器地址取数据大小及地址自增大小，包括 4 种选择：8 位、16 位、32 位、64 位。具体数据转移方式如下表： 注：对于批号倒数第五位大于 0 的芯片，其非零等待区支持数据宽度为 64 位 DMA 访问。                   表 11-1 不同数据位宽下 DMA 转移（PINC=MINC=1） 源端     目标       传输                      源：地址/数据   目标：地址/数据             传输操作 位宽     位宽
2	tmp/wch-evt/application_notes/CH32V407RM.PDF	63625af9027af6abfff57a58f8d2afdb2b68ee7d31c323e407da6ea786573c56	finding	h417-lot-capability	134	13	TIM4_CH1                                        Channel 1                                           Software Trigger                                                MEM2MEM bit                                                                                          Arbiter
2	tmp/wch-evt/application_notes/CH32V407RM.PDF	63625af9027af6abfff57a58f8d2afdb2b68ee7d31c323e407da6ea786573c56	finding	h417-lot-capability	135	11	Channel 1                         SPI_I2S3_RX                                                      Software Trigger                                                           MEM2MEM bit                                                                                                     Arbiter
2	tmp/wch-evt/application_notes/CH32V407RM.PDF	63625af9027af6abfff57a58f8d2afdb2b68ee7d31c323e407da6ea786573c56	finding	h417-lot-capability	141	2	00：8 位；     01：16 位；                                       10：32 位；    11：64 位。                                       注：批号倒数第五位大于 0 的芯片，其非零等待区支                                       持数据宽度为 64 位 DMA 访问。                                       外设地址数据宽度设置：                                       00：8 位；     01：16
2	tmp/wch-evt/application_notes/CH32V407RM.PDF	63625af9027af6abfff57a58f8d2afdb2b68ee7d31c323e407da6ea786573c56	finding	h417-lot-capability	153	3	CH1         CH2      CH3             ADC1           CH3           CH2         CH1      CH0                  Trigger                                       ADC1 and ADC2 injection conversion ends 注：1.同一时刻 ADC1 和 ADC2 的转换通道不应重合。   2.同步模式下，ADC1 和 ADC2 应有相同时间长度的转换序列或两者之中较长的转换序列的时长 小于触发时间间隔，以保证每次
2	tmp/wch-evt/application_notes/CH32V407RM.PDF	63625af9027af6abfff57a58f8d2afdb2b68ee7d31c323e407da6ea786573c56	finding	h417-lot-capability	154	1	CH0                          ADC1                     CH0                 CH0                     Trigger                                                             ADC1 conversion ends                            14 ADCCLK cycles                                 28 ADCCLK cycles 注：
2	tmp/wch-evt/application_notes/CH32V407RM.PDF	63625af9027af6abfff57a58f8d2afdb2b68ee7d31c323e407da6ea786573c56	finding	h417-lot-capability	155	5	换，则所有 ADC 的规则转换被停止，在注入转换结束 后同步恢复。             图 12-12 同步规则模式下交替触发注入通道转换                                            1st trigger      ADC1       rule    conversion                         CH0      CH1             CH2                     CH2          CH3                  CH3              CH4      ADC1      i
2	tmp/wch-evt/application_notes/CH32V407RM.PDF	63625af9027af6abfff57a58f8d2afdb2b68ee7d31c323e407da6ea786573c56	finding	h417-lot-capability	156	1	CH0                                                        CH11       CH12                                       Trigger                                                        CH12       CH11                                                                                     CH0         CH0
2	tmp/wch-evt/application_notes/CH32V407RM.PDF	63625af9027af6abfff57a58f8d2afdb2b68ee7d31c323e407da6ea786573c56	finding	h417-lot-capability	180	1	TIMx_ETR                                                ETR                                                             Trigger                                                         Polarity selection &                ETRF              controller                                                      Edge
2	tmp/wch-evt/application_notes/CH32V407RM.PDF	63625af9027af6abfff57a58f8d2afdb2b68ee7d31c323e407da6ea786573c56	finding	h417-lot-capability	189	1	scaler   Counter                                                 Input-                                                triggered                                                selection   例如，可以将定时器 1 配置为定时器 2 的预分频器。为此：   1) 将定时器 1 配置为主模式，每次发生更新事件 UEV 时都输出一个周期性触发信号。如果将      MMS=010 写入 R16_TIM1_CTLR2，则每
2	tmp/wch-evt/application_notes/CH32V407RM.PDF	63625af9027af6abfff57a58f8d2afdb2b68ee7d31c323e407da6ea786573c56	finding	h417-lot-capability	214	1	TIMx_ETR                                      ETR                                                             Trigger                                               Polarity selection &                ETRF              controller                                            Edge detector & Prescaler
2	tmp/wch-evt/application_notes/CH32V407RM.PDF	63625af9027af6abfff57a58f8d2afdb2b68ee7d31c323e407da6ea786573c56	finding	h417-lot-capability	238	1	To DAC                                                                      Trigger                                                                     controller                                                                                      Reset,
2	tmp/wch-evt/application_notes/CH32V407RM.PDF	63625af9027af6abfff57a58f8d2afdb2b68ee7d31c323e407da6ea786573c56	finding	h417-lot-capability	282	9	= IDLE                                Initiate a frame transfer, by software:                              Initiate a triggered frame transfer, by:                                 3) No triggering: write a (first) control word                      1) SW-triggered: write and set R32_I3C_CFGR.TSFSET = 1
2	tmp/wch-evt/application_notes/CH32V407RM.PDF	63625af9027af6abfff57a58f8d2afdb2b68ee7d31c323e407da6ea786573c56	finding	h417-lot-capability	283	4	Initiate a frame transfer, by any following method:                                                    1) SW-triggered: write and set R32_I3C_CFGR.TSFSET=1                                                    2) HW-triggered: on a detected HW trigger hit
2	tmp/wch-evt/application_notes/CH32V407RM.PDF	63625af9027af6abfff57a58f8d2afdb2b68ee7d31c323e407da6ea786573c56	finding	h417-lot-capability	285	4	Initiate a frame transfer, by any following method:                                                    1) SW-triggered: write and set R32_I3C_CFGR.TSFSET=1                                                    2) HW-triggered: on a detected HW trigger hit
2	tmp/wch-evt/application_notes/CH32V407RM.PDF	63625af9027af6abfff57a58f8d2afdb2b68ee7d31c323e407da6ea786573c56	finding	h417-lot-capability	297	1	RDCNT[2:0]                      RO R32_I3C_IBIDR 寄存器中有效接收的数据字节数。 0x7                                                  注：批号倒数第五位大于 0 的芯片，清零 IBI 请                                                  求标志后变为 0x7。 19.4.11 I3C 事件寄存器（R32_I3C_EVR）        偏移地址：0x50 31          30     29       28   27      26    25
2	tmp/wch-evt/application_notes/CH32V407RM.PDF	63625af9027af6abfff57a58f8d2afdb2b68ee7d31c323e407da6ea786573c56	finding	h417-lot-capability	446	1	切换成目的地址）；                                               0：DMA 使能。                                               注：仅适用于批号倒数第五位大于 0 的芯片。                                               FIFO 下溢中断使能：        1        FUIE                       RW 1：使能；                                                      0
2	tmp/wch-evt/application_notes/CH32V407RM.PDF	63625af9027af6abfff57a58f8d2afdb2b68ee7d31c323e407da6ea786573c56	finding	h417-lot-capability	513	1	FFFF87F     128 注：   1） 上述主存储器区域用于用户的应用程序存储，以 4K 字节（16 页）单位进行写保护划分；      除了“厂商配置字”区域出厂锁定，用户不可访问，其他区域在一定条件下用户可操作。   2） 对于批号倒数第五位大于 0 的芯片，其非零等待区支持 RVV 指令和 DMA 两种 64 位访问。 32.2 闪存编程及安全性 32.2.1 两种编程/擦除方式  标准编程：此方式是默认编程方式（兼容方式）。这种模式下 CPU 以单次 2 字节方式执行编程， 单次 4K 字节执行擦除及整片擦除操作。  快速编程：此方式采用页操作方式（推荐）。经过特定序列解锁后，执行单
2	tmp/wch-evt/application_notes/CH32V407RM.PDF	63625af9027af6abfff57a58f8d2afdb2b68ee7d31c323e407da6ea786573c56	finding	iochub-identity	6	1	0xA000 1000                               0x4000 6800   0x1FFF FFFF                                           FSMC register                                CAN                     Reserved          0xA000 0000                               0x4000 6400
2	tmp/wch-evt/application_notes/CH32V407RM.PDF	63625af9027af6abfff57a58f8d2afdb2b68ee7d31c323e407da6ea786573c56	finding	iochub-identity	8	2	supply domain                                    LSE 32K crystal oscillator                                    Back-up register                 VBAT                                    RCC BDCR register                                    RTC 对于 CH32V467 产品还包括了以下参数（具体数据参考 CH32V407DS0 手册）：   VDD18：为片内的 PS
2	tmp/wch-evt/application_notes/CH32V407RM.PDF	63625af9027af6abfff57a58f8d2afdb2b68ee7d31c323e407da6ea786573c56	finding	iochub-identity	42	1	lynomial: 0x4C11DB7)                             32-bit write                                                   Data register                                                   (CRC_DATAR) 5.1 主要特征                                              32   26    23    22   16   12     11   10     8   7   5   4
2	tmp/wch-evt/application_notes/CH32V407RM.PDF	63625af9027af6abfff57a58f8d2afdb2b68ee7d31c323e407da6ea786573c56	finding	iochub-identity	50	4	常工作。当看门狗计数器 自减到 0 时，将会产生系统复位，所以超时时间为（重装载值+1）个时钟。                   图 7-1 独立看门狗的结构框图          CORE            Prescaler register   Status register    Reload register      Control register                IWDG_PSCR           IWDG_STATR         IWDG_RLDR            IWDG_CTLR
2	tmp/wch-evt/application_notes/CH32V407RM.PDF	63625af9027af6abfff57a58f8d2afdb2b68ee7d31c323e407da6ea786573c56	finding	iochub-identity	53	2	内部结构框图。                      图 8-1 窗口看门狗结构框图                                                    Watchdog configuration register(WWDG_CFGR)                                                         -     W6 W5 W4 W3 W2 W1 W0                               T[6:0] ＞ W[6:0]  RESET                           Wri
2	tmp/wch-evt/application_notes/CH32V407RM.PDF	63625af9027af6abfff57a58f8d2afdb2b68ee7d31c323e407da6ea786573c56	finding	iochub-identity	62	1	丢失，                                            无法在调试模式中使用。 9.2.3 通用特权寄存器   RISC-V 架构中定义了一些控制和状态寄存器（Control and Status Register,CSR），用于配 置或标识或记录运行状态。CSR 寄存器属于内核内部的寄存器，使用专用的 12 位地址空间。 注：此类寄存器标注为“MRW，MRO，MRW1”属性的需要系统在机器模式下才能访问。                                表 9-2 通用特权寄存器列表             名称              CSR 地
2	tmp/wch-evt/application_notes/CH32V407RM.PDF	63625af9027af6abfff57a58f8d2afdb2b68ee7d31c323e407da6ea786573c56	finding	iochub-identity	66	3	名称             访问                    描述                 复位值                                            进入调试模式时注册模块停止工作：                                            1：注册的外设在内核进入调试模式时停    [31:8]      dbg_mode_stop         MRW   止工作；                                  0
2	tmp/wch-evt/application_notes/CH32V407RM.PDF	63625af9027af6abfff57a58f8d2afdb2b68ee7d31c323e407da6ea786573c56	finding	iochub-identity	102	3	VDD                                       register                                                            TTL Schmitt                                                                                                         Prot
2	tmp/wch-evt/application_notes/CH32V407RM.PDF	63625af9027af6abfff57a58f8d2afdb2b68ee7d31c323e407da6ea786573c56	finding	iochub-identity	103	3	V DD                                    register                                                         TTL Schmitt                                                                                              Protection
2	tmp/wch-evt/application_notes/CH32V407RM.PDF	63625af9027af6abfff57a58f8d2afdb2b68ee7d31c323e407da6ea786573c56	finding	iochub-identity	104	6	VDD                                       register                                                              TTL Schmitt                                                              trigger                                     P
2	tmp/wch-evt/application_notes/CH32V407RM.PDF	63625af9027af6abfff57a58f8d2afdb2b68ee7d31c323e407da6ea786573c56	finding	iochub-identity	105	3	VDD                                          register                                                               TTL Schmitt                                                               trigger                             Protect
2	tmp/wch-evt/application_notes/CH32V407RM.PDF	63625af9027af6abfff57a58f8d2afdb2b68ee7d31c323e407da6ea786573c56	finding	iochub-identity	145	2	EOC=1                                                                                                       register (16 bits)          VSSA                                                                                                                                                     End of
2	tmp/wch-evt/application_notes/CH32V407RM.PDF	63625af9027af6abfff57a58f8d2afdb2b68ee7d31c323e407da6ea786573c56	finding	iochub-identity	152	4	EOC=1                                                                （slave）              registers (16-bit)                                                                                                                                 End of injection
2	tmp/wch-evt/application_notes/CH32V407RM.PDF	63625af9027af6abfff57a58f8d2afdb2b68ee7d31c323e407da6ea786573c56	finding	iochub-identity	167	1	图 13-1 DAC 模块框图                                                                              DAC Control Register                                                                                  （DAC_CTLR）                                              TSELx[2:0]                          TI
2	tmp/wch-evt/application_notes/CH32V407RM.PDF	63625af9027af6abfff57a58f8d2afdb2b68ee7d31c323e407da6ea786573c56	finding	iochub-identity	170	1	base value                                     0 13.2.5 DAC 噪声生成器     模块内置了一个噪声生成器，是利用线性反馈移位寄存器（Linear Feedback Shift Register LFSR）产生幅度变化的伪噪声。设置 WAVE[1:0]位为 01b，选择 DAC 噪声生成功能。设置 DAC_CTLR 寄存器的 MAMPx[3:0]位来选择屏蔽部分 LFSR 的数据。     寄存器 LFSR 的预装入值为 0xAAA。按照特定算法，在每次触发事件后 3 个 PB1 时钟周期之后更 新该寄存器的值。设置 DAC_CR 寄存器的 MAM
2	tmp/wch-evt/application_notes/CH32V407RM.PDF	63625af9027af6abfff57a58f8d2afdb2b68ee7d31c323e407da6ea786573c56	finding	iochub-identity	180	9	TI1FP1                                  Encoder                   Count             REP Register                                                                                                                interface
2	tmp/wch-evt/application_notes/CH32V407RM.PDF	63625af9027af6abfff57a58f8d2afdb2b68ee7d31c323e407da6ea786573c56	finding	iochub-identity	183	2	read_in_progress         Read CCR1L                                Capture/compare preload register                                      R Write CCR1L                          R                                                                                   Output
2	tmp/wch-evt/application_notes/CH32V407RM.PDF	63625af9027af6abfff57a58f8d2afdb2b68ee7d31c323e407da6ea786573c56	finding	iochub-identity	214	7	U      Register       UI                                                                                                          Stop,clear,Up/Down
2	tmp/wch-evt/application_notes/CH32V407RM.PDF	63625af9027af6abfff57a58f8d2afdb2b68ee7d31c323e407da6ea786573c56	finding	iochub-identity	217	2	gress                            read_in_progress         Read CCR1L                            Capture/compare preload register                                        R Write CCR1L                       R                                                                                    Output
2	tmp/wch-evt/application_notes/CH32V407RM.PDF	63625af9027af6abfff57a58f8d2afdb2b68ee7d31c323e407da6ea786573c56	finding	iochub-identity	238	1	AutoReload                                                               U      Register    U                                                        Stop, clear or up                                   CK_PSC                CK_CNT                   U
2	tmp/wch-evt/application_notes/CH32V407RM.PDF	63625af9027af6abfff57a58f8d2afdb2b68ee7d31c323e407da6ea786573c56	finding	iochub-identity	243	5	Write                                 Read                                                  (CPU or DMA)         (DATA REGISTER) DATAR                  (CPU or DMA)                                                    Transmit Data Register                    Receive Data Register                     TX
2	tmp/wch-evt/application_notes/CH32V407RM.PDF	63625af9027af6abfff57a58f8d2afdb2b68ee7d31c323e407da6ea786573c56	finding	iochub-identity	259	8	https://wch.cn                               图 18-2 I2C 功能框图                                                 Data register                   Noise       Data           SDA                                 Data shift register                  filter     control
2	tmp/wch-evt/application_notes/CH32V407RM.PDF	63625af9027af6abfff57a58f8d2afdb2b68ee7d31c323e407da6ea786573c56	finding	iochub-identity	272	1	management                                                                     Bus                            I3C register                           input &                                               Controller finite            Interrupt                                               output
2	tmp/wch-evt/application_notes/CH32V407RM.PDF	63625af9027af6abfff57a58f8d2afdb2b68ee7d31c323e407da6ea786573c56	finding	iochub-identity	276	1	Sr                        NACK   P                                   (7'h7E)(RnW=1)              unique ID(*),BCR,DCR)                                    NACK                                 (7'h7E)(RnW=1)
2	tmp/wch-evt/application_notes/CH32V407RM.PDF	63625af9027af6abfff57a58f8d2afdb2b68ee7d31c323e407da6ea786573c56	finding	iochub-identity	306	1	XDM                                                     IE   IE  IE                       AEN AEN                 Shift register        MISO                                    LSB first         SPI_STATR                   Tx buffer                         BSY     OVR MODF CRC
2	tmp/wch-evt/application_notes/CH32V407RM.PDF	63625af9027af6abfff57a58f8d2afdb2b68ee7d31c323e407da6ea786573c56	finding	iochub-identity	309	1	16-bit         MOSI/SD           MISO                                                 Shift register          LSB first                                                                                                                Communication
2	tmp/wch-evt/application_notes/CH32V407RM.PDF	63625af9027af6abfff57a58f8d2afdb2b68ee7d31c323e407da6ea786573c56	finding	iochub-identity	311	4	Channel right 此模式需要对寄存器 SPI_DATAR 进行 2 次读或写操作。在发送模式下：如果需要发送 0x8EAA33（24 位）：             First write to Data register                          Second write to Data register                    0x8EAA                                                  0x33XX
2	tmp/wch-evt/application_notes/CH32V407RM.PDF	63625af9027af6abfff57a58f8d2afdb2b68ee7d31c323e407da6ea786573c56	finding	iochub-identity	314	4	模式下如果要发送数据 0x3478AE，                              需要通过软件或 DMA 对寄存器 DATAR 进行 2 次写操作。             TEX='1 ' when the data register is written         TEX='1 ' when the data register is written                         for the first time                               for the second time                       0x
2	tmp/wch-evt/application_notes/CH32V407RM.PDF	63625af9027af6abfff57a58f8d2afdb2b68ee7d31c323e407da6ea786573c56	finding	iochub-identity	370	1	注：从机只支持 R1 类型的应答，主从通信所用的命令索引和参数含义均由软件定义。 24.4 应用 24.4.1 设备初始化和设备寄存器 24.4.1.1 OCR 寄存器     操作条件寄存器（Operation Conditions Register）存储了 SD 卡的一些其接收的供电电压的 信息和相关的状态位。相关的位定义如下表。                        表 24-14 OCR 寄存器位定义        位次       位定义                        描述    [0:3]         保留        4         保留        5
2	tmp/wch-evt/application_notes/CH32V407RM.PDF	63625af9027af6abfff57a58f8d2afdb2b68ee7d31c323e407da6ea786573c56	finding	iochub-identity	387	3	Valid message            Valid message            Valid message            Valid message                   received    Registered   received    Registered   received    Registered   received        Empty                     1                      2                      3                   Overflow        F
2	tmp/wch-evt/application_notes/CH32V407RM.PDF	63625af9027af6abfff57a58f8d2afdb2b68ee7d31c323e407da6ea786573c56	finding	iochub-identity	409	1	HB bus                                                                               Common                            Register                         FSMC_NOE                                                                                signals
2	tmp/wch-evt/application_notes/CH32V407RM.PDF	63625af9027af6abfff57a58f8d2afdb2b68ee7d31c323e407da6ea786573c56	finding	iochub-identity	439	1	ation                                                    And status                                                     registers                                                        HB          32-bit HB bus                               Slave        (1)PFC:pixel format converter,performing the pixe
2	tmp/wch-evt/application_notes/CH32V407RM.PDF	63625af9027af6abfff57a58f8d2afdb2b68ee7d31c323e407da6ea786573c56	finding	iochub-identity	463	9	https://wch.cn                  图 29-2 使用精调方式更新时间的流程                                Addend register                    Addend update                                        +                             Accumulator register                                                  Co
2	tmp/wch-evt/application_notes/CH32V407RM.PDF	63625af9027af6abfff57a58f8d2afdb2b68ee7d31c323e407da6ea786573c56	finding	iochub-identity	471	1	DMA 控制器建立运转机制的步骤如下： 1） 设置发送缓冲区队列，将要发送的内容填入发送缓冲区。设置发送描述符队列，填好发送描述    符的各域各位，并将 OWN 置位，将发送描述符的管理权交付给 DMA 控制器；将描述符初始地址    注册到 DMATDLAR 寄存器中； 2） 置位 ST 位（DMAOMR:13），开启 DMA； 3） 在运行模式下，DMA 描述符会自动读取发送描述符的内容，根据其指示的地址和长度把数据推    送到发送 FIFO。结束后 DMA 会按照链式结构读取紧接着的下一个发送描述符进行下一次发送。    当 DMA 控制器检测到 OWM 位未置位导致无权访问发送描述符
2	tmp/wch-evt/application_notes/CH32V407RM.PDF	63625af9027af6abfff57a58f8d2afdb2b68ee7d31c323e407da6ea786573c56	finding	iochub-identity	508	4	32-bit HB bus                                                                  Data register            Control register                             RNG_DR                   RNG_CR           RNG_CLK                                         LFSR            Status registe
2	tmp/wch-evt/application_notes/CH32V407RM.PDF	63625af9027af6abfff57a58f8d2afdb2b68ee7d31c323e407da6ea786573c56	finding	iochub-identity	520	1	FLASH_CTLR PER bit=1                         Write the erased page header                        address in FLASH_ADDR register                          (erase 8 pages at a time)                          Set FLASH_CTLR STRT bit=1                                                        YES
2	tmp/wch-evt/application_notes/CH32V407RM.PDF	63625af9027af6abfff57a58f8d2afdb2b68ee7d31c323e407da6ea786573c56	finding	mcpy	58	2	[6:0]    func7               固定值 0001011b。 注：以 sp 寄存器为基地址的读写指令执行不受匹配 load/store 指令（match=001/010/011）限制。 9.2.1.4 自定义 mcpy 指令     mcpy 指令用于替代 memcpy 函数，实现连续的内存搬运功能，指令寄存器中保存起始地址，目 标地址，结束地址的地址信息，所有地址均无对齐要求。            位               名称                           描述          [31:27]   rs3
2	tmp/wch-evt/application_notes/CH32V407RM.PDF	63625af9027af6abfff57a58f8d2afdb2b68ee7d31c323e407da6ea786573c56	finding	wchnet-chip-field	6	2	n Bytes                                                                       I2C   0x1FFF F800                         0x8080 0000                               0x4000 5400                  Vendor Bytes                              PSRAM                                  USART5   0x1FFF F700
2	tmp/wch-evt/application_notes/CH32V407RM.PDF	63625af9027af6abfff57a58f8d2afdb2b68ee7d31c323e407da6ea786573c56	finding	wchnet-chip-field	36	1	111110：63 分频；                                         111111：64 分频。 3.4.13 时钟配置寄存器 3（RCC_CFGR3）        偏移地址：0x30 31       30    29    28     27     26       25   24        23   22    21   20   19    18      17       16                                                  Reserved 15       14
2	tmp/wch-evt/application_notes/CH32V407RM.PDF	63625af9027af6abfff57a58f8d2afdb2b68ee7d31c323e407da6ea786573c56	finding	wchnet-chip-field	40	1	校准 RTC 时钟。RTC 时钟可以被减慢 0 ～                                            121ppm。 4.3.3 侵入检测控制寄存器（BKP_TPCTLR）        偏移地址：0x30 15       14    13     12   11   10         9     8         7   6      5       4   3    2        1      0                                           Reserved
2	tmp/wch-evt/application_notes/CH32V407RM.PDF	63625af9027af6abfff57a58f8d2afdb2b68ee7d31c323e407da6ea786573c56	finding	wchnet-chip-field	58	3	0x00000000 VLENB                         0xC22   向量寄存器字节长度寄存器              0x00000000 VCONTROL                      0x805   自定义向量控制寄存器                0x00000X0C VPPADDR                       0x806   自定义向量寄存器压栈基地址寄存器          0x00000000 VCAUSE                        0x808   自定义向量异常源寄存器
2	tmp/wch-evt/application_notes/CH32V407RM.PDF	63625af9027af6abfff57a58f8d2afdb2b68ee7d31c323e407da6ea786573c56	finding	wchnet-chip-field	59	1	CH32V407 应用手册                                                        https://wch.cn VTVAL                       0x809     自定义向量异常自陷信息寄存器             0x00000000 9.2.2.1 定点饱和状态寄存器（VXSAT）     CSR 地址：0x009         位              名称           访问              描述                  复位值    [31:1]      R
2	tmp/wch-evt/application_notes/CH32V407RM.PDF	63625af9027af6abfff57a58f8d2afdb2b68ee7d31c323e407da6ea786573c56	finding	wchnet-chip-field	60	1	长度 64bit，字节长度 8，固               0x8                                       定值。 9.2.2.7 自定义向量控制寄存器（VCONTROL）     CSR 地址：0x805         位                名称   访问                  描述                     复位值                                       向量指令异常标记，当向量指令产生异         31     VEC_ILL        URW1C   常时置位,当
2	tmp/wch-evt/application_notes/CH32V407RM.PDF	63625af9027af6abfff57a58f8d2afdb2b68ee7d31c323e407da6ea786573c56	finding	wchnet-chip-field	61	2	0                                      0：关闭向量堆栈保护功能。 9.2.2.8 自定义向量寄存器压栈基地址寄存器（VPPADDR）     CSR 地址：0x806         位                 名称   访问                   描述                    复位值                                      向量寄存器堆栈保护内存地址寄存器，
2	tmp/wch-evt/application_notes/CH32V407RM.PDF	63625af9027af6abfff57a58f8d2afdb2b68ee7d31c323e407da6ea786573c56	finding	wchnet-chip-field	62	6	407 应用手册                                                     https://wch.cn 9.2.2.10 自定义向量异常自陷信息寄存器（VTVAL）     CSR 地址：0x809         位              名称            访问                     描述        复位值                                            向量指令自陷信息寄存器，当                                            VEC_
2	tmp/wch-evt/application_notes/CH32V407RM.PDF	63625af9027af6abfff57a58f8d2afdb2b68ee7d31c323e407da6ea786573c56	finding	wchnet-chip-field	63	2	复位值    [31:0]      mimpid[31:0]      MRO   机器实现 ID，固定值不可修改。   0xDC688003 9.2.3.4 机器状态寄存器（MSTATUS）     CSR 地址：0x300         位                名称      访问             描述               复位值    [31:13]     Reserved          MRO   保留。                          0
2	tmp/wch-evt/application_notes/CH32V407RM.PDF	63625af9027af6abfff57a58f8d2afdb2b68ee7d31c323e407da6ea786573c56	finding	wchnet-chip-field	64	1	1         0      A                  MRO   本内核支持执行原子指令集。                    1 9.2.3.6 机器模式异常基地址寄存器（MTVEC）     CSR 地址：0x305         位              名称         访问              描述                  复位值                                         处理器发生异常时跳转的基地址高位，    [31:10]     mtvec_base[21:0]   MRW   1kB 对齐
2	tmp/wch-evt/application_notes/CH32V407RM.PDF	63625af9027af6abfff57a58f8d2afdb2b68ee7d31c323e407da6ea786573c56	finding	wchnet-chip-field	66	1	Reserved              MRO   保留。                                   0 9.2.3.16 用户访问机器状态寄存器（UACCES_MSTATUS）     CSR 地址：0x800         位             名称             访问                    描述                 复位值         31     SD                     RO   用于标记浮点指令是否处于脏状态。                      0 V1.1
2	tmp/wch-evt/application_notes/CH32V407RM.PDF	63625af9027af6abfff57a58f8d2afdb2b68ee7d31c323e407da6ea786573c56	finding	wchnet-chip-field	67	2	保留。                          0 注：本寄存器用于内核在用户模式运行时配置 MSTATUS 寄存器，当 CPU_RUN_CTLR 寄存器 non_usta 位使能后本地址可用，寄存器设置与 MSTATUS（0x300）寄存器相同。 9.2.3.17 硬件压栈控制寄存器（HW_POPDM_CTLR）     CSR 地址：0x804         位                名称   访问            描述               复位值                                    用户模式锁定标志，锁定后用户模式不
2	tmp/wch-evt/application_notes/CH32V407RM.PDF	63625af9027af6abfff57a58f8d2afdb2b68ee7d31c323e407da6ea786573c56	finding	wchnet-chip-field	70	1	指令时不清除中断请求。                                       UACCES_MSTATUS 寄存器使能：        5     non_usta          MRW    1：CSR 地址 0x800 的位 3 和位 7 分别映射为        0                                       MSTATUS 寄存器的位 MIE 和 MSTATUS 寄存器的位 V1.1                                      68
2	tmp/wch-evt/application_notes/CH32V407RM.PDF	63625af9027af6abfff57a58f8d2afdb2b68ee7d31c323e407da6ea786573c56	finding	wchnet-chip-field	71	1	https://wch.cn                                   MPIE；                                   0：CSR 地址 0x800 为只读寄存器，返回值为                                   MSTATUS 的值。    [4:2]    Reserved        MRO   保留。                             0                                   取指模式：
2	tmp/wch-evt/application_notes/CH32V407RM.PDF	63625af9027af6abfff57a58f8d2afdb2b68ee7d31c323e407da6ea786573c56	finding	wchnet-chip-field	95	1	0                                                  0：无影响。 9.4.5.33 PFIC 中断激活状态寄存器 1（PFIC_IACTR1）     偏移地址：0x300  31      30     29      28    27   26   25      24        23   22   21     20    19    18         17       16                                               IACTS[31:16]  15
2	tmp/wch-evt/application_notes/CH32V407RM.PDF	63625af9027af6abfff57a58f8d2afdb2b68ee7d31c323e407da6ea786573c56	finding	wchnet-chip-field	96	3	RO      保留。                                           0 9.4.5.34 PFIC 中断激活状态寄存器 2（PFIC_IACTR2）     偏移地址：0x304 31       30    29   28    27   26   25      24        23   22   21   20   19   18      17      16                                           IACTS[63:48] 15       14    13   12
2	tmp/wch-evt/application_notes/CH32V407RM.PDF	63625af9027af6abfff57a58f8d2afdb2b68ee7d31c323e407da6ea786573c56	finding	wchnet-chip-field	164	1	https://wch.cn 12.3.10 ADCx 规则通道序列寄存器 2（ADCx_RSQR2）（x=1/2）        偏移地址：0x30  31       30   29      28      27      26   25    24         23      22       21   20   19      18       17       16 Reserved                  SQ12[4:0]
2	tmp/wch-evt/application_notes/CH32V407RM.PDF	63625af9027af6abfff57a58f8d2afdb2b68ee7d31c323e407da6ea786573c56	finding	wchnet-chip-field	178	1	RO        DAC 通道 1 输出数据。                                           0 13.4.13 DAC 通道 2 数据输出寄存器（DAC_DOR2）        偏移地址：0x30 31       30    29   28    27    26        25    24         23      22   21       20   19   18      17       16                                                 Reserved 15
2	tmp/wch-evt/application_notes/CH32V407RM.PDF	63625af9027af6abfff57a58f8d2afdb2b68ee7d31c323e407da6ea786573c56	finding	wchnet-chip-field	208	1	新见 14.2.3 章节；ATRLR 为空时，计数器停止。 14.4.13 重复计数值寄存器（TIMx_RPTCR）（x=1/8）        偏移地址：0x30  15       14    13   12     11   10    9    8         7   6   5    4     3    2       1        0                      Reserved                                      REP[7:0]
2	tmp/wch-evt/application_notes/CH32V407RM.PDF	63625af9027af6abfff57a58f8d2afdb2b68ee7d31c323e407da6ea786573c56	finding	wchnet-chip-field	275	2	Optional Write                                                                                           (0x80 to 0xFE,          T                            T                                       T          Sr
2	tmp/wch-evt/application_notes/CH32V407RM.PDF	63625af9027af6abfff57a58f8d2afdb2b68ee7d31c323e407da6ea786573c56	finding	wchnet-chip-field	294	1	RO 保留。                                                             0 19.4.8 I3C 状态寄存器（R32_I3C_STATR）        偏移地址：0x30 31          30     29      28      27   26    25        24         23   22     21       20    19   18      17         16
2	tmp/wch-evt/application_notes/CH32V407RM.PDF	63625af9027af6abfff57a58f8d2afdb2b68ee7d31c323e407da6ea786573c56	finding	wchnet-chip-field	329	1	R8_USB_TEST_MODE     0x40024005   USBHS 测试模式寄存器           0x00 R16_USB_LPM_DATA     0x40024006   USBHS 电源管理寄存器          0x8000 R8_USB_INT_FG        0x40024008   USBHS 中断标志寄存器           0x00 R8_USB_INT_ST        0x40024009   USBHS 中断状态寄存器           0x00 R8_USB_MIS_ST        0x4002400A   USBHS 杂项状态寄存器
2	tmp/wch-evt/application_notes/CH32V407RM.PDF	63625af9027af6abfff57a58f8d2afdb2b68ee7d31c323e407da6ea786573c56	finding	wchnet-chip-field	331	1	_USB_TEST_MODE      0x40023405   USBHS 测试模式寄存器           0x00 R16_USB_LPM_DATA      0x40023406   USBHS 电源管理寄存器          0x8000 R8_USB_INT_FG         0x40023408   USBHS 中断标志寄存器           0x00 R8_USB_INT_ST         0x40023409   USBHS 中断状态寄存器           0x00 R8_USB_MIS_ST         0x4002340A   USBHS 杂项状态寄存器
2	tmp/wch-evt/application_notes/CH32V407RM.PDF	63625af9027af6abfff57a58f8d2afdb2b68ee7d31c323e407da6ea786573c56	finding	wchnet-chip-field	340	1	端点 0 接收数据长度。                                          X 22.2.1.28 端点 n 单次接收长度寄存器（R16_UEPn_RX_LEN）（n=1～7）     偏移地址：0x80 + 4*（n-1）        位                    名称                  访问                           描述                        复位值   [15:0]         UEPn_RX_LEN[15:0]               RW    端点 n 单次
2	tmp/wch-evt/application_notes/CH32V407RM.PDF	63625af9027af6abfff57a58f8d2afdb2b68ee7d31c323e407da6ea786573c56	finding	wchnet-chip-field	348	1	B_UH_SET_PORT_RESET      WO    端口发送复位。                           0 22.2.2.17 USBHS 主机端口配置寄存器（R8_UH_PORT_CFG）     偏移地址：0x30 V1.1                                          346
2	tmp/wch-evt/application_notes/CH32V407RM.PDF	63625af9027af6abfff57a58f8d2afdb2b68ee7d31c323e407da6ea786573c56	finding	wchnet-chip-field	378	1	0                                                  的流程（取决于传输方向）。 24.6.10 传输计数寄存器（R32_SDIO_DCOUNT）        偏移地址：0x30 31          30     29       28      27   26        25      24         23      22    21   20       19     18       17       16                          Reserved
2	tmp/wch-evt/application_notes/CH32V407RM.PDF	63625af9027af6abfff57a58f8d2afdb2b68ee7d31c323e407da6ea786573c56	finding	wchnet-chip-field	382	1	RW 任意字节长度模式的数据块长度域。                                                 0 24.6.16 FIFO 寄存器（R32_SDIO_FIFO）        偏移地址：0x80 31          30     29       28   27    26    25       24         23    22    21     20       19   18       17       16                                                    FIFODATA[
2	tmp/wch-evt/application_notes/CH32V407RM.PDF	63625af9027af6abfff57a58f8d2afdb2b68ee7d31c323e407da6ea786573c56	finding	wchnet-chip-field	442	4	h.cn     例如，将中黄色（50%红 + 50%绿）用作替换色键，则：     - 在 RGB565 中，中黄色为 0x8400。将 LTDC_LCKCR 设为 0x848200。     - 在 ARGB8888 中，中黄色为 0x808000，将 LTDC_LCKCR 设为 0x808000。     - 在所有基于 CLUT 的颜色模式（L8、AL88、AL44）下，将其中一个调色板条目设为中黄色 0x808000，将 LTDC_LCKCR 设为 0x808000。 27.3.6 重载影子寄存器   一些配置寄存器执行影子操作。对活动寄存器执行写操作时，或在 R32_LTDC_SRC
2	tmp/wch-evt/application_notes/CH32V407RM.PDF	63625af9027af6abfff57a58f8d2afdb2b68ee7d31c323e407da6ea786573c56	finding	wchnet-chip-field	448	1	RW 当前 Y 位置。                                                0 27.4.13 LTDC 当前显示状态寄存器（R32_LTDC_CDSR）        偏移地址：0x30 31         30     29     28   27   26    25    24         23   22   21   20     19    18      17       16                                                Reserved 15         14
2	tmp/wch-evt/application_notes/CH32V407RM.PDF	63625af9027af6abfff57a58f8d2afdb2b68ee7d31c323e407da6ea786573c56	finding	wchnet-chip-field	458	4	唤醒中断入口           支持链路层的数据回环 29.1.2 DMA 特征           MAC 专享 DMA，最大程度减小 CPU 的操作           支持以字节对齐方式访问 RAM           以描述符的方式管理收发缓冲区           接收发送的一部分状态反馈在描述符中           可以动态修改非正在使用的描述符和缓冲区           支持手动停止或启动           支持链式或环式的形式连接描述符           支持收发完成中断等多种中断源 29.1.3 MMC 模块特征           支持手动复位、
2	tmp/wch-evt/application_notes/CH32V407RM.PDF	63625af9027af6abfff57a58f8d2afdb2b68ee7d31c323e407da6ea786573c56	finding	wchnet-chip-field	459	2	   支持中断功能。 29.1.6 帧过滤     使用 MAC 帧过滤器可以对接收的帧的目标 MAC 地址和源 MAC 地址进行完美过滤或 HASH 过滤，   并 可以设置使不通过过滤的帧被丢弃、被接收、或是被在接收描述符中标记出来。此功能请详细阅读 MAC 帧过滤寄存器（R32_ETH_MACFFR）的描述。MAC 内置了四个 MAC 地址寄存器，其中 MAC 地址寄存 器 0 被默认用作存储自身的 MAC 地址，其余三个 MAC 地址寄存器可以被用作完美过滤，与接收到帧 的源地址或目标地址对比。在置位 R32_ETH_MACFFR：RA 后，所有接收到的帧都将会被收到，但
2	tmp/wch-evt/application_notes/CH32V407RM.PDF	63625af9027af6abfff57a58f8d2afdb2b68ee7d31c323e407da6ea786573c56	finding	wchnet-chip-field	463	3	网使用的 DMA 是 32 位的，                       它通过两种数据结构接受 CPU 的管理：                                          传统的控制和状态寄存器， 接收和发送描述符。由于 DMA 是 32 位宽的，所以要求收发描述符队列在 RAM 中的基地址是 4 字节对 齐的。收发缓冲区则没有对齐要求。 29.1.10.2 DMA 描述符（DMA Desciptor）     用户使用传统外设主要是通过写寄存器的控制位实现，并且以读取状态寄存器的方式来获取外 设的状态和返回信息。这些寄存器是独立于内核，SRAM 和非易失性存储器之
2	tmp/wch-evt/application_notes/CH32V407RM.PDF	63625af9027af6abfff57a58f8d2afdb2b68ee7d31c323e407da6ea786573c56	finding	wchnet-chip-field	464	25	MA 控制器 调用此缓冲区时需要进行的设置、DMA 发送完成回写的发送状态以及下一个此类数据结构的地址。 这种数据结构起到传统通讯外设控制寄存器、状态寄存器的作用，但是实际位置又在内存中，所以 可以称之为“软件寄存器”，正式名称为“DMA 描述符”。     DMA 描述符分发送和接收两种，每种的格式固定。DMA 描述符的存储结构分为两种，一种是链表 形式，即每个描述符的第四个字为下一个描述符的地址，DMA 控制器会直接从 TDes3/RDes3 读取下 一个描述符；另一种是环式结构，所有的描述符必须紧密排列，DMA 控制从当前描述符结束的位置 取下一个描述符，当 DMA 控制器检测到 TDes4/
2	tmp/wch-evt/application_notes/CH32V407RM.PDF	63625af9027af6abfff57a58f8d2afdb2b68ee7d31c323e407da6ea786573c56	finding	wchnet-chip-field	465	16	https://wch.cn     由上表可以看出发送描述符由四个 32 位字组成，分别是 TDes0、TDes1、TDes2 和 TDes3，其中 TDes0 用作控制和返回发送状态，TDes1 用以指示发送长度，TDes2 用以表示发送缓冲区的位置或返 回发送时间戳的低位，TDes3 用以表示用于第二个发送缓冲区的地址（TCH 未置位时）或下一描述符 的地址（TCH 置位时），时间戳使能时，发送后返回 IEEE1
2	tmp/wch-evt/application_notes/CH32V407RM.PDF	63625af9027af6abfff57a58f8d2afdb2b68ee7d31c323e407da6ea786573c56	finding	wchnet-chip-field	466	5	CH32V407 应用手册                                               https://wch.cn                             描述符。DMA 控制器下次会读取发送描述符数组最前面的                             一个描述符。                             下一描述符地址有效指示位。该位置位表示第二个地址是                             下一个描述符的地址而不是下一个缓冲区的地址。此位置          20
2	tmp/wch-evt/application_notes/CH32V407RM.PDF	63625af9027af6abfff57a58f8d2afdb2b68ee7d31c323e407da6ea786573c56	finding	wchnet-chip-field	467	1	位                名称                                            描述                                              此域用来存放下一个描述符的地址，在 TCH 未置位时，此                                              域存放发送缓冲区 2 的地址。在启用 IEEE1588 模式中，        [31:0]         TDAD2/TTSH                                              在完成发送之后
2	tmp/wch-evt/application_notes/CH32V407RM.PDF	63625af9027af6abfff57a58f8d2afdb2b68ee7d31c323e407da6ea786573c56	finding	wchnet-chip-field	468	14	https://wch.cn                                                 32 位。 29.1.10.4 接收 DMA 描述符                                            表 29-9 接收描述符的结构                    31                                                                                        0
2	tmp/wch-evt/application_notes/CH32V407RM.PDF	63625af9027af6abfff57a58f8d2afdb2b68ee7d31c323e407da6ea786573c56	finding	wchnet-chip-field	469	8	底是巨形帧还是由 IP 头错误）；                         OE[RDes0:11]:溢出错误；                         DE[RDes0:14]:描述符错误。                         描述符错误位。该位被置位表示由于描述符指示的缓冲区        14       DE      装不上当前帧而被切断，DMA 又不占用下一描述符。该位                         只在 LS 位[RDes0:8]被置位时才有效。                         源
2	tmp/wch-evt/application_notes/CH32V407RM.PDF	63625af9027af6abfff57a58f8d2afdb2b68ee7d31c323e407da6ea786573c56	finding	wchnet-chip-field	470	5	[28:16]          RBS2                        接收缓冲区 2 大小。                                                     末端接收描述符标志。指示当前描述符是最后一个描述              15         RER                         符 。 DMA 控 制 器 会 回 到 描 述 符 对 列 基 地 址 寄 存 器                                                     （ETH_DMARDLAR）去取
2	tmp/wch-evt/application_notes/CH32V407RM.PDF	63625af9027af6abfff57a58f8d2afdb2b68ee7d31c323e407da6ea786573c56	finding	wchnet-chip-field	471	11	时间戳，同时 MAC                                        会把 OWN 位[RDes0:31]清零。此域存放时间戳的高 32 位。 29.1.10.5 数据缓存对齐     由于收发缓冲区和收发描述符都是由 DMA 控制器调用，并实质存在于 RAM 空间的，而 DMA 是 32 位的，因此设置收发描述符队列都需要保证它们的起始地址在 4 字节对齐的位置，但是设置缓冲区 没有这个强制要求。     为了提高效率，一个以太网帧由一个缓冲区接收完毕是最恰当的，如将缓冲区设为 1518 个字节 可以容纳下最大的以太网普通帧，包括源止地址域、长度类型域、数据填充域
2	tmp/wch-evt/application_notes/CH32V407RM.PDF	63625af9027af6abfff57a58f8d2afdb2b68ee7d31c323e407da6ea786573c56	finding	wchnet-chip-field	472	13	https://wch.cn 6） 在发送完一个帧之后，如果发送描述符使能了发送完成中断（置位 TDes1:31），DMA 控制器就    会置位发送完成中断标志位（DMASR:0），然后继续取下一个发送描述符。    下图展示了默认发送流程。                      图 29-4 发送流程                                             Start TxDMA
2	tmp/wch-evt/application_notes/CH32V407RM.PDF	63625af9027af6abfff57a58f8d2afdb2b68ee7d31c323e407da6ea786573c56	finding	wchnet-chip-field	473	7	https://wch.cn 5） 如果使能了 PTP 时间戳，再 DMA 控制器转存数据，写描述符状态域时，同时也会将当前的时间    戳写进描述符的后两个字。用户应及时将时间戳读出并补全原写在后两个字的缓冲区地址和下    一描述符地址。    下图展示了默认接收流转机制：                          图 29-5 接收流程
2	tmp/wch-evt/application_notes/CH32V407RM.PDF	63625af9027af6abfff57a58f8d2afdb2b68ee7d31c323e407da6ea786573c56	finding	wchnet-chip-field	474	1	TH_MACIMR        0x4002803C   MAC 中断屏蔽寄存器           0x00000000 R32_ETH_MACA0HR       0x40028040   MAC 地址寄存器 0 高 32 位    0x8000FFFF R32_ETH_MACA0LR       0x40028044   MAC 地址寄存器 0 低 32 位    0xFFFFFFFF R32_ETH_MACA1HR       0x40028048   MAC 地址寄存器 1 高 32 位    0x0000FFFF R32_ETH_MACA1LR       0x4002804C   MA
2	tmp/wch-evt/application_notes/CH32V407RM.PDF	63625af9027af6abfff57a58f8d2afdb2b68ee7d31c323e407da6ea786573c56	finding	wchnet-chip-field	475	4	00000000 R32_ETH_DMARPDR        0x40029008   DMA 接收查询寄存器           0x00000000 R32_ETH_DMARDLAR       0x4002900C   DMA 接收描述符地址寄存器        0x00000000 R32_ETH_DMATDLAR       0x40029010   DMA 发送描述符地址寄存器        0x00000000 R32_ETH_DMASR          0x40029014   DMA 状态寄存器             0x00000000 R32_ETH_DMAOMR
2	tmp/wch-evt/application_notes/CH32V407RM.PDF	63625af9027af6abfff57a58f8d2afdb2b68ee7d31c323e407da6ea786573c56	finding	wchnet-chip-field	477	1	0：关闭接收端 IPv4 的校验和检验功能，  相应的 PCE、                                            PHCE 标志位总是为 0。见接收描述符各位定义。        9       RD                       RW 重试禁用。                                                       0        8       Reserved                 RO 保留。
2	tmp/wch-evt/application_notes/CH32V407RM.PDF	63625af9027af6abfff57a58f8d2afdb2b68ee7d31c323e407da6ea786573c56	finding	wchnet-chip-field	486	1	RW MAC 地址的低 32 位，即[31:0]位。                            0xFFFFFFFF 29.2.1.20 PHY 配置寄存器（R32_ETH_PHY_CR）     偏移地址：0x80  31         30    29    28       27     26     25       24         23    22    21   20   19   18       17       16 PHY_R PHY_P
2	tmp/wch-evt/application_notes/CH32V407RM.PDF	63625af9027af6abfff57a58f8d2afdb2b68ee7d31c323e407da6ea786573c56	finding	wchnet-chip-field	492	2	0：表示使用粗调模式。                                          附加时间戳使能位：        0      TSE                     RW 1：发送或接收完成后，向描述符中添加时间戳；                                      0                                          0：不向描述符中添加时间戳。 29.2.3.2 PTP 亚秒递增寄存器（R32_ETH_PTPSSIR）     偏移地址：0x0704 31      30    29
2	tmp/wch-evt/application_notes/CH32V407RM.PDF	63625af9027af6abfff57a58f8d2afdb2b68ee7d31c323e407da6ea786573c56	finding	wchnet-chip-field	495	4	RO 保留。                                                           0                                             描述符跳跃长度：                                             这些位定义了 2 个不以链式结构连接的描述符之间                                             的跳跃距离，单位为字（32 位）。地址跳跃是指从      [6:2]    DSL[4:0]
2	tmp/wch-evt/application_notes/CH32V407RM.PDF	63625af9027af6abfff57a58f8d2afdb2b68ee7d31c323e407da6ea786573c56	finding	wchnet-chip-field	496	6	0                                           重启接收流程后，这个寄存器会被自动清零。 29.2.4.4 DMA 接收描述符地址寄存器（R32_ETH_DMARDLAR）     偏移地址：0x100C 31      30     29     28    27   26         25      24         23   22     21       20    19      18      17       16
2	tmp/wch-evt/application_notes/CH32V407RM.PDF	63625af9027af6abfff57a58f8d2afdb2b68ee7d31c323e407da6ea786573c56	finding	wchnet-chip-field	497	7	0：读数据转发时出错。                            DMASR[25]： 1：访问数据缓存时出错；                                       0：访问描述符时出错。                            发送流程状态域。这个域用来表示当前发送 DMA 的状                            态。                            000：停止，接收到复位或者停止发送命令；                            001：运行，正在取发送描述符
2	tmp/wch-evt/application_notes/CH32V407RM.PDF	63625af9027af6abfff57a58f8d2afdb2b68ee7d31c323e407da6ea786573c56	finding	wchnet-chip-field	498	5	0                                 止。                              接收缓存不可用状态位。该位置位表示接收描述符权                              限归属 CPU，DMA 无法获得，接收流程已经暂停。用        7    RBUS         RW1 户需要释放描述符并向 RPDR 寄存器中填入一个值来            0                              恢复接收流程。DMA 会在接收下一帧时重试获取
2	tmp/wch-evt/application_notes/CH32V407RM.PDF	63625af9027af6abfff57a58f8d2afdb2b68ee7d31c323e407da6ea786573c56	finding	wchnet-chip-field	499	4	https://wch.cn                                              放发送描述符。                                              发送流程停止状态位。该位被置位表示发送流程已经        1       TPSS                  RW1                                                               0
2	tmp/wch-evt/application_notes/CH32V407RM.PDF	63625af9027af6abfff57a58f8d2afdb2b68ee7d31c323e407da6ea786573c56	finding	wchnet-chip-field	500	1	https://wch.cn                                              模式，下一次传输从当前接收描述符位置开始。        0     Reserved                  RO 保留。                                                      0 29.2.4.8 DMA 中断使能寄存器（R32_ETH_DMAIER）     偏移地址：0x101C 31      30   29
2	tmp/wch-evt/application_notes/CH32V407RM.PDF	63625af9027af6abfff57a58f8d2afdb2b68ee7d31c323e407da6ea786573c56	finding	wchnet-chip-field	501	3	0                                              导致的帧丢失的数量。 29.2.4.10 DMA 当前发送描述符寄存器（R32_ETH_DMACHTDR）     偏移地址：0x1048 31      30      29     28    27   26        25     24         23      22       21   20   19   18      17        16
2	tmp/wch-evt/application_notes/CH32V407RM.PDF	63625af9027af6abfff57a58f8d2afdb2b68ee7d31c323e407da6ea786573c56	finding	wchnet-chip-field	502	1	描述                      复位值                                                  这个寄存器值指向目前正在使用的接收描述符。此      [31:0]       HRDAR[31:0]              RO                                                           0                                                  寄存器由 DMA 负责实时更新。 29.
2	tmp/wch-evt/application_notes/CH32V407RM.PDF	63625af9027af6abfff57a58f8d2afdb2b68ee7d31c323e407da6ea786573c56	finding	wchnet-chip-field	507	1	0        9    led_enable    RW LED 功能使能。                   0   [8:0] Reserved          RO 保留。                       0x30 V1.1                               505
2	tmp/wch-evt/application_notes/CH32V407RM.PDF	63625af9027af6abfff57a58f8d2afdb2b68ee7d31c323e407da6ea786573c56	finding	wchnet-chip-field	522	1	CH32V407 应用手册                                                        https://wch.cn    *（uint32_t*）0x8000000 = 0x12345678； 6）等待 FLASH_STATR 寄存器的 WR_BSY 为‘0’，写入下个数据。 7）重复步骤 5-6 共 64 次。 8）设置 FLASH_CTLR 寄存器的 PGSTRT 位为‘1’，启动快速页编程。 9）等待 BSY 位变为‘0’或 FLASH_STATR 寄存器的 EOP 位为‘1’表示一次快速页编程完成，将
2	tmp/wch-evt/application_notes/CH32V407RM.PDF	63625af9027af6abfff57a58f8d2afdb2b68ee7d31c323e407da6ea786573c56	finding	wchnet-chip-field	530	1	0x20   [15:8] SW[7:0]                      RW    可配置同步写命令。                                                     0x80    [7:0] SR[7:0]                      RW    可配置同步读命令。                                                      0 34.2.1.6 PSRAM 命令字 1 配置寄存器（R32_PSRAM_CMD1_CFG）     偏移地址：0x14 31
2	tmp/wch-evt/application_notes/CH32V407RM.PDF	63625af9027af6abfff57a58f8d2afdb2b68ee7d31c323e407da6ea786573c56	finding	wchnet-chip-field	533	1	保留。                                                       0 34.2.1.13 PSRAM 控制器状态机寄存器（R32_PSRAM_STATUS）     偏移地址：0x30 31         30     29       28   27      26      25      24         23   22   21   20    19   18       17       16                                                        Reserved
2	tmp/wch-evt/application_notes/CH32V407RM.PDF	63625af9027af6abfff57a58f8d2afdb2b68ee7d31c323e407da6ea786573c56	global	id-terms	62	3	列表             名称              CSR 地址                     描述             复位值 MVENDORID                    0xF11         芯片制造商 ID 寄存器           0x00000000 MARCHID                      0xF12         芯片结构 ID 寄存器            0xDC68D876 MIMPID                       0xF13         内核 ID 寄存器              0xDC688003
2	tmp/wch-evt/application_notes/CH32V407RM.PDF	63625af9027af6abfff57a58f8d2afdb2b68ee7d31c323e407da6ea786573c56	global	id-terms	63	3	CH32V407 应用手册                                                 https://wch.cn    [31:0]      mvendorid[31:0]   MRO   芯片制造商 ID，固定值为 0。             0 9.2.3.2 芯片结构 ID 寄存器（MARCHID）     CSR 地址：0xF12         位                名称      访问          描述             复位值    [31:0]      marchid[31:0]     MRO   芯片结构 I
2	tmp/wch-evt/application_notes/CH32V407RM.PDF	63625af9027af6abfff57a58f8d2afdb2b68ee7d31c323e407da6ea786573c56	global	id-terms	262	1	us 的时钟为低超过 35mS 时，会报超时，但 I2C 无此限制； 3） SMBus 有固定的逻辑电平，而 I2C 没有，取决于 VDD； 4） SMBus 有总线协议，而 I2C 没有。    SMBus 还包括设备识别、地址解析协议、唯一的设备标识符、SMBus 提醒和各种总线协议，具体 请参考 SMBus 规范 2.0 版本。当使用 SMBus 时，只需要置控制寄存器的 SMBus 位，按需配置 SMBTYPE 位和 ENAARP 位。 18.8 中断        每个 I2C 模块都有两种中断向量，                         分别是事件中断和错误中断。    两种中断支
2	tmp/wch-evt/application_notes/CH32V407RM.PDF	63625af9027af6abfff57a58f8d2afdb2b68ee7d31c323e407da6ea786573c56	global	id-terms	276	1	Sr                        NACK   P                                   (7'h7E)(RnW=1)              unique ID(*),BCR,DCR)                                    NACK                                 (7'h7E)(RnW=1)
2	tmp/wch-evt/application_notes/CH32V407RM.PDF	63625af9027af6abfff57a58f8d2afdb2b68ee7d31c323e407da6ea786573c56	global	id-terms	511	3	https://wch.cn                              第 31 章 电子签名（ESIG）   电子签名包含了芯片识别信息：闪存区容量和唯一身份标识。它由厂家在出厂时烧录到存储器 模块的系统存储区域，可以通过 SWD（SDI）或者应用代码读取。 31.1 功能描述   闪存区容量：指示当前芯片用户应用程序可以使用大小。   唯一身份标识：96 位二进制码，对任意一个微控制器都是唯一的，用户只能读访问不能修改。 此唯一标识信息可以用作微控制器（产品）的安全密码、加解密钥、产品序列号等，用来提高系统 安
2	tmp/wch-evt/application_notes/CH32V407RM.PDF	63625af9027af6abfff57a58f8d2afdb2b68ee7d31c323e407da6ea786573c56	global	identity-csr	62	9	表 9-2 通用特权寄存器列表             名称              CSR 地址                     描述             复位值 MVENDORID                    0xF11         芯片制造商 ID 寄存器           0x00000000 MARCHID                      0xF12         芯片结构 ID 寄存器            0xDC68D876 MIMPID                       0xF13
2	tmp/wch-evt/application_notes/CH32V407RM.PDF	63625af9027af6abfff57a58f8d2afdb2b68ee7d31c323e407da6ea786573c56	global	identity-csr	63	8	CH32V407 应用手册                                                 https://wch.cn    [31:0]      mvendorid[31:0]   MRO   芯片制造商 ID，固定值为 0。             0 9.2.3.2 芯片结构 ID 寄存器（MARCHID）     CSR 地址：0xF12         位                名称      访问          描述             复位值    [31:0]      marchid
2	tmp/wch-evt/application_notes/CH32V407RM.PDF	63625af9027af6abfff57a58f8d2afdb2b68ee7d31c323e407da6ea786573c56	global	identity-csr	81	4	16  15      14    13       12   11    10        9      8          7     6      5     4     3     2       1      0 IF15 IF14 IF13 IF12 IF11 IF10                IF9   IF8        IF7   IF6    IF5   IF4   IF3   IF2     IF1    IF0        位                名称          访问                                   描述
2	tmp/wch-evt/application_notes/CH32V407RM.PDF	63625af9027af6abfff57a58f8d2afdb2b68ee7d31c323e407da6ea786573c56	global	identity-csr	118	4	29     28   27   26        25   24         23   22    21     20    19    18       17      16 CNF15[1:0] MODE15[1:0] CNF14[1:0] MODE14[1:0] CNF13[1:0] MODE13[1:0] CNF12[1:0] MODE12[1:0]  15      14    13     12   11   10        9    8          7    6      5     4     3      2       1       0 CNF11[1:0
2	tmp/wch-evt/application_notes/CH32V407RM.PDF	63625af9027af6abfff57a58f8d2afdb2b68ee7d31c323e407da6ea786573c56	global	identity-csr	143	1	CTCIF CGIF                      Reserved                                                   13    13    13    13   12   F12   12    12  15     14   13      12   11    10    9    8          7    6     5    4    3    2       1        0 CTEIF CHTIF CTCIF CGIF CTEIF CHTIF CTCIF CGIF CTEIF CHTIF CTCIF CGIF
2	tmp/wch-evt/application_notes/CH32V407RM.PDF	63625af9027af6abfff57a58f8d2afdb2b68ee7d31c323e407da6ea786573c56	global	known-addresses	239	15	表 16-1 TIM6 相关寄存器列表            名称            偏移地址                   描述       复位值 R16_TIM6_CTLR1          0x40001000   TIM6 控制寄存器 1        0x0000 R16_TIM6_CTLR2          0x40001004   TIM6 控制寄存器 2        0x0000 R16_TIM6_DMAINTENR      0x4000100C   TIM6 DMA/中断使能寄存器    0x0000 R16_TIM6_INTFR
2	tmp/wch-evt/application_notes/CH32V407RM.PDF	63625af9027af6abfff57a58f8d2afdb2b68ee7d31c323e407da6ea786573c56	global	known-addresses	248	10	表 17-7 USART6 相关寄存器列表         名称          访问地址                  描述           复位值 R32_USART6_STATR   0x40001800   USART6 状态寄存器         0x000000C0 R32_USART6_DATAR   0x40001804   USART6 数据寄存器         0x00000000 R32_USART6_BRR     0x40001808   USART6 波特率寄存器        0x00000000 R32_USART6_CTLR1
2	tmp/wch-evt/application_notes/CH32V407RM.PDF	63625af9027af6abfff57a58f8d2afdb2b68ee7d31c323e407da6ea786573c56	global	known-addresses	249	6	https://wch.cn R32_USART7_BRR                0x40001C08   USART7 波特率寄存器                         0x00000000 R32_USART7_CTLR1              0x40001C0C   USART7 控制寄存器 1                        0x00000000 R32_USART7_CTLR2              0x4000
2	tmp/wch-evt/application_notes/CH32V407RM.PDF	63625af9027af6abfff57a58f8d2afdb2b68ee7d31c323e407da6ea786573c56	global	known-addresses	511	1	名称                  访问地址                                  描述                    复位值 R16_ESIG_FLACAP                 0x1FFFF7E0         闪存容量寄存器                                   0xXXXX R32_ESIG_UNIID1                 0x1FFFF7E8         UID 寄存器 1                               0xXXXXXXXX R32_ESIG_UNIID2
2	tmp/wch-evt/application_notes/CH32V407RM.PDF	63625af9027af6abfff57a58f8d2afdb2b68ee7d31c323e407da6ea786573c56	global	revision-errata	1	2	片内扩展 PSRAM 存储器，支持 DMA。   本手册针对用户的应用开发，提供了 CH32V407、V467 芯片的详细使用信息。   有关 CH32V407 系列芯片的器件特性请参考 CH32V407DS0 手册。 RISC-V 内核版本概览        特点             硬件   中断   快速                                                      扩展     接口   内核        指令集       堆栈   嵌套   中断    流水线   向量表模式
2	tmp/wch-evt/application_notes/CH32V407RM.PDF	63625af9027af6abfff57a58f8d2afdb2b68ee7d31c323e407da6ea786573c56	global	revision-errata	134	1	EN bit of channel 11                                                                                         Fixed hardware                                            Hardware request11                              priority                         USART10_RX
2	tmp/wch-evt/application_notes/CH32V407RM.PDF	63625af9027af6abfff57a58f8d2afdb2b68ee7d31c323e407da6ea786573c56	global	revision-errata	135	1	MEM2MEM bit                                                                                                    Fixed hardware                                                                            EN bit of channel 9        priority                                                        Hard
2	tmp/wch-evt/application_notes/CH32V407RM.PDF	63625af9027af6abfff57a58f8d2afdb2b68ee7d31c323e407da6ea786573c56	global	revision-errata	258	2	信总线（I2C）   内部集成电路总线（I2C）广泛用在微控制器和传感器及其他片外模块的通讯上，它本身支持多 主多从模式，仅仅使用两根线（SDA 和 SCL）就能以 100KHz（标准）和 400KHz（快速）两种速度通 讯。I2C 总线还兼容 SMBus 协议，不仅支持 I2C 的时序，还支持仲裁、定时和 DMA，拥有 CRC 校验功 能。 18.1 主要特征       支持主模式和从模式       支持 7 位或 10 位地址       从设备支持双 7 位地址       支持两种速度模式：100KHz 和 400KHz       多种状态模式，多种错误标志 
2	tmp/wch-evt/application_notes/CH32V407RM.PDF	63625af9027af6abfff57a58f8d2afdb2b68ee7d31c323e407da6ea786573c56	global	revision-errata	262	1	固定的逻辑电平，而 I2C 没有，取决于 VDD； 4） SMBus 有总线协议，而 I2C 没有。    SMBus 还包括设备识别、地址解析协议、唯一的设备标识符、SMBus 提醒和各种总线协议，具体 请参考 SMBus 规范 2.0 版本。当使用 SMBus 时，只需要置控制寄存器的 SMBus 位，按需配置 SMBTYPE 位和 ENAARP 位。 18.8 中断        每个 I2C 模块都有两种中断向量，                         分别是事件中断和错误中断。    两种中断支持图 18-4 的中断源。                          图
2	tmp/wch-evt/application_notes/CH32V407RM.PDF	63625af9027af6abfff57a58f8d2afdb2b68ee7d31c323e407da6ea786573c56	global	revision-errata	272	1	线（I3C）   I3C 总线是一种双线制串行单端多分支总线，旨在对传统的 I2C 总线进行改进。I3C 接口负责处 理本设备与连接在 I3C 总线上的其他设备之间的通信。作为主设备时，能够增强 I2C 接口的功能， 同时保持一定程度的向后兼容性。 19.1 主要特征       支持主设备       支持 MIPI I3C 规范 v1.1       支持 DMA 功能       带内中断（IBI）功能       热加入（HJ）功能       内置错误检测和恢复       支持动态分配地址，直接和广播通用命令代码（CCC）和私有读写传输 19.2 概述
2	tmp/wch-evt/application_notes/CH32V407RM.PDF	63625af9027af6abfff57a58f8d2afdb2b68ee7d31c323e407da6ea786573c56	global	revision-errata	315	2	WS            Short            frame                                      13 bit                             fixed to -            WS            long            frame                                    16-bit             SD       MSB                            LSB   MSB   对于长帧，主模式下，用来同步的 W
2	tmp/wch-evt/application_notes/CH32V407RM.PDF	63625af9027af6abfff57a58f8d2afdb2b68ee7d31c323e407da6ea786573c56	global	revision-errata	360	4	24.1.1 特征       支持 SD 卡、SDIO 卡和 MMC 卡       支持 1 位、4 位和 8 位总线       SDIO 支持时钟频率可选，4 线模式最高 80MHz，8 线模式最高 50MHz       兼容 MMC 规范 4.5（向前兼容）       兼容 SD 卡规范 3.0，SDIO 卡规范 2.0       不兼容 SPI 24.1.2 概述     微控制器的 SDIO 支持与 SD 卡或 MMC 卡等存储器通讯，需要明确的是，SDIO 仅仅是提供一组实 现 SD 卡、MMC 卡规范单次命令传输所需要的时钟，数据和命令控制时序，各命令间的先后
2	tmp/wch-evt/application_notes/CH32V407RM.PDF	63625af9027af6abfff57a58f8d2afdb2b68ee7d31c323e407da6ea786573c56	global	revision-errata	361	1	系数可配置为 2-261 之间的任 意整数值。SDIO 设备在初始化的时候一般只支持最高 400kHz 时钟的单总线模式，在初始化后，主 机一般会发起切换至低电压的操作，同时将时钟提升至微控制器和 SDIO 设备双方能接受的最大时 钟。不同版本和速度等级的 SD 卡所支持时钟速度和切换流程有所区别，用户需要自行了解。 V1.1                                              359
2	tmp/wch-evt/application_notes/CH32V407RM.PDF	63625af9027af6abfff57a58f8d2afdb2b68ee7d31c323e407da6ea786573c56	global	revision-errata	363	1	篇幅让用户对使用 SDIO 所必要的一些规范的细节有初步的了解，             并不 保证详尽和更新及时。微控制器的 SDIO 也仅仅保证其实现了 SD 2.0，SDIO 2.0 及 MMC 4.5 规范的 硬件操作基础，对于更高版本规范定义的功能，例如双边沿采样等，并不一定支持。用户在做具体 开发时应以 SD 规范，SDIO 规范和 MMC 规范为依据进行 SDIO 交互编程。 24.3.1 总线时序   SD 卡的传输都是以主机发起 CMD 发起的，SD 卡可能不回复响应，可能回复短响应和长响应，有 的响应后面还会伴随数据传输。而在 SDIO 卡或 MMC 卡的通讯中，还可能会有
2	tmp/wch-evt/application_notes/CH32V407RM.PDF	63625af9027af6abfff57a58f8d2afdb2b68ee7d31c323e407da6ea786573c56	global	revision-errata	371	2	[119:104]                                产品名称          PNM     40       [103:64]                                产品版本          PRV     8          [63:56]                              产品序列号           PSN     32         [55:24]                                  保留          无       4          [23:20]
2	tmp/wch-evt/application_notes/CH32V407RM.PDF	63625af9027af6abfff57a58f8d2afdb2b68ee7d31c323e407da6ea786573c56	global	revision-errata	372	1	换    在 SD 卡初始化后期，需要进行接口电平切换，将 SD 卡的时钟线数据线和命令线的 IO 电平切换 到 1.8V 水平。对于压摆率不是足够优秀的器件，使用更低的电平标准有助于提升频率。但是 SD 的 供电电压并不一定变化，只在较新版本的协议才出现了低电压供电的 SD 卡。    切换电压的步骤如下图。                     图 24-13 电压切换序列                                                                                   Voltage        CMD55    R1
2	tmp/wch-evt/application_notes/CH32V407RM.PDF	63625af9027af6abfff57a58f8d2afdb2b68ee7d31c323e407da6ea786573c56	global	revision-errata	384	1	CAN 协议实现方案，支持 CAN 协议 2.0A 和 2.0B。CAN 控制器可以用来构建强大的局域网来实现安全的分 布式实时控制，以较小的 CPU 负荷来处理大量的数据报文，在工业和汽车领域有着广泛的应用。 25.1 主要特性  兼容 CAN 规范 2.0A 和 2.0B  可编程的传输速率，最高可达 1Mbit/s  支持时间触发通信功能，避免低优先级消息阻塞  支持三个发送邮箱，发送报文优先级可由报文标识符或发送请求的次序决定，并可记录发送报 文 SOF 时刻的时间戳  支持三级邮箱深度的 2 个接收 FIFO，14 个报文过滤器组可供配置，每个过滤器组可配置成 32 或 1
2	tmp/wch-evt/application_notes/CH32V407RM.PDF	63625af9027af6abfff57a58f8d2afdb2b68ee7d31c323e407da6ea786573c56	global	revision-errata	469	1	报头校验和错误标志位。该位置位表示 IPv4 或者 IPv6                         报头存在错误，具体原因可能是：                         1、以太网帧类型/长度域指示的协议与实际的 IP 版本不        7        IPHCE                         一致；                         2、IP 报头校验和不对；                         3、IP 报头指示的长度不对。                         迟到冲突指示位。该位置位表示产生了迟到冲突。该位只
2	tmp/wch-evt/application_notes/CH32V407RM.PDF	63625af9027af6abfff57a58f8d2afdb2b68ee7d31c323e407da6ea786573c56	global	revision-errata	506	2	容性状态：        15   incompatible_link   RO                                    0                                    1：不兼容；                                    0：兼容。   [14:7] Reserved               RO 保留。                                0                                    100M 信号状态：        6    signa
2	tmp/wch-evt/application_notes/CH32V407RM.PDF	63625af9027af6abfff57a58f8d2afdb2b68ee7d31c323e407da6ea786573c56	global	revision-errata	513	1	域在一定条件下用户可操作。   2） 对于批号倒数第五位大于 0 的芯片，其非零等待区支持 RVV 指令和 DMA 两种 64 位访问。 32.2 闪存编程及安全性 32.2.1 两种编程/擦除方式  标准编程：此方式是默认编程方式（兼容方式）。这种模式下 CPU 以单次 2 字节方式执行编程， 单次 4K 字节执行擦除及整片擦除操作。  快速编程：此方式采用页操作方式（推荐）。经过特定序列解锁后，执行单次 256 字节的编程、 32K 字节擦除、整片擦除。 注：FLASH 擦写相关函数，仅可放在零等待区 FLASH 中。 32.2.2 安全性-防止非法访问（读、写、擦） 
2	tmp/wch-evt/application_notes/CH32V407RM.PDF	63625af9027af6abfff57a58f8d2afdb2b68ee7d31c323e407da6ea786573c56	global	silicon-package-lot	7	1	，即 BOOT 区，用于系统引导程序存储（厂家固化自 举加载程序）。   128 字节用于系统非易失配置信息存储区，用于厂商配置字存储，出厂前固化，用户不可修改。   128 字节用于用户自定义信息存储区，用于用户选择字存储。   注：对于批号倒数第五位大于 0 的芯片，其非零等待区支持 RVV 指令和 DMA 两种 64 位访问。 1.3 启动配置        系统可以通过 BOOT0 和 BOOT1 引脚来选择三种不同的启动模式。                                表 1-1 启动模式              BOOT0   BOOT1
2	tmp/wch-evt/application_notes/CH32V407RM.PDF	63625af9027af6abfff57a58f8d2afdb2b68ee7d31c323e407da6ea786573c56	global	silicon-package-lot	11	1	控制 32K 字节 RAM 不掉电。在该 基础之上，可以通过配置 PWR_CTLR 寄存器的 RAMLV=1，使能 RAM 低电压模式，功耗达到最低。 注：（1）调试模式下，使微处理器进入停止或待机模式，将失去调试连接。    （2）对于批号倒数第五位为 0 的芯片，进入待机模式前，不用作唤醒功能的 I/O 引脚须配置为 模拟输入。    （3）R32KSTY=1 控制 32K 字节 RAM 的地址范围：0x20000000—0x20000000+32K。 V1.1                            9
2	tmp/wch-evt/application_notes/CH32V407RM.PDF	63625af9027af6abfff57a58f8d2afdb2b68ee7d31c323e407da6ea786573c56	global	silicon-package-lot	33	1	发生低功耗管理复位时由硬件置 1；软件写 RMVF 位清                               除。                               注：该功能仅适用于批号倒数第五位大于 0 的芯片。                               窗口看门狗复位标志：                               1：发生窗口看门狗复位；        30   WWDGRSTF     RO   0：无窗口看门狗复位发生。                           0
2	tmp/wch-evt/application_notes/CH32V407RM.PDF	63625af9027af6abfff57a58f8d2afdb2b68ee7d31c323e407da6ea786573c56	global	silicon-package-lot	122	1	0                                 0：引脚作为晶振引脚使用。                                 注：对于 LQFP100 封装，由于 PD0 和 PD1 为固有的                                 功能引脚，因此没有必要再由软件进行重映像设                                 置。                                 CAN1 复用功能重映射位，这些位可由用户读写。
2	tmp/wch-evt/application_notes/CH32V407RM.PDF	63625af9027af6abfff57a58f8d2afdb2b68ee7d31c323e407da6ea786573c56	global	silicon-package-lot	131	1	自增模式或存储器地址自增模式，PSIZE[1:0]设置外 设地址取数据大小及地址自增大小，MSIZE[1:0]设置存储器地址取数据大小及地址自增大小，包括 4 种选择：8 位、16 位、32 位、64 位。具体数据转移方式如下表： 注：对于批号倒数第五位大于 0 的芯片，其非零等待区支持数据宽度为 64 位 DMA 访问。                   表 11-1 不同数据位宽下 DMA 转移（PINC=MINC=1） 源端     目标       传输                      源：地址/数据   目标：地址/数据             传输操作 位宽     位宽
2	tmp/wch-evt/application_notes/CH32V407RM.PDF	63625af9027af6abfff57a58f8d2afdb2b68ee7d31c323e407da6ea786573c56	global	silicon-package-lot	141	2	00：8 位；     01：16 位；                                       10：32 位；    11：64 位。                                       注：批号倒数第五位大于 0 的芯片，其非零等待区支                                       持数据宽度为 64 位 DMA 访问。                                       外设地址数据宽度设置：                                       00：8 位；
2	tmp/wch-evt/application_notes/CH32V407RM.PDF	63625af9027af6abfff57a58f8d2afdb2b68ee7d31c323e407da6ea786573c56	global	silicon-package-lot	297	1	RDCNT[2:0]                      RO R32_I3C_IBIDR 寄存器中有效接收的数据字节数。 0x7                                                  注：批号倒数第五位大于 0 的芯片，清零 IBI 请                                                  求标志后变为 0x7。 19.4.11 I3C 事件寄存器（R32_I3C_EVR）        偏移地址：0x50 31          30     29       28   27      26
2	tmp/wch-evt/application_notes/CH32V407RM.PDF	63625af9027af6abfff57a58f8d2afdb2b68ee7d31c323e407da6ea786573c56	global	silicon-package-lot	446	1	切换成目的地址）；                                               0：DMA 使能。                                               注：仅适用于批号倒数第五位大于 0 的芯片。                                               FIFO 下溢中断使能：        1        FUIE                       RW 1：使能；                                                      0
2	tmp/wch-evt/application_notes/CH32V407RM.PDF	63625af9027af6abfff57a58f8d2afdb2b68ee7d31c323e407da6ea786573c56	global	silicon-package-lot	460	3	MAC 的魔 法帧和唤醒帧识别，就会产生 PMT 中断，PMT 中断是和以太网中断独立的中断，通过查询 PMT 控制 和状态寄存器就能查出是哪种以太网帧产生了中断。 29.1.8.2 魔法帧     AMD 公司定义的魔法帧（magic package，也有称幻数据包）是常用的一种唤醒微控制器的以太 网帧，它有固定而特殊的帧格式，即通过帧过滤能让目标网卡接收到，可以封装成广播帧，帧中有 连续 6 个字节的全高（OXFF）,之后紧跟 16 次重复的目标网卡的 MAC 地址。这个组合可以存在于帧 的任何位置，     因此魔法帧可以封装成 Mac 帧或 IP 包甚至 UDP 包。以下是魔法帧的有效载荷
2	tmp/wch-evt/application_notes/CH32V407RM.PDF	63625af9027af6abfff57a58f8d2afdb2b68ee7d31c323e407da6ea786573c56	global	silicon-package-lot	469	2	LCO                         在半双工模式下起作用。                         帧类型指示位。此位为 1 时表示接收到的帧为以太网类型                         封装的帧（RFC 894）。此位为 0 时表示接收到的帧为        5        FT      IEEE802.3 类型封装的帧（RFC1042）。当帧长度小于 14                         字节时，此位无效。                         注：FT 具有的特殊含义参考表 29-11。
2	tmp/wch-evt/application_notes/CH32V407RM.PDF	63625af9027af6abfff57a58f8d2afdb2b68ee7d31c323e407da6ea786573c56	global	silicon-package-lot	470	1	1                 IP 类型帧，IP 报头校验和错误，负载校验和错误              0              0          0                        IEEE802.3 类型封装帧（RFC1042）                                                     IP 类型帧，未检测到 IP 报头校验和错误，因负载校验不受              0              0          1
2	tmp/wch-evt/application_notes/CH32V407RM.PDF	63625af9027af6abfff57a58f8d2afdb2b68ee7d31c323e407da6ea786573c56	global	silicon-package-lot	513	1	FFFF87F     128 注：   1） 上述主存储器区域用于用户的应用程序存储，以 4K 字节（16 页）单位进行写保护划分；      除了“厂商配置字”区域出厂锁定，用户不可访问，其他区域在一定条件下用户可操作。   2） 对于批号倒数第五位大于 0 的芯片，其非零等待区支持 RVV 指令和 DMA 两种 64 位访问。 32.2 闪存编程及安全性 32.2.1 两种编程/擦除方式  标准编程：此方式是默认编程方式（兼容方式）。这种模式下 CPU 以单次 2 字节方式执行编程， 单次 4K 字节执行擦除及整片擦除操作。  快速编程：此方式采用页操作方式（推荐）。经过特定序列解锁
2	tmp/wch-evt/application_notes/CH32X035RM.PDF	c7e301eac4790ca1ba112f946bf057139ec7f36be28e142cafc1c286bcc9daa4	finding	csr-address-meaning	50	2	RISC-V 特权架构文档中定义的标准寄存器外，还增加了一些厂商自定义寄存器，需要使 用 csr 指令进行访问。 注：此类寄存器标注为“MRW,MRO,MRW1”属性的需要系统在机器模式下才能访问。 7.5.3.1 中断系统控制寄存器（INTSYSCR）     CSR 地址：0x804 V1.9                                                50
2	tmp/wch-evt/application_notes/CH32X035RM.PDF	c7e301eac4790ca1ba112f946bf057139ec7f36be28e142cafc1c286bcc9daa4	finding	h417-lot-capability	51	2	0                                                       0：使用统一入口地址。 7.5.4 物理内存保护单元（PMP）   为了提高系统安全，RISC-V 的架构中定义了一套物理地址访问限制，可以为区域内物理内存设 置其读、写、执行属性，区域长度最小 4 字节保护。PMP 单元在用户模式下一直生效，在机器模式 V1.9                                                  51
2	tmp/wch-evt/application_notes/CH32X035RM.PDF	c7e301eac4790ca1ba112f946bf057139ec7f36be28e142cafc1c286bcc9daa4	finding	h417-lot-capability	52	32	https://wch.cn 下可选生效，如果违背了当前内存限制，将会产生系统异常中断（EXC）。   PMP 单元包含 4 组 8-bit 的配置寄存器（32bit）和 4 组地址寄存器，需要使用 csr 指令进行访 问，并且在机器模式下进行。 7.5.4.1 PMP 配置寄存器（PMPCFG0）     CSR 地址：0x3A0 31       30         29     28      27      26   25       24
2	tmp/wch-evt/application_notes/CH32X035RM.PDF	c7e301eac4790ca1ba112f946bf057139ec7f36be28e142cafc1c286bcc9daa4	finding	h417-lot-capability	53	12	https://wch.cn                                                    （G+2）                       pmpaddri = （(A_ADDR |（2              -1））& ~(1<<G+1)）>> 2。 7.5.4.2 PMP 地址 0 寄存器（PMPADDR0）     CSR 地址：0x3B0 31         30    29     28   27    26     25        24          23   22
2	tmp/wch-evt/application_notes/CH32X035RM.PDF	c7e301eac4790ca1ba112f946bf057139ec7f36be28e142cafc1c286bcc9daa4	finding	h417-lot-capability	54	1	访问                                描述                       复位值   [31:0]      ADDR3                    MRW       PMP 设置地址 3 的 bit[33:2]，实际高 2 位未用。                     0 7.5.5 STK 寄存器描述                                        表 7-5 STK 相关寄存器列表              名称                  访问地址
2	tmp/wch-evt/application_notes/CH32X035RM.PDF	c7e301eac4790ca1ba112f946bf057139ec7f36be28e142cafc1c286bcc9daa4	finding	h417-lot-capability	57	1	Protection                                                            trigger                                                                             on/off                   diode        Write   Bit set/reset                      Input driver
2	tmp/wch-evt/application_notes/CH32X035RM.PDF	c7e301eac4790ca1ba112f946bf057139ec7f36be28e142cafc1c286bcc9daa4	finding	h417-lot-capability	58	1	Protection                                                       trigger                                                                       on/off               diode        Write   Bit set/reset                 Input driver                      VS
2	tmp/wch-evt/application_notes/CH32X035RM.PDF	c7e301eac4790ca1ba112f946bf057139ec7f36be28e142cafc1c286bcc9daa4	finding	h417-lot-capability	59	2	Protection                                                                      trigger                                                                                                                                   diode        Write Bit set/reset
2	tmp/wch-evt/application_notes/CH32X035RM.PDF	c7e301eac4790ca1ba112f946bf057139ec7f36be28e142cafc1c286bcc9daa4	finding	h417-lot-capability	60	1	Protection                                                           trigger                                                                                                  diode    Write   Bit set/reset                         Input driver
2	tmp/wch-evt/application_notes/CH32X035RM.PDF	c7e301eac4790ca1ba112f946bf057139ec7f36be28e142cafc1c286bcc9daa4	finding	h417-lot-capability	77	8	Channel 1                   TIM2_CH3                                              Software Trigger                                               MEM2MEM bit                                                                                                  Arbiter
2	tmp/wch-evt/application_notes/CH32X035RM.PDF	c7e301eac4790ca1ba112f946bf057139ec7f36be28e142cafc1c286bcc9daa4	finding	h417-lot-capability	106	1	IMx_ETR                                           ETR                                                                   Trigger                                                    Polarity selection,                     ETRF                controller                                                Edge detec
2	tmp/wch-evt/application_notes/CH32X035RM.PDF	c7e301eac4790ca1ba112f946bf057139ec7f36be28e142cafc1c286bcc9daa4	finding	h417-lot-capability	117	1	Prescaler      Counter                                                            Input Trigger                                                              Selection        例如，可以将定时器 1 配置为定时器 2 的预分频器。为此：        1) 将定时器 1 配置为主模式，每次发生更新事件 UEV 时都输出一个周期性触发信号。如果将           M
2	tmp/wch-evt/application_notes/CH32X035RM.PDF	c7e301eac4790ca1ba112f946bf057139ec7f36be28e142cafc1c286bcc9daa4	finding	h417-lot-capability	141	1	TIM3_ETR                                      ETR                                                             Trigger                                               Polarity selection &                ETRF              controller                                            Edge detector & Prescaler
2	tmp/wch-evt/application_notes/CH32X035RM.PDF	c7e301eac4790ca1ba112f946bf057139ec7f36be28e142cafc1c286bcc9daa4	finding	iochub-identity	12	1	to PIOC                                                                   to Flash prog IF(register)                                        HCLK                                                                   to HB bus/core/memory/OPA
2	tmp/wch-evt/application_notes/CH32X035RM.PDF	c7e301eac4790ca1ba112f946bf057139ec7f36be28e142cafc1c286bcc9daa4	finding	iochub-identity	23	4	狗计数器 自减到 0 时，将会产生系统复位，所以超时时间为（重装载值+1）个时钟。                   图 5-1 独立看门狗的结构框图             CORE                Prescaler register   Status register     Reload register     Control register                    IWDG_PSCR        IWDG_STATR           IWDG_RLDR           IWDG_CTLR
2	tmp/wch-evt/application_notes/CH32X035RM.PDF	c7e301eac4790ca1ba112f946bf057139ec7f36be28e142cafc1c286bcc9daa4	finding	iochub-identity	26	2	图 6-1 窗口看门狗结构框图                                                            Watchdog configuration register(WWDG_CFGR)                                                                 -     W6 W5 W4 W3 W2 W1 W0                                     T[6:0] ＞ W[6:0] RESET
2	tmp/wch-evt/application_notes/CH32X035RM.PDF	c7e301eac4790ca1ba112f946bf057139ec7f36be28e142cafc1c286bcc9daa4	finding	iochub-identity	50	1	保留。                                                 0 7.5.3 专用 CSR 寄存器    RISC-V 架构中定义了一些控制和状态寄存器（Control and Status Register,CSR），用于配 置或标识或记录运行状态。    CSR 寄存器属于内核内部的寄存器，  使用专用的 12 位地址空间。        CH32X035 芯片除了 RISC-V 特权架构文档中定义的标准寄存器外，还增加了一些厂商自定义寄存器，需要使 用 csr 指令进行访问。 注：此类寄存器标注为“MRW,MRO,MRW1”属性的需要系统在机器模式下才能访
2	tmp/wch-evt/application_notes/CH32X035RM.PDF	c7e301eac4790ca1ba112f946bf057139ec7f36be28e142cafc1c286bcc9daa4	finding	iochub-identity	57	3	VDD                                       register                                                            TTL Schmitt                                                                                                      Protect
2	tmp/wch-evt/application_notes/CH32X035RM.PDF	c7e301eac4790ca1ba112f946bf057139ec7f36be28e142cafc1c286bcc9daa4	finding	iochub-identity	58	3	Read                        Input data                                            VDD                                  register                                                       TTL Schmitt                                                                                            Protection
2	tmp/wch-evt/application_notes/CH32X035RM.PDF	c7e301eac4790ca1ba112f946bf057139ec7f36be28e142cafc1c286bcc9daa4	finding	iochub-identity	59	6	VDD                                           register                                                                      TTL Schmitt
2	tmp/wch-evt/application_notes/CH32X035RM.PDF	c7e301eac4790ca1ba112f946bf057139ec7f36be28e142cafc1c286bcc9daa4	finding	iochub-identity	60	3	VDD                                     register                                                           TTL Schmitt                                                                                                  Protection
2	tmp/wch-evt/application_notes/CH32X035RM.PDF	c7e301eac4790ca1ba112f946bf057139ec7f36be28e142cafc1c286bcc9daa4	finding	iochub-identity	84	2	EOC=1                                                                                        register (16 bits)          V SS                                                                                                                                     End of Injection
2	tmp/wch-evt/application_notes/CH32X035RM.PDF	c7e301eac4790ca1ba112f946bf057139ec7f36be28e142cafc1c286bcc9daa4	finding	iochub-identity	106	7	TI1FP1                                                             Count             REP Register                                                                                                                  Encoder
2	tmp/wch-evt/application_notes/CH32X035RM.PDF	c7e301eac4790ca1ba112f946bf057139ec7f36be28e142cafc1c286bcc9daa4	finding	iochub-identity	109	2	rogress                           read_in_progress        Read CCR1L                            Capture/compare preload register                                       R Write CCR1L                       R                                                                                  Output
2	tmp/wch-evt/application_notes/CH32X035RM.PDF	c7e301eac4790ca1ba112f946bf057139ec7f36be28e142cafc1c286bcc9daa4	finding	iochub-identity	115	1	TI1                                UG          Counter Clock=CK_CNT=CK_PSC                    Counter Register    30 31 32 33 34 35 36 00 01 02 03 00 01 02 03                                TIF   从模式：门控模式   输入信号的电平使能计数器。以下的例子中，仅 TI1 为低时计数器向上计数：   1) 配置通道 1 以检测 TI1 上的低电平。配置输入滤波器带宽(本例不需
2	tmp/wch-evt/application_notes/CH32X035RM.PDF	c7e301eac4790ca1ba112f946bf057139ec7f36be28e142cafc1c286bcc9daa4	finding	iochub-identity	116	2	TI1                               cnt_en            Counter Clock=CK_CNT=CK_PSC                       Counter Register   30 31 32 33          35 36 37 38                                  TIF                                           Write to TIF=0 从模式：触发模式    选择的输入端上发生事件时将使能计数器。以下示例中，当 TI2
2	tmp/wch-evt/application_notes/CH32X035RM.PDF	c7e301eac4790ca1ba112f946bf057139ec7f36be28e142cafc1c286bcc9daa4	finding	iochub-identity	117	1	NT_EN                                     ETR             Counter Clock=CK_CNT=CK_PSC                        Counter Register                                       TIF 12.3.12 定时器同步模式   TIMx 定时器从内部连接在一起，以实现定时器同步或级联。当某个定时器配置为主模式时，可 对另一个配置为从模式的定时器的计数器执行复位、启动、停止操作或为其提供时钟。 将一个定时器用作另一个定时器的预分频器
2	tmp/wch-evt/application_notes/CH32X035RM.PDF	c7e301eac4790ca1ba112f946bf057139ec7f36be28e142cafc1c286bcc9daa4	finding	iochub-identity	141	7	U      Register       UI                                                                                                          Stop,clear,Up/Down
2	tmp/wch-evt/application_notes/CH32X035RM.PDF	c7e301eac4790ca1ba112f946bf057139ec7f36be28e142cafc1c286bcc9daa4	finding	iochub-identity	144	2	gress                            read_in_progress         Read CCR1L                            Capture/compare preload register                                        R Write CCR1L                       R                                                                                    Output
2	tmp/wch-evt/application_notes/CH32X035RM.PDF	c7e301eac4790ca1ba112f946bf057139ec7f36be28e142cafc1c286bcc9daa4	finding	iochub-identity	148	2	TI1                              UG        Counter Clock=CK_CNT=CK_PSC                  Counter Register       30 31 32 33 34 35 36 00 01 02 03 00 01 02 03                              TIF   从模式：门控模式   输入信号的电平使能计数器。以下的例子中，仅 TI1 为低时计数器向上计数：   1) 配置通道 1 以检测 TI1 上的低电平。配置输入滤波器带宽(本例不
2	tmp/wch-evt/application_notes/CH32X035RM.PDF	c7e301eac4790ca1ba112f946bf057139ec7f36be28e142cafc1c286bcc9daa4	finding	iochub-identity	149	1	cnt_en               Counter Clock=CK_CNT=CK_PSC                         Counter Register                     34                  35 36 37 38                                      TIF 13.3.10 调试模式        当系统进入调试模式时，根据 DBG 模块的设置可以控制定时器继续运转或者停止。 13.4 寄存器描述
2	tmp/wch-evt/application_notes/CH32X035RM.PDF	c7e301eac4790ca1ba112f946bf057139ec7f36be28e142cafc1c286bcc9daa4	finding	iochub-identity	159	5	Write                                 Read                                                  (CPU or DMA)          (DATA REGISTER) DATAR                (CPU or DMA)                                                     Transmit Data Register                   Receive Data Register                    TX
2	tmp/wch-evt/application_notes/CH32X035RM.PDF	c7e301eac4790ca1ba112f946bf057139ec7f36be28e142cafc1c286bcc9daa4	finding	iochub-identity	173	12	EVTx=event (interrupt generated when ITEVFEN=1)         EVT5: SB=1, reading SR1 and then writing the address to the DR register will clear the event.         EVT6;ADDR=1,reading SR1 then reading SR2 will clear the event.         EVT8_1: TxE=1, shift register empty, data register empty, write DR register.
2	tmp/wch-evt/application_notes/CH32X035RM.PDF	c7e301eac4790ca1ba112f946bf057139ec7f36be28e142cafc1c286bcc9daa4	finding	iochub-identity	174	5	erated when ITEVFEN=1)        EVT1;ADDR=1,read SR1 then read SR2 will eliminate the event.        EVT3_1: TxE=1, shift register empty, data register empty, write DR.        EVT3: TxE=1,shift register is not empty,data register is empty,writing DR will clear the event.        EVT3_2: AF=1, write '0' in AF b
2	tmp/wch-evt/application_notes/CH32X035RM.PDF	c7e301eac4790ca1ba112f946bf057139ec7f36be28e142cafc1c286bcc9daa4	finding	iochub-identity	175	1	the event.        EVT2: RxNE=1, reading DR will clear the event.        EVT4: STOPF=1,reading SR1 and then writing CR1 register will clear the event.        Note: 1: EVT1 event elongates SCL low until the end of the corresponding software sequence.            2: The software sequence of EVT2 must be compl
2	tmp/wch-evt/application_notes/CH32X035RM.PDF	c7e301eac4790ca1ba112f946bf057139ec7f36be28e142cafc1c286bcc9daa4	finding	iochub-identity	184	1	IE  IE   IE                       AEN AEN                     Shift register           MISO                                         LSB first              SPI_CTATR                       Tx buffer                               BSY     OVR MOD
2	tmp/wch-evt/application_notes/CH32X035RM.PDF	c7e301eac4790ca1ba112f946bf057139ec7f36be28e142cafc1c286bcc9daa4	finding	iochub-identity	231	1	et FLASH_CTLR PER bit=1                       Write the erased page header                      address in FLASH_ADDR register                        (erase 8 pages at a time)                        Set FLASH_CTLR STRT bit=1                                                       YES
2	tmp/wch-evt/application_notes/CH32X035RM.PDF	c7e301eac4790ca1ba112f946bf057139ec7f36be28e142cafc1c286bcc9daa4	finding	wchnet-chip-field	47	1	0                                              0：无影响 7.5.2.33 PFIC 中断激活状态寄存器 1（PFIC_IACTR1）     偏移地址：0x300 31       30    29    28   27   26   25      24        23   22   21     20    19   18          17       16                                           IACTS[31:16] V1.9
2	tmp/wch-evt/application_notes/CH32X035RM.PDF	c7e301eac4790ca1ba112f946bf057139ec7f36be28e142cafc1c286bcc9daa4	finding	wchnet-chip-field	48	2	RO      保留。                                             0 7.5.2.34 PFIC 中断激活状态寄存器 2（PFIC_IACTR2）     偏移地址：0x304  31      30     29   28      27   26   25      24        23   22   21   20    19    18      17      16                                              IACTS[63:48]  15      14     1
2	tmp/wch-evt/application_notes/CH32X035RM.PDF	c7e301eac4790ca1ba112f946bf057139ec7f36be28e142cafc1c286bcc9daa4	finding	wchnet-chip-field	49	1	0                                                        0：当前编号中断没执行。 7.5.2.36 PFIC 中断激活状态寄存器 4（PFIC_IACTR4）     偏移地址：0x30C 31       30        29    28        27   26   25      24         23   22     21       20   19     18      17           16                                                     Reser
2	tmp/wch-evt/application_notes/CH32X035RM.PDF	c7e301eac4790ca1ba112f946bf057139ec7f36be28e142cafc1c286bcc9daa4	finding	wchnet-chip-field	50	1	存器外，还增加了一些厂商自定义寄存器，需要使 用 csr 指令进行访问。 注：此类寄存器标注为“MRW,MRO,MRW1”属性的需要系统在机器模式下才能访问。 7.5.3.1 中断系统控制寄存器（INTSYSCR）     CSR 地址：0x804 V1.9                                                50
2	tmp/wch-evt/application_notes/CH32X035RM.PDF	c7e301eac4790ca1ba112f946bf057139ec7f36be28e142cafc1c286bcc9daa4	finding	wchnet-chip-field	51	1	0                                                    0：硬件压栈功能关闭。 7.5.3.2 异常入口基地址寄存器（MTVEC）     CSR 地址：0x305 31       30    29   28      27   26       25     24        23    22     21         20    19 18         17       16                                                BASEADDR[31:16]
2	tmp/wch-evt/application_notes/CH32X035RM.PDF	c7e301eac4790ca1ba112f946bf057139ec7f36be28e142cafc1c286bcc9daa4	finding	wchnet-chip-field	95	1	规则序列中的第 13 个转换通道的编号（0-13,15）。                                    0 10.3.10 ADC 规则通道序列寄存器 2（ADC_RSQR2）        偏移地址：0x30   31        30   29     28      27       26    25   24        23      22       21   20   19      18       17       16 Reserved                     SQ12[4:0]
2	tmp/wch-evt/application_notes/CH32X035RM.PDF	c7e301eac4790ca1ba112f946bf057139ec7f36be28e142cafc1c286bcc9daa4	finding	wchnet-chip-field	136	1	新见 12.2.3 章节；ATRLR 为空时，计数器停止。 12.4.13 重复计数值寄存器（TIMx_RPTCR）（x=1/2）        偏移地址：0x30  15       14        13        12        11        10        9          8         7       6    5    4     3    2        1        0                               Reserved
2	tmp/wch-evt/application_notes/CH32X035RM.PDF	c7e301eac4790ca1ba112f946bf057139ec7f36be28e142cafc1c286bcc9daa4	finding	wchnet-chip-field	197	1	0x81D801D8   R32_OPA_CTLR2                0x40026008      OPA 控制寄存器 2                                   0x80000000   R32_OPA_KEY                  0x4002600C      OPA 解锁键寄存器                                    0xXXXXXXXX   R32_CMP_KEY                  0x40026010      CMP 解锁键寄存器
2	tmp/wch-evt/application_notes/CH32X035RM.PDF	c7e301eac4790ca1ba112f946bf057139ec7f36be28e142cafc1c286bcc9daa4	finding	wchnet-chip-field	232	1	256 字节缓存区操作。 6）等待 BSY 位变为‘0’或 FLASH_STATR 寄存器的 EOP 位为‘1’表示清除结束，将 EOP 位清 0。 7）使用 32 位方式向 FLASH 地址写入数据，例如    *（uint32_t*）0x8000000 = 0x12345678； 8）然后设置 FLASH_CTLR 寄存器的 BUFLOAD 位，执行加载到缓存区。 9）等待 FLASH_STATR 寄存器的 BSY 为‘0’，写入下个数据。 10）重复步骤 7-9 共 64 次，将 256 字节数据都加载到缓存区（主要 64 轮操作地址要连续）。 V1.9
2	tmp/wch-evt/application_notes/CH32X035RM.PDF	c7e301eac4790ca1ba112f946bf057139ec7f36be28e142cafc1c286bcc9daa4	global	id-terms	223	3	https://wch.cn                              第 19 章 电子签名（ESIG）   电子签名包含了芯片识别信息：闪存区容量和唯一身份标识。它由厂家在出厂时烧录到存储器 模块的系统存储区域，可以通过 SWD（SDI）或者应用代码读取。 19.1 功能描述   闪存区容量：指示当前芯片用户应用程序可以使用大小。   唯一身份标识：96 位二进制码，对任意一个微控制器都是唯一的，用户只能读访问不能修改。 此唯一标识信息可以用作微控制器（产品）的安全密码、加解密钥、产品序列号等，用来提高系统 安
2	tmp/wch-evt/application_notes/CH32X035RM.PDF	c7e301eac4790ca1ba112f946bf057139ec7f36be28e142cafc1c286bcc9daa4	global	identity-csr	35	4	6  15      14     13       12   11     10        9      8          7     6     5     4     3     2       1      0 IF15 IF14 IF13 IF12 IF11 IF10                  IF9   IF8        IF7   IF6   IF5   IF4   IF3   IF2     IF1    IF0        位                 名称           访问
2	tmp/wch-evt/application_notes/CH32X035RM.PDF	c7e301eac4790ca1ba112f946bf057139ec7f36be28e142cafc1c286bcc9daa4	global	identity-csr	63	4	29    28    27     26        25   24        23    22     21     20    19    18       17    16 CNF15[1:0] MODE15[1:0] CNF14[1:0] MODE14[1:0] CNF13[1:0] MODE13[1:0] CNF12[1:0] MODE12[1:0] 15     14   13    12    11     10        9    8         7      6      5     4     3      2       1        0 CNF11[1:
2	tmp/wch-evt/application_notes/CH32X035RM.PDF	c7e301eac4790ca1ba112f946bf057139ec7f36be28e142cafc1c286bcc9daa4	global	known-addresses	223	1	名称                   访问地址                                  描述                    复位值 R16_ESIG_FLACAP                  0x1FFFF7E0         闪存容量寄存器                                   0xXXXX R32_ESIG_UNIID1                  0x1FFFF7E8         UID 寄存器 1                               0xXXXXXXXX R32_ESIG_UNIID2
2	tmp/wch-evt/application_notes/CH32X035RM.PDF	c7e301eac4790ca1ba112f946bf057139ec7f36be28e142cafc1c286bcc9daa4	global	revision-errata	1	2	使用信息。 有关此系列产品的器件特性请参考以下数据手册：《CH32X035DS0》。 有关 RISC-V 内核的相关信息，可参考 QingKeV4 微处理手册：《QingKeV4_Processor_Manual》。 RISC-V 内核版本对比概览       特点            硬件   中断        快速        整数                                                             扩展   内存 内核          指令集     堆栈   嵌套        中断        除法     向量表模式
2	tmp/wch-evt/application_notes/CH32X035RM.PDF	c7e301eac4790ca1ba112f946bf057139ec7f36be28e142cafc1c286bcc9daa4	global	revision-errata	77	1	Channel 5                   TIM2_CH1                                                                     Fixed hardware                                              Software Trigger                                      priority                                               MEM2MEM bit
2	tmp/wch-evt/application_notes/CH32X035RM.PDF	c7e301eac4790ca1ba112f946bf057139ec7f36be28e142cafc1c286bcc9daa4	global	revision-errata	171	1	能以 100KHz（标准）和 400KHz（快速）两种 速度通讯。 15.1 主要特征       支持主机模式(Master）和从机模式(Slave)，支持多主多从。       支持两种速度模式：100KHz 和 400KHz，兼容 I2C 两线串行总线规范。       支持 7 位或 10 位地址。       从设备支持双 7 位地址。       支持总线广播。       支持总线仲裁、错误检测、PEC 校验、延长时钟。 15.2 概述   I2C 是半双工的总线，它同时只能运行在下列四种模式中之一：主设备发送模式、主设备接收 模式、从设备发送模式和从设备接收模式
2	tmp/wch-evt/application_notes/CH32X035RM.PDF	c7e301eac4790ca1ba112f946bf057139ec7f36be28e142cafc1c286bcc9daa4	global	silicon-package-lot	234	2	用功能；             [4:3]    RST_MODE   11：复用功能关闭，PA21/PC3/PB7 为 GPIO 功能。          11b                                 注：不同封装的复位引脚，参考数据手册中引脚说明。                                 例如，64 脚 R8T6 和 48 脚 C8T6 封装中 PA21 可以复                                 用作为外部复位引脚。                                待机模式下系统复位控制：    U
2	tmp/wch-evt/application_notes/CH32X315RM.PDF	b6a752f9e9bdbb1d1fd9c8ba62f6e52633620c06c0d21fbc450925541a0c2785	finding	csr-address-meaning	74	4	0x002        浮点舍入模式寄存器         0x00000000 FCSR                             0x003        浮点控制和状态寄存器        0x00000000 CPU_RUN_CTLR                     0xBC0        处理器运行控制寄存器        0x12370000 INEST_CTLR                       0xBC1        中断嵌套控制寄存器         0x00000000 MIE                              0xBC8
2	tmp/wch-evt/application_notes/CH32X315RM.PDF	b6a752f9e9bdbb1d1fd9c8ba62f6e52633620c06c0d21fbc450925541a0c2785	finding	csr-address-meaning	80	2	0        [4:0]   FFlags[4:0]        RW    累计异常标记。                            0 9.5.4.21 处理器运行控制寄存器（CPU_RUN_CTLR）     CSR 地址：0xBC0         位                 名称      访问                  描述                复位值                                         浮点加指令分频系数，默认值为 1，即浮    [31:28]     fadd_clkdi
2	tmp/wch-evt/application_notes/CH32X315RM.PDF	b6a752f9e9bdbb1d1fd9c8ba62f6e52633620c06c0d21fbc450925541a0c2785	finding	csr-address-meaning	83	3	断请求。        [2:0]   Reserved        RO   保留。                       0 注：本寄存器用于内核在用户模式运行时配置 MSTATUS 寄存器，当 CPU_RUN_CTLR 寄存器 non_usta 位使能后本地址可用，寄存器设置与 MSTATUS（0x300）寄存器相同。 9.5.4.25 硬件压栈控制寄存器（HW_POPDM_CTLR）     CSR 地址：0x804         位                 名称   访问            描述             复位值
2	tmp/wch-evt/application_notes/CH32X315RM.PDF	b6a752f9e9bdbb1d1fd9c8ba62f6e52633620c06c0d21fbc450925541a0c2785	finding	h417-lot-capability	13	1	ADC_CLK_SRC                                         ADC_PLL_SRC 注：上图中标蓝的部分仅适用于批号第五位大于 0 的芯片。 3.3.2 高速时钟（HSI/HSE）   HSI 是系统内部 20MHz 的 RC 振荡器产生的高速时钟信号。HSI RC 振荡器能够在不需要任何外部 器件的条件下提供系统时钟。它的启动时间很短但时钟频率精度较差。HSI 通过设置 RCC_CTLR 寄存 器中的 HSION 位被启动和关闭，HSIRDY 位指示 HSI RC 振荡器是
2	tmp/wch-evt/application_notes/CH32X315RM.PDF	b6a752f9e9bdbb1d1fd9c8ba62f6e52633620c06c0d21fbc450925541a0c2785	finding	h417-lot-capability	18	1	PLLSRC[1:0]=11b                                            时此位有效。                                            （2）10b 仅适用于批号第五位大于 0 的芯片。                                            微控制器 MCO 引脚时钟输出控制：                                            00xx：没有时钟输出；                                            0100：系统时钟
2	tmp/wch-evt/application_notes/CH32X315RM.PDF	b6a752f9e9bdbb1d1fd9c8ba62f6e52633620c06c0d21fbc450925541a0c2785	finding	h417-lot-capability	50	1	-2   固定       Ecall-U              用户模式回调中断          0x00000020     9       -1   固定      BreakPoint              断点回调中断          0x00000024                                                                  0x00000028- 10-11       -     -          -                       -
2	tmp/wch-evt/application_notes/CH32X315RM.PDF	b6a752f9e9bdbb1d1fd9c8ba62f6e52633620c06c0d21fbc450925541a0c2785	finding	h417-lot-capability	77	1	0                     2                    非法指令                0                     3                    断点                0                     4                    读地址非对齐                0                     5                    读访问错误                0                     6
2	tmp/wch-evt/application_notes/CH32X315RM.PDF	b6a752f9e9bdbb1d1fd9c8ba62f6e52633620c06c0d21fbc450925541a0c2785	finding	h417-lot-capability	78	1	位                 名称   访问               描述                  复位值                                    触发器信息寄存器，对应 TDATA1 寄存器    [31:0]      tinfo[31:0]     MRO type 值，type 值为 2，tinfo 的第 2 位置    0x4                                    1。 9.5.4.13 调试控制和状态寄存器（DCSR）     CSR 地址：0x7B0         位
2	tmp/wch-evt/application_notes/CH32X315RM.PDF	b6a752f9e9bdbb1d1fd9c8ba62f6e52633620c06c0d21fbc450925541a0c2785	finding	h417-lot-capability	85	1	Protection                                                            trigger                                                                             on/off                      diode        Write   Bit set/reset                      Input driver
2	tmp/wch-evt/application_notes/CH32X315RM.PDF	b6a752f9e9bdbb1d1fd9c8ba62f6e52633620c06c0d21fbc450925541a0c2785	finding	h417-lot-capability	87	2	TTL S chmitt                                  Protection                                                            trigger                                                                           on/off                         diode        Write Bit set/reset                      Input driver
2	tmp/wch-evt/application_notes/CH32X315RM.PDF	b6a752f9e9bdbb1d1fd9c8ba62f6e52633620c06c0d21fbc450925541a0c2785	finding	h417-lot-capability	88	2	TTL Schmitt                                                                trigger                                     Protection                                                                                                            diode           Write
2	tmp/wch-evt/application_notes/CH32X315RM.PDF	b6a752f9e9bdbb1d1fd9c8ba62f6e52633620c06c0d21fbc450925541a0c2785	finding	h417-lot-capability	103	11	Channel 1                                 ADC1                                         Software Trigger                                              MEM2MEM bit        SPI1_RX_0/SPI2_RX_1/SPI3_RX_1                          EN bit of channel 2                           USART3_TX_0
2	tmp/wch-evt/application_notes/CH32X315RM.PDF	b6a752f9e9bdbb1d1fd9c8ba62f6e52633620c06c0d21fbc450925541a0c2785	finding	h417-lot-capability	121	3	CH0           CH1       CH2       CH3             ADC1         CH3           CH2       CH1       CH0                Trigger                                      ADC1 and ADC2 injection conversion ends 注：1.同一时刻 ADC1 和 ADC2 的转换通道不应重合。   2.同步模式下，ADC1 和 ADC2 应有相同时间长度的转换序列或两者之中较长的转换序列的时长 小于触发时间间隔，以保证每次触
2	tmp/wch-evt/application_notes/CH32X315RM.PDF	b6a752f9e9bdbb1d1fd9c8ba62f6e52633620c06c0d21fbc450925541a0c2785	finding	h417-lot-capability	122	1	0                    CH0                          ADC1                     CH0                 CH0                     Trigger                                                             ADC1 conversion ends                            14 ADCCLK cycles                                  28 ADCCLK cycles 注
2	tmp/wch-evt/application_notes/CH32X315RM.PDF	b6a752f9e9bdbb1d1fd9c8ba62f6e52633620c06c0d21fbc450925541a0c2785	finding	h417-lot-capability	123	5	换，则所有 ADC 的规则转换被停止，在注入转换结束 后同步恢复。             图 12-12 同步规则模式下交替触发注入通道转换                                            1st trigger      ADC1       rule    conversion                         CH0      CH1             CH2                     CH2          CH3                  CH3              CH4      ADC1      i
2	tmp/wch-evt/application_notes/CH32X315RM.PDF	b6a752f9e9bdbb1d1fd9c8ba62f6e52633620c06c0d21fbc450925541a0c2785	finding	h417-lot-capability	124	1	CH11            CH12                                              Trigger                                                               CH12            CH11
2	tmp/wch-evt/application_notes/CH32X315RM.PDF	b6a752f9e9bdbb1d1fd9c8ba62f6e52633620c06c0d21fbc450925541a0c2785	finding	h417-lot-capability	125	10	5st                             2nd                                                                  Trigger     6nd                                       CH0        CH1            ADC4 Trigger                                              CH0       CH1                           Trigger
2	tmp/wch-evt/application_notes/CH32X315RM.PDF	b6a752f9e9bdbb1d1fd9c8ba62f6e52633620c06c0d21fbc450925541a0c2785	finding	h417-lot-capability	142	1	TIM1_ETR                                                ETR                                                             Trigger                                                         Polarity selection &                ETRF              controller                                                      Edge
2	tmp/wch-evt/application_notes/CH32X315RM.PDF	b6a752f9e9bdbb1d1fd9c8ba62f6e52633620c06c0d21fbc450925541a0c2785	finding	h417-lot-capability	151	1	scaler   Counter                                                 Input-                                                triggered                                                selection   例如，可以将定时器 1 配置为定时器 2 的预分频器。为此：   1) 将定时器 1 配置为主模式，每次发生更新事件 UEV 时都输出一个周期性触发信号。如果将      MMS=010 写入 R16_TIM1_CTLR2，则每
2	tmp/wch-evt/application_notes/CH32X315RM.PDF	b6a752f9e9bdbb1d1fd9c8ba62f6e52633620c06c0d21fbc450925541a0c2785	finding	h417-lot-capability	175	1	TIMx_ETR                                      ETR                                                             Trigger                                               Polarity selection &                ETRF              controller                                            Edge detector & Prescaler
2	tmp/wch-evt/application_notes/CH32X315RM.PDF	b6a752f9e9bdbb1d1fd9c8ba62f6e52633620c06c0d21fbc450925541a0c2785	finding	iochub-identity	35	1	lynomial: 0x4C11DB7)                             32-bit write                                                   Data register                                                   (CRC_DATAR) 5.1 主要特征                                              32   26    23    22   16   12     11   10     8   7   5   4
2	tmp/wch-evt/application_notes/CH32X315RM.PDF	b6a752f9e9bdbb1d1fd9c8ba62f6e52633620c06c0d21fbc450925541a0c2785	finding	iochub-identity	43	4	常工作。当看门狗计数器自减到 0 时，将会产生系统复位，所以超时时间为（重装载值+1）个时钟。                    图 7-1 独立看门狗的结构框图          CORE            Prescaler register   Status register    Reload register      Control register                IWDG_PSCR           IWDG_STATR         IWDG_RLDR            IWDG_CTLR
2	tmp/wch-evt/application_notes/CH32X315RM.PDF	b6a752f9e9bdbb1d1fd9c8ba62f6e52633620c06c0d21fbc450925541a0c2785	finding	iochub-identity	46	2	内部结构框图。                     图 8-1 窗口看门狗结构框图                                                     Watchdog configuration register(WWDG_CFGR)                                                          -     W6 W5 W4 W3 W2 W1 W0                                  T[6:0] ＞ W[6:0]  RESET
2	tmp/wch-evt/application_notes/CH32X315RM.PDF	b6a752f9e9bdbb1d1fd9c8ba62f6e52633620c06c0d21fbc450925541a0c2785	finding	iochub-identity	73	1	时将触发 STK                                           中断。 9.5.4 专用 CSR 寄存器   RISC-V 架构中定义了一些控制和状态寄存器（Control and Status Register,CSR），用于配 置或标识或记录运行状态。CSR 寄存器属于内核内部的寄存器，使用专用的 12 位地址空间。 注：此类寄存器标注为“MRW，MRO，MRW1”属性的需要系统在机器模式下才能访问。 V1.1                                              71
2	tmp/wch-evt/application_notes/CH32X315RM.PDF	b6a752f9e9bdbb1d1fd9c8ba62f6e52633620c06c0d21fbc450925541a0c2785	finding	iochub-identity	79	3	位                 名称          访问                描述           复位值                                           进入调试模式时注册模块停止工作：                                           1：注册的外设在内核进入调试模式时停止    [31:8]      dbg_mode_stop          MRW 工作；                           0
2	tmp/wch-evt/application_notes/CH32X315RM.PDF	b6a752f9e9bdbb1d1fd9c8ba62f6e52633620c06c0d21fbc450925541a0c2785	finding	iochub-identity	85	3	VDD                                       register                                                            TTL Schmitt                                                                                                         Prot
2	tmp/wch-evt/application_notes/CH32X315RM.PDF	b6a752f9e9bdbb1d1fd9c8ba62f6e52633620c06c0d21fbc450925541a0c2785	finding	iochub-identity	87	6	Input data                                                       VDD                                     register                                                            TTL S chmitt                                  Protection                                                            trig
2	tmp/wch-evt/application_notes/CH32X315RM.PDF	b6a752f9e9bdbb1d1fd9c8ba62f6e52633620c06c0d21fbc450925541a0c2785	finding	iochub-identity	88	6	VDD                                           register                                                                TTL Schmitt                                                                trigger
2	tmp/wch-evt/application_notes/CH32X315RM.PDF	b6a752f9e9bdbb1d1fd9c8ba62f6e52633620c06c0d21fbc450925541a0c2785	finding	iochub-identity	113	2	EOC=1                                                                                      register (16 bits)          VSSA                                                                                                                                    End of Injection
2	tmp/wch-evt/application_notes/CH32X315RM.PDF	b6a752f9e9bdbb1d1fd9c8ba62f6e52633620c06c0d21fbc450925541a0c2785	finding	iochub-identity	120	4	EOC=1                                                 （slave）                registers (16-bit)                                                                                                                    End of injection
2	tmp/wch-evt/application_notes/CH32X315RM.PDF	b6a752f9e9bdbb1d1fd9c8ba62f6e52633620c06c0d21fbc450925541a0c2785	finding	iochub-identity	142	9	TI1FP1                                  Encoder                   Count             REP Register                                                                                                                interface
2	tmp/wch-evt/application_notes/CH32X315RM.PDF	b6a752f9e9bdbb1d1fd9c8ba62f6e52633620c06c0d21fbc450925541a0c2785	finding	iochub-identity	145	2	S Write CCR1H                          read_in_progress        Read CCR1L                      Capture/compare preload register                                          R Write CCR1L                      R                                                          Output                                     c
2	tmp/wch-evt/application_notes/CH32X315RM.PDF	b6a752f9e9bdbb1d1fd9c8ba62f6e52633620c06c0d21fbc450925541a0c2785	finding	iochub-identity	175	7	U      Register       UI                                                                                                          Stop,clear,Up/Down
2	tmp/wch-evt/application_notes/CH32X315RM.PDF	b6a752f9e9bdbb1d1fd9c8ba62f6e52633620c06c0d21fbc450925541a0c2785	finding	iochub-identity	178	2	ess                            read_in_progress         Read CCR1L                              Capture/compare preload register                                     R Write CCR1L                       R
2	tmp/wch-evt/application_notes/CH32X315RM.PDF	b6a752f9e9bdbb1d1fd9c8ba62f6e52633620c06c0d21fbc450925541a0c2785	finding	iochub-identity	200	5	ite                                  Read                                                   (CPU or DMA)          (DATA REGISTER) DATAR                 (CPU or DMA)                                                      Transmit Data Register                    Receive Data Register                     TX
2	tmp/wch-evt/application_notes/CH32X315RM.PDF	b6a752f9e9bdbb1d1fd9c8ba62f6e52633620c06c0d21fbc450925541a0c2785	finding	iochub-identity	214	8	h.cn                                   图 16-2 I2C 功能框图                                                          Data register                      Noise         Data               SDA                                     Data shift register                      filter       control
2	tmp/wch-evt/application_notes/CH32X315RM.PDF	b6a752f9e9bdbb1d1fd9c8ba62f6e52633620c06c0d21fbc450925541a0c2785	finding	iochub-identity	225	1	IE   IE  IE                       AEN AEN                      Shift register        MISO                                         LSB first         SPI_STATR                        Tx buffer                         BSY     OVR MODF CRC
2	tmp/wch-evt/application_notes/CH32X315RM.PDF	b6a752f9e9bdbb1d1fd9c8ba62f6e52633620c06c0d21fbc450925541a0c2785	finding	iochub-identity	304	1	Set FLASH_CTLR PER bit=1                       Write the erased page header                      address in FLASH_ADDR register                        (erase 8 pages at a time)                        Set FLASH_CTLR STRT bit=1                                                      YES
2	tmp/wch-evt/application_notes/CH32X315RM.PDF	b6a752f9e9bdbb1d1fd9c8ba62f6e52633620c06c0d21fbc450925541a0c2785	finding	wchnet-chip-field	66	1	0                                                     0：无影响。  9.5.2.27 PFIC 中断激活状态寄存器 1（PFIC_IACTR1）      偏移地址：0x300   31      30     29      28       27   26   25      24        23   22   21   20    19    18      17       16                                                   IACTS[31:16]   15
2	tmp/wch-evt/application_notes/CH32X315RM.PDF	b6a752f9e9bdbb1d1fd9c8ba62f6e52633620c06c0d21fbc450925541a0c2785	finding	wchnet-chip-field	67	2	RO     保留。                                                     0 9.5.2.28 PFIC 中断激活状态寄存器 2（PFIC_IACTR2）     偏移地址：0x304 31       30        29     28       27   26   25      24        23   22     21       20   19     18      17           16                                                    IACTS[6
2	tmp/wch-evt/application_notes/CH32X315RM.PDF	b6a752f9e9bdbb1d1fd9c8ba62f6e52633620c06c0d21fbc450925541a0c2785	finding	wchnet-chip-field	74	5	0xDC688002 MHARTID                          0xF14        内核 ID 寄存器         0x00000000 MSTATUS                          0x300        机器状态寄存器           0x00000000 MISA                             0x301        机器指令集寄存器          0x40901127 MTVEC                            0x305        机器模式异常基地址寄存器      0x0
2	tmp/wch-evt/application_notes/CH32X315RM.PDF	b6a752f9e9bdbb1d1fd9c8ba62f6e52633620c06c0d21fbc450925541a0c2785	finding	wchnet-chip-field	75	2	:0]   MRO                            0                                      ID 号。 9.5.4.5 机器状态寄存器（MSTATUS）     CSR 地址：0x300         位                 名称   访问            描述             复位值         31     SD              MRO 用于标记浮点指令是否处于脏状态。           0    [30:15]     Reserved        MRO 保留。
2	tmp/wch-evt/application_notes/CH32X315RM.PDF	b6a752f9e9bdbb1d1fd9c8ba62f6e52633620c06c0d21fbc450925541a0c2785	finding	wchnet-chip-field	76	1	1         0      A                  MRO 本内核支持执行原子指令集。                   1 9.5.4.7 机器模式异常基地址寄存器（MTVEC）     CSR 地址：0x305         位                 名称      访问             描述                 复位值                                       处理器发生异常时跳转的基地址高位，1kB    [31:10]     mtvec_base[21:0]   MRW 对 齐 ， 实 际
2	tmp/wch-evt/application_notes/CH32X315RM.PDF	b6a752f9e9bdbb1d1fd9c8ba62f6e52633620c06c0d21fbc450925541a0c2785	finding	wchnet-chip-field	81	2	除中断请求。                                          UACCES_MSTATUS 寄存器使能：                                          1：CSR 地址 0x800 的位 3 和位 7 分别映射                                          为 MSTATUS 寄存器的位 MIE 和 MSTATUS 寄          5      non_usta             MRW                                        0
2	tmp/wch-evt/application_notes/CH32X315RM.PDF	b6a752f9e9bdbb1d1fd9c8ba62f6e52633620c06c0d21fbc450925541a0c2785	finding	wchnet-chip-field	82	1	ie[0]；                                       status.mpie=nest_mie[1]。 9.5.4.24 用户访问机器状态寄存器（UACCES_MSTATUS）     CSR 地址：0x800         位                  名称   访问              描述               复位值         31      SD              RO    用于标记浮点指令是否处于脏状态。             0    [30:15]      Reserved        RO    保留
2	tmp/wch-evt/application_notes/CH32X315RM.PDF	b6a752f9e9bdbb1d1fd9c8ba62f6e52633620c06c0d21fbc450925541a0c2785	finding	wchnet-chip-field	83	2	RO   保留。                       0 注：本寄存器用于内核在用户模式运行时配置 MSTATUS 寄存器，当 CPU_RUN_CTLR 寄存器 non_usta 位使能后本地址可用，寄存器设置与 MSTATUS（0x300）寄存器相同。 9.5.4.25 硬件压栈控制寄存器（HW_POPDM_CTLR）     CSR 地址：0x804         位                 名称   访问            描述             复位值                                     用户模式锁定标志，锁定后用户模式不可
2	tmp/wch-evt/application_notes/CH32X315RM.PDF	b6a752f9e9bdbb1d1fd9c8ba62f6e52633620c06c0d21fbc450925541a0c2785	finding	wchnet-chip-field	98	1	0：正常 GPIO 阈值输入。 10.3.2.7 端口复用功能寄存器低位（GPIOx_AFLR）（x=A/B/C/D）     偏移地址：0x20、0x28、0x30、0x38 31         30    29    28   27    26     25   24        23    22   21     20   19    18       17       16        AFR7[3:0]                 AFR6[3:0]                   AFR5[3:
2	tmp/wch-evt/application_notes/CH32X315RM.PDF	b6a752f9e9bdbb1d1fd9c8ba62f6e52633620c06c0d21fbc450925541a0c2785	finding	wchnet-chip-field	136	1	换通道的编号（0-13）。                                         0  12.3.10 ADCx 规则通道序列寄存器 2（ADCx_RSQR2）（x=1/2/3/4）         偏移地址：0x30  31       30    29      28      27       26    25       24         23      22       21   20   19      18       17       16  Reserved                    SQ12[4:0]
2	tmp/wch-evt/application_notes/CH32X315RM.PDF	b6a752f9e9bdbb1d1fd9c8ba62f6e52633620c06c0d21fbc450925541a0c2785	finding	wchnet-chip-field	170	1	CH32X315、X305 应用手册                                                                        https://wch.cn        偏移地址：0x30  15       14    13      12   11    10     9       8         7    6     5   4     3    2       1       0                         Reserved
2	tmp/wch-evt/application_notes/CH32X315RM.PDF	b6a752f9e9bdbb1d1fd9c8ba62f6e52633620c06c0d21fbc450925541a0c2785	finding	wchnet-chip-field	234	1	_USB_TEST_MODE      0x40030005   USBHS 测试模式寄存器           0x00 R16_USB_LPM_DATA      0x40030006   USBHS 电源管理寄存器          0x8000 R8_USB_INT_FG         0x40030008   USBHS 中断标志寄存器           0x00 R8_USB_INT_ST         0x40030009   USBHS 中断状态寄存器           0x00 R8_USB_MIS_ST         0x4003000A   USBHS 杂项状态寄存器
2	tmp/wch-evt/application_notes/CH32X315RM.PDF	b6a752f9e9bdbb1d1fd9c8ba62f6e52633620c06c0d21fbc450925541a0c2785	finding	wchnet-chip-field	243	1	https://wch.cn 18.2.1.28 端点 n 单次接收长度寄存器（R16_UEPn_RX_LEN）（n=1～7）     偏移地址：0x80 + 4*（n-1）         位                 名称            访问               描述               复位值    [15:0]      UEPn_RX_LEN[15:0]        RW    端点 n 单次接收数据长度。                 X 18.2.1.29
2	tmp/wch-evt/application_notes/CH32X315RM.PDF	b6a752f9e9bdbb1d1fd9c8ba62f6e52633620c06c0d21fbc450925541a0c2785	finding	wchnet-chip-field	251	1	RB_UH_SET_PORT_RESET   WO   端口发送复位。                         0 18.2.2.17 USBHS 主机端口配置寄存器（R8_UH_PORT_CFG）     偏移地址：0x30         位                 名称          访问                  描述             复位值         7      RB_UH_PD_EN            RW   主机模式下 15K 电阻下拉使能。               0        [6:1]   Reserved
2	tmp/wch-evt/application_notes/CH32X315RM.PDF	b6a752f9e9bdbb1d1fd9c8ba62f6e52633620c06c0d21fbc450925541a0c2785	finding	wchnet-chip-field	257	1	Adjustment Control 字段。 19.2.2.3 端点发送使能寄存器（R16_UEP_TX_EN）     偏移地址：0x80 V1.1                                                255
2	tmp/wch-evt/application_notes/CH32X315RM.PDF	b6a752f9e9bdbb1d1fd9c8ba62f6e52633620c06c0d21fbc450925541a0c2785	finding	wchnet-chip-field	267	1	38010    LINK 状态寄存器                0xX0000430 R8_LINK_ITP_PRE                 0x40038017    LINK ITP 超时模式寄存器            0x80 R8_LINK_U2_INACT_TIME           0x4003801D    LINK U2 不活动超时计数器阈值寄         0x00 V1.1                                           265
2	tmp/wch-evt/application_notes/CH32X315RM.PDF	b6a752f9e9bdbb1d1fd9c8ba62f6e52633620c06c0d21fbc450925541a0c2785	finding	wchnet-chip-field	279	1	1：忽略上下行端口 ITP 的收发对链路空闲        [7:0]   ITP_PRE             RO   状态的影响；                           0x80                                         0：下行端口发送非延迟 ITP/上行端口接                                         收非延迟 ITP 时，链路为非空闲状态。 19.2.5.7 LINK U2 不活动超时计数器阈值寄存器（R8_LINK_U2_INACT_TIMER）
2	tmp/wch-evt/application_notes/CH32X315RM.PDF	b6a752f9e9bdbb1d1fd9c8ba62f6e52633620c06c0d21fbc450925541a0c2785	finding	wchnet-chip-field	280	1	的 U2 EXIT 有效，时长为(n)us，默认 2us。 19.2.5.10 U3 唤醒 LFPS 有效时长寄存器（R8_LINK_U3_WKUP_FILTER）     偏移地址：0x30         位                 名称      访问                   描述                       复位值                                        U3 唤醒时接收到的 LFPS 的有效判断时
2	tmp/wch-evt/application_notes/CH32X315RM.PDF	b6a752f9e9bdbb1d1fd9c8ba62f6e52633620c06c0d21fbc450925541a0c2785	finding	wchnet-chip-field	281	1	0：不复位。        [7:0]   RXDET_EXP             RW   检测外部设备计数器寄存器。                        0x80 19.2.5.13 PORT_CAP 寄存器（R32_LINK_LMP_PORT_CAP）     偏移地址：0x54         位                 名称         访问                 描述                     复位值
2	tmp/wch-evt/application_notes/CH32X315RM.PDF	b6a752f9e9bdbb1d1fd9c8ba62f6e52633620c06c0d21fbc450925541a0c2785	finding	wchnet-chip-field	305	1	ATR 寄存器的 BSY 位，以确认没有其他正在进行的编程操作。 4）设置 FLASH_CTLR 寄存器的 FTPG 位为‘1’，使能快速页编程模式。 5）使用 32 位方式向 FLASH 地址写入数据，例如    *（uint32_t*）0x8000000 = 0x12345678； 6）等待 FLASH_STATR 寄存器的 WR_BSY 为‘0’，写入下个数据。 7）重复步骤 5-6 共 64 次。 8）设置 FLASH_CTLR 寄存器的 PGSTRT 位为‘1’，启动快速页编程。 9）等待 BSY 位变为‘0’或 FLASH_STATR 寄存器的 EOP 位为‘1’表示一次快速页编程完成，将
2	tmp/wch-evt/application_notes/CH32X315RM.PDF	b6a752f9e9bdbb1d1fd9c8ba62f6e52633620c06c0d21fbc450925541a0c2785	global	id-terms	74	6	存器列表             名称                 CSR 地址                     描述     复位值 MVENDORID                        0xF11        芯片制造商 ID 寄存器      0x00000000 MARCHID                          0xF12        芯片结构 ID 寄存器       0xDC68D86D MIMPID                           0xF13        内核 ID 寄存器         0xDC688002 MHARTID
2	tmp/wch-evt/application_notes/CH32X315RM.PDF	b6a752f9e9bdbb1d1fd9c8ba62f6e52633620c06c0d21fbc450925541a0c2785	global	id-terms	292	3	https://wch.cn                              第 22 章 电子签名（ESIG）   电子签名包含了芯片识别信息：闪存区容量和唯一身份标识。它由厂家在出厂时烧录到存储器 模块的系统存储区域，可以通过 SWD（SDI）或者应用代码读取。 22.1 功能描述   闪存区容量：指示当前芯片用户应用程序可以使用大小。   唯一身份标识：96 位二进制码，对任意一个微控制器都是唯一的，用户只能读访问不能修改。 此唯一标识信息可以用作微控制器（产品）的安全密码、加解密钥、产品序列号等，用来提高系统 安
2	tmp/wch-evt/application_notes/CH32X315RM.PDF	b6a752f9e9bdbb1d1fd9c8ba62f6e52633620c06c0d21fbc450925541a0c2785	global	identity-csr	55	4	16  15      14    13       12    11    10     9     8          7     6      5     4     3     2       1         0 IF15 IF14 IF13 IF12 IF11 IF10             IF9   IF8        IF7   IF6    IF5   IF4   IF3   IF2     IF1       IF0        位                 名称              访问                            描述
2	tmp/wch-evt/application_notes/CH32X315RM.PDF	b6a752f9e9bdbb1d1fd9c8ba62f6e52633620c06c0d21fbc450925541a0c2785	global	identity-csr	74	18	表 9-6 专用 CSR 寄存器列表             名称                 CSR 地址                     描述     复位值 MVENDORID                        0xF11        芯片制造商 ID 寄存器      0x00000000 MARCHID                          0xF12        芯片结构 ID 寄存器       0xDC68D86D MIMPID                           0xF13
2	tmp/wch-evt/application_notes/CH32X315RM.PDF	b6a752f9e9bdbb1d1fd9c8ba62f6e52633620c06c0d21fbc450925541a0c2785	global	identity-csr	75	4	CH32X315、X305 应用手册                                     https://wch.cn 9.5.4.4 内核 ID 寄存器（MHARTID）     CSR 地址：0xF14         位                 名称   访问            描述             复位值                                      内核 ID，表明本内核在芯片结构中的内核    [31:0]      mhartid[31:0]   MRO
2	tmp/wch-evt/application_notes/CH32X315RM.PDF	b6a752f9e9bdbb1d1fd9c8ba62f6e52633620c06c0d21fbc450925541a0c2785	global	identity-csr	92	4	29     28    27   26   25   24        23    22    21     20    19    18       17         16 CNF15[1:0] MODE15[1:0] CNF14[1:0] MODE14[1:0] CNF13[1:0] MODE13[1:0] CNF12[1:0] MODE12[1:0]  15      14    13     12    11   10   9    8         7      6     5     4     3      2       1          0 CNF11[1:0]
2	tmp/wch-evt/application_notes/CH32X315RM.PDF	b6a752f9e9bdbb1d1fd9c8ba62f6e52633620c06c0d21fbc450925541a0c2785	global	identity-csr	98	7	1000：AF8；     1001：AF9；   [11:8]                                           1010：AF10；    1011：AF11；    [7:4]                                           1100：AF12；    1101：AF13；    [3:0]                                           1110：AF14；    1111：AF15。 10.3.2.8 端口复用功能寄存器高位（GPI
2	tmp/wch-evt/application_notes/CH32X315RM.PDF	b6a752f9e9bdbb1d1fd9c8ba62f6e52633620c06c0d21fbc450925541a0c2785	global	identity-csr	99	1	CH32X315、X305 应用手册                             https://wch.cn                      1110：AF14；   1111：AF15。 V1.1                       97
2	tmp/wch-evt/application_notes/CH32X315RM.PDF	b6a752f9e9bdbb1d1fd9c8ba62f6e52633620c06c0d21fbc450925541a0c2785	global	known-addresses	292	1	名称                  访问地址                                  描述                    复位值 R16_ESIG_FLACAP                 0x1FFFF7E0         闪存容量寄存器                                   0xXXXX R32_ESIG_UNIID1                 0x1FFFF7E8         UID 寄存器 1                               0xXXXXXXXX R32_ESIG_UNIID2
2	tmp/wch-evt/application_notes/CH32X315RM.PDF	b6a752f9e9bdbb1d1fd9c8ba62f6e52633620c06c0d21fbc450925541a0c2785	global	revision-errata	1	2	B 3.0（USBSS）模块。    本手册针对用户的应用开发，提供了 CH32X315、X305 芯片的详细使用信息。    有关 CH32X315、X305 系列芯片的器件特性请参考 CH32X315DS0 手册。 RISC-V 内核版本概览        特点            硬件    中断    快速                                                           扩展     接口   内核        指令集      堆栈    嵌套    中断    流水线    向量表模式
2	tmp/wch-evt/application_notes/CH32X315RM.PDF	b6a752f9e9bdbb1d1fd9c8ba62f6e52633620c06c0d21fbc450925541a0c2785	global	revision-errata	85	1	15、PD0～PD15），共 64 个 GPIO 引脚。每个引脚都可以由软件配置成输出（推挽或开漏）、输入（带或不带上拉或下拉）或复用的 外设功能端口。    所有 GPIO 引脚支持可控上拉和下拉电阻。    PD4 和 PD5 引脚提供兼容 USB PD 和 Type-C 规范的上拉电流，由 PD 控制器独立控制。PD4/CC1R 和 PD5/CC2R 引脚内置 Type-C 规范定义的可控 Rd 下拉电阻，作为 GPIO 推挽输出时建议关闭下拉。    系统中所有 I/O 引脚都由 VDD 额定 3.3V 供电，与数字或模拟的复用外设共用，部分引脚耐受 5V 信号输入，通过改变 VDD 供电
2	tmp/wch-evt/application_notes/CH32X315RM.PDF	b6a752f9e9bdbb1d1fd9c8ba62f6e52633620c06c0d21fbc450925541a0c2785	global	revision-errata	103	1	MEM2MEM bit                                                                                      Fixed hardware                                                               EN bit of channel 9
2	tmp/wch-evt/application_notes/CH32X315RM.PDF	b6a752f9e9bdbb1d1fd9c8ba62f6e52633620c06c0d21fbc450925541a0c2785	global	revision-errata	268	1	1：3.2 SPEC；                                           0：3.0 SPEC。                                           注：协议版本不同影响 FLOW CONTROL 中的                                           计时器时长：                                           PM_LC_TIMER：3.2_SPEC：4us/3.0_SPEC：        21   RB_LINK_TOUT_MODE
2	tmp/wch-evt/application_notes/CH32X315RM.PDF	b6a752f9e9bdbb1d1fd9c8ba62f6e52633620c06c0d21fbc450925541a0c2785	global	revision-errata	274	1	1：使能；                                        0：禁止。                                        链路进入服从性测试，用兼容性测试或物                                        理层一致性测试中断使能：        18   LINK_IE_COMPLIANCE    RW                                     0                                        1：使能；
2	tmp/wch-evt/application_notes/CH32X315RM.PDF	b6a752f9e9bdbb1d1fd9c8ba62f6e52633620c06c0d21fbc450925541a0c2785	global	revision-errata	294	1	程序存储，以 4K 字节（16 页）单位进行写保护划分；除了 “厂商配置字”区域出厂锁定，用户不可访问，其他区域在一定条件下用户可操作。 23.2 闪存编程及安全性 23.2.1 两种编程/擦除方式  标准编程：此方式是默认编程方式（兼容方式）。这种模式下 CPU 以单次 2 字节方式执行编程， 单次 4K 字节执行擦除及整片擦除操作。  快速编程：此方式采用页操作方式（推荐）。经过特定序列解锁后，执行单次 256 字节的编程、 32K 字节擦除、整片擦除。 注：FLASH 擦写相关函数，仅可放在零等待区 FLASH 中。 23.2.2 安全性-防止非法访问（读、写、擦） 
2	tmp/wch-evt/application_notes/CH32X315RM.PDF	b6a752f9e9bdbb1d1fd9c8ba62f6e52633620c06c0d21fbc450925541a0c2785	global	silicon-package-lot	13	1	ADC_CLK_SRC                                         ADC_PLL_SRC 注：上图中标蓝的部分仅适用于批号第五位大于 0 的芯片。 3.3.2 高速时钟（HSI/HSE）   HSI 是系统内部 20MHz 的 RC 振荡器产生的高速时钟信号。HSI RC 振荡器能够在不需要任何外部 器件的条件下提供系统时钟。它的启动时间很短但时钟频率精度较差。HSI 通过设置 RCC_CTLR 寄存 器中的 HSION 位被启动和关闭，HSIRDY 位指示 HSI RC 振
2	tmp/wch-evt/application_notes/CH32X315RM.PDF	b6a752f9e9bdbb1d1fd9c8ba62f6e52633620c06c0d21fbc450925541a0c2785	global	silicon-package-lot	18	1	PLLSRC[1:0]=11b                                            时此位有效。                                            （2）10b 仅适用于批号第五位大于 0 的芯片。                                            微控制器 MCO 引脚时钟输出控制：                                            00xx：没有时钟输出；                                            0100：系
2	tmp/wch-evt/application_notes/CH32xRM.PDF	b4ade26ba00e0f03ea8c13d89badf5491bcdebbfa10957c4839ecc60f34b3cad	finding	h417-lot-capability	71	1	Protection                                                        trigger                                                                         on/off                      diode    Write   Bit set/reset                      Input driver
2	tmp/wch-evt/application_notes/CH32xRM.PDF	b4ade26ba00e0f03ea8c13d89badf5491bcdebbfa10957c4839ecc60f34b3cad	finding	h417-lot-capability	72	1	Protection                                                         trigger                                                                        on/off                diode          Write   Bit set/ reset                 Input driver
2	tmp/wch-evt/application_notes/CH32xRM.PDF	b4ade26ba00e0f03ea8c13d89badf5491bcdebbfa10957c4839ecc60f34b3cad	finding	h417-lot-capability	73	2	TTL Schmitt                                                               trigger                                     Protection                                                                                                           diode          Write Bit
2	tmp/wch-evt/application_notes/CH32xRM.PDF	b4ade26ba00e0f03ea8c13d89badf5491bcdebbfa10957c4839ecc60f34b3cad	finding	h417-lot-capability	74	1	TTL Schmitt                                                               trigger                                Protection                                                                                                      diode           Write   Bit set/res
2	tmp/wch-evt/application_notes/CH32xRM.PDF	b4ade26ba00e0f03ea8c13d89badf5491bcdebbfa10957c4839ecc60f34b3cad	finding	h417-lot-capability	118	1	R                                                ETR                                                                    Trigger                                                         Polarity selection,                     ETRF                 controller
2	tmp/wch-evt/application_notes/CH32xRM.PDF	b4ade26ba00e0f03ea8c13d89badf5491bcdebbfa10957c4839ecc60f34b3cad	finding	h417-lot-capability	143	1	ETRF                                                                                                       Trigger                TRGO             ETR           Polarity selection,     ETRP                                               controller                       Edge detector and Prescal
2	tmp/wch-evt/application_notes/CH32xRM.PDF	b4ade26ba00e0f03ea8c13d89badf5491bcdebbfa10957c4839ecc60f34b3cad	finding	h417-lot-capability	210	1	CH32x103 应用手册                                 https://wch.cn                 0：关闭高速读模式。                 对于批号第五位≤5 的只支持该模式仅在时钟                 2 分频（即 CTLR1 寄存器的 BR = 000）时有效，                 其他批次不受限制，该位只写。 V2.0                 208
2	tmp/wch-evt/application_notes/CH32xRM.PDF	b4ade26ba00e0f03ea8c13d89badf5491bcdebbfa10957c4839ecc60f34b3cad	finding	iochub-identity	5	1	0x4000 6000                                                                                        USB Registers                                                                         0x4000 5C00                                                                                             I2
2	tmp/wch-evt/application_notes/CH32xRM.PDF	b4ade26ba00e0f03ea8c13d89badf5491bcdebbfa10957c4839ecc60f34b3cad	finding	iochub-identity	35	1	(polynomial: 0x4C11DB7)                             32-bit write                                                 Data register                                                 (CRC_DATAR) 5.1 主要特征                                                  32    26   23   22   16     12   11     10   8   7   5
2	tmp/wch-evt/application_notes/CH32xRM.PDF	b4ade26ba00e0f03ea8c13d89badf5491bcdebbfa10957c4839ecc60f34b3cad	finding	iochub-identity	42	4	时时间为（重装载值+1）个时钟，最 大可达 26.2s，最小可达 100us。                       图 7-1 独立看门狗的结构框图            CORE               Prescaler register   Status register     Reload register     Control register                    IWDG_PSCR       IWDG_STATR           IWDG_RLDR           IWDG_CTLR
2	tmp/wch-evt/application_notes/CH32xRM.PDF	b4ade26ba00e0f03ea8c13d89badf5491bcdebbfa10957c4839ecc60f34b3cad	finding	iochub-identity	71	3	VDD                                   register                                                        TTL Schmitt                                                                                                     Protection
2	tmp/wch-evt/application_notes/CH32xRM.PDF	b4ade26ba00e0f03ea8c13d89badf5491bcdebbfa10957c4839ecc60f34b3cad	finding	iochub-identity	72	3	Read                    Input data                                          V DD                                     register                                                          TTL Schmitt                                                                                               Protection
2	tmp/wch-evt/application_notes/CH32xRM.PDF	b4ade26ba00e0f03ea8c13d89badf5491bcdebbfa10957c4839ecc60f34b3cad	finding	iochub-identity	73	6	VDD                                        register                                                               TTL Schmitt                                                               trigger
2	tmp/wch-evt/application_notes/CH32xRM.PDF	b4ade26ba00e0f03ea8c13d89badf5491bcdebbfa10957c4839ecc60f34b3cad	finding	iochub-identity	74	3	VDD                                          register                                                               TTL Schmitt                                                               trigger                                Prot
2	tmp/wch-evt/application_notes/CH32xRM.PDF	b4ade26ba00e0f03ea8c13d89badf5491bcdebbfa10957c4839ecc60f34b3cad	finding	iochub-identity	118	9	TI1FP1                                                              Count                 REP Register                                                                                                                        Encoder
2	tmp/wch-evt/application_notes/CH32xRM.PDF	b4ade26ba00e0f03ea8c13d89badf5491bcdebbfa10957c4839ecc60f34b3cad	finding	iochub-identity	121	2	read_in_progress         Read CCR1L                                Capture/compare preload register                                       R Write CCR1L                          R                                                                                    Output
2	tmp/wch-evt/application_notes/CH32xRM.PDF	b4ade26ba00e0f03ea8c13d89badf5491bcdebbfa10957c4839ecc60f34b3cad	finding	iochub-identity	143	5	AutoReload                                                                                               U      Register         U                                                                                   Stop, clear or up/down                                                          CK_PSC
2	tmp/wch-evt/application_notes/CH32xRM.PDF	b4ade26ba00e0f03ea8c13d89badf5491bcdebbfa10957c4839ecc60f34b3cad	finding	iochub-identity	146	2	gress                            read_in_progress         Read CCR1L                            Capture/compare preload register                                         R Write CCR1L                       R                                                                                     Output
2	tmp/wch-evt/application_notes/CH32xRM.PDF	b4ade26ba00e0f03ea8c13d89badf5491bcdebbfa10957c4839ecc60f34b3cad	finding	iochub-identity	168	1	值不能修改。                            图 16-3 三角波生成 16.2.5 DAC 噪声生成器     模块内置了一个噪声生成器，是利用线性反馈移位寄存器(Linear Feedback Shift Register LFSR)产生幅度变化的伪噪声。设置 WAVE[1:0]位为‘01’选择 DAC 噪声生成功能。设置 DAC_CTLR 寄存器的 MAMPx[3:0]位来选择屏蔽部分 LFSR 的数据。     寄存器 LFSR 的预装入值为 0xAAA。按照特定算法，在每次触发事件后 3 个 PB1 时钟周期之后更 新该寄存器的值。设置 DAC_CR 寄存器的 MAMP
2	tmp/wch-evt/application_notes/CH32xRM.PDF	b4ade26ba00e0f03ea8c13d89badf5491bcdebbfa10957c4839ecc60f34b3cad	finding	iochub-identity	187	8	h.cn                                     图 18-2 I2C 功能框图                                                        Data register                       Noise        Data             SDA                                      Data shift register                       filter      control
2	tmp/wch-evt/application_notes/CH32xRM.PDF	b4ade26ba00e0f03ea8c13d89badf5491bcdebbfa10957c4839ecc60f34b3cad	finding	iochub-identity	202	1	IE  IE   IE                       AEN AEN                     Shift register        MISO                                         LSB first                  SPI_STATR                       Tx buffer                                   BSY     OVR MOD
2	tmp/wch-evt/application_notes/CH32xRM.PDF	b4ade26ba00e0f03ea8c13d89badf5491bcdebbfa10957c4839ecc60f34b3cad	finding	iochub-identity	277	1	Set FLASH_CTLR的PER bit=1                   Write the erased page header                  address in FLASH_ADDR register                     (erase 8 pages at a time)                    Set FLASH_CTLR STRT bit=1                                                    YES                           BSY
2	tmp/wch-evt/application_notes/CH32xRM.PDF	b4ade26ba00e0f03ea8c13d89badf5491bcdebbfa10957c4839ecc60f34b3cad	finding	wchnet-chip-field	5	1	0x1FFF F000                                             Reserved     0x4000 6400                                        0x8000 0000                                    Share 512 bytes                                                                                       USB/CAN SRAM
2	tmp/wch-evt/application_notes/CH32xRM.PDF	b4ade26ba00e0f03ea8c13d89badf5491bcdebbfa10957c4839ecc60f34b3cad	finding	wchnet-chip-field	6	1	(BOOT_1)    0x1FFF F000                                             Reserved                                        0x8000 0000                                       Reserved                                                                          0x4000 5C00
2	tmp/wch-evt/application_notes/CH32xRM.PDF	b4ade26ba00e0f03ea8c13d89badf5491bcdebbfa10957c4839ecc60f34b3cad	finding	wchnet-chip-field	33	1	0                                            准 RTC 时钟。RTC 时钟可以被减慢 0~121ppm。 4.3.3 侵入检测控制寄存器（BKP_TPCTLR）        偏移地址：0x30 15       14    13     12   11   10         9     8         7   6      5       4   3        2       1      0                                           Reserved
2	tmp/wch-evt/application_notes/CH32xRM.PDF	b4ade26ba00e0f03ea8c13d89badf5491bcdebbfa10957c4839ecc60f34b3cad	finding	wchnet-chip-field	56	1	0x00000000  R32_PFIC_VTFBADDRR           0xE000E044        PFIC 快速中断服务基地址寄存器                         0x80000000  R32_PFIC_CFGR                0xE000E048        PFIC 中断配置寄存器                              0x00000000  R32_PFIC_GISR                0xE000E04C        PFIC 中断全局状态寄存器
2	tmp/wch-evt/application_notes/CH32xRM.PDF	b4ade26ba00e0f03ea8c13d89badf5491bcdebbfa10957c4839ecc60f34b3cad	finding	wchnet-chip-field	64	2	0                                                 0：无影响。 9.5.2.21 PFIC 中断激活状态寄存器 1（PFIC_IACTR1）     偏移地址：0x300  31      30     29      28   27   26   25      24        23      22   21       20   19   18      17       16                                             IACTS [31:16]  15      14
2	tmp/wch-evt/application_notes/CH32xRM.PDF	b4ade26ba00e0f03ea8c13d89badf5491bcdebbfa10957c4839ecc60f34b3cad	finding	wchnet-chip-field	107	1	规则序列中的第 13 个转换通道的编号（0-17）。                                        0 12.3.10 ADC 规则通道序列寄存器 2（ADC_RSQR2）        偏移地址：0x30   31        30   29      28      27       26    25   24         23      22       21   20   19      18       17       16 Reserved                      SQ12[4:0]
2	tmp/wch-evt/application_notes/CH32xRM.PDF	b4ade26ba00e0f03ea8c13d89badf5491bcdebbfa10957c4839ecc60f34b3cad	finding	wchnet-chip-field	140	1	0xFFFF                                          新请阅读 14.2.3；ATRLR 为空时，计数器停止。 14.4.13 重复计数值寄存器（TIM1_RPTCR）        偏移地址：0x30   15        14    13    12    11   10    9    8         7   6   5    4     3    2      1        0                        Reserved                                      REP[7:0]
2	tmp/wch-evt/application_notes/CH32xRM.PDF	b4ade26ba00e0f03ea8c13d89badf5491bcdebbfa10957c4839ecc60f34b3cad	finding	wchnet-chip-field	173	1	RO        DAC 通道 1 输出数据。                                             0 16.3.8 DAC 通道 2 数据输出寄存器（DAC_DOR2）        偏移地址：0x30 31       30    29   28    27    26        25    24         23      22    21      20   19   18        17       16                                                 Reserved 15
2	tmp/wch-evt/application_notes/CH32xRM.PDF	b4ade26ba00e0f03ea8c13d89badf5491bcdebbfa10957c4839ecc60f34b3cad	finding	wchnet-chip-field	212	1	可以配置一个双向端点单缓冲属性，也可以配置一个单向端点双缓冲属性。 例如：配置双向端点单缓冲属性，端点配置寄存器 3（USBD_EPRx），EA[3:0]为 2，那么可以在 USB 传 输上存在端点 2 上传通道和端点 2 下传通道（具体由描述符信息决定）；配置单向端点双缓冲属性 （只针对批量端点和同步端点），端点配置寄存器 3（USBD_EPRx），EA[3:0]为 2，端点类型（EPTYPE） 为同步或批量端点，EP_KIND 位置 1，那么可以在 USB 传输上存在端点 2 上传通道或者端点 2 下传通 道，2 选 1，收发速度上与单缓冲相比更快，微控制器处理和 USBD 模块物理收发可以同步
2	tmp/wch-evt/application_notes/CH32xRM.PDF	b4ade26ba00e0f03ea8c13d89badf5491bcdebbfa10957c4839ecc60f34b3cad	finding	wchnet-chip-field	227	1	SBD_COUNTx_RX 映射为 USB_COUNTx_RX_1     USBD_COUNTx_RX 寄存器的高 6 位定义了接收分组缓冲区的大小，以便 USBD 模块可以检测缓冲区 的溢出边界。缓冲区的大小可以依据设备枚举过程中的端点描述符中参数 maxPacketSize 表述。                                  表 20-8 缓冲区大小定义                                                               接收缓冲区限制大小                NUM_BLOCK[4:0]
2	tmp/wch-evt/application_notes/CH32xRM.PDF	b4ade26ba00e0f03ea8c13d89badf5491bcdebbfa10957c4839ecc60f34b3cad	global	id-terms	192	1	Bus 的时钟为低超过 35mS 时，会报超时，但 I2C 无此限制； 3）SMBus 有固定的逻辑电平，而 I2C 没有，取决于 VDD； 4）SMBus 有总线协议，而 I2C 没有。     SMBus 还包括设备识别、地址解析协议、唯一的设备标识符、SMBus 提醒和各种总线协议，具体 请参考 SMBus 规范 2.0 版本。当使用 SMBus 时，只需要置控制寄存器的 SMBus 位，按需配置 SMBTYPE 位和 ENAARP 位。 18.8 中断        每个 I2C 模块都有两种中断向量，分别是事件中断和错误中断。两种中断支持图 18-4 的中断 源。
2	tmp/wch-evt/application_notes/CH32xRM.PDF	b4ade26ba00e0f03ea8c13d89badf5491bcdebbfa10957c4839ecc60f34b3cad	global	id-terms	268	3	.cn                                 第 23 章 电子签名（ESIG） 本章模块描述适用于 CH32F103 和 CH32V103 微控制器全系列产品。   电子签名包含了芯片识别信息：闪存区容量和唯一身份标识。它由厂家在出厂时烧录到存储器模 块的系统存储区域，可以通过 SWD（SDI）或者应用代码读取。 23.1 功能描述   闪存区容量：指示当前芯片用户应用程序可以使用大小。   唯一身份标识：96 位二进制码，对任意一个微控制器都是唯一的，用户只能读访问不能修改。此 唯一标识信息可以用作微控制器（产品）的安全密码、加解密钥、产品序列号等，用来提高系统安全
2	tmp/wch-evt/application_notes/CH32xRM.PDF	b4ade26ba00e0f03ea8c13d89badf5491bcdebbfa10957c4839ecc60f34b3cad	global	identity-csr	56	4	IF16 15      14    13    12   11    10      9       8          7     6         5   4     3       2       1      0 IF15 IF14 IF13 IF12 IF11 IF10         IF9      IF8        IF7   IF6   IF5     IF4   IF3    IF2     IF1    IF0        位            名称          访问                                   描述
2	tmp/wch-evt/application_notes/CH32xRM.PDF	b4ade26ba00e0f03ea8c13d89badf5491bcdebbfa10957c4839ecc60f34b3cad	global	identity-csr	79	4	29     28   27   26        25   24        23    22     21     20    19    18       17      16 CNF15[1:0] MODE15[1:0] CNF14[1:0] MODE14[1:0] CNF13[1:0] MODE13[1:0] CNF12[1:0] MODE12[1:0]  15      14    13     12   11   10        9    8         7      6      5     4     3      2       1       0 CNF11[1:
2	tmp/wch-evt/application_notes/CH32xRM.PDF	b4ade26ba00e0f03ea8c13d89badf5491bcdebbfa10957c4839ecc60f34b3cad	global	known-addresses	268	1	名称                访问地址                                  描述                      复位值  R16_ESIG_FLACAP                0x1FFFF7E0         闪存容量寄存器                                    0xXXXX  R32_ESIG_UNIID1                0x1FFFF7E8         UID 寄存器 1                             0xXXXXXXXX  R32_ESIG_UNIID2
2	tmp/wch-evt/application_notes/CH32xRM.PDF	b4ade26ba00e0f03ea8c13d89badf5491bcdebbfa10957c4839ecc60f34b3cad	global	revision-errata	1	2	○    CH32F103x 系列产品是基于 ARM Cortex-M3 内核设计的通用微控制器，与大部分 ARM 工具和软件                                       R 兼容。提供了丰富的通讯接口和控制单元，适用于大部分控制、连接、综合等嵌入式领域。    CH32V103x 系列产品中的 CH32V103R8T6/CH32V103C8T6/CH32V103C8U6/CH32V103C6T6 是基于 32 位 RISC-V 指令集（IMAC）及 RISC-V3A 青稞处理器设计的通用微控制器，挂载了丰富的外设接口和功 能模块。其
2	tmp/wch-evt/application_notes/CH32xRM.PDF	b4ade26ba00e0f03ea8c13d89badf5491bcdebbfa10957c4839ecc60f34b3cad	global	revision-errata	186	2	全系列产品。     内部集成电路总线（I2C）广泛用在微控制器和传感器及其他片外模块的通讯上，它本身支持多 主多从模式，仅仅使用两根线（SDA 和 SCL）就能以 100KHz（标准）和 400KHz（快速）两种速度通讯。 I2C 总线还兼容 SMBus 协议，不仅支持 I2C 的时序，还拥有 CRC 校验功能。 18.1 主要特征           支持主模式和从模式           支持 7 位或 10 位地址           从设备支持双 7 位地址           支持两种速度模式：100KHz 和 400KHz           多种状态模式，多种错误标志
2	tmp/wch-evt/application_notes/CH32xRM.PDF	b4ade26ba00e0f03ea8c13d89badf5491bcdebbfa10957c4839ecc60f34b3cad	global	revision-errata	192	1	固定的逻辑电平，而 I2C 没有，取决于 VDD； 4）SMBus 有总线协议，而 I2C 没有。     SMBus 还包括设备识别、地址解析协议、唯一的设备标识符、SMBus 提醒和各种总线协议，具体 请参考 SMBus 规范 2.0 版本。当使用 SMBus 时，只需要置控制寄存器的 SMBus 位，按需配置 SMBTYPE 位和 ENAARP 位。 18.8 中断        每个 I2C 模块都有两种中断向量，分别是事件中断和错误中断。两种中断支持图 18-4 的中断 源。                          图 18-8 I2C 中断请求 18.9 DMA
2	tmp/wch-evt/application_notes/CH32xRM.PDF	b4ade26ba00e0f03ea8c13d89badf5491bcdebbfa10957c4839ecc60f34b3cad	global	revision-errata	243	1	案，支持 CAN 协议 2.0A 和 2.0B。CAN 控制器可以用来构建强大的局域网来实现安全的分布 式实时控制，以较小的 CPU 负荷来处理大量的数据报文，在工业和汽车领域有着广泛的应用。 22.1 主要特性           兼容 CAN 规范 2.0A 和 2.0B           可编程的传输速率，最高可达 1Mbit/s           支持 TTCAN 协议，避免低优先级消息阻塞           支持三个发送邮箱，发送报文优先级可由报文标识符决定，也可以把发送邮箱配置成发送            FIFO，并可记录发送报文 SOF 时刻的时间戳
2	tmp/wch-evt/application_notes/CH32xRM.PDF	b4ade26ba00e0f03ea8c13d89badf5491bcdebbfa10957c4839ecc60f34b3cad	global	revision-errata	270	1	K 字节（32 页）单位进行写保护划分；除了“厂 商配置字”区域出厂锁定，用户不可访问，其他区域在一定条件下用户可操作。 24.2 闪存编程及安全性        1）2 种编程/擦除方式       标准编程：此方式是默认编程方式（兼容方式）。这种模式下 CPU 以单次 2 字节方式执行编程，        单次 1K 字节执行擦除及整片擦除操作。       快速编程：此方式采用页操作方式（推荐）。经过特定序列解锁后，执行单次 128 字节的编程及        128 字节擦除。        2）安全性-防止非法访问（读、写、擦）       页写入保护       读保护
2	tmp/wch-evt/application_notes/CH32xRM.PDF	b4ade26ba00e0f03ea8c13d89badf5491bcdebbfa10957c4839ecc60f34b3cad	global	revision-errata	274	2	上电复位时间。                                               X        6      USER         USBDPU          RO        USBD（兼容）内部上拉电阻配置。                                     X        5                   USBDMODE        RO        USBD（兼容）速度模式配置。                                       X        4
2	tmp/wch-evt/application_notes/CH32xRM.PDF	b4ade26ba00e0f03ea8c13d89badf5491bcdebbfa10957c4839ecc60f34b3cad	global	silicon-package-lot	1	1	控制器，挂载了丰富的外设接口和功 能模块。其内部组织架构满足低成本低功耗嵌入式应用场景。    本手册针对用户的应用开发，提供了 CH32F103x 系列、CH32V103x 系列产品的详细使用信息，适 用于系列中不同存储器容量、功能资源、封装的产品，若有差异将在对应的功能章节做特殊说明。 有关此系列产品的器件特性请参考以下数据手册。 CH32F103x：《CH32F103DS0》 CH32V103x：《CH32V103DS0》         ○ 有关 ARM Cortex-M3 内核的相关信息，请参考《ARM® Cortex®-M3 Processor Technical Referenc
2	tmp/wch-evt/application_notes/CH32xRM.PDF	b4ade26ba00e0f03ea8c13d89badf5491bcdebbfa10957c4839ecc60f34b3cad	global	silicon-package-lot	210	2	CH32x103 应用手册                                 https://wch.cn                 0：关闭高速读模式。                 对于批号第五位≤5 的只支持该模式仅在时钟                 2 分频（即 CTLR1 寄存器的 BR = 000）时有效，                 其他批次不受限制，该位只写。 V2.0                 208
2	tmp/wch-evt/application_notes/CH641RM.PDF	af83c6fca780cfed771de673a94dbdd2d36076af39f3722f2872d6202f58665c	finding	csr-address-meaning	42	2	RISC-V 特权架构文档中定义的标准寄存器外，还增加了一些厂商自定义寄存器，需要使 用 csr 指令进行访问。 注：此类寄存器标注为“MRW,MRO,MRW1”属性的需要系统在机器模式下才能访问。 5.5.3.1 中断系统控制寄存器（INTSYSCR）     CSR 地址：0x804 31     30     29   28     27   26   25    24        23   22    21    20    19     18      17      16                                           Reserved 15     14
2	tmp/wch-evt/application_notes/CH641RM.PDF	af83c6fca780cfed771de673a94dbdd2d36076af39f3722f2872d6202f58665c	finding	h417-lot-capability	47	1	Protection                                                            trigger                                                                             on/off                  diode        Write   Bit set/reset                      Input driver
2	tmp/wch-evt/application_notes/CH641RM.PDF	af83c6fca780cfed771de673a94dbdd2d36076af39f3722f2872d6202f58665c	finding	h417-lot-capability	48	2	Protection                                                                     trigger                                                                                    on/off                             diode               Write    Bit set/ reset
2	tmp/wch-evt/application_notes/CH641RM.PDF	af83c6fca780cfed771de673a94dbdd2d36076af39f3722f2872d6202f58665c	finding	h417-lot-capability	49	2	Protection                                                            trigger                                                                                                      diode        Write   Bit set/reset                      Input driver
2	tmp/wch-evt/application_notes/CH641RM.PDF	af83c6fca780cfed771de673a94dbdd2d36076af39f3722f2872d6202f58665c	finding	h417-lot-capability	61	7	Channel 1                                              Software Trigger                                               MEM2MEM bit                                                                                            Arbiter
2	tmp/wch-evt/application_notes/CH641RM.PDF	af83c6fca780cfed771de673a94dbdd2d36076af39f3722f2872d6202f58665c	finding	h417-lot-capability	85	1	rom RCC        TIM1_ETR                        ETR                                                                    Trigger                                  Polarity selection,                     ETRF                controller                              Edge detector and Prescaler ETRP
2	tmp/wch-evt/application_notes/CH641RM.PDF	af83c6fca780cfed771de673a94dbdd2d36076af39f3722f2872d6202f58665c	finding	h417-lot-capability	110	1	CK_TIM2 from RCC                                                                                    Trigger                                                                                   controller                       ITR0
2	tmp/wch-evt/application_notes/CH641RM.PDF	af83c6fca780cfed771de673a94dbdd2d36076af39f3722f2872d6202f58665c	finding	iochub-identity	13	1	HSI              MCO[1:0]                                                                to Flash（register）                                   HB prescaler                                   /1,/2.../256
2	tmp/wch-evt/application_notes/CH641RM.PDF	af83c6fca780cfed771de673a94dbdd2d36076af39f3722f2872d6202f58665c	finding	iochub-identity	23	2	构框图。                     图 4-1 窗口看门狗结构框图                                                        Watchdog configuration register(WWDG_CFGR)                                                             -     W6 W5 W4 W3 W2 W1 W0                                 T[6:0] ＞ W[6:0] RESET
2	tmp/wch-evt/application_notes/CH641RM.PDF	af83c6fca780cfed771de673a94dbdd2d36076af39f3722f2872d6202f58665c	finding	iochub-identity	42	1	保留。                                                0 5.5.3 专用 CSR 寄存器    RISC-V 架构中定义了一些控制和状态寄存器（Control and Status Register,CSR），用于配 置或标识或记录运行状态。CSR 寄存器属于内核内部的寄存器，使用专用的 12 位地址空间。CH641 芯片除了 RISC-V 特权架构文档中定义的标准寄存器外，还增加了一些厂商自定义寄存器，需要使 用 csr 指令进行访问。 注：此类寄存器标注为“MRW,MRO,MRW1”属性的需要系统在机器模式下才能访问。 5.5.3.1 中断系统控
2	tmp/wch-evt/application_notes/CH641RM.PDF	af83c6fca780cfed771de673a94dbdd2d36076af39f3722f2872d6202f58665c	finding	iochub-identity	47	3	VDD (1)                                       register                                                            TTL Schmitt                                                                                                     Protecti
2	tmp/wch-evt/application_notes/CH641RM.PDF	af83c6fca780cfed771de673a94dbdd2d36076af39f3722f2872d6202f58665c	finding	iochub-identity	48	6	VDD                                               register                                                                      TTL Schmitt
2	tmp/wch-evt/application_notes/CH641RM.PDF	af83c6fca780cfed771de673a94dbdd2d36076af39f3722f2872d6202f58665c	finding	iochub-identity	49	6	VDD                                       register                                                            TTL Schmitt                                                                                                      Protect
2	tmp/wch-evt/application_notes/CH641RM.PDF	af83c6fca780cfed771de673a94dbdd2d36076af39f3722f2872d6202f58665c	finding	iochub-identity	68	2	EOC=1                                                                             register( 16 bits)                                                                                                                          End of Injection conversion
2	tmp/wch-evt/application_notes/CH641RM.PDF	af83c6fca780cfed771de673a94dbdd2d36076af39f3722f2872d6202f58665c	finding	iochub-identity	85	6	TI1FP1                                                             Count             REP Register                                                                                                Encoder
2	tmp/wch-evt/application_notes/CH641RM.PDF	af83c6fca780cfed771de673a94dbdd2d36076af39f3722f2872d6202f58665c	finding	iochub-identity	88	2	s                              read_in_progress        Read CCR1L                               Capture/compare preload register                                       R Write CCR1L                          R                                                                                  Output
2	tmp/wch-evt/application_notes/CH641RM.PDF	af83c6fca780cfed771de673a94dbdd2d36076af39f3722f2872d6202f58665c	finding	iochub-identity	110	5	TIM2_CH1N                                                                                                   U      Register                                                                                           HSCK_MODE
2	tmp/wch-evt/application_notes/CH641RM.PDF	af83c6fca780cfed771de673a94dbdd2d36076af39f3722f2872d6202f58665c	finding	iochub-identity	113	2	gress                            read_in_progress         Read CCR1L                            Capture/compare preload register                                        R Write CCR1L                       R                                                                                    Output
2	tmp/wch-evt/application_notes/CH641RM.PDF	af83c6fca780cfed771de673a94dbdd2d36076af39f3722f2872d6202f58665c	finding	iochub-identity	127	5	Read                                                      (CPU or DMA)             (DATA REGISTER) DATAR                 (CPU or DMA)                                                           Transmit Data Register                     Receive Data Register
2	tmp/wch-evt/application_notes/CH641RM.PDF	af83c6fca780cfed771de673a94dbdd2d36076af39f3722f2872d6202f58665c	finding	iochub-identity	136	8	https://wch.cn                             图 12-2 I2C 功能框图                                                Data register              Noise        Data        SDA                                  Data shift register              filter      control                                       Comparato
2	tmp/wch-evt/application_notes/CH641RM.PDF	af83c6fca780cfed771de673a94dbdd2d36076af39f3722f2872d6202f58665c	finding	iochub-identity	137	6	ated when ITEVFEN=1)         EVT1;ADDR=1,read SR1 then read SR2 will eliminate the event.         EVT3_1: TxE=1, shift register empty, data register empty, write DR.         EVT3: TxE=1,shift register is not empty,data register is empty,writing DR will clear the event.         EVT3_2: AF=1, write '0' in AF
2	tmp/wch-evt/application_notes/CH641RM.PDF	af83c6fca780cfed771de673a94dbdd2d36076af39f3722f2872d6202f58665c	finding	iochub-identity	155	1	Set FLASH_CTLR的PER bit=1                     Write the erased page header                    address in FLASH_ADDR register                       (erase 8 pages at a time)                      Set FLASH_CTLR STRT bit=1                                                      YES
2	tmp/wch-evt/application_notes/CH641RM.PDF	af83c6fca780cfed771de673a94dbdd2d36076af39f3722f2872d6202f58665c	finding	wchnet-chip-field	40	2	0                                                   0：无影响。 5.5.2.19 PFIC 中断激活状态寄存器 1（PFIC_IACTR1）     偏移地址：0x300  31      30     29      28   27      26   25     24        23   22   21   20    19    18      17       16                                                IACTS [31:16]  15      14
2	tmp/wch-evt/application_notes/CH641RM.PDF	af83c6fca780cfed771de673a94dbdd2d36076af39f3722f2872d6202f58665c	finding	wchnet-chip-field	42	1	存器外，还增加了一些厂商自定义寄存器，需要使 用 csr 指令进行访问。 注：此类寄存器标注为“MRW,MRO,MRW1”属性的需要系统在机器模式下才能访问。 5.5.3.1 中断系统控制寄存器（INTSYSCR）     CSR 地址：0x804 31     30     29   28     27   26   25    24        23   22    21    20    19     18      17      16                                           Reserved 15     14     13   12
2	tmp/wch-evt/application_notes/CH641RM.PDF	af83c6fca780cfed771de673a94dbdd2d36076af39f3722f2872d6202f58665c	finding	wchnet-chip-field	43	1	0                                                      1：硬件压栈功能使能。 5.5.3.2 异常入口基地址寄存器（MTVEC）     CSR 地址：0x305 31      30    29     28    27     26        25     24        23    22        21        20     19 18          17       16                                                  BASEADDR
2	tmp/wch-evt/application_notes/CH641RM.PDF	af83c6fca780cfed771de673a94dbdd2d36076af39f3722f2872d6202f58665c	finding	wchnet-chip-field	80	1	规则序列中的第 13 个转换通道的编号（0-15）。                                       0 8.3.10 ADC 规则通道序列寄存器 2（ADC_RSQR2）        偏移地址：0x30   31        30   29     28      27       26   25    24        23      22       21   20   19      18       17       16 Reserved                     SQ12[4:0]
2	tmp/wch-evt/application_notes/CH641RM.PDF	af83c6fca780cfed771de673a94dbdd2d36076af39f3722f2872d6202f58665c	finding	wchnet-chip-field	106	1	FFFFh                                       新见 9.2.3 章节；ATRLR 为空时，计数器停止。 9.4.13 重复计数值寄存器（TIM1_RPTCR）        偏移地址：0x30  15     14    13   12      11   10    9     8         7   6   5     4     3     2       1        0                    Reserved                                        RPTCR[7:0]
2	tmp/wch-evt/application_notes/CH641RM.PDF	af83c6fca780cfed771de673a94dbdd2d36076af39f3722f2872d6202f58665c	global	id-terms	146	3	https://wch.cn                              第 13 章 电子签名（ESIG）   电子签名包含了芯片识别信息：闪存区容量和唯一身份标识。它由厂家在出厂时烧录到存储器 模块的系统存储区域，可以通过 SWD（SDI）或者应用代码读取。 13.1 功能描述   闪存区容量：指示当前芯片用户应用程序可以使用大小。   唯一身份标识：96 位二进制码，对任意一个微控制器都是唯一的，用户只能读访问不能修改。 此唯一标识信息可以用作微控制器（产品）的安全密码、加解密钥、产品序列号等，用来提高系统 安
2	tmp/wch-evt/application_notes/CH641RM.PDF	af83c6fca780cfed771de673a94dbdd2d36076af39f3722f2872d6202f58665c	global	identity-csr	31	4	F16  15      14    13       12   11   10         9     8          7     6     5     4     3      2       1      0 IF15 IF14 IF13 IF12 IF11 IF10               IF9   IF8        IF7   IF6   IF5   IF4   IF3    IF2     IF1    IF0        位                名称         访问                                   描述
2	tmp/wch-evt/application_notes/CH641RM.PDF	af83c6fca780cfed771de673a94dbdd2d36076af39f3722f2872d6202f58665c	global	identity-csr	53	4	MODE15                     MODE14                    MODE13                    MODE12 CNF15[1:0]                 CNF14[1:0]                 CNF13[1:0]               CNF12[1:0]                 [1:0]                      [1:0]                     [1:0]                     [1:0]  15      14    13
2	tmp/wch-evt/application_notes/CH641RM.PDF	af83c6fca780cfed771de673a94dbdd2d36076af39f3722f2872d6202f58665c	global	known-addresses	146	1	名称                  访问地址                                  描述                    复位值 R16_ESIG_FLACAP                 0x1FFFF7E0         闪存容量寄存器                                   0xXXXX R32_ESIG_UNIID1                 0x1FFFF7E8         UID 寄存器 1                               0xXXXXXXXX R32_ESIG_UNIID2
2	tmp/wch-evt/application_notes/CH641RM.PDF	af83c6fca780cfed771de673a94dbdd2d36076af39f3722f2872d6202f58665c	global	revision-errata	1	2	产品，若有差异将在对应的功能章节做特殊说明。 有关此产品的器件特性请参考数据手册《CH641DS0》。 有关内核的相关信息，可参考 QingKeV2 微处理手册《QingKeV2_Processor_Manual》。 RISC-V 内核版本概览      特点              硬件   中断   快速                                                            扩展    调试 内核          指令集      堆栈   嵌套   中断        流水线    向量表模式
2	tmp/wch-evt/application_notes/CH641RM.PDF	af83c6fca780cfed771de673a94dbdd2d36076af39f3722f2872d6202f58665c	global	revision-errata	61	1	Channel 5                                                                                          Fixed hardware                                              Software Trigger                                priority                                               MEM2MEM bit
2	tmp/wch-evt/application_notes/CH641RM.PDF	af83c6fca780cfed771de673a94dbdd2d36076af39f3722f2872d6202f58665c	global	revision-errata	148	1	以 1K 字节（16 页）单位进行写保护划分；      除了“厂商配置字”区域出厂锁定，用户不可访问，其他区域在一定条件下用户可操作。 14.2 闪存编程及安全性 14.2.1 两种编程/擦除方式  标准编程：此方式是默认编程方式（兼容方式）。这种模式下 CPU 以单次 2 字节方式执行编程， 单次 1K 字节执行擦除及整片擦除操作。  快速编程：此方式采用页操作方式（推荐）。经过特定序列解锁后，执行单次 64 字节的编程及 64 字节擦除、1K 字节擦除（标准 1K 整片擦除同样适用于快速编程）。 14.2.2 安全性-防止非法访问（读、写、擦）       页写入保护 
2	tmp/wch-evt/application_notes/CH641RM.PDF	af83c6fca780cfed771de673a94dbdd2d36076af39f3722f2872d6202f58665c	global	silicon-package-lot	1	1	BC1.2 等多种充电协议，提供了模数转换 ADC、定时器、串口、I2C 等外设资源，提供过压保护和过 温保护等。     本手册针对用户的应用开发，提供了 CH641 系列微控制器的详细使用信息，适用于系列中不同 存储器容量、功能资源、封装的产品，若有差异将在对应的功能章节做特殊说明。 有关此产品的器件特性请参考数据手册《CH641DS0》。 有关内核的相关信息，可参考 QingKeV2 微处理手册《QingKeV2_Processor_Manual》。 RISC-V 内核版本概览      特点              硬件   中断   快速
2	tmp/wch-evt/application_notes/WCH_TouchApplicationGuide.PDF	38ebe89c93b5a0aae64d83e5aef8607dcf7386edecfc725f46404938498c78aa	global	revision-errata	4	2	第 3 章 触摸应用开发 3.1 开发套件 3.1.1 开发套件简介     官方触摸开发套件由核心板和触摸功能扩展板组成。     核心板分为通用 MCU 系列和低功耗蓝牙系列两大类，其中通用 MCU 系列核心板兼容芯片型号为： CH32V00X、CH32L103、CH32V20X、CH32V30X；低功耗蓝牙系列核心板兼容芯片型号：CH58X 系列和 CH59X 系列。     扩展板目前有 EX001 和 EX002 两种型号。其中 EX001 为触摸应用的综合演示，包括触摸滑条、触 摸滑环、触摸按键和隔空感应四种触摸应用；EX002 为 8 个触摸按键。
2	tmp/wch-evt/application_notes/WCH_TouchApplicationGuide.PDF	38ebe89c93b5a0aae64d83e5aef8607dcf7386edecfc725f46404938498c78aa	global	revision-errata	11	1	WCH 触摸应用指南                           https://wch.cn                       第 5 章 修改记录   版本        日期                 说明   V1.0   2025.02.12           初版发行 V1.0                     11
2	tmp/wch-evt/application_notes/WCH_TouchApplicationGuide.PDF	38ebe89c93b5a0aae64d83e5aef8607dcf7386edecfc725f46404938498c78aa	global	silicon-package-lot	10	1	空气               1200-2800        10  木制               3900             3  普通玻璃             7900             1.5  玻璃—硼硅酸盐          13000            0.9  亚克力              13000            0.9  ABS              16000            0.8  聚碳酸酯（PC）         16000            0.8 V1.0
2	tmp/wch-evt/evt/QingkeV2A_CH32V003_EVT/EXAM/FLASH/BootAsUser/BOOT«¯”Ú◊˜Œ™”√ªß«¯ π”√Àµ√˜.pdf	d0f94305e9e3fba25c38f7c457145662810b7c05aaa9bf9e1fd57def63e178bc	global	revision-errata	1	1	BOOT 区域作为用户区使用说明                           https://wch.cn                BOOT 区域作为用户区使用说明                        版本：V1.3                       https://wch.cn 一、      使用场景 1. 当用户代码量过大时，可以通过该功能，将芯片 BOOT 区用于存放部分用户 代码。 2. 适用芯片：CH32V003、CH641、CH32V002/4/5/6/7 二、      使用方法 方法一：直接替换官方 EVT 例程的 LD 链接
2	tmp/wch-evt/evt/QingkeV2A_CH32V003_EVT/EXAM/FLASH/BootAsUser/BOOT«¯”Ú◊˜Œ™”√ªß«¯ π”√Àµ√˜.pdf	d0f94305e9e3fba25c38f7c457145662810b7c05aaa9bf9e1fd57def63e178bc	global	revision-errata	3	1	都 会增加固定的跳转时间，因此在使用该功能时，应当避免将频繁调用的函数放 在 BOOT 中，而 BOOT 中适宜存放一次性执行的初始化函数等。 四、       下载方式        使用最新的 WCH-Link Utility 工具，版本号大于 1.8，并且想要将 BOOT 区域作为用户区使用需要将程序下载地址设置为 0x1ffff000(新增内存段 BFLASH 首地址)。以 CH641 为例下载工具如下图所示，在下载前设置下载地址 为 0x1ffff000。 V1.3                       3
2	tmp/wch-evt/evt/QingkeV2A_CH32V003_EVT/EXAM/USART_IAP/CH32V003_IAP π”√Àµ√˜.pdf	ab08fe3e2195cb74cff9d76afdadde890f1f3ba9269606cc27aa6ac650897af6	global	revision-errata	1	2	https://wch.cn                        CH32V003_IAP 使用说明                                版本：V1.1                                  https://wch.cn 1． 将 IAP 程序通过 WCH-LinkUtility 下载到 0x1FFFF000；芯片重新上电。 2． 生成.hex 或者.bin 文件。软件版本 (V1.50)同时支持.hex 和.bin 下载文件方式。 3． 用 IAP 下
2	tmp/wch-evt/evt/QingkeV2A_CH32V003_EVT/PUB/CH32V00x Evaluation Board Reference-EN.pdf	c565840f62a98b79c34726c2a02b2a88b2202983faef184713fbbc5876606d6d	finding	iochub-identity	2	1	utton, used for external manual reset of the master MCU, need to configure the     RST_MODE bit of the user select word register as non-11b to turn on the reset function. 6. LED: LEDs are connected to the main chip I/O port via LED row pins (P4) 7. DEBUG interface: for downloading, simulation debugging, sin
2	tmp/wch-evt/evt/QingkeV2A_CH32V003_EVT/PUB/CH32V00x Evaluation Board Reference-EN.pdf	c565840f62a98b79c34726c2a02b2a88b2202983faef184713fbbc5876606d6d	finding	iochub-identity	6	2	.com Fill in the variable name, or just click OK to add the variable you just selected to the pop-up. 5) Peripheral registers In the lower left corner of IDE interface Peripherals interface shows a list of peripherals, tick the peripherals will display its specific register name, address, value in the M
2	tmp/wch-evt/evt/QingkeV2A_CH32V003_EVT/PUB/CH32V00x Evaluation Board Reference-EN.pdf	c565840f62a98b79c34726c2a02b2a88b2202983faef184713fbbc5876606d6d	global	silicon-package-lot	2	1	as ordinary I/O, you need to     weld their own, while the need to remove Y1, C7, C8. 3. Software Development 3.1 EVT package directory structure Description PUB folder: Provides evaluation board manuals, evaluation board schematics. EXAM folder: Provides software development drivers and correspondin
2	tmp/wch-evt/evt/QingkeV2A_CH32V003_EVT/PUB/CH32V00x∆¿π¿∞ÂÀµ√˜ È.pdf	9929232c12a338f7f212aa22859ce02ebeba0bc08e279c2e3f62fe3163e8f176	finding	h417-lot-capability	3	4	跳入：每点一次按键，程序运行一步，遇到函数进入并执行。     (5)单步跳过：跳出该函数，准备下一条语句。     (6)单步返回：返回所跳入的函数     指令集单步模式：点击进入指令集调试（需与 4、5、6 功能配合使用）。 2）设置断点     双击代码左侧可设置断点，再次双击取消断点，设置断点如下图所示; V1.3                                 3
2	tmp/wch-evt/evt/QingkeV2A_CH32V003_EVT/PUB/CH32V00x∆¿π¿∞ÂÀµ√˜ È.pdf	9929232c12a338f7f212aa22859ce02ebeba0bc08e279c2e3f62fe3163e8f176	global	id-terms	1	1	板说明及应用参考                                版本：V1.3                               https://wch.cn 一、概述     本评估板应用于 CH32V00x 芯片的开发，IDE 使用 MounRiver 编译器，可选择使用板载或独立的 WCH-Link 进行仿真和下载，并提供了芯片资源相关的应用参考示例及演示。 二、评估板硬件   评估板的原理图请参考 CH32V00xSCH.pdf 文档 CH32V003 评估板\CH32V003Evaluation 模块说明\Description  1.MCU
2	tmp/wch-evt/evt/QingkeV2A_CH32V003_EVT/PUB/CH32V00x∆¿π¿∞ÂÀµ√˜ È.pdf	9929232c12a338f7f212aa22859ce02ebeba0bc08e279c2e3f62fe3163e8f176	global	revision-errata	1	1	https://wch.cn            CH32V00x 评估板说明及应用参考                                版本：V1.3                               https://wch.cn 一、概述     本评估板应用于 CH32V00x 芯片的开发，IDE 使用 MounRiver 编译器，可选择使用板载或独立的 WCH-Link 进行仿真和下载，并提供了芯片资源相关的应用参考示例及演示。 二、评估板硬件   评估板的原理图请参考 C
2	tmp/wch-evt/evt/QingkeV2C_CH32V006_EVT/EXAM/APPLICATION/Motor/Electric_Fan/DOC_SCH_PCB/CH32M007À´µÁ◊ËFOC∆¿π¿∞Â”≤º˛Àµ√˜.pdf	7b7878d7b889e753201e0a2c0c47ac1f01fbf9fba1d4c37a05a2a7b52fd735cb	global	revision-errata	1	1	C 评估板硬件说明                                https://wch.cn        CH32M007 双电阻 FOC 评估板硬件说明                             版本：V1.0                            https://wch.cn 一、功能描述     本评估板应用于 CH32M007 系列 MCU 双电阻 FOC 通用方案评估，IDE 使用 MounRiver 编 译器，使用独立的 WCH-Link 进行下载，并提供了运行演示，本评估板可用于中低速双电阻 FOC 三相无刷电机的应用评估。
2	tmp/wch-evt/evt/QingkeV2C_CH32V006_EVT/EXAM/APPLICATION/Motor/Electric_Fan/DOC_SCH_PCB/CH32M007À´µÁ◊ËFOC∆¿π¿∞Â”≤º˛Àµ√˜.pdf	7b7878d7b889e753201e0a2c0c47ac1f01fbf9fba1d4c37a05a2a7b52fd735cb	global	revision-errata	2	1	48M 系统主频和单线调试。     如上图 2 中，母线电源 Vin 直接接入 MCU 的 HV 引脚，通过 R1 接入 LDO 输入脚后得到 MCU 供电电压 VDD，标准值为 5V，R1 需根据实际流过电流值调整封装或阻值。C4 为版本兼 容所留，可去。C10&C6 均需紧靠电源引脚，其中小电容 C10 的位置应该更接近电源引脚。 需要注意 C7 和 C5 的耐压值与 Vin 值相匹配。 2.3、逆变电路 V1.0                       2
2	tmp/wch-evt/evt/QingkeV2C_CH32V006_EVT/EXAM/APPLICATION/Motor/Electric_Fan/DOC_SCH_PCB/CH32M007À´µÁ◊ËFOC∆¿π¿∞Â”≤º˛Àµ√˜.pdf	7b7878d7b889e753201e0a2c0c47ac1f01fbf9fba1d4c37a05a2a7b52fd735cb	global	silicon-package-lot	2	1	电机相关资源， 支持 48M 系统主频和单线调试。     如上图 2 中，母线电源 Vin 直接接入 MCU 的 HV 引脚，通过 R1 接入 LDO 输入脚后得到 MCU 供电电压 VDD，标准值为 5V，R1 需根据实际流过电流值调整封装或阻值。C4 为版本兼 容所留，可去。C10&C6 均需紧靠电源引脚，其中小电容 C10 的位置应该更接近电源引脚。 需要注意 C7 和 C5 的耐压值与 Vin 值相匹配。 2.3、逆变电路 V1.0                       2
2	tmp/wch-evt/evt/QingkeV2C_CH32V006_EVT/EXAM/APPLICATION/Motor/Electric_Fan/DOC_SCH_PCB/PMSM_M007R_Fan.pdf	dfa7c38bcb252af760873778976c3cee96985afa889559f1596c89a80b678f3c	global	revision-errata	1	2	GND      2PIP302      C4为版本兼容所留，可去
2	tmp/wch-evt/evt/QingkeV2C_CH32V006_EVT/EXAM/APPLICATION/Motor/Electric_Fan/DOC_SCH_PCB/PMSM_M007R_Fan.pdf	dfa7c38bcb252af760873778976c3cee96985afa889559f1596c89a80b678f3c	global	silicon-package-lot	1	2	根据实际电流选取电阻阻值和封装
2	tmp/wch-evt/evt/QingkeV2C_CH32V006_EVT/EXAM/APPLICATION/Motor/Electric_Fan/DOC_SCH_PCB/PMSM_M007U_Fan.pdf	f75b4d5cd0f31209d2a8aacb6f347ef9ad46f1167aceff5e7278152ea1962319	global	revision-errata	1	2	100pF PIC302     C4为版本兼容所留，可去
2	tmp/wch-evt/evt/QingkeV2C_CH32V006_EVT/EXAM/APPLICATION/Motor/Electric_Fan/DOC_SCH_PCB/PMSM_M007U_Fan.pdf	f75b4d5cd0f31209d2a8aacb6f347ef9ad46f1167aceff5e7278152ea1962319	global	silicon-package-lot	1	2	根据实际电流选取电阻阻值和封装
2	tmp/wch-evt/evt/QingkeV2C_CH32V006_EVT/EXAM/APPLICATION/Motor/Voilent_Fan/DOC_SCH_PCB/CH32M007µ•µÁ◊ËBLDC∆¿π¿∞Â”≤º˛Àµ√˜.pdf	1fbfd86bb4ae445b0fe6a0f178ecb3be6c4f8309d19530ec34631266f289946a	global	revision-errata	1	1	DC 评估板硬件说明                             https://wch.cn        CH32M007 单电阻 BLDC 评估板硬件说明                              版本：V1.0                             https://wch.cn 一、功能描述   本评估板应用于 CH32M007 系列 MCU 单电阻和 BLDC 方案评估，IDE 使用 MounRiver 编译 器，使用独立的 WCH-Link 进行下载，并提供了运行演示，本评估板可用于中低速单电阻 FOC 和高速 BLDC 的应用评
2	tmp/wch-evt/evt/QingkeV2C_CH32V006_EVT/EXAM/APPLICATION/Motor/Voilent_Fan/DOC_SCH_PCB/CH32M007µ•µÁ◊ËBLDC∆¿π¿∞Â”≤º˛Àµ√˜.pdf	1fbfd86bb4ae445b0fe6a0f178ecb3be6c4f8309d19530ec34631266f289946a	global	revision-errata	5	1	2.7、SWD 接口                         图 8 SWD 接口   如图 8，可用于仿真调试和下载的 SWD 接口。该型号 MCU 支持单线仿真下载(如上图)， 在该 DEMO 中，SWIO 接口同时也兼容外部串口指令接收口。 V1.0                        5
2	tmp/wch-evt/evt/QingkeV2C_CH32V006_EVT/EXAM/APPLICATION/Motor/Voilent_Fan/DOC_SCH_PCB/CH32M007µ•µÁ◊ËBLDC∆¿π¿∞Â”≤º˛Àµ√˜.pdf	1fbfd86bb4ae445b0fe6a0f178ecb3be6c4f8309d19530ec34631266f289946a	global	silicon-package-lot	2	1	资源，支持 48M 系统主频和单线调试。     如上图 2 中，母线电源 Vbus 直接接入 MCU 的 HV 引脚，通过 R12 接入内部 LDO 输入脚 后得到 MCU 供电电压 VDD，标准值为 5V，R1 需根据实际流过电流值调整封装或阻值。C9&C10 均需紧靠电源引脚，其中小电容 C9 的位置应该更接近电源引脚。需要注意 C6 和 C8 的耐压 值与 Vbus 值相匹配。 2.3、逆变电路 V1.0                        2
2	tmp/wch-evt/evt/QingkeV2C_CH32V006_EVT/EXAM/APPLICATION/Motor/Voilent_Fan/DOC_SCH_PCB/LV_hairDrier.pdf	951e89a317fd38eec475c2e4c3d883c86a5355097550fa9a067ada84664227d9	global	silicon-package-lot	1	3	根据实际电流选取电阻阻值和封装                                                                                                                                                     C
2	tmp/wch-evt/evt/QingkeV2C_CH32V006_EVT/EXAM/FLASH/BootAsUser/BOOT«¯”Ú◊˜Œ™”√ªß«¯ π”√Àµ√˜.pdf	ff1657e67e091473fa35adf1c629acd46f88bac5e11fe75df8cd121723f88d5b	global	revision-errata	1	1	BOOT 区域作为用户区使用说明                           https://wch.cn                BOOT 区域作为用户区使用说明                        版本：V1.1                       https://wch.cn 一、      使用场景 1. 当用户代码量过大时，可以通过该功能，将芯片 BOOT 区用于存放部分用户 代码。 2. 适用芯片：CH32V003、CH641、CH32V002/4/5/6/7 二、      使用方法 方法一：直接替换官方 EVT 例程的 LD 链接
2	tmp/wch-evt/evt/QingkeV2C_CH32V006_EVT/EXAM/FLASH/BootAsUser/BOOT«¯”Ú◊˜Œ™”√ªß«¯ π”√Àµ√˜.pdf	ff1657e67e091473fa35adf1c629acd46f88bac5e11fe75df8cd121723f88d5b	global	revision-errata	3	1	都 会增加固定的跳转时间，因此在使用该功能时，应当避免将频繁调用的函数放 在 BOOT 中，而 BOOT 中适宜存放一次性执行的初始化函数等。 四、       下载方式        使用最新的 WCH-Link Utility 工具，版本号大于 1.8，并且想要将 BOOT 区域作为用户区使用需要将程序下载地址设置为 0x1fff0000(新增内存段 BFLASH 首地址)。以 CH32V006 系列芯片为例，下载工具如下图所示，在下载前 设置下载地址为 0x1fff0000。 V1.1                       3
2	tmp/wch-evt/evt/QingkeV2C_CH32V006_EVT/EXAM/IAP/USB_UART/CH32V205_IAP π”√Àµ√˜.pdf	63f10c5a8d1c0ac2d213b858c4f4aa182fbb5f364e1c1744f9f3e7d7f5c9f39b	global	revision-errata	1	1	CH32V205_IAP 使用说明 1． 将 IAP 下载到 CH32V205 2． App 工程    修改 LD 起始地址从 0x00005000 开始，可根据需求修改。 3． 生成.hex 或者.bin 文件。软件版本 (V1.50)同时支持.hex 和.bin 下载文件方式。 4． 用 IAP 下载工具下载。当前芯片支持两种跳转模式以及两种下载模式（USB\UART）    跳转方式 1：下载成功后自动跳转到 APP 运行，并且可以在 APP 程序中通过指令跳转到    IAP，等待再下载。    跳转方式 2：GPIO 引脚（PA0 默认上拉输入） ，下载 A
2	tmp/wch-evt/evt/QingkeV2C_CH32V006_EVT/EXAM/PIOC/Tool_Manual/Manual/CHRISC8B.PDF	38231bec89ea50abb7273c76f8d84adfdd0557829628ece8be8bf752e78281f5	finding	iochub-identity	6	5	WCH-RISC8B 内核指令集与汇编工具                  6                           http://wch.cn 接读写寄存器的指令：MOV register,A 或 F 指令，MOVA register 指令。需要寻址更大范围时应该采用间 接寻址方式。   例： MOVA 0x167   ;[0x167]=A,将 A 中数据写入地址为 0x167 的寄存器,建议用标号代替      MOV 0x289, A ;A=[0x289],读取地址为 0x289 的寄存器中的数据到 A 中,建议用标号代替 5.3. 普
2	tmp/wch-evt/evt/QingkeV2C_CH32V006_EVT/EXAM/PIOC/Tool_Manual/Manual/CHRISC8B.PDF	38231bec89ea50abb7273c76f8d84adfdd0557829628ece8be8bf752e78281f5	finding	iochub-identity	9	2	址 0x15        WAIT:   BTSC PORTA, PA2   ;skip if PA2=0                JMP WAIT                BC    3, 0        ;status register, C=0, 建议用标号代替寄存器地址 3                MOV PORTA, A      ;从 A 端口读取数据到 A 中                PUSHAS            ;save A and status register to stack 6.6. 伪指令 6.6.1. 标号赋值伪指令 EQU     EQU 用
2	tmp/wch-evt/evt/QingkeV2C_CH32V006_EVT/EXAM/PIOC/Tool_Manual/Manual/CHRISC8B.PDF	38231bec89ea50abb7273c76f8d84adfdd0557829628ece8be8bf752e78281f5	finding	wchnet-chip-field	8	1	行语句，多于 9999 行的源程序可以分成多个包含文件。   例： PORTA        EQU 0x05          ;port A         PA2       EQU 2                   ORG 0x80         START:    CLR 0x0B          ;建议用标号代替寄存器地址 0x0B                   MOVL B’11111011’                                           8
2	tmp/wch-evt/evt/QingkeV2C_CH32V006_EVT/EXAM/PIOC/Tool_Manual/Manual/CHRISC8B.PDF	38231bec89ea50abb7273c76f8d84adfdd0557829628ece8be8bf752e78281f5	global	revision-errata	1	1	http://wch.cn                      RISC8B 内核单片机指令集与汇编工具                                        版本：2B 1. 概述   WCH-RISC8B 是 8 位数据宽度的精简指令集单片机内核，RISC8B 基于 RISC8A 新增了一些位传送指令。 所有指令宽度均为 16 位，指令由操作码和操作数组成。RISC8B 共有 66 条指令，根据操作对象分为：控制 类，面向字节操作类，常数操作类，面向位操作类，转移类。 2. 指令集      f 代表 SF
2	tmp/wch-evt/evt/QingkeV2C_CH32V006_EVT/EXAM/PIOC/Tool_Manual/Manual/CHRISC8B.PDF	38231bec89ea50abb7273c76f8d84adfdd0557829628ece8be8bf752e78281f5	global	revision-errata	10	1	可以提供以下编程范例：32 位数据的加减算法程序，单字节常数查表程序，双字节常数查表程序，延 时子程序，串口和 SPI 操作程序，读写 24CXX 系列 EEPROM 和 25FXX 系列 FLASH 的程序，USB 产品的基本框 架程序，兼容 CH341 芯片的 USB 转串口程序。 8.6. 如果程序 ROM 为 OTP 工艺，那么建议预留空操作指令     OTP 工艺 ROM 原则上只能烧录一次，ROM 数据位空白时为 0，烧录后可能置 1。在调试过程中，为便于 再次修改局部代码，可以临时选择不加读保护就允许再次烧录，为 0 的 ROM 数据位可以再烧录为 1，数据 位 1 仍保持 1。
2	tmp/wch-evt/evt/QingkeV2C_CH32V006_EVT/EXAM/PIOC/Tool_Manual/Manual/PIOC.PDF	61e543eb2dcdf538deaabf40afccae53fbd8166bb2b64890112bd885da0ede43	finding	iochub-identity	2	5	个数据读写端口组成。先向地址寄存器写入目的寄 存器的地址，再通过读写数据读写端口就可以读写目的寄存器。   扩展直接寻址的寻址范围是 0x000-0x1FF，由指令直接提供 9 位寄存器地址，仅适用于以下两条 直接读写寄存器的指令：MOV register,A 或 F 指令，MOVA register 指令。   普通直接寻址的寻址范围是 0x000-0x0FF，由指令直接提供 8 位寄存器地址，适用于除上述扩展 直接寻址指令之外的所有直接地址指令，例如 CLR register、ADD register、BS register,bit 等。 需要寻址更大范围时应该采用间接寻址方式。   立即数快速寻址用于无
2	tmp/wch-evt/evt/QingkeV2C_CH32V006_EVT/EXAM/PIOC/Tool_Manual/Manual/PIOC.PDF	61e543eb2dcdf538deaabf40afccae53fbd8166bb2b64890112bd885da0ede43	global	revision-errata	1	1	://wch.cn                    可编程协议 I/O 微控制器 PIOC                                   手册                                 版本： 1                               http://wch.cn 1、概述   部分 WCH 芯片内嵌了一个可编程协议 I/O 微控制器 PIOC，即 eMCU，该 eMCU 基于单时钟周期的精 简指令集 RISC8B 内核，运行于系统主频，具有 2K 指令的程序 ROM 和 49 个 SFR 寄存器及 PWM 定时/ 计数器
2	tmp/wch-evt/evt/QingkeV2C_CH32V006_EVT/EXAM/PIOC/Tool_Manual/Manual/PIOC π”√Àµ√˜.pdf	a1b0149616442cfadc84bb6d957459e45099dfc23b618f3bc9c3413b846b8c7b	global	id-terms	1	1	PIOC 使用说明                               版本：V1.0                              https://wch.cn 一、概述   以 CH32V205 芯片为例，IDE 使用 MounRiver 编译器，可选择使用板载或独立的 WCH-Link 进行仿 真和下载，并提供了 PIOC 模拟 1_Wire 的应用参考示例。 二、使用下载流程 1、打开 PIOC\PIOC_1_Wire\Asm\RGB1W.ASM 汇编源文件，进行修改并保存。 2、双击 RGB1W.BAT 脚本进行编译。 3、打开 RGB
2	tmp/wch-evt/evt/QingkeV2C_CH32V006_EVT/EXAM/PIOC/Tool_Manual/Manual/PIOC π”√Àµ√˜.pdf	a1b0149616442cfadc84bb6d957459e45099dfc23b618f3bc9c3413b846b8c7b	global	revision-errata	1	1	https://wch.cn                            PIOC 使用说明                               版本：V1.0                              https://wch.cn 一、概述   以 CH32V205 芯片为例，IDE 使用 MounRiver 编译器，可选择使用板载或独立的 WCH-Link 进行仿 真和下载，并提供了 PIOC 模拟 1_Wire 的应用参考示例。 二、使用下载流程 1、打开 PIOC\PI
2	tmp/wch-evt/evt/QingkeV2C_CH32V006_EVT/EXAM/TOUCHKEY/DOC_SCH_PCB/WCH_touchkey_liteø‚ π”√Àµ√˜.pdf	1d55728072da8f8644b808f372d091ee0fac8c51218b40f2b1eed6a051717d84	global	revision-errata	8	2	数        toucnKey 处于空闲状态输出 1，非空闲状态输出 0 2.14.   TKY_GetCurVersion uint16_t TKY_GetCurVersion (void) 功能描述        查询当前库版本 输入参数        无 输出参数        假设当前版本为 1.03，则输出 103 2.15.   TKY_GetCurQueueBaseLine uint16_t TKY_GetCurQueueBaseLine(UINT8 curQueueNum) 功能描述        获取指定队列通道的基线值 输入参数        curQueu
2	tmp/wch-evt/evt/QingkeV2C_CH32V006_EVT/EXAM/TOUCHKEY/DOC_SCH_PCB/WCH¥•√˛”¶”√÷∏ƒœ.pdf	9c0f28254428f03947e846db9d687ce02eed6dcc1d603245e3d28b61b688d8b3	global	revision-errata	4	2	均功耗有明显影响。 3. 触摸应用开发 3.1.   开发套件 3.1.1. 开发套件简介    官方触摸开发套件由核心板和触摸功能扩展板组成。    核心板分为通用 MCU 系列和低功耗蓝牙系列两大类，其中通用 MCU 系列核心板兼容 芯片型号为：CH32V00X、CH32L103、CH32V20X、CH32V30X；低功耗蓝牙系列核心板 兼容芯片型号：CH583 系列、CH572 系列、CH592 系列和 CH585 系列。    扩展板目前有 EX001 和 EX002 两种型号。其中 EX001 为触摸应用的综合演示，包括 触摸滑条、触摸滑环、触摸按键和隔空感应四种触摸应用；EX0
2	tmp/wch-evt/evt/QingkeV2C_CH32V006_EVT/EXAM/TOUCHKEY/DOC_SCH_PCB/WCH¥•√˛”¶”√÷∏ƒœ.pdf	9c0f28254428f03947e846db9d687ce02eed6dcc1d603245e3d28b61b688d8b3	global	silicon-package-lot	11	1	1200-2800             10 木制                  3900                  3 普通玻璃                7900                  1.5 玻璃—硼硅酸盐             13000                 0.9 亚克力                 13000                 0.9 ABS                 16000                 0.8 聚碳酸酯（PC）            16000                 0.8
2	tmp/wch-evt/evt/QingkeV2C_CH32V006_EVT/EXAM/USART_IAP/CH32V00X_IAP π”√Àµ√˜.pdf	28cedd1734c8047adc4ecc84f613a5d72a56771fb9cff061af283f58d64c53b0	global	revision-errata	1	2	https://wch.cn                           CH32V00x_IAP 使用说明                                    版本：V1.1                                  https://wch.cn 1． 将 IAP 程序通过 WCH-LinkUtility 下载到 0x1FFF0000 2． 生成.hex 或者.bin 文件。软件版本 (V1.50)同时支持.hex 和.bin 下载文件方式。 3． 用 IAP 下载工具下载。当前
2	tmp/wch-evt/evt/QingkeV2C_CH32V006_EVT/PUB/CH32V00X Evaluation Board Reference.pdf	f348f5aa73057fbe09bdbc8934738c422af0633f69c35742d4970996f13fabff	finding	iochub-identity	1	1	ction. 5. Reset button S1: used for external manual reset of the main MCU, need to configure the user option byte       register RST_MODE bit to be non-11b to enable the multiplexing function. 6. SDI debug interface: used for downloading and simulation debugging. Tips: In order to adapt to the download and
2	tmp/wch-evt/evt/QingkeV2C_CH32V006_EVT/PUB/CH32V00X Evaluation Board Reference.pdf	f348f5aa73057fbe09bdbc8934738c422af0633f69c35742d4970996f13fabff	finding	iochub-identity	6	2	Fill in the variable name, or just click OK to add the variable you just selected to the pop-up. 5) Peripheral registers In the lower left corner of IDE interface Peripherals interface shows a list of peripherals, tick the peripherals will display its specific register name, address, value in the M
2	tmp/wch-evt/evt/QingkeV2C_CH32V006_EVT/PUB/CH32V00X Evaluation Board Reference.pdf	f348f5aa73057fbe09bdbc8934738c422af0633f69c35742d4970996f13fabff	global	silicon-package-lot	2	1	debugging. Debugging interface pins PD1 (SWIO), PB3 (SWCLK 2-wire debugging optional) 3. Software Development 3.1 EVT Package Directory Structure Description: PUB folder: Provide evaluation board manuals, evaluation board schematics. EXAM folder: Provide software development drivers and corresponding
2	tmp/wch-evt/evt/QingkeV2C_CH32V006_EVT/PUB/CH32V00X∆¿π¿∞ÂÀµ√˜ È.pdf	ad3b1f8c8f3d1e31d83b9731c43370546debc451e2e666e23b5729d0daa17390	finding	h417-lot-capability	4	4	执行。          (5)单步跳过：跳出该函数，准备下一条语句。          (6)单步返回：返回所跳入的函数          指令集单步模式：点击进入指令集调试（需与 4、5、6 功能配合使用）。          2）设置断点          双击代码左侧可设置断点，再次双击取消断点，设置断点如下图所示;     3）界面显示     （1）指令集界面   点击指令集单步调试可进入指令调试，以单步跳入为例，点击一次，可运行一次，运行光标会发 生移动，以查看程序运行，指令集界面如下图所示：          （2）程序运行界面        可与指令集单步调试配合
2	tmp/wch-evt/evt/QingkeV2C_CH32V006_EVT/PUB/CH32V00X∆¿π¿∞ÂÀµ√˜ È.pdf	ad3b1f8c8f3d1e31d83b9731c43370546debc451e2e666e23b5729d0daa17390	global	id-terms	1	1	应用参考                                  版本：V1.1                                 https://wch.cn 一、概述   本评估板应用于 CH32V00X 系列芯片的开发，IDE 使用 MounRiver 编译器，仅 MRS1.92 及以上版 本支持，可选择独立的 WCH-Link 进行仿真和下载，并提供了芯片资源相关的应用参考示例及演示。 二、评估板硬件   评估板的原理图请参考 CH32V00XSCH.pdf 文档        CH32V00X 评估板\CH32V006 Evaluation        模块说
2	tmp/wch-evt/evt/QingkeV2C_CH32V006_EVT/PUB/CH32V00X∆¿π¿∞ÂÀµ√˜ È.pdf	ad3b1f8c8f3d1e31d83b9731c43370546debc451e2e666e23b5729d0daa17390	global	revision-errata	1	1	https://wch.cn              CH32V00X 评估板说明及应用参考                                  版本：V1.1                                 https://wch.cn 一、概述   本评估板应用于 CH32V00X 系列芯片的开发，IDE 使用 MounRiver 编译器，仅 MRS1.92 及以上版 本支持，可选择独立的 WCH-Link 进行仿真和下载，并提供了芯片资源相关的应用参考示例及演示。 二、评估板硬件
2	tmp/wch-evt/evt/QingkeV2C_CH32V006_EVT/PUB/CH32V00X∆¿π¿∞ÂÀµ√˜ È.pdf	ad3b1f8c8f3d1e31d83b9731c43370546debc451e2e666e23b5729d0daa17390	global	silicon-package-lot	1	1	电，不具备 USB 功能。   5. 复位按键 S1：用于外部手动复位主 MCU，需要配置用户选择字寄存器 RST_MODE 位为非 11b，开      启复用功能。   6. SDI 调试接口：用于下载、仿真调试。 Tips：为适应不同封装的 SDI 接口的下载调试，CH32V00X 系列芯片的调试接口支持自由配置；可 V1.1                                  1
2	tmp/wch-evt/evt/QingkeV2C_CH32V006_EVT/PUB/CH32V00X∆¿π¿∞ÂÀµ√˜ È.pdf	ad3b1f8c8f3d1e31d83b9731c43370546debc451e2e666e23b5729d0daa17390	global	silicon-package-lot	7	1	BOOT 中，用户可通过在用户区执行跳转到 BOOT，使用该工具实现 IAP 升级。具体实现 方法参考 EVT 中 IAP 例程。    通常情况 BOOT 方式下载程序串口使用的是 USART1，引脚 PD5（TX）、PD6(RX)；部分封装该引脚 不存在（QFN12），具体芯片型号（CH32V002D4U6、CH32V005D6U6），此时 BOOT 串口引脚为 PD0(TX)、 PD1（RX）。    WCHISPTool 工具界面如图所示： V1.1                            7
2	tmp/wch-evt/evt/QingkeV2C_CH32V006_EVT/PUB/CH32V205 Evaluation Board Reference-EN.pdf	30f9c20ea56a20512de3418423010382ff618a2f1a8e34124133c9a316cdb22b	finding	iochub-identity	6	2	Fill in the variable name, or just click OK to add the variable you just selected to the pop-up. 5) Peripheral registers In the lower left corner of IDE interface Peripherals interface shows a list of peripherals, tick the peripherals will display its specific register name, address, value in the M
2	tmp/wch-evt/evt/QingkeV2C_CH32V006_EVT/PUB/CH32V205 Evaluation Board Reference-EN.pdf	30f9c20ea56a20512de3418423010382ff618a2f1a8e34124133c9a316cdb22b	global	silicon-package-lot	2	1	rence                                                             https://wch-ic.com 3. Software Development 3.1 EVT package directory structure Description: PUB folder: provides evaluation board manuals, evaluation board schematics. EXAM folder: Provides software development drivers and correspondi
2	tmp/wch-evt/evt/QingkeV2C_CH32V006_EVT/PUB/CH32V205∆¿π¿∞ÂÀµ√˜ È.pdf	6a00add95cdeae610ddb42db7e1a87636e015dd50a4fe503ffb72ce33da39225	finding	h417-lot-capability	4	4	执行。          (5)单步跳过：跳出该函数，准备下一条语句。          (6)单步返回：返回所跳入的函数          指令集单步模式：点击进入指令集调试（需与 4、5、6 功能配合使用）。          2）设置断点          双击代码左侧可设置断点，再次双击取消断点，设置断点如下图所示;     3）界面显示     （1）指令集界面   点击指令集单步调试可进入指令调试，以单步跳入为例，点击一次，可运行一次，运行光标会发 生移动，以查看程序运行，指令集界面如下图所示：     （2）程序运行界面   可与指令集单步调试配合使用，仍以单步跳入为
2	tmp/wch-evt/evt/QingkeV2C_CH32V006_EVT/PUB/CH32V205∆¿π¿∞ÂÀµ√˜ È.pdf	6a00add95cdeae610ddb42db7e1a87636e015dd50a4fe503ffb72ce33da39225	global	id-terms	1	1	参考                                   版本：V1.1                                  https://wch.cn 一、概述     本评估板应用于 CH32V205 芯片的开发，IDE 使用 MounRiver 编译器，可选择使用板载或独立的 WCH-Link 进行仿真和下载，并提供了芯片资源相关的应用参考示例及演示。 二、评估板硬件   评估板的原理图请参考 CH32V205SCH.pdf 文档 CH32V205 评估板\CH32V205 Evaluation 模块说明\Descriptions        1、主控
2	tmp/wch-evt/evt/QingkeV2C_CH32V006_EVT/PUB/CH32V205∆¿π¿∞ÂÀµ√˜ È.pdf	6a00add95cdeae610ddb42db7e1a87636e015dd50a4fe503ffb72ce33da39225	global	revision-errata	1	1	https://wch.cn                   CH32V205 评估板说明及应用参考                                   版本：V1.1                                  https://wch.cn 一、概述     本评估板应用于 CH32V205 芯片的开发，IDE 使用 MounRiver 编译器，可选择使用板载或独立的 WCH-Link 进行仿真和下载，并提供了芯片资源相关的应用参考示例及演示。 二、评估板硬件   评估板的原理图请参
2	tmp/wch-evt/evt/QingkeV3A_CH32V103_EVT/PUB/CH32V103 Evaluation Board Reference-EN.pdf	dfed1b54b3e458f343833a5e211c00783bf4f0f5c26f18082d793677114a7c59	finding	iochub-identity	8	2	Fill in the variable name, or just click OK to add the variable you just selected to the pop-up. 5) Peripheral registers In the lower left corner of IDE interface Peripherals interface shows a list of peripherals, tick the peripherals will display its specific register name, address, value in the M
2	tmp/wch-evt/evt/QingkeV3A_CH32V103_EVT/PUB/CH32V103 Evaluation Board Reference-EN.pdf	dfed1b54b3e458f343833a5e211c00783bf4f0f5c26f18082d793677114a7c59	global	silicon-package-lot	3	1	dicator: including D1, D2 and D3 three LEDs, indicating the WCH-Link operation status 3. Software Development 3.1 EVT package directory structure Description: PUB folder: provides the evaluation board manual, schematics of the evaluation board. EXAM folder: Provides software development drivers and c
2	tmp/wch-evt/evt/QingkeV3A_CH32V103_EVT/PUB/CH32V103∆¿π¿∞ÂÀµ√˜ È.pdf	7de7955ca3468ef10fffc2fda83002e1840b7b68e7ec7d64b88e36483b14b39d	finding	h417-lot-capability	7	4	入并执行。        (5) 单步跳过：跳出该函数，准备下一条语句。        (6) 单步返回：返回所跳入的函数        (7) 指令集单步模式：点击进入指令集调试（需与 4、5、6 功能配合使用）。        2）设置断点        双击代码左侧可设置断点，再次双击取消断点，设置断点如下图所示;     3）界面显示     （1）指令集界面   点击指令集单步调试可进入指令调试，以单步跳入为例，没点击一次，可运行一次，运行光标会 发生移动，以查看程序运行，指令集界面如下图所示：     （2）程序运行界面   可与指令集单步调试配合使用，仍以以单步跳入为
2	tmp/wch-evt/evt/QingkeV3A_CH32V103_EVT/PUB/CH32V103∆¿π¿∞ÂÀµ√˜ È.pdf	7de7955ca3468ef10fffc2fda83002e1840b7b68e7ec7d64b88e36483b14b39d	global	id-terms	1	1	103 评估板说明及应用参考                             版本：V1.6                            https://wch.cn 一、概述     本评估板应用于 CH32V103 芯片的开发，IDE 使用 MounRiver 编译器，可选择使用板载或独立的 WCH-Link 进行仿真和下载，并提供了芯片资源相关的应用参考示例及演示。 二、评估板硬件   评估板的原理图请参考 CH32V103SCH.pdf 文档 以上两 CH32V103 评估板配有以下资源： 主板 - CH32V103EVT   1. 主控 MCU ：CH32V103C8
2	tmp/wch-evt/evt/QingkeV3A_CH32V103_EVT/PUB/CH32V103∆¿π¿∞ÂÀµ√˜ È.pdf	7de7955ca3468ef10fffc2fda83002e1840b7b68e7ec7d64b88e36483b14b39d	global	revision-errata	1	1	03 评估板说明及应用参考                                 https://wch.cn         CH32V103 评估板说明及应用参考                             版本：V1.6                            https://wch.cn 一、概述     本评估板应用于 CH32V103 芯片的开发，IDE 使用 MounRiver 编译器，可选择使用板载或独立的 WCH-Link 进行仿真和下载，并提供了芯片资源相关的应用参考示例及演示。 二、评估板硬件   评估板的原理图请参考 CH32
2	tmp/wch-evt/evt/QingkeV3B_CH32V205_EVT/EXAM/IAP/USB_UART/CH32V205_IAP π”√Àµ√˜.pdf	63f10c5a8d1c0ac2d213b858c4f4aa182fbb5f364e1c1744f9f3e7d7f5c9f39b	global	revision-errata	1	1	CH32V205_IAP 使用说明 1． 将 IAP 下载到 CH32V205 2． App 工程    修改 LD 起始地址从 0x00005000 开始，可根据需求修改。 3． 生成.hex 或者.bin 文件。软件版本 (V1.50)同时支持.hex 和.bin 下载文件方式。 4． 用 IAP 下载工具下载。当前芯片支持两种跳转模式以及两种下载模式（USB\UART）    跳转方式 1：下载成功后自动跳转到 APP 运行，并且可以在 APP 程序中通过指令跳转到    IAP，等待再下载。    跳转方式 2：GPIO 引脚（PA0 默认上拉输入） ，下载 A
2	tmp/wch-evt/evt/QingkeV3B_CH32V205_EVT/EXAM/PIOC/Tool_Manual/Manual/CHRISC8B.PDF	38231bec89ea50abb7273c76f8d84adfdd0557829628ece8be8bf752e78281f5	finding	iochub-identity	6	5	WCH-RISC8B 内核指令集与汇编工具                  6                           http://wch.cn 接读写寄存器的指令：MOV register,A 或 F 指令，MOVA register 指令。需要寻址更大范围时应该采用间 接寻址方式。   例： MOVA 0x167   ;[0x167]=A,将 A 中数据写入地址为 0x167 的寄存器,建议用标号代替      MOV 0x289, A ;A=[0x289],读取地址为 0x289 的寄存器中的数据到 A 中,建议用标号代替 5.3. 普
2	tmp/wch-evt/evt/QingkeV3B_CH32V205_EVT/EXAM/PIOC/Tool_Manual/Manual/CHRISC8B.PDF	38231bec89ea50abb7273c76f8d84adfdd0557829628ece8be8bf752e78281f5	finding	iochub-identity	9	2	址 0x15        WAIT:   BTSC PORTA, PA2   ;skip if PA2=0                JMP WAIT                BC    3, 0        ;status register, C=0, 建议用标号代替寄存器地址 3                MOV PORTA, A      ;从 A 端口读取数据到 A 中                PUSHAS            ;save A and status register to stack 6.6. 伪指令 6.6.1. 标号赋值伪指令 EQU     EQU 用
2	tmp/wch-evt/evt/QingkeV3B_CH32V205_EVT/EXAM/PIOC/Tool_Manual/Manual/CHRISC8B.PDF	38231bec89ea50abb7273c76f8d84adfdd0557829628ece8be8bf752e78281f5	finding	wchnet-chip-field	8	1	行语句，多于 9999 行的源程序可以分成多个包含文件。   例： PORTA        EQU 0x05          ;port A         PA2       EQU 2                   ORG 0x80         START:    CLR 0x0B          ;建议用标号代替寄存器地址 0x0B                   MOVL B’11111011’                                           8
2	tmp/wch-evt/evt/QingkeV3B_CH32V205_EVT/EXAM/PIOC/Tool_Manual/Manual/CHRISC8B.PDF	38231bec89ea50abb7273c76f8d84adfdd0557829628ece8be8bf752e78281f5	global	revision-errata	1	1	http://wch.cn                      RISC8B 内核单片机指令集与汇编工具                                        版本：2B 1. 概述   WCH-RISC8B 是 8 位数据宽度的精简指令集单片机内核，RISC8B 基于 RISC8A 新增了一些位传送指令。 所有指令宽度均为 16 位，指令由操作码和操作数组成。RISC8B 共有 66 条指令，根据操作对象分为：控制 类，面向字节操作类，常数操作类，面向位操作类，转移类。 2. 指令集      f 代表 SF
2	tmp/wch-evt/evt/QingkeV3B_CH32V205_EVT/EXAM/PIOC/Tool_Manual/Manual/CHRISC8B.PDF	38231bec89ea50abb7273c76f8d84adfdd0557829628ece8be8bf752e78281f5	global	revision-errata	10	1	可以提供以下编程范例：32 位数据的加减算法程序，单字节常数查表程序，双字节常数查表程序，延 时子程序，串口和 SPI 操作程序，读写 24CXX 系列 EEPROM 和 25FXX 系列 FLASH 的程序，USB 产品的基本框 架程序，兼容 CH341 芯片的 USB 转串口程序。 8.6. 如果程序 ROM 为 OTP 工艺，那么建议预留空操作指令     OTP 工艺 ROM 原则上只能烧录一次，ROM 数据位空白时为 0，烧录后可能置 1。在调试过程中，为便于 再次修改局部代码，可以临时选择不加读保护就允许再次烧录，为 0 的 ROM 数据位可以再烧录为 1，数据 位 1 仍保持 1。
2	tmp/wch-evt/evt/QingkeV3B_CH32V205_EVT/EXAM/PIOC/Tool_Manual/Manual/PIOC.PDF	61e543eb2dcdf538deaabf40afccae53fbd8166bb2b64890112bd885da0ede43	finding	iochub-identity	2	5	个数据读写端口组成。先向地址寄存器写入目的寄 存器的地址，再通过读写数据读写端口就可以读写目的寄存器。   扩展直接寻址的寻址范围是 0x000-0x1FF，由指令直接提供 9 位寄存器地址，仅适用于以下两条 直接读写寄存器的指令：MOV register,A 或 F 指令，MOVA register 指令。   普通直接寻址的寻址范围是 0x000-0x0FF，由指令直接提供 8 位寄存器地址，适用于除上述扩展 直接寻址指令之外的所有直接地址指令，例如 CLR register、ADD register、BS register,bit 等。 需要寻址更大范围时应该采用间接寻址方式。   立即数快速寻址用于无
2	tmp/wch-evt/evt/QingkeV3B_CH32V205_EVT/EXAM/PIOC/Tool_Manual/Manual/PIOC.PDF	61e543eb2dcdf538deaabf40afccae53fbd8166bb2b64890112bd885da0ede43	global	revision-errata	1	1	://wch.cn                    可编程协议 I/O 微控制器 PIOC                                   手册                                 版本： 1                               http://wch.cn 1、概述   部分 WCH 芯片内嵌了一个可编程协议 I/O 微控制器 PIOC，即 eMCU，该 eMCU 基于单时钟周期的精 简指令集 RISC8B 内核，运行于系统主频，具有 2K 指令的程序 ROM 和 49 个 SFR 寄存器及 PWM 定时/ 计数器
2	tmp/wch-evt/evt/QingkeV3B_CH32V205_EVT/EXAM/PIOC/Tool_Manual/Manual/PIOC π”√Àµ√˜.pdf	a1b0149616442cfadc84bb6d957459e45099dfc23b618f3bc9c3413b846b8c7b	global	id-terms	1	1	PIOC 使用说明                               版本：V1.0                              https://wch.cn 一、概述   以 CH32V205 芯片为例，IDE 使用 MounRiver 编译器，可选择使用板载或独立的 WCH-Link 进行仿 真和下载，并提供了 PIOC 模拟 1_Wire 的应用参考示例。 二、使用下载流程 1、打开 PIOC\PIOC_1_Wire\Asm\RGB1W.ASM 汇编源文件，进行修改并保存。 2、双击 RGB1W.BAT 脚本进行编译。 3、打开 RGB
2	tmp/wch-evt/evt/QingkeV3B_CH32V205_EVT/EXAM/PIOC/Tool_Manual/Manual/PIOC π”√Àµ√˜.pdf	a1b0149616442cfadc84bb6d957459e45099dfc23b618f3bc9c3413b846b8c7b	global	revision-errata	1	1	https://wch.cn                            PIOC 使用说明                               版本：V1.0                              https://wch.cn 一、概述   以 CH32V205 芯片为例，IDE 使用 MounRiver 编译器，可选择使用板载或独立的 WCH-Link 进行仿 真和下载，并提供了 PIOC 模拟 1_Wire 的应用参考示例。 二、使用下载流程 1、打开 PIOC\PI
2	tmp/wch-evt/evt/QingkeV3B_CH32V205_EVT/PUB/CH32V205 Evaluation Board Reference-EN.pdf	30f9c20ea56a20512de3418423010382ff618a2f1a8e34124133c9a316cdb22b	finding	iochub-identity	6	2	Fill in the variable name, or just click OK to add the variable you just selected to the pop-up. 5) Peripheral registers In the lower left corner of IDE interface Peripherals interface shows a list of peripherals, tick the peripherals will display its specific register name, address, value in the M
2	tmp/wch-evt/evt/QingkeV3B_CH32V205_EVT/PUB/CH32V205 Evaluation Board Reference-EN.pdf	30f9c20ea56a20512de3418423010382ff618a2f1a8e34124133c9a316cdb22b	global	silicon-package-lot	2	1	rence                                                             https://wch-ic.com 3. Software Development 3.1 EVT package directory structure Description: PUB folder: provides evaluation board manuals, evaluation board schematics. EXAM folder: Provides software development drivers and correspondi
2	tmp/wch-evt/evt/QingkeV3B_CH32V205_EVT/PUB/CH32V205∆¿π¿∞ÂÀµ√˜ È.pdf	6a00add95cdeae610ddb42db7e1a87636e015dd50a4fe503ffb72ce33da39225	finding	h417-lot-capability	4	4	执行。          (5)单步跳过：跳出该函数，准备下一条语句。          (6)单步返回：返回所跳入的函数          指令集单步模式：点击进入指令集调试（需与 4、5、6 功能配合使用）。          2）设置断点          双击代码左侧可设置断点，再次双击取消断点，设置断点如下图所示;     3）界面显示     （1）指令集界面   点击指令集单步调试可进入指令调试，以单步跳入为例，点击一次，可运行一次，运行光标会发 生移动，以查看程序运行，指令集界面如下图所示：     （2）程序运行界面   可与指令集单步调试配合使用，仍以单步跳入为
2	tmp/wch-evt/evt/QingkeV3B_CH32V205_EVT/PUB/CH32V205∆¿π¿∞ÂÀµ√˜ È.pdf	6a00add95cdeae610ddb42db7e1a87636e015dd50a4fe503ffb72ce33da39225	global	id-terms	1	1	参考                                   版本：V1.1                                  https://wch.cn 一、概述     本评估板应用于 CH32V205 芯片的开发，IDE 使用 MounRiver 编译器，可选择使用板载或独立的 WCH-Link 进行仿真和下载，并提供了芯片资源相关的应用参考示例及演示。 二、评估板硬件   评估板的原理图请参考 CH32V205SCH.pdf 文档 CH32V205 评估板\CH32V205 Evaluation 模块说明\Descriptions        1、主控
2	tmp/wch-evt/evt/QingkeV3B_CH32V205_EVT/PUB/CH32V205∆¿π¿∞ÂÀµ√˜ È.pdf	6a00add95cdeae610ddb42db7e1a87636e015dd50a4fe503ffb72ce33da39225	global	revision-errata	1	1	https://wch.cn                   CH32V205 评估板说明及应用参考                                   版本：V1.1                                  https://wch.cn 一、概述     本评估板应用于 CH32V205 芯片的开发，IDE 使用 MounRiver 编译器，可选择使用板载或独立的 WCH-Link 进行仿真和下载，并提供了芯片资源相关的应用参考示例及演示。 二、评估板硬件   评估板的原理图请参
2	tmp/wch-evt/evt/QingkeV3C_CH587_EVT/EXAM/BLE/MESH/«ﬂ∫„MESH APPπ‹¿Ì≈‰Õ¯”¶”√ ÷≤·.pdf	a9beeac42aea281f9741efc352ee80b857da9aeccbd60f233c152fab50ebb906	finding	iochub-identity	4	2	http://wch.cn                                  2．应用层程序介绍 2.1 应用层初始化   应用层初始化函数包含 BLE 从机初始化，以及 MESH 初始化，同时注册了一个按键回 调用于演示。        1. void App_Init()        2. {        3.     GAPRole_PeripheralInit();        4.     Peripheral_Init();        5.        6.     App_TaskID = TMOS_ProcessEventR
2	tmp/wch-evt/evt/QingkeV3C_CH587_EVT/EXAM/BLE/MESH/«ﬂ∫„µÕπ¶∫ƒ¿∂—¿MESH»Ìº˛ø™∑¢≤Œøº ÷≤·.pdf	c7584f7adf38d33f61772b03853335d70dad741e5325bdff561c0f0bc866bccf	finding	iochub-identity	11	1	de 0x%02x", val->cfgHdr.opcode);  23.     }  24. } 4.1.3 定义操作码和对应处理函数     CONFIG 模型和 HEALTH 模型的 ID 和操作码及其处理函数由库封好，用户只需要注册对 V1.1                                                10
2	tmp/wch-evt/evt/QingkeV3C_CH587_EVT/EXAM/BLE/MESH/«ﬂ∫„µÕπ¶∫ƒ¿∂—¿MESH»Ìº˛ø™∑¢≤Œøº ÷≤·.pdf	c7584f7adf38d33f61772b03853335d70dad741e5325bdff561c0f0bc866bccf	finding	iochub-identity	13	2	55，之后循环，当发送数据时开启了应用层的重传功能，此 ID 可用于屏蔽收到的重复数据。     注意：当多个服务互相通信时，需要修改例程默认对此 srv_tid 判断的判断流程，可 自行添加其他判断逻辑。     handler 为应用层注册的此模型内操作码回调函数，在沁恒自定义服务模型的源文件 的操作码处理函数中可以看到，处理完数据后，会调用这个回调函数通知应用层收到的内 容和来源网络地址。这里注册的回调函数为 vendor_model_srv_rsp_handler。  1. static void vendor_model_srv_rsp_handler(const vendor_mode
2	tmp/wch-evt/evt/QingkeV3C_CH587_EVT/EXAM/BLE/MESH/«ﬂ∫„µÕπ¶∫ƒ¿∂—¿MESH»Ìº˛ø™∑¢≤Œøº ÷≤·.pdf	c7584f7adf38d33f61772b03853335d70dad741e5325bdff561c0f0bc866bccf	finding	iochub-identity	14	2	}  27. }   在例程的回调中，除了上述代码中的打印外，还有对于应用层删除节点命令的处理等 其他判断，这里的命令协议是由用户自行拟定的，例程为演示作用。 4.2.5 初始化函数     在初始化函数中，给模型配置字赋值，并注册服务模型的 TMOS 任务处理函数。  1. static int vendor_model_srv_init(struct bt_mesh_model *model)  2. {  3.      vendor_model_srv = model->user_data;  4.      vendor_model_srv->model = model;
2	tmp/wch-evt/evt/QingkeV3C_CH587_EVT/EXAM/BLE/MESH/«ﬂ∫„µÕπ¶∫ƒ¿∂—¿MESH»Ìº˛ø™∑¢≤Œøº ÷≤·.pdf	c7584f7adf38d33f61772b03853335d70dad741e5325bdff561c0f0bc866bccf	global	revision-errata	4	1	http://wch.cn          9.2 通过独立 ble 功能连接手机 ........................................ 36        修订记录 ................................................................ 38 V1.1                                     3
2	tmp/wch-evt/evt/QingkeV3C_CH587_EVT/EXAM/BLE/MESH/«ﬂ∫„µÕπ¶∫ƒ¿∂—¿MESH»Ìº˛ø™∑¢≤Œøº ÷≤·.pdf	c7584f7adf38d33f61772b03853335d70dad741e5325bdff561c0f0bc866bccf	global	revision-errata	18	1	BG("Unabled Enable Provisoner (err:%d)", err);  12.    }  13.  14.    node = node_get(addr);  15.    if(!node || !node->fixed)  16.    {  17.        node = node_cfg_process(node, net_idx, addr, ARRAY_SIZE(elements));  18.        if(!node) V1.1                                              17
2	tmp/wch-evt/evt/QingkeV3C_CH587_EVT/EXAM/BLE/MESH/«ﬂ∫„µÕπ¶∫ƒ¿∂—¿MESH»Ìº˛ø™∑¢≤Œøº ÷≤·.pdf	c7584f7adf38d33f61772b03853335d70dad741e5325bdff561c0f0bc866bccf	global	revision-errata	20	1	lem)  2. {  3.      node_t *node;  4.      APP_DBG("");  5.  6.      node = node_get(addr);  7.      if(!node || !node->fixed)  8.      {  9.          node = node_cfg_process(node, net_idx, addr, num_elem);  10.         if(!node)  11.         {  12.             APP_DBG("Unable allocate node object");  13
2	tmp/wch-evt/evt/QingkeV3C_CH587_EVT/EXAM/BLE/MESH/«ﬂ∫„µÕπ¶∫ƒ¿∂—¿MESH»Ìº˛ø™∑¢≤Œøº ÷≤·.pdf	c7584f7adf38d33f61772b03853335d70dad741e5325bdff561c0f0bc866bccf	global	revision-errata	23	1	node->stage.node = NODE_INIT;  14.             node->node_addr = BLE_MESH_ADDR_UNASSIGNED;  15.             node->fixed = FALSE;  16.             APP_DBG("node reset complete");  17.         }  18.         return;  19.     }  20.  21.     node = node_unblock_get();  22.     if(!node)  23.     {  24
2	tmp/wch-evt/evt/QingkeV3C_CH587_EVT/EXAM/BLE/MESH/«ﬂ∫„µÕπ¶∫ƒ¿∂—¿MESH»Ìº˛ø™∑¢≤Œøº ÷≤·.pdf	c7584f7adf38d33f61772b03853335d70dad741e5325bdff561c0f0bc866bccf	global	revision-errata	39	4	沁恒低功耗蓝牙 MESH 软件开发参考手册                    http://wch.cn                         修订记录        版本                 时间           修订内容        V1.0             2022/3/16      版本发布        V1.1             2022/7/14     新增配置描述                                     同步例程更新对应
2	tmp/wch-evt/evt/QingkeV3C_CH587_EVT/EXAM/BLE/MESH/«ﬂ∫„µÕπ¶∫ƒ¿∂—¿MESH»Ìº˛ø™∑¢≤Œøº ÷≤·.pdf	c7584f7adf38d33f61772b03853335d70dad741e5325bdff561c0f0bc866bccf	global	revision-errata	40	2	沁恒低功耗蓝牙 MESH 软件开发参考手册                                 http://wch.cn                     版本声明与免责声明     本手册版权所有为南京沁恒微电子股份有限公司（Copyright © Nanjing Qinheng Microelectronics Co., Ltd. All Rights Reserved），未经南京沁恒微电子股份有限公司 书面许可，任何人不得因任何目的、以任何形式（包括但不限于全部或部分地向任何人复 制、泄露或散布）不当使用本产
2	tmp/wch-evt/evt/QingkeV3C_CH587_EVT/EXAM/BLE/WCH¿∂—¿ø’÷–…˝º∂£®BLE OTA£©.PDF	f0ec07ed115cba1df30570a2ae2900b3c1b2ef15cb6898cd58c648ef293c20da	finding	iochub-identity	2	1	WCH 蓝牙空中升级（BLE OTA）                                                 https://wch.cn     在                    函数中 304 行注册 Peripheral_OTA_IAPProfileCBs 里包含 OTA_IAPWriteData()函数，此函数会调用 Rec_OTA_IAP_DataDeal();        在这个函数中接收数据        在
2	tmp/wch-evt/evt/QingkeV3C_CH587_EVT/EXAM/BLE/WCH¿∂—¿ø’÷–…˝º∂£®BLE OTA£©.PDF	f0ec07ed115cba1df30570a2ae2900b3c1b2ef15cb6898cd58c648ef293c20da	finding	iochub-identity	3	1	s://wch.cn        EXAM\BLE\OnlyUpdateApp_IAP 例子负责接收升级包升级 APP 区域，升级完成后跳转执行 APP 代码。                            在这个函数中注册回调函数                                                                          接收手 机发下来的数据，                                                                  处理收到的 OTA 包，至升级完成
2	tmp/wch-evt/evt/QingkeV3C_CH587_EVT/EXAM/BLE/WCH¿∂—¿ø’÷–…˝º∂£®BLE OTA£©.PDF	f0ec07ed115cba1df30570a2ae2900b3c1b2ef15cb6898cd58c648ef293c20da	global	revision-errata	2	1	这个地方 调用 Rec_OTA_IAP_DataDeal()函数处理，至升级完成。 升级用的 APP 软件，目前提供了安卓版本的，需要把编译产生的 hex 文件放到 Image_A 文件夹下，触发 OTA 后，Image_A 文件按钮亮，可以点击开始升级。 2.1.1 方式一 DFU 固件烧录说明     方式一 DFU 包含 3 个文件 JumpIAP + APP + IAP（APP 是用户功能代码，也是实现产品功能和升级功 能的主体，对应 BackupUpgrade_OTA
2	tmp/wch-evt/evt/QingkeV3C_CH587_EVT/EXAM/BLE/WCH¿∂—¿ø’÷–…˝º∂£®BLE OTA£©.PDF	f0ec07ed115cba1df30570a2ae2900b3c1b2ef15cb6898cd58c648ef293c20da	global	revision-errata	3	1	收手 机发下来的数据，                                                                  处理收到的 OTA 包，至升级完成。   升级用的 APP 软件，目前提供了安卓版本的，需要把编译产生的 hex 文件放到的 Image-A 文件夹下， 触发 OTA 后，点击开始升级，至提示成功。 2.2.1 方式二 DFU 固件烧录说明     方式二 DFU 包含 4 个文件 JumpAPP + APP + IAP + LIB（APP 是用户功能代码，也是实现产品功能的 主体，对应 OnlyUpdateApp_Peripheral
2	tmp/wch-evt/evt/QingkeV3C_CH587_EVT/EXAM/BLE/«ﬂ∫„µÕπ¶∫ƒ¿∂—¿»Ìº˛ø™∑¢≤Œøº ÷≤·.PDF	197ec7ccbc510aae957cd943481442403ef44661b9c3e9803dacd580798767b3	finding	iochub-identity	9	3	是不可 或缺的。 3.2 任务初始化     首先，为保证 TMOS 持续运行，需要在 main()的最后循环执行 TMOS_SystemProcess()。 而初始化任务需要调用 tmosTaskID TMOS_ProcessEventRegister(pTaskEventHandlerFn eventCb) 函数，将事件的回调函数注册到 TMOS 中，并生成唯一的 8 位任务 ID。不同的任 务初始化后任务 ID 依次递增，而任务 ID 越小任务优先级最高。协议栈任务必须具有最高的 优先级。        1.   halTaskID = TMOS_ProcessEventRegister( HAL_
2	tmp/wch-evt/evt/QingkeV3C_CH587_EVT/EXAM/BLE/«ﬂ∫„µÕπ¶∫ƒ¿∂—¿»Ìº˛ø™∑¢≤Œøº ÷≤·.PDF	197ec7ccbc510aae957cd943481442403ef44661b9c3e9803dacd580798767b3	finding	iochub-identity	11	2	locate()函数为发送的数据申请内存，若申请成功，则返回内存      地址，若失败则返回 NULL。   2. 将数据拷贝到内存中。   3. 调用 tmos_msg_send()函数向指定的任务发送数据的指针。    1. // Register Key task ID    2. HAL_KEY_RegisterForKeys( centralTaskId )    3. // Send the address to the task V1.9                                       10
2	tmp/wch-evt/evt/QingkeV3C_CH587_EVT/EXAM/BLE/«ﬂ∫„µÕπ¶∫ƒ¿∂—¿»Ìº˛ø™∑¢≤Œøº ÷≤·.PDF	197ec7ccbc510aae957cd943481442403ef44661b9c3e9803dacd580798767b3	finding	iochub-identity	12	1	KEY_CHANGE;    8.           msgPtr->state = state;    9.           msgPtr->keys = keys;    10.          tmos_msg_send( registeredKeysTaskID, ( uint8_t * ) msgPtr );    11. }     数据发送成功后，SYS_EVENT_MSG 被置为有效，此时系统将执行 SYS_EVENT_MSG 事件， 在实践中通过调用 tmos_msg_receive()函数检索数据。在数据处理完成后，必须使用 tmos_msg_deallocate()函数
2	tmp/wch-evt/evt/QingkeV3C_CH587_EVT/EXAM/BLE/«ﬂ∫„µÕπ¶∫ƒ¿∂—¿»Ìº˛ø™∑¢≤Œøº ÷≤·.PDF	197ec7ccbc510aae957cd943481442403ef44661b9c3e9803dacd580798767b3	finding	iochub-identity	14	2	低功耗蓝牙库初始化函数 CH58X_BLEInit()，通过配置参数 bleConfig_t 配置库的内存， 时钟，发射功率等参数，然后通过 BLE_LibInit()函数将配置参数传进库中。    4.4.2 HAL 层初始化    注册 HAL 层任务，对硬件参数进行初始化，如 RTC 时钟，睡眠唤醒，RF 校准等。   1. void HAL_Init()   2. {   3.      halTaskID = TMOS_ProcessEventRegister( HAL_ProcessEvent );   4.      HAL_TimeInit();   5. #if (defi
2	tmp/wch-evt/evt/QingkeV3C_CH587_EVT/EXAM/BLE/«ﬂ∫„µÕπ¶∫ƒ¿∂—¿»Ìº˛ø™∑¢≤Œøº ÷≤·.PDF	197ec7ccbc510aae957cd943481442403ef44661b9c3e9803dacd580798767b3	finding	iochub-identity	15	3	00 );      // 添加一个测试任务   18. }   4.4.3 低功耗蓝牙从机初始化   此过程包括两个部分：   1. GAP 角色的初始化，此过程由低功耗蓝牙库完成；   2. 低功耗蓝牙从机应用初始化，包括从机任务的注册，参数配置（如广播参数，连接      参数，绑定参数等），GATT 层服务的注册，以及回调函数的注册。详见 5.5.3.2 节。   图 4.2 显示了例程 Peripheral 的完整属性表，可作为低功耗蓝牙通讯时的参考。详细 信息请参考第五章。 V1.9                                       14
2	tmp/wch-evt/evt/QingkeV3C_CH587_EVT/EXAM/BLE/«ﬂ∫„µÕπ¶∫ƒ¿∂—¿»Ìº˛ø™∑¢≤Œøº ÷≤·.PDF	197ec7ccbc510aae957cd943481442403ef44661b9c3e9803dacd580798767b3	finding	iochub-identity	22	1	的那样，GAPRole 是一个单独的任务(GAPRole_PeripheralInit)， GAPRole 大部代码在蓝牙库中运行，从而简化应用层程序。该任务在初始化期间由应用程序 启动和配置。且存在回调，应用程序可向 GAPRole 任务注册回调函数。     根据设备的配置，GAP 层可以运行以下四种角色：     ·广播者（Broadcaster） - 仅广播无法被连接     ·观察者（Observer） -仅扫描广播而无法建立连接     ·外围设备（Peripheral） -可广播且可作为从机在链路层建立连接     ·中心设备（Central） - 可扫描广播也可作为主机在链路层建立
2	tmp/wch-evt/evt/QingkeV3C_CH587_EVT/EXAM/BLE/«ﬂ∫„µÕπ¶∫ƒ¿∂—¿»Ìº˛ø™∑¢≤Œøº ÷≤·.PDF	197ec7ccbc510aae957cd943481442403ef44661b9c3e9803dacd580798767b3	finding	iochub-identity	25	2	加密（Encryption）         配对后数据被加密，或是重新加密         验              证       配对过程以中间人（MITM：Manin theMiddle）保护完成         （Authentication）         绑定（Bonding）            将加密密钥存储在非易失性存储器中，用于下一个加密序列         授              权       除身份验证外，还进行附加的应用程序级密钥交换         （Authorization）         无线之外（OOB）              密
2	tmp/wch-evt/evt/QingkeV3C_CH587_EVT/EXAM/BLE/«ﬂ∫„µÕπ¶∫ƒ¿∂—¿»Ìº˛ø™∑¢≤Œøº ÷≤·.PDF	197ec7ccbc510aae957cd943481442403ef44661b9c3e9803dacd580798767b3	finding	iochub-identity	29	3	例程 Central 找到相应的源码。    1. 初始化 GATT 客户端。        1.    // Initialize GATT Client        2.    GATT_InitClient();    2. 注册相关信息以接收传入的 ATT 指示和通知。   1. // Register to receive incoming ATT Indications/Notifications   2. GATT_RegisterForInd( centralTaskId );   3. 执行客户端的程序，如 GATT_WriteCharValue()，即向服务器
2	tmp/wch-evt/evt/QingkeV3C_CH587_EVT/EXAM/BLE/«ﬂ∫„µÕπ¶∫ƒ¿∂—¿»Ìº˛ø™∑¢≤Œøº ÷≤·.PDF	197ec7ccbc510aae957cd943481442403ef44661b9c3e9803dacd580798767b3	finding	iochub-identity	32	3	·Permission – 配置 GATT 客户端设备是否可以访问属性的值。可配置的权限如下：    – GATT_PERMIT_READ //可读   – GATT_PERMIT_WRITE // 可写    – GATT_PERMIT_AUTHEN_READ // 需身份验证读   – GATT_PERMIT_AUTHEN_WRITE //需身份验证写   – GATT_PERMIT_AUTHOR_READ // 需授权读   – GATT_PERMIT_ENCRYPT_READ // 需加密读   – GATT_PERMIT_ENCRYPT_WRITE // 需加密写   ·Handle – G
2	tmp/wch-evt/evt/QingkeV3C_CH587_EVT/EXAM/BLE/«ﬂ∫„µÕπ¶∫ƒ¿∂—¿»Ìº˛ø™∑¢≤Œøº ÷≤·.PDF	197ec7ccbc510aae957cd943481442403ef44661b9c3e9803dacd580798767b3	finding	iochub-identity	35	6	figuration attributes    2. GATTServApp_InitCharCfg(INVALID_CONNHANDLE, simpleProfileChar4Config);   最后通过 GATTServApp 注册配置文件。   GATTServApp_RegisterService()函数将配置文件的属性表 simpleProfileAttrTb1 传 递给 GATTServApp，以便将配置文件的属性添加到由协议栈管理的应用程序范围的属性表中。   1.    // Register GATT attribute list and CBs with GATT S
2	tmp/wch-evt/evt/QingkeV3C_CH587_EVT/EXAM/BLE/«ﬂ∫„µÕπ¶∫ƒ¿∂—¿»Ìº˛ø™∑¢≤Œøº ÷≤·.PDF	197ec7ccbc510aae957cd943481442403ef44661b9c3e9803dacd580798767b3	finding	iochub-identity	36	1	simpleProfileChangeCB   // Charactersitic value change callback   5. };   5.5.4.2.4 读写回调函数   当配置文件被读写时，需要有相应的回调函数，其注册方法与应用程序回调函数一致， 具体可参考 Peripheral 工程。    5.5.4.2.5 配置文件的获取与设置    配置文件包含读取与写入特征功能，图 5.9 描述了应用程序设置配置文件参数的逻辑。                             图 5.9 获取和设置配置文件参数    应用程序代码如下：   1. Simpl
2	tmp/wch-evt/evt/QingkeV3C_CH587_EVT/EXAM/BLE/«ﬂ∫„µÕπ¶∫ƒ¿∂—¿»Ìº˛ø™∑¢≤Œøº ÷≤·.PDF	197ec7ccbc510aae957cd943481442403ef44661b9c3e9803dacd580798767b3	finding	iochub-identity	39	3	的协议。 7.2 配置协议栈    首先初始化蓝牙库：   1. CH58X_BLEInit( );    然后配置此设备的角色为 RF Role：   1. RF_RoleInit ( ); 7.3 定义应用程序任务    注册 RF 任务，初始化 RF 功能，以及注册 RF 的回调函数：   1. taskID = TMOS_ProcessEventRegister( RF_ProcessEvent );   2.      rfConfig.accessAddress = 0x71764129;   // 禁止使用 0x55555555 以及   3. 0xAAAAAAAA
2	tmp/wch-evt/evt/QingkeV3C_CH587_EVT/EXAM/BLE/«ﬂ∫„µÕπ¶∫ƒ¿∂—¿»Ìº˛ø™∑¢≤Œøº ÷≤·.PDF	197ec7ccbc510aae957cd943481442403ef44661b9c3e9803dacd580798767b3	finding	iochub-identity	42	3	tSysTickCnt()        返回               0: SUCCESS                         1: FAILURE   1. tmosTasklD TMOS_ProcessEventRegister( pTaskEventHandIerFn eventCb )    注册事件回调函数，一般用于注册任务时首先执行。        参数               描述        eventCb          TMOS 任务回调函数        返回               分配的 ID 值，OxFF 表示无效   1. bStat
2	tmp/wch-evt/evt/QingkeV3C_CH587_EVT/EXAM/BLE/«ﬂ∫„µÕπ¶∫ƒ¿∂—¿»Ìº˛ø™∑¢≤Œøº ÷≤·.PDF	197ec7ccbc510aae957cd943481442403ef44661b9c3e9803dacd580798767b3	finding	iochub-identity	56	4	指令    8.4.1.1 从机指令    1. bStatus_t GATT_Indication( uint16_t connHandle, attHandleValueInd_t *pInd, u         int8_t authenticated, uint8_t taskId )    服务器向客户端指示一个特征值并期望属性协议层确认已经成功收到指示。    需要注意的是，当返回失败时需要释放内存。        参数              描述        connHandle      连接句柄        pInd            指向要发送的指令
2	tmp/wch-evt/evt/QingkeV3C_CH587_EVT/EXAM/BLE/«ﬂ∫„µÕπ¶∫ƒ¿∂—¿»Ìº˛ø™∑¢≤Œøº ÷≤·.PDF	197ec7ccbc510aae957cd943481442403ef44661b9c3e9803dacd580798767b3	finding	iochub-identity	59	1	oRsp(uint16_t connHandle, attWriteReq_t *pReq)     当客户端知道特征句柄且 ATT 确认未加密时，可用此函数向服务器写入特征值。仅当 Characteristic Properties 认证位使能且服务器和客户端均建立绑定。        参数               描述        connHandle       连接句柄        pReq             指向要发送的命令的指针   1. bStatus_t GATT_WriteCharValue( uint16_t connHandle, attWriteRe
2	tmp/wch-evt/evt/QingkeV3C_CH587_EVT/EXAM/BLE/«ﬂ∫„µÕπ¶∫ƒ¿∂—¿»Ìº˛ø™∑¢≤Œøº ÷≤·.PDF	197ec7ccbc510aae957cd943481442403ef44661b9c3e9803dacd580798767b3	finding	iochub-identity	61	1	uint8_t *pValue; //!< Value of the attribute to be written (0 to ATT_MT   7. U_SIZE-3)   8.       uint8_t sig;    //!< Authentication Signature status (not included (0)   9. , valid (1), invalid (2))   10.      uint8_t cmd;    //!< Command Flag   11. } attWriteReq_t; V1.9
2	tmp/wch-evt/evt/QingkeV3C_CH587_EVT/EXAM/BLE/«ﬂ∫„µÕπ¶∫ƒ¿∂—¿»Ìº˛ø™∑¢≤Œøº ÷≤·.PDF	197ec7ccbc510aae957cd943481442403ef44661b9c3e9803dacd580798767b3	finding	iochub-identity	63	2	·ATT_ERR_WRITE_NOT_PERMITTED（0x03）：无法写入属性。      ·ATT_ERR_INVALID_PDU（0x04）：属性 PDU 无效。      · ATT_ERR_INSUFFICIENT_AUTHEN（0x05）：该属性需要进行身份验证才能被读取或写 入。   ·ATT_ERR_UNSUPPORTED_REQ（0x06）：属性服务器不支持从属性客户端收到的请求。   ·ATT_ERR_INVALID_OFFSET（0x07）：指定的偏移量超出了属性的末尾。   ·ATT_ERR_INSUFFICIENT_AUTHOR（0x08）：该属性需要授权才能被
2	tmp/wch-evt/evt/QingkeV3C_CH587_EVT/EXAM/BLE/«ﬂ∫„µÕπ¶∫ƒ¿∂—¿»Ìº˛ø™∑¢≤Œøº ÷≤·.PDF	197ec7ccbc510aae957cd943481442403ef44661b9c3e9803dacd580798767b3	finding	wchnet-chip-field	9	1	务初始化完成之后，TMOS 就会在循环中轮询任务事件，事件的标志存储在 16 位变量中， 其中每一位在同一任务中对应一个唯一的事件。标志位为 1 代表该位对应的事件运行，为 0 则为不运行。每个 Task 用户最多可以自定义 15 个事件，0x8000 为系统预留的 SYS_EVENT_MSG 事件，即系统消息传递事件，不可被定义。详情请参照 3.5 节。   任务执行的基本结构如图 3.1 所示，TMOS 根据任务的优先级轮询其是否有事件需要执 行，系统任务，如 2.4G 自动模式中发送结束自动接收应答和蓝牙中相关事务，拥有最高优 先级。待系统任务执行完成，若存在用户事件则执行相应的回调函数。当一个
2	tmp/wch-evt/evt/QingkeV3C_CH587_EVT/EXAM/BLE/«ﬂ∫„µÕπ¶∫ƒ¿∂—¿»Ìº˛ø™∑¢≤Œøº ÷≤·.PDF	197ec7ccbc510aae957cd943481442403ef44661b9c3e9803dacd580798767b3	finding	wchnet-chip-field	58	1	t connHandle, uint16_t startHandle,         uint16_t endHandle, uint8_t taskId )     当知道特征的句柄范围时，客户端可使用此程序在特征定义中查找所有特征描述符 AttributeHandles 和 AttributeTypes。        参数             描述        connHandle     连接句柄        startHandle    起始句柄        endHandle      结束句柄        taskID         通知的任务的 ID   1
2	tmp/wch-evt/evt/QingkeV3C_CH587_EVT/EXAM/BLE/«ﬂ∫„µÕπ¶∫ƒ¿∂—¿»Ìº˛ø™∑¢≤Œøº ÷≤·.PDF	197ec7ccbc510aae957cd943481442403ef44661b9c3e9803dacd580798767b3	global	id-terms	9	1	_SystemProcess()。 而初始化任务需要调用 tmosTaskID TMOS_ProcessEventRegister(pTaskEventHandlerFn eventCb) 函数，将事件的回调函数注册到 TMOS 中，并生成唯一的 8 位任务 ID。不同的任 务初始化后任务 ID 依次递增，而任务 ID 越小任务优先级最高。协议栈任务必须具有最高的 优先级。        1.   halTaskID = TMOS_ProcessEventRegister( HAL_ProcessEvent ); 3.3 任务事件及事件的执行   TMOS 通过轮询的方式进行调度，系统时钟一般来源于 RTC，单
2	tmp/wch-evt/evt/QingkeV3C_CH587_EVT/EXAM/BLE/«ﬂ∫„µÕπ¶∫ƒ¿∂—¿»Ìº˛ø™∑¢≤Œøº ÷≤·.PDF	197ec7ccbc510aae957cd943481442403ef44661b9c3e9803dacd580798767b3	global	id-terms	27	1	特征值的 ASCII 字符串。   这些属性存储在 GATT 服务器的属性表中，以下特征与每个属性相关联:   ·句柄（Handle） -表中属性的索引，每个属性都有唯一的句柄。   ·类型（Type） - 此属性指示属性代表什么，称为通用唯一标识符（UUID）。部分 UUID V1.9                                     26
2	tmp/wch-evt/evt/QingkeV3C_CH587_EVT/EXAM/BLE/«ﬂ∫„µÕπ¶∫ƒ¿∂—¿»Ìº˛ø™∑¢≤Œøº ÷≤·.PDF	197ec7ccbc510aae957cd943481442403ef44661b9c3e9803dacd580798767b3	global	revision-errata	4	1	........................................... 66     8.7.3 回调函数 ...................................................... 67 修订记录 .................................................................... 68 V1.9                                  3
2	tmp/wch-evt/evt/QingkeV3C_CH587_EVT/EXAM/BLE/«ﬂ∫„µÕπ¶∫ƒ¿∂—¿»Ìº˛ø™∑¢≤Œøº ÷≤·.PDF	197ec7ccbc510aae957cd943481442403ef44661b9c3e9803dacd580798767b3	global	revision-errata	6	1	沁恒低功耗蓝牙软件开发参考手册                                 http://wch.cn                          1. 概述 1.1 介绍   蓝牙自 4.0 版本支持两种无线技术：   ·蓝牙基本速率/增强数据速率（通常称为 BR/EDR 经典蓝牙）   ·低功耗蓝牙   低功耗蓝牙协议的创建旨在于一次传输非常小的数据包，因此与经典蓝牙相比功耗大大 下降。   可支持经典蓝牙和低功耗蓝牙的设备称之为双模设备，如移动手机。仅支持低功耗蓝牙 的设备称之为单模设备。这些设备主要用于低功耗的应用，如使用纽扣电池供电的应用。
2	tmp/wch-evt/evt/QingkeV3C_CH587_EVT/EXAM/BLE/«ﬂ∫„µÕπ¶∫ƒ¿∂—¿»Ìº˛ø™∑¢≤Œøº ÷≤·.PDF	197ec7ccbc510aae957cd943481442403ef44661b9c3e9803dacd580798767b3	global	revision-errata	69	14	沁恒低功耗蓝牙软件开发参考手册                              http://wch.cn                    修订记录        版本           时间                 修订内容        V1.0       2021/3/22    版本发布        V1.1       2021/4/19    增加 RF 使用示例及 API        V1.2       2021/5/28    内容勘误，添加 RF 描述
2	tmp/wch-evt/evt/QingkeV3C_CH587_EVT/EXAM/BLE/«ﬂ∫„µÕπ¶∫ƒ¿∂—¿»Ìº˛ø™∑¢≤Œøº ÷≤·.PDF	197ec7ccbc510aae957cd943481442403ef44661b9c3e9803dacd580798767b3	global	revision-errata	70	2	沁恒低功耗蓝牙软件开发参考手册                                       http://wch.cn                     版本声明与免责声明     本手册版权所有为南京沁恒微电子股份有限公司（Copyright © Nanjing Qinheng Microelectronics Co., Ltd. All Rights Reserved），未经南京沁恒微电子股份有限公司 书面许可，任何人不得因任何目的、以任何形式（包括但不限于全部或部分地向任何人复制、 泄露或散布）不当使用本产
2	tmp/wch-evt/evt/QingkeV3C_CH587_EVT/EXAM/BLE/«ﬂ∫„µÕπ¶∫ƒ¿∂—¿»Ìº˛ø™∑¢≤Œøº ÷≤·.PDF	197ec7ccbc510aae957cd943481442403ef44661b9c3e9803dacd580798767b3	global	silicon-package-lot	7	1	连接中作为从机 主机——可以扫描广播设备并发起连接，在单个链路层或多链路层中作为主机     逻辑链路控制协议（Logical Link Control and Adaptation Protocol）是主机与控 制器直接的适配器，提供数据封装服务。它向上连接应用层，向下连接控制器层，使上层 应用操作无需关心控制器的数据细节，。     安全管理协议（Security Manager）提供配对和密匙分发服务，实现安全连接和数据 交换。     属性传输协议（Attribute Protocol）定义了属性实体的概念，包括UUID、句柄和属 性值，规定了属性的读、写、通知等操作方法和细节。
2	tmp/wch-evt/evt/QingkeV3C_CH587_EVT/EXAM/I2C/I2CΩ”ø⁄ π”√÷∏ƒœ.PDF	df41d54ffde334679bc26d7e9ab369b03cff39a8f2ce783afacc8b3ee3f83c8b	global	revision-errata	1	1	http://wch.cn                                  I2C 接口使用指南                                         版本：1B                                       http://wch.cn 一、I2C 主模式发送  说明：S=Start(起始条件)，Sr=重复的起始条件，P=Stop(停止条件)，A=响应，NA=非响应，EVx=事件  (ITEVFEN=1 时产生中断)  EV5：SB=1，读 STAR1 然后将地址写入
2	tmp/wch-evt/evt/QingkeV3C_CH587_EVT/EXAM/TOUCH/WCH_touch_V3ø‚ π”√Àµ√˜.pdf	bf50109705ef8acbf0c3573ecd43689d2ae2a976dce9f4a56d04a7478e05359a	global	revision-errata	13	1	前系统的空闲状态            0：工作中            1：空闲 3.18 TKY_GetCurVersion uint16_t TKY_GetCurVersion (void) 功能描述       获取当前触摸库版本号 V1.1                                   13
2	tmp/wch-evt/evt/QingkeV3C_CH587_EVT/EXAM/TOUCH/WCH_touch_V3ø‚ π”√Àµ√˜.pdf	bf50109705ef8acbf0c3573ecd43689d2ae2a976dce9f4a56d04a7478e05359a	global	revision-errata	14	2	WCH_touch_V3 库使用说明                                          https://wch.cn 输入参数       无 返回值        返回当前库版本号            例如返回值为 300，则代表版本号为 3.0.0 3.19 TKY_SetCurQueueBaseLine uint8_t TKY_SetCurQueueBaseLine(uint8_t curQueueNum,                                  uint16_t baseLineValue)
2	tmp/wch-evt/evt/QingkeV3C_CH587_EVT/PUB/CH587 Evaluation Board Reference.pdf	82c60716f886b5951473c6c76c470bcd08ac7ff0febfc1ea47f577de8badb4bf	finding	iochub-identity	9	1	the close button to return to the previous level, the following figure: 10. Click '0xFFE5' service, the service has authentication read attribute, you need to enter the pairing key to read, in the send and receive interface click the read button will appear Bluetooth pairing interface (different cel
2	tmp/wch-evt/evt/QingkeV3C_CH587_EVT/PUB/CH587 Evaluation Board Reference.pdf	82c60716f886b5951473c6c76c470bcd08ac7ff0febfc1ea47f577de8badb4bf	global	silicon-package-lot	3	2	3. Software Development Please search and download the CH587EVT.ZIP development kit on the company homepage. 3.1 EVT Package Directory Structure                                    Figure 3-1 EVT package directory structure Description: PUB folder: Provides evaluation board manuals, evaluation board
2	tmp/wch-evt/evt/QingkeV3C_CH587_EVT/PUB/CH587∆¿π¿∞ÂÀµ√˜ È.pdf	e524224396a0c9fcf1132b003dc775b09cd51f70faf13af6325c57e84d1f42ee	finding	iochub-identity	8	1	面打开“接收通知数据”选项按钮，接收框会每隔一秒接收到设备发送来的字节“0x88”，返 回时需要关闭通知（NOTIFY），取消“接收通知数据”按钮选项，点击关闭按钮返回上一级，如下图：   10.点击“0xFFE5”服务，该服务具有认证读属性，需要输入配对配对密钥才能读取，在收发界面点 击读取按钮就会出现蓝牙配对界面（不同手机配对的时机不一样，有些是在连接成功后进行配对，有的 是在操作需要配对的服务时才进行配对），输入配对码默认是“000000”，选择 PIN 码，点击确定按钮， 主机与设备进行配对，配对成功后即可操作该服务，否则不能操作或者设备断开，如下图： 四、程序下载（以 C
2	tmp/wch-evt/evt/QingkeV3C_CH587_EVT/PUB/CH587∆¿π¿∞ÂÀµ√˜ È.pdf	e524224396a0c9fcf1132b003dc775b09cd51f70faf13af6325c57e84d1f42ee	global	revision-errata	1	1	https://wch.cn                    CH587 评估板说明及应用参考                                  版本：1                              https://wch.cn 一、概述   本评估板应用于 CH587 芯片的测试开发，配套 MounRiver 编译器以及上位机 ISP 工具，并提供了芯 片资源相关的应用参考示例及演示。 二、评估板硬件   评估板原理图请参考 CH587SCH.pdf 文档。   CH587M 评估板
2	tmp/wch-evt/evt/QingkeV3C_CH587_EVT/PUB/¿∂—¿–æ∆¨µƒµÁ¬∑º∞PCB…Ëº∆µƒ÷ÿ“™◊¢“‚ ¬œÓ.pdf	fa38487e29d9cf778512e51ae1865b63205f4b9b097278dd841df1bcdc484c81	global	revision-errata	1	1	https://wch.cn                   蓝牙芯片的电路及 PCB 设计的重要注意事项                                            版本：2B                                         https://wch.cn       图 1 图片来源: 沁恒微电子官方 CH585 EVT 开发板:       https://www.wch.cn/downloads/CH585EVT_ZIP.html  1. 天线设计       天线设计注意事项：
2	tmp/wch-evt/evt/QingkeV3F_CH32X315_EVT/EXAM/IAP/USB_UART/CH32X3x5_IAP π”√Àµ√˜.pdf	8a10df8fc6f78255ae9eb80424906ebd1363d88d4ccff2d96f9197efec4bdff4	global	revision-errata	1	1	https://wch.cn                     CH32X3x5_IAP 使用说明                               版本：V1.0                              https://wch.cn 1. 将 IAP 程序下载到 CH32X3x5 芯片 2. APP 起始地址选择。    设置 APP 地址偏移 0x5000，即起始地址为 0x08005000 3. 对于 APP 工程，可选生成.HEX 或者,BIN 文件，均支持使用 IAP 升级
2	tmp/wch-evt/evt/QingkeV3F_CH32X315_EVT/PUB/CH32X3x5 Evaluation Board Reference-EN.pdf	64115f9ea04b5f5cff2cc9706d5a9d8169496081cbcbfe788f70df91d739f664	finding	iochub-identity	6	2	ick add to watch Fill in the variable name, and add the variable you just selected to the window: 5) Peripheral registers In the lower left corner of IDE interface Peripherals interface shows a list of peripherals, tick the peripherals will display its specific register name, address, value in the M
2	tmp/wch-evt/evt/QingkeV3F_CH32X315_EVT/PUB/CH32X3x5 Evaluation Board Reference-EN.pdf	64115f9ea04b5f5cff2cc9706d5a9d8169496081cbcbfe788f70df91d739f664	global	silicon-package-lot	2	1	e                                                                 https://wch-ic.com 3. Software Development 3.1 EVT Package Directory Structure Description: PUB folder: provides evaluation board manuals, evaluation board schematics. EXAM folder: Provides software development drivers and correspondi
2	tmp/wch-evt/evt/QingkeV3F_CH32X315_EVT/PUB/CH32X3x5∆¿π¿∞ÂÀµ√˜ È.pdf	bb45de97592f9a55b8f1ac51577734c9222560f6f1f0dfe8eeea4db2eec40b5c	finding	h417-lot-capability	5	4	击退出调试。 4.单步跳入：每点一次按键，程序运行一步，遇到函数进入并执行。 5.单步跳过：跳出该函数，准备下一条语句。 6.单步返回：返回所跳入的函数 7.指令集单步模式：点击进入指令集调试（需与 4、5、6 功能配合使用）。 2）设置断点 双击代码左侧可设置断点，再次双击取消断点，设置断点如下图所示; 3）界面显示 （1）指令集界面 点击指令集单步调试可进入指令调试，以单步跳入为例，每点击一次，可运行一次，运行光标会 发生移动，以查看程序运行，指令集界面如下图所示： V1.0                        5
2	tmp/wch-evt/evt/QingkeV3F_CH32X315_EVT/PUB/CH32X3x5∆¿π¿∞ÂÀµ√˜ È.pdf	bb45de97592f9a55b8f1ac51577734c9222560f6f1f0dfe8eeea4db2eec40b5c	global	id-terms	1	1	版本：V1.0                                   https:// wch.cn 一、概述   本评估板应用于 CH32X3x5 芯片的开发，IDE 使用 MounRiver 2 编译器，可使用 WCH-Link 进行仿 真和下载，并提供了芯片资源相关的应用参考示例及演示。 二、评估板硬件   评估板的原理图请参考 CH32X3x5SCH.pdf 文档        CH32X3x5 评估板\CH32X3x5 Evaluation    模块说明\Descriptions
2	tmp/wch-evt/evt/QingkeV3F_CH32X315_EVT/PUB/CH32X3x5∆¿π¿∞ÂÀµ√˜ È.pdf	bb45de97592f9a55b8f1ac51577734c9222560f6f1f0dfe8eeea4db2eec40b5c	global	revision-errata	1	1	https://wch.cn              CH32X3x5 评估板说明及应用参考                                    版本：V1.0                                   https:// wch.cn 一、概述   本评估板应用于 CH32X3x5 芯片的开发，IDE 使用 MounRiver 2 编译器，可使用 WCH-Link 进行仿 真和下载，并提供了芯片资源相关的应用参考示例及演示。 二、评估板硬件   评估板的原理图请参考 CH
2	tmp/wch-evt/evt/QingkeV3F_CH32X315_EVT/PUB/CH32X3x5∆¿π¿∞ÂÀµ√˜ È.pdf	bb45de97592f9a55b8f1ac51577734c9222560f6f1f0dfe8eeea4db2eec40b5c	global	revision-errata	8	1	CH32X3x5 评估板说明及应用参考                                 https://wch.cn        Tips: 当前版本工具支持下载 target 文件时，配置下载文件地址。 五、WCHISPTool.exe 下载        使用 WCHISPTool 工具对芯片进行下载，支持 USB 和串口两种下载方式。USB 管脚为 PD6 （USBHS_DM）、PD7（USBHS_DP）;串口管脚为 PA4(TX)、PA5（RX）。        具体下载流程如下：
2	tmp/wch-evt/evt/QingkeV3V_CH32V407_EVT/EXAM/IAP/USB_UART/CH32V4x7_IAP π”√Àµ√˜.pdf	094d0abdcf4b7a43518a9f92be48912aead9772919c46ae14dfa4b28f38aebfd	global	revision-errata	1	1	https://wch.cn                     CH32V4x7_IAP 使用说明                               版本：V1.1                              https://wch.cn 1. 将 IAP 程序下载到 CH32V4x7 芯片 2. APP 起始地址选择。    设置 APP 地址偏移 0x5000，即起始地址为 0x08005000 3. 对于 APP 工程，可选生成.HEX 或者,BIN 文件，均支持使用 IAP 升级
2	tmp/wch-evt/evt/QingkeV3V_CH32V407_EVT/EXAM/IAP/USB_UART/CH32V4x7_IAP π”√Àµ√˜.pdf	094d0abdcf4b7a43518a9f92be48912aead9772919c46ae14dfa4b28f38aebfd	global	silicon-package-lot	1	1	P 后复位，检测到低电平后跳转 到 APP。APP 中同样可以通过指令跳转到 IAP 等待再下载    具体下载流程如下：    USB 下载：支持在程序中通过宏定义选择下载方式，包括 Vendor 或者 HID 模式，V4x7 芯 片部分封装支持两个 USBHS，可通过宏定义切换使用。如下图所示。USB 下载方式的软件设 备列表会提示当前程序的运行位置。 V1.1                               1
2	tmp/wch-evt/evt/QingkeV3V_CH32V407_EVT/PUB/CH32V4x7 Evaluation Board Reference-EN.pdf	3030dd04bac675b5fa2cbc98e07a0d67947681cfc8265ea4d7f64d20cb40e44a	finding	iochub-identity	8	2	ttps://wch-ic.com Fill in the variable name , and add the variable you just selected to the window: 5) Peripheral registers In the lower left corner of IDE interface Peripherals interface shows a list of peripherals, tick the peripherals will display its specific register name, address, value in the M
2	tmp/wch-evt/evt/QingkeV3V_CH32V407_EVT/PUB/CH32V4x7 Evaluation Board Reference-EN.pdf	3030dd04bac675b5fa2cbc98e07a0d67947681cfc8265ea4d7f64d20cb40e44a	global	silicon-package-lot	3	1	nce                                                               https://wch-ic.com 3. Software Development 3.1 EVT Package Directory Structure Description: PUB folder: provides evaluation board manuals, evaluation board schematics. EXAM folder: Provides software development drivers and correspondi
2	tmp/wch-evt/evt/QingkeV3V_CH32V407_EVT/PUB/CH32V4x7 Evaluation Board Reference-EN.pdf	3030dd04bac675b5fa2cbc98e07a0d67947681cfc8265ea4d7f64d20cb40e44a	global	silicon-package-lot	10	1	e PA11 (USB1DM), PA12 (USB1DP), PB6 (USB2DM), and PB7 (USB2DP); serial port pins are PA9 (TX) and PA10 (RX). The LQFP64 package does not support the BOOT function. Specific chip models include CH32V407RET6 and CH32V467RET6. The download process is as follows: (1) Connect BOOT0 to VCC and BOOT1 to ground. C
2	tmp/wch-evt/evt/QingkeV3V_CH32V407_EVT/PUB/CH32V4x7∆¿π¿∞ÂÀµ√˜ È.pdf	e083020931f004cf8d2c4e383061e9857c189ef005ad403b69cd960afc3c7e57	finding	h417-lot-capability	5	4	击退出调试。 4.单步跳入：每点一次按键，程序运行一步，遇到函数进入并执行。 5.单步跳过：跳出该函数，准备下一条语句。 6.单步返回：返回所跳入的函数 7.指令集单步模式：点击进入指令集调试（需与 4、5、6 功能配合使用）。 2）设置断点 双击代码左侧可设置断点，再次双击取消断点，设置断点如下图所示; 3）界面显示 （1）指令集界面 点击指令集单步调试可进入指令调试，以单步跳入为例，每点击一次，可运行一次，运行光标会 发生移动，以查看程序运行，指令集界面如下图所示： V1.1                        5
2	tmp/wch-evt/evt/QingkeV3V_CH32V407_EVT/PUB/CH32V4x7∆¿π¿∞ÂÀµ√˜ È.pdf	e083020931f004cf8d2c4e383061e9857c189ef005ad403b69cd960afc3c7e57	global	id-terms	1	1	版本：V1.1                                   https:// wch.cn 一、概述   本评估板应用于 CH32V4x7 芯片的开发，IDE 使用 MounRiver 2 编译器，可使用 WCH-Link 进行仿 真和下载，并提供了芯片资源相关的应用参考示例及演示。 二、评估板硬件   评估板的原理图请参考 CH32V4x7SCH.pdf 文档        CH32V4x7 评估板\CH32V407 Evaluation    模块说明\Descriptions
2	tmp/wch-evt/evt/QingkeV3V_CH32V407_EVT/PUB/CH32V4x7∆¿π¿∞ÂÀµ√˜ È.pdf	e083020931f004cf8d2c4e383061e9857c189ef005ad403b69cd960afc3c7e57	global	revision-errata	1	1	https://wch.cn              CH32V4x7 评估板说明及应用参考                                    版本：V1.1                                   https:// wch.cn 一、概述   本评估板应用于 CH32V4x7 芯片的开发，IDE 使用 MounRiver 2 编译器，可使用 WCH-Link 进行仿 真和下载，并提供了芯片资源相关的应用参考示例及演示。 二、评估板硬件   评估板的原理图请参考 CH
2	tmp/wch-evt/evt/QingkeV3V_CH32V407_EVT/PUB/CH32V4x7∆¿π¿∞ÂÀµ√˜ È.pdf	e083020931f004cf8d2c4e383061e9857c189ef005ad403b69cd960afc3c7e57	global	revision-errata	8	1	CH32V4x7 评估板说明及应用参考                                               https://wch.cn        Tips: 当前版本工具支持下载 target 文件时，配置下载文件地址。 五、WCHISPTool.exe 下载        使用 WCHISPTool 工具对芯片进行下载，支持 USB 和串口两种下载方式。USB 管脚为 PA11 （USB1DM）、PA12（USB1DP），PB6（USB2DM）、PB7（USB2DP）;串口管脚为 PA9(TX)、PA10（RX）。
2	tmp/wch-evt/evt/QingkeV3V_CH32V407_EVT/PUB/CH32V4x7∆¿π¿∞ÂÀµ√˜ È.pdf	e083020931f004cf8d2c4e383061e9857c189ef005ad403b69cd960afc3c7e57	global	silicon-package-lot	8	1	l 工具对芯片进行下载，支持 USB 和串口两种下载方式。USB 管脚为 PA11 （USB1DM）、PA12（USB1DP），PB6（USB2DM）、PB7（USB2DP）;串口管脚为 PA9(TX)、PA10（RX）。LQFP64 封装不支持 BOOT 功能，具体芯片型号 CH32V407RET6、CH32V467RET6。下载流程如下：        (1) BOOT0 接 VCC，BOOT1 接地，通过串口或者 USB 连接 PC；        (2) 打开 WCHISPTool 工具，选择相应下载方式，选择下载固件，勾选芯片配置，点击下载；        (3) BOOT0
2	tmp/wch-evt/evt/QingkeV4B_CH32V203_EVT/EXAM/APPLICATION/USBPD/CH223 Demo∞Â π”√Àµ√˜.pdf	47421352c2eb61da3d0991358441d5dd94144a97ff3193d3ac5d83f220a511f5	global	revision-errata	1	1	http://wch.cn                          CH223 Demo 板使用说明                                   版本：V1.1                                 http://wch.cn 一、概述     本评估板应用于 CH223P 芯片的开发例程演示，配合 CH32V203RBT6 主控评估板使用。IDE 使用 MounRiver 编译器，可选择使用板载或独立的 WCH-Link 进行仿真和下载，参考示例在 CH32V203EVT 的
2	tmp/wch-evt/evt/QingkeV4B_CH32V203_EVT/EXAM/BLE/MESH/«ﬂ∫„MESH APPπ‹¿Ì≈‰Õ¯”¶”√ ÷≤·.PDF	b5975bbb393e6cb539a40d184e49ed7b1275504db4346b2da313c48ab5b196f0	finding	iochub-identity	4	2	4                             http://wch.cn 2．应用层程序介绍 2.1 应用层初始化   应用层初始化函数包含 BLE 从机初始化，以及 MESH 初始化，同时注册了一个按键回调 用于演示。    1. void App_Init()    2. {    3.     GAPRole_PeripheralInit();    4.     Peripheral_Init();    5.    6.     App_TaskID = TMOS_ProcessEventRegister(App_ProcessEvent
2	tmp/wch-evt/evt/QingkeV4B_CH32V203_EVT/EXAM/BLE/MESH/«ﬂ∫„µÕπ¶∫ƒ¿∂—¿MESH»Ìº˛ø™∑¢≤Œøº ÷≤·.PDF	ea4e426ded77b290fc76a91d4c50f2d462c58fd3a32409957fab2a768025da26	finding	iochub-identity	13	1	pcode 0x%02x", val->cfgHdr.opcode); 23.      } 24. } 4.1.3 定义操作码和对应处理函数   CONFIG 模型和 HEALTH 模型的 ID 和操作码及其处理函数由库封好，用户只需要注册对 应回调查看执行状态即可。其他添加的模型则需要用户自行定义，例如本章节开头初始化 定义的 GEN_ONOFF 模型，用户在初始化时需要传入其操作码结构体数组指针，其定义如下。 1. const struct bt_mesh_model_op gen_onoff_op[] = { 2.       {BLE_MESH_MODEL_OP_GEN_ONOFF_G
2	tmp/wch-evt/evt/QingkeV4B_CH32V203_EVT/EXAM/BLE/MESH/«ﬂ∫„µÕπ¶∫ƒ¿∂—¿MESH»Ìº˛ø™∑¢≤Œøº ÷≤·.PDF	ea4e426ded77b290fc76a91d4c50f2d462c58fd3a32409957fab2a768025da26	finding	iochub-identity	15	2	大值 255，之后循环，当发送数据时开启了应用层的重传功能，此 ID 可用于屏蔽收到的重复数据。   注意：当多个服务互相通信时，需要修改例程默认对此 srv_tid 判断的判断流程，可 自行添加其他判断逻辑。   handler 为应用层注册的此模型内操作码回调函数，在沁恒自定义服务模型的源文件 的操作码处理函数中可以看到，处理完数据后，会调用这个回调函数通知应用层收到的内 容和来源网络地址。这里注册的回调函数为 vendor_model_srv_rsp_handler。 1. static void vendor_model_srv_rsp_handler(const vendor_model
2	tmp/wch-evt/evt/QingkeV4B_CH32V203_EVT/EXAM/BLE/MESH/«ﬂ∫„µÕπ¶∫ƒ¿∂—¿MESH»Ìº˛ø™∑¢≤Œøº ÷≤·.PDF	ea4e426ded77b290fc76a91d4c50f2d462c58fd3a32409957fab2a768025da26	finding	iochub-identity	16	2	16                       http://wch.cn 其他判断，这里的命令协议是由用户自行拟定的，例程为演示作用。 4.2.5 初始化函数      在初始化函数中，给模型配置字赋值，并注册服务模型的 TMOS 任务处理函数。 1. static int vendor_model_srv_init(struct bt_mesh_model *model) 2. { 3.     vendor_model_srv = model->user_data; 4.     vendor_model_srv->model = model; 5. 6.
2	tmp/wch-evt/evt/QingkeV4B_CH32V203_EVT/EXAM/BLE/MESH/«ﬂ∫„µÕπ¶∫ƒ¿∂—¿MESH»Ìº˛ø™∑¢≤Œøº ÷≤·.PDF	ea4e426ded77b290fc76a91d4c50f2d462c58fd3a32409957fab2a768025da26	global	revision-errata	4	1	.............................................. 39     9.2 通过独立 ble 功能连接手机 ........................................ 39   修订记录 ................................................................ 41
2	tmp/wch-evt/evt/QingkeV4B_CH32V203_EVT/EXAM/BLE/MESH/«ﬂ∫„µÕπ¶∫ƒ¿∂—¿MESH»Ìº˛ø™∑¢≤Œøº ÷≤·.PDF	ea4e426ded77b290fc76a91d4c50f2d462c58fd3a32409957fab2a768025da26	global	revision-errata	21	1	("Unabled Enable Provisoner (err:%d)", err); 12.      } 13. 14.      node = node_get(addr); 15.      if(!node || !node->fixed) 16.      { 17.          node = node_cfg_process(node, net_idx, addr, ARRAY_SIZE(elements)); 18.          if(!node) 19.          { 20.                 APP_DBG("Unable allocate nod
2	tmp/wch-evt/evt/QingkeV4B_CH32V203_EVT/EXAM/BLE/MESH/«ﬂ∫„µÕπ¶∫ƒ¿∂—¿MESH»Ìº˛ø™∑¢≤Œøº ÷≤·.PDF	ea4e426ded77b290fc76a91d4c50f2d462c58fd3a32409957fab2a768025da26	global	revision-errata	22	1	num_elem) 2. { 3.      node_t *node; 4.      APP_DBG(""); 5. 6.      node = node_get(addr); 7.      if(!node || !node->fixed) 8.      {
2	tmp/wch-evt/evt/QingkeV4B_CH32V203_EVT/EXAM/BLE/MESH/«ﬂ∫„µÕπ¶∫ƒ¿∂—¿MESH»Ìº˛ø™∑¢≤Œøº ÷≤·.PDF	ea4e426ded77b290fc76a91d4c50f2d462c58fd3a32409957fab2a768025da26	global	revision-errata	25	1	node->stage.node = NODE_INIT; 14.             node->node_addr = BLE_MESH_ADDR_UNASSIGNED; 15.             node->fixed = FALSE; 16.             APP_DBG("node reset complete"); 17.         } 18.         return; 19.     } 20. 21.     node = node_unblock_get(); 22.     if(!node) 23.     { 24.
2	tmp/wch-evt/evt/QingkeV4B_CH32V203_EVT/EXAM/BLE/MESH/«ﬂ∫„µÕπ¶∫ƒ¿∂—¿MESH»Ìº˛ø™∑¢≤Œøº ÷≤·.PDF	ea4e426ded77b290fc76a91d4c50f2d462c58fd3a32409957fab2a768025da26	global	revision-errata	41	4	沁恒低功耗蓝牙 MESH 软件开发参考手册      41            http://wch.cn 修订记录        版本                 时间           修订内容        V1.0             2022/3/16      版本发布        V1.1             2022/7/14     新增配置描述                                     同步例程更新对应
2	tmp/wch-evt/evt/QingkeV4B_CH32V203_EVT/EXAM/BLE/MESH/«ﬂ∫„µÕπ¶∫ƒ¿∂—¿MESH»Ìº˛ø™∑¢≤Œøº ÷≤·.PDF	ea4e426ded77b290fc76a91d4c50f2d462c58fd3a32409957fab2a768025da26	global	revision-errata	42	2	沁恒低功耗蓝牙 MESH 软件开发参考手册         42                      http://wch.cn                     版本声明与免责声明     本手册版权所有为南京沁恒微电子股份有限公司（Copyright © Nanjing Qinheng Microelectronics Co., Ltd. All Rights Reserved），未经南京沁恒微电子股份有限公司 书面许可，任何人不得因任何目的、以任何形式（包括但不限于全部或部分地向任何人复 制、泄露或散布）不当使用本产
2	tmp/wch-evt/evt/QingkeV4B_CH32V203_EVT/EXAM/BLE/WCH CH32V208 ¿∂—¿ø’÷–…˝º∂£®BLE OTA£©.PDF	02489bbaf1cd268b62dd2ad11c52753cb0f4c94c457d06c8eaaf89a96abfcd08	finding	iochub-identity	2	1	http://wch.cn 结束指令，命令定义在 EXAM\BLE\BackupUpgrade_OTA\APP\include\OTA.h 中。     在                    函数中注册 Peripheral_OTA_IAPProfileCBs 里包含 OTA_IAPWriteData()函数，此函数会调用 Rec_OTA_IAP_DataDeal();    在这个函数中接收数据    在                                                                 这个 地方
2	tmp/wch-evt/evt/QingkeV4B_CH32V203_EVT/EXAM/BLE/WCH CH32V208 ¿∂—¿ø’÷–…˝º∂£®BLE OTA£©.PDF	02489bbaf1cd268b62dd2ad11c52753cb0f4c94c457d06c8eaaf89a96abfcd08	finding	iochub-identity	3	1	程序执行 升级流程。   EXAM\BLE\OnlyUpdateApp_IAP 例子负责接收升级包升级 APP 区域，升级完成后跳转执行 APP 代 码。                                在这个函数中注册回调函数                                                                            接 收手机发下来的数据，                                                                   处理收到的 OTA 包，至升
2	tmp/wch-evt/evt/QingkeV4B_CH32V203_EVT/EXAM/BLE/WCH CH32V208 ¿∂—¿ø’÷–…˝º∂£®BLE OTA£©.PDF	02489bbaf1cd268b62dd2ad11c52753cb0f4c94c457d06c8eaaf89a96abfcd08	global	revision-errata	2	1	这个 地方调用    Rec_OTA_IAP_DataDeal()函数处理，至升级完成。 升级用的 APP 软件，目前提供了安卓版本的，需要把编译产生的 hex 文件放到 Image_A 文件夹下，触 发 OTA 后，Image_A 文件按钮亮，可以点击开始升级。 2.1.1 方式一 DFU 固件烧录说明   方式一 DFU 包含 2 个文件 APP + IAP（APP 是用户功能代码，也是实现产品功能和升级功能的主 体，对应 BackupUpgrade_OTA 产生的 hex 文件；
2	tmp/wch-evt/evt/QingkeV4B_CH32V203_EVT/EXAM/BLE/WCH CH32V208 ¿∂—¿ø’÷–…˝º∂£®BLE OTA£©.PDF	02489bbaf1cd268b62dd2ad11c52753cb0f4c94c457d06c8eaaf89a96abfcd08	global	revision-errata	3	1	机发下来的数据，                                                                   处理收到的 OTA 包，至升级完成。     升级用的 APP 软件，目前提供了安卓版本的，需要把编译产生的 hex 文件放到的 Image-A 文件夹 下，触发 OTA 后，点击开始升级，至提示成功。 2.2.1 方式二 DFU 固件烧录说明   方式二 DFU 包含 3 个文件 APP + IAP + LIB（APP 是用户功能代码，也是实现产品功能的主体， 对应 OnlyUpdateApp_Peripheral 产生的 hex 文件；I
2	tmp/wch-evt/evt/QingkeV4B_CH32V203_EVT/EXAM/BLE/«ﬂ∫„µÕπ¶∫ƒ¿∂—¿»Ìº˛ø™∑¢≤Œøº ÷≤·.PDF	14b38c55cd737852b982e07695030f6913c3529620050bd52ba2aa18e016d9de	finding	iochub-identity	9	3	不可 或缺的。 3.2 任务初始化     首先，为保证 TMOS 持续运行，需要在 main()的最后循环执行 TMOS_SystemProcess()。 而初始化任务需要调用 tmosTaskID TMOS_ProcessEventRegister(pTaskEventHandlerFn eventCb) 函数，将事件的回调函数注册到 TMOS 中，并生成唯一的 8 位任务 ID。不同的任 务初始化后任务 ID 依次递增，而任务 ID 越小任务优先级最高。协议栈任务必须具有最高的 优先级。       1.   halTaskID = TMOS_ProcessEventRegister( HAL_P
2	tmp/wch-evt/evt/QingkeV4B_CH32V203_EVT/EXAM/BLE/«ﬂ∫„µÕπ¶∫ƒ¿∂—¿»Ìº˛ø™∑¢≤Œøº ÷≤·.PDF	14b38c55cd737852b982e07695030f6913c3529620050bd52ba2aa18e016d9de	finding	iochub-identity	11	1	llocate()函数为发送的数据申请内存，若申请成功，则返回内存      地址，若失败则返回 NULL。   2. 将数据拷贝到内存中。   3. 调用 tmos_msg_send()函数向指定的任务发送数据的指针。   1. // Register Key task ID
2	tmp/wch-evt/evt/QingkeV4B_CH32V203_EVT/EXAM/BLE/«ﬂ∫„µÕπ¶∫ƒ¿∂—¿»Ìº˛ø™∑¢≤Œøº ÷≤·.PDF	14b38c55cd737852b982e07695030f6913c3529620050bd52ba2aa18e016d9de	finding	iochub-identity	12	2	沁恒低功耗蓝牙软件开发参考手册                              11                          http://wch.cn   2. HAL_KEY_RegisterForKeys( centralTaskId )   3. // Send the address to the task   4.       msgPtr = ( keyChange_t * ) tmos_msg_allocate( sizeof(keyChange_t));   5.       if ( msgPtr )   6.       {
2	tmp/wch-evt/evt/QingkeV4B_CH32V203_EVT/EXAM/BLE/«ﬂ∫„µÕπ¶∫ƒ¿∂—¿»Ìº˛ø™∑¢≤Œøº ÷≤·.PDF	14b38c55cd737852b982e07695030f6913c3529620050bd52ba2aa18e016d9de	finding	iochub-identity	14	2	通过配置参数 bleConfig_t 配置库的内存， 时钟，发射功率等参数，然后通过 BLE_LibInit()函数将配置参数传进库中。    4.4.2 HAL 层初始化   注册 HAL 层任务，对硬件参数进行初始化，如 RTC 时钟，睡眠唤醒，RF 校准等。   1. void HAL_Init()   2. {   3.      halTaskID = TMOS_ProcessEventRegister( HAL_ProcessEvent );   4.      HAL_TimeInit();
2	tmp/wch-evt/evt/QingkeV4B_CH32V203_EVT/EXAM/BLE/«ﬂ∫„µÕπ¶∫ƒ¿∂—¿»Ìº˛ø™∑¢≤Œøº ÷≤·.PDF	14b38c55cd737852b982e07695030f6913c3529620050bd52ba2aa18e016d9de	finding	iochub-identity	15	3	0 );      // 添加一个测试任务   18. }    4.4.3 低功耗蓝牙从机初始化   此过程包括两个部分：   1. GAP 角色的初始化，此过程由低功耗蓝牙库完成；   2. 低功耗蓝牙从机应用初始化，包括从机任务的注册，参数配置（如广播参数，连接      参数，绑定参数等）   ，GATT 层服务的注册，以及回调函数的注册。详见 5.5.3.2 节。   图 4.2 显示了例程 Peripheral 的完整属性表，可作为低功耗蓝牙通讯时的参考。详细 信息请参考第五章。
2	tmp/wch-evt/evt/QingkeV4B_CH32V203_EVT/EXAM/BLE/«ﬂ∫„µÕπ¶∫ƒ¿∂—¿»Ìº˛ø™∑¢≤Œøº ÷≤·.PDF	14b38c55cd737852b982e07695030f6913c3529620050bd52ba2aa18e016d9de	finding	iochub-identity	22	1	的那样，GAPRole 是一个单独的任务(GAPRole_PeripheralInit)， GAPRole 大部代码在蓝牙库中运行，从而简化应用层程序。该任务在初始化期间由应用程序 启动和配置。且存在回调，应用程序可向 GAPRole 任务注册回调函数。     根据设备的配置，GAP 层可以运行以下四种角色：     ·广播者（Broadcaster） - 仅广播无法被连接     ·观察者（Observer） -仅扫描广播而无法建立连接     ·外围设备（Peripheral） -可广播且可作为从机在链路层建立连接     ·中心设备（Central） - 可扫描广播也可作为主机在链路层建立
2	tmp/wch-evt/evt/QingkeV4B_CH32V203_EVT/EXAM/BLE/«ﬂ∫„µÕπ¶∫ƒ¿∂—¿»Ìº˛ø™∑¢≤Œøº ÷≤·.PDF	14b38c55cd737852b982e07695030f6913c3529620050bd52ba2aa18e016d9de	finding	iochub-identity	25	2	钥交互的过程        加密（Encryption）         配对后数据被加密，或是重新加密        验              证 配对过程以中间人（MITM：Manin theMiddle）保护完成        （Authentication）        绑定（Bonding）            将加密密钥存储在非易失性存储器中，用于下一个加密序列        授              权 除身份验证外，还进行附加的应用程序级密钥交换        （Authorization）        无线之外（OOB）              密钥不是通过无线的方式
2	tmp/wch-evt/evt/QingkeV4B_CH32V203_EVT/EXAM/BLE/«ﬂ∫„µÕπ¶∫ƒ¿∂—¿»Ìº˛ø™∑¢≤Œøº ÷≤·.PDF	14b38c55cd737852b982e07695030f6913c3529620050bd52ba2aa18e016d9de	finding	iochub-identity	29	3	以在例程 Central 找到相应的源码。   1. 初始化 GATT 客户端。        1.    // Initialize GATT Client        2.    GATT_InitClient();   2. 注册相关信息以接收传入的 ATT 指示和通知。   1. // Register to receive incoming ATT Indications/Notifications   2. GATT_RegisterForInd( centralTaskId );   3. 执行客户端的程序，如 GATT_WriteCharValue()，即向服务器
2	tmp/wch-evt/evt/QingkeV4B_CH32V203_EVT/EXAM/BLE/«ﬂ∫„µÕπ¶∫ƒ¿∂—¿»Ìº˛ø™∑¢≤Œøº ÷≤·.PDF	14b38c55cd737852b982e07695030f6913c3529620050bd52ba2aa18e016d9de	finding	iochub-identity	33	3	rmission – 配置 GATT 客户端设备是否可以访问属性的值。可配置的权限如下：     – GATT_PERMIT_READ //可读    – GATT_PERMIT_WRITE // 可写     – GATT_PERMIT_AUTHEN_READ // 需身份验证读    – GATT_PERMIT_AUTHEN_WRITE //需身份验证写    – GATT_PERMIT_AUTHOR_READ // 需授权读    – GATT_PERMIT_ENCRYPT_READ // 需加密读    – GATT_PERMIT_ENCRYPT_WRITE // 需加密写    ·Handl
2	tmp/wch-evt/evt/QingkeV4B_CH32V203_EVT/EXAM/BLE/«ﬂ∫„µÕπ¶∫ƒ¿∂—¿»Ìº˛ø™∑¢≤Œøº ÷≤·.PDF	14b38c55cd737852b982e07695030f6913c3529620050bd52ba2aa18e016d9de	finding	iochub-identity	35	6	figuration attributes    2. GATTServApp_InitCharCfg(INVALID_CONNHANDLE, simpleProfileChar4Config);   最后通过 GATTServApp 注册配置文件。   GATTServApp_RegisterService()函数将配置文件的属性表 simpleProfileAttrTb1 传 递给 GATTServApp，以便将配置文件的属性添加到由协议栈管理的应用程序范围的属性表中。    1.    // Register GATT attribute list and CBs with GATT
2	tmp/wch-evt/evt/QingkeV4B_CH32V203_EVT/EXAM/BLE/«ﬂ∫„µÕπ¶∫ƒ¿∂—¿»Ìº˛ø™∑¢≤Œøº ÷≤·.PDF	14b38c55cd737852b982e07695030f6913c3529620050bd52ba2aa18e016d9de	finding	iochub-identity	36	1	simpleProfileChangeCB   // Charactersitic value change callback   5. };   5.5.4.2.4 读写回调函数   当配置文件被读写时，需要有相应的回调函数，其注册方法与应用程序回调函数一致， 具体可参考 Peripheral 工程。   5.5.4.2.5 配置文件的获取与设置   配置文件包含读取与写入特征功能，图 5.9 描述了应用程序设置配置文件参数的逻辑。                              图 5.9 获取和设置配置文件参数
2	tmp/wch-evt/evt/QingkeV4B_CH32V203_EVT/EXAM/BLE/«ﬂ∫„µÕπ¶∫ƒ¿∂—¿»Ìº˛ø™∑¢≤Œøº ÷≤·.PDF	14b38c55cd737852b982e07695030f6913c3529620050bd52ba2aa18e016d9de	finding	iochub-identity	39	3	的协议。 7.2 配置协议栈   首先初始化蓝牙库：   1. CH58X_BLEInit( );   然后配置此设备的角色为 RF Role：   1. RF_RoleInit ( ); 7.3 定义应用程序任务   注册 RF 任务，初始化 RF 功能，以及注册 RF 的回调函数：   1. taskID = TMOS_ProcessEventRegister( RF_ProcessEvent );   2.      rfConfig.accessAddress = 0x71764129;   // 禁止使用 0x55555555 以及   3. 0xAAAAAAAA
2	tmp/wch-evt/evt/QingkeV4B_CH32V203_EVT/EXAM/BLE/«ﬂ∫„µÕπ¶∫ƒ¿∂—¿»Ìº˛ø™∑¢≤Œøº ÷≤·.PDF	14b38c55cd737852b982e07695030f6913c3529620050bd52ba2aa18e016d9de	finding	iochub-identity	42	3	SYS_GetSysTickCnt()    返回                0: SUCCESS                      1: FAILURE   1. tmosTasklD TMOS_ProcessEventRegister( pTaskEventHandIerFn eventCb )   注册事件回调函数，一般用于注册任务时首先执行。    参数                 描述    eventCb            TMOS 任务回调函数    返回                 分配的 ID 值，OxFF 表示无效   1. bStatus_t tm
2	tmp/wch-evt/evt/QingkeV4B_CH32V203_EVT/EXAM/BLE/«ﬂ∫„µÕπ¶∫ƒ¿∂—¿»Ìº˛ø™∑¢≤Œøº ÷≤·.PDF	14b38c55cd737852b982e07695030f6913c3529620050bd52ba2aa18e016d9de	finding	iochub-identity	56	4	4.1 指令    8.4.1.1 从机指令   1. bStatus_t GATT_Indication( uint16_t connHandle, attHandleValueInd_t *pInd, u        int8_t authenticated, uint8_t taskId )   服务器向客户端指示一个特征值并期望属性协议层确认已经成功收到指示。   需要注意的是，当返回失败时需要释放内存。    参数                 描述    connHandle         连接句柄    pInd               指向要发送的指令    authe
2	tmp/wch-evt/evt/QingkeV4B_CH32V203_EVT/EXAM/BLE/«ﬂ∫„µÕπ¶∫ƒ¿∂—¿»Ìº˛ø™∑¢≤Œøº ÷≤·.PDF	14b38c55cd737852b982e07695030f6913c3529620050bd52ba2aa18e016d9de	finding	iochub-identity	59	1	oRsp(uint16_t connHandle, attWriteReq_t *pReq)     当客户端知道特征句柄且 ATT 确认未加密时，可用此函数向服务器写入特征值。仅当 Characteristic Properties 认证位使能且服务器和客户端均建立绑定。    参数                描述    connHandle        连接句柄    pReq              指向要发送的命令的指针   1. bStatus_t GATT_WriteCharValue( uint16_t connHandle, attWriteReq_t *pReq
2	tmp/wch-evt/evt/QingkeV4B_CH32V203_EVT/EXAM/BLE/«ﬂ∫„µÕπ¶∫ƒ¿∂—¿»Ìº˛ø™∑¢≤Œøº ÷≤·.PDF	14b38c55cd737852b982e07695030f6913c3529620050bd52ba2aa18e016d9de	finding	iochub-identity	61	1	uint8_t *pValue; //!< Value of the attribute to be written (0 to ATT_MT   7. U_SIZE-3)   8.       uint8_t sig;    //!< Authentication Signature status (not included (0)   9. , valid (1), invalid (2))   10.      uint8_t cmd;    //!< Command Flag
2	tmp/wch-evt/evt/QingkeV4B_CH32V203_EVT/EXAM/BLE/«ﬂ∫„µÕπ¶∫ƒ¿∂—¿»Ìº˛ø™∑¢≤Œøº ÷≤·.PDF	14b38c55cd737852b982e07695030f6913c3529620050bd52ba2aa18e016d9de	finding	iochub-identity	63	2	：无法读取属性。   ·ATT_ERR_WRITE_NOT_PERMITTED（0x03）：无法写入属性。   ·ATT_ERR_INVALID_PDU（0x04） ：属性 PDU 无效。   · ATT_ERR_INSUFFICIENT_AUTHEN（0x05）：该属性需要进行身份验证才能被读取或写 入。   ·ATT_ERR_UNSUPPORTED_REQ（0x06） ：属性服务器不支持从属性客户端收到的请求。   ·ATT_ERR_INVALID_OFFSET（0x07） ：指定的偏移量超出了属性的末尾。   ·ATT_ERR_INSUFFICIENT_AUTHOR（0x08）：该属性需要授权才
2	tmp/wch-evt/evt/QingkeV4B_CH32V203_EVT/EXAM/BLE/«ﬂ∫„µÕπ¶∫ƒ¿∂—¿»Ìº˛ø™∑¢≤Œøº ÷≤·.PDF	14b38c55cd737852b982e07695030f6913c3529620050bd52ba2aa18e016d9de	finding	wchnet-chip-field	9	1	TMOS 就会在循环中轮询任务事件， 事件的标志存储在 16 位变量中， 其中每一位在同一任务中对应一个唯一的事件。标志位为 1 代表该位对应的事件运行，为 0 则为不运行。  每个 Task 用户最多可以自定义 15 个事件，0x8000 为系统预留的 SYS_EVENT_MSG 事件，即系统消息传递事件，不可被定义。详情请参照 3.5 节。   任务执行的基本结构如图 3.1 所示，TMOS 根据任务的优先级轮询其是否有事件需要执 行，系统任务，如 2.4G 自动模式中发送结束自动接收应答和蓝牙中相关事务，拥有最高优 先级。待系统任务执行完成，若存在用户事件则执行相应的回调函数。当一个
2	tmp/wch-evt/evt/QingkeV4B_CH32V203_EVT/EXAM/BLE/«ﬂ∫„µÕπ¶∫ƒ¿∂—¿»Ìº˛ø™∑¢≤Œøº ÷≤·.PDF	14b38c55cd737852b982e07695030f6913c3529620050bd52ba2aa18e016d9de	finding	wchnet-chip-field	58	1	16_t connHandle, uint16_t startHandle,      uint16_t endHandle, uint8_t taskId )     当知道特征的句柄范围时，客户端可使用此程序在特征定义中查找所有特征描述符 AttributeHandles 和 AttributeTypes。    参数               描述    connHandle       连接句柄    startHandle      起始句柄    endHandle        结束句柄    taskID           通知的任务的 ID   1. bStatus_
2	tmp/wch-evt/evt/QingkeV4B_CH32V203_EVT/EXAM/BLE/«ﬂ∫„µÕπ¶∫ƒ¿∂—¿»Ìº˛ø™∑¢≤Œøº ÷≤·.PDF	14b38c55cd737852b982e07695030f6913c3529620050bd52ba2aa18e016d9de	global	id-terms	9	1	_SystemProcess()。 而初始化任务需要调用 tmosTaskID TMOS_ProcessEventRegister(pTaskEventHandlerFn eventCb) 函数，将事件的回调函数注册到 TMOS 中，并生成唯一的 8 位任务 ID。不同的任 务初始化后任务 ID 依次递增，而任务 ID 越小任务优先级最高。协议栈任务必须具有最高的 优先级。       1.   halTaskID = TMOS_ProcessEventRegister( HAL_ProcessEvent ); 3.3 任务事件及事件的执行   TMOS 通过轮询的方式进行调度，系统时钟一般来源于 RTC，单
2	tmp/wch-evt/evt/QingkeV4B_CH32V203_EVT/EXAM/BLE/«ﬂ∫„µÕπ¶∫ƒ¿∂—¿»Ìº˛ø™∑¢≤Œøº ÷≤·.PDF	14b38c55cd737852b982e07695030f6913c3529620050bd52ba2aa18e016d9de	global	id-terms	28	1	p://wch.cn    这些属性存储在 GATT 服务器的属性表中，以下特征与每个属性相关联:    ·句柄（Handle） -表中属性的索引，每个属性都有唯一的句柄。    ·类型（Type） - 此属性指示属性代表什么，称为通用唯一标识符（UUID）   。部分 UUID 由 BluetoothSIG 定义，其他一些 UUID 可由用户自定义。    ·权限（Permissions） -用于限制 GATT 客户端访问该属性的值的权限与方式。    ·值（pValue）– 指向属性值的指针，在初始化后其长度无法改变。最大大小 512 字 节。    5.5.2 GATT 服务与协议   GATT 服务
2	tmp/wch-evt/evt/QingkeV4B_CH32V203_EVT/EXAM/BLE/«ﬂ∫„µÕπ¶∫ƒ¿∂—¿»Ìº˛ø™∑¢≤Œøº ÷≤·.PDF	14b38c55cd737852b982e07695030f6913c3529620050bd52ba2aa18e016d9de	global	revision-errata	4	1	........................................... 66     8.7.3 回调函数 ...................................................... 67 修订记录 .................................................................... 68
2	tmp/wch-evt/evt/QingkeV4B_CH32V203_EVT/EXAM/BLE/«ﬂ∫„µÕπ¶∫ƒ¿∂—¿»Ìº˛ø™∑¢≤Œøº ÷≤·.PDF	14b38c55cd737852b982e07695030f6913c3529620050bd52ba2aa18e016d9de	global	revision-errata	6	1	沁恒低功耗蓝牙软件开发参考手册             5                   http://wch.cn 1. 概述 1.1 介绍   蓝牙自 4.0 版本支持两种无线技术：   ·蓝牙基本速率/增强数据速率（通常称为 BR/EDR 经典蓝牙）   ·低功耗蓝牙   低功耗蓝牙协议的创建旨在于一次传输非常小的数据包，因此与经典蓝牙相比功耗大大 下降。   可支持经典蓝牙和低功耗蓝牙的设备称之为双模设备，如移动手机。仅支持低功耗蓝牙 的设备称之为单模设备。这些设备主要用于低功耗的应用，如使用纽扣电池供电的应用。
2	tmp/wch-evt/evt/QingkeV4B_CH32V203_EVT/EXAM/BLE/«ﬂ∫„µÕπ¶∫ƒ¿∂—¿»Ìº˛ø™∑¢≤Œøº ÷≤·.PDF	14b38c55cd737852b982e07695030f6913c3529620050bd52ba2aa18e016d9de	global	revision-errata	69	14	沁恒低功耗蓝牙软件开发参考手册         68                  http://wch.cn 修订记录      版本             时间                修订内容      V1.0         2021/3/22   版本发布      V1.1         2021/4/19   增加 RF 使用示例及 API      V1.2         2021/5/28   内容勘误，添加 RF 描述
2	tmp/wch-evt/evt/QingkeV4B_CH32V203_EVT/EXAM/BLE/«ﬂ∫„µÕπ¶∫ƒ¿∂—¿»Ìº˛ø™∑¢≤Œøº ÷≤·.PDF	14b38c55cd737852b982e07695030f6913c3529620050bd52ba2aa18e016d9de	global	revision-errata	70	2	沁恒低功耗蓝牙软件开发参考手册               69                     http://wch.cn                     版本声明与免责声明     本手册版权所有为南京沁恒微电子股份有限公司（Copyright © Nanjing Qinheng Microelectronics Co., Ltd. All Rights Reserved）                                               ，未经南京沁恒微电子股份有限公司 书面许可，任何
2	tmp/wch-evt/evt/QingkeV4B_CH32V203_EVT/EXAM/BLE/«ﬂ∫„µÕπ¶∫ƒ¿∂—¿»Ìº˛ø™∑¢≤Œøº ÷≤·.PDF	14b38c55cd737852b982e07695030f6913c3529620050bd52ba2aa18e016d9de	global	silicon-package-lot	7	1	连接中作为从机 主机——可以扫描广播设备并发起连接，在单个链路层或多链路层中作为主机     逻辑链路控制协议（Logical Link Control and Adaptation Protocol）是主机与控 制器直接的适配器，提供数据封装服务。它向上连接应用层，向下连接控制器层，使上层 应用操作无需关心控制器的数据细节，          。     安全管理协议（Security Manager）提供配对和密匙分发服务，实现安全连接和数据 交换。     属性传输协议（Attribute Protocol）定义了属性实体的概念，包括UUID、句柄和属 性值，规定了属性的读、写、通知等操作方
2	tmp/wch-evt/evt/QingkeV4B_CH32V203_EVT/EXAM/BLE/¿∂—¿–æ∆¨µƒµÁ¬∑º∞PCB…Ëº∆µƒ÷ÿ“™◊¢“‚ ¬œÓ.pdf	50755cdd3412262d5366aaee9f7d72489f47d07d3c2851ecd11bd3da1e1a169e	global	revision-errata	1	1	PCB 设计注意事项                               1              蓝牙芯片的电路及 PCB 设计的重要注意事项                                      版本：1E                                   https://wch.cn   图 1 图片来源: 沁恒微电子官方 CH585 EVT 开发板:   https://www.wch.cn/downloads/CH585EVT_ZIP.html 1. 天线设计
2	tmp/wch-evt/evt/QingkeV4B_CH32V203_EVT/EXAM/ETH/1_Tool_Doc/WCHNET WEB≈‰÷√Àµ√˜.PDF	52c2105f0c584f05343b179d69e63e533dd14e878d38491d3339516162bb3c68	global	revision-errata	3	1	T 两种请求方式，配置界面都是发送 post 请求     【Request-URL】 ：浏览器想要获取的内容，该内容以数组常量的形式保存在单片机 flash 中。     【HTTP-Version】 ：本程序使用的是 HTTP/1.1 版本     CRLF:回车换行符。     【Message-Body】 ：消息主体，本例程里，只有 POST 请求才会包含有消息主体，主体内容就是配 置界面（Html_basic、Html_port、Html_user）提交的配置信息,格式为：                 配置名 1=配置值 1&配置名 2=配置值 2&配置名 3=配置值 3……
2	tmp/wch-evt/evt/QingkeV4B_CH32V203_EVT/EXAM/ETH/WCHNET Protocol Stack Library Application Note.pdf	1e1bf85517182dc3e1c8aec8389cc1eed282a1207896935d558b1867ee1da793	global	revision-errata	2	1	WCHNET_CFG_VALID                     0-31                                                                       fixed value. 2.2 SocketInf SocketInf is a socket information list, defined as follows:      SOCK_INF SocketInf[WCHNET_MAX_SOCKET_NUM] The address is aligned with 4 bytes. WCHNET_MAX
2	tmp/wch-evt/evt/QingkeV4B_CH32V203_EVT/EXAM/ETH/WCHNET Protocol Stack Library Application Note.pdf	1e1bf85517182dc3e1c8aec8389cc1eed282a1207896935d558b1867ee1da793	global	silicon-package-lot	20	1	mory size, mainly used for some memory allocation of indeterminate     length, such as sending data. If TCP has a large batch of data to send and receive, this value     should be set larger. If the application layer memory needs to be used when sending data,     please refer to CFG0_TCP_SEND_COPY in thi
2	tmp/wch-evt/evt/QingkeV4B_CH32V203_EVT/EXAM/ETH/WCHNET π”√Œƒµµ.pdf	09e3fa9f6069321b70d1f1c146ded8e1982b00e8caa6b9d822825e0e83d83591	global	revision-errata	1	1	http://wch.cn                           WCHNET 协议栈库说明                                        版本：1D                                     http://wch.cn 1、 概述   随着物联网的普及，越来越多的单片机系统需要用到网络通讯。   WCHNET 芯片自带以太网 MAC，部分芯片有内置 10M PHY，支持 10M 以太网（部分芯片还 支持 100M/1000M 速率）
2	tmp/wch-evt/evt/QingkeV4B_CH32V203_EVT/EXAM/ETH/WCHNET π”√Œƒµµ.pdf	09e3fa9f6069321b70d1f1c146ded8e1982b00e8caa6b9d822825e0e83d83591	global	revision-errata	3	1	简要说明                     WCHNET_Init                  库初始化                    WCHNET_GetVer                获取库版本号                   WCHNET_NetInput              以太网数据输入                 WCHNET_PeriodicHandle         处理时间相关任务                    WCHNET_ETHIsr              以太网中断服务函数
2	tmp/wch-evt/evt/QingkeV4B_CH32V203_EVT/EXAM/ETH/WCHNET π”√Œƒµµ.pdf	09e3fa9f6069321b70d1f1c146ded8e1982b00e8caa6b9d822825e0e83d83591	global	revision-errata	5	2	子网掩码。 3.3 WCHNET_GetVer  函数原型         uint8_t WCHNET_GetVer(void)    输入         无    输出         无    返回         库的版本号    作用         获取库的版本号。 3.4 WCHNET_NetInput  函数原型         void WCHNET_NetInput(void)    输入         无    输出         无    返回         无    作用         以太网数据输入，主程序中一直调用，或者检测到接收
2	tmp/wch-evt/evt/QingkeV4B_CH32V203_EVT/EXAM/IAP/USB_UART/CH32V20x_IAP π”√Àµ√˜.pdf	2c928d4b2358043b7a3c5e3bd986f92441d9f9d8efad09aad0a9234c71a44483	global	revision-errata	1	2	https://wch.cn                         CH32V20x_IAP 使用说明                              版本：V1.1                             https://wch.cn 1． 将 IAP 下载到 CH32V20x 2． App 工程    修改 LD 起始地址从 0x00005000 开始，可根据需求修改。 3． 生成.hex 或者.bin 文件。软件版本 (V1.50)同时支持.hex 和.bin 下载文件方式。
2	tmp/wch-evt/evt/QingkeV4B_CH32V203_EVT/PUB/CH32V20x Evaluation Board Reference-EN.pdf	3452f99482c656a42432e0ec9f0e35d973da57f2c475855a0698a19dcbe6dfc0	finding	iochub-identity	13	2	Fill in the variable name, or just click OK to add the variable you just selected to the pop-up. 5) Peripheral registers In the lower left corner of IDE interface Peripherals interface shows a list of peripherals, tick the peripherals will display its specific register name, address, value in the M
2	tmp/wch-evt/evt/QingkeV4B_CH32V203_EVT/PUB/CH32V20x Evaluation Board Reference-EN.pdf	3452f99482c656a42432e0ec9f0e35d973da57f2c475855a0698a19dcbe6dfc0	global	silicon-package-lot	10	1	erence                                                             https://wch-ic.com 3. Software Development 3.1 EVT package directory structure Description: PUB folder: provides evaluation board manuals, evaluation board schematics. EXAM folder: Provides software development drivers and correspondi
2	tmp/wch-evt/evt/QingkeV4B_CH32V203_EVT/PUB/CH32V20x∆¿π¿∞ÂÀµ√˜ È.pdf	889c4b22776f9760b76606ae72e4bfbb7a25bdcab778235ea1daa2b5e7a2bf56	finding	h417-lot-capability	12	4	执行。          (5)单步跳过：跳出该函数，准备下一条语句。          (6)单步返回：返回所跳入的函数          指令集单步模式：点击进入指令集调试（需与 4、5、6 功能配合使用）。          2）设置断点          双击代码左侧可设置断点，再次双击取消断点，设置断点如下图所示;     3）界面显示     （1）指令集界面   点击指令集单步调试可进入指令调试，以单步跳入为例，点击一次，可运行一次，运行光标会发 生移动，以查看程序运行，指令集界面如下图所示：     （2）程序运行界面   可与指令集单步调试配合使用，仍以单步跳入为
2	tmp/wch-evt/evt/QingkeV4B_CH32V203_EVT/PUB/CH32V20x∆¿π¿∞ÂÀµ√˜ È.pdf	889c4b22776f9760b76606ae72e4bfbb7a25bdcab778235ea1daa2b5e7a2bf56	global	id-terms	1	1	20x 评估板说明及应用参考                             版本：V1.5                            https://wch.cn 一、概述     本评估板应用于 CH32V20x 芯片的开发，IDE 使用 MounRiver 编译器，可选择使用板载或独立的 WCH-Link 进行仿真和下载，并提供了芯片资源相关的应用参考示例及演示。 二、评估板硬件   评估板的原理图请参考 CH32V20xSCH.pdf 文档 以上 CH32V203 评估板配有以下资源： 主板 - CH32V203EVT   1. 开关 S2 ：用于切断或连接外部 5V
2	tmp/wch-evt/evt/QingkeV4B_CH32V203_EVT/PUB/CH32V20x∆¿π¿∞ÂÀµ√˜ È.pdf	889c4b22776f9760b76606ae72e4bfbb7a25bdcab778235ea1daa2b5e7a2bf56	global	revision-errata	1	1	评估板说明及应用参考                                 https://wch.cn           CH32V20x 评估板说明及应用参考                             版本：V1.5                            https://wch.cn 一、概述     本评估板应用于 CH32V20x 芯片的开发，IDE 使用 MounRiver 编译器，可选择使用板载或独立的 WCH-Link 进行仿真和下载，并提供了芯片资源相关的应用参考示例及演示。 二、评估板硬件   评估板的原理图请参考 CH32
2	tmp/wch-evt/evt/QingkeV4C_CH32V20x_EVT/EXAM/APPLICATION/USBPD/CH223 Demo∞Â π”√Àµ√˜.pdf	47421352c2eb61da3d0991358441d5dd94144a97ff3193d3ac5d83f220a511f5	global	revision-errata	1	1	http://wch.cn                          CH223 Demo 板使用说明                                   版本：V1.1                                 http://wch.cn 一、概述     本评估板应用于 CH223P 芯片的开发例程演示，配合 CH32V203RBT6 主控评估板使用。IDE 使用 MounRiver 编译器，可选择使用板载或独立的 WCH-Link 进行仿真和下载，参考示例在 CH32V203EVT 的
2	tmp/wch-evt/evt/QingkeV4C_CH32V20x_EVT/EXAM/BLE/MESH/«ﬂ∫„MESH APPπ‹¿Ì≈‰Õ¯”¶”√ ÷≤·.PDF	b5975bbb393e6cb539a40d184e49ed7b1275504db4346b2da313c48ab5b196f0	finding	iochub-identity	4	2	4                             http://wch.cn 2．应用层程序介绍 2.1 应用层初始化   应用层初始化函数包含 BLE 从机初始化，以及 MESH 初始化，同时注册了一个按键回调 用于演示。    1. void App_Init()    2. {    3.     GAPRole_PeripheralInit();    4.     Peripheral_Init();    5.    6.     App_TaskID = TMOS_ProcessEventRegister(App_ProcessEvent
2	tmp/wch-evt/evt/QingkeV4C_CH32V20x_EVT/EXAM/BLE/MESH/«ﬂ∫„µÕπ¶∫ƒ¿∂—¿MESH»Ìº˛ø™∑¢≤Œøº ÷≤·.PDF	ea4e426ded77b290fc76a91d4c50f2d462c58fd3a32409957fab2a768025da26	finding	iochub-identity	13	1	pcode 0x%02x", val->cfgHdr.opcode); 23.      } 24. } 4.1.3 定义操作码和对应处理函数   CONFIG 模型和 HEALTH 模型的 ID 和操作码及其处理函数由库封好，用户只需要注册对 应回调查看执行状态即可。其他添加的模型则需要用户自行定义，例如本章节开头初始化 定义的 GEN_ONOFF 模型，用户在初始化时需要传入其操作码结构体数组指针，其定义如下。 1. const struct bt_mesh_model_op gen_onoff_op[] = { 2.       {BLE_MESH_MODEL_OP_GEN_ONOFF_G
2	tmp/wch-evt/evt/QingkeV4C_CH32V20x_EVT/EXAM/BLE/MESH/«ﬂ∫„µÕπ¶∫ƒ¿∂—¿MESH»Ìº˛ø™∑¢≤Œøº ÷≤·.PDF	ea4e426ded77b290fc76a91d4c50f2d462c58fd3a32409957fab2a768025da26	finding	iochub-identity	15	2	大值 255，之后循环，当发送数据时开启了应用层的重传功能，此 ID 可用于屏蔽收到的重复数据。   注意：当多个服务互相通信时，需要修改例程默认对此 srv_tid 判断的判断流程，可 自行添加其他判断逻辑。   handler 为应用层注册的此模型内操作码回调函数，在沁恒自定义服务模型的源文件 的操作码处理函数中可以看到，处理完数据后，会调用这个回调函数通知应用层收到的内 容和来源网络地址。这里注册的回调函数为 vendor_model_srv_rsp_handler。 1. static void vendor_model_srv_rsp_handler(const vendor_model
2	tmp/wch-evt/evt/QingkeV4C_CH32V20x_EVT/EXAM/BLE/MESH/«ﬂ∫„µÕπ¶∫ƒ¿∂—¿MESH»Ìº˛ø™∑¢≤Œøº ÷≤·.PDF	ea4e426ded77b290fc76a91d4c50f2d462c58fd3a32409957fab2a768025da26	finding	iochub-identity	16	2	16                       http://wch.cn 其他判断，这里的命令协议是由用户自行拟定的，例程为演示作用。 4.2.5 初始化函数      在初始化函数中，给模型配置字赋值，并注册服务模型的 TMOS 任务处理函数。 1. static int vendor_model_srv_init(struct bt_mesh_model *model) 2. { 3.     vendor_model_srv = model->user_data; 4.     vendor_model_srv->model = model; 5. 6.
2	tmp/wch-evt/evt/QingkeV4C_CH32V20x_EVT/EXAM/BLE/MESH/«ﬂ∫„µÕπ¶∫ƒ¿∂—¿MESH»Ìº˛ø™∑¢≤Œøº ÷≤·.PDF	ea4e426ded77b290fc76a91d4c50f2d462c58fd3a32409957fab2a768025da26	global	revision-errata	4	1	.............................................. 39     9.2 通过独立 ble 功能连接手机 ........................................ 39   修订记录 ................................................................ 41
2	tmp/wch-evt/evt/QingkeV4C_CH32V20x_EVT/EXAM/BLE/MESH/«ﬂ∫„µÕπ¶∫ƒ¿∂—¿MESH»Ìº˛ø™∑¢≤Œøº ÷≤·.PDF	ea4e426ded77b290fc76a91d4c50f2d462c58fd3a32409957fab2a768025da26	global	revision-errata	21	1	("Unabled Enable Provisoner (err:%d)", err); 12.      } 13. 14.      node = node_get(addr); 15.      if(!node || !node->fixed) 16.      { 17.          node = node_cfg_process(node, net_idx, addr, ARRAY_SIZE(elements)); 18.          if(!node) 19.          { 20.                 APP_DBG("Unable allocate nod
2	tmp/wch-evt/evt/QingkeV4C_CH32V20x_EVT/EXAM/BLE/MESH/«ﬂ∫„µÕπ¶∫ƒ¿∂—¿MESH»Ìº˛ø™∑¢≤Œøº ÷≤·.PDF	ea4e426ded77b290fc76a91d4c50f2d462c58fd3a32409957fab2a768025da26	global	revision-errata	22	1	num_elem) 2. { 3.      node_t *node; 4.      APP_DBG(""); 5. 6.      node = node_get(addr); 7.      if(!node || !node->fixed) 8.      {
2	tmp/wch-evt/evt/QingkeV4C_CH32V20x_EVT/EXAM/BLE/MESH/«ﬂ∫„µÕπ¶∫ƒ¿∂—¿MESH»Ìº˛ø™∑¢≤Œøº ÷≤·.PDF	ea4e426ded77b290fc76a91d4c50f2d462c58fd3a32409957fab2a768025da26	global	revision-errata	25	1	node->stage.node = NODE_INIT; 14.             node->node_addr = BLE_MESH_ADDR_UNASSIGNED; 15.             node->fixed = FALSE; 16.             APP_DBG("node reset complete"); 17.         } 18.         return; 19.     } 20. 21.     node = node_unblock_get(); 22.     if(!node) 23.     { 24.
2	tmp/wch-evt/evt/QingkeV4C_CH32V20x_EVT/EXAM/BLE/MESH/«ﬂ∫„µÕπ¶∫ƒ¿∂—¿MESH»Ìº˛ø™∑¢≤Œøº ÷≤·.PDF	ea4e426ded77b290fc76a91d4c50f2d462c58fd3a32409957fab2a768025da26	global	revision-errata	41	4	沁恒低功耗蓝牙 MESH 软件开发参考手册      41            http://wch.cn 修订记录        版本                 时间           修订内容        V1.0             2022/3/16      版本发布        V1.1             2022/7/14     新增配置描述                                     同步例程更新对应
2	tmp/wch-evt/evt/QingkeV4C_CH32V20x_EVT/EXAM/BLE/MESH/«ﬂ∫„µÕπ¶∫ƒ¿∂—¿MESH»Ìº˛ø™∑¢≤Œøº ÷≤·.PDF	ea4e426ded77b290fc76a91d4c50f2d462c58fd3a32409957fab2a768025da26	global	revision-errata	42	2	沁恒低功耗蓝牙 MESH 软件开发参考手册         42                      http://wch.cn                     版本声明与免责声明     本手册版权所有为南京沁恒微电子股份有限公司（Copyright © Nanjing Qinheng Microelectronics Co., Ltd. All Rights Reserved），未经南京沁恒微电子股份有限公司 书面许可，任何人不得因任何目的、以任何形式（包括但不限于全部或部分地向任何人复 制、泄露或散布）不当使用本产
2	tmp/wch-evt/evt/QingkeV4C_CH32V20x_EVT/EXAM/BLE/WCH CH32V208 ¿∂—¿ø’÷–…˝º∂£®BLE OTA£©.PDF	02489bbaf1cd268b62dd2ad11c52753cb0f4c94c457d06c8eaaf89a96abfcd08	finding	iochub-identity	2	1	http://wch.cn 结束指令，命令定义在 EXAM\BLE\BackupUpgrade_OTA\APP\include\OTA.h 中。     在                    函数中注册 Peripheral_OTA_IAPProfileCBs 里包含 OTA_IAPWriteData()函数，此函数会调用 Rec_OTA_IAP_DataDeal();    在这个函数中接收数据    在                                                                 这个 地方
2	tmp/wch-evt/evt/QingkeV4C_CH32V20x_EVT/EXAM/BLE/WCH CH32V208 ¿∂—¿ø’÷–…˝º∂£®BLE OTA£©.PDF	02489bbaf1cd268b62dd2ad11c52753cb0f4c94c457d06c8eaaf89a96abfcd08	finding	iochub-identity	3	1	程序执行 升级流程。   EXAM\BLE\OnlyUpdateApp_IAP 例子负责接收升级包升级 APP 区域，升级完成后跳转执行 APP 代 码。                                在这个函数中注册回调函数                                                                            接 收手机发下来的数据，                                                                   处理收到的 OTA 包，至升
2	tmp/wch-evt/evt/QingkeV4C_CH32V20x_EVT/EXAM/BLE/WCH CH32V208 ¿∂—¿ø’÷–…˝º∂£®BLE OTA£©.PDF	02489bbaf1cd268b62dd2ad11c52753cb0f4c94c457d06c8eaaf89a96abfcd08	global	revision-errata	2	1	这个 地方调用    Rec_OTA_IAP_DataDeal()函数处理，至升级完成。 升级用的 APP 软件，目前提供了安卓版本的，需要把编译产生的 hex 文件放到 Image_A 文件夹下，触 发 OTA 后，Image_A 文件按钮亮，可以点击开始升级。 2.1.1 方式一 DFU 固件烧录说明   方式一 DFU 包含 2 个文件 APP + IAP（APP 是用户功能代码，也是实现产品功能和升级功能的主 体，对应 BackupUpgrade_OTA 产生的 hex 文件；
2	tmp/wch-evt/evt/QingkeV4C_CH32V20x_EVT/EXAM/BLE/WCH CH32V208 ¿∂—¿ø’÷–…˝º∂£®BLE OTA£©.PDF	02489bbaf1cd268b62dd2ad11c52753cb0f4c94c457d06c8eaaf89a96abfcd08	global	revision-errata	3	1	机发下来的数据，                                                                   处理收到的 OTA 包，至升级完成。     升级用的 APP 软件，目前提供了安卓版本的，需要把编译产生的 hex 文件放到的 Image-A 文件夹 下，触发 OTA 后，点击开始升级，至提示成功。 2.2.1 方式二 DFU 固件烧录说明   方式二 DFU 包含 3 个文件 APP + IAP + LIB（APP 是用户功能代码，也是实现产品功能的主体， 对应 OnlyUpdateApp_Peripheral 产生的 hex 文件；I
2	tmp/wch-evt/evt/QingkeV4C_CH32V20x_EVT/EXAM/BLE/«ﬂ∫„µÕπ¶∫ƒ¿∂—¿»Ìº˛ø™∑¢≤Œøº ÷≤·.PDF	14b38c55cd737852b982e07695030f6913c3529620050bd52ba2aa18e016d9de	finding	iochub-identity	9	3	不可 或缺的。 3.2 任务初始化     首先，为保证 TMOS 持续运行，需要在 main()的最后循环执行 TMOS_SystemProcess()。 而初始化任务需要调用 tmosTaskID TMOS_ProcessEventRegister(pTaskEventHandlerFn eventCb) 函数，将事件的回调函数注册到 TMOS 中，并生成唯一的 8 位任务 ID。不同的任 务初始化后任务 ID 依次递增，而任务 ID 越小任务优先级最高。协议栈任务必须具有最高的 优先级。       1.   halTaskID = TMOS_ProcessEventRegister( HAL_P
2	tmp/wch-evt/evt/QingkeV4C_CH32V20x_EVT/EXAM/BLE/«ﬂ∫„µÕπ¶∫ƒ¿∂—¿»Ìº˛ø™∑¢≤Œøº ÷≤·.PDF	14b38c55cd737852b982e07695030f6913c3529620050bd52ba2aa18e016d9de	finding	iochub-identity	11	1	llocate()函数为发送的数据申请内存，若申请成功，则返回内存      地址，若失败则返回 NULL。   2. 将数据拷贝到内存中。   3. 调用 tmos_msg_send()函数向指定的任务发送数据的指针。   1. // Register Key task ID
2	tmp/wch-evt/evt/QingkeV4C_CH32V20x_EVT/EXAM/BLE/«ﬂ∫„µÕπ¶∫ƒ¿∂—¿»Ìº˛ø™∑¢≤Œøº ÷≤·.PDF	14b38c55cd737852b982e07695030f6913c3529620050bd52ba2aa18e016d9de	finding	iochub-identity	12	2	沁恒低功耗蓝牙软件开发参考手册                              11                          http://wch.cn   2. HAL_KEY_RegisterForKeys( centralTaskId )   3. // Send the address to the task   4.       msgPtr = ( keyChange_t * ) tmos_msg_allocate( sizeof(keyChange_t));   5.       if ( msgPtr )   6.       {
2	tmp/wch-evt/evt/QingkeV4C_CH32V20x_EVT/EXAM/BLE/«ﬂ∫„µÕπ¶∫ƒ¿∂—¿»Ìº˛ø™∑¢≤Œøº ÷≤·.PDF	14b38c55cd737852b982e07695030f6913c3529620050bd52ba2aa18e016d9de	finding	iochub-identity	14	2	通过配置参数 bleConfig_t 配置库的内存， 时钟，发射功率等参数，然后通过 BLE_LibInit()函数将配置参数传进库中。    4.4.2 HAL 层初始化   注册 HAL 层任务，对硬件参数进行初始化，如 RTC 时钟，睡眠唤醒，RF 校准等。   1. void HAL_Init()   2. {   3.      halTaskID = TMOS_ProcessEventRegister( HAL_ProcessEvent );   4.      HAL_TimeInit();
2	tmp/wch-evt/evt/QingkeV4C_CH32V20x_EVT/EXAM/BLE/«ﬂ∫„µÕπ¶∫ƒ¿∂—¿»Ìº˛ø™∑¢≤Œøº ÷≤·.PDF	14b38c55cd737852b982e07695030f6913c3529620050bd52ba2aa18e016d9de	finding	iochub-identity	15	3	0 );      // 添加一个测试任务   18. }    4.4.3 低功耗蓝牙从机初始化   此过程包括两个部分：   1. GAP 角色的初始化，此过程由低功耗蓝牙库完成；   2. 低功耗蓝牙从机应用初始化，包括从机任务的注册，参数配置（如广播参数，连接      参数，绑定参数等）   ，GATT 层服务的注册，以及回调函数的注册。详见 5.5.3.2 节。   图 4.2 显示了例程 Peripheral 的完整属性表，可作为低功耗蓝牙通讯时的参考。详细 信息请参考第五章。
2	tmp/wch-evt/evt/QingkeV4C_CH32V20x_EVT/EXAM/BLE/«ﬂ∫„µÕπ¶∫ƒ¿∂—¿»Ìº˛ø™∑¢≤Œøº ÷≤·.PDF	14b38c55cd737852b982e07695030f6913c3529620050bd52ba2aa18e016d9de	finding	iochub-identity	22	1	的那样，GAPRole 是一个单独的任务(GAPRole_PeripheralInit)， GAPRole 大部代码在蓝牙库中运行，从而简化应用层程序。该任务在初始化期间由应用程序 启动和配置。且存在回调，应用程序可向 GAPRole 任务注册回调函数。     根据设备的配置，GAP 层可以运行以下四种角色：     ·广播者（Broadcaster） - 仅广播无法被连接     ·观察者（Observer） -仅扫描广播而无法建立连接     ·外围设备（Peripheral） -可广播且可作为从机在链路层建立连接     ·中心设备（Central） - 可扫描广播也可作为主机在链路层建立
2	tmp/wch-evt/evt/QingkeV4C_CH32V20x_EVT/EXAM/BLE/«ﬂ∫„µÕπ¶∫ƒ¿∂—¿»Ìº˛ø™∑¢≤Œøº ÷≤·.PDF	14b38c55cd737852b982e07695030f6913c3529620050bd52ba2aa18e016d9de	finding	iochub-identity	25	2	钥交互的过程        加密（Encryption）         配对后数据被加密，或是重新加密        验              证 配对过程以中间人（MITM：Manin theMiddle）保护完成        （Authentication）        绑定（Bonding）            将加密密钥存储在非易失性存储器中，用于下一个加密序列        授              权 除身份验证外，还进行附加的应用程序级密钥交换        （Authorization）        无线之外（OOB）              密钥不是通过无线的方式
2	tmp/wch-evt/evt/QingkeV4C_CH32V20x_EVT/EXAM/BLE/«ﬂ∫„µÕπ¶∫ƒ¿∂—¿»Ìº˛ø™∑¢≤Œøº ÷≤·.PDF	14b38c55cd737852b982e07695030f6913c3529620050bd52ba2aa18e016d9de	finding	iochub-identity	29	3	以在例程 Central 找到相应的源码。   1. 初始化 GATT 客户端。        1.    // Initialize GATT Client        2.    GATT_InitClient();   2. 注册相关信息以接收传入的 ATT 指示和通知。   1. // Register to receive incoming ATT Indications/Notifications   2. GATT_RegisterForInd( centralTaskId );   3. 执行客户端的程序，如 GATT_WriteCharValue()，即向服务器
2	tmp/wch-evt/evt/QingkeV4C_CH32V20x_EVT/EXAM/BLE/«ﬂ∫„µÕπ¶∫ƒ¿∂—¿»Ìº˛ø™∑¢≤Œøº ÷≤·.PDF	14b38c55cd737852b982e07695030f6913c3529620050bd52ba2aa18e016d9de	finding	iochub-identity	33	3	rmission – 配置 GATT 客户端设备是否可以访问属性的值。可配置的权限如下：     – GATT_PERMIT_READ //可读    – GATT_PERMIT_WRITE // 可写     – GATT_PERMIT_AUTHEN_READ // 需身份验证读    – GATT_PERMIT_AUTHEN_WRITE //需身份验证写    – GATT_PERMIT_AUTHOR_READ // 需授权读    – GATT_PERMIT_ENCRYPT_READ // 需加密读    – GATT_PERMIT_ENCRYPT_WRITE // 需加密写    ·Handl
2	tmp/wch-evt/evt/QingkeV4C_CH32V20x_EVT/EXAM/BLE/«ﬂ∫„µÕπ¶∫ƒ¿∂—¿»Ìº˛ø™∑¢≤Œøº ÷≤·.PDF	14b38c55cd737852b982e07695030f6913c3529620050bd52ba2aa18e016d9de	finding	iochub-identity	35	6	figuration attributes    2. GATTServApp_InitCharCfg(INVALID_CONNHANDLE, simpleProfileChar4Config);   最后通过 GATTServApp 注册配置文件。   GATTServApp_RegisterService()函数将配置文件的属性表 simpleProfileAttrTb1 传 递给 GATTServApp，以便将配置文件的属性添加到由协议栈管理的应用程序范围的属性表中。    1.    // Register GATT attribute list and CBs with GATT
2	tmp/wch-evt/evt/QingkeV4C_CH32V20x_EVT/EXAM/BLE/«ﬂ∫„µÕπ¶∫ƒ¿∂—¿»Ìº˛ø™∑¢≤Œøº ÷≤·.PDF	14b38c55cd737852b982e07695030f6913c3529620050bd52ba2aa18e016d9de	finding	iochub-identity	36	1	simpleProfileChangeCB   // Charactersitic value change callback   5. };   5.5.4.2.4 读写回调函数   当配置文件被读写时，需要有相应的回调函数，其注册方法与应用程序回调函数一致， 具体可参考 Peripheral 工程。   5.5.4.2.5 配置文件的获取与设置   配置文件包含读取与写入特征功能，图 5.9 描述了应用程序设置配置文件参数的逻辑。                              图 5.9 获取和设置配置文件参数
2	tmp/wch-evt/evt/QingkeV4C_CH32V20x_EVT/EXAM/BLE/«ﬂ∫„µÕπ¶∫ƒ¿∂—¿»Ìº˛ø™∑¢≤Œøº ÷≤·.PDF	14b38c55cd737852b982e07695030f6913c3529620050bd52ba2aa18e016d9de	finding	iochub-identity	39	3	的协议。 7.2 配置协议栈   首先初始化蓝牙库：   1. CH58X_BLEInit( );   然后配置此设备的角色为 RF Role：   1. RF_RoleInit ( ); 7.3 定义应用程序任务   注册 RF 任务，初始化 RF 功能，以及注册 RF 的回调函数：   1. taskID = TMOS_ProcessEventRegister( RF_ProcessEvent );   2.      rfConfig.accessAddress = 0x71764129;   // 禁止使用 0x55555555 以及   3. 0xAAAAAAAA
2	tmp/wch-evt/evt/QingkeV4C_CH32V20x_EVT/EXAM/BLE/«ﬂ∫„µÕπ¶∫ƒ¿∂—¿»Ìº˛ø™∑¢≤Œøº ÷≤·.PDF	14b38c55cd737852b982e07695030f6913c3529620050bd52ba2aa18e016d9de	finding	iochub-identity	42	3	SYS_GetSysTickCnt()    返回                0: SUCCESS                      1: FAILURE   1. tmosTasklD TMOS_ProcessEventRegister( pTaskEventHandIerFn eventCb )   注册事件回调函数，一般用于注册任务时首先执行。    参数                 描述    eventCb            TMOS 任务回调函数    返回                 分配的 ID 值，OxFF 表示无效   1. bStatus_t tm
2	tmp/wch-evt/evt/QingkeV4C_CH32V20x_EVT/EXAM/BLE/«ﬂ∫„µÕπ¶∫ƒ¿∂—¿»Ìº˛ø™∑¢≤Œøº ÷≤·.PDF	14b38c55cd737852b982e07695030f6913c3529620050bd52ba2aa18e016d9de	finding	iochub-identity	56	4	4.1 指令    8.4.1.1 从机指令   1. bStatus_t GATT_Indication( uint16_t connHandle, attHandleValueInd_t *pInd, u        int8_t authenticated, uint8_t taskId )   服务器向客户端指示一个特征值并期望属性协议层确认已经成功收到指示。   需要注意的是，当返回失败时需要释放内存。    参数                 描述    connHandle         连接句柄    pInd               指向要发送的指令    authe
2	tmp/wch-evt/evt/QingkeV4C_CH32V20x_EVT/EXAM/BLE/«ﬂ∫„µÕπ¶∫ƒ¿∂—¿»Ìº˛ø™∑¢≤Œøº ÷≤·.PDF	14b38c55cd737852b982e07695030f6913c3529620050bd52ba2aa18e016d9de	finding	iochub-identity	59	1	oRsp(uint16_t connHandle, attWriteReq_t *pReq)     当客户端知道特征句柄且 ATT 确认未加密时，可用此函数向服务器写入特征值。仅当 Characteristic Properties 认证位使能且服务器和客户端均建立绑定。    参数                描述    connHandle        连接句柄    pReq              指向要发送的命令的指针   1. bStatus_t GATT_WriteCharValue( uint16_t connHandle, attWriteReq_t *pReq
2	tmp/wch-evt/evt/QingkeV4C_CH32V20x_EVT/EXAM/BLE/«ﬂ∫„µÕπ¶∫ƒ¿∂—¿»Ìº˛ø™∑¢≤Œøº ÷≤·.PDF	14b38c55cd737852b982e07695030f6913c3529620050bd52ba2aa18e016d9de	finding	iochub-identity	61	1	uint8_t *pValue; //!< Value of the attribute to be written (0 to ATT_MT   7. U_SIZE-3)   8.       uint8_t sig;    //!< Authentication Signature status (not included (0)   9. , valid (1), invalid (2))   10.      uint8_t cmd;    //!< Command Flag
2	tmp/wch-evt/evt/QingkeV4C_CH32V20x_EVT/EXAM/BLE/«ﬂ∫„µÕπ¶∫ƒ¿∂—¿»Ìº˛ø™∑¢≤Œøº ÷≤·.PDF	14b38c55cd737852b982e07695030f6913c3529620050bd52ba2aa18e016d9de	finding	iochub-identity	63	2	：无法读取属性。   ·ATT_ERR_WRITE_NOT_PERMITTED（0x03）：无法写入属性。   ·ATT_ERR_INVALID_PDU（0x04） ：属性 PDU 无效。   · ATT_ERR_INSUFFICIENT_AUTHEN（0x05）：该属性需要进行身份验证才能被读取或写 入。   ·ATT_ERR_UNSUPPORTED_REQ（0x06） ：属性服务器不支持从属性客户端收到的请求。   ·ATT_ERR_INVALID_OFFSET（0x07） ：指定的偏移量超出了属性的末尾。   ·ATT_ERR_INSUFFICIENT_AUTHOR（0x08）：该属性需要授权才
2	tmp/wch-evt/evt/QingkeV4C_CH32V20x_EVT/EXAM/BLE/«ﬂ∫„µÕπ¶∫ƒ¿∂—¿»Ìº˛ø™∑¢≤Œøº ÷≤·.PDF	14b38c55cd737852b982e07695030f6913c3529620050bd52ba2aa18e016d9de	finding	wchnet-chip-field	9	1	TMOS 就会在循环中轮询任务事件， 事件的标志存储在 16 位变量中， 其中每一位在同一任务中对应一个唯一的事件。标志位为 1 代表该位对应的事件运行，为 0 则为不运行。  每个 Task 用户最多可以自定义 15 个事件，0x8000 为系统预留的 SYS_EVENT_MSG 事件，即系统消息传递事件，不可被定义。详情请参照 3.5 节。   任务执行的基本结构如图 3.1 所示，TMOS 根据任务的优先级轮询其是否有事件需要执 行，系统任务，如 2.4G 自动模式中发送结束自动接收应答和蓝牙中相关事务，拥有最高优 先级。待系统任务执行完成，若存在用户事件则执行相应的回调函数。当一个
2	tmp/wch-evt/evt/QingkeV4C_CH32V20x_EVT/EXAM/BLE/«ﬂ∫„µÕπ¶∫ƒ¿∂—¿»Ìº˛ø™∑¢≤Œøº ÷≤·.PDF	14b38c55cd737852b982e07695030f6913c3529620050bd52ba2aa18e016d9de	finding	wchnet-chip-field	58	1	16_t connHandle, uint16_t startHandle,      uint16_t endHandle, uint8_t taskId )     当知道特征的句柄范围时，客户端可使用此程序在特征定义中查找所有特征描述符 AttributeHandles 和 AttributeTypes。    参数               描述    connHandle       连接句柄    startHandle      起始句柄    endHandle        结束句柄    taskID           通知的任务的 ID   1. bStatus_
2	tmp/wch-evt/evt/QingkeV4C_CH32V20x_EVT/EXAM/BLE/«ﬂ∫„µÕπ¶∫ƒ¿∂—¿»Ìº˛ø™∑¢≤Œøº ÷≤·.PDF	14b38c55cd737852b982e07695030f6913c3529620050bd52ba2aa18e016d9de	global	id-terms	9	1	_SystemProcess()。 而初始化任务需要调用 tmosTaskID TMOS_ProcessEventRegister(pTaskEventHandlerFn eventCb) 函数，将事件的回调函数注册到 TMOS 中，并生成唯一的 8 位任务 ID。不同的任 务初始化后任务 ID 依次递增，而任务 ID 越小任务优先级最高。协议栈任务必须具有最高的 优先级。       1.   halTaskID = TMOS_ProcessEventRegister( HAL_ProcessEvent ); 3.3 任务事件及事件的执行   TMOS 通过轮询的方式进行调度，系统时钟一般来源于 RTC，单
2	tmp/wch-evt/evt/QingkeV4C_CH32V20x_EVT/EXAM/BLE/«ﬂ∫„µÕπ¶∫ƒ¿∂—¿»Ìº˛ø™∑¢≤Œøº ÷≤·.PDF	14b38c55cd737852b982e07695030f6913c3529620050bd52ba2aa18e016d9de	global	id-terms	28	1	p://wch.cn    这些属性存储在 GATT 服务器的属性表中，以下特征与每个属性相关联:    ·句柄（Handle） -表中属性的索引，每个属性都有唯一的句柄。    ·类型（Type） - 此属性指示属性代表什么，称为通用唯一标识符（UUID）   。部分 UUID 由 BluetoothSIG 定义，其他一些 UUID 可由用户自定义。    ·权限（Permissions） -用于限制 GATT 客户端访问该属性的值的权限与方式。    ·值（pValue）– 指向属性值的指针，在初始化后其长度无法改变。最大大小 512 字 节。    5.5.2 GATT 服务与协议   GATT 服务
2	tmp/wch-evt/evt/QingkeV4C_CH32V20x_EVT/EXAM/BLE/«ﬂ∫„µÕπ¶∫ƒ¿∂—¿»Ìº˛ø™∑¢≤Œøº ÷≤·.PDF	14b38c55cd737852b982e07695030f6913c3529620050bd52ba2aa18e016d9de	global	revision-errata	4	1	........................................... 66     8.7.3 回调函数 ...................................................... 67 修订记录 .................................................................... 68
2	tmp/wch-evt/evt/QingkeV4C_CH32V20x_EVT/EXAM/BLE/«ﬂ∫„µÕπ¶∫ƒ¿∂—¿»Ìº˛ø™∑¢≤Œøº ÷≤·.PDF	14b38c55cd737852b982e07695030f6913c3529620050bd52ba2aa18e016d9de	global	revision-errata	6	1	沁恒低功耗蓝牙软件开发参考手册             5                   http://wch.cn 1. 概述 1.1 介绍   蓝牙自 4.0 版本支持两种无线技术：   ·蓝牙基本速率/增强数据速率（通常称为 BR/EDR 经典蓝牙）   ·低功耗蓝牙   低功耗蓝牙协议的创建旨在于一次传输非常小的数据包，因此与经典蓝牙相比功耗大大 下降。   可支持经典蓝牙和低功耗蓝牙的设备称之为双模设备，如移动手机。仅支持低功耗蓝牙 的设备称之为单模设备。这些设备主要用于低功耗的应用，如使用纽扣电池供电的应用。
2	tmp/wch-evt/evt/QingkeV4C_CH32V20x_EVT/EXAM/BLE/«ﬂ∫„µÕπ¶∫ƒ¿∂—¿»Ìº˛ø™∑¢≤Œøº ÷≤·.PDF	14b38c55cd737852b982e07695030f6913c3529620050bd52ba2aa18e016d9de	global	revision-errata	69	14	沁恒低功耗蓝牙软件开发参考手册         68                  http://wch.cn 修订记录      版本             时间                修订内容      V1.0         2021/3/22   版本发布      V1.1         2021/4/19   增加 RF 使用示例及 API      V1.2         2021/5/28   内容勘误，添加 RF 描述
2	tmp/wch-evt/evt/QingkeV4C_CH32V20x_EVT/EXAM/BLE/«ﬂ∫„µÕπ¶∫ƒ¿∂—¿»Ìº˛ø™∑¢≤Œøº ÷≤·.PDF	14b38c55cd737852b982e07695030f6913c3529620050bd52ba2aa18e016d9de	global	revision-errata	70	2	沁恒低功耗蓝牙软件开发参考手册               69                     http://wch.cn                     版本声明与免责声明     本手册版权所有为南京沁恒微电子股份有限公司（Copyright © Nanjing Qinheng Microelectronics Co., Ltd. All Rights Reserved）                                               ，未经南京沁恒微电子股份有限公司 书面许可，任何
2	tmp/wch-evt/evt/QingkeV4C_CH32V20x_EVT/EXAM/BLE/«ﬂ∫„µÕπ¶∫ƒ¿∂—¿»Ìº˛ø™∑¢≤Œøº ÷≤·.PDF	14b38c55cd737852b982e07695030f6913c3529620050bd52ba2aa18e016d9de	global	silicon-package-lot	7	1	连接中作为从机 主机——可以扫描广播设备并发起连接，在单个链路层或多链路层中作为主机     逻辑链路控制协议（Logical Link Control and Adaptation Protocol）是主机与控 制器直接的适配器，提供数据封装服务。它向上连接应用层，向下连接控制器层，使上层 应用操作无需关心控制器的数据细节，          。     安全管理协议（Security Manager）提供配对和密匙分发服务，实现安全连接和数据 交换。     属性传输协议（Attribute Protocol）定义了属性实体的概念，包括UUID、句柄和属 性值，规定了属性的读、写、通知等操作方
2	tmp/wch-evt/evt/QingkeV4C_CH32V20x_EVT/EXAM/BLE/¿∂—¿–æ∆¨µƒµÁ¬∑º∞PCB…Ëº∆µƒ÷ÿ“™◊¢“‚ ¬œÓ.pdf	50755cdd3412262d5366aaee9f7d72489f47d07d3c2851ecd11bd3da1e1a169e	global	revision-errata	1	1	PCB 设计注意事项                               1              蓝牙芯片的电路及 PCB 设计的重要注意事项                                      版本：1E                                   https://wch.cn   图 1 图片来源: 沁恒微电子官方 CH585 EVT 开发板:   https://www.wch.cn/downloads/CH585EVT_ZIP.html 1. 天线设计
2	tmp/wch-evt/evt/QingkeV4C_CH32V20x_EVT/EXAM/ETH/1_Tool_Doc/WCHNET WEB≈‰÷√Àµ√˜.PDF	52c2105f0c584f05343b179d69e63e533dd14e878d38491d3339516162bb3c68	global	revision-errata	3	1	T 两种请求方式，配置界面都是发送 post 请求     【Request-URL】 ：浏览器想要获取的内容，该内容以数组常量的形式保存在单片机 flash 中。     【HTTP-Version】 ：本程序使用的是 HTTP/1.1 版本     CRLF:回车换行符。     【Message-Body】 ：消息主体，本例程里，只有 POST 请求才会包含有消息主体，主体内容就是配 置界面（Html_basic、Html_port、Html_user）提交的配置信息,格式为：                 配置名 1=配置值 1&配置名 2=配置值 2&配置名 3=配置值 3……
2	tmp/wch-evt/evt/QingkeV4C_CH32V20x_EVT/EXAM/ETH/WCHNET Protocol Stack Library Application Note.pdf	1e1bf85517182dc3e1c8aec8389cc1eed282a1207896935d558b1867ee1da793	global	revision-errata	2	1	WCHNET_CFG_VALID                     0-31                                                                       fixed value. 2.2 SocketInf SocketInf is a socket information list, defined as follows:      SOCK_INF SocketInf[WCHNET_MAX_SOCKET_NUM] The address is aligned with 4 bytes. WCHNET_MAX
2	tmp/wch-evt/evt/QingkeV4C_CH32V20x_EVT/EXAM/ETH/WCHNET Protocol Stack Library Application Note.pdf	1e1bf85517182dc3e1c8aec8389cc1eed282a1207896935d558b1867ee1da793	global	silicon-package-lot	20	1	mory size, mainly used for some memory allocation of indeterminate     length, such as sending data. If TCP has a large batch of data to send and receive, this value     should be set larger. If the application layer memory needs to be used when sending data,     please refer to CFG0_TCP_SEND_COPY in thi
2	tmp/wch-evt/evt/QingkeV4C_CH32V20x_EVT/EXAM/ETH/WCHNET π”√Œƒµµ.pdf	09e3fa9f6069321b70d1f1c146ded8e1982b00e8caa6b9d822825e0e83d83591	global	revision-errata	1	1	http://wch.cn                           WCHNET 协议栈库说明                                        版本：1D                                     http://wch.cn 1、 概述   随着物联网的普及，越来越多的单片机系统需要用到网络通讯。   WCHNET 芯片自带以太网 MAC，部分芯片有内置 10M PHY，支持 10M 以太网（部分芯片还 支持 100M/1000M 速率）
2	tmp/wch-evt/evt/QingkeV4C_CH32V20x_EVT/EXAM/ETH/WCHNET π”√Œƒµµ.pdf	09e3fa9f6069321b70d1f1c146ded8e1982b00e8caa6b9d822825e0e83d83591	global	revision-errata	3	1	简要说明                     WCHNET_Init                  库初始化                    WCHNET_GetVer                获取库版本号                   WCHNET_NetInput              以太网数据输入                 WCHNET_PeriodicHandle         处理时间相关任务                    WCHNET_ETHIsr              以太网中断服务函数
2	tmp/wch-evt/evt/QingkeV4C_CH32V20x_EVT/EXAM/ETH/WCHNET π”√Œƒµµ.pdf	09e3fa9f6069321b70d1f1c146ded8e1982b00e8caa6b9d822825e0e83d83591	global	revision-errata	5	2	子网掩码。 3.3 WCHNET_GetVer  函数原型         uint8_t WCHNET_GetVer(void)    输入         无    输出         无    返回         库的版本号    作用         获取库的版本号。 3.4 WCHNET_NetInput  函数原型         void WCHNET_NetInput(void)    输入         无    输出         无    返回         无    作用         以太网数据输入，主程序中一直调用，或者检测到接收
2	tmp/wch-evt/evt/QingkeV4C_CH32V20x_EVT/EXAM/IAP/USB_UART/CH32V20x_IAP π”√Àµ√˜.pdf	2c928d4b2358043b7a3c5e3bd986f92441d9f9d8efad09aad0a9234c71a44483	global	revision-errata	1	2	https://wch.cn                         CH32V20x_IAP 使用说明                              版本：V1.1                             https://wch.cn 1． 将 IAP 下载到 CH32V20x 2． App 工程    修改 LD 起始地址从 0x00005000 开始，可根据需求修改。 3． 生成.hex 或者.bin 文件。软件版本 (V1.50)同时支持.hex 和.bin 下载文件方式。
2	tmp/wch-evt/evt/QingkeV4C_CH32V20x_EVT/PUB/CH32V20x Evaluation Board Reference-EN.pdf	3452f99482c656a42432e0ec9f0e35d973da57f2c475855a0698a19dcbe6dfc0	finding	iochub-identity	13	2	Fill in the variable name, or just click OK to add the variable you just selected to the pop-up. 5) Peripheral registers In the lower left corner of IDE interface Peripherals interface shows a list of peripherals, tick the peripherals will display its specific register name, address, value in the M
2	tmp/wch-evt/evt/QingkeV4C_CH32V20x_EVT/PUB/CH32V20x Evaluation Board Reference-EN.pdf	3452f99482c656a42432e0ec9f0e35d973da57f2c475855a0698a19dcbe6dfc0	global	silicon-package-lot	10	1	erence                                                             https://wch-ic.com 3. Software Development 3.1 EVT package directory structure Description: PUB folder: provides evaluation board manuals, evaluation board schematics. EXAM folder: Provides software development drivers and correspondi
2	tmp/wch-evt/evt/QingkeV4C_CH32V20x_EVT/PUB/CH32V20x∆¿π¿∞ÂÀµ√˜ È.pdf	889c4b22776f9760b76606ae72e4bfbb7a25bdcab778235ea1daa2b5e7a2bf56	finding	h417-lot-capability	12	4	执行。          (5)单步跳过：跳出该函数，准备下一条语句。          (6)单步返回：返回所跳入的函数          指令集单步模式：点击进入指令集调试（需与 4、5、6 功能配合使用）。          2）设置断点          双击代码左侧可设置断点，再次双击取消断点，设置断点如下图所示;     3）界面显示     （1）指令集界面   点击指令集单步调试可进入指令调试，以单步跳入为例，点击一次，可运行一次，运行光标会发 生移动，以查看程序运行，指令集界面如下图所示：     （2）程序运行界面   可与指令集单步调试配合使用，仍以单步跳入为
2	tmp/wch-evt/evt/QingkeV4C_CH32V20x_EVT/PUB/CH32V20x∆¿π¿∞ÂÀµ√˜ È.pdf	889c4b22776f9760b76606ae72e4bfbb7a25bdcab778235ea1daa2b5e7a2bf56	global	id-terms	1	1	20x 评估板说明及应用参考                             版本：V1.5                            https://wch.cn 一、概述     本评估板应用于 CH32V20x 芯片的开发，IDE 使用 MounRiver 编译器，可选择使用板载或独立的 WCH-Link 进行仿真和下载，并提供了芯片资源相关的应用参考示例及演示。 二、评估板硬件   评估板的原理图请参考 CH32V20xSCH.pdf 文档 以上 CH32V203 评估板配有以下资源： 主板 - CH32V203EVT   1. 开关 S2 ：用于切断或连接外部 5V
2	tmp/wch-evt/evt/QingkeV4C_CH32V20x_EVT/PUB/CH32V20x∆¿π¿∞ÂÀµ√˜ È.pdf	889c4b22776f9760b76606ae72e4bfbb7a25bdcab778235ea1daa2b5e7a2bf56	global	revision-errata	1	1	评估板说明及应用参考                                 https://wch.cn           CH32V20x 评估板说明及应用参考                             版本：V1.5                            https://wch.cn 一、概述     本评估板应用于 CH32V20x 芯片的开发，IDE 使用 MounRiver 编译器，可选择使用板载或独立的 WCH-Link 进行仿真和下载，并提供了芯片资源相关的应用参考示例及演示。 二、评估板硬件   评估板的原理图请参考 CH32
2	tmp/wch-evt/evt/QingkeV4F_CH32V317_EVT/EXAM/ETH/1_Tool_Doc/WCHNET WEB≈‰÷√Àµ√˜.PDF	52c2105f0c584f05343b179d69e63e533dd14e878d38491d3339516162bb3c68	global	revision-errata	3	1	T 两种请求方式，配置界面都是发送 post 请求     【Request-URL】 ：浏览器想要获取的内容，该内容以数组常量的形式保存在单片机 flash 中。     【HTTP-Version】 ：本程序使用的是 HTTP/1.1 版本     CRLF:回车换行符。     【Message-Body】 ：消息主体，本例程里，只有 POST 请求才会包含有消息主体，主体内容就是配 置界面（Html_basic、Html_port、Html_user）提交的配置信息,格式为：                 配置名 1=配置值 1&配置名 2=配置值 2&配置名 3=配置值 3……
2	tmp/wch-evt/evt/QingkeV4F_CH32V317_EVT/EXAM/ETH/WCHNET Protocol Stack Library Application Note.pdf	1e1bf85517182dc3e1c8aec8389cc1eed282a1207896935d558b1867ee1da793	global	revision-errata	2	1	WCHNET_CFG_VALID                     0-31                                                                       fixed value. 2.2 SocketInf SocketInf is a socket information list, defined as follows:      SOCK_INF SocketInf[WCHNET_MAX_SOCKET_NUM] The address is aligned with 4 bytes. WCHNET_MAX
2	tmp/wch-evt/evt/QingkeV4F_CH32V317_EVT/EXAM/ETH/WCHNET Protocol Stack Library Application Note.pdf	1e1bf85517182dc3e1c8aec8389cc1eed282a1207896935d558b1867ee1da793	global	silicon-package-lot	20	1	mory size, mainly used for some memory allocation of indeterminate     length, such as sending data. If TCP has a large batch of data to send and receive, this value     should be set larger. If the application layer memory needs to be used when sending data,     please refer to CFG0_TCP_SEND_COPY in thi
2	tmp/wch-evt/evt/QingkeV4F_CH32V317_EVT/EXAM/ETH/WCHNET π”√Œƒµµ.pdf	09e3fa9f6069321b70d1f1c146ded8e1982b00e8caa6b9d822825e0e83d83591	global	revision-errata	1	1	http://wch.cn                           WCHNET 协议栈库说明                                        版本：1D                                     http://wch.cn 1、 概述   随着物联网的普及，越来越多的单片机系统需要用到网络通讯。   WCHNET 芯片自带以太网 MAC，部分芯片有内置 10M PHY，支持 10M 以太网（部分芯片还 支持 100M/1000M 速率）
2	tmp/wch-evt/evt/QingkeV4F_CH32V317_EVT/EXAM/ETH/WCHNET π”√Œƒµµ.pdf	09e3fa9f6069321b70d1f1c146ded8e1982b00e8caa6b9d822825e0e83d83591	global	revision-errata	3	1	简要说明                     WCHNET_Init                  库初始化                    WCHNET_GetVer                获取库版本号                   WCHNET_NetInput              以太网数据输入                 WCHNET_PeriodicHandle         处理时间相关任务                    WCHNET_ETHIsr              以太网中断服务函数
2	tmp/wch-evt/evt/QingkeV4F_CH32V317_EVT/EXAM/ETH/WCHNET π”√Œƒµµ.pdf	09e3fa9f6069321b70d1f1c146ded8e1982b00e8caa6b9d822825e0e83d83591	global	revision-errata	5	2	子网掩码。 3.3 WCHNET_GetVer  函数原型         uint8_t WCHNET_GetVer(void)    输入         无    输出         无    返回         库的版本号    作用         获取库的版本号。 3.4 WCHNET_NetInput  函数原型         void WCHNET_NetInput(void)    输入         无    输出         无    返回         无    作用         以太网数据输入，主程序中一直调用，或者检测到接收
2	tmp/wch-evt/evt/QingkeV4F_CH32V317_EVT/EXAM/ETH/“‘Ã´Õ¯¿˝≥Ã π”√◊¢“‚ ¬œÓ.pdf	dbfc5c115ea72be20bfc9b908e4fce8991f6128aadfc2987d493c2e468dd905a	global	revision-errata	1	2	https://wch.cn                    以太网例程使用注意事项                              版本：1.0 1、硬件驱动使用   以太网工程中的 NetLib 文件夹包含了不同硬件接口的驱动文件和协议栈库文件等，如下图 a 所 示。MAC_RAW 例程中 ETH_Driver 文件夹下有不同硬件接口的驱动文件，没有库相关文件，如下图 b 所示。默认情况下使用的是 MCU 内置的 10M PHY 驱动。               a.NetLi
2	tmp/wch-evt/evt/QingkeV4F_CH32V317_EVT/EXAM/ETH/“‘Ã´Õ¯¿˝≥Ã π”√◊¢“‚ ¬œÓ.pdf	dbfc5c115ea72be20bfc9b908e4fce8991f6128aadfc2987d493c2e468dd905a	global	revision-errata	2	2	以太网例程使用注意事项                                       https://wch.cn        MounRiver 2.x 版本：     （2）、与上一步一样，根据硬件需要将对应的驱动参与编译即可。     （3）、如果芯片是 CH32V317，且使用 WCH-Link 工具下载时，要根据下图将 MCU 的型号切换 CH32V317。     MounRiver 1.x 版本： V1.0                       2
2	tmp/wch-evt/evt/QingkeV4F_CH32V317_EVT/EXAM/ETH/“‘Ã´Õ¯¿˝≥Ã π”√◊¢“‚ ¬œÓ.pdf	dbfc5c115ea72be20bfc9b908e4fce8991f6128aadfc2987d493c2e468dd905a	global	revision-errata	3	1	以太网例程使用注意事项                                                https://wch.cn    MounRiver 2.x 版本：        根据使用的硬件接口配置结果如下图所示：        （1）、使用 RMII 接口驱动：                  a.NetLib 文件夹          b.ETH_Driver 文件夹        （2）、使用 MII 接口驱动：                    a. NetLib 文件夹
2	tmp/wch-evt/evt/QingkeV4F_CH32V317_EVT/EXAM/ETH/“‘Ã´Õ¯¿˝≥Ã π”√◊¢“‚ ¬œÓ.pdf	dbfc5c115ea72be20bfc9b908e4fce8991f6128aadfc2987d493c2e468dd905a	global	revision-errata	5	2	以太网例程使用注意事项                           https://wch.cn        进行如下图配置。        MounRiver 1.x 版本：        MounRiver 2.x 版本：   （2）、将以太网浮点库参与编译   首先，与选择不同驱动参与编译的操作方法类似，将浮点库参与编译。然后，与上一步一样操作， 调用出“Properties”后，按照下图配置，将硬件浮点库添加到工程中。 V1.0                       5
2	tmp/wch-evt/evt/QingkeV4F_CH32V317_EVT/EXAM/ETH/“‘Ã´Õ¯¿˝≥Ã π”√◊¢“‚ ¬œÓ.pdf	dbfc5c115ea72be20bfc9b908e4fce8991f6128aadfc2987d493c2e468dd905a	global	revision-errata	6	2	以太网例程使用注意事项                             https://wch.cn        MounRiver 1.x 版本：        MounRiver 2.x 版本：   注：从 EVT 文件夹中有本文档开始，非浮点库也支持工程开启硬件浮点功能，也就是可以省略上 述步骤（2）。 V1.0                       6
2	tmp/wch-evt/evt/QingkeV4F_CH32V317_EVT/EXAM/IAP/USB_UART/CH32V30x_IAP π”√Àµ√˜.pdf	a61909e8b9d937e21a37cdc06c29f55d3a8587fdf899ae7bc88ad68df012ae1e	global	revision-errata	1	2	https://wch.cn                         CH32V30x_IAP 使用说明                              版本：V1.1                             https://wch.cn 1． 将 IAP 下载到 CH32V30x 2． App 工程    修改 LD 起始地址从 0x00005000 开始，可根据需求修改。 3． 生成.hex 或者.bin 文件。软件版本 (V1.50)同时支持.hex 和.bin 下载文件方式。
2	tmp/wch-evt/evt/QingkeV4F_CH32V317_EVT/PUB/CH32V30x Evaluation Board Reference-EN.pdf	9808e0981caaebe0e4a3f012a35a26df6b54728dc45e3d16217148409c781c5b	finding	iochub-identity	16	2	Fill in the variable name, or just click OK to add the variable you just selected to the pop-up. 5) Peripheral registers In the lower left corner of IDE interface Peripherals interface shows a list of peripherals, tick the peripherals will display its specific register name, address, value in the M
2	tmp/wch-evt/evt/QingkeV4F_CH32V317_EVT/PUB/CH32V30x Evaluation Board Reference-EN.pdf	9808e0981caaebe0e4a3f012a35a26df6b54728dc45e3d16217148409c781c5b	global	silicon-package-lot	11	1	rence                                                            https://wch-ic.com 3. Software Development 3.1 EVT Package Directory Structure Description. PUB folder: provides evaluation board manuals, evaluation board schematics. EXAM folder: Provides software development drivers and correspondi
2	tmp/wch-evt/evt/QingkeV4F_CH32V317_EVT/PUB/CH32V30x∆¿π¿∞ÂÀµ√˜ È.pdf	d094012331a4f96042ada6ae626c69365f3585be1ed47fea2d7a711ac474dfaf	finding	h417-lot-capability	14	4	，遇到函数进入并执行。        5.单步跳过：跳出该函数，准备下一条语句。        6.单步返回：返回所跳入的函数        7.指令集单步模式：点击进入指令集调试（需与 4、5、6 功能配合使用）。        2）设置断点        双击代码左侧可设置断点，再次双击取消断点，设置断点如下图所示;   3）界面显示     （1）指令集界面   点击指令集单步调试可进入指令调试，以单步跳入为例，每点击一次，可运行一次，运行光标会 发生移动，以查看程序运行，指令集界面如下图所示：     （2）程序运行界面   可与指令集单步调试配合使用，仍以单步跳入为例，每
2	tmp/wch-evt/evt/QingkeV4F_CH32V317_EVT/PUB/CH32V30x∆¿π¿∞ÂÀµ√˜ È.pdf	d094012331a4f96042ada6ae626c69365f3585be1ed47fea2d7a711ac474dfaf	global	id-terms	1	1	应用参考                             版本：V1.9                            https:// wch.cn 一、概述   本评估板应用于 CH32V30x/CH32V317 芯片的开发，IDE 使用 MounRiver 编译器，可选择使用板载 或独立的 WCH-Link 进行仿真和下载，并提供了芯片资源相关的应用参考示例及演示。 二、评估板硬件   评估板的原理图请参考 CH32V307SCH.pdf 文档 以上 CH32V307 评估板配有以下资源： 主板 - CH32V307EVT   1. 开关 S1 ：用于切断或连接外部 5
2	tmp/wch-evt/evt/QingkeV4F_CH32V317_EVT/PUB/CH32V30x∆¿π¿∞ÂÀµ√˜ È.pdf	d094012331a4f96042ada6ae626c69365f3585be1ed47fea2d7a711ac474dfaf	global	revision-errata	1	1	评估板说明及应用参考                                   https://wch.cn         CH32V3xx 评估板说明及应用参考                             版本：V1.9                            https:// wch.cn 一、概述   本评估板应用于 CH32V30x/CH32V317 芯片的开发，IDE 使用 MounRiver 编译器，可选择使用板载 或独立的 WCH-Link 进行仿真和下载，并提供了芯片资源相关的应用参考示例及演示。 二、评估板硬件   评估板的
2	tmp/wch-evt/evt/QingkeV5F_CH32H417_EVT/EXAM/IAP/USB_UART/CH32H417_IAP π”√Àµ√˜.pdf	12d5ea086020bc01b61fb7577366051f8088de38219841b389894059086252a2	global	revision-errata	1	2	使用说明                                  https://wch.cn                     CH32H417_IAP 使用说明                           版本：V1.2                        https://wch.cn 1. IAP 程序及注意事项    例程提供的 IAP 程序仅为单核（V3）程序，支持 USART(USART1)和 USB(USBFS+USBHS)方 式，以及可选 USBHID 模式，进行 APP 程序更新。IAP 支持两种跳转方式，可自由选择。下 载 IAP 程序时
2	tmp/wch-evt/evt/QingkeV5F_CH32H417_EVT/EXAM/PIOC/Tool_Manual/Manual/CHRISC8B-EN.pdf	a3b0ac3fa84387ee0445e4e7bf82e5cebf7f594514eb95fc4af13a1361a5e517	finding	iochub-identity	1	9	ted operation class and transfer class according to the operation objects. 2. Instruction Set F represents SFR or RAM register, and the valid values are 0x00-0xFF; F represents extended address SFR or RAM register, and the valid values are 0x000-0x1FF; A is the working register, C is the carry flag and Z
2	tmp/wch-evt/evt/QingkeV5F_CH32H417_EVT/EXAM/PIOC/Tool_Manual/Manual/CHRISC8B-EN.pdf	a3b0ac3fa84387ee0445e4e7bf82e5cebf7f594514eb95fc4af13a1361a5e517	finding	iochub-identity	2	2	Z, C                             stack                        Save         indirect                        addressing register 2                           {SFR_INDIR_ADDR2, 00000000 001010xx 0028                       PUSHA2                                               None                        and pag
2	tmp/wch-evt/evt/QingkeV5F_CH32H417_EVT/EXAM/PIOC/Tool_Manual/Manual/CHRISC8B-EN.pdf	a3b0ac3fa84387ee0445e4e7bf82e5cebf7f594514eb95fc4af13a1361a5e517	finding	iochub-identity	3	2	→{INDIR_RAM_PAGE, INDIR_RAM                       22kk                       MOVIP        k9 kkkkkkkk                   register    1     and                     SFR_INDIR_ADDR}           _PAGE_BIT                            dedicated page bits.                            Constant is placed in 001001kk
2	tmp/wch-evt/evt/QingkeV5F_CH32H417_EVT/EXAM/PIOC/Tool_Manual/Manual/CHRISC8B-EN.pdf	a3b0ac3fa84387ee0445e4e7bf82e5cebf7f594514eb95fc4af13a1361a5e517	finding	iochub-identity	4	6	23kk                        MOVA1F k              k→1#ff                None kkkkkkkk                    1# fast register. 00100101                    Constant is put into                      25kk                        MOVA2F k              k→2#ff                None kkkkkkkk                    2#
2	tmp/wch-evt/evt/QingkeV5F_CH32H417_EVT/EXAM/PIOC/Tool_Manual/Manual/CHRISC8B-EN.pdf	a3b0ac3fa84387ee0445e4e7bf82e5cebf7f594514eb95fc4af13a1361a5e517	finding	iochub-identity	5	4	d Assembly Tool                                                    https://wch-ic.com                             bit register.                        Transfer bits selected 00000000 101aabbb 00Ab by bits b to a of the 2# BP2F            a, b      2#bf[b]→bit[a]                 C if a==0
2	tmp/wch-evt/evt/QingkeV5F_CH32H417_EVT/EXAM/PIOC/Tool_Manual/Manual/CHRISC8B-EN.pdf	a3b0ac3fa84387ee0445e4e7bf82e5cebf7f594514eb95fc4af13a1361a5e517	finding	iochub-identity	6	2	instruction    to    modify     the   operation classes, the instruction whose Modify                   SFR_PRG_COUNT register is multi-cycle, and the   target register is SFR_PRG_COUNT, program                         instruction not to modify or save is single-cycle. For   for           example,
2	tmp/wch-evt/evt/QingkeV5F_CH32H417_EVT/EXAM/PIOC/Tool_Manual/Manual/CHRISC8B-EN.pdf	a3b0ac3fa84387ee0445e4e7bf82e5cebf7f594514eb95fc4af13a1361a5e517	finding	iochub-identity	7	2	t addressing, extended direct addressing, indirect addressing and bit addressing, and the last four are used to address registers. 5.1 Immediate Number Addressing Immediate addressing is used for constant instructions, and the operands in the instruction code are immediate numbers, which are directly used
2	tmp/wch-evt/evt/QingkeV5F_CH32H417_EVT/EXAM/PIOC/Tool_Manual/Manual/CHRISC8B-EN.pdf	a3b0ac3fa84387ee0445e4e7bf82e5cebf7f594514eb95fc4af13a1361a5e517	finding	iochub-identity	8	29	+0x23 5.2 Extended Direct Addressing The addressing range of extended direct addressing is 0x000-0x1FF, and the 9-bit register address is directly provided by the instruction code, which is only applicable to the following two instructions that directly read and write registers: MOV register, A or F instr
2	tmp/wch-evt/evt/QingkeV5F_CH32H417_EVT/EXAM/PIOC/Tool_Manual/Manual/CHRISC8B-EN.pdf	a3b0ac3fa84387ee0445e4e7bf82e5cebf7f594514eb95fc4af13a1361a5e517	finding	iochub-identity	9	14	R2=0x357, indirect addressing 0x357          MOVA SFR_INDIR_PORT2; [SFR_INDIR_ADDR2]=0x45. Write the data 0x45 into the register with address 0x357.          MOVIP 0x123; SB_INDIR_RAM_PAGE=1, SFR_INDIR_ADDR=0x23, indirect addressing 0x123.          ADD SFR_INDIR_PORT; [SB_INDIR_RAM_PAGE, SFR_INDIR_ADDR]+= 0
2	tmp/wch-evt/evt/QingkeV5F_CH32H417_EVT/EXAM/PIOC/Tool_Manual/Manual/CHRISC8B-EN.pdf	a3b0ac3fa84387ee0445e4e7bf82e5cebf7f594514eb95fc4af13a1361a5e517	finding	iochub-identity	10	2	ious numerical values. Usually, constants are values defined in advance by assembling pseudo-instruction EQU, including register address, register bit address, constant or immediate number, etc. RISC8B assembler does not distinguish between labels and constants internally, but handles them in exactly the sa
2	tmp/wch-evt/evt/QingkeV5F_CH32H417_EVT/EXAM/PIOC/Tool_Manual/Manual/CHRISC8B-EN.pdf	a3b0ac3fa84387ee0445e4e7bf82e5cebf7f594514eb95fc4af13a1361a5e517	finding	iochub-identity	12	8	EQU 2           ORG 0x80           START:         CLR 0x0B                  ; It is suggested to use a label instead of register address 0x0B.                           MOVL B'11111011'                         MOVA 0x15                  ; It is suggested to replace the register address 0x15 with a label.
2	tmp/wch-evt/evt/QingkeV5F_CH32H417_EVT/EXAM/PIOC/Tool_Manual/Manual/CHRISC8B-EN.pdf	a3b0ac3fa84387ee0445e4e7bf82e5cebf7f594514eb95fc4af13a1361a5e517	finding	wchnet-chip-field	12	1	lusion files. Example: PORTA            EQU 0x05                  ; port A           PA2            EQU 2           ORG 0x80           START:         CLR 0x0B                  ; It is suggested to use a label instead of register address 0x0B.                           MOVL B'11111011'
2	tmp/wch-evt/evt/QingkeV5F_CH32H417_EVT/EXAM/PIOC/Tool_Manual/Manual/CHRISC8B.PDF	38231bec89ea50abb7273c76f8d84adfdd0557829628ece8be8bf752e78281f5	finding	iochub-identity	6	5	WCH-RISC8B 内核指令集与汇编工具                  6                           http://wch.cn 接读写寄存器的指令：MOV register,A 或 F 指令，MOVA register 指令。需要寻址更大范围时应该采用间 接寻址方式。   例： MOVA 0x167   ;[0x167]=A,将 A 中数据写入地址为 0x167 的寄存器,建议用标号代替      MOV 0x289, A ;A=[0x289],读取地址为 0x289 的寄存器中的数据到 A 中,建议用标号代替 5.3. 普
2	tmp/wch-evt/evt/QingkeV5F_CH32H417_EVT/EXAM/PIOC/Tool_Manual/Manual/CHRISC8B.PDF	38231bec89ea50abb7273c76f8d84adfdd0557829628ece8be8bf752e78281f5	finding	iochub-identity	9	2	址 0x15        WAIT:   BTSC PORTA, PA2   ;skip if PA2=0                JMP WAIT                BC    3, 0        ;status register, C=0, 建议用标号代替寄存器地址 3                MOV PORTA, A      ;从 A 端口读取数据到 A 中                PUSHAS            ;save A and status register to stack 6.6. 伪指令 6.6.1. 标号赋值伪指令 EQU     EQU 用
2	tmp/wch-evt/evt/QingkeV5F_CH32H417_EVT/EXAM/PIOC/Tool_Manual/Manual/CHRISC8B.PDF	38231bec89ea50abb7273c76f8d84adfdd0557829628ece8be8bf752e78281f5	finding	wchnet-chip-field	8	1	行语句，多于 9999 行的源程序可以分成多个包含文件。   例： PORTA        EQU 0x05          ;port A         PA2       EQU 2                   ORG 0x80         START:    CLR 0x0B          ;建议用标号代替寄存器地址 0x0B                   MOVL B’11111011’                                           8
2	tmp/wch-evt/evt/QingkeV5F_CH32H417_EVT/EXAM/PIOC/Tool_Manual/Manual/CHRISC8B.PDF	38231bec89ea50abb7273c76f8d84adfdd0557829628ece8be8bf752e78281f5	global	revision-errata	1	1	http://wch.cn                      RISC8B 内核单片机指令集与汇编工具                                        版本：2B 1. 概述   WCH-RISC8B 是 8 位数据宽度的精简指令集单片机内核，RISC8B 基于 RISC8A 新增了一些位传送指令。 所有指令宽度均为 16 位，指令由操作码和操作数组成。RISC8B 共有 66 条指令，根据操作对象分为：控制 类，面向字节操作类，常数操作类，面向位操作类，转移类。 2. 指令集      f 代表 SF
2	tmp/wch-evt/evt/QingkeV5F_CH32H417_EVT/EXAM/PIOC/Tool_Manual/Manual/CHRISC8B.PDF	38231bec89ea50abb7273c76f8d84adfdd0557829628ece8be8bf752e78281f5	global	revision-errata	10	1	可以提供以下编程范例：32 位数据的加减算法程序，单字节常数查表程序，双字节常数查表程序，延 时子程序，串口和 SPI 操作程序，读写 24CXX 系列 EEPROM 和 25FXX 系列 FLASH 的程序，USB 产品的基本框 架程序，兼容 CH341 芯片的 USB 转串口程序。 8.6. 如果程序 ROM 为 OTP 工艺，那么建议预留空操作指令     OTP 工艺 ROM 原则上只能烧录一次，ROM 数据位空白时为 0，烧录后可能置 1。在调试过程中，为便于 再次修改局部代码，可以临时选择不加读保护就允许再次烧录，为 0 的 ROM 数据位可以再烧录为 1，数据 位 1 仍保持 1。
2	tmp/wch-evt/evt/QingkeV5F_CH32H417_EVT/EXAM/PIOC/Tool_Manual/Manual/PIOC-EN.pdf	d8b62cd7359d53c123e52e249abc135cfa75a756833b38ca9d0e50818fcd56f4	finding	iochub-identity	1	5	ore with a single clock cycle, runs at the main frequency of the system, has a program ROM with 2K instructions, 49 SFR registers and PWM timers/counters, and supports the protocol control of 2 I/O pins. 2. Feature ● RISC8B core, optimized single-cycle bit operation instruction set, fully static design, s
2	tmp/wch-evt/evt/QingkeV5F_CH32H417_EVT/EXAM/PIOC/Tool_Manual/Manual/PIOC-EN.pdf	d8b62cd7359d53c123e52e249abc135cfa75a756833b38ca9d0e50818fcd56f4	finding	iochub-identity	2	3	exit directly if it is already 1. 3.6 Bit Transfer Instruction The bit transfer instruction supports 2-bit operation registers: register SFR _ Indian _ Addr corresponding to BP1F and BG1F, and register SFR_DATA_EXCH corresponding to BP2F and BG2F. Bit transfer instructions BP1F and BP2F support four inde
2	tmp/wch-evt/evt/QingkeV5F_CH32H417_EVT/EXAM/PIOC/Tool_Manual/Manual/PIOC-EN.pdf	d8b62cd7359d53c123e52e249abc135cfa75a756833b38ca9d0e50818fcd56f4	finding	iochub-identity	3	26	parameter BI_BIT_RX_I0 corresponds to SB_BIT_RX_I0, and 2# parameter BI_PORT_IN0 corresponds to sb. 4. Data space, Registers and Addressing The data space of eMCU includes 49 special function registers SFR, which are addressed by 8-bit addresses and range from 0x00-0x3F. The data width of all registers
2	tmp/wch-evt/evt/QingkeV5F_CH32H417_EVT/EXAM/PIOC/Tool_Manual/Manual/PIOC-EN.pdf	d8b62cd7359d53c123e52e249abc135cfa75a756833b38ca9d0e50818fcd56f4	finding	iochub-identity	4	26	UUUUUUUU     00000000                                      counter PC    03H     SFR_STATUS_REG          Status register               UUUUSUSU    0000-0-0                                 Indirectly addressed    04H     SFR_INDIR_ADDR                                        RRRRRRRR   XXXXXXXX
2	tmp/wch-evt/evt/QingkeV5F_CH32H417_EVT/EXAM/PIOC/Tool_Manual/Manual/PIOC-EN.pdf	d8b62cd7359d53c123e52e249abc135cfa75a756833b38ca9d0e50818fcd56f4	finding	iochub-identity	5	21	https://wch-ic.com    2CH       SFR_DATA_REG12                Data register 12           WWWWWWWW                  00000000    2DH       SFR_DATA_REG13                Data register 13           WWWWWWWW                  00000000    2EH       SFR_DATA_REG1
2	tmp/wch-evt/evt/QingkeV5F_CH32H417_EVT/EXAM/PIOC/Tool_Manual/Manual/PIOC-EN.pdf	d8b62cd7359d53c123e52e249abc135cfa75a756833b38ca9d0e50818fcd56f4	finding	iochub-identity	6	14	https://wch-ic.com 5.3 Indirect Addressed 2 Data Read-write Port SFR_INDIR_PORT2 5.4 Indirect Addressed 2 Adress Register SFR_INDIR_ADDR2 These are two groups of indirect addressing registers, each of which consists of an address register and a data read- write port. Write the address of the destinat
2	tmp/wch-evt/evt/QingkeV5F_CH32H417_EVT/EXAM/PIOC/Tool_Manual/Manual/PIOC-EN.pdf	d8b62cd7359d53c123e52e249abc135cfa75a756833b38ca9d0e50818fcd56f4	finding	iochub-identity	7	4	affected, so that short jumps and table lookup can be made within the range of 256 bytes. 5.7 Port Direction Setting Register SFR_PORT_DIR 5.8 Port Input Output Register SFR_PORT_IO The port contains two bidirectional input and output pins, which can be independently set as the input direction or outpu
2	tmp/wch-evt/evt/QingkeV5F_CH32H417_EVT/EXAM/PIOC/Tool_Manual/Manual/PIOC-EN.pdf	d8b62cd7359d53c123e52e249abc135cfa75a756833b38ca9d0e50818fcd56f4	finding	iochub-identity	8	5	0: Input; 1: Output The following table is a description of the port input and output register SFR_PORT_IO.   Address         Bit name                                   Description                         Default value                                    XOR result of input
2	tmp/wch-evt/evt/QingkeV5F_CH32H417_EVT/EXAM/PIOC/Tool_Manual/Manual/PIOC-EN.pdf	d8b62cd7359d53c123e52e249abc135cfa75a756833b38ca9d0e50818fcd56f4	finding	iochub-identity	9	4	mode or pulse width modulator mode. Timer0 is in timer mode, and the initial count value is stored in the initial value register SFR_TMR0_INIT in advance. Timer0 always counts from the initial count value to 0FFH. When it overflows from 0FFH, Timer0 automatically reloads the initial value from the initial v
2	tmp/wch-evt/evt/QingkeV5F_CH32H417_EVT/EXAM/PIOC/Tool_Manual/Manual/PIOC-EN.pdf	d8b62cd7359d53c123e52e249abc135cfa75a756833b38ca9d0e50818fcd56f4	finding	iochub-identity	10	7	https://wch-ic.com 5.12 System Configuration Register SFR_SYS_CFG 5.13 Host Reads/Writes and eMCU Read-only Register SFR_CTRL_WR 5.14 eMCU Reads/Writes and Host Read-only Register SFR_CTRL_WR The system configuration register pro
2	tmp/wch-evt/evt/QingkeV5F_CH32H417_EVT/EXAM/PIOC/Tool_Manual/Manual/PIOC-EN.pdf	d8b62cd7359d53c123e52e249abc135cfa75a756833b38ca9d0e50818fcd56f4	finding	iochub-identity	11	4	nt to sleep;                                                     1: Turn on the clock of eMCU 5.15 Encode Bit Period Register SFR_BIT_CYCLE 5.16 Code Bit Configuration Register SFR_BIT_CONFIG EMCU supports 2 bit modulation modes: PWM duty cycle modulation and Manchester modulation. Set SB_BIT_CYCLE gre
2	tmp/wch-evt/evt/QingkeV5F_CH32H417_EVT/EXAM/PIOC/Tool_Manual/Manual/PIOC-EN.pdf	d8b62cd7359d53c123e52e249abc135cfa75a756833b38ca9d0e50818fcd56f4	finding	iochub-identity	12	2	SB_BIT_CYC_CNT3                                        counter.                                       0 5.17 Data Register SFR_DATA_* SFR_DATA_* are both data registers that can be read and written on both sides, and the host-side write operation takes precedence, and the software defines the purpose.
2	tmp/wch-evt/evt/QingkeV5F_CH32H417_EVT/EXAM/PIOC/Tool_Manual/Manual/PIOC.PDF	61e543eb2dcdf538deaabf40afccae53fbd8166bb2b64890112bd885da0ede43	finding	iochub-identity	2	5	个数据读写端口组成。先向地址寄存器写入目的寄 存器的地址，再通过读写数据读写端口就可以读写目的寄存器。   扩展直接寻址的寻址范围是 0x000-0x1FF，由指令直接提供 9 位寄存器地址，仅适用于以下两条 直接读写寄存器的指令：MOV register,A 或 F 指令，MOVA register 指令。   普通直接寻址的寻址范围是 0x000-0x0FF，由指令直接提供 8 位寄存器地址，适用于除上述扩展 直接寻址指令之外的所有直接地址指令，例如 CLR register、ADD register、BS register,bit 等。 需要寻址更大范围时应该采用间接寻址方式。   立即数快速寻址用于无
2	tmp/wch-evt/evt/QingkeV5F_CH32H417_EVT/EXAM/PIOC/Tool_Manual/Manual/PIOC.PDF	61e543eb2dcdf538deaabf40afccae53fbd8166bb2b64890112bd885da0ede43	global	revision-errata	1	1	://wch.cn                    可编程协议 I/O 微控制器 PIOC                                   手册                                 版本： 1                               http://wch.cn 1、概述   部分 WCH 芯片内嵌了一个可编程协议 I/O 微控制器 PIOC，即 eMCU，该 eMCU 基于单时钟周期的精 简指令集 RISC8B 内核，运行于系统主频，具有 2K 指令的程序 ROM 和 49 个 SFR 寄存器及 PWM 定时/ 计数器
2	tmp/wch-evt/evt/QingkeV5F_CH32H417_EVT/EXAM/PIOC/Tool_Manual/Manual/PIOC π”√Àµ√˜.pdf	2515e76f0c2841b26f818adcb8442a7845039a1fa24ffc307f9c5da6581b6847	global	id-terms	1	1	使用说明                                     版本：V1.0                                   https://wch.cn 一、概述   以 CH32H417 芯片为例，IDE 使用 MounRiver 编译器，可选择使用板载或独立的 WCH-Link 进行仿 真和下载，并提供了 PIOC 模拟 1_Wire 的应用参考示例。 二、使用下载流程 1、打开 PIOC\PIOC_1_Wire\V3F\Asm\RGB1W.ASM 汇编源文件，进行修改并保存。 2、双击 RGB1W.BAT 脚本进行编译。 3、打开
2	tmp/wch-evt/evt/QingkeV5F_CH32H417_EVT/EXAM/PIOC/Tool_Manual/Manual/PIOC π”√Àµ√˜.pdf	2515e76f0c2841b26f818adcb8442a7845039a1fa24ffc307f9c5da6581b6847	global	revision-errata	1	1	https://wch.cn                                 PIOC 使用说明                                     版本：V1.0                                   https://wch.cn 一、概述   以 CH32H417 芯片为例，IDE 使用 MounRiver 编译器，可选择使用板载或独立的 WCH-Link 进行仿 真和下载，并提供了 PIOC 模拟 1_Wire 的应用参考示例。 二、使用下载流程 1、打开 PI
2	tmp/wch-evt/evt/QingkeV5F_CH32H417_EVT/EXAM/UHSIF/CH32H417 UHSIF Development Reference Manual-EN.pdf	a115a26443ee206d6ffa9e02bc9b81c87b018fc8ac8c9a15508ed695ccec5cdc	finding	h417-lot-capability	9	1	5.3.6. UHSIF_Linex_IN_Callback The UHISF transmission line receives an interrupt callback function; this interrupt is triggered when the transmission line receives a long or short packet. The 'rcv_count' value read represents the length of the data received during this transmission. Interface definition:
2	tmp/wch-evt/evt/QingkeV5F_CH32H417_EVT/EXAM/UHSIF/CH32H417 UHSIF Development Reference Manual-EN.pdf	a115a26443ee206d6ffa9e02bc9b81c87b018fc8ac8c9a15508ed695ccec5cdc	finding	iochub-identity	2	1	F_PORT47    DATA[31] The mapping of UHSIF peripheral signals to MCU I/O ports can be configured via the UHSIF_PORT_RM register. For details, refer to the "UHSIF Pin Functions" section in the CH32H417DS0.PDF. V1.0                                                   2
2	tmp/wch-evt/evt/QingkeV5F_CH32H417_EVT/EXAM/UHSIF/CH32H417 UHSIF Development Reference Manual-EN.pdf	a115a26443ee206d6ffa9e02bc9b81c87b018fc8ac8c9a15508ed695ccec5cdc	finding	iochub-identity	6	1	EMAP1,                         RCC_UHSIFDIV_DIV4,                         DEF_UHSIF_DATA_BIT32 ); 2. Configure related registers;      UHSIF_Cfg( ); 3. Configure the transmission line, the number of buffers, the send and receive buffer addresses, and the watermark value;      UHSIF_Line_Cfg( DEF_LINE0,
2	tmp/wch-evt/evt/QingkeV5F_CH32H417_EVT/EXAM/UHSIF/CH32H417 UHSIF Development Reference Manual-EN.pdf	a115a26443ee206d6ffa9e02bc9b81c87b018fc8ac8c9a15508ed695ccec5cdc	finding	iochub-identity	7	1	DEF_UHSIF_CLKREMAP1,                         0,                         DEF_UHSIF_DATA_BIT32 ); 2. Configure related registers;        UHSIF_Cfg(); 3. Configure the transmission line, the number of buffers, the send and receive buffer addresses, and the watermark value;      UHSIF_Line_Cfg( DEF_LINE0,
2	tmp/wch-evt/evt/QingkeV5F_CH32H417_EVT/EXAM/UHSIF/CH32H417 UHSIF Development Reference Manual-EN.pdf	a115a26443ee206d6ffa9e02bc9b81c87b018fc8ac8c9a15508ed695ccec5cdc	finding	iochub-identity	8	2	Manual                                                       https://wch-ic.com 5.3.2. UHSIF_Cfg Initialize the UHSIF registers. This function must be called after the UHSIF GPIO has been initialized and before the transmission lines are initialized. Interface definition:        void UHSIF_Cfg( void );
2	tmp/wch-evt/evt/QingkeV5F_CH32H417_EVT/EXAM/UHSIF/CH32H417 UHSIF Development Reference Manual-EN.pdf	a115a26443ee206d6ffa9e02bc9b81c87b018fc8ac8c9a15508ed695ccec5cdc	finding	iochub-identity	10	4	turn                 Whether the configuration parameter is valid 5.3.9. UHSIF_Reg_Change The UHSIF has a total of 76 registers that can be modified; the offset address reg_addr ranges from 0 to 75, and value should be set to the value you wish to modify.      uit8_t UHSIF_ Reg _Cfg( uint8_t mode,
2	tmp/wch-evt/evt/QingkeV5F_CH32H417_EVT/EXAM/UHSIF/CH32H417 UHSIF Development Reference Manual-EN.pdf	a115a26443ee206d6ffa9e02bc9b81c87b018fc8ac8c9a15508ed695ccec5cdc	global	revision-errata	5	1	ter read/write slave parameters        Parameter                               Description                              Fixed value       Unit                      The time from when the WR#/EOP# signal is pulled high until        t(WEN2FLAG)
2	tmp/wch-evt/evt/QingkeV5F_CH32H417_EVT/EXAM/UHSIF/CH32H417Õ®”√∏ﬂÀŸΩ”ø⁄£®UHSIF£©ø™∑¢≤Œøº ÷≤·.pdf	c4c31b260db2987f940b26f9b4de915bbb767f03297f8a4bbfcaaba9bc066234	global	revision-errata	1	1	cn                   CH32H417 通用高速接口（UHSIF）开发                                   参考手册                                  版本：1.0                                https://wch.cn 1、概述   芯片内置一组通用高速接口 UHSIF，传输时钟最高可达 125MHz，支持 8 位、16 位、24 位或 32 位数据宽度，理论最高速度 500Mbytes/s。 2、主要特性           支持主机模式和从机模式
2	tmp/wch-evt/evt/QingkeV5F_CH32H417_EVT/EXAM/UHSIF/CH32H417Õ®”√∏ﬂÀŸΩ”ø⁄£®UHSIF£©ø™∑¢≤Œøº ÷≤·.pdf	c4c31b260db2987f940b26f9b4de915bbb767f03297f8a4bbfcaaba9bc066234	global	revision-errata	6	2	ns_size 填 0 即可；    UHSIF_Trans_Cfg( DEF_LINE0, UHSIF_RD_COMM.deal, 0 ); 5.3 API 说明 5.3.1 UHSIF_Get_Ver     获取当前 UHSIF 库版本号。     接口定义：        uint8_t UHSIF_Get_Ver( void );                       参数                            描述                       返回                当前 UHSIF 库版本号 5.3.2 UHSIF_Cfg
2	tmp/wch-evt/evt/QingkeV5F_CH32H417_EVT/PUB/CH32H417 Evaluation Board Reference-EN.pdf	78dc8d46f5e4da895bcad9a6d1c0a6e2a1cc34af3e7fb8be48709aec75162fa7	finding	iochub-identity	10	2	ck add to watch Fill in the variable name , and add the variable you just selected to the window: 5) Peripheral registers In the lower left corner of IDE interface Peripherals interface shows a list of peripherals, tick the peripherals will display its specific register name, address, value in the M
2	tmp/wch-evt/evt/QingkeV5F_CH32H417_EVT/PUB/CH32H417 Evaluation Board Reference-EN.pdf	78dc8d46f5e4da895bcad9a6d1c0a6e2a1cc34af3e7fb8be48709aec75162fa7	global	silicon-package-lot	3	1	nce                                                               https://wch-ic.com 3. Software Development 3.1 EVT Package Directory Structure Description: PUB folder: provides evaluation board manuals, evaluation board schematics. EXAM folder: Provides software development drivers and correspondi
2	tmp/wch-evt/evt/QingkeV5F_CH32H417_EVT/PUB/CH32H417 Evaluation Board Reference-EN.pdf	78dc8d46f5e4da895bcad9a6d1c0a6e2a1cc34af3e7fb8be48709aec75162fa7	global	silicon-package-lot	13	4	https://wch-ic.com 5. WCHISPTool.exe Download CH32H417 chips with batch number 5 non-zero support downloading using the WCHISPTool. Both USB and serial port download methods are supported. USB pins are PA11 (DM) and PA12 (DP), while serial port pins a
2	tmp/wch-evt/evt/QingkeV5F_CH32H417_EVT/PUB/CH32H417SCH.pdf	5506439d08953413d813e3bc45ea566e4cdd5d1f34bcfd91de6078f5d862e62e	global	identity-csr	1	12	PF13 COC32
2	tmp/wch-evt/evt/QingkeV5F_CH32H417_EVT/PUB/CH32H417SCH.pdf	5506439d08953413d813e3bc45ea566e4cdd5d1f34bcfd91de6078f5d862e62e	global	identity-csr	2	3	PF14 PIU2078
2	tmp/wch-evt/evt/QingkeV5F_CH32H417_EVT/PUB/CH32H417SCH.pdf	5506439d08953413d813e3bc45ea566e4cdd5d1f34bcfd91de6078f5d862e62e	global	identity-csr	3	2	C13                PF14          78
2	tmp/wch-evt/evt/QingkeV5F_CH32H417_EVT/PUB/CH32H417SCH.pdf	5506439d08953413d813e3bc45ea566e4cdd5d1f34bcfd91de6078f5d862e62e	global	identity-csr	4	2	C13                PF14          78
2	tmp/wch-evt/evt/QingkeV5F_CH32H417_EVT/PUB/CH32H417SCH.pdf	5506439d08953413d813e3bc45ea566e4cdd5d1f34bcfd91de6078f5d862e62e	global	identity-csr	5	3	PF14 PIU2065
2	tmp/wch-evt/evt/QingkeV5F_CH32H417_EVT/PUB/CH32H417SCH.pdf	5506439d08953413d813e3bc45ea566e4cdd5d1f34bcfd91de6078f5d862e62e	global	identity-csr	6	6	29                                                     PF13                                                                                                                                  PIR30 1
2	tmp/wch-evt/evt/QingkeV5F_CH32H417_EVT/PUB/CH32H417∆¿π¿∞ÂÀµ√˜ È.pdf	14ea6def0bf9288233d32080b9f0541767f76f3a21b0417dbf832f0f0faf4d7b	finding	h417-lot-capability	8	4	CH32H417 评估板说明及应用参考                     https://wch.cn 7.指令集单步模式：点击进入指令集调试（需与 4、5、6 功能配合使用）。 2）设置断点 双击代码左侧可设置断点，再次双击取消断点，设置断点如下图所示; 3）界面显示 （1）指令集界面 点击指令集单步调试可进入指令调试，以单步跳入为例，每点击一次，可运行一次，运行光标会 发生移动，以查看程序运行，指令集界面如下图所示： （2）程序运行界面 可与指令集单步调试配合使用，仍以单步跳入为例，每点击一次，可运行一次，运行光标会发生 移动
2	tmp/wch-evt/evt/QingkeV5F_CH32H417_EVT/PUB/CH32H417∆¿π¿∞ÂÀµ√˜ È.pdf	14ea6def0bf9288233d32080b9f0541767f76f3a21b0417dbf832f0f0faf4d7b	finding	h417-lot-capability	10	1	评估板说明及应用参考                          https://wch.cn         (2)CH32H417 芯片调试过程中，V3F 工程不支持单步调试。         (3)调试时 V5F 工程断点，只有在 V5 核唤醒后才能设置 四、WCH-LinkUtility.exe 下载        使用 WCH-LinkUtility 工具对芯片进行下载流程为：        1）连接 WCH-Link；        2）选择芯片信息；        3）添加固件；        4）设置配置，若芯片为读保护需解除芯片读保护；
2	tmp/wch-evt/evt/QingkeV5F_CH32H417_EVT/PUB/CH32H417∆¿π¿∞ÂÀµ√˜ È.pdf	14ea6def0bf9288233d32080b9f0541767f76f3a21b0417dbf832f0f0faf4d7b	finding	h417-lot-capability	11	1	CH32H417 评估板说明及应用参考                                              https://wch.cn 五、WCHISPTool.exe 下载        批号第五位不为零的 CH32H417 芯片支持使用 WCHISPTool 工具对芯片进行下载，并且支持 USB 和串口两种下载方式。USB 管脚为 PA11（DM）、PA12（DP），串口管脚为 PB6(TX)、PB7（RX）。特殊的 QFN88 封装（CH32H417MEU）串口管脚 PA9(TX)、PA10（RX），QFN68 封装（CH32H417WEU）不
2	tmp/wch-evt/evt/QingkeV5F_CH32H417_EVT/PUB/CH32H417∆¿π¿∞ÂÀµ√˜ È.pdf	14ea6def0bf9288233d32080b9f0541767f76f3a21b0417dbf832f0f0faf4d7b	global	id-terms	1	1	版本：V1.4                                      https:// wch.cn 一、概述   本评估板应用于 CH32H417 芯片的开发，IDE 使用 MounRiver 2 编译器，可使用 WCH-Link 进行仿 真和下载，并提供了芯片资源相关的应用参考示例及演示。 二、评估板硬件   评估板的原理图请参考 CH32H417SCH.pdf 文档        CH32H417 评估板\CH32H417 Evaluation    模块说明\Descriptions
2	tmp/wch-evt/evt/QingkeV5F_CH32H417_EVT/PUB/CH32H417∆¿π¿∞ÂÀµ√˜ È.pdf	14ea6def0bf9288233d32080b9f0541767f76f3a21b0417dbf832f0f0faf4d7b	global	revision-errata	1	1	https://wch.cn              CH32H417 评估板说明及应用参考                                       版本：V1.4                                      https:// wch.cn 一、概述   本评估板应用于 CH32H417 芯片的开发，IDE 使用 MounRiver 2 编译器，可使用 WCH-Link 进行仿 真和下载，并提供了芯片资源相关的应用参考示例及演示。 二、评估板硬件   评估板的原理图请参考
2	tmp/wch-evt/evt/QingkeV5F_CH32H417_EVT/PUB/CH32H417∆¿π¿∞ÂÀµ√˜ È.pdf	14ea6def0bf9288233d32080b9f0541767f76f3a21b0417dbf832f0f0faf4d7b	global	revision-errata	10	1	程为：        1）连接 WCH-Link；        2）选择芯片信息；        3）添加固件；        4）设置配置，若芯片为读保护需解除芯片读保护；        5）执行   Tips: 当前版本工具支持下载 target 文件时，配置下载文件地址。进行双核芯片下载时，需要 注意下载第二个工程时，不能勾选全擦（Erase All） V1.4                              10
2	tmp/wch-evt/evt/QingkeV5F_CH32H417_EVT/PUB/CH32H417∆¿π¿∞ÂÀµ√˜ È.pdf	14ea6def0bf9288233d32080b9f0541767f76f3a21b0417dbf832f0f0faf4d7b	global	silicon-package-lot	11	4	CH32H417 评估板说明及应用参考                                              https://wch.cn 五、WCHISPTool.exe 下载        批号第五位不为零的 CH32H417 芯片支持使用 WCHISPTool 工具对芯片进行下载，并且支持 USB 和串口两种下载方式。USB 管脚为 PA11（DM）、PA12（DP），串口管脚为 PB6(TX)、PB7（RX）。特殊的 QFN88 封装（CH32H417MEU）串口管脚 PA9(TX)、PA10（RX），QFN68 封装（CH32H417WE
2	tmp/wch-evt/evt/QingkeV5F_CH32H417_EVT/PUB/SCHPCB/CH32H417QEU-R1/CH32H417QEU-R1.pdf	80ddd7b42f3ce04a3f0fd238d28147c5ca9d1511260606641f8cac5074f2f95f	global	identity-csr	3	4	PF13 PIU1050                                                                                                                                                                 NLSDRAM0SDN
2	tmp/wch-evt/manual/QingKeV2_Processor_Manual.PDF	5430356218fca280023429a2516c3ac4aa200477a7fedd7d21af2f3562d70e7b	finding	csr-address-meaning	12	3	Reserved     RO      保留。                              0 3.2 中断相关 CSR 寄存器 另外，下列 CSR 寄存器也对中断的处理有重大影响： 中断系统控制寄存器（INTSYSCR）            名称        CSR 地址         访问               描述           复位值   INTSYSCR             0x804         MRW        中断系统控制寄存器        0x00000000 其各位定义为：        位            名称
2	tmp/wch-evt/manual/QingKeV2_Processor_Manual.PDF	5430356218fca280023429a2516c3ac4aa200477a7fedd7d21af2f3562d70e7b	finding	csr-address-meaning	13	2	4 进行地址偏移。   对于 V2 系列微处理器的 MCU，启动文件里默认配置了 MODE[1:0]=11，即向量表使用中断函数的 绝对地址，且异常或中断的入口根据中断编号*4 进行偏移。 3.3 中断嵌套   配合中断系统控制寄存器 INTSYSCR（CSR 地址：0x804）和中断优先级寄存器 PFIC_IPRIOR，可 以允许中断发生嵌套。在中断系统控制寄存器中使能嵌套（V2 系列 MCU 在启动文件中进行配置）， 并且配置对应中断的优先级。优先级数值越小，优先级越高。抢占位数值越小，抢占优先级越高。同 一抢占优先级下，若有中断同时挂起，微处理器优先响应优先级数值较小（优先级高）的中断。 3.4
2	tmp/wch-evt/manual/QingKeV2_Processor_Manual.PDF	5430356218fca280023429a2516c3ac4aa200477a7fedd7d21af2f3562d70e7b	finding	csr-address-meaning	24	2	0x7B2      DRW      调试模式暂存寄存器 0                  dscratch1     0x7B3      DRW      调试模式暂存寄存器 1      厂商    自定义 CSR       intsyscr       0x804         URW   中断系统控制寄存器 7.2 RISC-V 标准 CSR 寄存器 架构编号寄存器（marchid）   此寄存器为只读寄存器，用于指示当前微处理器硬件架构编号，其主要由厂商编码、架构编码、 系列编码、版本编码构成。其各位定义如下：                   表 7-2 marchid 寄存
2	tmp/wch-evt/manual/QingKeV2_Processor_Manual.PDF	5430356218fca280023429a2516c3ac4aa200477a7fedd7d21af2f3562d70e7b	finding	csr-address-meaning	27	1	描述         复位值    [31:0]     dscratch       DRW   调试模式数据暂存值          0 7.3 用户自定义 CSR 寄存器 中断系统控制寄存器（intsyscr）   该寄存器主要用于配置中断嵌套深度、硬件压栈、EABI 使能等相关功能，详见 3.2 节相关描述。 V1.3                                   26
2	tmp/wch-evt/manual/QingKeV2_Processor_Manual.PDF	5430356218fca280023429a2516c3ac4aa200477a7fedd7d21af2f3562d70e7b	finding	h417-lot-capability	3	1	式，机器模式下具有最高的权限，该模式下程序可以访问所 有的控制和状态寄存器（Control and Status Register,CSR），且青稞 V2 内部未设计物理内存保护 单元（Physical Memory Protection,PMP），程序可以访问所有的物理地址区域。CSR 寄存器 mstatus （机器模式状态寄存器）中 MPP 位默认为 0b11，即一直运行于机器模式下。 1.4 CSR 寄存器   RISC-V 架构中定义了一系列 CSR 寄存器，用于控制和记录微处理器的运行状态。这些 CSR 使用 内部专用的 12 位地址编码空间，可扩展 4096 个寄存器。并且使用高两位
2	tmp/wch-evt/manual/QingKeV2_Processor_Manual.PDF	5430356218fca280023429a2516c3ac4aa200477a7fedd7d21af2f3562d70e7b	finding	h417-lot-capability	4	1	取指令访问错误       0          2        同步                    非法指令       0          3        同步                      断点       0          4        同步            Load 指令访存地址不对齐       0          5     非精确异步               Load 指令访存错误       0          6        同步          Store/AMO 指令访存地址不对齐       0
2	tmp/wch-evt/manual/QingKeV2_Processor_Manual.PDF	5430356218fca280023429a2516c3ac4aa200477a7fedd7d21af2f3562d70e7b	finding	h417-lot-capability	18	1	过调试接口访问寄存器         通过调试接口可以使微处理器复位、暂停、恢复         通过调试接口读写存储器、指令寄存器以及外部设备         通过调试接口可以部署多条任意指令         通过调试接口设置软件断点         支持单步调试        调试模块内部寄存器使用7位地址编码，青稞V2系列微处理器内部实现了以下寄存器：                       表6-1 调试模块寄存器列表              名称                访问地址                        描述             data
2	tmp/wch-evt/manual/QingKeV2_Processor_Manual.PDF	5430356218fca280023429a2516c3ac4aa200477a7fedd7d21af2f3562d70e7b	finding	h417-lot-capability	22	1	001：以 ebreak 指令方式进入调试（优先级为                                  3）                                  010：以 trigger module 形式进入调试（优先                                  级为 4，最高）        [8:6]     cause     DRO   011：以暂停请求形式进入调试（优先级为 1）              0                                  100：以单步调试形式进入调试
2	tmp/wch-evt/manual/QingKeV2_Processor_Manual.PDF	5430356218fca280023429a2516c3ac4aa200477a7fedd7d21af2f3562d70e7b	finding	h417-lot-capability	23	1	dpc 更新规则                ebreak         Ebreak 指令的地址          single step          当前指令的下一条指令的指令地址         trigger module        暂不支持          halt request         进入调试时，下一条将要被执行的指令地址 6.2 调试接口   区别于标准的 RISC-V 定义的 JTAG 接口，青稞 V2 系列微处理器采用单/双线调试接口，其中 V2A 仅支持单线接口，遵循沁恒调试接口协议。调试接口负责调试主机和调试模块之间的通讯，实
2	tmp/wch-evt/manual/QingKeV2_Processor_Manual.PDF	5430356218fca280023429a2516c3ac4aa200477a7fedd7d21af2f3562d70e7b	finding	iochub-identity	3	1	0b11         机器模式         M   青稞 V2 系列微处理器仅支持机器模式，机器模式下具有最高的权限，该模式下程序可以访问所 有的控制和状态寄存器（Control and Status Register,CSR），且青稞 V2 内部未设计物理内存保护 单元（Physical Memory Protection,PMP），程序可以访问所有的物理地址区域。CSR 寄存器 mstatus （机器模式状态寄存器）中 MPP 位默认为 0b11，即一直运行于机器模式下。 1.4 CSR 寄存器   RISC-V 架构中定义了一系列 CSR 寄存器，用于控制和记录
2	tmp/wch-evt/manual/QingKeV2_Processor_Manual.PDF	5430356218fca280023429a2516c3ac4aa200477a7fedd7d21af2f3562d70e7b	finding	iochub-identity	20	3	0                                     1：微处理器出暂停                                     0：使用调试模块前需要认证         7      authenticated   RO                                          0x1                                     1：调试模块已经通过认证        [6:4]     Reserve       RO   保留
2	tmp/wch-evt/manual/QingKeV2_Processor_Manual.PDF	5430356218fca280023429a2516c3ac4aa200477a7fedd7d21af2f3562d70e7b	finding	iochub-identity	24	1	http://wch.cn                              第 7 章 CSR 寄存器列表    RISC-V 架构中定义了一些控制和状态寄存器（Control and Status Register,CSR），用于控制 和记录微处理器的运行状态。前文已经介绍到部分 CSR，本章将详细说明青稞 V2 系列微处理器实现 的 CSR 寄存器。 7.1 CSR 寄存器列表                              表 7-1 微处理器 CSR 寄存器列表          类型        名称         CSR 地址      访问
2	tmp/wch-evt/manual/QingKeV2_Processor_Manual.PDF	5430356218fca280023429a2516c3ac4aa200477a7fedd7d21af2f3562d70e7b	finding	wchnet-chip-field	12	1	重大影响： 中断系统控制寄存器（INTSYSCR）            名称        CSR 地址         访问               描述           复位值   INTSYSCR             0x804         MRW        中断系统控制寄存器        0x00000000 其各位定义为：        位            名称         访问                   描述               复位值    [31:3]         Reserved     MRO     保留。
2	tmp/wch-evt/manual/QingKeV2_Processor_Manual.PDF	5430356218fca280023429a2516c3ac4aa200477a7fedd7d21af2f3562d70e7b	finding	wchnet-chip-field	13	2	/wch.cn 机器模式异常基地址寄存器（mtvec）            名称         CSR 地址       访问              描述          复位值   mtvec                0x305       MRW        异常基地址寄存器        0x00000000 其各位定义为：        位            名称           访问               描述              复位值    [31:2]       BASEADDR[31:2]   MRW     中断向量表基地址，
2	tmp/wch-evt/manual/QingKeV2_Processor_Manual.PDF	5430356218fca280023429a2516c3ac4aa200477a7fedd7d21af2f3562d70e7b	finding	wchnet-chip-field	24	4	xF12      MRO       架构编号寄存器                   mimpid       0xF13      MRO      硬件实现编号寄存器                   mstatus      0x300      MRW        状态寄存器                    misa        0x301      MRW       硬件指令集寄存器                    mtvec       0x305      MRW       异常基地址寄存器        RISC-V    mscratch      0x3
2	tmp/wch-evt/manual/QingKeV2_Processor_Manual.PDF	5430356218fca280023429a2516c3ac4aa200477a7fedd7d21af2f3562d70e7b	global	identity-csr	24	7	表 7-1 微处理器 CSR 寄存器列表          类型        名称         CSR 地址      访问           描述                   marchid      0xF12      MRO       架构编号寄存器                   mimpid       0xF13      MRO      硬件实现编号寄存器                   mstatus      0x300      MRW        状态寄存器                    misa
2	tmp/wch-evt/manual/QingKeV2_Processor_Manual.PDF	5430356218fca280023429a2516c3ac4aa200477a7fedd7d21af2f3562d70e7b	global	identity-csr	25	3	20   21   22   23     24   25   26                例如青稞 V2A 微处理器，读取该寄存器的值为：0xDC68D841，即对应 WCH-V2A。         硬件实现编号寄存器（mimpid）           该寄存器主要由厂商编码构成，其各位定义如下：                            表 7-4 mimpid 寄存器定义           位      名称       访问                描述
2	tmp/wch-evt/manual/QingKeV2_Processor_Manual.PDF	5430356218fca280023429a2516c3ac4aa200477a7fedd7d21af2f3562d70e7b	global	identity-csr	26	1	eV2 微处理器手册                                                           http://wch.cn                              表 7-6 misa 寄存器定义        位      名称          访问                       描述                      复位值                                 机器字长                                 1：32   [31:30]         MX
2	tmp/wch-evt/manual/QingKeV2_Processor_Manual.PDF	5430356218fca280023429a2516c3ac4aa200477a7fedd7d21af2f3562d70e7b	global	revision-errata	11	1	相同。        [6:0]     Reserved         RO   保留。                                           0        V2 系列微处理器该寄存器主要用于兼容 中断全局状态寄存器（PFIC_GISR）             名称        访问地址                  访问                 描述               复位值   PFIC_CFGR          0xE000E04C             RO         中断全局状态寄存器
2	tmp/wch-evt/manual/QingKeV2_Processor_Manual.PDF	5430356218fca280023429a2516c3ac4aa200477a7fedd7d21af2f3562d70e7b	global	revision-errata	20	1	[6:4]     Reserve       RO   保留                                      0                                     调试系统支持架构版本        [3:0]     version       RO                                          0x2                                     0010：V0.13 微处理器状态寄存器（hartinfo）   该寄存器用于向调试主机提供微处理器的信息，是一个只读寄存器，
2	tmp/wch-evt/manual/QingKeV2_Processor_Manual.PDF	5430356218fca280023429a2516c3ac4aa200477a7fedd7d21af2f3562d70e7b	global	revision-errata	24	3	04         URW   中断系统控制寄存器 7.2 RISC-V 标准 CSR 寄存器 架构编号寄存器（marchid）   此寄存器为只读寄存器，用于指示当前微处理器硬件架构编号，其主要由厂商编码、架构编码、 系列编码、版本编码构成。其各位定义如下：                   表 7-2 marchid 寄存器定义   位      名称      访问                 描述 复位值         31      Reserved      MR0   保留                           1
2	tmp/wch-evt/manual/QingKeV2_Processor_Manual.PDF	5430356218fca280023429a2516c3ac4aa200477a7fedd7d21af2f3562d70e7b	global	revision-errata	25	1	http://wch.cn                其中厂商编号、版本编号为英文字母，系列编号为数字。字母的编码表如下表所示：                                表 7-3 字母映射表 A   B    C     D     E   F   G     H   I     J    K    L    M    N     O    P    Q    R    S    T    U    V
2	tmp/wch-evt/manual/QingKeV3_Processor_Manual.PDF	fcc16b54d8818b04b9f8a7a7fbce6c504b87ca3787f0933edecc4da7112438d5	finding	csr-address-meaning	19	3	Reserved     RO     保留。                              0 3.2 中断相关 CSR 寄存器 另外，下列 CSR 寄存器也对中断的处理有重大影响： 中断系统控制寄存器（intsyscr） 该寄存器仅对 V3A 无效：              名称       CSR 地址         访问              描述           复位值   intsyscr              0x804        URW        中断系统控制寄存器        0x0000E002 其各位定义为：
2	tmp/wch-evt/manual/QingKeV3_Processor_Manual.PDF	fcc16b54d8818b04b9f8a7a7fbce6c504b87ca3787f0933edecc4da7112438d5	finding	csr-address-meaning	20	3	异常或中断的入口根据中断编 号*4 进行偏移，注意 V3A 微处理器向量表处存储的是一条跳转指令，而 V3B/C/F/V 微处理器既可以 是一条跳转指令也可以使用中断函数的绝对地址，默认启动文件中将其配置为绝对地址。 微处理器配置寄存器（corecfgr） 该寄存器对 V3A 无效：           名称         CSR 地址     访问               描述           复位值                                                           V3B/C:0x00000001   corecfgr
2	tmp/wch-evt/manual/QingKeV3_Processor_Manual.PDF	fcc16b54d8818b04b9f8a7a7fbce6c504b87ca3787f0933edecc4da7112438d5	finding	csr-address-meaning	23	2	0        [10:8]     Reserved   URO   保留。                              0                                    当 0xBC0(CSR)bit5 位使能时，该位在          7          MPIE     URW                                    0                                    用户模式下可读可写。        [6:4]      Reserved   URO   保留。
2	tmp/wch-evt/manual/QingKeV3_Processor_Manual.PDF	fcc16b54d8818b04b9f8a7a7fbce6c504b87ca3787f0933edecc4da7112438d5	finding	csr-address-meaning	41	4	3           RW      浮点控制和状态寄存器                     gintenr         0x800           URW     全局中断使能寄存器    厂商              intsyscr         0x804           URW     中断系统控制寄存器   自定义 CSR          corecfgr         0xBC0           MRW     微处理器配置寄存器                     inestcr         0xBC1           MRW     中断嵌套控制寄
2	tmp/wch-evt/manual/QingKeV3_Processor_Manual.PDF	fcc16b54d8818b04b9f8a7a7fbce6c504b87ca3787f0933edecc4da7112438d5	finding	csr-address-meaning	53	2	mstatus 中 MIE 和 MPIE 的映射，用户模式下可以通过操作 gintenr，用于 MIE 和 MPIE 的置位和清零， 详见 3.2 节相关描述。     注：全局中断不包括不可屏蔽中断 NMI 和异常 中断系统控制寄存器（intsyscr）   该寄存器主要用于配置中断嵌套深度、硬件压栈等相关功能，详见 3.2 节相关描述。 微处理器配置寄存器（corecfgr）   该寄存器用于控制中断溢出后是否允许进入 NMI 中断，以及执行 fence 指令时是否清除中断请求， 具体定义参考 3.2 节相关描述。 中断嵌套控制寄存器（inestcr）   该寄存器用于指示中断嵌套状态及是否溢出，以
2	tmp/wch-evt/manual/QingKeV3_Processor_Manual.PDF	fcc16b54d8818b04b9f8a7a7fbce6c504b87ca3787f0933edecc4da7112438d5	finding	h417-lot-capability	5	1	取指令访问错误       0            2      同步                    非法指令       0            3      同步                       断点       0            4      同步             Load 指令访存地址不对齐       0            5   非精确异步                Load 指令访存错误       0            6      同步          Store/AMO 指令访存地址不对齐       0
2	tmp/wch-evt/manual/QingKeV3_Processor_Manual.PDF	fcc16b54d8818b04b9f8a7a7fbce6c504b87ca3787f0933edecc4da7112438d5	finding	h417-lot-capability	6	2	al 的值，该值即为引起异常的值。该值一般是：     1.如果存储器访问引起的异常，硬件会将异常时存储器访问的地址存入 mtval。     2.如果是非法指令引起的异常，硬件会将该指令的指令编码存入 mtval。     3.如果是硬件断点引起的异常，硬件会将断点处 PC 值存入 mtval。     4.对于其他的异常，硬件将 mtval 的值设为 0，例如 ebreak，ecall 指令引起的异常。     5.进入中断时，硬件将 mtval 的值设为 0。      更新 mstatus     进入异常和中断时，硬件会更新 mstatus 中的某些位：     1.MPIE 更新为进
2	tmp/wch-evt/manual/QingKeV3_Processor_Manual.PDF	fcc16b54d8818b04b9f8a7a7fbce6c504b87ca3787f0933edecc4da7112438d5	finding	h417-lot-capability	8	1	-          8      -2     固定        ECALL-U       用户模式回调中断          9      -1     固定       BREAKPOINT      断点回调中断        10-11    -       -           -               -         12      0      可编程       SysTick       系统定时器中断         13      -       -           -               -         14
2	tmp/wch-evt/manual/QingKeV3_Processor_Manual.PDF	fcc16b54d8818b04b9f8a7a7fbce6c504b87ca3787f0933edecc4da7112438d5	finding	h417-lot-capability	9	1	固定           Ecall-U                    用户模式回调中断          9         -1        固定          BreakPoint                   断点回调中断        10-11       -          -                 -                           -         12         0        可编程           SysTick0                   系统定时器中断 0         13
2	tmp/wch-evt/manual/QingKeV3_Processor_Manual.PDF	fcc16b54d8818b04b9f8a7a7fbce6c504b87ca3787f0933edecc4da7112438d5	finding	h417-lot-capability	25	34	QingKeV3 微处理器手册                                             http://wch.cn                          第 4 章 物理内存保护 PMP     为了提高系统安全，青稞 V3 系列微处理器按照 RISC-V 架构标准设计了物理内存保护（Physical Memory Protection,PMP）模块。最多支持 4 个物理区域（region）的访问权限管理。权限包括读（R）、 写(W)、执行(X)属性，保护区域的长度最小可设置为 4 字节。PMP 模块在用户模式下一直生效，而在 机器模式下可
2	tmp/wch-evt/manual/QingKeV3_Processor_Manual.PDF	fcc16b54d8818b04b9f8a7a7fbce6c504b87ca3787f0933edecc4da7112438d5	finding	h417-lot-capability	26	21	http://wch.cn                      可读出属性        0         R   0：无读出权限                      1：有读出权限 4.3 pmpaddr<i>寄存器   pmpaddr<i>寄存器用于配置区域 i 的地址，标准定义在 RV32 架构下，其是对一个 34 位物理地址 的高 32 位的编码，其格式如下表 4-4 所示。V3 微处理器整个物理地址空间为 4G，故该寄存器的高两 位并不使用。                       表 4-4 pmpaddr<i>寄存器  31
2	tmp/wch-evt/manual/QingKeV3_Processor_Manual.PDF	fcc16b54d8818b04b9f8a7a7fbce6c504b87ca3787f0933edecc4da7112438d5	finding	h417-lot-capability	27	9	QingKeV3 微处理器手册                                                        http://wch.cn                  pmpaddri = A_ADDR >> 2。                       （G+2）                        （G+2）                  保护 2      区域，G≥1，此时 A_ADDR 为 2          对齐。   0b11   NAPOT
2	tmp/wch-evt/manual/QingKeV3_Processor_Manual.PDF	fcc16b54d8818b04b9f8a7a7fbce6c504b87ca3787f0933edecc4da7112438d5	finding	h417-lot-capability	32	5	试主机下发的调试操作，包括：    通过调试接口访问寄存器    通过调试接口可以使微处理器复位、暂停、恢复    通过调试接口读写存储器、指令寄存器以及外部设备    通过调试接口可以部署多条任意指令    通过调试接口设置软件断点    通过调试接口设置硬件断点    支持抽象命令自动执行    支持单步调试   注：V3A不支持硬件断点，V3B硬件断点支持指令地址匹配，V3C、V3F硬件断点支持指令地址和数 据地址匹配。        调试模块内部寄存器使用7位地址编码，青稞V3系列微处理器内部实现了以下寄存器：                        表7-1 调试
2	tmp/wch-evt/manual/QingKeV3_Processor_Manual.PDF	fcc16b54d8818b04b9f8a7a7fbce6c504b87ca3787f0933edecc4da7112438d5	finding	h417-lot-capability	39	1	001：以 ebreak 指令方式进入调试（优先级为                                  3）                                  010：以 trigger module 形式进入调试（优先                                  级为 4，最高）        [8:6]     cause     DRO   011：以暂停请求形式进入调试（优先级为 1）              0                                  100：以单步调试形式进入调试
2	tmp/wch-evt/manual/QingKeV3_Processor_Manual.PDF	fcc16b54d8818b04b9f8a7a7fbce6c504b87ca3787f0933edecc4da7112438d5	finding	h417-lot-capability	40	1	dpc 更新规则           ebreak             Ebreak 指令的地址         single step          当前指令的下一条指令的指令地址        trigger module        暂不支持         halt request         进入调试时，下一条将要被执行的指令地址 7.2 调试接口   区别于标准的 RISC-V 定义的 JTAG 接口，青稞 V3 系列微处理器采用单/双线调试接口，遵循沁恒 调试接口协议。调试接口负责调试主机和调试模块之间的通讯，实现调试主机对调试模块寄存器的读
2	tmp/wch-evt/manual/QingKeV3_Processor_Manual.PDF	fcc16b54d8818b04b9f8a7a7fbce6c504b87ca3787f0933edecc4da7112438d5	finding	h417-lot-capability	41	5	2          MRW        异常原因寄存器                        mtval         0x343          MRW         异常值寄存器                    pmpcfg<i>        0x3A0+i         MRW    物理内存保护单元配置寄存器        RISC-V     pmpaddr<i>        0x3B0+i         MRW    物理内存保护单元地址寄存器        标准 CSR        tselect         0x7A0          MRW
2	tmp/wch-evt/manual/QingKeV3_Processor_Manual.PDF	fcc16b54d8818b04b9f8a7a7fbce6c504b87ca3787f0933edecc4da7112438d5	finding	h417-lot-capability	45	2	:0]          mtval         MRW   异常值                            0   该寄存器用于保存发生异常时，引起异常的值。其保存的值和时间等详细的内容可以参考第 2 章 异常章节。 PMP 配置寄存器（pmpcfg<i>）     该寄存器主要用于物理内存保护单元的配置，该寄存器每 8 位用于配置一个区域的保护，详细定 义参考第 4 章。 V1.5                                          44
2	tmp/wch-evt/manual/QingKeV3_Processor_Manual.PDF	fcc16b54d8818b04b9f8a7a7fbce6c504b87ca3787f0933edecc4da7112438d5	finding	h417-lot-capability	46	22	QingKeV3 微处理器手册                                                         http://wch.cn PMP 地址寄存器（pmpaddr<i>）     该寄存器主要用于物理内存保护单元的地址配置，其是对一个 34 位物理地址的高 32 位的编码， 具体的配置方法参考第 4 章。 调试触发选择寄存器（tselect）   仅对支持硬件断点的微处理器有效，最多支持 4 通道断点，其低 2 位有效。配置各通道断点时， 需先通过该寄存器选择对应通道后配置。   位
2	tmp/wch-evt/manual/QingKeV3_Processor_Manual.PDF	fcc16b54d8818b04b9f8a7a7fbce6c504b87ca3787f0933edecc4da7112438d5	finding	h417-lot-capability	47	3	http://wch.cn                                       匹配策略配置：                                       0：触发值和 TDATA2 相等时匹配；          7       MATCH          MRW   1：触发值和 TDATA2 的高 M 位相等时匹配，其             0                                       中 M = 31 – N，N 为 TDATA2 的第一个 0 的索
2	tmp/wch-evt/manual/QingKeV3_Processor_Manual.PDF	fcc16b54d8818b04b9f8a7a7fbce6c504b87ca3787f0933edecc4da7112438d5	finding	h417-lot-capability	54	2	S（移位乘法自定义指令）          无          有          无           无  中断优先级寄存器宽度               4          2          3          3  PMP                     有          无          有           有  LSU_TRIGGER             无          无          有           有 MIMPID 是一个 csr 寄存器，用于记录子版本信息： mimpid[7:0]=1；仅 CH32M030，CH585
2	tmp/wch-evt/manual/QingKeV3_Processor_Manual.PDF	fcc16b54d8818b04b9f8a7a7fbce6c504b87ca3787f0933edecc4da7112438d5	finding	iochub-identity	3	1	M        青稞 V3 系列微处理器支持其中两种特权模式：         机器模式            机器模式具有最高的权限，该模式下程序可以访问所有的控制和状态寄存器（Control and        Status Register,CSR），同时也能够访问所有的物理地址区域。上电默认处于机器模式下，当        执行 mret（机器模式返回指令）返回后，根据 CSR 寄存器 mstatus（机器模式状态寄存器）中        MPP 位，若 MPP=0b00，则退出机器模式进入用户模式，MPP=0b11，则继续保留机器模式。         用户模式            用
2	tmp/wch-evt/manual/QingKeV3_Processor_Manual.PDF	fcc16b54d8818b04b9f8a7a7fbce6c504b87ca3787f0933edecc4da7112438d5	finding	iochub-identity	34	3	0                                     1：微处理器出暂停                                     0：使用调试模块前需要认证          7     authenticated   RO                                            0x1                                     1：调试模块已经通过认证        [6:4]     Reserve       RO   保留
2	tmp/wch-evt/manual/QingKeV3_Processor_Manual.PDF	fcc16b54d8818b04b9f8a7a7fbce6c504b87ca3787f0933edecc4da7112438d5	finding	iochub-identity	41	1	http://wch.cn                                 第 8 章 CSR 寄存器列表    RISC-V 架构中定义了一些控制和状态寄存器（Control and Status Register,CSR），用于控制 和记录微处理器的运行状态。前文已经介绍到部分 CSR，本章将详细说明青稞 V3 系列微处理器实现 的 CSR 寄存器。 8.1 CSR 寄存器列表                                    表 8-1 微处理器 CSR 寄存器列表          类型          名称             C
2	tmp/wch-evt/manual/QingKeV3_Processor_Manual.PDF	fcc16b54d8818b04b9f8a7a7fbce6c504b87ca3787f0933edecc4da7112438d5	finding	iochub-identity	47	6	名称             访问               描述                   复位值                                             进入调试模式时注册模块停止工作：                                             1：注册的外设在内核进入调试模式时停        [31:8]   dbg_mode_stop         MRW   止工作；                               0
2	tmp/wch-evt/manual/QingKeV3_Processor_Manual.PDF	fcc16b54d8818b04b9f8a7a7fbce6c504b87ca3787f0933edecc4da7112438d5	finding	wchnet-chip-field	19	1	（intsyscr） 该寄存器仅对 V3A 无效：              名称       CSR 地址         访问              描述           复位值   intsyscr              0x804        URW        中断系统控制寄存器        0x0000E002 其各位定义为：          位           名称         访问                  描述               复位值                                            0：该寄存器
2	tmp/wch-evt/manual/QingKeV3_Processor_Manual.PDF	fcc16b54d8818b04b9f8a7a7fbce6c504b87ca3787f0933edecc4da7112438d5	finding	wchnet-chip-field	20	1	使能。 机器模式异常基地址寄存器（mtvec）              名称        CSR 地址     访问               描述             复位值   mtvec                 0x305     MRW        异常基地址寄存器         0x00000000 其各位定义为：          位           名称         访问                描述                复位值                                         中断向量表基地址，其中位[
2	tmp/wch-evt/manual/QingKeV3_Processor_Manual.PDF	fcc16b54d8818b04b9f8a7a7fbce6c504b87ca3787f0933edecc4da7112438d5	finding	wchnet-chip-field	21	2	1：执行 fence 指令时清除中断请求。                                      MIE 寄存器映射使能：                                      0：CSR 地址 0x800 为只读寄存器，返回                                      值为 MSTATUS 的值；          5      IE_REMAP_EN    MRW                                       0                                      1：CS
2	tmp/wch-evt/manual/QingKeV3_Processor_Manual.PDF	fcc16b54d8818b04b9f8a7a7fbce6c504b87ca3787f0933edecc4da7112438d5	finding	wchnet-chip-field	22	1	能寄存器（gintenr） 该寄存器对 V3A 无效：           名称         CSR 地址         访问                 描述         复位值   gintenr             0x800          URW        全局中断使能寄存器        0x00000000     该寄存器用于控制全局中断的使能与屏蔽，机器模式下全局中断的使能与屏蔽可以通过寄存器 mstatus 中的 MIE，MPIE 位控制，该寄存器用户模式下无法操作。而全局中断使能寄存器 gintenr 是 mstatus 中 MIE 和 MPIE 的映射，
2	tmp/wch-evt/manual/QingKeV3_Processor_Manual.PDF	fcc16b54d8818b04b9f8a7a7fbce6c504b87ca3787f0933edecc4da7112438d5	finding	wchnet-chip-field	41	5	件实现编号寄存器                      mhartid         0xF14          MRO         内核 ID 寄存器                      mstatus         0x300          MRW          状态寄存器                         misa         0x301          MRW        硬件指令集寄存器                        mtvec         0x305          MRW        异常基地址寄存器
2	tmp/wch-evt/manual/QingKeV3_Processor_Manual.PDF	fcc16b54d8818b04b9f8a7a7fbce6c504b87ca3787f0933edecc4da7112438d5	finding	wchnet-chip-field	42	4	nb             0xC22                URO          向量寄存器字节长度寄存器                                    vcontrol               0x805                URW              自定义向量控制寄存器                                                                                URW         自定义向量寄存器压栈基地址
2	tmp/wch-evt/manual/QingKeV3_Processor_Manual.PDF	fcc16b54d8818b04b9f8a7a7fbce6c504b87ca3787f0933edecc4da7112438d5	global	id-terms	41	1	类型          名称             CSR 地址      访问               描述                    mvendorid         0xF11          MRO      芯片制造商 ID 寄存器                      marchid         0xF12          MRO        架构编号寄存器                       mimpid         0xF13          MRO       硬件实现编号寄存器                      mhartid
2	tmp/wch-evt/manual/QingKeV3_Processor_Manual.PDF	fcc16b54d8818b04b9f8a7a7fbce6c504b87ca3787f0933edecc4da7112438d5	global	id-terms	42	2	器         8.2 RISC-V 标准 CSR 寄存器         芯片制造商 ID 寄存器（marchid）                  位                      名称                访问                              描述                         复位值
2	tmp/wch-evt/manual/QingKeV3_Processor_Manual.PDF	fcc16b54d8818b04b9f8a7a7fbce6c504b87ca3787f0933edecc4da7112438d5	global	identity-csr	3	1	aller      f8-9        fs0-1         浮点保存寄存器          Callee     f10-11       fa0-1      浮点函数参数/返回值          Caller     f12-17       fa2-7          浮点函数参数          Caller     f18-27      fs2-11         浮点保存寄存器          Callee     f28-31      ft8-11         浮点临时寄存器          Caller   上表中 Caller 属性意为被调过程不
2	tmp/wch-evt/manual/QingKeV3_Processor_Manual.PDF	fcc16b54d8818b04b9f8a7a7fbce6c504b87ca3787f0933edecc4da7112438d5	global	identity-csr	41	9	表 8-1 微处理器 CSR 寄存器列表          类型          名称             CSR 地址      访问               描述                    mvendorid         0xF11          MRO      芯片制造商 ID 寄存器                      marchid         0xF12          MRO        架构编号寄存器                       mimpid         0xF13          MRO       硬
2	tmp/wch-evt/manual/QingKeV3_Processor_Manual.PDF	fcc16b54d8818b04b9f8a7a7fbce6c504b87ca3787f0933edecc4da7112438d5	global	identity-csr	42	4	器         8.2 RISC-V 标准 CSR 寄存器         芯片制造商 ID 寄存器（marchid）                  位                      名称                访问                              描述                         复位值
2	tmp/wch-evt/manual/QingKeV3_Processor_Manual.PDF	fcc16b54d8818b04b9f8a7a7fbce6c504b87ca3787f0933edecc4da7112438d5	global	identity-csr	43	2	Minor       MRO   子版本号                           0xXX        该寄存器在任何机器实现中均为可读，青稞 V3A 系列处理器中，该寄存器读返回为零。 内核 ID 寄存器（mhartid）          位          名称             访问            描述              复位值                                          内核 ID，表明本内核在芯片结构中的内        [31:0]      mhartid         MRO   核 ID 号。
2	tmp/wch-evt/manual/QingKeV3_Processor_Manual.PDF	fcc16b54d8818b04b9f8a7a7fbce6c504b87ca3787f0933edecc4da7112438d5	global	identity-csr	44	1	存的机器模式，并且 MIE 恢复为 MPIE 的值。   青稞 V3 微处理器支持机器模式和用户模式，若需要使微处理器仅工作在机器模式，可在启动文 件的初始化中把 MPP 设置为 0x3，即返回后，始终保持在机器模式。 硬件指令集寄存器（misa）   此寄存器用于指示微处理器的架构和支持的指令集扩展情况，其各位描述如下：   位      名称    访问          描述                                              复位值                                 机器字长
2	tmp/wch-evt/manual/QingKeV3_Processor_Manual.PDF	fcc16b54d8818b04b9f8a7a7fbce6c504b87ca3787f0933edecc4da7112438d5	global	identity-csr	54	4	有          无          有           有  LSU_TRIGGER             无          无          有           有 MIMPID 是一个 csr 寄存器，用于记录子版本信息： mimpid[7:0]=1；仅 CH32M030，CH585。 mimpid[7:0]=2；支持软件复位（即中断模块 FPIC_CFGR 寄存器）               软件中断（增加 STK_CTLR[31]为软件中断标志位，功能同 STK_SR[31]）；               支持中断嵌套使能
2	tmp/wch-evt/manual/QingKeV3_Processor_Manual.PDF	fcc16b54d8818b04b9f8a7a7fbce6c504b87ca3787f0933edecc4da7112438d5	global	revision-errata	19	1	1          LOCK       URO        1：该寄存器仅机器模式下可读写。             0                                            注：该配置位 1.0 以后版本有效。        [30:6]      Reserved     URO        保留。                       0x380                                            全局中断和硬件压栈关闭使能。
2	tmp/wch-evt/manual/QingKeV3_Processor_Manual.PDF	fcc16b54d8818b04b9f8a7a7fbce6c504b87ca3787f0933edecc4da7112438d5	global	revision-errata	20	2	10：抢占位个数为 2；                                         11：抢占位个数为 3。                                         注：该配置位 1.0 以后版本有效。                                         中断嵌套功能使能，固定值为 1：                                         0：关闭；                                         1：使能。          1         INESTEN
2	tmp/wch-evt/manual/QingKeV3_Processor_Manual.PDF	fcc16b54d8818b04b9f8a7a7fbce6c504b87ca3787f0933edecc4da7112438d5	global	revision-errata	34	1	[6:4]     Reserve       RO   保留                                        0                                     调试系统支持架构版本        [3:0]     version       RO                                            0x2                                     0010：V0.13 微处理器状态寄存器（hartinfo）   该寄存器用于向调试主机提供微处理器的信息，是一个只读寄存
2	tmp/wch-evt/manual/QingKeV3_Processor_Manual.PDF	fcc16b54d8818b04b9f8a7a7fbce6c504b87ca3787f0933edecc4da7112438d5	global	revision-errata	37	2	位      名称     访问                                  描述                    复位值   [31:28]        swd_version     RO   单线接口版本信息                               1   [27:24]        twd_version     RO   双线接口版本信息                               1   [23:18]         SWD_FREQ       RO   单线接口采样时钟频率，25MHZ
2	tmp/wch-evt/manual/QingKeV3_Processor_Manual.PDF	fcc16b54d8818b04b9f8a7a7fbce6c504b87ca3787f0933edecc4da7112438d5	global	revision-errata	42	4	注：仅对 V3F 有效         架构编号寄存器（marchid）           此寄存器为只读寄存器，用于指示当前微处理器硬件架构编号，其主要由厂商编码、架构编码、         系列编码、版本编码构成。其各位定义如下：           位      名称      访问        描述          复位值                 31               Reserved           MR0      保留
2	tmp/wch-evt/manual/QingKeV3_Processor_Manual.PDF	fcc16b54d8818b04b9f8a7a7fbce6c504b87ca3787f0933edecc4da7112438d5	global	revision-errata	43	1	1    [14:8]       Reserved     MR0   保留                              0        [7:0]     Minor       MRO   子版本号                           0xXX        该寄存器在任何机器实现中均为可读，青稞 V3A 系列处理器中，该寄存器读返回为零。 内核 ID 寄存器（mhartid）          位          名称             访问            描述              复位值
2	tmp/wch-evt/manual/QingKeV3_Processor_Manual.PDF	fcc16b54d8818b04b9f8a7a7fbce6c504b87ca3787f0933edecc4da7112438d5	global	revision-errata	54	4	QingKeV3 微处理器手册                                         http://wch.cn                   第 9 章 V3 系列内核型号与子版本说明 V3 处理器当前主要使用的是 V3B、V3C、V3F 版本，其中 V3C 版本使用最多。                          V3A        V3B        V3C        V3F  AMO                     有          无          无           有  MRS（移位乘法
2	tmp/wch-evt/manual/QingKeV4_Processor_Manual.PDF	b543a875a199a67091193afc16e0f7c4ec365df3b8d35bf93b4cc6546e362591	finding	csr-address-meaning	13	1	Reserved        RO        保留。                               0 3.2 中断相关 CSR 寄存器 另外，下列 CSR 寄存器也对中断的处理有重大影响： 中断系统控制寄存器（INTSYSCR）            名称          CSR 地址            访问                描述              复位值 V1.5                                           12
2	tmp/wch-evt/manual/QingKeV4_Processor_Manual.PDF	b543a875a199a67091193afc16e0f7c4ec365df3b8d35bf93b4cc6546e362591	finding	csr-address-meaning	14	2	QingKeV4 微处理器手册                                               http://wch.cn   INTSYSCR             0x804         MRW        中断系统控制寄存器   0x00000000 其各位定义为：         位           名称         访问                   描述          复位值    [31:16]        Reserved     MRO     保留
2	tmp/wch-evt/manual/QingKeV4_Processor_Manual.PDF	b543a875a199a67091193afc16e0f7c4ec365df3b8d35bf93b4cc6546e362591	finding	csr-address-meaning	15	3	4 进行地址偏移。   对于 V4 系列微处理器的 MCU，启动文件里默认配置了 MODE[1:0]=11，即向量表使用中断函数的 绝对地址，且异常或中断的入口根据中断编号*4 进行偏移。 3.3 中断嵌套   配合中断系统控制寄存器 INTSYSCR（CSR 地址：0x804）和中断优先级寄存器 PFIC_IPRIOR，可 以允许中断发生嵌套。在中断系统控制寄存器中使能嵌套和配置嵌套深度（V4 系列 MCU 在启动文件 中进行配置），并且配置对应中断的优先级。优先级数值越小，优先级越高。抢占位数值越小，抢占 优先级越高。同一抢占优先级下，若有中断同时挂起，微处理器优先响应优先级数值较小（优先级高） 的中
2	tmp/wch-evt/manual/QingKeV4_Processor_Manual.PDF	b543a875a199a67091193afc16e0f7c4ec365df3b8d35bf93b4cc6546e362591	finding	csr-address-meaning	30	4	tch1      0x7B3      DRW      调试模式暂存寄存器 1                  gintenr       0x800      URW      全局中断使能寄存器                  intsyscr      0x804      URW      中断系统控制寄存器    厂商            corecfgr      0xBC0      MRW      微处理器配置寄存器   自定义 CSR         cstrcr       0xBC2      MRW      缓存策略配置寄存器                  cpmpo
2	tmp/wch-evt/manual/QingKeV4_Processor_Manual.PDF	b543a875a199a67091193afc16e0f7c4ec365df3b8d35bf93b4cc6546e362591	finding	csr-address-meaning	35	2	寄存器 gintenr 是 mstatus 中 MIE 和 MPIE 的映射，用户模式下可以通过操作 gintenr，用于 MIE 和 MPIE 的置位和清零。     注：全局中断不包括不可屏蔽中断 NMI 和异常 中断系统控制寄存器（intsyscr）   该寄存器主要用于配置中断嵌套深度、硬件压栈等相关功能，详见 3.2 节相关描述。 微处理器配置寄存器（corecfgr）     该寄存器主要用于配置微处理器流水线、指令预测等相关特性，一般情况下不需要操作，相关的 MCU 产品在启动文件中配置了默认值。 缓存策略配置寄存器（cstrcr）   该寄存器主要用于配置缓存的策略及使能，具体如下表所示
2	tmp/wch-evt/manual/QingKeV4_Processor_Manual.PDF	b543a875a199a67091193afc16e0f7c4ec365df3b8d35bf93b4cc6546e362591	finding	h417-lot-capability	1	1	4F 支持单精度硬件浮点，即支持 RV32IMACF 扩展。同时 V4B、V4C、V4J、V4F 还支持 自定义扩展 XW。除此之外，还支持硬件压栈（HPE）、免表中断（VTF）、精简的单/双线调试接口、 支持“WFE”指令、物理内存保护（PMP）等特色功能，V4J 还支持指令缓存功能。 特点          特点                          描述        指令集架构                      RV32IMAC[F]         流水线                           3级          FPU
2	tmp/wch-evt/manual/QingKeV4_Processor_Manual.PDF	b543a875a199a67091193afc16e0f7c4ec365df3b8d35bf93b4cc6546e362591	finding	h417-lot-capability	3	2	最高的权限，该模式下程序可以访问所有的控制和状态寄存器（Control and        Status Register,CSR），同时也能够访问除物理内存保护单元（Physical Memory Protection,        PMP）锁定之外的所有的物理地址区域。上电默认处于机器模式下，当执行 mret（机器模式返回        指令）返回后，根据 CSR 寄存器 mstatus（机器模式状态寄存器）中 MPP 位，若 MPP=0b00，则退        出机器模式进入用户模式，MPP=0b11，则继续保留机器模式。         用户模式            用户模式具有最
2	tmp/wch-evt/manual/QingKeV4_Processor_Manual.PDF	b543a875a199a67091193afc16e0f7c4ec365df3b8d35bf93b4cc6546e362591	finding	h417-lot-capability	4	1	取指令访问错误       0          2        同步                    非法指令       0          3        同步                      断点       0          4        同步            Load 指令访存地址不对齐       0          5     非精确异步               Load 指令访存错误       0          6        同步          Store/AMO 指令访存地址不对齐       0
2	tmp/wch-evt/manual/QingKeV4_Processor_Manual.PDF	b543a875a199a67091193afc16e0f7c4ec365df3b8d35bf93b4cc6546e362591	finding	h417-lot-capability	5	2	al 的值，该值即为引起异常的值。该值一般是：     1.如果存储器访问引起的异常，硬件会将异常时存储器访问的地址存入 mtval。     2.如果是非法指令引起的异常，硬件会将该指令的指令编码存入 mtval。     3.如果是硬件断点引起的异常，硬件会将断点处 PC 值存入 mtval。     4.对于其他的异常，硬件将 mtval 的值设为 0，例如 ebreak，ecall 指令引起的异常。     5.进入中断时，硬件将 mtval 的值设为 0。      更新 mstatus     进入异常和中断时，硬件会更新 mstatus 中的某些位：     1.MPIE 更新为进
2	tmp/wch-evt/manual/QingKeV4_Processor_Manual.PDF	b543a875a199a67091193afc16e0f7c4ec365df3b8d35bf93b4cc6546e362591	finding	h417-lot-capability	7	1	固定           ECALL-U                   用户模式回调中断         9          -1        固定          BREAKPOINT                  断点回调中断        10-11       -           -                -                         -         12         0        可编程           SysTick                   系统定时器中断         13         -
2	tmp/wch-evt/manual/QingKeV4_Processor_Manual.PDF	b543a875a199a67091193afc16e0f7c4ec365df3b8d35bf93b4cc6546e362591	finding	h417-lot-capability	17	34	QingKeV4 微处理器手册                                             http://wch.cn                         第 4 章 物理内存保护 PMP     为了提高系统安全，青稞 V4 系列微处理器按照 RISC-V 架构标准设计了物理内存保护（Physical Memory Protection,PMP）模块。最多支持 4 个物理区域（region）的访问权限管理。权限包括读（R）、 写(W)、执行(X)属性，保护区域的长度最小可设置为 4 字节。PMP 模块在用户模式下一直生效，而在 机器模式下可
2	tmp/wch-evt/manual/QingKeV4_Processor_Manual.PDF	b543a875a199a67091193afc16e0f7c4ec365df3b8d35bf93b4cc6546e362591	finding	h417-lot-capability	18	21	http://wch.cn                      可读出属性        0         R   0：无读出权限                      1：有读出权限 4.3 pmpaddr<i>寄存器   pmpaddr<i>寄存器用于配置区域 i 的地址，标准定义在 RV32 架构下，其是对一个 34 位物理地址 的高 32 位的编码，其格式如下表 4-4 所示。V4 微处理器整个物理地址空间为 4G，故该寄存器的高两 位并不使用。                       表 4-4 pmpaddr<i>寄存器  31
2	tmp/wch-evt/manual/QingKeV4_Processor_Manual.PDF	b543a875a199a67091193afc16e0f7c4ec365df3b8d35bf93b4cc6546e362591	finding	h417-lot-capability	19	9	QingKeV4 微处理器手册                                                       http://wch.cn                  pmpaddri = A_ADDR >> 2。                       （G+2）                       （G+2）                  保护 2      区域，G≥1，此时 A_ADDR 为 2         对齐。   0b11   NAPOT                          （G+
2	tmp/wch-evt/manual/QingKeV4_Processor_Manual.PDF	b543a875a199a67091193afc16e0f7c4ec365df3b8d35bf93b4cc6546e362591	finding	h417-lot-capability	23	3	过调试接口访问寄存器         通过调试接口可以使微处理器复位、暂停、恢复         通过调试接口读写存储器、指令寄存器以及外部设备         通过调试接口可以部署多条任意指令         通过调试接口设置软件断点         通过调试接口设置硬件断点         支持抽象命令自动执行         支持单步调试        注：硬件断点仅V4C、V4F、V4J微处理器支持        调试模块内部寄存器使用7位地址编码，青稞V4系列微处理器内部实现了以下寄存器：                       表7-1 调试模块寄存器列表
2	tmp/wch-evt/manual/QingKeV4_Processor_Manual.PDF	b543a875a199a67091193afc16e0f7c4ec365df3b8d35bf93b4cc6546e362591	finding	h417-lot-capability	29	2	http://wch.cn                                              3）                                              010：以 trigger module 形式进入调试（优先                                              级为 4，最高）                                              011：以暂停请求形式进入调试（优先级为 1）
2	tmp/wch-evt/manual/QingKeV4_Processor_Manual.PDF	b543a875a199a67091193afc16e0f7c4ec365df3b8d35bf93b4cc6546e362591	finding	h417-lot-capability	30	4	mcause       0x342      MRW       异常原因寄存器                   mtval        0x343      MRW        异常值寄存器                 pmpcfg<i>     0x3A0+i     MRW    物理内存保护单元配置寄存器        RISC-V   pmpaddr<i>    0x3B0+i     MRW    物理内存保护单元地址寄存器        标准 CSR                   fflags       0x001      URW      浮点异常标志寄存
2	tmp/wch-evt/manual/QingKeV4_Processor_Manual.PDF	b543a875a199a67091193afc16e0f7c4ec365df3b8d35bf93b4cc6546e362591	finding	h417-lot-capability	34	4	复位值    [31:0]       mtval    MRW   异常值                      0   该寄存器用于保存发生异常时，引起异常的值。其保存的值和时间等详细的内容可以参考第 2 章 异常章节。 PMP 配置寄存器（pmpcfg<i>）     该寄存器主要用于物理内存保护单元的配置，该寄存器每 8 位用于配置一个区域的保护，详细定 义参考第 4 章。 PMP 配置寄存器（pmpaddr<i>）     该寄存器主要用于物理内存保护单元的地址配置，其是对一个 34 位物理地址的高 32 位的编码， 具体的配置方法参考第 4 章。 浮点控制与状态寄存器（
2	tmp/wch-evt/manual/QingKeV4_Processor_Manual.PDF	b543a875a199a67091193afc16e0f7c4ec365df3b8d35bf93b4cc6546e362591	finding	h417-lot-capability	36	12	QingKeV4 微处理器手册                                                http://wch.cn 缓存策略覆盖 PMP 控制寄存器（cpmpocr）   当指令或数据地址和 PMP 通道控制的地址匹配时，可以通过该寄存器配置是执行相应的缓存策略 或与之匹配的 PMP 通道的控制策略。每 4 位一组，共 8 组，对应最多 8 个 PMP 通道，具体通道个数与 对应的具体实现相关。具体定义如下表所示，其中 n 表示 PMP 的通道：                    表 8
2	tmp/wch-evt/manual/QingKeV4_Processor_Manual.PDF	b543a875a199a67091193afc16e0f7c4ec365df3b8d35bf93b4cc6546e362591	finding	iochub-identity	3	1	M        青稞 V4 系列微处理器支持其中两种特权模式：         机器模式            机器模式具有最高的权限，该模式下程序可以访问所有的控制和状态寄存器（Control and        Status Register,CSR），同时也能够访问除物理内存保护单元（Physical Memory Protection,        PMP）锁定之外的所有的物理地址区域。上电默认处于机器模式下，当执行 mret（机器模式返回        指令）返回后，根据 CSR 寄存器 mstatus（机器模式状态寄存器）中 MPP 位，若 MPP=0b00，则退        出机器
2	tmp/wch-evt/manual/QingKeV4_Processor_Manual.PDF	b543a875a199a67091193afc16e0f7c4ec365df3b8d35bf93b4cc6546e362591	finding	iochub-identity	25	3	0                                     1：微处理器出暂停                                     0：使用调试模块前需要认证         7      authenticated   RO                                      0x1                                     1：调试模块已经通过认证        [6:4]     Reserve       RO   保留
2	tmp/wch-evt/manual/QingKeV4_Processor_Manual.PDF	b543a875a199a67091193afc16e0f7c4ec365df3b8d35bf93b4cc6546e362591	finding	iochub-identity	30	1	http://wch.cn                              第 8 章 CSR 寄存器列表    RISC-V 架构中定义了一些控制和状态寄存器（Control and Status Register,CSR），用于控制 和记录微处理器的运行状态。前文已经介绍到部分 CSR，本章将详细说明青稞 V4 系列微处理器实现 的 CSR 寄存器。 8.1 CSR 寄存器列表                              表 8-1 微处理器 CSR 寄存器列表         类型         名称         CSR 地址      访
2	tmp/wch-evt/manual/QingKeV4_Processor_Manual.PDF	b543a875a199a67091193afc16e0f7c4ec365df3b8d35bf93b4cc6546e362591	finding	wchnet-chip-field	14	3	QingKeV4 微处理器手册                                               http://wch.cn   INTSYSCR             0x804         MRW        中断系统控制寄存器   0x00000000 其各位定义为：         位           名称         访问                   描述          复位值    [31:16]        Reserved     MRO     保留。
2	tmp/wch-evt/manual/QingKeV4_Processor_Manual.PDF	b543a875a199a67091193afc16e0f7c4ec365df3b8d35bf93b4cc6546e362591	finding	wchnet-chip-field	15	1	4 系列微处理器的 MCU，启动文件里默认配置了 MODE[1:0]=11，即向量表使用中断函数的 绝对地址，且异常或中断的入口根据中断编号*4 进行偏移。 3.3 中断嵌套   配合中断系统控制寄存器 INTSYSCR（CSR 地址：0x804）和中断优先级寄存器 PFIC_IPRIOR，可 以允许中断发生嵌套。在中断系统控制寄存器中使能嵌套和配置嵌套深度（V4 系列 MCU 在启动文件 中进行配置），并且配置对应中断的优先级。优先级数值越小，优先级越高。抢占位数值越小，抢占 优先级越高。同一抢占优先级下，若有中断同时挂起，微处理器优先响应优先级数值较小（优先级高） 的中断。 3.4 硬件压
2	tmp/wch-evt/manual/QingKeV4_Processor_Manual.PDF	b543a875a199a67091193afc16e0f7c4ec365df3b8d35bf93b4cc6546e362591	finding	wchnet-chip-field	30	5	xF12      MRO       架构编号寄存器                   mimpid       0xF13      MRO      硬件实现编号寄存器                  mstatus       0x300      MRW        状态寄存器                    misa        0x301      MRW       硬件指令集寄存器                   mtvec        0x305      MRW       异常基地址寄存器                  mscratch      0x3
2	tmp/wch-evt/manual/QingKeV4_Processor_Manual.PDF	b543a875a199a67091193afc16e0f7c4ec365df3b8d35bf93b4cc6546e362591	global	identity-csr	3	1	f8-9        fs0-1    浮点保存寄存器             Callee         f10-11       fa0-1   浮点函数参数/返回值           Caller         f12-17       fa2-7     浮点函数参数             Caller         f18-27      fs2-11    浮点保存寄存器             Callee         f28-31      ft8-11    浮点临时寄存器             Caller        上表中 Caller 属性
2	tmp/wch-evt/manual/QingKeV4_Processor_Manual.PDF	b543a875a199a67091193afc16e0f7c4ec365df3b8d35bf93b4cc6546e362591	global	identity-csr	30	7	表 8-1 微处理器 CSR 寄存器列表         类型         名称         CSR 地址      访问           描述                  marchid       0xF12      MRO       架构编号寄存器                   mimpid       0xF13      MRO      硬件实现编号寄存器                  mstatus       0x300      MRW        状态寄存器                    misa
2	tmp/wch-evt/manual/QingKeV4_Processor_Manual.PDF	b543a875a199a67091193afc16e0f7c4ec365df3b8d35bf93b4cc6546e362591	global	identity-csr	31	2	3 14 15 16 17 18 19 20 21 22 23 24 25 26              例如青稞 V4F 微处理器，读取该寄存器的值为：0xDC68D886，即对应 WCH-V4F。       硬件实现编号寄存器（mimpid）         该寄存器主要由厂商编码构成，其各位定义如下：                          表 8-4 mimpid 寄存器定义         位      名称       访问                描述                                复位值               31
2	tmp/wch-evt/manual/QingKeV4_Processor_Manual.PDF	b543a875a199a67091193afc16e0f7c4ec365df3b8d35bf93b4cc6546e362591	global	identity-csr	32	2	存的机器模式，并且 MIE 恢复为 MPIE 的值。   青稞 V4 微处理器支持机器模式和用户模式，若需要使微处理器仅工作在机器模式，可在启动文 件的初始化中把 MPP 设置为 0x3，即返回后，始终保持在机器模式。 硬件指令集寄存器（misa）   此寄存器用于指示微处理器的架构和支持的指令集扩展情况，其各位描述如下：                  表 8-6 misa 寄存器定义   位      名称    访问                描述                                           复位值
2	tmp/wch-evt/manual/QingKeV4_Processor_Manual.PDF	b543a875a199a67091193afc16e0f7c4ec365df3b8d35bf93b4cc6546e362591	global	revision-errata	11	1	RESET 位作用相同。        [6:0]      Reserved         RO   保留。                                      0        V4 系列微处理器该寄存器主要用于兼容 V1.5                                           10
2	tmp/wch-evt/manual/QingKeV4_Processor_Manual.PDF	b543a875a199a67091193afc16e0f7c4ec365df3b8d35bf93b4cc6546e362591	global	revision-errata	25	1	证        [6:4]     Reserve       RO   保留                                  0                                     调试系统支持架构版本        [3:0]     version       RO                                      0x2                                     0010：V0.13 微处理器状态寄存器（hartinfo）   该寄存器用于向调试主机提供微处理器的信息，是一个只读寄存器，各个位描
2	tmp/wch-evt/manual/QingKeV4_Processor_Manual.PDF	b543a875a199a67091193afc16e0f7c4ec365df3b8d35bf93b4cc6546e362591	global	revision-errata	30	1	0xFC0      MRO       缓存信息寄存器 8.2 RISC-V 标准 CSR 寄存器 架构编号寄存器（marchid）   此寄存器为只读寄存器，用于指示当前微处理器硬件架构编号，其主要由厂商编码、架构编码、 系列编码、版本编码构成。其各位定义如下：                   表 8-2 marchid 寄存器定义   位      名称      访问                 描述 复位值        31       Reserved      MR0   保留                          1
2	tmp/wch-evt/manual/QingKeV4_Processor_Manual.PDF	b543a875a199a67091193afc16e0f7c4ec365df3b8d35bf93b4cc6546e362591	global	revision-errata	31	3	0x04                                                 青稞 V4 系列，固定为数字“4”                                                 版本编码              [4:0]           Verision     MR0   可以是版本“A”“B”“C”“F”等字母的编         x                                                 码          其中厂商编号、版本编号为英文字母，系列编号为数字。字母的编码表如下表所示
2	tmp/wch-evt/manual/QingKeV5_Processor_Manual.PDF	0a849c719d1358856f0a5cf6409060a6fa8c3b7f501e0986cea0485b26a22a1b	finding	csr-address-meaning	10	1	若配置无嵌套，无抢占位                                          若配置嵌套，则抢占位宽根                                          据 csr.intsyscr.PMTCFG 寄                                          存器确定。   PFIC_IPRIOR0     0xE000E400   RW                                     0x00                                          [3:0]：
2	tmp/wch-evt/manual/QingKeV5_Processor_Manual.PDF	0a849c719d1358856f0a5cf6409060a6fa8c3b7f501e0986cea0485b26a22a1b	finding	csr-address-meaning	14	3	Reserved       RO         保留。                              0 3.2 中断相关 CSR 寄存器 另外，下列 CSR 寄存器也对中断的处理有重大影响： 中断系统控制寄存器（intsyscr）              名称       CSR 地址           访问               描述              复位值   intsyscr              0x804          URW         中断系统控制寄存器           0x00000002 其各位定义为：          位
2	tmp/wch-evt/manual/QingKeV5_Processor_Manual.PDF	0a849c719d1358856f0a5cf6409060a6fa8c3b7f501e0986cea0485b26a22a1b	finding	csr-address-meaning	15	3	微处理器的 MCU，启动文件里默认配置了 MODE0 为 1，异常或中断的入口根据中断编 号*4 进行偏移，注意 V5F 微处理器既可以是一条跳转指令也可以使用中断函数的绝对地址，默认启 动文件中将其配置为绝对地址。 微处理器配置寄存器（corecfgr）              名称         CSR 地址       访问                  描述                 复位值   corecfgr               0xBC0        MRW         微处理器配置寄存器             0x12370300 V1.0
2	tmp/wch-evt/manual/QingKeV5_Processor_Manual.PDF	0a849c719d1358856f0a5cf6409060a6fa8c3b7f501e0986cea0485b26a22a1b	finding	csr-address-meaning	18	2	O           保留。                              0                                                                        当 0xBC0(CSR)bit5 位使能时，该位在          7               MPIE                            URW                                            0
2	tmp/wch-evt/manual/QingKeV5_Processor_Manual.PDF	0a849c719d1358856f0a5cf6409060a6fa8c3b7f501e0986cea0485b26a22a1b	finding	csr-address-meaning	36	4	gintenr              0x800             URW              全局中断使能寄存器               厂商                       intsyscr              0x804             URW              中断系统控制寄存器              自定义 CSR                   corecfgr              0xBC0             MRW              微处理器配置寄存器
2	tmp/wch-evt/manual/QingKeV5_Processor_Manual.PDF	0a849c719d1358856f0a5cf6409060a6fa8c3b7f501e0986cea0485b26a22a1b	finding	csr-address-meaning	47	2	mstatus 中 MIE 和 MPIE 的映射，用户模式下可以通过操作 gintenr，用于 MIE 和 MPIE 的置位和清零， 详见 3.2 节相关描述。     注：全局中断不包括不可屏蔽中断 NMI 和异常 中断系统控制寄存器（intsyscr）   该寄存器主要用于配置中断嵌套深度、硬件压栈等相关功能，详见 3.2 节相关描述。 微处理器配置寄存器（corecfgr）   该寄存器用于控制中断溢出后是否允许进入 NMI 中断，以及执行 fence 指令时是否清除中断请求， 具体定义参考 3.2 节相关描述。 中断嵌套控制寄存器（inestcr）   该寄存器用于指示中断嵌套状态及是否溢出，以
2	tmp/wch-evt/manual/QingKeV5_Processor_Manual.PDF	0a849c719d1358856f0a5cf6409060a6fa8c3b7f501e0986cea0485b26a22a1b	finding	h417-lot-capability	4	1	取指令访问错误       0            2      同步                    非法指令       0            3      同步                       断点       0            4      同步             Load 指令访存地址不对齐       0            5      同步                Load 指令访存错误       0            6      同步          Store/AMO 指令访存地址不对齐       0
2	tmp/wch-evt/manual/QingKeV5_Processor_Manual.PDF	0a849c719d1358856f0a5cf6409060a6fa8c3b7f501e0986cea0485b26a22a1b	finding	h417-lot-capability	5	2	al 的值，该值即为引起异常的值。该值一般是：     1.如果存储器访问引起的异常，硬件会将异常时存储器访问的地址存入 mtval。     2.如果是非法指令引起的异常，硬件会将该指令的指令编码存入 mtval。     3.如果是硬件断点引起的异常，硬件会将断点处 PC 值存入 mtval。     4.对于其他的异常，硬件将 mtval 的值设为 0，例如 ebreak，ecall 指令引起的异常。     5.进入中断时，硬件将 mtval 的值设为 0。      更新 mstatus     进入异常和中断时，硬件会更新 mstatus 中的某些位：     1.MPIE 更新为进
2	tmp/wch-evt/manual/QingKeV5_Processor_Manual.PDF	0a849c719d1358856f0a5cf6409060a6fa8c3b7f501e0986cea0485b26a22a1b	finding	h417-lot-capability	7	1	固定           Ecall-U                 用户模式回调中断          9         -1        固定          BreakPoint                断点回调中断        10-11       -          -                 -                      -         12         0        可编程           SysTick0                系统定时器中断 0         13         1
2	tmp/wch-evt/manual/QingKeV5_Processor_Manual.PDF	0a849c719d1358856f0a5cf6409060a6fa8c3b7f501e0986cea0485b26a22a1b	finding	h417-lot-capability	20	35	QingKeV5 微处理器手册                                             http://wch.cn                         第 4 章 物理内存保护 PMP     为了提高系统安全，青稞 V5 系列微处理器按照 RISC-V 架构标准设计了物理内存保护（Physical Memory Protection,PMP）模块。最多支持 4 个物理区域（region）的访问权限管理。权限包括读（R）、 写(W)、执行(X)属性，保护区域的长度最小可设置为 4 字节。PMP 模块在用户模式下一直生效，而在 机器模式下可
2	tmp/wch-evt/manual/QingKeV5_Processor_Manual.PDF	0a849c719d1358856f0a5cf6409060a6fa8c3b7f501e0986cea0485b26a22a1b	finding	h417-lot-capability	21	21	http://wch.cn                        可读出属性        0         R     0：无读出权限                        1：有读出权限 4.3 pmpaddr<i>寄存器   pmpaddr<i>寄存器用于配置区域 i 的地址，标准定义在 RV32 架构下，其是对一个 34 位物理地址 的高 32 位的编码，其格式如下表 4-4 所示。V5 微处理器整个物理地址空间为 4G，故该寄存器的高两 位并不使用。                       表 4-4 pmpaddr<i>寄存器  31
2	tmp/wch-evt/manual/QingKeV5_Processor_Manual.PDF	0a849c719d1358856f0a5cf6409060a6fa8c3b7f501e0986cea0485b26a22a1b	finding	h417-lot-capability	22	9	QingKeV5 微处理器手册                                                        http://wch.cn                  pmpaddri = A_ADDR >> 2。                       （G+2）                        （G+2）                  保护 2      区域，G≥1，此时 A_ADDR 为 2          对齐。   0b11   NAPOT
2	tmp/wch-evt/manual/QingKeV5_Processor_Manual.PDF	0a849c719d1358856f0a5cf6409060a6fa8c3b7f501e0986cea0485b26a22a1b	finding	h417-lot-capability	26	3	过调试接口访问寄存器         通过调试接口可以使微处理器复位、暂停、恢复         通过调试接口读写存储器、指令寄存器以及外部设备         通过调试接口可以部署多条任意指令         通过调试接口设置软件断点         通过调试接口设置硬件断点         支持抽象命令自动执行         支持单步调试        注：V5F硬件断点支持指令地址和数据地址匹配。        调试模块内部寄存器使用7位地址编码，青稞V5系列微处理器内部实现了以下寄存器：                        表7-1 调试模块寄存器列表
2	tmp/wch-evt/manual/QingKeV5_Processor_Manual.PDF	0a849c719d1358856f0a5cf6409060a6fa8c3b7f501e0986cea0485b26a22a1b	finding	h417-lot-capability	33	1	001：以 ebreak 指令方式进入调试（优先级为                                 3）                                 010：以 trigger module 形式进入调试（优先                                 级为 4，最高）        [8:6]    cause     DRO   011：以暂停请求形式进入调试（优先级为 1）              0                                 100：以单步调试形式进入调试（优先
2	tmp/wch-evt/manual/QingKeV5_Processor_Manual.PDF	0a849c719d1358856f0a5cf6409060a6fa8c3b7f501e0986cea0485b26a22a1b	finding	h417-lot-capability	34	1	dpc 更新规则           ebreak        Ebreak 指令的地址         single step     当前指令的下一条指令的指令地址        trigger module   暂不支持         halt request    进入调试时，下一条将要被执行的指令地址 7.2 调试接口   区别于标准的 RISC-V 定义的 JTAG 接口，青稞 V5 系列微处理器采用单/双线调试接口，遵循沁恒 调试接口协议。调试接口负责调试主机和调试模块之间的通讯，实现调试主机对调试模块寄存器的读 写操作。沁恒设计了
2	tmp/wch-evt/manual/QingKeV5_Processor_Manual.PDF	0a849c719d1358856f0a5cf6409060a6fa8c3b7f501e0986cea0485b26a22a1b	finding	h417-lot-capability	35	7	342         MRW       异常原因寄存器                         mtval         0x343         MRW        异常值寄存器                     pmpcfg<i>        0x3A0+i        MRW   物理内存保护单元配置寄存器                    pmpaddr<i>        0x3B0+i        MRW   物理内存保护单元地址寄存器                       tselect         0x7A0         MRW
2	tmp/wch-evt/manual/QingKeV5_Processor_Manual.PDF	0a849c719d1358856f0a5cf6409060a6fa8c3b7f501e0986cea0485b26a22a1b	finding	h417-lot-capability	39	8	述    复位值    [31:0]       mtval        MRW   异常值                 0   该寄存器用于保存发生异常时，引起异常的值。其保存的值和时间等详细的内容可以参考第 2 章 异常章节。 PMP 配置寄存器（pmpcfg<i>）     该寄存器主要用于物理内存保护单元的配置，该寄存器每 8 位用于配置一个区域的保护，详细定 义参考第 4 章。 PMP 地址寄存器（pmpaddr<i>）     该寄存器主要用于物理内存保护单元的地址配置，其是对一个 34 位物理地址的高 32 位的编码， 具体的配置方法参考第 4 章。 调试触发选择寄存器（t
2	tmp/wch-evt/manual/QingKeV5_Processor_Manual.PDF	0a849c719d1358856f0a5cf6409060a6fa8c3b7f501e0986cea0485b26a22a1b	finding	h417-lot-capability	40	18	QingKeV5 微处理器手册                                                     http://wch.cn                                 断点通道选择寄存器，配置后即选中对应通道        [1:0]   TSELECT    MRW   后，可操作 tdata1 和 tdata2 寄存器配置断点           X                                 信息 调试触发数据寄存器 1（tdata1）   仅对支持硬件断点的微处理器有效，微处理器仅支持指令地址和数
2	tmp/wch-evt/manual/QingKeV5_Processor_Manual.PDF	0a849c719d1358856f0a5cf6409060a6fa8c3b7f501e0986cea0485b26a22a1b	finding	h417-lot-capability	41	1	访问                   描述                    复位值                                                触发器信息寄存器，对应 TDATA1 寄存器        [31:0]       tinfo              MRO     type 值，type 值为 2，tinfo 的第 2 位       0x4                                                置 1。 调试控制和状态寄存器（dcsr）   该寄存器用于控制和记录调试模式的
2	tmp/wch-evt/manual/QingKeV5_Processor_Manual.PDF	0a849c719d1358856f0a5cf6409060a6fa8c3b7f501e0986cea0485b26a22a1b	finding	h417-lot-capability	43	15	指令缓存功能。                1        0            Reserved        RO         保留。                                    1 缓存策略 PMP 覆盖寄存器（cache_pmp_ovr）        位              名称            访问                       描述                   复位值   [31:13]           Reserved        MRO        保留。
2	tmp/wch-evt/manual/QingKeV5_Processor_Manual.PDF	0a849c719d1358856f0a5cf6409060a6fa8c3b7f501e0986cea0485b26a22a1b	finding	iochub-identity	3	1	M        青稞 V5 系列微处理器支持其中两种特权模式：         机器模式            机器模式具有最高的权限，该模式下程序可以访问所有的控制和状态寄存器（Control and        Status Register,CSR），同时也能够访问所有的物理地址区域。上电默认处于机器模式下，当        执行 mret（机器模式返回指令）返回后，根据 CSR 寄存器 mstatus（机器模式状态寄存器）中        MPP 位，若 MPP=0b00，则退出机器模式进入用户模式，MPP=0b11，则继续保留机器模式。         用户模式            用
2	tmp/wch-evt/manual/QingKeV5_Processor_Manual.PDF	0a849c719d1358856f0a5cf6409060a6fa8c3b7f501e0986cea0485b26a22a1b	finding	iochub-identity	28	3	0                                     1：微处理器出暂停                                     0：使用调试模块前需要认证          7     authenticated   RO                                            0x1                                     1：调试模块已经通过认证        [6:4]     Reserve       RO   保留
2	tmp/wch-evt/manual/QingKeV5_Processor_Manual.PDF	0a849c719d1358856f0a5cf6409060a6fa8c3b7f501e0986cea0485b26a22a1b	finding	iochub-identity	35	1	http://wch.cn                                第 8 章 CSR 寄存器列表    RISC-V 架构中定义了一些控制和状态寄存器（Control and Status Register,CSR），用于控制 和记录微处理器的运行状态。前文已经介绍到部分 CSR，本章将详细说明青稞 V5 系列微处理器实现 的 CSR 寄存器。 8.1 CSR 寄存器列表                                  表 8-1 微处理器 CSR 寄存器列表         类型           名称               C
2	tmp/wch-evt/manual/QingKeV5_Processor_Manual.PDF	0a849c719d1358856f0a5cf6409060a6fa8c3b7f501e0986cea0485b26a22a1b	finding	iochub-identity	41	6	名称               访问                   描述                    复位值                                                进入调试模式时注册模块停止工作：                                                1：注册的外设在内核进入调试模式时停        [31:8]   dbg_mode_stop          MRW     止工作；                                 0
2	tmp/wch-evt/manual/QingKeV5_Processor_Manual.PDF	0a849c719d1358856f0a5cf6409060a6fa8c3b7f501e0986cea0485b26a22a1b	finding	wchnet-chip-field	14	1	中断系统控制寄存器（intsyscr）              名称       CSR 地址           访问               描述              复位值   intsyscr              0x804          URW         中断系统控制寄存器           0x00000002 其各位定义为：          位           名称           访问                   描述                  复位值
2	tmp/wch-evt/manual/QingKeV5_Processor_Manual.PDF	0a849c719d1358856f0a5cf6409060a6fa8c3b7f501e0986cea0485b26a22a1b	finding	wchnet-chip-field	15	1	常基地址寄存器（mtvec）              名称         CSR 地址       访问                  描述                 复位值   mtvec                  0x305        MRW         异常基地址寄存器              0x00000000 其各位定义为：          位            名称           访问                   描述                    复位值
2	tmp/wch-evt/manual/QingKeV5_Processor_Manual.PDF	0a849c719d1358856f0a5cf6409060a6fa8c3b7f501e0986cea0485b26a22a1b	finding	wchnet-chip-field	16	2	0                                               MIE 寄存器映射使能：                                               0：CSR 地址 0x800 为只读寄存器，返回                                               值为 MSTATUS 的值；          5         IE_REMAP_EN       MRW                                          0
2	tmp/wch-evt/manual/QingKeV5_Processor_Manual.PDF	0a849c719d1358856f0a5cf6409060a6fa8c3b7f501e0986cea0485b26a22a1b	finding	wchnet-chip-field	17	1	八级嵌套。 用户模式全局中断使能寄存器（gintenr）           名称         CSR 地址     访问                 描述          复位值   gintenr             0x800        URW        全局中断使能寄存器       0x00000000     该寄存器用于控制全局中断的使能与屏蔽，机器模式下全局中断的使能与屏蔽可以通过寄存器 mstatus 中的 MIE，MPIE 位控制，该寄存器用户模式下无法操作。而全局中断使能寄存器 gintenr 是 mstatus 中 MIE 和 MPIE 的映射，用户模
2	tmp/wch-evt/manual/QingKeV5_Processor_Manual.PDF	0a849c719d1358856f0a5cf6409060a6fa8c3b7f501e0986cea0485b26a22a1b	finding	wchnet-chip-field	35	3	硬件实现编号寄存器                       mhartid         0xF14         MRO       内核 ID 寄存器                       mstatus         0x300         MRW        状态寄存器                          misa         0x301         MRW      硬件指令集寄存器                         mtvec         0x305         MRW      异常基地址寄存器
2	tmp/wch-evt/manual/QingKeV5_Processor_Manual.PDF	0a849c719d1358856f0a5cf6409060a6fa8c3b7f501e0986cea0485b26a22a1b	finding	wchnet-chip-field	36	2	http://wch.cn                                         gintenr              0x800             URW              全局中断使能寄存器               厂商                       intsyscr              0x804             URW              中断系统控制寄存器              自定义 CSR
2	tmp/wch-evt/manual/QingKeV5_Processor_Manual.PDF	0a849c719d1358856f0a5cf6409060a6fa8c3b7f501e0986cea0485b26a22a1b	finding	wchnet-chip-field	43	1	Reserved        RO         保留。                                    0                                                对 0x80000000-0x9fffffff 区域的指令缓存使                                                能：        27        ic_mem1_strtg      MRW                                               1
2	tmp/wch-evt/manual/QingKeV5_Processor_Manual.PDF	0a849c719d1358856f0a5cf6409060a6fa8c3b7f501e0986cea0485b26a22a1b	global	id-terms	35	1	类型           名称               CSR 地址     访问             描述                     mvendorid         0xF11         MRO     芯片制造商 ID 寄存器                       marchid         0xF12         MRO       架构编号寄存器                        mimpid         0xF13         MRO     硬件实现编号寄存器                       mhartid
2	tmp/wch-evt/manual/QingKeV5_Processor_Manual.PDF	0a849c719d1358856f0a5cf6409060a6fa8c3b7f501e0986cea0485b26a22a1b	global	id-terms	36	2	inestcr              0xBC1             MRW              中断嵌套控制寄存器         8.2 RISC-V 标准 CSR 寄存器         芯片制造商 ID 寄存器（marchid）                  位                      名称               访问                               描述                        复位值                [31:0]              mvendorid
2	tmp/wch-evt/manual/QingKeV5_Processor_Manual.PDF	0a849c719d1358856f0a5cf6409060a6fa8c3b7f501e0986cea0485b26a22a1b	global	identity-csr	3	1	aller      f8-9        fs0-1         浮点保存寄存器          Callee     f10-11       fa0-1      浮点函数参数/返回值          Caller     f12-17       fa2-7          浮点函数参数          Caller     f18-27      fs2-11         浮点保存寄存器          Callee     f28-31      ft8-11         浮点临时寄存器          Caller   上表中 Caller 属性意为被调过程不
2	tmp/wch-evt/manual/QingKeV5_Processor_Manual.PDF	0a849c719d1358856f0a5cf6409060a6fa8c3b7f501e0986cea0485b26a22a1b	global	identity-csr	35	9	表 8-1 微处理器 CSR 寄存器列表         类型           名称               CSR 地址     访问             描述                     mvendorid         0xF11         MRO     芯片制造商 ID 寄存器                       marchid         0xF12         MRO       架构编号寄存器                        mimpid         0xF13         MRO     硬件实现编号
2	tmp/wch-evt/manual/QingKeV5_Processor_Manual.PDF	0a849c719d1358856f0a5cf6409060a6fa8c3b7f501e0986cea0485b26a22a1b	global	identity-csr	36	4	inestcr              0xBC1             MRW              中断嵌套控制寄存器         8.2 RISC-V 标准 CSR 寄存器         芯片制造商 ID 寄存器（marchid）                  位                      名称               访问                               描述                        复位值                [31:0]              mvendorid
2	tmp/wch-evt/manual/QingKeV5_Processor_Manual.PDF	0a849c719d1358856f0a5cf6409060a6fa8c3b7f501e0986cea0485b26a22a1b	global	identity-csr	37	3	保留                              0        [7:0]      Minor       MRO   子版本号                           0xXX 内核 ID 寄存器（mhartid）          位           名称             访问            描述              复位值                                           内核 ID，表明本内核在芯片结构中的内        [31:0]       mhartid         MRO
2	tmp/wch-evt/manual/QingKeV5_Processor_Manual.PDF	0a849c719d1358856f0a5cf6409060a6fa8c3b7f501e0986cea0485b26a22a1b	global	revision-errata	28	1	[6:4]     Reserve       RO   保留                                        0                                     调试系统支持架构版本        [3:0]     version       RO                                            0x2                                     0010：V0.13 微处理器状态寄存器（hartinfo）   该寄存器用于向调试主机提供微处理器的信息，是一个只读寄存
2	tmp/wch-evt/manual/QingKeV5_Processor_Manual.PDF	0a849c719d1358856f0a5cf6409060a6fa8c3b7f501e0986cea0485b26a22a1b	global	revision-errata	31	2	位      名称     访问                                  描述                    复位值   [31:28]        swd_version     RO   单线接口版本信息                               1   [27:24]        twd_version     RO   双线接口版本信息                               1   [23:18]         SWD_FREQ       RO   单线接口采样时钟频率，25MHZ
2	tmp/wch-evt/manual/QingKeV5_Processor_Manual.PDF	0a849c719d1358856f0a5cf6409060a6fa8c3b7f501e0986cea0485b26a22a1b	global	revision-errata	36	4	0         架构编号寄存器（marchid）           此寄存器为只读寄存器，用于指示当前微处理器硬件架构编号，其主要由厂商编码、架构编码、         系列编码、版本编码构成。其各位定义如下：           位      名称      访问        描述          复位值                 31               Reserved          MR0      保留
2	tmp/wch-evt/manual/QingKeV5_Processor_Manual.PDF	0a849c719d1358856f0a5cf6409060a6fa8c3b7f501e0986cea0485b26a22a1b	global	revision-errata	37	1	1    [14:8]        Reserved     MR0   保留                              0        [7:0]      Minor       MRO   子版本号                           0xXX 内核 ID 寄存器（mhartid）          位           名称             访问            描述              复位值                                           内核 ID，表明本内核在芯片结
