schema_version	path	source_set	archive_sha256	profile	attrs_present	raw_slot_occurrences	classified_noncode_or_padding	confirmed_xw	confirmed_competing_semantics	invalid_or_unresolved	occurrence_equation_ok	raw_distinct	raw_set_sha256	confirmed_xw_distinct	competing_distinct	unresolved_distinct	category_union_distinct	category_union_sha256	distinct_union_ok	gcc12_raw_directives	gcc12_fld_fsd	gcc15_raw_directives	gcc15_fld_fsd
2	MRS_Toolchain_Linux_X64_V250/Toolchain/RISC-V Embedded GCC15/riscv32-wch-elf/lib/rv32ec/ilp32e/libIQmath_RV32.a	mrs-2.5-linux-x64-gcc15	d2715b286a4f0e8119698735fb2c86209b169c716be9702a7a0040b241655be9	xw-version-undeclared	false	1115	0	0	0	1115	true	14	3894d04835b5a88fbeab238bcdabb7e5d1aa2b162cf0101420269c088956e30f	0	0	14	14	3894d04835b5a88fbeab238bcdabb7e5d1aa2b162cf0101420269c088956e30f	true	0	0	0	0
2	MRS_Toolchain_Linux_X64_V250/Toolchain/RISC-V Embedded GCC15/riscv32-wch-elf/lib/rv32ec/ilp32e/libprintf.a	mrs-2.5-linux-x64-gcc15	0d693f8e5997c5dd75dcd50b95e6237e5f529907cbf5bbede00d3d633ed0696a	xw-version-undeclared	false	0	0	0	0	0	true	0	e3b0c44298fc1c149afbf4c8996fb92427ae41e4649b934ca495991b7852b855	0	0	0	0	e3b0c44298fc1c149afbf4c8996fb92427ae41e4649b934ca495991b7852b855	true	0	0	0	0
2	MRS_Toolchain_Linux_X64_V250/Toolchain/RISC-V Embedded GCC15/riscv32-wch-elf/lib/rv32ec/ilp32e/libprintfloat.a	mrs-2.5-linux-x64-gcc15	54ebf2bb989512e4dadd5af7c6263f800d463226095697141d4b3f872705b7e8	xw-version-undeclared	false	0	0	0	0	0	true	0	e3b0c44298fc1c149afbf4c8996fb92427ae41e4649b934ca495991b7852b855	0	0	0	0	e3b0c44298fc1c149afbf4c8996fb92427ae41e4649b934ca495991b7852b855	true	0	0	0	0
2	MRS_Toolchain_Linux_X64_V250/Toolchain/RISC-V Embedded GCC15/riscv32-wch-elf/lib/rv32ec/ilp32e/libshflib.a	mrs-2.5-linux-x64-gcc15	eaa98b8f1679126e15d23c9ac1f395b14381f659a0e0d4164daa5d269b658f15	xw-version-undeclared	false	0	0	0	0	0	true	0	e3b0c44298fc1c149afbf4c8996fb92427ae41e4649b934ca495991b7852b855	0	0	0	0	e3b0c44298fc1c149afbf4c8996fb92427ae41e4649b934ca495991b7852b855	true	0	0	0	0
2	MRS_Toolchain_Linux_X64_V250/Toolchain/RISC-V Embedded GCC15/riscv32-wch-elf/lib/rv32ec/ilp32e/libshlib.a	mrs-2.5-linux-x64-gcc15	b8a3b54a8695739218668b5a487fa719b5a1083828d0bf091f28b22dbbd5ab4a	xw-version-undeclared	false	0	0	0	0	0	true	0	e3b0c44298fc1c149afbf4c8996fb92427ae41e4649b934ca495991b7852b855	0	0	0	0	e3b0c44298fc1c149afbf4c8996fb92427ae41e4649b934ca495991b7852b855	true	0	0	0	0
2	MRS_Toolchain_Linux_X64_V250/Toolchain/RISC-V Embedded GCC15/riscv32-wch-elf/lib/rv32ec_xw/ilp32e/libIQmath_RV32.a	mrs-2.5-linux-x64-gcc15	937abb985b9dcf4aa2d44903622146de6a4c75e0a1b01c72bb9ec7758e3ec4f4	xw-version-undeclared	false	1126	0	0	11	1115	true	22	38f48fce832d7608632c755012baffad2c64549a1f691417cdd6c46724253e08	0	8	14	22	38f48fce832d7608632c755012baffad2c64549a1f691417cdd6c46724253e08	true	0	11	0	11
2	MRS_Toolchain_Linux_X64_V250/Toolchain/RISC-V Embedded GCC15/riscv32-wch-elf/lib/rv32ec_xw/ilp32e/libprintf.a	mrs-2.5-linux-x64-gcc15	add26e9cb0fdb84abba080fc685510cccb60b2d1c121c43f74aecee3d2759e50	xw-version-undeclared	false	7	0	4	3	0	true	5	29a93f789f32624be2b78ba18b7cda9ed4f624d02927cd82b00791c812062da3	2	3	0	5	29a93f789f32624be2b78ba18b7cda9ed4f624d02927cd82b00791c812062da3	true	4	3	4	3
2	MRS_Toolchain_Linux_X64_V250/Toolchain/RISC-V Embedded GCC15/riscv32-wch-elf/lib/rv32ec_xw/ilp32e/libprintfloat.a	mrs-2.5-linux-x64-gcc15	505c345a8b95d52b5b53c10e989291d603fccc33d0ad886615b7739f6cfbf458	xw-version-undeclared	false	7	0	4	3	0	true	5	29a93f789f32624be2b78ba18b7cda9ed4f624d02927cd82b00791c812062da3	2	3	0	5	29a93f789f32624be2b78ba18b7cda9ed4f624d02927cd82b00791c812062da3	true	4	3	4	3
2	MRS_Toolchain_Linux_X64_V250/Toolchain/RISC-V Embedded GCC15/riscv32-wch-elf/lib/rv32ec_xw/ilp32e/libshflib.a	mrs-2.5-linux-x64-gcc15	2c5d11e5275f50eb32de8122e720b78bb3976fa768c0f6571c0a36db5d7dafe3	xw-version-undeclared	false	7	0	2	5	0	true	6	6ec7910c05c2e6e199566f774fe5c311c23db80af0018e36445bcb083c139642	2	4	0	6	6ec7910c05c2e6e199566f774fe5c311c23db80af0018e36445bcb083c139642	true	2	5	2	5
2	MRS_Toolchain_Linux_X64_V250/Toolchain/RISC-V Embedded GCC15/riscv32-wch-elf/lib/rv32ec_xw/ilp32e/libshlib.a	mrs-2.5-linux-x64-gcc15	faf8a5b888a6ee3f3e0d7d56c475c7b4b7ef97f6a78c84269cfbef640e103f63	xw-version-undeclared	false	7	0	2	5	0	true	6	6ec7910c05c2e6e199566f774fe5c311c23db80af0018e36445bcb083c139642	2	4	0	6	6ec7910c05c2e6e199566f774fe5c311c23db80af0018e36445bcb083c139642	true	2	5	2	5
2	MRS_Toolchain_Linux_X64_V250/Toolchain/RISC-V Embedded GCC15/riscv32-wch-elf/lib/rv32ec_zmmul/ilp32e/libIQmath_RV32.a	mrs-2.5-linux-x64-gcc15	5da756ddc3b30b2875a25a7877e47d47f91a686c1836482cf8eae20a3e05cec8	xw-version-undeclared	true	1034	0	0	0	1034	true	9	7c5a272494631ce9341d8e07fc73db72b6faaa717040120f2f0133ad8330d6b5	0	0	9	9	7c5a272494631ce9341d8e07fc73db72b6faaa717040120f2f0133ad8330d6b5	true	0	0	0	0
2	MRS_Toolchain_Linux_X64_V250/Toolchain/RISC-V Embedded GCC15/riscv32-wch-elf/lib/rv32ec_zmmul/ilp32e/libprintf.a	mrs-2.5-linux-x64-gcc15	4f55b0cf67065a27bded41ef7fc9425b3246df057892cf6a8b3a974d6c7d119d	xw-version-undeclared	true	0	0	0	0	0	true	0	e3b0c44298fc1c149afbf4c8996fb92427ae41e4649b934ca495991b7852b855	0	0	0	0	e3b0c44298fc1c149afbf4c8996fb92427ae41e4649b934ca495991b7852b855	true	0	0	0	0
2	MRS_Toolchain_Linux_X64_V250/Toolchain/RISC-V Embedded GCC15/riscv32-wch-elf/lib/rv32ec_zmmul/ilp32e/libprintfloat.a	mrs-2.5-linux-x64-gcc15	c5d87a19f282b0a4170ba0d1173d7df60ddc3a2ad7916c8921c5a4b54d191cec	xw-version-undeclared	true	0	0	0	0	0	true	0	e3b0c44298fc1c149afbf4c8996fb92427ae41e4649b934ca495991b7852b855	0	0	0	0	e3b0c44298fc1c149afbf4c8996fb92427ae41e4649b934ca495991b7852b855	true	0	0	0	0
2	MRS_Toolchain_Linux_X64_V250/Toolchain/RISC-V Embedded GCC15/riscv32-wch-elf/lib/rv32ec_zmmul/ilp32e/libshflib.a	mrs-2.5-linux-x64-gcc15	572b6fe3e29e4b9ee9cabecc9e1fd1a6067928aa16170e91953179ab4d9779bf	xw-version-undeclared	true	0	0	0	0	0	true	0	e3b0c44298fc1c149afbf4c8996fb92427ae41e4649b934ca495991b7852b855	0	0	0	0	e3b0c44298fc1c149afbf4c8996fb92427ae41e4649b934ca495991b7852b855	true	0	0	0	0
2	MRS_Toolchain_Linux_X64_V250/Toolchain/RISC-V Embedded GCC15/riscv32-wch-elf/lib/rv32ec_zmmul/ilp32e/libshlib.a	mrs-2.5-linux-x64-gcc15	1f88b599cb9914d22366bbf98c196ac1ad539327cfaaef3992858c83c627823b	xw-version-undeclared	true	0	0	0	0	0	true	0	e3b0c44298fc1c149afbf4c8996fb92427ae41e4649b934ca495991b7852b855	0	0	0	0	e3b0c44298fc1c149afbf4c8996fb92427ae41e4649b934ca495991b7852b855	true	0	0	0	0
2	MRS_Toolchain_Linux_X64_V250/Toolchain/RISC-V Embedded GCC15/riscv32-wch-elf/lib/rv32ec_zmmul_xw/ilp32e/libIQmath_RV32.a	mrs-2.5-linux-x64-gcc15	881ca4e1c22ac6b147a89ed75fe0c966152dca92d1c105b6b87ea75320e3ea1e	xw2p2	true	1047	0	13	0	1034	true	18	4cac0a1f41a6c54a5b23b6db3427604062684984ed47f6af9e0aeafdebbd17aa	9	0	9	18	4cac0a1f41a6c54a5b23b6db3427604062684984ed47f6af9e0aeafdebbd17aa	true	13	0	13	0
2	MRS_Toolchain_Linux_X64_V250/Toolchain/RISC-V Embedded GCC15/riscv32-wch-elf/lib/rv32ec_zmmul_xw/ilp32e/libprintf.a	mrs-2.5-linux-x64-gcc15	8d6b6f47a9b3bd48967838c8775193489185ea5e745c75835199d769cf6b79c8	xw2p2	true	4	0	4	0	0	true	3	cc7ae6c3a532ce5d178ad623875bb1981b0bc27a903c2bca19d2a2fc12c9873f	3	0	0	3	cc7ae6c3a532ce5d178ad623875bb1981b0bc27a903c2bca19d2a2fc12c9873f	true	4	0	4	0
2	MRS_Toolchain_Linux_X64_V250/Toolchain/RISC-V Embedded GCC15/riscv32-wch-elf/lib/rv32ec_zmmul_xw/ilp32e/libprintfloat.a	mrs-2.5-linux-x64-gcc15	b92f978b5813253f10b1222f12b4281d48025a05a0f33e1db9a149a9694b3108	xw2p2	true	4	0	4	0	0	true	3	cc7ae6c3a532ce5d178ad623875bb1981b0bc27a903c2bca19d2a2fc12c9873f	3	0	0	3	cc7ae6c3a532ce5d178ad623875bb1981b0bc27a903c2bca19d2a2fc12c9873f	true	4	0	4	0
2	MRS_Toolchain_Linux_X64_V250/Toolchain/RISC-V Embedded GCC15/riscv32-wch-elf/lib/rv32ec_zmmul_xw/ilp32e/libshflib.a	mrs-2.5-linux-x64-gcc15	bc7c7ecf5b407f560e41abdde3098a64b30979b246559ce4c550d8b219c77bcb	xw2p2	true	7	0	7	0	0	true	6	07318c1603303df17ab484f5e54a863296427dc8b01791af51fc14b50db74c87	6	0	0	6	07318c1603303df17ab484f5e54a863296427dc8b01791af51fc14b50db74c87	true	7	0	7	0
2	MRS_Toolchain_Linux_X64_V250/Toolchain/RISC-V Embedded GCC15/riscv32-wch-elf/lib/rv32ec_zmmul_xw/ilp32e/libshlib.a	mrs-2.5-linux-x64-gcc15	62dcc5a34c5add7b29e53ad3f1bd761388e09b27cb365b74cde8aa09b92b6413	xw2p2	true	7	0	7	0	0	true	6	07318c1603303df17ab484f5e54a863296427dc8b01791af51fc14b50db74c87	6	0	0	6	07318c1603303df17ab484f5e54a863296427dc8b01791af51fc14b50db74c87	true	7	0	7	0
2	MRS_Toolchain_Linux_X64_V250/Toolchain/RISC-V Embedded GCC15/riscv32-wch-elf/lib/rv32imac_zaamo_zalrsc/ilp32/libIQmath_RV32.a	mrs-2.5-linux-x64-gcc15	73d32a3d7216ae88df457bcbdf76f54fff2bf5fa7dbb16d5a0b6bcede04b78bb	xw-version-undeclared	false	860	0	0	0	860	true	9	bc0ffe3c2072f991a32665f89d845b438dda60c4c4ddfea30702e60721ac6e55	0	0	9	9	bc0ffe3c2072f991a32665f89d845b438dda60c4c4ddfea30702e60721ac6e55	true	0	0	0	0
2	MRS_Toolchain_Linux_X64_V250/Toolchain/RISC-V Embedded GCC15/riscv32-wch-elf/lib/rv32imac_zaamo_zalrsc/ilp32/libprintf.a	mrs-2.5-linux-x64-gcc15	0415c4c20001668f642a7686147cea8f98f5a7e4d2c34118d02d619cde21291d	xw-version-undeclared	true	0	0	0	0	0	true	0	e3b0c44298fc1c149afbf4c8996fb92427ae41e4649b934ca495991b7852b855	0	0	0	0	e3b0c44298fc1c149afbf4c8996fb92427ae41e4649b934ca495991b7852b855	true	0	0	0	0
2	MRS_Toolchain_Linux_X64_V250/Toolchain/RISC-V Embedded GCC15/riscv32-wch-elf/lib/rv32imac_zaamo_zalrsc/ilp32/libprintfloat.a	mrs-2.5-linux-x64-gcc15	b611103c355696dcaa912659f1d29881994f9674a55ad530776e7472ce130939	xw-version-undeclared	true	0	0	0	0	0	true	0	e3b0c44298fc1c149afbf4c8996fb92427ae41e4649b934ca495991b7852b855	0	0	0	0	e3b0c44298fc1c149afbf4c8996fb92427ae41e4649b934ca495991b7852b855	true	0	0	0	0
2	MRS_Toolchain_Linux_X64_V250/Toolchain/RISC-V Embedded GCC15/riscv32-wch-elf/lib/rv32imac_zaamo_zalrsc/ilp32/libshflib.a	mrs-2.5-linux-x64-gcc15	4df0370b6fcd9092e39d4e39574465f7710aeb4f07696a01ca18bbf6715376c1	xw-version-undeclared	false	0	0	0	0	0	true	0	e3b0c44298fc1c149afbf4c8996fb92427ae41e4649b934ca495991b7852b855	0	0	0	0	e3b0c44298fc1c149afbf4c8996fb92427ae41e4649b934ca495991b7852b855	true	0	0	0	0
2	MRS_Toolchain_Linux_X64_V250/Toolchain/RISC-V Embedded GCC15/riscv32-wch-elf/lib/rv32imac_zaamo_zalrsc/ilp32/libshlib.a	mrs-2.5-linux-x64-gcc15	ef7d5da94047e7267dbe149fa1b8f9601a7a50d22b876eab8cf27a817e0b7172	xw-version-undeclared	false	0	0	0	0	0	true	0	e3b0c44298fc1c149afbf4c8996fb92427ae41e4649b934ca495991b7852b855	0	0	0	0	e3b0c44298fc1c149afbf4c8996fb92427ae41e4649b934ca495991b7852b855	true	0	0	0	0
2	MRS_Toolchain_Linux_X64_V250/Toolchain/RISC-V Embedded GCC15/riscv32-wch-elf/lib/rv32imac_zaamo_zalrsc_xw/ilp32/libIQmath_RV32.a	mrs-2.5-linux-x64-gcc15	470e7734545fe01ac0295284f1a8b76e20631242e4331acedec64c40eadf40cf	xw-version-undeclared	false	870	0	0	10	860	true	17	62091fb617ecc52fc5d88253d987e5f0d88e6d05808e692059d72da664271597	0	8	9	17	62091fb617ecc52fc5d88253d987e5f0d88e6d05808e692059d72da664271597	true	0	10	0	10
2	MRS_Toolchain_Linux_X64_V250/Toolchain/RISC-V Embedded GCC15/riscv32-wch-elf/lib/rv32imac_zaamo_zalrsc_xw/ilp32/libprintf.a	mrs-2.5-linux-x64-gcc15	80b0efe3d01ae6eaa58aaa20d8241067e68cf41f5237c43f388f3e71da7d83f0	xw2p2	true	5	0	5	0	0	true	4	1826e3ff39f7e4221a3667524a17200bf057225ecbdebe6e74adcdf86ff4bdd3	4	0	0	4	1826e3ff39f7e4221a3667524a17200bf057225ecbdebe6e74adcdf86ff4bdd3	true	5	0	5	0
2	MRS_Toolchain_Linux_X64_V250/Toolchain/RISC-V Embedded GCC15/riscv32-wch-elf/lib/rv32imac_zaamo_zalrsc_xw/ilp32/libprintfloat.a	mrs-2.5-linux-x64-gcc15	fc48785c3be234c9add9a673c7e70356f0b4ae3c033cc6380d8aecdf2bf59469	xw2p2	true	6	0	6	0	0	true	3	3d0829f757f110b35435910e24ebb2d7691f92f5ed77896a5b4570f4d365b93b	3	0	0	3	3d0829f757f110b35435910e24ebb2d7691f92f5ed77896a5b4570f4d365b93b	true	6	0	6	0
2	MRS_Toolchain_Linux_X64_V250/Toolchain/RISC-V Embedded GCC15/riscv32-wch-elf/lib/rv32imac_zaamo_zalrsc_xw/ilp32/libshflib.a	mrs-2.5-linux-x64-gcc15	508be181f272a1016fc9d49577f92c87dda35dc5bad1318a3b629145e6b210dc	xw-version-undeclared	false	9	0	4	5	0	true	7	c60e92d12b0d6cc1c427688c10999e1a5bf3d989ae21ff35f0c6848082ca9545	3	4	0	7	c60e92d12b0d6cc1c427688c10999e1a5bf3d989ae21ff35f0c6848082ca9545	true	4	5	4	5
2	MRS_Toolchain_Linux_X64_V250/Toolchain/RISC-V Embedded GCC15/riscv32-wch-elf/lib/rv32imac_zaamo_zalrsc_xw/ilp32/libshlib.a	mrs-2.5-linux-x64-gcc15	edf3dbfe0b87ecc21fc1837d16d02c2bd61992dd68766ce0567d6b2270e40ade	xw-version-undeclared	false	8	0	3	5	0	true	7	aee5d3a4c1c90b3be1b0a0515d3608e9f25e5b51c0f096d7a373b07d7c39ba00	3	4	0	7	aee5d3a4c1c90b3be1b0a0515d3608e9f25e5b51c0f096d7a373b07d7c39ba00	true	3	5	3	5
2	MRS_Toolchain_Linux_X64_V250/Toolchain/RISC-V Embedded GCC15/riscv32-wch-elf/lib/rv32imac_zaamo_zalrsc_zba_zbb_zbc_zbs/ilp32/libIQmath_RV32.a	mrs-2.5-linux-x64-gcc15	cb96401493edef19da273a999431339f8a23aefb46c4b51af723281ea4ad3470	xw-version-undeclared	true	1116	0	0	0	1116	true	15	305b761adb92b2724655d4da882c4fdaa55f2a0071cbdab21ec9534318f05102	0	0	15	15	305b761adb92b2724655d4da882c4fdaa55f2a0071cbdab21ec9534318f05102	true	0	0	0	0
2	MRS_Toolchain_Linux_X64_V250/Toolchain/RISC-V Embedded GCC15/riscv32-wch-elf/lib/rv32imac_zaamo_zalrsc_zba_zbb_zbc_zbs/ilp32/libprintf.a	mrs-2.5-linux-x64-gcc15	c69ba612d264244fb9bc19cc4a8713cfb155c418fc6801ba8954fa5f6bd4d6ea	xw-version-undeclared	true	1	0	0	0	1	true	1	63e9344b37052a7019c1f9d217f5c571a638d8b6ad6755508f625072a1e48153	0	0	1	1	63e9344b37052a7019c1f9d217f5c571a638d8b6ad6755508f625072a1e48153	true	0	0	0	0
2	MRS_Toolchain_Linux_X64_V250/Toolchain/RISC-V Embedded GCC15/riscv32-wch-elf/lib/rv32imac_zaamo_zalrsc_zba_zbb_zbc_zbs/ilp32/libprintfloat.a	mrs-2.5-linux-x64-gcc15	5c8cedcbcdab3d79e1f582645b4b4af4eae4b60dfa7c8a20ebca67396cc8d371	xw-version-undeclared	true	1	0	0	0	1	true	1	63e9344b37052a7019c1f9d217f5c571a638d8b6ad6755508f625072a1e48153	0	0	1	1	63e9344b37052a7019c1f9d217f5c571a638d8b6ad6755508f625072a1e48153	true	0	0	0	0
2	MRS_Toolchain_Linux_X64_V250/Toolchain/RISC-V Embedded GCC15/riscv32-wch-elf/lib/rv32imac_zaamo_zalrsc_zba_zbb_zbc_zbs/ilp32/libshflib.a	mrs-2.5-linux-x64-gcc15	44204c0f90a99a1804cfe938d19333d89a50837a9429eb79f85edef046d4fcd1	xw-version-undeclared	true	1	0	0	0	1	true	1	878db9fc421cb86f493f3951f922440299ea5480bae3453569546fe58e3f8edc	0	0	1	1	878db9fc421cb86f493f3951f922440299ea5480bae3453569546fe58e3f8edc	true	0	0	0	0
2	MRS_Toolchain_Linux_X64_V250/Toolchain/RISC-V Embedded GCC15/riscv32-wch-elf/lib/rv32imac_zaamo_zalrsc_zba_zbb_zbc_zbs/ilp32/libshlib.a	mrs-2.5-linux-x64-gcc15	45b3c18050abc30c71ab4c6172e9a2010f2412e2240f6c3aafe35525a28c1446	xw-version-undeclared	true	1	0	0	0	1	true	1	878db9fc421cb86f493f3951f922440299ea5480bae3453569546fe58e3f8edc	0	0	1	1	878db9fc421cb86f493f3951f922440299ea5480bae3453569546fe58e3f8edc	true	0	0	0	0
2	MRS_Toolchain_Linux_X64_V250/Toolchain/RISC-V Embedded GCC15/riscv32-wch-elf/lib/rv32imac_zaamo_zalrsc_zba_zbb_zbc_zbs_xw/ilp32/libIQmath_RV32.a	mrs-2.5-linux-x64-gcc15	34f1d4c2084ff5727f7b4592de392776cb24f510b5dbdd172f8193c0a538dc76	xw2p2	true	1124	0	8	0	1116	true	20	b43dc4f5c7f010422eec391f4cdc66700540efa43c4afa41af98815995aee53b	5	0	15	20	b43dc4f5c7f010422eec391f4cdc66700540efa43c4afa41af98815995aee53b	true	8	0	8	0
2	MRS_Toolchain_Linux_X64_V250/Toolchain/RISC-V Embedded GCC15/riscv32-wch-elf/lib/rv32imac_zaamo_zalrsc_zba_zbb_zbc_zbs_xw/ilp32/libprintf.a	mrs-2.5-linux-x64-gcc15	dde7d239c4c97c953eb37221e5301dc41ecd7b59fcbc3cbca7330955caa305ee	xw2p2	true	6	0	5	0	1	true	5	1e15f196ebfeabe0241634a31bc205e509fa81c0bd22188f01e4026e3dbf9dfc	4	0	1	5	1e15f196ebfeabe0241634a31bc205e509fa81c0bd22188f01e4026e3dbf9dfc	true	5	0	5	0
2	MRS_Toolchain_Linux_X64_V250/Toolchain/RISC-V Embedded GCC15/riscv32-wch-elf/lib/rv32imac_zaamo_zalrsc_zba_zbb_zbc_zbs_xw/ilp32/libprintfloat.a	mrs-2.5-linux-x64-gcc15	b7e826d478747f99ddd6e9acf3761fa2174253546b3f7ac30b726ef84a5a8a43	xw2p2	true	7	0	6	0	1	true	4	7a37d26a3578c8190d5d65b0f9245d9ab467f55d3c073397dc984e993bd6b899	3	0	1	4	7a37d26a3578c8190d5d65b0f9245d9ab467f55d3c073397dc984e993bd6b899	true	6	0	6	0
2	MRS_Toolchain_Linux_X64_V250/Toolchain/RISC-V Embedded GCC15/riscv32-wch-elf/lib/rv32imac_zaamo_zalrsc_zba_zbb_zbc_zbs_xw/ilp32/libshflib.a	mrs-2.5-linux-x64-gcc15	f3d4e59fd684e00d357fef3a0e720cc3332cf6cd7596a98f8b468a8a8e43c3a1	xw2p2	true	7	0	6	0	1	true	5	d526fb266a22084275f398163494b3228289c5ce53a69588633cf5d0645a8bc6	4	0	1	5	d526fb266a22084275f398163494b3228289c5ce53a69588633cf5d0645a8bc6	true	6	0	6	0
2	MRS_Toolchain_Linux_X64_V250/Toolchain/RISC-V Embedded GCC15/riscv32-wch-elf/lib/rv32imac_zaamo_zalrsc_zba_zbb_zbc_zbs_xw/ilp32/libshlib.a	mrs-2.5-linux-x64-gcc15	ee0cf3cb93e2aa698d8b28ef79dbdc5b48f7c39c9cc8fe69959f85a277131ff5	xw2p2	true	6	0	5	0	1	true	6	b34c769dd38178686c55765d27fe7af82f86c31f275bc7ed442064ebd810f269	5	0	1	6	b34c769dd38178686c55765d27fe7af82f86c31f275bc7ed442064ebd810f269	true	5	0	5	0
2	MRS_Toolchain_Linux_X64_V250/Toolchain/RISC-V Embedded GCC15/riscv32-wch-elf/lib/rv32imac_zaamo_zalrsc_zba_zbb_zbc_zbs_zvbb_zve32x_zve64x_zvkb_zvl32b_zvl64b/ilp32/libprintf.a	mrs-2.5-linux-x64-gcc15	1cf4fb05263b5c2f423127b7e58b496fdddb22e8d0de939cee67262b7e9ed5ce	xw-version-undeclared	true	1	0	0	0	1	true	1	63e9344b37052a7019c1f9d217f5c571a638d8b6ad6755508f625072a1e48153	0	0	1	1	63e9344b37052a7019c1f9d217f5c571a638d8b6ad6755508f625072a1e48153	true	0	0	0	0
2	MRS_Toolchain_Linux_X64_V250/Toolchain/RISC-V Embedded GCC15/riscv32-wch-elf/lib/rv32imac_zaamo_zalrsc_zba_zbb_zbc_zbs_zvbb_zve32x_zve64x_zvkb_zvl32b_zvl64b/ilp32/libprintfloat.a	mrs-2.5-linux-x64-gcc15	aae596e24457c1ec1f39bd8516158a49afb175bc300607a24caf21687d6332cb	xw-version-undeclared	true	1	0	0	0	1	true	1	63e9344b37052a7019c1f9d217f5c571a638d8b6ad6755508f625072a1e48153	0	0	1	1	63e9344b37052a7019c1f9d217f5c571a638d8b6ad6755508f625072a1e48153	true	0	0	0	0
2	MRS_Toolchain_Linux_X64_V250/Toolchain/RISC-V Embedded GCC15/riscv32-wch-elf/lib/rv32imac_zaamo_zalrsc_zba_zbb_zbc_zbs_zvbb_zve32x_zve64x_zvkb_zvl32b_zvl64b/ilp32/libshflib.a	mrs-2.5-linux-x64-gcc15	69380b7f097405c7fa056d7ada53b9f522b42afd611c5904e780b9111b384c72	xw-version-undeclared	true	1	0	0	0	1	true	1	20bde46f02e957b573c2a7ab270c6c099f46117fa9ac4f8c1a7c710075c14b5b	0	0	1	1	20bde46f02e957b573c2a7ab270c6c099f46117fa9ac4f8c1a7c710075c14b5b	true	0	0	0	0
2	MRS_Toolchain_Linux_X64_V250/Toolchain/RISC-V Embedded GCC15/riscv32-wch-elf/lib/rv32imac_zaamo_zalrsc_zba_zbb_zbc_zbs_zvbb_zve32x_zve64x_zvkb_zvl32b_zvl64b/ilp32/libshlib.a	mrs-2.5-linux-x64-gcc15	8eb90a9c3fe4882ad6c316356b166193501cfed0aab8136dd7ab00730ec5d6d5	xw-version-undeclared	true	1	0	0	0	1	true	1	20bde46f02e957b573c2a7ab270c6c099f46117fa9ac4f8c1a7c710075c14b5b	0	0	1	1	20bde46f02e957b573c2a7ab270c6c099f46117fa9ac4f8c1a7c710075c14b5b	true	0	0	0	0
2	MRS_Toolchain_Linux_X64_V250/Toolchain/RISC-V Embedded GCC15/riscv32-wch-elf/lib/rv32imac_zaamo_zalrsc_zba_zbb_zbc_zbs_zvbb_zve32x_zve64x_zvkb_zvl32b_zvl64b_xw/ilp32/libprintf.a	mrs-2.5-linux-x64-gcc15	0d678ac7338c5730df14e73b879fe2d42314404239b531fee39c58826e0f57b9	xw2p0	true	6	0	5	0	1	true	5	0d3c3ee05cdf9686a27c800abc821c12271cfcade75662e7ed601db68ddb253a	4	0	1	5	0d3c3ee05cdf9686a27c800abc821c12271cfcade75662e7ed601db68ddb253a	true	5	0	5	0
2	MRS_Toolchain_Linux_X64_V250/Toolchain/RISC-V Embedded GCC15/riscv32-wch-elf/lib/rv32imac_zaamo_zalrsc_zba_zbb_zbc_zbs_zvbb_zve32x_zve64x_zvkb_zvl32b_zvl64b_xw/ilp32/libprintfloat.a	mrs-2.5-linux-x64-gcc15	9c98a6952e5f7308ea8ca919ad53543a4be2ac7263bb4540782c64b967de7643	xw2p0	true	7	0	6	0	1	true	5	bfe887547c9cc2d6d6766144fc4aa052b31723fb5bda727ce785065ee571356d	4	0	1	5	bfe887547c9cc2d6d6766144fc4aa052b31723fb5bda727ce785065ee571356d	true	6	0	6	0
2	MRS_Toolchain_Linux_X64_V250/Toolchain/RISC-V Embedded GCC15/riscv32-wch-elf/lib/rv32imac_zaamo_zalrsc_zba_zbb_zbc_zbs_zvbb_zve32x_zve64x_zvkb_zvl32b_zvl64b_xw/ilp32/libshflib.a	mrs-2.5-linux-x64-gcc15	c62292f75054ae8316bbc3dfee7b049b0788146e538733b25327e483cd4b36b6	xw2p0	true	10	0	9	0	1	true	7	bdeff57a97bb4f0ad1c3533b2be89d9ef2c320b75aaf5cbfdd2af7e5bb68d3ce	6	0	1	7	bdeff57a97bb4f0ad1c3533b2be89d9ef2c320b75aaf5cbfdd2af7e5bb68d3ce	true	9	0	9	0
2	MRS_Toolchain_Linux_X64_V250/Toolchain/RISC-V Embedded GCC15/riscv32-wch-elf/lib/rv32imac_zaamo_zalrsc_zba_zbb_zbc_zbs_zvbb_zve32x_zve64x_zvkb_zvl32b_zvl64b_xw/ilp32/libshlib.a	mrs-2.5-linux-x64-gcc15	bec4fbd6d075153b097603fc3b5026c6277f2b076fa15cd4b9fd7d3db8cd9407	xw2p0	true	9	0	8	0	1	true	7	0232252709b01c60dcc0659f4488ec1e0c2761f484c3f203580d70e053e6f1e1	6	0	1	7	0232252709b01c60dcc0659f4488ec1e0c2761f484c3f203580d70e053e6f1e1	true	8	0	8	0
2	MRS_Toolchain_Linux_X64_V250/Toolchain/RISC-V Embedded GCC15/riscv32-wch-elf/lib/rv32imafc_zaamo_zalrsc/ilp32f/libprintf.a	mrs-2.5-linux-x64-gcc15	8cdcea3953975d5ecb83c6cfd4242b21e523176d7aad4ba425a9445bf51418fe	xw-version-undeclared	true	0	0	0	0	0	true	0	e3b0c44298fc1c149afbf4c8996fb92427ae41e4649b934ca495991b7852b855	0	0	0	0	e3b0c44298fc1c149afbf4c8996fb92427ae41e4649b934ca495991b7852b855	true	0	0	0	0
2	MRS_Toolchain_Linux_X64_V250/Toolchain/RISC-V Embedded GCC15/riscv32-wch-elf/lib/rv32imafc_zaamo_zalrsc/ilp32f/libprintfloat.a	mrs-2.5-linux-x64-gcc15	e85f439ead8eee611d6e01966bf15e6edc614a8745fa69b61a154bde6cdbf2b5	xw-version-undeclared	true	0	0	0	0	0	true	0	e3b0c44298fc1c149afbf4c8996fb92427ae41e4649b934ca495991b7852b855	0	0	0	0	e3b0c44298fc1c149afbf4c8996fb92427ae41e4649b934ca495991b7852b855	true	0	0	0	0
2	MRS_Toolchain_Linux_X64_V250/Toolchain/RISC-V Embedded GCC15/riscv32-wch-elf/lib/rv32imafc_zaamo_zalrsc/ilp32f/libshflib.a	mrs-2.5-linux-x64-gcc15	245f9f62618ac19121885e7e8a1c0ffa51f240b0131ae42476987d499223a94c	xw-version-undeclared	false	0	0	0	0	0	true	0	e3b0c44298fc1c149afbf4c8996fb92427ae41e4649b934ca495991b7852b855	0	0	0	0	e3b0c44298fc1c149afbf4c8996fb92427ae41e4649b934ca495991b7852b855	true	0	0	0	0
2	MRS_Toolchain_Linux_X64_V250/Toolchain/RISC-V Embedded GCC15/riscv32-wch-elf/lib/rv32imafc_zaamo_zalrsc/ilp32f/libshlib.a	mrs-2.5-linux-x64-gcc15	e10031dcaab69e7dd785c37abfc411cbf9b0ed3faf812d39f144dfe0e2c1250c	xw-version-undeclared	false	0	0	0	0	0	true	0	e3b0c44298fc1c149afbf4c8996fb92427ae41e4649b934ca495991b7852b855	0	0	0	0	e3b0c44298fc1c149afbf4c8996fb92427ae41e4649b934ca495991b7852b855	true	0	0	0	0
2	MRS_Toolchain_Linux_X64_V250/Toolchain/RISC-V Embedded GCC15/riscv32-wch-elf/lib/rv32imafc_zaamo_zalrsc_xw/ilp32f/libprintf.a	mrs-2.5-linux-x64-gcc15	785372190e87243e91e6f5470e202df3f78af30222d2e4773fe91550a0026bb7	xw2p2	true	5	0	5	0	0	true	4	1826e3ff39f7e4221a3667524a17200bf057225ecbdebe6e74adcdf86ff4bdd3	4	0	0	4	1826e3ff39f7e4221a3667524a17200bf057225ecbdebe6e74adcdf86ff4bdd3	true	5	0	5	0
2	MRS_Toolchain_Linux_X64_V250/Toolchain/RISC-V Embedded GCC15/riscv32-wch-elf/lib/rv32imafc_zaamo_zalrsc_xw/ilp32f/libprintfloat.a	mrs-2.5-linux-x64-gcc15	16ad5e8810829d15f8f3ac87cad44db368e25cd1a647dbca6080e5fe350b4b31	xw2p2	true	6	0	6	0	0	true	3	3d0829f757f110b35435910e24ebb2d7691f92f5ed77896a5b4570f4d365b93b	3	0	0	3	3d0829f757f110b35435910e24ebb2d7691f92f5ed77896a5b4570f4d365b93b	true	6	0	6	0
2	MRS_Toolchain_Linux_X64_V250/Toolchain/RISC-V Embedded GCC15/riscv32-wch-elf/lib/rv32imafc_zaamo_zalrsc_xw/ilp32f/libshflib.a	mrs-2.5-linux-x64-gcc15	22278d17da27a6d33a25986b618b2135340250a26e4f828ee7b99ff7bdff5653	xw-version-undeclared	false	9	0	4	5	0	true	7	c60e92d12b0d6cc1c427688c10999e1a5bf3d989ae21ff35f0c6848082ca9545	3	4	0	7	c60e92d12b0d6cc1c427688c10999e1a5bf3d989ae21ff35f0c6848082ca9545	true	4	5	4	5
2	MRS_Toolchain_Linux_X64_V250/Toolchain/RISC-V Embedded GCC15/riscv32-wch-elf/lib/rv32imafc_zaamo_zalrsc_xw/ilp32f/libshlib.a	mrs-2.5-linux-x64-gcc15	4f6f70f63f736096f7e56d406baa914d5cd39f0f26867858e872b8d88d9f0a56	xw-version-undeclared	false	8	0	3	5	0	true	7	aee5d3a4c1c90b3be1b0a0515d3608e9f25e5b51c0f096d7a373b07d7c39ba00	3	4	0	7	aee5d3a4c1c90b3be1b0a0515d3608e9f25e5b51c0f096d7a373b07d7c39ba00	true	3	5	3	5
2	MRS_Toolchain_Linux_X64_V250/Toolchain/RISC-V Embedded GCC15/riscv32-wch-elf/lib/rv32imafc_zaamo_zalrsc_zba_zbb_zbc_zbs/ilp32f/libprintf.a	mrs-2.5-linux-x64-gcc15	9c2a7eab3789101551fd88ca3540cf2d77401df115737c3927c2b5e921bbea5d	xw-version-undeclared	true	1	0	0	0	1	true	1	63e9344b37052a7019c1f9d217f5c571a638d8b6ad6755508f625072a1e48153	0	0	1	1	63e9344b37052a7019c1f9d217f5c571a638d8b6ad6755508f625072a1e48153	true	0	0	0	0
2	MRS_Toolchain_Linux_X64_V250/Toolchain/RISC-V Embedded GCC15/riscv32-wch-elf/lib/rv32imafc_zaamo_zalrsc_zba_zbb_zbc_zbs/ilp32f/libprintfloat.a	mrs-2.5-linux-x64-gcc15	6cf9cdb216bf7d1302309ba8a6c6289962dad5a58326a339b116397e01adb9a8	xw-version-undeclared	true	1	0	0	0	1	true	1	63e9344b37052a7019c1f9d217f5c571a638d8b6ad6755508f625072a1e48153	0	0	1	1	63e9344b37052a7019c1f9d217f5c571a638d8b6ad6755508f625072a1e48153	true	0	0	0	0
2	MRS_Toolchain_Linux_X64_V250/Toolchain/RISC-V Embedded GCC15/riscv32-wch-elf/lib/rv32imafc_zaamo_zalrsc_zba_zbb_zbc_zbs/ilp32f/libshflib.a	mrs-2.5-linux-x64-gcc15	4a98453582cf85230091748d4065495e86483a2c7831d803f355d878bcb48dde	xw-version-undeclared	true	1	0	0	0	1	true	1	878db9fc421cb86f493f3951f922440299ea5480bae3453569546fe58e3f8edc	0	0	1	1	878db9fc421cb86f493f3951f922440299ea5480bae3453569546fe58e3f8edc	true	0	0	0	0
2	MRS_Toolchain_Linux_X64_V250/Toolchain/RISC-V Embedded GCC15/riscv32-wch-elf/lib/rv32imafc_zaamo_zalrsc_zba_zbb_zbc_zbs/ilp32f/libshlib.a	mrs-2.5-linux-x64-gcc15	80ed363582c4fefc55cacb14fd8bfcde86018cd21bcceb1d84ace15259066ce4	xw-version-undeclared	true	1	0	0	0	1	true	1	878db9fc421cb86f493f3951f922440299ea5480bae3453569546fe58e3f8edc	0	0	1	1	878db9fc421cb86f493f3951f922440299ea5480bae3453569546fe58e3f8edc	true	0	0	0	0
2	MRS_Toolchain_Linux_X64_V250/Toolchain/RISC-V Embedded GCC15/riscv32-wch-elf/lib/rv32imafc_zaamo_zalrsc_zba_zbb_zbc_zbs_xw/ilp32f/libprintf.a	mrs-2.5-linux-x64-gcc15	90cc2705650204e3679cbda1095a0c24413cae2d4171de5eb722fd56804d1067	xw2p2	true	6	0	5	0	1	true	5	1e15f196ebfeabe0241634a31bc205e509fa81c0bd22188f01e4026e3dbf9dfc	4	0	1	5	1e15f196ebfeabe0241634a31bc205e509fa81c0bd22188f01e4026e3dbf9dfc	true	5	0	5	0
2	MRS_Toolchain_Linux_X64_V250/Toolchain/RISC-V Embedded GCC15/riscv32-wch-elf/lib/rv32imafc_zaamo_zalrsc_zba_zbb_zbc_zbs_xw/ilp32f/libprintfloat.a	mrs-2.5-linux-x64-gcc15	b43e03bfcdc3ce63753d3d5ef6540a4e4d06e79fb96ee5153812d89e9d5bb374	xw2p2	true	7	0	6	0	1	true	4	7a37d26a3578c8190d5d65b0f9245d9ab467f55d3c073397dc984e993bd6b899	3	0	1	4	7a37d26a3578c8190d5d65b0f9245d9ab467f55d3c073397dc984e993bd6b899	true	6	0	6	0
2	MRS_Toolchain_Linux_X64_V250/Toolchain/RISC-V Embedded GCC15/riscv32-wch-elf/lib/rv32imafc_zaamo_zalrsc_zba_zbb_zbc_zbs_xw/ilp32f/libshflib.a	mrs-2.5-linux-x64-gcc15	73bc78ffe027baf1f8fc1fb1d164b20c2f003a0df190ddbb744c9efdf9695980	xw2p2	true	7	0	6	0	1	true	5	d526fb266a22084275f398163494b3228289c5ce53a69588633cf5d0645a8bc6	4	0	1	5	d526fb266a22084275f398163494b3228289c5ce53a69588633cf5d0645a8bc6	true	6	0	6	0
2	MRS_Toolchain_Linux_X64_V250/Toolchain/RISC-V Embedded GCC15/riscv32-wch-elf/lib/rv32imafc_zaamo_zalrsc_zba_zbb_zbc_zbs_xw/ilp32f/libshlib.a	mrs-2.5-linux-x64-gcc15	13590f485903d5fa2a1a3079a5a78824b2d0aaf4af471efcd78ff60bf156f42e	xw2p2	true	6	0	5	0	1	true	6	b34c769dd38178686c55765d27fe7af82f86c31f275bc7ed442064ebd810f269	5	0	1	6	b34c769dd38178686c55765d27fe7af82f86c31f275bc7ed442064ebd810f269	true	5	0	5	0
2	MRS_Toolchain_Linux_X64_V250/Toolchain/RISC-V Embedded GCC15/riscv32-wch-elf/lib/rv32imc_zba_zbb_zbc_zbs/ilp32/libIQmath_RV32.a	mrs-2.5-linux-x64-gcc15	cb96401493edef19da273a999431339f8a23aefb46c4b51af723281ea4ad3470	xw-version-undeclared	true	1116	0	0	0	1116	true	15	305b761adb92b2724655d4da882c4fdaa55f2a0071cbdab21ec9534318f05102	0	0	15	15	305b761adb92b2724655d4da882c4fdaa55f2a0071cbdab21ec9534318f05102	true	0	0	0	0
2	MRS_Toolchain_Linux_X64_V250/Toolchain/RISC-V Embedded GCC15/riscv32-wch-elf/lib/rv32imc_zba_zbb_zbc_zbs/ilp32/libprintf.a	mrs-2.5-linux-x64-gcc15	9cb7d3c14159d9810abaeb232a01a7d0b23a93f968f5e4bdd4aa780edcc7faab	xw-version-undeclared	true	1	0	0	0	1	true	1	63e9344b37052a7019c1f9d217f5c571a638d8b6ad6755508f625072a1e48153	0	0	1	1	63e9344b37052a7019c1f9d217f5c571a638d8b6ad6755508f625072a1e48153	true	0	0	0	0
2	MRS_Toolchain_Linux_X64_V250/Toolchain/RISC-V Embedded GCC15/riscv32-wch-elf/lib/rv32imc_zba_zbb_zbc_zbs/ilp32/libprintfloat.a	mrs-2.5-linux-x64-gcc15	4956118b52213fcc44743052c69bb643103030c079931679f0ccb5e5a18c52e2	xw-version-undeclared	true	1	0	0	0	1	true	1	63e9344b37052a7019c1f9d217f5c571a638d8b6ad6755508f625072a1e48153	0	0	1	1	63e9344b37052a7019c1f9d217f5c571a638d8b6ad6755508f625072a1e48153	true	0	0	0	0
2	MRS_Toolchain_Linux_X64_V250/Toolchain/RISC-V Embedded GCC15/riscv32-wch-elf/lib/rv32imc_zba_zbb_zbc_zbs/ilp32/libshflib.a	mrs-2.5-linux-x64-gcc15	cf543505c146ae4294205e201acf0d6ab7e7f9d11edf88fdf9e024f6c4a1c881	xw-version-undeclared	true	1	0	0	0	1	true	1	878db9fc421cb86f493f3951f922440299ea5480bae3453569546fe58e3f8edc	0	0	1	1	878db9fc421cb86f493f3951f922440299ea5480bae3453569546fe58e3f8edc	true	0	0	0	0
2	MRS_Toolchain_Linux_X64_V250/Toolchain/RISC-V Embedded GCC15/riscv32-wch-elf/lib/rv32imc_zba_zbb_zbc_zbs/ilp32/libshlib.a	mrs-2.5-linux-x64-gcc15	b2f7887352b73ef5524d63a8013bc8291eb784ad32bc8abc910fb700b7c4fab9	xw-version-undeclared	true	1	0	0	0	1	true	1	878db9fc421cb86f493f3951f922440299ea5480bae3453569546fe58e3f8edc	0	0	1	1	878db9fc421cb86f493f3951f922440299ea5480bae3453569546fe58e3f8edc	true	0	0	0	0
2	MRS_Toolchain_Linux_X64_V250/Toolchain/RISC-V Embedded GCC15/riscv32-wch-elf/lib/rv32imc_zba_zbb_zbc_zbs_xw/ilp32/libIQmath_RV32.a	mrs-2.5-linux-x64-gcc15	34f1d4c2084ff5727f7b4592de392776cb24f510b5dbdd172f8193c0a538dc76	xw2p2	true	1124	0	8	0	1116	true	20	b43dc4f5c7f010422eec391f4cdc66700540efa43c4afa41af98815995aee53b	5	0	15	20	b43dc4f5c7f010422eec391f4cdc66700540efa43c4afa41af98815995aee53b	true	8	0	8	0
2	MRS_Toolchain_Linux_X64_V250/Toolchain/RISC-V Embedded GCC15/riscv32-wch-elf/lib/rv32imc_zba_zbb_zbc_zbs_xw/ilp32/libprintf.a	mrs-2.5-linux-x64-gcc15	d55b557d794997ab0c4f07d90e40c98c7e60738305b759d9fef3e6c6a18b1133	xw2p2	true	6	0	5	0	1	true	5	1e15f196ebfeabe0241634a31bc205e509fa81c0bd22188f01e4026e3dbf9dfc	4	0	1	5	1e15f196ebfeabe0241634a31bc205e509fa81c0bd22188f01e4026e3dbf9dfc	true	5	0	5	0
2	MRS_Toolchain_Linux_X64_V250/Toolchain/RISC-V Embedded GCC15/riscv32-wch-elf/lib/rv32imc_zba_zbb_zbc_zbs_xw/ilp32/libprintfloat.a	mrs-2.5-linux-x64-gcc15	896e78a048716fcec8c4819a0b80a86da1f1c5efbe157c55f1ef926fed4ef77c	xw2p2	true	7	0	6	0	1	true	4	7a37d26a3578c8190d5d65b0f9245d9ab467f55d3c073397dc984e993bd6b899	3	0	1	4	7a37d26a3578c8190d5d65b0f9245d9ab467f55d3c073397dc984e993bd6b899	true	6	0	6	0
2	MRS_Toolchain_Linux_X64_V250/Toolchain/RISC-V Embedded GCC15/riscv32-wch-elf/lib/rv32imc_zba_zbb_zbc_zbs_xw/ilp32/libshflib.a	mrs-2.5-linux-x64-gcc15	59cb0bfadfbacf194c33706686e1da3fe3039c9f6ff1ec9e3ac5600b8b40bd5e	xw2p2	true	7	0	6	0	1	true	5	d526fb266a22084275f398163494b3228289c5ce53a69588633cf5d0645a8bc6	4	0	1	5	d526fb266a22084275f398163494b3228289c5ce53a69588633cf5d0645a8bc6	true	6	0	6	0
2	MRS_Toolchain_Linux_X64_V250/Toolchain/RISC-V Embedded GCC15/riscv32-wch-elf/lib/rv32imc_zba_zbb_zbc_zbs_xw/ilp32/libshlib.a	mrs-2.5-linux-x64-gcc15	70e9fccfbe6b7e4da7cf22aa320a017da1258bb067bf61d961537ca97192444e	xw2p2	true	6	0	5	0	1	true	6	b34c769dd38178686c55765d27fe7af82f86c31f275bc7ed442064ebd810f269	5	0	1	6	b34c769dd38178686c55765d27fe7af82f86c31f275bc7ed442064ebd810f269	true	5	0	5	0
2	MRS_Toolchain_MAC_V240/Toolchain/RISC-V Embedded GCC/riscv-none-embed/lib/rv32ec/ilp32e/libIQMath_RV32.a	mrs-2.4-riscv-gcc8	d2715b286a4f0e8119698735fb2c86209b169c716be9702a7a0040b241655be9	xw-version-undeclared	false	1115	0	0	0	1115	true	14	3894d04835b5a88fbeab238bcdabb7e5d1aa2b162cf0101420269c088956e30f	0	0	14	14	3894d04835b5a88fbeab238bcdabb7e5d1aa2b162cf0101420269c088956e30f	true	0	0	0	0
2	MRS_Toolchain_MAC_V240/Toolchain/RISC-V Embedded GCC/riscv-none-embed/lib/rv32ec/ilp32e/libprintf.a	mrs-2.4-riscv-gcc8	bc00c4be3dc1562932611a60005e8639e4ded58d0679a7f3d82906ffe0b3cf7c	xw-version-undeclared	false	0	0	0	0	0	true	0	e3b0c44298fc1c149afbf4c8996fb92427ae41e4649b934ca495991b7852b855	0	0	0	0	e3b0c44298fc1c149afbf4c8996fb92427ae41e4649b934ca495991b7852b855	true	0	0	0	0
2	MRS_Toolchain_MAC_V240/Toolchain/RISC-V Embedded GCC/riscv-none-embed/lib/rv32ec/ilp32e/libprintfloat.a	mrs-2.4-riscv-gcc8	c163dac0d61c66d52e3a543689b5bc044ea4ab840251fd618ba99dfc73068af5	xw-version-undeclared	false	0	0	0	0	0	true	0	e3b0c44298fc1c149afbf4c8996fb92427ae41e4649b934ca495991b7852b855	0	0	0	0	e3b0c44298fc1c149afbf4c8996fb92427ae41e4649b934ca495991b7852b855	true	0	0	0	0
2	MRS_Toolchain_MAC_V240/Toolchain/RISC-V Embedded GCC/riscv-none-embed/lib/rv32ec/ilp32e/libshflib.a	mrs-2.4-riscv-gcc8	eaa98b8f1679126e15d23c9ac1f395b14381f659a0e0d4164daa5d269b658f15	xw-version-undeclared	false	0	0	0	0	0	true	0	e3b0c44298fc1c149afbf4c8996fb92427ae41e4649b934ca495991b7852b855	0	0	0	0	e3b0c44298fc1c149afbf4c8996fb92427ae41e4649b934ca495991b7852b855	true	0	0	0	0
2	MRS_Toolchain_MAC_V240/Toolchain/RISC-V Embedded GCC/riscv-none-embed/lib/rv32ec/ilp32e/libshlib.a	mrs-2.4-riscv-gcc8	b8a3b54a8695739218668b5a487fa719b5a1083828d0bf091f28b22dbbd5ab4a	xw-version-undeclared	false	0	0	0	0	0	true	0	e3b0c44298fc1c149afbf4c8996fb92427ae41e4649b934ca495991b7852b855	0	0	0	0	e3b0c44298fc1c149afbf4c8996fb92427ae41e4649b934ca495991b7852b855	true	0	0	0	0
2	MRS_Toolchain_MAC_V240/Toolchain/RISC-V Embedded GCC/riscv-none-embed/lib/rv32ecxw/ilp32e/libIQMath_RV32.a	mrs-2.4-riscv-gcc8	937abb985b9dcf4aa2d44903622146de6a4c75e0a1b01c72bb9ec7758e3ec4f4	xw-version-undeclared	false	1126	0	0	11	1115	true	22	38f48fce832d7608632c755012baffad2c64549a1f691417cdd6c46724253e08	0	8	14	22	38f48fce832d7608632c755012baffad2c64549a1f691417cdd6c46724253e08	true	0	11	0	11
2	MRS_Toolchain_MAC_V240/Toolchain/RISC-V Embedded GCC/riscv-none-embed/lib/rv32ecxw/ilp32e/libprintf.a	mrs-2.4-riscv-gcc8	0e2096fa2cadb82b286154416902f48d25e111855309e31e1e2eff7f562fd951	xw-version-undeclared	false	7	0	4	3	0	true	5	29a93f789f32624be2b78ba18b7cda9ed4f624d02927cd82b00791c812062da3	2	3	0	5	29a93f789f32624be2b78ba18b7cda9ed4f624d02927cd82b00791c812062da3	true	4	3	4	3
2	MRS_Toolchain_MAC_V240/Toolchain/RISC-V Embedded GCC/riscv-none-embed/lib/rv32ecxw/ilp32e/libprintfloat.a	mrs-2.4-riscv-gcc8	91043cc2cf897118c784c01e84bc88f3985caf4b1184ff40cc46e11bd8abe3a1	xw-version-undeclared	false	7	0	4	3	0	true	5	29a93f789f32624be2b78ba18b7cda9ed4f624d02927cd82b00791c812062da3	2	3	0	5	29a93f789f32624be2b78ba18b7cda9ed4f624d02927cd82b00791c812062da3	true	4	3	4	3
2	MRS_Toolchain_MAC_V240/Toolchain/RISC-V Embedded GCC/riscv-none-embed/lib/rv32ecxw/ilp32e/libshflib.a	mrs-2.4-riscv-gcc8	2c5d11e5275f50eb32de8122e720b78bb3976fa768c0f6571c0a36db5d7dafe3	xw-version-undeclared	false	7	0	2	5	0	true	6	6ec7910c05c2e6e199566f774fe5c311c23db80af0018e36445bcb083c139642	2	4	0	6	6ec7910c05c2e6e199566f774fe5c311c23db80af0018e36445bcb083c139642	true	2	5	2	5
2	MRS_Toolchain_MAC_V240/Toolchain/RISC-V Embedded GCC/riscv-none-embed/lib/rv32ecxw/ilp32e/libshlib.a	mrs-2.4-riscv-gcc8	faf8a5b888a6ee3f3e0d7d56c475c7b4b7ef97f6a78c84269cfbef640e103f63	xw-version-undeclared	false	7	0	2	5	0	true	6	6ec7910c05c2e6e199566f774fe5c311c23db80af0018e36445bcb083c139642	2	4	0	6	6ec7910c05c2e6e199566f774fe5c311c23db80af0018e36445bcb083c139642	true	2	5	2	5
2	MRS_Toolchain_MAC_V240/Toolchain/RISC-V Embedded GCC/riscv-none-embed/lib/rv32imac/ilp32/libIQmath_RV32.a	mrs-2.4-riscv-gcc8	73d32a3d7216ae88df457bcbdf76f54fff2bf5fa7dbb16d5a0b6bcede04b78bb	xw-version-undeclared	false	860	0	0	0	860	true	9	bc0ffe3c2072f991a32665f89d845b438dda60c4c4ddfea30702e60721ac6e55	0	0	9	9	bc0ffe3c2072f991a32665f89d845b438dda60c4c4ddfea30702e60721ac6e55	true	0	0	0	0
2	MRS_Toolchain_MAC_V240/Toolchain/RISC-V Embedded GCC/riscv-none-embed/lib/rv32imac/ilp32/libprintf.a	mrs-2.4-riscv-gcc8	9b874871223df1072aad7440864c60018b111e4fc7044dbfec5712b106ecb774	xw-version-undeclared	false	0	0	0	0	0	true	0	e3b0c44298fc1c149afbf4c8996fb92427ae41e4649b934ca495991b7852b855	0	0	0	0	e3b0c44298fc1c149afbf4c8996fb92427ae41e4649b934ca495991b7852b855	true	0	0	0	0
2	MRS_Toolchain_MAC_V240/Toolchain/RISC-V Embedded GCC/riscv-none-embed/lib/rv32imac/ilp32/libprintfloat.a	mrs-2.4-riscv-gcc8	871cee3626ca59f77a0ae30feef27eee4c8b0e84f773e5089080f525d6a334b2	xw-version-undeclared	false	0	0	0	0	0	true	0	e3b0c44298fc1c149afbf4c8996fb92427ae41e4649b934ca495991b7852b855	0	0	0	0	e3b0c44298fc1c149afbf4c8996fb92427ae41e4649b934ca495991b7852b855	true	0	0	0	0
2	MRS_Toolchain_MAC_V240/Toolchain/RISC-V Embedded GCC/riscv-none-embed/lib/rv32imac/ilp32/libshflib.a	mrs-2.4-riscv-gcc8	4df0370b6fcd9092e39d4e39574465f7710aeb4f07696a01ca18bbf6715376c1	xw-version-undeclared	false	0	0	0	0	0	true	0	e3b0c44298fc1c149afbf4c8996fb92427ae41e4649b934ca495991b7852b855	0	0	0	0	e3b0c44298fc1c149afbf4c8996fb92427ae41e4649b934ca495991b7852b855	true	0	0	0	0
2	MRS_Toolchain_MAC_V240/Toolchain/RISC-V Embedded GCC/riscv-none-embed/lib/rv32imac/ilp32/libshlib.a	mrs-2.4-riscv-gcc8	ef7d5da94047e7267dbe149fa1b8f9601a7a50d22b876eab8cf27a817e0b7172	xw-version-undeclared	false	0	0	0	0	0	true	0	e3b0c44298fc1c149afbf4c8996fb92427ae41e4649b934ca495991b7852b855	0	0	0	0	e3b0c44298fc1c149afbf4c8996fb92427ae41e4649b934ca495991b7852b855	true	0	0	0	0
2	MRS_Toolchain_MAC_V240/Toolchain/RISC-V Embedded GCC/riscv-none-embed/lib/rv32imacxw/ilp32/libIQMath_RV32.a	mrs-2.4-riscv-gcc8	470e7734545fe01ac0295284f1a8b76e20631242e4331acedec64c40eadf40cf	xw-version-undeclared	false	870	0	0	10	860	true	17	62091fb617ecc52fc5d88253d987e5f0d88e6d05808e692059d72da664271597	0	8	9	17	62091fb617ecc52fc5d88253d987e5f0d88e6d05808e692059d72da664271597	true	0	10	0	10
2	MRS_Toolchain_MAC_V240/Toolchain/RISC-V Embedded GCC/riscv-none-embed/lib/rv32imacxw/ilp32/libprintf.a	mrs-2.4-riscv-gcc8	509a70c34f40845fc1d8fb9deeea7ca8e546f9bd2f181ad1bdfd6b05428fea84	xw-version-undeclared	false	8	0	5	3	0	true	6	806ff7ad5598c23364f5a192f1b463d054ffaf14e2bb5e8f22e2329d2ee63597	3	3	0	6	806ff7ad5598c23364f5a192f1b463d054ffaf14e2bb5e8f22e2329d2ee63597	true	5	3	5	3
2	MRS_Toolchain_MAC_V240/Toolchain/RISC-V Embedded GCC/riscv-none-embed/lib/rv32imacxw/ilp32/libprintfloat.a	mrs-2.4-riscv-gcc8	6e7414fa6c83da45e3b4f5d0fc8e4fbf0311c4f0beedeeb56a07ff701d6d4041	xw-version-undeclared	false	9	0	6	3	0	true	6	31684a7f3bb57886536edaa7ef28bf26339571b7d80fd2498f2475278833489d	3	3	0	6	31684a7f3bb57886536edaa7ef28bf26339571b7d80fd2498f2475278833489d	true	6	3	6	3
2	MRS_Toolchain_MAC_V240/Toolchain/RISC-V Embedded GCC/riscv-none-embed/lib/rv32imacxw/ilp32/libshflib.a	mrs-2.4-riscv-gcc8	508be181f272a1016fc9d49577f92c87dda35dc5bad1318a3b629145e6b210dc	xw-version-undeclared	false	9	0	4	5	0	true	7	c60e92d12b0d6cc1c427688c10999e1a5bf3d989ae21ff35f0c6848082ca9545	3	4	0	7	c60e92d12b0d6cc1c427688c10999e1a5bf3d989ae21ff35f0c6848082ca9545	true	4	5	4	5
2	MRS_Toolchain_MAC_V240/Toolchain/RISC-V Embedded GCC/riscv-none-embed/lib/rv32imacxw/ilp32/libshlib.a	mrs-2.4-riscv-gcc8	edf3dbfe0b87ecc21fc1837d16d02c2bd61992dd68766ce0567d6b2270e40ade	xw-version-undeclared	false	8	0	3	5	0	true	7	aee5d3a4c1c90b3be1b0a0515d3608e9f25e5b51c0f096d7a373b07d7c39ba00	3	4	0	7	aee5d3a4c1c90b3be1b0a0515d3608e9f25e5b51c0f096d7a373b07d7c39ba00	true	3	5	3	5
2	MRS_Toolchain_MAC_V240/Toolchain/RISC-V Embedded GCC/riscv-none-embed/lib/rv32imafc/ilp32f/libprintf.a	mrs-2.4-riscv-gcc8	e4d37be39bab7ee5eb9bc376826238fb809ecd706d8d6d410d0ab9d84a88543f	xw-version-undeclared	false	0	0	0	0	0	true	0	e3b0c44298fc1c149afbf4c8996fb92427ae41e4649b934ca495991b7852b855	0	0	0	0	e3b0c44298fc1c149afbf4c8996fb92427ae41e4649b934ca495991b7852b855	true	0	0	0	0
2	MRS_Toolchain_MAC_V240/Toolchain/RISC-V Embedded GCC/riscv-none-embed/lib/rv32imafc/ilp32f/libprintfloat.a	mrs-2.4-riscv-gcc8	68b268c84319c746530e60c31a9ea630dbcd85a1ab7f120a978d0f5b7578742b	xw-version-undeclared	false	0	0	0	0	0	true	0	e3b0c44298fc1c149afbf4c8996fb92427ae41e4649b934ca495991b7852b855	0	0	0	0	e3b0c44298fc1c149afbf4c8996fb92427ae41e4649b934ca495991b7852b855	true	0	0	0	0
2	MRS_Toolchain_MAC_V240/Toolchain/RISC-V Embedded GCC/riscv-none-embed/lib/rv32imafc/ilp32f/libshflib.a	mrs-2.4-riscv-gcc8	245f9f62618ac19121885e7e8a1c0ffa51f240b0131ae42476987d499223a94c	xw-version-undeclared	false	0	0	0	0	0	true	0	e3b0c44298fc1c149afbf4c8996fb92427ae41e4649b934ca495991b7852b855	0	0	0	0	e3b0c44298fc1c149afbf4c8996fb92427ae41e4649b934ca495991b7852b855	true	0	0	0	0
2	MRS_Toolchain_MAC_V240/Toolchain/RISC-V Embedded GCC/riscv-none-embed/lib/rv32imafc/ilp32f/libshlib.a	mrs-2.4-riscv-gcc8	e10031dcaab69e7dd785c37abfc411cbf9b0ed3faf812d39f144dfe0e2c1250c	xw-version-undeclared	false	0	0	0	0	0	true	0	e3b0c44298fc1c149afbf4c8996fb92427ae41e4649b934ca495991b7852b855	0	0	0	0	e3b0c44298fc1c149afbf4c8996fb92427ae41e4649b934ca495991b7852b855	true	0	0	0	0
2	MRS_Toolchain_MAC_V240/Toolchain/RISC-V Embedded GCC/riscv-none-embed/lib/rv32imafcxw/ilp32f/libprintf.a	mrs-2.4-riscv-gcc8	d7ae4fa539b44b09a5bce4d3264e2c129edbba50fefa0df6c2ac4c8f86ef04f0	xw-version-undeclared	false	8	0	5	3	0	true	6	806ff7ad5598c23364f5a192f1b463d054ffaf14e2bb5e8f22e2329d2ee63597	3	3	0	6	806ff7ad5598c23364f5a192f1b463d054ffaf14e2bb5e8f22e2329d2ee63597	true	5	3	5	3
2	MRS_Toolchain_MAC_V240/Toolchain/RISC-V Embedded GCC/riscv-none-embed/lib/rv32imafcxw/ilp32f/libprintfloat.a	mrs-2.4-riscv-gcc8	aff70eb890fc78be0b82a498200924fb6b8e88b73c6e92e0eda9047582854f75	xw-version-undeclared	false	9	0	6	3	0	true	6	31684a7f3bb57886536edaa7ef28bf26339571b7d80fd2498f2475278833489d	3	3	0	6	31684a7f3bb57886536edaa7ef28bf26339571b7d80fd2498f2475278833489d	true	6	3	6	3
2	MRS_Toolchain_MAC_V240/Toolchain/RISC-V Embedded GCC/riscv-none-embed/lib/rv32imafcxw/ilp32f/libshflib.a	mrs-2.4-riscv-gcc8	22278d17da27a6d33a25986b618b2135340250a26e4f828ee7b99ff7bdff5653	xw-version-undeclared	false	9	0	4	5	0	true	7	c60e92d12b0d6cc1c427688c10999e1a5bf3d989ae21ff35f0c6848082ca9545	3	4	0	7	c60e92d12b0d6cc1c427688c10999e1a5bf3d989ae21ff35f0c6848082ca9545	true	4	5	4	5
2	MRS_Toolchain_MAC_V240/Toolchain/RISC-V Embedded GCC/riscv-none-embed/lib/rv32imafcxw/ilp32f/libshlib.a	mrs-2.4-riscv-gcc8	4f6f70f63f736096f7e56d406baa914d5cd39f0f26867858e872b8d88d9f0a56	xw-version-undeclared	false	8	0	3	5	0	true	7	aee5d3a4c1c90b3be1b0a0515d3608e9f25e5b51c0f096d7a373b07d7c39ba00	3	4	0	7	aee5d3a4c1c90b3be1b0a0515d3608e9f25e5b51c0f096d7a373b07d7c39ba00	true	3	5	3	5
2	MRS_Toolchain_MAC_V240/Toolchain/RISC-V Embedded GCC12/riscv-wch-elf/lib/libIQmath_RV32.a	mrs-2.4-riscv-gcc12	73d32a3d7216ae88df457bcbdf76f54fff2bf5fa7dbb16d5a0b6bcede04b78bb	xw-version-undeclared	false	860	0	0	0	860	true	9	bc0ffe3c2072f991a32665f89d845b438dda60c4c4ddfea30702e60721ac6e55	0	0	9	9	bc0ffe3c2072f991a32665f89d845b438dda60c4c4ddfea30702e60721ac6e55	true	0	0	0	0
2	MRS_Toolchain_MAC_V240/Toolchain/RISC-V Embedded GCC12/riscv-wch-elf/lib/libprintf.a	mrs-2.4-riscv-gcc12	9b874871223df1072aad7440864c60018b111e4fc7044dbfec5712b106ecb774	xw-version-undeclared	false	0	0	0	0	0	true	0	e3b0c44298fc1c149afbf4c8996fb92427ae41e4649b934ca495991b7852b855	0	0	0	0	e3b0c44298fc1c149afbf4c8996fb92427ae41e4649b934ca495991b7852b855	true	0	0	0	0
2	MRS_Toolchain_MAC_V240/Toolchain/RISC-V Embedded GCC12/riscv-wch-elf/lib/libprintfloat.a	mrs-2.4-riscv-gcc12	871cee3626ca59f77a0ae30feef27eee4c8b0e84f773e5089080f525d6a334b2	xw-version-undeclared	false	0	0	0	0	0	true	0	e3b0c44298fc1c149afbf4c8996fb92427ae41e4649b934ca495991b7852b855	0	0	0	0	e3b0c44298fc1c149afbf4c8996fb92427ae41e4649b934ca495991b7852b855	true	0	0	0	0
2	MRS_Toolchain_MAC_V240/Toolchain/RISC-V Embedded GCC12/riscv-wch-elf/lib/libshflib.a	mrs-2.4-riscv-gcc12	4df0370b6fcd9092e39d4e39574465f7710aeb4f07696a01ca18bbf6715376c1	xw-version-undeclared	false	0	0	0	0	0	true	0	e3b0c44298fc1c149afbf4c8996fb92427ae41e4649b934ca495991b7852b855	0	0	0	0	e3b0c44298fc1c149afbf4c8996fb92427ae41e4649b934ca495991b7852b855	true	0	0	0	0
2	MRS_Toolchain_MAC_V240/Toolchain/RISC-V Embedded GCC12/riscv-wch-elf/lib/libshlib.a	mrs-2.4-riscv-gcc12	ef7d5da94047e7267dbe149fa1b8f9601a7a50d22b876eab8cf27a817e0b7172	xw-version-undeclared	false	0	0	0	0	0	true	0	e3b0c44298fc1c149afbf4c8996fb92427ae41e4649b934ca495991b7852b855	0	0	0	0	e3b0c44298fc1c149afbf4c8996fb92427ae41e4649b934ca495991b7852b855	true	0	0	0	0
2	MRS_Toolchain_MAC_V240/Toolchain/RISC-V Embedded GCC12/riscv-wch-elf/lib/rv32ec/ilp32e/libIQmath_RV32.a	mrs-2.4-riscv-gcc12	d2715b286a4f0e8119698735fb2c86209b169c716be9702a7a0040b241655be9	xw-version-undeclared	false	1115	0	0	0	1115	true	14	3894d04835b5a88fbeab238bcdabb7e5d1aa2b162cf0101420269c088956e30f	0	0	14	14	3894d04835b5a88fbeab238bcdabb7e5d1aa2b162cf0101420269c088956e30f	true	0	0	0	0
2	MRS_Toolchain_MAC_V240/Toolchain/RISC-V Embedded GCC12/riscv-wch-elf/lib/rv32ec/ilp32e/libprintf.a	mrs-2.4-riscv-gcc12	bc00c4be3dc1562932611a60005e8639e4ded58d0679a7f3d82906ffe0b3cf7c	xw-version-undeclared	false	0	0	0	0	0	true	0	e3b0c44298fc1c149afbf4c8996fb92427ae41e4649b934ca495991b7852b855	0	0	0	0	e3b0c44298fc1c149afbf4c8996fb92427ae41e4649b934ca495991b7852b855	true	0	0	0	0
2	MRS_Toolchain_MAC_V240/Toolchain/RISC-V Embedded GCC12/riscv-wch-elf/lib/rv32ec/ilp32e/libprintfloat.a	mrs-2.4-riscv-gcc12	c163dac0d61c66d52e3a543689b5bc044ea4ab840251fd618ba99dfc73068af5	xw-version-undeclared	false	0	0	0	0	0	true	0	e3b0c44298fc1c149afbf4c8996fb92427ae41e4649b934ca495991b7852b855	0	0	0	0	e3b0c44298fc1c149afbf4c8996fb92427ae41e4649b934ca495991b7852b855	true	0	0	0	0
2	MRS_Toolchain_MAC_V240/Toolchain/RISC-V Embedded GCC12/riscv-wch-elf/lib/rv32ec/ilp32e/libshflib.a	mrs-2.4-riscv-gcc12	eaa98b8f1679126e15d23c9ac1f395b14381f659a0e0d4164daa5d269b658f15	xw-version-undeclared	false	0	0	0	0	0	true	0	e3b0c44298fc1c149afbf4c8996fb92427ae41e4649b934ca495991b7852b855	0	0	0	0	e3b0c44298fc1c149afbf4c8996fb92427ae41e4649b934ca495991b7852b855	true	0	0	0	0
2	MRS_Toolchain_MAC_V240/Toolchain/RISC-V Embedded GCC12/riscv-wch-elf/lib/rv32ec/ilp32e/libshlib.a	mrs-2.4-riscv-gcc12	b8a3b54a8695739218668b5a487fa719b5a1083828d0bf091f28b22dbbd5ab4a	xw-version-undeclared	false	0	0	0	0	0	true	0	e3b0c44298fc1c149afbf4c8996fb92427ae41e4649b934ca495991b7852b855	0	0	0	0	e3b0c44298fc1c149afbf4c8996fb92427ae41e4649b934ca495991b7852b855	true	0	0	0	0
2	MRS_Toolchain_MAC_V240/Toolchain/RISC-V Embedded GCC12/riscv-wch-elf/lib/rv32ec_xw/ilp32e/libIQmath_RV32.a	mrs-2.4-riscv-gcc12	937abb985b9dcf4aa2d44903622146de6a4c75e0a1b01c72bb9ec7758e3ec4f4	xw-version-undeclared	false	1126	0	0	11	1115	true	22	38f48fce832d7608632c755012baffad2c64549a1f691417cdd6c46724253e08	0	8	14	22	38f48fce832d7608632c755012baffad2c64549a1f691417cdd6c46724253e08	true	0	11	0	11
2	MRS_Toolchain_MAC_V240/Toolchain/RISC-V Embedded GCC12/riscv-wch-elf/lib/rv32ec_xw/ilp32e/libprintf.a	mrs-2.4-riscv-gcc12	0e2096fa2cadb82b286154416902f48d25e111855309e31e1e2eff7f562fd951	xw-version-undeclared	false	7	0	4	3	0	true	5	29a93f789f32624be2b78ba18b7cda9ed4f624d02927cd82b00791c812062da3	2	3	0	5	29a93f789f32624be2b78ba18b7cda9ed4f624d02927cd82b00791c812062da3	true	4	3	4	3
2	MRS_Toolchain_MAC_V240/Toolchain/RISC-V Embedded GCC12/riscv-wch-elf/lib/rv32ec_xw/ilp32e/libprintfloat.a	mrs-2.4-riscv-gcc12	91043cc2cf897118c784c01e84bc88f3985caf4b1184ff40cc46e11bd8abe3a1	xw-version-undeclared	false	7	0	4	3	0	true	5	29a93f789f32624be2b78ba18b7cda9ed4f624d02927cd82b00791c812062da3	2	3	0	5	29a93f789f32624be2b78ba18b7cda9ed4f624d02927cd82b00791c812062da3	true	4	3	4	3
2	MRS_Toolchain_MAC_V240/Toolchain/RISC-V Embedded GCC12/riscv-wch-elf/lib/rv32ec_xw/ilp32e/libshflib.a	mrs-2.4-riscv-gcc12	2c5d11e5275f50eb32de8122e720b78bb3976fa768c0f6571c0a36db5d7dafe3	xw-version-undeclared	false	7	0	2	5	0	true	6	6ec7910c05c2e6e199566f774fe5c311c23db80af0018e36445bcb083c139642	2	4	0	6	6ec7910c05c2e6e199566f774fe5c311c23db80af0018e36445bcb083c139642	true	2	5	2	5
2	MRS_Toolchain_MAC_V240/Toolchain/RISC-V Embedded GCC12/riscv-wch-elf/lib/rv32ec_xw/ilp32e/libshlib.a	mrs-2.4-riscv-gcc12	faf8a5b888a6ee3f3e0d7d56c475c7b4b7ef97f6a78c84269cfbef640e103f63	xw-version-undeclared	false	7	0	2	5	0	true	6	6ec7910c05c2e6e199566f774fe5c311c23db80af0018e36445bcb083c139642	2	4	0	6	6ec7910c05c2e6e199566f774fe5c311c23db80af0018e36445bcb083c139642	true	2	5	2	5
2	MRS_Toolchain_MAC_V240/Toolchain/RISC-V Embedded GCC12/riscv-wch-elf/lib/rv32ec_zmmul/ilp32e/libIQmath_RV32.a	mrs-2.4-riscv-gcc12	5da756ddc3b30b2875a25a7877e47d47f91a686c1836482cf8eae20a3e05cec8	xw-version-undeclared	true	1034	0	0	0	1034	true	9	7c5a272494631ce9341d8e07fc73db72b6faaa717040120f2f0133ad8330d6b5	0	0	9	9	7c5a272494631ce9341d8e07fc73db72b6faaa717040120f2f0133ad8330d6b5	true	0	0	0	0
2	MRS_Toolchain_MAC_V240/Toolchain/RISC-V Embedded GCC12/riscv-wch-elf/lib/rv32ec_zmmul/ilp32e/libprintf.a	mrs-2.4-riscv-gcc12	5a72c52d3a17750c4d9ab170a2c44b6bd5b17a80870107f277f084f55d0231dc	xw-version-undeclared	true	0	0	0	0	0	true	0	e3b0c44298fc1c149afbf4c8996fb92427ae41e4649b934ca495991b7852b855	0	0	0	0	e3b0c44298fc1c149afbf4c8996fb92427ae41e4649b934ca495991b7852b855	true	0	0	0	0
2	MRS_Toolchain_MAC_V240/Toolchain/RISC-V Embedded GCC12/riscv-wch-elf/lib/rv32ec_zmmul/ilp32e/libprintfloat.a	mrs-2.4-riscv-gcc12	45823bad9d5b4bf00ac088509d241d77ad3544ab487e23e1dbbcbbb89fdb50a2	xw-version-undeclared	true	0	0	0	0	0	true	0	e3b0c44298fc1c149afbf4c8996fb92427ae41e4649b934ca495991b7852b855	0	0	0	0	e3b0c44298fc1c149afbf4c8996fb92427ae41e4649b934ca495991b7852b855	true	0	0	0	0
2	MRS_Toolchain_MAC_V240/Toolchain/RISC-V Embedded GCC12/riscv-wch-elf/lib/rv32ec_zmmul/ilp32e/libshflib.a	mrs-2.4-riscv-gcc12	572b6fe3e29e4b9ee9cabecc9e1fd1a6067928aa16170e91953179ab4d9779bf	xw-version-undeclared	true	0	0	0	0	0	true	0	e3b0c44298fc1c149afbf4c8996fb92427ae41e4649b934ca495991b7852b855	0	0	0	0	e3b0c44298fc1c149afbf4c8996fb92427ae41e4649b934ca495991b7852b855	true	0	0	0	0
2	MRS_Toolchain_MAC_V240/Toolchain/RISC-V Embedded GCC12/riscv-wch-elf/lib/rv32ec_zmmul/ilp32e/libshlib.a	mrs-2.4-riscv-gcc12	1f88b599cb9914d22366bbf98c196ac1ad539327cfaaef3992858c83c627823b	xw-version-undeclared	true	0	0	0	0	0	true	0	e3b0c44298fc1c149afbf4c8996fb92427ae41e4649b934ca495991b7852b855	0	0	0	0	e3b0c44298fc1c149afbf4c8996fb92427ae41e4649b934ca495991b7852b855	true	0	0	0	0
2	MRS_Toolchain_MAC_V240/Toolchain/RISC-V Embedded GCC12/riscv-wch-elf/lib/rv32ec_zmmul_xw/ilp32e/libIQmath_RV32.a	mrs-2.4-riscv-gcc12	881ca4e1c22ac6b147a89ed75fe0c966152dca92d1c105b6b87ea75320e3ea1e	xw2p2	true	1047	0	13	0	1034	true	18	4cac0a1f41a6c54a5b23b6db3427604062684984ed47f6af9e0aeafdebbd17aa	9	0	9	18	4cac0a1f41a6c54a5b23b6db3427604062684984ed47f6af9e0aeafdebbd17aa	true	13	0	13	0
2	MRS_Toolchain_MAC_V240/Toolchain/RISC-V Embedded GCC12/riscv-wch-elf/lib/rv32ec_zmmul_xw/ilp32e/libprintf.a	mrs-2.4-riscv-gcc12	89ba7db7531d2e5af704e79aee4015b96a1617a54725a88632b8c5b2d885de7a	xw2p2	true	4	0	4	0	0	true	3	cc7ae6c3a532ce5d178ad623875bb1981b0bc27a903c2bca19d2a2fc12c9873f	3	0	0	3	cc7ae6c3a532ce5d178ad623875bb1981b0bc27a903c2bca19d2a2fc12c9873f	true	4	0	4	0
2	MRS_Toolchain_MAC_V240/Toolchain/RISC-V Embedded GCC12/riscv-wch-elf/lib/rv32ec_zmmul_xw/ilp32e/libprintfloat.a	mrs-2.4-riscv-gcc12	a1178329ce0f44f4696b23972f837b2f175656429568f4e1fd5d023eff7a8c24	xw2p2	true	4	0	4	0	0	true	3	cc7ae6c3a532ce5d178ad623875bb1981b0bc27a903c2bca19d2a2fc12c9873f	3	0	0	3	cc7ae6c3a532ce5d178ad623875bb1981b0bc27a903c2bca19d2a2fc12c9873f	true	4	0	4	0
2	MRS_Toolchain_MAC_V240/Toolchain/RISC-V Embedded GCC12/riscv-wch-elf/lib/rv32ec_zmmul_xw/ilp32e/libshflib.a	mrs-2.4-riscv-gcc12	bc7c7ecf5b407f560e41abdde3098a64b30979b246559ce4c550d8b219c77bcb	xw2p2	true	7	0	7	0	0	true	6	07318c1603303df17ab484f5e54a863296427dc8b01791af51fc14b50db74c87	6	0	0	6	07318c1603303df17ab484f5e54a863296427dc8b01791af51fc14b50db74c87	true	7	0	7	0
2	MRS_Toolchain_MAC_V240/Toolchain/RISC-V Embedded GCC12/riscv-wch-elf/lib/rv32ec_zmmul_xw/ilp32e/libshlib.a	mrs-2.4-riscv-gcc12	62dcc5a34c5add7b29e53ad3f1bd761388e09b27cb365b74cde8aa09b92b6413	xw2p2	true	7	0	7	0	0	true	6	07318c1603303df17ab484f5e54a863296427dc8b01791af51fc14b50db74c87	6	0	0	6	07318c1603303df17ab484f5e54a863296427dc8b01791af51fc14b50db74c87	true	7	0	7	0
2	MRS_Toolchain_MAC_V240/Toolchain/RISC-V Embedded GCC12/riscv-wch-elf/lib/rv32imac_xw/ilp32/libIQmath_RV32.a	mrs-2.4-riscv-gcc12	470e7734545fe01ac0295284f1a8b76e20631242e4331acedec64c40eadf40cf	xw-version-undeclared	false	870	0	0	10	860	true	17	62091fb617ecc52fc5d88253d987e5f0d88e6d05808e692059d72da664271597	0	8	9	17	62091fb617ecc52fc5d88253d987e5f0d88e6d05808e692059d72da664271597	true	0	10	0	10
2	MRS_Toolchain_MAC_V240/Toolchain/RISC-V Embedded GCC12/riscv-wch-elf/lib/rv32imac_xw/ilp32/libprintf.a	mrs-2.4-riscv-gcc12	509a70c34f40845fc1d8fb9deeea7ca8e546f9bd2f181ad1bdfd6b05428fea84	xw-version-undeclared	false	8	0	5	3	0	true	6	806ff7ad5598c23364f5a192f1b463d054ffaf14e2bb5e8f22e2329d2ee63597	3	3	0	6	806ff7ad5598c23364f5a192f1b463d054ffaf14e2bb5e8f22e2329d2ee63597	true	5	3	5	3
2	MRS_Toolchain_MAC_V240/Toolchain/RISC-V Embedded GCC12/riscv-wch-elf/lib/rv32imac_xw/ilp32/libprintfloat.a	mrs-2.4-riscv-gcc12	6e7414fa6c83da45e3b4f5d0fc8e4fbf0311c4f0beedeeb56a07ff701d6d4041	xw-version-undeclared	false	9	0	6	3	0	true	6	31684a7f3bb57886536edaa7ef28bf26339571b7d80fd2498f2475278833489d	3	3	0	6	31684a7f3bb57886536edaa7ef28bf26339571b7d80fd2498f2475278833489d	true	6	3	6	3
2	MRS_Toolchain_MAC_V240/Toolchain/RISC-V Embedded GCC12/riscv-wch-elf/lib/rv32imac_xw/ilp32/libshflib.a	mrs-2.4-riscv-gcc12	508be181f272a1016fc9d49577f92c87dda35dc5bad1318a3b629145e6b210dc	xw-version-undeclared	false	9	0	4	5	0	true	7	c60e92d12b0d6cc1c427688c10999e1a5bf3d989ae21ff35f0c6848082ca9545	3	4	0	7	c60e92d12b0d6cc1c427688c10999e1a5bf3d989ae21ff35f0c6848082ca9545	true	4	5	4	5
2	MRS_Toolchain_MAC_V240/Toolchain/RISC-V Embedded GCC12/riscv-wch-elf/lib/rv32imac_xw/ilp32/libshlib.a	mrs-2.4-riscv-gcc12	edf3dbfe0b87ecc21fc1837d16d02c2bd61992dd68766ce0567d6b2270e40ade	xw-version-undeclared	false	8	0	3	5	0	true	7	aee5d3a4c1c90b3be1b0a0515d3608e9f25e5b51c0f096d7a373b07d7c39ba00	3	4	0	7	aee5d3a4c1c90b3be1b0a0515d3608e9f25e5b51c0f096d7a373b07d7c39ba00	true	3	5	3	5
2	MRS_Toolchain_MAC_V240/Toolchain/RISC-V Embedded GCC12/riscv-wch-elf/lib/rv32imac_zba_zbb_zbc_zbs/ilp32/libIQmath_RV32.a	mrs-2.4-riscv-gcc12	cb96401493edef19da273a999431339f8a23aefb46c4b51af723281ea4ad3470	xw-version-undeclared	true	1116	0	0	0	1116	true	15	305b761adb92b2724655d4da882c4fdaa55f2a0071cbdab21ec9534318f05102	0	0	15	15	305b761adb92b2724655d4da882c4fdaa55f2a0071cbdab21ec9534318f05102	true	0	0	0	0
2	MRS_Toolchain_MAC_V240/Toolchain/RISC-V Embedded GCC12/riscv-wch-elf/lib/rv32imac_zba_zbb_zbc_zbs/ilp32/libprintf.a	mrs-2.4-riscv-gcc12	3c5a7c94334230905f944437c198ab0988cd389f8067f09f8f52750707b2d371	xw-version-undeclared	true	1	0	0	0	1	true	1	63e9344b37052a7019c1f9d217f5c571a638d8b6ad6755508f625072a1e48153	0	0	1	1	63e9344b37052a7019c1f9d217f5c571a638d8b6ad6755508f625072a1e48153	true	0	0	0	0
2	MRS_Toolchain_MAC_V240/Toolchain/RISC-V Embedded GCC12/riscv-wch-elf/lib/rv32imac_zba_zbb_zbc_zbs/ilp32/libprintfloat.a	mrs-2.4-riscv-gcc12	929e57b84a207eb1f8debd3c5a4588e1314a907087623891c7ebb53be93d9388	xw-version-undeclared	true	1	0	0	0	1	true	1	63e9344b37052a7019c1f9d217f5c571a638d8b6ad6755508f625072a1e48153	0	0	1	1	63e9344b37052a7019c1f9d217f5c571a638d8b6ad6755508f625072a1e48153	true	0	0	0	0
2	MRS_Toolchain_MAC_V240/Toolchain/RISC-V Embedded GCC12/riscv-wch-elf/lib/rv32imac_zba_zbb_zbc_zbs/ilp32/libshflib.a	mrs-2.4-riscv-gcc12	44204c0f90a99a1804cfe938d19333d89a50837a9429eb79f85edef046d4fcd1	xw-version-undeclared	true	1	0	0	0	1	true	1	878db9fc421cb86f493f3951f922440299ea5480bae3453569546fe58e3f8edc	0	0	1	1	878db9fc421cb86f493f3951f922440299ea5480bae3453569546fe58e3f8edc	true	0	0	0	0
2	MRS_Toolchain_MAC_V240/Toolchain/RISC-V Embedded GCC12/riscv-wch-elf/lib/rv32imac_zba_zbb_zbc_zbs/ilp32/libshlib.a	mrs-2.4-riscv-gcc12	45b3c18050abc30c71ab4c6172e9a2010f2412e2240f6c3aafe35525a28c1446	xw-version-undeclared	true	1	0	0	0	1	true	1	878db9fc421cb86f493f3951f922440299ea5480bae3453569546fe58e3f8edc	0	0	1	1	878db9fc421cb86f493f3951f922440299ea5480bae3453569546fe58e3f8edc	true	0	0	0	0
2	MRS_Toolchain_MAC_V240/Toolchain/RISC-V Embedded GCC12/riscv-wch-elf/lib/rv32imac_zba_zbb_zbc_zbs_xw/ilp32/libIQmath_RV32.a	mrs-2.4-riscv-gcc12	34f1d4c2084ff5727f7b4592de392776cb24f510b5dbdd172f8193c0a538dc76	xw2p2	true	1124	0	8	0	1116	true	20	b43dc4f5c7f010422eec391f4cdc66700540efa43c4afa41af98815995aee53b	5	0	15	20	b43dc4f5c7f010422eec391f4cdc66700540efa43c4afa41af98815995aee53b	true	8	0	8	0
2	MRS_Toolchain_MAC_V240/Toolchain/RISC-V Embedded GCC12/riscv-wch-elf/lib/rv32imac_zba_zbb_zbc_zbs_xw/ilp32/libprintf.a	mrs-2.4-riscv-gcc12	c9b7272513eadc4bb74b379d0ce39a4218047a96ecae31b53edf3147c1cb303e	xw2p2	true	6	0	5	0	1	true	5	1e15f196ebfeabe0241634a31bc205e509fa81c0bd22188f01e4026e3dbf9dfc	4	0	1	5	1e15f196ebfeabe0241634a31bc205e509fa81c0bd22188f01e4026e3dbf9dfc	true	5	0	5	0
2	MRS_Toolchain_MAC_V240/Toolchain/RISC-V Embedded GCC12/riscv-wch-elf/lib/rv32imac_zba_zbb_zbc_zbs_xw/ilp32/libprintfloat.a	mrs-2.4-riscv-gcc12	105c306a2bde1a1e5fe5d19619af895f8dfd5bd4d59163500b14e7d3df11ca0e	xw2p2	true	7	0	6	0	1	true	4	7a37d26a3578c8190d5d65b0f9245d9ab467f55d3c073397dc984e993bd6b899	3	0	1	4	7a37d26a3578c8190d5d65b0f9245d9ab467f55d3c073397dc984e993bd6b899	true	6	0	6	0
2	MRS_Toolchain_MAC_V240/Toolchain/RISC-V Embedded GCC12/riscv-wch-elf/lib/rv32imac_zba_zbb_zbc_zbs_xw/ilp32/libshflib.a	mrs-2.4-riscv-gcc12	f3d4e59fd684e00d357fef3a0e720cc3332cf6cd7596a98f8b468a8a8e43c3a1	xw2p2	true	7	0	6	0	1	true	5	d526fb266a22084275f398163494b3228289c5ce53a69588633cf5d0645a8bc6	4	0	1	5	d526fb266a22084275f398163494b3228289c5ce53a69588633cf5d0645a8bc6	true	6	0	6	0
2	MRS_Toolchain_MAC_V240/Toolchain/RISC-V Embedded GCC12/riscv-wch-elf/lib/rv32imac_zba_zbb_zbc_zbs_xw/ilp32/libshlib.a	mrs-2.4-riscv-gcc12	ee0cf3cb93e2aa698d8b28ef79dbdc5b48f7c39c9cc8fe69959f85a277131ff5	xw2p2	true	6	0	5	0	1	true	6	b34c769dd38178686c55765d27fe7af82f86c31f275bc7ed442064ebd810f269	5	0	1	6	b34c769dd38178686c55765d27fe7af82f86c31f275bc7ed442064ebd810f269	true	5	0	5	0
2	MRS_Toolchain_MAC_V240/Toolchain/RISC-V Embedded GCC12/riscv-wch-elf/lib/rv32imafc/ilp32f/libprintf.a	mrs-2.4-riscv-gcc12	e4d37be39bab7ee5eb9bc376826238fb809ecd706d8d6d410d0ab9d84a88543f	xw-version-undeclared	false	0	0	0	0	0	true	0	e3b0c44298fc1c149afbf4c8996fb92427ae41e4649b934ca495991b7852b855	0	0	0	0	e3b0c44298fc1c149afbf4c8996fb92427ae41e4649b934ca495991b7852b855	true	0	0	0	0
2	MRS_Toolchain_MAC_V240/Toolchain/RISC-V Embedded GCC12/riscv-wch-elf/lib/rv32imafc/ilp32f/libprintfloat.a	mrs-2.4-riscv-gcc12	68b268c84319c746530e60c31a9ea630dbcd85a1ab7f120a978d0f5b7578742b	xw-version-undeclared	false	0	0	0	0	0	true	0	e3b0c44298fc1c149afbf4c8996fb92427ae41e4649b934ca495991b7852b855	0	0	0	0	e3b0c44298fc1c149afbf4c8996fb92427ae41e4649b934ca495991b7852b855	true	0	0	0	0
2	MRS_Toolchain_MAC_V240/Toolchain/RISC-V Embedded GCC12/riscv-wch-elf/lib/rv32imafc/ilp32f/libshflib.a	mrs-2.4-riscv-gcc12	245f9f62618ac19121885e7e8a1c0ffa51f240b0131ae42476987d499223a94c	xw-version-undeclared	false	0	0	0	0	0	true	0	e3b0c44298fc1c149afbf4c8996fb92427ae41e4649b934ca495991b7852b855	0	0	0	0	e3b0c44298fc1c149afbf4c8996fb92427ae41e4649b934ca495991b7852b855	true	0	0	0	0
2	MRS_Toolchain_MAC_V240/Toolchain/RISC-V Embedded GCC12/riscv-wch-elf/lib/rv32imafc/ilp32f/libshlib.a	mrs-2.4-riscv-gcc12	e10031dcaab69e7dd785c37abfc411cbf9b0ed3faf812d39f144dfe0e2c1250c	xw-version-undeclared	false	0	0	0	0	0	true	0	e3b0c44298fc1c149afbf4c8996fb92427ae41e4649b934ca495991b7852b855	0	0	0	0	e3b0c44298fc1c149afbf4c8996fb92427ae41e4649b934ca495991b7852b855	true	0	0	0	0
2	MRS_Toolchain_MAC_V240/Toolchain/RISC-V Embedded GCC12/riscv-wch-elf/lib/rv32imafc_xw/ilp32f/libprintf.a	mrs-2.4-riscv-gcc12	d7ae4fa539b44b09a5bce4d3264e2c129edbba50fefa0df6c2ac4c8f86ef04f0	xw-version-undeclared	false	8	0	5	3	0	true	6	806ff7ad5598c23364f5a192f1b463d054ffaf14e2bb5e8f22e2329d2ee63597	3	3	0	6	806ff7ad5598c23364f5a192f1b463d054ffaf14e2bb5e8f22e2329d2ee63597	true	5	3	5	3
2	MRS_Toolchain_MAC_V240/Toolchain/RISC-V Embedded GCC12/riscv-wch-elf/lib/rv32imafc_xw/ilp32f/libprintfloat.a	mrs-2.4-riscv-gcc12	aff70eb890fc78be0b82a498200924fb6b8e88b73c6e92e0eda9047582854f75	xw-version-undeclared	false	9	0	6	3	0	true	6	31684a7f3bb57886536edaa7ef28bf26339571b7d80fd2498f2475278833489d	3	3	0	6	31684a7f3bb57886536edaa7ef28bf26339571b7d80fd2498f2475278833489d	true	6	3	6	3
2	MRS_Toolchain_MAC_V240/Toolchain/RISC-V Embedded GCC12/riscv-wch-elf/lib/rv32imafc_xw/ilp32f/libshflib.a	mrs-2.4-riscv-gcc12	22278d17da27a6d33a25986b618b2135340250a26e4f828ee7b99ff7bdff5653	xw-version-undeclared	false	9	0	4	5	0	true	7	c60e92d12b0d6cc1c427688c10999e1a5bf3d989ae21ff35f0c6848082ca9545	3	4	0	7	c60e92d12b0d6cc1c427688c10999e1a5bf3d989ae21ff35f0c6848082ca9545	true	4	5	4	5
2	MRS_Toolchain_MAC_V240/Toolchain/RISC-V Embedded GCC12/riscv-wch-elf/lib/rv32imafc_xw/ilp32f/libshlib.a	mrs-2.4-riscv-gcc12	4f6f70f63f736096f7e56d406baa914d5cd39f0f26867858e872b8d88d9f0a56	xw-version-undeclared	false	8	0	3	5	0	true	7	aee5d3a4c1c90b3be1b0a0515d3608e9f25e5b51c0f096d7a373b07d7c39ba00	3	4	0	7	aee5d3a4c1c90b3be1b0a0515d3608e9f25e5b51c0f096d7a373b07d7c39ba00	true	3	5	3	5
2	MRS_Toolchain_MAC_V240/Toolchain/RISC-V Embedded GCC12/riscv-wch-elf/lib/rv32imafc_zba_zbb_zbc_zbs/ilp32f/libprintf.a	mrs-2.4-riscv-gcc12	6283186f34b0ba626f3bf590a35ab2ef844e90c4ecf2da529e07be43c63c80be	xw-version-undeclared	true	1	0	0	0	1	true	1	63e9344b37052a7019c1f9d217f5c571a638d8b6ad6755508f625072a1e48153	0	0	1	1	63e9344b37052a7019c1f9d217f5c571a638d8b6ad6755508f625072a1e48153	true	0	0	0	0
2	MRS_Toolchain_MAC_V240/Toolchain/RISC-V Embedded GCC12/riscv-wch-elf/lib/rv32imafc_zba_zbb_zbc_zbs/ilp32f/libprintfloat.a	mrs-2.4-riscv-gcc12	778e52cfb23bfb1dfc4313555ea14d5549805316ac4056b623e02d0fc9be88f1	xw-version-undeclared	true	1	0	0	0	1	true	1	63e9344b37052a7019c1f9d217f5c571a638d8b6ad6755508f625072a1e48153	0	0	1	1	63e9344b37052a7019c1f9d217f5c571a638d8b6ad6755508f625072a1e48153	true	0	0	0	0
2	MRS_Toolchain_MAC_V240/Toolchain/RISC-V Embedded GCC12/riscv-wch-elf/lib/rv32imafc_zba_zbb_zbc_zbs/ilp32f/libshflib.a	mrs-2.4-riscv-gcc12	4a98453582cf85230091748d4065495e86483a2c7831d803f355d878bcb48dde	xw-version-undeclared	true	1	0	0	0	1	true	1	878db9fc421cb86f493f3951f922440299ea5480bae3453569546fe58e3f8edc	0	0	1	1	878db9fc421cb86f493f3951f922440299ea5480bae3453569546fe58e3f8edc	true	0	0	0	0
2	MRS_Toolchain_MAC_V240/Toolchain/RISC-V Embedded GCC12/riscv-wch-elf/lib/rv32imafc_zba_zbb_zbc_zbs/ilp32f/libshlib.a	mrs-2.4-riscv-gcc12	80ed363582c4fefc55cacb14fd8bfcde86018cd21bcceb1d84ace15259066ce4	xw-version-undeclared	true	1	0	0	0	1	true	1	878db9fc421cb86f493f3951f922440299ea5480bae3453569546fe58e3f8edc	0	0	1	1	878db9fc421cb86f493f3951f922440299ea5480bae3453569546fe58e3f8edc	true	0	0	0	0
2	MRS_Toolchain_MAC_V240/Toolchain/RISC-V Embedded GCC12/riscv-wch-elf/lib/rv32imafc_zba_zbb_zbc_zbs_xw/ilp32f/libprintf.a	mrs-2.4-riscv-gcc12	d9213c09bfd25d1c43cabae05b83cabc7d47204409e74000cfb75896efa4fe29	xw2p2	true	6	0	5	0	1	true	5	1e15f196ebfeabe0241634a31bc205e509fa81c0bd22188f01e4026e3dbf9dfc	4	0	1	5	1e15f196ebfeabe0241634a31bc205e509fa81c0bd22188f01e4026e3dbf9dfc	true	5	0	5	0
2	MRS_Toolchain_MAC_V240/Toolchain/RISC-V Embedded GCC12/riscv-wch-elf/lib/rv32imafc_zba_zbb_zbc_zbs_xw/ilp32f/libprintfloat.a	mrs-2.4-riscv-gcc12	11673c81e051ae4f49234c2e9ced26fce3a8cdc8b5a1cc650455c443aee8ac75	xw2p2	true	7	0	6	0	1	true	4	7a37d26a3578c8190d5d65b0f9245d9ab467f55d3c073397dc984e993bd6b899	3	0	1	4	7a37d26a3578c8190d5d65b0f9245d9ab467f55d3c073397dc984e993bd6b899	true	6	0	6	0
2	MRS_Toolchain_MAC_V240/Toolchain/RISC-V Embedded GCC12/riscv-wch-elf/lib/rv32imafc_zba_zbb_zbc_zbs_xw/ilp32f/libshflib.a	mrs-2.4-riscv-gcc12	73bc78ffe027baf1f8fc1fb1d164b20c2f003a0df190ddbb744c9efdf9695980	xw2p2	true	7	0	6	0	1	true	5	d526fb266a22084275f398163494b3228289c5ce53a69588633cf5d0645a8bc6	4	0	1	5	d526fb266a22084275f398163494b3228289c5ce53a69588633cf5d0645a8bc6	true	6	0	6	0
2	MRS_Toolchain_MAC_V240/Toolchain/RISC-V Embedded GCC12/riscv-wch-elf/lib/rv32imafc_zba_zbb_zbc_zbs_xw/ilp32f/libshlib.a	mrs-2.4-riscv-gcc12	13590f485903d5fa2a1a3079a5a78824b2d0aaf4af471efcd78ff60bf156f42e	xw2p2	true	6	0	5	0	1	true	6	b34c769dd38178686c55765d27fe7af82f86c31f275bc7ed442064ebd810f269	5	0	1	6	b34c769dd38178686c55765d27fe7af82f86c31f275bc7ed442064ebd810f269	true	5	0	5	0
2	MRS_Toolchain_MAC_V240/Toolchain/RISC-V Embedded GCC12/riscv-wch-elf/lib/rv32imc_zba_zbb_zbc_zbs/ilp32/libIQmath_RV32.a	mrs-2.4-riscv-gcc12	cb96401493edef19da273a999431339f8a23aefb46c4b51af723281ea4ad3470	xw-version-undeclared	true	1116	0	0	0	1116	true	15	305b761adb92b2724655d4da882c4fdaa55f2a0071cbdab21ec9534318f05102	0	0	15	15	305b761adb92b2724655d4da882c4fdaa55f2a0071cbdab21ec9534318f05102	true	0	0	0	0
2	MRS_Toolchain_MAC_V240/Toolchain/RISC-V Embedded GCC12/riscv-wch-elf/lib/rv32imc_zba_zbb_zbc_zbs/ilp32/libprintf.a	mrs-2.4-riscv-gcc12	ad2c8b4208d71e81f612c988a77ba3ec8108bd0d9d8bd63e7ba128492310e8ac	xw-version-undeclared	true	1	0	0	0	1	true	1	63e9344b37052a7019c1f9d217f5c571a638d8b6ad6755508f625072a1e48153	0	0	1	1	63e9344b37052a7019c1f9d217f5c571a638d8b6ad6755508f625072a1e48153	true	0	0	0	0
2	MRS_Toolchain_MAC_V240/Toolchain/RISC-V Embedded GCC12/riscv-wch-elf/lib/rv32imc_zba_zbb_zbc_zbs/ilp32/libprintfloat.a	mrs-2.4-riscv-gcc12	3e8c5b022e1b76d449131397de2260f73c24837564971a5295c9b9deb9b84c47	xw2p2	true	7	0	6	0	1	true	4	7a37d26a3578c8190d5d65b0f9245d9ab467f55d3c073397dc984e993bd6b899	3	0	1	4	7a37d26a3578c8190d5d65b0f9245d9ab467f55d3c073397dc984e993bd6b899	true	6	0	6	0
2	MRS_Toolchain_MAC_V240/Toolchain/RISC-V Embedded GCC12/riscv-wch-elf/lib/rv32imc_zba_zbb_zbc_zbs/ilp32/libshflib.a	mrs-2.4-riscv-gcc12	cf543505c146ae4294205e201acf0d6ab7e7f9d11edf88fdf9e024f6c4a1c881	xw-version-undeclared	true	1	0	0	0	1	true	1	878db9fc421cb86f493f3951f922440299ea5480bae3453569546fe58e3f8edc	0	0	1	1	878db9fc421cb86f493f3951f922440299ea5480bae3453569546fe58e3f8edc	true	0	0	0	0
2	MRS_Toolchain_MAC_V240/Toolchain/RISC-V Embedded GCC12/riscv-wch-elf/lib/rv32imc_zba_zbb_zbc_zbs/ilp32/libshlib.a	mrs-2.4-riscv-gcc12	b2f7887352b73ef5524d63a8013bc8291eb784ad32bc8abc910fb700b7c4fab9	xw-version-undeclared	true	1	0	0	0	1	true	1	878db9fc421cb86f493f3951f922440299ea5480bae3453569546fe58e3f8edc	0	0	1	1	878db9fc421cb86f493f3951f922440299ea5480bae3453569546fe58e3f8edc	true	0	0	0	0
2	MRS_Toolchain_MAC_V240/Toolchain/RISC-V Embedded GCC12/riscv-wch-elf/lib/rv32imc_zba_zbb_zbc_zbs_xw/ilp32/libIQmath_RV32.a	mrs-2.4-riscv-gcc12	34f1d4c2084ff5727f7b4592de392776cb24f510b5dbdd172f8193c0a538dc76	xw2p2	true	1124	0	8	0	1116	true	20	b43dc4f5c7f010422eec391f4cdc66700540efa43c4afa41af98815995aee53b	5	0	15	20	b43dc4f5c7f010422eec391f4cdc66700540efa43c4afa41af98815995aee53b	true	8	0	8	0
2	MRS_Toolchain_MAC_V240/Toolchain/RISC-V Embedded GCC12/riscv-wch-elf/lib/rv32imc_zba_zbb_zbc_zbs_xw/ilp32/libprintf.a	mrs-2.4-riscv-gcc12	bfc27fb7a9875d90d3db65e9e750b81889de6bc185142c89ffcbe3e3e5664b32	xw2p2	true	6	0	5	0	1	true	5	1e15f196ebfeabe0241634a31bc205e509fa81c0bd22188f01e4026e3dbf9dfc	4	0	1	5	1e15f196ebfeabe0241634a31bc205e509fa81c0bd22188f01e4026e3dbf9dfc	true	5	0	5	0
2	MRS_Toolchain_MAC_V240/Toolchain/RISC-V Embedded GCC12/riscv-wch-elf/lib/rv32imc_zba_zbb_zbc_zbs_xw/ilp32/libprintfloat.a	mrs-2.4-riscv-gcc12	d00472e408b2f80b44c1e50a681a980d5a60f4e340bcdede12f474567d55359b	xw2p2	true	7	0	6	0	1	true	4	7a37d26a3578c8190d5d65b0f9245d9ab467f55d3c073397dc984e993bd6b899	3	0	1	4	7a37d26a3578c8190d5d65b0f9245d9ab467f55d3c073397dc984e993bd6b899	true	6	0	6	0
2	MRS_Toolchain_MAC_V240/Toolchain/RISC-V Embedded GCC12/riscv-wch-elf/lib/rv32imc_zba_zbb_zbc_zbs_xw/ilp32/libshflib.a	mrs-2.4-riscv-gcc12	59cb0bfadfbacf194c33706686e1da3fe3039c9f6ff1ec9e3ac5600b8b40bd5e	xw2p2	true	7	0	6	0	1	true	5	d526fb266a22084275f398163494b3228289c5ce53a69588633cf5d0645a8bc6	4	0	1	5	d526fb266a22084275f398163494b3228289c5ce53a69588633cf5d0645a8bc6	true	6	0	6	0
2	MRS_Toolchain_MAC_V240/Toolchain/RISC-V Embedded GCC12/riscv-wch-elf/lib/rv32imc_zba_zbb_zbc_zbs_xw/ilp32/libshlib.a	mrs-2.4-riscv-gcc12	70e9fccfbe6b7e4da7cf22aa320a017da1258bb067bf61d961537ca97192444e	xw2p2	true	6	0	5	0	1	true	6	b34c769dd38178686c55765d27fe7af82f86c31f275bc7ed442064ebd810f269	5	0	1	6	b34c769dd38178686c55765d27fe7af82f86c31f275bc7ed442064ebd810f269	true	5	0	5	0
2	MRS_Toolchain_MAC_V240/Toolchain/RISC-V Embedded GCC15/riscv32-wch-elf/lib/rv32ec/ilp32e/libIQmath_RV32.a	mrs-2.4-riscv-gcc15	d2715b286a4f0e8119698735fb2c86209b169c716be9702a7a0040b241655be9	xw-version-undeclared	false	1115	0	0	0	1115	true	14	3894d04835b5a88fbeab238bcdabb7e5d1aa2b162cf0101420269c088956e30f	0	0	14	14	3894d04835b5a88fbeab238bcdabb7e5d1aa2b162cf0101420269c088956e30f	true	0	0	0	0
2	MRS_Toolchain_MAC_V240/Toolchain/RISC-V Embedded GCC15/riscv32-wch-elf/lib/rv32ec/ilp32e/libprintf.a	mrs-2.4-riscv-gcc15	0d693f8e5997c5dd75dcd50b95e6237e5f529907cbf5bbede00d3d633ed0696a	xw-version-undeclared	false	0	0	0	0	0	true	0	e3b0c44298fc1c149afbf4c8996fb92427ae41e4649b934ca495991b7852b855	0	0	0	0	e3b0c44298fc1c149afbf4c8996fb92427ae41e4649b934ca495991b7852b855	true	0	0	0	0
2	MRS_Toolchain_MAC_V240/Toolchain/RISC-V Embedded GCC15/riscv32-wch-elf/lib/rv32ec/ilp32e/libprintfloat.a	mrs-2.4-riscv-gcc15	54ebf2bb989512e4dadd5af7c6263f800d463226095697141d4b3f872705b7e8	xw-version-undeclared	false	0	0	0	0	0	true	0	e3b0c44298fc1c149afbf4c8996fb92427ae41e4649b934ca495991b7852b855	0	0	0	0	e3b0c44298fc1c149afbf4c8996fb92427ae41e4649b934ca495991b7852b855	true	0	0	0	0
2	MRS_Toolchain_MAC_V240/Toolchain/RISC-V Embedded GCC15/riscv32-wch-elf/lib/rv32ec/ilp32e/libshflib.a	mrs-2.4-riscv-gcc15	eaa98b8f1679126e15d23c9ac1f395b14381f659a0e0d4164daa5d269b658f15	xw-version-undeclared	false	0	0	0	0	0	true	0	e3b0c44298fc1c149afbf4c8996fb92427ae41e4649b934ca495991b7852b855	0	0	0	0	e3b0c44298fc1c149afbf4c8996fb92427ae41e4649b934ca495991b7852b855	true	0	0	0	0
2	MRS_Toolchain_MAC_V240/Toolchain/RISC-V Embedded GCC15/riscv32-wch-elf/lib/rv32ec/ilp32e/libshlib.a	mrs-2.4-riscv-gcc15	b8a3b54a8695739218668b5a487fa719b5a1083828d0bf091f28b22dbbd5ab4a	xw-version-undeclared	false	0	0	0	0	0	true	0	e3b0c44298fc1c149afbf4c8996fb92427ae41e4649b934ca495991b7852b855	0	0	0	0	e3b0c44298fc1c149afbf4c8996fb92427ae41e4649b934ca495991b7852b855	true	0	0	0	0
2	MRS_Toolchain_MAC_V240/Toolchain/RISC-V Embedded GCC15/riscv32-wch-elf/lib/rv32ec_xw/ilp32e/libIQmath_RV32.a	mrs-2.4-riscv-gcc15	937abb985b9dcf4aa2d44903622146de6a4c75e0a1b01c72bb9ec7758e3ec4f4	xw-version-undeclared	false	1126	0	0	11	1115	true	22	38f48fce832d7608632c755012baffad2c64549a1f691417cdd6c46724253e08	0	8	14	22	38f48fce832d7608632c755012baffad2c64549a1f691417cdd6c46724253e08	true	0	11	0	11
2	MRS_Toolchain_MAC_V240/Toolchain/RISC-V Embedded GCC15/riscv32-wch-elf/lib/rv32ec_xw/ilp32e/libprintf.a	mrs-2.4-riscv-gcc15	add26e9cb0fdb84abba080fc685510cccb60b2d1c121c43f74aecee3d2759e50	xw-version-undeclared	false	7	0	4	3	0	true	5	29a93f789f32624be2b78ba18b7cda9ed4f624d02927cd82b00791c812062da3	2	3	0	5	29a93f789f32624be2b78ba18b7cda9ed4f624d02927cd82b00791c812062da3	true	4	3	4	3
2	MRS_Toolchain_MAC_V240/Toolchain/RISC-V Embedded GCC15/riscv32-wch-elf/lib/rv32ec_xw/ilp32e/libprintfloat.a	mrs-2.4-riscv-gcc15	505c345a8b95d52b5b53c10e989291d603fccc33d0ad886615b7739f6cfbf458	xw-version-undeclared	false	7	0	4	3	0	true	5	29a93f789f32624be2b78ba18b7cda9ed4f624d02927cd82b00791c812062da3	2	3	0	5	29a93f789f32624be2b78ba18b7cda9ed4f624d02927cd82b00791c812062da3	true	4	3	4	3
2	MRS_Toolchain_MAC_V240/Toolchain/RISC-V Embedded GCC15/riscv32-wch-elf/lib/rv32ec_xw/ilp32e/libshflib.a	mrs-2.4-riscv-gcc15	2c5d11e5275f50eb32de8122e720b78bb3976fa768c0f6571c0a36db5d7dafe3	xw-version-undeclared	false	7	0	2	5	0	true	6	6ec7910c05c2e6e199566f774fe5c311c23db80af0018e36445bcb083c139642	2	4	0	6	6ec7910c05c2e6e199566f774fe5c311c23db80af0018e36445bcb083c139642	true	2	5	2	5
2	MRS_Toolchain_MAC_V240/Toolchain/RISC-V Embedded GCC15/riscv32-wch-elf/lib/rv32ec_xw/ilp32e/libshlib.a	mrs-2.4-riscv-gcc15	faf8a5b888a6ee3f3e0d7d56c475c7b4b7ef97f6a78c84269cfbef640e103f63	xw-version-undeclared	false	7	0	2	5	0	true	6	6ec7910c05c2e6e199566f774fe5c311c23db80af0018e36445bcb083c139642	2	4	0	6	6ec7910c05c2e6e199566f774fe5c311c23db80af0018e36445bcb083c139642	true	2	5	2	5
2	MRS_Toolchain_MAC_V240/Toolchain/RISC-V Embedded GCC15/riscv32-wch-elf/lib/rv32ec_zmmul/ilp32e/libIQmath_RV32.a	mrs-2.4-riscv-gcc15	5da756ddc3b30b2875a25a7877e47d47f91a686c1836482cf8eae20a3e05cec8	xw-version-undeclared	true	1034	0	0	0	1034	true	9	7c5a272494631ce9341d8e07fc73db72b6faaa717040120f2f0133ad8330d6b5	0	0	9	9	7c5a272494631ce9341d8e07fc73db72b6faaa717040120f2f0133ad8330d6b5	true	0	0	0	0
2	MRS_Toolchain_MAC_V240/Toolchain/RISC-V Embedded GCC15/riscv32-wch-elf/lib/rv32ec_zmmul/ilp32e/libprintf.a	mrs-2.4-riscv-gcc15	4f55b0cf67065a27bded41ef7fc9425b3246df057892cf6a8b3a974d6c7d119d	xw-version-undeclared	true	0	0	0	0	0	true	0	e3b0c44298fc1c149afbf4c8996fb92427ae41e4649b934ca495991b7852b855	0	0	0	0	e3b0c44298fc1c149afbf4c8996fb92427ae41e4649b934ca495991b7852b855	true	0	0	0	0
2	MRS_Toolchain_MAC_V240/Toolchain/RISC-V Embedded GCC15/riscv32-wch-elf/lib/rv32ec_zmmul/ilp32e/libprintfloat.a	mrs-2.4-riscv-gcc15	c5d87a19f282b0a4170ba0d1173d7df60ddc3a2ad7916c8921c5a4b54d191cec	xw-version-undeclared	true	0	0	0	0	0	true	0	e3b0c44298fc1c149afbf4c8996fb92427ae41e4649b934ca495991b7852b855	0	0	0	0	e3b0c44298fc1c149afbf4c8996fb92427ae41e4649b934ca495991b7852b855	true	0	0	0	0
2	MRS_Toolchain_MAC_V240/Toolchain/RISC-V Embedded GCC15/riscv32-wch-elf/lib/rv32ec_zmmul/ilp32e/libshflib.a	mrs-2.4-riscv-gcc15	572b6fe3e29e4b9ee9cabecc9e1fd1a6067928aa16170e91953179ab4d9779bf	xw-version-undeclared	true	0	0	0	0	0	true	0	e3b0c44298fc1c149afbf4c8996fb92427ae41e4649b934ca495991b7852b855	0	0	0	0	e3b0c44298fc1c149afbf4c8996fb92427ae41e4649b934ca495991b7852b855	true	0	0	0	0
2	MRS_Toolchain_MAC_V240/Toolchain/RISC-V Embedded GCC15/riscv32-wch-elf/lib/rv32ec_zmmul/ilp32e/libshlib.a	mrs-2.4-riscv-gcc15	1f88b599cb9914d22366bbf98c196ac1ad539327cfaaef3992858c83c627823b	xw-version-undeclared	true	0	0	0	0	0	true	0	e3b0c44298fc1c149afbf4c8996fb92427ae41e4649b934ca495991b7852b855	0	0	0	0	e3b0c44298fc1c149afbf4c8996fb92427ae41e4649b934ca495991b7852b855	true	0	0	0	0
2	MRS_Toolchain_MAC_V240/Toolchain/RISC-V Embedded GCC15/riscv32-wch-elf/lib/rv32ec_zmmul_xw/ilp32e/libIQmath_RV32.a	mrs-2.4-riscv-gcc15	881ca4e1c22ac6b147a89ed75fe0c966152dca92d1c105b6b87ea75320e3ea1e	xw2p2	true	1047	0	13	0	1034	true	18	4cac0a1f41a6c54a5b23b6db3427604062684984ed47f6af9e0aeafdebbd17aa	9	0	9	18	4cac0a1f41a6c54a5b23b6db3427604062684984ed47f6af9e0aeafdebbd17aa	true	13	0	13	0
2	MRS_Toolchain_MAC_V240/Toolchain/RISC-V Embedded GCC15/riscv32-wch-elf/lib/rv32ec_zmmul_xw/ilp32e/libprintf.a	mrs-2.4-riscv-gcc15	8d6b6f47a9b3bd48967838c8775193489185ea5e745c75835199d769cf6b79c8	xw2p2	true	4	0	4	0	0	true	3	cc7ae6c3a532ce5d178ad623875bb1981b0bc27a903c2bca19d2a2fc12c9873f	3	0	0	3	cc7ae6c3a532ce5d178ad623875bb1981b0bc27a903c2bca19d2a2fc12c9873f	true	4	0	4	0
2	MRS_Toolchain_MAC_V240/Toolchain/RISC-V Embedded GCC15/riscv32-wch-elf/lib/rv32ec_zmmul_xw/ilp32e/libprintfloat.a	mrs-2.4-riscv-gcc15	b92f978b5813253f10b1222f12b4281d48025a05a0f33e1db9a149a9694b3108	xw2p2	true	4	0	4	0	0	true	3	cc7ae6c3a532ce5d178ad623875bb1981b0bc27a903c2bca19d2a2fc12c9873f	3	0	0	3	cc7ae6c3a532ce5d178ad623875bb1981b0bc27a903c2bca19d2a2fc12c9873f	true	4	0	4	0
2	MRS_Toolchain_MAC_V240/Toolchain/RISC-V Embedded GCC15/riscv32-wch-elf/lib/rv32ec_zmmul_xw/ilp32e/libshflib.a	mrs-2.4-riscv-gcc15	bc7c7ecf5b407f560e41abdde3098a64b30979b246559ce4c550d8b219c77bcb	xw2p2	true	7	0	7	0	0	true	6	07318c1603303df17ab484f5e54a863296427dc8b01791af51fc14b50db74c87	6	0	0	6	07318c1603303df17ab484f5e54a863296427dc8b01791af51fc14b50db74c87	true	7	0	7	0
2	MRS_Toolchain_MAC_V240/Toolchain/RISC-V Embedded GCC15/riscv32-wch-elf/lib/rv32ec_zmmul_xw/ilp32e/libshlib.a	mrs-2.4-riscv-gcc15	62dcc5a34c5add7b29e53ad3f1bd761388e09b27cb365b74cde8aa09b92b6413	xw2p2	true	7	0	7	0	0	true	6	07318c1603303df17ab484f5e54a863296427dc8b01791af51fc14b50db74c87	6	0	0	6	07318c1603303df17ab484f5e54a863296427dc8b01791af51fc14b50db74c87	true	7	0	7	0
2	MRS_Toolchain_MAC_V240/Toolchain/RISC-V Embedded GCC15/riscv32-wch-elf/lib/rv32imac_zaamo_zalrsc/ilp32/libIQmath_RV32.a	mrs-2.4-riscv-gcc15	73d32a3d7216ae88df457bcbdf76f54fff2bf5fa7dbb16d5a0b6bcede04b78bb	xw-version-undeclared	false	860	0	0	0	860	true	9	bc0ffe3c2072f991a32665f89d845b438dda60c4c4ddfea30702e60721ac6e55	0	0	9	9	bc0ffe3c2072f991a32665f89d845b438dda60c4c4ddfea30702e60721ac6e55	true	0	0	0	0
2	MRS_Toolchain_MAC_V240/Toolchain/RISC-V Embedded GCC15/riscv32-wch-elf/lib/rv32imac_zaamo_zalrsc/ilp32/libprintf.a	mrs-2.4-riscv-gcc15	0415c4c20001668f642a7686147cea8f98f5a7e4d2c34118d02d619cde21291d	xw-version-undeclared	true	0	0	0	0	0	true	0	e3b0c44298fc1c149afbf4c8996fb92427ae41e4649b934ca495991b7852b855	0	0	0	0	e3b0c44298fc1c149afbf4c8996fb92427ae41e4649b934ca495991b7852b855	true	0	0	0	0
2	MRS_Toolchain_MAC_V240/Toolchain/RISC-V Embedded GCC15/riscv32-wch-elf/lib/rv32imac_zaamo_zalrsc/ilp32/libprintfloat.a	mrs-2.4-riscv-gcc15	b611103c355696dcaa912659f1d29881994f9674a55ad530776e7472ce130939	xw-version-undeclared	true	0	0	0	0	0	true	0	e3b0c44298fc1c149afbf4c8996fb92427ae41e4649b934ca495991b7852b855	0	0	0	0	e3b0c44298fc1c149afbf4c8996fb92427ae41e4649b934ca495991b7852b855	true	0	0	0	0
2	MRS_Toolchain_MAC_V240/Toolchain/RISC-V Embedded GCC15/riscv32-wch-elf/lib/rv32imac_zaamo_zalrsc/ilp32/libshflib.a	mrs-2.4-riscv-gcc15	4df0370b6fcd9092e39d4e39574465f7710aeb4f07696a01ca18bbf6715376c1	xw-version-undeclared	false	0	0	0	0	0	true	0	e3b0c44298fc1c149afbf4c8996fb92427ae41e4649b934ca495991b7852b855	0	0	0	0	e3b0c44298fc1c149afbf4c8996fb92427ae41e4649b934ca495991b7852b855	true	0	0	0	0
2	MRS_Toolchain_MAC_V240/Toolchain/RISC-V Embedded GCC15/riscv32-wch-elf/lib/rv32imac_zaamo_zalrsc/ilp32/libshlib.a	mrs-2.4-riscv-gcc15	ef7d5da94047e7267dbe149fa1b8f9601a7a50d22b876eab8cf27a817e0b7172	xw-version-undeclared	false	0	0	0	0	0	true	0	e3b0c44298fc1c149afbf4c8996fb92427ae41e4649b934ca495991b7852b855	0	0	0	0	e3b0c44298fc1c149afbf4c8996fb92427ae41e4649b934ca495991b7852b855	true	0	0	0	0
2	MRS_Toolchain_MAC_V240/Toolchain/RISC-V Embedded GCC15/riscv32-wch-elf/lib/rv32imac_zaamo_zalrsc_xw/ilp32/libIQmath_RV32.a	mrs-2.4-riscv-gcc15	470e7734545fe01ac0295284f1a8b76e20631242e4331acedec64c40eadf40cf	xw-version-undeclared	false	870	0	0	10	860	true	17	62091fb617ecc52fc5d88253d987e5f0d88e6d05808e692059d72da664271597	0	8	9	17	62091fb617ecc52fc5d88253d987e5f0d88e6d05808e692059d72da664271597	true	0	10	0	10
2	MRS_Toolchain_MAC_V240/Toolchain/RISC-V Embedded GCC15/riscv32-wch-elf/lib/rv32imac_zaamo_zalrsc_xw/ilp32/libprintf.a	mrs-2.4-riscv-gcc15	80b0efe3d01ae6eaa58aaa20d8241067e68cf41f5237c43f388f3e71da7d83f0	xw2p2	true	5	0	5	0	0	true	4	1826e3ff39f7e4221a3667524a17200bf057225ecbdebe6e74adcdf86ff4bdd3	4	0	0	4	1826e3ff39f7e4221a3667524a17200bf057225ecbdebe6e74adcdf86ff4bdd3	true	5	0	5	0
2	MRS_Toolchain_MAC_V240/Toolchain/RISC-V Embedded GCC15/riscv32-wch-elf/lib/rv32imac_zaamo_zalrsc_xw/ilp32/libprintfloat.a	mrs-2.4-riscv-gcc15	fc48785c3be234c9add9a673c7e70356f0b4ae3c033cc6380d8aecdf2bf59469	xw2p2	true	6	0	6	0	0	true	3	3d0829f757f110b35435910e24ebb2d7691f92f5ed77896a5b4570f4d365b93b	3	0	0	3	3d0829f757f110b35435910e24ebb2d7691f92f5ed77896a5b4570f4d365b93b	true	6	0	6	0
2	MRS_Toolchain_MAC_V240/Toolchain/RISC-V Embedded GCC15/riscv32-wch-elf/lib/rv32imac_zaamo_zalrsc_xw/ilp32/libshflib.a	mrs-2.4-riscv-gcc15	508be181f272a1016fc9d49577f92c87dda35dc5bad1318a3b629145e6b210dc	xw-version-undeclared	false	9	0	4	5	0	true	7	c60e92d12b0d6cc1c427688c10999e1a5bf3d989ae21ff35f0c6848082ca9545	3	4	0	7	c60e92d12b0d6cc1c427688c10999e1a5bf3d989ae21ff35f0c6848082ca9545	true	4	5	4	5
2	MRS_Toolchain_MAC_V240/Toolchain/RISC-V Embedded GCC15/riscv32-wch-elf/lib/rv32imac_zaamo_zalrsc_xw/ilp32/libshlib.a	mrs-2.4-riscv-gcc15	edf3dbfe0b87ecc21fc1837d16d02c2bd61992dd68766ce0567d6b2270e40ade	xw-version-undeclared	false	8	0	3	5	0	true	7	aee5d3a4c1c90b3be1b0a0515d3608e9f25e5b51c0f096d7a373b07d7c39ba00	3	4	0	7	aee5d3a4c1c90b3be1b0a0515d3608e9f25e5b51c0f096d7a373b07d7c39ba00	true	3	5	3	5
2	MRS_Toolchain_MAC_V240/Toolchain/RISC-V Embedded GCC15/riscv32-wch-elf/lib/rv32imac_zaamo_zalrsc_zba_zbb_zbc_zbs/ilp32/libIQmath_RV32.a	mrs-2.4-riscv-gcc15	cb96401493edef19da273a999431339f8a23aefb46c4b51af723281ea4ad3470	xw-version-undeclared	true	1116	0	0	0	1116	true	15	305b761adb92b2724655d4da882c4fdaa55f2a0071cbdab21ec9534318f05102	0	0	15	15	305b761adb92b2724655d4da882c4fdaa55f2a0071cbdab21ec9534318f05102	true	0	0	0	0
2	MRS_Toolchain_MAC_V240/Toolchain/RISC-V Embedded GCC15/riscv32-wch-elf/lib/rv32imac_zaamo_zalrsc_zba_zbb_zbc_zbs/ilp32/libprintf.a	mrs-2.4-riscv-gcc15	c69ba612d264244fb9bc19cc4a8713cfb155c418fc6801ba8954fa5f6bd4d6ea	xw-version-undeclared	true	1	0	0	0	1	true	1	63e9344b37052a7019c1f9d217f5c571a638d8b6ad6755508f625072a1e48153	0	0	1	1	63e9344b37052a7019c1f9d217f5c571a638d8b6ad6755508f625072a1e48153	true	0	0	0	0
2	MRS_Toolchain_MAC_V240/Toolchain/RISC-V Embedded GCC15/riscv32-wch-elf/lib/rv32imac_zaamo_zalrsc_zba_zbb_zbc_zbs/ilp32/libprintfloat.a	mrs-2.4-riscv-gcc15	5c8cedcbcdab3d79e1f582645b4b4af4eae4b60dfa7c8a20ebca67396cc8d371	xw-version-undeclared	true	1	0	0	0	1	true	1	63e9344b37052a7019c1f9d217f5c571a638d8b6ad6755508f625072a1e48153	0	0	1	1	63e9344b37052a7019c1f9d217f5c571a638d8b6ad6755508f625072a1e48153	true	0	0	0	0
2	MRS_Toolchain_MAC_V240/Toolchain/RISC-V Embedded GCC15/riscv32-wch-elf/lib/rv32imac_zaamo_zalrsc_zba_zbb_zbc_zbs/ilp32/libshflib.a	mrs-2.4-riscv-gcc15	44204c0f90a99a1804cfe938d19333d89a50837a9429eb79f85edef046d4fcd1	xw-version-undeclared	true	1	0	0	0	1	true	1	878db9fc421cb86f493f3951f922440299ea5480bae3453569546fe58e3f8edc	0	0	1	1	878db9fc421cb86f493f3951f922440299ea5480bae3453569546fe58e3f8edc	true	0	0	0	0
2	MRS_Toolchain_MAC_V240/Toolchain/RISC-V Embedded GCC15/riscv32-wch-elf/lib/rv32imac_zaamo_zalrsc_zba_zbb_zbc_zbs/ilp32/libshlib.a	mrs-2.4-riscv-gcc15	45b3c18050abc30c71ab4c6172e9a2010f2412e2240f6c3aafe35525a28c1446	xw-version-undeclared	true	1	0	0	0	1	true	1	878db9fc421cb86f493f3951f922440299ea5480bae3453569546fe58e3f8edc	0	0	1	1	878db9fc421cb86f493f3951f922440299ea5480bae3453569546fe58e3f8edc	true	0	0	0	0
2	MRS_Toolchain_MAC_V240/Toolchain/RISC-V Embedded GCC15/riscv32-wch-elf/lib/rv32imac_zaamo_zalrsc_zba_zbb_zbc_zbs_xw/ilp32/libIQmath_RV32.a	mrs-2.4-riscv-gcc15	34f1d4c2084ff5727f7b4592de392776cb24f510b5dbdd172f8193c0a538dc76	xw2p2	true	1124	0	8	0	1116	true	20	b43dc4f5c7f010422eec391f4cdc66700540efa43c4afa41af98815995aee53b	5	0	15	20	b43dc4f5c7f010422eec391f4cdc66700540efa43c4afa41af98815995aee53b	true	8	0	8	0
2	MRS_Toolchain_MAC_V240/Toolchain/RISC-V Embedded GCC15/riscv32-wch-elf/lib/rv32imac_zaamo_zalrsc_zba_zbb_zbc_zbs_xw/ilp32/libprintf.a	mrs-2.4-riscv-gcc15	dde7d239c4c97c953eb37221e5301dc41ecd7b59fcbc3cbca7330955caa305ee	xw2p2	true	6	0	5	0	1	true	5	1e15f196ebfeabe0241634a31bc205e509fa81c0bd22188f01e4026e3dbf9dfc	4	0	1	5	1e15f196ebfeabe0241634a31bc205e509fa81c0bd22188f01e4026e3dbf9dfc	true	5	0	5	0
2	MRS_Toolchain_MAC_V240/Toolchain/RISC-V Embedded GCC15/riscv32-wch-elf/lib/rv32imac_zaamo_zalrsc_zba_zbb_zbc_zbs_xw/ilp32/libprintfloat.a	mrs-2.4-riscv-gcc15	b7e826d478747f99ddd6e9acf3761fa2174253546b3f7ac30b726ef84a5a8a43	xw2p2	true	7	0	6	0	1	true	4	7a37d26a3578c8190d5d65b0f9245d9ab467f55d3c073397dc984e993bd6b899	3	0	1	4	7a37d26a3578c8190d5d65b0f9245d9ab467f55d3c073397dc984e993bd6b899	true	6	0	6	0
2	MRS_Toolchain_MAC_V240/Toolchain/RISC-V Embedded GCC15/riscv32-wch-elf/lib/rv32imac_zaamo_zalrsc_zba_zbb_zbc_zbs_xw/ilp32/libshflib.a	mrs-2.4-riscv-gcc15	f3d4e59fd684e00d357fef3a0e720cc3332cf6cd7596a98f8b468a8a8e43c3a1	xw2p2	true	7	0	6	0	1	true	5	d526fb266a22084275f398163494b3228289c5ce53a69588633cf5d0645a8bc6	4	0	1	5	d526fb266a22084275f398163494b3228289c5ce53a69588633cf5d0645a8bc6	true	6	0	6	0
2	MRS_Toolchain_MAC_V240/Toolchain/RISC-V Embedded GCC15/riscv32-wch-elf/lib/rv32imac_zaamo_zalrsc_zba_zbb_zbc_zbs_xw/ilp32/libshlib.a	mrs-2.4-riscv-gcc15	ee0cf3cb93e2aa698d8b28ef79dbdc5b48f7c39c9cc8fe69959f85a277131ff5	xw2p2	true	6	0	5	0	1	true	6	b34c769dd38178686c55765d27fe7af82f86c31f275bc7ed442064ebd810f269	5	0	1	6	b34c769dd38178686c55765d27fe7af82f86c31f275bc7ed442064ebd810f269	true	5	0	5	0
2	MRS_Toolchain_MAC_V240/Toolchain/RISC-V Embedded GCC15/riscv32-wch-elf/lib/rv32imac_zaamo_zalrsc_zba_zbb_zbc_zbs_zvbb_zve32x_zve64x_zvkb_zvl32b_zvl64b/ilp32/libprintf.a	mrs-2.4-riscv-gcc15	1cf4fb05263b5c2f423127b7e58b496fdddb22e8d0de939cee67262b7e9ed5ce	xw-version-undeclared	true	1	0	0	0	1	true	1	63e9344b37052a7019c1f9d217f5c571a638d8b6ad6755508f625072a1e48153	0	0	1	1	63e9344b37052a7019c1f9d217f5c571a638d8b6ad6755508f625072a1e48153	true	0	0	0	0
2	MRS_Toolchain_MAC_V240/Toolchain/RISC-V Embedded GCC15/riscv32-wch-elf/lib/rv32imac_zaamo_zalrsc_zba_zbb_zbc_zbs_zvbb_zve32x_zve64x_zvkb_zvl32b_zvl64b/ilp32/libprintfloat.a	mrs-2.4-riscv-gcc15	aae596e24457c1ec1f39bd8516158a49afb175bc300607a24caf21687d6332cb	xw-version-undeclared	true	1	0	0	0	1	true	1	63e9344b37052a7019c1f9d217f5c571a638d8b6ad6755508f625072a1e48153	0	0	1	1	63e9344b37052a7019c1f9d217f5c571a638d8b6ad6755508f625072a1e48153	true	0	0	0	0
2	MRS_Toolchain_MAC_V240/Toolchain/RISC-V Embedded GCC15/riscv32-wch-elf/lib/rv32imac_zaamo_zalrsc_zba_zbb_zbc_zbs_zvbb_zve32x_zve64x_zvkb_zvl32b_zvl64b/ilp32/libshflib.a	mrs-2.4-riscv-gcc15	69380b7f097405c7fa056d7ada53b9f522b42afd611c5904e780b9111b384c72	xw-version-undeclared	true	1	0	0	0	1	true	1	20bde46f02e957b573c2a7ab270c6c099f46117fa9ac4f8c1a7c710075c14b5b	0	0	1	1	20bde46f02e957b573c2a7ab270c6c099f46117fa9ac4f8c1a7c710075c14b5b	true	0	0	0	0
2	MRS_Toolchain_MAC_V240/Toolchain/RISC-V Embedded GCC15/riscv32-wch-elf/lib/rv32imac_zaamo_zalrsc_zba_zbb_zbc_zbs_zvbb_zve32x_zve64x_zvkb_zvl32b_zvl64b/ilp32/libshlib.a	mrs-2.4-riscv-gcc15	8eb90a9c3fe4882ad6c316356b166193501cfed0aab8136dd7ab00730ec5d6d5	xw-version-undeclared	true	1	0	0	0	1	true	1	20bde46f02e957b573c2a7ab270c6c099f46117fa9ac4f8c1a7c710075c14b5b	0	0	1	1	20bde46f02e957b573c2a7ab270c6c099f46117fa9ac4f8c1a7c710075c14b5b	true	0	0	0	0
2	MRS_Toolchain_MAC_V240/Toolchain/RISC-V Embedded GCC15/riscv32-wch-elf/lib/rv32imac_zaamo_zalrsc_zba_zbb_zbc_zbs_zvbb_zve32x_zve64x_zvkb_zvl32b_zvl64b_xw/ilp32/libprintf.a	mrs-2.4-riscv-gcc15	0d678ac7338c5730df14e73b879fe2d42314404239b531fee39c58826e0f57b9	xw2p0	true	6	0	5	0	1	true	5	0d3c3ee05cdf9686a27c800abc821c12271cfcade75662e7ed601db68ddb253a	4	0	1	5	0d3c3ee05cdf9686a27c800abc821c12271cfcade75662e7ed601db68ddb253a	true	5	0	5	0
2	MRS_Toolchain_MAC_V240/Toolchain/RISC-V Embedded GCC15/riscv32-wch-elf/lib/rv32imac_zaamo_zalrsc_zba_zbb_zbc_zbs_zvbb_zve32x_zve64x_zvkb_zvl32b_zvl64b_xw/ilp32/libprintfloat.a	mrs-2.4-riscv-gcc15	9c98a6952e5f7308ea8ca919ad53543a4be2ac7263bb4540782c64b967de7643	xw2p0	true	7	0	6	0	1	true	5	bfe887547c9cc2d6d6766144fc4aa052b31723fb5bda727ce785065ee571356d	4	0	1	5	bfe887547c9cc2d6d6766144fc4aa052b31723fb5bda727ce785065ee571356d	true	6	0	6	0
2	MRS_Toolchain_MAC_V240/Toolchain/RISC-V Embedded GCC15/riscv32-wch-elf/lib/rv32imac_zaamo_zalrsc_zba_zbb_zbc_zbs_zvbb_zve32x_zve64x_zvkb_zvl32b_zvl64b_xw/ilp32/libshflib.a	mrs-2.4-riscv-gcc15	c62292f75054ae8316bbc3dfee7b049b0788146e538733b25327e483cd4b36b6	xw2p0	true	10	0	9	0	1	true	7	bdeff57a97bb4f0ad1c3533b2be89d9ef2c320b75aaf5cbfdd2af7e5bb68d3ce	6	0	1	7	bdeff57a97bb4f0ad1c3533b2be89d9ef2c320b75aaf5cbfdd2af7e5bb68d3ce	true	9	0	9	0
2	MRS_Toolchain_MAC_V240/Toolchain/RISC-V Embedded GCC15/riscv32-wch-elf/lib/rv32imac_zaamo_zalrsc_zba_zbb_zbc_zbs_zvbb_zve32x_zve64x_zvkb_zvl32b_zvl64b_xw/ilp32/libshlib.a	mrs-2.4-riscv-gcc15	bec4fbd6d075153b097603fc3b5026c6277f2b076fa15cd4b9fd7d3db8cd9407	xw2p0	true	9	0	8	0	1	true	7	0232252709b01c60dcc0659f4488ec1e0c2761f484c3f203580d70e053e6f1e1	6	0	1	7	0232252709b01c60dcc0659f4488ec1e0c2761f484c3f203580d70e053e6f1e1	true	8	0	8	0
2	MRS_Toolchain_MAC_V240/Toolchain/RISC-V Embedded GCC15/riscv32-wch-elf/lib/rv32imafc_zaamo_zalrsc/ilp32f/libprintf.a	mrs-2.4-riscv-gcc15	8cdcea3953975d5ecb83c6cfd4242b21e523176d7aad4ba425a9445bf51418fe	xw-version-undeclared	true	0	0	0	0	0	true	0	e3b0c44298fc1c149afbf4c8996fb92427ae41e4649b934ca495991b7852b855	0	0	0	0	e3b0c44298fc1c149afbf4c8996fb92427ae41e4649b934ca495991b7852b855	true	0	0	0	0
2	MRS_Toolchain_MAC_V240/Toolchain/RISC-V Embedded GCC15/riscv32-wch-elf/lib/rv32imafc_zaamo_zalrsc/ilp32f/libprintfloat.a	mrs-2.4-riscv-gcc15	e85f439ead8eee611d6e01966bf15e6edc614a8745fa69b61a154bde6cdbf2b5	xw-version-undeclared	true	0	0	0	0	0	true	0	e3b0c44298fc1c149afbf4c8996fb92427ae41e4649b934ca495991b7852b855	0	0	0	0	e3b0c44298fc1c149afbf4c8996fb92427ae41e4649b934ca495991b7852b855	true	0	0	0	0
2	MRS_Toolchain_MAC_V240/Toolchain/RISC-V Embedded GCC15/riscv32-wch-elf/lib/rv32imafc_zaamo_zalrsc/ilp32f/libshflib.a	mrs-2.4-riscv-gcc15	245f9f62618ac19121885e7e8a1c0ffa51f240b0131ae42476987d499223a94c	xw-version-undeclared	false	0	0	0	0	0	true	0	e3b0c44298fc1c149afbf4c8996fb92427ae41e4649b934ca495991b7852b855	0	0	0	0	e3b0c44298fc1c149afbf4c8996fb92427ae41e4649b934ca495991b7852b855	true	0	0	0	0
2	MRS_Toolchain_MAC_V240/Toolchain/RISC-V Embedded GCC15/riscv32-wch-elf/lib/rv32imafc_zaamo_zalrsc/ilp32f/libshlib.a	mrs-2.4-riscv-gcc15	e10031dcaab69e7dd785c37abfc411cbf9b0ed3faf812d39f144dfe0e2c1250c	xw-version-undeclared	false	0	0	0	0	0	true	0	e3b0c44298fc1c149afbf4c8996fb92427ae41e4649b934ca495991b7852b855	0	0	0	0	e3b0c44298fc1c149afbf4c8996fb92427ae41e4649b934ca495991b7852b855	true	0	0	0	0
2	MRS_Toolchain_MAC_V240/Toolchain/RISC-V Embedded GCC15/riscv32-wch-elf/lib/rv32imafc_zaamo_zalrsc_xw/ilp32f/libprintf.a	mrs-2.4-riscv-gcc15	785372190e87243e91e6f5470e202df3f78af30222d2e4773fe91550a0026bb7	xw2p2	true	5	0	5	0	0	true	4	1826e3ff39f7e4221a3667524a17200bf057225ecbdebe6e74adcdf86ff4bdd3	4	0	0	4	1826e3ff39f7e4221a3667524a17200bf057225ecbdebe6e74adcdf86ff4bdd3	true	5	0	5	0
2	MRS_Toolchain_MAC_V240/Toolchain/RISC-V Embedded GCC15/riscv32-wch-elf/lib/rv32imafc_zaamo_zalrsc_xw/ilp32f/libprintfloat.a	mrs-2.4-riscv-gcc15	16ad5e8810829d15f8f3ac87cad44db368e25cd1a647dbca6080e5fe350b4b31	xw2p2	true	6	0	6	0	0	true	3	3d0829f757f110b35435910e24ebb2d7691f92f5ed77896a5b4570f4d365b93b	3	0	0	3	3d0829f757f110b35435910e24ebb2d7691f92f5ed77896a5b4570f4d365b93b	true	6	0	6	0
2	MRS_Toolchain_MAC_V240/Toolchain/RISC-V Embedded GCC15/riscv32-wch-elf/lib/rv32imafc_zaamo_zalrsc_xw/ilp32f/libshflib.a	mrs-2.4-riscv-gcc15	22278d17da27a6d33a25986b618b2135340250a26e4f828ee7b99ff7bdff5653	xw-version-undeclared	false	9	0	4	5	0	true	7	c60e92d12b0d6cc1c427688c10999e1a5bf3d989ae21ff35f0c6848082ca9545	3	4	0	7	c60e92d12b0d6cc1c427688c10999e1a5bf3d989ae21ff35f0c6848082ca9545	true	4	5	4	5
2	MRS_Toolchain_MAC_V240/Toolchain/RISC-V Embedded GCC15/riscv32-wch-elf/lib/rv32imafc_zaamo_zalrsc_xw/ilp32f/libshlib.a	mrs-2.4-riscv-gcc15	4f6f70f63f736096f7e56d406baa914d5cd39f0f26867858e872b8d88d9f0a56	xw-version-undeclared	false	8	0	3	5	0	true	7	aee5d3a4c1c90b3be1b0a0515d3608e9f25e5b51c0f096d7a373b07d7c39ba00	3	4	0	7	aee5d3a4c1c90b3be1b0a0515d3608e9f25e5b51c0f096d7a373b07d7c39ba00	true	3	5	3	5
2	MRS_Toolchain_MAC_V240/Toolchain/RISC-V Embedded GCC15/riscv32-wch-elf/lib/rv32imafc_zaamo_zalrsc_zba_zbb_zbc_zbs/ilp32f/libprintf.a	mrs-2.4-riscv-gcc15	9c2a7eab3789101551fd88ca3540cf2d77401df115737c3927c2b5e921bbea5d	xw-version-undeclared	true	1	0	0	0	1	true	1	63e9344b37052a7019c1f9d217f5c571a638d8b6ad6755508f625072a1e48153	0	0	1	1	63e9344b37052a7019c1f9d217f5c571a638d8b6ad6755508f625072a1e48153	true	0	0	0	0
2	MRS_Toolchain_MAC_V240/Toolchain/RISC-V Embedded GCC15/riscv32-wch-elf/lib/rv32imafc_zaamo_zalrsc_zba_zbb_zbc_zbs/ilp32f/libprintfloat.a	mrs-2.4-riscv-gcc15	6cf9cdb216bf7d1302309ba8a6c6289962dad5a58326a339b116397e01adb9a8	xw-version-undeclared	true	1	0	0	0	1	true	1	63e9344b37052a7019c1f9d217f5c571a638d8b6ad6755508f625072a1e48153	0	0	1	1	63e9344b37052a7019c1f9d217f5c571a638d8b6ad6755508f625072a1e48153	true	0	0	0	0
2	MRS_Toolchain_MAC_V240/Toolchain/RISC-V Embedded GCC15/riscv32-wch-elf/lib/rv32imafc_zaamo_zalrsc_zba_zbb_zbc_zbs/ilp32f/libshflib.a	mrs-2.4-riscv-gcc15	4a98453582cf85230091748d4065495e86483a2c7831d803f355d878bcb48dde	xw-version-undeclared	true	1	0	0	0	1	true	1	878db9fc421cb86f493f3951f922440299ea5480bae3453569546fe58e3f8edc	0	0	1	1	878db9fc421cb86f493f3951f922440299ea5480bae3453569546fe58e3f8edc	true	0	0	0	0
2	MRS_Toolchain_MAC_V240/Toolchain/RISC-V Embedded GCC15/riscv32-wch-elf/lib/rv32imafc_zaamo_zalrsc_zba_zbb_zbc_zbs/ilp32f/libshlib.a	mrs-2.4-riscv-gcc15	80ed363582c4fefc55cacb14fd8bfcde86018cd21bcceb1d84ace15259066ce4	xw-version-undeclared	true	1	0	0	0	1	true	1	878db9fc421cb86f493f3951f922440299ea5480bae3453569546fe58e3f8edc	0	0	1	1	878db9fc421cb86f493f3951f922440299ea5480bae3453569546fe58e3f8edc	true	0	0	0	0
2	MRS_Toolchain_MAC_V240/Toolchain/RISC-V Embedded GCC15/riscv32-wch-elf/lib/rv32imafc_zaamo_zalrsc_zba_zbb_zbc_zbs_xw/ilp32f/libprintf.a	mrs-2.4-riscv-gcc15	90cc2705650204e3679cbda1095a0c24413cae2d4171de5eb722fd56804d1067	xw2p2	true	6	0	5	0	1	true	5	1e15f196ebfeabe0241634a31bc205e509fa81c0bd22188f01e4026e3dbf9dfc	4	0	1	5	1e15f196ebfeabe0241634a31bc205e509fa81c0bd22188f01e4026e3dbf9dfc	true	5	0	5	0
2	MRS_Toolchain_MAC_V240/Toolchain/RISC-V Embedded GCC15/riscv32-wch-elf/lib/rv32imafc_zaamo_zalrsc_zba_zbb_zbc_zbs_xw/ilp32f/libprintfloat.a	mrs-2.4-riscv-gcc15	b43e03bfcdc3ce63753d3d5ef6540a4e4d06e79fb96ee5153812d89e9d5bb374	xw2p2	true	7	0	6	0	1	true	4	7a37d26a3578c8190d5d65b0f9245d9ab467f55d3c073397dc984e993bd6b899	3	0	1	4	7a37d26a3578c8190d5d65b0f9245d9ab467f55d3c073397dc984e993bd6b899	true	6	0	6	0
2	MRS_Toolchain_MAC_V240/Toolchain/RISC-V Embedded GCC15/riscv32-wch-elf/lib/rv32imafc_zaamo_zalrsc_zba_zbb_zbc_zbs_xw/ilp32f/libshflib.a	mrs-2.4-riscv-gcc15	73bc78ffe027baf1f8fc1fb1d164b20c2f003a0df190ddbb744c9efdf9695980	xw2p2	true	7	0	6	0	1	true	5	d526fb266a22084275f398163494b3228289c5ce53a69588633cf5d0645a8bc6	4	0	1	5	d526fb266a22084275f398163494b3228289c5ce53a69588633cf5d0645a8bc6	true	6	0	6	0
2	MRS_Toolchain_MAC_V240/Toolchain/RISC-V Embedded GCC15/riscv32-wch-elf/lib/rv32imafc_zaamo_zalrsc_zba_zbb_zbc_zbs_xw/ilp32f/libshlib.a	mrs-2.4-riscv-gcc15	13590f485903d5fa2a1a3079a5a78824b2d0aaf4af471efcd78ff60bf156f42e	xw2p2	true	6	0	5	0	1	true	6	b34c769dd38178686c55765d27fe7af82f86c31f275bc7ed442064ebd810f269	5	0	1	6	b34c769dd38178686c55765d27fe7af82f86c31f275bc7ed442064ebd810f269	true	5	0	5	0
2	MRS_Toolchain_MAC_V240/Toolchain/RISC-V Embedded GCC15/riscv32-wch-elf/lib/rv32imc_zba_zbb_zbc_zbs/ilp32/libIQmath_RV32.a	mrs-2.4-riscv-gcc15	cb96401493edef19da273a999431339f8a23aefb46c4b51af723281ea4ad3470	xw-version-undeclared	true	1116	0	0	0	1116	true	15	305b761adb92b2724655d4da882c4fdaa55f2a0071cbdab21ec9534318f05102	0	0	15	15	305b761adb92b2724655d4da882c4fdaa55f2a0071cbdab21ec9534318f05102	true	0	0	0	0
2	MRS_Toolchain_MAC_V240/Toolchain/RISC-V Embedded GCC15/riscv32-wch-elf/lib/rv32imc_zba_zbb_zbc_zbs/ilp32/libprintf.a	mrs-2.4-riscv-gcc15	9cb7d3c14159d9810abaeb232a01a7d0b23a93f968f5e4bdd4aa780edcc7faab	xw-version-undeclared	true	1	0	0	0	1	true	1	63e9344b37052a7019c1f9d217f5c571a638d8b6ad6755508f625072a1e48153	0	0	1	1	63e9344b37052a7019c1f9d217f5c571a638d8b6ad6755508f625072a1e48153	true	0	0	0	0
2	MRS_Toolchain_MAC_V240/Toolchain/RISC-V Embedded GCC15/riscv32-wch-elf/lib/rv32imc_zba_zbb_zbc_zbs/ilp32/libprintfloat.a	mrs-2.4-riscv-gcc15	4956118b52213fcc44743052c69bb643103030c079931679f0ccb5e5a18c52e2	xw-version-undeclared	true	1	0	0	0	1	true	1	63e9344b37052a7019c1f9d217f5c571a638d8b6ad6755508f625072a1e48153	0	0	1	1	63e9344b37052a7019c1f9d217f5c571a638d8b6ad6755508f625072a1e48153	true	0	0	0	0
2	MRS_Toolchain_MAC_V240/Toolchain/RISC-V Embedded GCC15/riscv32-wch-elf/lib/rv32imc_zba_zbb_zbc_zbs/ilp32/libshflib.a	mrs-2.4-riscv-gcc15	cf543505c146ae4294205e201acf0d6ab7e7f9d11edf88fdf9e024f6c4a1c881	xw-version-undeclared	true	1	0	0	0	1	true	1	878db9fc421cb86f493f3951f922440299ea5480bae3453569546fe58e3f8edc	0	0	1	1	878db9fc421cb86f493f3951f922440299ea5480bae3453569546fe58e3f8edc	true	0	0	0	0
2	MRS_Toolchain_MAC_V240/Toolchain/RISC-V Embedded GCC15/riscv32-wch-elf/lib/rv32imc_zba_zbb_zbc_zbs/ilp32/libshlib.a	mrs-2.4-riscv-gcc15	b2f7887352b73ef5524d63a8013bc8291eb784ad32bc8abc910fb700b7c4fab9	xw-version-undeclared	true	1	0	0	0	1	true	1	878db9fc421cb86f493f3951f922440299ea5480bae3453569546fe58e3f8edc	0	0	1	1	878db9fc421cb86f493f3951f922440299ea5480bae3453569546fe58e3f8edc	true	0	0	0	0
2	MRS_Toolchain_MAC_V240/Toolchain/RISC-V Embedded GCC15/riscv32-wch-elf/lib/rv32imc_zba_zbb_zbc_zbs_xw/ilp32/libIQmath_RV32.a	mrs-2.4-riscv-gcc15	34f1d4c2084ff5727f7b4592de392776cb24f510b5dbdd172f8193c0a538dc76	xw2p2	true	1124	0	8	0	1116	true	20	b43dc4f5c7f010422eec391f4cdc66700540efa43c4afa41af98815995aee53b	5	0	15	20	b43dc4f5c7f010422eec391f4cdc66700540efa43c4afa41af98815995aee53b	true	8	0	8	0
2	MRS_Toolchain_MAC_V240/Toolchain/RISC-V Embedded GCC15/riscv32-wch-elf/lib/rv32imc_zba_zbb_zbc_zbs_xw/ilp32/libprintf.a	mrs-2.4-riscv-gcc15	d55b557d794997ab0c4f07d90e40c98c7e60738305b759d9fef3e6c6a18b1133	xw2p2	true	6	0	5	0	1	true	5	1e15f196ebfeabe0241634a31bc205e509fa81c0bd22188f01e4026e3dbf9dfc	4	0	1	5	1e15f196ebfeabe0241634a31bc205e509fa81c0bd22188f01e4026e3dbf9dfc	true	5	0	5	0
2	MRS_Toolchain_MAC_V240/Toolchain/RISC-V Embedded GCC15/riscv32-wch-elf/lib/rv32imc_zba_zbb_zbc_zbs_xw/ilp32/libprintfloat.a	mrs-2.4-riscv-gcc15	896e78a048716fcec8c4819a0b80a86da1f1c5efbe157c55f1ef926fed4ef77c	xw2p2	true	7	0	6	0	1	true	4	7a37d26a3578c8190d5d65b0f9245d9ab467f55d3c073397dc984e993bd6b899	3	0	1	4	7a37d26a3578c8190d5d65b0f9245d9ab467f55d3c073397dc984e993bd6b899	true	6	0	6	0
2	MRS_Toolchain_MAC_V240/Toolchain/RISC-V Embedded GCC15/riscv32-wch-elf/lib/rv32imc_zba_zbb_zbc_zbs_xw/ilp32/libshflib.a	mrs-2.4-riscv-gcc15	59cb0bfadfbacf194c33706686e1da3fe3039c9f6ff1ec9e3ac5600b8b40bd5e	xw2p2	true	7	0	6	0	1	true	5	d526fb266a22084275f398163494b3228289c5ce53a69588633cf5d0645a8bc6	4	0	1	5	d526fb266a22084275f398163494b3228289c5ce53a69588633cf5d0645a8bc6	true	6	0	6	0
2	MRS_Toolchain_MAC_V240/Toolchain/RISC-V Embedded GCC15/riscv32-wch-elf/lib/rv32imc_zba_zbb_zbc_zbs_xw/ilp32/libshlib.a	mrs-2.4-riscv-gcc15	70e9fccfbe6b7e4da7cf22aa320a017da1258bb067bf61d961537ca97192444e	xw2p2	true	6	0	5	0	1	true	6	b34c769dd38178686c55765d27fe7af82f86c31f275bc7ed442064ebd810f269	5	0	1	6	b34c769dd38178686c55765d27fe7af82f86c31f275bc7ed442064ebd810f269	true	5	0	5	0
2	tmp/mrs-2.5/WCH/Toolchain/RISC-V Embedded GCC/riscv-none-embed/lib/rv32ec/ilp32e/libIQMath_RV32.a	mrs-2.5-macos-arm64-gcc8	d2715b286a4f0e8119698735fb2c86209b169c716be9702a7a0040b241655be9	xw-version-undeclared	false	1115	0	0	0	1115	true	14	3894d04835b5a88fbeab238bcdabb7e5d1aa2b162cf0101420269c088956e30f	0	0	14	14	3894d04835b5a88fbeab238bcdabb7e5d1aa2b162cf0101420269c088956e30f	true	0	0	0	0
2	tmp/mrs-2.5/WCH/Toolchain/RISC-V Embedded GCC/riscv-none-embed/lib/rv32ec/ilp32e/libprintf.a	mrs-2.5-macos-arm64-gcc8	bc00c4be3dc1562932611a60005e8639e4ded58d0679a7f3d82906ffe0b3cf7c	xw-version-undeclared	false	0	0	0	0	0	true	0	e3b0c44298fc1c149afbf4c8996fb92427ae41e4649b934ca495991b7852b855	0	0	0	0	e3b0c44298fc1c149afbf4c8996fb92427ae41e4649b934ca495991b7852b855	true	0	0	0	0
2	tmp/mrs-2.5/WCH/Toolchain/RISC-V Embedded GCC/riscv-none-embed/lib/rv32ec/ilp32e/libprintfloat.a	mrs-2.5-macos-arm64-gcc8	c163dac0d61c66d52e3a543689b5bc044ea4ab840251fd618ba99dfc73068af5	xw-version-undeclared	false	0	0	0	0	0	true	0	e3b0c44298fc1c149afbf4c8996fb92427ae41e4649b934ca495991b7852b855	0	0	0	0	e3b0c44298fc1c149afbf4c8996fb92427ae41e4649b934ca495991b7852b855	true	0	0	0	0
2	tmp/mrs-2.5/WCH/Toolchain/RISC-V Embedded GCC/riscv-none-embed/lib/rv32ec/ilp32e/libshflib.a	mrs-2.5-macos-arm64-gcc8	eaa98b8f1679126e15d23c9ac1f395b14381f659a0e0d4164daa5d269b658f15	xw-version-undeclared	false	0	0	0	0	0	true	0	e3b0c44298fc1c149afbf4c8996fb92427ae41e4649b934ca495991b7852b855	0	0	0	0	e3b0c44298fc1c149afbf4c8996fb92427ae41e4649b934ca495991b7852b855	true	0	0	0	0
2	tmp/mrs-2.5/WCH/Toolchain/RISC-V Embedded GCC/riscv-none-embed/lib/rv32ec/ilp32e/libshlib.a	mrs-2.5-macos-arm64-gcc8	b8a3b54a8695739218668b5a487fa719b5a1083828d0bf091f28b22dbbd5ab4a	xw-version-undeclared	false	0	0	0	0	0	true	0	e3b0c44298fc1c149afbf4c8996fb92427ae41e4649b934ca495991b7852b855	0	0	0	0	e3b0c44298fc1c149afbf4c8996fb92427ae41e4649b934ca495991b7852b855	true	0	0	0	0
2	tmp/mrs-2.5/WCH/Toolchain/RISC-V Embedded GCC/riscv-none-embed/lib/rv32ecxw/ilp32e/libIQMath_RV32.a	mrs-2.5-macos-arm64-gcc8	937abb985b9dcf4aa2d44903622146de6a4c75e0a1b01c72bb9ec7758e3ec4f4	xw-version-undeclared	false	1126	0	0	11	1115	true	22	38f48fce832d7608632c755012baffad2c64549a1f691417cdd6c46724253e08	0	8	14	22	38f48fce832d7608632c755012baffad2c64549a1f691417cdd6c46724253e08	true	0	11	0	11
2	tmp/mrs-2.5/WCH/Toolchain/RISC-V Embedded GCC/riscv-none-embed/lib/rv32ecxw/ilp32e/libprintf.a	mrs-2.5-macos-arm64-gcc8	0e2096fa2cadb82b286154416902f48d25e111855309e31e1e2eff7f562fd951	xw-version-undeclared	false	7	0	4	3	0	true	5	29a93f789f32624be2b78ba18b7cda9ed4f624d02927cd82b00791c812062da3	2	3	0	5	29a93f789f32624be2b78ba18b7cda9ed4f624d02927cd82b00791c812062da3	true	4	3	4	3
2	tmp/mrs-2.5/WCH/Toolchain/RISC-V Embedded GCC/riscv-none-embed/lib/rv32ecxw/ilp32e/libprintfloat.a	mrs-2.5-macos-arm64-gcc8	91043cc2cf897118c784c01e84bc88f3985caf4b1184ff40cc46e11bd8abe3a1	xw-version-undeclared	false	7	0	4	3	0	true	5	29a93f789f32624be2b78ba18b7cda9ed4f624d02927cd82b00791c812062da3	2	3	0	5	29a93f789f32624be2b78ba18b7cda9ed4f624d02927cd82b00791c812062da3	true	4	3	4	3
2	tmp/mrs-2.5/WCH/Toolchain/RISC-V Embedded GCC/riscv-none-embed/lib/rv32ecxw/ilp32e/libshflib.a	mrs-2.5-macos-arm64-gcc8	2c5d11e5275f50eb32de8122e720b78bb3976fa768c0f6571c0a36db5d7dafe3	xw-version-undeclared	false	7	0	2	5	0	true	6	6ec7910c05c2e6e199566f774fe5c311c23db80af0018e36445bcb083c139642	2	4	0	6	6ec7910c05c2e6e199566f774fe5c311c23db80af0018e36445bcb083c139642	true	2	5	2	5
2	tmp/mrs-2.5/WCH/Toolchain/RISC-V Embedded GCC/riscv-none-embed/lib/rv32ecxw/ilp32e/libshlib.a	mrs-2.5-macos-arm64-gcc8	faf8a5b888a6ee3f3e0d7d56c475c7b4b7ef97f6a78c84269cfbef640e103f63	xw-version-undeclared	false	7	0	2	5	0	true	6	6ec7910c05c2e6e199566f774fe5c311c23db80af0018e36445bcb083c139642	2	4	0	6	6ec7910c05c2e6e199566f774fe5c311c23db80af0018e36445bcb083c139642	true	2	5	2	5
2	tmp/mrs-2.5/WCH/Toolchain/RISC-V Embedded GCC/riscv-none-embed/lib/rv32imac/ilp32/libIQmath_RV32.a	mrs-2.5-macos-arm64-gcc8	73d32a3d7216ae88df457bcbdf76f54fff2bf5fa7dbb16d5a0b6bcede04b78bb	xw-version-undeclared	false	860	0	0	0	860	true	9	bc0ffe3c2072f991a32665f89d845b438dda60c4c4ddfea30702e60721ac6e55	0	0	9	9	bc0ffe3c2072f991a32665f89d845b438dda60c4c4ddfea30702e60721ac6e55	true	0	0	0	0
2	tmp/mrs-2.5/WCH/Toolchain/RISC-V Embedded GCC/riscv-none-embed/lib/rv32imac/ilp32/libprintf.a	mrs-2.5-macos-arm64-gcc8	9b874871223df1072aad7440864c60018b111e4fc7044dbfec5712b106ecb774	xw-version-undeclared	false	0	0	0	0	0	true	0	e3b0c44298fc1c149afbf4c8996fb92427ae41e4649b934ca495991b7852b855	0	0	0	0	e3b0c44298fc1c149afbf4c8996fb92427ae41e4649b934ca495991b7852b855	true	0	0	0	0
2	tmp/mrs-2.5/WCH/Toolchain/RISC-V Embedded GCC/riscv-none-embed/lib/rv32imac/ilp32/libprintfloat.a	mrs-2.5-macos-arm64-gcc8	871cee3626ca59f77a0ae30feef27eee4c8b0e84f773e5089080f525d6a334b2	xw-version-undeclared	false	0	0	0	0	0	true	0	e3b0c44298fc1c149afbf4c8996fb92427ae41e4649b934ca495991b7852b855	0	0	0	0	e3b0c44298fc1c149afbf4c8996fb92427ae41e4649b934ca495991b7852b855	true	0	0	0	0
2	tmp/mrs-2.5/WCH/Toolchain/RISC-V Embedded GCC/riscv-none-embed/lib/rv32imac/ilp32/libshflib.a	mrs-2.5-macos-arm64-gcc8	4df0370b6fcd9092e39d4e39574465f7710aeb4f07696a01ca18bbf6715376c1	xw-version-undeclared	false	0	0	0	0	0	true	0	e3b0c44298fc1c149afbf4c8996fb92427ae41e4649b934ca495991b7852b855	0	0	0	0	e3b0c44298fc1c149afbf4c8996fb92427ae41e4649b934ca495991b7852b855	true	0	0	0	0
2	tmp/mrs-2.5/WCH/Toolchain/RISC-V Embedded GCC/riscv-none-embed/lib/rv32imac/ilp32/libshlib.a	mrs-2.5-macos-arm64-gcc8	ef7d5da94047e7267dbe149fa1b8f9601a7a50d22b876eab8cf27a817e0b7172	xw-version-undeclared	false	0	0	0	0	0	true	0	e3b0c44298fc1c149afbf4c8996fb92427ae41e4649b934ca495991b7852b855	0	0	0	0	e3b0c44298fc1c149afbf4c8996fb92427ae41e4649b934ca495991b7852b855	true	0	0	0	0
2	tmp/mrs-2.5/WCH/Toolchain/RISC-V Embedded GCC/riscv-none-embed/lib/rv32imacxw/ilp32/libIQMath_RV32.a	mrs-2.5-macos-arm64-gcc8	470e7734545fe01ac0295284f1a8b76e20631242e4331acedec64c40eadf40cf	xw-version-undeclared	false	870	0	0	10	860	true	17	62091fb617ecc52fc5d88253d987e5f0d88e6d05808e692059d72da664271597	0	8	9	17	62091fb617ecc52fc5d88253d987e5f0d88e6d05808e692059d72da664271597	true	0	10	0	10
2	tmp/mrs-2.5/WCH/Toolchain/RISC-V Embedded GCC/riscv-none-embed/lib/rv32imacxw/ilp32/libprintf.a	mrs-2.5-macos-arm64-gcc8	509a70c34f40845fc1d8fb9deeea7ca8e546f9bd2f181ad1bdfd6b05428fea84	xw-version-undeclared	false	8	0	5	3	0	true	6	806ff7ad5598c23364f5a192f1b463d054ffaf14e2bb5e8f22e2329d2ee63597	3	3	0	6	806ff7ad5598c23364f5a192f1b463d054ffaf14e2bb5e8f22e2329d2ee63597	true	5	3	5	3
2	tmp/mrs-2.5/WCH/Toolchain/RISC-V Embedded GCC/riscv-none-embed/lib/rv32imacxw/ilp32/libprintfloat.a	mrs-2.5-macos-arm64-gcc8	6e7414fa6c83da45e3b4f5d0fc8e4fbf0311c4f0beedeeb56a07ff701d6d4041	xw-version-undeclared	false	9	0	6	3	0	true	6	31684a7f3bb57886536edaa7ef28bf26339571b7d80fd2498f2475278833489d	3	3	0	6	31684a7f3bb57886536edaa7ef28bf26339571b7d80fd2498f2475278833489d	true	6	3	6	3
2	tmp/mrs-2.5/WCH/Toolchain/RISC-V Embedded GCC/riscv-none-embed/lib/rv32imacxw/ilp32/libshflib.a	mrs-2.5-macos-arm64-gcc8	508be181f272a1016fc9d49577f92c87dda35dc5bad1318a3b629145e6b210dc	xw-version-undeclared	false	9	0	4	5	0	true	7	c60e92d12b0d6cc1c427688c10999e1a5bf3d989ae21ff35f0c6848082ca9545	3	4	0	7	c60e92d12b0d6cc1c427688c10999e1a5bf3d989ae21ff35f0c6848082ca9545	true	4	5	4	5
2	tmp/mrs-2.5/WCH/Toolchain/RISC-V Embedded GCC/riscv-none-embed/lib/rv32imacxw/ilp32/libshlib.a	mrs-2.5-macos-arm64-gcc8	edf3dbfe0b87ecc21fc1837d16d02c2bd61992dd68766ce0567d6b2270e40ade	xw-version-undeclared	false	8	0	3	5	0	true	7	aee5d3a4c1c90b3be1b0a0515d3608e9f25e5b51c0f096d7a373b07d7c39ba00	3	4	0	7	aee5d3a4c1c90b3be1b0a0515d3608e9f25e5b51c0f096d7a373b07d7c39ba00	true	3	5	3	5
2	tmp/mrs-2.5/WCH/Toolchain/RISC-V Embedded GCC/riscv-none-embed/lib/rv32imafc/ilp32f/libprintf.a	mrs-2.5-macos-arm64-gcc8	e4d37be39bab7ee5eb9bc376826238fb809ecd706d8d6d410d0ab9d84a88543f	xw-version-undeclared	false	0	0	0	0	0	true	0	e3b0c44298fc1c149afbf4c8996fb92427ae41e4649b934ca495991b7852b855	0	0	0	0	e3b0c44298fc1c149afbf4c8996fb92427ae41e4649b934ca495991b7852b855	true	0	0	0	0
2	tmp/mrs-2.5/WCH/Toolchain/RISC-V Embedded GCC/riscv-none-embed/lib/rv32imafc/ilp32f/libprintfloat.a	mrs-2.5-macos-arm64-gcc8	68b268c84319c746530e60c31a9ea630dbcd85a1ab7f120a978d0f5b7578742b	xw-version-undeclared	false	0	0	0	0	0	true	0	e3b0c44298fc1c149afbf4c8996fb92427ae41e4649b934ca495991b7852b855	0	0	0	0	e3b0c44298fc1c149afbf4c8996fb92427ae41e4649b934ca495991b7852b855	true	0	0	0	0
2	tmp/mrs-2.5/WCH/Toolchain/RISC-V Embedded GCC/riscv-none-embed/lib/rv32imafc/ilp32f/libshflib.a	mrs-2.5-macos-arm64-gcc8	245f9f62618ac19121885e7e8a1c0ffa51f240b0131ae42476987d499223a94c	xw-version-undeclared	false	0	0	0	0	0	true	0	e3b0c44298fc1c149afbf4c8996fb92427ae41e4649b934ca495991b7852b855	0	0	0	0	e3b0c44298fc1c149afbf4c8996fb92427ae41e4649b934ca495991b7852b855	true	0	0	0	0
2	tmp/mrs-2.5/WCH/Toolchain/RISC-V Embedded GCC/riscv-none-embed/lib/rv32imafc/ilp32f/libshlib.a	mrs-2.5-macos-arm64-gcc8	e10031dcaab69e7dd785c37abfc411cbf9b0ed3faf812d39f144dfe0e2c1250c	xw-version-undeclared	false	0	0	0	0	0	true	0	e3b0c44298fc1c149afbf4c8996fb92427ae41e4649b934ca495991b7852b855	0	0	0	0	e3b0c44298fc1c149afbf4c8996fb92427ae41e4649b934ca495991b7852b855	true	0	0	0	0
2	tmp/mrs-2.5/WCH/Toolchain/RISC-V Embedded GCC/riscv-none-embed/lib/rv32imafcxw/ilp32f/libprintf.a	mrs-2.5-macos-arm64-gcc8	d7ae4fa539b44b09a5bce4d3264e2c129edbba50fefa0df6c2ac4c8f86ef04f0	xw-version-undeclared	false	8	0	5	3	0	true	6	806ff7ad5598c23364f5a192f1b463d054ffaf14e2bb5e8f22e2329d2ee63597	3	3	0	6	806ff7ad5598c23364f5a192f1b463d054ffaf14e2bb5e8f22e2329d2ee63597	true	5	3	5	3
2	tmp/mrs-2.5/WCH/Toolchain/RISC-V Embedded GCC/riscv-none-embed/lib/rv32imafcxw/ilp32f/libprintfloat.a	mrs-2.5-macos-arm64-gcc8	aff70eb890fc78be0b82a498200924fb6b8e88b73c6e92e0eda9047582854f75	xw-version-undeclared	false	9	0	6	3	0	true	6	31684a7f3bb57886536edaa7ef28bf26339571b7d80fd2498f2475278833489d	3	3	0	6	31684a7f3bb57886536edaa7ef28bf26339571b7d80fd2498f2475278833489d	true	6	3	6	3
2	tmp/mrs-2.5/WCH/Toolchain/RISC-V Embedded GCC/riscv-none-embed/lib/rv32imafcxw/ilp32f/libshflib.a	mrs-2.5-macos-arm64-gcc8	22278d17da27a6d33a25986b618b2135340250a26e4f828ee7b99ff7bdff5653	xw-version-undeclared	false	9	0	4	5	0	true	7	c60e92d12b0d6cc1c427688c10999e1a5bf3d989ae21ff35f0c6848082ca9545	3	4	0	7	c60e92d12b0d6cc1c427688c10999e1a5bf3d989ae21ff35f0c6848082ca9545	true	4	5	4	5
2	tmp/mrs-2.5/WCH/Toolchain/RISC-V Embedded GCC/riscv-none-embed/lib/rv32imafcxw/ilp32f/libshlib.a	mrs-2.5-macos-arm64-gcc8	4f6f70f63f736096f7e56d406baa914d5cd39f0f26867858e872b8d88d9f0a56	xw-version-undeclared	false	8	0	3	5	0	true	7	aee5d3a4c1c90b3be1b0a0515d3608e9f25e5b51c0f096d7a373b07d7c39ba00	3	4	0	7	aee5d3a4c1c90b3be1b0a0515d3608e9f25e5b51c0f096d7a373b07d7c39ba00	true	3	5	3	5
2	tmp/mrs-2.5/WCH/Toolchain/RISC-V Embedded GCC12/riscv-wch-elf/lib/libIQmath_RV32.a	mrs-2.5-macos-arm64-gcc12	73d32a3d7216ae88df457bcbdf76f54fff2bf5fa7dbb16d5a0b6bcede04b78bb	xw-version-undeclared	false	860	0	0	0	860	true	9	bc0ffe3c2072f991a32665f89d845b438dda60c4c4ddfea30702e60721ac6e55	0	0	9	9	bc0ffe3c2072f991a32665f89d845b438dda60c4c4ddfea30702e60721ac6e55	true	0	0	0	0
2	tmp/mrs-2.5/WCH/Toolchain/RISC-V Embedded GCC12/riscv-wch-elf/lib/libprintf.a	mrs-2.5-macos-arm64-gcc12	9b874871223df1072aad7440864c60018b111e4fc7044dbfec5712b106ecb774	xw-version-undeclared	false	0	0	0	0	0	true	0	e3b0c44298fc1c149afbf4c8996fb92427ae41e4649b934ca495991b7852b855	0	0	0	0	e3b0c44298fc1c149afbf4c8996fb92427ae41e4649b934ca495991b7852b855	true	0	0	0	0
2	tmp/mrs-2.5/WCH/Toolchain/RISC-V Embedded GCC12/riscv-wch-elf/lib/libprintfloat.a	mrs-2.5-macos-arm64-gcc12	871cee3626ca59f77a0ae30feef27eee4c8b0e84f773e5089080f525d6a334b2	xw-version-undeclared	false	0	0	0	0	0	true	0	e3b0c44298fc1c149afbf4c8996fb92427ae41e4649b934ca495991b7852b855	0	0	0	0	e3b0c44298fc1c149afbf4c8996fb92427ae41e4649b934ca495991b7852b855	true	0	0	0	0
2	tmp/mrs-2.5/WCH/Toolchain/RISC-V Embedded GCC12/riscv-wch-elf/lib/libshflib.a	mrs-2.5-macos-arm64-gcc12	4df0370b6fcd9092e39d4e39574465f7710aeb4f07696a01ca18bbf6715376c1	xw-version-undeclared	false	0	0	0	0	0	true	0	e3b0c44298fc1c149afbf4c8996fb92427ae41e4649b934ca495991b7852b855	0	0	0	0	e3b0c44298fc1c149afbf4c8996fb92427ae41e4649b934ca495991b7852b855	true	0	0	0	0
2	tmp/mrs-2.5/WCH/Toolchain/RISC-V Embedded GCC12/riscv-wch-elf/lib/libshlib.a	mrs-2.5-macos-arm64-gcc12	ef7d5da94047e7267dbe149fa1b8f9601a7a50d22b876eab8cf27a817e0b7172	xw-version-undeclared	false	0	0	0	0	0	true	0	e3b0c44298fc1c149afbf4c8996fb92427ae41e4649b934ca495991b7852b855	0	0	0	0	e3b0c44298fc1c149afbf4c8996fb92427ae41e4649b934ca495991b7852b855	true	0	0	0	0
2	tmp/mrs-2.5/WCH/Toolchain/RISC-V Embedded GCC12/riscv-wch-elf/lib/rv32ec/ilp32e/libIQmath_RV32.a	mrs-2.5-macos-arm64-gcc12	d2715b286a4f0e8119698735fb2c86209b169c716be9702a7a0040b241655be9	xw-version-undeclared	false	1115	0	0	0	1115	true	14	3894d04835b5a88fbeab238bcdabb7e5d1aa2b162cf0101420269c088956e30f	0	0	14	14	3894d04835b5a88fbeab238bcdabb7e5d1aa2b162cf0101420269c088956e30f	true	0	0	0	0
2	tmp/mrs-2.5/WCH/Toolchain/RISC-V Embedded GCC12/riscv-wch-elf/lib/rv32ec/ilp32e/libprintf.a	mrs-2.5-macos-arm64-gcc12	bc00c4be3dc1562932611a60005e8639e4ded58d0679a7f3d82906ffe0b3cf7c	xw-version-undeclared	false	0	0	0	0	0	true	0	e3b0c44298fc1c149afbf4c8996fb92427ae41e4649b934ca495991b7852b855	0	0	0	0	e3b0c44298fc1c149afbf4c8996fb92427ae41e4649b934ca495991b7852b855	true	0	0	0	0
2	tmp/mrs-2.5/WCH/Toolchain/RISC-V Embedded GCC12/riscv-wch-elf/lib/rv32ec/ilp32e/libprintfloat.a	mrs-2.5-macos-arm64-gcc12	c163dac0d61c66d52e3a543689b5bc044ea4ab840251fd618ba99dfc73068af5	xw-version-undeclared	false	0	0	0	0	0	true	0	e3b0c44298fc1c149afbf4c8996fb92427ae41e4649b934ca495991b7852b855	0	0	0	0	e3b0c44298fc1c149afbf4c8996fb92427ae41e4649b934ca495991b7852b855	true	0	0	0	0
2	tmp/mrs-2.5/WCH/Toolchain/RISC-V Embedded GCC12/riscv-wch-elf/lib/rv32ec/ilp32e/libshflib.a	mrs-2.5-macos-arm64-gcc12	eaa98b8f1679126e15d23c9ac1f395b14381f659a0e0d4164daa5d269b658f15	xw-version-undeclared	false	0	0	0	0	0	true	0	e3b0c44298fc1c149afbf4c8996fb92427ae41e4649b934ca495991b7852b855	0	0	0	0	e3b0c44298fc1c149afbf4c8996fb92427ae41e4649b934ca495991b7852b855	true	0	0	0	0
2	tmp/mrs-2.5/WCH/Toolchain/RISC-V Embedded GCC12/riscv-wch-elf/lib/rv32ec/ilp32e/libshlib.a	mrs-2.5-macos-arm64-gcc12	b8a3b54a8695739218668b5a487fa719b5a1083828d0bf091f28b22dbbd5ab4a	xw-version-undeclared	false	0	0	0	0	0	true	0	e3b0c44298fc1c149afbf4c8996fb92427ae41e4649b934ca495991b7852b855	0	0	0	0	e3b0c44298fc1c149afbf4c8996fb92427ae41e4649b934ca495991b7852b855	true	0	0	0	0
2	tmp/mrs-2.5/WCH/Toolchain/RISC-V Embedded GCC12/riscv-wch-elf/lib/rv32ec_xw/ilp32e/libIQmath_RV32.a	mrs-2.5-macos-arm64-gcc12	937abb985b9dcf4aa2d44903622146de6a4c75e0a1b01c72bb9ec7758e3ec4f4	xw-version-undeclared	false	1126	0	0	11	1115	true	22	38f48fce832d7608632c755012baffad2c64549a1f691417cdd6c46724253e08	0	8	14	22	38f48fce832d7608632c755012baffad2c64549a1f691417cdd6c46724253e08	true	0	11	0	11
2	tmp/mrs-2.5/WCH/Toolchain/RISC-V Embedded GCC12/riscv-wch-elf/lib/rv32ec_xw/ilp32e/libprintf.a	mrs-2.5-macos-arm64-gcc12	0e2096fa2cadb82b286154416902f48d25e111855309e31e1e2eff7f562fd951	xw-version-undeclared	false	7	0	4	3	0	true	5	29a93f789f32624be2b78ba18b7cda9ed4f624d02927cd82b00791c812062da3	2	3	0	5	29a93f789f32624be2b78ba18b7cda9ed4f624d02927cd82b00791c812062da3	true	4	3	4	3
2	tmp/mrs-2.5/WCH/Toolchain/RISC-V Embedded GCC12/riscv-wch-elf/lib/rv32ec_xw/ilp32e/libprintfloat.a	mrs-2.5-macos-arm64-gcc12	91043cc2cf897118c784c01e84bc88f3985caf4b1184ff40cc46e11bd8abe3a1	xw-version-undeclared	false	7	0	4	3	0	true	5	29a93f789f32624be2b78ba18b7cda9ed4f624d02927cd82b00791c812062da3	2	3	0	5	29a93f789f32624be2b78ba18b7cda9ed4f624d02927cd82b00791c812062da3	true	4	3	4	3
2	tmp/mrs-2.5/WCH/Toolchain/RISC-V Embedded GCC12/riscv-wch-elf/lib/rv32ec_xw/ilp32e/libshflib.a	mrs-2.5-macos-arm64-gcc12	2c5d11e5275f50eb32de8122e720b78bb3976fa768c0f6571c0a36db5d7dafe3	xw-version-undeclared	false	7	0	2	5	0	true	6	6ec7910c05c2e6e199566f774fe5c311c23db80af0018e36445bcb083c139642	2	4	0	6	6ec7910c05c2e6e199566f774fe5c311c23db80af0018e36445bcb083c139642	true	2	5	2	5
2	tmp/mrs-2.5/WCH/Toolchain/RISC-V Embedded GCC12/riscv-wch-elf/lib/rv32ec_xw/ilp32e/libshlib.a	mrs-2.5-macos-arm64-gcc12	faf8a5b888a6ee3f3e0d7d56c475c7b4b7ef97f6a78c84269cfbef640e103f63	xw-version-undeclared	false	7	0	2	5	0	true	6	6ec7910c05c2e6e199566f774fe5c311c23db80af0018e36445bcb083c139642	2	4	0	6	6ec7910c05c2e6e199566f774fe5c311c23db80af0018e36445bcb083c139642	true	2	5	2	5
2	tmp/mrs-2.5/WCH/Toolchain/RISC-V Embedded GCC12/riscv-wch-elf/lib/rv32ec_zmmul/ilp32e/libIQmath_RV32.a	mrs-2.5-macos-arm64-gcc12	5da756ddc3b30b2875a25a7877e47d47f91a686c1836482cf8eae20a3e05cec8	xw-version-undeclared	true	1034	0	0	0	1034	true	9	7c5a272494631ce9341d8e07fc73db72b6faaa717040120f2f0133ad8330d6b5	0	0	9	9	7c5a272494631ce9341d8e07fc73db72b6faaa717040120f2f0133ad8330d6b5	true	0	0	0	0
2	tmp/mrs-2.5/WCH/Toolchain/RISC-V Embedded GCC12/riscv-wch-elf/lib/rv32ec_zmmul/ilp32e/libprintf.a	mrs-2.5-macos-arm64-gcc12	5a72c52d3a17750c4d9ab170a2c44b6bd5b17a80870107f277f084f55d0231dc	xw-version-undeclared	true	0	0	0	0	0	true	0	e3b0c44298fc1c149afbf4c8996fb92427ae41e4649b934ca495991b7852b855	0	0	0	0	e3b0c44298fc1c149afbf4c8996fb92427ae41e4649b934ca495991b7852b855	true	0	0	0	0
2	tmp/mrs-2.5/WCH/Toolchain/RISC-V Embedded GCC12/riscv-wch-elf/lib/rv32ec_zmmul/ilp32e/libprintfloat.a	mrs-2.5-macos-arm64-gcc12	45823bad9d5b4bf00ac088509d241d77ad3544ab487e23e1dbbcbbb89fdb50a2	xw-version-undeclared	true	0	0	0	0	0	true	0	e3b0c44298fc1c149afbf4c8996fb92427ae41e4649b934ca495991b7852b855	0	0	0	0	e3b0c44298fc1c149afbf4c8996fb92427ae41e4649b934ca495991b7852b855	true	0	0	0	0
2	tmp/mrs-2.5/WCH/Toolchain/RISC-V Embedded GCC12/riscv-wch-elf/lib/rv32ec_zmmul/ilp32e/libshflib.a	mrs-2.5-macos-arm64-gcc12	572b6fe3e29e4b9ee9cabecc9e1fd1a6067928aa16170e91953179ab4d9779bf	xw-version-undeclared	true	0	0	0	0	0	true	0	e3b0c44298fc1c149afbf4c8996fb92427ae41e4649b934ca495991b7852b855	0	0	0	0	e3b0c44298fc1c149afbf4c8996fb92427ae41e4649b934ca495991b7852b855	true	0	0	0	0
2	tmp/mrs-2.5/WCH/Toolchain/RISC-V Embedded GCC12/riscv-wch-elf/lib/rv32ec_zmmul/ilp32e/libshlib.a	mrs-2.5-macos-arm64-gcc12	1f88b599cb9914d22366bbf98c196ac1ad539327cfaaef3992858c83c627823b	xw-version-undeclared	true	0	0	0	0	0	true	0	e3b0c44298fc1c149afbf4c8996fb92427ae41e4649b934ca495991b7852b855	0	0	0	0	e3b0c44298fc1c149afbf4c8996fb92427ae41e4649b934ca495991b7852b855	true	0	0	0	0
2	tmp/mrs-2.5/WCH/Toolchain/RISC-V Embedded GCC12/riscv-wch-elf/lib/rv32ec_zmmul_xw/ilp32e/libIQmath_RV32.a	mrs-2.5-macos-arm64-gcc12	881ca4e1c22ac6b147a89ed75fe0c966152dca92d1c105b6b87ea75320e3ea1e	xw2p2	true	1047	0	13	0	1034	true	18	4cac0a1f41a6c54a5b23b6db3427604062684984ed47f6af9e0aeafdebbd17aa	9	0	9	18	4cac0a1f41a6c54a5b23b6db3427604062684984ed47f6af9e0aeafdebbd17aa	true	13	0	13	0
2	tmp/mrs-2.5/WCH/Toolchain/RISC-V Embedded GCC12/riscv-wch-elf/lib/rv32ec_zmmul_xw/ilp32e/libprintf.a	mrs-2.5-macos-arm64-gcc12	89ba7db7531d2e5af704e79aee4015b96a1617a54725a88632b8c5b2d885de7a	xw2p2	true	4	0	4	0	0	true	3	cc7ae6c3a532ce5d178ad623875bb1981b0bc27a903c2bca19d2a2fc12c9873f	3	0	0	3	cc7ae6c3a532ce5d178ad623875bb1981b0bc27a903c2bca19d2a2fc12c9873f	true	4	0	4	0
2	tmp/mrs-2.5/WCH/Toolchain/RISC-V Embedded GCC12/riscv-wch-elf/lib/rv32ec_zmmul_xw/ilp32e/libprintfloat.a	mrs-2.5-macos-arm64-gcc12	a1178329ce0f44f4696b23972f837b2f175656429568f4e1fd5d023eff7a8c24	xw2p2	true	4	0	4	0	0	true	3	cc7ae6c3a532ce5d178ad623875bb1981b0bc27a903c2bca19d2a2fc12c9873f	3	0	0	3	cc7ae6c3a532ce5d178ad623875bb1981b0bc27a903c2bca19d2a2fc12c9873f	true	4	0	4	0
2	tmp/mrs-2.5/WCH/Toolchain/RISC-V Embedded GCC12/riscv-wch-elf/lib/rv32ec_zmmul_xw/ilp32e/libshflib.a	mrs-2.5-macos-arm64-gcc12	bc7c7ecf5b407f560e41abdde3098a64b30979b246559ce4c550d8b219c77bcb	xw2p2	true	7	0	7	0	0	true	6	07318c1603303df17ab484f5e54a863296427dc8b01791af51fc14b50db74c87	6	0	0	6	07318c1603303df17ab484f5e54a863296427dc8b01791af51fc14b50db74c87	true	7	0	7	0
2	tmp/mrs-2.5/WCH/Toolchain/RISC-V Embedded GCC12/riscv-wch-elf/lib/rv32ec_zmmul_xw/ilp32e/libshlib.a	mrs-2.5-macos-arm64-gcc12	62dcc5a34c5add7b29e53ad3f1bd761388e09b27cb365b74cde8aa09b92b6413	xw2p2	true	7	0	7	0	0	true	6	07318c1603303df17ab484f5e54a863296427dc8b01791af51fc14b50db74c87	6	0	0	6	07318c1603303df17ab484f5e54a863296427dc8b01791af51fc14b50db74c87	true	7	0	7	0
2	tmp/mrs-2.5/WCH/Toolchain/RISC-V Embedded GCC12/riscv-wch-elf/lib/rv32imac_xw/ilp32/libIQmath_RV32.a	mrs-2.5-macos-arm64-gcc12	470e7734545fe01ac0295284f1a8b76e20631242e4331acedec64c40eadf40cf	xw-version-undeclared	false	870	0	0	10	860	true	17	62091fb617ecc52fc5d88253d987e5f0d88e6d05808e692059d72da664271597	0	8	9	17	62091fb617ecc52fc5d88253d987e5f0d88e6d05808e692059d72da664271597	true	0	10	0	10
2	tmp/mrs-2.5/WCH/Toolchain/RISC-V Embedded GCC12/riscv-wch-elf/lib/rv32imac_xw/ilp32/libprintf.a	mrs-2.5-macos-arm64-gcc12	509a70c34f40845fc1d8fb9deeea7ca8e546f9bd2f181ad1bdfd6b05428fea84	xw-version-undeclared	false	8	0	5	3	0	true	6	806ff7ad5598c23364f5a192f1b463d054ffaf14e2bb5e8f22e2329d2ee63597	3	3	0	6	806ff7ad5598c23364f5a192f1b463d054ffaf14e2bb5e8f22e2329d2ee63597	true	5	3	5	3
2	tmp/mrs-2.5/WCH/Toolchain/RISC-V Embedded GCC12/riscv-wch-elf/lib/rv32imac_xw/ilp32/libprintfloat.a	mrs-2.5-macos-arm64-gcc12	6e7414fa6c83da45e3b4f5d0fc8e4fbf0311c4f0beedeeb56a07ff701d6d4041	xw-version-undeclared	false	9	0	6	3	0	true	6	31684a7f3bb57886536edaa7ef28bf26339571b7d80fd2498f2475278833489d	3	3	0	6	31684a7f3bb57886536edaa7ef28bf26339571b7d80fd2498f2475278833489d	true	6	3	6	3
2	tmp/mrs-2.5/WCH/Toolchain/RISC-V Embedded GCC12/riscv-wch-elf/lib/rv32imac_xw/ilp32/libshflib.a	mrs-2.5-macos-arm64-gcc12	508be181f272a1016fc9d49577f92c87dda35dc5bad1318a3b629145e6b210dc	xw-version-undeclared	false	9	0	4	5	0	true	7	c60e92d12b0d6cc1c427688c10999e1a5bf3d989ae21ff35f0c6848082ca9545	3	4	0	7	c60e92d12b0d6cc1c427688c10999e1a5bf3d989ae21ff35f0c6848082ca9545	true	4	5	4	5
2	tmp/mrs-2.5/WCH/Toolchain/RISC-V Embedded GCC12/riscv-wch-elf/lib/rv32imac_xw/ilp32/libshlib.a	mrs-2.5-macos-arm64-gcc12	edf3dbfe0b87ecc21fc1837d16d02c2bd61992dd68766ce0567d6b2270e40ade	xw-version-undeclared	false	8	0	3	5	0	true	7	aee5d3a4c1c90b3be1b0a0515d3608e9f25e5b51c0f096d7a373b07d7c39ba00	3	4	0	7	aee5d3a4c1c90b3be1b0a0515d3608e9f25e5b51c0f096d7a373b07d7c39ba00	true	3	5	3	5
2	tmp/mrs-2.5/WCH/Toolchain/RISC-V Embedded GCC12/riscv-wch-elf/lib/rv32imac_zba_zbb_zbc_zbs/ilp32/libIQmath_RV32.a	mrs-2.5-macos-arm64-gcc12	cb96401493edef19da273a999431339f8a23aefb46c4b51af723281ea4ad3470	xw-version-undeclared	true	1116	0	0	0	1116	true	15	305b761adb92b2724655d4da882c4fdaa55f2a0071cbdab21ec9534318f05102	0	0	15	15	305b761adb92b2724655d4da882c4fdaa55f2a0071cbdab21ec9534318f05102	true	0	0	0	0
2	tmp/mrs-2.5/WCH/Toolchain/RISC-V Embedded GCC12/riscv-wch-elf/lib/rv32imac_zba_zbb_zbc_zbs/ilp32/libprintf.a	mrs-2.5-macos-arm64-gcc12	3c5a7c94334230905f944437c198ab0988cd389f8067f09f8f52750707b2d371	xw-version-undeclared	true	1	0	0	0	1	true	1	63e9344b37052a7019c1f9d217f5c571a638d8b6ad6755508f625072a1e48153	0	0	1	1	63e9344b37052a7019c1f9d217f5c571a638d8b6ad6755508f625072a1e48153	true	0	0	0	0
2	tmp/mrs-2.5/WCH/Toolchain/RISC-V Embedded GCC12/riscv-wch-elf/lib/rv32imac_zba_zbb_zbc_zbs/ilp32/libprintfloat.a	mrs-2.5-macos-arm64-gcc12	929e57b84a207eb1f8debd3c5a4588e1314a907087623891c7ebb53be93d9388	xw-version-undeclared	true	1	0	0	0	1	true	1	63e9344b37052a7019c1f9d217f5c571a638d8b6ad6755508f625072a1e48153	0	0	1	1	63e9344b37052a7019c1f9d217f5c571a638d8b6ad6755508f625072a1e48153	true	0	0	0	0
2	tmp/mrs-2.5/WCH/Toolchain/RISC-V Embedded GCC12/riscv-wch-elf/lib/rv32imac_zba_zbb_zbc_zbs/ilp32/libshflib.a	mrs-2.5-macos-arm64-gcc12	44204c0f90a99a1804cfe938d19333d89a50837a9429eb79f85edef046d4fcd1	xw-version-undeclared	true	1	0	0	0	1	true	1	878db9fc421cb86f493f3951f922440299ea5480bae3453569546fe58e3f8edc	0	0	1	1	878db9fc421cb86f493f3951f922440299ea5480bae3453569546fe58e3f8edc	true	0	0	0	0
2	tmp/mrs-2.5/WCH/Toolchain/RISC-V Embedded GCC12/riscv-wch-elf/lib/rv32imac_zba_zbb_zbc_zbs/ilp32/libshlib.a	mrs-2.5-macos-arm64-gcc12	45b3c18050abc30c71ab4c6172e9a2010f2412e2240f6c3aafe35525a28c1446	xw-version-undeclared	true	1	0	0	0	1	true	1	878db9fc421cb86f493f3951f922440299ea5480bae3453569546fe58e3f8edc	0	0	1	1	878db9fc421cb86f493f3951f922440299ea5480bae3453569546fe58e3f8edc	true	0	0	0	0
2	tmp/mrs-2.5/WCH/Toolchain/RISC-V Embedded GCC12/riscv-wch-elf/lib/rv32imac_zba_zbb_zbc_zbs_xw/ilp32/libIQmath_RV32.a	mrs-2.5-macos-arm64-gcc12	34f1d4c2084ff5727f7b4592de392776cb24f510b5dbdd172f8193c0a538dc76	xw2p2	true	1124	0	8	0	1116	true	20	b43dc4f5c7f010422eec391f4cdc66700540efa43c4afa41af98815995aee53b	5	0	15	20	b43dc4f5c7f010422eec391f4cdc66700540efa43c4afa41af98815995aee53b	true	8	0	8	0
2	tmp/mrs-2.5/WCH/Toolchain/RISC-V Embedded GCC12/riscv-wch-elf/lib/rv32imac_zba_zbb_zbc_zbs_xw/ilp32/libprintf.a	mrs-2.5-macos-arm64-gcc12	c9b7272513eadc4bb74b379d0ce39a4218047a96ecae31b53edf3147c1cb303e	xw2p2	true	6	0	5	0	1	true	5	1e15f196ebfeabe0241634a31bc205e509fa81c0bd22188f01e4026e3dbf9dfc	4	0	1	5	1e15f196ebfeabe0241634a31bc205e509fa81c0bd22188f01e4026e3dbf9dfc	true	5	0	5	0
2	tmp/mrs-2.5/WCH/Toolchain/RISC-V Embedded GCC12/riscv-wch-elf/lib/rv32imac_zba_zbb_zbc_zbs_xw/ilp32/libprintfloat.a	mrs-2.5-macos-arm64-gcc12	105c306a2bde1a1e5fe5d19619af895f8dfd5bd4d59163500b14e7d3df11ca0e	xw2p2	true	7	0	6	0	1	true	4	7a37d26a3578c8190d5d65b0f9245d9ab467f55d3c073397dc984e993bd6b899	3	0	1	4	7a37d26a3578c8190d5d65b0f9245d9ab467f55d3c073397dc984e993bd6b899	true	6	0	6	0
2	tmp/mrs-2.5/WCH/Toolchain/RISC-V Embedded GCC12/riscv-wch-elf/lib/rv32imac_zba_zbb_zbc_zbs_xw/ilp32/libshflib.a	mrs-2.5-macos-arm64-gcc12	f3d4e59fd684e00d357fef3a0e720cc3332cf6cd7596a98f8b468a8a8e43c3a1	xw2p2	true	7	0	6	0	1	true	5	d526fb266a22084275f398163494b3228289c5ce53a69588633cf5d0645a8bc6	4	0	1	5	d526fb266a22084275f398163494b3228289c5ce53a69588633cf5d0645a8bc6	true	6	0	6	0
2	tmp/mrs-2.5/WCH/Toolchain/RISC-V Embedded GCC12/riscv-wch-elf/lib/rv32imac_zba_zbb_zbc_zbs_xw/ilp32/libshlib.a	mrs-2.5-macos-arm64-gcc12	ee0cf3cb93e2aa698d8b28ef79dbdc5b48f7c39c9cc8fe69959f85a277131ff5	xw2p2	true	6	0	5	0	1	true	6	b34c769dd38178686c55765d27fe7af82f86c31f275bc7ed442064ebd810f269	5	0	1	6	b34c769dd38178686c55765d27fe7af82f86c31f275bc7ed442064ebd810f269	true	5	0	5	0
2	tmp/mrs-2.5/WCH/Toolchain/RISC-V Embedded GCC12/riscv-wch-elf/lib/rv32imafc/ilp32f/libprintf.a	mrs-2.5-macos-arm64-gcc12	e4d37be39bab7ee5eb9bc376826238fb809ecd706d8d6d410d0ab9d84a88543f	xw-version-undeclared	false	0	0	0	0	0	true	0	e3b0c44298fc1c149afbf4c8996fb92427ae41e4649b934ca495991b7852b855	0	0	0	0	e3b0c44298fc1c149afbf4c8996fb92427ae41e4649b934ca495991b7852b855	true	0	0	0	0
2	tmp/mrs-2.5/WCH/Toolchain/RISC-V Embedded GCC12/riscv-wch-elf/lib/rv32imafc/ilp32f/libprintfloat.a	mrs-2.5-macos-arm64-gcc12	68b268c84319c746530e60c31a9ea630dbcd85a1ab7f120a978d0f5b7578742b	xw-version-undeclared	false	0	0	0	0	0	true	0	e3b0c44298fc1c149afbf4c8996fb92427ae41e4649b934ca495991b7852b855	0	0	0	0	e3b0c44298fc1c149afbf4c8996fb92427ae41e4649b934ca495991b7852b855	true	0	0	0	0
2	tmp/mrs-2.5/WCH/Toolchain/RISC-V Embedded GCC12/riscv-wch-elf/lib/rv32imafc/ilp32f/libshflib.a	mrs-2.5-macos-arm64-gcc12	245f9f62618ac19121885e7e8a1c0ffa51f240b0131ae42476987d499223a94c	xw-version-undeclared	false	0	0	0	0	0	true	0	e3b0c44298fc1c149afbf4c8996fb92427ae41e4649b934ca495991b7852b855	0	0	0	0	e3b0c44298fc1c149afbf4c8996fb92427ae41e4649b934ca495991b7852b855	true	0	0	0	0
2	tmp/mrs-2.5/WCH/Toolchain/RISC-V Embedded GCC12/riscv-wch-elf/lib/rv32imafc/ilp32f/libshlib.a	mrs-2.5-macos-arm64-gcc12	e10031dcaab69e7dd785c37abfc411cbf9b0ed3faf812d39f144dfe0e2c1250c	xw-version-undeclared	false	0	0	0	0	0	true	0	e3b0c44298fc1c149afbf4c8996fb92427ae41e4649b934ca495991b7852b855	0	0	0	0	e3b0c44298fc1c149afbf4c8996fb92427ae41e4649b934ca495991b7852b855	true	0	0	0	0
2	tmp/mrs-2.5/WCH/Toolchain/RISC-V Embedded GCC12/riscv-wch-elf/lib/rv32imafc_xw/ilp32f/libprintf.a	mrs-2.5-macos-arm64-gcc12	d7ae4fa539b44b09a5bce4d3264e2c129edbba50fefa0df6c2ac4c8f86ef04f0	xw-version-undeclared	false	8	0	5	3	0	true	6	806ff7ad5598c23364f5a192f1b463d054ffaf14e2bb5e8f22e2329d2ee63597	3	3	0	6	806ff7ad5598c23364f5a192f1b463d054ffaf14e2bb5e8f22e2329d2ee63597	true	5	3	5	3
2	tmp/mrs-2.5/WCH/Toolchain/RISC-V Embedded GCC12/riscv-wch-elf/lib/rv32imafc_xw/ilp32f/libprintfloat.a	mrs-2.5-macos-arm64-gcc12	aff70eb890fc78be0b82a498200924fb6b8e88b73c6e92e0eda9047582854f75	xw-version-undeclared	false	9	0	6	3	0	true	6	31684a7f3bb57886536edaa7ef28bf26339571b7d80fd2498f2475278833489d	3	3	0	6	31684a7f3bb57886536edaa7ef28bf26339571b7d80fd2498f2475278833489d	true	6	3	6	3
2	tmp/mrs-2.5/WCH/Toolchain/RISC-V Embedded GCC12/riscv-wch-elf/lib/rv32imafc_xw/ilp32f/libshflib.a	mrs-2.5-macos-arm64-gcc12	22278d17da27a6d33a25986b618b2135340250a26e4f828ee7b99ff7bdff5653	xw-version-undeclared	false	9	0	4	5	0	true	7	c60e92d12b0d6cc1c427688c10999e1a5bf3d989ae21ff35f0c6848082ca9545	3	4	0	7	c60e92d12b0d6cc1c427688c10999e1a5bf3d989ae21ff35f0c6848082ca9545	true	4	5	4	5
2	tmp/mrs-2.5/WCH/Toolchain/RISC-V Embedded GCC12/riscv-wch-elf/lib/rv32imafc_xw/ilp32f/libshlib.a	mrs-2.5-macos-arm64-gcc12	4f6f70f63f736096f7e56d406baa914d5cd39f0f26867858e872b8d88d9f0a56	xw-version-undeclared	false	8	0	3	5	0	true	7	aee5d3a4c1c90b3be1b0a0515d3608e9f25e5b51c0f096d7a373b07d7c39ba00	3	4	0	7	aee5d3a4c1c90b3be1b0a0515d3608e9f25e5b51c0f096d7a373b07d7c39ba00	true	3	5	3	5
2	tmp/mrs-2.5/WCH/Toolchain/RISC-V Embedded GCC12/riscv-wch-elf/lib/rv32imafc_zba_zbb_zbc_zbs/ilp32f/libprintf.a	mrs-2.5-macos-arm64-gcc12	6283186f34b0ba626f3bf590a35ab2ef844e90c4ecf2da529e07be43c63c80be	xw-version-undeclared	true	1	0	0	0	1	true	1	63e9344b37052a7019c1f9d217f5c571a638d8b6ad6755508f625072a1e48153	0	0	1	1	63e9344b37052a7019c1f9d217f5c571a638d8b6ad6755508f625072a1e48153	true	0	0	0	0
2	tmp/mrs-2.5/WCH/Toolchain/RISC-V Embedded GCC12/riscv-wch-elf/lib/rv32imafc_zba_zbb_zbc_zbs/ilp32f/libprintfloat.a	mrs-2.5-macos-arm64-gcc12	778e52cfb23bfb1dfc4313555ea14d5549805316ac4056b623e02d0fc9be88f1	xw-version-undeclared	true	1	0	0	0	1	true	1	63e9344b37052a7019c1f9d217f5c571a638d8b6ad6755508f625072a1e48153	0	0	1	1	63e9344b37052a7019c1f9d217f5c571a638d8b6ad6755508f625072a1e48153	true	0	0	0	0
2	tmp/mrs-2.5/WCH/Toolchain/RISC-V Embedded GCC12/riscv-wch-elf/lib/rv32imafc_zba_zbb_zbc_zbs/ilp32f/libshflib.a	mrs-2.5-macos-arm64-gcc12	4a98453582cf85230091748d4065495e86483a2c7831d803f355d878bcb48dde	xw-version-undeclared	true	1	0	0	0	1	true	1	878db9fc421cb86f493f3951f922440299ea5480bae3453569546fe58e3f8edc	0	0	1	1	878db9fc421cb86f493f3951f922440299ea5480bae3453569546fe58e3f8edc	true	0	0	0	0
2	tmp/mrs-2.5/WCH/Toolchain/RISC-V Embedded GCC12/riscv-wch-elf/lib/rv32imafc_zba_zbb_zbc_zbs/ilp32f/libshlib.a	mrs-2.5-macos-arm64-gcc12	80ed363582c4fefc55cacb14fd8bfcde86018cd21bcceb1d84ace15259066ce4	xw-version-undeclared	true	1	0	0	0	1	true	1	878db9fc421cb86f493f3951f922440299ea5480bae3453569546fe58e3f8edc	0	0	1	1	878db9fc421cb86f493f3951f922440299ea5480bae3453569546fe58e3f8edc	true	0	0	0	0
2	tmp/mrs-2.5/WCH/Toolchain/RISC-V Embedded GCC12/riscv-wch-elf/lib/rv32imafc_zba_zbb_zbc_zbs_xw/ilp32f/libprintf.a	mrs-2.5-macos-arm64-gcc12	d9213c09bfd25d1c43cabae05b83cabc7d47204409e74000cfb75896efa4fe29	xw2p2	true	6	0	5	0	1	true	5	1e15f196ebfeabe0241634a31bc205e509fa81c0bd22188f01e4026e3dbf9dfc	4	0	1	5	1e15f196ebfeabe0241634a31bc205e509fa81c0bd22188f01e4026e3dbf9dfc	true	5	0	5	0
2	tmp/mrs-2.5/WCH/Toolchain/RISC-V Embedded GCC12/riscv-wch-elf/lib/rv32imafc_zba_zbb_zbc_zbs_xw/ilp32f/libprintfloat.a	mrs-2.5-macos-arm64-gcc12	11673c81e051ae4f49234c2e9ced26fce3a8cdc8b5a1cc650455c443aee8ac75	xw2p2	true	7	0	6	0	1	true	4	7a37d26a3578c8190d5d65b0f9245d9ab467f55d3c073397dc984e993bd6b899	3	0	1	4	7a37d26a3578c8190d5d65b0f9245d9ab467f55d3c073397dc984e993bd6b899	true	6	0	6	0
2	tmp/mrs-2.5/WCH/Toolchain/RISC-V Embedded GCC12/riscv-wch-elf/lib/rv32imafc_zba_zbb_zbc_zbs_xw/ilp32f/libshflib.a	mrs-2.5-macos-arm64-gcc12	73bc78ffe027baf1f8fc1fb1d164b20c2f003a0df190ddbb744c9efdf9695980	xw2p2	true	7	0	6	0	1	true	5	d526fb266a22084275f398163494b3228289c5ce53a69588633cf5d0645a8bc6	4	0	1	5	d526fb266a22084275f398163494b3228289c5ce53a69588633cf5d0645a8bc6	true	6	0	6	0
2	tmp/mrs-2.5/WCH/Toolchain/RISC-V Embedded GCC12/riscv-wch-elf/lib/rv32imafc_zba_zbb_zbc_zbs_xw/ilp32f/libshlib.a	mrs-2.5-macos-arm64-gcc12	13590f485903d5fa2a1a3079a5a78824b2d0aaf4af471efcd78ff60bf156f42e	xw2p2	true	6	0	5	0	1	true	6	b34c769dd38178686c55765d27fe7af82f86c31f275bc7ed442064ebd810f269	5	0	1	6	b34c769dd38178686c55765d27fe7af82f86c31f275bc7ed442064ebd810f269	true	5	0	5	0
2	tmp/mrs-2.5/WCH/Toolchain/RISC-V Embedded GCC12/riscv-wch-elf/lib/rv32imc_zba_zbb_zbc_zbs/ilp32/libIQmath_RV32.a	mrs-2.5-macos-arm64-gcc12	cb96401493edef19da273a999431339f8a23aefb46c4b51af723281ea4ad3470	xw-version-undeclared	true	1116	0	0	0	1116	true	15	305b761adb92b2724655d4da882c4fdaa55f2a0071cbdab21ec9534318f05102	0	0	15	15	305b761adb92b2724655d4da882c4fdaa55f2a0071cbdab21ec9534318f05102	true	0	0	0	0
2	tmp/mrs-2.5/WCH/Toolchain/RISC-V Embedded GCC12/riscv-wch-elf/lib/rv32imc_zba_zbb_zbc_zbs/ilp32/libprintf.a	mrs-2.5-macos-arm64-gcc12	ad2c8b4208d71e81f612c988a77ba3ec8108bd0d9d8bd63e7ba128492310e8ac	xw-version-undeclared	true	1	0	0	0	1	true	1	63e9344b37052a7019c1f9d217f5c571a638d8b6ad6755508f625072a1e48153	0	0	1	1	63e9344b37052a7019c1f9d217f5c571a638d8b6ad6755508f625072a1e48153	true	0	0	0	0
2	tmp/mrs-2.5/WCH/Toolchain/RISC-V Embedded GCC12/riscv-wch-elf/lib/rv32imc_zba_zbb_zbc_zbs/ilp32/libprintfloat.a	mrs-2.5-macos-arm64-gcc12	3e8c5b022e1b76d449131397de2260f73c24837564971a5295c9b9deb9b84c47	xw2p2	true	7	0	6	0	1	true	4	7a37d26a3578c8190d5d65b0f9245d9ab467f55d3c073397dc984e993bd6b899	3	0	1	4	7a37d26a3578c8190d5d65b0f9245d9ab467f55d3c073397dc984e993bd6b899	true	6	0	6	0
2	tmp/mrs-2.5/WCH/Toolchain/RISC-V Embedded GCC12/riscv-wch-elf/lib/rv32imc_zba_zbb_zbc_zbs/ilp32/libshflib.a	mrs-2.5-macos-arm64-gcc12	cf543505c146ae4294205e201acf0d6ab7e7f9d11edf88fdf9e024f6c4a1c881	xw-version-undeclared	true	1	0	0	0	1	true	1	878db9fc421cb86f493f3951f922440299ea5480bae3453569546fe58e3f8edc	0	0	1	1	878db9fc421cb86f493f3951f922440299ea5480bae3453569546fe58e3f8edc	true	0	0	0	0
2	tmp/mrs-2.5/WCH/Toolchain/RISC-V Embedded GCC12/riscv-wch-elf/lib/rv32imc_zba_zbb_zbc_zbs/ilp32/libshlib.a	mrs-2.5-macos-arm64-gcc12	b2f7887352b73ef5524d63a8013bc8291eb784ad32bc8abc910fb700b7c4fab9	xw-version-undeclared	true	1	0	0	0	1	true	1	878db9fc421cb86f493f3951f922440299ea5480bae3453569546fe58e3f8edc	0	0	1	1	878db9fc421cb86f493f3951f922440299ea5480bae3453569546fe58e3f8edc	true	0	0	0	0
2	tmp/mrs-2.5/WCH/Toolchain/RISC-V Embedded GCC12/riscv-wch-elf/lib/rv32imc_zba_zbb_zbc_zbs_xw/ilp32/libIQmath_RV32.a	mrs-2.5-macos-arm64-gcc12	34f1d4c2084ff5727f7b4592de392776cb24f510b5dbdd172f8193c0a538dc76	xw2p2	true	1124	0	8	0	1116	true	20	b43dc4f5c7f010422eec391f4cdc66700540efa43c4afa41af98815995aee53b	5	0	15	20	b43dc4f5c7f010422eec391f4cdc66700540efa43c4afa41af98815995aee53b	true	8	0	8	0
2	tmp/mrs-2.5/WCH/Toolchain/RISC-V Embedded GCC12/riscv-wch-elf/lib/rv32imc_zba_zbb_zbc_zbs_xw/ilp32/libprintf.a	mrs-2.5-macos-arm64-gcc12	bfc27fb7a9875d90d3db65e9e750b81889de6bc185142c89ffcbe3e3e5664b32	xw2p2	true	6	0	5	0	1	true	5	1e15f196ebfeabe0241634a31bc205e509fa81c0bd22188f01e4026e3dbf9dfc	4	0	1	5	1e15f196ebfeabe0241634a31bc205e509fa81c0bd22188f01e4026e3dbf9dfc	true	5	0	5	0
2	tmp/mrs-2.5/WCH/Toolchain/RISC-V Embedded GCC12/riscv-wch-elf/lib/rv32imc_zba_zbb_zbc_zbs_xw/ilp32/libprintfloat.a	mrs-2.5-macos-arm64-gcc12	d00472e408b2f80b44c1e50a681a980d5a60f4e340bcdede12f474567d55359b	xw2p2	true	7	0	6	0	1	true	4	7a37d26a3578c8190d5d65b0f9245d9ab467f55d3c073397dc984e993bd6b899	3	0	1	4	7a37d26a3578c8190d5d65b0f9245d9ab467f55d3c073397dc984e993bd6b899	true	6	0	6	0
2	tmp/mrs-2.5/WCH/Toolchain/RISC-V Embedded GCC12/riscv-wch-elf/lib/rv32imc_zba_zbb_zbc_zbs_xw/ilp32/libshflib.a	mrs-2.5-macos-arm64-gcc12	59cb0bfadfbacf194c33706686e1da3fe3039c9f6ff1ec9e3ac5600b8b40bd5e	xw2p2	true	7	0	6	0	1	true	5	d526fb266a22084275f398163494b3228289c5ce53a69588633cf5d0645a8bc6	4	0	1	5	d526fb266a22084275f398163494b3228289c5ce53a69588633cf5d0645a8bc6	true	6	0	6	0
2	tmp/mrs-2.5/WCH/Toolchain/RISC-V Embedded GCC12/riscv-wch-elf/lib/rv32imc_zba_zbb_zbc_zbs_xw/ilp32/libshlib.a	mrs-2.5-macos-arm64-gcc12	70e9fccfbe6b7e4da7cf22aa320a017da1258bb067bf61d961537ca97192444e	xw2p2	true	6	0	5	0	1	true	6	b34c769dd38178686c55765d27fe7af82f86c31f275bc7ed442064ebd810f269	5	0	1	6	b34c769dd38178686c55765d27fe7af82f86c31f275bc7ed442064ebd810f269	true	5	0	5	0
2	tmp/wch-evt/evt/QingkeV2C_CH32V006_EVT/EXAM/APPLICATION/Motor/Electric_Fan/User/libIQMath_RV32EC_ZMMUL_XW.a	evt	881ca4e1c22ac6b147a89ed75fe0c966152dca92d1c105b6b87ea75320e3ea1e	xw2p2	true	1047	0	13	0	1034	true	18	4cac0a1f41a6c54a5b23b6db3427604062684984ed47f6af9e0aeafdebbd17aa	9	0	9	18	4cac0a1f41a6c54a5b23b6db3427604062684984ed47f6af9e0aeafdebbd17aa	true	13	0	13	0
2	tmp/wch-evt/evt/QingkeV2C_CH32V006_EVT/EXAM/APPLICATION/Motor/Electric_Fan/User/libM12014SV_M007_LIB_20250115.a	evt	2270c4118b5f2cad60277d0333c482ba7f0d03c8fd3178b503c870da6046c7e7	xw2p2	true	101	0	98	0	3	true	69	74cabf8cd301766faa3b79569bfa3c31b1b2840f7858667a6ad2fca1021ce686	66	0	3	69	74cabf8cd301766faa3b79569bfa3c31b1b2840f7858667a6ad2fca1021ce686	true	98	0	98	0
2	tmp/wch-evt/evt/QingkeV2C_CH32V006_EVT/EXAM/APPLICATION/Motor/Voilent_Fan/User/IQmath_RV32.a	evt	ba3d82229fb12d016153646d2df1d839a1c7c6b68fae7656e88c96274376a5d0	xw-version-undeclared	false	826	0	0	0	826	true	9	bc0ffe3c2072f991a32665f89d845b438dda60c4c4ddfea30702e60721ac6e55	0	0	9	9	bc0ffe3c2072f991a32665f89d845b438dda60c4c4ddfea30702e60721ac6e55	true	0	0	0	0
2	tmp/wch-evt/evt/QingkeV2C_CH32V006_EVT/EXAM/APPLICATION/Motor/Voilent_Fan/User/libvoilent_fan_SRC-Lib.a	evt	8e4f77d6b7e11ad5268cec1e92106c8630b7d818f305f2f311a823a33a7fb428	xw2p2	true	85	0	81	0	4	true	53	efef87b0ee34ac3740c09f0f431c2df12c8418652dc175f12c1340559b881462	51	0	2	53	efef87b0ee34ac3740c09f0f431c2df12c8418652dc175f12c1340559b881462	true	81	0	81	0
2	tmp/wch-evt/evt/QingkeV2C_CH32V006_EVT/EXAM/TKEY/TKYLIB/libCH32V205_TOUCH_CS.a	evt	08ab584e9252c2bea7332710f18b7d208a4af32be056b9a9ab04133c5549da68	xw2p2	true	205	0	185	0	20	true	117	cfe89f873ad5302f4904204c9f6a474fc12bd57edbfd93c524c0b6514c266fbd	107	0	10	117	cfe89f873ad5302f4904204c9f6a474fc12bd57edbfd93c524c0b6514c266fbd	true	185	0	185	0
2	tmp/wch-evt/evt/QingkeV2C_CH32V006_EVT/EXAM/TKEY/TKYLIB/libCH32V205_TOUCH_CT.a	evt	f10db76bb2ad3c28170837f1407b8c6b3d0f1f3717bb7ddb010dfe94f17dbafa	xw2p2	true	189	0	166	0	23	true	115	56c736903f88fae39c3a6fdb016efd75780eebb4de05bd9dc4784f62e51c5f31	105	0	10	115	56c736903f88fae39c3a6fdb016efd75780eebb4de05bd9dc4784f62e51c5f31	true	166	0	166	0
2	tmp/wch-evt/evt/QingkeV2C_CH32V006_EVT/EXAM/TOUCHKEY/TKYLIB/libCH32V00X_TOUCH.a	evt	4a3bdf9d9f4ac1cdfcda58f7415dcf9e00686b7d44a0d10f89a746894161a07b	xw2p2	true	130	0	130	0	0	true	94	c332b550069320a66d95e0f67b990e993c62c50efc7d62ea562a89c819a01c27	94	0	0	94	c332b550069320a66d95e0f67b990e993c62c50efc7d62ea562a89c819a01c27	true	130	0	130	0
2	tmp/wch-evt/evt/QingkeV2C_CH32V006_EVT/EXAM/USBFS/Host/Udisk_Lib/libRV3UFI.a	evt	354640cb9f4bcfac887826638f636a7d085ec907731cb44ff65530bf50154382	xw-version-undeclared	false	11	0	0	0	11	true	10	a87fb54462349635fc1ca28a0ea511cdcf1f225b40d308980c4daae575fb4a28	0	0	10	10	a87fb54462349635fc1ca28a0ea511cdcf1f225b40d308980c4daae575fb4a28	true	0	0	0	0
2	tmp/wch-evt/evt/QingkeV2C_CH32V006_EVT/EXAM/USBHS/Host/Udisk_Lib/libRV3UFI.a	evt	354640cb9f4bcfac887826638f636a7d085ec907731cb44ff65530bf50154382	xw-version-undeclared	false	11	0	0	0	11	true	10	a87fb54462349635fc1ca28a0ea511cdcf1f225b40d308980c4daae575fb4a28	0	0	10	10	a87fb54462349635fc1ca28a0ea511cdcf1f225b40d308980c4daae575fb4a28	true	0	0	0	0
2	tmp/wch-evt/evt/QingkeV3A_CH32V103_EVT/EXAM/USB/USBFS/Udisk_Lib/libRV3UFI.a	evt	354640cb9f4bcfac887826638f636a7d085ec907731cb44ff65530bf50154382	xw-version-undeclared	false	11	0	0	0	11	true	10	a87fb54462349635fc1ca28a0ea511cdcf1f225b40d308980c4daae575fb4a28	0	0	10	10	a87fb54462349635fc1ca28a0ea511cdcf1f225b40d308980c4daae575fb4a28	true	0	0	0	0
2	tmp/wch-evt/evt/QingkeV3B_CH32V205_EVT/EXAM/TKEY/TKYLIB/libCH32V205_TOUCH_CS.a	evt	08ab584e9252c2bea7332710f18b7d208a4af32be056b9a9ab04133c5549da68	xw2p2	true	205	0	185	0	20	true	117	cfe89f873ad5302f4904204c9f6a474fc12bd57edbfd93c524c0b6514c266fbd	107	0	10	117	cfe89f873ad5302f4904204c9f6a474fc12bd57edbfd93c524c0b6514c266fbd	true	185	0	185	0
2	tmp/wch-evt/evt/QingkeV3B_CH32V205_EVT/EXAM/TKEY/TKYLIB/libCH32V205_TOUCH_CT.a	evt	f10db76bb2ad3c28170837f1407b8c6b3d0f1f3717bb7ddb010dfe94f17dbafa	xw2p2	true	189	0	166	0	23	true	115	56c736903f88fae39c3a6fdb016efd75780eebb4de05bd9dc4784f62e51c5f31	105	0	10	115	56c736903f88fae39c3a6fdb016efd75780eebb4de05bd9dc4784f62e51c5f31	true	166	0	166	0
2	tmp/wch-evt/evt/QingkeV3B_CH32V205_EVT/EXAM/USBFS/Host/Udisk_Lib/libRV3UFI.a	evt	354640cb9f4bcfac887826638f636a7d085ec907731cb44ff65530bf50154382	xw-version-undeclared	false	11	0	0	0	11	true	10	a87fb54462349635fc1ca28a0ea511cdcf1f225b40d308980c4daae575fb4a28	0	0	10	10	a87fb54462349635fc1ca28a0ea511cdcf1f225b40d308980c4daae575fb4a28	true	0	0	0	0
2	tmp/wch-evt/evt/QingkeV3B_CH32V205_EVT/EXAM/USBHS/Host/Udisk_Lib/libRV3UFI.a	evt	354640cb9f4bcfac887826638f636a7d085ec907731cb44ff65530bf50154382	xw-version-undeclared	false	11	0	0	0	11	true	10	a87fb54462349635fc1ca28a0ea511cdcf1f225b40d308980c4daae575fb4a28	0	0	10	10	a87fb54462349635fc1ca28a0ea511cdcf1f225b40d308980c4daae575fb4a28	true	0	0	0	0
2	tmp/wch-evt/evt/QingkeV3C_CH587_EVT/EXAM/BLE/LIB/libCH58xBLE.a	evt	ad61ec57d936d2bf9cd75e718ad9a473e3c9cf2291b21223602791b6d25e81bf	xw2p2	true	5844	0	5592	0	252	true	1553	1fc058d3ff4277fd5b64c5f3dd1973a0705cf86a85183862e78cfa2327764782	1482	0	71	1553	1fc058d3ff4277fd5b64c5f3dd1973a0705cf86a85183862e78cfa2327764782	true	5592	0	5592	0
2	tmp/wch-evt/evt/QingkeV3C_CH587_EVT/EXAM/BLE/LWNS/LWNS/LIBWCHLWNS.a	evt	f67aa7eafaa0b7c129471019a089062ebb5b3e6688305ec68880cc1ed85925fa	xw-version-undeclared	false	0	0	0	0	0	true	0	e3b0c44298fc1c149afbf4c8996fb92427ae41e4649b934ca495991b7852b855	0	0	0	0	e3b0c44298fc1c149afbf4c8996fb92427ae41e4649b934ca495991b7852b855	true	0	0	0	0
2	tmp/wch-evt/evt/QingkeV3C_CH587_EVT/EXAM/BLE/MESH/MESH_LIB/libMESH.a	evt	3b18e5ed35dc2e11017de5060fb19144a6aa3d7402ccaa095d432eec3cd686e6	xw-version-undeclared	false	43	0	0	0	43	true	21	25fe2df492d45f04cb7c335ef47e6814d5738cc0848c4631c37b465a7bac81e8	0	0	21	21	25fe2df492d45f04cb7c335ef47e6814d5738cc0848c4631c37b465a7bac81e8	true	0	0	0	0
2	tmp/wch-evt/evt/QingkeV3C_CH587_EVT/EXAM/TOUCH/TKYLIB/libCH587_TOUCH.a	evt	53722f39931645020952a2fb5352696f95c3e5ea5f9d28e69f5360e32b718449	xw2p2	true	269	0	250	0	19	true	137	49c24fb7dd190ba8871a5cae75e37b587684279a4bb13af348c9441e878a450e	125	0	12	137	49c24fb7dd190ba8871a5cae75e37b587684279a4bb13af348c9441e878a450e	true	250	0	250	0
2	tmp/wch-evt/evt/QingkeV3C_CH587_EVT/EXAM/USB/Host/USB_LIB/libRV3UFI.a	evt	354640cb9f4bcfac887826638f636a7d085ec907731cb44ff65530bf50154382	xw-version-undeclared	false	11	0	0	0	11	true	10	a87fb54462349635fc1ca28a0ea511cdcf1f225b40d308980c4daae575fb4a28	0	0	10	10	a87fb54462349635fc1ca28a0ea511cdcf1f225b40d308980c4daae575fb4a28	true	0	0	0	0
2	tmp/wch-evt/evt/QingkeV3C_CH587_EVT/EXAM/USB/USBHS/Udisk_Lib/libRV3UFI.a	evt	354640cb9f4bcfac887826638f636a7d085ec907731cb44ff65530bf50154382	xw-version-undeclared	false	11	0	0	0	11	true	10	a87fb54462349635fc1ca28a0ea511cdcf1f225b40d308980c4daae575fb4a28	0	0	10	10	a87fb54462349635fc1ca28a0ea511cdcf1f225b40d308980c4daae575fb4a28	true	0	0	0	0
2	tmp/wch-evt/evt/QingkeV3F_CH32X315_EVT/EXAM/USBHS/Host/Udisk_Lib/libRV3UFI.a	evt	354640cb9f4bcfac887826638f636a7d085ec907731cb44ff65530bf50154382	xw-version-undeclared	false	11	0	0	0	11	true	10	a87fb54462349635fc1ca28a0ea511cdcf1f225b40d308980c4daae575fb4a28	0	0	10	10	a87fb54462349635fc1ca28a0ea511cdcf1f225b40d308980c4daae575fb4a28	true	0	0	0	0
2	tmp/wch-evt/evt/QingkeV3V_CH32V407_EVT/EXAM/ETH/IoCHub/Lib/libwchiochub.a	evt	cedb89923fe4567a76ab2501157a08ae78d948816b966ab1cf64d50983d9a8e9	xw-version-undeclared	false	26	0	0	0	26	true	24	9be018c7405ddd7547b4ed51dea2fa880940092b0ef65521567e92d0610abd09	0	0	24	24	9be018c7405ddd7547b4ed51dea2fa880940092b0ef65521567e92d0610abd09	true	0	0	0	0
2	tmp/wch-evt/evt/QingkeV3V_CH32V407_EVT/EXAM/ETH/NetLib/libwchnet.a	evt	5c1feadcc555ecf39d529bfe2945737ec917d8e310a8b526fb19485902b3cd84	xw2p2	true	2370	0	2320	0	50	true	550	0866afeff033598005ae9f5499797ae7a5b9823d67041dcf34d61b205e4976ff	536	0	14	550	0866afeff033598005ae9f5499797ae7a5b9823d67041dcf34d61b205e4976ff	true	2320	0	2320	0
2	tmp/wch-evt/evt/QingkeV3V_CH32V407_EVT/EXAM/USBHS/Host/Udisk_Lib/libRV3UFI.a	evt	354640cb9f4bcfac887826638f636a7d085ec907731cb44ff65530bf50154382	xw-version-undeclared	false	11	0	0	0	11	true	10	a87fb54462349635fc1ca28a0ea511cdcf1f225b40d308980c4daae575fb4a28	0	0	10	10	a87fb54462349635fc1ca28a0ea511cdcf1f225b40d308980c4daae575fb4a28	true	0	0	0	0
2	tmp/wch-evt/evt/QingkeV4B_CH32V203_EVT/EXAM/BLE/LIB/libwchble.a	evt	30ae6bbe3f06283aa0e4091db2b1f73a0e4e24d007ecebe2d9d4593a847781d6	xw-version-undeclared	false	245	0	0	0	245	true	86	f5e1f57192653108856e91f5145eeaf17c1728c41f6d1898b16f5dcd4d53b783	0	0	86	86	f5e1f57192653108856e91f5145eeaf17c1728c41f6d1898b16f5dcd4d53b783	true	0	0	0	0
2	tmp/wch-evt/evt/QingkeV4B_CH32V203_EVT/EXAM/BLE/LWNS/LWNS/LIBWCHLWNS.a	evt	f67aa7eafaa0b7c129471019a089062ebb5b3e6688305ec68880cc1ed85925fa	xw-version-undeclared	false	0	0	0	0	0	true	0	e3b0c44298fc1c149afbf4c8996fb92427ae41e4649b934ca495991b7852b855	0	0	0	0	e3b0c44298fc1c149afbf4c8996fb92427ae41e4649b934ca495991b7852b855	true	0	0	0	0
2	tmp/wch-evt/evt/QingkeV4B_CH32V203_EVT/EXAM/BLE/MESH/MESH_LIB/LIBMESH.a	evt	3b18e5ed35dc2e11017de5060fb19144a6aa3d7402ccaa095d432eec3cd686e6	xw-version-undeclared	false	43	0	0	0	43	true	21	25fe2df492d45f04cb7c335ef47e6814d5738cc0848c4631c37b465a7bac81e8	0	0	21	21	25fe2df492d45f04cb7c335ef47e6814d5738cc0848c4631c37b465a7bac81e8	true	0	0	0	0
2	tmp/wch-evt/evt/QingkeV4B_CH32V203_EVT/EXAM/BLE/MESH/MESH_LIB/LIBMESHROM.a	evt	ef167ac61efed0d5de30da7e526333430d3d2455022a7b2eba306b2d71a5b6c7	xw-version-undeclared	false	1793	0	272	1478	43	true	789	228f7a014c3637b44d95836c305961898790fc040df4f1fdca2626fd878bdc84	124	644	21	789	228f7a014c3637b44d95836c305961898790fc040df4f1fdca2626fd878bdc84	true	272	1478	272	1478
2	tmp/wch-evt/evt/QingkeV4B_CH32V203_EVT/EXAM/ETH/NetLib/libwchnet.a	evt	14399fe676c827a4bd9a0e63afb7323d1c2af1b3dcdc51272564920d0f88dbfd	xw-version-undeclared	false	1163	0	15	1122	26	true	541	51311caa2b0f9e3d9a3b7e7e19dd673b394f77298f2e13678fddcb66d9101297	15	510	16	541	51311caa2b0f9e3d9a3b7e7e19dd673b394f77298f2e13678fddcb66d9101297	true	15	1122	15	1122
2	tmp/wch-evt/evt/QingkeV4B_CH32V203_EVT/EXAM/USB/USBFS/Udisk_Lib/libRV3UFI.a	evt	354640cb9f4bcfac887826638f636a7d085ec907731cb44ff65530bf50154382	xw-version-undeclared	false	11	0	0	0	11	true	10	a87fb54462349635fc1ca28a0ea511cdcf1f225b40d308980c4daae575fb4a28	0	0	10	10	a87fb54462349635fc1ca28a0ea511cdcf1f225b40d308980c4daae575fb4a28	true	0	0	0	0
2	tmp/wch-evt/evt/QingkeV4C_CH32V20x_EVT/EXAM/BLE/LIB/libwchble.a	evt	30ae6bbe3f06283aa0e4091db2b1f73a0e4e24d007ecebe2d9d4593a847781d6	xw-version-undeclared	false	245	0	0	0	245	true	86	f5e1f57192653108856e91f5145eeaf17c1728c41f6d1898b16f5dcd4d53b783	0	0	86	86	f5e1f57192653108856e91f5145eeaf17c1728c41f6d1898b16f5dcd4d53b783	true	0	0	0	0
2	tmp/wch-evt/evt/QingkeV4C_CH32V20x_EVT/EXAM/BLE/LWNS/LWNS/LIBWCHLWNS.a	evt	f67aa7eafaa0b7c129471019a089062ebb5b3e6688305ec68880cc1ed85925fa	xw-version-undeclared	false	0	0	0	0	0	true	0	e3b0c44298fc1c149afbf4c8996fb92427ae41e4649b934ca495991b7852b855	0	0	0	0	e3b0c44298fc1c149afbf4c8996fb92427ae41e4649b934ca495991b7852b855	true	0	0	0	0
2	tmp/wch-evt/evt/QingkeV4C_CH32V20x_EVT/EXAM/BLE/MESH/MESH_LIB/LIBMESH.a	evt	3b18e5ed35dc2e11017de5060fb19144a6aa3d7402ccaa095d432eec3cd686e6	xw-version-undeclared	false	43	0	0	0	43	true	21	25fe2df492d45f04cb7c335ef47e6814d5738cc0848c4631c37b465a7bac81e8	0	0	21	21	25fe2df492d45f04cb7c335ef47e6814d5738cc0848c4631c37b465a7bac81e8	true	0	0	0	0
2	tmp/wch-evt/evt/QingkeV4C_CH32V20x_EVT/EXAM/BLE/MESH/MESH_LIB/LIBMESHROM.a	evt	ef167ac61efed0d5de30da7e526333430d3d2455022a7b2eba306b2d71a5b6c7	xw-version-undeclared	false	1793	0	272	1478	43	true	789	228f7a014c3637b44d95836c305961898790fc040df4f1fdca2626fd878bdc84	124	644	21	789	228f7a014c3637b44d95836c305961898790fc040df4f1fdca2626fd878bdc84	true	272	1478	272	1478
2	tmp/wch-evt/evt/QingkeV4C_CH32V20x_EVT/EXAM/ETH/NetLib/libwchnet.a	evt	14399fe676c827a4bd9a0e63afb7323d1c2af1b3dcdc51272564920d0f88dbfd	xw-version-undeclared	false	1163	0	15	1122	26	true	541	51311caa2b0f9e3d9a3b7e7e19dd673b394f77298f2e13678fddcb66d9101297	15	510	16	541	51311caa2b0f9e3d9a3b7e7e19dd673b394f77298f2e13678fddcb66d9101297	true	15	1122	15	1122
2	tmp/wch-evt/evt/QingkeV4C_CH32V20x_EVT/EXAM/USB/USBFS/Udisk_Lib/libRV3UFI.a	evt	354640cb9f4bcfac887826638f636a7d085ec907731cb44ff65530bf50154382	xw-version-undeclared	false	11	0	0	0	11	true	10	a87fb54462349635fc1ca28a0ea511cdcf1f225b40d308980c4daae575fb4a28	0	0	10	10	a87fb54462349635fc1ca28a0ea511cdcf1f225b40d308980c4daae575fb4a28	true	0	0	0	0
2	tmp/wch-evt/evt/QingkeV4F_CH32V317_EVT/EXAM/ETH/IoCHub/Lib/libwchiochub.a	evt	cedb89923fe4567a76ab2501157a08ae78d948816b966ab1cf64d50983d9a8e9	xw-version-undeclared	false	26	0	0	0	26	true	24	9be018c7405ddd7547b4ed51dea2fa880940092b0ef65521567e92d0610abd09	0	0	24	24	9be018c7405ddd7547b4ed51dea2fa880940092b0ef65521567e92d0610abd09	true	0	0	0	0
2	tmp/wch-evt/evt/QingkeV4F_CH32V317_EVT/EXAM/ETH/NetLib/libwchnet.a	evt	c07ee325856aef01b204830e60118b83286450f9e0066e78c9e74ac7d49047f2	xw-version-undeclared	false	2326	0	30	2244	52	true	541	51311caa2b0f9e3d9a3b7e7e19dd673b394f77298f2e13678fddcb66d9101297	15	510	16	541	51311caa2b0f9e3d9a3b7e7e19dd673b394f77298f2e13678fddcb66d9101297	true	30	2244	30	2244
2	tmp/wch-evt/evt/QingkeV4F_CH32V317_EVT/EXAM/ETH/NetLib/libwchnet_float.a	evt	e9e1843f40d1f0661a15bce694bb4d4c3b20426ebaa314f7f74eb151d98e15fd	xw-version-undeclared	false	2326	0	30	2244	52	true	541	51311caa2b0f9e3d9a3b7e7e19dd673b394f77298f2e13678fddcb66d9101297	15	510	16	541	51311caa2b0f9e3d9a3b7e7e19dd673b394f77298f2e13678fddcb66d9101297	true	30	2244	30	2244
2	tmp/wch-evt/evt/QingkeV4F_CH32V317_EVT/EXAM/USB/USBFS/Udisk_Lib/libRV3UFI.a	evt	354640cb9f4bcfac887826638f636a7d085ec907731cb44ff65530bf50154382	xw-version-undeclared	false	11	0	0	0	11	true	10	a87fb54462349635fc1ca28a0ea511cdcf1f225b40d308980c4daae575fb4a28	0	0	10	10	a87fb54462349635fc1ca28a0ea511cdcf1f225b40d308980c4daae575fb4a28	true	0	0	0	0
2	tmp/wch-evt/evt/QingkeV4F_CH32V317_EVT/EXAM/USB/USBHS/Udisk_Lib/libRV3UFI.a	evt	354640cb9f4bcfac887826638f636a7d085ec907731cb44ff65530bf50154382	xw-version-undeclared	false	11	0	0	0	11	true	10	a87fb54462349635fc1ca28a0ea511cdcf1f225b40d308980c4daae575fb4a28	0	0	10	10	a87fb54462349635fc1ca28a0ea511cdcf1f225b40d308980c4daae575fb4a28	true	0	0	0	0
2	tmp/wch-evt/evt/QingkeV4F_CH32V317_EVT/EXAM/VoiceRcgExam/VoiceRcgExam/User/libVoiceRcg.a	evt	9091442e4b753fc1feaed2b2f3f96aba5640d54cb3ae250d13fcb6f0b7b072d6	xw-version-undeclared	false	3	0	0	0	3	true	3	274af25e8c1fd666281b7cd29a8b653de5ed7095d75d06ee40b66d6ca34d84b5	0	0	3	3	274af25e8c1fd666281b7cd29a8b653de5ed7095d75d06ee40b66d6ca34d84b5	true	0	0	0	0
2	tmp/wch-evt/evt/QingkeV5F_CH32H417_EVT/EXAM/ETH/IoCHub/Lib/libwchiochub.a	evt	cedb89923fe4567a76ab2501157a08ae78d948816b966ab1cf64d50983d9a8e9	xw-version-undeclared	false	26	0	0	0	26	true	24	9be018c7405ddd7547b4ed51dea2fa880940092b0ef65521567e92d0610abd09	0	0	24	24	9be018c7405ddd7547b4ed51dea2fa880940092b0ef65521567e92d0610abd09	true	0	0	0	0
2	tmp/wch-evt/evt/QingkeV5F_CH32H417_EVT/EXAM/ETH/NetLib/libwchnet.a	evt	e99a305caa361c497660fa57ca434f061dbe678c9aaefe6dd011764ca96c27cb	xw2p2	true	2370	0	2320	0	50	true	550	0866afeff033598005ae9f5499797ae7a5b9823d67041dcf34d61b205e4976ff	536	0	14	550	0866afeff033598005ae9f5499797ae7a5b9823d67041dcf34d61b205e4976ff	true	2320	0	2320	0
2	tmp/wch-evt/evt/QingkeV5F_CH32H417_EVT/EXAM/TKey/TKEYLIB/libCH32H417_TOUCH.a	evt	eb825c76b58d2ce7a6d522a47f0c47a4aee5ee2ef242607f013c5749d975ba83	xw2p2	true	179	0	171	0	8	true	128	d5d30a279809906e80e1e2a0a80b717a32d3468145711d0e002227ad5aa75a0c	122	0	6	128	d5d30a279809906e80e1e2a0a80b717a32d3468145711d0e002227ad5aa75a0c	true	171	0	171	0
2	tmp/wch-evt/evt/QingkeV5F_CH32H417_EVT/EXAM/UHSIF/UHSIF_SLAVE/Common/libUHSIF.a	evt	cae5e0c617a6c6706c2e3174de4cad51e426e3c425980c8f98931933525f1195	xw2p2	true	18	0	14	0	4	true	16	f1ffe172cc6e488e3f92dbb9603417132d572d4483209f33b505e79c66a4b73d	12	0	4	16	f1ffe172cc6e488e3f92dbb9603417132d572d4483209f33b505e79c66a4b73d	true	14	0	14	0
2	tmp/wch-evt/evt/QingkeV5F_CH32H417_EVT/EXAM/USBFS/HOST/Udisk_Lib/libRV3UFI.a	evt	354640cb9f4bcfac887826638f636a7d085ec907731cb44ff65530bf50154382	xw-version-undeclared	false	11	0	0	0	11	true	10	a87fb54462349635fc1ca28a0ea511cdcf1f225b40d308980c4daae575fb4a28	0	0	10	10	a87fb54462349635fc1ca28a0ea511cdcf1f225b40d308980c4daae575fb4a28	true	0	0	0	0
2	tmp/wch-evt/evt/QingkeV5F_CH32H417_EVT/EXAM/USBHS/HOST/Udisk_Lib/libRV3UFI.a	evt	354640cb9f4bcfac887826638f636a7d085ec907731cb44ff65530bf50154382	xw-version-undeclared	false	11	0	0	0	11	true	10	a87fb54462349635fc1ca28a0ea511cdcf1f225b40d308980c4daae575fb4a28	0	0	10	10	a87fb54462349635fc1ca28a0ea511cdcf1f225b40d308980c4daae575fb4a28	true	0	0	0	0
2	tmp/wch-evt/evt/QingkeV5F_CH32H417_EVT/EXAM/USBSS/HOST/HOST_SS_ACCESS_SECTOR/Common/libRV3UFI.a	evt	354640cb9f4bcfac887826638f636a7d085ec907731cb44ff65530bf50154382	xw-version-undeclared	false	11	0	0	0	11	true	10	a87fb54462349635fc1ca28a0ea511cdcf1f225b40d308980c4daae575fb4a28	0	0	10	10	a87fb54462349635fc1ca28a0ea511cdcf1f225b40d308980c4daae575fb4a28	true	0	0	0	0
