schema_version	index	mnemonic	data_reg	base_reg	immediate	source	halfword_hex	mask_hex	match_hex	classification
2	0	c.lbu	8	8	0	c.lbu x8, 0(x8)	0x2000	0xe003	0x2000	c.lbu
2	1	c.lbu	8	8	1	c.lbu x8, 1(x8)	0x3000	0xe003	0x2000	c.lbu
2	2	c.lbu	8	8	2	c.lbu x8, 2(x8)	0x2020	0xe003	0x2000	c.lbu
2	3	c.lbu	8	8	3	c.lbu x8, 3(x8)	0x3020	0xe003	0x2000	c.lbu
2	4	c.lbu	8	8	4	c.lbu x8, 4(x8)	0x2040	0xe003	0x2000	c.lbu
2	5	c.lbu	8	8	5	c.lbu x8, 5(x8)	0x3040	0xe003	0x2000	c.lbu
2	6	c.lbu	8	8	6	c.lbu x8, 6(x8)	0x2060	0xe003	0x2000	c.lbu
2	7	c.lbu	8	8	7	c.lbu x8, 7(x8)	0x3060	0xe003	0x2000	c.lbu
2	8	c.lbu	8	8	8	c.lbu x8, 8(x8)	0x2400	0xe003	0x2000	c.lbu
2	9	c.lbu	8	8	9	c.lbu x8, 9(x8)	0x3400	0xe003	0x2000	c.lbu
2	10	c.lbu	8	8	10	c.lbu x8, 10(x8)	0x2420	0xe003	0x2000	c.lbu
2	11	c.lbu	8	8	11	c.lbu x8, 11(x8)	0x3420	0xe003	0x2000	c.lbu
2	12	c.lbu	8	8	12	c.lbu x8, 12(x8)	0x2440	0xe003	0x2000	c.lbu
2	13	c.lbu	8	8	13	c.lbu x8, 13(x8)	0x3440	0xe003	0x2000	c.lbu
2	14	c.lbu	8	8	14	c.lbu x8, 14(x8)	0x2460	0xe003	0x2000	c.lbu
2	15	c.lbu	8	8	15	c.lbu x8, 15(x8)	0x3460	0xe003	0x2000	c.lbu
2	16	c.lbu	8	8	16	c.lbu x8, 16(x8)	0x2800	0xe003	0x2000	c.lbu
2	17	c.lbu	8	8	17	c.lbu x8, 17(x8)	0x3800	0xe003	0x2000	c.lbu
2	18	c.lbu	8	8	18	c.lbu x8, 18(x8)	0x2820	0xe003	0x2000	c.lbu
2	19	c.lbu	8	8	19	c.lbu x8, 19(x8)	0x3820	0xe003	0x2000	c.lbu
2	20	c.lbu	8	8	20	c.lbu x8, 20(x8)	0x2840	0xe003	0x2000	c.lbu
2	21	c.lbu	8	8	21	c.lbu x8, 21(x8)	0x3840	0xe003	0x2000	c.lbu
2	22	c.lbu	8	8	22	c.lbu x8, 22(x8)	0x2860	0xe003	0x2000	c.lbu
2	23	c.lbu	8	8	23	c.lbu x8, 23(x8)	0x3860	0xe003	0x2000	c.lbu
2	24	c.lbu	8	8	24	c.lbu x8, 24(x8)	0x2c00	0xe003	0x2000	c.lbu
2	25	c.lbu	8	8	25	c.lbu x8, 25(x8)	0x3c00	0xe003	0x2000	c.lbu
2	26	c.lbu	8	8	26	c.lbu x8, 26(x8)	0x2c20	0xe003	0x2000	c.lbu
2	27	c.lbu	8	8	27	c.lbu x8, 27(x8)	0x3c20	0xe003	0x2000	c.lbu
2	28	c.lbu	8	8	28	c.lbu x8, 28(x8)	0x2c40	0xe003	0x2000	c.lbu
2	29	c.lbu	8	8	29	c.lbu x8, 29(x8)	0x3c40	0xe003	0x2000	c.lbu
2	30	c.lbu	8	8	30	c.lbu x8, 30(x8)	0x2c60	0xe003	0x2000	c.lbu
2	31	c.lbu	8	8	31	c.lbu x8, 31(x8)	0x3c60	0xe003	0x2000	c.lbu
2	32	c.lbu	8	9	0	c.lbu x8, 0(x9)	0x2080	0xe003	0x2000	c.lbu
2	33	c.lbu	8	9	1	c.lbu x8, 1(x9)	0x3080	0xe003	0x2000	c.lbu
2	34	c.lbu	8	9	2	c.lbu x8, 2(x9)	0x20a0	0xe003	0x2000	c.lbu
2	35	c.lbu	8	9	3	c.lbu x8, 3(x9)	0x30a0	0xe003	0x2000	c.lbu
2	36	c.lbu	8	9	4	c.lbu x8, 4(x9)	0x20c0	0xe003	0x2000	c.lbu
2	37	c.lbu	8	9	5	c.lbu x8, 5(x9)	0x30c0	0xe003	0x2000	c.lbu
2	38	c.lbu	8	9	6	c.lbu x8, 6(x9)	0x20e0	0xe003	0x2000	c.lbu
2	39	c.lbu	8	9	7	c.lbu x8, 7(x9)	0x30e0	0xe003	0x2000	c.lbu
2	40	c.lbu	8	9	8	c.lbu x8, 8(x9)	0x2480	0xe003	0x2000	c.lbu
2	41	c.lbu	8	9	9	c.lbu x8, 9(x9)	0x3480	0xe003	0x2000	c.lbu
2	42	c.lbu	8	9	10	c.lbu x8, 10(x9)	0x24a0	0xe003	0x2000	c.lbu
2	43	c.lbu	8	9	11	c.lbu x8, 11(x9)	0x34a0	0xe003	0x2000	c.lbu
2	44	c.lbu	8	9	12	c.lbu x8, 12(x9)	0x24c0	0xe003	0x2000	c.lbu
2	45	c.lbu	8	9	13	c.lbu x8, 13(x9)	0x34c0	0xe003	0x2000	c.lbu
2	46	c.lbu	8	9	14	c.lbu x8, 14(x9)	0x24e0	0xe003	0x2000	c.lbu
2	47	c.lbu	8	9	15	c.lbu x8, 15(x9)	0x34e0	0xe003	0x2000	c.lbu
2	48	c.lbu	8	9	16	c.lbu x8, 16(x9)	0x2880	0xe003	0x2000	c.lbu
2	49	c.lbu	8	9	17	c.lbu x8, 17(x9)	0x3880	0xe003	0x2000	c.lbu
2	50	c.lbu	8	9	18	c.lbu x8, 18(x9)	0x28a0	0xe003	0x2000	c.lbu
2	51	c.lbu	8	9	19	c.lbu x8, 19(x9)	0x38a0	0xe003	0x2000	c.lbu
2	52	c.lbu	8	9	20	c.lbu x8, 20(x9)	0x28c0	0xe003	0x2000	c.lbu
2	53	c.lbu	8	9	21	c.lbu x8, 21(x9)	0x38c0	0xe003	0x2000	c.lbu
2	54	c.lbu	8	9	22	c.lbu x8, 22(x9)	0x28e0	0xe003	0x2000	c.lbu
2	55	c.lbu	8	9	23	c.lbu x8, 23(x9)	0x38e0	0xe003	0x2000	c.lbu
2	56	c.lbu	8	9	24	c.lbu x8, 24(x9)	0x2c80	0xe003	0x2000	c.lbu
2	57	c.lbu	8	9	25	c.lbu x8, 25(x9)	0x3c80	0xe003	0x2000	c.lbu
2	58	c.lbu	8	9	26	c.lbu x8, 26(x9)	0x2ca0	0xe003	0x2000	c.lbu
2	59	c.lbu	8	9	27	c.lbu x8, 27(x9)	0x3ca0	0xe003	0x2000	c.lbu
2	60	c.lbu	8	9	28	c.lbu x8, 28(x9)	0x2cc0	0xe003	0x2000	c.lbu
2	61	c.lbu	8	9	29	c.lbu x8, 29(x9)	0x3cc0	0xe003	0x2000	c.lbu
2	62	c.lbu	8	9	30	c.lbu x8, 30(x9)	0x2ce0	0xe003	0x2000	c.lbu
2	63	c.lbu	8	9	31	c.lbu x8, 31(x9)	0x3ce0	0xe003	0x2000	c.lbu
2	64	c.lbu	8	10	0	c.lbu x8, 0(x10)	0x2100	0xe003	0x2000	c.lbu
2	65	c.lbu	8	10	1	c.lbu x8, 1(x10)	0x3100	0xe003	0x2000	c.lbu
2	66	c.lbu	8	10	2	c.lbu x8, 2(x10)	0x2120	0xe003	0x2000	c.lbu
2	67	c.lbu	8	10	3	c.lbu x8, 3(x10)	0x3120	0xe003	0x2000	c.lbu
2	68	c.lbu	8	10	4	c.lbu x8, 4(x10)	0x2140	0xe003	0x2000	c.lbu
2	69	c.lbu	8	10	5	c.lbu x8, 5(x10)	0x3140	0xe003	0x2000	c.lbu
2	70	c.lbu	8	10	6	c.lbu x8, 6(x10)	0x2160	0xe003	0x2000	c.lbu
2	71	c.lbu	8	10	7	c.lbu x8, 7(x10)	0x3160	0xe003	0x2000	c.lbu
2	72	c.lbu	8	10	8	c.lbu x8, 8(x10)	0x2500	0xe003	0x2000	c.lbu
2	73	c.lbu	8	10	9	c.lbu x8, 9(x10)	0x3500	0xe003	0x2000	c.lbu
2	74	c.lbu	8	10	10	c.lbu x8, 10(x10)	0x2520	0xe003	0x2000	c.lbu
2	75	c.lbu	8	10	11	c.lbu x8, 11(x10)	0x3520	0xe003	0x2000	c.lbu
2	76	c.lbu	8	10	12	c.lbu x8, 12(x10)	0x2540	0xe003	0x2000	c.lbu
2	77	c.lbu	8	10	13	c.lbu x8, 13(x10)	0x3540	0xe003	0x2000	c.lbu
2	78	c.lbu	8	10	14	c.lbu x8, 14(x10)	0x2560	0xe003	0x2000	c.lbu
2	79	c.lbu	8	10	15	c.lbu x8, 15(x10)	0x3560	0xe003	0x2000	c.lbu
2	80	c.lbu	8	10	16	c.lbu x8, 16(x10)	0x2900	0xe003	0x2000	c.lbu
2	81	c.lbu	8	10	17	c.lbu x8, 17(x10)	0x3900	0xe003	0x2000	c.lbu
2	82	c.lbu	8	10	18	c.lbu x8, 18(x10)	0x2920	0xe003	0x2000	c.lbu
2	83	c.lbu	8	10	19	c.lbu x8, 19(x10)	0x3920	0xe003	0x2000	c.lbu
2	84	c.lbu	8	10	20	c.lbu x8, 20(x10)	0x2940	0xe003	0x2000	c.lbu
2	85	c.lbu	8	10	21	c.lbu x8, 21(x10)	0x3940	0xe003	0x2000	c.lbu
2	86	c.lbu	8	10	22	c.lbu x8, 22(x10)	0x2960	0xe003	0x2000	c.lbu
2	87	c.lbu	8	10	23	c.lbu x8, 23(x10)	0x3960	0xe003	0x2000	c.lbu
2	88	c.lbu	8	10	24	c.lbu x8, 24(x10)	0x2d00	0xe003	0x2000	c.lbu
2	89	c.lbu	8	10	25	c.lbu x8, 25(x10)	0x3d00	0xe003	0x2000	c.lbu
2	90	c.lbu	8	10	26	c.lbu x8, 26(x10)	0x2d20	0xe003	0x2000	c.lbu
2	91	c.lbu	8	10	27	c.lbu x8, 27(x10)	0x3d20	0xe003	0x2000	c.lbu
2	92	c.lbu	8	10	28	c.lbu x8, 28(x10)	0x2d40	0xe003	0x2000	c.lbu
2	93	c.lbu	8	10	29	c.lbu x8, 29(x10)	0x3d40	0xe003	0x2000	c.lbu
2	94	c.lbu	8	10	30	c.lbu x8, 30(x10)	0x2d60	0xe003	0x2000	c.lbu
2	95	c.lbu	8	10	31	c.lbu x8, 31(x10)	0x3d60	0xe003	0x2000	c.lbu
2	96	c.lbu	8	11	0	c.lbu x8, 0(x11)	0x2180	0xe003	0x2000	c.lbu
2	97	c.lbu	8	11	1	c.lbu x8, 1(x11)	0x3180	0xe003	0x2000	c.lbu
2	98	c.lbu	8	11	2	c.lbu x8, 2(x11)	0x21a0	0xe003	0x2000	c.lbu
2	99	c.lbu	8	11	3	c.lbu x8, 3(x11)	0x31a0	0xe003	0x2000	c.lbu
2	100	c.lbu	8	11	4	c.lbu x8, 4(x11)	0x21c0	0xe003	0x2000	c.lbu
2	101	c.lbu	8	11	5	c.lbu x8, 5(x11)	0x31c0	0xe003	0x2000	c.lbu
2	102	c.lbu	8	11	6	c.lbu x8, 6(x11)	0x21e0	0xe003	0x2000	c.lbu
2	103	c.lbu	8	11	7	c.lbu x8, 7(x11)	0x31e0	0xe003	0x2000	c.lbu
2	104	c.lbu	8	11	8	c.lbu x8, 8(x11)	0x2580	0xe003	0x2000	c.lbu
2	105	c.lbu	8	11	9	c.lbu x8, 9(x11)	0x3580	0xe003	0x2000	c.lbu
2	106	c.lbu	8	11	10	c.lbu x8, 10(x11)	0x25a0	0xe003	0x2000	c.lbu
2	107	c.lbu	8	11	11	c.lbu x8, 11(x11)	0x35a0	0xe003	0x2000	c.lbu
2	108	c.lbu	8	11	12	c.lbu x8, 12(x11)	0x25c0	0xe003	0x2000	c.lbu
2	109	c.lbu	8	11	13	c.lbu x8, 13(x11)	0x35c0	0xe003	0x2000	c.lbu
2	110	c.lbu	8	11	14	c.lbu x8, 14(x11)	0x25e0	0xe003	0x2000	c.lbu
2	111	c.lbu	8	11	15	c.lbu x8, 15(x11)	0x35e0	0xe003	0x2000	c.lbu
2	112	c.lbu	8	11	16	c.lbu x8, 16(x11)	0x2980	0xe003	0x2000	c.lbu
2	113	c.lbu	8	11	17	c.lbu x8, 17(x11)	0x3980	0xe003	0x2000	c.lbu
2	114	c.lbu	8	11	18	c.lbu x8, 18(x11)	0x29a0	0xe003	0x2000	c.lbu
2	115	c.lbu	8	11	19	c.lbu x8, 19(x11)	0x39a0	0xe003	0x2000	c.lbu
2	116	c.lbu	8	11	20	c.lbu x8, 20(x11)	0x29c0	0xe003	0x2000	c.lbu
2	117	c.lbu	8	11	21	c.lbu x8, 21(x11)	0x39c0	0xe003	0x2000	c.lbu
2	118	c.lbu	8	11	22	c.lbu x8, 22(x11)	0x29e0	0xe003	0x2000	c.lbu
2	119	c.lbu	8	11	23	c.lbu x8, 23(x11)	0x39e0	0xe003	0x2000	c.lbu
2	120	c.lbu	8	11	24	c.lbu x8, 24(x11)	0x2d80	0xe003	0x2000	c.lbu
2	121	c.lbu	8	11	25	c.lbu x8, 25(x11)	0x3d80	0xe003	0x2000	c.lbu
2	122	c.lbu	8	11	26	c.lbu x8, 26(x11)	0x2da0	0xe003	0x2000	c.lbu
2	123	c.lbu	8	11	27	c.lbu x8, 27(x11)	0x3da0	0xe003	0x2000	c.lbu
2	124	c.lbu	8	11	28	c.lbu x8, 28(x11)	0x2dc0	0xe003	0x2000	c.lbu
2	125	c.lbu	8	11	29	c.lbu x8, 29(x11)	0x3dc0	0xe003	0x2000	c.lbu
2	126	c.lbu	8	11	30	c.lbu x8, 30(x11)	0x2de0	0xe003	0x2000	c.lbu
2	127	c.lbu	8	11	31	c.lbu x8, 31(x11)	0x3de0	0xe003	0x2000	c.lbu
2	128	c.lbu	8	12	0	c.lbu x8, 0(x12)	0x2200	0xe003	0x2000	c.lbu
2	129	c.lbu	8	12	1	c.lbu x8, 1(x12)	0x3200	0xe003	0x2000	c.lbu
2	130	c.lbu	8	12	2	c.lbu x8, 2(x12)	0x2220	0xe003	0x2000	c.lbu
2	131	c.lbu	8	12	3	c.lbu x8, 3(x12)	0x3220	0xe003	0x2000	c.lbu
2	132	c.lbu	8	12	4	c.lbu x8, 4(x12)	0x2240	0xe003	0x2000	c.lbu
2	133	c.lbu	8	12	5	c.lbu x8, 5(x12)	0x3240	0xe003	0x2000	c.lbu
2	134	c.lbu	8	12	6	c.lbu x8, 6(x12)	0x2260	0xe003	0x2000	c.lbu
2	135	c.lbu	8	12	7	c.lbu x8, 7(x12)	0x3260	0xe003	0x2000	c.lbu
2	136	c.lbu	8	12	8	c.lbu x8, 8(x12)	0x2600	0xe003	0x2000	c.lbu
2	137	c.lbu	8	12	9	c.lbu x8, 9(x12)	0x3600	0xe003	0x2000	c.lbu
2	138	c.lbu	8	12	10	c.lbu x8, 10(x12)	0x2620	0xe003	0x2000	c.lbu
2	139	c.lbu	8	12	11	c.lbu x8, 11(x12)	0x3620	0xe003	0x2000	c.lbu
2	140	c.lbu	8	12	12	c.lbu x8, 12(x12)	0x2640	0xe003	0x2000	c.lbu
2	141	c.lbu	8	12	13	c.lbu x8, 13(x12)	0x3640	0xe003	0x2000	c.lbu
2	142	c.lbu	8	12	14	c.lbu x8, 14(x12)	0x2660	0xe003	0x2000	c.lbu
2	143	c.lbu	8	12	15	c.lbu x8, 15(x12)	0x3660	0xe003	0x2000	c.lbu
2	144	c.lbu	8	12	16	c.lbu x8, 16(x12)	0x2a00	0xe003	0x2000	c.lbu
2	145	c.lbu	8	12	17	c.lbu x8, 17(x12)	0x3a00	0xe003	0x2000	c.lbu
2	146	c.lbu	8	12	18	c.lbu x8, 18(x12)	0x2a20	0xe003	0x2000	c.lbu
2	147	c.lbu	8	12	19	c.lbu x8, 19(x12)	0x3a20	0xe003	0x2000	c.lbu
2	148	c.lbu	8	12	20	c.lbu x8, 20(x12)	0x2a40	0xe003	0x2000	c.lbu
2	149	c.lbu	8	12	21	c.lbu x8, 21(x12)	0x3a40	0xe003	0x2000	c.lbu
2	150	c.lbu	8	12	22	c.lbu x8, 22(x12)	0x2a60	0xe003	0x2000	c.lbu
2	151	c.lbu	8	12	23	c.lbu x8, 23(x12)	0x3a60	0xe003	0x2000	c.lbu
2	152	c.lbu	8	12	24	c.lbu x8, 24(x12)	0x2e00	0xe003	0x2000	c.lbu
2	153	c.lbu	8	12	25	c.lbu x8, 25(x12)	0x3e00	0xe003	0x2000	c.lbu
2	154	c.lbu	8	12	26	c.lbu x8, 26(x12)	0x2e20	0xe003	0x2000	c.lbu
2	155	c.lbu	8	12	27	c.lbu x8, 27(x12)	0x3e20	0xe003	0x2000	c.lbu
2	156	c.lbu	8	12	28	c.lbu x8, 28(x12)	0x2e40	0xe003	0x2000	c.lbu
2	157	c.lbu	8	12	29	c.lbu x8, 29(x12)	0x3e40	0xe003	0x2000	c.lbu
2	158	c.lbu	8	12	30	c.lbu x8, 30(x12)	0x2e60	0xe003	0x2000	c.lbu
2	159	c.lbu	8	12	31	c.lbu x8, 31(x12)	0x3e60	0xe003	0x2000	c.lbu
2	160	c.lbu	8	13	0	c.lbu x8, 0(x13)	0x2280	0xe003	0x2000	c.lbu
2	161	c.lbu	8	13	1	c.lbu x8, 1(x13)	0x3280	0xe003	0x2000	c.lbu
2	162	c.lbu	8	13	2	c.lbu x8, 2(x13)	0x22a0	0xe003	0x2000	c.lbu
2	163	c.lbu	8	13	3	c.lbu x8, 3(x13)	0x32a0	0xe003	0x2000	c.lbu
2	164	c.lbu	8	13	4	c.lbu x8, 4(x13)	0x22c0	0xe003	0x2000	c.lbu
2	165	c.lbu	8	13	5	c.lbu x8, 5(x13)	0x32c0	0xe003	0x2000	c.lbu
2	166	c.lbu	8	13	6	c.lbu x8, 6(x13)	0x22e0	0xe003	0x2000	c.lbu
2	167	c.lbu	8	13	7	c.lbu x8, 7(x13)	0x32e0	0xe003	0x2000	c.lbu
2	168	c.lbu	8	13	8	c.lbu x8, 8(x13)	0x2680	0xe003	0x2000	c.lbu
2	169	c.lbu	8	13	9	c.lbu x8, 9(x13)	0x3680	0xe003	0x2000	c.lbu
2	170	c.lbu	8	13	10	c.lbu x8, 10(x13)	0x26a0	0xe003	0x2000	c.lbu
2	171	c.lbu	8	13	11	c.lbu x8, 11(x13)	0x36a0	0xe003	0x2000	c.lbu
2	172	c.lbu	8	13	12	c.lbu x8, 12(x13)	0x26c0	0xe003	0x2000	c.lbu
2	173	c.lbu	8	13	13	c.lbu x8, 13(x13)	0x36c0	0xe003	0x2000	c.lbu
2	174	c.lbu	8	13	14	c.lbu x8, 14(x13)	0x26e0	0xe003	0x2000	c.lbu
2	175	c.lbu	8	13	15	c.lbu x8, 15(x13)	0x36e0	0xe003	0x2000	c.lbu
2	176	c.lbu	8	13	16	c.lbu x8, 16(x13)	0x2a80	0xe003	0x2000	c.lbu
2	177	c.lbu	8	13	17	c.lbu x8, 17(x13)	0x3a80	0xe003	0x2000	c.lbu
2	178	c.lbu	8	13	18	c.lbu x8, 18(x13)	0x2aa0	0xe003	0x2000	c.lbu
2	179	c.lbu	8	13	19	c.lbu x8, 19(x13)	0x3aa0	0xe003	0x2000	c.lbu
2	180	c.lbu	8	13	20	c.lbu x8, 20(x13)	0x2ac0	0xe003	0x2000	c.lbu
2	181	c.lbu	8	13	21	c.lbu x8, 21(x13)	0x3ac0	0xe003	0x2000	c.lbu
2	182	c.lbu	8	13	22	c.lbu x8, 22(x13)	0x2ae0	0xe003	0x2000	c.lbu
2	183	c.lbu	8	13	23	c.lbu x8, 23(x13)	0x3ae0	0xe003	0x2000	c.lbu
2	184	c.lbu	8	13	24	c.lbu x8, 24(x13)	0x2e80	0xe003	0x2000	c.lbu
2	185	c.lbu	8	13	25	c.lbu x8, 25(x13)	0x3e80	0xe003	0x2000	c.lbu
2	186	c.lbu	8	13	26	c.lbu x8, 26(x13)	0x2ea0	0xe003	0x2000	c.lbu
2	187	c.lbu	8	13	27	c.lbu x8, 27(x13)	0x3ea0	0xe003	0x2000	c.lbu
2	188	c.lbu	8	13	28	c.lbu x8, 28(x13)	0x2ec0	0xe003	0x2000	c.lbu
2	189	c.lbu	8	13	29	c.lbu x8, 29(x13)	0x3ec0	0xe003	0x2000	c.lbu
2	190	c.lbu	8	13	30	c.lbu x8, 30(x13)	0x2ee0	0xe003	0x2000	c.lbu
2	191	c.lbu	8	13	31	c.lbu x8, 31(x13)	0x3ee0	0xe003	0x2000	c.lbu
2	192	c.lbu	8	14	0	c.lbu x8, 0(x14)	0x2300	0xe003	0x2000	c.lbu
2	193	c.lbu	8	14	1	c.lbu x8, 1(x14)	0x3300	0xe003	0x2000	c.lbu
2	194	c.lbu	8	14	2	c.lbu x8, 2(x14)	0x2320	0xe003	0x2000	c.lbu
2	195	c.lbu	8	14	3	c.lbu x8, 3(x14)	0x3320	0xe003	0x2000	c.lbu
2	196	c.lbu	8	14	4	c.lbu x8, 4(x14)	0x2340	0xe003	0x2000	c.lbu
2	197	c.lbu	8	14	5	c.lbu x8, 5(x14)	0x3340	0xe003	0x2000	c.lbu
2	198	c.lbu	8	14	6	c.lbu x8, 6(x14)	0x2360	0xe003	0x2000	c.lbu
2	199	c.lbu	8	14	7	c.lbu x8, 7(x14)	0x3360	0xe003	0x2000	c.lbu
2	200	c.lbu	8	14	8	c.lbu x8, 8(x14)	0x2700	0xe003	0x2000	c.lbu
2	201	c.lbu	8	14	9	c.lbu x8, 9(x14)	0x3700	0xe003	0x2000	c.lbu
2	202	c.lbu	8	14	10	c.lbu x8, 10(x14)	0x2720	0xe003	0x2000	c.lbu
2	203	c.lbu	8	14	11	c.lbu x8, 11(x14)	0x3720	0xe003	0x2000	c.lbu
2	204	c.lbu	8	14	12	c.lbu x8, 12(x14)	0x2740	0xe003	0x2000	c.lbu
2	205	c.lbu	8	14	13	c.lbu x8, 13(x14)	0x3740	0xe003	0x2000	c.lbu
2	206	c.lbu	8	14	14	c.lbu x8, 14(x14)	0x2760	0xe003	0x2000	c.lbu
2	207	c.lbu	8	14	15	c.lbu x8, 15(x14)	0x3760	0xe003	0x2000	c.lbu
2	208	c.lbu	8	14	16	c.lbu x8, 16(x14)	0x2b00	0xe003	0x2000	c.lbu
2	209	c.lbu	8	14	17	c.lbu x8, 17(x14)	0x3b00	0xe003	0x2000	c.lbu
2	210	c.lbu	8	14	18	c.lbu x8, 18(x14)	0x2b20	0xe003	0x2000	c.lbu
2	211	c.lbu	8	14	19	c.lbu x8, 19(x14)	0x3b20	0xe003	0x2000	c.lbu
2	212	c.lbu	8	14	20	c.lbu x8, 20(x14)	0x2b40	0xe003	0x2000	c.lbu
2	213	c.lbu	8	14	21	c.lbu x8, 21(x14)	0x3b40	0xe003	0x2000	c.lbu
2	214	c.lbu	8	14	22	c.lbu x8, 22(x14)	0x2b60	0xe003	0x2000	c.lbu
2	215	c.lbu	8	14	23	c.lbu x8, 23(x14)	0x3b60	0xe003	0x2000	c.lbu
2	216	c.lbu	8	14	24	c.lbu x8, 24(x14)	0x2f00	0xe003	0x2000	c.lbu
2	217	c.lbu	8	14	25	c.lbu x8, 25(x14)	0x3f00	0xe003	0x2000	c.lbu
2	218	c.lbu	8	14	26	c.lbu x8, 26(x14)	0x2f20	0xe003	0x2000	c.lbu
2	219	c.lbu	8	14	27	c.lbu x8, 27(x14)	0x3f20	0xe003	0x2000	c.lbu
2	220	c.lbu	8	14	28	c.lbu x8, 28(x14)	0x2f40	0xe003	0x2000	c.lbu
2	221	c.lbu	8	14	29	c.lbu x8, 29(x14)	0x3f40	0xe003	0x2000	c.lbu
2	222	c.lbu	8	14	30	c.lbu x8, 30(x14)	0x2f60	0xe003	0x2000	c.lbu
2	223	c.lbu	8	14	31	c.lbu x8, 31(x14)	0x3f60	0xe003	0x2000	c.lbu
2	224	c.lbu	8	15	0	c.lbu x8, 0(x15)	0x2380	0xe003	0x2000	c.lbu
2	225	c.lbu	8	15	1	c.lbu x8, 1(x15)	0x3380	0xe003	0x2000	c.lbu
2	226	c.lbu	8	15	2	c.lbu x8, 2(x15)	0x23a0	0xe003	0x2000	c.lbu
2	227	c.lbu	8	15	3	c.lbu x8, 3(x15)	0x33a0	0xe003	0x2000	c.lbu
2	228	c.lbu	8	15	4	c.lbu x8, 4(x15)	0x23c0	0xe003	0x2000	c.lbu
2	229	c.lbu	8	15	5	c.lbu x8, 5(x15)	0x33c0	0xe003	0x2000	c.lbu
2	230	c.lbu	8	15	6	c.lbu x8, 6(x15)	0x23e0	0xe003	0x2000	c.lbu
2	231	c.lbu	8	15	7	c.lbu x8, 7(x15)	0x33e0	0xe003	0x2000	c.lbu
2	232	c.lbu	8	15	8	c.lbu x8, 8(x15)	0x2780	0xe003	0x2000	c.lbu
2	233	c.lbu	8	15	9	c.lbu x8, 9(x15)	0x3780	0xe003	0x2000	c.lbu
2	234	c.lbu	8	15	10	c.lbu x8, 10(x15)	0x27a0	0xe003	0x2000	c.lbu
2	235	c.lbu	8	15	11	c.lbu x8, 11(x15)	0x37a0	0xe003	0x2000	c.lbu
2	236	c.lbu	8	15	12	c.lbu x8, 12(x15)	0x27c0	0xe003	0x2000	c.lbu
2	237	c.lbu	8	15	13	c.lbu x8, 13(x15)	0x37c0	0xe003	0x2000	c.lbu
2	238	c.lbu	8	15	14	c.lbu x8, 14(x15)	0x27e0	0xe003	0x2000	c.lbu
2	239	c.lbu	8	15	15	c.lbu x8, 15(x15)	0x37e0	0xe003	0x2000	c.lbu
2	240	c.lbu	8	15	16	c.lbu x8, 16(x15)	0x2b80	0xe003	0x2000	c.lbu
2	241	c.lbu	8	15	17	c.lbu x8, 17(x15)	0x3b80	0xe003	0x2000	c.lbu
2	242	c.lbu	8	15	18	c.lbu x8, 18(x15)	0x2ba0	0xe003	0x2000	c.lbu
2	243	c.lbu	8	15	19	c.lbu x8, 19(x15)	0x3ba0	0xe003	0x2000	c.lbu
2	244	c.lbu	8	15	20	c.lbu x8, 20(x15)	0x2bc0	0xe003	0x2000	c.lbu
2	245	c.lbu	8	15	21	c.lbu x8, 21(x15)	0x3bc0	0xe003	0x2000	c.lbu
2	246	c.lbu	8	15	22	c.lbu x8, 22(x15)	0x2be0	0xe003	0x2000	c.lbu
2	247	c.lbu	8	15	23	c.lbu x8, 23(x15)	0x3be0	0xe003	0x2000	c.lbu
2	248	c.lbu	8	15	24	c.lbu x8, 24(x15)	0x2f80	0xe003	0x2000	c.lbu
2	249	c.lbu	8	15	25	c.lbu x8, 25(x15)	0x3f80	0xe003	0x2000	c.lbu
2	250	c.lbu	8	15	26	c.lbu x8, 26(x15)	0x2fa0	0xe003	0x2000	c.lbu
2	251	c.lbu	8	15	27	c.lbu x8, 27(x15)	0x3fa0	0xe003	0x2000	c.lbu
2	252	c.lbu	8	15	28	c.lbu x8, 28(x15)	0x2fc0	0xe003	0x2000	c.lbu
2	253	c.lbu	8	15	29	c.lbu x8, 29(x15)	0x3fc0	0xe003	0x2000	c.lbu
2	254	c.lbu	8	15	30	c.lbu x8, 30(x15)	0x2fe0	0xe003	0x2000	c.lbu
2	255	c.lbu	8	15	31	c.lbu x8, 31(x15)	0x3fe0	0xe003	0x2000	c.lbu
2	256	c.lbu	9	8	0	c.lbu x9, 0(x8)	0x2004	0xe003	0x2000	c.lbu
2	257	c.lbu	9	8	1	c.lbu x9, 1(x8)	0x3004	0xe003	0x2000	c.lbu
2	258	c.lbu	9	8	2	c.lbu x9, 2(x8)	0x2024	0xe003	0x2000	c.lbu
2	259	c.lbu	9	8	3	c.lbu x9, 3(x8)	0x3024	0xe003	0x2000	c.lbu
2	260	c.lbu	9	8	4	c.lbu x9, 4(x8)	0x2044	0xe003	0x2000	c.lbu
2	261	c.lbu	9	8	5	c.lbu x9, 5(x8)	0x3044	0xe003	0x2000	c.lbu
2	262	c.lbu	9	8	6	c.lbu x9, 6(x8)	0x2064	0xe003	0x2000	c.lbu
2	263	c.lbu	9	8	7	c.lbu x9, 7(x8)	0x3064	0xe003	0x2000	c.lbu
2	264	c.lbu	9	8	8	c.lbu x9, 8(x8)	0x2404	0xe003	0x2000	c.lbu
2	265	c.lbu	9	8	9	c.lbu x9, 9(x8)	0x3404	0xe003	0x2000	c.lbu
2	266	c.lbu	9	8	10	c.lbu x9, 10(x8)	0x2424	0xe003	0x2000	c.lbu
2	267	c.lbu	9	8	11	c.lbu x9, 11(x8)	0x3424	0xe003	0x2000	c.lbu
2	268	c.lbu	9	8	12	c.lbu x9, 12(x8)	0x2444	0xe003	0x2000	c.lbu
2	269	c.lbu	9	8	13	c.lbu x9, 13(x8)	0x3444	0xe003	0x2000	c.lbu
2	270	c.lbu	9	8	14	c.lbu x9, 14(x8)	0x2464	0xe003	0x2000	c.lbu
2	271	c.lbu	9	8	15	c.lbu x9, 15(x8)	0x3464	0xe003	0x2000	c.lbu
2	272	c.lbu	9	8	16	c.lbu x9, 16(x8)	0x2804	0xe003	0x2000	c.lbu
2	273	c.lbu	9	8	17	c.lbu x9, 17(x8)	0x3804	0xe003	0x2000	c.lbu
2	274	c.lbu	9	8	18	c.lbu x9, 18(x8)	0x2824	0xe003	0x2000	c.lbu
2	275	c.lbu	9	8	19	c.lbu x9, 19(x8)	0x3824	0xe003	0x2000	c.lbu
2	276	c.lbu	9	8	20	c.lbu x9, 20(x8)	0x2844	0xe003	0x2000	c.lbu
2	277	c.lbu	9	8	21	c.lbu x9, 21(x8)	0x3844	0xe003	0x2000	c.lbu
2	278	c.lbu	9	8	22	c.lbu x9, 22(x8)	0x2864	0xe003	0x2000	c.lbu
2	279	c.lbu	9	8	23	c.lbu x9, 23(x8)	0x3864	0xe003	0x2000	c.lbu
2	280	c.lbu	9	8	24	c.lbu x9, 24(x8)	0x2c04	0xe003	0x2000	c.lbu
2	281	c.lbu	9	8	25	c.lbu x9, 25(x8)	0x3c04	0xe003	0x2000	c.lbu
2	282	c.lbu	9	8	26	c.lbu x9, 26(x8)	0x2c24	0xe003	0x2000	c.lbu
2	283	c.lbu	9	8	27	c.lbu x9, 27(x8)	0x3c24	0xe003	0x2000	c.lbu
2	284	c.lbu	9	8	28	c.lbu x9, 28(x8)	0x2c44	0xe003	0x2000	c.lbu
2	285	c.lbu	9	8	29	c.lbu x9, 29(x8)	0x3c44	0xe003	0x2000	c.lbu
2	286	c.lbu	9	8	30	c.lbu x9, 30(x8)	0x2c64	0xe003	0x2000	c.lbu
2	287	c.lbu	9	8	31	c.lbu x9, 31(x8)	0x3c64	0xe003	0x2000	c.lbu
2	288	c.lbu	9	9	0	c.lbu x9, 0(x9)	0x2084	0xe003	0x2000	c.lbu
2	289	c.lbu	9	9	1	c.lbu x9, 1(x9)	0x3084	0xe003	0x2000	c.lbu
2	290	c.lbu	9	9	2	c.lbu x9, 2(x9)	0x20a4	0xe003	0x2000	c.lbu
2	291	c.lbu	9	9	3	c.lbu x9, 3(x9)	0x30a4	0xe003	0x2000	c.lbu
2	292	c.lbu	9	9	4	c.lbu x9, 4(x9)	0x20c4	0xe003	0x2000	c.lbu
2	293	c.lbu	9	9	5	c.lbu x9, 5(x9)	0x30c4	0xe003	0x2000	c.lbu
2	294	c.lbu	9	9	6	c.lbu x9, 6(x9)	0x20e4	0xe003	0x2000	c.lbu
2	295	c.lbu	9	9	7	c.lbu x9, 7(x9)	0x30e4	0xe003	0x2000	c.lbu
2	296	c.lbu	9	9	8	c.lbu x9, 8(x9)	0x2484	0xe003	0x2000	c.lbu
2	297	c.lbu	9	9	9	c.lbu x9, 9(x9)	0x3484	0xe003	0x2000	c.lbu
2	298	c.lbu	9	9	10	c.lbu x9, 10(x9)	0x24a4	0xe003	0x2000	c.lbu
2	299	c.lbu	9	9	11	c.lbu x9, 11(x9)	0x34a4	0xe003	0x2000	c.lbu
2	300	c.lbu	9	9	12	c.lbu x9, 12(x9)	0x24c4	0xe003	0x2000	c.lbu
2	301	c.lbu	9	9	13	c.lbu x9, 13(x9)	0x34c4	0xe003	0x2000	c.lbu
2	302	c.lbu	9	9	14	c.lbu x9, 14(x9)	0x24e4	0xe003	0x2000	c.lbu
2	303	c.lbu	9	9	15	c.lbu x9, 15(x9)	0x34e4	0xe003	0x2000	c.lbu
2	304	c.lbu	9	9	16	c.lbu x9, 16(x9)	0x2884	0xe003	0x2000	c.lbu
2	305	c.lbu	9	9	17	c.lbu x9, 17(x9)	0x3884	0xe003	0x2000	c.lbu
2	306	c.lbu	9	9	18	c.lbu x9, 18(x9)	0x28a4	0xe003	0x2000	c.lbu
2	307	c.lbu	9	9	19	c.lbu x9, 19(x9)	0x38a4	0xe003	0x2000	c.lbu
2	308	c.lbu	9	9	20	c.lbu x9, 20(x9)	0x28c4	0xe003	0x2000	c.lbu
2	309	c.lbu	9	9	21	c.lbu x9, 21(x9)	0x38c4	0xe003	0x2000	c.lbu
2	310	c.lbu	9	9	22	c.lbu x9, 22(x9)	0x28e4	0xe003	0x2000	c.lbu
2	311	c.lbu	9	9	23	c.lbu x9, 23(x9)	0x38e4	0xe003	0x2000	c.lbu
2	312	c.lbu	9	9	24	c.lbu x9, 24(x9)	0x2c84	0xe003	0x2000	c.lbu
2	313	c.lbu	9	9	25	c.lbu x9, 25(x9)	0x3c84	0xe003	0x2000	c.lbu
2	314	c.lbu	9	9	26	c.lbu x9, 26(x9)	0x2ca4	0xe003	0x2000	c.lbu
2	315	c.lbu	9	9	27	c.lbu x9, 27(x9)	0x3ca4	0xe003	0x2000	c.lbu
2	316	c.lbu	9	9	28	c.lbu x9, 28(x9)	0x2cc4	0xe003	0x2000	c.lbu
2	317	c.lbu	9	9	29	c.lbu x9, 29(x9)	0x3cc4	0xe003	0x2000	c.lbu
2	318	c.lbu	9	9	30	c.lbu x9, 30(x9)	0x2ce4	0xe003	0x2000	c.lbu
2	319	c.lbu	9	9	31	c.lbu x9, 31(x9)	0x3ce4	0xe003	0x2000	c.lbu
2	320	c.lbu	9	10	0	c.lbu x9, 0(x10)	0x2104	0xe003	0x2000	c.lbu
2	321	c.lbu	9	10	1	c.lbu x9, 1(x10)	0x3104	0xe003	0x2000	c.lbu
2	322	c.lbu	9	10	2	c.lbu x9, 2(x10)	0x2124	0xe003	0x2000	c.lbu
2	323	c.lbu	9	10	3	c.lbu x9, 3(x10)	0x3124	0xe003	0x2000	c.lbu
2	324	c.lbu	9	10	4	c.lbu x9, 4(x10)	0x2144	0xe003	0x2000	c.lbu
2	325	c.lbu	9	10	5	c.lbu x9, 5(x10)	0x3144	0xe003	0x2000	c.lbu
2	326	c.lbu	9	10	6	c.lbu x9, 6(x10)	0x2164	0xe003	0x2000	c.lbu
2	327	c.lbu	9	10	7	c.lbu x9, 7(x10)	0x3164	0xe003	0x2000	c.lbu
2	328	c.lbu	9	10	8	c.lbu x9, 8(x10)	0x2504	0xe003	0x2000	c.lbu
2	329	c.lbu	9	10	9	c.lbu x9, 9(x10)	0x3504	0xe003	0x2000	c.lbu
2	330	c.lbu	9	10	10	c.lbu x9, 10(x10)	0x2524	0xe003	0x2000	c.lbu
2	331	c.lbu	9	10	11	c.lbu x9, 11(x10)	0x3524	0xe003	0x2000	c.lbu
2	332	c.lbu	9	10	12	c.lbu x9, 12(x10)	0x2544	0xe003	0x2000	c.lbu
2	333	c.lbu	9	10	13	c.lbu x9, 13(x10)	0x3544	0xe003	0x2000	c.lbu
2	334	c.lbu	9	10	14	c.lbu x9, 14(x10)	0x2564	0xe003	0x2000	c.lbu
2	335	c.lbu	9	10	15	c.lbu x9, 15(x10)	0x3564	0xe003	0x2000	c.lbu
2	336	c.lbu	9	10	16	c.lbu x9, 16(x10)	0x2904	0xe003	0x2000	c.lbu
2	337	c.lbu	9	10	17	c.lbu x9, 17(x10)	0x3904	0xe003	0x2000	c.lbu
2	338	c.lbu	9	10	18	c.lbu x9, 18(x10)	0x2924	0xe003	0x2000	c.lbu
2	339	c.lbu	9	10	19	c.lbu x9, 19(x10)	0x3924	0xe003	0x2000	c.lbu
2	340	c.lbu	9	10	20	c.lbu x9, 20(x10)	0x2944	0xe003	0x2000	c.lbu
2	341	c.lbu	9	10	21	c.lbu x9, 21(x10)	0x3944	0xe003	0x2000	c.lbu
2	342	c.lbu	9	10	22	c.lbu x9, 22(x10)	0x2964	0xe003	0x2000	c.lbu
2	343	c.lbu	9	10	23	c.lbu x9, 23(x10)	0x3964	0xe003	0x2000	c.lbu
2	344	c.lbu	9	10	24	c.lbu x9, 24(x10)	0x2d04	0xe003	0x2000	c.lbu
2	345	c.lbu	9	10	25	c.lbu x9, 25(x10)	0x3d04	0xe003	0x2000	c.lbu
2	346	c.lbu	9	10	26	c.lbu x9, 26(x10)	0x2d24	0xe003	0x2000	c.lbu
2	347	c.lbu	9	10	27	c.lbu x9, 27(x10)	0x3d24	0xe003	0x2000	c.lbu
2	348	c.lbu	9	10	28	c.lbu x9, 28(x10)	0x2d44	0xe003	0x2000	c.lbu
2	349	c.lbu	9	10	29	c.lbu x9, 29(x10)	0x3d44	0xe003	0x2000	c.lbu
2	350	c.lbu	9	10	30	c.lbu x9, 30(x10)	0x2d64	0xe003	0x2000	c.lbu
2	351	c.lbu	9	10	31	c.lbu x9, 31(x10)	0x3d64	0xe003	0x2000	c.lbu
2	352	c.lbu	9	11	0	c.lbu x9, 0(x11)	0x2184	0xe003	0x2000	c.lbu
2	353	c.lbu	9	11	1	c.lbu x9, 1(x11)	0x3184	0xe003	0x2000	c.lbu
2	354	c.lbu	9	11	2	c.lbu x9, 2(x11)	0x21a4	0xe003	0x2000	c.lbu
2	355	c.lbu	9	11	3	c.lbu x9, 3(x11)	0x31a4	0xe003	0x2000	c.lbu
2	356	c.lbu	9	11	4	c.lbu x9, 4(x11)	0x21c4	0xe003	0x2000	c.lbu
2	357	c.lbu	9	11	5	c.lbu x9, 5(x11)	0x31c4	0xe003	0x2000	c.lbu
2	358	c.lbu	9	11	6	c.lbu x9, 6(x11)	0x21e4	0xe003	0x2000	c.lbu
2	359	c.lbu	9	11	7	c.lbu x9, 7(x11)	0x31e4	0xe003	0x2000	c.lbu
2	360	c.lbu	9	11	8	c.lbu x9, 8(x11)	0x2584	0xe003	0x2000	c.lbu
2	361	c.lbu	9	11	9	c.lbu x9, 9(x11)	0x3584	0xe003	0x2000	c.lbu
2	362	c.lbu	9	11	10	c.lbu x9, 10(x11)	0x25a4	0xe003	0x2000	c.lbu
2	363	c.lbu	9	11	11	c.lbu x9, 11(x11)	0x35a4	0xe003	0x2000	c.lbu
2	364	c.lbu	9	11	12	c.lbu x9, 12(x11)	0x25c4	0xe003	0x2000	c.lbu
2	365	c.lbu	9	11	13	c.lbu x9, 13(x11)	0x35c4	0xe003	0x2000	c.lbu
2	366	c.lbu	9	11	14	c.lbu x9, 14(x11)	0x25e4	0xe003	0x2000	c.lbu
2	367	c.lbu	9	11	15	c.lbu x9, 15(x11)	0x35e4	0xe003	0x2000	c.lbu
2	368	c.lbu	9	11	16	c.lbu x9, 16(x11)	0x2984	0xe003	0x2000	c.lbu
2	369	c.lbu	9	11	17	c.lbu x9, 17(x11)	0x3984	0xe003	0x2000	c.lbu
2	370	c.lbu	9	11	18	c.lbu x9, 18(x11)	0x29a4	0xe003	0x2000	c.lbu
2	371	c.lbu	9	11	19	c.lbu x9, 19(x11)	0x39a4	0xe003	0x2000	c.lbu
2	372	c.lbu	9	11	20	c.lbu x9, 20(x11)	0x29c4	0xe003	0x2000	c.lbu
2	373	c.lbu	9	11	21	c.lbu x9, 21(x11)	0x39c4	0xe003	0x2000	c.lbu
2	374	c.lbu	9	11	22	c.lbu x9, 22(x11)	0x29e4	0xe003	0x2000	c.lbu
2	375	c.lbu	9	11	23	c.lbu x9, 23(x11)	0x39e4	0xe003	0x2000	c.lbu
2	376	c.lbu	9	11	24	c.lbu x9, 24(x11)	0x2d84	0xe003	0x2000	c.lbu
2	377	c.lbu	9	11	25	c.lbu x9, 25(x11)	0x3d84	0xe003	0x2000	c.lbu
2	378	c.lbu	9	11	26	c.lbu x9, 26(x11)	0x2da4	0xe003	0x2000	c.lbu
2	379	c.lbu	9	11	27	c.lbu x9, 27(x11)	0x3da4	0xe003	0x2000	c.lbu
2	380	c.lbu	9	11	28	c.lbu x9, 28(x11)	0x2dc4	0xe003	0x2000	c.lbu
2	381	c.lbu	9	11	29	c.lbu x9, 29(x11)	0x3dc4	0xe003	0x2000	c.lbu
2	382	c.lbu	9	11	30	c.lbu x9, 30(x11)	0x2de4	0xe003	0x2000	c.lbu
2	383	c.lbu	9	11	31	c.lbu x9, 31(x11)	0x3de4	0xe003	0x2000	c.lbu
2	384	c.lbu	9	12	0	c.lbu x9, 0(x12)	0x2204	0xe003	0x2000	c.lbu
2	385	c.lbu	9	12	1	c.lbu x9, 1(x12)	0x3204	0xe003	0x2000	c.lbu
2	386	c.lbu	9	12	2	c.lbu x9, 2(x12)	0x2224	0xe003	0x2000	c.lbu
2	387	c.lbu	9	12	3	c.lbu x9, 3(x12)	0x3224	0xe003	0x2000	c.lbu
2	388	c.lbu	9	12	4	c.lbu x9, 4(x12)	0x2244	0xe003	0x2000	c.lbu
2	389	c.lbu	9	12	5	c.lbu x9, 5(x12)	0x3244	0xe003	0x2000	c.lbu
2	390	c.lbu	9	12	6	c.lbu x9, 6(x12)	0x2264	0xe003	0x2000	c.lbu
2	391	c.lbu	9	12	7	c.lbu x9, 7(x12)	0x3264	0xe003	0x2000	c.lbu
2	392	c.lbu	9	12	8	c.lbu x9, 8(x12)	0x2604	0xe003	0x2000	c.lbu
2	393	c.lbu	9	12	9	c.lbu x9, 9(x12)	0x3604	0xe003	0x2000	c.lbu
2	394	c.lbu	9	12	10	c.lbu x9, 10(x12)	0x2624	0xe003	0x2000	c.lbu
2	395	c.lbu	9	12	11	c.lbu x9, 11(x12)	0x3624	0xe003	0x2000	c.lbu
2	396	c.lbu	9	12	12	c.lbu x9, 12(x12)	0x2644	0xe003	0x2000	c.lbu
2	397	c.lbu	9	12	13	c.lbu x9, 13(x12)	0x3644	0xe003	0x2000	c.lbu
2	398	c.lbu	9	12	14	c.lbu x9, 14(x12)	0x2664	0xe003	0x2000	c.lbu
2	399	c.lbu	9	12	15	c.lbu x9, 15(x12)	0x3664	0xe003	0x2000	c.lbu
2	400	c.lbu	9	12	16	c.lbu x9, 16(x12)	0x2a04	0xe003	0x2000	c.lbu
2	401	c.lbu	9	12	17	c.lbu x9, 17(x12)	0x3a04	0xe003	0x2000	c.lbu
2	402	c.lbu	9	12	18	c.lbu x9, 18(x12)	0x2a24	0xe003	0x2000	c.lbu
2	403	c.lbu	9	12	19	c.lbu x9, 19(x12)	0x3a24	0xe003	0x2000	c.lbu
2	404	c.lbu	9	12	20	c.lbu x9, 20(x12)	0x2a44	0xe003	0x2000	c.lbu
2	405	c.lbu	9	12	21	c.lbu x9, 21(x12)	0x3a44	0xe003	0x2000	c.lbu
2	406	c.lbu	9	12	22	c.lbu x9, 22(x12)	0x2a64	0xe003	0x2000	c.lbu
2	407	c.lbu	9	12	23	c.lbu x9, 23(x12)	0x3a64	0xe003	0x2000	c.lbu
2	408	c.lbu	9	12	24	c.lbu x9, 24(x12)	0x2e04	0xe003	0x2000	c.lbu
2	409	c.lbu	9	12	25	c.lbu x9, 25(x12)	0x3e04	0xe003	0x2000	c.lbu
2	410	c.lbu	9	12	26	c.lbu x9, 26(x12)	0x2e24	0xe003	0x2000	c.lbu
2	411	c.lbu	9	12	27	c.lbu x9, 27(x12)	0x3e24	0xe003	0x2000	c.lbu
2	412	c.lbu	9	12	28	c.lbu x9, 28(x12)	0x2e44	0xe003	0x2000	c.lbu
2	413	c.lbu	9	12	29	c.lbu x9, 29(x12)	0x3e44	0xe003	0x2000	c.lbu
2	414	c.lbu	9	12	30	c.lbu x9, 30(x12)	0x2e64	0xe003	0x2000	c.lbu
2	415	c.lbu	9	12	31	c.lbu x9, 31(x12)	0x3e64	0xe003	0x2000	c.lbu
2	416	c.lbu	9	13	0	c.lbu x9, 0(x13)	0x2284	0xe003	0x2000	c.lbu
2	417	c.lbu	9	13	1	c.lbu x9, 1(x13)	0x3284	0xe003	0x2000	c.lbu
2	418	c.lbu	9	13	2	c.lbu x9, 2(x13)	0x22a4	0xe003	0x2000	c.lbu
2	419	c.lbu	9	13	3	c.lbu x9, 3(x13)	0x32a4	0xe003	0x2000	c.lbu
2	420	c.lbu	9	13	4	c.lbu x9, 4(x13)	0x22c4	0xe003	0x2000	c.lbu
2	421	c.lbu	9	13	5	c.lbu x9, 5(x13)	0x32c4	0xe003	0x2000	c.lbu
2	422	c.lbu	9	13	6	c.lbu x9, 6(x13)	0x22e4	0xe003	0x2000	c.lbu
2	423	c.lbu	9	13	7	c.lbu x9, 7(x13)	0x32e4	0xe003	0x2000	c.lbu
2	424	c.lbu	9	13	8	c.lbu x9, 8(x13)	0x2684	0xe003	0x2000	c.lbu
2	425	c.lbu	9	13	9	c.lbu x9, 9(x13)	0x3684	0xe003	0x2000	c.lbu
2	426	c.lbu	9	13	10	c.lbu x9, 10(x13)	0x26a4	0xe003	0x2000	c.lbu
2	427	c.lbu	9	13	11	c.lbu x9, 11(x13)	0x36a4	0xe003	0x2000	c.lbu
2	428	c.lbu	9	13	12	c.lbu x9, 12(x13)	0x26c4	0xe003	0x2000	c.lbu
2	429	c.lbu	9	13	13	c.lbu x9, 13(x13)	0x36c4	0xe003	0x2000	c.lbu
2	430	c.lbu	9	13	14	c.lbu x9, 14(x13)	0x26e4	0xe003	0x2000	c.lbu
2	431	c.lbu	9	13	15	c.lbu x9, 15(x13)	0x36e4	0xe003	0x2000	c.lbu
2	432	c.lbu	9	13	16	c.lbu x9, 16(x13)	0x2a84	0xe003	0x2000	c.lbu
2	433	c.lbu	9	13	17	c.lbu x9, 17(x13)	0x3a84	0xe003	0x2000	c.lbu
2	434	c.lbu	9	13	18	c.lbu x9, 18(x13)	0x2aa4	0xe003	0x2000	c.lbu
2	435	c.lbu	9	13	19	c.lbu x9, 19(x13)	0x3aa4	0xe003	0x2000	c.lbu
2	436	c.lbu	9	13	20	c.lbu x9, 20(x13)	0x2ac4	0xe003	0x2000	c.lbu
2	437	c.lbu	9	13	21	c.lbu x9, 21(x13)	0x3ac4	0xe003	0x2000	c.lbu
2	438	c.lbu	9	13	22	c.lbu x9, 22(x13)	0x2ae4	0xe003	0x2000	c.lbu
2	439	c.lbu	9	13	23	c.lbu x9, 23(x13)	0x3ae4	0xe003	0x2000	c.lbu
2	440	c.lbu	9	13	24	c.lbu x9, 24(x13)	0x2e84	0xe003	0x2000	c.lbu
2	441	c.lbu	9	13	25	c.lbu x9, 25(x13)	0x3e84	0xe003	0x2000	c.lbu
2	442	c.lbu	9	13	26	c.lbu x9, 26(x13)	0x2ea4	0xe003	0x2000	c.lbu
2	443	c.lbu	9	13	27	c.lbu x9, 27(x13)	0x3ea4	0xe003	0x2000	c.lbu
2	444	c.lbu	9	13	28	c.lbu x9, 28(x13)	0x2ec4	0xe003	0x2000	c.lbu
2	445	c.lbu	9	13	29	c.lbu x9, 29(x13)	0x3ec4	0xe003	0x2000	c.lbu
2	446	c.lbu	9	13	30	c.lbu x9, 30(x13)	0x2ee4	0xe003	0x2000	c.lbu
2	447	c.lbu	9	13	31	c.lbu x9, 31(x13)	0x3ee4	0xe003	0x2000	c.lbu
2	448	c.lbu	9	14	0	c.lbu x9, 0(x14)	0x2304	0xe003	0x2000	c.lbu
2	449	c.lbu	9	14	1	c.lbu x9, 1(x14)	0x3304	0xe003	0x2000	c.lbu
2	450	c.lbu	9	14	2	c.lbu x9, 2(x14)	0x2324	0xe003	0x2000	c.lbu
2	451	c.lbu	9	14	3	c.lbu x9, 3(x14)	0x3324	0xe003	0x2000	c.lbu
2	452	c.lbu	9	14	4	c.lbu x9, 4(x14)	0x2344	0xe003	0x2000	c.lbu
2	453	c.lbu	9	14	5	c.lbu x9, 5(x14)	0x3344	0xe003	0x2000	c.lbu
2	454	c.lbu	9	14	6	c.lbu x9, 6(x14)	0x2364	0xe003	0x2000	c.lbu
2	455	c.lbu	9	14	7	c.lbu x9, 7(x14)	0x3364	0xe003	0x2000	c.lbu
2	456	c.lbu	9	14	8	c.lbu x9, 8(x14)	0x2704	0xe003	0x2000	c.lbu
2	457	c.lbu	9	14	9	c.lbu x9, 9(x14)	0x3704	0xe003	0x2000	c.lbu
2	458	c.lbu	9	14	10	c.lbu x9, 10(x14)	0x2724	0xe003	0x2000	c.lbu
2	459	c.lbu	9	14	11	c.lbu x9, 11(x14)	0x3724	0xe003	0x2000	c.lbu
2	460	c.lbu	9	14	12	c.lbu x9, 12(x14)	0x2744	0xe003	0x2000	c.lbu
2	461	c.lbu	9	14	13	c.lbu x9, 13(x14)	0x3744	0xe003	0x2000	c.lbu
2	462	c.lbu	9	14	14	c.lbu x9, 14(x14)	0x2764	0xe003	0x2000	c.lbu
2	463	c.lbu	9	14	15	c.lbu x9, 15(x14)	0x3764	0xe003	0x2000	c.lbu
2	464	c.lbu	9	14	16	c.lbu x9, 16(x14)	0x2b04	0xe003	0x2000	c.lbu
2	465	c.lbu	9	14	17	c.lbu x9, 17(x14)	0x3b04	0xe003	0x2000	c.lbu
2	466	c.lbu	9	14	18	c.lbu x9, 18(x14)	0x2b24	0xe003	0x2000	c.lbu
2	467	c.lbu	9	14	19	c.lbu x9, 19(x14)	0x3b24	0xe003	0x2000	c.lbu
2	468	c.lbu	9	14	20	c.lbu x9, 20(x14)	0x2b44	0xe003	0x2000	c.lbu
2	469	c.lbu	9	14	21	c.lbu x9, 21(x14)	0x3b44	0xe003	0x2000	c.lbu
2	470	c.lbu	9	14	22	c.lbu x9, 22(x14)	0x2b64	0xe003	0x2000	c.lbu
2	471	c.lbu	9	14	23	c.lbu x9, 23(x14)	0x3b64	0xe003	0x2000	c.lbu
2	472	c.lbu	9	14	24	c.lbu x9, 24(x14)	0x2f04	0xe003	0x2000	c.lbu
2	473	c.lbu	9	14	25	c.lbu x9, 25(x14)	0x3f04	0xe003	0x2000	c.lbu
2	474	c.lbu	9	14	26	c.lbu x9, 26(x14)	0x2f24	0xe003	0x2000	c.lbu
2	475	c.lbu	9	14	27	c.lbu x9, 27(x14)	0x3f24	0xe003	0x2000	c.lbu
2	476	c.lbu	9	14	28	c.lbu x9, 28(x14)	0x2f44	0xe003	0x2000	c.lbu
2	477	c.lbu	9	14	29	c.lbu x9, 29(x14)	0x3f44	0xe003	0x2000	c.lbu
2	478	c.lbu	9	14	30	c.lbu x9, 30(x14)	0x2f64	0xe003	0x2000	c.lbu
2	479	c.lbu	9	14	31	c.lbu x9, 31(x14)	0x3f64	0xe003	0x2000	c.lbu
2	480	c.lbu	9	15	0	c.lbu x9, 0(x15)	0x2384	0xe003	0x2000	c.lbu
2	481	c.lbu	9	15	1	c.lbu x9, 1(x15)	0x3384	0xe003	0x2000	c.lbu
2	482	c.lbu	9	15	2	c.lbu x9, 2(x15)	0x23a4	0xe003	0x2000	c.lbu
2	483	c.lbu	9	15	3	c.lbu x9, 3(x15)	0x33a4	0xe003	0x2000	c.lbu
2	484	c.lbu	9	15	4	c.lbu x9, 4(x15)	0x23c4	0xe003	0x2000	c.lbu
2	485	c.lbu	9	15	5	c.lbu x9, 5(x15)	0x33c4	0xe003	0x2000	c.lbu
2	486	c.lbu	9	15	6	c.lbu x9, 6(x15)	0x23e4	0xe003	0x2000	c.lbu
2	487	c.lbu	9	15	7	c.lbu x9, 7(x15)	0x33e4	0xe003	0x2000	c.lbu
2	488	c.lbu	9	15	8	c.lbu x9, 8(x15)	0x2784	0xe003	0x2000	c.lbu
2	489	c.lbu	9	15	9	c.lbu x9, 9(x15)	0x3784	0xe003	0x2000	c.lbu
2	490	c.lbu	9	15	10	c.lbu x9, 10(x15)	0x27a4	0xe003	0x2000	c.lbu
2	491	c.lbu	9	15	11	c.lbu x9, 11(x15)	0x37a4	0xe003	0x2000	c.lbu
2	492	c.lbu	9	15	12	c.lbu x9, 12(x15)	0x27c4	0xe003	0x2000	c.lbu
2	493	c.lbu	9	15	13	c.lbu x9, 13(x15)	0x37c4	0xe003	0x2000	c.lbu
2	494	c.lbu	9	15	14	c.lbu x9, 14(x15)	0x27e4	0xe003	0x2000	c.lbu
2	495	c.lbu	9	15	15	c.lbu x9, 15(x15)	0x37e4	0xe003	0x2000	c.lbu
2	496	c.lbu	9	15	16	c.lbu x9, 16(x15)	0x2b84	0xe003	0x2000	c.lbu
2	497	c.lbu	9	15	17	c.lbu x9, 17(x15)	0x3b84	0xe003	0x2000	c.lbu
2	498	c.lbu	9	15	18	c.lbu x9, 18(x15)	0x2ba4	0xe003	0x2000	c.lbu
2	499	c.lbu	9	15	19	c.lbu x9, 19(x15)	0x3ba4	0xe003	0x2000	c.lbu
2	500	c.lbu	9	15	20	c.lbu x9, 20(x15)	0x2bc4	0xe003	0x2000	c.lbu
2	501	c.lbu	9	15	21	c.lbu x9, 21(x15)	0x3bc4	0xe003	0x2000	c.lbu
2	502	c.lbu	9	15	22	c.lbu x9, 22(x15)	0x2be4	0xe003	0x2000	c.lbu
2	503	c.lbu	9	15	23	c.lbu x9, 23(x15)	0x3be4	0xe003	0x2000	c.lbu
2	504	c.lbu	9	15	24	c.lbu x9, 24(x15)	0x2f84	0xe003	0x2000	c.lbu
2	505	c.lbu	9	15	25	c.lbu x9, 25(x15)	0x3f84	0xe003	0x2000	c.lbu
2	506	c.lbu	9	15	26	c.lbu x9, 26(x15)	0x2fa4	0xe003	0x2000	c.lbu
2	507	c.lbu	9	15	27	c.lbu x9, 27(x15)	0x3fa4	0xe003	0x2000	c.lbu
2	508	c.lbu	9	15	28	c.lbu x9, 28(x15)	0x2fc4	0xe003	0x2000	c.lbu
2	509	c.lbu	9	15	29	c.lbu x9, 29(x15)	0x3fc4	0xe003	0x2000	c.lbu
2	510	c.lbu	9	15	30	c.lbu x9, 30(x15)	0x2fe4	0xe003	0x2000	c.lbu
2	511	c.lbu	9	15	31	c.lbu x9, 31(x15)	0x3fe4	0xe003	0x2000	c.lbu
2	512	c.lbu	10	8	0	c.lbu x10, 0(x8)	0x2008	0xe003	0x2000	c.lbu
2	513	c.lbu	10	8	1	c.lbu x10, 1(x8)	0x3008	0xe003	0x2000	c.lbu
2	514	c.lbu	10	8	2	c.lbu x10, 2(x8)	0x2028	0xe003	0x2000	c.lbu
2	515	c.lbu	10	8	3	c.lbu x10, 3(x8)	0x3028	0xe003	0x2000	c.lbu
2	516	c.lbu	10	8	4	c.lbu x10, 4(x8)	0x2048	0xe003	0x2000	c.lbu
2	517	c.lbu	10	8	5	c.lbu x10, 5(x8)	0x3048	0xe003	0x2000	c.lbu
2	518	c.lbu	10	8	6	c.lbu x10, 6(x8)	0x2068	0xe003	0x2000	c.lbu
2	519	c.lbu	10	8	7	c.lbu x10, 7(x8)	0x3068	0xe003	0x2000	c.lbu
2	520	c.lbu	10	8	8	c.lbu x10, 8(x8)	0x2408	0xe003	0x2000	c.lbu
2	521	c.lbu	10	8	9	c.lbu x10, 9(x8)	0x3408	0xe003	0x2000	c.lbu
2	522	c.lbu	10	8	10	c.lbu x10, 10(x8)	0x2428	0xe003	0x2000	c.lbu
2	523	c.lbu	10	8	11	c.lbu x10, 11(x8)	0x3428	0xe003	0x2000	c.lbu
2	524	c.lbu	10	8	12	c.lbu x10, 12(x8)	0x2448	0xe003	0x2000	c.lbu
2	525	c.lbu	10	8	13	c.lbu x10, 13(x8)	0x3448	0xe003	0x2000	c.lbu
2	526	c.lbu	10	8	14	c.lbu x10, 14(x8)	0x2468	0xe003	0x2000	c.lbu
2	527	c.lbu	10	8	15	c.lbu x10, 15(x8)	0x3468	0xe003	0x2000	c.lbu
2	528	c.lbu	10	8	16	c.lbu x10, 16(x8)	0x2808	0xe003	0x2000	c.lbu
2	529	c.lbu	10	8	17	c.lbu x10, 17(x8)	0x3808	0xe003	0x2000	c.lbu
2	530	c.lbu	10	8	18	c.lbu x10, 18(x8)	0x2828	0xe003	0x2000	c.lbu
2	531	c.lbu	10	8	19	c.lbu x10, 19(x8)	0x3828	0xe003	0x2000	c.lbu
2	532	c.lbu	10	8	20	c.lbu x10, 20(x8)	0x2848	0xe003	0x2000	c.lbu
2	533	c.lbu	10	8	21	c.lbu x10, 21(x8)	0x3848	0xe003	0x2000	c.lbu
2	534	c.lbu	10	8	22	c.lbu x10, 22(x8)	0x2868	0xe003	0x2000	c.lbu
2	535	c.lbu	10	8	23	c.lbu x10, 23(x8)	0x3868	0xe003	0x2000	c.lbu
2	536	c.lbu	10	8	24	c.lbu x10, 24(x8)	0x2c08	0xe003	0x2000	c.lbu
2	537	c.lbu	10	8	25	c.lbu x10, 25(x8)	0x3c08	0xe003	0x2000	c.lbu
2	538	c.lbu	10	8	26	c.lbu x10, 26(x8)	0x2c28	0xe003	0x2000	c.lbu
2	539	c.lbu	10	8	27	c.lbu x10, 27(x8)	0x3c28	0xe003	0x2000	c.lbu
2	540	c.lbu	10	8	28	c.lbu x10, 28(x8)	0x2c48	0xe003	0x2000	c.lbu
2	541	c.lbu	10	8	29	c.lbu x10, 29(x8)	0x3c48	0xe003	0x2000	c.lbu
2	542	c.lbu	10	8	30	c.lbu x10, 30(x8)	0x2c68	0xe003	0x2000	c.lbu
2	543	c.lbu	10	8	31	c.lbu x10, 31(x8)	0x3c68	0xe003	0x2000	c.lbu
2	544	c.lbu	10	9	0	c.lbu x10, 0(x9)	0x2088	0xe003	0x2000	c.lbu
2	545	c.lbu	10	9	1	c.lbu x10, 1(x9)	0x3088	0xe003	0x2000	c.lbu
2	546	c.lbu	10	9	2	c.lbu x10, 2(x9)	0x20a8	0xe003	0x2000	c.lbu
2	547	c.lbu	10	9	3	c.lbu x10, 3(x9)	0x30a8	0xe003	0x2000	c.lbu
2	548	c.lbu	10	9	4	c.lbu x10, 4(x9)	0x20c8	0xe003	0x2000	c.lbu
2	549	c.lbu	10	9	5	c.lbu x10, 5(x9)	0x30c8	0xe003	0x2000	c.lbu
2	550	c.lbu	10	9	6	c.lbu x10, 6(x9)	0x20e8	0xe003	0x2000	c.lbu
2	551	c.lbu	10	9	7	c.lbu x10, 7(x9)	0x30e8	0xe003	0x2000	c.lbu
2	552	c.lbu	10	9	8	c.lbu x10, 8(x9)	0x2488	0xe003	0x2000	c.lbu
2	553	c.lbu	10	9	9	c.lbu x10, 9(x9)	0x3488	0xe003	0x2000	c.lbu
2	554	c.lbu	10	9	10	c.lbu x10, 10(x9)	0x24a8	0xe003	0x2000	c.lbu
2	555	c.lbu	10	9	11	c.lbu x10, 11(x9)	0x34a8	0xe003	0x2000	c.lbu
2	556	c.lbu	10	9	12	c.lbu x10, 12(x9)	0x24c8	0xe003	0x2000	c.lbu
2	557	c.lbu	10	9	13	c.lbu x10, 13(x9)	0x34c8	0xe003	0x2000	c.lbu
2	558	c.lbu	10	9	14	c.lbu x10, 14(x9)	0x24e8	0xe003	0x2000	c.lbu
2	559	c.lbu	10	9	15	c.lbu x10, 15(x9)	0x34e8	0xe003	0x2000	c.lbu
2	560	c.lbu	10	9	16	c.lbu x10, 16(x9)	0x2888	0xe003	0x2000	c.lbu
2	561	c.lbu	10	9	17	c.lbu x10, 17(x9)	0x3888	0xe003	0x2000	c.lbu
2	562	c.lbu	10	9	18	c.lbu x10, 18(x9)	0x28a8	0xe003	0x2000	c.lbu
2	563	c.lbu	10	9	19	c.lbu x10, 19(x9)	0x38a8	0xe003	0x2000	c.lbu
2	564	c.lbu	10	9	20	c.lbu x10, 20(x9)	0x28c8	0xe003	0x2000	c.lbu
2	565	c.lbu	10	9	21	c.lbu x10, 21(x9)	0x38c8	0xe003	0x2000	c.lbu
2	566	c.lbu	10	9	22	c.lbu x10, 22(x9)	0x28e8	0xe003	0x2000	c.lbu
2	567	c.lbu	10	9	23	c.lbu x10, 23(x9)	0x38e8	0xe003	0x2000	c.lbu
2	568	c.lbu	10	9	24	c.lbu x10, 24(x9)	0x2c88	0xe003	0x2000	c.lbu
2	569	c.lbu	10	9	25	c.lbu x10, 25(x9)	0x3c88	0xe003	0x2000	c.lbu
2	570	c.lbu	10	9	26	c.lbu x10, 26(x9)	0x2ca8	0xe003	0x2000	c.lbu
2	571	c.lbu	10	9	27	c.lbu x10, 27(x9)	0x3ca8	0xe003	0x2000	c.lbu
2	572	c.lbu	10	9	28	c.lbu x10, 28(x9)	0x2cc8	0xe003	0x2000	c.lbu
2	573	c.lbu	10	9	29	c.lbu x10, 29(x9)	0x3cc8	0xe003	0x2000	c.lbu
2	574	c.lbu	10	9	30	c.lbu x10, 30(x9)	0x2ce8	0xe003	0x2000	c.lbu
2	575	c.lbu	10	9	31	c.lbu x10, 31(x9)	0x3ce8	0xe003	0x2000	c.lbu
2	576	c.lbu	10	10	0	c.lbu x10, 0(x10)	0x2108	0xe003	0x2000	c.lbu
2	577	c.lbu	10	10	1	c.lbu x10, 1(x10)	0x3108	0xe003	0x2000	c.lbu
2	578	c.lbu	10	10	2	c.lbu x10, 2(x10)	0x2128	0xe003	0x2000	c.lbu
2	579	c.lbu	10	10	3	c.lbu x10, 3(x10)	0x3128	0xe003	0x2000	c.lbu
2	580	c.lbu	10	10	4	c.lbu x10, 4(x10)	0x2148	0xe003	0x2000	c.lbu
2	581	c.lbu	10	10	5	c.lbu x10, 5(x10)	0x3148	0xe003	0x2000	c.lbu
2	582	c.lbu	10	10	6	c.lbu x10, 6(x10)	0x2168	0xe003	0x2000	c.lbu
2	583	c.lbu	10	10	7	c.lbu x10, 7(x10)	0x3168	0xe003	0x2000	c.lbu
2	584	c.lbu	10	10	8	c.lbu x10, 8(x10)	0x2508	0xe003	0x2000	c.lbu
2	585	c.lbu	10	10	9	c.lbu x10, 9(x10)	0x3508	0xe003	0x2000	c.lbu
2	586	c.lbu	10	10	10	c.lbu x10, 10(x10)	0x2528	0xe003	0x2000	c.lbu
2	587	c.lbu	10	10	11	c.lbu x10, 11(x10)	0x3528	0xe003	0x2000	c.lbu
2	588	c.lbu	10	10	12	c.lbu x10, 12(x10)	0x2548	0xe003	0x2000	c.lbu
2	589	c.lbu	10	10	13	c.lbu x10, 13(x10)	0x3548	0xe003	0x2000	c.lbu
2	590	c.lbu	10	10	14	c.lbu x10, 14(x10)	0x2568	0xe003	0x2000	c.lbu
2	591	c.lbu	10	10	15	c.lbu x10, 15(x10)	0x3568	0xe003	0x2000	c.lbu
2	592	c.lbu	10	10	16	c.lbu x10, 16(x10)	0x2908	0xe003	0x2000	c.lbu
2	593	c.lbu	10	10	17	c.lbu x10, 17(x10)	0x3908	0xe003	0x2000	c.lbu
2	594	c.lbu	10	10	18	c.lbu x10, 18(x10)	0x2928	0xe003	0x2000	c.lbu
2	595	c.lbu	10	10	19	c.lbu x10, 19(x10)	0x3928	0xe003	0x2000	c.lbu
2	596	c.lbu	10	10	20	c.lbu x10, 20(x10)	0x2948	0xe003	0x2000	c.lbu
2	597	c.lbu	10	10	21	c.lbu x10, 21(x10)	0x3948	0xe003	0x2000	c.lbu
2	598	c.lbu	10	10	22	c.lbu x10, 22(x10)	0x2968	0xe003	0x2000	c.lbu
2	599	c.lbu	10	10	23	c.lbu x10, 23(x10)	0x3968	0xe003	0x2000	c.lbu
2	600	c.lbu	10	10	24	c.lbu x10, 24(x10)	0x2d08	0xe003	0x2000	c.lbu
2	601	c.lbu	10	10	25	c.lbu x10, 25(x10)	0x3d08	0xe003	0x2000	c.lbu
2	602	c.lbu	10	10	26	c.lbu x10, 26(x10)	0x2d28	0xe003	0x2000	c.lbu
2	603	c.lbu	10	10	27	c.lbu x10, 27(x10)	0x3d28	0xe003	0x2000	c.lbu
2	604	c.lbu	10	10	28	c.lbu x10, 28(x10)	0x2d48	0xe003	0x2000	c.lbu
2	605	c.lbu	10	10	29	c.lbu x10, 29(x10)	0x3d48	0xe003	0x2000	c.lbu
2	606	c.lbu	10	10	30	c.lbu x10, 30(x10)	0x2d68	0xe003	0x2000	c.lbu
2	607	c.lbu	10	10	31	c.lbu x10, 31(x10)	0x3d68	0xe003	0x2000	c.lbu
2	608	c.lbu	10	11	0	c.lbu x10, 0(x11)	0x2188	0xe003	0x2000	c.lbu
2	609	c.lbu	10	11	1	c.lbu x10, 1(x11)	0x3188	0xe003	0x2000	c.lbu
2	610	c.lbu	10	11	2	c.lbu x10, 2(x11)	0x21a8	0xe003	0x2000	c.lbu
2	611	c.lbu	10	11	3	c.lbu x10, 3(x11)	0x31a8	0xe003	0x2000	c.lbu
2	612	c.lbu	10	11	4	c.lbu x10, 4(x11)	0x21c8	0xe003	0x2000	c.lbu
2	613	c.lbu	10	11	5	c.lbu x10, 5(x11)	0x31c8	0xe003	0x2000	c.lbu
2	614	c.lbu	10	11	6	c.lbu x10, 6(x11)	0x21e8	0xe003	0x2000	c.lbu
2	615	c.lbu	10	11	7	c.lbu x10, 7(x11)	0x31e8	0xe003	0x2000	c.lbu
2	616	c.lbu	10	11	8	c.lbu x10, 8(x11)	0x2588	0xe003	0x2000	c.lbu
2	617	c.lbu	10	11	9	c.lbu x10, 9(x11)	0x3588	0xe003	0x2000	c.lbu
2	618	c.lbu	10	11	10	c.lbu x10, 10(x11)	0x25a8	0xe003	0x2000	c.lbu
2	619	c.lbu	10	11	11	c.lbu x10, 11(x11)	0x35a8	0xe003	0x2000	c.lbu
2	620	c.lbu	10	11	12	c.lbu x10, 12(x11)	0x25c8	0xe003	0x2000	c.lbu
2	621	c.lbu	10	11	13	c.lbu x10, 13(x11)	0x35c8	0xe003	0x2000	c.lbu
2	622	c.lbu	10	11	14	c.lbu x10, 14(x11)	0x25e8	0xe003	0x2000	c.lbu
2	623	c.lbu	10	11	15	c.lbu x10, 15(x11)	0x35e8	0xe003	0x2000	c.lbu
2	624	c.lbu	10	11	16	c.lbu x10, 16(x11)	0x2988	0xe003	0x2000	c.lbu
2	625	c.lbu	10	11	17	c.lbu x10, 17(x11)	0x3988	0xe003	0x2000	c.lbu
2	626	c.lbu	10	11	18	c.lbu x10, 18(x11)	0x29a8	0xe003	0x2000	c.lbu
2	627	c.lbu	10	11	19	c.lbu x10, 19(x11)	0x39a8	0xe003	0x2000	c.lbu
2	628	c.lbu	10	11	20	c.lbu x10, 20(x11)	0x29c8	0xe003	0x2000	c.lbu
2	629	c.lbu	10	11	21	c.lbu x10, 21(x11)	0x39c8	0xe003	0x2000	c.lbu
2	630	c.lbu	10	11	22	c.lbu x10, 22(x11)	0x29e8	0xe003	0x2000	c.lbu
2	631	c.lbu	10	11	23	c.lbu x10, 23(x11)	0x39e8	0xe003	0x2000	c.lbu
2	632	c.lbu	10	11	24	c.lbu x10, 24(x11)	0x2d88	0xe003	0x2000	c.lbu
2	633	c.lbu	10	11	25	c.lbu x10, 25(x11)	0x3d88	0xe003	0x2000	c.lbu
2	634	c.lbu	10	11	26	c.lbu x10, 26(x11)	0x2da8	0xe003	0x2000	c.lbu
2	635	c.lbu	10	11	27	c.lbu x10, 27(x11)	0x3da8	0xe003	0x2000	c.lbu
2	636	c.lbu	10	11	28	c.lbu x10, 28(x11)	0x2dc8	0xe003	0x2000	c.lbu
2	637	c.lbu	10	11	29	c.lbu x10, 29(x11)	0x3dc8	0xe003	0x2000	c.lbu
2	638	c.lbu	10	11	30	c.lbu x10, 30(x11)	0x2de8	0xe003	0x2000	c.lbu
2	639	c.lbu	10	11	31	c.lbu x10, 31(x11)	0x3de8	0xe003	0x2000	c.lbu
2	640	c.lbu	10	12	0	c.lbu x10, 0(x12)	0x2208	0xe003	0x2000	c.lbu
2	641	c.lbu	10	12	1	c.lbu x10, 1(x12)	0x3208	0xe003	0x2000	c.lbu
2	642	c.lbu	10	12	2	c.lbu x10, 2(x12)	0x2228	0xe003	0x2000	c.lbu
2	643	c.lbu	10	12	3	c.lbu x10, 3(x12)	0x3228	0xe003	0x2000	c.lbu
2	644	c.lbu	10	12	4	c.lbu x10, 4(x12)	0x2248	0xe003	0x2000	c.lbu
2	645	c.lbu	10	12	5	c.lbu x10, 5(x12)	0x3248	0xe003	0x2000	c.lbu
2	646	c.lbu	10	12	6	c.lbu x10, 6(x12)	0x2268	0xe003	0x2000	c.lbu
2	647	c.lbu	10	12	7	c.lbu x10, 7(x12)	0x3268	0xe003	0x2000	c.lbu
2	648	c.lbu	10	12	8	c.lbu x10, 8(x12)	0x2608	0xe003	0x2000	c.lbu
2	649	c.lbu	10	12	9	c.lbu x10, 9(x12)	0x3608	0xe003	0x2000	c.lbu
2	650	c.lbu	10	12	10	c.lbu x10, 10(x12)	0x2628	0xe003	0x2000	c.lbu
2	651	c.lbu	10	12	11	c.lbu x10, 11(x12)	0x3628	0xe003	0x2000	c.lbu
2	652	c.lbu	10	12	12	c.lbu x10, 12(x12)	0x2648	0xe003	0x2000	c.lbu
2	653	c.lbu	10	12	13	c.lbu x10, 13(x12)	0x3648	0xe003	0x2000	c.lbu
2	654	c.lbu	10	12	14	c.lbu x10, 14(x12)	0x2668	0xe003	0x2000	c.lbu
2	655	c.lbu	10	12	15	c.lbu x10, 15(x12)	0x3668	0xe003	0x2000	c.lbu
2	656	c.lbu	10	12	16	c.lbu x10, 16(x12)	0x2a08	0xe003	0x2000	c.lbu
2	657	c.lbu	10	12	17	c.lbu x10, 17(x12)	0x3a08	0xe003	0x2000	c.lbu
2	658	c.lbu	10	12	18	c.lbu x10, 18(x12)	0x2a28	0xe003	0x2000	c.lbu
2	659	c.lbu	10	12	19	c.lbu x10, 19(x12)	0x3a28	0xe003	0x2000	c.lbu
2	660	c.lbu	10	12	20	c.lbu x10, 20(x12)	0x2a48	0xe003	0x2000	c.lbu
2	661	c.lbu	10	12	21	c.lbu x10, 21(x12)	0x3a48	0xe003	0x2000	c.lbu
2	662	c.lbu	10	12	22	c.lbu x10, 22(x12)	0x2a68	0xe003	0x2000	c.lbu
2	663	c.lbu	10	12	23	c.lbu x10, 23(x12)	0x3a68	0xe003	0x2000	c.lbu
2	664	c.lbu	10	12	24	c.lbu x10, 24(x12)	0x2e08	0xe003	0x2000	c.lbu
2	665	c.lbu	10	12	25	c.lbu x10, 25(x12)	0x3e08	0xe003	0x2000	c.lbu
2	666	c.lbu	10	12	26	c.lbu x10, 26(x12)	0x2e28	0xe003	0x2000	c.lbu
2	667	c.lbu	10	12	27	c.lbu x10, 27(x12)	0x3e28	0xe003	0x2000	c.lbu
2	668	c.lbu	10	12	28	c.lbu x10, 28(x12)	0x2e48	0xe003	0x2000	c.lbu
2	669	c.lbu	10	12	29	c.lbu x10, 29(x12)	0x3e48	0xe003	0x2000	c.lbu
2	670	c.lbu	10	12	30	c.lbu x10, 30(x12)	0x2e68	0xe003	0x2000	c.lbu
2	671	c.lbu	10	12	31	c.lbu x10, 31(x12)	0x3e68	0xe003	0x2000	c.lbu
2	672	c.lbu	10	13	0	c.lbu x10, 0(x13)	0x2288	0xe003	0x2000	c.lbu
2	673	c.lbu	10	13	1	c.lbu x10, 1(x13)	0x3288	0xe003	0x2000	c.lbu
2	674	c.lbu	10	13	2	c.lbu x10, 2(x13)	0x22a8	0xe003	0x2000	c.lbu
2	675	c.lbu	10	13	3	c.lbu x10, 3(x13)	0x32a8	0xe003	0x2000	c.lbu
2	676	c.lbu	10	13	4	c.lbu x10, 4(x13)	0x22c8	0xe003	0x2000	c.lbu
2	677	c.lbu	10	13	5	c.lbu x10, 5(x13)	0x32c8	0xe003	0x2000	c.lbu
2	678	c.lbu	10	13	6	c.lbu x10, 6(x13)	0x22e8	0xe003	0x2000	c.lbu
2	679	c.lbu	10	13	7	c.lbu x10, 7(x13)	0x32e8	0xe003	0x2000	c.lbu
2	680	c.lbu	10	13	8	c.lbu x10, 8(x13)	0x2688	0xe003	0x2000	c.lbu
2	681	c.lbu	10	13	9	c.lbu x10, 9(x13)	0x3688	0xe003	0x2000	c.lbu
2	682	c.lbu	10	13	10	c.lbu x10, 10(x13)	0x26a8	0xe003	0x2000	c.lbu
2	683	c.lbu	10	13	11	c.lbu x10, 11(x13)	0x36a8	0xe003	0x2000	c.lbu
2	684	c.lbu	10	13	12	c.lbu x10, 12(x13)	0x26c8	0xe003	0x2000	c.lbu
2	685	c.lbu	10	13	13	c.lbu x10, 13(x13)	0x36c8	0xe003	0x2000	c.lbu
2	686	c.lbu	10	13	14	c.lbu x10, 14(x13)	0x26e8	0xe003	0x2000	c.lbu
2	687	c.lbu	10	13	15	c.lbu x10, 15(x13)	0x36e8	0xe003	0x2000	c.lbu
2	688	c.lbu	10	13	16	c.lbu x10, 16(x13)	0x2a88	0xe003	0x2000	c.lbu
2	689	c.lbu	10	13	17	c.lbu x10, 17(x13)	0x3a88	0xe003	0x2000	c.lbu
2	690	c.lbu	10	13	18	c.lbu x10, 18(x13)	0x2aa8	0xe003	0x2000	c.lbu
2	691	c.lbu	10	13	19	c.lbu x10, 19(x13)	0x3aa8	0xe003	0x2000	c.lbu
2	692	c.lbu	10	13	20	c.lbu x10, 20(x13)	0x2ac8	0xe003	0x2000	c.lbu
2	693	c.lbu	10	13	21	c.lbu x10, 21(x13)	0x3ac8	0xe003	0x2000	c.lbu
2	694	c.lbu	10	13	22	c.lbu x10, 22(x13)	0x2ae8	0xe003	0x2000	c.lbu
2	695	c.lbu	10	13	23	c.lbu x10, 23(x13)	0x3ae8	0xe003	0x2000	c.lbu
2	696	c.lbu	10	13	24	c.lbu x10, 24(x13)	0x2e88	0xe003	0x2000	c.lbu
2	697	c.lbu	10	13	25	c.lbu x10, 25(x13)	0x3e88	0xe003	0x2000	c.lbu
2	698	c.lbu	10	13	26	c.lbu x10, 26(x13)	0x2ea8	0xe003	0x2000	c.lbu
2	699	c.lbu	10	13	27	c.lbu x10, 27(x13)	0x3ea8	0xe003	0x2000	c.lbu
2	700	c.lbu	10	13	28	c.lbu x10, 28(x13)	0x2ec8	0xe003	0x2000	c.lbu
2	701	c.lbu	10	13	29	c.lbu x10, 29(x13)	0x3ec8	0xe003	0x2000	c.lbu
2	702	c.lbu	10	13	30	c.lbu x10, 30(x13)	0x2ee8	0xe003	0x2000	c.lbu
2	703	c.lbu	10	13	31	c.lbu x10, 31(x13)	0x3ee8	0xe003	0x2000	c.lbu
2	704	c.lbu	10	14	0	c.lbu x10, 0(x14)	0x2308	0xe003	0x2000	c.lbu
2	705	c.lbu	10	14	1	c.lbu x10, 1(x14)	0x3308	0xe003	0x2000	c.lbu
2	706	c.lbu	10	14	2	c.lbu x10, 2(x14)	0x2328	0xe003	0x2000	c.lbu
2	707	c.lbu	10	14	3	c.lbu x10, 3(x14)	0x3328	0xe003	0x2000	c.lbu
2	708	c.lbu	10	14	4	c.lbu x10, 4(x14)	0x2348	0xe003	0x2000	c.lbu
2	709	c.lbu	10	14	5	c.lbu x10, 5(x14)	0x3348	0xe003	0x2000	c.lbu
2	710	c.lbu	10	14	6	c.lbu x10, 6(x14)	0x2368	0xe003	0x2000	c.lbu
2	711	c.lbu	10	14	7	c.lbu x10, 7(x14)	0x3368	0xe003	0x2000	c.lbu
2	712	c.lbu	10	14	8	c.lbu x10, 8(x14)	0x2708	0xe003	0x2000	c.lbu
2	713	c.lbu	10	14	9	c.lbu x10, 9(x14)	0x3708	0xe003	0x2000	c.lbu
2	714	c.lbu	10	14	10	c.lbu x10, 10(x14)	0x2728	0xe003	0x2000	c.lbu
2	715	c.lbu	10	14	11	c.lbu x10, 11(x14)	0x3728	0xe003	0x2000	c.lbu
2	716	c.lbu	10	14	12	c.lbu x10, 12(x14)	0x2748	0xe003	0x2000	c.lbu
2	717	c.lbu	10	14	13	c.lbu x10, 13(x14)	0x3748	0xe003	0x2000	c.lbu
2	718	c.lbu	10	14	14	c.lbu x10, 14(x14)	0x2768	0xe003	0x2000	c.lbu
2	719	c.lbu	10	14	15	c.lbu x10, 15(x14)	0x3768	0xe003	0x2000	c.lbu
2	720	c.lbu	10	14	16	c.lbu x10, 16(x14)	0x2b08	0xe003	0x2000	c.lbu
2	721	c.lbu	10	14	17	c.lbu x10, 17(x14)	0x3b08	0xe003	0x2000	c.lbu
2	722	c.lbu	10	14	18	c.lbu x10, 18(x14)	0x2b28	0xe003	0x2000	c.lbu
2	723	c.lbu	10	14	19	c.lbu x10, 19(x14)	0x3b28	0xe003	0x2000	c.lbu
2	724	c.lbu	10	14	20	c.lbu x10, 20(x14)	0x2b48	0xe003	0x2000	c.lbu
2	725	c.lbu	10	14	21	c.lbu x10, 21(x14)	0x3b48	0xe003	0x2000	c.lbu
2	726	c.lbu	10	14	22	c.lbu x10, 22(x14)	0x2b68	0xe003	0x2000	c.lbu
2	727	c.lbu	10	14	23	c.lbu x10, 23(x14)	0x3b68	0xe003	0x2000	c.lbu
2	728	c.lbu	10	14	24	c.lbu x10, 24(x14)	0x2f08	0xe003	0x2000	c.lbu
2	729	c.lbu	10	14	25	c.lbu x10, 25(x14)	0x3f08	0xe003	0x2000	c.lbu
2	730	c.lbu	10	14	26	c.lbu x10, 26(x14)	0x2f28	0xe003	0x2000	c.lbu
2	731	c.lbu	10	14	27	c.lbu x10, 27(x14)	0x3f28	0xe003	0x2000	c.lbu
2	732	c.lbu	10	14	28	c.lbu x10, 28(x14)	0x2f48	0xe003	0x2000	c.lbu
2	733	c.lbu	10	14	29	c.lbu x10, 29(x14)	0x3f48	0xe003	0x2000	c.lbu
2	734	c.lbu	10	14	30	c.lbu x10, 30(x14)	0x2f68	0xe003	0x2000	c.lbu
2	735	c.lbu	10	14	31	c.lbu x10, 31(x14)	0x3f68	0xe003	0x2000	c.lbu
2	736	c.lbu	10	15	0	c.lbu x10, 0(x15)	0x2388	0xe003	0x2000	c.lbu
2	737	c.lbu	10	15	1	c.lbu x10, 1(x15)	0x3388	0xe003	0x2000	c.lbu
2	738	c.lbu	10	15	2	c.lbu x10, 2(x15)	0x23a8	0xe003	0x2000	c.lbu
2	739	c.lbu	10	15	3	c.lbu x10, 3(x15)	0x33a8	0xe003	0x2000	c.lbu
2	740	c.lbu	10	15	4	c.lbu x10, 4(x15)	0x23c8	0xe003	0x2000	c.lbu
2	741	c.lbu	10	15	5	c.lbu x10, 5(x15)	0x33c8	0xe003	0x2000	c.lbu
2	742	c.lbu	10	15	6	c.lbu x10, 6(x15)	0x23e8	0xe003	0x2000	c.lbu
2	743	c.lbu	10	15	7	c.lbu x10, 7(x15)	0x33e8	0xe003	0x2000	c.lbu
2	744	c.lbu	10	15	8	c.lbu x10, 8(x15)	0x2788	0xe003	0x2000	c.lbu
2	745	c.lbu	10	15	9	c.lbu x10, 9(x15)	0x3788	0xe003	0x2000	c.lbu
2	746	c.lbu	10	15	10	c.lbu x10, 10(x15)	0x27a8	0xe003	0x2000	c.lbu
2	747	c.lbu	10	15	11	c.lbu x10, 11(x15)	0x37a8	0xe003	0x2000	c.lbu
2	748	c.lbu	10	15	12	c.lbu x10, 12(x15)	0x27c8	0xe003	0x2000	c.lbu
2	749	c.lbu	10	15	13	c.lbu x10, 13(x15)	0x37c8	0xe003	0x2000	c.lbu
2	750	c.lbu	10	15	14	c.lbu x10, 14(x15)	0x27e8	0xe003	0x2000	c.lbu
2	751	c.lbu	10	15	15	c.lbu x10, 15(x15)	0x37e8	0xe003	0x2000	c.lbu
2	752	c.lbu	10	15	16	c.lbu x10, 16(x15)	0x2b88	0xe003	0x2000	c.lbu
2	753	c.lbu	10	15	17	c.lbu x10, 17(x15)	0x3b88	0xe003	0x2000	c.lbu
2	754	c.lbu	10	15	18	c.lbu x10, 18(x15)	0x2ba8	0xe003	0x2000	c.lbu
2	755	c.lbu	10	15	19	c.lbu x10, 19(x15)	0x3ba8	0xe003	0x2000	c.lbu
2	756	c.lbu	10	15	20	c.lbu x10, 20(x15)	0x2bc8	0xe003	0x2000	c.lbu
2	757	c.lbu	10	15	21	c.lbu x10, 21(x15)	0x3bc8	0xe003	0x2000	c.lbu
2	758	c.lbu	10	15	22	c.lbu x10, 22(x15)	0x2be8	0xe003	0x2000	c.lbu
2	759	c.lbu	10	15	23	c.lbu x10, 23(x15)	0x3be8	0xe003	0x2000	c.lbu
2	760	c.lbu	10	15	24	c.lbu x10, 24(x15)	0x2f88	0xe003	0x2000	c.lbu
2	761	c.lbu	10	15	25	c.lbu x10, 25(x15)	0x3f88	0xe003	0x2000	c.lbu
2	762	c.lbu	10	15	26	c.lbu x10, 26(x15)	0x2fa8	0xe003	0x2000	c.lbu
2	763	c.lbu	10	15	27	c.lbu x10, 27(x15)	0x3fa8	0xe003	0x2000	c.lbu
2	764	c.lbu	10	15	28	c.lbu x10, 28(x15)	0x2fc8	0xe003	0x2000	c.lbu
2	765	c.lbu	10	15	29	c.lbu x10, 29(x15)	0x3fc8	0xe003	0x2000	c.lbu
2	766	c.lbu	10	15	30	c.lbu x10, 30(x15)	0x2fe8	0xe003	0x2000	c.lbu
2	767	c.lbu	10	15	31	c.lbu x10, 31(x15)	0x3fe8	0xe003	0x2000	c.lbu
2	768	c.lbu	11	8	0	c.lbu x11, 0(x8)	0x200c	0xe003	0x2000	c.lbu
2	769	c.lbu	11	8	1	c.lbu x11, 1(x8)	0x300c	0xe003	0x2000	c.lbu
2	770	c.lbu	11	8	2	c.lbu x11, 2(x8)	0x202c	0xe003	0x2000	c.lbu
2	771	c.lbu	11	8	3	c.lbu x11, 3(x8)	0x302c	0xe003	0x2000	c.lbu
2	772	c.lbu	11	8	4	c.lbu x11, 4(x8)	0x204c	0xe003	0x2000	c.lbu
2	773	c.lbu	11	8	5	c.lbu x11, 5(x8)	0x304c	0xe003	0x2000	c.lbu
2	774	c.lbu	11	8	6	c.lbu x11, 6(x8)	0x206c	0xe003	0x2000	c.lbu
2	775	c.lbu	11	8	7	c.lbu x11, 7(x8)	0x306c	0xe003	0x2000	c.lbu
2	776	c.lbu	11	8	8	c.lbu x11, 8(x8)	0x240c	0xe003	0x2000	c.lbu
2	777	c.lbu	11	8	9	c.lbu x11, 9(x8)	0x340c	0xe003	0x2000	c.lbu
2	778	c.lbu	11	8	10	c.lbu x11, 10(x8)	0x242c	0xe003	0x2000	c.lbu
2	779	c.lbu	11	8	11	c.lbu x11, 11(x8)	0x342c	0xe003	0x2000	c.lbu
2	780	c.lbu	11	8	12	c.lbu x11, 12(x8)	0x244c	0xe003	0x2000	c.lbu
2	781	c.lbu	11	8	13	c.lbu x11, 13(x8)	0x344c	0xe003	0x2000	c.lbu
2	782	c.lbu	11	8	14	c.lbu x11, 14(x8)	0x246c	0xe003	0x2000	c.lbu
2	783	c.lbu	11	8	15	c.lbu x11, 15(x8)	0x346c	0xe003	0x2000	c.lbu
2	784	c.lbu	11	8	16	c.lbu x11, 16(x8)	0x280c	0xe003	0x2000	c.lbu
2	785	c.lbu	11	8	17	c.lbu x11, 17(x8)	0x380c	0xe003	0x2000	c.lbu
2	786	c.lbu	11	8	18	c.lbu x11, 18(x8)	0x282c	0xe003	0x2000	c.lbu
2	787	c.lbu	11	8	19	c.lbu x11, 19(x8)	0x382c	0xe003	0x2000	c.lbu
2	788	c.lbu	11	8	20	c.lbu x11, 20(x8)	0x284c	0xe003	0x2000	c.lbu
2	789	c.lbu	11	8	21	c.lbu x11, 21(x8)	0x384c	0xe003	0x2000	c.lbu
2	790	c.lbu	11	8	22	c.lbu x11, 22(x8)	0x286c	0xe003	0x2000	c.lbu
2	791	c.lbu	11	8	23	c.lbu x11, 23(x8)	0x386c	0xe003	0x2000	c.lbu
2	792	c.lbu	11	8	24	c.lbu x11, 24(x8)	0x2c0c	0xe003	0x2000	c.lbu
2	793	c.lbu	11	8	25	c.lbu x11, 25(x8)	0x3c0c	0xe003	0x2000	c.lbu
2	794	c.lbu	11	8	26	c.lbu x11, 26(x8)	0x2c2c	0xe003	0x2000	c.lbu
2	795	c.lbu	11	8	27	c.lbu x11, 27(x8)	0x3c2c	0xe003	0x2000	c.lbu
2	796	c.lbu	11	8	28	c.lbu x11, 28(x8)	0x2c4c	0xe003	0x2000	c.lbu
2	797	c.lbu	11	8	29	c.lbu x11, 29(x8)	0x3c4c	0xe003	0x2000	c.lbu
2	798	c.lbu	11	8	30	c.lbu x11, 30(x8)	0x2c6c	0xe003	0x2000	c.lbu
2	799	c.lbu	11	8	31	c.lbu x11, 31(x8)	0x3c6c	0xe003	0x2000	c.lbu
2	800	c.lbu	11	9	0	c.lbu x11, 0(x9)	0x208c	0xe003	0x2000	c.lbu
2	801	c.lbu	11	9	1	c.lbu x11, 1(x9)	0x308c	0xe003	0x2000	c.lbu
2	802	c.lbu	11	9	2	c.lbu x11, 2(x9)	0x20ac	0xe003	0x2000	c.lbu
2	803	c.lbu	11	9	3	c.lbu x11, 3(x9)	0x30ac	0xe003	0x2000	c.lbu
2	804	c.lbu	11	9	4	c.lbu x11, 4(x9)	0x20cc	0xe003	0x2000	c.lbu
2	805	c.lbu	11	9	5	c.lbu x11, 5(x9)	0x30cc	0xe003	0x2000	c.lbu
2	806	c.lbu	11	9	6	c.lbu x11, 6(x9)	0x20ec	0xe003	0x2000	c.lbu
2	807	c.lbu	11	9	7	c.lbu x11, 7(x9)	0x30ec	0xe003	0x2000	c.lbu
2	808	c.lbu	11	9	8	c.lbu x11, 8(x9)	0x248c	0xe003	0x2000	c.lbu
2	809	c.lbu	11	9	9	c.lbu x11, 9(x9)	0x348c	0xe003	0x2000	c.lbu
2	810	c.lbu	11	9	10	c.lbu x11, 10(x9)	0x24ac	0xe003	0x2000	c.lbu
2	811	c.lbu	11	9	11	c.lbu x11, 11(x9)	0x34ac	0xe003	0x2000	c.lbu
2	812	c.lbu	11	9	12	c.lbu x11, 12(x9)	0x24cc	0xe003	0x2000	c.lbu
2	813	c.lbu	11	9	13	c.lbu x11, 13(x9)	0x34cc	0xe003	0x2000	c.lbu
2	814	c.lbu	11	9	14	c.lbu x11, 14(x9)	0x24ec	0xe003	0x2000	c.lbu
2	815	c.lbu	11	9	15	c.lbu x11, 15(x9)	0x34ec	0xe003	0x2000	c.lbu
2	816	c.lbu	11	9	16	c.lbu x11, 16(x9)	0x288c	0xe003	0x2000	c.lbu
2	817	c.lbu	11	9	17	c.lbu x11, 17(x9)	0x388c	0xe003	0x2000	c.lbu
2	818	c.lbu	11	9	18	c.lbu x11, 18(x9)	0x28ac	0xe003	0x2000	c.lbu
2	819	c.lbu	11	9	19	c.lbu x11, 19(x9)	0x38ac	0xe003	0x2000	c.lbu
2	820	c.lbu	11	9	20	c.lbu x11, 20(x9)	0x28cc	0xe003	0x2000	c.lbu
2	821	c.lbu	11	9	21	c.lbu x11, 21(x9)	0x38cc	0xe003	0x2000	c.lbu
2	822	c.lbu	11	9	22	c.lbu x11, 22(x9)	0x28ec	0xe003	0x2000	c.lbu
2	823	c.lbu	11	9	23	c.lbu x11, 23(x9)	0x38ec	0xe003	0x2000	c.lbu
2	824	c.lbu	11	9	24	c.lbu x11, 24(x9)	0x2c8c	0xe003	0x2000	c.lbu
2	825	c.lbu	11	9	25	c.lbu x11, 25(x9)	0x3c8c	0xe003	0x2000	c.lbu
2	826	c.lbu	11	9	26	c.lbu x11, 26(x9)	0x2cac	0xe003	0x2000	c.lbu
2	827	c.lbu	11	9	27	c.lbu x11, 27(x9)	0x3cac	0xe003	0x2000	c.lbu
2	828	c.lbu	11	9	28	c.lbu x11, 28(x9)	0x2ccc	0xe003	0x2000	c.lbu
2	829	c.lbu	11	9	29	c.lbu x11, 29(x9)	0x3ccc	0xe003	0x2000	c.lbu
2	830	c.lbu	11	9	30	c.lbu x11, 30(x9)	0x2cec	0xe003	0x2000	c.lbu
2	831	c.lbu	11	9	31	c.lbu x11, 31(x9)	0x3cec	0xe003	0x2000	c.lbu
2	832	c.lbu	11	10	0	c.lbu x11, 0(x10)	0x210c	0xe003	0x2000	c.lbu
2	833	c.lbu	11	10	1	c.lbu x11, 1(x10)	0x310c	0xe003	0x2000	c.lbu
2	834	c.lbu	11	10	2	c.lbu x11, 2(x10)	0x212c	0xe003	0x2000	c.lbu
2	835	c.lbu	11	10	3	c.lbu x11, 3(x10)	0x312c	0xe003	0x2000	c.lbu
2	836	c.lbu	11	10	4	c.lbu x11, 4(x10)	0x214c	0xe003	0x2000	c.lbu
2	837	c.lbu	11	10	5	c.lbu x11, 5(x10)	0x314c	0xe003	0x2000	c.lbu
2	838	c.lbu	11	10	6	c.lbu x11, 6(x10)	0x216c	0xe003	0x2000	c.lbu
2	839	c.lbu	11	10	7	c.lbu x11, 7(x10)	0x316c	0xe003	0x2000	c.lbu
2	840	c.lbu	11	10	8	c.lbu x11, 8(x10)	0x250c	0xe003	0x2000	c.lbu
2	841	c.lbu	11	10	9	c.lbu x11, 9(x10)	0x350c	0xe003	0x2000	c.lbu
2	842	c.lbu	11	10	10	c.lbu x11, 10(x10)	0x252c	0xe003	0x2000	c.lbu
2	843	c.lbu	11	10	11	c.lbu x11, 11(x10)	0x352c	0xe003	0x2000	c.lbu
2	844	c.lbu	11	10	12	c.lbu x11, 12(x10)	0x254c	0xe003	0x2000	c.lbu
2	845	c.lbu	11	10	13	c.lbu x11, 13(x10)	0x354c	0xe003	0x2000	c.lbu
2	846	c.lbu	11	10	14	c.lbu x11, 14(x10)	0x256c	0xe003	0x2000	c.lbu
2	847	c.lbu	11	10	15	c.lbu x11, 15(x10)	0x356c	0xe003	0x2000	c.lbu
2	848	c.lbu	11	10	16	c.lbu x11, 16(x10)	0x290c	0xe003	0x2000	c.lbu
2	849	c.lbu	11	10	17	c.lbu x11, 17(x10)	0x390c	0xe003	0x2000	c.lbu
2	850	c.lbu	11	10	18	c.lbu x11, 18(x10)	0x292c	0xe003	0x2000	c.lbu
2	851	c.lbu	11	10	19	c.lbu x11, 19(x10)	0x392c	0xe003	0x2000	c.lbu
2	852	c.lbu	11	10	20	c.lbu x11, 20(x10)	0x294c	0xe003	0x2000	c.lbu
2	853	c.lbu	11	10	21	c.lbu x11, 21(x10)	0x394c	0xe003	0x2000	c.lbu
2	854	c.lbu	11	10	22	c.lbu x11, 22(x10)	0x296c	0xe003	0x2000	c.lbu
2	855	c.lbu	11	10	23	c.lbu x11, 23(x10)	0x396c	0xe003	0x2000	c.lbu
2	856	c.lbu	11	10	24	c.lbu x11, 24(x10)	0x2d0c	0xe003	0x2000	c.lbu
2	857	c.lbu	11	10	25	c.lbu x11, 25(x10)	0x3d0c	0xe003	0x2000	c.lbu
2	858	c.lbu	11	10	26	c.lbu x11, 26(x10)	0x2d2c	0xe003	0x2000	c.lbu
2	859	c.lbu	11	10	27	c.lbu x11, 27(x10)	0x3d2c	0xe003	0x2000	c.lbu
2	860	c.lbu	11	10	28	c.lbu x11, 28(x10)	0x2d4c	0xe003	0x2000	c.lbu
2	861	c.lbu	11	10	29	c.lbu x11, 29(x10)	0x3d4c	0xe003	0x2000	c.lbu
2	862	c.lbu	11	10	30	c.lbu x11, 30(x10)	0x2d6c	0xe003	0x2000	c.lbu
2	863	c.lbu	11	10	31	c.lbu x11, 31(x10)	0x3d6c	0xe003	0x2000	c.lbu
2	864	c.lbu	11	11	0	c.lbu x11, 0(x11)	0x218c	0xe003	0x2000	c.lbu
2	865	c.lbu	11	11	1	c.lbu x11, 1(x11)	0x318c	0xe003	0x2000	c.lbu
2	866	c.lbu	11	11	2	c.lbu x11, 2(x11)	0x21ac	0xe003	0x2000	c.lbu
2	867	c.lbu	11	11	3	c.lbu x11, 3(x11)	0x31ac	0xe003	0x2000	c.lbu
2	868	c.lbu	11	11	4	c.lbu x11, 4(x11)	0x21cc	0xe003	0x2000	c.lbu
2	869	c.lbu	11	11	5	c.lbu x11, 5(x11)	0x31cc	0xe003	0x2000	c.lbu
2	870	c.lbu	11	11	6	c.lbu x11, 6(x11)	0x21ec	0xe003	0x2000	c.lbu
2	871	c.lbu	11	11	7	c.lbu x11, 7(x11)	0x31ec	0xe003	0x2000	c.lbu
2	872	c.lbu	11	11	8	c.lbu x11, 8(x11)	0x258c	0xe003	0x2000	c.lbu
2	873	c.lbu	11	11	9	c.lbu x11, 9(x11)	0x358c	0xe003	0x2000	c.lbu
2	874	c.lbu	11	11	10	c.lbu x11, 10(x11)	0x25ac	0xe003	0x2000	c.lbu
2	875	c.lbu	11	11	11	c.lbu x11, 11(x11)	0x35ac	0xe003	0x2000	c.lbu
2	876	c.lbu	11	11	12	c.lbu x11, 12(x11)	0x25cc	0xe003	0x2000	c.lbu
2	877	c.lbu	11	11	13	c.lbu x11, 13(x11)	0x35cc	0xe003	0x2000	c.lbu
2	878	c.lbu	11	11	14	c.lbu x11, 14(x11)	0x25ec	0xe003	0x2000	c.lbu
2	879	c.lbu	11	11	15	c.lbu x11, 15(x11)	0x35ec	0xe003	0x2000	c.lbu
2	880	c.lbu	11	11	16	c.lbu x11, 16(x11)	0x298c	0xe003	0x2000	c.lbu
2	881	c.lbu	11	11	17	c.lbu x11, 17(x11)	0x398c	0xe003	0x2000	c.lbu
2	882	c.lbu	11	11	18	c.lbu x11, 18(x11)	0x29ac	0xe003	0x2000	c.lbu
2	883	c.lbu	11	11	19	c.lbu x11, 19(x11)	0x39ac	0xe003	0x2000	c.lbu
2	884	c.lbu	11	11	20	c.lbu x11, 20(x11)	0x29cc	0xe003	0x2000	c.lbu
2	885	c.lbu	11	11	21	c.lbu x11, 21(x11)	0x39cc	0xe003	0x2000	c.lbu
2	886	c.lbu	11	11	22	c.lbu x11, 22(x11)	0x29ec	0xe003	0x2000	c.lbu
2	887	c.lbu	11	11	23	c.lbu x11, 23(x11)	0x39ec	0xe003	0x2000	c.lbu
2	888	c.lbu	11	11	24	c.lbu x11, 24(x11)	0x2d8c	0xe003	0x2000	c.lbu
2	889	c.lbu	11	11	25	c.lbu x11, 25(x11)	0x3d8c	0xe003	0x2000	c.lbu
2	890	c.lbu	11	11	26	c.lbu x11, 26(x11)	0x2dac	0xe003	0x2000	c.lbu
2	891	c.lbu	11	11	27	c.lbu x11, 27(x11)	0x3dac	0xe003	0x2000	c.lbu
2	892	c.lbu	11	11	28	c.lbu x11, 28(x11)	0x2dcc	0xe003	0x2000	c.lbu
2	893	c.lbu	11	11	29	c.lbu x11, 29(x11)	0x3dcc	0xe003	0x2000	c.lbu
2	894	c.lbu	11	11	30	c.lbu x11, 30(x11)	0x2dec	0xe003	0x2000	c.lbu
2	895	c.lbu	11	11	31	c.lbu x11, 31(x11)	0x3dec	0xe003	0x2000	c.lbu
2	896	c.lbu	11	12	0	c.lbu x11, 0(x12)	0x220c	0xe003	0x2000	c.lbu
2	897	c.lbu	11	12	1	c.lbu x11, 1(x12)	0x320c	0xe003	0x2000	c.lbu
2	898	c.lbu	11	12	2	c.lbu x11, 2(x12)	0x222c	0xe003	0x2000	c.lbu
2	899	c.lbu	11	12	3	c.lbu x11, 3(x12)	0x322c	0xe003	0x2000	c.lbu
2	900	c.lbu	11	12	4	c.lbu x11, 4(x12)	0x224c	0xe003	0x2000	c.lbu
2	901	c.lbu	11	12	5	c.lbu x11, 5(x12)	0x324c	0xe003	0x2000	c.lbu
2	902	c.lbu	11	12	6	c.lbu x11, 6(x12)	0x226c	0xe003	0x2000	c.lbu
2	903	c.lbu	11	12	7	c.lbu x11, 7(x12)	0x326c	0xe003	0x2000	c.lbu
2	904	c.lbu	11	12	8	c.lbu x11, 8(x12)	0x260c	0xe003	0x2000	c.lbu
2	905	c.lbu	11	12	9	c.lbu x11, 9(x12)	0x360c	0xe003	0x2000	c.lbu
2	906	c.lbu	11	12	10	c.lbu x11, 10(x12)	0x262c	0xe003	0x2000	c.lbu
2	907	c.lbu	11	12	11	c.lbu x11, 11(x12)	0x362c	0xe003	0x2000	c.lbu
2	908	c.lbu	11	12	12	c.lbu x11, 12(x12)	0x264c	0xe003	0x2000	c.lbu
2	909	c.lbu	11	12	13	c.lbu x11, 13(x12)	0x364c	0xe003	0x2000	c.lbu
2	910	c.lbu	11	12	14	c.lbu x11, 14(x12)	0x266c	0xe003	0x2000	c.lbu
2	911	c.lbu	11	12	15	c.lbu x11, 15(x12)	0x366c	0xe003	0x2000	c.lbu
2	912	c.lbu	11	12	16	c.lbu x11, 16(x12)	0x2a0c	0xe003	0x2000	c.lbu
2	913	c.lbu	11	12	17	c.lbu x11, 17(x12)	0x3a0c	0xe003	0x2000	c.lbu
2	914	c.lbu	11	12	18	c.lbu x11, 18(x12)	0x2a2c	0xe003	0x2000	c.lbu
2	915	c.lbu	11	12	19	c.lbu x11, 19(x12)	0x3a2c	0xe003	0x2000	c.lbu
2	916	c.lbu	11	12	20	c.lbu x11, 20(x12)	0x2a4c	0xe003	0x2000	c.lbu
2	917	c.lbu	11	12	21	c.lbu x11, 21(x12)	0x3a4c	0xe003	0x2000	c.lbu
2	918	c.lbu	11	12	22	c.lbu x11, 22(x12)	0x2a6c	0xe003	0x2000	c.lbu
2	919	c.lbu	11	12	23	c.lbu x11, 23(x12)	0x3a6c	0xe003	0x2000	c.lbu
2	920	c.lbu	11	12	24	c.lbu x11, 24(x12)	0x2e0c	0xe003	0x2000	c.lbu
2	921	c.lbu	11	12	25	c.lbu x11, 25(x12)	0x3e0c	0xe003	0x2000	c.lbu
2	922	c.lbu	11	12	26	c.lbu x11, 26(x12)	0x2e2c	0xe003	0x2000	c.lbu
2	923	c.lbu	11	12	27	c.lbu x11, 27(x12)	0x3e2c	0xe003	0x2000	c.lbu
2	924	c.lbu	11	12	28	c.lbu x11, 28(x12)	0x2e4c	0xe003	0x2000	c.lbu
2	925	c.lbu	11	12	29	c.lbu x11, 29(x12)	0x3e4c	0xe003	0x2000	c.lbu
2	926	c.lbu	11	12	30	c.lbu x11, 30(x12)	0x2e6c	0xe003	0x2000	c.lbu
2	927	c.lbu	11	12	31	c.lbu x11, 31(x12)	0x3e6c	0xe003	0x2000	c.lbu
2	928	c.lbu	11	13	0	c.lbu x11, 0(x13)	0x228c	0xe003	0x2000	c.lbu
2	929	c.lbu	11	13	1	c.lbu x11, 1(x13)	0x328c	0xe003	0x2000	c.lbu
2	930	c.lbu	11	13	2	c.lbu x11, 2(x13)	0x22ac	0xe003	0x2000	c.lbu
2	931	c.lbu	11	13	3	c.lbu x11, 3(x13)	0x32ac	0xe003	0x2000	c.lbu
2	932	c.lbu	11	13	4	c.lbu x11, 4(x13)	0x22cc	0xe003	0x2000	c.lbu
2	933	c.lbu	11	13	5	c.lbu x11, 5(x13)	0x32cc	0xe003	0x2000	c.lbu
2	934	c.lbu	11	13	6	c.lbu x11, 6(x13)	0x22ec	0xe003	0x2000	c.lbu
2	935	c.lbu	11	13	7	c.lbu x11, 7(x13)	0x32ec	0xe003	0x2000	c.lbu
2	936	c.lbu	11	13	8	c.lbu x11, 8(x13)	0x268c	0xe003	0x2000	c.lbu
2	937	c.lbu	11	13	9	c.lbu x11, 9(x13)	0x368c	0xe003	0x2000	c.lbu
2	938	c.lbu	11	13	10	c.lbu x11, 10(x13)	0x26ac	0xe003	0x2000	c.lbu
2	939	c.lbu	11	13	11	c.lbu x11, 11(x13)	0x36ac	0xe003	0x2000	c.lbu
2	940	c.lbu	11	13	12	c.lbu x11, 12(x13)	0x26cc	0xe003	0x2000	c.lbu
2	941	c.lbu	11	13	13	c.lbu x11, 13(x13)	0x36cc	0xe003	0x2000	c.lbu
2	942	c.lbu	11	13	14	c.lbu x11, 14(x13)	0x26ec	0xe003	0x2000	c.lbu
2	943	c.lbu	11	13	15	c.lbu x11, 15(x13)	0x36ec	0xe003	0x2000	c.lbu
2	944	c.lbu	11	13	16	c.lbu x11, 16(x13)	0x2a8c	0xe003	0x2000	c.lbu
2	945	c.lbu	11	13	17	c.lbu x11, 17(x13)	0x3a8c	0xe003	0x2000	c.lbu
2	946	c.lbu	11	13	18	c.lbu x11, 18(x13)	0x2aac	0xe003	0x2000	c.lbu
2	947	c.lbu	11	13	19	c.lbu x11, 19(x13)	0x3aac	0xe003	0x2000	c.lbu
2	948	c.lbu	11	13	20	c.lbu x11, 20(x13)	0x2acc	0xe003	0x2000	c.lbu
2	949	c.lbu	11	13	21	c.lbu x11, 21(x13)	0x3acc	0xe003	0x2000	c.lbu
2	950	c.lbu	11	13	22	c.lbu x11, 22(x13)	0x2aec	0xe003	0x2000	c.lbu
2	951	c.lbu	11	13	23	c.lbu x11, 23(x13)	0x3aec	0xe003	0x2000	c.lbu
2	952	c.lbu	11	13	24	c.lbu x11, 24(x13)	0x2e8c	0xe003	0x2000	c.lbu
2	953	c.lbu	11	13	25	c.lbu x11, 25(x13)	0x3e8c	0xe003	0x2000	c.lbu
2	954	c.lbu	11	13	26	c.lbu x11, 26(x13)	0x2eac	0xe003	0x2000	c.lbu
2	955	c.lbu	11	13	27	c.lbu x11, 27(x13)	0x3eac	0xe003	0x2000	c.lbu
2	956	c.lbu	11	13	28	c.lbu x11, 28(x13)	0x2ecc	0xe003	0x2000	c.lbu
2	957	c.lbu	11	13	29	c.lbu x11, 29(x13)	0x3ecc	0xe003	0x2000	c.lbu
2	958	c.lbu	11	13	30	c.lbu x11, 30(x13)	0x2eec	0xe003	0x2000	c.lbu
2	959	c.lbu	11	13	31	c.lbu x11, 31(x13)	0x3eec	0xe003	0x2000	c.lbu
2	960	c.lbu	11	14	0	c.lbu x11, 0(x14)	0x230c	0xe003	0x2000	c.lbu
2	961	c.lbu	11	14	1	c.lbu x11, 1(x14)	0x330c	0xe003	0x2000	c.lbu
2	962	c.lbu	11	14	2	c.lbu x11, 2(x14)	0x232c	0xe003	0x2000	c.lbu
2	963	c.lbu	11	14	3	c.lbu x11, 3(x14)	0x332c	0xe003	0x2000	c.lbu
2	964	c.lbu	11	14	4	c.lbu x11, 4(x14)	0x234c	0xe003	0x2000	c.lbu
2	965	c.lbu	11	14	5	c.lbu x11, 5(x14)	0x334c	0xe003	0x2000	c.lbu
2	966	c.lbu	11	14	6	c.lbu x11, 6(x14)	0x236c	0xe003	0x2000	c.lbu
2	967	c.lbu	11	14	7	c.lbu x11, 7(x14)	0x336c	0xe003	0x2000	c.lbu
2	968	c.lbu	11	14	8	c.lbu x11, 8(x14)	0x270c	0xe003	0x2000	c.lbu
2	969	c.lbu	11	14	9	c.lbu x11, 9(x14)	0x370c	0xe003	0x2000	c.lbu
2	970	c.lbu	11	14	10	c.lbu x11, 10(x14)	0x272c	0xe003	0x2000	c.lbu
2	971	c.lbu	11	14	11	c.lbu x11, 11(x14)	0x372c	0xe003	0x2000	c.lbu
2	972	c.lbu	11	14	12	c.lbu x11, 12(x14)	0x274c	0xe003	0x2000	c.lbu
2	973	c.lbu	11	14	13	c.lbu x11, 13(x14)	0x374c	0xe003	0x2000	c.lbu
2	974	c.lbu	11	14	14	c.lbu x11, 14(x14)	0x276c	0xe003	0x2000	c.lbu
2	975	c.lbu	11	14	15	c.lbu x11, 15(x14)	0x376c	0xe003	0x2000	c.lbu
2	976	c.lbu	11	14	16	c.lbu x11, 16(x14)	0x2b0c	0xe003	0x2000	c.lbu
2	977	c.lbu	11	14	17	c.lbu x11, 17(x14)	0x3b0c	0xe003	0x2000	c.lbu
2	978	c.lbu	11	14	18	c.lbu x11, 18(x14)	0x2b2c	0xe003	0x2000	c.lbu
2	979	c.lbu	11	14	19	c.lbu x11, 19(x14)	0x3b2c	0xe003	0x2000	c.lbu
2	980	c.lbu	11	14	20	c.lbu x11, 20(x14)	0x2b4c	0xe003	0x2000	c.lbu
2	981	c.lbu	11	14	21	c.lbu x11, 21(x14)	0x3b4c	0xe003	0x2000	c.lbu
2	982	c.lbu	11	14	22	c.lbu x11, 22(x14)	0x2b6c	0xe003	0x2000	c.lbu
2	983	c.lbu	11	14	23	c.lbu x11, 23(x14)	0x3b6c	0xe003	0x2000	c.lbu
2	984	c.lbu	11	14	24	c.lbu x11, 24(x14)	0x2f0c	0xe003	0x2000	c.lbu
2	985	c.lbu	11	14	25	c.lbu x11, 25(x14)	0x3f0c	0xe003	0x2000	c.lbu
2	986	c.lbu	11	14	26	c.lbu x11, 26(x14)	0x2f2c	0xe003	0x2000	c.lbu
2	987	c.lbu	11	14	27	c.lbu x11, 27(x14)	0x3f2c	0xe003	0x2000	c.lbu
2	988	c.lbu	11	14	28	c.lbu x11, 28(x14)	0x2f4c	0xe003	0x2000	c.lbu
2	989	c.lbu	11	14	29	c.lbu x11, 29(x14)	0x3f4c	0xe003	0x2000	c.lbu
2	990	c.lbu	11	14	30	c.lbu x11, 30(x14)	0x2f6c	0xe003	0x2000	c.lbu
2	991	c.lbu	11	14	31	c.lbu x11, 31(x14)	0x3f6c	0xe003	0x2000	c.lbu
2	992	c.lbu	11	15	0	c.lbu x11, 0(x15)	0x238c	0xe003	0x2000	c.lbu
2	993	c.lbu	11	15	1	c.lbu x11, 1(x15)	0x338c	0xe003	0x2000	c.lbu
2	994	c.lbu	11	15	2	c.lbu x11, 2(x15)	0x23ac	0xe003	0x2000	c.lbu
2	995	c.lbu	11	15	3	c.lbu x11, 3(x15)	0x33ac	0xe003	0x2000	c.lbu
2	996	c.lbu	11	15	4	c.lbu x11, 4(x15)	0x23cc	0xe003	0x2000	c.lbu
2	997	c.lbu	11	15	5	c.lbu x11, 5(x15)	0x33cc	0xe003	0x2000	c.lbu
2	998	c.lbu	11	15	6	c.lbu x11, 6(x15)	0x23ec	0xe003	0x2000	c.lbu
2	999	c.lbu	11	15	7	c.lbu x11, 7(x15)	0x33ec	0xe003	0x2000	c.lbu
2	1000	c.lbu	11	15	8	c.lbu x11, 8(x15)	0x278c	0xe003	0x2000	c.lbu
2	1001	c.lbu	11	15	9	c.lbu x11, 9(x15)	0x378c	0xe003	0x2000	c.lbu
2	1002	c.lbu	11	15	10	c.lbu x11, 10(x15)	0x27ac	0xe003	0x2000	c.lbu
2	1003	c.lbu	11	15	11	c.lbu x11, 11(x15)	0x37ac	0xe003	0x2000	c.lbu
2	1004	c.lbu	11	15	12	c.lbu x11, 12(x15)	0x27cc	0xe003	0x2000	c.lbu
2	1005	c.lbu	11	15	13	c.lbu x11, 13(x15)	0x37cc	0xe003	0x2000	c.lbu
2	1006	c.lbu	11	15	14	c.lbu x11, 14(x15)	0x27ec	0xe003	0x2000	c.lbu
2	1007	c.lbu	11	15	15	c.lbu x11, 15(x15)	0x37ec	0xe003	0x2000	c.lbu
2	1008	c.lbu	11	15	16	c.lbu x11, 16(x15)	0x2b8c	0xe003	0x2000	c.lbu
2	1009	c.lbu	11	15	17	c.lbu x11, 17(x15)	0x3b8c	0xe003	0x2000	c.lbu
2	1010	c.lbu	11	15	18	c.lbu x11, 18(x15)	0x2bac	0xe003	0x2000	c.lbu
2	1011	c.lbu	11	15	19	c.lbu x11, 19(x15)	0x3bac	0xe003	0x2000	c.lbu
2	1012	c.lbu	11	15	20	c.lbu x11, 20(x15)	0x2bcc	0xe003	0x2000	c.lbu
2	1013	c.lbu	11	15	21	c.lbu x11, 21(x15)	0x3bcc	0xe003	0x2000	c.lbu
2	1014	c.lbu	11	15	22	c.lbu x11, 22(x15)	0x2bec	0xe003	0x2000	c.lbu
2	1015	c.lbu	11	15	23	c.lbu x11, 23(x15)	0x3bec	0xe003	0x2000	c.lbu
2	1016	c.lbu	11	15	24	c.lbu x11, 24(x15)	0x2f8c	0xe003	0x2000	c.lbu
2	1017	c.lbu	11	15	25	c.lbu x11, 25(x15)	0x3f8c	0xe003	0x2000	c.lbu
2	1018	c.lbu	11	15	26	c.lbu x11, 26(x15)	0x2fac	0xe003	0x2000	c.lbu
2	1019	c.lbu	11	15	27	c.lbu x11, 27(x15)	0x3fac	0xe003	0x2000	c.lbu
2	1020	c.lbu	11	15	28	c.lbu x11, 28(x15)	0x2fcc	0xe003	0x2000	c.lbu
2	1021	c.lbu	11	15	29	c.lbu x11, 29(x15)	0x3fcc	0xe003	0x2000	c.lbu
2	1022	c.lbu	11	15	30	c.lbu x11, 30(x15)	0x2fec	0xe003	0x2000	c.lbu
2	1023	c.lbu	11	15	31	c.lbu x11, 31(x15)	0x3fec	0xe003	0x2000	c.lbu
2	1024	c.lbu	12	8	0	c.lbu x12, 0(x8)	0x2010	0xe003	0x2000	c.lbu
2	1025	c.lbu	12	8	1	c.lbu x12, 1(x8)	0x3010	0xe003	0x2000	c.lbu
2	1026	c.lbu	12	8	2	c.lbu x12, 2(x8)	0x2030	0xe003	0x2000	c.lbu
2	1027	c.lbu	12	8	3	c.lbu x12, 3(x8)	0x3030	0xe003	0x2000	c.lbu
2	1028	c.lbu	12	8	4	c.lbu x12, 4(x8)	0x2050	0xe003	0x2000	c.lbu
2	1029	c.lbu	12	8	5	c.lbu x12, 5(x8)	0x3050	0xe003	0x2000	c.lbu
2	1030	c.lbu	12	8	6	c.lbu x12, 6(x8)	0x2070	0xe003	0x2000	c.lbu
2	1031	c.lbu	12	8	7	c.lbu x12, 7(x8)	0x3070	0xe003	0x2000	c.lbu
2	1032	c.lbu	12	8	8	c.lbu x12, 8(x8)	0x2410	0xe003	0x2000	c.lbu
2	1033	c.lbu	12	8	9	c.lbu x12, 9(x8)	0x3410	0xe003	0x2000	c.lbu
2	1034	c.lbu	12	8	10	c.lbu x12, 10(x8)	0x2430	0xe003	0x2000	c.lbu
2	1035	c.lbu	12	8	11	c.lbu x12, 11(x8)	0x3430	0xe003	0x2000	c.lbu
2	1036	c.lbu	12	8	12	c.lbu x12, 12(x8)	0x2450	0xe003	0x2000	c.lbu
2	1037	c.lbu	12	8	13	c.lbu x12, 13(x8)	0x3450	0xe003	0x2000	c.lbu
2	1038	c.lbu	12	8	14	c.lbu x12, 14(x8)	0x2470	0xe003	0x2000	c.lbu
2	1039	c.lbu	12	8	15	c.lbu x12, 15(x8)	0x3470	0xe003	0x2000	c.lbu
2	1040	c.lbu	12	8	16	c.lbu x12, 16(x8)	0x2810	0xe003	0x2000	c.lbu
2	1041	c.lbu	12	8	17	c.lbu x12, 17(x8)	0x3810	0xe003	0x2000	c.lbu
2	1042	c.lbu	12	8	18	c.lbu x12, 18(x8)	0x2830	0xe003	0x2000	c.lbu
2	1043	c.lbu	12	8	19	c.lbu x12, 19(x8)	0x3830	0xe003	0x2000	c.lbu
2	1044	c.lbu	12	8	20	c.lbu x12, 20(x8)	0x2850	0xe003	0x2000	c.lbu
2	1045	c.lbu	12	8	21	c.lbu x12, 21(x8)	0x3850	0xe003	0x2000	c.lbu
2	1046	c.lbu	12	8	22	c.lbu x12, 22(x8)	0x2870	0xe003	0x2000	c.lbu
2	1047	c.lbu	12	8	23	c.lbu x12, 23(x8)	0x3870	0xe003	0x2000	c.lbu
2	1048	c.lbu	12	8	24	c.lbu x12, 24(x8)	0x2c10	0xe003	0x2000	c.lbu
2	1049	c.lbu	12	8	25	c.lbu x12, 25(x8)	0x3c10	0xe003	0x2000	c.lbu
2	1050	c.lbu	12	8	26	c.lbu x12, 26(x8)	0x2c30	0xe003	0x2000	c.lbu
2	1051	c.lbu	12	8	27	c.lbu x12, 27(x8)	0x3c30	0xe003	0x2000	c.lbu
2	1052	c.lbu	12	8	28	c.lbu x12, 28(x8)	0x2c50	0xe003	0x2000	c.lbu
2	1053	c.lbu	12	8	29	c.lbu x12, 29(x8)	0x3c50	0xe003	0x2000	c.lbu
2	1054	c.lbu	12	8	30	c.lbu x12, 30(x8)	0x2c70	0xe003	0x2000	c.lbu
2	1055	c.lbu	12	8	31	c.lbu x12, 31(x8)	0x3c70	0xe003	0x2000	c.lbu
2	1056	c.lbu	12	9	0	c.lbu x12, 0(x9)	0x2090	0xe003	0x2000	c.lbu
2	1057	c.lbu	12	9	1	c.lbu x12, 1(x9)	0x3090	0xe003	0x2000	c.lbu
2	1058	c.lbu	12	9	2	c.lbu x12, 2(x9)	0x20b0	0xe003	0x2000	c.lbu
2	1059	c.lbu	12	9	3	c.lbu x12, 3(x9)	0x30b0	0xe003	0x2000	c.lbu
2	1060	c.lbu	12	9	4	c.lbu x12, 4(x9)	0x20d0	0xe003	0x2000	c.lbu
2	1061	c.lbu	12	9	5	c.lbu x12, 5(x9)	0x30d0	0xe003	0x2000	c.lbu
2	1062	c.lbu	12	9	6	c.lbu x12, 6(x9)	0x20f0	0xe003	0x2000	c.lbu
2	1063	c.lbu	12	9	7	c.lbu x12, 7(x9)	0x30f0	0xe003	0x2000	c.lbu
2	1064	c.lbu	12	9	8	c.lbu x12, 8(x9)	0x2490	0xe003	0x2000	c.lbu
2	1065	c.lbu	12	9	9	c.lbu x12, 9(x9)	0x3490	0xe003	0x2000	c.lbu
2	1066	c.lbu	12	9	10	c.lbu x12, 10(x9)	0x24b0	0xe003	0x2000	c.lbu
2	1067	c.lbu	12	9	11	c.lbu x12, 11(x9)	0x34b0	0xe003	0x2000	c.lbu
2	1068	c.lbu	12	9	12	c.lbu x12, 12(x9)	0x24d0	0xe003	0x2000	c.lbu
2	1069	c.lbu	12	9	13	c.lbu x12, 13(x9)	0x34d0	0xe003	0x2000	c.lbu
2	1070	c.lbu	12	9	14	c.lbu x12, 14(x9)	0x24f0	0xe003	0x2000	c.lbu
2	1071	c.lbu	12	9	15	c.lbu x12, 15(x9)	0x34f0	0xe003	0x2000	c.lbu
2	1072	c.lbu	12	9	16	c.lbu x12, 16(x9)	0x2890	0xe003	0x2000	c.lbu
2	1073	c.lbu	12	9	17	c.lbu x12, 17(x9)	0x3890	0xe003	0x2000	c.lbu
2	1074	c.lbu	12	9	18	c.lbu x12, 18(x9)	0x28b0	0xe003	0x2000	c.lbu
2	1075	c.lbu	12	9	19	c.lbu x12, 19(x9)	0x38b0	0xe003	0x2000	c.lbu
2	1076	c.lbu	12	9	20	c.lbu x12, 20(x9)	0x28d0	0xe003	0x2000	c.lbu
2	1077	c.lbu	12	9	21	c.lbu x12, 21(x9)	0x38d0	0xe003	0x2000	c.lbu
2	1078	c.lbu	12	9	22	c.lbu x12, 22(x9)	0x28f0	0xe003	0x2000	c.lbu
2	1079	c.lbu	12	9	23	c.lbu x12, 23(x9)	0x38f0	0xe003	0x2000	c.lbu
2	1080	c.lbu	12	9	24	c.lbu x12, 24(x9)	0x2c90	0xe003	0x2000	c.lbu
2	1081	c.lbu	12	9	25	c.lbu x12, 25(x9)	0x3c90	0xe003	0x2000	c.lbu
2	1082	c.lbu	12	9	26	c.lbu x12, 26(x9)	0x2cb0	0xe003	0x2000	c.lbu
2	1083	c.lbu	12	9	27	c.lbu x12, 27(x9)	0x3cb0	0xe003	0x2000	c.lbu
2	1084	c.lbu	12	9	28	c.lbu x12, 28(x9)	0x2cd0	0xe003	0x2000	c.lbu
2	1085	c.lbu	12	9	29	c.lbu x12, 29(x9)	0x3cd0	0xe003	0x2000	c.lbu
2	1086	c.lbu	12	9	30	c.lbu x12, 30(x9)	0x2cf0	0xe003	0x2000	c.lbu
2	1087	c.lbu	12	9	31	c.lbu x12, 31(x9)	0x3cf0	0xe003	0x2000	c.lbu
2	1088	c.lbu	12	10	0	c.lbu x12, 0(x10)	0x2110	0xe003	0x2000	c.lbu
2	1089	c.lbu	12	10	1	c.lbu x12, 1(x10)	0x3110	0xe003	0x2000	c.lbu
2	1090	c.lbu	12	10	2	c.lbu x12, 2(x10)	0x2130	0xe003	0x2000	c.lbu
2	1091	c.lbu	12	10	3	c.lbu x12, 3(x10)	0x3130	0xe003	0x2000	c.lbu
2	1092	c.lbu	12	10	4	c.lbu x12, 4(x10)	0x2150	0xe003	0x2000	c.lbu
2	1093	c.lbu	12	10	5	c.lbu x12, 5(x10)	0x3150	0xe003	0x2000	c.lbu
2	1094	c.lbu	12	10	6	c.lbu x12, 6(x10)	0x2170	0xe003	0x2000	c.lbu
2	1095	c.lbu	12	10	7	c.lbu x12, 7(x10)	0x3170	0xe003	0x2000	c.lbu
2	1096	c.lbu	12	10	8	c.lbu x12, 8(x10)	0x2510	0xe003	0x2000	c.lbu
2	1097	c.lbu	12	10	9	c.lbu x12, 9(x10)	0x3510	0xe003	0x2000	c.lbu
2	1098	c.lbu	12	10	10	c.lbu x12, 10(x10)	0x2530	0xe003	0x2000	c.lbu
2	1099	c.lbu	12	10	11	c.lbu x12, 11(x10)	0x3530	0xe003	0x2000	c.lbu
2	1100	c.lbu	12	10	12	c.lbu x12, 12(x10)	0x2550	0xe003	0x2000	c.lbu
2	1101	c.lbu	12	10	13	c.lbu x12, 13(x10)	0x3550	0xe003	0x2000	c.lbu
2	1102	c.lbu	12	10	14	c.lbu x12, 14(x10)	0x2570	0xe003	0x2000	c.lbu
2	1103	c.lbu	12	10	15	c.lbu x12, 15(x10)	0x3570	0xe003	0x2000	c.lbu
2	1104	c.lbu	12	10	16	c.lbu x12, 16(x10)	0x2910	0xe003	0x2000	c.lbu
2	1105	c.lbu	12	10	17	c.lbu x12, 17(x10)	0x3910	0xe003	0x2000	c.lbu
2	1106	c.lbu	12	10	18	c.lbu x12, 18(x10)	0x2930	0xe003	0x2000	c.lbu
2	1107	c.lbu	12	10	19	c.lbu x12, 19(x10)	0x3930	0xe003	0x2000	c.lbu
2	1108	c.lbu	12	10	20	c.lbu x12, 20(x10)	0x2950	0xe003	0x2000	c.lbu
2	1109	c.lbu	12	10	21	c.lbu x12, 21(x10)	0x3950	0xe003	0x2000	c.lbu
2	1110	c.lbu	12	10	22	c.lbu x12, 22(x10)	0x2970	0xe003	0x2000	c.lbu
2	1111	c.lbu	12	10	23	c.lbu x12, 23(x10)	0x3970	0xe003	0x2000	c.lbu
2	1112	c.lbu	12	10	24	c.lbu x12, 24(x10)	0x2d10	0xe003	0x2000	c.lbu
2	1113	c.lbu	12	10	25	c.lbu x12, 25(x10)	0x3d10	0xe003	0x2000	c.lbu
2	1114	c.lbu	12	10	26	c.lbu x12, 26(x10)	0x2d30	0xe003	0x2000	c.lbu
2	1115	c.lbu	12	10	27	c.lbu x12, 27(x10)	0x3d30	0xe003	0x2000	c.lbu
2	1116	c.lbu	12	10	28	c.lbu x12, 28(x10)	0x2d50	0xe003	0x2000	c.lbu
2	1117	c.lbu	12	10	29	c.lbu x12, 29(x10)	0x3d50	0xe003	0x2000	c.lbu
2	1118	c.lbu	12	10	30	c.lbu x12, 30(x10)	0x2d70	0xe003	0x2000	c.lbu
2	1119	c.lbu	12	10	31	c.lbu x12, 31(x10)	0x3d70	0xe003	0x2000	c.lbu
2	1120	c.lbu	12	11	0	c.lbu x12, 0(x11)	0x2190	0xe003	0x2000	c.lbu
2	1121	c.lbu	12	11	1	c.lbu x12, 1(x11)	0x3190	0xe003	0x2000	c.lbu
2	1122	c.lbu	12	11	2	c.lbu x12, 2(x11)	0x21b0	0xe003	0x2000	c.lbu
2	1123	c.lbu	12	11	3	c.lbu x12, 3(x11)	0x31b0	0xe003	0x2000	c.lbu
2	1124	c.lbu	12	11	4	c.lbu x12, 4(x11)	0x21d0	0xe003	0x2000	c.lbu
2	1125	c.lbu	12	11	5	c.lbu x12, 5(x11)	0x31d0	0xe003	0x2000	c.lbu
2	1126	c.lbu	12	11	6	c.lbu x12, 6(x11)	0x21f0	0xe003	0x2000	c.lbu
2	1127	c.lbu	12	11	7	c.lbu x12, 7(x11)	0x31f0	0xe003	0x2000	c.lbu
2	1128	c.lbu	12	11	8	c.lbu x12, 8(x11)	0x2590	0xe003	0x2000	c.lbu
2	1129	c.lbu	12	11	9	c.lbu x12, 9(x11)	0x3590	0xe003	0x2000	c.lbu
2	1130	c.lbu	12	11	10	c.lbu x12, 10(x11)	0x25b0	0xe003	0x2000	c.lbu
2	1131	c.lbu	12	11	11	c.lbu x12, 11(x11)	0x35b0	0xe003	0x2000	c.lbu
2	1132	c.lbu	12	11	12	c.lbu x12, 12(x11)	0x25d0	0xe003	0x2000	c.lbu
2	1133	c.lbu	12	11	13	c.lbu x12, 13(x11)	0x35d0	0xe003	0x2000	c.lbu
2	1134	c.lbu	12	11	14	c.lbu x12, 14(x11)	0x25f0	0xe003	0x2000	c.lbu
2	1135	c.lbu	12	11	15	c.lbu x12, 15(x11)	0x35f0	0xe003	0x2000	c.lbu
2	1136	c.lbu	12	11	16	c.lbu x12, 16(x11)	0x2990	0xe003	0x2000	c.lbu
2	1137	c.lbu	12	11	17	c.lbu x12, 17(x11)	0x3990	0xe003	0x2000	c.lbu
2	1138	c.lbu	12	11	18	c.lbu x12, 18(x11)	0x29b0	0xe003	0x2000	c.lbu
2	1139	c.lbu	12	11	19	c.lbu x12, 19(x11)	0x39b0	0xe003	0x2000	c.lbu
2	1140	c.lbu	12	11	20	c.lbu x12, 20(x11)	0x29d0	0xe003	0x2000	c.lbu
2	1141	c.lbu	12	11	21	c.lbu x12, 21(x11)	0x39d0	0xe003	0x2000	c.lbu
2	1142	c.lbu	12	11	22	c.lbu x12, 22(x11)	0x29f0	0xe003	0x2000	c.lbu
2	1143	c.lbu	12	11	23	c.lbu x12, 23(x11)	0x39f0	0xe003	0x2000	c.lbu
2	1144	c.lbu	12	11	24	c.lbu x12, 24(x11)	0x2d90	0xe003	0x2000	c.lbu
2	1145	c.lbu	12	11	25	c.lbu x12, 25(x11)	0x3d90	0xe003	0x2000	c.lbu
2	1146	c.lbu	12	11	26	c.lbu x12, 26(x11)	0x2db0	0xe003	0x2000	c.lbu
2	1147	c.lbu	12	11	27	c.lbu x12, 27(x11)	0x3db0	0xe003	0x2000	c.lbu
2	1148	c.lbu	12	11	28	c.lbu x12, 28(x11)	0x2dd0	0xe003	0x2000	c.lbu
2	1149	c.lbu	12	11	29	c.lbu x12, 29(x11)	0x3dd0	0xe003	0x2000	c.lbu
2	1150	c.lbu	12	11	30	c.lbu x12, 30(x11)	0x2df0	0xe003	0x2000	c.lbu
2	1151	c.lbu	12	11	31	c.lbu x12, 31(x11)	0x3df0	0xe003	0x2000	c.lbu
2	1152	c.lbu	12	12	0	c.lbu x12, 0(x12)	0x2210	0xe003	0x2000	c.lbu
2	1153	c.lbu	12	12	1	c.lbu x12, 1(x12)	0x3210	0xe003	0x2000	c.lbu
2	1154	c.lbu	12	12	2	c.lbu x12, 2(x12)	0x2230	0xe003	0x2000	c.lbu
2	1155	c.lbu	12	12	3	c.lbu x12, 3(x12)	0x3230	0xe003	0x2000	c.lbu
2	1156	c.lbu	12	12	4	c.lbu x12, 4(x12)	0x2250	0xe003	0x2000	c.lbu
2	1157	c.lbu	12	12	5	c.lbu x12, 5(x12)	0x3250	0xe003	0x2000	c.lbu
2	1158	c.lbu	12	12	6	c.lbu x12, 6(x12)	0x2270	0xe003	0x2000	c.lbu
2	1159	c.lbu	12	12	7	c.lbu x12, 7(x12)	0x3270	0xe003	0x2000	c.lbu
2	1160	c.lbu	12	12	8	c.lbu x12, 8(x12)	0x2610	0xe003	0x2000	c.lbu
2	1161	c.lbu	12	12	9	c.lbu x12, 9(x12)	0x3610	0xe003	0x2000	c.lbu
2	1162	c.lbu	12	12	10	c.lbu x12, 10(x12)	0x2630	0xe003	0x2000	c.lbu
2	1163	c.lbu	12	12	11	c.lbu x12, 11(x12)	0x3630	0xe003	0x2000	c.lbu
2	1164	c.lbu	12	12	12	c.lbu x12, 12(x12)	0x2650	0xe003	0x2000	c.lbu
2	1165	c.lbu	12	12	13	c.lbu x12, 13(x12)	0x3650	0xe003	0x2000	c.lbu
2	1166	c.lbu	12	12	14	c.lbu x12, 14(x12)	0x2670	0xe003	0x2000	c.lbu
2	1167	c.lbu	12	12	15	c.lbu x12, 15(x12)	0x3670	0xe003	0x2000	c.lbu
2	1168	c.lbu	12	12	16	c.lbu x12, 16(x12)	0x2a10	0xe003	0x2000	c.lbu
2	1169	c.lbu	12	12	17	c.lbu x12, 17(x12)	0x3a10	0xe003	0x2000	c.lbu
2	1170	c.lbu	12	12	18	c.lbu x12, 18(x12)	0x2a30	0xe003	0x2000	c.lbu
2	1171	c.lbu	12	12	19	c.lbu x12, 19(x12)	0x3a30	0xe003	0x2000	c.lbu
2	1172	c.lbu	12	12	20	c.lbu x12, 20(x12)	0x2a50	0xe003	0x2000	c.lbu
2	1173	c.lbu	12	12	21	c.lbu x12, 21(x12)	0x3a50	0xe003	0x2000	c.lbu
2	1174	c.lbu	12	12	22	c.lbu x12, 22(x12)	0x2a70	0xe003	0x2000	c.lbu
2	1175	c.lbu	12	12	23	c.lbu x12, 23(x12)	0x3a70	0xe003	0x2000	c.lbu
2	1176	c.lbu	12	12	24	c.lbu x12, 24(x12)	0x2e10	0xe003	0x2000	c.lbu
2	1177	c.lbu	12	12	25	c.lbu x12, 25(x12)	0x3e10	0xe003	0x2000	c.lbu
2	1178	c.lbu	12	12	26	c.lbu x12, 26(x12)	0x2e30	0xe003	0x2000	c.lbu
2	1179	c.lbu	12	12	27	c.lbu x12, 27(x12)	0x3e30	0xe003	0x2000	c.lbu
2	1180	c.lbu	12	12	28	c.lbu x12, 28(x12)	0x2e50	0xe003	0x2000	c.lbu
2	1181	c.lbu	12	12	29	c.lbu x12, 29(x12)	0x3e50	0xe003	0x2000	c.lbu
2	1182	c.lbu	12	12	30	c.lbu x12, 30(x12)	0x2e70	0xe003	0x2000	c.lbu
2	1183	c.lbu	12	12	31	c.lbu x12, 31(x12)	0x3e70	0xe003	0x2000	c.lbu
2	1184	c.lbu	12	13	0	c.lbu x12, 0(x13)	0x2290	0xe003	0x2000	c.lbu
2	1185	c.lbu	12	13	1	c.lbu x12, 1(x13)	0x3290	0xe003	0x2000	c.lbu
2	1186	c.lbu	12	13	2	c.lbu x12, 2(x13)	0x22b0	0xe003	0x2000	c.lbu
2	1187	c.lbu	12	13	3	c.lbu x12, 3(x13)	0x32b0	0xe003	0x2000	c.lbu
2	1188	c.lbu	12	13	4	c.lbu x12, 4(x13)	0x22d0	0xe003	0x2000	c.lbu
2	1189	c.lbu	12	13	5	c.lbu x12, 5(x13)	0x32d0	0xe003	0x2000	c.lbu
2	1190	c.lbu	12	13	6	c.lbu x12, 6(x13)	0x22f0	0xe003	0x2000	c.lbu
2	1191	c.lbu	12	13	7	c.lbu x12, 7(x13)	0x32f0	0xe003	0x2000	c.lbu
2	1192	c.lbu	12	13	8	c.lbu x12, 8(x13)	0x2690	0xe003	0x2000	c.lbu
2	1193	c.lbu	12	13	9	c.lbu x12, 9(x13)	0x3690	0xe003	0x2000	c.lbu
2	1194	c.lbu	12	13	10	c.lbu x12, 10(x13)	0x26b0	0xe003	0x2000	c.lbu
2	1195	c.lbu	12	13	11	c.lbu x12, 11(x13)	0x36b0	0xe003	0x2000	c.lbu
2	1196	c.lbu	12	13	12	c.lbu x12, 12(x13)	0x26d0	0xe003	0x2000	c.lbu
2	1197	c.lbu	12	13	13	c.lbu x12, 13(x13)	0x36d0	0xe003	0x2000	c.lbu
2	1198	c.lbu	12	13	14	c.lbu x12, 14(x13)	0x26f0	0xe003	0x2000	c.lbu
2	1199	c.lbu	12	13	15	c.lbu x12, 15(x13)	0x36f0	0xe003	0x2000	c.lbu
2	1200	c.lbu	12	13	16	c.lbu x12, 16(x13)	0x2a90	0xe003	0x2000	c.lbu
2	1201	c.lbu	12	13	17	c.lbu x12, 17(x13)	0x3a90	0xe003	0x2000	c.lbu
2	1202	c.lbu	12	13	18	c.lbu x12, 18(x13)	0x2ab0	0xe003	0x2000	c.lbu
2	1203	c.lbu	12	13	19	c.lbu x12, 19(x13)	0x3ab0	0xe003	0x2000	c.lbu
2	1204	c.lbu	12	13	20	c.lbu x12, 20(x13)	0x2ad0	0xe003	0x2000	c.lbu
2	1205	c.lbu	12	13	21	c.lbu x12, 21(x13)	0x3ad0	0xe003	0x2000	c.lbu
2	1206	c.lbu	12	13	22	c.lbu x12, 22(x13)	0x2af0	0xe003	0x2000	c.lbu
2	1207	c.lbu	12	13	23	c.lbu x12, 23(x13)	0x3af0	0xe003	0x2000	c.lbu
2	1208	c.lbu	12	13	24	c.lbu x12, 24(x13)	0x2e90	0xe003	0x2000	c.lbu
2	1209	c.lbu	12	13	25	c.lbu x12, 25(x13)	0x3e90	0xe003	0x2000	c.lbu
2	1210	c.lbu	12	13	26	c.lbu x12, 26(x13)	0x2eb0	0xe003	0x2000	c.lbu
2	1211	c.lbu	12	13	27	c.lbu x12, 27(x13)	0x3eb0	0xe003	0x2000	c.lbu
2	1212	c.lbu	12	13	28	c.lbu x12, 28(x13)	0x2ed0	0xe003	0x2000	c.lbu
2	1213	c.lbu	12	13	29	c.lbu x12, 29(x13)	0x3ed0	0xe003	0x2000	c.lbu
2	1214	c.lbu	12	13	30	c.lbu x12, 30(x13)	0x2ef0	0xe003	0x2000	c.lbu
2	1215	c.lbu	12	13	31	c.lbu x12, 31(x13)	0x3ef0	0xe003	0x2000	c.lbu
2	1216	c.lbu	12	14	0	c.lbu x12, 0(x14)	0x2310	0xe003	0x2000	c.lbu
2	1217	c.lbu	12	14	1	c.lbu x12, 1(x14)	0x3310	0xe003	0x2000	c.lbu
2	1218	c.lbu	12	14	2	c.lbu x12, 2(x14)	0x2330	0xe003	0x2000	c.lbu
2	1219	c.lbu	12	14	3	c.lbu x12, 3(x14)	0x3330	0xe003	0x2000	c.lbu
2	1220	c.lbu	12	14	4	c.lbu x12, 4(x14)	0x2350	0xe003	0x2000	c.lbu
2	1221	c.lbu	12	14	5	c.lbu x12, 5(x14)	0x3350	0xe003	0x2000	c.lbu
2	1222	c.lbu	12	14	6	c.lbu x12, 6(x14)	0x2370	0xe003	0x2000	c.lbu
2	1223	c.lbu	12	14	7	c.lbu x12, 7(x14)	0x3370	0xe003	0x2000	c.lbu
2	1224	c.lbu	12	14	8	c.lbu x12, 8(x14)	0x2710	0xe003	0x2000	c.lbu
2	1225	c.lbu	12	14	9	c.lbu x12, 9(x14)	0x3710	0xe003	0x2000	c.lbu
2	1226	c.lbu	12	14	10	c.lbu x12, 10(x14)	0x2730	0xe003	0x2000	c.lbu
2	1227	c.lbu	12	14	11	c.lbu x12, 11(x14)	0x3730	0xe003	0x2000	c.lbu
2	1228	c.lbu	12	14	12	c.lbu x12, 12(x14)	0x2750	0xe003	0x2000	c.lbu
2	1229	c.lbu	12	14	13	c.lbu x12, 13(x14)	0x3750	0xe003	0x2000	c.lbu
2	1230	c.lbu	12	14	14	c.lbu x12, 14(x14)	0x2770	0xe003	0x2000	c.lbu
2	1231	c.lbu	12	14	15	c.lbu x12, 15(x14)	0x3770	0xe003	0x2000	c.lbu
2	1232	c.lbu	12	14	16	c.lbu x12, 16(x14)	0x2b10	0xe003	0x2000	c.lbu
2	1233	c.lbu	12	14	17	c.lbu x12, 17(x14)	0x3b10	0xe003	0x2000	c.lbu
2	1234	c.lbu	12	14	18	c.lbu x12, 18(x14)	0x2b30	0xe003	0x2000	c.lbu
2	1235	c.lbu	12	14	19	c.lbu x12, 19(x14)	0x3b30	0xe003	0x2000	c.lbu
2	1236	c.lbu	12	14	20	c.lbu x12, 20(x14)	0x2b50	0xe003	0x2000	c.lbu
2	1237	c.lbu	12	14	21	c.lbu x12, 21(x14)	0x3b50	0xe003	0x2000	c.lbu
2	1238	c.lbu	12	14	22	c.lbu x12, 22(x14)	0x2b70	0xe003	0x2000	c.lbu
2	1239	c.lbu	12	14	23	c.lbu x12, 23(x14)	0x3b70	0xe003	0x2000	c.lbu
2	1240	c.lbu	12	14	24	c.lbu x12, 24(x14)	0x2f10	0xe003	0x2000	c.lbu
2	1241	c.lbu	12	14	25	c.lbu x12, 25(x14)	0x3f10	0xe003	0x2000	c.lbu
2	1242	c.lbu	12	14	26	c.lbu x12, 26(x14)	0x2f30	0xe003	0x2000	c.lbu
2	1243	c.lbu	12	14	27	c.lbu x12, 27(x14)	0x3f30	0xe003	0x2000	c.lbu
2	1244	c.lbu	12	14	28	c.lbu x12, 28(x14)	0x2f50	0xe003	0x2000	c.lbu
2	1245	c.lbu	12	14	29	c.lbu x12, 29(x14)	0x3f50	0xe003	0x2000	c.lbu
2	1246	c.lbu	12	14	30	c.lbu x12, 30(x14)	0x2f70	0xe003	0x2000	c.lbu
2	1247	c.lbu	12	14	31	c.lbu x12, 31(x14)	0x3f70	0xe003	0x2000	c.lbu
2	1248	c.lbu	12	15	0	c.lbu x12, 0(x15)	0x2390	0xe003	0x2000	c.lbu
2	1249	c.lbu	12	15	1	c.lbu x12, 1(x15)	0x3390	0xe003	0x2000	c.lbu
2	1250	c.lbu	12	15	2	c.lbu x12, 2(x15)	0x23b0	0xe003	0x2000	c.lbu
2	1251	c.lbu	12	15	3	c.lbu x12, 3(x15)	0x33b0	0xe003	0x2000	c.lbu
2	1252	c.lbu	12	15	4	c.lbu x12, 4(x15)	0x23d0	0xe003	0x2000	c.lbu
2	1253	c.lbu	12	15	5	c.lbu x12, 5(x15)	0x33d0	0xe003	0x2000	c.lbu
2	1254	c.lbu	12	15	6	c.lbu x12, 6(x15)	0x23f0	0xe003	0x2000	c.lbu
2	1255	c.lbu	12	15	7	c.lbu x12, 7(x15)	0x33f0	0xe003	0x2000	c.lbu
2	1256	c.lbu	12	15	8	c.lbu x12, 8(x15)	0x2790	0xe003	0x2000	c.lbu
2	1257	c.lbu	12	15	9	c.lbu x12, 9(x15)	0x3790	0xe003	0x2000	c.lbu
2	1258	c.lbu	12	15	10	c.lbu x12, 10(x15)	0x27b0	0xe003	0x2000	c.lbu
2	1259	c.lbu	12	15	11	c.lbu x12, 11(x15)	0x37b0	0xe003	0x2000	c.lbu
2	1260	c.lbu	12	15	12	c.lbu x12, 12(x15)	0x27d0	0xe003	0x2000	c.lbu
2	1261	c.lbu	12	15	13	c.lbu x12, 13(x15)	0x37d0	0xe003	0x2000	c.lbu
2	1262	c.lbu	12	15	14	c.lbu x12, 14(x15)	0x27f0	0xe003	0x2000	c.lbu
2	1263	c.lbu	12	15	15	c.lbu x12, 15(x15)	0x37f0	0xe003	0x2000	c.lbu
2	1264	c.lbu	12	15	16	c.lbu x12, 16(x15)	0x2b90	0xe003	0x2000	c.lbu
2	1265	c.lbu	12	15	17	c.lbu x12, 17(x15)	0x3b90	0xe003	0x2000	c.lbu
2	1266	c.lbu	12	15	18	c.lbu x12, 18(x15)	0x2bb0	0xe003	0x2000	c.lbu
2	1267	c.lbu	12	15	19	c.lbu x12, 19(x15)	0x3bb0	0xe003	0x2000	c.lbu
2	1268	c.lbu	12	15	20	c.lbu x12, 20(x15)	0x2bd0	0xe003	0x2000	c.lbu
2	1269	c.lbu	12	15	21	c.lbu x12, 21(x15)	0x3bd0	0xe003	0x2000	c.lbu
2	1270	c.lbu	12	15	22	c.lbu x12, 22(x15)	0x2bf0	0xe003	0x2000	c.lbu
2	1271	c.lbu	12	15	23	c.lbu x12, 23(x15)	0x3bf0	0xe003	0x2000	c.lbu
2	1272	c.lbu	12	15	24	c.lbu x12, 24(x15)	0x2f90	0xe003	0x2000	c.lbu
2	1273	c.lbu	12	15	25	c.lbu x12, 25(x15)	0x3f90	0xe003	0x2000	c.lbu
2	1274	c.lbu	12	15	26	c.lbu x12, 26(x15)	0x2fb0	0xe003	0x2000	c.lbu
2	1275	c.lbu	12	15	27	c.lbu x12, 27(x15)	0x3fb0	0xe003	0x2000	c.lbu
2	1276	c.lbu	12	15	28	c.lbu x12, 28(x15)	0x2fd0	0xe003	0x2000	c.lbu
2	1277	c.lbu	12	15	29	c.lbu x12, 29(x15)	0x3fd0	0xe003	0x2000	c.lbu
2	1278	c.lbu	12	15	30	c.lbu x12, 30(x15)	0x2ff0	0xe003	0x2000	c.lbu
2	1279	c.lbu	12	15	31	c.lbu x12, 31(x15)	0x3ff0	0xe003	0x2000	c.lbu
2	1280	c.lbu	13	8	0	c.lbu x13, 0(x8)	0x2014	0xe003	0x2000	c.lbu
2	1281	c.lbu	13	8	1	c.lbu x13, 1(x8)	0x3014	0xe003	0x2000	c.lbu
2	1282	c.lbu	13	8	2	c.lbu x13, 2(x8)	0x2034	0xe003	0x2000	c.lbu
2	1283	c.lbu	13	8	3	c.lbu x13, 3(x8)	0x3034	0xe003	0x2000	c.lbu
2	1284	c.lbu	13	8	4	c.lbu x13, 4(x8)	0x2054	0xe003	0x2000	c.lbu
2	1285	c.lbu	13	8	5	c.lbu x13, 5(x8)	0x3054	0xe003	0x2000	c.lbu
2	1286	c.lbu	13	8	6	c.lbu x13, 6(x8)	0x2074	0xe003	0x2000	c.lbu
2	1287	c.lbu	13	8	7	c.lbu x13, 7(x8)	0x3074	0xe003	0x2000	c.lbu
2	1288	c.lbu	13	8	8	c.lbu x13, 8(x8)	0x2414	0xe003	0x2000	c.lbu
2	1289	c.lbu	13	8	9	c.lbu x13, 9(x8)	0x3414	0xe003	0x2000	c.lbu
2	1290	c.lbu	13	8	10	c.lbu x13, 10(x8)	0x2434	0xe003	0x2000	c.lbu
2	1291	c.lbu	13	8	11	c.lbu x13, 11(x8)	0x3434	0xe003	0x2000	c.lbu
2	1292	c.lbu	13	8	12	c.lbu x13, 12(x8)	0x2454	0xe003	0x2000	c.lbu
2	1293	c.lbu	13	8	13	c.lbu x13, 13(x8)	0x3454	0xe003	0x2000	c.lbu
2	1294	c.lbu	13	8	14	c.lbu x13, 14(x8)	0x2474	0xe003	0x2000	c.lbu
2	1295	c.lbu	13	8	15	c.lbu x13, 15(x8)	0x3474	0xe003	0x2000	c.lbu
2	1296	c.lbu	13	8	16	c.lbu x13, 16(x8)	0x2814	0xe003	0x2000	c.lbu
2	1297	c.lbu	13	8	17	c.lbu x13, 17(x8)	0x3814	0xe003	0x2000	c.lbu
2	1298	c.lbu	13	8	18	c.lbu x13, 18(x8)	0x2834	0xe003	0x2000	c.lbu
2	1299	c.lbu	13	8	19	c.lbu x13, 19(x8)	0x3834	0xe003	0x2000	c.lbu
2	1300	c.lbu	13	8	20	c.lbu x13, 20(x8)	0x2854	0xe003	0x2000	c.lbu
2	1301	c.lbu	13	8	21	c.lbu x13, 21(x8)	0x3854	0xe003	0x2000	c.lbu
2	1302	c.lbu	13	8	22	c.lbu x13, 22(x8)	0x2874	0xe003	0x2000	c.lbu
2	1303	c.lbu	13	8	23	c.lbu x13, 23(x8)	0x3874	0xe003	0x2000	c.lbu
2	1304	c.lbu	13	8	24	c.lbu x13, 24(x8)	0x2c14	0xe003	0x2000	c.lbu
2	1305	c.lbu	13	8	25	c.lbu x13, 25(x8)	0x3c14	0xe003	0x2000	c.lbu
2	1306	c.lbu	13	8	26	c.lbu x13, 26(x8)	0x2c34	0xe003	0x2000	c.lbu
2	1307	c.lbu	13	8	27	c.lbu x13, 27(x8)	0x3c34	0xe003	0x2000	c.lbu
2	1308	c.lbu	13	8	28	c.lbu x13, 28(x8)	0x2c54	0xe003	0x2000	c.lbu
2	1309	c.lbu	13	8	29	c.lbu x13, 29(x8)	0x3c54	0xe003	0x2000	c.lbu
2	1310	c.lbu	13	8	30	c.lbu x13, 30(x8)	0x2c74	0xe003	0x2000	c.lbu
2	1311	c.lbu	13	8	31	c.lbu x13, 31(x8)	0x3c74	0xe003	0x2000	c.lbu
2	1312	c.lbu	13	9	0	c.lbu x13, 0(x9)	0x2094	0xe003	0x2000	c.lbu
2	1313	c.lbu	13	9	1	c.lbu x13, 1(x9)	0x3094	0xe003	0x2000	c.lbu
2	1314	c.lbu	13	9	2	c.lbu x13, 2(x9)	0x20b4	0xe003	0x2000	c.lbu
2	1315	c.lbu	13	9	3	c.lbu x13, 3(x9)	0x30b4	0xe003	0x2000	c.lbu
2	1316	c.lbu	13	9	4	c.lbu x13, 4(x9)	0x20d4	0xe003	0x2000	c.lbu
2	1317	c.lbu	13	9	5	c.lbu x13, 5(x9)	0x30d4	0xe003	0x2000	c.lbu
2	1318	c.lbu	13	9	6	c.lbu x13, 6(x9)	0x20f4	0xe003	0x2000	c.lbu
2	1319	c.lbu	13	9	7	c.lbu x13, 7(x9)	0x30f4	0xe003	0x2000	c.lbu
2	1320	c.lbu	13	9	8	c.lbu x13, 8(x9)	0x2494	0xe003	0x2000	c.lbu
2	1321	c.lbu	13	9	9	c.lbu x13, 9(x9)	0x3494	0xe003	0x2000	c.lbu
2	1322	c.lbu	13	9	10	c.lbu x13, 10(x9)	0x24b4	0xe003	0x2000	c.lbu
2	1323	c.lbu	13	9	11	c.lbu x13, 11(x9)	0x34b4	0xe003	0x2000	c.lbu
2	1324	c.lbu	13	9	12	c.lbu x13, 12(x9)	0x24d4	0xe003	0x2000	c.lbu
2	1325	c.lbu	13	9	13	c.lbu x13, 13(x9)	0x34d4	0xe003	0x2000	c.lbu
2	1326	c.lbu	13	9	14	c.lbu x13, 14(x9)	0x24f4	0xe003	0x2000	c.lbu
2	1327	c.lbu	13	9	15	c.lbu x13, 15(x9)	0x34f4	0xe003	0x2000	c.lbu
2	1328	c.lbu	13	9	16	c.lbu x13, 16(x9)	0x2894	0xe003	0x2000	c.lbu
2	1329	c.lbu	13	9	17	c.lbu x13, 17(x9)	0x3894	0xe003	0x2000	c.lbu
2	1330	c.lbu	13	9	18	c.lbu x13, 18(x9)	0x28b4	0xe003	0x2000	c.lbu
2	1331	c.lbu	13	9	19	c.lbu x13, 19(x9)	0x38b4	0xe003	0x2000	c.lbu
2	1332	c.lbu	13	9	20	c.lbu x13, 20(x9)	0x28d4	0xe003	0x2000	c.lbu
2	1333	c.lbu	13	9	21	c.lbu x13, 21(x9)	0x38d4	0xe003	0x2000	c.lbu
2	1334	c.lbu	13	9	22	c.lbu x13, 22(x9)	0x28f4	0xe003	0x2000	c.lbu
2	1335	c.lbu	13	9	23	c.lbu x13, 23(x9)	0x38f4	0xe003	0x2000	c.lbu
2	1336	c.lbu	13	9	24	c.lbu x13, 24(x9)	0x2c94	0xe003	0x2000	c.lbu
2	1337	c.lbu	13	9	25	c.lbu x13, 25(x9)	0x3c94	0xe003	0x2000	c.lbu
2	1338	c.lbu	13	9	26	c.lbu x13, 26(x9)	0x2cb4	0xe003	0x2000	c.lbu
2	1339	c.lbu	13	9	27	c.lbu x13, 27(x9)	0x3cb4	0xe003	0x2000	c.lbu
2	1340	c.lbu	13	9	28	c.lbu x13, 28(x9)	0x2cd4	0xe003	0x2000	c.lbu
2	1341	c.lbu	13	9	29	c.lbu x13, 29(x9)	0x3cd4	0xe003	0x2000	c.lbu
2	1342	c.lbu	13	9	30	c.lbu x13, 30(x9)	0x2cf4	0xe003	0x2000	c.lbu
2	1343	c.lbu	13	9	31	c.lbu x13, 31(x9)	0x3cf4	0xe003	0x2000	c.lbu
2	1344	c.lbu	13	10	0	c.lbu x13, 0(x10)	0x2114	0xe003	0x2000	c.lbu
2	1345	c.lbu	13	10	1	c.lbu x13, 1(x10)	0x3114	0xe003	0x2000	c.lbu
2	1346	c.lbu	13	10	2	c.lbu x13, 2(x10)	0x2134	0xe003	0x2000	c.lbu
2	1347	c.lbu	13	10	3	c.lbu x13, 3(x10)	0x3134	0xe003	0x2000	c.lbu
2	1348	c.lbu	13	10	4	c.lbu x13, 4(x10)	0x2154	0xe003	0x2000	c.lbu
2	1349	c.lbu	13	10	5	c.lbu x13, 5(x10)	0x3154	0xe003	0x2000	c.lbu
2	1350	c.lbu	13	10	6	c.lbu x13, 6(x10)	0x2174	0xe003	0x2000	c.lbu
2	1351	c.lbu	13	10	7	c.lbu x13, 7(x10)	0x3174	0xe003	0x2000	c.lbu
2	1352	c.lbu	13	10	8	c.lbu x13, 8(x10)	0x2514	0xe003	0x2000	c.lbu
2	1353	c.lbu	13	10	9	c.lbu x13, 9(x10)	0x3514	0xe003	0x2000	c.lbu
2	1354	c.lbu	13	10	10	c.lbu x13, 10(x10)	0x2534	0xe003	0x2000	c.lbu
2	1355	c.lbu	13	10	11	c.lbu x13, 11(x10)	0x3534	0xe003	0x2000	c.lbu
2	1356	c.lbu	13	10	12	c.lbu x13, 12(x10)	0x2554	0xe003	0x2000	c.lbu
2	1357	c.lbu	13	10	13	c.lbu x13, 13(x10)	0x3554	0xe003	0x2000	c.lbu
2	1358	c.lbu	13	10	14	c.lbu x13, 14(x10)	0x2574	0xe003	0x2000	c.lbu
2	1359	c.lbu	13	10	15	c.lbu x13, 15(x10)	0x3574	0xe003	0x2000	c.lbu
2	1360	c.lbu	13	10	16	c.lbu x13, 16(x10)	0x2914	0xe003	0x2000	c.lbu
2	1361	c.lbu	13	10	17	c.lbu x13, 17(x10)	0x3914	0xe003	0x2000	c.lbu
2	1362	c.lbu	13	10	18	c.lbu x13, 18(x10)	0x2934	0xe003	0x2000	c.lbu
2	1363	c.lbu	13	10	19	c.lbu x13, 19(x10)	0x3934	0xe003	0x2000	c.lbu
2	1364	c.lbu	13	10	20	c.lbu x13, 20(x10)	0x2954	0xe003	0x2000	c.lbu
2	1365	c.lbu	13	10	21	c.lbu x13, 21(x10)	0x3954	0xe003	0x2000	c.lbu
2	1366	c.lbu	13	10	22	c.lbu x13, 22(x10)	0x2974	0xe003	0x2000	c.lbu
2	1367	c.lbu	13	10	23	c.lbu x13, 23(x10)	0x3974	0xe003	0x2000	c.lbu
2	1368	c.lbu	13	10	24	c.lbu x13, 24(x10)	0x2d14	0xe003	0x2000	c.lbu
2	1369	c.lbu	13	10	25	c.lbu x13, 25(x10)	0x3d14	0xe003	0x2000	c.lbu
2	1370	c.lbu	13	10	26	c.lbu x13, 26(x10)	0x2d34	0xe003	0x2000	c.lbu
2	1371	c.lbu	13	10	27	c.lbu x13, 27(x10)	0x3d34	0xe003	0x2000	c.lbu
2	1372	c.lbu	13	10	28	c.lbu x13, 28(x10)	0x2d54	0xe003	0x2000	c.lbu
2	1373	c.lbu	13	10	29	c.lbu x13, 29(x10)	0x3d54	0xe003	0x2000	c.lbu
2	1374	c.lbu	13	10	30	c.lbu x13, 30(x10)	0x2d74	0xe003	0x2000	c.lbu
2	1375	c.lbu	13	10	31	c.lbu x13, 31(x10)	0x3d74	0xe003	0x2000	c.lbu
2	1376	c.lbu	13	11	0	c.lbu x13, 0(x11)	0x2194	0xe003	0x2000	c.lbu
2	1377	c.lbu	13	11	1	c.lbu x13, 1(x11)	0x3194	0xe003	0x2000	c.lbu
2	1378	c.lbu	13	11	2	c.lbu x13, 2(x11)	0x21b4	0xe003	0x2000	c.lbu
2	1379	c.lbu	13	11	3	c.lbu x13, 3(x11)	0x31b4	0xe003	0x2000	c.lbu
2	1380	c.lbu	13	11	4	c.lbu x13, 4(x11)	0x21d4	0xe003	0x2000	c.lbu
2	1381	c.lbu	13	11	5	c.lbu x13, 5(x11)	0x31d4	0xe003	0x2000	c.lbu
2	1382	c.lbu	13	11	6	c.lbu x13, 6(x11)	0x21f4	0xe003	0x2000	c.lbu
2	1383	c.lbu	13	11	7	c.lbu x13, 7(x11)	0x31f4	0xe003	0x2000	c.lbu
2	1384	c.lbu	13	11	8	c.lbu x13, 8(x11)	0x2594	0xe003	0x2000	c.lbu
2	1385	c.lbu	13	11	9	c.lbu x13, 9(x11)	0x3594	0xe003	0x2000	c.lbu
2	1386	c.lbu	13	11	10	c.lbu x13, 10(x11)	0x25b4	0xe003	0x2000	c.lbu
2	1387	c.lbu	13	11	11	c.lbu x13, 11(x11)	0x35b4	0xe003	0x2000	c.lbu
2	1388	c.lbu	13	11	12	c.lbu x13, 12(x11)	0x25d4	0xe003	0x2000	c.lbu
2	1389	c.lbu	13	11	13	c.lbu x13, 13(x11)	0x35d4	0xe003	0x2000	c.lbu
2	1390	c.lbu	13	11	14	c.lbu x13, 14(x11)	0x25f4	0xe003	0x2000	c.lbu
2	1391	c.lbu	13	11	15	c.lbu x13, 15(x11)	0x35f4	0xe003	0x2000	c.lbu
2	1392	c.lbu	13	11	16	c.lbu x13, 16(x11)	0x2994	0xe003	0x2000	c.lbu
2	1393	c.lbu	13	11	17	c.lbu x13, 17(x11)	0x3994	0xe003	0x2000	c.lbu
2	1394	c.lbu	13	11	18	c.lbu x13, 18(x11)	0x29b4	0xe003	0x2000	c.lbu
2	1395	c.lbu	13	11	19	c.lbu x13, 19(x11)	0x39b4	0xe003	0x2000	c.lbu
2	1396	c.lbu	13	11	20	c.lbu x13, 20(x11)	0x29d4	0xe003	0x2000	c.lbu
2	1397	c.lbu	13	11	21	c.lbu x13, 21(x11)	0x39d4	0xe003	0x2000	c.lbu
2	1398	c.lbu	13	11	22	c.lbu x13, 22(x11)	0x29f4	0xe003	0x2000	c.lbu
2	1399	c.lbu	13	11	23	c.lbu x13, 23(x11)	0x39f4	0xe003	0x2000	c.lbu
2	1400	c.lbu	13	11	24	c.lbu x13, 24(x11)	0x2d94	0xe003	0x2000	c.lbu
2	1401	c.lbu	13	11	25	c.lbu x13, 25(x11)	0x3d94	0xe003	0x2000	c.lbu
2	1402	c.lbu	13	11	26	c.lbu x13, 26(x11)	0x2db4	0xe003	0x2000	c.lbu
2	1403	c.lbu	13	11	27	c.lbu x13, 27(x11)	0x3db4	0xe003	0x2000	c.lbu
2	1404	c.lbu	13	11	28	c.lbu x13, 28(x11)	0x2dd4	0xe003	0x2000	c.lbu
2	1405	c.lbu	13	11	29	c.lbu x13, 29(x11)	0x3dd4	0xe003	0x2000	c.lbu
2	1406	c.lbu	13	11	30	c.lbu x13, 30(x11)	0x2df4	0xe003	0x2000	c.lbu
2	1407	c.lbu	13	11	31	c.lbu x13, 31(x11)	0x3df4	0xe003	0x2000	c.lbu
2	1408	c.lbu	13	12	0	c.lbu x13, 0(x12)	0x2214	0xe003	0x2000	c.lbu
2	1409	c.lbu	13	12	1	c.lbu x13, 1(x12)	0x3214	0xe003	0x2000	c.lbu
2	1410	c.lbu	13	12	2	c.lbu x13, 2(x12)	0x2234	0xe003	0x2000	c.lbu
2	1411	c.lbu	13	12	3	c.lbu x13, 3(x12)	0x3234	0xe003	0x2000	c.lbu
2	1412	c.lbu	13	12	4	c.lbu x13, 4(x12)	0x2254	0xe003	0x2000	c.lbu
2	1413	c.lbu	13	12	5	c.lbu x13, 5(x12)	0x3254	0xe003	0x2000	c.lbu
2	1414	c.lbu	13	12	6	c.lbu x13, 6(x12)	0x2274	0xe003	0x2000	c.lbu
2	1415	c.lbu	13	12	7	c.lbu x13, 7(x12)	0x3274	0xe003	0x2000	c.lbu
2	1416	c.lbu	13	12	8	c.lbu x13, 8(x12)	0x2614	0xe003	0x2000	c.lbu
2	1417	c.lbu	13	12	9	c.lbu x13, 9(x12)	0x3614	0xe003	0x2000	c.lbu
2	1418	c.lbu	13	12	10	c.lbu x13, 10(x12)	0x2634	0xe003	0x2000	c.lbu
2	1419	c.lbu	13	12	11	c.lbu x13, 11(x12)	0x3634	0xe003	0x2000	c.lbu
2	1420	c.lbu	13	12	12	c.lbu x13, 12(x12)	0x2654	0xe003	0x2000	c.lbu
2	1421	c.lbu	13	12	13	c.lbu x13, 13(x12)	0x3654	0xe003	0x2000	c.lbu
2	1422	c.lbu	13	12	14	c.lbu x13, 14(x12)	0x2674	0xe003	0x2000	c.lbu
2	1423	c.lbu	13	12	15	c.lbu x13, 15(x12)	0x3674	0xe003	0x2000	c.lbu
2	1424	c.lbu	13	12	16	c.lbu x13, 16(x12)	0x2a14	0xe003	0x2000	c.lbu
2	1425	c.lbu	13	12	17	c.lbu x13, 17(x12)	0x3a14	0xe003	0x2000	c.lbu
2	1426	c.lbu	13	12	18	c.lbu x13, 18(x12)	0x2a34	0xe003	0x2000	c.lbu
2	1427	c.lbu	13	12	19	c.lbu x13, 19(x12)	0x3a34	0xe003	0x2000	c.lbu
2	1428	c.lbu	13	12	20	c.lbu x13, 20(x12)	0x2a54	0xe003	0x2000	c.lbu
2	1429	c.lbu	13	12	21	c.lbu x13, 21(x12)	0x3a54	0xe003	0x2000	c.lbu
2	1430	c.lbu	13	12	22	c.lbu x13, 22(x12)	0x2a74	0xe003	0x2000	c.lbu
2	1431	c.lbu	13	12	23	c.lbu x13, 23(x12)	0x3a74	0xe003	0x2000	c.lbu
2	1432	c.lbu	13	12	24	c.lbu x13, 24(x12)	0x2e14	0xe003	0x2000	c.lbu
2	1433	c.lbu	13	12	25	c.lbu x13, 25(x12)	0x3e14	0xe003	0x2000	c.lbu
2	1434	c.lbu	13	12	26	c.lbu x13, 26(x12)	0x2e34	0xe003	0x2000	c.lbu
2	1435	c.lbu	13	12	27	c.lbu x13, 27(x12)	0x3e34	0xe003	0x2000	c.lbu
2	1436	c.lbu	13	12	28	c.lbu x13, 28(x12)	0x2e54	0xe003	0x2000	c.lbu
2	1437	c.lbu	13	12	29	c.lbu x13, 29(x12)	0x3e54	0xe003	0x2000	c.lbu
2	1438	c.lbu	13	12	30	c.lbu x13, 30(x12)	0x2e74	0xe003	0x2000	c.lbu
2	1439	c.lbu	13	12	31	c.lbu x13, 31(x12)	0x3e74	0xe003	0x2000	c.lbu
2	1440	c.lbu	13	13	0	c.lbu x13, 0(x13)	0x2294	0xe003	0x2000	c.lbu
2	1441	c.lbu	13	13	1	c.lbu x13, 1(x13)	0x3294	0xe003	0x2000	c.lbu
2	1442	c.lbu	13	13	2	c.lbu x13, 2(x13)	0x22b4	0xe003	0x2000	c.lbu
2	1443	c.lbu	13	13	3	c.lbu x13, 3(x13)	0x32b4	0xe003	0x2000	c.lbu
2	1444	c.lbu	13	13	4	c.lbu x13, 4(x13)	0x22d4	0xe003	0x2000	c.lbu
2	1445	c.lbu	13	13	5	c.lbu x13, 5(x13)	0x32d4	0xe003	0x2000	c.lbu
2	1446	c.lbu	13	13	6	c.lbu x13, 6(x13)	0x22f4	0xe003	0x2000	c.lbu
2	1447	c.lbu	13	13	7	c.lbu x13, 7(x13)	0x32f4	0xe003	0x2000	c.lbu
2	1448	c.lbu	13	13	8	c.lbu x13, 8(x13)	0x2694	0xe003	0x2000	c.lbu
2	1449	c.lbu	13	13	9	c.lbu x13, 9(x13)	0x3694	0xe003	0x2000	c.lbu
2	1450	c.lbu	13	13	10	c.lbu x13, 10(x13)	0x26b4	0xe003	0x2000	c.lbu
2	1451	c.lbu	13	13	11	c.lbu x13, 11(x13)	0x36b4	0xe003	0x2000	c.lbu
2	1452	c.lbu	13	13	12	c.lbu x13, 12(x13)	0x26d4	0xe003	0x2000	c.lbu
2	1453	c.lbu	13	13	13	c.lbu x13, 13(x13)	0x36d4	0xe003	0x2000	c.lbu
2	1454	c.lbu	13	13	14	c.lbu x13, 14(x13)	0x26f4	0xe003	0x2000	c.lbu
2	1455	c.lbu	13	13	15	c.lbu x13, 15(x13)	0x36f4	0xe003	0x2000	c.lbu
2	1456	c.lbu	13	13	16	c.lbu x13, 16(x13)	0x2a94	0xe003	0x2000	c.lbu
2	1457	c.lbu	13	13	17	c.lbu x13, 17(x13)	0x3a94	0xe003	0x2000	c.lbu
2	1458	c.lbu	13	13	18	c.lbu x13, 18(x13)	0x2ab4	0xe003	0x2000	c.lbu
2	1459	c.lbu	13	13	19	c.lbu x13, 19(x13)	0x3ab4	0xe003	0x2000	c.lbu
2	1460	c.lbu	13	13	20	c.lbu x13, 20(x13)	0x2ad4	0xe003	0x2000	c.lbu
2	1461	c.lbu	13	13	21	c.lbu x13, 21(x13)	0x3ad4	0xe003	0x2000	c.lbu
2	1462	c.lbu	13	13	22	c.lbu x13, 22(x13)	0x2af4	0xe003	0x2000	c.lbu
2	1463	c.lbu	13	13	23	c.lbu x13, 23(x13)	0x3af4	0xe003	0x2000	c.lbu
2	1464	c.lbu	13	13	24	c.lbu x13, 24(x13)	0x2e94	0xe003	0x2000	c.lbu
2	1465	c.lbu	13	13	25	c.lbu x13, 25(x13)	0x3e94	0xe003	0x2000	c.lbu
2	1466	c.lbu	13	13	26	c.lbu x13, 26(x13)	0x2eb4	0xe003	0x2000	c.lbu
2	1467	c.lbu	13	13	27	c.lbu x13, 27(x13)	0x3eb4	0xe003	0x2000	c.lbu
2	1468	c.lbu	13	13	28	c.lbu x13, 28(x13)	0x2ed4	0xe003	0x2000	c.lbu
2	1469	c.lbu	13	13	29	c.lbu x13, 29(x13)	0x3ed4	0xe003	0x2000	c.lbu
2	1470	c.lbu	13	13	30	c.lbu x13, 30(x13)	0x2ef4	0xe003	0x2000	c.lbu
2	1471	c.lbu	13	13	31	c.lbu x13, 31(x13)	0x3ef4	0xe003	0x2000	c.lbu
2	1472	c.lbu	13	14	0	c.lbu x13, 0(x14)	0x2314	0xe003	0x2000	c.lbu
2	1473	c.lbu	13	14	1	c.lbu x13, 1(x14)	0x3314	0xe003	0x2000	c.lbu
2	1474	c.lbu	13	14	2	c.lbu x13, 2(x14)	0x2334	0xe003	0x2000	c.lbu
2	1475	c.lbu	13	14	3	c.lbu x13, 3(x14)	0x3334	0xe003	0x2000	c.lbu
2	1476	c.lbu	13	14	4	c.lbu x13, 4(x14)	0x2354	0xe003	0x2000	c.lbu
2	1477	c.lbu	13	14	5	c.lbu x13, 5(x14)	0x3354	0xe003	0x2000	c.lbu
2	1478	c.lbu	13	14	6	c.lbu x13, 6(x14)	0x2374	0xe003	0x2000	c.lbu
2	1479	c.lbu	13	14	7	c.lbu x13, 7(x14)	0x3374	0xe003	0x2000	c.lbu
2	1480	c.lbu	13	14	8	c.lbu x13, 8(x14)	0x2714	0xe003	0x2000	c.lbu
2	1481	c.lbu	13	14	9	c.lbu x13, 9(x14)	0x3714	0xe003	0x2000	c.lbu
2	1482	c.lbu	13	14	10	c.lbu x13, 10(x14)	0x2734	0xe003	0x2000	c.lbu
2	1483	c.lbu	13	14	11	c.lbu x13, 11(x14)	0x3734	0xe003	0x2000	c.lbu
2	1484	c.lbu	13	14	12	c.lbu x13, 12(x14)	0x2754	0xe003	0x2000	c.lbu
2	1485	c.lbu	13	14	13	c.lbu x13, 13(x14)	0x3754	0xe003	0x2000	c.lbu
2	1486	c.lbu	13	14	14	c.lbu x13, 14(x14)	0x2774	0xe003	0x2000	c.lbu
2	1487	c.lbu	13	14	15	c.lbu x13, 15(x14)	0x3774	0xe003	0x2000	c.lbu
2	1488	c.lbu	13	14	16	c.lbu x13, 16(x14)	0x2b14	0xe003	0x2000	c.lbu
2	1489	c.lbu	13	14	17	c.lbu x13, 17(x14)	0x3b14	0xe003	0x2000	c.lbu
2	1490	c.lbu	13	14	18	c.lbu x13, 18(x14)	0x2b34	0xe003	0x2000	c.lbu
2	1491	c.lbu	13	14	19	c.lbu x13, 19(x14)	0x3b34	0xe003	0x2000	c.lbu
2	1492	c.lbu	13	14	20	c.lbu x13, 20(x14)	0x2b54	0xe003	0x2000	c.lbu
2	1493	c.lbu	13	14	21	c.lbu x13, 21(x14)	0x3b54	0xe003	0x2000	c.lbu
2	1494	c.lbu	13	14	22	c.lbu x13, 22(x14)	0x2b74	0xe003	0x2000	c.lbu
2	1495	c.lbu	13	14	23	c.lbu x13, 23(x14)	0x3b74	0xe003	0x2000	c.lbu
2	1496	c.lbu	13	14	24	c.lbu x13, 24(x14)	0x2f14	0xe003	0x2000	c.lbu
2	1497	c.lbu	13	14	25	c.lbu x13, 25(x14)	0x3f14	0xe003	0x2000	c.lbu
2	1498	c.lbu	13	14	26	c.lbu x13, 26(x14)	0x2f34	0xe003	0x2000	c.lbu
2	1499	c.lbu	13	14	27	c.lbu x13, 27(x14)	0x3f34	0xe003	0x2000	c.lbu
2	1500	c.lbu	13	14	28	c.lbu x13, 28(x14)	0x2f54	0xe003	0x2000	c.lbu
2	1501	c.lbu	13	14	29	c.lbu x13, 29(x14)	0x3f54	0xe003	0x2000	c.lbu
2	1502	c.lbu	13	14	30	c.lbu x13, 30(x14)	0x2f74	0xe003	0x2000	c.lbu
2	1503	c.lbu	13	14	31	c.lbu x13, 31(x14)	0x3f74	0xe003	0x2000	c.lbu
2	1504	c.lbu	13	15	0	c.lbu x13, 0(x15)	0x2394	0xe003	0x2000	c.lbu
2	1505	c.lbu	13	15	1	c.lbu x13, 1(x15)	0x3394	0xe003	0x2000	c.lbu
2	1506	c.lbu	13	15	2	c.lbu x13, 2(x15)	0x23b4	0xe003	0x2000	c.lbu
2	1507	c.lbu	13	15	3	c.lbu x13, 3(x15)	0x33b4	0xe003	0x2000	c.lbu
2	1508	c.lbu	13	15	4	c.lbu x13, 4(x15)	0x23d4	0xe003	0x2000	c.lbu
2	1509	c.lbu	13	15	5	c.lbu x13, 5(x15)	0x33d4	0xe003	0x2000	c.lbu
2	1510	c.lbu	13	15	6	c.lbu x13, 6(x15)	0x23f4	0xe003	0x2000	c.lbu
2	1511	c.lbu	13	15	7	c.lbu x13, 7(x15)	0x33f4	0xe003	0x2000	c.lbu
2	1512	c.lbu	13	15	8	c.lbu x13, 8(x15)	0x2794	0xe003	0x2000	c.lbu
2	1513	c.lbu	13	15	9	c.lbu x13, 9(x15)	0x3794	0xe003	0x2000	c.lbu
2	1514	c.lbu	13	15	10	c.lbu x13, 10(x15)	0x27b4	0xe003	0x2000	c.lbu
2	1515	c.lbu	13	15	11	c.lbu x13, 11(x15)	0x37b4	0xe003	0x2000	c.lbu
2	1516	c.lbu	13	15	12	c.lbu x13, 12(x15)	0x27d4	0xe003	0x2000	c.lbu
2	1517	c.lbu	13	15	13	c.lbu x13, 13(x15)	0x37d4	0xe003	0x2000	c.lbu
2	1518	c.lbu	13	15	14	c.lbu x13, 14(x15)	0x27f4	0xe003	0x2000	c.lbu
2	1519	c.lbu	13	15	15	c.lbu x13, 15(x15)	0x37f4	0xe003	0x2000	c.lbu
2	1520	c.lbu	13	15	16	c.lbu x13, 16(x15)	0x2b94	0xe003	0x2000	c.lbu
2	1521	c.lbu	13	15	17	c.lbu x13, 17(x15)	0x3b94	0xe003	0x2000	c.lbu
2	1522	c.lbu	13	15	18	c.lbu x13, 18(x15)	0x2bb4	0xe003	0x2000	c.lbu
2	1523	c.lbu	13	15	19	c.lbu x13, 19(x15)	0x3bb4	0xe003	0x2000	c.lbu
2	1524	c.lbu	13	15	20	c.lbu x13, 20(x15)	0x2bd4	0xe003	0x2000	c.lbu
2	1525	c.lbu	13	15	21	c.lbu x13, 21(x15)	0x3bd4	0xe003	0x2000	c.lbu
2	1526	c.lbu	13	15	22	c.lbu x13, 22(x15)	0x2bf4	0xe003	0x2000	c.lbu
2	1527	c.lbu	13	15	23	c.lbu x13, 23(x15)	0x3bf4	0xe003	0x2000	c.lbu
2	1528	c.lbu	13	15	24	c.lbu x13, 24(x15)	0x2f94	0xe003	0x2000	c.lbu
2	1529	c.lbu	13	15	25	c.lbu x13, 25(x15)	0x3f94	0xe003	0x2000	c.lbu
2	1530	c.lbu	13	15	26	c.lbu x13, 26(x15)	0x2fb4	0xe003	0x2000	c.lbu
2	1531	c.lbu	13	15	27	c.lbu x13, 27(x15)	0x3fb4	0xe003	0x2000	c.lbu
2	1532	c.lbu	13	15	28	c.lbu x13, 28(x15)	0x2fd4	0xe003	0x2000	c.lbu
2	1533	c.lbu	13	15	29	c.lbu x13, 29(x15)	0x3fd4	0xe003	0x2000	c.lbu
2	1534	c.lbu	13	15	30	c.lbu x13, 30(x15)	0x2ff4	0xe003	0x2000	c.lbu
2	1535	c.lbu	13	15	31	c.lbu x13, 31(x15)	0x3ff4	0xe003	0x2000	c.lbu
2	1536	c.lbu	14	8	0	c.lbu x14, 0(x8)	0x2018	0xe003	0x2000	c.lbu
2	1537	c.lbu	14	8	1	c.lbu x14, 1(x8)	0x3018	0xe003	0x2000	c.lbu
2	1538	c.lbu	14	8	2	c.lbu x14, 2(x8)	0x2038	0xe003	0x2000	c.lbu
2	1539	c.lbu	14	8	3	c.lbu x14, 3(x8)	0x3038	0xe003	0x2000	c.lbu
2	1540	c.lbu	14	8	4	c.lbu x14, 4(x8)	0x2058	0xe003	0x2000	c.lbu
2	1541	c.lbu	14	8	5	c.lbu x14, 5(x8)	0x3058	0xe003	0x2000	c.lbu
2	1542	c.lbu	14	8	6	c.lbu x14, 6(x8)	0x2078	0xe003	0x2000	c.lbu
2	1543	c.lbu	14	8	7	c.lbu x14, 7(x8)	0x3078	0xe003	0x2000	c.lbu
2	1544	c.lbu	14	8	8	c.lbu x14, 8(x8)	0x2418	0xe003	0x2000	c.lbu
2	1545	c.lbu	14	8	9	c.lbu x14, 9(x8)	0x3418	0xe003	0x2000	c.lbu
2	1546	c.lbu	14	8	10	c.lbu x14, 10(x8)	0x2438	0xe003	0x2000	c.lbu
2	1547	c.lbu	14	8	11	c.lbu x14, 11(x8)	0x3438	0xe003	0x2000	c.lbu
2	1548	c.lbu	14	8	12	c.lbu x14, 12(x8)	0x2458	0xe003	0x2000	c.lbu
2	1549	c.lbu	14	8	13	c.lbu x14, 13(x8)	0x3458	0xe003	0x2000	c.lbu
2	1550	c.lbu	14	8	14	c.lbu x14, 14(x8)	0x2478	0xe003	0x2000	c.lbu
2	1551	c.lbu	14	8	15	c.lbu x14, 15(x8)	0x3478	0xe003	0x2000	c.lbu
2	1552	c.lbu	14	8	16	c.lbu x14, 16(x8)	0x2818	0xe003	0x2000	c.lbu
2	1553	c.lbu	14	8	17	c.lbu x14, 17(x8)	0x3818	0xe003	0x2000	c.lbu
2	1554	c.lbu	14	8	18	c.lbu x14, 18(x8)	0x2838	0xe003	0x2000	c.lbu
2	1555	c.lbu	14	8	19	c.lbu x14, 19(x8)	0x3838	0xe003	0x2000	c.lbu
2	1556	c.lbu	14	8	20	c.lbu x14, 20(x8)	0x2858	0xe003	0x2000	c.lbu
2	1557	c.lbu	14	8	21	c.lbu x14, 21(x8)	0x3858	0xe003	0x2000	c.lbu
2	1558	c.lbu	14	8	22	c.lbu x14, 22(x8)	0x2878	0xe003	0x2000	c.lbu
2	1559	c.lbu	14	8	23	c.lbu x14, 23(x8)	0x3878	0xe003	0x2000	c.lbu
2	1560	c.lbu	14	8	24	c.lbu x14, 24(x8)	0x2c18	0xe003	0x2000	c.lbu
2	1561	c.lbu	14	8	25	c.lbu x14, 25(x8)	0x3c18	0xe003	0x2000	c.lbu
2	1562	c.lbu	14	8	26	c.lbu x14, 26(x8)	0x2c38	0xe003	0x2000	c.lbu
2	1563	c.lbu	14	8	27	c.lbu x14, 27(x8)	0x3c38	0xe003	0x2000	c.lbu
2	1564	c.lbu	14	8	28	c.lbu x14, 28(x8)	0x2c58	0xe003	0x2000	c.lbu
2	1565	c.lbu	14	8	29	c.lbu x14, 29(x8)	0x3c58	0xe003	0x2000	c.lbu
2	1566	c.lbu	14	8	30	c.lbu x14, 30(x8)	0x2c78	0xe003	0x2000	c.lbu
2	1567	c.lbu	14	8	31	c.lbu x14, 31(x8)	0x3c78	0xe003	0x2000	c.lbu
2	1568	c.lbu	14	9	0	c.lbu x14, 0(x9)	0x2098	0xe003	0x2000	c.lbu
2	1569	c.lbu	14	9	1	c.lbu x14, 1(x9)	0x3098	0xe003	0x2000	c.lbu
2	1570	c.lbu	14	9	2	c.lbu x14, 2(x9)	0x20b8	0xe003	0x2000	c.lbu
2	1571	c.lbu	14	9	3	c.lbu x14, 3(x9)	0x30b8	0xe003	0x2000	c.lbu
2	1572	c.lbu	14	9	4	c.lbu x14, 4(x9)	0x20d8	0xe003	0x2000	c.lbu
2	1573	c.lbu	14	9	5	c.lbu x14, 5(x9)	0x30d8	0xe003	0x2000	c.lbu
2	1574	c.lbu	14	9	6	c.lbu x14, 6(x9)	0x20f8	0xe003	0x2000	c.lbu
2	1575	c.lbu	14	9	7	c.lbu x14, 7(x9)	0x30f8	0xe003	0x2000	c.lbu
2	1576	c.lbu	14	9	8	c.lbu x14, 8(x9)	0x2498	0xe003	0x2000	c.lbu
2	1577	c.lbu	14	9	9	c.lbu x14, 9(x9)	0x3498	0xe003	0x2000	c.lbu
2	1578	c.lbu	14	9	10	c.lbu x14, 10(x9)	0x24b8	0xe003	0x2000	c.lbu
2	1579	c.lbu	14	9	11	c.lbu x14, 11(x9)	0x34b8	0xe003	0x2000	c.lbu
2	1580	c.lbu	14	9	12	c.lbu x14, 12(x9)	0x24d8	0xe003	0x2000	c.lbu
2	1581	c.lbu	14	9	13	c.lbu x14, 13(x9)	0x34d8	0xe003	0x2000	c.lbu
2	1582	c.lbu	14	9	14	c.lbu x14, 14(x9)	0x24f8	0xe003	0x2000	c.lbu
2	1583	c.lbu	14	9	15	c.lbu x14, 15(x9)	0x34f8	0xe003	0x2000	c.lbu
2	1584	c.lbu	14	9	16	c.lbu x14, 16(x9)	0x2898	0xe003	0x2000	c.lbu
2	1585	c.lbu	14	9	17	c.lbu x14, 17(x9)	0x3898	0xe003	0x2000	c.lbu
2	1586	c.lbu	14	9	18	c.lbu x14, 18(x9)	0x28b8	0xe003	0x2000	c.lbu
2	1587	c.lbu	14	9	19	c.lbu x14, 19(x9)	0x38b8	0xe003	0x2000	c.lbu
2	1588	c.lbu	14	9	20	c.lbu x14, 20(x9)	0x28d8	0xe003	0x2000	c.lbu
2	1589	c.lbu	14	9	21	c.lbu x14, 21(x9)	0x38d8	0xe003	0x2000	c.lbu
2	1590	c.lbu	14	9	22	c.lbu x14, 22(x9)	0x28f8	0xe003	0x2000	c.lbu
2	1591	c.lbu	14	9	23	c.lbu x14, 23(x9)	0x38f8	0xe003	0x2000	c.lbu
2	1592	c.lbu	14	9	24	c.lbu x14, 24(x9)	0x2c98	0xe003	0x2000	c.lbu
2	1593	c.lbu	14	9	25	c.lbu x14, 25(x9)	0x3c98	0xe003	0x2000	c.lbu
2	1594	c.lbu	14	9	26	c.lbu x14, 26(x9)	0x2cb8	0xe003	0x2000	c.lbu
2	1595	c.lbu	14	9	27	c.lbu x14, 27(x9)	0x3cb8	0xe003	0x2000	c.lbu
2	1596	c.lbu	14	9	28	c.lbu x14, 28(x9)	0x2cd8	0xe003	0x2000	c.lbu
2	1597	c.lbu	14	9	29	c.lbu x14, 29(x9)	0x3cd8	0xe003	0x2000	c.lbu
2	1598	c.lbu	14	9	30	c.lbu x14, 30(x9)	0x2cf8	0xe003	0x2000	c.lbu
2	1599	c.lbu	14	9	31	c.lbu x14, 31(x9)	0x3cf8	0xe003	0x2000	c.lbu
2	1600	c.lbu	14	10	0	c.lbu x14, 0(x10)	0x2118	0xe003	0x2000	c.lbu
2	1601	c.lbu	14	10	1	c.lbu x14, 1(x10)	0x3118	0xe003	0x2000	c.lbu
2	1602	c.lbu	14	10	2	c.lbu x14, 2(x10)	0x2138	0xe003	0x2000	c.lbu
2	1603	c.lbu	14	10	3	c.lbu x14, 3(x10)	0x3138	0xe003	0x2000	c.lbu
2	1604	c.lbu	14	10	4	c.lbu x14, 4(x10)	0x2158	0xe003	0x2000	c.lbu
2	1605	c.lbu	14	10	5	c.lbu x14, 5(x10)	0x3158	0xe003	0x2000	c.lbu
2	1606	c.lbu	14	10	6	c.lbu x14, 6(x10)	0x2178	0xe003	0x2000	c.lbu
2	1607	c.lbu	14	10	7	c.lbu x14, 7(x10)	0x3178	0xe003	0x2000	c.lbu
2	1608	c.lbu	14	10	8	c.lbu x14, 8(x10)	0x2518	0xe003	0x2000	c.lbu
2	1609	c.lbu	14	10	9	c.lbu x14, 9(x10)	0x3518	0xe003	0x2000	c.lbu
2	1610	c.lbu	14	10	10	c.lbu x14, 10(x10)	0x2538	0xe003	0x2000	c.lbu
2	1611	c.lbu	14	10	11	c.lbu x14, 11(x10)	0x3538	0xe003	0x2000	c.lbu
2	1612	c.lbu	14	10	12	c.lbu x14, 12(x10)	0x2558	0xe003	0x2000	c.lbu
2	1613	c.lbu	14	10	13	c.lbu x14, 13(x10)	0x3558	0xe003	0x2000	c.lbu
2	1614	c.lbu	14	10	14	c.lbu x14, 14(x10)	0x2578	0xe003	0x2000	c.lbu
2	1615	c.lbu	14	10	15	c.lbu x14, 15(x10)	0x3578	0xe003	0x2000	c.lbu
2	1616	c.lbu	14	10	16	c.lbu x14, 16(x10)	0x2918	0xe003	0x2000	c.lbu
2	1617	c.lbu	14	10	17	c.lbu x14, 17(x10)	0x3918	0xe003	0x2000	c.lbu
2	1618	c.lbu	14	10	18	c.lbu x14, 18(x10)	0x2938	0xe003	0x2000	c.lbu
2	1619	c.lbu	14	10	19	c.lbu x14, 19(x10)	0x3938	0xe003	0x2000	c.lbu
2	1620	c.lbu	14	10	20	c.lbu x14, 20(x10)	0x2958	0xe003	0x2000	c.lbu
2	1621	c.lbu	14	10	21	c.lbu x14, 21(x10)	0x3958	0xe003	0x2000	c.lbu
2	1622	c.lbu	14	10	22	c.lbu x14, 22(x10)	0x2978	0xe003	0x2000	c.lbu
2	1623	c.lbu	14	10	23	c.lbu x14, 23(x10)	0x3978	0xe003	0x2000	c.lbu
2	1624	c.lbu	14	10	24	c.lbu x14, 24(x10)	0x2d18	0xe003	0x2000	c.lbu
2	1625	c.lbu	14	10	25	c.lbu x14, 25(x10)	0x3d18	0xe003	0x2000	c.lbu
2	1626	c.lbu	14	10	26	c.lbu x14, 26(x10)	0x2d38	0xe003	0x2000	c.lbu
2	1627	c.lbu	14	10	27	c.lbu x14, 27(x10)	0x3d38	0xe003	0x2000	c.lbu
2	1628	c.lbu	14	10	28	c.lbu x14, 28(x10)	0x2d58	0xe003	0x2000	c.lbu
2	1629	c.lbu	14	10	29	c.lbu x14, 29(x10)	0x3d58	0xe003	0x2000	c.lbu
2	1630	c.lbu	14	10	30	c.lbu x14, 30(x10)	0x2d78	0xe003	0x2000	c.lbu
2	1631	c.lbu	14	10	31	c.lbu x14, 31(x10)	0x3d78	0xe003	0x2000	c.lbu
2	1632	c.lbu	14	11	0	c.lbu x14, 0(x11)	0x2198	0xe003	0x2000	c.lbu
2	1633	c.lbu	14	11	1	c.lbu x14, 1(x11)	0x3198	0xe003	0x2000	c.lbu
2	1634	c.lbu	14	11	2	c.lbu x14, 2(x11)	0x21b8	0xe003	0x2000	c.lbu
2	1635	c.lbu	14	11	3	c.lbu x14, 3(x11)	0x31b8	0xe003	0x2000	c.lbu
2	1636	c.lbu	14	11	4	c.lbu x14, 4(x11)	0x21d8	0xe003	0x2000	c.lbu
2	1637	c.lbu	14	11	5	c.lbu x14, 5(x11)	0x31d8	0xe003	0x2000	c.lbu
2	1638	c.lbu	14	11	6	c.lbu x14, 6(x11)	0x21f8	0xe003	0x2000	c.lbu
2	1639	c.lbu	14	11	7	c.lbu x14, 7(x11)	0x31f8	0xe003	0x2000	c.lbu
2	1640	c.lbu	14	11	8	c.lbu x14, 8(x11)	0x2598	0xe003	0x2000	c.lbu
2	1641	c.lbu	14	11	9	c.lbu x14, 9(x11)	0x3598	0xe003	0x2000	c.lbu
2	1642	c.lbu	14	11	10	c.lbu x14, 10(x11)	0x25b8	0xe003	0x2000	c.lbu
2	1643	c.lbu	14	11	11	c.lbu x14, 11(x11)	0x35b8	0xe003	0x2000	c.lbu
2	1644	c.lbu	14	11	12	c.lbu x14, 12(x11)	0x25d8	0xe003	0x2000	c.lbu
2	1645	c.lbu	14	11	13	c.lbu x14, 13(x11)	0x35d8	0xe003	0x2000	c.lbu
2	1646	c.lbu	14	11	14	c.lbu x14, 14(x11)	0x25f8	0xe003	0x2000	c.lbu
2	1647	c.lbu	14	11	15	c.lbu x14, 15(x11)	0x35f8	0xe003	0x2000	c.lbu
2	1648	c.lbu	14	11	16	c.lbu x14, 16(x11)	0x2998	0xe003	0x2000	c.lbu
2	1649	c.lbu	14	11	17	c.lbu x14, 17(x11)	0x3998	0xe003	0x2000	c.lbu
2	1650	c.lbu	14	11	18	c.lbu x14, 18(x11)	0x29b8	0xe003	0x2000	c.lbu
2	1651	c.lbu	14	11	19	c.lbu x14, 19(x11)	0x39b8	0xe003	0x2000	c.lbu
2	1652	c.lbu	14	11	20	c.lbu x14, 20(x11)	0x29d8	0xe003	0x2000	c.lbu
2	1653	c.lbu	14	11	21	c.lbu x14, 21(x11)	0x39d8	0xe003	0x2000	c.lbu
2	1654	c.lbu	14	11	22	c.lbu x14, 22(x11)	0x29f8	0xe003	0x2000	c.lbu
2	1655	c.lbu	14	11	23	c.lbu x14, 23(x11)	0x39f8	0xe003	0x2000	c.lbu
2	1656	c.lbu	14	11	24	c.lbu x14, 24(x11)	0x2d98	0xe003	0x2000	c.lbu
2	1657	c.lbu	14	11	25	c.lbu x14, 25(x11)	0x3d98	0xe003	0x2000	c.lbu
2	1658	c.lbu	14	11	26	c.lbu x14, 26(x11)	0x2db8	0xe003	0x2000	c.lbu
2	1659	c.lbu	14	11	27	c.lbu x14, 27(x11)	0x3db8	0xe003	0x2000	c.lbu
2	1660	c.lbu	14	11	28	c.lbu x14, 28(x11)	0x2dd8	0xe003	0x2000	c.lbu
2	1661	c.lbu	14	11	29	c.lbu x14, 29(x11)	0x3dd8	0xe003	0x2000	c.lbu
2	1662	c.lbu	14	11	30	c.lbu x14, 30(x11)	0x2df8	0xe003	0x2000	c.lbu
2	1663	c.lbu	14	11	31	c.lbu x14, 31(x11)	0x3df8	0xe003	0x2000	c.lbu
2	1664	c.lbu	14	12	0	c.lbu x14, 0(x12)	0x2218	0xe003	0x2000	c.lbu
2	1665	c.lbu	14	12	1	c.lbu x14, 1(x12)	0x3218	0xe003	0x2000	c.lbu
2	1666	c.lbu	14	12	2	c.lbu x14, 2(x12)	0x2238	0xe003	0x2000	c.lbu
2	1667	c.lbu	14	12	3	c.lbu x14, 3(x12)	0x3238	0xe003	0x2000	c.lbu
2	1668	c.lbu	14	12	4	c.lbu x14, 4(x12)	0x2258	0xe003	0x2000	c.lbu
2	1669	c.lbu	14	12	5	c.lbu x14, 5(x12)	0x3258	0xe003	0x2000	c.lbu
2	1670	c.lbu	14	12	6	c.lbu x14, 6(x12)	0x2278	0xe003	0x2000	c.lbu
2	1671	c.lbu	14	12	7	c.lbu x14, 7(x12)	0x3278	0xe003	0x2000	c.lbu
2	1672	c.lbu	14	12	8	c.lbu x14, 8(x12)	0x2618	0xe003	0x2000	c.lbu
2	1673	c.lbu	14	12	9	c.lbu x14, 9(x12)	0x3618	0xe003	0x2000	c.lbu
2	1674	c.lbu	14	12	10	c.lbu x14, 10(x12)	0x2638	0xe003	0x2000	c.lbu
2	1675	c.lbu	14	12	11	c.lbu x14, 11(x12)	0x3638	0xe003	0x2000	c.lbu
2	1676	c.lbu	14	12	12	c.lbu x14, 12(x12)	0x2658	0xe003	0x2000	c.lbu
2	1677	c.lbu	14	12	13	c.lbu x14, 13(x12)	0x3658	0xe003	0x2000	c.lbu
2	1678	c.lbu	14	12	14	c.lbu x14, 14(x12)	0x2678	0xe003	0x2000	c.lbu
2	1679	c.lbu	14	12	15	c.lbu x14, 15(x12)	0x3678	0xe003	0x2000	c.lbu
2	1680	c.lbu	14	12	16	c.lbu x14, 16(x12)	0x2a18	0xe003	0x2000	c.lbu
2	1681	c.lbu	14	12	17	c.lbu x14, 17(x12)	0x3a18	0xe003	0x2000	c.lbu
2	1682	c.lbu	14	12	18	c.lbu x14, 18(x12)	0x2a38	0xe003	0x2000	c.lbu
2	1683	c.lbu	14	12	19	c.lbu x14, 19(x12)	0x3a38	0xe003	0x2000	c.lbu
2	1684	c.lbu	14	12	20	c.lbu x14, 20(x12)	0x2a58	0xe003	0x2000	c.lbu
2	1685	c.lbu	14	12	21	c.lbu x14, 21(x12)	0x3a58	0xe003	0x2000	c.lbu
2	1686	c.lbu	14	12	22	c.lbu x14, 22(x12)	0x2a78	0xe003	0x2000	c.lbu
2	1687	c.lbu	14	12	23	c.lbu x14, 23(x12)	0x3a78	0xe003	0x2000	c.lbu
2	1688	c.lbu	14	12	24	c.lbu x14, 24(x12)	0x2e18	0xe003	0x2000	c.lbu
2	1689	c.lbu	14	12	25	c.lbu x14, 25(x12)	0x3e18	0xe003	0x2000	c.lbu
2	1690	c.lbu	14	12	26	c.lbu x14, 26(x12)	0x2e38	0xe003	0x2000	c.lbu
2	1691	c.lbu	14	12	27	c.lbu x14, 27(x12)	0x3e38	0xe003	0x2000	c.lbu
2	1692	c.lbu	14	12	28	c.lbu x14, 28(x12)	0x2e58	0xe003	0x2000	c.lbu
2	1693	c.lbu	14	12	29	c.lbu x14, 29(x12)	0x3e58	0xe003	0x2000	c.lbu
2	1694	c.lbu	14	12	30	c.lbu x14, 30(x12)	0x2e78	0xe003	0x2000	c.lbu
2	1695	c.lbu	14	12	31	c.lbu x14, 31(x12)	0x3e78	0xe003	0x2000	c.lbu
2	1696	c.lbu	14	13	0	c.lbu x14, 0(x13)	0x2298	0xe003	0x2000	c.lbu
2	1697	c.lbu	14	13	1	c.lbu x14, 1(x13)	0x3298	0xe003	0x2000	c.lbu
2	1698	c.lbu	14	13	2	c.lbu x14, 2(x13)	0x22b8	0xe003	0x2000	c.lbu
2	1699	c.lbu	14	13	3	c.lbu x14, 3(x13)	0x32b8	0xe003	0x2000	c.lbu
2	1700	c.lbu	14	13	4	c.lbu x14, 4(x13)	0x22d8	0xe003	0x2000	c.lbu
2	1701	c.lbu	14	13	5	c.lbu x14, 5(x13)	0x32d8	0xe003	0x2000	c.lbu
2	1702	c.lbu	14	13	6	c.lbu x14, 6(x13)	0x22f8	0xe003	0x2000	c.lbu
2	1703	c.lbu	14	13	7	c.lbu x14, 7(x13)	0x32f8	0xe003	0x2000	c.lbu
2	1704	c.lbu	14	13	8	c.lbu x14, 8(x13)	0x2698	0xe003	0x2000	c.lbu
2	1705	c.lbu	14	13	9	c.lbu x14, 9(x13)	0x3698	0xe003	0x2000	c.lbu
2	1706	c.lbu	14	13	10	c.lbu x14, 10(x13)	0x26b8	0xe003	0x2000	c.lbu
2	1707	c.lbu	14	13	11	c.lbu x14, 11(x13)	0x36b8	0xe003	0x2000	c.lbu
2	1708	c.lbu	14	13	12	c.lbu x14, 12(x13)	0x26d8	0xe003	0x2000	c.lbu
2	1709	c.lbu	14	13	13	c.lbu x14, 13(x13)	0x36d8	0xe003	0x2000	c.lbu
2	1710	c.lbu	14	13	14	c.lbu x14, 14(x13)	0x26f8	0xe003	0x2000	c.lbu
2	1711	c.lbu	14	13	15	c.lbu x14, 15(x13)	0x36f8	0xe003	0x2000	c.lbu
2	1712	c.lbu	14	13	16	c.lbu x14, 16(x13)	0x2a98	0xe003	0x2000	c.lbu
2	1713	c.lbu	14	13	17	c.lbu x14, 17(x13)	0x3a98	0xe003	0x2000	c.lbu
2	1714	c.lbu	14	13	18	c.lbu x14, 18(x13)	0x2ab8	0xe003	0x2000	c.lbu
2	1715	c.lbu	14	13	19	c.lbu x14, 19(x13)	0x3ab8	0xe003	0x2000	c.lbu
2	1716	c.lbu	14	13	20	c.lbu x14, 20(x13)	0x2ad8	0xe003	0x2000	c.lbu
2	1717	c.lbu	14	13	21	c.lbu x14, 21(x13)	0x3ad8	0xe003	0x2000	c.lbu
2	1718	c.lbu	14	13	22	c.lbu x14, 22(x13)	0x2af8	0xe003	0x2000	c.lbu
2	1719	c.lbu	14	13	23	c.lbu x14, 23(x13)	0x3af8	0xe003	0x2000	c.lbu
2	1720	c.lbu	14	13	24	c.lbu x14, 24(x13)	0x2e98	0xe003	0x2000	c.lbu
2	1721	c.lbu	14	13	25	c.lbu x14, 25(x13)	0x3e98	0xe003	0x2000	c.lbu
2	1722	c.lbu	14	13	26	c.lbu x14, 26(x13)	0x2eb8	0xe003	0x2000	c.lbu
2	1723	c.lbu	14	13	27	c.lbu x14, 27(x13)	0x3eb8	0xe003	0x2000	c.lbu
2	1724	c.lbu	14	13	28	c.lbu x14, 28(x13)	0x2ed8	0xe003	0x2000	c.lbu
2	1725	c.lbu	14	13	29	c.lbu x14, 29(x13)	0x3ed8	0xe003	0x2000	c.lbu
2	1726	c.lbu	14	13	30	c.lbu x14, 30(x13)	0x2ef8	0xe003	0x2000	c.lbu
2	1727	c.lbu	14	13	31	c.lbu x14, 31(x13)	0x3ef8	0xe003	0x2000	c.lbu
2	1728	c.lbu	14	14	0	c.lbu x14, 0(x14)	0x2318	0xe003	0x2000	c.lbu
2	1729	c.lbu	14	14	1	c.lbu x14, 1(x14)	0x3318	0xe003	0x2000	c.lbu
2	1730	c.lbu	14	14	2	c.lbu x14, 2(x14)	0x2338	0xe003	0x2000	c.lbu
2	1731	c.lbu	14	14	3	c.lbu x14, 3(x14)	0x3338	0xe003	0x2000	c.lbu
2	1732	c.lbu	14	14	4	c.lbu x14, 4(x14)	0x2358	0xe003	0x2000	c.lbu
2	1733	c.lbu	14	14	5	c.lbu x14, 5(x14)	0x3358	0xe003	0x2000	c.lbu
2	1734	c.lbu	14	14	6	c.lbu x14, 6(x14)	0x2378	0xe003	0x2000	c.lbu
2	1735	c.lbu	14	14	7	c.lbu x14, 7(x14)	0x3378	0xe003	0x2000	c.lbu
2	1736	c.lbu	14	14	8	c.lbu x14, 8(x14)	0x2718	0xe003	0x2000	c.lbu
2	1737	c.lbu	14	14	9	c.lbu x14, 9(x14)	0x3718	0xe003	0x2000	c.lbu
2	1738	c.lbu	14	14	10	c.lbu x14, 10(x14)	0x2738	0xe003	0x2000	c.lbu
2	1739	c.lbu	14	14	11	c.lbu x14, 11(x14)	0x3738	0xe003	0x2000	c.lbu
2	1740	c.lbu	14	14	12	c.lbu x14, 12(x14)	0x2758	0xe003	0x2000	c.lbu
2	1741	c.lbu	14	14	13	c.lbu x14, 13(x14)	0x3758	0xe003	0x2000	c.lbu
2	1742	c.lbu	14	14	14	c.lbu x14, 14(x14)	0x2778	0xe003	0x2000	c.lbu
2	1743	c.lbu	14	14	15	c.lbu x14, 15(x14)	0x3778	0xe003	0x2000	c.lbu
2	1744	c.lbu	14	14	16	c.lbu x14, 16(x14)	0x2b18	0xe003	0x2000	c.lbu
2	1745	c.lbu	14	14	17	c.lbu x14, 17(x14)	0x3b18	0xe003	0x2000	c.lbu
2	1746	c.lbu	14	14	18	c.lbu x14, 18(x14)	0x2b38	0xe003	0x2000	c.lbu
2	1747	c.lbu	14	14	19	c.lbu x14, 19(x14)	0x3b38	0xe003	0x2000	c.lbu
2	1748	c.lbu	14	14	20	c.lbu x14, 20(x14)	0x2b58	0xe003	0x2000	c.lbu
2	1749	c.lbu	14	14	21	c.lbu x14, 21(x14)	0x3b58	0xe003	0x2000	c.lbu
2	1750	c.lbu	14	14	22	c.lbu x14, 22(x14)	0x2b78	0xe003	0x2000	c.lbu
2	1751	c.lbu	14	14	23	c.lbu x14, 23(x14)	0x3b78	0xe003	0x2000	c.lbu
2	1752	c.lbu	14	14	24	c.lbu x14, 24(x14)	0x2f18	0xe003	0x2000	c.lbu
2	1753	c.lbu	14	14	25	c.lbu x14, 25(x14)	0x3f18	0xe003	0x2000	c.lbu
2	1754	c.lbu	14	14	26	c.lbu x14, 26(x14)	0x2f38	0xe003	0x2000	c.lbu
2	1755	c.lbu	14	14	27	c.lbu x14, 27(x14)	0x3f38	0xe003	0x2000	c.lbu
2	1756	c.lbu	14	14	28	c.lbu x14, 28(x14)	0x2f58	0xe003	0x2000	c.lbu
2	1757	c.lbu	14	14	29	c.lbu x14, 29(x14)	0x3f58	0xe003	0x2000	c.lbu
2	1758	c.lbu	14	14	30	c.lbu x14, 30(x14)	0x2f78	0xe003	0x2000	c.lbu
2	1759	c.lbu	14	14	31	c.lbu x14, 31(x14)	0x3f78	0xe003	0x2000	c.lbu
2	1760	c.lbu	14	15	0	c.lbu x14, 0(x15)	0x2398	0xe003	0x2000	c.lbu
2	1761	c.lbu	14	15	1	c.lbu x14, 1(x15)	0x3398	0xe003	0x2000	c.lbu
2	1762	c.lbu	14	15	2	c.lbu x14, 2(x15)	0x23b8	0xe003	0x2000	c.lbu
2	1763	c.lbu	14	15	3	c.lbu x14, 3(x15)	0x33b8	0xe003	0x2000	c.lbu
2	1764	c.lbu	14	15	4	c.lbu x14, 4(x15)	0x23d8	0xe003	0x2000	c.lbu
2	1765	c.lbu	14	15	5	c.lbu x14, 5(x15)	0x33d8	0xe003	0x2000	c.lbu
2	1766	c.lbu	14	15	6	c.lbu x14, 6(x15)	0x23f8	0xe003	0x2000	c.lbu
2	1767	c.lbu	14	15	7	c.lbu x14, 7(x15)	0x33f8	0xe003	0x2000	c.lbu
2	1768	c.lbu	14	15	8	c.lbu x14, 8(x15)	0x2798	0xe003	0x2000	c.lbu
2	1769	c.lbu	14	15	9	c.lbu x14, 9(x15)	0x3798	0xe003	0x2000	c.lbu
2	1770	c.lbu	14	15	10	c.lbu x14, 10(x15)	0x27b8	0xe003	0x2000	c.lbu
2	1771	c.lbu	14	15	11	c.lbu x14, 11(x15)	0x37b8	0xe003	0x2000	c.lbu
2	1772	c.lbu	14	15	12	c.lbu x14, 12(x15)	0x27d8	0xe003	0x2000	c.lbu
2	1773	c.lbu	14	15	13	c.lbu x14, 13(x15)	0x37d8	0xe003	0x2000	c.lbu
2	1774	c.lbu	14	15	14	c.lbu x14, 14(x15)	0x27f8	0xe003	0x2000	c.lbu
2	1775	c.lbu	14	15	15	c.lbu x14, 15(x15)	0x37f8	0xe003	0x2000	c.lbu
2	1776	c.lbu	14	15	16	c.lbu x14, 16(x15)	0x2b98	0xe003	0x2000	c.lbu
2	1777	c.lbu	14	15	17	c.lbu x14, 17(x15)	0x3b98	0xe003	0x2000	c.lbu
2	1778	c.lbu	14	15	18	c.lbu x14, 18(x15)	0x2bb8	0xe003	0x2000	c.lbu
2	1779	c.lbu	14	15	19	c.lbu x14, 19(x15)	0x3bb8	0xe003	0x2000	c.lbu
2	1780	c.lbu	14	15	20	c.lbu x14, 20(x15)	0x2bd8	0xe003	0x2000	c.lbu
2	1781	c.lbu	14	15	21	c.lbu x14, 21(x15)	0x3bd8	0xe003	0x2000	c.lbu
2	1782	c.lbu	14	15	22	c.lbu x14, 22(x15)	0x2bf8	0xe003	0x2000	c.lbu
2	1783	c.lbu	14	15	23	c.lbu x14, 23(x15)	0x3bf8	0xe003	0x2000	c.lbu
2	1784	c.lbu	14	15	24	c.lbu x14, 24(x15)	0x2f98	0xe003	0x2000	c.lbu
2	1785	c.lbu	14	15	25	c.lbu x14, 25(x15)	0x3f98	0xe003	0x2000	c.lbu
2	1786	c.lbu	14	15	26	c.lbu x14, 26(x15)	0x2fb8	0xe003	0x2000	c.lbu
2	1787	c.lbu	14	15	27	c.lbu x14, 27(x15)	0x3fb8	0xe003	0x2000	c.lbu
2	1788	c.lbu	14	15	28	c.lbu x14, 28(x15)	0x2fd8	0xe003	0x2000	c.lbu
2	1789	c.lbu	14	15	29	c.lbu x14, 29(x15)	0x3fd8	0xe003	0x2000	c.lbu
2	1790	c.lbu	14	15	30	c.lbu x14, 30(x15)	0x2ff8	0xe003	0x2000	c.lbu
2	1791	c.lbu	14	15	31	c.lbu x14, 31(x15)	0x3ff8	0xe003	0x2000	c.lbu
2	1792	c.lbu	15	8	0	c.lbu x15, 0(x8)	0x201c	0xe003	0x2000	c.lbu
2	1793	c.lbu	15	8	1	c.lbu x15, 1(x8)	0x301c	0xe003	0x2000	c.lbu
2	1794	c.lbu	15	8	2	c.lbu x15, 2(x8)	0x203c	0xe003	0x2000	c.lbu
2	1795	c.lbu	15	8	3	c.lbu x15, 3(x8)	0x303c	0xe003	0x2000	c.lbu
2	1796	c.lbu	15	8	4	c.lbu x15, 4(x8)	0x205c	0xe003	0x2000	c.lbu
2	1797	c.lbu	15	8	5	c.lbu x15, 5(x8)	0x305c	0xe003	0x2000	c.lbu
2	1798	c.lbu	15	8	6	c.lbu x15, 6(x8)	0x207c	0xe003	0x2000	c.lbu
2	1799	c.lbu	15	8	7	c.lbu x15, 7(x8)	0x307c	0xe003	0x2000	c.lbu
2	1800	c.lbu	15	8	8	c.lbu x15, 8(x8)	0x241c	0xe003	0x2000	c.lbu
2	1801	c.lbu	15	8	9	c.lbu x15, 9(x8)	0x341c	0xe003	0x2000	c.lbu
2	1802	c.lbu	15	8	10	c.lbu x15, 10(x8)	0x243c	0xe003	0x2000	c.lbu
2	1803	c.lbu	15	8	11	c.lbu x15, 11(x8)	0x343c	0xe003	0x2000	c.lbu
2	1804	c.lbu	15	8	12	c.lbu x15, 12(x8)	0x245c	0xe003	0x2000	c.lbu
2	1805	c.lbu	15	8	13	c.lbu x15, 13(x8)	0x345c	0xe003	0x2000	c.lbu
2	1806	c.lbu	15	8	14	c.lbu x15, 14(x8)	0x247c	0xe003	0x2000	c.lbu
2	1807	c.lbu	15	8	15	c.lbu x15, 15(x8)	0x347c	0xe003	0x2000	c.lbu
2	1808	c.lbu	15	8	16	c.lbu x15, 16(x8)	0x281c	0xe003	0x2000	c.lbu
2	1809	c.lbu	15	8	17	c.lbu x15, 17(x8)	0x381c	0xe003	0x2000	c.lbu
2	1810	c.lbu	15	8	18	c.lbu x15, 18(x8)	0x283c	0xe003	0x2000	c.lbu
2	1811	c.lbu	15	8	19	c.lbu x15, 19(x8)	0x383c	0xe003	0x2000	c.lbu
2	1812	c.lbu	15	8	20	c.lbu x15, 20(x8)	0x285c	0xe003	0x2000	c.lbu
2	1813	c.lbu	15	8	21	c.lbu x15, 21(x8)	0x385c	0xe003	0x2000	c.lbu
2	1814	c.lbu	15	8	22	c.lbu x15, 22(x8)	0x287c	0xe003	0x2000	c.lbu
2	1815	c.lbu	15	8	23	c.lbu x15, 23(x8)	0x387c	0xe003	0x2000	c.lbu
2	1816	c.lbu	15	8	24	c.lbu x15, 24(x8)	0x2c1c	0xe003	0x2000	c.lbu
2	1817	c.lbu	15	8	25	c.lbu x15, 25(x8)	0x3c1c	0xe003	0x2000	c.lbu
2	1818	c.lbu	15	8	26	c.lbu x15, 26(x8)	0x2c3c	0xe003	0x2000	c.lbu
2	1819	c.lbu	15	8	27	c.lbu x15, 27(x8)	0x3c3c	0xe003	0x2000	c.lbu
2	1820	c.lbu	15	8	28	c.lbu x15, 28(x8)	0x2c5c	0xe003	0x2000	c.lbu
2	1821	c.lbu	15	8	29	c.lbu x15, 29(x8)	0x3c5c	0xe003	0x2000	c.lbu
2	1822	c.lbu	15	8	30	c.lbu x15, 30(x8)	0x2c7c	0xe003	0x2000	c.lbu
2	1823	c.lbu	15	8	31	c.lbu x15, 31(x8)	0x3c7c	0xe003	0x2000	c.lbu
2	1824	c.lbu	15	9	0	c.lbu x15, 0(x9)	0x209c	0xe003	0x2000	c.lbu
2	1825	c.lbu	15	9	1	c.lbu x15, 1(x9)	0x309c	0xe003	0x2000	c.lbu
2	1826	c.lbu	15	9	2	c.lbu x15, 2(x9)	0x20bc	0xe003	0x2000	c.lbu
2	1827	c.lbu	15	9	3	c.lbu x15, 3(x9)	0x30bc	0xe003	0x2000	c.lbu
2	1828	c.lbu	15	9	4	c.lbu x15, 4(x9)	0x20dc	0xe003	0x2000	c.lbu
2	1829	c.lbu	15	9	5	c.lbu x15, 5(x9)	0x30dc	0xe003	0x2000	c.lbu
2	1830	c.lbu	15	9	6	c.lbu x15, 6(x9)	0x20fc	0xe003	0x2000	c.lbu
2	1831	c.lbu	15	9	7	c.lbu x15, 7(x9)	0x30fc	0xe003	0x2000	c.lbu
2	1832	c.lbu	15	9	8	c.lbu x15, 8(x9)	0x249c	0xe003	0x2000	c.lbu
2	1833	c.lbu	15	9	9	c.lbu x15, 9(x9)	0x349c	0xe003	0x2000	c.lbu
2	1834	c.lbu	15	9	10	c.lbu x15, 10(x9)	0x24bc	0xe003	0x2000	c.lbu
2	1835	c.lbu	15	9	11	c.lbu x15, 11(x9)	0x34bc	0xe003	0x2000	c.lbu
2	1836	c.lbu	15	9	12	c.lbu x15, 12(x9)	0x24dc	0xe003	0x2000	c.lbu
2	1837	c.lbu	15	9	13	c.lbu x15, 13(x9)	0x34dc	0xe003	0x2000	c.lbu
2	1838	c.lbu	15	9	14	c.lbu x15, 14(x9)	0x24fc	0xe003	0x2000	c.lbu
2	1839	c.lbu	15	9	15	c.lbu x15, 15(x9)	0x34fc	0xe003	0x2000	c.lbu
2	1840	c.lbu	15	9	16	c.lbu x15, 16(x9)	0x289c	0xe003	0x2000	c.lbu
2	1841	c.lbu	15	9	17	c.lbu x15, 17(x9)	0x389c	0xe003	0x2000	c.lbu
2	1842	c.lbu	15	9	18	c.lbu x15, 18(x9)	0x28bc	0xe003	0x2000	c.lbu
2	1843	c.lbu	15	9	19	c.lbu x15, 19(x9)	0x38bc	0xe003	0x2000	c.lbu
2	1844	c.lbu	15	9	20	c.lbu x15, 20(x9)	0x28dc	0xe003	0x2000	c.lbu
2	1845	c.lbu	15	9	21	c.lbu x15, 21(x9)	0x38dc	0xe003	0x2000	c.lbu
2	1846	c.lbu	15	9	22	c.lbu x15, 22(x9)	0x28fc	0xe003	0x2000	c.lbu
2	1847	c.lbu	15	9	23	c.lbu x15, 23(x9)	0x38fc	0xe003	0x2000	c.lbu
2	1848	c.lbu	15	9	24	c.lbu x15, 24(x9)	0x2c9c	0xe003	0x2000	c.lbu
2	1849	c.lbu	15	9	25	c.lbu x15, 25(x9)	0x3c9c	0xe003	0x2000	c.lbu
2	1850	c.lbu	15	9	26	c.lbu x15, 26(x9)	0x2cbc	0xe003	0x2000	c.lbu
2	1851	c.lbu	15	9	27	c.lbu x15, 27(x9)	0x3cbc	0xe003	0x2000	c.lbu
2	1852	c.lbu	15	9	28	c.lbu x15, 28(x9)	0x2cdc	0xe003	0x2000	c.lbu
2	1853	c.lbu	15	9	29	c.lbu x15, 29(x9)	0x3cdc	0xe003	0x2000	c.lbu
2	1854	c.lbu	15	9	30	c.lbu x15, 30(x9)	0x2cfc	0xe003	0x2000	c.lbu
2	1855	c.lbu	15	9	31	c.lbu x15, 31(x9)	0x3cfc	0xe003	0x2000	c.lbu
2	1856	c.lbu	15	10	0	c.lbu x15, 0(x10)	0x211c	0xe003	0x2000	c.lbu
2	1857	c.lbu	15	10	1	c.lbu x15, 1(x10)	0x311c	0xe003	0x2000	c.lbu
2	1858	c.lbu	15	10	2	c.lbu x15, 2(x10)	0x213c	0xe003	0x2000	c.lbu
2	1859	c.lbu	15	10	3	c.lbu x15, 3(x10)	0x313c	0xe003	0x2000	c.lbu
2	1860	c.lbu	15	10	4	c.lbu x15, 4(x10)	0x215c	0xe003	0x2000	c.lbu
2	1861	c.lbu	15	10	5	c.lbu x15, 5(x10)	0x315c	0xe003	0x2000	c.lbu
2	1862	c.lbu	15	10	6	c.lbu x15, 6(x10)	0x217c	0xe003	0x2000	c.lbu
2	1863	c.lbu	15	10	7	c.lbu x15, 7(x10)	0x317c	0xe003	0x2000	c.lbu
2	1864	c.lbu	15	10	8	c.lbu x15, 8(x10)	0x251c	0xe003	0x2000	c.lbu
2	1865	c.lbu	15	10	9	c.lbu x15, 9(x10)	0x351c	0xe003	0x2000	c.lbu
2	1866	c.lbu	15	10	10	c.lbu x15, 10(x10)	0x253c	0xe003	0x2000	c.lbu
2	1867	c.lbu	15	10	11	c.lbu x15, 11(x10)	0x353c	0xe003	0x2000	c.lbu
2	1868	c.lbu	15	10	12	c.lbu x15, 12(x10)	0x255c	0xe003	0x2000	c.lbu
2	1869	c.lbu	15	10	13	c.lbu x15, 13(x10)	0x355c	0xe003	0x2000	c.lbu
2	1870	c.lbu	15	10	14	c.lbu x15, 14(x10)	0x257c	0xe003	0x2000	c.lbu
2	1871	c.lbu	15	10	15	c.lbu x15, 15(x10)	0x357c	0xe003	0x2000	c.lbu
2	1872	c.lbu	15	10	16	c.lbu x15, 16(x10)	0x291c	0xe003	0x2000	c.lbu
2	1873	c.lbu	15	10	17	c.lbu x15, 17(x10)	0x391c	0xe003	0x2000	c.lbu
2	1874	c.lbu	15	10	18	c.lbu x15, 18(x10)	0x293c	0xe003	0x2000	c.lbu
2	1875	c.lbu	15	10	19	c.lbu x15, 19(x10)	0x393c	0xe003	0x2000	c.lbu
2	1876	c.lbu	15	10	20	c.lbu x15, 20(x10)	0x295c	0xe003	0x2000	c.lbu
2	1877	c.lbu	15	10	21	c.lbu x15, 21(x10)	0x395c	0xe003	0x2000	c.lbu
2	1878	c.lbu	15	10	22	c.lbu x15, 22(x10)	0x297c	0xe003	0x2000	c.lbu
2	1879	c.lbu	15	10	23	c.lbu x15, 23(x10)	0x397c	0xe003	0x2000	c.lbu
2	1880	c.lbu	15	10	24	c.lbu x15, 24(x10)	0x2d1c	0xe003	0x2000	c.lbu
2	1881	c.lbu	15	10	25	c.lbu x15, 25(x10)	0x3d1c	0xe003	0x2000	c.lbu
2	1882	c.lbu	15	10	26	c.lbu x15, 26(x10)	0x2d3c	0xe003	0x2000	c.lbu
2	1883	c.lbu	15	10	27	c.lbu x15, 27(x10)	0x3d3c	0xe003	0x2000	c.lbu
2	1884	c.lbu	15	10	28	c.lbu x15, 28(x10)	0x2d5c	0xe003	0x2000	c.lbu
2	1885	c.lbu	15	10	29	c.lbu x15, 29(x10)	0x3d5c	0xe003	0x2000	c.lbu
2	1886	c.lbu	15	10	30	c.lbu x15, 30(x10)	0x2d7c	0xe003	0x2000	c.lbu
2	1887	c.lbu	15	10	31	c.lbu x15, 31(x10)	0x3d7c	0xe003	0x2000	c.lbu
2	1888	c.lbu	15	11	0	c.lbu x15, 0(x11)	0x219c	0xe003	0x2000	c.lbu
2	1889	c.lbu	15	11	1	c.lbu x15, 1(x11)	0x319c	0xe003	0x2000	c.lbu
2	1890	c.lbu	15	11	2	c.lbu x15, 2(x11)	0x21bc	0xe003	0x2000	c.lbu
2	1891	c.lbu	15	11	3	c.lbu x15, 3(x11)	0x31bc	0xe003	0x2000	c.lbu
2	1892	c.lbu	15	11	4	c.lbu x15, 4(x11)	0x21dc	0xe003	0x2000	c.lbu
2	1893	c.lbu	15	11	5	c.lbu x15, 5(x11)	0x31dc	0xe003	0x2000	c.lbu
2	1894	c.lbu	15	11	6	c.lbu x15, 6(x11)	0x21fc	0xe003	0x2000	c.lbu
2	1895	c.lbu	15	11	7	c.lbu x15, 7(x11)	0x31fc	0xe003	0x2000	c.lbu
2	1896	c.lbu	15	11	8	c.lbu x15, 8(x11)	0x259c	0xe003	0x2000	c.lbu
2	1897	c.lbu	15	11	9	c.lbu x15, 9(x11)	0x359c	0xe003	0x2000	c.lbu
2	1898	c.lbu	15	11	10	c.lbu x15, 10(x11)	0x25bc	0xe003	0x2000	c.lbu
2	1899	c.lbu	15	11	11	c.lbu x15, 11(x11)	0x35bc	0xe003	0x2000	c.lbu
2	1900	c.lbu	15	11	12	c.lbu x15, 12(x11)	0x25dc	0xe003	0x2000	c.lbu
2	1901	c.lbu	15	11	13	c.lbu x15, 13(x11)	0x35dc	0xe003	0x2000	c.lbu
2	1902	c.lbu	15	11	14	c.lbu x15, 14(x11)	0x25fc	0xe003	0x2000	c.lbu
2	1903	c.lbu	15	11	15	c.lbu x15, 15(x11)	0x35fc	0xe003	0x2000	c.lbu
2	1904	c.lbu	15	11	16	c.lbu x15, 16(x11)	0x299c	0xe003	0x2000	c.lbu
2	1905	c.lbu	15	11	17	c.lbu x15, 17(x11)	0x399c	0xe003	0x2000	c.lbu
2	1906	c.lbu	15	11	18	c.lbu x15, 18(x11)	0x29bc	0xe003	0x2000	c.lbu
2	1907	c.lbu	15	11	19	c.lbu x15, 19(x11)	0x39bc	0xe003	0x2000	c.lbu
2	1908	c.lbu	15	11	20	c.lbu x15, 20(x11)	0x29dc	0xe003	0x2000	c.lbu
2	1909	c.lbu	15	11	21	c.lbu x15, 21(x11)	0x39dc	0xe003	0x2000	c.lbu
2	1910	c.lbu	15	11	22	c.lbu x15, 22(x11)	0x29fc	0xe003	0x2000	c.lbu
2	1911	c.lbu	15	11	23	c.lbu x15, 23(x11)	0x39fc	0xe003	0x2000	c.lbu
2	1912	c.lbu	15	11	24	c.lbu x15, 24(x11)	0x2d9c	0xe003	0x2000	c.lbu
2	1913	c.lbu	15	11	25	c.lbu x15, 25(x11)	0x3d9c	0xe003	0x2000	c.lbu
2	1914	c.lbu	15	11	26	c.lbu x15, 26(x11)	0x2dbc	0xe003	0x2000	c.lbu
2	1915	c.lbu	15	11	27	c.lbu x15, 27(x11)	0x3dbc	0xe003	0x2000	c.lbu
2	1916	c.lbu	15	11	28	c.lbu x15, 28(x11)	0x2ddc	0xe003	0x2000	c.lbu
2	1917	c.lbu	15	11	29	c.lbu x15, 29(x11)	0x3ddc	0xe003	0x2000	c.lbu
2	1918	c.lbu	15	11	30	c.lbu x15, 30(x11)	0x2dfc	0xe003	0x2000	c.lbu
2	1919	c.lbu	15	11	31	c.lbu x15, 31(x11)	0x3dfc	0xe003	0x2000	c.lbu
2	1920	c.lbu	15	12	0	c.lbu x15, 0(x12)	0x221c	0xe003	0x2000	c.lbu
2	1921	c.lbu	15	12	1	c.lbu x15, 1(x12)	0x321c	0xe003	0x2000	c.lbu
2	1922	c.lbu	15	12	2	c.lbu x15, 2(x12)	0x223c	0xe003	0x2000	c.lbu
2	1923	c.lbu	15	12	3	c.lbu x15, 3(x12)	0x323c	0xe003	0x2000	c.lbu
2	1924	c.lbu	15	12	4	c.lbu x15, 4(x12)	0x225c	0xe003	0x2000	c.lbu
2	1925	c.lbu	15	12	5	c.lbu x15, 5(x12)	0x325c	0xe003	0x2000	c.lbu
2	1926	c.lbu	15	12	6	c.lbu x15, 6(x12)	0x227c	0xe003	0x2000	c.lbu
2	1927	c.lbu	15	12	7	c.lbu x15, 7(x12)	0x327c	0xe003	0x2000	c.lbu
2	1928	c.lbu	15	12	8	c.lbu x15, 8(x12)	0x261c	0xe003	0x2000	c.lbu
2	1929	c.lbu	15	12	9	c.lbu x15, 9(x12)	0x361c	0xe003	0x2000	c.lbu
2	1930	c.lbu	15	12	10	c.lbu x15, 10(x12)	0x263c	0xe003	0x2000	c.lbu
2	1931	c.lbu	15	12	11	c.lbu x15, 11(x12)	0x363c	0xe003	0x2000	c.lbu
2	1932	c.lbu	15	12	12	c.lbu x15, 12(x12)	0x265c	0xe003	0x2000	c.lbu
2	1933	c.lbu	15	12	13	c.lbu x15, 13(x12)	0x365c	0xe003	0x2000	c.lbu
2	1934	c.lbu	15	12	14	c.lbu x15, 14(x12)	0x267c	0xe003	0x2000	c.lbu
2	1935	c.lbu	15	12	15	c.lbu x15, 15(x12)	0x367c	0xe003	0x2000	c.lbu
2	1936	c.lbu	15	12	16	c.lbu x15, 16(x12)	0x2a1c	0xe003	0x2000	c.lbu
2	1937	c.lbu	15	12	17	c.lbu x15, 17(x12)	0x3a1c	0xe003	0x2000	c.lbu
2	1938	c.lbu	15	12	18	c.lbu x15, 18(x12)	0x2a3c	0xe003	0x2000	c.lbu
2	1939	c.lbu	15	12	19	c.lbu x15, 19(x12)	0x3a3c	0xe003	0x2000	c.lbu
2	1940	c.lbu	15	12	20	c.lbu x15, 20(x12)	0x2a5c	0xe003	0x2000	c.lbu
2	1941	c.lbu	15	12	21	c.lbu x15, 21(x12)	0x3a5c	0xe003	0x2000	c.lbu
2	1942	c.lbu	15	12	22	c.lbu x15, 22(x12)	0x2a7c	0xe003	0x2000	c.lbu
2	1943	c.lbu	15	12	23	c.lbu x15, 23(x12)	0x3a7c	0xe003	0x2000	c.lbu
2	1944	c.lbu	15	12	24	c.lbu x15, 24(x12)	0x2e1c	0xe003	0x2000	c.lbu
2	1945	c.lbu	15	12	25	c.lbu x15, 25(x12)	0x3e1c	0xe003	0x2000	c.lbu
2	1946	c.lbu	15	12	26	c.lbu x15, 26(x12)	0x2e3c	0xe003	0x2000	c.lbu
2	1947	c.lbu	15	12	27	c.lbu x15, 27(x12)	0x3e3c	0xe003	0x2000	c.lbu
2	1948	c.lbu	15	12	28	c.lbu x15, 28(x12)	0x2e5c	0xe003	0x2000	c.lbu
2	1949	c.lbu	15	12	29	c.lbu x15, 29(x12)	0x3e5c	0xe003	0x2000	c.lbu
2	1950	c.lbu	15	12	30	c.lbu x15, 30(x12)	0x2e7c	0xe003	0x2000	c.lbu
2	1951	c.lbu	15	12	31	c.lbu x15, 31(x12)	0x3e7c	0xe003	0x2000	c.lbu
2	1952	c.lbu	15	13	0	c.lbu x15, 0(x13)	0x229c	0xe003	0x2000	c.lbu
2	1953	c.lbu	15	13	1	c.lbu x15, 1(x13)	0x329c	0xe003	0x2000	c.lbu
2	1954	c.lbu	15	13	2	c.lbu x15, 2(x13)	0x22bc	0xe003	0x2000	c.lbu
2	1955	c.lbu	15	13	3	c.lbu x15, 3(x13)	0x32bc	0xe003	0x2000	c.lbu
2	1956	c.lbu	15	13	4	c.lbu x15, 4(x13)	0x22dc	0xe003	0x2000	c.lbu
2	1957	c.lbu	15	13	5	c.lbu x15, 5(x13)	0x32dc	0xe003	0x2000	c.lbu
2	1958	c.lbu	15	13	6	c.lbu x15, 6(x13)	0x22fc	0xe003	0x2000	c.lbu
2	1959	c.lbu	15	13	7	c.lbu x15, 7(x13)	0x32fc	0xe003	0x2000	c.lbu
2	1960	c.lbu	15	13	8	c.lbu x15, 8(x13)	0x269c	0xe003	0x2000	c.lbu
2	1961	c.lbu	15	13	9	c.lbu x15, 9(x13)	0x369c	0xe003	0x2000	c.lbu
2	1962	c.lbu	15	13	10	c.lbu x15, 10(x13)	0x26bc	0xe003	0x2000	c.lbu
2	1963	c.lbu	15	13	11	c.lbu x15, 11(x13)	0x36bc	0xe003	0x2000	c.lbu
2	1964	c.lbu	15	13	12	c.lbu x15, 12(x13)	0x26dc	0xe003	0x2000	c.lbu
2	1965	c.lbu	15	13	13	c.lbu x15, 13(x13)	0x36dc	0xe003	0x2000	c.lbu
2	1966	c.lbu	15	13	14	c.lbu x15, 14(x13)	0x26fc	0xe003	0x2000	c.lbu
2	1967	c.lbu	15	13	15	c.lbu x15, 15(x13)	0x36fc	0xe003	0x2000	c.lbu
2	1968	c.lbu	15	13	16	c.lbu x15, 16(x13)	0x2a9c	0xe003	0x2000	c.lbu
2	1969	c.lbu	15	13	17	c.lbu x15, 17(x13)	0x3a9c	0xe003	0x2000	c.lbu
2	1970	c.lbu	15	13	18	c.lbu x15, 18(x13)	0x2abc	0xe003	0x2000	c.lbu
2	1971	c.lbu	15	13	19	c.lbu x15, 19(x13)	0x3abc	0xe003	0x2000	c.lbu
2	1972	c.lbu	15	13	20	c.lbu x15, 20(x13)	0x2adc	0xe003	0x2000	c.lbu
2	1973	c.lbu	15	13	21	c.lbu x15, 21(x13)	0x3adc	0xe003	0x2000	c.lbu
2	1974	c.lbu	15	13	22	c.lbu x15, 22(x13)	0x2afc	0xe003	0x2000	c.lbu
2	1975	c.lbu	15	13	23	c.lbu x15, 23(x13)	0x3afc	0xe003	0x2000	c.lbu
2	1976	c.lbu	15	13	24	c.lbu x15, 24(x13)	0x2e9c	0xe003	0x2000	c.lbu
2	1977	c.lbu	15	13	25	c.lbu x15, 25(x13)	0x3e9c	0xe003	0x2000	c.lbu
2	1978	c.lbu	15	13	26	c.lbu x15, 26(x13)	0x2ebc	0xe003	0x2000	c.lbu
2	1979	c.lbu	15	13	27	c.lbu x15, 27(x13)	0x3ebc	0xe003	0x2000	c.lbu
2	1980	c.lbu	15	13	28	c.lbu x15, 28(x13)	0x2edc	0xe003	0x2000	c.lbu
2	1981	c.lbu	15	13	29	c.lbu x15, 29(x13)	0x3edc	0xe003	0x2000	c.lbu
2	1982	c.lbu	15	13	30	c.lbu x15, 30(x13)	0x2efc	0xe003	0x2000	c.lbu
2	1983	c.lbu	15	13	31	c.lbu x15, 31(x13)	0x3efc	0xe003	0x2000	c.lbu
2	1984	c.lbu	15	14	0	c.lbu x15, 0(x14)	0x231c	0xe003	0x2000	c.lbu
2	1985	c.lbu	15	14	1	c.lbu x15, 1(x14)	0x331c	0xe003	0x2000	c.lbu
2	1986	c.lbu	15	14	2	c.lbu x15, 2(x14)	0x233c	0xe003	0x2000	c.lbu
2	1987	c.lbu	15	14	3	c.lbu x15, 3(x14)	0x333c	0xe003	0x2000	c.lbu
2	1988	c.lbu	15	14	4	c.lbu x15, 4(x14)	0x235c	0xe003	0x2000	c.lbu
2	1989	c.lbu	15	14	5	c.lbu x15, 5(x14)	0x335c	0xe003	0x2000	c.lbu
2	1990	c.lbu	15	14	6	c.lbu x15, 6(x14)	0x237c	0xe003	0x2000	c.lbu
2	1991	c.lbu	15	14	7	c.lbu x15, 7(x14)	0x337c	0xe003	0x2000	c.lbu
2	1992	c.lbu	15	14	8	c.lbu x15, 8(x14)	0x271c	0xe003	0x2000	c.lbu
2	1993	c.lbu	15	14	9	c.lbu x15, 9(x14)	0x371c	0xe003	0x2000	c.lbu
2	1994	c.lbu	15	14	10	c.lbu x15, 10(x14)	0x273c	0xe003	0x2000	c.lbu
2	1995	c.lbu	15	14	11	c.lbu x15, 11(x14)	0x373c	0xe003	0x2000	c.lbu
2	1996	c.lbu	15	14	12	c.lbu x15, 12(x14)	0x275c	0xe003	0x2000	c.lbu
2	1997	c.lbu	15	14	13	c.lbu x15, 13(x14)	0x375c	0xe003	0x2000	c.lbu
2	1998	c.lbu	15	14	14	c.lbu x15, 14(x14)	0x277c	0xe003	0x2000	c.lbu
2	1999	c.lbu	15	14	15	c.lbu x15, 15(x14)	0x377c	0xe003	0x2000	c.lbu
2	2000	c.lbu	15	14	16	c.lbu x15, 16(x14)	0x2b1c	0xe003	0x2000	c.lbu
2	2001	c.lbu	15	14	17	c.lbu x15, 17(x14)	0x3b1c	0xe003	0x2000	c.lbu
2	2002	c.lbu	15	14	18	c.lbu x15, 18(x14)	0x2b3c	0xe003	0x2000	c.lbu
2	2003	c.lbu	15	14	19	c.lbu x15, 19(x14)	0x3b3c	0xe003	0x2000	c.lbu
2	2004	c.lbu	15	14	20	c.lbu x15, 20(x14)	0x2b5c	0xe003	0x2000	c.lbu
2	2005	c.lbu	15	14	21	c.lbu x15, 21(x14)	0x3b5c	0xe003	0x2000	c.lbu
2	2006	c.lbu	15	14	22	c.lbu x15, 22(x14)	0x2b7c	0xe003	0x2000	c.lbu
2	2007	c.lbu	15	14	23	c.lbu x15, 23(x14)	0x3b7c	0xe003	0x2000	c.lbu
2	2008	c.lbu	15	14	24	c.lbu x15, 24(x14)	0x2f1c	0xe003	0x2000	c.lbu
2	2009	c.lbu	15	14	25	c.lbu x15, 25(x14)	0x3f1c	0xe003	0x2000	c.lbu
2	2010	c.lbu	15	14	26	c.lbu x15, 26(x14)	0x2f3c	0xe003	0x2000	c.lbu
2	2011	c.lbu	15	14	27	c.lbu x15, 27(x14)	0x3f3c	0xe003	0x2000	c.lbu
2	2012	c.lbu	15	14	28	c.lbu x15, 28(x14)	0x2f5c	0xe003	0x2000	c.lbu
2	2013	c.lbu	15	14	29	c.lbu x15, 29(x14)	0x3f5c	0xe003	0x2000	c.lbu
2	2014	c.lbu	15	14	30	c.lbu x15, 30(x14)	0x2f7c	0xe003	0x2000	c.lbu
2	2015	c.lbu	15	14	31	c.lbu x15, 31(x14)	0x3f7c	0xe003	0x2000	c.lbu
2	2016	c.lbu	15	15	0	c.lbu x15, 0(x15)	0x239c	0xe003	0x2000	c.lbu
2	2017	c.lbu	15	15	1	c.lbu x15, 1(x15)	0x339c	0xe003	0x2000	c.lbu
2	2018	c.lbu	15	15	2	c.lbu x15, 2(x15)	0x23bc	0xe003	0x2000	c.lbu
2	2019	c.lbu	15	15	3	c.lbu x15, 3(x15)	0x33bc	0xe003	0x2000	c.lbu
2	2020	c.lbu	15	15	4	c.lbu x15, 4(x15)	0x23dc	0xe003	0x2000	c.lbu
2	2021	c.lbu	15	15	5	c.lbu x15, 5(x15)	0x33dc	0xe003	0x2000	c.lbu
2	2022	c.lbu	15	15	6	c.lbu x15, 6(x15)	0x23fc	0xe003	0x2000	c.lbu
2	2023	c.lbu	15	15	7	c.lbu x15, 7(x15)	0x33fc	0xe003	0x2000	c.lbu
2	2024	c.lbu	15	15	8	c.lbu x15, 8(x15)	0x279c	0xe003	0x2000	c.lbu
2	2025	c.lbu	15	15	9	c.lbu x15, 9(x15)	0x379c	0xe003	0x2000	c.lbu
2	2026	c.lbu	15	15	10	c.lbu x15, 10(x15)	0x27bc	0xe003	0x2000	c.lbu
2	2027	c.lbu	15	15	11	c.lbu x15, 11(x15)	0x37bc	0xe003	0x2000	c.lbu
2	2028	c.lbu	15	15	12	c.lbu x15, 12(x15)	0x27dc	0xe003	0x2000	c.lbu
2	2029	c.lbu	15	15	13	c.lbu x15, 13(x15)	0x37dc	0xe003	0x2000	c.lbu
2	2030	c.lbu	15	15	14	c.lbu x15, 14(x15)	0x27fc	0xe003	0x2000	c.lbu
2	2031	c.lbu	15	15	15	c.lbu x15, 15(x15)	0x37fc	0xe003	0x2000	c.lbu
2	2032	c.lbu	15	15	16	c.lbu x15, 16(x15)	0x2b9c	0xe003	0x2000	c.lbu
2	2033	c.lbu	15	15	17	c.lbu x15, 17(x15)	0x3b9c	0xe003	0x2000	c.lbu
2	2034	c.lbu	15	15	18	c.lbu x15, 18(x15)	0x2bbc	0xe003	0x2000	c.lbu
2	2035	c.lbu	15	15	19	c.lbu x15, 19(x15)	0x3bbc	0xe003	0x2000	c.lbu
2	2036	c.lbu	15	15	20	c.lbu x15, 20(x15)	0x2bdc	0xe003	0x2000	c.lbu
2	2037	c.lbu	15	15	21	c.lbu x15, 21(x15)	0x3bdc	0xe003	0x2000	c.lbu
2	2038	c.lbu	15	15	22	c.lbu x15, 22(x15)	0x2bfc	0xe003	0x2000	c.lbu
2	2039	c.lbu	15	15	23	c.lbu x15, 23(x15)	0x3bfc	0xe003	0x2000	c.lbu
2	2040	c.lbu	15	15	24	c.lbu x15, 24(x15)	0x2f9c	0xe003	0x2000	c.lbu
2	2041	c.lbu	15	15	25	c.lbu x15, 25(x15)	0x3f9c	0xe003	0x2000	c.lbu
2	2042	c.lbu	15	15	26	c.lbu x15, 26(x15)	0x2fbc	0xe003	0x2000	c.lbu
2	2043	c.lbu	15	15	27	c.lbu x15, 27(x15)	0x3fbc	0xe003	0x2000	c.lbu
2	2044	c.lbu	15	15	28	c.lbu x15, 28(x15)	0x2fdc	0xe003	0x2000	c.lbu
2	2045	c.lbu	15	15	29	c.lbu x15, 29(x15)	0x3fdc	0xe003	0x2000	c.lbu
2	2046	c.lbu	15	15	30	c.lbu x15, 30(x15)	0x2ffc	0xe003	0x2000	c.lbu
2	2047	c.lbu	15	15	31	c.lbu x15, 31(x15)	0x3ffc	0xe003	0x2000	c.lbu
2	2048	c.lhu	8	8	0	c.lhu x8, 0(x8)	0x2002	0xe003	0x2002	c.lhu
2	2049	c.lhu	8	8	2	c.lhu x8, 2(x8)	0x2022	0xe003	0x2002	c.lhu
2	2050	c.lhu	8	8	4	c.lhu x8, 4(x8)	0x2042	0xe003	0x2002	c.lhu
2	2051	c.lhu	8	8	6	c.lhu x8, 6(x8)	0x2062	0xe003	0x2002	c.lhu
2	2052	c.lhu	8	8	8	c.lhu x8, 8(x8)	0x2402	0xe003	0x2002	c.lhu
2	2053	c.lhu	8	8	10	c.lhu x8, 10(x8)	0x2422	0xe003	0x2002	c.lhu
2	2054	c.lhu	8	8	12	c.lhu x8, 12(x8)	0x2442	0xe003	0x2002	c.lhu
2	2055	c.lhu	8	8	14	c.lhu x8, 14(x8)	0x2462	0xe003	0x2002	c.lhu
2	2056	c.lhu	8	8	16	c.lhu x8, 16(x8)	0x2802	0xe003	0x2002	c.lhu
2	2057	c.lhu	8	8	18	c.lhu x8, 18(x8)	0x2822	0xe003	0x2002	c.lhu
2	2058	c.lhu	8	8	20	c.lhu x8, 20(x8)	0x2842	0xe003	0x2002	c.lhu
2	2059	c.lhu	8	8	22	c.lhu x8, 22(x8)	0x2862	0xe003	0x2002	c.lhu
2	2060	c.lhu	8	8	24	c.lhu x8, 24(x8)	0x2c02	0xe003	0x2002	c.lhu
2	2061	c.lhu	8	8	26	c.lhu x8, 26(x8)	0x2c22	0xe003	0x2002	c.lhu
2	2062	c.lhu	8	8	28	c.lhu x8, 28(x8)	0x2c42	0xe003	0x2002	c.lhu
2	2063	c.lhu	8	8	30	c.lhu x8, 30(x8)	0x2c62	0xe003	0x2002	c.lhu
2	2064	c.lhu	8	8	32	c.lhu x8, 32(x8)	0x3002	0xe003	0x2002	c.lhu
2	2065	c.lhu	8	8	34	c.lhu x8, 34(x8)	0x3022	0xe003	0x2002	c.lhu
2	2066	c.lhu	8	8	36	c.lhu x8, 36(x8)	0x3042	0xe003	0x2002	c.lhu
2	2067	c.lhu	8	8	38	c.lhu x8, 38(x8)	0x3062	0xe003	0x2002	c.lhu
2	2068	c.lhu	8	8	40	c.lhu x8, 40(x8)	0x3402	0xe003	0x2002	c.lhu
2	2069	c.lhu	8	8	42	c.lhu x8, 42(x8)	0x3422	0xe003	0x2002	c.lhu
2	2070	c.lhu	8	8	44	c.lhu x8, 44(x8)	0x3442	0xe003	0x2002	c.lhu
2	2071	c.lhu	8	8	46	c.lhu x8, 46(x8)	0x3462	0xe003	0x2002	c.lhu
2	2072	c.lhu	8	8	48	c.lhu x8, 48(x8)	0x3802	0xe003	0x2002	c.lhu
2	2073	c.lhu	8	8	50	c.lhu x8, 50(x8)	0x3822	0xe003	0x2002	c.lhu
2	2074	c.lhu	8	8	52	c.lhu x8, 52(x8)	0x3842	0xe003	0x2002	c.lhu
2	2075	c.lhu	8	8	54	c.lhu x8, 54(x8)	0x3862	0xe003	0x2002	c.lhu
2	2076	c.lhu	8	8	56	c.lhu x8, 56(x8)	0x3c02	0xe003	0x2002	c.lhu
2	2077	c.lhu	8	8	58	c.lhu x8, 58(x8)	0x3c22	0xe003	0x2002	c.lhu
2	2078	c.lhu	8	8	60	c.lhu x8, 60(x8)	0x3c42	0xe003	0x2002	c.lhu
2	2079	c.lhu	8	8	62	c.lhu x8, 62(x8)	0x3c62	0xe003	0x2002	c.lhu
2	2080	c.lhu	8	9	0	c.lhu x8, 0(x9)	0x2082	0xe003	0x2002	c.lhu
2	2081	c.lhu	8	9	2	c.lhu x8, 2(x9)	0x20a2	0xe003	0x2002	c.lhu
2	2082	c.lhu	8	9	4	c.lhu x8, 4(x9)	0x20c2	0xe003	0x2002	c.lhu
2	2083	c.lhu	8	9	6	c.lhu x8, 6(x9)	0x20e2	0xe003	0x2002	c.lhu
2	2084	c.lhu	8	9	8	c.lhu x8, 8(x9)	0x2482	0xe003	0x2002	c.lhu
2	2085	c.lhu	8	9	10	c.lhu x8, 10(x9)	0x24a2	0xe003	0x2002	c.lhu
2	2086	c.lhu	8	9	12	c.lhu x8, 12(x9)	0x24c2	0xe003	0x2002	c.lhu
2	2087	c.lhu	8	9	14	c.lhu x8, 14(x9)	0x24e2	0xe003	0x2002	c.lhu
2	2088	c.lhu	8	9	16	c.lhu x8, 16(x9)	0x2882	0xe003	0x2002	c.lhu
2	2089	c.lhu	8	9	18	c.lhu x8, 18(x9)	0x28a2	0xe003	0x2002	c.lhu
2	2090	c.lhu	8	9	20	c.lhu x8, 20(x9)	0x28c2	0xe003	0x2002	c.lhu
2	2091	c.lhu	8	9	22	c.lhu x8, 22(x9)	0x28e2	0xe003	0x2002	c.lhu
2	2092	c.lhu	8	9	24	c.lhu x8, 24(x9)	0x2c82	0xe003	0x2002	c.lhu
2	2093	c.lhu	8	9	26	c.lhu x8, 26(x9)	0x2ca2	0xe003	0x2002	c.lhu
2	2094	c.lhu	8	9	28	c.lhu x8, 28(x9)	0x2cc2	0xe003	0x2002	c.lhu
2	2095	c.lhu	8	9	30	c.lhu x8, 30(x9)	0x2ce2	0xe003	0x2002	c.lhu
2	2096	c.lhu	8	9	32	c.lhu x8, 32(x9)	0x3082	0xe003	0x2002	c.lhu
2	2097	c.lhu	8	9	34	c.lhu x8, 34(x9)	0x30a2	0xe003	0x2002	c.lhu
2	2098	c.lhu	8	9	36	c.lhu x8, 36(x9)	0x30c2	0xe003	0x2002	c.lhu
2	2099	c.lhu	8	9	38	c.lhu x8, 38(x9)	0x30e2	0xe003	0x2002	c.lhu
2	2100	c.lhu	8	9	40	c.lhu x8, 40(x9)	0x3482	0xe003	0x2002	c.lhu
2	2101	c.lhu	8	9	42	c.lhu x8, 42(x9)	0x34a2	0xe003	0x2002	c.lhu
2	2102	c.lhu	8	9	44	c.lhu x8, 44(x9)	0x34c2	0xe003	0x2002	c.lhu
2	2103	c.lhu	8	9	46	c.lhu x8, 46(x9)	0x34e2	0xe003	0x2002	c.lhu
2	2104	c.lhu	8	9	48	c.lhu x8, 48(x9)	0x3882	0xe003	0x2002	c.lhu
2	2105	c.lhu	8	9	50	c.lhu x8, 50(x9)	0x38a2	0xe003	0x2002	c.lhu
2	2106	c.lhu	8	9	52	c.lhu x8, 52(x9)	0x38c2	0xe003	0x2002	c.lhu
2	2107	c.lhu	8	9	54	c.lhu x8, 54(x9)	0x38e2	0xe003	0x2002	c.lhu
2	2108	c.lhu	8	9	56	c.lhu x8, 56(x9)	0x3c82	0xe003	0x2002	c.lhu
2	2109	c.lhu	8	9	58	c.lhu x8, 58(x9)	0x3ca2	0xe003	0x2002	c.lhu
2	2110	c.lhu	8	9	60	c.lhu x8, 60(x9)	0x3cc2	0xe003	0x2002	c.lhu
2	2111	c.lhu	8	9	62	c.lhu x8, 62(x9)	0x3ce2	0xe003	0x2002	c.lhu
2	2112	c.lhu	8	10	0	c.lhu x8, 0(x10)	0x2102	0xe003	0x2002	c.lhu
2	2113	c.lhu	8	10	2	c.lhu x8, 2(x10)	0x2122	0xe003	0x2002	c.lhu
2	2114	c.lhu	8	10	4	c.lhu x8, 4(x10)	0x2142	0xe003	0x2002	c.lhu
2	2115	c.lhu	8	10	6	c.lhu x8, 6(x10)	0x2162	0xe003	0x2002	c.lhu
2	2116	c.lhu	8	10	8	c.lhu x8, 8(x10)	0x2502	0xe003	0x2002	c.lhu
2	2117	c.lhu	8	10	10	c.lhu x8, 10(x10)	0x2522	0xe003	0x2002	c.lhu
2	2118	c.lhu	8	10	12	c.lhu x8, 12(x10)	0x2542	0xe003	0x2002	c.lhu
2	2119	c.lhu	8	10	14	c.lhu x8, 14(x10)	0x2562	0xe003	0x2002	c.lhu
2	2120	c.lhu	8	10	16	c.lhu x8, 16(x10)	0x2902	0xe003	0x2002	c.lhu
2	2121	c.lhu	8	10	18	c.lhu x8, 18(x10)	0x2922	0xe003	0x2002	c.lhu
2	2122	c.lhu	8	10	20	c.lhu x8, 20(x10)	0x2942	0xe003	0x2002	c.lhu
2	2123	c.lhu	8	10	22	c.lhu x8, 22(x10)	0x2962	0xe003	0x2002	c.lhu
2	2124	c.lhu	8	10	24	c.lhu x8, 24(x10)	0x2d02	0xe003	0x2002	c.lhu
2	2125	c.lhu	8	10	26	c.lhu x8, 26(x10)	0x2d22	0xe003	0x2002	c.lhu
2	2126	c.lhu	8	10	28	c.lhu x8, 28(x10)	0x2d42	0xe003	0x2002	c.lhu
2	2127	c.lhu	8	10	30	c.lhu x8, 30(x10)	0x2d62	0xe003	0x2002	c.lhu
2	2128	c.lhu	8	10	32	c.lhu x8, 32(x10)	0x3102	0xe003	0x2002	c.lhu
2	2129	c.lhu	8	10	34	c.lhu x8, 34(x10)	0x3122	0xe003	0x2002	c.lhu
2	2130	c.lhu	8	10	36	c.lhu x8, 36(x10)	0x3142	0xe003	0x2002	c.lhu
2	2131	c.lhu	8	10	38	c.lhu x8, 38(x10)	0x3162	0xe003	0x2002	c.lhu
2	2132	c.lhu	8	10	40	c.lhu x8, 40(x10)	0x3502	0xe003	0x2002	c.lhu
2	2133	c.lhu	8	10	42	c.lhu x8, 42(x10)	0x3522	0xe003	0x2002	c.lhu
2	2134	c.lhu	8	10	44	c.lhu x8, 44(x10)	0x3542	0xe003	0x2002	c.lhu
2	2135	c.lhu	8	10	46	c.lhu x8, 46(x10)	0x3562	0xe003	0x2002	c.lhu
2	2136	c.lhu	8	10	48	c.lhu x8, 48(x10)	0x3902	0xe003	0x2002	c.lhu
2	2137	c.lhu	8	10	50	c.lhu x8, 50(x10)	0x3922	0xe003	0x2002	c.lhu
2	2138	c.lhu	8	10	52	c.lhu x8, 52(x10)	0x3942	0xe003	0x2002	c.lhu
2	2139	c.lhu	8	10	54	c.lhu x8, 54(x10)	0x3962	0xe003	0x2002	c.lhu
2	2140	c.lhu	8	10	56	c.lhu x8, 56(x10)	0x3d02	0xe003	0x2002	c.lhu
2	2141	c.lhu	8	10	58	c.lhu x8, 58(x10)	0x3d22	0xe003	0x2002	c.lhu
2	2142	c.lhu	8	10	60	c.lhu x8, 60(x10)	0x3d42	0xe003	0x2002	c.lhu
2	2143	c.lhu	8	10	62	c.lhu x8, 62(x10)	0x3d62	0xe003	0x2002	c.lhu
2	2144	c.lhu	8	11	0	c.lhu x8, 0(x11)	0x2182	0xe003	0x2002	c.lhu
2	2145	c.lhu	8	11	2	c.lhu x8, 2(x11)	0x21a2	0xe003	0x2002	c.lhu
2	2146	c.lhu	8	11	4	c.lhu x8, 4(x11)	0x21c2	0xe003	0x2002	c.lhu
2	2147	c.lhu	8	11	6	c.lhu x8, 6(x11)	0x21e2	0xe003	0x2002	c.lhu
2	2148	c.lhu	8	11	8	c.lhu x8, 8(x11)	0x2582	0xe003	0x2002	c.lhu
2	2149	c.lhu	8	11	10	c.lhu x8, 10(x11)	0x25a2	0xe003	0x2002	c.lhu
2	2150	c.lhu	8	11	12	c.lhu x8, 12(x11)	0x25c2	0xe003	0x2002	c.lhu
2	2151	c.lhu	8	11	14	c.lhu x8, 14(x11)	0x25e2	0xe003	0x2002	c.lhu
2	2152	c.lhu	8	11	16	c.lhu x8, 16(x11)	0x2982	0xe003	0x2002	c.lhu
2	2153	c.lhu	8	11	18	c.lhu x8, 18(x11)	0x29a2	0xe003	0x2002	c.lhu
2	2154	c.lhu	8	11	20	c.lhu x8, 20(x11)	0x29c2	0xe003	0x2002	c.lhu
2	2155	c.lhu	8	11	22	c.lhu x8, 22(x11)	0x29e2	0xe003	0x2002	c.lhu
2	2156	c.lhu	8	11	24	c.lhu x8, 24(x11)	0x2d82	0xe003	0x2002	c.lhu
2	2157	c.lhu	8	11	26	c.lhu x8, 26(x11)	0x2da2	0xe003	0x2002	c.lhu
2	2158	c.lhu	8	11	28	c.lhu x8, 28(x11)	0x2dc2	0xe003	0x2002	c.lhu
2	2159	c.lhu	8	11	30	c.lhu x8, 30(x11)	0x2de2	0xe003	0x2002	c.lhu
2	2160	c.lhu	8	11	32	c.lhu x8, 32(x11)	0x3182	0xe003	0x2002	c.lhu
2	2161	c.lhu	8	11	34	c.lhu x8, 34(x11)	0x31a2	0xe003	0x2002	c.lhu
2	2162	c.lhu	8	11	36	c.lhu x8, 36(x11)	0x31c2	0xe003	0x2002	c.lhu
2	2163	c.lhu	8	11	38	c.lhu x8, 38(x11)	0x31e2	0xe003	0x2002	c.lhu
2	2164	c.lhu	8	11	40	c.lhu x8, 40(x11)	0x3582	0xe003	0x2002	c.lhu
2	2165	c.lhu	8	11	42	c.lhu x8, 42(x11)	0x35a2	0xe003	0x2002	c.lhu
2	2166	c.lhu	8	11	44	c.lhu x8, 44(x11)	0x35c2	0xe003	0x2002	c.lhu
2	2167	c.lhu	8	11	46	c.lhu x8, 46(x11)	0x35e2	0xe003	0x2002	c.lhu
2	2168	c.lhu	8	11	48	c.lhu x8, 48(x11)	0x3982	0xe003	0x2002	c.lhu
2	2169	c.lhu	8	11	50	c.lhu x8, 50(x11)	0x39a2	0xe003	0x2002	c.lhu
2	2170	c.lhu	8	11	52	c.lhu x8, 52(x11)	0x39c2	0xe003	0x2002	c.lhu
2	2171	c.lhu	8	11	54	c.lhu x8, 54(x11)	0x39e2	0xe003	0x2002	c.lhu
2	2172	c.lhu	8	11	56	c.lhu x8, 56(x11)	0x3d82	0xe003	0x2002	c.lhu
2	2173	c.lhu	8	11	58	c.lhu x8, 58(x11)	0x3da2	0xe003	0x2002	c.lhu
2	2174	c.lhu	8	11	60	c.lhu x8, 60(x11)	0x3dc2	0xe003	0x2002	c.lhu
2	2175	c.lhu	8	11	62	c.lhu x8, 62(x11)	0x3de2	0xe003	0x2002	c.lhu
2	2176	c.lhu	8	12	0	c.lhu x8, 0(x12)	0x2202	0xe003	0x2002	c.lhu
2	2177	c.lhu	8	12	2	c.lhu x8, 2(x12)	0x2222	0xe003	0x2002	c.lhu
2	2178	c.lhu	8	12	4	c.lhu x8, 4(x12)	0x2242	0xe003	0x2002	c.lhu
2	2179	c.lhu	8	12	6	c.lhu x8, 6(x12)	0x2262	0xe003	0x2002	c.lhu
2	2180	c.lhu	8	12	8	c.lhu x8, 8(x12)	0x2602	0xe003	0x2002	c.lhu
2	2181	c.lhu	8	12	10	c.lhu x8, 10(x12)	0x2622	0xe003	0x2002	c.lhu
2	2182	c.lhu	8	12	12	c.lhu x8, 12(x12)	0x2642	0xe003	0x2002	c.lhu
2	2183	c.lhu	8	12	14	c.lhu x8, 14(x12)	0x2662	0xe003	0x2002	c.lhu
2	2184	c.lhu	8	12	16	c.lhu x8, 16(x12)	0x2a02	0xe003	0x2002	c.lhu
2	2185	c.lhu	8	12	18	c.lhu x8, 18(x12)	0x2a22	0xe003	0x2002	c.lhu
2	2186	c.lhu	8	12	20	c.lhu x8, 20(x12)	0x2a42	0xe003	0x2002	c.lhu
2	2187	c.lhu	8	12	22	c.lhu x8, 22(x12)	0x2a62	0xe003	0x2002	c.lhu
2	2188	c.lhu	8	12	24	c.lhu x8, 24(x12)	0x2e02	0xe003	0x2002	c.lhu
2	2189	c.lhu	8	12	26	c.lhu x8, 26(x12)	0x2e22	0xe003	0x2002	c.lhu
2	2190	c.lhu	8	12	28	c.lhu x8, 28(x12)	0x2e42	0xe003	0x2002	c.lhu
2	2191	c.lhu	8	12	30	c.lhu x8, 30(x12)	0x2e62	0xe003	0x2002	c.lhu
2	2192	c.lhu	8	12	32	c.lhu x8, 32(x12)	0x3202	0xe003	0x2002	c.lhu
2	2193	c.lhu	8	12	34	c.lhu x8, 34(x12)	0x3222	0xe003	0x2002	c.lhu
2	2194	c.lhu	8	12	36	c.lhu x8, 36(x12)	0x3242	0xe003	0x2002	c.lhu
2	2195	c.lhu	8	12	38	c.lhu x8, 38(x12)	0x3262	0xe003	0x2002	c.lhu
2	2196	c.lhu	8	12	40	c.lhu x8, 40(x12)	0x3602	0xe003	0x2002	c.lhu
2	2197	c.lhu	8	12	42	c.lhu x8, 42(x12)	0x3622	0xe003	0x2002	c.lhu
2	2198	c.lhu	8	12	44	c.lhu x8, 44(x12)	0x3642	0xe003	0x2002	c.lhu
2	2199	c.lhu	8	12	46	c.lhu x8, 46(x12)	0x3662	0xe003	0x2002	c.lhu
2	2200	c.lhu	8	12	48	c.lhu x8, 48(x12)	0x3a02	0xe003	0x2002	c.lhu
2	2201	c.lhu	8	12	50	c.lhu x8, 50(x12)	0x3a22	0xe003	0x2002	c.lhu
2	2202	c.lhu	8	12	52	c.lhu x8, 52(x12)	0x3a42	0xe003	0x2002	c.lhu
2	2203	c.lhu	8	12	54	c.lhu x8, 54(x12)	0x3a62	0xe003	0x2002	c.lhu
2	2204	c.lhu	8	12	56	c.lhu x8, 56(x12)	0x3e02	0xe003	0x2002	c.lhu
2	2205	c.lhu	8	12	58	c.lhu x8, 58(x12)	0x3e22	0xe003	0x2002	c.lhu
2	2206	c.lhu	8	12	60	c.lhu x8, 60(x12)	0x3e42	0xe003	0x2002	c.lhu
2	2207	c.lhu	8	12	62	c.lhu x8, 62(x12)	0x3e62	0xe003	0x2002	c.lhu
2	2208	c.lhu	8	13	0	c.lhu x8, 0(x13)	0x2282	0xe003	0x2002	c.lhu
2	2209	c.lhu	8	13	2	c.lhu x8, 2(x13)	0x22a2	0xe003	0x2002	c.lhu
2	2210	c.lhu	8	13	4	c.lhu x8, 4(x13)	0x22c2	0xe003	0x2002	c.lhu
2	2211	c.lhu	8	13	6	c.lhu x8, 6(x13)	0x22e2	0xe003	0x2002	c.lhu
2	2212	c.lhu	8	13	8	c.lhu x8, 8(x13)	0x2682	0xe003	0x2002	c.lhu
2	2213	c.lhu	8	13	10	c.lhu x8, 10(x13)	0x26a2	0xe003	0x2002	c.lhu
2	2214	c.lhu	8	13	12	c.lhu x8, 12(x13)	0x26c2	0xe003	0x2002	c.lhu
2	2215	c.lhu	8	13	14	c.lhu x8, 14(x13)	0x26e2	0xe003	0x2002	c.lhu
2	2216	c.lhu	8	13	16	c.lhu x8, 16(x13)	0x2a82	0xe003	0x2002	c.lhu
2	2217	c.lhu	8	13	18	c.lhu x8, 18(x13)	0x2aa2	0xe003	0x2002	c.lhu
2	2218	c.lhu	8	13	20	c.lhu x8, 20(x13)	0x2ac2	0xe003	0x2002	c.lhu
2	2219	c.lhu	8	13	22	c.lhu x8, 22(x13)	0x2ae2	0xe003	0x2002	c.lhu
2	2220	c.lhu	8	13	24	c.lhu x8, 24(x13)	0x2e82	0xe003	0x2002	c.lhu
2	2221	c.lhu	8	13	26	c.lhu x8, 26(x13)	0x2ea2	0xe003	0x2002	c.lhu
2	2222	c.lhu	8	13	28	c.lhu x8, 28(x13)	0x2ec2	0xe003	0x2002	c.lhu
2	2223	c.lhu	8	13	30	c.lhu x8, 30(x13)	0x2ee2	0xe003	0x2002	c.lhu
2	2224	c.lhu	8	13	32	c.lhu x8, 32(x13)	0x3282	0xe003	0x2002	c.lhu
2	2225	c.lhu	8	13	34	c.lhu x8, 34(x13)	0x32a2	0xe003	0x2002	c.lhu
2	2226	c.lhu	8	13	36	c.lhu x8, 36(x13)	0x32c2	0xe003	0x2002	c.lhu
2	2227	c.lhu	8	13	38	c.lhu x8, 38(x13)	0x32e2	0xe003	0x2002	c.lhu
2	2228	c.lhu	8	13	40	c.lhu x8, 40(x13)	0x3682	0xe003	0x2002	c.lhu
2	2229	c.lhu	8	13	42	c.lhu x8, 42(x13)	0x36a2	0xe003	0x2002	c.lhu
2	2230	c.lhu	8	13	44	c.lhu x8, 44(x13)	0x36c2	0xe003	0x2002	c.lhu
2	2231	c.lhu	8	13	46	c.lhu x8, 46(x13)	0x36e2	0xe003	0x2002	c.lhu
2	2232	c.lhu	8	13	48	c.lhu x8, 48(x13)	0x3a82	0xe003	0x2002	c.lhu
2	2233	c.lhu	8	13	50	c.lhu x8, 50(x13)	0x3aa2	0xe003	0x2002	c.lhu
2	2234	c.lhu	8	13	52	c.lhu x8, 52(x13)	0x3ac2	0xe003	0x2002	c.lhu
2	2235	c.lhu	8	13	54	c.lhu x8, 54(x13)	0x3ae2	0xe003	0x2002	c.lhu
2	2236	c.lhu	8	13	56	c.lhu x8, 56(x13)	0x3e82	0xe003	0x2002	c.lhu
2	2237	c.lhu	8	13	58	c.lhu x8, 58(x13)	0x3ea2	0xe003	0x2002	c.lhu
2	2238	c.lhu	8	13	60	c.lhu x8, 60(x13)	0x3ec2	0xe003	0x2002	c.lhu
2	2239	c.lhu	8	13	62	c.lhu x8, 62(x13)	0x3ee2	0xe003	0x2002	c.lhu
2	2240	c.lhu	8	14	0	c.lhu x8, 0(x14)	0x2302	0xe003	0x2002	c.lhu
2	2241	c.lhu	8	14	2	c.lhu x8, 2(x14)	0x2322	0xe003	0x2002	c.lhu
2	2242	c.lhu	8	14	4	c.lhu x8, 4(x14)	0x2342	0xe003	0x2002	c.lhu
2	2243	c.lhu	8	14	6	c.lhu x8, 6(x14)	0x2362	0xe003	0x2002	c.lhu
2	2244	c.lhu	8	14	8	c.lhu x8, 8(x14)	0x2702	0xe003	0x2002	c.lhu
2	2245	c.lhu	8	14	10	c.lhu x8, 10(x14)	0x2722	0xe003	0x2002	c.lhu
2	2246	c.lhu	8	14	12	c.lhu x8, 12(x14)	0x2742	0xe003	0x2002	c.lhu
2	2247	c.lhu	8	14	14	c.lhu x8, 14(x14)	0x2762	0xe003	0x2002	c.lhu
2	2248	c.lhu	8	14	16	c.lhu x8, 16(x14)	0x2b02	0xe003	0x2002	c.lhu
2	2249	c.lhu	8	14	18	c.lhu x8, 18(x14)	0x2b22	0xe003	0x2002	c.lhu
2	2250	c.lhu	8	14	20	c.lhu x8, 20(x14)	0x2b42	0xe003	0x2002	c.lhu
2	2251	c.lhu	8	14	22	c.lhu x8, 22(x14)	0x2b62	0xe003	0x2002	c.lhu
2	2252	c.lhu	8	14	24	c.lhu x8, 24(x14)	0x2f02	0xe003	0x2002	c.lhu
2	2253	c.lhu	8	14	26	c.lhu x8, 26(x14)	0x2f22	0xe003	0x2002	c.lhu
2	2254	c.lhu	8	14	28	c.lhu x8, 28(x14)	0x2f42	0xe003	0x2002	c.lhu
2	2255	c.lhu	8	14	30	c.lhu x8, 30(x14)	0x2f62	0xe003	0x2002	c.lhu
2	2256	c.lhu	8	14	32	c.lhu x8, 32(x14)	0x3302	0xe003	0x2002	c.lhu
2	2257	c.lhu	8	14	34	c.lhu x8, 34(x14)	0x3322	0xe003	0x2002	c.lhu
2	2258	c.lhu	8	14	36	c.lhu x8, 36(x14)	0x3342	0xe003	0x2002	c.lhu
2	2259	c.lhu	8	14	38	c.lhu x8, 38(x14)	0x3362	0xe003	0x2002	c.lhu
2	2260	c.lhu	8	14	40	c.lhu x8, 40(x14)	0x3702	0xe003	0x2002	c.lhu
2	2261	c.lhu	8	14	42	c.lhu x8, 42(x14)	0x3722	0xe003	0x2002	c.lhu
2	2262	c.lhu	8	14	44	c.lhu x8, 44(x14)	0x3742	0xe003	0x2002	c.lhu
2	2263	c.lhu	8	14	46	c.lhu x8, 46(x14)	0x3762	0xe003	0x2002	c.lhu
2	2264	c.lhu	8	14	48	c.lhu x8, 48(x14)	0x3b02	0xe003	0x2002	c.lhu
2	2265	c.lhu	8	14	50	c.lhu x8, 50(x14)	0x3b22	0xe003	0x2002	c.lhu
2	2266	c.lhu	8	14	52	c.lhu x8, 52(x14)	0x3b42	0xe003	0x2002	c.lhu
2	2267	c.lhu	8	14	54	c.lhu x8, 54(x14)	0x3b62	0xe003	0x2002	c.lhu
2	2268	c.lhu	8	14	56	c.lhu x8, 56(x14)	0x3f02	0xe003	0x2002	c.lhu
2	2269	c.lhu	8	14	58	c.lhu x8, 58(x14)	0x3f22	0xe003	0x2002	c.lhu
2	2270	c.lhu	8	14	60	c.lhu x8, 60(x14)	0x3f42	0xe003	0x2002	c.lhu
2	2271	c.lhu	8	14	62	c.lhu x8, 62(x14)	0x3f62	0xe003	0x2002	c.lhu
2	2272	c.lhu	8	15	0	c.lhu x8, 0(x15)	0x2382	0xe003	0x2002	c.lhu
2	2273	c.lhu	8	15	2	c.lhu x8, 2(x15)	0x23a2	0xe003	0x2002	c.lhu
2	2274	c.lhu	8	15	4	c.lhu x8, 4(x15)	0x23c2	0xe003	0x2002	c.lhu
2	2275	c.lhu	8	15	6	c.lhu x8, 6(x15)	0x23e2	0xe003	0x2002	c.lhu
2	2276	c.lhu	8	15	8	c.lhu x8, 8(x15)	0x2782	0xe003	0x2002	c.lhu
2	2277	c.lhu	8	15	10	c.lhu x8, 10(x15)	0x27a2	0xe003	0x2002	c.lhu
2	2278	c.lhu	8	15	12	c.lhu x8, 12(x15)	0x27c2	0xe003	0x2002	c.lhu
2	2279	c.lhu	8	15	14	c.lhu x8, 14(x15)	0x27e2	0xe003	0x2002	c.lhu
2	2280	c.lhu	8	15	16	c.lhu x8, 16(x15)	0x2b82	0xe003	0x2002	c.lhu
2	2281	c.lhu	8	15	18	c.lhu x8, 18(x15)	0x2ba2	0xe003	0x2002	c.lhu
2	2282	c.lhu	8	15	20	c.lhu x8, 20(x15)	0x2bc2	0xe003	0x2002	c.lhu
2	2283	c.lhu	8	15	22	c.lhu x8, 22(x15)	0x2be2	0xe003	0x2002	c.lhu
2	2284	c.lhu	8	15	24	c.lhu x8, 24(x15)	0x2f82	0xe003	0x2002	c.lhu
2	2285	c.lhu	8	15	26	c.lhu x8, 26(x15)	0x2fa2	0xe003	0x2002	c.lhu
2	2286	c.lhu	8	15	28	c.lhu x8, 28(x15)	0x2fc2	0xe003	0x2002	c.lhu
2	2287	c.lhu	8	15	30	c.lhu x8, 30(x15)	0x2fe2	0xe003	0x2002	c.lhu
2	2288	c.lhu	8	15	32	c.lhu x8, 32(x15)	0x3382	0xe003	0x2002	c.lhu
2	2289	c.lhu	8	15	34	c.lhu x8, 34(x15)	0x33a2	0xe003	0x2002	c.lhu
2	2290	c.lhu	8	15	36	c.lhu x8, 36(x15)	0x33c2	0xe003	0x2002	c.lhu
2	2291	c.lhu	8	15	38	c.lhu x8, 38(x15)	0x33e2	0xe003	0x2002	c.lhu
2	2292	c.lhu	8	15	40	c.lhu x8, 40(x15)	0x3782	0xe003	0x2002	c.lhu
2	2293	c.lhu	8	15	42	c.lhu x8, 42(x15)	0x37a2	0xe003	0x2002	c.lhu
2	2294	c.lhu	8	15	44	c.lhu x8, 44(x15)	0x37c2	0xe003	0x2002	c.lhu
2	2295	c.lhu	8	15	46	c.lhu x8, 46(x15)	0x37e2	0xe003	0x2002	c.lhu
2	2296	c.lhu	8	15	48	c.lhu x8, 48(x15)	0x3b82	0xe003	0x2002	c.lhu
2	2297	c.lhu	8	15	50	c.lhu x8, 50(x15)	0x3ba2	0xe003	0x2002	c.lhu
2	2298	c.lhu	8	15	52	c.lhu x8, 52(x15)	0x3bc2	0xe003	0x2002	c.lhu
2	2299	c.lhu	8	15	54	c.lhu x8, 54(x15)	0x3be2	0xe003	0x2002	c.lhu
2	2300	c.lhu	8	15	56	c.lhu x8, 56(x15)	0x3f82	0xe003	0x2002	c.lhu
2	2301	c.lhu	8	15	58	c.lhu x8, 58(x15)	0x3fa2	0xe003	0x2002	c.lhu
2	2302	c.lhu	8	15	60	c.lhu x8, 60(x15)	0x3fc2	0xe003	0x2002	c.lhu
2	2303	c.lhu	8	15	62	c.lhu x8, 62(x15)	0x3fe2	0xe003	0x2002	c.lhu
2	2304	c.lhu	9	8	0	c.lhu x9, 0(x8)	0x2006	0xe003	0x2002	c.lhu
2	2305	c.lhu	9	8	2	c.lhu x9, 2(x8)	0x2026	0xe003	0x2002	c.lhu
2	2306	c.lhu	9	8	4	c.lhu x9, 4(x8)	0x2046	0xe003	0x2002	c.lhu
2	2307	c.lhu	9	8	6	c.lhu x9, 6(x8)	0x2066	0xe003	0x2002	c.lhu
2	2308	c.lhu	9	8	8	c.lhu x9, 8(x8)	0x2406	0xe003	0x2002	c.lhu
2	2309	c.lhu	9	8	10	c.lhu x9, 10(x8)	0x2426	0xe003	0x2002	c.lhu
2	2310	c.lhu	9	8	12	c.lhu x9, 12(x8)	0x2446	0xe003	0x2002	c.lhu
2	2311	c.lhu	9	8	14	c.lhu x9, 14(x8)	0x2466	0xe003	0x2002	c.lhu
2	2312	c.lhu	9	8	16	c.lhu x9, 16(x8)	0x2806	0xe003	0x2002	c.lhu
2	2313	c.lhu	9	8	18	c.lhu x9, 18(x8)	0x2826	0xe003	0x2002	c.lhu
2	2314	c.lhu	9	8	20	c.lhu x9, 20(x8)	0x2846	0xe003	0x2002	c.lhu
2	2315	c.lhu	9	8	22	c.lhu x9, 22(x8)	0x2866	0xe003	0x2002	c.lhu
2	2316	c.lhu	9	8	24	c.lhu x9, 24(x8)	0x2c06	0xe003	0x2002	c.lhu
2	2317	c.lhu	9	8	26	c.lhu x9, 26(x8)	0x2c26	0xe003	0x2002	c.lhu
2	2318	c.lhu	9	8	28	c.lhu x9, 28(x8)	0x2c46	0xe003	0x2002	c.lhu
2	2319	c.lhu	9	8	30	c.lhu x9, 30(x8)	0x2c66	0xe003	0x2002	c.lhu
2	2320	c.lhu	9	8	32	c.lhu x9, 32(x8)	0x3006	0xe003	0x2002	c.lhu
2	2321	c.lhu	9	8	34	c.lhu x9, 34(x8)	0x3026	0xe003	0x2002	c.lhu
2	2322	c.lhu	9	8	36	c.lhu x9, 36(x8)	0x3046	0xe003	0x2002	c.lhu
2	2323	c.lhu	9	8	38	c.lhu x9, 38(x8)	0x3066	0xe003	0x2002	c.lhu
2	2324	c.lhu	9	8	40	c.lhu x9, 40(x8)	0x3406	0xe003	0x2002	c.lhu
2	2325	c.lhu	9	8	42	c.lhu x9, 42(x8)	0x3426	0xe003	0x2002	c.lhu
2	2326	c.lhu	9	8	44	c.lhu x9, 44(x8)	0x3446	0xe003	0x2002	c.lhu
2	2327	c.lhu	9	8	46	c.lhu x9, 46(x8)	0x3466	0xe003	0x2002	c.lhu
2	2328	c.lhu	9	8	48	c.lhu x9, 48(x8)	0x3806	0xe003	0x2002	c.lhu
2	2329	c.lhu	9	8	50	c.lhu x9, 50(x8)	0x3826	0xe003	0x2002	c.lhu
2	2330	c.lhu	9	8	52	c.lhu x9, 52(x8)	0x3846	0xe003	0x2002	c.lhu
2	2331	c.lhu	9	8	54	c.lhu x9, 54(x8)	0x3866	0xe003	0x2002	c.lhu
2	2332	c.lhu	9	8	56	c.lhu x9, 56(x8)	0x3c06	0xe003	0x2002	c.lhu
2	2333	c.lhu	9	8	58	c.lhu x9, 58(x8)	0x3c26	0xe003	0x2002	c.lhu
2	2334	c.lhu	9	8	60	c.lhu x9, 60(x8)	0x3c46	0xe003	0x2002	c.lhu
2	2335	c.lhu	9	8	62	c.lhu x9, 62(x8)	0x3c66	0xe003	0x2002	c.lhu
2	2336	c.lhu	9	9	0	c.lhu x9, 0(x9)	0x2086	0xe003	0x2002	c.lhu
2	2337	c.lhu	9	9	2	c.lhu x9, 2(x9)	0x20a6	0xe003	0x2002	c.lhu
2	2338	c.lhu	9	9	4	c.lhu x9, 4(x9)	0x20c6	0xe003	0x2002	c.lhu
2	2339	c.lhu	9	9	6	c.lhu x9, 6(x9)	0x20e6	0xe003	0x2002	c.lhu
2	2340	c.lhu	9	9	8	c.lhu x9, 8(x9)	0x2486	0xe003	0x2002	c.lhu
2	2341	c.lhu	9	9	10	c.lhu x9, 10(x9)	0x24a6	0xe003	0x2002	c.lhu
2	2342	c.lhu	9	9	12	c.lhu x9, 12(x9)	0x24c6	0xe003	0x2002	c.lhu
2	2343	c.lhu	9	9	14	c.lhu x9, 14(x9)	0x24e6	0xe003	0x2002	c.lhu
2	2344	c.lhu	9	9	16	c.lhu x9, 16(x9)	0x2886	0xe003	0x2002	c.lhu
2	2345	c.lhu	9	9	18	c.lhu x9, 18(x9)	0x28a6	0xe003	0x2002	c.lhu
2	2346	c.lhu	9	9	20	c.lhu x9, 20(x9)	0x28c6	0xe003	0x2002	c.lhu
2	2347	c.lhu	9	9	22	c.lhu x9, 22(x9)	0x28e6	0xe003	0x2002	c.lhu
2	2348	c.lhu	9	9	24	c.lhu x9, 24(x9)	0x2c86	0xe003	0x2002	c.lhu
2	2349	c.lhu	9	9	26	c.lhu x9, 26(x9)	0x2ca6	0xe003	0x2002	c.lhu
2	2350	c.lhu	9	9	28	c.lhu x9, 28(x9)	0x2cc6	0xe003	0x2002	c.lhu
2	2351	c.lhu	9	9	30	c.lhu x9, 30(x9)	0x2ce6	0xe003	0x2002	c.lhu
2	2352	c.lhu	9	9	32	c.lhu x9, 32(x9)	0x3086	0xe003	0x2002	c.lhu
2	2353	c.lhu	9	9	34	c.lhu x9, 34(x9)	0x30a6	0xe003	0x2002	c.lhu
2	2354	c.lhu	9	9	36	c.lhu x9, 36(x9)	0x30c6	0xe003	0x2002	c.lhu
2	2355	c.lhu	9	9	38	c.lhu x9, 38(x9)	0x30e6	0xe003	0x2002	c.lhu
2	2356	c.lhu	9	9	40	c.lhu x9, 40(x9)	0x3486	0xe003	0x2002	c.lhu
2	2357	c.lhu	9	9	42	c.lhu x9, 42(x9)	0x34a6	0xe003	0x2002	c.lhu
2	2358	c.lhu	9	9	44	c.lhu x9, 44(x9)	0x34c6	0xe003	0x2002	c.lhu
2	2359	c.lhu	9	9	46	c.lhu x9, 46(x9)	0x34e6	0xe003	0x2002	c.lhu
2	2360	c.lhu	9	9	48	c.lhu x9, 48(x9)	0x3886	0xe003	0x2002	c.lhu
2	2361	c.lhu	9	9	50	c.lhu x9, 50(x9)	0x38a6	0xe003	0x2002	c.lhu
2	2362	c.lhu	9	9	52	c.lhu x9, 52(x9)	0x38c6	0xe003	0x2002	c.lhu
2	2363	c.lhu	9	9	54	c.lhu x9, 54(x9)	0x38e6	0xe003	0x2002	c.lhu
2	2364	c.lhu	9	9	56	c.lhu x9, 56(x9)	0x3c86	0xe003	0x2002	c.lhu
2	2365	c.lhu	9	9	58	c.lhu x9, 58(x9)	0x3ca6	0xe003	0x2002	c.lhu
2	2366	c.lhu	9	9	60	c.lhu x9, 60(x9)	0x3cc6	0xe003	0x2002	c.lhu
2	2367	c.lhu	9	9	62	c.lhu x9, 62(x9)	0x3ce6	0xe003	0x2002	c.lhu
2	2368	c.lhu	9	10	0	c.lhu x9, 0(x10)	0x2106	0xe003	0x2002	c.lhu
2	2369	c.lhu	9	10	2	c.lhu x9, 2(x10)	0x2126	0xe003	0x2002	c.lhu
2	2370	c.lhu	9	10	4	c.lhu x9, 4(x10)	0x2146	0xe003	0x2002	c.lhu
2	2371	c.lhu	9	10	6	c.lhu x9, 6(x10)	0x2166	0xe003	0x2002	c.lhu
2	2372	c.lhu	9	10	8	c.lhu x9, 8(x10)	0x2506	0xe003	0x2002	c.lhu
2	2373	c.lhu	9	10	10	c.lhu x9, 10(x10)	0x2526	0xe003	0x2002	c.lhu
2	2374	c.lhu	9	10	12	c.lhu x9, 12(x10)	0x2546	0xe003	0x2002	c.lhu
2	2375	c.lhu	9	10	14	c.lhu x9, 14(x10)	0x2566	0xe003	0x2002	c.lhu
2	2376	c.lhu	9	10	16	c.lhu x9, 16(x10)	0x2906	0xe003	0x2002	c.lhu
2	2377	c.lhu	9	10	18	c.lhu x9, 18(x10)	0x2926	0xe003	0x2002	c.lhu
2	2378	c.lhu	9	10	20	c.lhu x9, 20(x10)	0x2946	0xe003	0x2002	c.lhu
2	2379	c.lhu	9	10	22	c.lhu x9, 22(x10)	0x2966	0xe003	0x2002	c.lhu
2	2380	c.lhu	9	10	24	c.lhu x9, 24(x10)	0x2d06	0xe003	0x2002	c.lhu
2	2381	c.lhu	9	10	26	c.lhu x9, 26(x10)	0x2d26	0xe003	0x2002	c.lhu
2	2382	c.lhu	9	10	28	c.lhu x9, 28(x10)	0x2d46	0xe003	0x2002	c.lhu
2	2383	c.lhu	9	10	30	c.lhu x9, 30(x10)	0x2d66	0xe003	0x2002	c.lhu
2	2384	c.lhu	9	10	32	c.lhu x9, 32(x10)	0x3106	0xe003	0x2002	c.lhu
2	2385	c.lhu	9	10	34	c.lhu x9, 34(x10)	0x3126	0xe003	0x2002	c.lhu
2	2386	c.lhu	9	10	36	c.lhu x9, 36(x10)	0x3146	0xe003	0x2002	c.lhu
2	2387	c.lhu	9	10	38	c.lhu x9, 38(x10)	0x3166	0xe003	0x2002	c.lhu
2	2388	c.lhu	9	10	40	c.lhu x9, 40(x10)	0x3506	0xe003	0x2002	c.lhu
2	2389	c.lhu	9	10	42	c.lhu x9, 42(x10)	0x3526	0xe003	0x2002	c.lhu
2	2390	c.lhu	9	10	44	c.lhu x9, 44(x10)	0x3546	0xe003	0x2002	c.lhu
2	2391	c.lhu	9	10	46	c.lhu x9, 46(x10)	0x3566	0xe003	0x2002	c.lhu
2	2392	c.lhu	9	10	48	c.lhu x9, 48(x10)	0x3906	0xe003	0x2002	c.lhu
2	2393	c.lhu	9	10	50	c.lhu x9, 50(x10)	0x3926	0xe003	0x2002	c.lhu
2	2394	c.lhu	9	10	52	c.lhu x9, 52(x10)	0x3946	0xe003	0x2002	c.lhu
2	2395	c.lhu	9	10	54	c.lhu x9, 54(x10)	0x3966	0xe003	0x2002	c.lhu
2	2396	c.lhu	9	10	56	c.lhu x9, 56(x10)	0x3d06	0xe003	0x2002	c.lhu
2	2397	c.lhu	9	10	58	c.lhu x9, 58(x10)	0x3d26	0xe003	0x2002	c.lhu
2	2398	c.lhu	9	10	60	c.lhu x9, 60(x10)	0x3d46	0xe003	0x2002	c.lhu
2	2399	c.lhu	9	10	62	c.lhu x9, 62(x10)	0x3d66	0xe003	0x2002	c.lhu
2	2400	c.lhu	9	11	0	c.lhu x9, 0(x11)	0x2186	0xe003	0x2002	c.lhu
2	2401	c.lhu	9	11	2	c.lhu x9, 2(x11)	0x21a6	0xe003	0x2002	c.lhu
2	2402	c.lhu	9	11	4	c.lhu x9, 4(x11)	0x21c6	0xe003	0x2002	c.lhu
2	2403	c.lhu	9	11	6	c.lhu x9, 6(x11)	0x21e6	0xe003	0x2002	c.lhu
2	2404	c.lhu	9	11	8	c.lhu x9, 8(x11)	0x2586	0xe003	0x2002	c.lhu
2	2405	c.lhu	9	11	10	c.lhu x9, 10(x11)	0x25a6	0xe003	0x2002	c.lhu
2	2406	c.lhu	9	11	12	c.lhu x9, 12(x11)	0x25c6	0xe003	0x2002	c.lhu
2	2407	c.lhu	9	11	14	c.lhu x9, 14(x11)	0x25e6	0xe003	0x2002	c.lhu
2	2408	c.lhu	9	11	16	c.lhu x9, 16(x11)	0x2986	0xe003	0x2002	c.lhu
2	2409	c.lhu	9	11	18	c.lhu x9, 18(x11)	0x29a6	0xe003	0x2002	c.lhu
2	2410	c.lhu	9	11	20	c.lhu x9, 20(x11)	0x29c6	0xe003	0x2002	c.lhu
2	2411	c.lhu	9	11	22	c.lhu x9, 22(x11)	0x29e6	0xe003	0x2002	c.lhu
2	2412	c.lhu	9	11	24	c.lhu x9, 24(x11)	0x2d86	0xe003	0x2002	c.lhu
2	2413	c.lhu	9	11	26	c.lhu x9, 26(x11)	0x2da6	0xe003	0x2002	c.lhu
2	2414	c.lhu	9	11	28	c.lhu x9, 28(x11)	0x2dc6	0xe003	0x2002	c.lhu
2	2415	c.lhu	9	11	30	c.lhu x9, 30(x11)	0x2de6	0xe003	0x2002	c.lhu
2	2416	c.lhu	9	11	32	c.lhu x9, 32(x11)	0x3186	0xe003	0x2002	c.lhu
2	2417	c.lhu	9	11	34	c.lhu x9, 34(x11)	0x31a6	0xe003	0x2002	c.lhu
2	2418	c.lhu	9	11	36	c.lhu x9, 36(x11)	0x31c6	0xe003	0x2002	c.lhu
2	2419	c.lhu	9	11	38	c.lhu x9, 38(x11)	0x31e6	0xe003	0x2002	c.lhu
2	2420	c.lhu	9	11	40	c.lhu x9, 40(x11)	0x3586	0xe003	0x2002	c.lhu
2	2421	c.lhu	9	11	42	c.lhu x9, 42(x11)	0x35a6	0xe003	0x2002	c.lhu
2	2422	c.lhu	9	11	44	c.lhu x9, 44(x11)	0x35c6	0xe003	0x2002	c.lhu
2	2423	c.lhu	9	11	46	c.lhu x9, 46(x11)	0x35e6	0xe003	0x2002	c.lhu
2	2424	c.lhu	9	11	48	c.lhu x9, 48(x11)	0x3986	0xe003	0x2002	c.lhu
2	2425	c.lhu	9	11	50	c.lhu x9, 50(x11)	0x39a6	0xe003	0x2002	c.lhu
2	2426	c.lhu	9	11	52	c.lhu x9, 52(x11)	0x39c6	0xe003	0x2002	c.lhu
2	2427	c.lhu	9	11	54	c.lhu x9, 54(x11)	0x39e6	0xe003	0x2002	c.lhu
2	2428	c.lhu	9	11	56	c.lhu x9, 56(x11)	0x3d86	0xe003	0x2002	c.lhu
2	2429	c.lhu	9	11	58	c.lhu x9, 58(x11)	0x3da6	0xe003	0x2002	c.lhu
2	2430	c.lhu	9	11	60	c.lhu x9, 60(x11)	0x3dc6	0xe003	0x2002	c.lhu
2	2431	c.lhu	9	11	62	c.lhu x9, 62(x11)	0x3de6	0xe003	0x2002	c.lhu
2	2432	c.lhu	9	12	0	c.lhu x9, 0(x12)	0x2206	0xe003	0x2002	c.lhu
2	2433	c.lhu	9	12	2	c.lhu x9, 2(x12)	0x2226	0xe003	0x2002	c.lhu
2	2434	c.lhu	9	12	4	c.lhu x9, 4(x12)	0x2246	0xe003	0x2002	c.lhu
2	2435	c.lhu	9	12	6	c.lhu x9, 6(x12)	0x2266	0xe003	0x2002	c.lhu
2	2436	c.lhu	9	12	8	c.lhu x9, 8(x12)	0x2606	0xe003	0x2002	c.lhu
2	2437	c.lhu	9	12	10	c.lhu x9, 10(x12)	0x2626	0xe003	0x2002	c.lhu
2	2438	c.lhu	9	12	12	c.lhu x9, 12(x12)	0x2646	0xe003	0x2002	c.lhu
2	2439	c.lhu	9	12	14	c.lhu x9, 14(x12)	0x2666	0xe003	0x2002	c.lhu
2	2440	c.lhu	9	12	16	c.lhu x9, 16(x12)	0x2a06	0xe003	0x2002	c.lhu
2	2441	c.lhu	9	12	18	c.lhu x9, 18(x12)	0x2a26	0xe003	0x2002	c.lhu
2	2442	c.lhu	9	12	20	c.lhu x9, 20(x12)	0x2a46	0xe003	0x2002	c.lhu
2	2443	c.lhu	9	12	22	c.lhu x9, 22(x12)	0x2a66	0xe003	0x2002	c.lhu
2	2444	c.lhu	9	12	24	c.lhu x9, 24(x12)	0x2e06	0xe003	0x2002	c.lhu
2	2445	c.lhu	9	12	26	c.lhu x9, 26(x12)	0x2e26	0xe003	0x2002	c.lhu
2	2446	c.lhu	9	12	28	c.lhu x9, 28(x12)	0x2e46	0xe003	0x2002	c.lhu
2	2447	c.lhu	9	12	30	c.lhu x9, 30(x12)	0x2e66	0xe003	0x2002	c.lhu
2	2448	c.lhu	9	12	32	c.lhu x9, 32(x12)	0x3206	0xe003	0x2002	c.lhu
2	2449	c.lhu	9	12	34	c.lhu x9, 34(x12)	0x3226	0xe003	0x2002	c.lhu
2	2450	c.lhu	9	12	36	c.lhu x9, 36(x12)	0x3246	0xe003	0x2002	c.lhu
2	2451	c.lhu	9	12	38	c.lhu x9, 38(x12)	0x3266	0xe003	0x2002	c.lhu
2	2452	c.lhu	9	12	40	c.lhu x9, 40(x12)	0x3606	0xe003	0x2002	c.lhu
2	2453	c.lhu	9	12	42	c.lhu x9, 42(x12)	0x3626	0xe003	0x2002	c.lhu
2	2454	c.lhu	9	12	44	c.lhu x9, 44(x12)	0x3646	0xe003	0x2002	c.lhu
2	2455	c.lhu	9	12	46	c.lhu x9, 46(x12)	0x3666	0xe003	0x2002	c.lhu
2	2456	c.lhu	9	12	48	c.lhu x9, 48(x12)	0x3a06	0xe003	0x2002	c.lhu
2	2457	c.lhu	9	12	50	c.lhu x9, 50(x12)	0x3a26	0xe003	0x2002	c.lhu
2	2458	c.lhu	9	12	52	c.lhu x9, 52(x12)	0x3a46	0xe003	0x2002	c.lhu
2	2459	c.lhu	9	12	54	c.lhu x9, 54(x12)	0x3a66	0xe003	0x2002	c.lhu
2	2460	c.lhu	9	12	56	c.lhu x9, 56(x12)	0x3e06	0xe003	0x2002	c.lhu
2	2461	c.lhu	9	12	58	c.lhu x9, 58(x12)	0x3e26	0xe003	0x2002	c.lhu
2	2462	c.lhu	9	12	60	c.lhu x9, 60(x12)	0x3e46	0xe003	0x2002	c.lhu
2	2463	c.lhu	9	12	62	c.lhu x9, 62(x12)	0x3e66	0xe003	0x2002	c.lhu
2	2464	c.lhu	9	13	0	c.lhu x9, 0(x13)	0x2286	0xe003	0x2002	c.lhu
2	2465	c.lhu	9	13	2	c.lhu x9, 2(x13)	0x22a6	0xe003	0x2002	c.lhu
2	2466	c.lhu	9	13	4	c.lhu x9, 4(x13)	0x22c6	0xe003	0x2002	c.lhu
2	2467	c.lhu	9	13	6	c.lhu x9, 6(x13)	0x22e6	0xe003	0x2002	c.lhu
2	2468	c.lhu	9	13	8	c.lhu x9, 8(x13)	0x2686	0xe003	0x2002	c.lhu
2	2469	c.lhu	9	13	10	c.lhu x9, 10(x13)	0x26a6	0xe003	0x2002	c.lhu
2	2470	c.lhu	9	13	12	c.lhu x9, 12(x13)	0x26c6	0xe003	0x2002	c.lhu
2	2471	c.lhu	9	13	14	c.lhu x9, 14(x13)	0x26e6	0xe003	0x2002	c.lhu
2	2472	c.lhu	9	13	16	c.lhu x9, 16(x13)	0x2a86	0xe003	0x2002	c.lhu
2	2473	c.lhu	9	13	18	c.lhu x9, 18(x13)	0x2aa6	0xe003	0x2002	c.lhu
2	2474	c.lhu	9	13	20	c.lhu x9, 20(x13)	0x2ac6	0xe003	0x2002	c.lhu
2	2475	c.lhu	9	13	22	c.lhu x9, 22(x13)	0x2ae6	0xe003	0x2002	c.lhu
2	2476	c.lhu	9	13	24	c.lhu x9, 24(x13)	0x2e86	0xe003	0x2002	c.lhu
2	2477	c.lhu	9	13	26	c.lhu x9, 26(x13)	0x2ea6	0xe003	0x2002	c.lhu
2	2478	c.lhu	9	13	28	c.lhu x9, 28(x13)	0x2ec6	0xe003	0x2002	c.lhu
2	2479	c.lhu	9	13	30	c.lhu x9, 30(x13)	0x2ee6	0xe003	0x2002	c.lhu
2	2480	c.lhu	9	13	32	c.lhu x9, 32(x13)	0x3286	0xe003	0x2002	c.lhu
2	2481	c.lhu	9	13	34	c.lhu x9, 34(x13)	0x32a6	0xe003	0x2002	c.lhu
2	2482	c.lhu	9	13	36	c.lhu x9, 36(x13)	0x32c6	0xe003	0x2002	c.lhu
2	2483	c.lhu	9	13	38	c.lhu x9, 38(x13)	0x32e6	0xe003	0x2002	c.lhu
2	2484	c.lhu	9	13	40	c.lhu x9, 40(x13)	0x3686	0xe003	0x2002	c.lhu
2	2485	c.lhu	9	13	42	c.lhu x9, 42(x13)	0x36a6	0xe003	0x2002	c.lhu
2	2486	c.lhu	9	13	44	c.lhu x9, 44(x13)	0x36c6	0xe003	0x2002	c.lhu
2	2487	c.lhu	9	13	46	c.lhu x9, 46(x13)	0x36e6	0xe003	0x2002	c.lhu
2	2488	c.lhu	9	13	48	c.lhu x9, 48(x13)	0x3a86	0xe003	0x2002	c.lhu
2	2489	c.lhu	9	13	50	c.lhu x9, 50(x13)	0x3aa6	0xe003	0x2002	c.lhu
2	2490	c.lhu	9	13	52	c.lhu x9, 52(x13)	0x3ac6	0xe003	0x2002	c.lhu
2	2491	c.lhu	9	13	54	c.lhu x9, 54(x13)	0x3ae6	0xe003	0x2002	c.lhu
2	2492	c.lhu	9	13	56	c.lhu x9, 56(x13)	0x3e86	0xe003	0x2002	c.lhu
2	2493	c.lhu	9	13	58	c.lhu x9, 58(x13)	0x3ea6	0xe003	0x2002	c.lhu
2	2494	c.lhu	9	13	60	c.lhu x9, 60(x13)	0x3ec6	0xe003	0x2002	c.lhu
2	2495	c.lhu	9	13	62	c.lhu x9, 62(x13)	0x3ee6	0xe003	0x2002	c.lhu
2	2496	c.lhu	9	14	0	c.lhu x9, 0(x14)	0x2306	0xe003	0x2002	c.lhu
2	2497	c.lhu	9	14	2	c.lhu x9, 2(x14)	0x2326	0xe003	0x2002	c.lhu
2	2498	c.lhu	9	14	4	c.lhu x9, 4(x14)	0x2346	0xe003	0x2002	c.lhu
2	2499	c.lhu	9	14	6	c.lhu x9, 6(x14)	0x2366	0xe003	0x2002	c.lhu
2	2500	c.lhu	9	14	8	c.lhu x9, 8(x14)	0x2706	0xe003	0x2002	c.lhu
2	2501	c.lhu	9	14	10	c.lhu x9, 10(x14)	0x2726	0xe003	0x2002	c.lhu
2	2502	c.lhu	9	14	12	c.lhu x9, 12(x14)	0x2746	0xe003	0x2002	c.lhu
2	2503	c.lhu	9	14	14	c.lhu x9, 14(x14)	0x2766	0xe003	0x2002	c.lhu
2	2504	c.lhu	9	14	16	c.lhu x9, 16(x14)	0x2b06	0xe003	0x2002	c.lhu
2	2505	c.lhu	9	14	18	c.lhu x9, 18(x14)	0x2b26	0xe003	0x2002	c.lhu
2	2506	c.lhu	9	14	20	c.lhu x9, 20(x14)	0x2b46	0xe003	0x2002	c.lhu
2	2507	c.lhu	9	14	22	c.lhu x9, 22(x14)	0x2b66	0xe003	0x2002	c.lhu
2	2508	c.lhu	9	14	24	c.lhu x9, 24(x14)	0x2f06	0xe003	0x2002	c.lhu
2	2509	c.lhu	9	14	26	c.lhu x9, 26(x14)	0x2f26	0xe003	0x2002	c.lhu
2	2510	c.lhu	9	14	28	c.lhu x9, 28(x14)	0x2f46	0xe003	0x2002	c.lhu
2	2511	c.lhu	9	14	30	c.lhu x9, 30(x14)	0x2f66	0xe003	0x2002	c.lhu
2	2512	c.lhu	9	14	32	c.lhu x9, 32(x14)	0x3306	0xe003	0x2002	c.lhu
2	2513	c.lhu	9	14	34	c.lhu x9, 34(x14)	0x3326	0xe003	0x2002	c.lhu
2	2514	c.lhu	9	14	36	c.lhu x9, 36(x14)	0x3346	0xe003	0x2002	c.lhu
2	2515	c.lhu	9	14	38	c.lhu x9, 38(x14)	0x3366	0xe003	0x2002	c.lhu
2	2516	c.lhu	9	14	40	c.lhu x9, 40(x14)	0x3706	0xe003	0x2002	c.lhu
2	2517	c.lhu	9	14	42	c.lhu x9, 42(x14)	0x3726	0xe003	0x2002	c.lhu
2	2518	c.lhu	9	14	44	c.lhu x9, 44(x14)	0x3746	0xe003	0x2002	c.lhu
2	2519	c.lhu	9	14	46	c.lhu x9, 46(x14)	0x3766	0xe003	0x2002	c.lhu
2	2520	c.lhu	9	14	48	c.lhu x9, 48(x14)	0x3b06	0xe003	0x2002	c.lhu
2	2521	c.lhu	9	14	50	c.lhu x9, 50(x14)	0x3b26	0xe003	0x2002	c.lhu
2	2522	c.lhu	9	14	52	c.lhu x9, 52(x14)	0x3b46	0xe003	0x2002	c.lhu
2	2523	c.lhu	9	14	54	c.lhu x9, 54(x14)	0x3b66	0xe003	0x2002	c.lhu
2	2524	c.lhu	9	14	56	c.lhu x9, 56(x14)	0x3f06	0xe003	0x2002	c.lhu
2	2525	c.lhu	9	14	58	c.lhu x9, 58(x14)	0x3f26	0xe003	0x2002	c.lhu
2	2526	c.lhu	9	14	60	c.lhu x9, 60(x14)	0x3f46	0xe003	0x2002	c.lhu
2	2527	c.lhu	9	14	62	c.lhu x9, 62(x14)	0x3f66	0xe003	0x2002	c.lhu
2	2528	c.lhu	9	15	0	c.lhu x9, 0(x15)	0x2386	0xe003	0x2002	c.lhu
2	2529	c.lhu	9	15	2	c.lhu x9, 2(x15)	0x23a6	0xe003	0x2002	c.lhu
2	2530	c.lhu	9	15	4	c.lhu x9, 4(x15)	0x23c6	0xe003	0x2002	c.lhu
2	2531	c.lhu	9	15	6	c.lhu x9, 6(x15)	0x23e6	0xe003	0x2002	c.lhu
2	2532	c.lhu	9	15	8	c.lhu x9, 8(x15)	0x2786	0xe003	0x2002	c.lhu
2	2533	c.lhu	9	15	10	c.lhu x9, 10(x15)	0x27a6	0xe003	0x2002	c.lhu
2	2534	c.lhu	9	15	12	c.lhu x9, 12(x15)	0x27c6	0xe003	0x2002	c.lhu
2	2535	c.lhu	9	15	14	c.lhu x9, 14(x15)	0x27e6	0xe003	0x2002	c.lhu
2	2536	c.lhu	9	15	16	c.lhu x9, 16(x15)	0x2b86	0xe003	0x2002	c.lhu
2	2537	c.lhu	9	15	18	c.lhu x9, 18(x15)	0x2ba6	0xe003	0x2002	c.lhu
2	2538	c.lhu	9	15	20	c.lhu x9, 20(x15)	0x2bc6	0xe003	0x2002	c.lhu
2	2539	c.lhu	9	15	22	c.lhu x9, 22(x15)	0x2be6	0xe003	0x2002	c.lhu
2	2540	c.lhu	9	15	24	c.lhu x9, 24(x15)	0x2f86	0xe003	0x2002	c.lhu
2	2541	c.lhu	9	15	26	c.lhu x9, 26(x15)	0x2fa6	0xe003	0x2002	c.lhu
2	2542	c.lhu	9	15	28	c.lhu x9, 28(x15)	0x2fc6	0xe003	0x2002	c.lhu
2	2543	c.lhu	9	15	30	c.lhu x9, 30(x15)	0x2fe6	0xe003	0x2002	c.lhu
2	2544	c.lhu	9	15	32	c.lhu x9, 32(x15)	0x3386	0xe003	0x2002	c.lhu
2	2545	c.lhu	9	15	34	c.lhu x9, 34(x15)	0x33a6	0xe003	0x2002	c.lhu
2	2546	c.lhu	9	15	36	c.lhu x9, 36(x15)	0x33c6	0xe003	0x2002	c.lhu
2	2547	c.lhu	9	15	38	c.lhu x9, 38(x15)	0x33e6	0xe003	0x2002	c.lhu
2	2548	c.lhu	9	15	40	c.lhu x9, 40(x15)	0x3786	0xe003	0x2002	c.lhu
2	2549	c.lhu	9	15	42	c.lhu x9, 42(x15)	0x37a6	0xe003	0x2002	c.lhu
2	2550	c.lhu	9	15	44	c.lhu x9, 44(x15)	0x37c6	0xe003	0x2002	c.lhu
2	2551	c.lhu	9	15	46	c.lhu x9, 46(x15)	0x37e6	0xe003	0x2002	c.lhu
2	2552	c.lhu	9	15	48	c.lhu x9, 48(x15)	0x3b86	0xe003	0x2002	c.lhu
2	2553	c.lhu	9	15	50	c.lhu x9, 50(x15)	0x3ba6	0xe003	0x2002	c.lhu
2	2554	c.lhu	9	15	52	c.lhu x9, 52(x15)	0x3bc6	0xe003	0x2002	c.lhu
2	2555	c.lhu	9	15	54	c.lhu x9, 54(x15)	0x3be6	0xe003	0x2002	c.lhu
2	2556	c.lhu	9	15	56	c.lhu x9, 56(x15)	0x3f86	0xe003	0x2002	c.lhu
2	2557	c.lhu	9	15	58	c.lhu x9, 58(x15)	0x3fa6	0xe003	0x2002	c.lhu
2	2558	c.lhu	9	15	60	c.lhu x9, 60(x15)	0x3fc6	0xe003	0x2002	c.lhu
2	2559	c.lhu	9	15	62	c.lhu x9, 62(x15)	0x3fe6	0xe003	0x2002	c.lhu
2	2560	c.lhu	10	8	0	c.lhu x10, 0(x8)	0x200a	0xe003	0x2002	c.lhu
2	2561	c.lhu	10	8	2	c.lhu x10, 2(x8)	0x202a	0xe003	0x2002	c.lhu
2	2562	c.lhu	10	8	4	c.lhu x10, 4(x8)	0x204a	0xe003	0x2002	c.lhu
2	2563	c.lhu	10	8	6	c.lhu x10, 6(x8)	0x206a	0xe003	0x2002	c.lhu
2	2564	c.lhu	10	8	8	c.lhu x10, 8(x8)	0x240a	0xe003	0x2002	c.lhu
2	2565	c.lhu	10	8	10	c.lhu x10, 10(x8)	0x242a	0xe003	0x2002	c.lhu
2	2566	c.lhu	10	8	12	c.lhu x10, 12(x8)	0x244a	0xe003	0x2002	c.lhu
2	2567	c.lhu	10	8	14	c.lhu x10, 14(x8)	0x246a	0xe003	0x2002	c.lhu
2	2568	c.lhu	10	8	16	c.lhu x10, 16(x8)	0x280a	0xe003	0x2002	c.lhu
2	2569	c.lhu	10	8	18	c.lhu x10, 18(x8)	0x282a	0xe003	0x2002	c.lhu
2	2570	c.lhu	10	8	20	c.lhu x10, 20(x8)	0x284a	0xe003	0x2002	c.lhu
2	2571	c.lhu	10	8	22	c.lhu x10, 22(x8)	0x286a	0xe003	0x2002	c.lhu
2	2572	c.lhu	10	8	24	c.lhu x10, 24(x8)	0x2c0a	0xe003	0x2002	c.lhu
2	2573	c.lhu	10	8	26	c.lhu x10, 26(x8)	0x2c2a	0xe003	0x2002	c.lhu
2	2574	c.lhu	10	8	28	c.lhu x10, 28(x8)	0x2c4a	0xe003	0x2002	c.lhu
2	2575	c.lhu	10	8	30	c.lhu x10, 30(x8)	0x2c6a	0xe003	0x2002	c.lhu
2	2576	c.lhu	10	8	32	c.lhu x10, 32(x8)	0x300a	0xe003	0x2002	c.lhu
2	2577	c.lhu	10	8	34	c.lhu x10, 34(x8)	0x302a	0xe003	0x2002	c.lhu
2	2578	c.lhu	10	8	36	c.lhu x10, 36(x8)	0x304a	0xe003	0x2002	c.lhu
2	2579	c.lhu	10	8	38	c.lhu x10, 38(x8)	0x306a	0xe003	0x2002	c.lhu
2	2580	c.lhu	10	8	40	c.lhu x10, 40(x8)	0x340a	0xe003	0x2002	c.lhu
2	2581	c.lhu	10	8	42	c.lhu x10, 42(x8)	0x342a	0xe003	0x2002	c.lhu
2	2582	c.lhu	10	8	44	c.lhu x10, 44(x8)	0x344a	0xe003	0x2002	c.lhu
2	2583	c.lhu	10	8	46	c.lhu x10, 46(x8)	0x346a	0xe003	0x2002	c.lhu
2	2584	c.lhu	10	8	48	c.lhu x10, 48(x8)	0x380a	0xe003	0x2002	c.lhu
2	2585	c.lhu	10	8	50	c.lhu x10, 50(x8)	0x382a	0xe003	0x2002	c.lhu
2	2586	c.lhu	10	8	52	c.lhu x10, 52(x8)	0x384a	0xe003	0x2002	c.lhu
2	2587	c.lhu	10	8	54	c.lhu x10, 54(x8)	0x386a	0xe003	0x2002	c.lhu
2	2588	c.lhu	10	8	56	c.lhu x10, 56(x8)	0x3c0a	0xe003	0x2002	c.lhu
2	2589	c.lhu	10	8	58	c.lhu x10, 58(x8)	0x3c2a	0xe003	0x2002	c.lhu
2	2590	c.lhu	10	8	60	c.lhu x10, 60(x8)	0x3c4a	0xe003	0x2002	c.lhu
2	2591	c.lhu	10	8	62	c.lhu x10, 62(x8)	0x3c6a	0xe003	0x2002	c.lhu
2	2592	c.lhu	10	9	0	c.lhu x10, 0(x9)	0x208a	0xe003	0x2002	c.lhu
2	2593	c.lhu	10	9	2	c.lhu x10, 2(x9)	0x20aa	0xe003	0x2002	c.lhu
2	2594	c.lhu	10	9	4	c.lhu x10, 4(x9)	0x20ca	0xe003	0x2002	c.lhu
2	2595	c.lhu	10	9	6	c.lhu x10, 6(x9)	0x20ea	0xe003	0x2002	c.lhu
2	2596	c.lhu	10	9	8	c.lhu x10, 8(x9)	0x248a	0xe003	0x2002	c.lhu
2	2597	c.lhu	10	9	10	c.lhu x10, 10(x9)	0x24aa	0xe003	0x2002	c.lhu
2	2598	c.lhu	10	9	12	c.lhu x10, 12(x9)	0x24ca	0xe003	0x2002	c.lhu
2	2599	c.lhu	10	9	14	c.lhu x10, 14(x9)	0x24ea	0xe003	0x2002	c.lhu
2	2600	c.lhu	10	9	16	c.lhu x10, 16(x9)	0x288a	0xe003	0x2002	c.lhu
2	2601	c.lhu	10	9	18	c.lhu x10, 18(x9)	0x28aa	0xe003	0x2002	c.lhu
2	2602	c.lhu	10	9	20	c.lhu x10, 20(x9)	0x28ca	0xe003	0x2002	c.lhu
2	2603	c.lhu	10	9	22	c.lhu x10, 22(x9)	0x28ea	0xe003	0x2002	c.lhu
2	2604	c.lhu	10	9	24	c.lhu x10, 24(x9)	0x2c8a	0xe003	0x2002	c.lhu
2	2605	c.lhu	10	9	26	c.lhu x10, 26(x9)	0x2caa	0xe003	0x2002	c.lhu
2	2606	c.lhu	10	9	28	c.lhu x10, 28(x9)	0x2cca	0xe003	0x2002	c.lhu
2	2607	c.lhu	10	9	30	c.lhu x10, 30(x9)	0x2cea	0xe003	0x2002	c.lhu
2	2608	c.lhu	10	9	32	c.lhu x10, 32(x9)	0x308a	0xe003	0x2002	c.lhu
2	2609	c.lhu	10	9	34	c.lhu x10, 34(x9)	0x30aa	0xe003	0x2002	c.lhu
2	2610	c.lhu	10	9	36	c.lhu x10, 36(x9)	0x30ca	0xe003	0x2002	c.lhu
2	2611	c.lhu	10	9	38	c.lhu x10, 38(x9)	0x30ea	0xe003	0x2002	c.lhu
2	2612	c.lhu	10	9	40	c.lhu x10, 40(x9)	0x348a	0xe003	0x2002	c.lhu
2	2613	c.lhu	10	9	42	c.lhu x10, 42(x9)	0x34aa	0xe003	0x2002	c.lhu
2	2614	c.lhu	10	9	44	c.lhu x10, 44(x9)	0x34ca	0xe003	0x2002	c.lhu
2	2615	c.lhu	10	9	46	c.lhu x10, 46(x9)	0x34ea	0xe003	0x2002	c.lhu
2	2616	c.lhu	10	9	48	c.lhu x10, 48(x9)	0x388a	0xe003	0x2002	c.lhu
2	2617	c.lhu	10	9	50	c.lhu x10, 50(x9)	0x38aa	0xe003	0x2002	c.lhu
2	2618	c.lhu	10	9	52	c.lhu x10, 52(x9)	0x38ca	0xe003	0x2002	c.lhu
2	2619	c.lhu	10	9	54	c.lhu x10, 54(x9)	0x38ea	0xe003	0x2002	c.lhu
2	2620	c.lhu	10	9	56	c.lhu x10, 56(x9)	0x3c8a	0xe003	0x2002	c.lhu
2	2621	c.lhu	10	9	58	c.lhu x10, 58(x9)	0x3caa	0xe003	0x2002	c.lhu
2	2622	c.lhu	10	9	60	c.lhu x10, 60(x9)	0x3cca	0xe003	0x2002	c.lhu
2	2623	c.lhu	10	9	62	c.lhu x10, 62(x9)	0x3cea	0xe003	0x2002	c.lhu
2	2624	c.lhu	10	10	0	c.lhu x10, 0(x10)	0x210a	0xe003	0x2002	c.lhu
2	2625	c.lhu	10	10	2	c.lhu x10, 2(x10)	0x212a	0xe003	0x2002	c.lhu
2	2626	c.lhu	10	10	4	c.lhu x10, 4(x10)	0x214a	0xe003	0x2002	c.lhu
2	2627	c.lhu	10	10	6	c.lhu x10, 6(x10)	0x216a	0xe003	0x2002	c.lhu
2	2628	c.lhu	10	10	8	c.lhu x10, 8(x10)	0x250a	0xe003	0x2002	c.lhu
2	2629	c.lhu	10	10	10	c.lhu x10, 10(x10)	0x252a	0xe003	0x2002	c.lhu
2	2630	c.lhu	10	10	12	c.lhu x10, 12(x10)	0x254a	0xe003	0x2002	c.lhu
2	2631	c.lhu	10	10	14	c.lhu x10, 14(x10)	0x256a	0xe003	0x2002	c.lhu
2	2632	c.lhu	10	10	16	c.lhu x10, 16(x10)	0x290a	0xe003	0x2002	c.lhu
2	2633	c.lhu	10	10	18	c.lhu x10, 18(x10)	0x292a	0xe003	0x2002	c.lhu
2	2634	c.lhu	10	10	20	c.lhu x10, 20(x10)	0x294a	0xe003	0x2002	c.lhu
2	2635	c.lhu	10	10	22	c.lhu x10, 22(x10)	0x296a	0xe003	0x2002	c.lhu
2	2636	c.lhu	10	10	24	c.lhu x10, 24(x10)	0x2d0a	0xe003	0x2002	c.lhu
2	2637	c.lhu	10	10	26	c.lhu x10, 26(x10)	0x2d2a	0xe003	0x2002	c.lhu
2	2638	c.lhu	10	10	28	c.lhu x10, 28(x10)	0x2d4a	0xe003	0x2002	c.lhu
2	2639	c.lhu	10	10	30	c.lhu x10, 30(x10)	0x2d6a	0xe003	0x2002	c.lhu
2	2640	c.lhu	10	10	32	c.lhu x10, 32(x10)	0x310a	0xe003	0x2002	c.lhu
2	2641	c.lhu	10	10	34	c.lhu x10, 34(x10)	0x312a	0xe003	0x2002	c.lhu
2	2642	c.lhu	10	10	36	c.lhu x10, 36(x10)	0x314a	0xe003	0x2002	c.lhu
2	2643	c.lhu	10	10	38	c.lhu x10, 38(x10)	0x316a	0xe003	0x2002	c.lhu
2	2644	c.lhu	10	10	40	c.lhu x10, 40(x10)	0x350a	0xe003	0x2002	c.lhu
2	2645	c.lhu	10	10	42	c.lhu x10, 42(x10)	0x352a	0xe003	0x2002	c.lhu
2	2646	c.lhu	10	10	44	c.lhu x10, 44(x10)	0x354a	0xe003	0x2002	c.lhu
2	2647	c.lhu	10	10	46	c.lhu x10, 46(x10)	0x356a	0xe003	0x2002	c.lhu
2	2648	c.lhu	10	10	48	c.lhu x10, 48(x10)	0x390a	0xe003	0x2002	c.lhu
2	2649	c.lhu	10	10	50	c.lhu x10, 50(x10)	0x392a	0xe003	0x2002	c.lhu
2	2650	c.lhu	10	10	52	c.lhu x10, 52(x10)	0x394a	0xe003	0x2002	c.lhu
2	2651	c.lhu	10	10	54	c.lhu x10, 54(x10)	0x396a	0xe003	0x2002	c.lhu
2	2652	c.lhu	10	10	56	c.lhu x10, 56(x10)	0x3d0a	0xe003	0x2002	c.lhu
2	2653	c.lhu	10	10	58	c.lhu x10, 58(x10)	0x3d2a	0xe003	0x2002	c.lhu
2	2654	c.lhu	10	10	60	c.lhu x10, 60(x10)	0x3d4a	0xe003	0x2002	c.lhu
2	2655	c.lhu	10	10	62	c.lhu x10, 62(x10)	0x3d6a	0xe003	0x2002	c.lhu
2	2656	c.lhu	10	11	0	c.lhu x10, 0(x11)	0x218a	0xe003	0x2002	c.lhu
2	2657	c.lhu	10	11	2	c.lhu x10, 2(x11)	0x21aa	0xe003	0x2002	c.lhu
2	2658	c.lhu	10	11	4	c.lhu x10, 4(x11)	0x21ca	0xe003	0x2002	c.lhu
2	2659	c.lhu	10	11	6	c.lhu x10, 6(x11)	0x21ea	0xe003	0x2002	c.lhu
2	2660	c.lhu	10	11	8	c.lhu x10, 8(x11)	0x258a	0xe003	0x2002	c.lhu
2	2661	c.lhu	10	11	10	c.lhu x10, 10(x11)	0x25aa	0xe003	0x2002	c.lhu
2	2662	c.lhu	10	11	12	c.lhu x10, 12(x11)	0x25ca	0xe003	0x2002	c.lhu
2	2663	c.lhu	10	11	14	c.lhu x10, 14(x11)	0x25ea	0xe003	0x2002	c.lhu
2	2664	c.lhu	10	11	16	c.lhu x10, 16(x11)	0x298a	0xe003	0x2002	c.lhu
2	2665	c.lhu	10	11	18	c.lhu x10, 18(x11)	0x29aa	0xe003	0x2002	c.lhu
2	2666	c.lhu	10	11	20	c.lhu x10, 20(x11)	0x29ca	0xe003	0x2002	c.lhu
2	2667	c.lhu	10	11	22	c.lhu x10, 22(x11)	0x29ea	0xe003	0x2002	c.lhu
2	2668	c.lhu	10	11	24	c.lhu x10, 24(x11)	0x2d8a	0xe003	0x2002	c.lhu
2	2669	c.lhu	10	11	26	c.lhu x10, 26(x11)	0x2daa	0xe003	0x2002	c.lhu
2	2670	c.lhu	10	11	28	c.lhu x10, 28(x11)	0x2dca	0xe003	0x2002	c.lhu
2	2671	c.lhu	10	11	30	c.lhu x10, 30(x11)	0x2dea	0xe003	0x2002	c.lhu
2	2672	c.lhu	10	11	32	c.lhu x10, 32(x11)	0x318a	0xe003	0x2002	c.lhu
2	2673	c.lhu	10	11	34	c.lhu x10, 34(x11)	0x31aa	0xe003	0x2002	c.lhu
2	2674	c.lhu	10	11	36	c.lhu x10, 36(x11)	0x31ca	0xe003	0x2002	c.lhu
2	2675	c.lhu	10	11	38	c.lhu x10, 38(x11)	0x31ea	0xe003	0x2002	c.lhu
2	2676	c.lhu	10	11	40	c.lhu x10, 40(x11)	0x358a	0xe003	0x2002	c.lhu
2	2677	c.lhu	10	11	42	c.lhu x10, 42(x11)	0x35aa	0xe003	0x2002	c.lhu
2	2678	c.lhu	10	11	44	c.lhu x10, 44(x11)	0x35ca	0xe003	0x2002	c.lhu
2	2679	c.lhu	10	11	46	c.lhu x10, 46(x11)	0x35ea	0xe003	0x2002	c.lhu
2	2680	c.lhu	10	11	48	c.lhu x10, 48(x11)	0x398a	0xe003	0x2002	c.lhu
2	2681	c.lhu	10	11	50	c.lhu x10, 50(x11)	0x39aa	0xe003	0x2002	c.lhu
2	2682	c.lhu	10	11	52	c.lhu x10, 52(x11)	0x39ca	0xe003	0x2002	c.lhu
2	2683	c.lhu	10	11	54	c.lhu x10, 54(x11)	0x39ea	0xe003	0x2002	c.lhu
2	2684	c.lhu	10	11	56	c.lhu x10, 56(x11)	0x3d8a	0xe003	0x2002	c.lhu
2	2685	c.lhu	10	11	58	c.lhu x10, 58(x11)	0x3daa	0xe003	0x2002	c.lhu
2	2686	c.lhu	10	11	60	c.lhu x10, 60(x11)	0x3dca	0xe003	0x2002	c.lhu
2	2687	c.lhu	10	11	62	c.lhu x10, 62(x11)	0x3dea	0xe003	0x2002	c.lhu
2	2688	c.lhu	10	12	0	c.lhu x10, 0(x12)	0x220a	0xe003	0x2002	c.lhu
2	2689	c.lhu	10	12	2	c.lhu x10, 2(x12)	0x222a	0xe003	0x2002	c.lhu
2	2690	c.lhu	10	12	4	c.lhu x10, 4(x12)	0x224a	0xe003	0x2002	c.lhu
2	2691	c.lhu	10	12	6	c.lhu x10, 6(x12)	0x226a	0xe003	0x2002	c.lhu
2	2692	c.lhu	10	12	8	c.lhu x10, 8(x12)	0x260a	0xe003	0x2002	c.lhu
2	2693	c.lhu	10	12	10	c.lhu x10, 10(x12)	0x262a	0xe003	0x2002	c.lhu
2	2694	c.lhu	10	12	12	c.lhu x10, 12(x12)	0x264a	0xe003	0x2002	c.lhu
2	2695	c.lhu	10	12	14	c.lhu x10, 14(x12)	0x266a	0xe003	0x2002	c.lhu
2	2696	c.lhu	10	12	16	c.lhu x10, 16(x12)	0x2a0a	0xe003	0x2002	c.lhu
2	2697	c.lhu	10	12	18	c.lhu x10, 18(x12)	0x2a2a	0xe003	0x2002	c.lhu
2	2698	c.lhu	10	12	20	c.lhu x10, 20(x12)	0x2a4a	0xe003	0x2002	c.lhu
2	2699	c.lhu	10	12	22	c.lhu x10, 22(x12)	0x2a6a	0xe003	0x2002	c.lhu
2	2700	c.lhu	10	12	24	c.lhu x10, 24(x12)	0x2e0a	0xe003	0x2002	c.lhu
2	2701	c.lhu	10	12	26	c.lhu x10, 26(x12)	0x2e2a	0xe003	0x2002	c.lhu
2	2702	c.lhu	10	12	28	c.lhu x10, 28(x12)	0x2e4a	0xe003	0x2002	c.lhu
2	2703	c.lhu	10	12	30	c.lhu x10, 30(x12)	0x2e6a	0xe003	0x2002	c.lhu
2	2704	c.lhu	10	12	32	c.lhu x10, 32(x12)	0x320a	0xe003	0x2002	c.lhu
2	2705	c.lhu	10	12	34	c.lhu x10, 34(x12)	0x322a	0xe003	0x2002	c.lhu
2	2706	c.lhu	10	12	36	c.lhu x10, 36(x12)	0x324a	0xe003	0x2002	c.lhu
2	2707	c.lhu	10	12	38	c.lhu x10, 38(x12)	0x326a	0xe003	0x2002	c.lhu
2	2708	c.lhu	10	12	40	c.lhu x10, 40(x12)	0x360a	0xe003	0x2002	c.lhu
2	2709	c.lhu	10	12	42	c.lhu x10, 42(x12)	0x362a	0xe003	0x2002	c.lhu
2	2710	c.lhu	10	12	44	c.lhu x10, 44(x12)	0x364a	0xe003	0x2002	c.lhu
2	2711	c.lhu	10	12	46	c.lhu x10, 46(x12)	0x366a	0xe003	0x2002	c.lhu
2	2712	c.lhu	10	12	48	c.lhu x10, 48(x12)	0x3a0a	0xe003	0x2002	c.lhu
2	2713	c.lhu	10	12	50	c.lhu x10, 50(x12)	0x3a2a	0xe003	0x2002	c.lhu
2	2714	c.lhu	10	12	52	c.lhu x10, 52(x12)	0x3a4a	0xe003	0x2002	c.lhu
2	2715	c.lhu	10	12	54	c.lhu x10, 54(x12)	0x3a6a	0xe003	0x2002	c.lhu
2	2716	c.lhu	10	12	56	c.lhu x10, 56(x12)	0x3e0a	0xe003	0x2002	c.lhu
2	2717	c.lhu	10	12	58	c.lhu x10, 58(x12)	0x3e2a	0xe003	0x2002	c.lhu
2	2718	c.lhu	10	12	60	c.lhu x10, 60(x12)	0x3e4a	0xe003	0x2002	c.lhu
2	2719	c.lhu	10	12	62	c.lhu x10, 62(x12)	0x3e6a	0xe003	0x2002	c.lhu
2	2720	c.lhu	10	13	0	c.lhu x10, 0(x13)	0x228a	0xe003	0x2002	c.lhu
2	2721	c.lhu	10	13	2	c.lhu x10, 2(x13)	0x22aa	0xe003	0x2002	c.lhu
2	2722	c.lhu	10	13	4	c.lhu x10, 4(x13)	0x22ca	0xe003	0x2002	c.lhu
2	2723	c.lhu	10	13	6	c.lhu x10, 6(x13)	0x22ea	0xe003	0x2002	c.lhu
2	2724	c.lhu	10	13	8	c.lhu x10, 8(x13)	0x268a	0xe003	0x2002	c.lhu
2	2725	c.lhu	10	13	10	c.lhu x10, 10(x13)	0x26aa	0xe003	0x2002	c.lhu
2	2726	c.lhu	10	13	12	c.lhu x10, 12(x13)	0x26ca	0xe003	0x2002	c.lhu
2	2727	c.lhu	10	13	14	c.lhu x10, 14(x13)	0x26ea	0xe003	0x2002	c.lhu
2	2728	c.lhu	10	13	16	c.lhu x10, 16(x13)	0x2a8a	0xe003	0x2002	c.lhu
2	2729	c.lhu	10	13	18	c.lhu x10, 18(x13)	0x2aaa	0xe003	0x2002	c.lhu
2	2730	c.lhu	10	13	20	c.lhu x10, 20(x13)	0x2aca	0xe003	0x2002	c.lhu
2	2731	c.lhu	10	13	22	c.lhu x10, 22(x13)	0x2aea	0xe003	0x2002	c.lhu
2	2732	c.lhu	10	13	24	c.lhu x10, 24(x13)	0x2e8a	0xe003	0x2002	c.lhu
2	2733	c.lhu	10	13	26	c.lhu x10, 26(x13)	0x2eaa	0xe003	0x2002	c.lhu
2	2734	c.lhu	10	13	28	c.lhu x10, 28(x13)	0x2eca	0xe003	0x2002	c.lhu
2	2735	c.lhu	10	13	30	c.lhu x10, 30(x13)	0x2eea	0xe003	0x2002	c.lhu
2	2736	c.lhu	10	13	32	c.lhu x10, 32(x13)	0x328a	0xe003	0x2002	c.lhu
2	2737	c.lhu	10	13	34	c.lhu x10, 34(x13)	0x32aa	0xe003	0x2002	c.lhu
2	2738	c.lhu	10	13	36	c.lhu x10, 36(x13)	0x32ca	0xe003	0x2002	c.lhu
2	2739	c.lhu	10	13	38	c.lhu x10, 38(x13)	0x32ea	0xe003	0x2002	c.lhu
2	2740	c.lhu	10	13	40	c.lhu x10, 40(x13)	0x368a	0xe003	0x2002	c.lhu
2	2741	c.lhu	10	13	42	c.lhu x10, 42(x13)	0x36aa	0xe003	0x2002	c.lhu
2	2742	c.lhu	10	13	44	c.lhu x10, 44(x13)	0x36ca	0xe003	0x2002	c.lhu
2	2743	c.lhu	10	13	46	c.lhu x10, 46(x13)	0x36ea	0xe003	0x2002	c.lhu
2	2744	c.lhu	10	13	48	c.lhu x10, 48(x13)	0x3a8a	0xe003	0x2002	c.lhu
2	2745	c.lhu	10	13	50	c.lhu x10, 50(x13)	0x3aaa	0xe003	0x2002	c.lhu
2	2746	c.lhu	10	13	52	c.lhu x10, 52(x13)	0x3aca	0xe003	0x2002	c.lhu
2	2747	c.lhu	10	13	54	c.lhu x10, 54(x13)	0x3aea	0xe003	0x2002	c.lhu
2	2748	c.lhu	10	13	56	c.lhu x10, 56(x13)	0x3e8a	0xe003	0x2002	c.lhu
2	2749	c.lhu	10	13	58	c.lhu x10, 58(x13)	0x3eaa	0xe003	0x2002	c.lhu
2	2750	c.lhu	10	13	60	c.lhu x10, 60(x13)	0x3eca	0xe003	0x2002	c.lhu
2	2751	c.lhu	10	13	62	c.lhu x10, 62(x13)	0x3eea	0xe003	0x2002	c.lhu
2	2752	c.lhu	10	14	0	c.lhu x10, 0(x14)	0x230a	0xe003	0x2002	c.lhu
2	2753	c.lhu	10	14	2	c.lhu x10, 2(x14)	0x232a	0xe003	0x2002	c.lhu
2	2754	c.lhu	10	14	4	c.lhu x10, 4(x14)	0x234a	0xe003	0x2002	c.lhu
2	2755	c.lhu	10	14	6	c.lhu x10, 6(x14)	0x236a	0xe003	0x2002	c.lhu
2	2756	c.lhu	10	14	8	c.lhu x10, 8(x14)	0x270a	0xe003	0x2002	c.lhu
2	2757	c.lhu	10	14	10	c.lhu x10, 10(x14)	0x272a	0xe003	0x2002	c.lhu
2	2758	c.lhu	10	14	12	c.lhu x10, 12(x14)	0x274a	0xe003	0x2002	c.lhu
2	2759	c.lhu	10	14	14	c.lhu x10, 14(x14)	0x276a	0xe003	0x2002	c.lhu
2	2760	c.lhu	10	14	16	c.lhu x10, 16(x14)	0x2b0a	0xe003	0x2002	c.lhu
2	2761	c.lhu	10	14	18	c.lhu x10, 18(x14)	0x2b2a	0xe003	0x2002	c.lhu
2	2762	c.lhu	10	14	20	c.lhu x10, 20(x14)	0x2b4a	0xe003	0x2002	c.lhu
2	2763	c.lhu	10	14	22	c.lhu x10, 22(x14)	0x2b6a	0xe003	0x2002	c.lhu
2	2764	c.lhu	10	14	24	c.lhu x10, 24(x14)	0x2f0a	0xe003	0x2002	c.lhu
2	2765	c.lhu	10	14	26	c.lhu x10, 26(x14)	0x2f2a	0xe003	0x2002	c.lhu
2	2766	c.lhu	10	14	28	c.lhu x10, 28(x14)	0x2f4a	0xe003	0x2002	c.lhu
2	2767	c.lhu	10	14	30	c.lhu x10, 30(x14)	0x2f6a	0xe003	0x2002	c.lhu
2	2768	c.lhu	10	14	32	c.lhu x10, 32(x14)	0x330a	0xe003	0x2002	c.lhu
2	2769	c.lhu	10	14	34	c.lhu x10, 34(x14)	0x332a	0xe003	0x2002	c.lhu
2	2770	c.lhu	10	14	36	c.lhu x10, 36(x14)	0x334a	0xe003	0x2002	c.lhu
2	2771	c.lhu	10	14	38	c.lhu x10, 38(x14)	0x336a	0xe003	0x2002	c.lhu
2	2772	c.lhu	10	14	40	c.lhu x10, 40(x14)	0x370a	0xe003	0x2002	c.lhu
2	2773	c.lhu	10	14	42	c.lhu x10, 42(x14)	0x372a	0xe003	0x2002	c.lhu
2	2774	c.lhu	10	14	44	c.lhu x10, 44(x14)	0x374a	0xe003	0x2002	c.lhu
2	2775	c.lhu	10	14	46	c.lhu x10, 46(x14)	0x376a	0xe003	0x2002	c.lhu
2	2776	c.lhu	10	14	48	c.lhu x10, 48(x14)	0x3b0a	0xe003	0x2002	c.lhu
2	2777	c.lhu	10	14	50	c.lhu x10, 50(x14)	0x3b2a	0xe003	0x2002	c.lhu
2	2778	c.lhu	10	14	52	c.lhu x10, 52(x14)	0x3b4a	0xe003	0x2002	c.lhu
2	2779	c.lhu	10	14	54	c.lhu x10, 54(x14)	0x3b6a	0xe003	0x2002	c.lhu
2	2780	c.lhu	10	14	56	c.lhu x10, 56(x14)	0x3f0a	0xe003	0x2002	c.lhu
2	2781	c.lhu	10	14	58	c.lhu x10, 58(x14)	0x3f2a	0xe003	0x2002	c.lhu
2	2782	c.lhu	10	14	60	c.lhu x10, 60(x14)	0x3f4a	0xe003	0x2002	c.lhu
2	2783	c.lhu	10	14	62	c.lhu x10, 62(x14)	0x3f6a	0xe003	0x2002	c.lhu
2	2784	c.lhu	10	15	0	c.lhu x10, 0(x15)	0x238a	0xe003	0x2002	c.lhu
2	2785	c.lhu	10	15	2	c.lhu x10, 2(x15)	0x23aa	0xe003	0x2002	c.lhu
2	2786	c.lhu	10	15	4	c.lhu x10, 4(x15)	0x23ca	0xe003	0x2002	c.lhu
2	2787	c.lhu	10	15	6	c.lhu x10, 6(x15)	0x23ea	0xe003	0x2002	c.lhu
2	2788	c.lhu	10	15	8	c.lhu x10, 8(x15)	0x278a	0xe003	0x2002	c.lhu
2	2789	c.lhu	10	15	10	c.lhu x10, 10(x15)	0x27aa	0xe003	0x2002	c.lhu
2	2790	c.lhu	10	15	12	c.lhu x10, 12(x15)	0x27ca	0xe003	0x2002	c.lhu
2	2791	c.lhu	10	15	14	c.lhu x10, 14(x15)	0x27ea	0xe003	0x2002	c.lhu
2	2792	c.lhu	10	15	16	c.lhu x10, 16(x15)	0x2b8a	0xe003	0x2002	c.lhu
2	2793	c.lhu	10	15	18	c.lhu x10, 18(x15)	0x2baa	0xe003	0x2002	c.lhu
2	2794	c.lhu	10	15	20	c.lhu x10, 20(x15)	0x2bca	0xe003	0x2002	c.lhu
2	2795	c.lhu	10	15	22	c.lhu x10, 22(x15)	0x2bea	0xe003	0x2002	c.lhu
2	2796	c.lhu	10	15	24	c.lhu x10, 24(x15)	0x2f8a	0xe003	0x2002	c.lhu
2	2797	c.lhu	10	15	26	c.lhu x10, 26(x15)	0x2faa	0xe003	0x2002	c.lhu
2	2798	c.lhu	10	15	28	c.lhu x10, 28(x15)	0x2fca	0xe003	0x2002	c.lhu
2	2799	c.lhu	10	15	30	c.lhu x10, 30(x15)	0x2fea	0xe003	0x2002	c.lhu
2	2800	c.lhu	10	15	32	c.lhu x10, 32(x15)	0x338a	0xe003	0x2002	c.lhu
2	2801	c.lhu	10	15	34	c.lhu x10, 34(x15)	0x33aa	0xe003	0x2002	c.lhu
2	2802	c.lhu	10	15	36	c.lhu x10, 36(x15)	0x33ca	0xe003	0x2002	c.lhu
2	2803	c.lhu	10	15	38	c.lhu x10, 38(x15)	0x33ea	0xe003	0x2002	c.lhu
2	2804	c.lhu	10	15	40	c.lhu x10, 40(x15)	0x378a	0xe003	0x2002	c.lhu
2	2805	c.lhu	10	15	42	c.lhu x10, 42(x15)	0x37aa	0xe003	0x2002	c.lhu
2	2806	c.lhu	10	15	44	c.lhu x10, 44(x15)	0x37ca	0xe003	0x2002	c.lhu
2	2807	c.lhu	10	15	46	c.lhu x10, 46(x15)	0x37ea	0xe003	0x2002	c.lhu
2	2808	c.lhu	10	15	48	c.lhu x10, 48(x15)	0x3b8a	0xe003	0x2002	c.lhu
2	2809	c.lhu	10	15	50	c.lhu x10, 50(x15)	0x3baa	0xe003	0x2002	c.lhu
2	2810	c.lhu	10	15	52	c.lhu x10, 52(x15)	0x3bca	0xe003	0x2002	c.lhu
2	2811	c.lhu	10	15	54	c.lhu x10, 54(x15)	0x3bea	0xe003	0x2002	c.lhu
2	2812	c.lhu	10	15	56	c.lhu x10, 56(x15)	0x3f8a	0xe003	0x2002	c.lhu
2	2813	c.lhu	10	15	58	c.lhu x10, 58(x15)	0x3faa	0xe003	0x2002	c.lhu
2	2814	c.lhu	10	15	60	c.lhu x10, 60(x15)	0x3fca	0xe003	0x2002	c.lhu
2	2815	c.lhu	10	15	62	c.lhu x10, 62(x15)	0x3fea	0xe003	0x2002	c.lhu
2	2816	c.lhu	11	8	0	c.lhu x11, 0(x8)	0x200e	0xe003	0x2002	c.lhu
2	2817	c.lhu	11	8	2	c.lhu x11, 2(x8)	0x202e	0xe003	0x2002	c.lhu
2	2818	c.lhu	11	8	4	c.lhu x11, 4(x8)	0x204e	0xe003	0x2002	c.lhu
2	2819	c.lhu	11	8	6	c.lhu x11, 6(x8)	0x206e	0xe003	0x2002	c.lhu
2	2820	c.lhu	11	8	8	c.lhu x11, 8(x8)	0x240e	0xe003	0x2002	c.lhu
2	2821	c.lhu	11	8	10	c.lhu x11, 10(x8)	0x242e	0xe003	0x2002	c.lhu
2	2822	c.lhu	11	8	12	c.lhu x11, 12(x8)	0x244e	0xe003	0x2002	c.lhu
2	2823	c.lhu	11	8	14	c.lhu x11, 14(x8)	0x246e	0xe003	0x2002	c.lhu
2	2824	c.lhu	11	8	16	c.lhu x11, 16(x8)	0x280e	0xe003	0x2002	c.lhu
2	2825	c.lhu	11	8	18	c.lhu x11, 18(x8)	0x282e	0xe003	0x2002	c.lhu
2	2826	c.lhu	11	8	20	c.lhu x11, 20(x8)	0x284e	0xe003	0x2002	c.lhu
2	2827	c.lhu	11	8	22	c.lhu x11, 22(x8)	0x286e	0xe003	0x2002	c.lhu
2	2828	c.lhu	11	8	24	c.lhu x11, 24(x8)	0x2c0e	0xe003	0x2002	c.lhu
2	2829	c.lhu	11	8	26	c.lhu x11, 26(x8)	0x2c2e	0xe003	0x2002	c.lhu
2	2830	c.lhu	11	8	28	c.lhu x11, 28(x8)	0x2c4e	0xe003	0x2002	c.lhu
2	2831	c.lhu	11	8	30	c.lhu x11, 30(x8)	0x2c6e	0xe003	0x2002	c.lhu
2	2832	c.lhu	11	8	32	c.lhu x11, 32(x8)	0x300e	0xe003	0x2002	c.lhu
2	2833	c.lhu	11	8	34	c.lhu x11, 34(x8)	0x302e	0xe003	0x2002	c.lhu
2	2834	c.lhu	11	8	36	c.lhu x11, 36(x8)	0x304e	0xe003	0x2002	c.lhu
2	2835	c.lhu	11	8	38	c.lhu x11, 38(x8)	0x306e	0xe003	0x2002	c.lhu
2	2836	c.lhu	11	8	40	c.lhu x11, 40(x8)	0x340e	0xe003	0x2002	c.lhu
2	2837	c.lhu	11	8	42	c.lhu x11, 42(x8)	0x342e	0xe003	0x2002	c.lhu
2	2838	c.lhu	11	8	44	c.lhu x11, 44(x8)	0x344e	0xe003	0x2002	c.lhu
2	2839	c.lhu	11	8	46	c.lhu x11, 46(x8)	0x346e	0xe003	0x2002	c.lhu
2	2840	c.lhu	11	8	48	c.lhu x11, 48(x8)	0x380e	0xe003	0x2002	c.lhu
2	2841	c.lhu	11	8	50	c.lhu x11, 50(x8)	0x382e	0xe003	0x2002	c.lhu
2	2842	c.lhu	11	8	52	c.lhu x11, 52(x8)	0x384e	0xe003	0x2002	c.lhu
2	2843	c.lhu	11	8	54	c.lhu x11, 54(x8)	0x386e	0xe003	0x2002	c.lhu
2	2844	c.lhu	11	8	56	c.lhu x11, 56(x8)	0x3c0e	0xe003	0x2002	c.lhu
2	2845	c.lhu	11	8	58	c.lhu x11, 58(x8)	0x3c2e	0xe003	0x2002	c.lhu
2	2846	c.lhu	11	8	60	c.lhu x11, 60(x8)	0x3c4e	0xe003	0x2002	c.lhu
2	2847	c.lhu	11	8	62	c.lhu x11, 62(x8)	0x3c6e	0xe003	0x2002	c.lhu
2	2848	c.lhu	11	9	0	c.lhu x11, 0(x9)	0x208e	0xe003	0x2002	c.lhu
2	2849	c.lhu	11	9	2	c.lhu x11, 2(x9)	0x20ae	0xe003	0x2002	c.lhu
2	2850	c.lhu	11	9	4	c.lhu x11, 4(x9)	0x20ce	0xe003	0x2002	c.lhu
2	2851	c.lhu	11	9	6	c.lhu x11, 6(x9)	0x20ee	0xe003	0x2002	c.lhu
2	2852	c.lhu	11	9	8	c.lhu x11, 8(x9)	0x248e	0xe003	0x2002	c.lhu
2	2853	c.lhu	11	9	10	c.lhu x11, 10(x9)	0x24ae	0xe003	0x2002	c.lhu
2	2854	c.lhu	11	9	12	c.lhu x11, 12(x9)	0x24ce	0xe003	0x2002	c.lhu
2	2855	c.lhu	11	9	14	c.lhu x11, 14(x9)	0x24ee	0xe003	0x2002	c.lhu
2	2856	c.lhu	11	9	16	c.lhu x11, 16(x9)	0x288e	0xe003	0x2002	c.lhu
2	2857	c.lhu	11	9	18	c.lhu x11, 18(x9)	0x28ae	0xe003	0x2002	c.lhu
2	2858	c.lhu	11	9	20	c.lhu x11, 20(x9)	0x28ce	0xe003	0x2002	c.lhu
2	2859	c.lhu	11	9	22	c.lhu x11, 22(x9)	0x28ee	0xe003	0x2002	c.lhu
2	2860	c.lhu	11	9	24	c.lhu x11, 24(x9)	0x2c8e	0xe003	0x2002	c.lhu
2	2861	c.lhu	11	9	26	c.lhu x11, 26(x9)	0x2cae	0xe003	0x2002	c.lhu
2	2862	c.lhu	11	9	28	c.lhu x11, 28(x9)	0x2cce	0xe003	0x2002	c.lhu
2	2863	c.lhu	11	9	30	c.lhu x11, 30(x9)	0x2cee	0xe003	0x2002	c.lhu
2	2864	c.lhu	11	9	32	c.lhu x11, 32(x9)	0x308e	0xe003	0x2002	c.lhu
2	2865	c.lhu	11	9	34	c.lhu x11, 34(x9)	0x30ae	0xe003	0x2002	c.lhu
2	2866	c.lhu	11	9	36	c.lhu x11, 36(x9)	0x30ce	0xe003	0x2002	c.lhu
2	2867	c.lhu	11	9	38	c.lhu x11, 38(x9)	0x30ee	0xe003	0x2002	c.lhu
2	2868	c.lhu	11	9	40	c.lhu x11, 40(x9)	0x348e	0xe003	0x2002	c.lhu
2	2869	c.lhu	11	9	42	c.lhu x11, 42(x9)	0x34ae	0xe003	0x2002	c.lhu
2	2870	c.lhu	11	9	44	c.lhu x11, 44(x9)	0x34ce	0xe003	0x2002	c.lhu
2	2871	c.lhu	11	9	46	c.lhu x11, 46(x9)	0x34ee	0xe003	0x2002	c.lhu
2	2872	c.lhu	11	9	48	c.lhu x11, 48(x9)	0x388e	0xe003	0x2002	c.lhu
2	2873	c.lhu	11	9	50	c.lhu x11, 50(x9)	0x38ae	0xe003	0x2002	c.lhu
2	2874	c.lhu	11	9	52	c.lhu x11, 52(x9)	0x38ce	0xe003	0x2002	c.lhu
2	2875	c.lhu	11	9	54	c.lhu x11, 54(x9)	0x38ee	0xe003	0x2002	c.lhu
2	2876	c.lhu	11	9	56	c.lhu x11, 56(x9)	0x3c8e	0xe003	0x2002	c.lhu
2	2877	c.lhu	11	9	58	c.lhu x11, 58(x9)	0x3cae	0xe003	0x2002	c.lhu
2	2878	c.lhu	11	9	60	c.lhu x11, 60(x9)	0x3cce	0xe003	0x2002	c.lhu
2	2879	c.lhu	11	9	62	c.lhu x11, 62(x9)	0x3cee	0xe003	0x2002	c.lhu
2	2880	c.lhu	11	10	0	c.lhu x11, 0(x10)	0x210e	0xe003	0x2002	c.lhu
2	2881	c.lhu	11	10	2	c.lhu x11, 2(x10)	0x212e	0xe003	0x2002	c.lhu
2	2882	c.lhu	11	10	4	c.lhu x11, 4(x10)	0x214e	0xe003	0x2002	c.lhu
2	2883	c.lhu	11	10	6	c.lhu x11, 6(x10)	0x216e	0xe003	0x2002	c.lhu
2	2884	c.lhu	11	10	8	c.lhu x11, 8(x10)	0x250e	0xe003	0x2002	c.lhu
2	2885	c.lhu	11	10	10	c.lhu x11, 10(x10)	0x252e	0xe003	0x2002	c.lhu
2	2886	c.lhu	11	10	12	c.lhu x11, 12(x10)	0x254e	0xe003	0x2002	c.lhu
2	2887	c.lhu	11	10	14	c.lhu x11, 14(x10)	0x256e	0xe003	0x2002	c.lhu
2	2888	c.lhu	11	10	16	c.lhu x11, 16(x10)	0x290e	0xe003	0x2002	c.lhu
2	2889	c.lhu	11	10	18	c.lhu x11, 18(x10)	0x292e	0xe003	0x2002	c.lhu
2	2890	c.lhu	11	10	20	c.lhu x11, 20(x10)	0x294e	0xe003	0x2002	c.lhu
2	2891	c.lhu	11	10	22	c.lhu x11, 22(x10)	0x296e	0xe003	0x2002	c.lhu
2	2892	c.lhu	11	10	24	c.lhu x11, 24(x10)	0x2d0e	0xe003	0x2002	c.lhu
2	2893	c.lhu	11	10	26	c.lhu x11, 26(x10)	0x2d2e	0xe003	0x2002	c.lhu
2	2894	c.lhu	11	10	28	c.lhu x11, 28(x10)	0x2d4e	0xe003	0x2002	c.lhu
2	2895	c.lhu	11	10	30	c.lhu x11, 30(x10)	0x2d6e	0xe003	0x2002	c.lhu
2	2896	c.lhu	11	10	32	c.lhu x11, 32(x10)	0x310e	0xe003	0x2002	c.lhu
2	2897	c.lhu	11	10	34	c.lhu x11, 34(x10)	0x312e	0xe003	0x2002	c.lhu
2	2898	c.lhu	11	10	36	c.lhu x11, 36(x10)	0x314e	0xe003	0x2002	c.lhu
2	2899	c.lhu	11	10	38	c.lhu x11, 38(x10)	0x316e	0xe003	0x2002	c.lhu
2	2900	c.lhu	11	10	40	c.lhu x11, 40(x10)	0x350e	0xe003	0x2002	c.lhu
2	2901	c.lhu	11	10	42	c.lhu x11, 42(x10)	0x352e	0xe003	0x2002	c.lhu
2	2902	c.lhu	11	10	44	c.lhu x11, 44(x10)	0x354e	0xe003	0x2002	c.lhu
2	2903	c.lhu	11	10	46	c.lhu x11, 46(x10)	0x356e	0xe003	0x2002	c.lhu
2	2904	c.lhu	11	10	48	c.lhu x11, 48(x10)	0x390e	0xe003	0x2002	c.lhu
2	2905	c.lhu	11	10	50	c.lhu x11, 50(x10)	0x392e	0xe003	0x2002	c.lhu
2	2906	c.lhu	11	10	52	c.lhu x11, 52(x10)	0x394e	0xe003	0x2002	c.lhu
2	2907	c.lhu	11	10	54	c.lhu x11, 54(x10)	0x396e	0xe003	0x2002	c.lhu
2	2908	c.lhu	11	10	56	c.lhu x11, 56(x10)	0x3d0e	0xe003	0x2002	c.lhu
2	2909	c.lhu	11	10	58	c.lhu x11, 58(x10)	0x3d2e	0xe003	0x2002	c.lhu
2	2910	c.lhu	11	10	60	c.lhu x11, 60(x10)	0x3d4e	0xe003	0x2002	c.lhu
2	2911	c.lhu	11	10	62	c.lhu x11, 62(x10)	0x3d6e	0xe003	0x2002	c.lhu
2	2912	c.lhu	11	11	0	c.lhu x11, 0(x11)	0x218e	0xe003	0x2002	c.lhu
2	2913	c.lhu	11	11	2	c.lhu x11, 2(x11)	0x21ae	0xe003	0x2002	c.lhu
2	2914	c.lhu	11	11	4	c.lhu x11, 4(x11)	0x21ce	0xe003	0x2002	c.lhu
2	2915	c.lhu	11	11	6	c.lhu x11, 6(x11)	0x21ee	0xe003	0x2002	c.lhu
2	2916	c.lhu	11	11	8	c.lhu x11, 8(x11)	0x258e	0xe003	0x2002	c.lhu
2	2917	c.lhu	11	11	10	c.lhu x11, 10(x11)	0x25ae	0xe003	0x2002	c.lhu
2	2918	c.lhu	11	11	12	c.lhu x11, 12(x11)	0x25ce	0xe003	0x2002	c.lhu
2	2919	c.lhu	11	11	14	c.lhu x11, 14(x11)	0x25ee	0xe003	0x2002	c.lhu
2	2920	c.lhu	11	11	16	c.lhu x11, 16(x11)	0x298e	0xe003	0x2002	c.lhu
2	2921	c.lhu	11	11	18	c.lhu x11, 18(x11)	0x29ae	0xe003	0x2002	c.lhu
2	2922	c.lhu	11	11	20	c.lhu x11, 20(x11)	0x29ce	0xe003	0x2002	c.lhu
2	2923	c.lhu	11	11	22	c.lhu x11, 22(x11)	0x29ee	0xe003	0x2002	c.lhu
2	2924	c.lhu	11	11	24	c.lhu x11, 24(x11)	0x2d8e	0xe003	0x2002	c.lhu
2	2925	c.lhu	11	11	26	c.lhu x11, 26(x11)	0x2dae	0xe003	0x2002	c.lhu
2	2926	c.lhu	11	11	28	c.lhu x11, 28(x11)	0x2dce	0xe003	0x2002	c.lhu
2	2927	c.lhu	11	11	30	c.lhu x11, 30(x11)	0x2dee	0xe003	0x2002	c.lhu
2	2928	c.lhu	11	11	32	c.lhu x11, 32(x11)	0x318e	0xe003	0x2002	c.lhu
2	2929	c.lhu	11	11	34	c.lhu x11, 34(x11)	0x31ae	0xe003	0x2002	c.lhu
2	2930	c.lhu	11	11	36	c.lhu x11, 36(x11)	0x31ce	0xe003	0x2002	c.lhu
2	2931	c.lhu	11	11	38	c.lhu x11, 38(x11)	0x31ee	0xe003	0x2002	c.lhu
2	2932	c.lhu	11	11	40	c.lhu x11, 40(x11)	0x358e	0xe003	0x2002	c.lhu
2	2933	c.lhu	11	11	42	c.lhu x11, 42(x11)	0x35ae	0xe003	0x2002	c.lhu
2	2934	c.lhu	11	11	44	c.lhu x11, 44(x11)	0x35ce	0xe003	0x2002	c.lhu
2	2935	c.lhu	11	11	46	c.lhu x11, 46(x11)	0x35ee	0xe003	0x2002	c.lhu
2	2936	c.lhu	11	11	48	c.lhu x11, 48(x11)	0x398e	0xe003	0x2002	c.lhu
2	2937	c.lhu	11	11	50	c.lhu x11, 50(x11)	0x39ae	0xe003	0x2002	c.lhu
2	2938	c.lhu	11	11	52	c.lhu x11, 52(x11)	0x39ce	0xe003	0x2002	c.lhu
2	2939	c.lhu	11	11	54	c.lhu x11, 54(x11)	0x39ee	0xe003	0x2002	c.lhu
2	2940	c.lhu	11	11	56	c.lhu x11, 56(x11)	0x3d8e	0xe003	0x2002	c.lhu
2	2941	c.lhu	11	11	58	c.lhu x11, 58(x11)	0x3dae	0xe003	0x2002	c.lhu
2	2942	c.lhu	11	11	60	c.lhu x11, 60(x11)	0x3dce	0xe003	0x2002	c.lhu
2	2943	c.lhu	11	11	62	c.lhu x11, 62(x11)	0x3dee	0xe003	0x2002	c.lhu
2	2944	c.lhu	11	12	0	c.lhu x11, 0(x12)	0x220e	0xe003	0x2002	c.lhu
2	2945	c.lhu	11	12	2	c.lhu x11, 2(x12)	0x222e	0xe003	0x2002	c.lhu
2	2946	c.lhu	11	12	4	c.lhu x11, 4(x12)	0x224e	0xe003	0x2002	c.lhu
2	2947	c.lhu	11	12	6	c.lhu x11, 6(x12)	0x226e	0xe003	0x2002	c.lhu
2	2948	c.lhu	11	12	8	c.lhu x11, 8(x12)	0x260e	0xe003	0x2002	c.lhu
2	2949	c.lhu	11	12	10	c.lhu x11, 10(x12)	0x262e	0xe003	0x2002	c.lhu
2	2950	c.lhu	11	12	12	c.lhu x11, 12(x12)	0x264e	0xe003	0x2002	c.lhu
2	2951	c.lhu	11	12	14	c.lhu x11, 14(x12)	0x266e	0xe003	0x2002	c.lhu
2	2952	c.lhu	11	12	16	c.lhu x11, 16(x12)	0x2a0e	0xe003	0x2002	c.lhu
2	2953	c.lhu	11	12	18	c.lhu x11, 18(x12)	0x2a2e	0xe003	0x2002	c.lhu
2	2954	c.lhu	11	12	20	c.lhu x11, 20(x12)	0x2a4e	0xe003	0x2002	c.lhu
2	2955	c.lhu	11	12	22	c.lhu x11, 22(x12)	0x2a6e	0xe003	0x2002	c.lhu
2	2956	c.lhu	11	12	24	c.lhu x11, 24(x12)	0x2e0e	0xe003	0x2002	c.lhu
2	2957	c.lhu	11	12	26	c.lhu x11, 26(x12)	0x2e2e	0xe003	0x2002	c.lhu
2	2958	c.lhu	11	12	28	c.lhu x11, 28(x12)	0x2e4e	0xe003	0x2002	c.lhu
2	2959	c.lhu	11	12	30	c.lhu x11, 30(x12)	0x2e6e	0xe003	0x2002	c.lhu
2	2960	c.lhu	11	12	32	c.lhu x11, 32(x12)	0x320e	0xe003	0x2002	c.lhu
2	2961	c.lhu	11	12	34	c.lhu x11, 34(x12)	0x322e	0xe003	0x2002	c.lhu
2	2962	c.lhu	11	12	36	c.lhu x11, 36(x12)	0x324e	0xe003	0x2002	c.lhu
2	2963	c.lhu	11	12	38	c.lhu x11, 38(x12)	0x326e	0xe003	0x2002	c.lhu
2	2964	c.lhu	11	12	40	c.lhu x11, 40(x12)	0x360e	0xe003	0x2002	c.lhu
2	2965	c.lhu	11	12	42	c.lhu x11, 42(x12)	0x362e	0xe003	0x2002	c.lhu
2	2966	c.lhu	11	12	44	c.lhu x11, 44(x12)	0x364e	0xe003	0x2002	c.lhu
2	2967	c.lhu	11	12	46	c.lhu x11, 46(x12)	0x366e	0xe003	0x2002	c.lhu
2	2968	c.lhu	11	12	48	c.lhu x11, 48(x12)	0x3a0e	0xe003	0x2002	c.lhu
2	2969	c.lhu	11	12	50	c.lhu x11, 50(x12)	0x3a2e	0xe003	0x2002	c.lhu
2	2970	c.lhu	11	12	52	c.lhu x11, 52(x12)	0x3a4e	0xe003	0x2002	c.lhu
2	2971	c.lhu	11	12	54	c.lhu x11, 54(x12)	0x3a6e	0xe003	0x2002	c.lhu
2	2972	c.lhu	11	12	56	c.lhu x11, 56(x12)	0x3e0e	0xe003	0x2002	c.lhu
2	2973	c.lhu	11	12	58	c.lhu x11, 58(x12)	0x3e2e	0xe003	0x2002	c.lhu
2	2974	c.lhu	11	12	60	c.lhu x11, 60(x12)	0x3e4e	0xe003	0x2002	c.lhu
2	2975	c.lhu	11	12	62	c.lhu x11, 62(x12)	0x3e6e	0xe003	0x2002	c.lhu
2	2976	c.lhu	11	13	0	c.lhu x11, 0(x13)	0x228e	0xe003	0x2002	c.lhu
2	2977	c.lhu	11	13	2	c.lhu x11, 2(x13)	0x22ae	0xe003	0x2002	c.lhu
2	2978	c.lhu	11	13	4	c.lhu x11, 4(x13)	0x22ce	0xe003	0x2002	c.lhu
2	2979	c.lhu	11	13	6	c.lhu x11, 6(x13)	0x22ee	0xe003	0x2002	c.lhu
2	2980	c.lhu	11	13	8	c.lhu x11, 8(x13)	0x268e	0xe003	0x2002	c.lhu
2	2981	c.lhu	11	13	10	c.lhu x11, 10(x13)	0x26ae	0xe003	0x2002	c.lhu
2	2982	c.lhu	11	13	12	c.lhu x11, 12(x13)	0x26ce	0xe003	0x2002	c.lhu
2	2983	c.lhu	11	13	14	c.lhu x11, 14(x13)	0x26ee	0xe003	0x2002	c.lhu
2	2984	c.lhu	11	13	16	c.lhu x11, 16(x13)	0x2a8e	0xe003	0x2002	c.lhu
2	2985	c.lhu	11	13	18	c.lhu x11, 18(x13)	0x2aae	0xe003	0x2002	c.lhu
2	2986	c.lhu	11	13	20	c.lhu x11, 20(x13)	0x2ace	0xe003	0x2002	c.lhu
2	2987	c.lhu	11	13	22	c.lhu x11, 22(x13)	0x2aee	0xe003	0x2002	c.lhu
2	2988	c.lhu	11	13	24	c.lhu x11, 24(x13)	0x2e8e	0xe003	0x2002	c.lhu
2	2989	c.lhu	11	13	26	c.lhu x11, 26(x13)	0x2eae	0xe003	0x2002	c.lhu
2	2990	c.lhu	11	13	28	c.lhu x11, 28(x13)	0x2ece	0xe003	0x2002	c.lhu
2	2991	c.lhu	11	13	30	c.lhu x11, 30(x13)	0x2eee	0xe003	0x2002	c.lhu
2	2992	c.lhu	11	13	32	c.lhu x11, 32(x13)	0x328e	0xe003	0x2002	c.lhu
2	2993	c.lhu	11	13	34	c.lhu x11, 34(x13)	0x32ae	0xe003	0x2002	c.lhu
2	2994	c.lhu	11	13	36	c.lhu x11, 36(x13)	0x32ce	0xe003	0x2002	c.lhu
2	2995	c.lhu	11	13	38	c.lhu x11, 38(x13)	0x32ee	0xe003	0x2002	c.lhu
2	2996	c.lhu	11	13	40	c.lhu x11, 40(x13)	0x368e	0xe003	0x2002	c.lhu
2	2997	c.lhu	11	13	42	c.lhu x11, 42(x13)	0x36ae	0xe003	0x2002	c.lhu
2	2998	c.lhu	11	13	44	c.lhu x11, 44(x13)	0x36ce	0xe003	0x2002	c.lhu
2	2999	c.lhu	11	13	46	c.lhu x11, 46(x13)	0x36ee	0xe003	0x2002	c.lhu
2	3000	c.lhu	11	13	48	c.lhu x11, 48(x13)	0x3a8e	0xe003	0x2002	c.lhu
2	3001	c.lhu	11	13	50	c.lhu x11, 50(x13)	0x3aae	0xe003	0x2002	c.lhu
2	3002	c.lhu	11	13	52	c.lhu x11, 52(x13)	0x3ace	0xe003	0x2002	c.lhu
2	3003	c.lhu	11	13	54	c.lhu x11, 54(x13)	0x3aee	0xe003	0x2002	c.lhu
2	3004	c.lhu	11	13	56	c.lhu x11, 56(x13)	0x3e8e	0xe003	0x2002	c.lhu
2	3005	c.lhu	11	13	58	c.lhu x11, 58(x13)	0x3eae	0xe003	0x2002	c.lhu
2	3006	c.lhu	11	13	60	c.lhu x11, 60(x13)	0x3ece	0xe003	0x2002	c.lhu
2	3007	c.lhu	11	13	62	c.lhu x11, 62(x13)	0x3eee	0xe003	0x2002	c.lhu
2	3008	c.lhu	11	14	0	c.lhu x11, 0(x14)	0x230e	0xe003	0x2002	c.lhu
2	3009	c.lhu	11	14	2	c.lhu x11, 2(x14)	0x232e	0xe003	0x2002	c.lhu
2	3010	c.lhu	11	14	4	c.lhu x11, 4(x14)	0x234e	0xe003	0x2002	c.lhu
2	3011	c.lhu	11	14	6	c.lhu x11, 6(x14)	0x236e	0xe003	0x2002	c.lhu
2	3012	c.lhu	11	14	8	c.lhu x11, 8(x14)	0x270e	0xe003	0x2002	c.lhu
2	3013	c.lhu	11	14	10	c.lhu x11, 10(x14)	0x272e	0xe003	0x2002	c.lhu
2	3014	c.lhu	11	14	12	c.lhu x11, 12(x14)	0x274e	0xe003	0x2002	c.lhu
2	3015	c.lhu	11	14	14	c.lhu x11, 14(x14)	0x276e	0xe003	0x2002	c.lhu
2	3016	c.lhu	11	14	16	c.lhu x11, 16(x14)	0x2b0e	0xe003	0x2002	c.lhu
2	3017	c.lhu	11	14	18	c.lhu x11, 18(x14)	0x2b2e	0xe003	0x2002	c.lhu
2	3018	c.lhu	11	14	20	c.lhu x11, 20(x14)	0x2b4e	0xe003	0x2002	c.lhu
2	3019	c.lhu	11	14	22	c.lhu x11, 22(x14)	0x2b6e	0xe003	0x2002	c.lhu
2	3020	c.lhu	11	14	24	c.lhu x11, 24(x14)	0x2f0e	0xe003	0x2002	c.lhu
2	3021	c.lhu	11	14	26	c.lhu x11, 26(x14)	0x2f2e	0xe003	0x2002	c.lhu
2	3022	c.lhu	11	14	28	c.lhu x11, 28(x14)	0x2f4e	0xe003	0x2002	c.lhu
2	3023	c.lhu	11	14	30	c.lhu x11, 30(x14)	0x2f6e	0xe003	0x2002	c.lhu
2	3024	c.lhu	11	14	32	c.lhu x11, 32(x14)	0x330e	0xe003	0x2002	c.lhu
2	3025	c.lhu	11	14	34	c.lhu x11, 34(x14)	0x332e	0xe003	0x2002	c.lhu
2	3026	c.lhu	11	14	36	c.lhu x11, 36(x14)	0x334e	0xe003	0x2002	c.lhu
2	3027	c.lhu	11	14	38	c.lhu x11, 38(x14)	0x336e	0xe003	0x2002	c.lhu
2	3028	c.lhu	11	14	40	c.lhu x11, 40(x14)	0x370e	0xe003	0x2002	c.lhu
2	3029	c.lhu	11	14	42	c.lhu x11, 42(x14)	0x372e	0xe003	0x2002	c.lhu
2	3030	c.lhu	11	14	44	c.lhu x11, 44(x14)	0x374e	0xe003	0x2002	c.lhu
2	3031	c.lhu	11	14	46	c.lhu x11, 46(x14)	0x376e	0xe003	0x2002	c.lhu
2	3032	c.lhu	11	14	48	c.lhu x11, 48(x14)	0x3b0e	0xe003	0x2002	c.lhu
2	3033	c.lhu	11	14	50	c.lhu x11, 50(x14)	0x3b2e	0xe003	0x2002	c.lhu
2	3034	c.lhu	11	14	52	c.lhu x11, 52(x14)	0x3b4e	0xe003	0x2002	c.lhu
2	3035	c.lhu	11	14	54	c.lhu x11, 54(x14)	0x3b6e	0xe003	0x2002	c.lhu
2	3036	c.lhu	11	14	56	c.lhu x11, 56(x14)	0x3f0e	0xe003	0x2002	c.lhu
2	3037	c.lhu	11	14	58	c.lhu x11, 58(x14)	0x3f2e	0xe003	0x2002	c.lhu
2	3038	c.lhu	11	14	60	c.lhu x11, 60(x14)	0x3f4e	0xe003	0x2002	c.lhu
2	3039	c.lhu	11	14	62	c.lhu x11, 62(x14)	0x3f6e	0xe003	0x2002	c.lhu
2	3040	c.lhu	11	15	0	c.lhu x11, 0(x15)	0x238e	0xe003	0x2002	c.lhu
2	3041	c.lhu	11	15	2	c.lhu x11, 2(x15)	0x23ae	0xe003	0x2002	c.lhu
2	3042	c.lhu	11	15	4	c.lhu x11, 4(x15)	0x23ce	0xe003	0x2002	c.lhu
2	3043	c.lhu	11	15	6	c.lhu x11, 6(x15)	0x23ee	0xe003	0x2002	c.lhu
2	3044	c.lhu	11	15	8	c.lhu x11, 8(x15)	0x278e	0xe003	0x2002	c.lhu
2	3045	c.lhu	11	15	10	c.lhu x11, 10(x15)	0x27ae	0xe003	0x2002	c.lhu
2	3046	c.lhu	11	15	12	c.lhu x11, 12(x15)	0x27ce	0xe003	0x2002	c.lhu
2	3047	c.lhu	11	15	14	c.lhu x11, 14(x15)	0x27ee	0xe003	0x2002	c.lhu
2	3048	c.lhu	11	15	16	c.lhu x11, 16(x15)	0x2b8e	0xe003	0x2002	c.lhu
2	3049	c.lhu	11	15	18	c.lhu x11, 18(x15)	0x2bae	0xe003	0x2002	c.lhu
2	3050	c.lhu	11	15	20	c.lhu x11, 20(x15)	0x2bce	0xe003	0x2002	c.lhu
2	3051	c.lhu	11	15	22	c.lhu x11, 22(x15)	0x2bee	0xe003	0x2002	c.lhu
2	3052	c.lhu	11	15	24	c.lhu x11, 24(x15)	0x2f8e	0xe003	0x2002	c.lhu
2	3053	c.lhu	11	15	26	c.lhu x11, 26(x15)	0x2fae	0xe003	0x2002	c.lhu
2	3054	c.lhu	11	15	28	c.lhu x11, 28(x15)	0x2fce	0xe003	0x2002	c.lhu
2	3055	c.lhu	11	15	30	c.lhu x11, 30(x15)	0x2fee	0xe003	0x2002	c.lhu
2	3056	c.lhu	11	15	32	c.lhu x11, 32(x15)	0x338e	0xe003	0x2002	c.lhu
2	3057	c.lhu	11	15	34	c.lhu x11, 34(x15)	0x33ae	0xe003	0x2002	c.lhu
2	3058	c.lhu	11	15	36	c.lhu x11, 36(x15)	0x33ce	0xe003	0x2002	c.lhu
2	3059	c.lhu	11	15	38	c.lhu x11, 38(x15)	0x33ee	0xe003	0x2002	c.lhu
2	3060	c.lhu	11	15	40	c.lhu x11, 40(x15)	0x378e	0xe003	0x2002	c.lhu
2	3061	c.lhu	11	15	42	c.lhu x11, 42(x15)	0x37ae	0xe003	0x2002	c.lhu
2	3062	c.lhu	11	15	44	c.lhu x11, 44(x15)	0x37ce	0xe003	0x2002	c.lhu
2	3063	c.lhu	11	15	46	c.lhu x11, 46(x15)	0x37ee	0xe003	0x2002	c.lhu
2	3064	c.lhu	11	15	48	c.lhu x11, 48(x15)	0x3b8e	0xe003	0x2002	c.lhu
2	3065	c.lhu	11	15	50	c.lhu x11, 50(x15)	0x3bae	0xe003	0x2002	c.lhu
2	3066	c.lhu	11	15	52	c.lhu x11, 52(x15)	0x3bce	0xe003	0x2002	c.lhu
2	3067	c.lhu	11	15	54	c.lhu x11, 54(x15)	0x3bee	0xe003	0x2002	c.lhu
2	3068	c.lhu	11	15	56	c.lhu x11, 56(x15)	0x3f8e	0xe003	0x2002	c.lhu
2	3069	c.lhu	11	15	58	c.lhu x11, 58(x15)	0x3fae	0xe003	0x2002	c.lhu
2	3070	c.lhu	11	15	60	c.lhu x11, 60(x15)	0x3fce	0xe003	0x2002	c.lhu
2	3071	c.lhu	11	15	62	c.lhu x11, 62(x15)	0x3fee	0xe003	0x2002	c.lhu
2	3072	c.lhu	12	8	0	c.lhu x12, 0(x8)	0x2012	0xe003	0x2002	c.lhu
2	3073	c.lhu	12	8	2	c.lhu x12, 2(x8)	0x2032	0xe003	0x2002	c.lhu
2	3074	c.lhu	12	8	4	c.lhu x12, 4(x8)	0x2052	0xe003	0x2002	c.lhu
2	3075	c.lhu	12	8	6	c.lhu x12, 6(x8)	0x2072	0xe003	0x2002	c.lhu
2	3076	c.lhu	12	8	8	c.lhu x12, 8(x8)	0x2412	0xe003	0x2002	c.lhu
2	3077	c.lhu	12	8	10	c.lhu x12, 10(x8)	0x2432	0xe003	0x2002	c.lhu
2	3078	c.lhu	12	8	12	c.lhu x12, 12(x8)	0x2452	0xe003	0x2002	c.lhu
2	3079	c.lhu	12	8	14	c.lhu x12, 14(x8)	0x2472	0xe003	0x2002	c.lhu
2	3080	c.lhu	12	8	16	c.lhu x12, 16(x8)	0x2812	0xe003	0x2002	c.lhu
2	3081	c.lhu	12	8	18	c.lhu x12, 18(x8)	0x2832	0xe003	0x2002	c.lhu
2	3082	c.lhu	12	8	20	c.lhu x12, 20(x8)	0x2852	0xe003	0x2002	c.lhu
2	3083	c.lhu	12	8	22	c.lhu x12, 22(x8)	0x2872	0xe003	0x2002	c.lhu
2	3084	c.lhu	12	8	24	c.lhu x12, 24(x8)	0x2c12	0xe003	0x2002	c.lhu
2	3085	c.lhu	12	8	26	c.lhu x12, 26(x8)	0x2c32	0xe003	0x2002	c.lhu
2	3086	c.lhu	12	8	28	c.lhu x12, 28(x8)	0x2c52	0xe003	0x2002	c.lhu
2	3087	c.lhu	12	8	30	c.lhu x12, 30(x8)	0x2c72	0xe003	0x2002	c.lhu
2	3088	c.lhu	12	8	32	c.lhu x12, 32(x8)	0x3012	0xe003	0x2002	c.lhu
2	3089	c.lhu	12	8	34	c.lhu x12, 34(x8)	0x3032	0xe003	0x2002	c.lhu
2	3090	c.lhu	12	8	36	c.lhu x12, 36(x8)	0x3052	0xe003	0x2002	c.lhu
2	3091	c.lhu	12	8	38	c.lhu x12, 38(x8)	0x3072	0xe003	0x2002	c.lhu
2	3092	c.lhu	12	8	40	c.lhu x12, 40(x8)	0x3412	0xe003	0x2002	c.lhu
2	3093	c.lhu	12	8	42	c.lhu x12, 42(x8)	0x3432	0xe003	0x2002	c.lhu
2	3094	c.lhu	12	8	44	c.lhu x12, 44(x8)	0x3452	0xe003	0x2002	c.lhu
2	3095	c.lhu	12	8	46	c.lhu x12, 46(x8)	0x3472	0xe003	0x2002	c.lhu
2	3096	c.lhu	12	8	48	c.lhu x12, 48(x8)	0x3812	0xe003	0x2002	c.lhu
2	3097	c.lhu	12	8	50	c.lhu x12, 50(x8)	0x3832	0xe003	0x2002	c.lhu
2	3098	c.lhu	12	8	52	c.lhu x12, 52(x8)	0x3852	0xe003	0x2002	c.lhu
2	3099	c.lhu	12	8	54	c.lhu x12, 54(x8)	0x3872	0xe003	0x2002	c.lhu
2	3100	c.lhu	12	8	56	c.lhu x12, 56(x8)	0x3c12	0xe003	0x2002	c.lhu
2	3101	c.lhu	12	8	58	c.lhu x12, 58(x8)	0x3c32	0xe003	0x2002	c.lhu
2	3102	c.lhu	12	8	60	c.lhu x12, 60(x8)	0x3c52	0xe003	0x2002	c.lhu
2	3103	c.lhu	12	8	62	c.lhu x12, 62(x8)	0x3c72	0xe003	0x2002	c.lhu
2	3104	c.lhu	12	9	0	c.lhu x12, 0(x9)	0x2092	0xe003	0x2002	c.lhu
2	3105	c.lhu	12	9	2	c.lhu x12, 2(x9)	0x20b2	0xe003	0x2002	c.lhu
2	3106	c.lhu	12	9	4	c.lhu x12, 4(x9)	0x20d2	0xe003	0x2002	c.lhu
2	3107	c.lhu	12	9	6	c.lhu x12, 6(x9)	0x20f2	0xe003	0x2002	c.lhu
2	3108	c.lhu	12	9	8	c.lhu x12, 8(x9)	0x2492	0xe003	0x2002	c.lhu
2	3109	c.lhu	12	9	10	c.lhu x12, 10(x9)	0x24b2	0xe003	0x2002	c.lhu
2	3110	c.lhu	12	9	12	c.lhu x12, 12(x9)	0x24d2	0xe003	0x2002	c.lhu
2	3111	c.lhu	12	9	14	c.lhu x12, 14(x9)	0x24f2	0xe003	0x2002	c.lhu
2	3112	c.lhu	12	9	16	c.lhu x12, 16(x9)	0x2892	0xe003	0x2002	c.lhu
2	3113	c.lhu	12	9	18	c.lhu x12, 18(x9)	0x28b2	0xe003	0x2002	c.lhu
2	3114	c.lhu	12	9	20	c.lhu x12, 20(x9)	0x28d2	0xe003	0x2002	c.lhu
2	3115	c.lhu	12	9	22	c.lhu x12, 22(x9)	0x28f2	0xe003	0x2002	c.lhu
2	3116	c.lhu	12	9	24	c.lhu x12, 24(x9)	0x2c92	0xe003	0x2002	c.lhu
2	3117	c.lhu	12	9	26	c.lhu x12, 26(x9)	0x2cb2	0xe003	0x2002	c.lhu
2	3118	c.lhu	12	9	28	c.lhu x12, 28(x9)	0x2cd2	0xe003	0x2002	c.lhu
2	3119	c.lhu	12	9	30	c.lhu x12, 30(x9)	0x2cf2	0xe003	0x2002	c.lhu
2	3120	c.lhu	12	9	32	c.lhu x12, 32(x9)	0x3092	0xe003	0x2002	c.lhu
2	3121	c.lhu	12	9	34	c.lhu x12, 34(x9)	0x30b2	0xe003	0x2002	c.lhu
2	3122	c.lhu	12	9	36	c.lhu x12, 36(x9)	0x30d2	0xe003	0x2002	c.lhu
2	3123	c.lhu	12	9	38	c.lhu x12, 38(x9)	0x30f2	0xe003	0x2002	c.lhu
2	3124	c.lhu	12	9	40	c.lhu x12, 40(x9)	0x3492	0xe003	0x2002	c.lhu
2	3125	c.lhu	12	9	42	c.lhu x12, 42(x9)	0x34b2	0xe003	0x2002	c.lhu
2	3126	c.lhu	12	9	44	c.lhu x12, 44(x9)	0x34d2	0xe003	0x2002	c.lhu
2	3127	c.lhu	12	9	46	c.lhu x12, 46(x9)	0x34f2	0xe003	0x2002	c.lhu
2	3128	c.lhu	12	9	48	c.lhu x12, 48(x9)	0x3892	0xe003	0x2002	c.lhu
2	3129	c.lhu	12	9	50	c.lhu x12, 50(x9)	0x38b2	0xe003	0x2002	c.lhu
2	3130	c.lhu	12	9	52	c.lhu x12, 52(x9)	0x38d2	0xe003	0x2002	c.lhu
2	3131	c.lhu	12	9	54	c.lhu x12, 54(x9)	0x38f2	0xe003	0x2002	c.lhu
2	3132	c.lhu	12	9	56	c.lhu x12, 56(x9)	0x3c92	0xe003	0x2002	c.lhu
2	3133	c.lhu	12	9	58	c.lhu x12, 58(x9)	0x3cb2	0xe003	0x2002	c.lhu
2	3134	c.lhu	12	9	60	c.lhu x12, 60(x9)	0x3cd2	0xe003	0x2002	c.lhu
2	3135	c.lhu	12	9	62	c.lhu x12, 62(x9)	0x3cf2	0xe003	0x2002	c.lhu
2	3136	c.lhu	12	10	0	c.lhu x12, 0(x10)	0x2112	0xe003	0x2002	c.lhu
2	3137	c.lhu	12	10	2	c.lhu x12, 2(x10)	0x2132	0xe003	0x2002	c.lhu
2	3138	c.lhu	12	10	4	c.lhu x12, 4(x10)	0x2152	0xe003	0x2002	c.lhu
2	3139	c.lhu	12	10	6	c.lhu x12, 6(x10)	0x2172	0xe003	0x2002	c.lhu
2	3140	c.lhu	12	10	8	c.lhu x12, 8(x10)	0x2512	0xe003	0x2002	c.lhu
2	3141	c.lhu	12	10	10	c.lhu x12, 10(x10)	0x2532	0xe003	0x2002	c.lhu
2	3142	c.lhu	12	10	12	c.lhu x12, 12(x10)	0x2552	0xe003	0x2002	c.lhu
2	3143	c.lhu	12	10	14	c.lhu x12, 14(x10)	0x2572	0xe003	0x2002	c.lhu
2	3144	c.lhu	12	10	16	c.lhu x12, 16(x10)	0x2912	0xe003	0x2002	c.lhu
2	3145	c.lhu	12	10	18	c.lhu x12, 18(x10)	0x2932	0xe003	0x2002	c.lhu
2	3146	c.lhu	12	10	20	c.lhu x12, 20(x10)	0x2952	0xe003	0x2002	c.lhu
2	3147	c.lhu	12	10	22	c.lhu x12, 22(x10)	0x2972	0xe003	0x2002	c.lhu
2	3148	c.lhu	12	10	24	c.lhu x12, 24(x10)	0x2d12	0xe003	0x2002	c.lhu
2	3149	c.lhu	12	10	26	c.lhu x12, 26(x10)	0x2d32	0xe003	0x2002	c.lhu
2	3150	c.lhu	12	10	28	c.lhu x12, 28(x10)	0x2d52	0xe003	0x2002	c.lhu
2	3151	c.lhu	12	10	30	c.lhu x12, 30(x10)	0x2d72	0xe003	0x2002	c.lhu
2	3152	c.lhu	12	10	32	c.lhu x12, 32(x10)	0x3112	0xe003	0x2002	c.lhu
2	3153	c.lhu	12	10	34	c.lhu x12, 34(x10)	0x3132	0xe003	0x2002	c.lhu
2	3154	c.lhu	12	10	36	c.lhu x12, 36(x10)	0x3152	0xe003	0x2002	c.lhu
2	3155	c.lhu	12	10	38	c.lhu x12, 38(x10)	0x3172	0xe003	0x2002	c.lhu
2	3156	c.lhu	12	10	40	c.lhu x12, 40(x10)	0x3512	0xe003	0x2002	c.lhu
2	3157	c.lhu	12	10	42	c.lhu x12, 42(x10)	0x3532	0xe003	0x2002	c.lhu
2	3158	c.lhu	12	10	44	c.lhu x12, 44(x10)	0x3552	0xe003	0x2002	c.lhu
2	3159	c.lhu	12	10	46	c.lhu x12, 46(x10)	0x3572	0xe003	0x2002	c.lhu
2	3160	c.lhu	12	10	48	c.lhu x12, 48(x10)	0x3912	0xe003	0x2002	c.lhu
2	3161	c.lhu	12	10	50	c.lhu x12, 50(x10)	0x3932	0xe003	0x2002	c.lhu
2	3162	c.lhu	12	10	52	c.lhu x12, 52(x10)	0x3952	0xe003	0x2002	c.lhu
2	3163	c.lhu	12	10	54	c.lhu x12, 54(x10)	0x3972	0xe003	0x2002	c.lhu
2	3164	c.lhu	12	10	56	c.lhu x12, 56(x10)	0x3d12	0xe003	0x2002	c.lhu
2	3165	c.lhu	12	10	58	c.lhu x12, 58(x10)	0x3d32	0xe003	0x2002	c.lhu
2	3166	c.lhu	12	10	60	c.lhu x12, 60(x10)	0x3d52	0xe003	0x2002	c.lhu
2	3167	c.lhu	12	10	62	c.lhu x12, 62(x10)	0x3d72	0xe003	0x2002	c.lhu
2	3168	c.lhu	12	11	0	c.lhu x12, 0(x11)	0x2192	0xe003	0x2002	c.lhu
2	3169	c.lhu	12	11	2	c.lhu x12, 2(x11)	0x21b2	0xe003	0x2002	c.lhu
2	3170	c.lhu	12	11	4	c.lhu x12, 4(x11)	0x21d2	0xe003	0x2002	c.lhu
2	3171	c.lhu	12	11	6	c.lhu x12, 6(x11)	0x21f2	0xe003	0x2002	c.lhu
2	3172	c.lhu	12	11	8	c.lhu x12, 8(x11)	0x2592	0xe003	0x2002	c.lhu
2	3173	c.lhu	12	11	10	c.lhu x12, 10(x11)	0x25b2	0xe003	0x2002	c.lhu
2	3174	c.lhu	12	11	12	c.lhu x12, 12(x11)	0x25d2	0xe003	0x2002	c.lhu
2	3175	c.lhu	12	11	14	c.lhu x12, 14(x11)	0x25f2	0xe003	0x2002	c.lhu
2	3176	c.lhu	12	11	16	c.lhu x12, 16(x11)	0x2992	0xe003	0x2002	c.lhu
2	3177	c.lhu	12	11	18	c.lhu x12, 18(x11)	0x29b2	0xe003	0x2002	c.lhu
2	3178	c.lhu	12	11	20	c.lhu x12, 20(x11)	0x29d2	0xe003	0x2002	c.lhu
2	3179	c.lhu	12	11	22	c.lhu x12, 22(x11)	0x29f2	0xe003	0x2002	c.lhu
2	3180	c.lhu	12	11	24	c.lhu x12, 24(x11)	0x2d92	0xe003	0x2002	c.lhu
2	3181	c.lhu	12	11	26	c.lhu x12, 26(x11)	0x2db2	0xe003	0x2002	c.lhu
2	3182	c.lhu	12	11	28	c.lhu x12, 28(x11)	0x2dd2	0xe003	0x2002	c.lhu
2	3183	c.lhu	12	11	30	c.lhu x12, 30(x11)	0x2df2	0xe003	0x2002	c.lhu
2	3184	c.lhu	12	11	32	c.lhu x12, 32(x11)	0x3192	0xe003	0x2002	c.lhu
2	3185	c.lhu	12	11	34	c.lhu x12, 34(x11)	0x31b2	0xe003	0x2002	c.lhu
2	3186	c.lhu	12	11	36	c.lhu x12, 36(x11)	0x31d2	0xe003	0x2002	c.lhu
2	3187	c.lhu	12	11	38	c.lhu x12, 38(x11)	0x31f2	0xe003	0x2002	c.lhu
2	3188	c.lhu	12	11	40	c.lhu x12, 40(x11)	0x3592	0xe003	0x2002	c.lhu
2	3189	c.lhu	12	11	42	c.lhu x12, 42(x11)	0x35b2	0xe003	0x2002	c.lhu
2	3190	c.lhu	12	11	44	c.lhu x12, 44(x11)	0x35d2	0xe003	0x2002	c.lhu
2	3191	c.lhu	12	11	46	c.lhu x12, 46(x11)	0x35f2	0xe003	0x2002	c.lhu
2	3192	c.lhu	12	11	48	c.lhu x12, 48(x11)	0x3992	0xe003	0x2002	c.lhu
2	3193	c.lhu	12	11	50	c.lhu x12, 50(x11)	0x39b2	0xe003	0x2002	c.lhu
2	3194	c.lhu	12	11	52	c.lhu x12, 52(x11)	0x39d2	0xe003	0x2002	c.lhu
2	3195	c.lhu	12	11	54	c.lhu x12, 54(x11)	0x39f2	0xe003	0x2002	c.lhu
2	3196	c.lhu	12	11	56	c.lhu x12, 56(x11)	0x3d92	0xe003	0x2002	c.lhu
2	3197	c.lhu	12	11	58	c.lhu x12, 58(x11)	0x3db2	0xe003	0x2002	c.lhu
2	3198	c.lhu	12	11	60	c.lhu x12, 60(x11)	0x3dd2	0xe003	0x2002	c.lhu
2	3199	c.lhu	12	11	62	c.lhu x12, 62(x11)	0x3df2	0xe003	0x2002	c.lhu
2	3200	c.lhu	12	12	0	c.lhu x12, 0(x12)	0x2212	0xe003	0x2002	c.lhu
2	3201	c.lhu	12	12	2	c.lhu x12, 2(x12)	0x2232	0xe003	0x2002	c.lhu
2	3202	c.lhu	12	12	4	c.lhu x12, 4(x12)	0x2252	0xe003	0x2002	c.lhu
2	3203	c.lhu	12	12	6	c.lhu x12, 6(x12)	0x2272	0xe003	0x2002	c.lhu
2	3204	c.lhu	12	12	8	c.lhu x12, 8(x12)	0x2612	0xe003	0x2002	c.lhu
2	3205	c.lhu	12	12	10	c.lhu x12, 10(x12)	0x2632	0xe003	0x2002	c.lhu
2	3206	c.lhu	12	12	12	c.lhu x12, 12(x12)	0x2652	0xe003	0x2002	c.lhu
2	3207	c.lhu	12	12	14	c.lhu x12, 14(x12)	0x2672	0xe003	0x2002	c.lhu
2	3208	c.lhu	12	12	16	c.lhu x12, 16(x12)	0x2a12	0xe003	0x2002	c.lhu
2	3209	c.lhu	12	12	18	c.lhu x12, 18(x12)	0x2a32	0xe003	0x2002	c.lhu
2	3210	c.lhu	12	12	20	c.lhu x12, 20(x12)	0x2a52	0xe003	0x2002	c.lhu
2	3211	c.lhu	12	12	22	c.lhu x12, 22(x12)	0x2a72	0xe003	0x2002	c.lhu
2	3212	c.lhu	12	12	24	c.lhu x12, 24(x12)	0x2e12	0xe003	0x2002	c.lhu
2	3213	c.lhu	12	12	26	c.lhu x12, 26(x12)	0x2e32	0xe003	0x2002	c.lhu
2	3214	c.lhu	12	12	28	c.lhu x12, 28(x12)	0x2e52	0xe003	0x2002	c.lhu
2	3215	c.lhu	12	12	30	c.lhu x12, 30(x12)	0x2e72	0xe003	0x2002	c.lhu
2	3216	c.lhu	12	12	32	c.lhu x12, 32(x12)	0x3212	0xe003	0x2002	c.lhu
2	3217	c.lhu	12	12	34	c.lhu x12, 34(x12)	0x3232	0xe003	0x2002	c.lhu
2	3218	c.lhu	12	12	36	c.lhu x12, 36(x12)	0x3252	0xe003	0x2002	c.lhu
2	3219	c.lhu	12	12	38	c.lhu x12, 38(x12)	0x3272	0xe003	0x2002	c.lhu
2	3220	c.lhu	12	12	40	c.lhu x12, 40(x12)	0x3612	0xe003	0x2002	c.lhu
2	3221	c.lhu	12	12	42	c.lhu x12, 42(x12)	0x3632	0xe003	0x2002	c.lhu
2	3222	c.lhu	12	12	44	c.lhu x12, 44(x12)	0x3652	0xe003	0x2002	c.lhu
2	3223	c.lhu	12	12	46	c.lhu x12, 46(x12)	0x3672	0xe003	0x2002	c.lhu
2	3224	c.lhu	12	12	48	c.lhu x12, 48(x12)	0x3a12	0xe003	0x2002	c.lhu
2	3225	c.lhu	12	12	50	c.lhu x12, 50(x12)	0x3a32	0xe003	0x2002	c.lhu
2	3226	c.lhu	12	12	52	c.lhu x12, 52(x12)	0x3a52	0xe003	0x2002	c.lhu
2	3227	c.lhu	12	12	54	c.lhu x12, 54(x12)	0x3a72	0xe003	0x2002	c.lhu
2	3228	c.lhu	12	12	56	c.lhu x12, 56(x12)	0x3e12	0xe003	0x2002	c.lhu
2	3229	c.lhu	12	12	58	c.lhu x12, 58(x12)	0x3e32	0xe003	0x2002	c.lhu
2	3230	c.lhu	12	12	60	c.lhu x12, 60(x12)	0x3e52	0xe003	0x2002	c.lhu
2	3231	c.lhu	12	12	62	c.lhu x12, 62(x12)	0x3e72	0xe003	0x2002	c.lhu
2	3232	c.lhu	12	13	0	c.lhu x12, 0(x13)	0x2292	0xe003	0x2002	c.lhu
2	3233	c.lhu	12	13	2	c.lhu x12, 2(x13)	0x22b2	0xe003	0x2002	c.lhu
2	3234	c.lhu	12	13	4	c.lhu x12, 4(x13)	0x22d2	0xe003	0x2002	c.lhu
2	3235	c.lhu	12	13	6	c.lhu x12, 6(x13)	0x22f2	0xe003	0x2002	c.lhu
2	3236	c.lhu	12	13	8	c.lhu x12, 8(x13)	0x2692	0xe003	0x2002	c.lhu
2	3237	c.lhu	12	13	10	c.lhu x12, 10(x13)	0x26b2	0xe003	0x2002	c.lhu
2	3238	c.lhu	12	13	12	c.lhu x12, 12(x13)	0x26d2	0xe003	0x2002	c.lhu
2	3239	c.lhu	12	13	14	c.lhu x12, 14(x13)	0x26f2	0xe003	0x2002	c.lhu
2	3240	c.lhu	12	13	16	c.lhu x12, 16(x13)	0x2a92	0xe003	0x2002	c.lhu
2	3241	c.lhu	12	13	18	c.lhu x12, 18(x13)	0x2ab2	0xe003	0x2002	c.lhu
2	3242	c.lhu	12	13	20	c.lhu x12, 20(x13)	0x2ad2	0xe003	0x2002	c.lhu
2	3243	c.lhu	12	13	22	c.lhu x12, 22(x13)	0x2af2	0xe003	0x2002	c.lhu
2	3244	c.lhu	12	13	24	c.lhu x12, 24(x13)	0x2e92	0xe003	0x2002	c.lhu
2	3245	c.lhu	12	13	26	c.lhu x12, 26(x13)	0x2eb2	0xe003	0x2002	c.lhu
2	3246	c.lhu	12	13	28	c.lhu x12, 28(x13)	0x2ed2	0xe003	0x2002	c.lhu
2	3247	c.lhu	12	13	30	c.lhu x12, 30(x13)	0x2ef2	0xe003	0x2002	c.lhu
2	3248	c.lhu	12	13	32	c.lhu x12, 32(x13)	0x3292	0xe003	0x2002	c.lhu
2	3249	c.lhu	12	13	34	c.lhu x12, 34(x13)	0x32b2	0xe003	0x2002	c.lhu
2	3250	c.lhu	12	13	36	c.lhu x12, 36(x13)	0x32d2	0xe003	0x2002	c.lhu
2	3251	c.lhu	12	13	38	c.lhu x12, 38(x13)	0x32f2	0xe003	0x2002	c.lhu
2	3252	c.lhu	12	13	40	c.lhu x12, 40(x13)	0x3692	0xe003	0x2002	c.lhu
2	3253	c.lhu	12	13	42	c.lhu x12, 42(x13)	0x36b2	0xe003	0x2002	c.lhu
2	3254	c.lhu	12	13	44	c.lhu x12, 44(x13)	0x36d2	0xe003	0x2002	c.lhu
2	3255	c.lhu	12	13	46	c.lhu x12, 46(x13)	0x36f2	0xe003	0x2002	c.lhu
2	3256	c.lhu	12	13	48	c.lhu x12, 48(x13)	0x3a92	0xe003	0x2002	c.lhu
2	3257	c.lhu	12	13	50	c.lhu x12, 50(x13)	0x3ab2	0xe003	0x2002	c.lhu
2	3258	c.lhu	12	13	52	c.lhu x12, 52(x13)	0x3ad2	0xe003	0x2002	c.lhu
2	3259	c.lhu	12	13	54	c.lhu x12, 54(x13)	0x3af2	0xe003	0x2002	c.lhu
2	3260	c.lhu	12	13	56	c.lhu x12, 56(x13)	0x3e92	0xe003	0x2002	c.lhu
2	3261	c.lhu	12	13	58	c.lhu x12, 58(x13)	0x3eb2	0xe003	0x2002	c.lhu
2	3262	c.lhu	12	13	60	c.lhu x12, 60(x13)	0x3ed2	0xe003	0x2002	c.lhu
2	3263	c.lhu	12	13	62	c.lhu x12, 62(x13)	0x3ef2	0xe003	0x2002	c.lhu
2	3264	c.lhu	12	14	0	c.lhu x12, 0(x14)	0x2312	0xe003	0x2002	c.lhu
2	3265	c.lhu	12	14	2	c.lhu x12, 2(x14)	0x2332	0xe003	0x2002	c.lhu
2	3266	c.lhu	12	14	4	c.lhu x12, 4(x14)	0x2352	0xe003	0x2002	c.lhu
2	3267	c.lhu	12	14	6	c.lhu x12, 6(x14)	0x2372	0xe003	0x2002	c.lhu
2	3268	c.lhu	12	14	8	c.lhu x12, 8(x14)	0x2712	0xe003	0x2002	c.lhu
2	3269	c.lhu	12	14	10	c.lhu x12, 10(x14)	0x2732	0xe003	0x2002	c.lhu
2	3270	c.lhu	12	14	12	c.lhu x12, 12(x14)	0x2752	0xe003	0x2002	c.lhu
2	3271	c.lhu	12	14	14	c.lhu x12, 14(x14)	0x2772	0xe003	0x2002	c.lhu
2	3272	c.lhu	12	14	16	c.lhu x12, 16(x14)	0x2b12	0xe003	0x2002	c.lhu
2	3273	c.lhu	12	14	18	c.lhu x12, 18(x14)	0x2b32	0xe003	0x2002	c.lhu
2	3274	c.lhu	12	14	20	c.lhu x12, 20(x14)	0x2b52	0xe003	0x2002	c.lhu
2	3275	c.lhu	12	14	22	c.lhu x12, 22(x14)	0x2b72	0xe003	0x2002	c.lhu
2	3276	c.lhu	12	14	24	c.lhu x12, 24(x14)	0x2f12	0xe003	0x2002	c.lhu
2	3277	c.lhu	12	14	26	c.lhu x12, 26(x14)	0x2f32	0xe003	0x2002	c.lhu
2	3278	c.lhu	12	14	28	c.lhu x12, 28(x14)	0x2f52	0xe003	0x2002	c.lhu
2	3279	c.lhu	12	14	30	c.lhu x12, 30(x14)	0x2f72	0xe003	0x2002	c.lhu
2	3280	c.lhu	12	14	32	c.lhu x12, 32(x14)	0x3312	0xe003	0x2002	c.lhu
2	3281	c.lhu	12	14	34	c.lhu x12, 34(x14)	0x3332	0xe003	0x2002	c.lhu
2	3282	c.lhu	12	14	36	c.lhu x12, 36(x14)	0x3352	0xe003	0x2002	c.lhu
2	3283	c.lhu	12	14	38	c.lhu x12, 38(x14)	0x3372	0xe003	0x2002	c.lhu
2	3284	c.lhu	12	14	40	c.lhu x12, 40(x14)	0x3712	0xe003	0x2002	c.lhu
2	3285	c.lhu	12	14	42	c.lhu x12, 42(x14)	0x3732	0xe003	0x2002	c.lhu
2	3286	c.lhu	12	14	44	c.lhu x12, 44(x14)	0x3752	0xe003	0x2002	c.lhu
2	3287	c.lhu	12	14	46	c.lhu x12, 46(x14)	0x3772	0xe003	0x2002	c.lhu
2	3288	c.lhu	12	14	48	c.lhu x12, 48(x14)	0x3b12	0xe003	0x2002	c.lhu
2	3289	c.lhu	12	14	50	c.lhu x12, 50(x14)	0x3b32	0xe003	0x2002	c.lhu
2	3290	c.lhu	12	14	52	c.lhu x12, 52(x14)	0x3b52	0xe003	0x2002	c.lhu
2	3291	c.lhu	12	14	54	c.lhu x12, 54(x14)	0x3b72	0xe003	0x2002	c.lhu
2	3292	c.lhu	12	14	56	c.lhu x12, 56(x14)	0x3f12	0xe003	0x2002	c.lhu
2	3293	c.lhu	12	14	58	c.lhu x12, 58(x14)	0x3f32	0xe003	0x2002	c.lhu
2	3294	c.lhu	12	14	60	c.lhu x12, 60(x14)	0x3f52	0xe003	0x2002	c.lhu
2	3295	c.lhu	12	14	62	c.lhu x12, 62(x14)	0x3f72	0xe003	0x2002	c.lhu
2	3296	c.lhu	12	15	0	c.lhu x12, 0(x15)	0x2392	0xe003	0x2002	c.lhu
2	3297	c.lhu	12	15	2	c.lhu x12, 2(x15)	0x23b2	0xe003	0x2002	c.lhu
2	3298	c.lhu	12	15	4	c.lhu x12, 4(x15)	0x23d2	0xe003	0x2002	c.lhu
2	3299	c.lhu	12	15	6	c.lhu x12, 6(x15)	0x23f2	0xe003	0x2002	c.lhu
2	3300	c.lhu	12	15	8	c.lhu x12, 8(x15)	0x2792	0xe003	0x2002	c.lhu
2	3301	c.lhu	12	15	10	c.lhu x12, 10(x15)	0x27b2	0xe003	0x2002	c.lhu
2	3302	c.lhu	12	15	12	c.lhu x12, 12(x15)	0x27d2	0xe003	0x2002	c.lhu
2	3303	c.lhu	12	15	14	c.lhu x12, 14(x15)	0x27f2	0xe003	0x2002	c.lhu
2	3304	c.lhu	12	15	16	c.lhu x12, 16(x15)	0x2b92	0xe003	0x2002	c.lhu
2	3305	c.lhu	12	15	18	c.lhu x12, 18(x15)	0x2bb2	0xe003	0x2002	c.lhu
2	3306	c.lhu	12	15	20	c.lhu x12, 20(x15)	0x2bd2	0xe003	0x2002	c.lhu
2	3307	c.lhu	12	15	22	c.lhu x12, 22(x15)	0x2bf2	0xe003	0x2002	c.lhu
2	3308	c.lhu	12	15	24	c.lhu x12, 24(x15)	0x2f92	0xe003	0x2002	c.lhu
2	3309	c.lhu	12	15	26	c.lhu x12, 26(x15)	0x2fb2	0xe003	0x2002	c.lhu
2	3310	c.lhu	12	15	28	c.lhu x12, 28(x15)	0x2fd2	0xe003	0x2002	c.lhu
2	3311	c.lhu	12	15	30	c.lhu x12, 30(x15)	0x2ff2	0xe003	0x2002	c.lhu
2	3312	c.lhu	12	15	32	c.lhu x12, 32(x15)	0x3392	0xe003	0x2002	c.lhu
2	3313	c.lhu	12	15	34	c.lhu x12, 34(x15)	0x33b2	0xe003	0x2002	c.lhu
2	3314	c.lhu	12	15	36	c.lhu x12, 36(x15)	0x33d2	0xe003	0x2002	c.lhu
2	3315	c.lhu	12	15	38	c.lhu x12, 38(x15)	0x33f2	0xe003	0x2002	c.lhu
2	3316	c.lhu	12	15	40	c.lhu x12, 40(x15)	0x3792	0xe003	0x2002	c.lhu
2	3317	c.lhu	12	15	42	c.lhu x12, 42(x15)	0x37b2	0xe003	0x2002	c.lhu
2	3318	c.lhu	12	15	44	c.lhu x12, 44(x15)	0x37d2	0xe003	0x2002	c.lhu
2	3319	c.lhu	12	15	46	c.lhu x12, 46(x15)	0x37f2	0xe003	0x2002	c.lhu
2	3320	c.lhu	12	15	48	c.lhu x12, 48(x15)	0x3b92	0xe003	0x2002	c.lhu
2	3321	c.lhu	12	15	50	c.lhu x12, 50(x15)	0x3bb2	0xe003	0x2002	c.lhu
2	3322	c.lhu	12	15	52	c.lhu x12, 52(x15)	0x3bd2	0xe003	0x2002	c.lhu
2	3323	c.lhu	12	15	54	c.lhu x12, 54(x15)	0x3bf2	0xe003	0x2002	c.lhu
2	3324	c.lhu	12	15	56	c.lhu x12, 56(x15)	0x3f92	0xe003	0x2002	c.lhu
2	3325	c.lhu	12	15	58	c.lhu x12, 58(x15)	0x3fb2	0xe003	0x2002	c.lhu
2	3326	c.lhu	12	15	60	c.lhu x12, 60(x15)	0x3fd2	0xe003	0x2002	c.lhu
2	3327	c.lhu	12	15	62	c.lhu x12, 62(x15)	0x3ff2	0xe003	0x2002	c.lhu
2	3328	c.lhu	13	8	0	c.lhu x13, 0(x8)	0x2016	0xe003	0x2002	c.lhu
2	3329	c.lhu	13	8	2	c.lhu x13, 2(x8)	0x2036	0xe003	0x2002	c.lhu
2	3330	c.lhu	13	8	4	c.lhu x13, 4(x8)	0x2056	0xe003	0x2002	c.lhu
2	3331	c.lhu	13	8	6	c.lhu x13, 6(x8)	0x2076	0xe003	0x2002	c.lhu
2	3332	c.lhu	13	8	8	c.lhu x13, 8(x8)	0x2416	0xe003	0x2002	c.lhu
2	3333	c.lhu	13	8	10	c.lhu x13, 10(x8)	0x2436	0xe003	0x2002	c.lhu
2	3334	c.lhu	13	8	12	c.lhu x13, 12(x8)	0x2456	0xe003	0x2002	c.lhu
2	3335	c.lhu	13	8	14	c.lhu x13, 14(x8)	0x2476	0xe003	0x2002	c.lhu
2	3336	c.lhu	13	8	16	c.lhu x13, 16(x8)	0x2816	0xe003	0x2002	c.lhu
2	3337	c.lhu	13	8	18	c.lhu x13, 18(x8)	0x2836	0xe003	0x2002	c.lhu
2	3338	c.lhu	13	8	20	c.lhu x13, 20(x8)	0x2856	0xe003	0x2002	c.lhu
2	3339	c.lhu	13	8	22	c.lhu x13, 22(x8)	0x2876	0xe003	0x2002	c.lhu
2	3340	c.lhu	13	8	24	c.lhu x13, 24(x8)	0x2c16	0xe003	0x2002	c.lhu
2	3341	c.lhu	13	8	26	c.lhu x13, 26(x8)	0x2c36	0xe003	0x2002	c.lhu
2	3342	c.lhu	13	8	28	c.lhu x13, 28(x8)	0x2c56	0xe003	0x2002	c.lhu
2	3343	c.lhu	13	8	30	c.lhu x13, 30(x8)	0x2c76	0xe003	0x2002	c.lhu
2	3344	c.lhu	13	8	32	c.lhu x13, 32(x8)	0x3016	0xe003	0x2002	c.lhu
2	3345	c.lhu	13	8	34	c.lhu x13, 34(x8)	0x3036	0xe003	0x2002	c.lhu
2	3346	c.lhu	13	8	36	c.lhu x13, 36(x8)	0x3056	0xe003	0x2002	c.lhu
2	3347	c.lhu	13	8	38	c.lhu x13, 38(x8)	0x3076	0xe003	0x2002	c.lhu
2	3348	c.lhu	13	8	40	c.lhu x13, 40(x8)	0x3416	0xe003	0x2002	c.lhu
2	3349	c.lhu	13	8	42	c.lhu x13, 42(x8)	0x3436	0xe003	0x2002	c.lhu
2	3350	c.lhu	13	8	44	c.lhu x13, 44(x8)	0x3456	0xe003	0x2002	c.lhu
2	3351	c.lhu	13	8	46	c.lhu x13, 46(x8)	0x3476	0xe003	0x2002	c.lhu
2	3352	c.lhu	13	8	48	c.lhu x13, 48(x8)	0x3816	0xe003	0x2002	c.lhu
2	3353	c.lhu	13	8	50	c.lhu x13, 50(x8)	0x3836	0xe003	0x2002	c.lhu
2	3354	c.lhu	13	8	52	c.lhu x13, 52(x8)	0x3856	0xe003	0x2002	c.lhu
2	3355	c.lhu	13	8	54	c.lhu x13, 54(x8)	0x3876	0xe003	0x2002	c.lhu
2	3356	c.lhu	13	8	56	c.lhu x13, 56(x8)	0x3c16	0xe003	0x2002	c.lhu
2	3357	c.lhu	13	8	58	c.lhu x13, 58(x8)	0x3c36	0xe003	0x2002	c.lhu
2	3358	c.lhu	13	8	60	c.lhu x13, 60(x8)	0x3c56	0xe003	0x2002	c.lhu
2	3359	c.lhu	13	8	62	c.lhu x13, 62(x8)	0x3c76	0xe003	0x2002	c.lhu
2	3360	c.lhu	13	9	0	c.lhu x13, 0(x9)	0x2096	0xe003	0x2002	c.lhu
2	3361	c.lhu	13	9	2	c.lhu x13, 2(x9)	0x20b6	0xe003	0x2002	c.lhu
2	3362	c.lhu	13	9	4	c.lhu x13, 4(x9)	0x20d6	0xe003	0x2002	c.lhu
2	3363	c.lhu	13	9	6	c.lhu x13, 6(x9)	0x20f6	0xe003	0x2002	c.lhu
2	3364	c.lhu	13	9	8	c.lhu x13, 8(x9)	0x2496	0xe003	0x2002	c.lhu
2	3365	c.lhu	13	9	10	c.lhu x13, 10(x9)	0x24b6	0xe003	0x2002	c.lhu
2	3366	c.lhu	13	9	12	c.lhu x13, 12(x9)	0x24d6	0xe003	0x2002	c.lhu
2	3367	c.lhu	13	9	14	c.lhu x13, 14(x9)	0x24f6	0xe003	0x2002	c.lhu
2	3368	c.lhu	13	9	16	c.lhu x13, 16(x9)	0x2896	0xe003	0x2002	c.lhu
2	3369	c.lhu	13	9	18	c.lhu x13, 18(x9)	0x28b6	0xe003	0x2002	c.lhu
2	3370	c.lhu	13	9	20	c.lhu x13, 20(x9)	0x28d6	0xe003	0x2002	c.lhu
2	3371	c.lhu	13	9	22	c.lhu x13, 22(x9)	0x28f6	0xe003	0x2002	c.lhu
2	3372	c.lhu	13	9	24	c.lhu x13, 24(x9)	0x2c96	0xe003	0x2002	c.lhu
2	3373	c.lhu	13	9	26	c.lhu x13, 26(x9)	0x2cb6	0xe003	0x2002	c.lhu
2	3374	c.lhu	13	9	28	c.lhu x13, 28(x9)	0x2cd6	0xe003	0x2002	c.lhu
2	3375	c.lhu	13	9	30	c.lhu x13, 30(x9)	0x2cf6	0xe003	0x2002	c.lhu
2	3376	c.lhu	13	9	32	c.lhu x13, 32(x9)	0x3096	0xe003	0x2002	c.lhu
2	3377	c.lhu	13	9	34	c.lhu x13, 34(x9)	0x30b6	0xe003	0x2002	c.lhu
2	3378	c.lhu	13	9	36	c.lhu x13, 36(x9)	0x30d6	0xe003	0x2002	c.lhu
2	3379	c.lhu	13	9	38	c.lhu x13, 38(x9)	0x30f6	0xe003	0x2002	c.lhu
2	3380	c.lhu	13	9	40	c.lhu x13, 40(x9)	0x3496	0xe003	0x2002	c.lhu
2	3381	c.lhu	13	9	42	c.lhu x13, 42(x9)	0x34b6	0xe003	0x2002	c.lhu
2	3382	c.lhu	13	9	44	c.lhu x13, 44(x9)	0x34d6	0xe003	0x2002	c.lhu
2	3383	c.lhu	13	9	46	c.lhu x13, 46(x9)	0x34f6	0xe003	0x2002	c.lhu
2	3384	c.lhu	13	9	48	c.lhu x13, 48(x9)	0x3896	0xe003	0x2002	c.lhu
2	3385	c.lhu	13	9	50	c.lhu x13, 50(x9)	0x38b6	0xe003	0x2002	c.lhu
2	3386	c.lhu	13	9	52	c.lhu x13, 52(x9)	0x38d6	0xe003	0x2002	c.lhu
2	3387	c.lhu	13	9	54	c.lhu x13, 54(x9)	0x38f6	0xe003	0x2002	c.lhu
2	3388	c.lhu	13	9	56	c.lhu x13, 56(x9)	0x3c96	0xe003	0x2002	c.lhu
2	3389	c.lhu	13	9	58	c.lhu x13, 58(x9)	0x3cb6	0xe003	0x2002	c.lhu
2	3390	c.lhu	13	9	60	c.lhu x13, 60(x9)	0x3cd6	0xe003	0x2002	c.lhu
2	3391	c.lhu	13	9	62	c.lhu x13, 62(x9)	0x3cf6	0xe003	0x2002	c.lhu
2	3392	c.lhu	13	10	0	c.lhu x13, 0(x10)	0x2116	0xe003	0x2002	c.lhu
2	3393	c.lhu	13	10	2	c.lhu x13, 2(x10)	0x2136	0xe003	0x2002	c.lhu
2	3394	c.lhu	13	10	4	c.lhu x13, 4(x10)	0x2156	0xe003	0x2002	c.lhu
2	3395	c.lhu	13	10	6	c.lhu x13, 6(x10)	0x2176	0xe003	0x2002	c.lhu
2	3396	c.lhu	13	10	8	c.lhu x13, 8(x10)	0x2516	0xe003	0x2002	c.lhu
2	3397	c.lhu	13	10	10	c.lhu x13, 10(x10)	0x2536	0xe003	0x2002	c.lhu
2	3398	c.lhu	13	10	12	c.lhu x13, 12(x10)	0x2556	0xe003	0x2002	c.lhu
2	3399	c.lhu	13	10	14	c.lhu x13, 14(x10)	0x2576	0xe003	0x2002	c.lhu
2	3400	c.lhu	13	10	16	c.lhu x13, 16(x10)	0x2916	0xe003	0x2002	c.lhu
2	3401	c.lhu	13	10	18	c.lhu x13, 18(x10)	0x2936	0xe003	0x2002	c.lhu
2	3402	c.lhu	13	10	20	c.lhu x13, 20(x10)	0x2956	0xe003	0x2002	c.lhu
2	3403	c.lhu	13	10	22	c.lhu x13, 22(x10)	0x2976	0xe003	0x2002	c.lhu
2	3404	c.lhu	13	10	24	c.lhu x13, 24(x10)	0x2d16	0xe003	0x2002	c.lhu
2	3405	c.lhu	13	10	26	c.lhu x13, 26(x10)	0x2d36	0xe003	0x2002	c.lhu
2	3406	c.lhu	13	10	28	c.lhu x13, 28(x10)	0x2d56	0xe003	0x2002	c.lhu
2	3407	c.lhu	13	10	30	c.lhu x13, 30(x10)	0x2d76	0xe003	0x2002	c.lhu
2	3408	c.lhu	13	10	32	c.lhu x13, 32(x10)	0x3116	0xe003	0x2002	c.lhu
2	3409	c.lhu	13	10	34	c.lhu x13, 34(x10)	0x3136	0xe003	0x2002	c.lhu
2	3410	c.lhu	13	10	36	c.lhu x13, 36(x10)	0x3156	0xe003	0x2002	c.lhu
2	3411	c.lhu	13	10	38	c.lhu x13, 38(x10)	0x3176	0xe003	0x2002	c.lhu
2	3412	c.lhu	13	10	40	c.lhu x13, 40(x10)	0x3516	0xe003	0x2002	c.lhu
2	3413	c.lhu	13	10	42	c.lhu x13, 42(x10)	0x3536	0xe003	0x2002	c.lhu
2	3414	c.lhu	13	10	44	c.lhu x13, 44(x10)	0x3556	0xe003	0x2002	c.lhu
2	3415	c.lhu	13	10	46	c.lhu x13, 46(x10)	0x3576	0xe003	0x2002	c.lhu
2	3416	c.lhu	13	10	48	c.lhu x13, 48(x10)	0x3916	0xe003	0x2002	c.lhu
2	3417	c.lhu	13	10	50	c.lhu x13, 50(x10)	0x3936	0xe003	0x2002	c.lhu
2	3418	c.lhu	13	10	52	c.lhu x13, 52(x10)	0x3956	0xe003	0x2002	c.lhu
2	3419	c.lhu	13	10	54	c.lhu x13, 54(x10)	0x3976	0xe003	0x2002	c.lhu
2	3420	c.lhu	13	10	56	c.lhu x13, 56(x10)	0x3d16	0xe003	0x2002	c.lhu
2	3421	c.lhu	13	10	58	c.lhu x13, 58(x10)	0x3d36	0xe003	0x2002	c.lhu
2	3422	c.lhu	13	10	60	c.lhu x13, 60(x10)	0x3d56	0xe003	0x2002	c.lhu
2	3423	c.lhu	13	10	62	c.lhu x13, 62(x10)	0x3d76	0xe003	0x2002	c.lhu
2	3424	c.lhu	13	11	0	c.lhu x13, 0(x11)	0x2196	0xe003	0x2002	c.lhu
2	3425	c.lhu	13	11	2	c.lhu x13, 2(x11)	0x21b6	0xe003	0x2002	c.lhu
2	3426	c.lhu	13	11	4	c.lhu x13, 4(x11)	0x21d6	0xe003	0x2002	c.lhu
2	3427	c.lhu	13	11	6	c.lhu x13, 6(x11)	0x21f6	0xe003	0x2002	c.lhu
2	3428	c.lhu	13	11	8	c.lhu x13, 8(x11)	0x2596	0xe003	0x2002	c.lhu
2	3429	c.lhu	13	11	10	c.lhu x13, 10(x11)	0x25b6	0xe003	0x2002	c.lhu
2	3430	c.lhu	13	11	12	c.lhu x13, 12(x11)	0x25d6	0xe003	0x2002	c.lhu
2	3431	c.lhu	13	11	14	c.lhu x13, 14(x11)	0x25f6	0xe003	0x2002	c.lhu
2	3432	c.lhu	13	11	16	c.lhu x13, 16(x11)	0x2996	0xe003	0x2002	c.lhu
2	3433	c.lhu	13	11	18	c.lhu x13, 18(x11)	0x29b6	0xe003	0x2002	c.lhu
2	3434	c.lhu	13	11	20	c.lhu x13, 20(x11)	0x29d6	0xe003	0x2002	c.lhu
2	3435	c.lhu	13	11	22	c.lhu x13, 22(x11)	0x29f6	0xe003	0x2002	c.lhu
2	3436	c.lhu	13	11	24	c.lhu x13, 24(x11)	0x2d96	0xe003	0x2002	c.lhu
2	3437	c.lhu	13	11	26	c.lhu x13, 26(x11)	0x2db6	0xe003	0x2002	c.lhu
2	3438	c.lhu	13	11	28	c.lhu x13, 28(x11)	0x2dd6	0xe003	0x2002	c.lhu
2	3439	c.lhu	13	11	30	c.lhu x13, 30(x11)	0x2df6	0xe003	0x2002	c.lhu
2	3440	c.lhu	13	11	32	c.lhu x13, 32(x11)	0x3196	0xe003	0x2002	c.lhu
2	3441	c.lhu	13	11	34	c.lhu x13, 34(x11)	0x31b6	0xe003	0x2002	c.lhu
2	3442	c.lhu	13	11	36	c.lhu x13, 36(x11)	0x31d6	0xe003	0x2002	c.lhu
2	3443	c.lhu	13	11	38	c.lhu x13, 38(x11)	0x31f6	0xe003	0x2002	c.lhu
2	3444	c.lhu	13	11	40	c.lhu x13, 40(x11)	0x3596	0xe003	0x2002	c.lhu
2	3445	c.lhu	13	11	42	c.lhu x13, 42(x11)	0x35b6	0xe003	0x2002	c.lhu
2	3446	c.lhu	13	11	44	c.lhu x13, 44(x11)	0x35d6	0xe003	0x2002	c.lhu
2	3447	c.lhu	13	11	46	c.lhu x13, 46(x11)	0x35f6	0xe003	0x2002	c.lhu
2	3448	c.lhu	13	11	48	c.lhu x13, 48(x11)	0x3996	0xe003	0x2002	c.lhu
2	3449	c.lhu	13	11	50	c.lhu x13, 50(x11)	0x39b6	0xe003	0x2002	c.lhu
2	3450	c.lhu	13	11	52	c.lhu x13, 52(x11)	0x39d6	0xe003	0x2002	c.lhu
2	3451	c.lhu	13	11	54	c.lhu x13, 54(x11)	0x39f6	0xe003	0x2002	c.lhu
2	3452	c.lhu	13	11	56	c.lhu x13, 56(x11)	0x3d96	0xe003	0x2002	c.lhu
2	3453	c.lhu	13	11	58	c.lhu x13, 58(x11)	0x3db6	0xe003	0x2002	c.lhu
2	3454	c.lhu	13	11	60	c.lhu x13, 60(x11)	0x3dd6	0xe003	0x2002	c.lhu
2	3455	c.lhu	13	11	62	c.lhu x13, 62(x11)	0x3df6	0xe003	0x2002	c.lhu
2	3456	c.lhu	13	12	0	c.lhu x13, 0(x12)	0x2216	0xe003	0x2002	c.lhu
2	3457	c.lhu	13	12	2	c.lhu x13, 2(x12)	0x2236	0xe003	0x2002	c.lhu
2	3458	c.lhu	13	12	4	c.lhu x13, 4(x12)	0x2256	0xe003	0x2002	c.lhu
2	3459	c.lhu	13	12	6	c.lhu x13, 6(x12)	0x2276	0xe003	0x2002	c.lhu
2	3460	c.lhu	13	12	8	c.lhu x13, 8(x12)	0x2616	0xe003	0x2002	c.lhu
2	3461	c.lhu	13	12	10	c.lhu x13, 10(x12)	0x2636	0xe003	0x2002	c.lhu
2	3462	c.lhu	13	12	12	c.lhu x13, 12(x12)	0x2656	0xe003	0x2002	c.lhu
2	3463	c.lhu	13	12	14	c.lhu x13, 14(x12)	0x2676	0xe003	0x2002	c.lhu
2	3464	c.lhu	13	12	16	c.lhu x13, 16(x12)	0x2a16	0xe003	0x2002	c.lhu
2	3465	c.lhu	13	12	18	c.lhu x13, 18(x12)	0x2a36	0xe003	0x2002	c.lhu
2	3466	c.lhu	13	12	20	c.lhu x13, 20(x12)	0x2a56	0xe003	0x2002	c.lhu
2	3467	c.lhu	13	12	22	c.lhu x13, 22(x12)	0x2a76	0xe003	0x2002	c.lhu
2	3468	c.lhu	13	12	24	c.lhu x13, 24(x12)	0x2e16	0xe003	0x2002	c.lhu
2	3469	c.lhu	13	12	26	c.lhu x13, 26(x12)	0x2e36	0xe003	0x2002	c.lhu
2	3470	c.lhu	13	12	28	c.lhu x13, 28(x12)	0x2e56	0xe003	0x2002	c.lhu
2	3471	c.lhu	13	12	30	c.lhu x13, 30(x12)	0x2e76	0xe003	0x2002	c.lhu
2	3472	c.lhu	13	12	32	c.lhu x13, 32(x12)	0x3216	0xe003	0x2002	c.lhu
2	3473	c.lhu	13	12	34	c.lhu x13, 34(x12)	0x3236	0xe003	0x2002	c.lhu
2	3474	c.lhu	13	12	36	c.lhu x13, 36(x12)	0x3256	0xe003	0x2002	c.lhu
2	3475	c.lhu	13	12	38	c.lhu x13, 38(x12)	0x3276	0xe003	0x2002	c.lhu
2	3476	c.lhu	13	12	40	c.lhu x13, 40(x12)	0x3616	0xe003	0x2002	c.lhu
2	3477	c.lhu	13	12	42	c.lhu x13, 42(x12)	0x3636	0xe003	0x2002	c.lhu
2	3478	c.lhu	13	12	44	c.lhu x13, 44(x12)	0x3656	0xe003	0x2002	c.lhu
2	3479	c.lhu	13	12	46	c.lhu x13, 46(x12)	0x3676	0xe003	0x2002	c.lhu
2	3480	c.lhu	13	12	48	c.lhu x13, 48(x12)	0x3a16	0xe003	0x2002	c.lhu
2	3481	c.lhu	13	12	50	c.lhu x13, 50(x12)	0x3a36	0xe003	0x2002	c.lhu
2	3482	c.lhu	13	12	52	c.lhu x13, 52(x12)	0x3a56	0xe003	0x2002	c.lhu
2	3483	c.lhu	13	12	54	c.lhu x13, 54(x12)	0x3a76	0xe003	0x2002	c.lhu
2	3484	c.lhu	13	12	56	c.lhu x13, 56(x12)	0x3e16	0xe003	0x2002	c.lhu
2	3485	c.lhu	13	12	58	c.lhu x13, 58(x12)	0x3e36	0xe003	0x2002	c.lhu
2	3486	c.lhu	13	12	60	c.lhu x13, 60(x12)	0x3e56	0xe003	0x2002	c.lhu
2	3487	c.lhu	13	12	62	c.lhu x13, 62(x12)	0x3e76	0xe003	0x2002	c.lhu
2	3488	c.lhu	13	13	0	c.lhu x13, 0(x13)	0x2296	0xe003	0x2002	c.lhu
2	3489	c.lhu	13	13	2	c.lhu x13, 2(x13)	0x22b6	0xe003	0x2002	c.lhu
2	3490	c.lhu	13	13	4	c.lhu x13, 4(x13)	0x22d6	0xe003	0x2002	c.lhu
2	3491	c.lhu	13	13	6	c.lhu x13, 6(x13)	0x22f6	0xe003	0x2002	c.lhu
2	3492	c.lhu	13	13	8	c.lhu x13, 8(x13)	0x2696	0xe003	0x2002	c.lhu
2	3493	c.lhu	13	13	10	c.lhu x13, 10(x13)	0x26b6	0xe003	0x2002	c.lhu
2	3494	c.lhu	13	13	12	c.lhu x13, 12(x13)	0x26d6	0xe003	0x2002	c.lhu
2	3495	c.lhu	13	13	14	c.lhu x13, 14(x13)	0x26f6	0xe003	0x2002	c.lhu
2	3496	c.lhu	13	13	16	c.lhu x13, 16(x13)	0x2a96	0xe003	0x2002	c.lhu
2	3497	c.lhu	13	13	18	c.lhu x13, 18(x13)	0x2ab6	0xe003	0x2002	c.lhu
2	3498	c.lhu	13	13	20	c.lhu x13, 20(x13)	0x2ad6	0xe003	0x2002	c.lhu
2	3499	c.lhu	13	13	22	c.lhu x13, 22(x13)	0x2af6	0xe003	0x2002	c.lhu
2	3500	c.lhu	13	13	24	c.lhu x13, 24(x13)	0x2e96	0xe003	0x2002	c.lhu
2	3501	c.lhu	13	13	26	c.lhu x13, 26(x13)	0x2eb6	0xe003	0x2002	c.lhu
2	3502	c.lhu	13	13	28	c.lhu x13, 28(x13)	0x2ed6	0xe003	0x2002	c.lhu
2	3503	c.lhu	13	13	30	c.lhu x13, 30(x13)	0x2ef6	0xe003	0x2002	c.lhu
2	3504	c.lhu	13	13	32	c.lhu x13, 32(x13)	0x3296	0xe003	0x2002	c.lhu
2	3505	c.lhu	13	13	34	c.lhu x13, 34(x13)	0x32b6	0xe003	0x2002	c.lhu
2	3506	c.lhu	13	13	36	c.lhu x13, 36(x13)	0x32d6	0xe003	0x2002	c.lhu
2	3507	c.lhu	13	13	38	c.lhu x13, 38(x13)	0x32f6	0xe003	0x2002	c.lhu
2	3508	c.lhu	13	13	40	c.lhu x13, 40(x13)	0x3696	0xe003	0x2002	c.lhu
2	3509	c.lhu	13	13	42	c.lhu x13, 42(x13)	0x36b6	0xe003	0x2002	c.lhu
2	3510	c.lhu	13	13	44	c.lhu x13, 44(x13)	0x36d6	0xe003	0x2002	c.lhu
2	3511	c.lhu	13	13	46	c.lhu x13, 46(x13)	0x36f6	0xe003	0x2002	c.lhu
2	3512	c.lhu	13	13	48	c.lhu x13, 48(x13)	0x3a96	0xe003	0x2002	c.lhu
2	3513	c.lhu	13	13	50	c.lhu x13, 50(x13)	0x3ab6	0xe003	0x2002	c.lhu
2	3514	c.lhu	13	13	52	c.lhu x13, 52(x13)	0x3ad6	0xe003	0x2002	c.lhu
2	3515	c.lhu	13	13	54	c.lhu x13, 54(x13)	0x3af6	0xe003	0x2002	c.lhu
2	3516	c.lhu	13	13	56	c.lhu x13, 56(x13)	0x3e96	0xe003	0x2002	c.lhu
2	3517	c.lhu	13	13	58	c.lhu x13, 58(x13)	0x3eb6	0xe003	0x2002	c.lhu
2	3518	c.lhu	13	13	60	c.lhu x13, 60(x13)	0x3ed6	0xe003	0x2002	c.lhu
2	3519	c.lhu	13	13	62	c.lhu x13, 62(x13)	0x3ef6	0xe003	0x2002	c.lhu
2	3520	c.lhu	13	14	0	c.lhu x13, 0(x14)	0x2316	0xe003	0x2002	c.lhu
2	3521	c.lhu	13	14	2	c.lhu x13, 2(x14)	0x2336	0xe003	0x2002	c.lhu
2	3522	c.lhu	13	14	4	c.lhu x13, 4(x14)	0x2356	0xe003	0x2002	c.lhu
2	3523	c.lhu	13	14	6	c.lhu x13, 6(x14)	0x2376	0xe003	0x2002	c.lhu
2	3524	c.lhu	13	14	8	c.lhu x13, 8(x14)	0x2716	0xe003	0x2002	c.lhu
2	3525	c.lhu	13	14	10	c.lhu x13, 10(x14)	0x2736	0xe003	0x2002	c.lhu
2	3526	c.lhu	13	14	12	c.lhu x13, 12(x14)	0x2756	0xe003	0x2002	c.lhu
2	3527	c.lhu	13	14	14	c.lhu x13, 14(x14)	0x2776	0xe003	0x2002	c.lhu
2	3528	c.lhu	13	14	16	c.lhu x13, 16(x14)	0x2b16	0xe003	0x2002	c.lhu
2	3529	c.lhu	13	14	18	c.lhu x13, 18(x14)	0x2b36	0xe003	0x2002	c.lhu
2	3530	c.lhu	13	14	20	c.lhu x13, 20(x14)	0x2b56	0xe003	0x2002	c.lhu
2	3531	c.lhu	13	14	22	c.lhu x13, 22(x14)	0x2b76	0xe003	0x2002	c.lhu
2	3532	c.lhu	13	14	24	c.lhu x13, 24(x14)	0x2f16	0xe003	0x2002	c.lhu
2	3533	c.lhu	13	14	26	c.lhu x13, 26(x14)	0x2f36	0xe003	0x2002	c.lhu
2	3534	c.lhu	13	14	28	c.lhu x13, 28(x14)	0x2f56	0xe003	0x2002	c.lhu
2	3535	c.lhu	13	14	30	c.lhu x13, 30(x14)	0x2f76	0xe003	0x2002	c.lhu
2	3536	c.lhu	13	14	32	c.lhu x13, 32(x14)	0x3316	0xe003	0x2002	c.lhu
2	3537	c.lhu	13	14	34	c.lhu x13, 34(x14)	0x3336	0xe003	0x2002	c.lhu
2	3538	c.lhu	13	14	36	c.lhu x13, 36(x14)	0x3356	0xe003	0x2002	c.lhu
2	3539	c.lhu	13	14	38	c.lhu x13, 38(x14)	0x3376	0xe003	0x2002	c.lhu
2	3540	c.lhu	13	14	40	c.lhu x13, 40(x14)	0x3716	0xe003	0x2002	c.lhu
2	3541	c.lhu	13	14	42	c.lhu x13, 42(x14)	0x3736	0xe003	0x2002	c.lhu
2	3542	c.lhu	13	14	44	c.lhu x13, 44(x14)	0x3756	0xe003	0x2002	c.lhu
2	3543	c.lhu	13	14	46	c.lhu x13, 46(x14)	0x3776	0xe003	0x2002	c.lhu
2	3544	c.lhu	13	14	48	c.lhu x13, 48(x14)	0x3b16	0xe003	0x2002	c.lhu
2	3545	c.lhu	13	14	50	c.lhu x13, 50(x14)	0x3b36	0xe003	0x2002	c.lhu
2	3546	c.lhu	13	14	52	c.lhu x13, 52(x14)	0x3b56	0xe003	0x2002	c.lhu
2	3547	c.lhu	13	14	54	c.lhu x13, 54(x14)	0x3b76	0xe003	0x2002	c.lhu
2	3548	c.lhu	13	14	56	c.lhu x13, 56(x14)	0x3f16	0xe003	0x2002	c.lhu
2	3549	c.lhu	13	14	58	c.lhu x13, 58(x14)	0x3f36	0xe003	0x2002	c.lhu
2	3550	c.lhu	13	14	60	c.lhu x13, 60(x14)	0x3f56	0xe003	0x2002	c.lhu
2	3551	c.lhu	13	14	62	c.lhu x13, 62(x14)	0x3f76	0xe003	0x2002	c.lhu
2	3552	c.lhu	13	15	0	c.lhu x13, 0(x15)	0x2396	0xe003	0x2002	c.lhu
2	3553	c.lhu	13	15	2	c.lhu x13, 2(x15)	0x23b6	0xe003	0x2002	c.lhu
2	3554	c.lhu	13	15	4	c.lhu x13, 4(x15)	0x23d6	0xe003	0x2002	c.lhu
2	3555	c.lhu	13	15	6	c.lhu x13, 6(x15)	0x23f6	0xe003	0x2002	c.lhu
2	3556	c.lhu	13	15	8	c.lhu x13, 8(x15)	0x2796	0xe003	0x2002	c.lhu
2	3557	c.lhu	13	15	10	c.lhu x13, 10(x15)	0x27b6	0xe003	0x2002	c.lhu
2	3558	c.lhu	13	15	12	c.lhu x13, 12(x15)	0x27d6	0xe003	0x2002	c.lhu
2	3559	c.lhu	13	15	14	c.lhu x13, 14(x15)	0x27f6	0xe003	0x2002	c.lhu
2	3560	c.lhu	13	15	16	c.lhu x13, 16(x15)	0x2b96	0xe003	0x2002	c.lhu
2	3561	c.lhu	13	15	18	c.lhu x13, 18(x15)	0x2bb6	0xe003	0x2002	c.lhu
2	3562	c.lhu	13	15	20	c.lhu x13, 20(x15)	0x2bd6	0xe003	0x2002	c.lhu
2	3563	c.lhu	13	15	22	c.lhu x13, 22(x15)	0x2bf6	0xe003	0x2002	c.lhu
2	3564	c.lhu	13	15	24	c.lhu x13, 24(x15)	0x2f96	0xe003	0x2002	c.lhu
2	3565	c.lhu	13	15	26	c.lhu x13, 26(x15)	0x2fb6	0xe003	0x2002	c.lhu
2	3566	c.lhu	13	15	28	c.lhu x13, 28(x15)	0x2fd6	0xe003	0x2002	c.lhu
2	3567	c.lhu	13	15	30	c.lhu x13, 30(x15)	0x2ff6	0xe003	0x2002	c.lhu
2	3568	c.lhu	13	15	32	c.lhu x13, 32(x15)	0x3396	0xe003	0x2002	c.lhu
2	3569	c.lhu	13	15	34	c.lhu x13, 34(x15)	0x33b6	0xe003	0x2002	c.lhu
2	3570	c.lhu	13	15	36	c.lhu x13, 36(x15)	0x33d6	0xe003	0x2002	c.lhu
2	3571	c.lhu	13	15	38	c.lhu x13, 38(x15)	0x33f6	0xe003	0x2002	c.lhu
2	3572	c.lhu	13	15	40	c.lhu x13, 40(x15)	0x3796	0xe003	0x2002	c.lhu
2	3573	c.lhu	13	15	42	c.lhu x13, 42(x15)	0x37b6	0xe003	0x2002	c.lhu
2	3574	c.lhu	13	15	44	c.lhu x13, 44(x15)	0x37d6	0xe003	0x2002	c.lhu
2	3575	c.lhu	13	15	46	c.lhu x13, 46(x15)	0x37f6	0xe003	0x2002	c.lhu
2	3576	c.lhu	13	15	48	c.lhu x13, 48(x15)	0x3b96	0xe003	0x2002	c.lhu
2	3577	c.lhu	13	15	50	c.lhu x13, 50(x15)	0x3bb6	0xe003	0x2002	c.lhu
2	3578	c.lhu	13	15	52	c.lhu x13, 52(x15)	0x3bd6	0xe003	0x2002	c.lhu
2	3579	c.lhu	13	15	54	c.lhu x13, 54(x15)	0x3bf6	0xe003	0x2002	c.lhu
2	3580	c.lhu	13	15	56	c.lhu x13, 56(x15)	0x3f96	0xe003	0x2002	c.lhu
2	3581	c.lhu	13	15	58	c.lhu x13, 58(x15)	0x3fb6	0xe003	0x2002	c.lhu
2	3582	c.lhu	13	15	60	c.lhu x13, 60(x15)	0x3fd6	0xe003	0x2002	c.lhu
2	3583	c.lhu	13	15	62	c.lhu x13, 62(x15)	0x3ff6	0xe003	0x2002	c.lhu
2	3584	c.lhu	14	8	0	c.lhu x14, 0(x8)	0x201a	0xe003	0x2002	c.lhu
2	3585	c.lhu	14	8	2	c.lhu x14, 2(x8)	0x203a	0xe003	0x2002	c.lhu
2	3586	c.lhu	14	8	4	c.lhu x14, 4(x8)	0x205a	0xe003	0x2002	c.lhu
2	3587	c.lhu	14	8	6	c.lhu x14, 6(x8)	0x207a	0xe003	0x2002	c.lhu
2	3588	c.lhu	14	8	8	c.lhu x14, 8(x8)	0x241a	0xe003	0x2002	c.lhu
2	3589	c.lhu	14	8	10	c.lhu x14, 10(x8)	0x243a	0xe003	0x2002	c.lhu
2	3590	c.lhu	14	8	12	c.lhu x14, 12(x8)	0x245a	0xe003	0x2002	c.lhu
2	3591	c.lhu	14	8	14	c.lhu x14, 14(x8)	0x247a	0xe003	0x2002	c.lhu
2	3592	c.lhu	14	8	16	c.lhu x14, 16(x8)	0x281a	0xe003	0x2002	c.lhu
2	3593	c.lhu	14	8	18	c.lhu x14, 18(x8)	0x283a	0xe003	0x2002	c.lhu
2	3594	c.lhu	14	8	20	c.lhu x14, 20(x8)	0x285a	0xe003	0x2002	c.lhu
2	3595	c.lhu	14	8	22	c.lhu x14, 22(x8)	0x287a	0xe003	0x2002	c.lhu
2	3596	c.lhu	14	8	24	c.lhu x14, 24(x8)	0x2c1a	0xe003	0x2002	c.lhu
2	3597	c.lhu	14	8	26	c.lhu x14, 26(x8)	0x2c3a	0xe003	0x2002	c.lhu
2	3598	c.lhu	14	8	28	c.lhu x14, 28(x8)	0x2c5a	0xe003	0x2002	c.lhu
2	3599	c.lhu	14	8	30	c.lhu x14, 30(x8)	0x2c7a	0xe003	0x2002	c.lhu
2	3600	c.lhu	14	8	32	c.lhu x14, 32(x8)	0x301a	0xe003	0x2002	c.lhu
2	3601	c.lhu	14	8	34	c.lhu x14, 34(x8)	0x303a	0xe003	0x2002	c.lhu
2	3602	c.lhu	14	8	36	c.lhu x14, 36(x8)	0x305a	0xe003	0x2002	c.lhu
2	3603	c.lhu	14	8	38	c.lhu x14, 38(x8)	0x307a	0xe003	0x2002	c.lhu
2	3604	c.lhu	14	8	40	c.lhu x14, 40(x8)	0x341a	0xe003	0x2002	c.lhu
2	3605	c.lhu	14	8	42	c.lhu x14, 42(x8)	0x343a	0xe003	0x2002	c.lhu
2	3606	c.lhu	14	8	44	c.lhu x14, 44(x8)	0x345a	0xe003	0x2002	c.lhu
2	3607	c.lhu	14	8	46	c.lhu x14, 46(x8)	0x347a	0xe003	0x2002	c.lhu
2	3608	c.lhu	14	8	48	c.lhu x14, 48(x8)	0x381a	0xe003	0x2002	c.lhu
2	3609	c.lhu	14	8	50	c.lhu x14, 50(x8)	0x383a	0xe003	0x2002	c.lhu
2	3610	c.lhu	14	8	52	c.lhu x14, 52(x8)	0x385a	0xe003	0x2002	c.lhu
2	3611	c.lhu	14	8	54	c.lhu x14, 54(x8)	0x387a	0xe003	0x2002	c.lhu
2	3612	c.lhu	14	8	56	c.lhu x14, 56(x8)	0x3c1a	0xe003	0x2002	c.lhu
2	3613	c.lhu	14	8	58	c.lhu x14, 58(x8)	0x3c3a	0xe003	0x2002	c.lhu
2	3614	c.lhu	14	8	60	c.lhu x14, 60(x8)	0x3c5a	0xe003	0x2002	c.lhu
2	3615	c.lhu	14	8	62	c.lhu x14, 62(x8)	0x3c7a	0xe003	0x2002	c.lhu
2	3616	c.lhu	14	9	0	c.lhu x14, 0(x9)	0x209a	0xe003	0x2002	c.lhu
2	3617	c.lhu	14	9	2	c.lhu x14, 2(x9)	0x20ba	0xe003	0x2002	c.lhu
2	3618	c.lhu	14	9	4	c.lhu x14, 4(x9)	0x20da	0xe003	0x2002	c.lhu
2	3619	c.lhu	14	9	6	c.lhu x14, 6(x9)	0x20fa	0xe003	0x2002	c.lhu
2	3620	c.lhu	14	9	8	c.lhu x14, 8(x9)	0x249a	0xe003	0x2002	c.lhu
2	3621	c.lhu	14	9	10	c.lhu x14, 10(x9)	0x24ba	0xe003	0x2002	c.lhu
2	3622	c.lhu	14	9	12	c.lhu x14, 12(x9)	0x24da	0xe003	0x2002	c.lhu
2	3623	c.lhu	14	9	14	c.lhu x14, 14(x9)	0x24fa	0xe003	0x2002	c.lhu
2	3624	c.lhu	14	9	16	c.lhu x14, 16(x9)	0x289a	0xe003	0x2002	c.lhu
2	3625	c.lhu	14	9	18	c.lhu x14, 18(x9)	0x28ba	0xe003	0x2002	c.lhu
2	3626	c.lhu	14	9	20	c.lhu x14, 20(x9)	0x28da	0xe003	0x2002	c.lhu
2	3627	c.lhu	14	9	22	c.lhu x14, 22(x9)	0x28fa	0xe003	0x2002	c.lhu
2	3628	c.lhu	14	9	24	c.lhu x14, 24(x9)	0x2c9a	0xe003	0x2002	c.lhu
2	3629	c.lhu	14	9	26	c.lhu x14, 26(x9)	0x2cba	0xe003	0x2002	c.lhu
2	3630	c.lhu	14	9	28	c.lhu x14, 28(x9)	0x2cda	0xe003	0x2002	c.lhu
2	3631	c.lhu	14	9	30	c.lhu x14, 30(x9)	0x2cfa	0xe003	0x2002	c.lhu
2	3632	c.lhu	14	9	32	c.lhu x14, 32(x9)	0x309a	0xe003	0x2002	c.lhu
2	3633	c.lhu	14	9	34	c.lhu x14, 34(x9)	0x30ba	0xe003	0x2002	c.lhu
2	3634	c.lhu	14	9	36	c.lhu x14, 36(x9)	0x30da	0xe003	0x2002	c.lhu
2	3635	c.lhu	14	9	38	c.lhu x14, 38(x9)	0x30fa	0xe003	0x2002	c.lhu
2	3636	c.lhu	14	9	40	c.lhu x14, 40(x9)	0x349a	0xe003	0x2002	c.lhu
2	3637	c.lhu	14	9	42	c.lhu x14, 42(x9)	0x34ba	0xe003	0x2002	c.lhu
2	3638	c.lhu	14	9	44	c.lhu x14, 44(x9)	0x34da	0xe003	0x2002	c.lhu
2	3639	c.lhu	14	9	46	c.lhu x14, 46(x9)	0x34fa	0xe003	0x2002	c.lhu
2	3640	c.lhu	14	9	48	c.lhu x14, 48(x9)	0x389a	0xe003	0x2002	c.lhu
2	3641	c.lhu	14	9	50	c.lhu x14, 50(x9)	0x38ba	0xe003	0x2002	c.lhu
2	3642	c.lhu	14	9	52	c.lhu x14, 52(x9)	0x38da	0xe003	0x2002	c.lhu
2	3643	c.lhu	14	9	54	c.lhu x14, 54(x9)	0x38fa	0xe003	0x2002	c.lhu
2	3644	c.lhu	14	9	56	c.lhu x14, 56(x9)	0x3c9a	0xe003	0x2002	c.lhu
2	3645	c.lhu	14	9	58	c.lhu x14, 58(x9)	0x3cba	0xe003	0x2002	c.lhu
2	3646	c.lhu	14	9	60	c.lhu x14, 60(x9)	0x3cda	0xe003	0x2002	c.lhu
2	3647	c.lhu	14	9	62	c.lhu x14, 62(x9)	0x3cfa	0xe003	0x2002	c.lhu
2	3648	c.lhu	14	10	0	c.lhu x14, 0(x10)	0x211a	0xe003	0x2002	c.lhu
2	3649	c.lhu	14	10	2	c.lhu x14, 2(x10)	0x213a	0xe003	0x2002	c.lhu
2	3650	c.lhu	14	10	4	c.lhu x14, 4(x10)	0x215a	0xe003	0x2002	c.lhu
2	3651	c.lhu	14	10	6	c.lhu x14, 6(x10)	0x217a	0xe003	0x2002	c.lhu
2	3652	c.lhu	14	10	8	c.lhu x14, 8(x10)	0x251a	0xe003	0x2002	c.lhu
2	3653	c.lhu	14	10	10	c.lhu x14, 10(x10)	0x253a	0xe003	0x2002	c.lhu
2	3654	c.lhu	14	10	12	c.lhu x14, 12(x10)	0x255a	0xe003	0x2002	c.lhu
2	3655	c.lhu	14	10	14	c.lhu x14, 14(x10)	0x257a	0xe003	0x2002	c.lhu
2	3656	c.lhu	14	10	16	c.lhu x14, 16(x10)	0x291a	0xe003	0x2002	c.lhu
2	3657	c.lhu	14	10	18	c.lhu x14, 18(x10)	0x293a	0xe003	0x2002	c.lhu
2	3658	c.lhu	14	10	20	c.lhu x14, 20(x10)	0x295a	0xe003	0x2002	c.lhu
2	3659	c.lhu	14	10	22	c.lhu x14, 22(x10)	0x297a	0xe003	0x2002	c.lhu
2	3660	c.lhu	14	10	24	c.lhu x14, 24(x10)	0x2d1a	0xe003	0x2002	c.lhu
2	3661	c.lhu	14	10	26	c.lhu x14, 26(x10)	0x2d3a	0xe003	0x2002	c.lhu
2	3662	c.lhu	14	10	28	c.lhu x14, 28(x10)	0x2d5a	0xe003	0x2002	c.lhu
2	3663	c.lhu	14	10	30	c.lhu x14, 30(x10)	0x2d7a	0xe003	0x2002	c.lhu
2	3664	c.lhu	14	10	32	c.lhu x14, 32(x10)	0x311a	0xe003	0x2002	c.lhu
2	3665	c.lhu	14	10	34	c.lhu x14, 34(x10)	0x313a	0xe003	0x2002	c.lhu
2	3666	c.lhu	14	10	36	c.lhu x14, 36(x10)	0x315a	0xe003	0x2002	c.lhu
2	3667	c.lhu	14	10	38	c.lhu x14, 38(x10)	0x317a	0xe003	0x2002	c.lhu
2	3668	c.lhu	14	10	40	c.lhu x14, 40(x10)	0x351a	0xe003	0x2002	c.lhu
2	3669	c.lhu	14	10	42	c.lhu x14, 42(x10)	0x353a	0xe003	0x2002	c.lhu
2	3670	c.lhu	14	10	44	c.lhu x14, 44(x10)	0x355a	0xe003	0x2002	c.lhu
2	3671	c.lhu	14	10	46	c.lhu x14, 46(x10)	0x357a	0xe003	0x2002	c.lhu
2	3672	c.lhu	14	10	48	c.lhu x14, 48(x10)	0x391a	0xe003	0x2002	c.lhu
2	3673	c.lhu	14	10	50	c.lhu x14, 50(x10)	0x393a	0xe003	0x2002	c.lhu
2	3674	c.lhu	14	10	52	c.lhu x14, 52(x10)	0x395a	0xe003	0x2002	c.lhu
2	3675	c.lhu	14	10	54	c.lhu x14, 54(x10)	0x397a	0xe003	0x2002	c.lhu
2	3676	c.lhu	14	10	56	c.lhu x14, 56(x10)	0x3d1a	0xe003	0x2002	c.lhu
2	3677	c.lhu	14	10	58	c.lhu x14, 58(x10)	0x3d3a	0xe003	0x2002	c.lhu
2	3678	c.lhu	14	10	60	c.lhu x14, 60(x10)	0x3d5a	0xe003	0x2002	c.lhu
2	3679	c.lhu	14	10	62	c.lhu x14, 62(x10)	0x3d7a	0xe003	0x2002	c.lhu
2	3680	c.lhu	14	11	0	c.lhu x14, 0(x11)	0x219a	0xe003	0x2002	c.lhu
2	3681	c.lhu	14	11	2	c.lhu x14, 2(x11)	0x21ba	0xe003	0x2002	c.lhu
2	3682	c.lhu	14	11	4	c.lhu x14, 4(x11)	0x21da	0xe003	0x2002	c.lhu
2	3683	c.lhu	14	11	6	c.lhu x14, 6(x11)	0x21fa	0xe003	0x2002	c.lhu
2	3684	c.lhu	14	11	8	c.lhu x14, 8(x11)	0x259a	0xe003	0x2002	c.lhu
2	3685	c.lhu	14	11	10	c.lhu x14, 10(x11)	0x25ba	0xe003	0x2002	c.lhu
2	3686	c.lhu	14	11	12	c.lhu x14, 12(x11)	0x25da	0xe003	0x2002	c.lhu
2	3687	c.lhu	14	11	14	c.lhu x14, 14(x11)	0x25fa	0xe003	0x2002	c.lhu
2	3688	c.lhu	14	11	16	c.lhu x14, 16(x11)	0x299a	0xe003	0x2002	c.lhu
2	3689	c.lhu	14	11	18	c.lhu x14, 18(x11)	0x29ba	0xe003	0x2002	c.lhu
2	3690	c.lhu	14	11	20	c.lhu x14, 20(x11)	0x29da	0xe003	0x2002	c.lhu
2	3691	c.lhu	14	11	22	c.lhu x14, 22(x11)	0x29fa	0xe003	0x2002	c.lhu
2	3692	c.lhu	14	11	24	c.lhu x14, 24(x11)	0x2d9a	0xe003	0x2002	c.lhu
2	3693	c.lhu	14	11	26	c.lhu x14, 26(x11)	0x2dba	0xe003	0x2002	c.lhu
2	3694	c.lhu	14	11	28	c.lhu x14, 28(x11)	0x2dda	0xe003	0x2002	c.lhu
2	3695	c.lhu	14	11	30	c.lhu x14, 30(x11)	0x2dfa	0xe003	0x2002	c.lhu
2	3696	c.lhu	14	11	32	c.lhu x14, 32(x11)	0x319a	0xe003	0x2002	c.lhu
2	3697	c.lhu	14	11	34	c.lhu x14, 34(x11)	0x31ba	0xe003	0x2002	c.lhu
2	3698	c.lhu	14	11	36	c.lhu x14, 36(x11)	0x31da	0xe003	0x2002	c.lhu
2	3699	c.lhu	14	11	38	c.lhu x14, 38(x11)	0x31fa	0xe003	0x2002	c.lhu
2	3700	c.lhu	14	11	40	c.lhu x14, 40(x11)	0x359a	0xe003	0x2002	c.lhu
2	3701	c.lhu	14	11	42	c.lhu x14, 42(x11)	0x35ba	0xe003	0x2002	c.lhu
2	3702	c.lhu	14	11	44	c.lhu x14, 44(x11)	0x35da	0xe003	0x2002	c.lhu
2	3703	c.lhu	14	11	46	c.lhu x14, 46(x11)	0x35fa	0xe003	0x2002	c.lhu
2	3704	c.lhu	14	11	48	c.lhu x14, 48(x11)	0x399a	0xe003	0x2002	c.lhu
2	3705	c.lhu	14	11	50	c.lhu x14, 50(x11)	0x39ba	0xe003	0x2002	c.lhu
2	3706	c.lhu	14	11	52	c.lhu x14, 52(x11)	0x39da	0xe003	0x2002	c.lhu
2	3707	c.lhu	14	11	54	c.lhu x14, 54(x11)	0x39fa	0xe003	0x2002	c.lhu
2	3708	c.lhu	14	11	56	c.lhu x14, 56(x11)	0x3d9a	0xe003	0x2002	c.lhu
2	3709	c.lhu	14	11	58	c.lhu x14, 58(x11)	0x3dba	0xe003	0x2002	c.lhu
2	3710	c.lhu	14	11	60	c.lhu x14, 60(x11)	0x3dda	0xe003	0x2002	c.lhu
2	3711	c.lhu	14	11	62	c.lhu x14, 62(x11)	0x3dfa	0xe003	0x2002	c.lhu
2	3712	c.lhu	14	12	0	c.lhu x14, 0(x12)	0x221a	0xe003	0x2002	c.lhu
2	3713	c.lhu	14	12	2	c.lhu x14, 2(x12)	0x223a	0xe003	0x2002	c.lhu
2	3714	c.lhu	14	12	4	c.lhu x14, 4(x12)	0x225a	0xe003	0x2002	c.lhu
2	3715	c.lhu	14	12	6	c.lhu x14, 6(x12)	0x227a	0xe003	0x2002	c.lhu
2	3716	c.lhu	14	12	8	c.lhu x14, 8(x12)	0x261a	0xe003	0x2002	c.lhu
2	3717	c.lhu	14	12	10	c.lhu x14, 10(x12)	0x263a	0xe003	0x2002	c.lhu
2	3718	c.lhu	14	12	12	c.lhu x14, 12(x12)	0x265a	0xe003	0x2002	c.lhu
2	3719	c.lhu	14	12	14	c.lhu x14, 14(x12)	0x267a	0xe003	0x2002	c.lhu
2	3720	c.lhu	14	12	16	c.lhu x14, 16(x12)	0x2a1a	0xe003	0x2002	c.lhu
2	3721	c.lhu	14	12	18	c.lhu x14, 18(x12)	0x2a3a	0xe003	0x2002	c.lhu
2	3722	c.lhu	14	12	20	c.lhu x14, 20(x12)	0x2a5a	0xe003	0x2002	c.lhu
2	3723	c.lhu	14	12	22	c.lhu x14, 22(x12)	0x2a7a	0xe003	0x2002	c.lhu
2	3724	c.lhu	14	12	24	c.lhu x14, 24(x12)	0x2e1a	0xe003	0x2002	c.lhu
2	3725	c.lhu	14	12	26	c.lhu x14, 26(x12)	0x2e3a	0xe003	0x2002	c.lhu
2	3726	c.lhu	14	12	28	c.lhu x14, 28(x12)	0x2e5a	0xe003	0x2002	c.lhu
2	3727	c.lhu	14	12	30	c.lhu x14, 30(x12)	0x2e7a	0xe003	0x2002	c.lhu
2	3728	c.lhu	14	12	32	c.lhu x14, 32(x12)	0x321a	0xe003	0x2002	c.lhu
2	3729	c.lhu	14	12	34	c.lhu x14, 34(x12)	0x323a	0xe003	0x2002	c.lhu
2	3730	c.lhu	14	12	36	c.lhu x14, 36(x12)	0x325a	0xe003	0x2002	c.lhu
2	3731	c.lhu	14	12	38	c.lhu x14, 38(x12)	0x327a	0xe003	0x2002	c.lhu
2	3732	c.lhu	14	12	40	c.lhu x14, 40(x12)	0x361a	0xe003	0x2002	c.lhu
2	3733	c.lhu	14	12	42	c.lhu x14, 42(x12)	0x363a	0xe003	0x2002	c.lhu
2	3734	c.lhu	14	12	44	c.lhu x14, 44(x12)	0x365a	0xe003	0x2002	c.lhu
2	3735	c.lhu	14	12	46	c.lhu x14, 46(x12)	0x367a	0xe003	0x2002	c.lhu
2	3736	c.lhu	14	12	48	c.lhu x14, 48(x12)	0x3a1a	0xe003	0x2002	c.lhu
2	3737	c.lhu	14	12	50	c.lhu x14, 50(x12)	0x3a3a	0xe003	0x2002	c.lhu
2	3738	c.lhu	14	12	52	c.lhu x14, 52(x12)	0x3a5a	0xe003	0x2002	c.lhu
2	3739	c.lhu	14	12	54	c.lhu x14, 54(x12)	0x3a7a	0xe003	0x2002	c.lhu
2	3740	c.lhu	14	12	56	c.lhu x14, 56(x12)	0x3e1a	0xe003	0x2002	c.lhu
2	3741	c.lhu	14	12	58	c.lhu x14, 58(x12)	0x3e3a	0xe003	0x2002	c.lhu
2	3742	c.lhu	14	12	60	c.lhu x14, 60(x12)	0x3e5a	0xe003	0x2002	c.lhu
2	3743	c.lhu	14	12	62	c.lhu x14, 62(x12)	0x3e7a	0xe003	0x2002	c.lhu
2	3744	c.lhu	14	13	0	c.lhu x14, 0(x13)	0x229a	0xe003	0x2002	c.lhu
2	3745	c.lhu	14	13	2	c.lhu x14, 2(x13)	0x22ba	0xe003	0x2002	c.lhu
2	3746	c.lhu	14	13	4	c.lhu x14, 4(x13)	0x22da	0xe003	0x2002	c.lhu
2	3747	c.lhu	14	13	6	c.lhu x14, 6(x13)	0x22fa	0xe003	0x2002	c.lhu
2	3748	c.lhu	14	13	8	c.lhu x14, 8(x13)	0x269a	0xe003	0x2002	c.lhu
2	3749	c.lhu	14	13	10	c.lhu x14, 10(x13)	0x26ba	0xe003	0x2002	c.lhu
2	3750	c.lhu	14	13	12	c.lhu x14, 12(x13)	0x26da	0xe003	0x2002	c.lhu
2	3751	c.lhu	14	13	14	c.lhu x14, 14(x13)	0x26fa	0xe003	0x2002	c.lhu
2	3752	c.lhu	14	13	16	c.lhu x14, 16(x13)	0x2a9a	0xe003	0x2002	c.lhu
2	3753	c.lhu	14	13	18	c.lhu x14, 18(x13)	0x2aba	0xe003	0x2002	c.lhu
2	3754	c.lhu	14	13	20	c.lhu x14, 20(x13)	0x2ada	0xe003	0x2002	c.lhu
2	3755	c.lhu	14	13	22	c.lhu x14, 22(x13)	0x2afa	0xe003	0x2002	c.lhu
2	3756	c.lhu	14	13	24	c.lhu x14, 24(x13)	0x2e9a	0xe003	0x2002	c.lhu
2	3757	c.lhu	14	13	26	c.lhu x14, 26(x13)	0x2eba	0xe003	0x2002	c.lhu
2	3758	c.lhu	14	13	28	c.lhu x14, 28(x13)	0x2eda	0xe003	0x2002	c.lhu
2	3759	c.lhu	14	13	30	c.lhu x14, 30(x13)	0x2efa	0xe003	0x2002	c.lhu
2	3760	c.lhu	14	13	32	c.lhu x14, 32(x13)	0x329a	0xe003	0x2002	c.lhu
2	3761	c.lhu	14	13	34	c.lhu x14, 34(x13)	0x32ba	0xe003	0x2002	c.lhu
2	3762	c.lhu	14	13	36	c.lhu x14, 36(x13)	0x32da	0xe003	0x2002	c.lhu
2	3763	c.lhu	14	13	38	c.lhu x14, 38(x13)	0x32fa	0xe003	0x2002	c.lhu
2	3764	c.lhu	14	13	40	c.lhu x14, 40(x13)	0x369a	0xe003	0x2002	c.lhu
2	3765	c.lhu	14	13	42	c.lhu x14, 42(x13)	0x36ba	0xe003	0x2002	c.lhu
2	3766	c.lhu	14	13	44	c.lhu x14, 44(x13)	0x36da	0xe003	0x2002	c.lhu
2	3767	c.lhu	14	13	46	c.lhu x14, 46(x13)	0x36fa	0xe003	0x2002	c.lhu
2	3768	c.lhu	14	13	48	c.lhu x14, 48(x13)	0x3a9a	0xe003	0x2002	c.lhu
2	3769	c.lhu	14	13	50	c.lhu x14, 50(x13)	0x3aba	0xe003	0x2002	c.lhu
2	3770	c.lhu	14	13	52	c.lhu x14, 52(x13)	0x3ada	0xe003	0x2002	c.lhu
2	3771	c.lhu	14	13	54	c.lhu x14, 54(x13)	0x3afa	0xe003	0x2002	c.lhu
2	3772	c.lhu	14	13	56	c.lhu x14, 56(x13)	0x3e9a	0xe003	0x2002	c.lhu
2	3773	c.lhu	14	13	58	c.lhu x14, 58(x13)	0x3eba	0xe003	0x2002	c.lhu
2	3774	c.lhu	14	13	60	c.lhu x14, 60(x13)	0x3eda	0xe003	0x2002	c.lhu
2	3775	c.lhu	14	13	62	c.lhu x14, 62(x13)	0x3efa	0xe003	0x2002	c.lhu
2	3776	c.lhu	14	14	0	c.lhu x14, 0(x14)	0x231a	0xe003	0x2002	c.lhu
2	3777	c.lhu	14	14	2	c.lhu x14, 2(x14)	0x233a	0xe003	0x2002	c.lhu
2	3778	c.lhu	14	14	4	c.lhu x14, 4(x14)	0x235a	0xe003	0x2002	c.lhu
2	3779	c.lhu	14	14	6	c.lhu x14, 6(x14)	0x237a	0xe003	0x2002	c.lhu
2	3780	c.lhu	14	14	8	c.lhu x14, 8(x14)	0x271a	0xe003	0x2002	c.lhu
2	3781	c.lhu	14	14	10	c.lhu x14, 10(x14)	0x273a	0xe003	0x2002	c.lhu
2	3782	c.lhu	14	14	12	c.lhu x14, 12(x14)	0x275a	0xe003	0x2002	c.lhu
2	3783	c.lhu	14	14	14	c.lhu x14, 14(x14)	0x277a	0xe003	0x2002	c.lhu
2	3784	c.lhu	14	14	16	c.lhu x14, 16(x14)	0x2b1a	0xe003	0x2002	c.lhu
2	3785	c.lhu	14	14	18	c.lhu x14, 18(x14)	0x2b3a	0xe003	0x2002	c.lhu
2	3786	c.lhu	14	14	20	c.lhu x14, 20(x14)	0x2b5a	0xe003	0x2002	c.lhu
2	3787	c.lhu	14	14	22	c.lhu x14, 22(x14)	0x2b7a	0xe003	0x2002	c.lhu
2	3788	c.lhu	14	14	24	c.lhu x14, 24(x14)	0x2f1a	0xe003	0x2002	c.lhu
2	3789	c.lhu	14	14	26	c.lhu x14, 26(x14)	0x2f3a	0xe003	0x2002	c.lhu
2	3790	c.lhu	14	14	28	c.lhu x14, 28(x14)	0x2f5a	0xe003	0x2002	c.lhu
2	3791	c.lhu	14	14	30	c.lhu x14, 30(x14)	0x2f7a	0xe003	0x2002	c.lhu
2	3792	c.lhu	14	14	32	c.lhu x14, 32(x14)	0x331a	0xe003	0x2002	c.lhu
2	3793	c.lhu	14	14	34	c.lhu x14, 34(x14)	0x333a	0xe003	0x2002	c.lhu
2	3794	c.lhu	14	14	36	c.lhu x14, 36(x14)	0x335a	0xe003	0x2002	c.lhu
2	3795	c.lhu	14	14	38	c.lhu x14, 38(x14)	0x337a	0xe003	0x2002	c.lhu
2	3796	c.lhu	14	14	40	c.lhu x14, 40(x14)	0x371a	0xe003	0x2002	c.lhu
2	3797	c.lhu	14	14	42	c.lhu x14, 42(x14)	0x373a	0xe003	0x2002	c.lhu
2	3798	c.lhu	14	14	44	c.lhu x14, 44(x14)	0x375a	0xe003	0x2002	c.lhu
2	3799	c.lhu	14	14	46	c.lhu x14, 46(x14)	0x377a	0xe003	0x2002	c.lhu
2	3800	c.lhu	14	14	48	c.lhu x14, 48(x14)	0x3b1a	0xe003	0x2002	c.lhu
2	3801	c.lhu	14	14	50	c.lhu x14, 50(x14)	0x3b3a	0xe003	0x2002	c.lhu
2	3802	c.lhu	14	14	52	c.lhu x14, 52(x14)	0x3b5a	0xe003	0x2002	c.lhu
2	3803	c.lhu	14	14	54	c.lhu x14, 54(x14)	0x3b7a	0xe003	0x2002	c.lhu
2	3804	c.lhu	14	14	56	c.lhu x14, 56(x14)	0x3f1a	0xe003	0x2002	c.lhu
2	3805	c.lhu	14	14	58	c.lhu x14, 58(x14)	0x3f3a	0xe003	0x2002	c.lhu
2	3806	c.lhu	14	14	60	c.lhu x14, 60(x14)	0x3f5a	0xe003	0x2002	c.lhu
2	3807	c.lhu	14	14	62	c.lhu x14, 62(x14)	0x3f7a	0xe003	0x2002	c.lhu
2	3808	c.lhu	14	15	0	c.lhu x14, 0(x15)	0x239a	0xe003	0x2002	c.lhu
2	3809	c.lhu	14	15	2	c.lhu x14, 2(x15)	0x23ba	0xe003	0x2002	c.lhu
2	3810	c.lhu	14	15	4	c.lhu x14, 4(x15)	0x23da	0xe003	0x2002	c.lhu
2	3811	c.lhu	14	15	6	c.lhu x14, 6(x15)	0x23fa	0xe003	0x2002	c.lhu
2	3812	c.lhu	14	15	8	c.lhu x14, 8(x15)	0x279a	0xe003	0x2002	c.lhu
2	3813	c.lhu	14	15	10	c.lhu x14, 10(x15)	0x27ba	0xe003	0x2002	c.lhu
2	3814	c.lhu	14	15	12	c.lhu x14, 12(x15)	0x27da	0xe003	0x2002	c.lhu
2	3815	c.lhu	14	15	14	c.lhu x14, 14(x15)	0x27fa	0xe003	0x2002	c.lhu
2	3816	c.lhu	14	15	16	c.lhu x14, 16(x15)	0x2b9a	0xe003	0x2002	c.lhu
2	3817	c.lhu	14	15	18	c.lhu x14, 18(x15)	0x2bba	0xe003	0x2002	c.lhu
2	3818	c.lhu	14	15	20	c.lhu x14, 20(x15)	0x2bda	0xe003	0x2002	c.lhu
2	3819	c.lhu	14	15	22	c.lhu x14, 22(x15)	0x2bfa	0xe003	0x2002	c.lhu
2	3820	c.lhu	14	15	24	c.lhu x14, 24(x15)	0x2f9a	0xe003	0x2002	c.lhu
2	3821	c.lhu	14	15	26	c.lhu x14, 26(x15)	0x2fba	0xe003	0x2002	c.lhu
2	3822	c.lhu	14	15	28	c.lhu x14, 28(x15)	0x2fda	0xe003	0x2002	c.lhu
2	3823	c.lhu	14	15	30	c.lhu x14, 30(x15)	0x2ffa	0xe003	0x2002	c.lhu
2	3824	c.lhu	14	15	32	c.lhu x14, 32(x15)	0x339a	0xe003	0x2002	c.lhu
2	3825	c.lhu	14	15	34	c.lhu x14, 34(x15)	0x33ba	0xe003	0x2002	c.lhu
2	3826	c.lhu	14	15	36	c.lhu x14, 36(x15)	0x33da	0xe003	0x2002	c.lhu
2	3827	c.lhu	14	15	38	c.lhu x14, 38(x15)	0x33fa	0xe003	0x2002	c.lhu
2	3828	c.lhu	14	15	40	c.lhu x14, 40(x15)	0x379a	0xe003	0x2002	c.lhu
2	3829	c.lhu	14	15	42	c.lhu x14, 42(x15)	0x37ba	0xe003	0x2002	c.lhu
2	3830	c.lhu	14	15	44	c.lhu x14, 44(x15)	0x37da	0xe003	0x2002	c.lhu
2	3831	c.lhu	14	15	46	c.lhu x14, 46(x15)	0x37fa	0xe003	0x2002	c.lhu
2	3832	c.lhu	14	15	48	c.lhu x14, 48(x15)	0x3b9a	0xe003	0x2002	c.lhu
2	3833	c.lhu	14	15	50	c.lhu x14, 50(x15)	0x3bba	0xe003	0x2002	c.lhu
2	3834	c.lhu	14	15	52	c.lhu x14, 52(x15)	0x3bda	0xe003	0x2002	c.lhu
2	3835	c.lhu	14	15	54	c.lhu x14, 54(x15)	0x3bfa	0xe003	0x2002	c.lhu
2	3836	c.lhu	14	15	56	c.lhu x14, 56(x15)	0x3f9a	0xe003	0x2002	c.lhu
2	3837	c.lhu	14	15	58	c.lhu x14, 58(x15)	0x3fba	0xe003	0x2002	c.lhu
2	3838	c.lhu	14	15	60	c.lhu x14, 60(x15)	0x3fda	0xe003	0x2002	c.lhu
2	3839	c.lhu	14	15	62	c.lhu x14, 62(x15)	0x3ffa	0xe003	0x2002	c.lhu
2	3840	c.lhu	15	8	0	c.lhu x15, 0(x8)	0x201e	0xe003	0x2002	c.lhu
2	3841	c.lhu	15	8	2	c.lhu x15, 2(x8)	0x203e	0xe003	0x2002	c.lhu
2	3842	c.lhu	15	8	4	c.lhu x15, 4(x8)	0x205e	0xe003	0x2002	c.lhu
2	3843	c.lhu	15	8	6	c.lhu x15, 6(x8)	0x207e	0xe003	0x2002	c.lhu
2	3844	c.lhu	15	8	8	c.lhu x15, 8(x8)	0x241e	0xe003	0x2002	c.lhu
2	3845	c.lhu	15	8	10	c.lhu x15, 10(x8)	0x243e	0xe003	0x2002	c.lhu
2	3846	c.lhu	15	8	12	c.lhu x15, 12(x8)	0x245e	0xe003	0x2002	c.lhu
2	3847	c.lhu	15	8	14	c.lhu x15, 14(x8)	0x247e	0xe003	0x2002	c.lhu
2	3848	c.lhu	15	8	16	c.lhu x15, 16(x8)	0x281e	0xe003	0x2002	c.lhu
2	3849	c.lhu	15	8	18	c.lhu x15, 18(x8)	0x283e	0xe003	0x2002	c.lhu
2	3850	c.lhu	15	8	20	c.lhu x15, 20(x8)	0x285e	0xe003	0x2002	c.lhu
2	3851	c.lhu	15	8	22	c.lhu x15, 22(x8)	0x287e	0xe003	0x2002	c.lhu
2	3852	c.lhu	15	8	24	c.lhu x15, 24(x8)	0x2c1e	0xe003	0x2002	c.lhu
2	3853	c.lhu	15	8	26	c.lhu x15, 26(x8)	0x2c3e	0xe003	0x2002	c.lhu
2	3854	c.lhu	15	8	28	c.lhu x15, 28(x8)	0x2c5e	0xe003	0x2002	c.lhu
2	3855	c.lhu	15	8	30	c.lhu x15, 30(x8)	0x2c7e	0xe003	0x2002	c.lhu
2	3856	c.lhu	15	8	32	c.lhu x15, 32(x8)	0x301e	0xe003	0x2002	c.lhu
2	3857	c.lhu	15	8	34	c.lhu x15, 34(x8)	0x303e	0xe003	0x2002	c.lhu
2	3858	c.lhu	15	8	36	c.lhu x15, 36(x8)	0x305e	0xe003	0x2002	c.lhu
2	3859	c.lhu	15	8	38	c.lhu x15, 38(x8)	0x307e	0xe003	0x2002	c.lhu
2	3860	c.lhu	15	8	40	c.lhu x15, 40(x8)	0x341e	0xe003	0x2002	c.lhu
2	3861	c.lhu	15	8	42	c.lhu x15, 42(x8)	0x343e	0xe003	0x2002	c.lhu
2	3862	c.lhu	15	8	44	c.lhu x15, 44(x8)	0x345e	0xe003	0x2002	c.lhu
2	3863	c.lhu	15	8	46	c.lhu x15, 46(x8)	0x347e	0xe003	0x2002	c.lhu
2	3864	c.lhu	15	8	48	c.lhu x15, 48(x8)	0x381e	0xe003	0x2002	c.lhu
2	3865	c.lhu	15	8	50	c.lhu x15, 50(x8)	0x383e	0xe003	0x2002	c.lhu
2	3866	c.lhu	15	8	52	c.lhu x15, 52(x8)	0x385e	0xe003	0x2002	c.lhu
2	3867	c.lhu	15	8	54	c.lhu x15, 54(x8)	0x387e	0xe003	0x2002	c.lhu
2	3868	c.lhu	15	8	56	c.lhu x15, 56(x8)	0x3c1e	0xe003	0x2002	c.lhu
2	3869	c.lhu	15	8	58	c.lhu x15, 58(x8)	0x3c3e	0xe003	0x2002	c.lhu
2	3870	c.lhu	15	8	60	c.lhu x15, 60(x8)	0x3c5e	0xe003	0x2002	c.lhu
2	3871	c.lhu	15	8	62	c.lhu x15, 62(x8)	0x3c7e	0xe003	0x2002	c.lhu
2	3872	c.lhu	15	9	0	c.lhu x15, 0(x9)	0x209e	0xe003	0x2002	c.lhu
2	3873	c.lhu	15	9	2	c.lhu x15, 2(x9)	0x20be	0xe003	0x2002	c.lhu
2	3874	c.lhu	15	9	4	c.lhu x15, 4(x9)	0x20de	0xe003	0x2002	c.lhu
2	3875	c.lhu	15	9	6	c.lhu x15, 6(x9)	0x20fe	0xe003	0x2002	c.lhu
2	3876	c.lhu	15	9	8	c.lhu x15, 8(x9)	0x249e	0xe003	0x2002	c.lhu
2	3877	c.lhu	15	9	10	c.lhu x15, 10(x9)	0x24be	0xe003	0x2002	c.lhu
2	3878	c.lhu	15	9	12	c.lhu x15, 12(x9)	0x24de	0xe003	0x2002	c.lhu
2	3879	c.lhu	15	9	14	c.lhu x15, 14(x9)	0x24fe	0xe003	0x2002	c.lhu
2	3880	c.lhu	15	9	16	c.lhu x15, 16(x9)	0x289e	0xe003	0x2002	c.lhu
2	3881	c.lhu	15	9	18	c.lhu x15, 18(x9)	0x28be	0xe003	0x2002	c.lhu
2	3882	c.lhu	15	9	20	c.lhu x15, 20(x9)	0x28de	0xe003	0x2002	c.lhu
2	3883	c.lhu	15	9	22	c.lhu x15, 22(x9)	0x28fe	0xe003	0x2002	c.lhu
2	3884	c.lhu	15	9	24	c.lhu x15, 24(x9)	0x2c9e	0xe003	0x2002	c.lhu
2	3885	c.lhu	15	9	26	c.lhu x15, 26(x9)	0x2cbe	0xe003	0x2002	c.lhu
2	3886	c.lhu	15	9	28	c.lhu x15, 28(x9)	0x2cde	0xe003	0x2002	c.lhu
2	3887	c.lhu	15	9	30	c.lhu x15, 30(x9)	0x2cfe	0xe003	0x2002	c.lhu
2	3888	c.lhu	15	9	32	c.lhu x15, 32(x9)	0x309e	0xe003	0x2002	c.lhu
2	3889	c.lhu	15	9	34	c.lhu x15, 34(x9)	0x30be	0xe003	0x2002	c.lhu
2	3890	c.lhu	15	9	36	c.lhu x15, 36(x9)	0x30de	0xe003	0x2002	c.lhu
2	3891	c.lhu	15	9	38	c.lhu x15, 38(x9)	0x30fe	0xe003	0x2002	c.lhu
2	3892	c.lhu	15	9	40	c.lhu x15, 40(x9)	0x349e	0xe003	0x2002	c.lhu
2	3893	c.lhu	15	9	42	c.lhu x15, 42(x9)	0x34be	0xe003	0x2002	c.lhu
2	3894	c.lhu	15	9	44	c.lhu x15, 44(x9)	0x34de	0xe003	0x2002	c.lhu
2	3895	c.lhu	15	9	46	c.lhu x15, 46(x9)	0x34fe	0xe003	0x2002	c.lhu
2	3896	c.lhu	15	9	48	c.lhu x15, 48(x9)	0x389e	0xe003	0x2002	c.lhu
2	3897	c.lhu	15	9	50	c.lhu x15, 50(x9)	0x38be	0xe003	0x2002	c.lhu
2	3898	c.lhu	15	9	52	c.lhu x15, 52(x9)	0x38de	0xe003	0x2002	c.lhu
2	3899	c.lhu	15	9	54	c.lhu x15, 54(x9)	0x38fe	0xe003	0x2002	c.lhu
2	3900	c.lhu	15	9	56	c.lhu x15, 56(x9)	0x3c9e	0xe003	0x2002	c.lhu
2	3901	c.lhu	15	9	58	c.lhu x15, 58(x9)	0x3cbe	0xe003	0x2002	c.lhu
2	3902	c.lhu	15	9	60	c.lhu x15, 60(x9)	0x3cde	0xe003	0x2002	c.lhu
2	3903	c.lhu	15	9	62	c.lhu x15, 62(x9)	0x3cfe	0xe003	0x2002	c.lhu
2	3904	c.lhu	15	10	0	c.lhu x15, 0(x10)	0x211e	0xe003	0x2002	c.lhu
2	3905	c.lhu	15	10	2	c.lhu x15, 2(x10)	0x213e	0xe003	0x2002	c.lhu
2	3906	c.lhu	15	10	4	c.lhu x15, 4(x10)	0x215e	0xe003	0x2002	c.lhu
2	3907	c.lhu	15	10	6	c.lhu x15, 6(x10)	0x217e	0xe003	0x2002	c.lhu
2	3908	c.lhu	15	10	8	c.lhu x15, 8(x10)	0x251e	0xe003	0x2002	c.lhu
2	3909	c.lhu	15	10	10	c.lhu x15, 10(x10)	0x253e	0xe003	0x2002	c.lhu
2	3910	c.lhu	15	10	12	c.lhu x15, 12(x10)	0x255e	0xe003	0x2002	c.lhu
2	3911	c.lhu	15	10	14	c.lhu x15, 14(x10)	0x257e	0xe003	0x2002	c.lhu
2	3912	c.lhu	15	10	16	c.lhu x15, 16(x10)	0x291e	0xe003	0x2002	c.lhu
2	3913	c.lhu	15	10	18	c.lhu x15, 18(x10)	0x293e	0xe003	0x2002	c.lhu
2	3914	c.lhu	15	10	20	c.lhu x15, 20(x10)	0x295e	0xe003	0x2002	c.lhu
2	3915	c.lhu	15	10	22	c.lhu x15, 22(x10)	0x297e	0xe003	0x2002	c.lhu
2	3916	c.lhu	15	10	24	c.lhu x15, 24(x10)	0x2d1e	0xe003	0x2002	c.lhu
2	3917	c.lhu	15	10	26	c.lhu x15, 26(x10)	0x2d3e	0xe003	0x2002	c.lhu
2	3918	c.lhu	15	10	28	c.lhu x15, 28(x10)	0x2d5e	0xe003	0x2002	c.lhu
2	3919	c.lhu	15	10	30	c.lhu x15, 30(x10)	0x2d7e	0xe003	0x2002	c.lhu
2	3920	c.lhu	15	10	32	c.lhu x15, 32(x10)	0x311e	0xe003	0x2002	c.lhu
2	3921	c.lhu	15	10	34	c.lhu x15, 34(x10)	0x313e	0xe003	0x2002	c.lhu
2	3922	c.lhu	15	10	36	c.lhu x15, 36(x10)	0x315e	0xe003	0x2002	c.lhu
2	3923	c.lhu	15	10	38	c.lhu x15, 38(x10)	0x317e	0xe003	0x2002	c.lhu
2	3924	c.lhu	15	10	40	c.lhu x15, 40(x10)	0x351e	0xe003	0x2002	c.lhu
2	3925	c.lhu	15	10	42	c.lhu x15, 42(x10)	0x353e	0xe003	0x2002	c.lhu
2	3926	c.lhu	15	10	44	c.lhu x15, 44(x10)	0x355e	0xe003	0x2002	c.lhu
2	3927	c.lhu	15	10	46	c.lhu x15, 46(x10)	0x357e	0xe003	0x2002	c.lhu
2	3928	c.lhu	15	10	48	c.lhu x15, 48(x10)	0x391e	0xe003	0x2002	c.lhu
2	3929	c.lhu	15	10	50	c.lhu x15, 50(x10)	0x393e	0xe003	0x2002	c.lhu
2	3930	c.lhu	15	10	52	c.lhu x15, 52(x10)	0x395e	0xe003	0x2002	c.lhu
2	3931	c.lhu	15	10	54	c.lhu x15, 54(x10)	0x397e	0xe003	0x2002	c.lhu
2	3932	c.lhu	15	10	56	c.lhu x15, 56(x10)	0x3d1e	0xe003	0x2002	c.lhu
2	3933	c.lhu	15	10	58	c.lhu x15, 58(x10)	0x3d3e	0xe003	0x2002	c.lhu
2	3934	c.lhu	15	10	60	c.lhu x15, 60(x10)	0x3d5e	0xe003	0x2002	c.lhu
2	3935	c.lhu	15	10	62	c.lhu x15, 62(x10)	0x3d7e	0xe003	0x2002	c.lhu
2	3936	c.lhu	15	11	0	c.lhu x15, 0(x11)	0x219e	0xe003	0x2002	c.lhu
2	3937	c.lhu	15	11	2	c.lhu x15, 2(x11)	0x21be	0xe003	0x2002	c.lhu
2	3938	c.lhu	15	11	4	c.lhu x15, 4(x11)	0x21de	0xe003	0x2002	c.lhu
2	3939	c.lhu	15	11	6	c.lhu x15, 6(x11)	0x21fe	0xe003	0x2002	c.lhu
2	3940	c.lhu	15	11	8	c.lhu x15, 8(x11)	0x259e	0xe003	0x2002	c.lhu
2	3941	c.lhu	15	11	10	c.lhu x15, 10(x11)	0x25be	0xe003	0x2002	c.lhu
2	3942	c.lhu	15	11	12	c.lhu x15, 12(x11)	0x25de	0xe003	0x2002	c.lhu
2	3943	c.lhu	15	11	14	c.lhu x15, 14(x11)	0x25fe	0xe003	0x2002	c.lhu
2	3944	c.lhu	15	11	16	c.lhu x15, 16(x11)	0x299e	0xe003	0x2002	c.lhu
2	3945	c.lhu	15	11	18	c.lhu x15, 18(x11)	0x29be	0xe003	0x2002	c.lhu
2	3946	c.lhu	15	11	20	c.lhu x15, 20(x11)	0x29de	0xe003	0x2002	c.lhu
2	3947	c.lhu	15	11	22	c.lhu x15, 22(x11)	0x29fe	0xe003	0x2002	c.lhu
2	3948	c.lhu	15	11	24	c.lhu x15, 24(x11)	0x2d9e	0xe003	0x2002	c.lhu
2	3949	c.lhu	15	11	26	c.lhu x15, 26(x11)	0x2dbe	0xe003	0x2002	c.lhu
2	3950	c.lhu	15	11	28	c.lhu x15, 28(x11)	0x2dde	0xe003	0x2002	c.lhu
2	3951	c.lhu	15	11	30	c.lhu x15, 30(x11)	0x2dfe	0xe003	0x2002	c.lhu
2	3952	c.lhu	15	11	32	c.lhu x15, 32(x11)	0x319e	0xe003	0x2002	c.lhu
2	3953	c.lhu	15	11	34	c.lhu x15, 34(x11)	0x31be	0xe003	0x2002	c.lhu
2	3954	c.lhu	15	11	36	c.lhu x15, 36(x11)	0x31de	0xe003	0x2002	c.lhu
2	3955	c.lhu	15	11	38	c.lhu x15, 38(x11)	0x31fe	0xe003	0x2002	c.lhu
2	3956	c.lhu	15	11	40	c.lhu x15, 40(x11)	0x359e	0xe003	0x2002	c.lhu
2	3957	c.lhu	15	11	42	c.lhu x15, 42(x11)	0x35be	0xe003	0x2002	c.lhu
2	3958	c.lhu	15	11	44	c.lhu x15, 44(x11)	0x35de	0xe003	0x2002	c.lhu
2	3959	c.lhu	15	11	46	c.lhu x15, 46(x11)	0x35fe	0xe003	0x2002	c.lhu
2	3960	c.lhu	15	11	48	c.lhu x15, 48(x11)	0x399e	0xe003	0x2002	c.lhu
2	3961	c.lhu	15	11	50	c.lhu x15, 50(x11)	0x39be	0xe003	0x2002	c.lhu
2	3962	c.lhu	15	11	52	c.lhu x15, 52(x11)	0x39de	0xe003	0x2002	c.lhu
2	3963	c.lhu	15	11	54	c.lhu x15, 54(x11)	0x39fe	0xe003	0x2002	c.lhu
2	3964	c.lhu	15	11	56	c.lhu x15, 56(x11)	0x3d9e	0xe003	0x2002	c.lhu
2	3965	c.lhu	15	11	58	c.lhu x15, 58(x11)	0x3dbe	0xe003	0x2002	c.lhu
2	3966	c.lhu	15	11	60	c.lhu x15, 60(x11)	0x3dde	0xe003	0x2002	c.lhu
2	3967	c.lhu	15	11	62	c.lhu x15, 62(x11)	0x3dfe	0xe003	0x2002	c.lhu
2	3968	c.lhu	15	12	0	c.lhu x15, 0(x12)	0x221e	0xe003	0x2002	c.lhu
2	3969	c.lhu	15	12	2	c.lhu x15, 2(x12)	0x223e	0xe003	0x2002	c.lhu
2	3970	c.lhu	15	12	4	c.lhu x15, 4(x12)	0x225e	0xe003	0x2002	c.lhu
2	3971	c.lhu	15	12	6	c.lhu x15, 6(x12)	0x227e	0xe003	0x2002	c.lhu
2	3972	c.lhu	15	12	8	c.lhu x15, 8(x12)	0x261e	0xe003	0x2002	c.lhu
2	3973	c.lhu	15	12	10	c.lhu x15, 10(x12)	0x263e	0xe003	0x2002	c.lhu
2	3974	c.lhu	15	12	12	c.lhu x15, 12(x12)	0x265e	0xe003	0x2002	c.lhu
2	3975	c.lhu	15	12	14	c.lhu x15, 14(x12)	0x267e	0xe003	0x2002	c.lhu
2	3976	c.lhu	15	12	16	c.lhu x15, 16(x12)	0x2a1e	0xe003	0x2002	c.lhu
2	3977	c.lhu	15	12	18	c.lhu x15, 18(x12)	0x2a3e	0xe003	0x2002	c.lhu
2	3978	c.lhu	15	12	20	c.lhu x15, 20(x12)	0x2a5e	0xe003	0x2002	c.lhu
2	3979	c.lhu	15	12	22	c.lhu x15, 22(x12)	0x2a7e	0xe003	0x2002	c.lhu
2	3980	c.lhu	15	12	24	c.lhu x15, 24(x12)	0x2e1e	0xe003	0x2002	c.lhu
2	3981	c.lhu	15	12	26	c.lhu x15, 26(x12)	0x2e3e	0xe003	0x2002	c.lhu
2	3982	c.lhu	15	12	28	c.lhu x15, 28(x12)	0x2e5e	0xe003	0x2002	c.lhu
2	3983	c.lhu	15	12	30	c.lhu x15, 30(x12)	0x2e7e	0xe003	0x2002	c.lhu
2	3984	c.lhu	15	12	32	c.lhu x15, 32(x12)	0x321e	0xe003	0x2002	c.lhu
2	3985	c.lhu	15	12	34	c.lhu x15, 34(x12)	0x323e	0xe003	0x2002	c.lhu
2	3986	c.lhu	15	12	36	c.lhu x15, 36(x12)	0x325e	0xe003	0x2002	c.lhu
2	3987	c.lhu	15	12	38	c.lhu x15, 38(x12)	0x327e	0xe003	0x2002	c.lhu
2	3988	c.lhu	15	12	40	c.lhu x15, 40(x12)	0x361e	0xe003	0x2002	c.lhu
2	3989	c.lhu	15	12	42	c.lhu x15, 42(x12)	0x363e	0xe003	0x2002	c.lhu
2	3990	c.lhu	15	12	44	c.lhu x15, 44(x12)	0x365e	0xe003	0x2002	c.lhu
2	3991	c.lhu	15	12	46	c.lhu x15, 46(x12)	0x367e	0xe003	0x2002	c.lhu
2	3992	c.lhu	15	12	48	c.lhu x15, 48(x12)	0x3a1e	0xe003	0x2002	c.lhu
2	3993	c.lhu	15	12	50	c.lhu x15, 50(x12)	0x3a3e	0xe003	0x2002	c.lhu
2	3994	c.lhu	15	12	52	c.lhu x15, 52(x12)	0x3a5e	0xe003	0x2002	c.lhu
2	3995	c.lhu	15	12	54	c.lhu x15, 54(x12)	0x3a7e	0xe003	0x2002	c.lhu
2	3996	c.lhu	15	12	56	c.lhu x15, 56(x12)	0x3e1e	0xe003	0x2002	c.lhu
2	3997	c.lhu	15	12	58	c.lhu x15, 58(x12)	0x3e3e	0xe003	0x2002	c.lhu
2	3998	c.lhu	15	12	60	c.lhu x15, 60(x12)	0x3e5e	0xe003	0x2002	c.lhu
2	3999	c.lhu	15	12	62	c.lhu x15, 62(x12)	0x3e7e	0xe003	0x2002	c.lhu
2	4000	c.lhu	15	13	0	c.lhu x15, 0(x13)	0x229e	0xe003	0x2002	c.lhu
2	4001	c.lhu	15	13	2	c.lhu x15, 2(x13)	0x22be	0xe003	0x2002	c.lhu
2	4002	c.lhu	15	13	4	c.lhu x15, 4(x13)	0x22de	0xe003	0x2002	c.lhu
2	4003	c.lhu	15	13	6	c.lhu x15, 6(x13)	0x22fe	0xe003	0x2002	c.lhu
2	4004	c.lhu	15	13	8	c.lhu x15, 8(x13)	0x269e	0xe003	0x2002	c.lhu
2	4005	c.lhu	15	13	10	c.lhu x15, 10(x13)	0x26be	0xe003	0x2002	c.lhu
2	4006	c.lhu	15	13	12	c.lhu x15, 12(x13)	0x26de	0xe003	0x2002	c.lhu
2	4007	c.lhu	15	13	14	c.lhu x15, 14(x13)	0x26fe	0xe003	0x2002	c.lhu
2	4008	c.lhu	15	13	16	c.lhu x15, 16(x13)	0x2a9e	0xe003	0x2002	c.lhu
2	4009	c.lhu	15	13	18	c.lhu x15, 18(x13)	0x2abe	0xe003	0x2002	c.lhu
2	4010	c.lhu	15	13	20	c.lhu x15, 20(x13)	0x2ade	0xe003	0x2002	c.lhu
2	4011	c.lhu	15	13	22	c.lhu x15, 22(x13)	0x2afe	0xe003	0x2002	c.lhu
2	4012	c.lhu	15	13	24	c.lhu x15, 24(x13)	0x2e9e	0xe003	0x2002	c.lhu
2	4013	c.lhu	15	13	26	c.lhu x15, 26(x13)	0x2ebe	0xe003	0x2002	c.lhu
2	4014	c.lhu	15	13	28	c.lhu x15, 28(x13)	0x2ede	0xe003	0x2002	c.lhu
2	4015	c.lhu	15	13	30	c.lhu x15, 30(x13)	0x2efe	0xe003	0x2002	c.lhu
2	4016	c.lhu	15	13	32	c.lhu x15, 32(x13)	0x329e	0xe003	0x2002	c.lhu
2	4017	c.lhu	15	13	34	c.lhu x15, 34(x13)	0x32be	0xe003	0x2002	c.lhu
2	4018	c.lhu	15	13	36	c.lhu x15, 36(x13)	0x32de	0xe003	0x2002	c.lhu
2	4019	c.lhu	15	13	38	c.lhu x15, 38(x13)	0x32fe	0xe003	0x2002	c.lhu
2	4020	c.lhu	15	13	40	c.lhu x15, 40(x13)	0x369e	0xe003	0x2002	c.lhu
2	4021	c.lhu	15	13	42	c.lhu x15, 42(x13)	0x36be	0xe003	0x2002	c.lhu
2	4022	c.lhu	15	13	44	c.lhu x15, 44(x13)	0x36de	0xe003	0x2002	c.lhu
2	4023	c.lhu	15	13	46	c.lhu x15, 46(x13)	0x36fe	0xe003	0x2002	c.lhu
2	4024	c.lhu	15	13	48	c.lhu x15, 48(x13)	0x3a9e	0xe003	0x2002	c.lhu
2	4025	c.lhu	15	13	50	c.lhu x15, 50(x13)	0x3abe	0xe003	0x2002	c.lhu
2	4026	c.lhu	15	13	52	c.lhu x15, 52(x13)	0x3ade	0xe003	0x2002	c.lhu
2	4027	c.lhu	15	13	54	c.lhu x15, 54(x13)	0x3afe	0xe003	0x2002	c.lhu
2	4028	c.lhu	15	13	56	c.lhu x15, 56(x13)	0x3e9e	0xe003	0x2002	c.lhu
2	4029	c.lhu	15	13	58	c.lhu x15, 58(x13)	0x3ebe	0xe003	0x2002	c.lhu
2	4030	c.lhu	15	13	60	c.lhu x15, 60(x13)	0x3ede	0xe003	0x2002	c.lhu
2	4031	c.lhu	15	13	62	c.lhu x15, 62(x13)	0x3efe	0xe003	0x2002	c.lhu
2	4032	c.lhu	15	14	0	c.lhu x15, 0(x14)	0x231e	0xe003	0x2002	c.lhu
2	4033	c.lhu	15	14	2	c.lhu x15, 2(x14)	0x233e	0xe003	0x2002	c.lhu
2	4034	c.lhu	15	14	4	c.lhu x15, 4(x14)	0x235e	0xe003	0x2002	c.lhu
2	4035	c.lhu	15	14	6	c.lhu x15, 6(x14)	0x237e	0xe003	0x2002	c.lhu
2	4036	c.lhu	15	14	8	c.lhu x15, 8(x14)	0x271e	0xe003	0x2002	c.lhu
2	4037	c.lhu	15	14	10	c.lhu x15, 10(x14)	0x273e	0xe003	0x2002	c.lhu
2	4038	c.lhu	15	14	12	c.lhu x15, 12(x14)	0x275e	0xe003	0x2002	c.lhu
2	4039	c.lhu	15	14	14	c.lhu x15, 14(x14)	0x277e	0xe003	0x2002	c.lhu
2	4040	c.lhu	15	14	16	c.lhu x15, 16(x14)	0x2b1e	0xe003	0x2002	c.lhu
2	4041	c.lhu	15	14	18	c.lhu x15, 18(x14)	0x2b3e	0xe003	0x2002	c.lhu
2	4042	c.lhu	15	14	20	c.lhu x15, 20(x14)	0x2b5e	0xe003	0x2002	c.lhu
2	4043	c.lhu	15	14	22	c.lhu x15, 22(x14)	0x2b7e	0xe003	0x2002	c.lhu
2	4044	c.lhu	15	14	24	c.lhu x15, 24(x14)	0x2f1e	0xe003	0x2002	c.lhu
2	4045	c.lhu	15	14	26	c.lhu x15, 26(x14)	0x2f3e	0xe003	0x2002	c.lhu
2	4046	c.lhu	15	14	28	c.lhu x15, 28(x14)	0x2f5e	0xe003	0x2002	c.lhu
2	4047	c.lhu	15	14	30	c.lhu x15, 30(x14)	0x2f7e	0xe003	0x2002	c.lhu
2	4048	c.lhu	15	14	32	c.lhu x15, 32(x14)	0x331e	0xe003	0x2002	c.lhu
2	4049	c.lhu	15	14	34	c.lhu x15, 34(x14)	0x333e	0xe003	0x2002	c.lhu
2	4050	c.lhu	15	14	36	c.lhu x15, 36(x14)	0x335e	0xe003	0x2002	c.lhu
2	4051	c.lhu	15	14	38	c.lhu x15, 38(x14)	0x337e	0xe003	0x2002	c.lhu
2	4052	c.lhu	15	14	40	c.lhu x15, 40(x14)	0x371e	0xe003	0x2002	c.lhu
2	4053	c.lhu	15	14	42	c.lhu x15, 42(x14)	0x373e	0xe003	0x2002	c.lhu
2	4054	c.lhu	15	14	44	c.lhu x15, 44(x14)	0x375e	0xe003	0x2002	c.lhu
2	4055	c.lhu	15	14	46	c.lhu x15, 46(x14)	0x377e	0xe003	0x2002	c.lhu
2	4056	c.lhu	15	14	48	c.lhu x15, 48(x14)	0x3b1e	0xe003	0x2002	c.lhu
2	4057	c.lhu	15	14	50	c.lhu x15, 50(x14)	0x3b3e	0xe003	0x2002	c.lhu
2	4058	c.lhu	15	14	52	c.lhu x15, 52(x14)	0x3b5e	0xe003	0x2002	c.lhu
2	4059	c.lhu	15	14	54	c.lhu x15, 54(x14)	0x3b7e	0xe003	0x2002	c.lhu
2	4060	c.lhu	15	14	56	c.lhu x15, 56(x14)	0x3f1e	0xe003	0x2002	c.lhu
2	4061	c.lhu	15	14	58	c.lhu x15, 58(x14)	0x3f3e	0xe003	0x2002	c.lhu
2	4062	c.lhu	15	14	60	c.lhu x15, 60(x14)	0x3f5e	0xe003	0x2002	c.lhu
2	4063	c.lhu	15	14	62	c.lhu x15, 62(x14)	0x3f7e	0xe003	0x2002	c.lhu
2	4064	c.lhu	15	15	0	c.lhu x15, 0(x15)	0x239e	0xe003	0x2002	c.lhu
2	4065	c.lhu	15	15	2	c.lhu x15, 2(x15)	0x23be	0xe003	0x2002	c.lhu
2	4066	c.lhu	15	15	4	c.lhu x15, 4(x15)	0x23de	0xe003	0x2002	c.lhu
2	4067	c.lhu	15	15	6	c.lhu x15, 6(x15)	0x23fe	0xe003	0x2002	c.lhu
2	4068	c.lhu	15	15	8	c.lhu x15, 8(x15)	0x279e	0xe003	0x2002	c.lhu
2	4069	c.lhu	15	15	10	c.lhu x15, 10(x15)	0x27be	0xe003	0x2002	c.lhu
2	4070	c.lhu	15	15	12	c.lhu x15, 12(x15)	0x27de	0xe003	0x2002	c.lhu
2	4071	c.lhu	15	15	14	c.lhu x15, 14(x15)	0x27fe	0xe003	0x2002	c.lhu
2	4072	c.lhu	15	15	16	c.lhu x15, 16(x15)	0x2b9e	0xe003	0x2002	c.lhu
2	4073	c.lhu	15	15	18	c.lhu x15, 18(x15)	0x2bbe	0xe003	0x2002	c.lhu
2	4074	c.lhu	15	15	20	c.lhu x15, 20(x15)	0x2bde	0xe003	0x2002	c.lhu
2	4075	c.lhu	15	15	22	c.lhu x15, 22(x15)	0x2bfe	0xe003	0x2002	c.lhu
2	4076	c.lhu	15	15	24	c.lhu x15, 24(x15)	0x2f9e	0xe003	0x2002	c.lhu
2	4077	c.lhu	15	15	26	c.lhu x15, 26(x15)	0x2fbe	0xe003	0x2002	c.lhu
2	4078	c.lhu	15	15	28	c.lhu x15, 28(x15)	0x2fde	0xe003	0x2002	c.lhu
2	4079	c.lhu	15	15	30	c.lhu x15, 30(x15)	0x2ffe	0xe003	0x2002	c.lhu
2	4080	c.lhu	15	15	32	c.lhu x15, 32(x15)	0x339e	0xe003	0x2002	c.lhu
2	4081	c.lhu	15	15	34	c.lhu x15, 34(x15)	0x33be	0xe003	0x2002	c.lhu
2	4082	c.lhu	15	15	36	c.lhu x15, 36(x15)	0x33de	0xe003	0x2002	c.lhu
2	4083	c.lhu	15	15	38	c.lhu x15, 38(x15)	0x33fe	0xe003	0x2002	c.lhu
2	4084	c.lhu	15	15	40	c.lhu x15, 40(x15)	0x379e	0xe003	0x2002	c.lhu
2	4085	c.lhu	15	15	42	c.lhu x15, 42(x15)	0x37be	0xe003	0x2002	c.lhu
2	4086	c.lhu	15	15	44	c.lhu x15, 44(x15)	0x37de	0xe003	0x2002	c.lhu
2	4087	c.lhu	15	15	46	c.lhu x15, 46(x15)	0x37fe	0xe003	0x2002	c.lhu
2	4088	c.lhu	15	15	48	c.lhu x15, 48(x15)	0x3b9e	0xe003	0x2002	c.lhu
2	4089	c.lhu	15	15	50	c.lhu x15, 50(x15)	0x3bbe	0xe003	0x2002	c.lhu
2	4090	c.lhu	15	15	52	c.lhu x15, 52(x15)	0x3bde	0xe003	0x2002	c.lhu
2	4091	c.lhu	15	15	54	c.lhu x15, 54(x15)	0x3bfe	0xe003	0x2002	c.lhu
2	4092	c.lhu	15	15	56	c.lhu x15, 56(x15)	0x3f9e	0xe003	0x2002	c.lhu
2	4093	c.lhu	15	15	58	c.lhu x15, 58(x15)	0x3fbe	0xe003	0x2002	c.lhu
2	4094	c.lhu	15	15	60	c.lhu x15, 60(x15)	0x3fde	0xe003	0x2002	c.lhu
2	4095	c.lhu	15	15	62	c.lhu x15, 62(x15)	0x3ffe	0xe003	0x2002	c.lhu
2	4096	c.sb	8	8	0	c.sb x8, 0(x8)	0xa000	0xe003	0xa000	c.sb
2	4097	c.sb	8	8	1	c.sb x8, 1(x8)	0xb000	0xe003	0xa000	c.sb
2	4098	c.sb	8	8	2	c.sb x8, 2(x8)	0xa020	0xe003	0xa000	c.sb
2	4099	c.sb	8	8	3	c.sb x8, 3(x8)	0xb020	0xe003	0xa000	c.sb
2	4100	c.sb	8	8	4	c.sb x8, 4(x8)	0xa040	0xe003	0xa000	c.sb
2	4101	c.sb	8	8	5	c.sb x8, 5(x8)	0xb040	0xe003	0xa000	c.sb
2	4102	c.sb	8	8	6	c.sb x8, 6(x8)	0xa060	0xe003	0xa000	c.sb
2	4103	c.sb	8	8	7	c.sb x8, 7(x8)	0xb060	0xe003	0xa000	c.sb
2	4104	c.sb	8	8	8	c.sb x8, 8(x8)	0xa400	0xe003	0xa000	c.sb
2	4105	c.sb	8	8	9	c.sb x8, 9(x8)	0xb400	0xe003	0xa000	c.sb
2	4106	c.sb	8	8	10	c.sb x8, 10(x8)	0xa420	0xe003	0xa000	c.sb
2	4107	c.sb	8	8	11	c.sb x8, 11(x8)	0xb420	0xe003	0xa000	c.sb
2	4108	c.sb	8	8	12	c.sb x8, 12(x8)	0xa440	0xe003	0xa000	c.sb
2	4109	c.sb	8	8	13	c.sb x8, 13(x8)	0xb440	0xe003	0xa000	c.sb
2	4110	c.sb	8	8	14	c.sb x8, 14(x8)	0xa460	0xe003	0xa000	c.sb
2	4111	c.sb	8	8	15	c.sb x8, 15(x8)	0xb460	0xe003	0xa000	c.sb
2	4112	c.sb	8	8	16	c.sb x8, 16(x8)	0xa800	0xe003	0xa000	c.sb
2	4113	c.sb	8	8	17	c.sb x8, 17(x8)	0xb800	0xe003	0xa000	c.sb
2	4114	c.sb	8	8	18	c.sb x8, 18(x8)	0xa820	0xe003	0xa000	c.sb
2	4115	c.sb	8	8	19	c.sb x8, 19(x8)	0xb820	0xe003	0xa000	c.sb
2	4116	c.sb	8	8	20	c.sb x8, 20(x8)	0xa840	0xe003	0xa000	c.sb
2	4117	c.sb	8	8	21	c.sb x8, 21(x8)	0xb840	0xe003	0xa000	c.sb
2	4118	c.sb	8	8	22	c.sb x8, 22(x8)	0xa860	0xe003	0xa000	c.sb
2	4119	c.sb	8	8	23	c.sb x8, 23(x8)	0xb860	0xe003	0xa000	c.sb
2	4120	c.sb	8	8	24	c.sb x8, 24(x8)	0xac00	0xe003	0xa000	c.sb
2	4121	c.sb	8	8	25	c.sb x8, 25(x8)	0xbc00	0xe003	0xa000	c.sb
2	4122	c.sb	8	8	26	c.sb x8, 26(x8)	0xac20	0xe003	0xa000	c.sb
2	4123	c.sb	8	8	27	c.sb x8, 27(x8)	0xbc20	0xe003	0xa000	c.sb
2	4124	c.sb	8	8	28	c.sb x8, 28(x8)	0xac40	0xe003	0xa000	c.sb
2	4125	c.sb	8	8	29	c.sb x8, 29(x8)	0xbc40	0xe003	0xa000	c.sb
2	4126	c.sb	8	8	30	c.sb x8, 30(x8)	0xac60	0xe003	0xa000	c.sb
2	4127	c.sb	8	8	31	c.sb x8, 31(x8)	0xbc60	0xe003	0xa000	c.sb
2	4128	c.sb	8	9	0	c.sb x8, 0(x9)	0xa080	0xe003	0xa000	c.sb
2	4129	c.sb	8	9	1	c.sb x8, 1(x9)	0xb080	0xe003	0xa000	c.sb
2	4130	c.sb	8	9	2	c.sb x8, 2(x9)	0xa0a0	0xe003	0xa000	c.sb
2	4131	c.sb	8	9	3	c.sb x8, 3(x9)	0xb0a0	0xe003	0xa000	c.sb
2	4132	c.sb	8	9	4	c.sb x8, 4(x9)	0xa0c0	0xe003	0xa000	c.sb
2	4133	c.sb	8	9	5	c.sb x8, 5(x9)	0xb0c0	0xe003	0xa000	c.sb
2	4134	c.sb	8	9	6	c.sb x8, 6(x9)	0xa0e0	0xe003	0xa000	c.sb
2	4135	c.sb	8	9	7	c.sb x8, 7(x9)	0xb0e0	0xe003	0xa000	c.sb
2	4136	c.sb	8	9	8	c.sb x8, 8(x9)	0xa480	0xe003	0xa000	c.sb
2	4137	c.sb	8	9	9	c.sb x8, 9(x9)	0xb480	0xe003	0xa000	c.sb
2	4138	c.sb	8	9	10	c.sb x8, 10(x9)	0xa4a0	0xe003	0xa000	c.sb
2	4139	c.sb	8	9	11	c.sb x8, 11(x9)	0xb4a0	0xe003	0xa000	c.sb
2	4140	c.sb	8	9	12	c.sb x8, 12(x9)	0xa4c0	0xe003	0xa000	c.sb
2	4141	c.sb	8	9	13	c.sb x8, 13(x9)	0xb4c0	0xe003	0xa000	c.sb
2	4142	c.sb	8	9	14	c.sb x8, 14(x9)	0xa4e0	0xe003	0xa000	c.sb
2	4143	c.sb	8	9	15	c.sb x8, 15(x9)	0xb4e0	0xe003	0xa000	c.sb
2	4144	c.sb	8	9	16	c.sb x8, 16(x9)	0xa880	0xe003	0xa000	c.sb
2	4145	c.sb	8	9	17	c.sb x8, 17(x9)	0xb880	0xe003	0xa000	c.sb
2	4146	c.sb	8	9	18	c.sb x8, 18(x9)	0xa8a0	0xe003	0xa000	c.sb
2	4147	c.sb	8	9	19	c.sb x8, 19(x9)	0xb8a0	0xe003	0xa000	c.sb
2	4148	c.sb	8	9	20	c.sb x8, 20(x9)	0xa8c0	0xe003	0xa000	c.sb
2	4149	c.sb	8	9	21	c.sb x8, 21(x9)	0xb8c0	0xe003	0xa000	c.sb
2	4150	c.sb	8	9	22	c.sb x8, 22(x9)	0xa8e0	0xe003	0xa000	c.sb
2	4151	c.sb	8	9	23	c.sb x8, 23(x9)	0xb8e0	0xe003	0xa000	c.sb
2	4152	c.sb	8	9	24	c.sb x8, 24(x9)	0xac80	0xe003	0xa000	c.sb
2	4153	c.sb	8	9	25	c.sb x8, 25(x9)	0xbc80	0xe003	0xa000	c.sb
2	4154	c.sb	8	9	26	c.sb x8, 26(x9)	0xaca0	0xe003	0xa000	c.sb
2	4155	c.sb	8	9	27	c.sb x8, 27(x9)	0xbca0	0xe003	0xa000	c.sb
2	4156	c.sb	8	9	28	c.sb x8, 28(x9)	0xacc0	0xe003	0xa000	c.sb
2	4157	c.sb	8	9	29	c.sb x8, 29(x9)	0xbcc0	0xe003	0xa000	c.sb
2	4158	c.sb	8	9	30	c.sb x8, 30(x9)	0xace0	0xe003	0xa000	c.sb
2	4159	c.sb	8	9	31	c.sb x8, 31(x9)	0xbce0	0xe003	0xa000	c.sb
2	4160	c.sb	8	10	0	c.sb x8, 0(x10)	0xa100	0xe003	0xa000	c.sb
2	4161	c.sb	8	10	1	c.sb x8, 1(x10)	0xb100	0xe003	0xa000	c.sb
2	4162	c.sb	8	10	2	c.sb x8, 2(x10)	0xa120	0xe003	0xa000	c.sb
2	4163	c.sb	8	10	3	c.sb x8, 3(x10)	0xb120	0xe003	0xa000	c.sb
2	4164	c.sb	8	10	4	c.sb x8, 4(x10)	0xa140	0xe003	0xa000	c.sb
2	4165	c.sb	8	10	5	c.sb x8, 5(x10)	0xb140	0xe003	0xa000	c.sb
2	4166	c.sb	8	10	6	c.sb x8, 6(x10)	0xa160	0xe003	0xa000	c.sb
2	4167	c.sb	8	10	7	c.sb x8, 7(x10)	0xb160	0xe003	0xa000	c.sb
2	4168	c.sb	8	10	8	c.sb x8, 8(x10)	0xa500	0xe003	0xa000	c.sb
2	4169	c.sb	8	10	9	c.sb x8, 9(x10)	0xb500	0xe003	0xa000	c.sb
2	4170	c.sb	8	10	10	c.sb x8, 10(x10)	0xa520	0xe003	0xa000	c.sb
2	4171	c.sb	8	10	11	c.sb x8, 11(x10)	0xb520	0xe003	0xa000	c.sb
2	4172	c.sb	8	10	12	c.sb x8, 12(x10)	0xa540	0xe003	0xa000	c.sb
2	4173	c.sb	8	10	13	c.sb x8, 13(x10)	0xb540	0xe003	0xa000	c.sb
2	4174	c.sb	8	10	14	c.sb x8, 14(x10)	0xa560	0xe003	0xa000	c.sb
2	4175	c.sb	8	10	15	c.sb x8, 15(x10)	0xb560	0xe003	0xa000	c.sb
2	4176	c.sb	8	10	16	c.sb x8, 16(x10)	0xa900	0xe003	0xa000	c.sb
2	4177	c.sb	8	10	17	c.sb x8, 17(x10)	0xb900	0xe003	0xa000	c.sb
2	4178	c.sb	8	10	18	c.sb x8, 18(x10)	0xa920	0xe003	0xa000	c.sb
2	4179	c.sb	8	10	19	c.sb x8, 19(x10)	0xb920	0xe003	0xa000	c.sb
2	4180	c.sb	8	10	20	c.sb x8, 20(x10)	0xa940	0xe003	0xa000	c.sb
2	4181	c.sb	8	10	21	c.sb x8, 21(x10)	0xb940	0xe003	0xa000	c.sb
2	4182	c.sb	8	10	22	c.sb x8, 22(x10)	0xa960	0xe003	0xa000	c.sb
2	4183	c.sb	8	10	23	c.sb x8, 23(x10)	0xb960	0xe003	0xa000	c.sb
2	4184	c.sb	8	10	24	c.sb x8, 24(x10)	0xad00	0xe003	0xa000	c.sb
2	4185	c.sb	8	10	25	c.sb x8, 25(x10)	0xbd00	0xe003	0xa000	c.sb
2	4186	c.sb	8	10	26	c.sb x8, 26(x10)	0xad20	0xe003	0xa000	c.sb
2	4187	c.sb	8	10	27	c.sb x8, 27(x10)	0xbd20	0xe003	0xa000	c.sb
2	4188	c.sb	8	10	28	c.sb x8, 28(x10)	0xad40	0xe003	0xa000	c.sb
2	4189	c.sb	8	10	29	c.sb x8, 29(x10)	0xbd40	0xe003	0xa000	c.sb
2	4190	c.sb	8	10	30	c.sb x8, 30(x10)	0xad60	0xe003	0xa000	c.sb
2	4191	c.sb	8	10	31	c.sb x8, 31(x10)	0xbd60	0xe003	0xa000	c.sb
2	4192	c.sb	8	11	0	c.sb x8, 0(x11)	0xa180	0xe003	0xa000	c.sb
2	4193	c.sb	8	11	1	c.sb x8, 1(x11)	0xb180	0xe003	0xa000	c.sb
2	4194	c.sb	8	11	2	c.sb x8, 2(x11)	0xa1a0	0xe003	0xa000	c.sb
2	4195	c.sb	8	11	3	c.sb x8, 3(x11)	0xb1a0	0xe003	0xa000	c.sb
2	4196	c.sb	8	11	4	c.sb x8, 4(x11)	0xa1c0	0xe003	0xa000	c.sb
2	4197	c.sb	8	11	5	c.sb x8, 5(x11)	0xb1c0	0xe003	0xa000	c.sb
2	4198	c.sb	8	11	6	c.sb x8, 6(x11)	0xa1e0	0xe003	0xa000	c.sb
2	4199	c.sb	8	11	7	c.sb x8, 7(x11)	0xb1e0	0xe003	0xa000	c.sb
2	4200	c.sb	8	11	8	c.sb x8, 8(x11)	0xa580	0xe003	0xa000	c.sb
2	4201	c.sb	8	11	9	c.sb x8, 9(x11)	0xb580	0xe003	0xa000	c.sb
2	4202	c.sb	8	11	10	c.sb x8, 10(x11)	0xa5a0	0xe003	0xa000	c.sb
2	4203	c.sb	8	11	11	c.sb x8, 11(x11)	0xb5a0	0xe003	0xa000	c.sb
2	4204	c.sb	8	11	12	c.sb x8, 12(x11)	0xa5c0	0xe003	0xa000	c.sb
2	4205	c.sb	8	11	13	c.sb x8, 13(x11)	0xb5c0	0xe003	0xa000	c.sb
2	4206	c.sb	8	11	14	c.sb x8, 14(x11)	0xa5e0	0xe003	0xa000	c.sb
2	4207	c.sb	8	11	15	c.sb x8, 15(x11)	0xb5e0	0xe003	0xa000	c.sb
2	4208	c.sb	8	11	16	c.sb x8, 16(x11)	0xa980	0xe003	0xa000	c.sb
2	4209	c.sb	8	11	17	c.sb x8, 17(x11)	0xb980	0xe003	0xa000	c.sb
2	4210	c.sb	8	11	18	c.sb x8, 18(x11)	0xa9a0	0xe003	0xa000	c.sb
2	4211	c.sb	8	11	19	c.sb x8, 19(x11)	0xb9a0	0xe003	0xa000	c.sb
2	4212	c.sb	8	11	20	c.sb x8, 20(x11)	0xa9c0	0xe003	0xa000	c.sb
2	4213	c.sb	8	11	21	c.sb x8, 21(x11)	0xb9c0	0xe003	0xa000	c.sb
2	4214	c.sb	8	11	22	c.sb x8, 22(x11)	0xa9e0	0xe003	0xa000	c.sb
2	4215	c.sb	8	11	23	c.sb x8, 23(x11)	0xb9e0	0xe003	0xa000	c.sb
2	4216	c.sb	8	11	24	c.sb x8, 24(x11)	0xad80	0xe003	0xa000	c.sb
2	4217	c.sb	8	11	25	c.sb x8, 25(x11)	0xbd80	0xe003	0xa000	c.sb
2	4218	c.sb	8	11	26	c.sb x8, 26(x11)	0xada0	0xe003	0xa000	c.sb
2	4219	c.sb	8	11	27	c.sb x8, 27(x11)	0xbda0	0xe003	0xa000	c.sb
2	4220	c.sb	8	11	28	c.sb x8, 28(x11)	0xadc0	0xe003	0xa000	c.sb
2	4221	c.sb	8	11	29	c.sb x8, 29(x11)	0xbdc0	0xe003	0xa000	c.sb
2	4222	c.sb	8	11	30	c.sb x8, 30(x11)	0xade0	0xe003	0xa000	c.sb
2	4223	c.sb	8	11	31	c.sb x8, 31(x11)	0xbde0	0xe003	0xa000	c.sb
2	4224	c.sb	8	12	0	c.sb x8, 0(x12)	0xa200	0xe003	0xa000	c.sb
2	4225	c.sb	8	12	1	c.sb x8, 1(x12)	0xb200	0xe003	0xa000	c.sb
2	4226	c.sb	8	12	2	c.sb x8, 2(x12)	0xa220	0xe003	0xa000	c.sb
2	4227	c.sb	8	12	3	c.sb x8, 3(x12)	0xb220	0xe003	0xa000	c.sb
2	4228	c.sb	8	12	4	c.sb x8, 4(x12)	0xa240	0xe003	0xa000	c.sb
2	4229	c.sb	8	12	5	c.sb x8, 5(x12)	0xb240	0xe003	0xa000	c.sb
2	4230	c.sb	8	12	6	c.sb x8, 6(x12)	0xa260	0xe003	0xa000	c.sb
2	4231	c.sb	8	12	7	c.sb x8, 7(x12)	0xb260	0xe003	0xa000	c.sb
2	4232	c.sb	8	12	8	c.sb x8, 8(x12)	0xa600	0xe003	0xa000	c.sb
2	4233	c.sb	8	12	9	c.sb x8, 9(x12)	0xb600	0xe003	0xa000	c.sb
2	4234	c.sb	8	12	10	c.sb x8, 10(x12)	0xa620	0xe003	0xa000	c.sb
2	4235	c.sb	8	12	11	c.sb x8, 11(x12)	0xb620	0xe003	0xa000	c.sb
2	4236	c.sb	8	12	12	c.sb x8, 12(x12)	0xa640	0xe003	0xa000	c.sb
2	4237	c.sb	8	12	13	c.sb x8, 13(x12)	0xb640	0xe003	0xa000	c.sb
2	4238	c.sb	8	12	14	c.sb x8, 14(x12)	0xa660	0xe003	0xa000	c.sb
2	4239	c.sb	8	12	15	c.sb x8, 15(x12)	0xb660	0xe003	0xa000	c.sb
2	4240	c.sb	8	12	16	c.sb x8, 16(x12)	0xaa00	0xe003	0xa000	c.sb
2	4241	c.sb	8	12	17	c.sb x8, 17(x12)	0xba00	0xe003	0xa000	c.sb
2	4242	c.sb	8	12	18	c.sb x8, 18(x12)	0xaa20	0xe003	0xa000	c.sb
2	4243	c.sb	8	12	19	c.sb x8, 19(x12)	0xba20	0xe003	0xa000	c.sb
2	4244	c.sb	8	12	20	c.sb x8, 20(x12)	0xaa40	0xe003	0xa000	c.sb
2	4245	c.sb	8	12	21	c.sb x8, 21(x12)	0xba40	0xe003	0xa000	c.sb
2	4246	c.sb	8	12	22	c.sb x8, 22(x12)	0xaa60	0xe003	0xa000	c.sb
2	4247	c.sb	8	12	23	c.sb x8, 23(x12)	0xba60	0xe003	0xa000	c.sb
2	4248	c.sb	8	12	24	c.sb x8, 24(x12)	0xae00	0xe003	0xa000	c.sb
2	4249	c.sb	8	12	25	c.sb x8, 25(x12)	0xbe00	0xe003	0xa000	c.sb
2	4250	c.sb	8	12	26	c.sb x8, 26(x12)	0xae20	0xe003	0xa000	c.sb
2	4251	c.sb	8	12	27	c.sb x8, 27(x12)	0xbe20	0xe003	0xa000	c.sb
2	4252	c.sb	8	12	28	c.sb x8, 28(x12)	0xae40	0xe003	0xa000	c.sb
2	4253	c.sb	8	12	29	c.sb x8, 29(x12)	0xbe40	0xe003	0xa000	c.sb
2	4254	c.sb	8	12	30	c.sb x8, 30(x12)	0xae60	0xe003	0xa000	c.sb
2	4255	c.sb	8	12	31	c.sb x8, 31(x12)	0xbe60	0xe003	0xa000	c.sb
2	4256	c.sb	8	13	0	c.sb x8, 0(x13)	0xa280	0xe003	0xa000	c.sb
2	4257	c.sb	8	13	1	c.sb x8, 1(x13)	0xb280	0xe003	0xa000	c.sb
2	4258	c.sb	8	13	2	c.sb x8, 2(x13)	0xa2a0	0xe003	0xa000	c.sb
2	4259	c.sb	8	13	3	c.sb x8, 3(x13)	0xb2a0	0xe003	0xa000	c.sb
2	4260	c.sb	8	13	4	c.sb x8, 4(x13)	0xa2c0	0xe003	0xa000	c.sb
2	4261	c.sb	8	13	5	c.sb x8, 5(x13)	0xb2c0	0xe003	0xa000	c.sb
2	4262	c.sb	8	13	6	c.sb x8, 6(x13)	0xa2e0	0xe003	0xa000	c.sb
2	4263	c.sb	8	13	7	c.sb x8, 7(x13)	0xb2e0	0xe003	0xa000	c.sb
2	4264	c.sb	8	13	8	c.sb x8, 8(x13)	0xa680	0xe003	0xa000	c.sb
2	4265	c.sb	8	13	9	c.sb x8, 9(x13)	0xb680	0xe003	0xa000	c.sb
2	4266	c.sb	8	13	10	c.sb x8, 10(x13)	0xa6a0	0xe003	0xa000	c.sb
2	4267	c.sb	8	13	11	c.sb x8, 11(x13)	0xb6a0	0xe003	0xa000	c.sb
2	4268	c.sb	8	13	12	c.sb x8, 12(x13)	0xa6c0	0xe003	0xa000	c.sb
2	4269	c.sb	8	13	13	c.sb x8, 13(x13)	0xb6c0	0xe003	0xa000	c.sb
2	4270	c.sb	8	13	14	c.sb x8, 14(x13)	0xa6e0	0xe003	0xa000	c.sb
2	4271	c.sb	8	13	15	c.sb x8, 15(x13)	0xb6e0	0xe003	0xa000	c.sb
2	4272	c.sb	8	13	16	c.sb x8, 16(x13)	0xaa80	0xe003	0xa000	c.sb
2	4273	c.sb	8	13	17	c.sb x8, 17(x13)	0xba80	0xe003	0xa000	c.sb
2	4274	c.sb	8	13	18	c.sb x8, 18(x13)	0xaaa0	0xe003	0xa000	c.sb
2	4275	c.sb	8	13	19	c.sb x8, 19(x13)	0xbaa0	0xe003	0xa000	c.sb
2	4276	c.sb	8	13	20	c.sb x8, 20(x13)	0xaac0	0xe003	0xa000	c.sb
2	4277	c.sb	8	13	21	c.sb x8, 21(x13)	0xbac0	0xe003	0xa000	c.sb
2	4278	c.sb	8	13	22	c.sb x8, 22(x13)	0xaae0	0xe003	0xa000	c.sb
2	4279	c.sb	8	13	23	c.sb x8, 23(x13)	0xbae0	0xe003	0xa000	c.sb
2	4280	c.sb	8	13	24	c.sb x8, 24(x13)	0xae80	0xe003	0xa000	c.sb
2	4281	c.sb	8	13	25	c.sb x8, 25(x13)	0xbe80	0xe003	0xa000	c.sb
2	4282	c.sb	8	13	26	c.sb x8, 26(x13)	0xaea0	0xe003	0xa000	c.sb
2	4283	c.sb	8	13	27	c.sb x8, 27(x13)	0xbea0	0xe003	0xa000	c.sb
2	4284	c.sb	8	13	28	c.sb x8, 28(x13)	0xaec0	0xe003	0xa000	c.sb
2	4285	c.sb	8	13	29	c.sb x8, 29(x13)	0xbec0	0xe003	0xa000	c.sb
2	4286	c.sb	8	13	30	c.sb x8, 30(x13)	0xaee0	0xe003	0xa000	c.sb
2	4287	c.sb	8	13	31	c.sb x8, 31(x13)	0xbee0	0xe003	0xa000	c.sb
2	4288	c.sb	8	14	0	c.sb x8, 0(x14)	0xa300	0xe003	0xa000	c.sb
2	4289	c.sb	8	14	1	c.sb x8, 1(x14)	0xb300	0xe003	0xa000	c.sb
2	4290	c.sb	8	14	2	c.sb x8, 2(x14)	0xa320	0xe003	0xa000	c.sb
2	4291	c.sb	8	14	3	c.sb x8, 3(x14)	0xb320	0xe003	0xa000	c.sb
2	4292	c.sb	8	14	4	c.sb x8, 4(x14)	0xa340	0xe003	0xa000	c.sb
2	4293	c.sb	8	14	5	c.sb x8, 5(x14)	0xb340	0xe003	0xa000	c.sb
2	4294	c.sb	8	14	6	c.sb x8, 6(x14)	0xa360	0xe003	0xa000	c.sb
2	4295	c.sb	8	14	7	c.sb x8, 7(x14)	0xb360	0xe003	0xa000	c.sb
2	4296	c.sb	8	14	8	c.sb x8, 8(x14)	0xa700	0xe003	0xa000	c.sb
2	4297	c.sb	8	14	9	c.sb x8, 9(x14)	0xb700	0xe003	0xa000	c.sb
2	4298	c.sb	8	14	10	c.sb x8, 10(x14)	0xa720	0xe003	0xa000	c.sb
2	4299	c.sb	8	14	11	c.sb x8, 11(x14)	0xb720	0xe003	0xa000	c.sb
2	4300	c.sb	8	14	12	c.sb x8, 12(x14)	0xa740	0xe003	0xa000	c.sb
2	4301	c.sb	8	14	13	c.sb x8, 13(x14)	0xb740	0xe003	0xa000	c.sb
2	4302	c.sb	8	14	14	c.sb x8, 14(x14)	0xa760	0xe003	0xa000	c.sb
2	4303	c.sb	8	14	15	c.sb x8, 15(x14)	0xb760	0xe003	0xa000	c.sb
2	4304	c.sb	8	14	16	c.sb x8, 16(x14)	0xab00	0xe003	0xa000	c.sb
2	4305	c.sb	8	14	17	c.sb x8, 17(x14)	0xbb00	0xe003	0xa000	c.sb
2	4306	c.sb	8	14	18	c.sb x8, 18(x14)	0xab20	0xe003	0xa000	c.sb
2	4307	c.sb	8	14	19	c.sb x8, 19(x14)	0xbb20	0xe003	0xa000	c.sb
2	4308	c.sb	8	14	20	c.sb x8, 20(x14)	0xab40	0xe003	0xa000	c.sb
2	4309	c.sb	8	14	21	c.sb x8, 21(x14)	0xbb40	0xe003	0xa000	c.sb
2	4310	c.sb	8	14	22	c.sb x8, 22(x14)	0xab60	0xe003	0xa000	c.sb
2	4311	c.sb	8	14	23	c.sb x8, 23(x14)	0xbb60	0xe003	0xa000	c.sb
2	4312	c.sb	8	14	24	c.sb x8, 24(x14)	0xaf00	0xe003	0xa000	c.sb
2	4313	c.sb	8	14	25	c.sb x8, 25(x14)	0xbf00	0xe003	0xa000	c.sb
2	4314	c.sb	8	14	26	c.sb x8, 26(x14)	0xaf20	0xe003	0xa000	c.sb
2	4315	c.sb	8	14	27	c.sb x8, 27(x14)	0xbf20	0xe003	0xa000	c.sb
2	4316	c.sb	8	14	28	c.sb x8, 28(x14)	0xaf40	0xe003	0xa000	c.sb
2	4317	c.sb	8	14	29	c.sb x8, 29(x14)	0xbf40	0xe003	0xa000	c.sb
2	4318	c.sb	8	14	30	c.sb x8, 30(x14)	0xaf60	0xe003	0xa000	c.sb
2	4319	c.sb	8	14	31	c.sb x8, 31(x14)	0xbf60	0xe003	0xa000	c.sb
2	4320	c.sb	8	15	0	c.sb x8, 0(x15)	0xa380	0xe003	0xa000	c.sb
2	4321	c.sb	8	15	1	c.sb x8, 1(x15)	0xb380	0xe003	0xa000	c.sb
2	4322	c.sb	8	15	2	c.sb x8, 2(x15)	0xa3a0	0xe003	0xa000	c.sb
2	4323	c.sb	8	15	3	c.sb x8, 3(x15)	0xb3a0	0xe003	0xa000	c.sb
2	4324	c.sb	8	15	4	c.sb x8, 4(x15)	0xa3c0	0xe003	0xa000	c.sb
2	4325	c.sb	8	15	5	c.sb x8, 5(x15)	0xb3c0	0xe003	0xa000	c.sb
2	4326	c.sb	8	15	6	c.sb x8, 6(x15)	0xa3e0	0xe003	0xa000	c.sb
2	4327	c.sb	8	15	7	c.sb x8, 7(x15)	0xb3e0	0xe003	0xa000	c.sb
2	4328	c.sb	8	15	8	c.sb x8, 8(x15)	0xa780	0xe003	0xa000	c.sb
2	4329	c.sb	8	15	9	c.sb x8, 9(x15)	0xb780	0xe003	0xa000	c.sb
2	4330	c.sb	8	15	10	c.sb x8, 10(x15)	0xa7a0	0xe003	0xa000	c.sb
2	4331	c.sb	8	15	11	c.sb x8, 11(x15)	0xb7a0	0xe003	0xa000	c.sb
2	4332	c.sb	8	15	12	c.sb x8, 12(x15)	0xa7c0	0xe003	0xa000	c.sb
2	4333	c.sb	8	15	13	c.sb x8, 13(x15)	0xb7c0	0xe003	0xa000	c.sb
2	4334	c.sb	8	15	14	c.sb x8, 14(x15)	0xa7e0	0xe003	0xa000	c.sb
2	4335	c.sb	8	15	15	c.sb x8, 15(x15)	0xb7e0	0xe003	0xa000	c.sb
2	4336	c.sb	8	15	16	c.sb x8, 16(x15)	0xab80	0xe003	0xa000	c.sb
2	4337	c.sb	8	15	17	c.sb x8, 17(x15)	0xbb80	0xe003	0xa000	c.sb
2	4338	c.sb	8	15	18	c.sb x8, 18(x15)	0xaba0	0xe003	0xa000	c.sb
2	4339	c.sb	8	15	19	c.sb x8, 19(x15)	0xbba0	0xe003	0xa000	c.sb
2	4340	c.sb	8	15	20	c.sb x8, 20(x15)	0xabc0	0xe003	0xa000	c.sb
2	4341	c.sb	8	15	21	c.sb x8, 21(x15)	0xbbc0	0xe003	0xa000	c.sb
2	4342	c.sb	8	15	22	c.sb x8, 22(x15)	0xabe0	0xe003	0xa000	c.sb
2	4343	c.sb	8	15	23	c.sb x8, 23(x15)	0xbbe0	0xe003	0xa000	c.sb
2	4344	c.sb	8	15	24	c.sb x8, 24(x15)	0xaf80	0xe003	0xa000	c.sb
2	4345	c.sb	8	15	25	c.sb x8, 25(x15)	0xbf80	0xe003	0xa000	c.sb
2	4346	c.sb	8	15	26	c.sb x8, 26(x15)	0xafa0	0xe003	0xa000	c.sb
2	4347	c.sb	8	15	27	c.sb x8, 27(x15)	0xbfa0	0xe003	0xa000	c.sb
2	4348	c.sb	8	15	28	c.sb x8, 28(x15)	0xafc0	0xe003	0xa000	c.sb
2	4349	c.sb	8	15	29	c.sb x8, 29(x15)	0xbfc0	0xe003	0xa000	c.sb
2	4350	c.sb	8	15	30	c.sb x8, 30(x15)	0xafe0	0xe003	0xa000	c.sb
2	4351	c.sb	8	15	31	c.sb x8, 31(x15)	0xbfe0	0xe003	0xa000	c.sb
2	4352	c.sb	9	8	0	c.sb x9, 0(x8)	0xa004	0xe003	0xa000	c.sb
2	4353	c.sb	9	8	1	c.sb x9, 1(x8)	0xb004	0xe003	0xa000	c.sb
2	4354	c.sb	9	8	2	c.sb x9, 2(x8)	0xa024	0xe003	0xa000	c.sb
2	4355	c.sb	9	8	3	c.sb x9, 3(x8)	0xb024	0xe003	0xa000	c.sb
2	4356	c.sb	9	8	4	c.sb x9, 4(x8)	0xa044	0xe003	0xa000	c.sb
2	4357	c.sb	9	8	5	c.sb x9, 5(x8)	0xb044	0xe003	0xa000	c.sb
2	4358	c.sb	9	8	6	c.sb x9, 6(x8)	0xa064	0xe003	0xa000	c.sb
2	4359	c.sb	9	8	7	c.sb x9, 7(x8)	0xb064	0xe003	0xa000	c.sb
2	4360	c.sb	9	8	8	c.sb x9, 8(x8)	0xa404	0xe003	0xa000	c.sb
2	4361	c.sb	9	8	9	c.sb x9, 9(x8)	0xb404	0xe003	0xa000	c.sb
2	4362	c.sb	9	8	10	c.sb x9, 10(x8)	0xa424	0xe003	0xa000	c.sb
2	4363	c.sb	9	8	11	c.sb x9, 11(x8)	0xb424	0xe003	0xa000	c.sb
2	4364	c.sb	9	8	12	c.sb x9, 12(x8)	0xa444	0xe003	0xa000	c.sb
2	4365	c.sb	9	8	13	c.sb x9, 13(x8)	0xb444	0xe003	0xa000	c.sb
2	4366	c.sb	9	8	14	c.sb x9, 14(x8)	0xa464	0xe003	0xa000	c.sb
2	4367	c.sb	9	8	15	c.sb x9, 15(x8)	0xb464	0xe003	0xa000	c.sb
2	4368	c.sb	9	8	16	c.sb x9, 16(x8)	0xa804	0xe003	0xa000	c.sb
2	4369	c.sb	9	8	17	c.sb x9, 17(x8)	0xb804	0xe003	0xa000	c.sb
2	4370	c.sb	9	8	18	c.sb x9, 18(x8)	0xa824	0xe003	0xa000	c.sb
2	4371	c.sb	9	8	19	c.sb x9, 19(x8)	0xb824	0xe003	0xa000	c.sb
2	4372	c.sb	9	8	20	c.sb x9, 20(x8)	0xa844	0xe003	0xa000	c.sb
2	4373	c.sb	9	8	21	c.sb x9, 21(x8)	0xb844	0xe003	0xa000	c.sb
2	4374	c.sb	9	8	22	c.sb x9, 22(x8)	0xa864	0xe003	0xa000	c.sb
2	4375	c.sb	9	8	23	c.sb x9, 23(x8)	0xb864	0xe003	0xa000	c.sb
2	4376	c.sb	9	8	24	c.sb x9, 24(x8)	0xac04	0xe003	0xa000	c.sb
2	4377	c.sb	9	8	25	c.sb x9, 25(x8)	0xbc04	0xe003	0xa000	c.sb
2	4378	c.sb	9	8	26	c.sb x9, 26(x8)	0xac24	0xe003	0xa000	c.sb
2	4379	c.sb	9	8	27	c.sb x9, 27(x8)	0xbc24	0xe003	0xa000	c.sb
2	4380	c.sb	9	8	28	c.sb x9, 28(x8)	0xac44	0xe003	0xa000	c.sb
2	4381	c.sb	9	8	29	c.sb x9, 29(x8)	0xbc44	0xe003	0xa000	c.sb
2	4382	c.sb	9	8	30	c.sb x9, 30(x8)	0xac64	0xe003	0xa000	c.sb
2	4383	c.sb	9	8	31	c.sb x9, 31(x8)	0xbc64	0xe003	0xa000	c.sb
2	4384	c.sb	9	9	0	c.sb x9, 0(x9)	0xa084	0xe003	0xa000	c.sb
2	4385	c.sb	9	9	1	c.sb x9, 1(x9)	0xb084	0xe003	0xa000	c.sb
2	4386	c.sb	9	9	2	c.sb x9, 2(x9)	0xa0a4	0xe003	0xa000	c.sb
2	4387	c.sb	9	9	3	c.sb x9, 3(x9)	0xb0a4	0xe003	0xa000	c.sb
2	4388	c.sb	9	9	4	c.sb x9, 4(x9)	0xa0c4	0xe003	0xa000	c.sb
2	4389	c.sb	9	9	5	c.sb x9, 5(x9)	0xb0c4	0xe003	0xa000	c.sb
2	4390	c.sb	9	9	6	c.sb x9, 6(x9)	0xa0e4	0xe003	0xa000	c.sb
2	4391	c.sb	9	9	7	c.sb x9, 7(x9)	0xb0e4	0xe003	0xa000	c.sb
2	4392	c.sb	9	9	8	c.sb x9, 8(x9)	0xa484	0xe003	0xa000	c.sb
2	4393	c.sb	9	9	9	c.sb x9, 9(x9)	0xb484	0xe003	0xa000	c.sb
2	4394	c.sb	9	9	10	c.sb x9, 10(x9)	0xa4a4	0xe003	0xa000	c.sb
2	4395	c.sb	9	9	11	c.sb x9, 11(x9)	0xb4a4	0xe003	0xa000	c.sb
2	4396	c.sb	9	9	12	c.sb x9, 12(x9)	0xa4c4	0xe003	0xa000	c.sb
2	4397	c.sb	9	9	13	c.sb x9, 13(x9)	0xb4c4	0xe003	0xa000	c.sb
2	4398	c.sb	9	9	14	c.sb x9, 14(x9)	0xa4e4	0xe003	0xa000	c.sb
2	4399	c.sb	9	9	15	c.sb x9, 15(x9)	0xb4e4	0xe003	0xa000	c.sb
2	4400	c.sb	9	9	16	c.sb x9, 16(x9)	0xa884	0xe003	0xa000	c.sb
2	4401	c.sb	9	9	17	c.sb x9, 17(x9)	0xb884	0xe003	0xa000	c.sb
2	4402	c.sb	9	9	18	c.sb x9, 18(x9)	0xa8a4	0xe003	0xa000	c.sb
2	4403	c.sb	9	9	19	c.sb x9, 19(x9)	0xb8a4	0xe003	0xa000	c.sb
2	4404	c.sb	9	9	20	c.sb x9, 20(x9)	0xa8c4	0xe003	0xa000	c.sb
2	4405	c.sb	9	9	21	c.sb x9, 21(x9)	0xb8c4	0xe003	0xa000	c.sb
2	4406	c.sb	9	9	22	c.sb x9, 22(x9)	0xa8e4	0xe003	0xa000	c.sb
2	4407	c.sb	9	9	23	c.sb x9, 23(x9)	0xb8e4	0xe003	0xa000	c.sb
2	4408	c.sb	9	9	24	c.sb x9, 24(x9)	0xac84	0xe003	0xa000	c.sb
2	4409	c.sb	9	9	25	c.sb x9, 25(x9)	0xbc84	0xe003	0xa000	c.sb
2	4410	c.sb	9	9	26	c.sb x9, 26(x9)	0xaca4	0xe003	0xa000	c.sb
2	4411	c.sb	9	9	27	c.sb x9, 27(x9)	0xbca4	0xe003	0xa000	c.sb
2	4412	c.sb	9	9	28	c.sb x9, 28(x9)	0xacc4	0xe003	0xa000	c.sb
2	4413	c.sb	9	9	29	c.sb x9, 29(x9)	0xbcc4	0xe003	0xa000	c.sb
2	4414	c.sb	9	9	30	c.sb x9, 30(x9)	0xace4	0xe003	0xa000	c.sb
2	4415	c.sb	9	9	31	c.sb x9, 31(x9)	0xbce4	0xe003	0xa000	c.sb
2	4416	c.sb	9	10	0	c.sb x9, 0(x10)	0xa104	0xe003	0xa000	c.sb
2	4417	c.sb	9	10	1	c.sb x9, 1(x10)	0xb104	0xe003	0xa000	c.sb
2	4418	c.sb	9	10	2	c.sb x9, 2(x10)	0xa124	0xe003	0xa000	c.sb
2	4419	c.sb	9	10	3	c.sb x9, 3(x10)	0xb124	0xe003	0xa000	c.sb
2	4420	c.sb	9	10	4	c.sb x9, 4(x10)	0xa144	0xe003	0xa000	c.sb
2	4421	c.sb	9	10	5	c.sb x9, 5(x10)	0xb144	0xe003	0xa000	c.sb
2	4422	c.sb	9	10	6	c.sb x9, 6(x10)	0xa164	0xe003	0xa000	c.sb
2	4423	c.sb	9	10	7	c.sb x9, 7(x10)	0xb164	0xe003	0xa000	c.sb
2	4424	c.sb	9	10	8	c.sb x9, 8(x10)	0xa504	0xe003	0xa000	c.sb
2	4425	c.sb	9	10	9	c.sb x9, 9(x10)	0xb504	0xe003	0xa000	c.sb
2	4426	c.sb	9	10	10	c.sb x9, 10(x10)	0xa524	0xe003	0xa000	c.sb
2	4427	c.sb	9	10	11	c.sb x9, 11(x10)	0xb524	0xe003	0xa000	c.sb
2	4428	c.sb	9	10	12	c.sb x9, 12(x10)	0xa544	0xe003	0xa000	c.sb
2	4429	c.sb	9	10	13	c.sb x9, 13(x10)	0xb544	0xe003	0xa000	c.sb
2	4430	c.sb	9	10	14	c.sb x9, 14(x10)	0xa564	0xe003	0xa000	c.sb
2	4431	c.sb	9	10	15	c.sb x9, 15(x10)	0xb564	0xe003	0xa000	c.sb
2	4432	c.sb	9	10	16	c.sb x9, 16(x10)	0xa904	0xe003	0xa000	c.sb
2	4433	c.sb	9	10	17	c.sb x9, 17(x10)	0xb904	0xe003	0xa000	c.sb
2	4434	c.sb	9	10	18	c.sb x9, 18(x10)	0xa924	0xe003	0xa000	c.sb
2	4435	c.sb	9	10	19	c.sb x9, 19(x10)	0xb924	0xe003	0xa000	c.sb
2	4436	c.sb	9	10	20	c.sb x9, 20(x10)	0xa944	0xe003	0xa000	c.sb
2	4437	c.sb	9	10	21	c.sb x9, 21(x10)	0xb944	0xe003	0xa000	c.sb
2	4438	c.sb	9	10	22	c.sb x9, 22(x10)	0xa964	0xe003	0xa000	c.sb
2	4439	c.sb	9	10	23	c.sb x9, 23(x10)	0xb964	0xe003	0xa000	c.sb
2	4440	c.sb	9	10	24	c.sb x9, 24(x10)	0xad04	0xe003	0xa000	c.sb
2	4441	c.sb	9	10	25	c.sb x9, 25(x10)	0xbd04	0xe003	0xa000	c.sb
2	4442	c.sb	9	10	26	c.sb x9, 26(x10)	0xad24	0xe003	0xa000	c.sb
2	4443	c.sb	9	10	27	c.sb x9, 27(x10)	0xbd24	0xe003	0xa000	c.sb
2	4444	c.sb	9	10	28	c.sb x9, 28(x10)	0xad44	0xe003	0xa000	c.sb
2	4445	c.sb	9	10	29	c.sb x9, 29(x10)	0xbd44	0xe003	0xa000	c.sb
2	4446	c.sb	9	10	30	c.sb x9, 30(x10)	0xad64	0xe003	0xa000	c.sb
2	4447	c.sb	9	10	31	c.sb x9, 31(x10)	0xbd64	0xe003	0xa000	c.sb
2	4448	c.sb	9	11	0	c.sb x9, 0(x11)	0xa184	0xe003	0xa000	c.sb
2	4449	c.sb	9	11	1	c.sb x9, 1(x11)	0xb184	0xe003	0xa000	c.sb
2	4450	c.sb	9	11	2	c.sb x9, 2(x11)	0xa1a4	0xe003	0xa000	c.sb
2	4451	c.sb	9	11	3	c.sb x9, 3(x11)	0xb1a4	0xe003	0xa000	c.sb
2	4452	c.sb	9	11	4	c.sb x9, 4(x11)	0xa1c4	0xe003	0xa000	c.sb
2	4453	c.sb	9	11	5	c.sb x9, 5(x11)	0xb1c4	0xe003	0xa000	c.sb
2	4454	c.sb	9	11	6	c.sb x9, 6(x11)	0xa1e4	0xe003	0xa000	c.sb
2	4455	c.sb	9	11	7	c.sb x9, 7(x11)	0xb1e4	0xe003	0xa000	c.sb
2	4456	c.sb	9	11	8	c.sb x9, 8(x11)	0xa584	0xe003	0xa000	c.sb
2	4457	c.sb	9	11	9	c.sb x9, 9(x11)	0xb584	0xe003	0xa000	c.sb
2	4458	c.sb	9	11	10	c.sb x9, 10(x11)	0xa5a4	0xe003	0xa000	c.sb
2	4459	c.sb	9	11	11	c.sb x9, 11(x11)	0xb5a4	0xe003	0xa000	c.sb
2	4460	c.sb	9	11	12	c.sb x9, 12(x11)	0xa5c4	0xe003	0xa000	c.sb
2	4461	c.sb	9	11	13	c.sb x9, 13(x11)	0xb5c4	0xe003	0xa000	c.sb
2	4462	c.sb	9	11	14	c.sb x9, 14(x11)	0xa5e4	0xe003	0xa000	c.sb
2	4463	c.sb	9	11	15	c.sb x9, 15(x11)	0xb5e4	0xe003	0xa000	c.sb
2	4464	c.sb	9	11	16	c.sb x9, 16(x11)	0xa984	0xe003	0xa000	c.sb
2	4465	c.sb	9	11	17	c.sb x9, 17(x11)	0xb984	0xe003	0xa000	c.sb
2	4466	c.sb	9	11	18	c.sb x9, 18(x11)	0xa9a4	0xe003	0xa000	c.sb
2	4467	c.sb	9	11	19	c.sb x9, 19(x11)	0xb9a4	0xe003	0xa000	c.sb
2	4468	c.sb	9	11	20	c.sb x9, 20(x11)	0xa9c4	0xe003	0xa000	c.sb
2	4469	c.sb	9	11	21	c.sb x9, 21(x11)	0xb9c4	0xe003	0xa000	c.sb
2	4470	c.sb	9	11	22	c.sb x9, 22(x11)	0xa9e4	0xe003	0xa000	c.sb
2	4471	c.sb	9	11	23	c.sb x9, 23(x11)	0xb9e4	0xe003	0xa000	c.sb
2	4472	c.sb	9	11	24	c.sb x9, 24(x11)	0xad84	0xe003	0xa000	c.sb
2	4473	c.sb	9	11	25	c.sb x9, 25(x11)	0xbd84	0xe003	0xa000	c.sb
2	4474	c.sb	9	11	26	c.sb x9, 26(x11)	0xada4	0xe003	0xa000	c.sb
2	4475	c.sb	9	11	27	c.sb x9, 27(x11)	0xbda4	0xe003	0xa000	c.sb
2	4476	c.sb	9	11	28	c.sb x9, 28(x11)	0xadc4	0xe003	0xa000	c.sb
2	4477	c.sb	9	11	29	c.sb x9, 29(x11)	0xbdc4	0xe003	0xa000	c.sb
2	4478	c.sb	9	11	30	c.sb x9, 30(x11)	0xade4	0xe003	0xa000	c.sb
2	4479	c.sb	9	11	31	c.sb x9, 31(x11)	0xbde4	0xe003	0xa000	c.sb
2	4480	c.sb	9	12	0	c.sb x9, 0(x12)	0xa204	0xe003	0xa000	c.sb
2	4481	c.sb	9	12	1	c.sb x9, 1(x12)	0xb204	0xe003	0xa000	c.sb
2	4482	c.sb	9	12	2	c.sb x9, 2(x12)	0xa224	0xe003	0xa000	c.sb
2	4483	c.sb	9	12	3	c.sb x9, 3(x12)	0xb224	0xe003	0xa000	c.sb
2	4484	c.sb	9	12	4	c.sb x9, 4(x12)	0xa244	0xe003	0xa000	c.sb
2	4485	c.sb	9	12	5	c.sb x9, 5(x12)	0xb244	0xe003	0xa000	c.sb
2	4486	c.sb	9	12	6	c.sb x9, 6(x12)	0xa264	0xe003	0xa000	c.sb
2	4487	c.sb	9	12	7	c.sb x9, 7(x12)	0xb264	0xe003	0xa000	c.sb
2	4488	c.sb	9	12	8	c.sb x9, 8(x12)	0xa604	0xe003	0xa000	c.sb
2	4489	c.sb	9	12	9	c.sb x9, 9(x12)	0xb604	0xe003	0xa000	c.sb
2	4490	c.sb	9	12	10	c.sb x9, 10(x12)	0xa624	0xe003	0xa000	c.sb
2	4491	c.sb	9	12	11	c.sb x9, 11(x12)	0xb624	0xe003	0xa000	c.sb
2	4492	c.sb	9	12	12	c.sb x9, 12(x12)	0xa644	0xe003	0xa000	c.sb
2	4493	c.sb	9	12	13	c.sb x9, 13(x12)	0xb644	0xe003	0xa000	c.sb
2	4494	c.sb	9	12	14	c.sb x9, 14(x12)	0xa664	0xe003	0xa000	c.sb
2	4495	c.sb	9	12	15	c.sb x9, 15(x12)	0xb664	0xe003	0xa000	c.sb
2	4496	c.sb	9	12	16	c.sb x9, 16(x12)	0xaa04	0xe003	0xa000	c.sb
2	4497	c.sb	9	12	17	c.sb x9, 17(x12)	0xba04	0xe003	0xa000	c.sb
2	4498	c.sb	9	12	18	c.sb x9, 18(x12)	0xaa24	0xe003	0xa000	c.sb
2	4499	c.sb	9	12	19	c.sb x9, 19(x12)	0xba24	0xe003	0xa000	c.sb
2	4500	c.sb	9	12	20	c.sb x9, 20(x12)	0xaa44	0xe003	0xa000	c.sb
2	4501	c.sb	9	12	21	c.sb x9, 21(x12)	0xba44	0xe003	0xa000	c.sb
2	4502	c.sb	9	12	22	c.sb x9, 22(x12)	0xaa64	0xe003	0xa000	c.sb
2	4503	c.sb	9	12	23	c.sb x9, 23(x12)	0xba64	0xe003	0xa000	c.sb
2	4504	c.sb	9	12	24	c.sb x9, 24(x12)	0xae04	0xe003	0xa000	c.sb
2	4505	c.sb	9	12	25	c.sb x9, 25(x12)	0xbe04	0xe003	0xa000	c.sb
2	4506	c.sb	9	12	26	c.sb x9, 26(x12)	0xae24	0xe003	0xa000	c.sb
2	4507	c.sb	9	12	27	c.sb x9, 27(x12)	0xbe24	0xe003	0xa000	c.sb
2	4508	c.sb	9	12	28	c.sb x9, 28(x12)	0xae44	0xe003	0xa000	c.sb
2	4509	c.sb	9	12	29	c.sb x9, 29(x12)	0xbe44	0xe003	0xa000	c.sb
2	4510	c.sb	9	12	30	c.sb x9, 30(x12)	0xae64	0xe003	0xa000	c.sb
2	4511	c.sb	9	12	31	c.sb x9, 31(x12)	0xbe64	0xe003	0xa000	c.sb
2	4512	c.sb	9	13	0	c.sb x9, 0(x13)	0xa284	0xe003	0xa000	c.sb
2	4513	c.sb	9	13	1	c.sb x9, 1(x13)	0xb284	0xe003	0xa000	c.sb
2	4514	c.sb	9	13	2	c.sb x9, 2(x13)	0xa2a4	0xe003	0xa000	c.sb
2	4515	c.sb	9	13	3	c.sb x9, 3(x13)	0xb2a4	0xe003	0xa000	c.sb
2	4516	c.sb	9	13	4	c.sb x9, 4(x13)	0xa2c4	0xe003	0xa000	c.sb
2	4517	c.sb	9	13	5	c.sb x9, 5(x13)	0xb2c4	0xe003	0xa000	c.sb
2	4518	c.sb	9	13	6	c.sb x9, 6(x13)	0xa2e4	0xe003	0xa000	c.sb
2	4519	c.sb	9	13	7	c.sb x9, 7(x13)	0xb2e4	0xe003	0xa000	c.sb
2	4520	c.sb	9	13	8	c.sb x9, 8(x13)	0xa684	0xe003	0xa000	c.sb
2	4521	c.sb	9	13	9	c.sb x9, 9(x13)	0xb684	0xe003	0xa000	c.sb
2	4522	c.sb	9	13	10	c.sb x9, 10(x13)	0xa6a4	0xe003	0xa000	c.sb
2	4523	c.sb	9	13	11	c.sb x9, 11(x13)	0xb6a4	0xe003	0xa000	c.sb
2	4524	c.sb	9	13	12	c.sb x9, 12(x13)	0xa6c4	0xe003	0xa000	c.sb
2	4525	c.sb	9	13	13	c.sb x9, 13(x13)	0xb6c4	0xe003	0xa000	c.sb
2	4526	c.sb	9	13	14	c.sb x9, 14(x13)	0xa6e4	0xe003	0xa000	c.sb
2	4527	c.sb	9	13	15	c.sb x9, 15(x13)	0xb6e4	0xe003	0xa000	c.sb
2	4528	c.sb	9	13	16	c.sb x9, 16(x13)	0xaa84	0xe003	0xa000	c.sb
2	4529	c.sb	9	13	17	c.sb x9, 17(x13)	0xba84	0xe003	0xa000	c.sb
2	4530	c.sb	9	13	18	c.sb x9, 18(x13)	0xaaa4	0xe003	0xa000	c.sb
2	4531	c.sb	9	13	19	c.sb x9, 19(x13)	0xbaa4	0xe003	0xa000	c.sb
2	4532	c.sb	9	13	20	c.sb x9, 20(x13)	0xaac4	0xe003	0xa000	c.sb
2	4533	c.sb	9	13	21	c.sb x9, 21(x13)	0xbac4	0xe003	0xa000	c.sb
2	4534	c.sb	9	13	22	c.sb x9, 22(x13)	0xaae4	0xe003	0xa000	c.sb
2	4535	c.sb	9	13	23	c.sb x9, 23(x13)	0xbae4	0xe003	0xa000	c.sb
2	4536	c.sb	9	13	24	c.sb x9, 24(x13)	0xae84	0xe003	0xa000	c.sb
2	4537	c.sb	9	13	25	c.sb x9, 25(x13)	0xbe84	0xe003	0xa000	c.sb
2	4538	c.sb	9	13	26	c.sb x9, 26(x13)	0xaea4	0xe003	0xa000	c.sb
2	4539	c.sb	9	13	27	c.sb x9, 27(x13)	0xbea4	0xe003	0xa000	c.sb
2	4540	c.sb	9	13	28	c.sb x9, 28(x13)	0xaec4	0xe003	0xa000	c.sb
2	4541	c.sb	9	13	29	c.sb x9, 29(x13)	0xbec4	0xe003	0xa000	c.sb
2	4542	c.sb	9	13	30	c.sb x9, 30(x13)	0xaee4	0xe003	0xa000	c.sb
2	4543	c.sb	9	13	31	c.sb x9, 31(x13)	0xbee4	0xe003	0xa000	c.sb
2	4544	c.sb	9	14	0	c.sb x9, 0(x14)	0xa304	0xe003	0xa000	c.sb
2	4545	c.sb	9	14	1	c.sb x9, 1(x14)	0xb304	0xe003	0xa000	c.sb
2	4546	c.sb	9	14	2	c.sb x9, 2(x14)	0xa324	0xe003	0xa000	c.sb
2	4547	c.sb	9	14	3	c.sb x9, 3(x14)	0xb324	0xe003	0xa000	c.sb
2	4548	c.sb	9	14	4	c.sb x9, 4(x14)	0xa344	0xe003	0xa000	c.sb
2	4549	c.sb	9	14	5	c.sb x9, 5(x14)	0xb344	0xe003	0xa000	c.sb
2	4550	c.sb	9	14	6	c.sb x9, 6(x14)	0xa364	0xe003	0xa000	c.sb
2	4551	c.sb	9	14	7	c.sb x9, 7(x14)	0xb364	0xe003	0xa000	c.sb
2	4552	c.sb	9	14	8	c.sb x9, 8(x14)	0xa704	0xe003	0xa000	c.sb
2	4553	c.sb	9	14	9	c.sb x9, 9(x14)	0xb704	0xe003	0xa000	c.sb
2	4554	c.sb	9	14	10	c.sb x9, 10(x14)	0xa724	0xe003	0xa000	c.sb
2	4555	c.sb	9	14	11	c.sb x9, 11(x14)	0xb724	0xe003	0xa000	c.sb
2	4556	c.sb	9	14	12	c.sb x9, 12(x14)	0xa744	0xe003	0xa000	c.sb
2	4557	c.sb	9	14	13	c.sb x9, 13(x14)	0xb744	0xe003	0xa000	c.sb
2	4558	c.sb	9	14	14	c.sb x9, 14(x14)	0xa764	0xe003	0xa000	c.sb
2	4559	c.sb	9	14	15	c.sb x9, 15(x14)	0xb764	0xe003	0xa000	c.sb
2	4560	c.sb	9	14	16	c.sb x9, 16(x14)	0xab04	0xe003	0xa000	c.sb
2	4561	c.sb	9	14	17	c.sb x9, 17(x14)	0xbb04	0xe003	0xa000	c.sb
2	4562	c.sb	9	14	18	c.sb x9, 18(x14)	0xab24	0xe003	0xa000	c.sb
2	4563	c.sb	9	14	19	c.sb x9, 19(x14)	0xbb24	0xe003	0xa000	c.sb
2	4564	c.sb	9	14	20	c.sb x9, 20(x14)	0xab44	0xe003	0xa000	c.sb
2	4565	c.sb	9	14	21	c.sb x9, 21(x14)	0xbb44	0xe003	0xa000	c.sb
2	4566	c.sb	9	14	22	c.sb x9, 22(x14)	0xab64	0xe003	0xa000	c.sb
2	4567	c.sb	9	14	23	c.sb x9, 23(x14)	0xbb64	0xe003	0xa000	c.sb
2	4568	c.sb	9	14	24	c.sb x9, 24(x14)	0xaf04	0xe003	0xa000	c.sb
2	4569	c.sb	9	14	25	c.sb x9, 25(x14)	0xbf04	0xe003	0xa000	c.sb
2	4570	c.sb	9	14	26	c.sb x9, 26(x14)	0xaf24	0xe003	0xa000	c.sb
2	4571	c.sb	9	14	27	c.sb x9, 27(x14)	0xbf24	0xe003	0xa000	c.sb
2	4572	c.sb	9	14	28	c.sb x9, 28(x14)	0xaf44	0xe003	0xa000	c.sb
2	4573	c.sb	9	14	29	c.sb x9, 29(x14)	0xbf44	0xe003	0xa000	c.sb
2	4574	c.sb	9	14	30	c.sb x9, 30(x14)	0xaf64	0xe003	0xa000	c.sb
2	4575	c.sb	9	14	31	c.sb x9, 31(x14)	0xbf64	0xe003	0xa000	c.sb
2	4576	c.sb	9	15	0	c.sb x9, 0(x15)	0xa384	0xe003	0xa000	c.sb
2	4577	c.sb	9	15	1	c.sb x9, 1(x15)	0xb384	0xe003	0xa000	c.sb
2	4578	c.sb	9	15	2	c.sb x9, 2(x15)	0xa3a4	0xe003	0xa000	c.sb
2	4579	c.sb	9	15	3	c.sb x9, 3(x15)	0xb3a4	0xe003	0xa000	c.sb
2	4580	c.sb	9	15	4	c.sb x9, 4(x15)	0xa3c4	0xe003	0xa000	c.sb
2	4581	c.sb	9	15	5	c.sb x9, 5(x15)	0xb3c4	0xe003	0xa000	c.sb
2	4582	c.sb	9	15	6	c.sb x9, 6(x15)	0xa3e4	0xe003	0xa000	c.sb
2	4583	c.sb	9	15	7	c.sb x9, 7(x15)	0xb3e4	0xe003	0xa000	c.sb
2	4584	c.sb	9	15	8	c.sb x9, 8(x15)	0xa784	0xe003	0xa000	c.sb
2	4585	c.sb	9	15	9	c.sb x9, 9(x15)	0xb784	0xe003	0xa000	c.sb
2	4586	c.sb	9	15	10	c.sb x9, 10(x15)	0xa7a4	0xe003	0xa000	c.sb
2	4587	c.sb	9	15	11	c.sb x9, 11(x15)	0xb7a4	0xe003	0xa000	c.sb
2	4588	c.sb	9	15	12	c.sb x9, 12(x15)	0xa7c4	0xe003	0xa000	c.sb
2	4589	c.sb	9	15	13	c.sb x9, 13(x15)	0xb7c4	0xe003	0xa000	c.sb
2	4590	c.sb	9	15	14	c.sb x9, 14(x15)	0xa7e4	0xe003	0xa000	c.sb
2	4591	c.sb	9	15	15	c.sb x9, 15(x15)	0xb7e4	0xe003	0xa000	c.sb
2	4592	c.sb	9	15	16	c.sb x9, 16(x15)	0xab84	0xe003	0xa000	c.sb
2	4593	c.sb	9	15	17	c.sb x9, 17(x15)	0xbb84	0xe003	0xa000	c.sb
2	4594	c.sb	9	15	18	c.sb x9, 18(x15)	0xaba4	0xe003	0xa000	c.sb
2	4595	c.sb	9	15	19	c.sb x9, 19(x15)	0xbba4	0xe003	0xa000	c.sb
2	4596	c.sb	9	15	20	c.sb x9, 20(x15)	0xabc4	0xe003	0xa000	c.sb
2	4597	c.sb	9	15	21	c.sb x9, 21(x15)	0xbbc4	0xe003	0xa000	c.sb
2	4598	c.sb	9	15	22	c.sb x9, 22(x15)	0xabe4	0xe003	0xa000	c.sb
2	4599	c.sb	9	15	23	c.sb x9, 23(x15)	0xbbe4	0xe003	0xa000	c.sb
2	4600	c.sb	9	15	24	c.sb x9, 24(x15)	0xaf84	0xe003	0xa000	c.sb
2	4601	c.sb	9	15	25	c.sb x9, 25(x15)	0xbf84	0xe003	0xa000	c.sb
2	4602	c.sb	9	15	26	c.sb x9, 26(x15)	0xafa4	0xe003	0xa000	c.sb
2	4603	c.sb	9	15	27	c.sb x9, 27(x15)	0xbfa4	0xe003	0xa000	c.sb
2	4604	c.sb	9	15	28	c.sb x9, 28(x15)	0xafc4	0xe003	0xa000	c.sb
2	4605	c.sb	9	15	29	c.sb x9, 29(x15)	0xbfc4	0xe003	0xa000	c.sb
2	4606	c.sb	9	15	30	c.sb x9, 30(x15)	0xafe4	0xe003	0xa000	c.sb
2	4607	c.sb	9	15	31	c.sb x9, 31(x15)	0xbfe4	0xe003	0xa000	c.sb
2	4608	c.sb	10	8	0	c.sb x10, 0(x8)	0xa008	0xe003	0xa000	c.sb
2	4609	c.sb	10	8	1	c.sb x10, 1(x8)	0xb008	0xe003	0xa000	c.sb
2	4610	c.sb	10	8	2	c.sb x10, 2(x8)	0xa028	0xe003	0xa000	c.sb
2	4611	c.sb	10	8	3	c.sb x10, 3(x8)	0xb028	0xe003	0xa000	c.sb
2	4612	c.sb	10	8	4	c.sb x10, 4(x8)	0xa048	0xe003	0xa000	c.sb
2	4613	c.sb	10	8	5	c.sb x10, 5(x8)	0xb048	0xe003	0xa000	c.sb
2	4614	c.sb	10	8	6	c.sb x10, 6(x8)	0xa068	0xe003	0xa000	c.sb
2	4615	c.sb	10	8	7	c.sb x10, 7(x8)	0xb068	0xe003	0xa000	c.sb
2	4616	c.sb	10	8	8	c.sb x10, 8(x8)	0xa408	0xe003	0xa000	c.sb
2	4617	c.sb	10	8	9	c.sb x10, 9(x8)	0xb408	0xe003	0xa000	c.sb
2	4618	c.sb	10	8	10	c.sb x10, 10(x8)	0xa428	0xe003	0xa000	c.sb
2	4619	c.sb	10	8	11	c.sb x10, 11(x8)	0xb428	0xe003	0xa000	c.sb
2	4620	c.sb	10	8	12	c.sb x10, 12(x8)	0xa448	0xe003	0xa000	c.sb
2	4621	c.sb	10	8	13	c.sb x10, 13(x8)	0xb448	0xe003	0xa000	c.sb
2	4622	c.sb	10	8	14	c.sb x10, 14(x8)	0xa468	0xe003	0xa000	c.sb
2	4623	c.sb	10	8	15	c.sb x10, 15(x8)	0xb468	0xe003	0xa000	c.sb
2	4624	c.sb	10	8	16	c.sb x10, 16(x8)	0xa808	0xe003	0xa000	c.sb
2	4625	c.sb	10	8	17	c.sb x10, 17(x8)	0xb808	0xe003	0xa000	c.sb
2	4626	c.sb	10	8	18	c.sb x10, 18(x8)	0xa828	0xe003	0xa000	c.sb
2	4627	c.sb	10	8	19	c.sb x10, 19(x8)	0xb828	0xe003	0xa000	c.sb
2	4628	c.sb	10	8	20	c.sb x10, 20(x8)	0xa848	0xe003	0xa000	c.sb
2	4629	c.sb	10	8	21	c.sb x10, 21(x8)	0xb848	0xe003	0xa000	c.sb
2	4630	c.sb	10	8	22	c.sb x10, 22(x8)	0xa868	0xe003	0xa000	c.sb
2	4631	c.sb	10	8	23	c.sb x10, 23(x8)	0xb868	0xe003	0xa000	c.sb
2	4632	c.sb	10	8	24	c.sb x10, 24(x8)	0xac08	0xe003	0xa000	c.sb
2	4633	c.sb	10	8	25	c.sb x10, 25(x8)	0xbc08	0xe003	0xa000	c.sb
2	4634	c.sb	10	8	26	c.sb x10, 26(x8)	0xac28	0xe003	0xa000	c.sb
2	4635	c.sb	10	8	27	c.sb x10, 27(x8)	0xbc28	0xe003	0xa000	c.sb
2	4636	c.sb	10	8	28	c.sb x10, 28(x8)	0xac48	0xe003	0xa000	c.sb
2	4637	c.sb	10	8	29	c.sb x10, 29(x8)	0xbc48	0xe003	0xa000	c.sb
2	4638	c.sb	10	8	30	c.sb x10, 30(x8)	0xac68	0xe003	0xa000	c.sb
2	4639	c.sb	10	8	31	c.sb x10, 31(x8)	0xbc68	0xe003	0xa000	c.sb
2	4640	c.sb	10	9	0	c.sb x10, 0(x9)	0xa088	0xe003	0xa000	c.sb
2	4641	c.sb	10	9	1	c.sb x10, 1(x9)	0xb088	0xe003	0xa000	c.sb
2	4642	c.sb	10	9	2	c.sb x10, 2(x9)	0xa0a8	0xe003	0xa000	c.sb
2	4643	c.sb	10	9	3	c.sb x10, 3(x9)	0xb0a8	0xe003	0xa000	c.sb
2	4644	c.sb	10	9	4	c.sb x10, 4(x9)	0xa0c8	0xe003	0xa000	c.sb
2	4645	c.sb	10	9	5	c.sb x10, 5(x9)	0xb0c8	0xe003	0xa000	c.sb
2	4646	c.sb	10	9	6	c.sb x10, 6(x9)	0xa0e8	0xe003	0xa000	c.sb
2	4647	c.sb	10	9	7	c.sb x10, 7(x9)	0xb0e8	0xe003	0xa000	c.sb
2	4648	c.sb	10	9	8	c.sb x10, 8(x9)	0xa488	0xe003	0xa000	c.sb
2	4649	c.sb	10	9	9	c.sb x10, 9(x9)	0xb488	0xe003	0xa000	c.sb
2	4650	c.sb	10	9	10	c.sb x10, 10(x9)	0xa4a8	0xe003	0xa000	c.sb
2	4651	c.sb	10	9	11	c.sb x10, 11(x9)	0xb4a8	0xe003	0xa000	c.sb
2	4652	c.sb	10	9	12	c.sb x10, 12(x9)	0xa4c8	0xe003	0xa000	c.sb
2	4653	c.sb	10	9	13	c.sb x10, 13(x9)	0xb4c8	0xe003	0xa000	c.sb
2	4654	c.sb	10	9	14	c.sb x10, 14(x9)	0xa4e8	0xe003	0xa000	c.sb
2	4655	c.sb	10	9	15	c.sb x10, 15(x9)	0xb4e8	0xe003	0xa000	c.sb
2	4656	c.sb	10	9	16	c.sb x10, 16(x9)	0xa888	0xe003	0xa000	c.sb
2	4657	c.sb	10	9	17	c.sb x10, 17(x9)	0xb888	0xe003	0xa000	c.sb
2	4658	c.sb	10	9	18	c.sb x10, 18(x9)	0xa8a8	0xe003	0xa000	c.sb
2	4659	c.sb	10	9	19	c.sb x10, 19(x9)	0xb8a8	0xe003	0xa000	c.sb
2	4660	c.sb	10	9	20	c.sb x10, 20(x9)	0xa8c8	0xe003	0xa000	c.sb
2	4661	c.sb	10	9	21	c.sb x10, 21(x9)	0xb8c8	0xe003	0xa000	c.sb
2	4662	c.sb	10	9	22	c.sb x10, 22(x9)	0xa8e8	0xe003	0xa000	c.sb
2	4663	c.sb	10	9	23	c.sb x10, 23(x9)	0xb8e8	0xe003	0xa000	c.sb
2	4664	c.sb	10	9	24	c.sb x10, 24(x9)	0xac88	0xe003	0xa000	c.sb
2	4665	c.sb	10	9	25	c.sb x10, 25(x9)	0xbc88	0xe003	0xa000	c.sb
2	4666	c.sb	10	9	26	c.sb x10, 26(x9)	0xaca8	0xe003	0xa000	c.sb
2	4667	c.sb	10	9	27	c.sb x10, 27(x9)	0xbca8	0xe003	0xa000	c.sb
2	4668	c.sb	10	9	28	c.sb x10, 28(x9)	0xacc8	0xe003	0xa000	c.sb
2	4669	c.sb	10	9	29	c.sb x10, 29(x9)	0xbcc8	0xe003	0xa000	c.sb
2	4670	c.sb	10	9	30	c.sb x10, 30(x9)	0xace8	0xe003	0xa000	c.sb
2	4671	c.sb	10	9	31	c.sb x10, 31(x9)	0xbce8	0xe003	0xa000	c.sb
2	4672	c.sb	10	10	0	c.sb x10, 0(x10)	0xa108	0xe003	0xa000	c.sb
2	4673	c.sb	10	10	1	c.sb x10, 1(x10)	0xb108	0xe003	0xa000	c.sb
2	4674	c.sb	10	10	2	c.sb x10, 2(x10)	0xa128	0xe003	0xa000	c.sb
2	4675	c.sb	10	10	3	c.sb x10, 3(x10)	0xb128	0xe003	0xa000	c.sb
2	4676	c.sb	10	10	4	c.sb x10, 4(x10)	0xa148	0xe003	0xa000	c.sb
2	4677	c.sb	10	10	5	c.sb x10, 5(x10)	0xb148	0xe003	0xa000	c.sb
2	4678	c.sb	10	10	6	c.sb x10, 6(x10)	0xa168	0xe003	0xa000	c.sb
2	4679	c.sb	10	10	7	c.sb x10, 7(x10)	0xb168	0xe003	0xa000	c.sb
2	4680	c.sb	10	10	8	c.sb x10, 8(x10)	0xa508	0xe003	0xa000	c.sb
2	4681	c.sb	10	10	9	c.sb x10, 9(x10)	0xb508	0xe003	0xa000	c.sb
2	4682	c.sb	10	10	10	c.sb x10, 10(x10)	0xa528	0xe003	0xa000	c.sb
2	4683	c.sb	10	10	11	c.sb x10, 11(x10)	0xb528	0xe003	0xa000	c.sb
2	4684	c.sb	10	10	12	c.sb x10, 12(x10)	0xa548	0xe003	0xa000	c.sb
2	4685	c.sb	10	10	13	c.sb x10, 13(x10)	0xb548	0xe003	0xa000	c.sb
2	4686	c.sb	10	10	14	c.sb x10, 14(x10)	0xa568	0xe003	0xa000	c.sb
2	4687	c.sb	10	10	15	c.sb x10, 15(x10)	0xb568	0xe003	0xa000	c.sb
2	4688	c.sb	10	10	16	c.sb x10, 16(x10)	0xa908	0xe003	0xa000	c.sb
2	4689	c.sb	10	10	17	c.sb x10, 17(x10)	0xb908	0xe003	0xa000	c.sb
2	4690	c.sb	10	10	18	c.sb x10, 18(x10)	0xa928	0xe003	0xa000	c.sb
2	4691	c.sb	10	10	19	c.sb x10, 19(x10)	0xb928	0xe003	0xa000	c.sb
2	4692	c.sb	10	10	20	c.sb x10, 20(x10)	0xa948	0xe003	0xa000	c.sb
2	4693	c.sb	10	10	21	c.sb x10, 21(x10)	0xb948	0xe003	0xa000	c.sb
2	4694	c.sb	10	10	22	c.sb x10, 22(x10)	0xa968	0xe003	0xa000	c.sb
2	4695	c.sb	10	10	23	c.sb x10, 23(x10)	0xb968	0xe003	0xa000	c.sb
2	4696	c.sb	10	10	24	c.sb x10, 24(x10)	0xad08	0xe003	0xa000	c.sb
2	4697	c.sb	10	10	25	c.sb x10, 25(x10)	0xbd08	0xe003	0xa000	c.sb
2	4698	c.sb	10	10	26	c.sb x10, 26(x10)	0xad28	0xe003	0xa000	c.sb
2	4699	c.sb	10	10	27	c.sb x10, 27(x10)	0xbd28	0xe003	0xa000	c.sb
2	4700	c.sb	10	10	28	c.sb x10, 28(x10)	0xad48	0xe003	0xa000	c.sb
2	4701	c.sb	10	10	29	c.sb x10, 29(x10)	0xbd48	0xe003	0xa000	c.sb
2	4702	c.sb	10	10	30	c.sb x10, 30(x10)	0xad68	0xe003	0xa000	c.sb
2	4703	c.sb	10	10	31	c.sb x10, 31(x10)	0xbd68	0xe003	0xa000	c.sb
2	4704	c.sb	10	11	0	c.sb x10, 0(x11)	0xa188	0xe003	0xa000	c.sb
2	4705	c.sb	10	11	1	c.sb x10, 1(x11)	0xb188	0xe003	0xa000	c.sb
2	4706	c.sb	10	11	2	c.sb x10, 2(x11)	0xa1a8	0xe003	0xa000	c.sb
2	4707	c.sb	10	11	3	c.sb x10, 3(x11)	0xb1a8	0xe003	0xa000	c.sb
2	4708	c.sb	10	11	4	c.sb x10, 4(x11)	0xa1c8	0xe003	0xa000	c.sb
2	4709	c.sb	10	11	5	c.sb x10, 5(x11)	0xb1c8	0xe003	0xa000	c.sb
2	4710	c.sb	10	11	6	c.sb x10, 6(x11)	0xa1e8	0xe003	0xa000	c.sb
2	4711	c.sb	10	11	7	c.sb x10, 7(x11)	0xb1e8	0xe003	0xa000	c.sb
2	4712	c.sb	10	11	8	c.sb x10, 8(x11)	0xa588	0xe003	0xa000	c.sb
2	4713	c.sb	10	11	9	c.sb x10, 9(x11)	0xb588	0xe003	0xa000	c.sb
2	4714	c.sb	10	11	10	c.sb x10, 10(x11)	0xa5a8	0xe003	0xa000	c.sb
2	4715	c.sb	10	11	11	c.sb x10, 11(x11)	0xb5a8	0xe003	0xa000	c.sb
2	4716	c.sb	10	11	12	c.sb x10, 12(x11)	0xa5c8	0xe003	0xa000	c.sb
2	4717	c.sb	10	11	13	c.sb x10, 13(x11)	0xb5c8	0xe003	0xa000	c.sb
2	4718	c.sb	10	11	14	c.sb x10, 14(x11)	0xa5e8	0xe003	0xa000	c.sb
2	4719	c.sb	10	11	15	c.sb x10, 15(x11)	0xb5e8	0xe003	0xa000	c.sb
2	4720	c.sb	10	11	16	c.sb x10, 16(x11)	0xa988	0xe003	0xa000	c.sb
2	4721	c.sb	10	11	17	c.sb x10, 17(x11)	0xb988	0xe003	0xa000	c.sb
2	4722	c.sb	10	11	18	c.sb x10, 18(x11)	0xa9a8	0xe003	0xa000	c.sb
2	4723	c.sb	10	11	19	c.sb x10, 19(x11)	0xb9a8	0xe003	0xa000	c.sb
2	4724	c.sb	10	11	20	c.sb x10, 20(x11)	0xa9c8	0xe003	0xa000	c.sb
2	4725	c.sb	10	11	21	c.sb x10, 21(x11)	0xb9c8	0xe003	0xa000	c.sb
2	4726	c.sb	10	11	22	c.sb x10, 22(x11)	0xa9e8	0xe003	0xa000	c.sb
2	4727	c.sb	10	11	23	c.sb x10, 23(x11)	0xb9e8	0xe003	0xa000	c.sb
2	4728	c.sb	10	11	24	c.sb x10, 24(x11)	0xad88	0xe003	0xa000	c.sb
2	4729	c.sb	10	11	25	c.sb x10, 25(x11)	0xbd88	0xe003	0xa000	c.sb
2	4730	c.sb	10	11	26	c.sb x10, 26(x11)	0xada8	0xe003	0xa000	c.sb
2	4731	c.sb	10	11	27	c.sb x10, 27(x11)	0xbda8	0xe003	0xa000	c.sb
2	4732	c.sb	10	11	28	c.sb x10, 28(x11)	0xadc8	0xe003	0xa000	c.sb
2	4733	c.sb	10	11	29	c.sb x10, 29(x11)	0xbdc8	0xe003	0xa000	c.sb
2	4734	c.sb	10	11	30	c.sb x10, 30(x11)	0xade8	0xe003	0xa000	c.sb
2	4735	c.sb	10	11	31	c.sb x10, 31(x11)	0xbde8	0xe003	0xa000	c.sb
2	4736	c.sb	10	12	0	c.sb x10, 0(x12)	0xa208	0xe003	0xa000	c.sb
2	4737	c.sb	10	12	1	c.sb x10, 1(x12)	0xb208	0xe003	0xa000	c.sb
2	4738	c.sb	10	12	2	c.sb x10, 2(x12)	0xa228	0xe003	0xa000	c.sb
2	4739	c.sb	10	12	3	c.sb x10, 3(x12)	0xb228	0xe003	0xa000	c.sb
2	4740	c.sb	10	12	4	c.sb x10, 4(x12)	0xa248	0xe003	0xa000	c.sb
2	4741	c.sb	10	12	5	c.sb x10, 5(x12)	0xb248	0xe003	0xa000	c.sb
2	4742	c.sb	10	12	6	c.sb x10, 6(x12)	0xa268	0xe003	0xa000	c.sb
2	4743	c.sb	10	12	7	c.sb x10, 7(x12)	0xb268	0xe003	0xa000	c.sb
2	4744	c.sb	10	12	8	c.sb x10, 8(x12)	0xa608	0xe003	0xa000	c.sb
2	4745	c.sb	10	12	9	c.sb x10, 9(x12)	0xb608	0xe003	0xa000	c.sb
2	4746	c.sb	10	12	10	c.sb x10, 10(x12)	0xa628	0xe003	0xa000	c.sb
2	4747	c.sb	10	12	11	c.sb x10, 11(x12)	0xb628	0xe003	0xa000	c.sb
2	4748	c.sb	10	12	12	c.sb x10, 12(x12)	0xa648	0xe003	0xa000	c.sb
2	4749	c.sb	10	12	13	c.sb x10, 13(x12)	0xb648	0xe003	0xa000	c.sb
2	4750	c.sb	10	12	14	c.sb x10, 14(x12)	0xa668	0xe003	0xa000	c.sb
2	4751	c.sb	10	12	15	c.sb x10, 15(x12)	0xb668	0xe003	0xa000	c.sb
2	4752	c.sb	10	12	16	c.sb x10, 16(x12)	0xaa08	0xe003	0xa000	c.sb
2	4753	c.sb	10	12	17	c.sb x10, 17(x12)	0xba08	0xe003	0xa000	c.sb
2	4754	c.sb	10	12	18	c.sb x10, 18(x12)	0xaa28	0xe003	0xa000	c.sb
2	4755	c.sb	10	12	19	c.sb x10, 19(x12)	0xba28	0xe003	0xa000	c.sb
2	4756	c.sb	10	12	20	c.sb x10, 20(x12)	0xaa48	0xe003	0xa000	c.sb
2	4757	c.sb	10	12	21	c.sb x10, 21(x12)	0xba48	0xe003	0xa000	c.sb
2	4758	c.sb	10	12	22	c.sb x10, 22(x12)	0xaa68	0xe003	0xa000	c.sb
2	4759	c.sb	10	12	23	c.sb x10, 23(x12)	0xba68	0xe003	0xa000	c.sb
2	4760	c.sb	10	12	24	c.sb x10, 24(x12)	0xae08	0xe003	0xa000	c.sb
2	4761	c.sb	10	12	25	c.sb x10, 25(x12)	0xbe08	0xe003	0xa000	c.sb
2	4762	c.sb	10	12	26	c.sb x10, 26(x12)	0xae28	0xe003	0xa000	c.sb
2	4763	c.sb	10	12	27	c.sb x10, 27(x12)	0xbe28	0xe003	0xa000	c.sb
2	4764	c.sb	10	12	28	c.sb x10, 28(x12)	0xae48	0xe003	0xa000	c.sb
2	4765	c.sb	10	12	29	c.sb x10, 29(x12)	0xbe48	0xe003	0xa000	c.sb
2	4766	c.sb	10	12	30	c.sb x10, 30(x12)	0xae68	0xe003	0xa000	c.sb
2	4767	c.sb	10	12	31	c.sb x10, 31(x12)	0xbe68	0xe003	0xa000	c.sb
2	4768	c.sb	10	13	0	c.sb x10, 0(x13)	0xa288	0xe003	0xa000	c.sb
2	4769	c.sb	10	13	1	c.sb x10, 1(x13)	0xb288	0xe003	0xa000	c.sb
2	4770	c.sb	10	13	2	c.sb x10, 2(x13)	0xa2a8	0xe003	0xa000	c.sb
2	4771	c.sb	10	13	3	c.sb x10, 3(x13)	0xb2a8	0xe003	0xa000	c.sb
2	4772	c.sb	10	13	4	c.sb x10, 4(x13)	0xa2c8	0xe003	0xa000	c.sb
2	4773	c.sb	10	13	5	c.sb x10, 5(x13)	0xb2c8	0xe003	0xa000	c.sb
2	4774	c.sb	10	13	6	c.sb x10, 6(x13)	0xa2e8	0xe003	0xa000	c.sb
2	4775	c.sb	10	13	7	c.sb x10, 7(x13)	0xb2e8	0xe003	0xa000	c.sb
2	4776	c.sb	10	13	8	c.sb x10, 8(x13)	0xa688	0xe003	0xa000	c.sb
2	4777	c.sb	10	13	9	c.sb x10, 9(x13)	0xb688	0xe003	0xa000	c.sb
2	4778	c.sb	10	13	10	c.sb x10, 10(x13)	0xa6a8	0xe003	0xa000	c.sb
2	4779	c.sb	10	13	11	c.sb x10, 11(x13)	0xb6a8	0xe003	0xa000	c.sb
2	4780	c.sb	10	13	12	c.sb x10, 12(x13)	0xa6c8	0xe003	0xa000	c.sb
2	4781	c.sb	10	13	13	c.sb x10, 13(x13)	0xb6c8	0xe003	0xa000	c.sb
2	4782	c.sb	10	13	14	c.sb x10, 14(x13)	0xa6e8	0xe003	0xa000	c.sb
2	4783	c.sb	10	13	15	c.sb x10, 15(x13)	0xb6e8	0xe003	0xa000	c.sb
2	4784	c.sb	10	13	16	c.sb x10, 16(x13)	0xaa88	0xe003	0xa000	c.sb
2	4785	c.sb	10	13	17	c.sb x10, 17(x13)	0xba88	0xe003	0xa000	c.sb
2	4786	c.sb	10	13	18	c.sb x10, 18(x13)	0xaaa8	0xe003	0xa000	c.sb
2	4787	c.sb	10	13	19	c.sb x10, 19(x13)	0xbaa8	0xe003	0xa000	c.sb
2	4788	c.sb	10	13	20	c.sb x10, 20(x13)	0xaac8	0xe003	0xa000	c.sb
2	4789	c.sb	10	13	21	c.sb x10, 21(x13)	0xbac8	0xe003	0xa000	c.sb
2	4790	c.sb	10	13	22	c.sb x10, 22(x13)	0xaae8	0xe003	0xa000	c.sb
2	4791	c.sb	10	13	23	c.sb x10, 23(x13)	0xbae8	0xe003	0xa000	c.sb
2	4792	c.sb	10	13	24	c.sb x10, 24(x13)	0xae88	0xe003	0xa000	c.sb
2	4793	c.sb	10	13	25	c.sb x10, 25(x13)	0xbe88	0xe003	0xa000	c.sb
2	4794	c.sb	10	13	26	c.sb x10, 26(x13)	0xaea8	0xe003	0xa000	c.sb
2	4795	c.sb	10	13	27	c.sb x10, 27(x13)	0xbea8	0xe003	0xa000	c.sb
2	4796	c.sb	10	13	28	c.sb x10, 28(x13)	0xaec8	0xe003	0xa000	c.sb
2	4797	c.sb	10	13	29	c.sb x10, 29(x13)	0xbec8	0xe003	0xa000	c.sb
2	4798	c.sb	10	13	30	c.sb x10, 30(x13)	0xaee8	0xe003	0xa000	c.sb
2	4799	c.sb	10	13	31	c.sb x10, 31(x13)	0xbee8	0xe003	0xa000	c.sb
2	4800	c.sb	10	14	0	c.sb x10, 0(x14)	0xa308	0xe003	0xa000	c.sb
2	4801	c.sb	10	14	1	c.sb x10, 1(x14)	0xb308	0xe003	0xa000	c.sb
2	4802	c.sb	10	14	2	c.sb x10, 2(x14)	0xa328	0xe003	0xa000	c.sb
2	4803	c.sb	10	14	3	c.sb x10, 3(x14)	0xb328	0xe003	0xa000	c.sb
2	4804	c.sb	10	14	4	c.sb x10, 4(x14)	0xa348	0xe003	0xa000	c.sb
2	4805	c.sb	10	14	5	c.sb x10, 5(x14)	0xb348	0xe003	0xa000	c.sb
2	4806	c.sb	10	14	6	c.sb x10, 6(x14)	0xa368	0xe003	0xa000	c.sb
2	4807	c.sb	10	14	7	c.sb x10, 7(x14)	0xb368	0xe003	0xa000	c.sb
2	4808	c.sb	10	14	8	c.sb x10, 8(x14)	0xa708	0xe003	0xa000	c.sb
2	4809	c.sb	10	14	9	c.sb x10, 9(x14)	0xb708	0xe003	0xa000	c.sb
2	4810	c.sb	10	14	10	c.sb x10, 10(x14)	0xa728	0xe003	0xa000	c.sb
2	4811	c.sb	10	14	11	c.sb x10, 11(x14)	0xb728	0xe003	0xa000	c.sb
2	4812	c.sb	10	14	12	c.sb x10, 12(x14)	0xa748	0xe003	0xa000	c.sb
2	4813	c.sb	10	14	13	c.sb x10, 13(x14)	0xb748	0xe003	0xa000	c.sb
2	4814	c.sb	10	14	14	c.sb x10, 14(x14)	0xa768	0xe003	0xa000	c.sb
2	4815	c.sb	10	14	15	c.sb x10, 15(x14)	0xb768	0xe003	0xa000	c.sb
2	4816	c.sb	10	14	16	c.sb x10, 16(x14)	0xab08	0xe003	0xa000	c.sb
2	4817	c.sb	10	14	17	c.sb x10, 17(x14)	0xbb08	0xe003	0xa000	c.sb
2	4818	c.sb	10	14	18	c.sb x10, 18(x14)	0xab28	0xe003	0xa000	c.sb
2	4819	c.sb	10	14	19	c.sb x10, 19(x14)	0xbb28	0xe003	0xa000	c.sb
2	4820	c.sb	10	14	20	c.sb x10, 20(x14)	0xab48	0xe003	0xa000	c.sb
2	4821	c.sb	10	14	21	c.sb x10, 21(x14)	0xbb48	0xe003	0xa000	c.sb
2	4822	c.sb	10	14	22	c.sb x10, 22(x14)	0xab68	0xe003	0xa000	c.sb
2	4823	c.sb	10	14	23	c.sb x10, 23(x14)	0xbb68	0xe003	0xa000	c.sb
2	4824	c.sb	10	14	24	c.sb x10, 24(x14)	0xaf08	0xe003	0xa000	c.sb
2	4825	c.sb	10	14	25	c.sb x10, 25(x14)	0xbf08	0xe003	0xa000	c.sb
2	4826	c.sb	10	14	26	c.sb x10, 26(x14)	0xaf28	0xe003	0xa000	c.sb
2	4827	c.sb	10	14	27	c.sb x10, 27(x14)	0xbf28	0xe003	0xa000	c.sb
2	4828	c.sb	10	14	28	c.sb x10, 28(x14)	0xaf48	0xe003	0xa000	c.sb
2	4829	c.sb	10	14	29	c.sb x10, 29(x14)	0xbf48	0xe003	0xa000	c.sb
2	4830	c.sb	10	14	30	c.sb x10, 30(x14)	0xaf68	0xe003	0xa000	c.sb
2	4831	c.sb	10	14	31	c.sb x10, 31(x14)	0xbf68	0xe003	0xa000	c.sb
2	4832	c.sb	10	15	0	c.sb x10, 0(x15)	0xa388	0xe003	0xa000	c.sb
2	4833	c.sb	10	15	1	c.sb x10, 1(x15)	0xb388	0xe003	0xa000	c.sb
2	4834	c.sb	10	15	2	c.sb x10, 2(x15)	0xa3a8	0xe003	0xa000	c.sb
2	4835	c.sb	10	15	3	c.sb x10, 3(x15)	0xb3a8	0xe003	0xa000	c.sb
2	4836	c.sb	10	15	4	c.sb x10, 4(x15)	0xa3c8	0xe003	0xa000	c.sb
2	4837	c.sb	10	15	5	c.sb x10, 5(x15)	0xb3c8	0xe003	0xa000	c.sb
2	4838	c.sb	10	15	6	c.sb x10, 6(x15)	0xa3e8	0xe003	0xa000	c.sb
2	4839	c.sb	10	15	7	c.sb x10, 7(x15)	0xb3e8	0xe003	0xa000	c.sb
2	4840	c.sb	10	15	8	c.sb x10, 8(x15)	0xa788	0xe003	0xa000	c.sb
2	4841	c.sb	10	15	9	c.sb x10, 9(x15)	0xb788	0xe003	0xa000	c.sb
2	4842	c.sb	10	15	10	c.sb x10, 10(x15)	0xa7a8	0xe003	0xa000	c.sb
2	4843	c.sb	10	15	11	c.sb x10, 11(x15)	0xb7a8	0xe003	0xa000	c.sb
2	4844	c.sb	10	15	12	c.sb x10, 12(x15)	0xa7c8	0xe003	0xa000	c.sb
2	4845	c.sb	10	15	13	c.sb x10, 13(x15)	0xb7c8	0xe003	0xa000	c.sb
2	4846	c.sb	10	15	14	c.sb x10, 14(x15)	0xa7e8	0xe003	0xa000	c.sb
2	4847	c.sb	10	15	15	c.sb x10, 15(x15)	0xb7e8	0xe003	0xa000	c.sb
2	4848	c.sb	10	15	16	c.sb x10, 16(x15)	0xab88	0xe003	0xa000	c.sb
2	4849	c.sb	10	15	17	c.sb x10, 17(x15)	0xbb88	0xe003	0xa000	c.sb
2	4850	c.sb	10	15	18	c.sb x10, 18(x15)	0xaba8	0xe003	0xa000	c.sb
2	4851	c.sb	10	15	19	c.sb x10, 19(x15)	0xbba8	0xe003	0xa000	c.sb
2	4852	c.sb	10	15	20	c.sb x10, 20(x15)	0xabc8	0xe003	0xa000	c.sb
2	4853	c.sb	10	15	21	c.sb x10, 21(x15)	0xbbc8	0xe003	0xa000	c.sb
2	4854	c.sb	10	15	22	c.sb x10, 22(x15)	0xabe8	0xe003	0xa000	c.sb
2	4855	c.sb	10	15	23	c.sb x10, 23(x15)	0xbbe8	0xe003	0xa000	c.sb
2	4856	c.sb	10	15	24	c.sb x10, 24(x15)	0xaf88	0xe003	0xa000	c.sb
2	4857	c.sb	10	15	25	c.sb x10, 25(x15)	0xbf88	0xe003	0xa000	c.sb
2	4858	c.sb	10	15	26	c.sb x10, 26(x15)	0xafa8	0xe003	0xa000	c.sb
2	4859	c.sb	10	15	27	c.sb x10, 27(x15)	0xbfa8	0xe003	0xa000	c.sb
2	4860	c.sb	10	15	28	c.sb x10, 28(x15)	0xafc8	0xe003	0xa000	c.sb
2	4861	c.sb	10	15	29	c.sb x10, 29(x15)	0xbfc8	0xe003	0xa000	c.sb
2	4862	c.sb	10	15	30	c.sb x10, 30(x15)	0xafe8	0xe003	0xa000	c.sb
2	4863	c.sb	10	15	31	c.sb x10, 31(x15)	0xbfe8	0xe003	0xa000	c.sb
2	4864	c.sb	11	8	0	c.sb x11, 0(x8)	0xa00c	0xe003	0xa000	c.sb
2	4865	c.sb	11	8	1	c.sb x11, 1(x8)	0xb00c	0xe003	0xa000	c.sb
2	4866	c.sb	11	8	2	c.sb x11, 2(x8)	0xa02c	0xe003	0xa000	c.sb
2	4867	c.sb	11	8	3	c.sb x11, 3(x8)	0xb02c	0xe003	0xa000	c.sb
2	4868	c.sb	11	8	4	c.sb x11, 4(x8)	0xa04c	0xe003	0xa000	c.sb
2	4869	c.sb	11	8	5	c.sb x11, 5(x8)	0xb04c	0xe003	0xa000	c.sb
2	4870	c.sb	11	8	6	c.sb x11, 6(x8)	0xa06c	0xe003	0xa000	c.sb
2	4871	c.sb	11	8	7	c.sb x11, 7(x8)	0xb06c	0xe003	0xa000	c.sb
2	4872	c.sb	11	8	8	c.sb x11, 8(x8)	0xa40c	0xe003	0xa000	c.sb
2	4873	c.sb	11	8	9	c.sb x11, 9(x8)	0xb40c	0xe003	0xa000	c.sb
2	4874	c.sb	11	8	10	c.sb x11, 10(x8)	0xa42c	0xe003	0xa000	c.sb
2	4875	c.sb	11	8	11	c.sb x11, 11(x8)	0xb42c	0xe003	0xa000	c.sb
2	4876	c.sb	11	8	12	c.sb x11, 12(x8)	0xa44c	0xe003	0xa000	c.sb
2	4877	c.sb	11	8	13	c.sb x11, 13(x8)	0xb44c	0xe003	0xa000	c.sb
2	4878	c.sb	11	8	14	c.sb x11, 14(x8)	0xa46c	0xe003	0xa000	c.sb
2	4879	c.sb	11	8	15	c.sb x11, 15(x8)	0xb46c	0xe003	0xa000	c.sb
2	4880	c.sb	11	8	16	c.sb x11, 16(x8)	0xa80c	0xe003	0xa000	c.sb
2	4881	c.sb	11	8	17	c.sb x11, 17(x8)	0xb80c	0xe003	0xa000	c.sb
2	4882	c.sb	11	8	18	c.sb x11, 18(x8)	0xa82c	0xe003	0xa000	c.sb
2	4883	c.sb	11	8	19	c.sb x11, 19(x8)	0xb82c	0xe003	0xa000	c.sb
2	4884	c.sb	11	8	20	c.sb x11, 20(x8)	0xa84c	0xe003	0xa000	c.sb
2	4885	c.sb	11	8	21	c.sb x11, 21(x8)	0xb84c	0xe003	0xa000	c.sb
2	4886	c.sb	11	8	22	c.sb x11, 22(x8)	0xa86c	0xe003	0xa000	c.sb
2	4887	c.sb	11	8	23	c.sb x11, 23(x8)	0xb86c	0xe003	0xa000	c.sb
2	4888	c.sb	11	8	24	c.sb x11, 24(x8)	0xac0c	0xe003	0xa000	c.sb
2	4889	c.sb	11	8	25	c.sb x11, 25(x8)	0xbc0c	0xe003	0xa000	c.sb
2	4890	c.sb	11	8	26	c.sb x11, 26(x8)	0xac2c	0xe003	0xa000	c.sb
2	4891	c.sb	11	8	27	c.sb x11, 27(x8)	0xbc2c	0xe003	0xa000	c.sb
2	4892	c.sb	11	8	28	c.sb x11, 28(x8)	0xac4c	0xe003	0xa000	c.sb
2	4893	c.sb	11	8	29	c.sb x11, 29(x8)	0xbc4c	0xe003	0xa000	c.sb
2	4894	c.sb	11	8	30	c.sb x11, 30(x8)	0xac6c	0xe003	0xa000	c.sb
2	4895	c.sb	11	8	31	c.sb x11, 31(x8)	0xbc6c	0xe003	0xa000	c.sb
2	4896	c.sb	11	9	0	c.sb x11, 0(x9)	0xa08c	0xe003	0xa000	c.sb
2	4897	c.sb	11	9	1	c.sb x11, 1(x9)	0xb08c	0xe003	0xa000	c.sb
2	4898	c.sb	11	9	2	c.sb x11, 2(x9)	0xa0ac	0xe003	0xa000	c.sb
2	4899	c.sb	11	9	3	c.sb x11, 3(x9)	0xb0ac	0xe003	0xa000	c.sb
2	4900	c.sb	11	9	4	c.sb x11, 4(x9)	0xa0cc	0xe003	0xa000	c.sb
2	4901	c.sb	11	9	5	c.sb x11, 5(x9)	0xb0cc	0xe003	0xa000	c.sb
2	4902	c.sb	11	9	6	c.sb x11, 6(x9)	0xa0ec	0xe003	0xa000	c.sb
2	4903	c.sb	11	9	7	c.sb x11, 7(x9)	0xb0ec	0xe003	0xa000	c.sb
2	4904	c.sb	11	9	8	c.sb x11, 8(x9)	0xa48c	0xe003	0xa000	c.sb
2	4905	c.sb	11	9	9	c.sb x11, 9(x9)	0xb48c	0xe003	0xa000	c.sb
2	4906	c.sb	11	9	10	c.sb x11, 10(x9)	0xa4ac	0xe003	0xa000	c.sb
2	4907	c.sb	11	9	11	c.sb x11, 11(x9)	0xb4ac	0xe003	0xa000	c.sb
2	4908	c.sb	11	9	12	c.sb x11, 12(x9)	0xa4cc	0xe003	0xa000	c.sb
2	4909	c.sb	11	9	13	c.sb x11, 13(x9)	0xb4cc	0xe003	0xa000	c.sb
2	4910	c.sb	11	9	14	c.sb x11, 14(x9)	0xa4ec	0xe003	0xa000	c.sb
2	4911	c.sb	11	9	15	c.sb x11, 15(x9)	0xb4ec	0xe003	0xa000	c.sb
2	4912	c.sb	11	9	16	c.sb x11, 16(x9)	0xa88c	0xe003	0xa000	c.sb
2	4913	c.sb	11	9	17	c.sb x11, 17(x9)	0xb88c	0xe003	0xa000	c.sb
2	4914	c.sb	11	9	18	c.sb x11, 18(x9)	0xa8ac	0xe003	0xa000	c.sb
2	4915	c.sb	11	9	19	c.sb x11, 19(x9)	0xb8ac	0xe003	0xa000	c.sb
2	4916	c.sb	11	9	20	c.sb x11, 20(x9)	0xa8cc	0xe003	0xa000	c.sb
2	4917	c.sb	11	9	21	c.sb x11, 21(x9)	0xb8cc	0xe003	0xa000	c.sb
2	4918	c.sb	11	9	22	c.sb x11, 22(x9)	0xa8ec	0xe003	0xa000	c.sb
2	4919	c.sb	11	9	23	c.sb x11, 23(x9)	0xb8ec	0xe003	0xa000	c.sb
2	4920	c.sb	11	9	24	c.sb x11, 24(x9)	0xac8c	0xe003	0xa000	c.sb
2	4921	c.sb	11	9	25	c.sb x11, 25(x9)	0xbc8c	0xe003	0xa000	c.sb
2	4922	c.sb	11	9	26	c.sb x11, 26(x9)	0xacac	0xe003	0xa000	c.sb
2	4923	c.sb	11	9	27	c.sb x11, 27(x9)	0xbcac	0xe003	0xa000	c.sb
2	4924	c.sb	11	9	28	c.sb x11, 28(x9)	0xaccc	0xe003	0xa000	c.sb
2	4925	c.sb	11	9	29	c.sb x11, 29(x9)	0xbccc	0xe003	0xa000	c.sb
2	4926	c.sb	11	9	30	c.sb x11, 30(x9)	0xacec	0xe003	0xa000	c.sb
2	4927	c.sb	11	9	31	c.sb x11, 31(x9)	0xbcec	0xe003	0xa000	c.sb
2	4928	c.sb	11	10	0	c.sb x11, 0(x10)	0xa10c	0xe003	0xa000	c.sb
2	4929	c.sb	11	10	1	c.sb x11, 1(x10)	0xb10c	0xe003	0xa000	c.sb
2	4930	c.sb	11	10	2	c.sb x11, 2(x10)	0xa12c	0xe003	0xa000	c.sb
2	4931	c.sb	11	10	3	c.sb x11, 3(x10)	0xb12c	0xe003	0xa000	c.sb
2	4932	c.sb	11	10	4	c.sb x11, 4(x10)	0xa14c	0xe003	0xa000	c.sb
2	4933	c.sb	11	10	5	c.sb x11, 5(x10)	0xb14c	0xe003	0xa000	c.sb
2	4934	c.sb	11	10	6	c.sb x11, 6(x10)	0xa16c	0xe003	0xa000	c.sb
2	4935	c.sb	11	10	7	c.sb x11, 7(x10)	0xb16c	0xe003	0xa000	c.sb
2	4936	c.sb	11	10	8	c.sb x11, 8(x10)	0xa50c	0xe003	0xa000	c.sb
2	4937	c.sb	11	10	9	c.sb x11, 9(x10)	0xb50c	0xe003	0xa000	c.sb
2	4938	c.sb	11	10	10	c.sb x11, 10(x10)	0xa52c	0xe003	0xa000	c.sb
2	4939	c.sb	11	10	11	c.sb x11, 11(x10)	0xb52c	0xe003	0xa000	c.sb
2	4940	c.sb	11	10	12	c.sb x11, 12(x10)	0xa54c	0xe003	0xa000	c.sb
2	4941	c.sb	11	10	13	c.sb x11, 13(x10)	0xb54c	0xe003	0xa000	c.sb
2	4942	c.sb	11	10	14	c.sb x11, 14(x10)	0xa56c	0xe003	0xa000	c.sb
2	4943	c.sb	11	10	15	c.sb x11, 15(x10)	0xb56c	0xe003	0xa000	c.sb
2	4944	c.sb	11	10	16	c.sb x11, 16(x10)	0xa90c	0xe003	0xa000	c.sb
2	4945	c.sb	11	10	17	c.sb x11, 17(x10)	0xb90c	0xe003	0xa000	c.sb
2	4946	c.sb	11	10	18	c.sb x11, 18(x10)	0xa92c	0xe003	0xa000	c.sb
2	4947	c.sb	11	10	19	c.sb x11, 19(x10)	0xb92c	0xe003	0xa000	c.sb
2	4948	c.sb	11	10	20	c.sb x11, 20(x10)	0xa94c	0xe003	0xa000	c.sb
2	4949	c.sb	11	10	21	c.sb x11, 21(x10)	0xb94c	0xe003	0xa000	c.sb
2	4950	c.sb	11	10	22	c.sb x11, 22(x10)	0xa96c	0xe003	0xa000	c.sb
2	4951	c.sb	11	10	23	c.sb x11, 23(x10)	0xb96c	0xe003	0xa000	c.sb
2	4952	c.sb	11	10	24	c.sb x11, 24(x10)	0xad0c	0xe003	0xa000	c.sb
2	4953	c.sb	11	10	25	c.sb x11, 25(x10)	0xbd0c	0xe003	0xa000	c.sb
2	4954	c.sb	11	10	26	c.sb x11, 26(x10)	0xad2c	0xe003	0xa000	c.sb
2	4955	c.sb	11	10	27	c.sb x11, 27(x10)	0xbd2c	0xe003	0xa000	c.sb
2	4956	c.sb	11	10	28	c.sb x11, 28(x10)	0xad4c	0xe003	0xa000	c.sb
2	4957	c.sb	11	10	29	c.sb x11, 29(x10)	0xbd4c	0xe003	0xa000	c.sb
2	4958	c.sb	11	10	30	c.sb x11, 30(x10)	0xad6c	0xe003	0xa000	c.sb
2	4959	c.sb	11	10	31	c.sb x11, 31(x10)	0xbd6c	0xe003	0xa000	c.sb
2	4960	c.sb	11	11	0	c.sb x11, 0(x11)	0xa18c	0xe003	0xa000	c.sb
2	4961	c.sb	11	11	1	c.sb x11, 1(x11)	0xb18c	0xe003	0xa000	c.sb
2	4962	c.sb	11	11	2	c.sb x11, 2(x11)	0xa1ac	0xe003	0xa000	c.sb
2	4963	c.sb	11	11	3	c.sb x11, 3(x11)	0xb1ac	0xe003	0xa000	c.sb
2	4964	c.sb	11	11	4	c.sb x11, 4(x11)	0xa1cc	0xe003	0xa000	c.sb
2	4965	c.sb	11	11	5	c.sb x11, 5(x11)	0xb1cc	0xe003	0xa000	c.sb
2	4966	c.sb	11	11	6	c.sb x11, 6(x11)	0xa1ec	0xe003	0xa000	c.sb
2	4967	c.sb	11	11	7	c.sb x11, 7(x11)	0xb1ec	0xe003	0xa000	c.sb
2	4968	c.sb	11	11	8	c.sb x11, 8(x11)	0xa58c	0xe003	0xa000	c.sb
2	4969	c.sb	11	11	9	c.sb x11, 9(x11)	0xb58c	0xe003	0xa000	c.sb
2	4970	c.sb	11	11	10	c.sb x11, 10(x11)	0xa5ac	0xe003	0xa000	c.sb
2	4971	c.sb	11	11	11	c.sb x11, 11(x11)	0xb5ac	0xe003	0xa000	c.sb
2	4972	c.sb	11	11	12	c.sb x11, 12(x11)	0xa5cc	0xe003	0xa000	c.sb
2	4973	c.sb	11	11	13	c.sb x11, 13(x11)	0xb5cc	0xe003	0xa000	c.sb
2	4974	c.sb	11	11	14	c.sb x11, 14(x11)	0xa5ec	0xe003	0xa000	c.sb
2	4975	c.sb	11	11	15	c.sb x11, 15(x11)	0xb5ec	0xe003	0xa000	c.sb
2	4976	c.sb	11	11	16	c.sb x11, 16(x11)	0xa98c	0xe003	0xa000	c.sb
2	4977	c.sb	11	11	17	c.sb x11, 17(x11)	0xb98c	0xe003	0xa000	c.sb
2	4978	c.sb	11	11	18	c.sb x11, 18(x11)	0xa9ac	0xe003	0xa000	c.sb
2	4979	c.sb	11	11	19	c.sb x11, 19(x11)	0xb9ac	0xe003	0xa000	c.sb
2	4980	c.sb	11	11	20	c.sb x11, 20(x11)	0xa9cc	0xe003	0xa000	c.sb
2	4981	c.sb	11	11	21	c.sb x11, 21(x11)	0xb9cc	0xe003	0xa000	c.sb
2	4982	c.sb	11	11	22	c.sb x11, 22(x11)	0xa9ec	0xe003	0xa000	c.sb
2	4983	c.sb	11	11	23	c.sb x11, 23(x11)	0xb9ec	0xe003	0xa000	c.sb
2	4984	c.sb	11	11	24	c.sb x11, 24(x11)	0xad8c	0xe003	0xa000	c.sb
2	4985	c.sb	11	11	25	c.sb x11, 25(x11)	0xbd8c	0xe003	0xa000	c.sb
2	4986	c.sb	11	11	26	c.sb x11, 26(x11)	0xadac	0xe003	0xa000	c.sb
2	4987	c.sb	11	11	27	c.sb x11, 27(x11)	0xbdac	0xe003	0xa000	c.sb
2	4988	c.sb	11	11	28	c.sb x11, 28(x11)	0xadcc	0xe003	0xa000	c.sb
2	4989	c.sb	11	11	29	c.sb x11, 29(x11)	0xbdcc	0xe003	0xa000	c.sb
2	4990	c.sb	11	11	30	c.sb x11, 30(x11)	0xadec	0xe003	0xa000	c.sb
2	4991	c.sb	11	11	31	c.sb x11, 31(x11)	0xbdec	0xe003	0xa000	c.sb
2	4992	c.sb	11	12	0	c.sb x11, 0(x12)	0xa20c	0xe003	0xa000	c.sb
2	4993	c.sb	11	12	1	c.sb x11, 1(x12)	0xb20c	0xe003	0xa000	c.sb
2	4994	c.sb	11	12	2	c.sb x11, 2(x12)	0xa22c	0xe003	0xa000	c.sb
2	4995	c.sb	11	12	3	c.sb x11, 3(x12)	0xb22c	0xe003	0xa000	c.sb
2	4996	c.sb	11	12	4	c.sb x11, 4(x12)	0xa24c	0xe003	0xa000	c.sb
2	4997	c.sb	11	12	5	c.sb x11, 5(x12)	0xb24c	0xe003	0xa000	c.sb
2	4998	c.sb	11	12	6	c.sb x11, 6(x12)	0xa26c	0xe003	0xa000	c.sb
2	4999	c.sb	11	12	7	c.sb x11, 7(x12)	0xb26c	0xe003	0xa000	c.sb
2	5000	c.sb	11	12	8	c.sb x11, 8(x12)	0xa60c	0xe003	0xa000	c.sb
2	5001	c.sb	11	12	9	c.sb x11, 9(x12)	0xb60c	0xe003	0xa000	c.sb
2	5002	c.sb	11	12	10	c.sb x11, 10(x12)	0xa62c	0xe003	0xa000	c.sb
2	5003	c.sb	11	12	11	c.sb x11, 11(x12)	0xb62c	0xe003	0xa000	c.sb
2	5004	c.sb	11	12	12	c.sb x11, 12(x12)	0xa64c	0xe003	0xa000	c.sb
2	5005	c.sb	11	12	13	c.sb x11, 13(x12)	0xb64c	0xe003	0xa000	c.sb
2	5006	c.sb	11	12	14	c.sb x11, 14(x12)	0xa66c	0xe003	0xa000	c.sb
2	5007	c.sb	11	12	15	c.sb x11, 15(x12)	0xb66c	0xe003	0xa000	c.sb
2	5008	c.sb	11	12	16	c.sb x11, 16(x12)	0xaa0c	0xe003	0xa000	c.sb
2	5009	c.sb	11	12	17	c.sb x11, 17(x12)	0xba0c	0xe003	0xa000	c.sb
2	5010	c.sb	11	12	18	c.sb x11, 18(x12)	0xaa2c	0xe003	0xa000	c.sb
2	5011	c.sb	11	12	19	c.sb x11, 19(x12)	0xba2c	0xe003	0xa000	c.sb
2	5012	c.sb	11	12	20	c.sb x11, 20(x12)	0xaa4c	0xe003	0xa000	c.sb
2	5013	c.sb	11	12	21	c.sb x11, 21(x12)	0xba4c	0xe003	0xa000	c.sb
2	5014	c.sb	11	12	22	c.sb x11, 22(x12)	0xaa6c	0xe003	0xa000	c.sb
2	5015	c.sb	11	12	23	c.sb x11, 23(x12)	0xba6c	0xe003	0xa000	c.sb
2	5016	c.sb	11	12	24	c.sb x11, 24(x12)	0xae0c	0xe003	0xa000	c.sb
2	5017	c.sb	11	12	25	c.sb x11, 25(x12)	0xbe0c	0xe003	0xa000	c.sb
2	5018	c.sb	11	12	26	c.sb x11, 26(x12)	0xae2c	0xe003	0xa000	c.sb
2	5019	c.sb	11	12	27	c.sb x11, 27(x12)	0xbe2c	0xe003	0xa000	c.sb
2	5020	c.sb	11	12	28	c.sb x11, 28(x12)	0xae4c	0xe003	0xa000	c.sb
2	5021	c.sb	11	12	29	c.sb x11, 29(x12)	0xbe4c	0xe003	0xa000	c.sb
2	5022	c.sb	11	12	30	c.sb x11, 30(x12)	0xae6c	0xe003	0xa000	c.sb
2	5023	c.sb	11	12	31	c.sb x11, 31(x12)	0xbe6c	0xe003	0xa000	c.sb
2	5024	c.sb	11	13	0	c.sb x11, 0(x13)	0xa28c	0xe003	0xa000	c.sb
2	5025	c.sb	11	13	1	c.sb x11, 1(x13)	0xb28c	0xe003	0xa000	c.sb
2	5026	c.sb	11	13	2	c.sb x11, 2(x13)	0xa2ac	0xe003	0xa000	c.sb
2	5027	c.sb	11	13	3	c.sb x11, 3(x13)	0xb2ac	0xe003	0xa000	c.sb
2	5028	c.sb	11	13	4	c.sb x11, 4(x13)	0xa2cc	0xe003	0xa000	c.sb
2	5029	c.sb	11	13	5	c.sb x11, 5(x13)	0xb2cc	0xe003	0xa000	c.sb
2	5030	c.sb	11	13	6	c.sb x11, 6(x13)	0xa2ec	0xe003	0xa000	c.sb
2	5031	c.sb	11	13	7	c.sb x11, 7(x13)	0xb2ec	0xe003	0xa000	c.sb
2	5032	c.sb	11	13	8	c.sb x11, 8(x13)	0xa68c	0xe003	0xa000	c.sb
2	5033	c.sb	11	13	9	c.sb x11, 9(x13)	0xb68c	0xe003	0xa000	c.sb
2	5034	c.sb	11	13	10	c.sb x11, 10(x13)	0xa6ac	0xe003	0xa000	c.sb
2	5035	c.sb	11	13	11	c.sb x11, 11(x13)	0xb6ac	0xe003	0xa000	c.sb
2	5036	c.sb	11	13	12	c.sb x11, 12(x13)	0xa6cc	0xe003	0xa000	c.sb
2	5037	c.sb	11	13	13	c.sb x11, 13(x13)	0xb6cc	0xe003	0xa000	c.sb
2	5038	c.sb	11	13	14	c.sb x11, 14(x13)	0xa6ec	0xe003	0xa000	c.sb
2	5039	c.sb	11	13	15	c.sb x11, 15(x13)	0xb6ec	0xe003	0xa000	c.sb
2	5040	c.sb	11	13	16	c.sb x11, 16(x13)	0xaa8c	0xe003	0xa000	c.sb
2	5041	c.sb	11	13	17	c.sb x11, 17(x13)	0xba8c	0xe003	0xa000	c.sb
2	5042	c.sb	11	13	18	c.sb x11, 18(x13)	0xaaac	0xe003	0xa000	c.sb
2	5043	c.sb	11	13	19	c.sb x11, 19(x13)	0xbaac	0xe003	0xa000	c.sb
2	5044	c.sb	11	13	20	c.sb x11, 20(x13)	0xaacc	0xe003	0xa000	c.sb
2	5045	c.sb	11	13	21	c.sb x11, 21(x13)	0xbacc	0xe003	0xa000	c.sb
2	5046	c.sb	11	13	22	c.sb x11, 22(x13)	0xaaec	0xe003	0xa000	c.sb
2	5047	c.sb	11	13	23	c.sb x11, 23(x13)	0xbaec	0xe003	0xa000	c.sb
2	5048	c.sb	11	13	24	c.sb x11, 24(x13)	0xae8c	0xe003	0xa000	c.sb
2	5049	c.sb	11	13	25	c.sb x11, 25(x13)	0xbe8c	0xe003	0xa000	c.sb
2	5050	c.sb	11	13	26	c.sb x11, 26(x13)	0xaeac	0xe003	0xa000	c.sb
2	5051	c.sb	11	13	27	c.sb x11, 27(x13)	0xbeac	0xe003	0xa000	c.sb
2	5052	c.sb	11	13	28	c.sb x11, 28(x13)	0xaecc	0xe003	0xa000	c.sb
2	5053	c.sb	11	13	29	c.sb x11, 29(x13)	0xbecc	0xe003	0xa000	c.sb
2	5054	c.sb	11	13	30	c.sb x11, 30(x13)	0xaeec	0xe003	0xa000	c.sb
2	5055	c.sb	11	13	31	c.sb x11, 31(x13)	0xbeec	0xe003	0xa000	c.sb
2	5056	c.sb	11	14	0	c.sb x11, 0(x14)	0xa30c	0xe003	0xa000	c.sb
2	5057	c.sb	11	14	1	c.sb x11, 1(x14)	0xb30c	0xe003	0xa000	c.sb
2	5058	c.sb	11	14	2	c.sb x11, 2(x14)	0xa32c	0xe003	0xa000	c.sb
2	5059	c.sb	11	14	3	c.sb x11, 3(x14)	0xb32c	0xe003	0xa000	c.sb
2	5060	c.sb	11	14	4	c.sb x11, 4(x14)	0xa34c	0xe003	0xa000	c.sb
2	5061	c.sb	11	14	5	c.sb x11, 5(x14)	0xb34c	0xe003	0xa000	c.sb
2	5062	c.sb	11	14	6	c.sb x11, 6(x14)	0xa36c	0xe003	0xa000	c.sb
2	5063	c.sb	11	14	7	c.sb x11, 7(x14)	0xb36c	0xe003	0xa000	c.sb
2	5064	c.sb	11	14	8	c.sb x11, 8(x14)	0xa70c	0xe003	0xa000	c.sb
2	5065	c.sb	11	14	9	c.sb x11, 9(x14)	0xb70c	0xe003	0xa000	c.sb
2	5066	c.sb	11	14	10	c.sb x11, 10(x14)	0xa72c	0xe003	0xa000	c.sb
2	5067	c.sb	11	14	11	c.sb x11, 11(x14)	0xb72c	0xe003	0xa000	c.sb
2	5068	c.sb	11	14	12	c.sb x11, 12(x14)	0xa74c	0xe003	0xa000	c.sb
2	5069	c.sb	11	14	13	c.sb x11, 13(x14)	0xb74c	0xe003	0xa000	c.sb
2	5070	c.sb	11	14	14	c.sb x11, 14(x14)	0xa76c	0xe003	0xa000	c.sb
2	5071	c.sb	11	14	15	c.sb x11, 15(x14)	0xb76c	0xe003	0xa000	c.sb
2	5072	c.sb	11	14	16	c.sb x11, 16(x14)	0xab0c	0xe003	0xa000	c.sb
2	5073	c.sb	11	14	17	c.sb x11, 17(x14)	0xbb0c	0xe003	0xa000	c.sb
2	5074	c.sb	11	14	18	c.sb x11, 18(x14)	0xab2c	0xe003	0xa000	c.sb
2	5075	c.sb	11	14	19	c.sb x11, 19(x14)	0xbb2c	0xe003	0xa000	c.sb
2	5076	c.sb	11	14	20	c.sb x11, 20(x14)	0xab4c	0xe003	0xa000	c.sb
2	5077	c.sb	11	14	21	c.sb x11, 21(x14)	0xbb4c	0xe003	0xa000	c.sb
2	5078	c.sb	11	14	22	c.sb x11, 22(x14)	0xab6c	0xe003	0xa000	c.sb
2	5079	c.sb	11	14	23	c.sb x11, 23(x14)	0xbb6c	0xe003	0xa000	c.sb
2	5080	c.sb	11	14	24	c.sb x11, 24(x14)	0xaf0c	0xe003	0xa000	c.sb
2	5081	c.sb	11	14	25	c.sb x11, 25(x14)	0xbf0c	0xe003	0xa000	c.sb
2	5082	c.sb	11	14	26	c.sb x11, 26(x14)	0xaf2c	0xe003	0xa000	c.sb
2	5083	c.sb	11	14	27	c.sb x11, 27(x14)	0xbf2c	0xe003	0xa000	c.sb
2	5084	c.sb	11	14	28	c.sb x11, 28(x14)	0xaf4c	0xe003	0xa000	c.sb
2	5085	c.sb	11	14	29	c.sb x11, 29(x14)	0xbf4c	0xe003	0xa000	c.sb
2	5086	c.sb	11	14	30	c.sb x11, 30(x14)	0xaf6c	0xe003	0xa000	c.sb
2	5087	c.sb	11	14	31	c.sb x11, 31(x14)	0xbf6c	0xe003	0xa000	c.sb
2	5088	c.sb	11	15	0	c.sb x11, 0(x15)	0xa38c	0xe003	0xa000	c.sb
2	5089	c.sb	11	15	1	c.sb x11, 1(x15)	0xb38c	0xe003	0xa000	c.sb
2	5090	c.sb	11	15	2	c.sb x11, 2(x15)	0xa3ac	0xe003	0xa000	c.sb
2	5091	c.sb	11	15	3	c.sb x11, 3(x15)	0xb3ac	0xe003	0xa000	c.sb
2	5092	c.sb	11	15	4	c.sb x11, 4(x15)	0xa3cc	0xe003	0xa000	c.sb
2	5093	c.sb	11	15	5	c.sb x11, 5(x15)	0xb3cc	0xe003	0xa000	c.sb
2	5094	c.sb	11	15	6	c.sb x11, 6(x15)	0xa3ec	0xe003	0xa000	c.sb
2	5095	c.sb	11	15	7	c.sb x11, 7(x15)	0xb3ec	0xe003	0xa000	c.sb
2	5096	c.sb	11	15	8	c.sb x11, 8(x15)	0xa78c	0xe003	0xa000	c.sb
2	5097	c.sb	11	15	9	c.sb x11, 9(x15)	0xb78c	0xe003	0xa000	c.sb
2	5098	c.sb	11	15	10	c.sb x11, 10(x15)	0xa7ac	0xe003	0xa000	c.sb
2	5099	c.sb	11	15	11	c.sb x11, 11(x15)	0xb7ac	0xe003	0xa000	c.sb
2	5100	c.sb	11	15	12	c.sb x11, 12(x15)	0xa7cc	0xe003	0xa000	c.sb
2	5101	c.sb	11	15	13	c.sb x11, 13(x15)	0xb7cc	0xe003	0xa000	c.sb
2	5102	c.sb	11	15	14	c.sb x11, 14(x15)	0xa7ec	0xe003	0xa000	c.sb
2	5103	c.sb	11	15	15	c.sb x11, 15(x15)	0xb7ec	0xe003	0xa000	c.sb
2	5104	c.sb	11	15	16	c.sb x11, 16(x15)	0xab8c	0xe003	0xa000	c.sb
2	5105	c.sb	11	15	17	c.sb x11, 17(x15)	0xbb8c	0xe003	0xa000	c.sb
2	5106	c.sb	11	15	18	c.sb x11, 18(x15)	0xabac	0xe003	0xa000	c.sb
2	5107	c.sb	11	15	19	c.sb x11, 19(x15)	0xbbac	0xe003	0xa000	c.sb
2	5108	c.sb	11	15	20	c.sb x11, 20(x15)	0xabcc	0xe003	0xa000	c.sb
2	5109	c.sb	11	15	21	c.sb x11, 21(x15)	0xbbcc	0xe003	0xa000	c.sb
2	5110	c.sb	11	15	22	c.sb x11, 22(x15)	0xabec	0xe003	0xa000	c.sb
2	5111	c.sb	11	15	23	c.sb x11, 23(x15)	0xbbec	0xe003	0xa000	c.sb
2	5112	c.sb	11	15	24	c.sb x11, 24(x15)	0xaf8c	0xe003	0xa000	c.sb
2	5113	c.sb	11	15	25	c.sb x11, 25(x15)	0xbf8c	0xe003	0xa000	c.sb
2	5114	c.sb	11	15	26	c.sb x11, 26(x15)	0xafac	0xe003	0xa000	c.sb
2	5115	c.sb	11	15	27	c.sb x11, 27(x15)	0xbfac	0xe003	0xa000	c.sb
2	5116	c.sb	11	15	28	c.sb x11, 28(x15)	0xafcc	0xe003	0xa000	c.sb
2	5117	c.sb	11	15	29	c.sb x11, 29(x15)	0xbfcc	0xe003	0xa000	c.sb
2	5118	c.sb	11	15	30	c.sb x11, 30(x15)	0xafec	0xe003	0xa000	c.sb
2	5119	c.sb	11	15	31	c.sb x11, 31(x15)	0xbfec	0xe003	0xa000	c.sb
2	5120	c.sb	12	8	0	c.sb x12, 0(x8)	0xa010	0xe003	0xa000	c.sb
2	5121	c.sb	12	8	1	c.sb x12, 1(x8)	0xb010	0xe003	0xa000	c.sb
2	5122	c.sb	12	8	2	c.sb x12, 2(x8)	0xa030	0xe003	0xa000	c.sb
2	5123	c.sb	12	8	3	c.sb x12, 3(x8)	0xb030	0xe003	0xa000	c.sb
2	5124	c.sb	12	8	4	c.sb x12, 4(x8)	0xa050	0xe003	0xa000	c.sb
2	5125	c.sb	12	8	5	c.sb x12, 5(x8)	0xb050	0xe003	0xa000	c.sb
2	5126	c.sb	12	8	6	c.sb x12, 6(x8)	0xa070	0xe003	0xa000	c.sb
2	5127	c.sb	12	8	7	c.sb x12, 7(x8)	0xb070	0xe003	0xa000	c.sb
2	5128	c.sb	12	8	8	c.sb x12, 8(x8)	0xa410	0xe003	0xa000	c.sb
2	5129	c.sb	12	8	9	c.sb x12, 9(x8)	0xb410	0xe003	0xa000	c.sb
2	5130	c.sb	12	8	10	c.sb x12, 10(x8)	0xa430	0xe003	0xa000	c.sb
2	5131	c.sb	12	8	11	c.sb x12, 11(x8)	0xb430	0xe003	0xa000	c.sb
2	5132	c.sb	12	8	12	c.sb x12, 12(x8)	0xa450	0xe003	0xa000	c.sb
2	5133	c.sb	12	8	13	c.sb x12, 13(x8)	0xb450	0xe003	0xa000	c.sb
2	5134	c.sb	12	8	14	c.sb x12, 14(x8)	0xa470	0xe003	0xa000	c.sb
2	5135	c.sb	12	8	15	c.sb x12, 15(x8)	0xb470	0xe003	0xa000	c.sb
2	5136	c.sb	12	8	16	c.sb x12, 16(x8)	0xa810	0xe003	0xa000	c.sb
2	5137	c.sb	12	8	17	c.sb x12, 17(x8)	0xb810	0xe003	0xa000	c.sb
2	5138	c.sb	12	8	18	c.sb x12, 18(x8)	0xa830	0xe003	0xa000	c.sb
2	5139	c.sb	12	8	19	c.sb x12, 19(x8)	0xb830	0xe003	0xa000	c.sb
2	5140	c.sb	12	8	20	c.sb x12, 20(x8)	0xa850	0xe003	0xa000	c.sb
2	5141	c.sb	12	8	21	c.sb x12, 21(x8)	0xb850	0xe003	0xa000	c.sb
2	5142	c.sb	12	8	22	c.sb x12, 22(x8)	0xa870	0xe003	0xa000	c.sb
2	5143	c.sb	12	8	23	c.sb x12, 23(x8)	0xb870	0xe003	0xa000	c.sb
2	5144	c.sb	12	8	24	c.sb x12, 24(x8)	0xac10	0xe003	0xa000	c.sb
2	5145	c.sb	12	8	25	c.sb x12, 25(x8)	0xbc10	0xe003	0xa000	c.sb
2	5146	c.sb	12	8	26	c.sb x12, 26(x8)	0xac30	0xe003	0xa000	c.sb
2	5147	c.sb	12	8	27	c.sb x12, 27(x8)	0xbc30	0xe003	0xa000	c.sb
2	5148	c.sb	12	8	28	c.sb x12, 28(x8)	0xac50	0xe003	0xa000	c.sb
2	5149	c.sb	12	8	29	c.sb x12, 29(x8)	0xbc50	0xe003	0xa000	c.sb
2	5150	c.sb	12	8	30	c.sb x12, 30(x8)	0xac70	0xe003	0xa000	c.sb
2	5151	c.sb	12	8	31	c.sb x12, 31(x8)	0xbc70	0xe003	0xa000	c.sb
2	5152	c.sb	12	9	0	c.sb x12, 0(x9)	0xa090	0xe003	0xa000	c.sb
2	5153	c.sb	12	9	1	c.sb x12, 1(x9)	0xb090	0xe003	0xa000	c.sb
2	5154	c.sb	12	9	2	c.sb x12, 2(x9)	0xa0b0	0xe003	0xa000	c.sb
2	5155	c.sb	12	9	3	c.sb x12, 3(x9)	0xb0b0	0xe003	0xa000	c.sb
2	5156	c.sb	12	9	4	c.sb x12, 4(x9)	0xa0d0	0xe003	0xa000	c.sb
2	5157	c.sb	12	9	5	c.sb x12, 5(x9)	0xb0d0	0xe003	0xa000	c.sb
2	5158	c.sb	12	9	6	c.sb x12, 6(x9)	0xa0f0	0xe003	0xa000	c.sb
2	5159	c.sb	12	9	7	c.sb x12, 7(x9)	0xb0f0	0xe003	0xa000	c.sb
2	5160	c.sb	12	9	8	c.sb x12, 8(x9)	0xa490	0xe003	0xa000	c.sb
2	5161	c.sb	12	9	9	c.sb x12, 9(x9)	0xb490	0xe003	0xa000	c.sb
2	5162	c.sb	12	9	10	c.sb x12, 10(x9)	0xa4b0	0xe003	0xa000	c.sb
2	5163	c.sb	12	9	11	c.sb x12, 11(x9)	0xb4b0	0xe003	0xa000	c.sb
2	5164	c.sb	12	9	12	c.sb x12, 12(x9)	0xa4d0	0xe003	0xa000	c.sb
2	5165	c.sb	12	9	13	c.sb x12, 13(x9)	0xb4d0	0xe003	0xa000	c.sb
2	5166	c.sb	12	9	14	c.sb x12, 14(x9)	0xa4f0	0xe003	0xa000	c.sb
2	5167	c.sb	12	9	15	c.sb x12, 15(x9)	0xb4f0	0xe003	0xa000	c.sb
2	5168	c.sb	12	9	16	c.sb x12, 16(x9)	0xa890	0xe003	0xa000	c.sb
2	5169	c.sb	12	9	17	c.sb x12, 17(x9)	0xb890	0xe003	0xa000	c.sb
2	5170	c.sb	12	9	18	c.sb x12, 18(x9)	0xa8b0	0xe003	0xa000	c.sb
2	5171	c.sb	12	9	19	c.sb x12, 19(x9)	0xb8b0	0xe003	0xa000	c.sb
2	5172	c.sb	12	9	20	c.sb x12, 20(x9)	0xa8d0	0xe003	0xa000	c.sb
2	5173	c.sb	12	9	21	c.sb x12, 21(x9)	0xb8d0	0xe003	0xa000	c.sb
2	5174	c.sb	12	9	22	c.sb x12, 22(x9)	0xa8f0	0xe003	0xa000	c.sb
2	5175	c.sb	12	9	23	c.sb x12, 23(x9)	0xb8f0	0xe003	0xa000	c.sb
2	5176	c.sb	12	9	24	c.sb x12, 24(x9)	0xac90	0xe003	0xa000	c.sb
2	5177	c.sb	12	9	25	c.sb x12, 25(x9)	0xbc90	0xe003	0xa000	c.sb
2	5178	c.sb	12	9	26	c.sb x12, 26(x9)	0xacb0	0xe003	0xa000	c.sb
2	5179	c.sb	12	9	27	c.sb x12, 27(x9)	0xbcb0	0xe003	0xa000	c.sb
2	5180	c.sb	12	9	28	c.sb x12, 28(x9)	0xacd0	0xe003	0xa000	c.sb
2	5181	c.sb	12	9	29	c.sb x12, 29(x9)	0xbcd0	0xe003	0xa000	c.sb
2	5182	c.sb	12	9	30	c.sb x12, 30(x9)	0xacf0	0xe003	0xa000	c.sb
2	5183	c.sb	12	9	31	c.sb x12, 31(x9)	0xbcf0	0xe003	0xa000	c.sb
2	5184	c.sb	12	10	0	c.sb x12, 0(x10)	0xa110	0xe003	0xa000	c.sb
2	5185	c.sb	12	10	1	c.sb x12, 1(x10)	0xb110	0xe003	0xa000	c.sb
2	5186	c.sb	12	10	2	c.sb x12, 2(x10)	0xa130	0xe003	0xa000	c.sb
2	5187	c.sb	12	10	3	c.sb x12, 3(x10)	0xb130	0xe003	0xa000	c.sb
2	5188	c.sb	12	10	4	c.sb x12, 4(x10)	0xa150	0xe003	0xa000	c.sb
2	5189	c.sb	12	10	5	c.sb x12, 5(x10)	0xb150	0xe003	0xa000	c.sb
2	5190	c.sb	12	10	6	c.sb x12, 6(x10)	0xa170	0xe003	0xa000	c.sb
2	5191	c.sb	12	10	7	c.sb x12, 7(x10)	0xb170	0xe003	0xa000	c.sb
2	5192	c.sb	12	10	8	c.sb x12, 8(x10)	0xa510	0xe003	0xa000	c.sb
2	5193	c.sb	12	10	9	c.sb x12, 9(x10)	0xb510	0xe003	0xa000	c.sb
2	5194	c.sb	12	10	10	c.sb x12, 10(x10)	0xa530	0xe003	0xa000	c.sb
2	5195	c.sb	12	10	11	c.sb x12, 11(x10)	0xb530	0xe003	0xa000	c.sb
2	5196	c.sb	12	10	12	c.sb x12, 12(x10)	0xa550	0xe003	0xa000	c.sb
2	5197	c.sb	12	10	13	c.sb x12, 13(x10)	0xb550	0xe003	0xa000	c.sb
2	5198	c.sb	12	10	14	c.sb x12, 14(x10)	0xa570	0xe003	0xa000	c.sb
2	5199	c.sb	12	10	15	c.sb x12, 15(x10)	0xb570	0xe003	0xa000	c.sb
2	5200	c.sb	12	10	16	c.sb x12, 16(x10)	0xa910	0xe003	0xa000	c.sb
2	5201	c.sb	12	10	17	c.sb x12, 17(x10)	0xb910	0xe003	0xa000	c.sb
2	5202	c.sb	12	10	18	c.sb x12, 18(x10)	0xa930	0xe003	0xa000	c.sb
2	5203	c.sb	12	10	19	c.sb x12, 19(x10)	0xb930	0xe003	0xa000	c.sb
2	5204	c.sb	12	10	20	c.sb x12, 20(x10)	0xa950	0xe003	0xa000	c.sb
2	5205	c.sb	12	10	21	c.sb x12, 21(x10)	0xb950	0xe003	0xa000	c.sb
2	5206	c.sb	12	10	22	c.sb x12, 22(x10)	0xa970	0xe003	0xa000	c.sb
2	5207	c.sb	12	10	23	c.sb x12, 23(x10)	0xb970	0xe003	0xa000	c.sb
2	5208	c.sb	12	10	24	c.sb x12, 24(x10)	0xad10	0xe003	0xa000	c.sb
2	5209	c.sb	12	10	25	c.sb x12, 25(x10)	0xbd10	0xe003	0xa000	c.sb
2	5210	c.sb	12	10	26	c.sb x12, 26(x10)	0xad30	0xe003	0xa000	c.sb
2	5211	c.sb	12	10	27	c.sb x12, 27(x10)	0xbd30	0xe003	0xa000	c.sb
2	5212	c.sb	12	10	28	c.sb x12, 28(x10)	0xad50	0xe003	0xa000	c.sb
2	5213	c.sb	12	10	29	c.sb x12, 29(x10)	0xbd50	0xe003	0xa000	c.sb
2	5214	c.sb	12	10	30	c.sb x12, 30(x10)	0xad70	0xe003	0xa000	c.sb
2	5215	c.sb	12	10	31	c.sb x12, 31(x10)	0xbd70	0xe003	0xa000	c.sb
2	5216	c.sb	12	11	0	c.sb x12, 0(x11)	0xa190	0xe003	0xa000	c.sb
2	5217	c.sb	12	11	1	c.sb x12, 1(x11)	0xb190	0xe003	0xa000	c.sb
2	5218	c.sb	12	11	2	c.sb x12, 2(x11)	0xa1b0	0xe003	0xa000	c.sb
2	5219	c.sb	12	11	3	c.sb x12, 3(x11)	0xb1b0	0xe003	0xa000	c.sb
2	5220	c.sb	12	11	4	c.sb x12, 4(x11)	0xa1d0	0xe003	0xa000	c.sb
2	5221	c.sb	12	11	5	c.sb x12, 5(x11)	0xb1d0	0xe003	0xa000	c.sb
2	5222	c.sb	12	11	6	c.sb x12, 6(x11)	0xa1f0	0xe003	0xa000	c.sb
2	5223	c.sb	12	11	7	c.sb x12, 7(x11)	0xb1f0	0xe003	0xa000	c.sb
2	5224	c.sb	12	11	8	c.sb x12, 8(x11)	0xa590	0xe003	0xa000	c.sb
2	5225	c.sb	12	11	9	c.sb x12, 9(x11)	0xb590	0xe003	0xa000	c.sb
2	5226	c.sb	12	11	10	c.sb x12, 10(x11)	0xa5b0	0xe003	0xa000	c.sb
2	5227	c.sb	12	11	11	c.sb x12, 11(x11)	0xb5b0	0xe003	0xa000	c.sb
2	5228	c.sb	12	11	12	c.sb x12, 12(x11)	0xa5d0	0xe003	0xa000	c.sb
2	5229	c.sb	12	11	13	c.sb x12, 13(x11)	0xb5d0	0xe003	0xa000	c.sb
2	5230	c.sb	12	11	14	c.sb x12, 14(x11)	0xa5f0	0xe003	0xa000	c.sb
2	5231	c.sb	12	11	15	c.sb x12, 15(x11)	0xb5f0	0xe003	0xa000	c.sb
2	5232	c.sb	12	11	16	c.sb x12, 16(x11)	0xa990	0xe003	0xa000	c.sb
2	5233	c.sb	12	11	17	c.sb x12, 17(x11)	0xb990	0xe003	0xa000	c.sb
2	5234	c.sb	12	11	18	c.sb x12, 18(x11)	0xa9b0	0xe003	0xa000	c.sb
2	5235	c.sb	12	11	19	c.sb x12, 19(x11)	0xb9b0	0xe003	0xa000	c.sb
2	5236	c.sb	12	11	20	c.sb x12, 20(x11)	0xa9d0	0xe003	0xa000	c.sb
2	5237	c.sb	12	11	21	c.sb x12, 21(x11)	0xb9d0	0xe003	0xa000	c.sb
2	5238	c.sb	12	11	22	c.sb x12, 22(x11)	0xa9f0	0xe003	0xa000	c.sb
2	5239	c.sb	12	11	23	c.sb x12, 23(x11)	0xb9f0	0xe003	0xa000	c.sb
2	5240	c.sb	12	11	24	c.sb x12, 24(x11)	0xad90	0xe003	0xa000	c.sb
2	5241	c.sb	12	11	25	c.sb x12, 25(x11)	0xbd90	0xe003	0xa000	c.sb
2	5242	c.sb	12	11	26	c.sb x12, 26(x11)	0xadb0	0xe003	0xa000	c.sb
2	5243	c.sb	12	11	27	c.sb x12, 27(x11)	0xbdb0	0xe003	0xa000	c.sb
2	5244	c.sb	12	11	28	c.sb x12, 28(x11)	0xadd0	0xe003	0xa000	c.sb
2	5245	c.sb	12	11	29	c.sb x12, 29(x11)	0xbdd0	0xe003	0xa000	c.sb
2	5246	c.sb	12	11	30	c.sb x12, 30(x11)	0xadf0	0xe003	0xa000	c.sb
2	5247	c.sb	12	11	31	c.sb x12, 31(x11)	0xbdf0	0xe003	0xa000	c.sb
2	5248	c.sb	12	12	0	c.sb x12, 0(x12)	0xa210	0xe003	0xa000	c.sb
2	5249	c.sb	12	12	1	c.sb x12, 1(x12)	0xb210	0xe003	0xa000	c.sb
2	5250	c.sb	12	12	2	c.sb x12, 2(x12)	0xa230	0xe003	0xa000	c.sb
2	5251	c.sb	12	12	3	c.sb x12, 3(x12)	0xb230	0xe003	0xa000	c.sb
2	5252	c.sb	12	12	4	c.sb x12, 4(x12)	0xa250	0xe003	0xa000	c.sb
2	5253	c.sb	12	12	5	c.sb x12, 5(x12)	0xb250	0xe003	0xa000	c.sb
2	5254	c.sb	12	12	6	c.sb x12, 6(x12)	0xa270	0xe003	0xa000	c.sb
2	5255	c.sb	12	12	7	c.sb x12, 7(x12)	0xb270	0xe003	0xa000	c.sb
2	5256	c.sb	12	12	8	c.sb x12, 8(x12)	0xa610	0xe003	0xa000	c.sb
2	5257	c.sb	12	12	9	c.sb x12, 9(x12)	0xb610	0xe003	0xa000	c.sb
2	5258	c.sb	12	12	10	c.sb x12, 10(x12)	0xa630	0xe003	0xa000	c.sb
2	5259	c.sb	12	12	11	c.sb x12, 11(x12)	0xb630	0xe003	0xa000	c.sb
2	5260	c.sb	12	12	12	c.sb x12, 12(x12)	0xa650	0xe003	0xa000	c.sb
2	5261	c.sb	12	12	13	c.sb x12, 13(x12)	0xb650	0xe003	0xa000	c.sb
2	5262	c.sb	12	12	14	c.sb x12, 14(x12)	0xa670	0xe003	0xa000	c.sb
2	5263	c.sb	12	12	15	c.sb x12, 15(x12)	0xb670	0xe003	0xa000	c.sb
2	5264	c.sb	12	12	16	c.sb x12, 16(x12)	0xaa10	0xe003	0xa000	c.sb
2	5265	c.sb	12	12	17	c.sb x12, 17(x12)	0xba10	0xe003	0xa000	c.sb
2	5266	c.sb	12	12	18	c.sb x12, 18(x12)	0xaa30	0xe003	0xa000	c.sb
2	5267	c.sb	12	12	19	c.sb x12, 19(x12)	0xba30	0xe003	0xa000	c.sb
2	5268	c.sb	12	12	20	c.sb x12, 20(x12)	0xaa50	0xe003	0xa000	c.sb
2	5269	c.sb	12	12	21	c.sb x12, 21(x12)	0xba50	0xe003	0xa000	c.sb
2	5270	c.sb	12	12	22	c.sb x12, 22(x12)	0xaa70	0xe003	0xa000	c.sb
2	5271	c.sb	12	12	23	c.sb x12, 23(x12)	0xba70	0xe003	0xa000	c.sb
2	5272	c.sb	12	12	24	c.sb x12, 24(x12)	0xae10	0xe003	0xa000	c.sb
2	5273	c.sb	12	12	25	c.sb x12, 25(x12)	0xbe10	0xe003	0xa000	c.sb
2	5274	c.sb	12	12	26	c.sb x12, 26(x12)	0xae30	0xe003	0xa000	c.sb
2	5275	c.sb	12	12	27	c.sb x12, 27(x12)	0xbe30	0xe003	0xa000	c.sb
2	5276	c.sb	12	12	28	c.sb x12, 28(x12)	0xae50	0xe003	0xa000	c.sb
2	5277	c.sb	12	12	29	c.sb x12, 29(x12)	0xbe50	0xe003	0xa000	c.sb
2	5278	c.sb	12	12	30	c.sb x12, 30(x12)	0xae70	0xe003	0xa000	c.sb
2	5279	c.sb	12	12	31	c.sb x12, 31(x12)	0xbe70	0xe003	0xa000	c.sb
2	5280	c.sb	12	13	0	c.sb x12, 0(x13)	0xa290	0xe003	0xa000	c.sb
2	5281	c.sb	12	13	1	c.sb x12, 1(x13)	0xb290	0xe003	0xa000	c.sb
2	5282	c.sb	12	13	2	c.sb x12, 2(x13)	0xa2b0	0xe003	0xa000	c.sb
2	5283	c.sb	12	13	3	c.sb x12, 3(x13)	0xb2b0	0xe003	0xa000	c.sb
2	5284	c.sb	12	13	4	c.sb x12, 4(x13)	0xa2d0	0xe003	0xa000	c.sb
2	5285	c.sb	12	13	5	c.sb x12, 5(x13)	0xb2d0	0xe003	0xa000	c.sb
2	5286	c.sb	12	13	6	c.sb x12, 6(x13)	0xa2f0	0xe003	0xa000	c.sb
2	5287	c.sb	12	13	7	c.sb x12, 7(x13)	0xb2f0	0xe003	0xa000	c.sb
2	5288	c.sb	12	13	8	c.sb x12, 8(x13)	0xa690	0xe003	0xa000	c.sb
2	5289	c.sb	12	13	9	c.sb x12, 9(x13)	0xb690	0xe003	0xa000	c.sb
2	5290	c.sb	12	13	10	c.sb x12, 10(x13)	0xa6b0	0xe003	0xa000	c.sb
2	5291	c.sb	12	13	11	c.sb x12, 11(x13)	0xb6b0	0xe003	0xa000	c.sb
2	5292	c.sb	12	13	12	c.sb x12, 12(x13)	0xa6d0	0xe003	0xa000	c.sb
2	5293	c.sb	12	13	13	c.sb x12, 13(x13)	0xb6d0	0xe003	0xa000	c.sb
2	5294	c.sb	12	13	14	c.sb x12, 14(x13)	0xa6f0	0xe003	0xa000	c.sb
2	5295	c.sb	12	13	15	c.sb x12, 15(x13)	0xb6f0	0xe003	0xa000	c.sb
2	5296	c.sb	12	13	16	c.sb x12, 16(x13)	0xaa90	0xe003	0xa000	c.sb
2	5297	c.sb	12	13	17	c.sb x12, 17(x13)	0xba90	0xe003	0xa000	c.sb
2	5298	c.sb	12	13	18	c.sb x12, 18(x13)	0xaab0	0xe003	0xa000	c.sb
2	5299	c.sb	12	13	19	c.sb x12, 19(x13)	0xbab0	0xe003	0xa000	c.sb
2	5300	c.sb	12	13	20	c.sb x12, 20(x13)	0xaad0	0xe003	0xa000	c.sb
2	5301	c.sb	12	13	21	c.sb x12, 21(x13)	0xbad0	0xe003	0xa000	c.sb
2	5302	c.sb	12	13	22	c.sb x12, 22(x13)	0xaaf0	0xe003	0xa000	c.sb
2	5303	c.sb	12	13	23	c.sb x12, 23(x13)	0xbaf0	0xe003	0xa000	c.sb
2	5304	c.sb	12	13	24	c.sb x12, 24(x13)	0xae90	0xe003	0xa000	c.sb
2	5305	c.sb	12	13	25	c.sb x12, 25(x13)	0xbe90	0xe003	0xa000	c.sb
2	5306	c.sb	12	13	26	c.sb x12, 26(x13)	0xaeb0	0xe003	0xa000	c.sb
2	5307	c.sb	12	13	27	c.sb x12, 27(x13)	0xbeb0	0xe003	0xa000	c.sb
2	5308	c.sb	12	13	28	c.sb x12, 28(x13)	0xaed0	0xe003	0xa000	c.sb
2	5309	c.sb	12	13	29	c.sb x12, 29(x13)	0xbed0	0xe003	0xa000	c.sb
2	5310	c.sb	12	13	30	c.sb x12, 30(x13)	0xaef0	0xe003	0xa000	c.sb
2	5311	c.sb	12	13	31	c.sb x12, 31(x13)	0xbef0	0xe003	0xa000	c.sb
2	5312	c.sb	12	14	0	c.sb x12, 0(x14)	0xa310	0xe003	0xa000	c.sb
2	5313	c.sb	12	14	1	c.sb x12, 1(x14)	0xb310	0xe003	0xa000	c.sb
2	5314	c.sb	12	14	2	c.sb x12, 2(x14)	0xa330	0xe003	0xa000	c.sb
2	5315	c.sb	12	14	3	c.sb x12, 3(x14)	0xb330	0xe003	0xa000	c.sb
2	5316	c.sb	12	14	4	c.sb x12, 4(x14)	0xa350	0xe003	0xa000	c.sb
2	5317	c.sb	12	14	5	c.sb x12, 5(x14)	0xb350	0xe003	0xa000	c.sb
2	5318	c.sb	12	14	6	c.sb x12, 6(x14)	0xa370	0xe003	0xa000	c.sb
2	5319	c.sb	12	14	7	c.sb x12, 7(x14)	0xb370	0xe003	0xa000	c.sb
2	5320	c.sb	12	14	8	c.sb x12, 8(x14)	0xa710	0xe003	0xa000	c.sb
2	5321	c.sb	12	14	9	c.sb x12, 9(x14)	0xb710	0xe003	0xa000	c.sb
2	5322	c.sb	12	14	10	c.sb x12, 10(x14)	0xa730	0xe003	0xa000	c.sb
2	5323	c.sb	12	14	11	c.sb x12, 11(x14)	0xb730	0xe003	0xa000	c.sb
2	5324	c.sb	12	14	12	c.sb x12, 12(x14)	0xa750	0xe003	0xa000	c.sb
2	5325	c.sb	12	14	13	c.sb x12, 13(x14)	0xb750	0xe003	0xa000	c.sb
2	5326	c.sb	12	14	14	c.sb x12, 14(x14)	0xa770	0xe003	0xa000	c.sb
2	5327	c.sb	12	14	15	c.sb x12, 15(x14)	0xb770	0xe003	0xa000	c.sb
2	5328	c.sb	12	14	16	c.sb x12, 16(x14)	0xab10	0xe003	0xa000	c.sb
2	5329	c.sb	12	14	17	c.sb x12, 17(x14)	0xbb10	0xe003	0xa000	c.sb
2	5330	c.sb	12	14	18	c.sb x12, 18(x14)	0xab30	0xe003	0xa000	c.sb
2	5331	c.sb	12	14	19	c.sb x12, 19(x14)	0xbb30	0xe003	0xa000	c.sb
2	5332	c.sb	12	14	20	c.sb x12, 20(x14)	0xab50	0xe003	0xa000	c.sb
2	5333	c.sb	12	14	21	c.sb x12, 21(x14)	0xbb50	0xe003	0xa000	c.sb
2	5334	c.sb	12	14	22	c.sb x12, 22(x14)	0xab70	0xe003	0xa000	c.sb
2	5335	c.sb	12	14	23	c.sb x12, 23(x14)	0xbb70	0xe003	0xa000	c.sb
2	5336	c.sb	12	14	24	c.sb x12, 24(x14)	0xaf10	0xe003	0xa000	c.sb
2	5337	c.sb	12	14	25	c.sb x12, 25(x14)	0xbf10	0xe003	0xa000	c.sb
2	5338	c.sb	12	14	26	c.sb x12, 26(x14)	0xaf30	0xe003	0xa000	c.sb
2	5339	c.sb	12	14	27	c.sb x12, 27(x14)	0xbf30	0xe003	0xa000	c.sb
2	5340	c.sb	12	14	28	c.sb x12, 28(x14)	0xaf50	0xe003	0xa000	c.sb
2	5341	c.sb	12	14	29	c.sb x12, 29(x14)	0xbf50	0xe003	0xa000	c.sb
2	5342	c.sb	12	14	30	c.sb x12, 30(x14)	0xaf70	0xe003	0xa000	c.sb
2	5343	c.sb	12	14	31	c.sb x12, 31(x14)	0xbf70	0xe003	0xa000	c.sb
2	5344	c.sb	12	15	0	c.sb x12, 0(x15)	0xa390	0xe003	0xa000	c.sb
2	5345	c.sb	12	15	1	c.sb x12, 1(x15)	0xb390	0xe003	0xa000	c.sb
2	5346	c.sb	12	15	2	c.sb x12, 2(x15)	0xa3b0	0xe003	0xa000	c.sb
2	5347	c.sb	12	15	3	c.sb x12, 3(x15)	0xb3b0	0xe003	0xa000	c.sb
2	5348	c.sb	12	15	4	c.sb x12, 4(x15)	0xa3d0	0xe003	0xa000	c.sb
2	5349	c.sb	12	15	5	c.sb x12, 5(x15)	0xb3d0	0xe003	0xa000	c.sb
2	5350	c.sb	12	15	6	c.sb x12, 6(x15)	0xa3f0	0xe003	0xa000	c.sb
2	5351	c.sb	12	15	7	c.sb x12, 7(x15)	0xb3f0	0xe003	0xa000	c.sb
2	5352	c.sb	12	15	8	c.sb x12, 8(x15)	0xa790	0xe003	0xa000	c.sb
2	5353	c.sb	12	15	9	c.sb x12, 9(x15)	0xb790	0xe003	0xa000	c.sb
2	5354	c.sb	12	15	10	c.sb x12, 10(x15)	0xa7b0	0xe003	0xa000	c.sb
2	5355	c.sb	12	15	11	c.sb x12, 11(x15)	0xb7b0	0xe003	0xa000	c.sb
2	5356	c.sb	12	15	12	c.sb x12, 12(x15)	0xa7d0	0xe003	0xa000	c.sb
2	5357	c.sb	12	15	13	c.sb x12, 13(x15)	0xb7d0	0xe003	0xa000	c.sb
2	5358	c.sb	12	15	14	c.sb x12, 14(x15)	0xa7f0	0xe003	0xa000	c.sb
2	5359	c.sb	12	15	15	c.sb x12, 15(x15)	0xb7f0	0xe003	0xa000	c.sb
2	5360	c.sb	12	15	16	c.sb x12, 16(x15)	0xab90	0xe003	0xa000	c.sb
2	5361	c.sb	12	15	17	c.sb x12, 17(x15)	0xbb90	0xe003	0xa000	c.sb
2	5362	c.sb	12	15	18	c.sb x12, 18(x15)	0xabb0	0xe003	0xa000	c.sb
2	5363	c.sb	12	15	19	c.sb x12, 19(x15)	0xbbb0	0xe003	0xa000	c.sb
2	5364	c.sb	12	15	20	c.sb x12, 20(x15)	0xabd0	0xe003	0xa000	c.sb
2	5365	c.sb	12	15	21	c.sb x12, 21(x15)	0xbbd0	0xe003	0xa000	c.sb
2	5366	c.sb	12	15	22	c.sb x12, 22(x15)	0xabf0	0xe003	0xa000	c.sb
2	5367	c.sb	12	15	23	c.sb x12, 23(x15)	0xbbf0	0xe003	0xa000	c.sb
2	5368	c.sb	12	15	24	c.sb x12, 24(x15)	0xaf90	0xe003	0xa000	c.sb
2	5369	c.sb	12	15	25	c.sb x12, 25(x15)	0xbf90	0xe003	0xa000	c.sb
2	5370	c.sb	12	15	26	c.sb x12, 26(x15)	0xafb0	0xe003	0xa000	c.sb
2	5371	c.sb	12	15	27	c.sb x12, 27(x15)	0xbfb0	0xe003	0xa000	c.sb
2	5372	c.sb	12	15	28	c.sb x12, 28(x15)	0xafd0	0xe003	0xa000	c.sb
2	5373	c.sb	12	15	29	c.sb x12, 29(x15)	0xbfd0	0xe003	0xa000	c.sb
2	5374	c.sb	12	15	30	c.sb x12, 30(x15)	0xaff0	0xe003	0xa000	c.sb
2	5375	c.sb	12	15	31	c.sb x12, 31(x15)	0xbff0	0xe003	0xa000	c.sb
2	5376	c.sb	13	8	0	c.sb x13, 0(x8)	0xa014	0xe003	0xa000	c.sb
2	5377	c.sb	13	8	1	c.sb x13, 1(x8)	0xb014	0xe003	0xa000	c.sb
2	5378	c.sb	13	8	2	c.sb x13, 2(x8)	0xa034	0xe003	0xa000	c.sb
2	5379	c.sb	13	8	3	c.sb x13, 3(x8)	0xb034	0xe003	0xa000	c.sb
2	5380	c.sb	13	8	4	c.sb x13, 4(x8)	0xa054	0xe003	0xa000	c.sb
2	5381	c.sb	13	8	5	c.sb x13, 5(x8)	0xb054	0xe003	0xa000	c.sb
2	5382	c.sb	13	8	6	c.sb x13, 6(x8)	0xa074	0xe003	0xa000	c.sb
2	5383	c.sb	13	8	7	c.sb x13, 7(x8)	0xb074	0xe003	0xa000	c.sb
2	5384	c.sb	13	8	8	c.sb x13, 8(x8)	0xa414	0xe003	0xa000	c.sb
2	5385	c.sb	13	8	9	c.sb x13, 9(x8)	0xb414	0xe003	0xa000	c.sb
2	5386	c.sb	13	8	10	c.sb x13, 10(x8)	0xa434	0xe003	0xa000	c.sb
2	5387	c.sb	13	8	11	c.sb x13, 11(x8)	0xb434	0xe003	0xa000	c.sb
2	5388	c.sb	13	8	12	c.sb x13, 12(x8)	0xa454	0xe003	0xa000	c.sb
2	5389	c.sb	13	8	13	c.sb x13, 13(x8)	0xb454	0xe003	0xa000	c.sb
2	5390	c.sb	13	8	14	c.sb x13, 14(x8)	0xa474	0xe003	0xa000	c.sb
2	5391	c.sb	13	8	15	c.sb x13, 15(x8)	0xb474	0xe003	0xa000	c.sb
2	5392	c.sb	13	8	16	c.sb x13, 16(x8)	0xa814	0xe003	0xa000	c.sb
2	5393	c.sb	13	8	17	c.sb x13, 17(x8)	0xb814	0xe003	0xa000	c.sb
2	5394	c.sb	13	8	18	c.sb x13, 18(x8)	0xa834	0xe003	0xa000	c.sb
2	5395	c.sb	13	8	19	c.sb x13, 19(x8)	0xb834	0xe003	0xa000	c.sb
2	5396	c.sb	13	8	20	c.sb x13, 20(x8)	0xa854	0xe003	0xa000	c.sb
2	5397	c.sb	13	8	21	c.sb x13, 21(x8)	0xb854	0xe003	0xa000	c.sb
2	5398	c.sb	13	8	22	c.sb x13, 22(x8)	0xa874	0xe003	0xa000	c.sb
2	5399	c.sb	13	8	23	c.sb x13, 23(x8)	0xb874	0xe003	0xa000	c.sb
2	5400	c.sb	13	8	24	c.sb x13, 24(x8)	0xac14	0xe003	0xa000	c.sb
2	5401	c.sb	13	8	25	c.sb x13, 25(x8)	0xbc14	0xe003	0xa000	c.sb
2	5402	c.sb	13	8	26	c.sb x13, 26(x8)	0xac34	0xe003	0xa000	c.sb
2	5403	c.sb	13	8	27	c.sb x13, 27(x8)	0xbc34	0xe003	0xa000	c.sb
2	5404	c.sb	13	8	28	c.sb x13, 28(x8)	0xac54	0xe003	0xa000	c.sb
2	5405	c.sb	13	8	29	c.sb x13, 29(x8)	0xbc54	0xe003	0xa000	c.sb
2	5406	c.sb	13	8	30	c.sb x13, 30(x8)	0xac74	0xe003	0xa000	c.sb
2	5407	c.sb	13	8	31	c.sb x13, 31(x8)	0xbc74	0xe003	0xa000	c.sb
2	5408	c.sb	13	9	0	c.sb x13, 0(x9)	0xa094	0xe003	0xa000	c.sb
2	5409	c.sb	13	9	1	c.sb x13, 1(x9)	0xb094	0xe003	0xa000	c.sb
2	5410	c.sb	13	9	2	c.sb x13, 2(x9)	0xa0b4	0xe003	0xa000	c.sb
2	5411	c.sb	13	9	3	c.sb x13, 3(x9)	0xb0b4	0xe003	0xa000	c.sb
2	5412	c.sb	13	9	4	c.sb x13, 4(x9)	0xa0d4	0xe003	0xa000	c.sb
2	5413	c.sb	13	9	5	c.sb x13, 5(x9)	0xb0d4	0xe003	0xa000	c.sb
2	5414	c.sb	13	9	6	c.sb x13, 6(x9)	0xa0f4	0xe003	0xa000	c.sb
2	5415	c.sb	13	9	7	c.sb x13, 7(x9)	0xb0f4	0xe003	0xa000	c.sb
2	5416	c.sb	13	9	8	c.sb x13, 8(x9)	0xa494	0xe003	0xa000	c.sb
2	5417	c.sb	13	9	9	c.sb x13, 9(x9)	0xb494	0xe003	0xa000	c.sb
2	5418	c.sb	13	9	10	c.sb x13, 10(x9)	0xa4b4	0xe003	0xa000	c.sb
2	5419	c.sb	13	9	11	c.sb x13, 11(x9)	0xb4b4	0xe003	0xa000	c.sb
2	5420	c.sb	13	9	12	c.sb x13, 12(x9)	0xa4d4	0xe003	0xa000	c.sb
2	5421	c.sb	13	9	13	c.sb x13, 13(x9)	0xb4d4	0xe003	0xa000	c.sb
2	5422	c.sb	13	9	14	c.sb x13, 14(x9)	0xa4f4	0xe003	0xa000	c.sb
2	5423	c.sb	13	9	15	c.sb x13, 15(x9)	0xb4f4	0xe003	0xa000	c.sb
2	5424	c.sb	13	9	16	c.sb x13, 16(x9)	0xa894	0xe003	0xa000	c.sb
2	5425	c.sb	13	9	17	c.sb x13, 17(x9)	0xb894	0xe003	0xa000	c.sb
2	5426	c.sb	13	9	18	c.sb x13, 18(x9)	0xa8b4	0xe003	0xa000	c.sb
2	5427	c.sb	13	9	19	c.sb x13, 19(x9)	0xb8b4	0xe003	0xa000	c.sb
2	5428	c.sb	13	9	20	c.sb x13, 20(x9)	0xa8d4	0xe003	0xa000	c.sb
2	5429	c.sb	13	9	21	c.sb x13, 21(x9)	0xb8d4	0xe003	0xa000	c.sb
2	5430	c.sb	13	9	22	c.sb x13, 22(x9)	0xa8f4	0xe003	0xa000	c.sb
2	5431	c.sb	13	9	23	c.sb x13, 23(x9)	0xb8f4	0xe003	0xa000	c.sb
2	5432	c.sb	13	9	24	c.sb x13, 24(x9)	0xac94	0xe003	0xa000	c.sb
2	5433	c.sb	13	9	25	c.sb x13, 25(x9)	0xbc94	0xe003	0xa000	c.sb
2	5434	c.sb	13	9	26	c.sb x13, 26(x9)	0xacb4	0xe003	0xa000	c.sb
2	5435	c.sb	13	9	27	c.sb x13, 27(x9)	0xbcb4	0xe003	0xa000	c.sb
2	5436	c.sb	13	9	28	c.sb x13, 28(x9)	0xacd4	0xe003	0xa000	c.sb
2	5437	c.sb	13	9	29	c.sb x13, 29(x9)	0xbcd4	0xe003	0xa000	c.sb
2	5438	c.sb	13	9	30	c.sb x13, 30(x9)	0xacf4	0xe003	0xa000	c.sb
2	5439	c.sb	13	9	31	c.sb x13, 31(x9)	0xbcf4	0xe003	0xa000	c.sb
2	5440	c.sb	13	10	0	c.sb x13, 0(x10)	0xa114	0xe003	0xa000	c.sb
2	5441	c.sb	13	10	1	c.sb x13, 1(x10)	0xb114	0xe003	0xa000	c.sb
2	5442	c.sb	13	10	2	c.sb x13, 2(x10)	0xa134	0xe003	0xa000	c.sb
2	5443	c.sb	13	10	3	c.sb x13, 3(x10)	0xb134	0xe003	0xa000	c.sb
2	5444	c.sb	13	10	4	c.sb x13, 4(x10)	0xa154	0xe003	0xa000	c.sb
2	5445	c.sb	13	10	5	c.sb x13, 5(x10)	0xb154	0xe003	0xa000	c.sb
2	5446	c.sb	13	10	6	c.sb x13, 6(x10)	0xa174	0xe003	0xa000	c.sb
2	5447	c.sb	13	10	7	c.sb x13, 7(x10)	0xb174	0xe003	0xa000	c.sb
2	5448	c.sb	13	10	8	c.sb x13, 8(x10)	0xa514	0xe003	0xa000	c.sb
2	5449	c.sb	13	10	9	c.sb x13, 9(x10)	0xb514	0xe003	0xa000	c.sb
2	5450	c.sb	13	10	10	c.sb x13, 10(x10)	0xa534	0xe003	0xa000	c.sb
2	5451	c.sb	13	10	11	c.sb x13, 11(x10)	0xb534	0xe003	0xa000	c.sb
2	5452	c.sb	13	10	12	c.sb x13, 12(x10)	0xa554	0xe003	0xa000	c.sb
2	5453	c.sb	13	10	13	c.sb x13, 13(x10)	0xb554	0xe003	0xa000	c.sb
2	5454	c.sb	13	10	14	c.sb x13, 14(x10)	0xa574	0xe003	0xa000	c.sb
2	5455	c.sb	13	10	15	c.sb x13, 15(x10)	0xb574	0xe003	0xa000	c.sb
2	5456	c.sb	13	10	16	c.sb x13, 16(x10)	0xa914	0xe003	0xa000	c.sb
2	5457	c.sb	13	10	17	c.sb x13, 17(x10)	0xb914	0xe003	0xa000	c.sb
2	5458	c.sb	13	10	18	c.sb x13, 18(x10)	0xa934	0xe003	0xa000	c.sb
2	5459	c.sb	13	10	19	c.sb x13, 19(x10)	0xb934	0xe003	0xa000	c.sb
2	5460	c.sb	13	10	20	c.sb x13, 20(x10)	0xa954	0xe003	0xa000	c.sb
2	5461	c.sb	13	10	21	c.sb x13, 21(x10)	0xb954	0xe003	0xa000	c.sb
2	5462	c.sb	13	10	22	c.sb x13, 22(x10)	0xa974	0xe003	0xa000	c.sb
2	5463	c.sb	13	10	23	c.sb x13, 23(x10)	0xb974	0xe003	0xa000	c.sb
2	5464	c.sb	13	10	24	c.sb x13, 24(x10)	0xad14	0xe003	0xa000	c.sb
2	5465	c.sb	13	10	25	c.sb x13, 25(x10)	0xbd14	0xe003	0xa000	c.sb
2	5466	c.sb	13	10	26	c.sb x13, 26(x10)	0xad34	0xe003	0xa000	c.sb
2	5467	c.sb	13	10	27	c.sb x13, 27(x10)	0xbd34	0xe003	0xa000	c.sb
2	5468	c.sb	13	10	28	c.sb x13, 28(x10)	0xad54	0xe003	0xa000	c.sb
2	5469	c.sb	13	10	29	c.sb x13, 29(x10)	0xbd54	0xe003	0xa000	c.sb
2	5470	c.sb	13	10	30	c.sb x13, 30(x10)	0xad74	0xe003	0xa000	c.sb
2	5471	c.sb	13	10	31	c.sb x13, 31(x10)	0xbd74	0xe003	0xa000	c.sb
2	5472	c.sb	13	11	0	c.sb x13, 0(x11)	0xa194	0xe003	0xa000	c.sb
2	5473	c.sb	13	11	1	c.sb x13, 1(x11)	0xb194	0xe003	0xa000	c.sb
2	5474	c.sb	13	11	2	c.sb x13, 2(x11)	0xa1b4	0xe003	0xa000	c.sb
2	5475	c.sb	13	11	3	c.sb x13, 3(x11)	0xb1b4	0xe003	0xa000	c.sb
2	5476	c.sb	13	11	4	c.sb x13, 4(x11)	0xa1d4	0xe003	0xa000	c.sb
2	5477	c.sb	13	11	5	c.sb x13, 5(x11)	0xb1d4	0xe003	0xa000	c.sb
2	5478	c.sb	13	11	6	c.sb x13, 6(x11)	0xa1f4	0xe003	0xa000	c.sb
2	5479	c.sb	13	11	7	c.sb x13, 7(x11)	0xb1f4	0xe003	0xa000	c.sb
2	5480	c.sb	13	11	8	c.sb x13, 8(x11)	0xa594	0xe003	0xa000	c.sb
2	5481	c.sb	13	11	9	c.sb x13, 9(x11)	0xb594	0xe003	0xa000	c.sb
2	5482	c.sb	13	11	10	c.sb x13, 10(x11)	0xa5b4	0xe003	0xa000	c.sb
2	5483	c.sb	13	11	11	c.sb x13, 11(x11)	0xb5b4	0xe003	0xa000	c.sb
2	5484	c.sb	13	11	12	c.sb x13, 12(x11)	0xa5d4	0xe003	0xa000	c.sb
2	5485	c.sb	13	11	13	c.sb x13, 13(x11)	0xb5d4	0xe003	0xa000	c.sb
2	5486	c.sb	13	11	14	c.sb x13, 14(x11)	0xa5f4	0xe003	0xa000	c.sb
2	5487	c.sb	13	11	15	c.sb x13, 15(x11)	0xb5f4	0xe003	0xa000	c.sb
2	5488	c.sb	13	11	16	c.sb x13, 16(x11)	0xa994	0xe003	0xa000	c.sb
2	5489	c.sb	13	11	17	c.sb x13, 17(x11)	0xb994	0xe003	0xa000	c.sb
2	5490	c.sb	13	11	18	c.sb x13, 18(x11)	0xa9b4	0xe003	0xa000	c.sb
2	5491	c.sb	13	11	19	c.sb x13, 19(x11)	0xb9b4	0xe003	0xa000	c.sb
2	5492	c.sb	13	11	20	c.sb x13, 20(x11)	0xa9d4	0xe003	0xa000	c.sb
2	5493	c.sb	13	11	21	c.sb x13, 21(x11)	0xb9d4	0xe003	0xa000	c.sb
2	5494	c.sb	13	11	22	c.sb x13, 22(x11)	0xa9f4	0xe003	0xa000	c.sb
2	5495	c.sb	13	11	23	c.sb x13, 23(x11)	0xb9f4	0xe003	0xa000	c.sb
2	5496	c.sb	13	11	24	c.sb x13, 24(x11)	0xad94	0xe003	0xa000	c.sb
2	5497	c.sb	13	11	25	c.sb x13, 25(x11)	0xbd94	0xe003	0xa000	c.sb
2	5498	c.sb	13	11	26	c.sb x13, 26(x11)	0xadb4	0xe003	0xa000	c.sb
2	5499	c.sb	13	11	27	c.sb x13, 27(x11)	0xbdb4	0xe003	0xa000	c.sb
2	5500	c.sb	13	11	28	c.sb x13, 28(x11)	0xadd4	0xe003	0xa000	c.sb
2	5501	c.sb	13	11	29	c.sb x13, 29(x11)	0xbdd4	0xe003	0xa000	c.sb
2	5502	c.sb	13	11	30	c.sb x13, 30(x11)	0xadf4	0xe003	0xa000	c.sb
2	5503	c.sb	13	11	31	c.sb x13, 31(x11)	0xbdf4	0xe003	0xa000	c.sb
2	5504	c.sb	13	12	0	c.sb x13, 0(x12)	0xa214	0xe003	0xa000	c.sb
2	5505	c.sb	13	12	1	c.sb x13, 1(x12)	0xb214	0xe003	0xa000	c.sb
2	5506	c.sb	13	12	2	c.sb x13, 2(x12)	0xa234	0xe003	0xa000	c.sb
2	5507	c.sb	13	12	3	c.sb x13, 3(x12)	0xb234	0xe003	0xa000	c.sb
2	5508	c.sb	13	12	4	c.sb x13, 4(x12)	0xa254	0xe003	0xa000	c.sb
2	5509	c.sb	13	12	5	c.sb x13, 5(x12)	0xb254	0xe003	0xa000	c.sb
2	5510	c.sb	13	12	6	c.sb x13, 6(x12)	0xa274	0xe003	0xa000	c.sb
2	5511	c.sb	13	12	7	c.sb x13, 7(x12)	0xb274	0xe003	0xa000	c.sb
2	5512	c.sb	13	12	8	c.sb x13, 8(x12)	0xa614	0xe003	0xa000	c.sb
2	5513	c.sb	13	12	9	c.sb x13, 9(x12)	0xb614	0xe003	0xa000	c.sb
2	5514	c.sb	13	12	10	c.sb x13, 10(x12)	0xa634	0xe003	0xa000	c.sb
2	5515	c.sb	13	12	11	c.sb x13, 11(x12)	0xb634	0xe003	0xa000	c.sb
2	5516	c.sb	13	12	12	c.sb x13, 12(x12)	0xa654	0xe003	0xa000	c.sb
2	5517	c.sb	13	12	13	c.sb x13, 13(x12)	0xb654	0xe003	0xa000	c.sb
2	5518	c.sb	13	12	14	c.sb x13, 14(x12)	0xa674	0xe003	0xa000	c.sb
2	5519	c.sb	13	12	15	c.sb x13, 15(x12)	0xb674	0xe003	0xa000	c.sb
2	5520	c.sb	13	12	16	c.sb x13, 16(x12)	0xaa14	0xe003	0xa000	c.sb
2	5521	c.sb	13	12	17	c.sb x13, 17(x12)	0xba14	0xe003	0xa000	c.sb
2	5522	c.sb	13	12	18	c.sb x13, 18(x12)	0xaa34	0xe003	0xa000	c.sb
2	5523	c.sb	13	12	19	c.sb x13, 19(x12)	0xba34	0xe003	0xa000	c.sb
2	5524	c.sb	13	12	20	c.sb x13, 20(x12)	0xaa54	0xe003	0xa000	c.sb
2	5525	c.sb	13	12	21	c.sb x13, 21(x12)	0xba54	0xe003	0xa000	c.sb
2	5526	c.sb	13	12	22	c.sb x13, 22(x12)	0xaa74	0xe003	0xa000	c.sb
2	5527	c.sb	13	12	23	c.sb x13, 23(x12)	0xba74	0xe003	0xa000	c.sb
2	5528	c.sb	13	12	24	c.sb x13, 24(x12)	0xae14	0xe003	0xa000	c.sb
2	5529	c.sb	13	12	25	c.sb x13, 25(x12)	0xbe14	0xe003	0xa000	c.sb
2	5530	c.sb	13	12	26	c.sb x13, 26(x12)	0xae34	0xe003	0xa000	c.sb
2	5531	c.sb	13	12	27	c.sb x13, 27(x12)	0xbe34	0xe003	0xa000	c.sb
2	5532	c.sb	13	12	28	c.sb x13, 28(x12)	0xae54	0xe003	0xa000	c.sb
2	5533	c.sb	13	12	29	c.sb x13, 29(x12)	0xbe54	0xe003	0xa000	c.sb
2	5534	c.sb	13	12	30	c.sb x13, 30(x12)	0xae74	0xe003	0xa000	c.sb
2	5535	c.sb	13	12	31	c.sb x13, 31(x12)	0xbe74	0xe003	0xa000	c.sb
2	5536	c.sb	13	13	0	c.sb x13, 0(x13)	0xa294	0xe003	0xa000	c.sb
2	5537	c.sb	13	13	1	c.sb x13, 1(x13)	0xb294	0xe003	0xa000	c.sb
2	5538	c.sb	13	13	2	c.sb x13, 2(x13)	0xa2b4	0xe003	0xa000	c.sb
2	5539	c.sb	13	13	3	c.sb x13, 3(x13)	0xb2b4	0xe003	0xa000	c.sb
2	5540	c.sb	13	13	4	c.sb x13, 4(x13)	0xa2d4	0xe003	0xa000	c.sb
2	5541	c.sb	13	13	5	c.sb x13, 5(x13)	0xb2d4	0xe003	0xa000	c.sb
2	5542	c.sb	13	13	6	c.sb x13, 6(x13)	0xa2f4	0xe003	0xa000	c.sb
2	5543	c.sb	13	13	7	c.sb x13, 7(x13)	0xb2f4	0xe003	0xa000	c.sb
2	5544	c.sb	13	13	8	c.sb x13, 8(x13)	0xa694	0xe003	0xa000	c.sb
2	5545	c.sb	13	13	9	c.sb x13, 9(x13)	0xb694	0xe003	0xa000	c.sb
2	5546	c.sb	13	13	10	c.sb x13, 10(x13)	0xa6b4	0xe003	0xa000	c.sb
2	5547	c.sb	13	13	11	c.sb x13, 11(x13)	0xb6b4	0xe003	0xa000	c.sb
2	5548	c.sb	13	13	12	c.sb x13, 12(x13)	0xa6d4	0xe003	0xa000	c.sb
2	5549	c.sb	13	13	13	c.sb x13, 13(x13)	0xb6d4	0xe003	0xa000	c.sb
2	5550	c.sb	13	13	14	c.sb x13, 14(x13)	0xa6f4	0xe003	0xa000	c.sb
2	5551	c.sb	13	13	15	c.sb x13, 15(x13)	0xb6f4	0xe003	0xa000	c.sb
2	5552	c.sb	13	13	16	c.sb x13, 16(x13)	0xaa94	0xe003	0xa000	c.sb
2	5553	c.sb	13	13	17	c.sb x13, 17(x13)	0xba94	0xe003	0xa000	c.sb
2	5554	c.sb	13	13	18	c.sb x13, 18(x13)	0xaab4	0xe003	0xa000	c.sb
2	5555	c.sb	13	13	19	c.sb x13, 19(x13)	0xbab4	0xe003	0xa000	c.sb
2	5556	c.sb	13	13	20	c.sb x13, 20(x13)	0xaad4	0xe003	0xa000	c.sb
2	5557	c.sb	13	13	21	c.sb x13, 21(x13)	0xbad4	0xe003	0xa000	c.sb
2	5558	c.sb	13	13	22	c.sb x13, 22(x13)	0xaaf4	0xe003	0xa000	c.sb
2	5559	c.sb	13	13	23	c.sb x13, 23(x13)	0xbaf4	0xe003	0xa000	c.sb
2	5560	c.sb	13	13	24	c.sb x13, 24(x13)	0xae94	0xe003	0xa000	c.sb
2	5561	c.sb	13	13	25	c.sb x13, 25(x13)	0xbe94	0xe003	0xa000	c.sb
2	5562	c.sb	13	13	26	c.sb x13, 26(x13)	0xaeb4	0xe003	0xa000	c.sb
2	5563	c.sb	13	13	27	c.sb x13, 27(x13)	0xbeb4	0xe003	0xa000	c.sb
2	5564	c.sb	13	13	28	c.sb x13, 28(x13)	0xaed4	0xe003	0xa000	c.sb
2	5565	c.sb	13	13	29	c.sb x13, 29(x13)	0xbed4	0xe003	0xa000	c.sb
2	5566	c.sb	13	13	30	c.sb x13, 30(x13)	0xaef4	0xe003	0xa000	c.sb
2	5567	c.sb	13	13	31	c.sb x13, 31(x13)	0xbef4	0xe003	0xa000	c.sb
2	5568	c.sb	13	14	0	c.sb x13, 0(x14)	0xa314	0xe003	0xa000	c.sb
2	5569	c.sb	13	14	1	c.sb x13, 1(x14)	0xb314	0xe003	0xa000	c.sb
2	5570	c.sb	13	14	2	c.sb x13, 2(x14)	0xa334	0xe003	0xa000	c.sb
2	5571	c.sb	13	14	3	c.sb x13, 3(x14)	0xb334	0xe003	0xa000	c.sb
2	5572	c.sb	13	14	4	c.sb x13, 4(x14)	0xa354	0xe003	0xa000	c.sb
2	5573	c.sb	13	14	5	c.sb x13, 5(x14)	0xb354	0xe003	0xa000	c.sb
2	5574	c.sb	13	14	6	c.sb x13, 6(x14)	0xa374	0xe003	0xa000	c.sb
2	5575	c.sb	13	14	7	c.sb x13, 7(x14)	0xb374	0xe003	0xa000	c.sb
2	5576	c.sb	13	14	8	c.sb x13, 8(x14)	0xa714	0xe003	0xa000	c.sb
2	5577	c.sb	13	14	9	c.sb x13, 9(x14)	0xb714	0xe003	0xa000	c.sb
2	5578	c.sb	13	14	10	c.sb x13, 10(x14)	0xa734	0xe003	0xa000	c.sb
2	5579	c.sb	13	14	11	c.sb x13, 11(x14)	0xb734	0xe003	0xa000	c.sb
2	5580	c.sb	13	14	12	c.sb x13, 12(x14)	0xa754	0xe003	0xa000	c.sb
2	5581	c.sb	13	14	13	c.sb x13, 13(x14)	0xb754	0xe003	0xa000	c.sb
2	5582	c.sb	13	14	14	c.sb x13, 14(x14)	0xa774	0xe003	0xa000	c.sb
2	5583	c.sb	13	14	15	c.sb x13, 15(x14)	0xb774	0xe003	0xa000	c.sb
2	5584	c.sb	13	14	16	c.sb x13, 16(x14)	0xab14	0xe003	0xa000	c.sb
2	5585	c.sb	13	14	17	c.sb x13, 17(x14)	0xbb14	0xe003	0xa000	c.sb
2	5586	c.sb	13	14	18	c.sb x13, 18(x14)	0xab34	0xe003	0xa000	c.sb
2	5587	c.sb	13	14	19	c.sb x13, 19(x14)	0xbb34	0xe003	0xa000	c.sb
2	5588	c.sb	13	14	20	c.sb x13, 20(x14)	0xab54	0xe003	0xa000	c.sb
2	5589	c.sb	13	14	21	c.sb x13, 21(x14)	0xbb54	0xe003	0xa000	c.sb
2	5590	c.sb	13	14	22	c.sb x13, 22(x14)	0xab74	0xe003	0xa000	c.sb
2	5591	c.sb	13	14	23	c.sb x13, 23(x14)	0xbb74	0xe003	0xa000	c.sb
2	5592	c.sb	13	14	24	c.sb x13, 24(x14)	0xaf14	0xe003	0xa000	c.sb
2	5593	c.sb	13	14	25	c.sb x13, 25(x14)	0xbf14	0xe003	0xa000	c.sb
2	5594	c.sb	13	14	26	c.sb x13, 26(x14)	0xaf34	0xe003	0xa000	c.sb
2	5595	c.sb	13	14	27	c.sb x13, 27(x14)	0xbf34	0xe003	0xa000	c.sb
2	5596	c.sb	13	14	28	c.sb x13, 28(x14)	0xaf54	0xe003	0xa000	c.sb
2	5597	c.sb	13	14	29	c.sb x13, 29(x14)	0xbf54	0xe003	0xa000	c.sb
2	5598	c.sb	13	14	30	c.sb x13, 30(x14)	0xaf74	0xe003	0xa000	c.sb
2	5599	c.sb	13	14	31	c.sb x13, 31(x14)	0xbf74	0xe003	0xa000	c.sb
2	5600	c.sb	13	15	0	c.sb x13, 0(x15)	0xa394	0xe003	0xa000	c.sb
2	5601	c.sb	13	15	1	c.sb x13, 1(x15)	0xb394	0xe003	0xa000	c.sb
2	5602	c.sb	13	15	2	c.sb x13, 2(x15)	0xa3b4	0xe003	0xa000	c.sb
2	5603	c.sb	13	15	3	c.sb x13, 3(x15)	0xb3b4	0xe003	0xa000	c.sb
2	5604	c.sb	13	15	4	c.sb x13, 4(x15)	0xa3d4	0xe003	0xa000	c.sb
2	5605	c.sb	13	15	5	c.sb x13, 5(x15)	0xb3d4	0xe003	0xa000	c.sb
2	5606	c.sb	13	15	6	c.sb x13, 6(x15)	0xa3f4	0xe003	0xa000	c.sb
2	5607	c.sb	13	15	7	c.sb x13, 7(x15)	0xb3f4	0xe003	0xa000	c.sb
2	5608	c.sb	13	15	8	c.sb x13, 8(x15)	0xa794	0xe003	0xa000	c.sb
2	5609	c.sb	13	15	9	c.sb x13, 9(x15)	0xb794	0xe003	0xa000	c.sb
2	5610	c.sb	13	15	10	c.sb x13, 10(x15)	0xa7b4	0xe003	0xa000	c.sb
2	5611	c.sb	13	15	11	c.sb x13, 11(x15)	0xb7b4	0xe003	0xa000	c.sb
2	5612	c.sb	13	15	12	c.sb x13, 12(x15)	0xa7d4	0xe003	0xa000	c.sb
2	5613	c.sb	13	15	13	c.sb x13, 13(x15)	0xb7d4	0xe003	0xa000	c.sb
2	5614	c.sb	13	15	14	c.sb x13, 14(x15)	0xa7f4	0xe003	0xa000	c.sb
2	5615	c.sb	13	15	15	c.sb x13, 15(x15)	0xb7f4	0xe003	0xa000	c.sb
2	5616	c.sb	13	15	16	c.sb x13, 16(x15)	0xab94	0xe003	0xa000	c.sb
2	5617	c.sb	13	15	17	c.sb x13, 17(x15)	0xbb94	0xe003	0xa000	c.sb
2	5618	c.sb	13	15	18	c.sb x13, 18(x15)	0xabb4	0xe003	0xa000	c.sb
2	5619	c.sb	13	15	19	c.sb x13, 19(x15)	0xbbb4	0xe003	0xa000	c.sb
2	5620	c.sb	13	15	20	c.sb x13, 20(x15)	0xabd4	0xe003	0xa000	c.sb
2	5621	c.sb	13	15	21	c.sb x13, 21(x15)	0xbbd4	0xe003	0xa000	c.sb
2	5622	c.sb	13	15	22	c.sb x13, 22(x15)	0xabf4	0xe003	0xa000	c.sb
2	5623	c.sb	13	15	23	c.sb x13, 23(x15)	0xbbf4	0xe003	0xa000	c.sb
2	5624	c.sb	13	15	24	c.sb x13, 24(x15)	0xaf94	0xe003	0xa000	c.sb
2	5625	c.sb	13	15	25	c.sb x13, 25(x15)	0xbf94	0xe003	0xa000	c.sb
2	5626	c.sb	13	15	26	c.sb x13, 26(x15)	0xafb4	0xe003	0xa000	c.sb
2	5627	c.sb	13	15	27	c.sb x13, 27(x15)	0xbfb4	0xe003	0xa000	c.sb
2	5628	c.sb	13	15	28	c.sb x13, 28(x15)	0xafd4	0xe003	0xa000	c.sb
2	5629	c.sb	13	15	29	c.sb x13, 29(x15)	0xbfd4	0xe003	0xa000	c.sb
2	5630	c.sb	13	15	30	c.sb x13, 30(x15)	0xaff4	0xe003	0xa000	c.sb
2	5631	c.sb	13	15	31	c.sb x13, 31(x15)	0xbff4	0xe003	0xa000	c.sb
2	5632	c.sb	14	8	0	c.sb x14, 0(x8)	0xa018	0xe003	0xa000	c.sb
2	5633	c.sb	14	8	1	c.sb x14, 1(x8)	0xb018	0xe003	0xa000	c.sb
2	5634	c.sb	14	8	2	c.sb x14, 2(x8)	0xa038	0xe003	0xa000	c.sb
2	5635	c.sb	14	8	3	c.sb x14, 3(x8)	0xb038	0xe003	0xa000	c.sb
2	5636	c.sb	14	8	4	c.sb x14, 4(x8)	0xa058	0xe003	0xa000	c.sb
2	5637	c.sb	14	8	5	c.sb x14, 5(x8)	0xb058	0xe003	0xa000	c.sb
2	5638	c.sb	14	8	6	c.sb x14, 6(x8)	0xa078	0xe003	0xa000	c.sb
2	5639	c.sb	14	8	7	c.sb x14, 7(x8)	0xb078	0xe003	0xa000	c.sb
2	5640	c.sb	14	8	8	c.sb x14, 8(x8)	0xa418	0xe003	0xa000	c.sb
2	5641	c.sb	14	8	9	c.sb x14, 9(x8)	0xb418	0xe003	0xa000	c.sb
2	5642	c.sb	14	8	10	c.sb x14, 10(x8)	0xa438	0xe003	0xa000	c.sb
2	5643	c.sb	14	8	11	c.sb x14, 11(x8)	0xb438	0xe003	0xa000	c.sb
2	5644	c.sb	14	8	12	c.sb x14, 12(x8)	0xa458	0xe003	0xa000	c.sb
2	5645	c.sb	14	8	13	c.sb x14, 13(x8)	0xb458	0xe003	0xa000	c.sb
2	5646	c.sb	14	8	14	c.sb x14, 14(x8)	0xa478	0xe003	0xa000	c.sb
2	5647	c.sb	14	8	15	c.sb x14, 15(x8)	0xb478	0xe003	0xa000	c.sb
2	5648	c.sb	14	8	16	c.sb x14, 16(x8)	0xa818	0xe003	0xa000	c.sb
2	5649	c.sb	14	8	17	c.sb x14, 17(x8)	0xb818	0xe003	0xa000	c.sb
2	5650	c.sb	14	8	18	c.sb x14, 18(x8)	0xa838	0xe003	0xa000	c.sb
2	5651	c.sb	14	8	19	c.sb x14, 19(x8)	0xb838	0xe003	0xa000	c.sb
2	5652	c.sb	14	8	20	c.sb x14, 20(x8)	0xa858	0xe003	0xa000	c.sb
2	5653	c.sb	14	8	21	c.sb x14, 21(x8)	0xb858	0xe003	0xa000	c.sb
2	5654	c.sb	14	8	22	c.sb x14, 22(x8)	0xa878	0xe003	0xa000	c.sb
2	5655	c.sb	14	8	23	c.sb x14, 23(x8)	0xb878	0xe003	0xa000	c.sb
2	5656	c.sb	14	8	24	c.sb x14, 24(x8)	0xac18	0xe003	0xa000	c.sb
2	5657	c.sb	14	8	25	c.sb x14, 25(x8)	0xbc18	0xe003	0xa000	c.sb
2	5658	c.sb	14	8	26	c.sb x14, 26(x8)	0xac38	0xe003	0xa000	c.sb
2	5659	c.sb	14	8	27	c.sb x14, 27(x8)	0xbc38	0xe003	0xa000	c.sb
2	5660	c.sb	14	8	28	c.sb x14, 28(x8)	0xac58	0xe003	0xa000	c.sb
2	5661	c.sb	14	8	29	c.sb x14, 29(x8)	0xbc58	0xe003	0xa000	c.sb
2	5662	c.sb	14	8	30	c.sb x14, 30(x8)	0xac78	0xe003	0xa000	c.sb
2	5663	c.sb	14	8	31	c.sb x14, 31(x8)	0xbc78	0xe003	0xa000	c.sb
2	5664	c.sb	14	9	0	c.sb x14, 0(x9)	0xa098	0xe003	0xa000	c.sb
2	5665	c.sb	14	9	1	c.sb x14, 1(x9)	0xb098	0xe003	0xa000	c.sb
2	5666	c.sb	14	9	2	c.sb x14, 2(x9)	0xa0b8	0xe003	0xa000	c.sb
2	5667	c.sb	14	9	3	c.sb x14, 3(x9)	0xb0b8	0xe003	0xa000	c.sb
2	5668	c.sb	14	9	4	c.sb x14, 4(x9)	0xa0d8	0xe003	0xa000	c.sb
2	5669	c.sb	14	9	5	c.sb x14, 5(x9)	0xb0d8	0xe003	0xa000	c.sb
2	5670	c.sb	14	9	6	c.sb x14, 6(x9)	0xa0f8	0xe003	0xa000	c.sb
2	5671	c.sb	14	9	7	c.sb x14, 7(x9)	0xb0f8	0xe003	0xa000	c.sb
2	5672	c.sb	14	9	8	c.sb x14, 8(x9)	0xa498	0xe003	0xa000	c.sb
2	5673	c.sb	14	9	9	c.sb x14, 9(x9)	0xb498	0xe003	0xa000	c.sb
2	5674	c.sb	14	9	10	c.sb x14, 10(x9)	0xa4b8	0xe003	0xa000	c.sb
2	5675	c.sb	14	9	11	c.sb x14, 11(x9)	0xb4b8	0xe003	0xa000	c.sb
2	5676	c.sb	14	9	12	c.sb x14, 12(x9)	0xa4d8	0xe003	0xa000	c.sb
2	5677	c.sb	14	9	13	c.sb x14, 13(x9)	0xb4d8	0xe003	0xa000	c.sb
2	5678	c.sb	14	9	14	c.sb x14, 14(x9)	0xa4f8	0xe003	0xa000	c.sb
2	5679	c.sb	14	9	15	c.sb x14, 15(x9)	0xb4f8	0xe003	0xa000	c.sb
2	5680	c.sb	14	9	16	c.sb x14, 16(x9)	0xa898	0xe003	0xa000	c.sb
2	5681	c.sb	14	9	17	c.sb x14, 17(x9)	0xb898	0xe003	0xa000	c.sb
2	5682	c.sb	14	9	18	c.sb x14, 18(x9)	0xa8b8	0xe003	0xa000	c.sb
2	5683	c.sb	14	9	19	c.sb x14, 19(x9)	0xb8b8	0xe003	0xa000	c.sb
2	5684	c.sb	14	9	20	c.sb x14, 20(x9)	0xa8d8	0xe003	0xa000	c.sb
2	5685	c.sb	14	9	21	c.sb x14, 21(x9)	0xb8d8	0xe003	0xa000	c.sb
2	5686	c.sb	14	9	22	c.sb x14, 22(x9)	0xa8f8	0xe003	0xa000	c.sb
2	5687	c.sb	14	9	23	c.sb x14, 23(x9)	0xb8f8	0xe003	0xa000	c.sb
2	5688	c.sb	14	9	24	c.sb x14, 24(x9)	0xac98	0xe003	0xa000	c.sb
2	5689	c.sb	14	9	25	c.sb x14, 25(x9)	0xbc98	0xe003	0xa000	c.sb
2	5690	c.sb	14	9	26	c.sb x14, 26(x9)	0xacb8	0xe003	0xa000	c.sb
2	5691	c.sb	14	9	27	c.sb x14, 27(x9)	0xbcb8	0xe003	0xa000	c.sb
2	5692	c.sb	14	9	28	c.sb x14, 28(x9)	0xacd8	0xe003	0xa000	c.sb
2	5693	c.sb	14	9	29	c.sb x14, 29(x9)	0xbcd8	0xe003	0xa000	c.sb
2	5694	c.sb	14	9	30	c.sb x14, 30(x9)	0xacf8	0xe003	0xa000	c.sb
2	5695	c.sb	14	9	31	c.sb x14, 31(x9)	0xbcf8	0xe003	0xa000	c.sb
2	5696	c.sb	14	10	0	c.sb x14, 0(x10)	0xa118	0xe003	0xa000	c.sb
2	5697	c.sb	14	10	1	c.sb x14, 1(x10)	0xb118	0xe003	0xa000	c.sb
2	5698	c.sb	14	10	2	c.sb x14, 2(x10)	0xa138	0xe003	0xa000	c.sb
2	5699	c.sb	14	10	3	c.sb x14, 3(x10)	0xb138	0xe003	0xa000	c.sb
2	5700	c.sb	14	10	4	c.sb x14, 4(x10)	0xa158	0xe003	0xa000	c.sb
2	5701	c.sb	14	10	5	c.sb x14, 5(x10)	0xb158	0xe003	0xa000	c.sb
2	5702	c.sb	14	10	6	c.sb x14, 6(x10)	0xa178	0xe003	0xa000	c.sb
2	5703	c.sb	14	10	7	c.sb x14, 7(x10)	0xb178	0xe003	0xa000	c.sb
2	5704	c.sb	14	10	8	c.sb x14, 8(x10)	0xa518	0xe003	0xa000	c.sb
2	5705	c.sb	14	10	9	c.sb x14, 9(x10)	0xb518	0xe003	0xa000	c.sb
2	5706	c.sb	14	10	10	c.sb x14, 10(x10)	0xa538	0xe003	0xa000	c.sb
2	5707	c.sb	14	10	11	c.sb x14, 11(x10)	0xb538	0xe003	0xa000	c.sb
2	5708	c.sb	14	10	12	c.sb x14, 12(x10)	0xa558	0xe003	0xa000	c.sb
2	5709	c.sb	14	10	13	c.sb x14, 13(x10)	0xb558	0xe003	0xa000	c.sb
2	5710	c.sb	14	10	14	c.sb x14, 14(x10)	0xa578	0xe003	0xa000	c.sb
2	5711	c.sb	14	10	15	c.sb x14, 15(x10)	0xb578	0xe003	0xa000	c.sb
2	5712	c.sb	14	10	16	c.sb x14, 16(x10)	0xa918	0xe003	0xa000	c.sb
2	5713	c.sb	14	10	17	c.sb x14, 17(x10)	0xb918	0xe003	0xa000	c.sb
2	5714	c.sb	14	10	18	c.sb x14, 18(x10)	0xa938	0xe003	0xa000	c.sb
2	5715	c.sb	14	10	19	c.sb x14, 19(x10)	0xb938	0xe003	0xa000	c.sb
2	5716	c.sb	14	10	20	c.sb x14, 20(x10)	0xa958	0xe003	0xa000	c.sb
2	5717	c.sb	14	10	21	c.sb x14, 21(x10)	0xb958	0xe003	0xa000	c.sb
2	5718	c.sb	14	10	22	c.sb x14, 22(x10)	0xa978	0xe003	0xa000	c.sb
2	5719	c.sb	14	10	23	c.sb x14, 23(x10)	0xb978	0xe003	0xa000	c.sb
2	5720	c.sb	14	10	24	c.sb x14, 24(x10)	0xad18	0xe003	0xa000	c.sb
2	5721	c.sb	14	10	25	c.sb x14, 25(x10)	0xbd18	0xe003	0xa000	c.sb
2	5722	c.sb	14	10	26	c.sb x14, 26(x10)	0xad38	0xe003	0xa000	c.sb
2	5723	c.sb	14	10	27	c.sb x14, 27(x10)	0xbd38	0xe003	0xa000	c.sb
2	5724	c.sb	14	10	28	c.sb x14, 28(x10)	0xad58	0xe003	0xa000	c.sb
2	5725	c.sb	14	10	29	c.sb x14, 29(x10)	0xbd58	0xe003	0xa000	c.sb
2	5726	c.sb	14	10	30	c.sb x14, 30(x10)	0xad78	0xe003	0xa000	c.sb
2	5727	c.sb	14	10	31	c.sb x14, 31(x10)	0xbd78	0xe003	0xa000	c.sb
2	5728	c.sb	14	11	0	c.sb x14, 0(x11)	0xa198	0xe003	0xa000	c.sb
2	5729	c.sb	14	11	1	c.sb x14, 1(x11)	0xb198	0xe003	0xa000	c.sb
2	5730	c.sb	14	11	2	c.sb x14, 2(x11)	0xa1b8	0xe003	0xa000	c.sb
2	5731	c.sb	14	11	3	c.sb x14, 3(x11)	0xb1b8	0xe003	0xa000	c.sb
2	5732	c.sb	14	11	4	c.sb x14, 4(x11)	0xa1d8	0xe003	0xa000	c.sb
2	5733	c.sb	14	11	5	c.sb x14, 5(x11)	0xb1d8	0xe003	0xa000	c.sb
2	5734	c.sb	14	11	6	c.sb x14, 6(x11)	0xa1f8	0xe003	0xa000	c.sb
2	5735	c.sb	14	11	7	c.sb x14, 7(x11)	0xb1f8	0xe003	0xa000	c.sb
2	5736	c.sb	14	11	8	c.sb x14, 8(x11)	0xa598	0xe003	0xa000	c.sb
2	5737	c.sb	14	11	9	c.sb x14, 9(x11)	0xb598	0xe003	0xa000	c.sb
2	5738	c.sb	14	11	10	c.sb x14, 10(x11)	0xa5b8	0xe003	0xa000	c.sb
2	5739	c.sb	14	11	11	c.sb x14, 11(x11)	0xb5b8	0xe003	0xa000	c.sb
2	5740	c.sb	14	11	12	c.sb x14, 12(x11)	0xa5d8	0xe003	0xa000	c.sb
2	5741	c.sb	14	11	13	c.sb x14, 13(x11)	0xb5d8	0xe003	0xa000	c.sb
2	5742	c.sb	14	11	14	c.sb x14, 14(x11)	0xa5f8	0xe003	0xa000	c.sb
2	5743	c.sb	14	11	15	c.sb x14, 15(x11)	0xb5f8	0xe003	0xa000	c.sb
2	5744	c.sb	14	11	16	c.sb x14, 16(x11)	0xa998	0xe003	0xa000	c.sb
2	5745	c.sb	14	11	17	c.sb x14, 17(x11)	0xb998	0xe003	0xa000	c.sb
2	5746	c.sb	14	11	18	c.sb x14, 18(x11)	0xa9b8	0xe003	0xa000	c.sb
2	5747	c.sb	14	11	19	c.sb x14, 19(x11)	0xb9b8	0xe003	0xa000	c.sb
2	5748	c.sb	14	11	20	c.sb x14, 20(x11)	0xa9d8	0xe003	0xa000	c.sb
2	5749	c.sb	14	11	21	c.sb x14, 21(x11)	0xb9d8	0xe003	0xa000	c.sb
2	5750	c.sb	14	11	22	c.sb x14, 22(x11)	0xa9f8	0xe003	0xa000	c.sb
2	5751	c.sb	14	11	23	c.sb x14, 23(x11)	0xb9f8	0xe003	0xa000	c.sb
2	5752	c.sb	14	11	24	c.sb x14, 24(x11)	0xad98	0xe003	0xa000	c.sb
2	5753	c.sb	14	11	25	c.sb x14, 25(x11)	0xbd98	0xe003	0xa000	c.sb
2	5754	c.sb	14	11	26	c.sb x14, 26(x11)	0xadb8	0xe003	0xa000	c.sb
2	5755	c.sb	14	11	27	c.sb x14, 27(x11)	0xbdb8	0xe003	0xa000	c.sb
2	5756	c.sb	14	11	28	c.sb x14, 28(x11)	0xadd8	0xe003	0xa000	c.sb
2	5757	c.sb	14	11	29	c.sb x14, 29(x11)	0xbdd8	0xe003	0xa000	c.sb
2	5758	c.sb	14	11	30	c.sb x14, 30(x11)	0xadf8	0xe003	0xa000	c.sb
2	5759	c.sb	14	11	31	c.sb x14, 31(x11)	0xbdf8	0xe003	0xa000	c.sb
2	5760	c.sb	14	12	0	c.sb x14, 0(x12)	0xa218	0xe003	0xa000	c.sb
2	5761	c.sb	14	12	1	c.sb x14, 1(x12)	0xb218	0xe003	0xa000	c.sb
2	5762	c.sb	14	12	2	c.sb x14, 2(x12)	0xa238	0xe003	0xa000	c.sb
2	5763	c.sb	14	12	3	c.sb x14, 3(x12)	0xb238	0xe003	0xa000	c.sb
2	5764	c.sb	14	12	4	c.sb x14, 4(x12)	0xa258	0xe003	0xa000	c.sb
2	5765	c.sb	14	12	5	c.sb x14, 5(x12)	0xb258	0xe003	0xa000	c.sb
2	5766	c.sb	14	12	6	c.sb x14, 6(x12)	0xa278	0xe003	0xa000	c.sb
2	5767	c.sb	14	12	7	c.sb x14, 7(x12)	0xb278	0xe003	0xa000	c.sb
2	5768	c.sb	14	12	8	c.sb x14, 8(x12)	0xa618	0xe003	0xa000	c.sb
2	5769	c.sb	14	12	9	c.sb x14, 9(x12)	0xb618	0xe003	0xa000	c.sb
2	5770	c.sb	14	12	10	c.sb x14, 10(x12)	0xa638	0xe003	0xa000	c.sb
2	5771	c.sb	14	12	11	c.sb x14, 11(x12)	0xb638	0xe003	0xa000	c.sb
2	5772	c.sb	14	12	12	c.sb x14, 12(x12)	0xa658	0xe003	0xa000	c.sb
2	5773	c.sb	14	12	13	c.sb x14, 13(x12)	0xb658	0xe003	0xa000	c.sb
2	5774	c.sb	14	12	14	c.sb x14, 14(x12)	0xa678	0xe003	0xa000	c.sb
2	5775	c.sb	14	12	15	c.sb x14, 15(x12)	0xb678	0xe003	0xa000	c.sb
2	5776	c.sb	14	12	16	c.sb x14, 16(x12)	0xaa18	0xe003	0xa000	c.sb
2	5777	c.sb	14	12	17	c.sb x14, 17(x12)	0xba18	0xe003	0xa000	c.sb
2	5778	c.sb	14	12	18	c.sb x14, 18(x12)	0xaa38	0xe003	0xa000	c.sb
2	5779	c.sb	14	12	19	c.sb x14, 19(x12)	0xba38	0xe003	0xa000	c.sb
2	5780	c.sb	14	12	20	c.sb x14, 20(x12)	0xaa58	0xe003	0xa000	c.sb
2	5781	c.sb	14	12	21	c.sb x14, 21(x12)	0xba58	0xe003	0xa000	c.sb
2	5782	c.sb	14	12	22	c.sb x14, 22(x12)	0xaa78	0xe003	0xa000	c.sb
2	5783	c.sb	14	12	23	c.sb x14, 23(x12)	0xba78	0xe003	0xa000	c.sb
2	5784	c.sb	14	12	24	c.sb x14, 24(x12)	0xae18	0xe003	0xa000	c.sb
2	5785	c.sb	14	12	25	c.sb x14, 25(x12)	0xbe18	0xe003	0xa000	c.sb
2	5786	c.sb	14	12	26	c.sb x14, 26(x12)	0xae38	0xe003	0xa000	c.sb
2	5787	c.sb	14	12	27	c.sb x14, 27(x12)	0xbe38	0xe003	0xa000	c.sb
2	5788	c.sb	14	12	28	c.sb x14, 28(x12)	0xae58	0xe003	0xa000	c.sb
2	5789	c.sb	14	12	29	c.sb x14, 29(x12)	0xbe58	0xe003	0xa000	c.sb
2	5790	c.sb	14	12	30	c.sb x14, 30(x12)	0xae78	0xe003	0xa000	c.sb
2	5791	c.sb	14	12	31	c.sb x14, 31(x12)	0xbe78	0xe003	0xa000	c.sb
2	5792	c.sb	14	13	0	c.sb x14, 0(x13)	0xa298	0xe003	0xa000	c.sb
2	5793	c.sb	14	13	1	c.sb x14, 1(x13)	0xb298	0xe003	0xa000	c.sb
2	5794	c.sb	14	13	2	c.sb x14, 2(x13)	0xa2b8	0xe003	0xa000	c.sb
2	5795	c.sb	14	13	3	c.sb x14, 3(x13)	0xb2b8	0xe003	0xa000	c.sb
2	5796	c.sb	14	13	4	c.sb x14, 4(x13)	0xa2d8	0xe003	0xa000	c.sb
2	5797	c.sb	14	13	5	c.sb x14, 5(x13)	0xb2d8	0xe003	0xa000	c.sb
2	5798	c.sb	14	13	6	c.sb x14, 6(x13)	0xa2f8	0xe003	0xa000	c.sb
2	5799	c.sb	14	13	7	c.sb x14, 7(x13)	0xb2f8	0xe003	0xa000	c.sb
2	5800	c.sb	14	13	8	c.sb x14, 8(x13)	0xa698	0xe003	0xa000	c.sb
2	5801	c.sb	14	13	9	c.sb x14, 9(x13)	0xb698	0xe003	0xa000	c.sb
2	5802	c.sb	14	13	10	c.sb x14, 10(x13)	0xa6b8	0xe003	0xa000	c.sb
2	5803	c.sb	14	13	11	c.sb x14, 11(x13)	0xb6b8	0xe003	0xa000	c.sb
2	5804	c.sb	14	13	12	c.sb x14, 12(x13)	0xa6d8	0xe003	0xa000	c.sb
2	5805	c.sb	14	13	13	c.sb x14, 13(x13)	0xb6d8	0xe003	0xa000	c.sb
2	5806	c.sb	14	13	14	c.sb x14, 14(x13)	0xa6f8	0xe003	0xa000	c.sb
2	5807	c.sb	14	13	15	c.sb x14, 15(x13)	0xb6f8	0xe003	0xa000	c.sb
2	5808	c.sb	14	13	16	c.sb x14, 16(x13)	0xaa98	0xe003	0xa000	c.sb
2	5809	c.sb	14	13	17	c.sb x14, 17(x13)	0xba98	0xe003	0xa000	c.sb
2	5810	c.sb	14	13	18	c.sb x14, 18(x13)	0xaab8	0xe003	0xa000	c.sb
2	5811	c.sb	14	13	19	c.sb x14, 19(x13)	0xbab8	0xe003	0xa000	c.sb
2	5812	c.sb	14	13	20	c.sb x14, 20(x13)	0xaad8	0xe003	0xa000	c.sb
2	5813	c.sb	14	13	21	c.sb x14, 21(x13)	0xbad8	0xe003	0xa000	c.sb
2	5814	c.sb	14	13	22	c.sb x14, 22(x13)	0xaaf8	0xe003	0xa000	c.sb
2	5815	c.sb	14	13	23	c.sb x14, 23(x13)	0xbaf8	0xe003	0xa000	c.sb
2	5816	c.sb	14	13	24	c.sb x14, 24(x13)	0xae98	0xe003	0xa000	c.sb
2	5817	c.sb	14	13	25	c.sb x14, 25(x13)	0xbe98	0xe003	0xa000	c.sb
2	5818	c.sb	14	13	26	c.sb x14, 26(x13)	0xaeb8	0xe003	0xa000	c.sb
2	5819	c.sb	14	13	27	c.sb x14, 27(x13)	0xbeb8	0xe003	0xa000	c.sb
2	5820	c.sb	14	13	28	c.sb x14, 28(x13)	0xaed8	0xe003	0xa000	c.sb
2	5821	c.sb	14	13	29	c.sb x14, 29(x13)	0xbed8	0xe003	0xa000	c.sb
2	5822	c.sb	14	13	30	c.sb x14, 30(x13)	0xaef8	0xe003	0xa000	c.sb
2	5823	c.sb	14	13	31	c.sb x14, 31(x13)	0xbef8	0xe003	0xa000	c.sb
2	5824	c.sb	14	14	0	c.sb x14, 0(x14)	0xa318	0xe003	0xa000	c.sb
2	5825	c.sb	14	14	1	c.sb x14, 1(x14)	0xb318	0xe003	0xa000	c.sb
2	5826	c.sb	14	14	2	c.sb x14, 2(x14)	0xa338	0xe003	0xa000	c.sb
2	5827	c.sb	14	14	3	c.sb x14, 3(x14)	0xb338	0xe003	0xa000	c.sb
2	5828	c.sb	14	14	4	c.sb x14, 4(x14)	0xa358	0xe003	0xa000	c.sb
2	5829	c.sb	14	14	5	c.sb x14, 5(x14)	0xb358	0xe003	0xa000	c.sb
2	5830	c.sb	14	14	6	c.sb x14, 6(x14)	0xa378	0xe003	0xa000	c.sb
2	5831	c.sb	14	14	7	c.sb x14, 7(x14)	0xb378	0xe003	0xa000	c.sb
2	5832	c.sb	14	14	8	c.sb x14, 8(x14)	0xa718	0xe003	0xa000	c.sb
2	5833	c.sb	14	14	9	c.sb x14, 9(x14)	0xb718	0xe003	0xa000	c.sb
2	5834	c.sb	14	14	10	c.sb x14, 10(x14)	0xa738	0xe003	0xa000	c.sb
2	5835	c.sb	14	14	11	c.sb x14, 11(x14)	0xb738	0xe003	0xa000	c.sb
2	5836	c.sb	14	14	12	c.sb x14, 12(x14)	0xa758	0xe003	0xa000	c.sb
2	5837	c.sb	14	14	13	c.sb x14, 13(x14)	0xb758	0xe003	0xa000	c.sb
2	5838	c.sb	14	14	14	c.sb x14, 14(x14)	0xa778	0xe003	0xa000	c.sb
2	5839	c.sb	14	14	15	c.sb x14, 15(x14)	0xb778	0xe003	0xa000	c.sb
2	5840	c.sb	14	14	16	c.sb x14, 16(x14)	0xab18	0xe003	0xa000	c.sb
2	5841	c.sb	14	14	17	c.sb x14, 17(x14)	0xbb18	0xe003	0xa000	c.sb
2	5842	c.sb	14	14	18	c.sb x14, 18(x14)	0xab38	0xe003	0xa000	c.sb
2	5843	c.sb	14	14	19	c.sb x14, 19(x14)	0xbb38	0xe003	0xa000	c.sb
2	5844	c.sb	14	14	20	c.sb x14, 20(x14)	0xab58	0xe003	0xa000	c.sb
2	5845	c.sb	14	14	21	c.sb x14, 21(x14)	0xbb58	0xe003	0xa000	c.sb
2	5846	c.sb	14	14	22	c.sb x14, 22(x14)	0xab78	0xe003	0xa000	c.sb
2	5847	c.sb	14	14	23	c.sb x14, 23(x14)	0xbb78	0xe003	0xa000	c.sb
2	5848	c.sb	14	14	24	c.sb x14, 24(x14)	0xaf18	0xe003	0xa000	c.sb
2	5849	c.sb	14	14	25	c.sb x14, 25(x14)	0xbf18	0xe003	0xa000	c.sb
2	5850	c.sb	14	14	26	c.sb x14, 26(x14)	0xaf38	0xe003	0xa000	c.sb
2	5851	c.sb	14	14	27	c.sb x14, 27(x14)	0xbf38	0xe003	0xa000	c.sb
2	5852	c.sb	14	14	28	c.sb x14, 28(x14)	0xaf58	0xe003	0xa000	c.sb
2	5853	c.sb	14	14	29	c.sb x14, 29(x14)	0xbf58	0xe003	0xa000	c.sb
2	5854	c.sb	14	14	30	c.sb x14, 30(x14)	0xaf78	0xe003	0xa000	c.sb
2	5855	c.sb	14	14	31	c.sb x14, 31(x14)	0xbf78	0xe003	0xa000	c.sb
2	5856	c.sb	14	15	0	c.sb x14, 0(x15)	0xa398	0xe003	0xa000	c.sb
2	5857	c.sb	14	15	1	c.sb x14, 1(x15)	0xb398	0xe003	0xa000	c.sb
2	5858	c.sb	14	15	2	c.sb x14, 2(x15)	0xa3b8	0xe003	0xa000	c.sb
2	5859	c.sb	14	15	3	c.sb x14, 3(x15)	0xb3b8	0xe003	0xa000	c.sb
2	5860	c.sb	14	15	4	c.sb x14, 4(x15)	0xa3d8	0xe003	0xa000	c.sb
2	5861	c.sb	14	15	5	c.sb x14, 5(x15)	0xb3d8	0xe003	0xa000	c.sb
2	5862	c.sb	14	15	6	c.sb x14, 6(x15)	0xa3f8	0xe003	0xa000	c.sb
2	5863	c.sb	14	15	7	c.sb x14, 7(x15)	0xb3f8	0xe003	0xa000	c.sb
2	5864	c.sb	14	15	8	c.sb x14, 8(x15)	0xa798	0xe003	0xa000	c.sb
2	5865	c.sb	14	15	9	c.sb x14, 9(x15)	0xb798	0xe003	0xa000	c.sb
2	5866	c.sb	14	15	10	c.sb x14, 10(x15)	0xa7b8	0xe003	0xa000	c.sb
2	5867	c.sb	14	15	11	c.sb x14, 11(x15)	0xb7b8	0xe003	0xa000	c.sb
2	5868	c.sb	14	15	12	c.sb x14, 12(x15)	0xa7d8	0xe003	0xa000	c.sb
2	5869	c.sb	14	15	13	c.sb x14, 13(x15)	0xb7d8	0xe003	0xa000	c.sb
2	5870	c.sb	14	15	14	c.sb x14, 14(x15)	0xa7f8	0xe003	0xa000	c.sb
2	5871	c.sb	14	15	15	c.sb x14, 15(x15)	0xb7f8	0xe003	0xa000	c.sb
2	5872	c.sb	14	15	16	c.sb x14, 16(x15)	0xab98	0xe003	0xa000	c.sb
2	5873	c.sb	14	15	17	c.sb x14, 17(x15)	0xbb98	0xe003	0xa000	c.sb
2	5874	c.sb	14	15	18	c.sb x14, 18(x15)	0xabb8	0xe003	0xa000	c.sb
2	5875	c.sb	14	15	19	c.sb x14, 19(x15)	0xbbb8	0xe003	0xa000	c.sb
2	5876	c.sb	14	15	20	c.sb x14, 20(x15)	0xabd8	0xe003	0xa000	c.sb
2	5877	c.sb	14	15	21	c.sb x14, 21(x15)	0xbbd8	0xe003	0xa000	c.sb
2	5878	c.sb	14	15	22	c.sb x14, 22(x15)	0xabf8	0xe003	0xa000	c.sb
2	5879	c.sb	14	15	23	c.sb x14, 23(x15)	0xbbf8	0xe003	0xa000	c.sb
2	5880	c.sb	14	15	24	c.sb x14, 24(x15)	0xaf98	0xe003	0xa000	c.sb
2	5881	c.sb	14	15	25	c.sb x14, 25(x15)	0xbf98	0xe003	0xa000	c.sb
2	5882	c.sb	14	15	26	c.sb x14, 26(x15)	0xafb8	0xe003	0xa000	c.sb
2	5883	c.sb	14	15	27	c.sb x14, 27(x15)	0xbfb8	0xe003	0xa000	c.sb
2	5884	c.sb	14	15	28	c.sb x14, 28(x15)	0xafd8	0xe003	0xa000	c.sb
2	5885	c.sb	14	15	29	c.sb x14, 29(x15)	0xbfd8	0xe003	0xa000	c.sb
2	5886	c.sb	14	15	30	c.sb x14, 30(x15)	0xaff8	0xe003	0xa000	c.sb
2	5887	c.sb	14	15	31	c.sb x14, 31(x15)	0xbff8	0xe003	0xa000	c.sb
2	5888	c.sb	15	8	0	c.sb x15, 0(x8)	0xa01c	0xe003	0xa000	c.sb
2	5889	c.sb	15	8	1	c.sb x15, 1(x8)	0xb01c	0xe003	0xa000	c.sb
2	5890	c.sb	15	8	2	c.sb x15, 2(x8)	0xa03c	0xe003	0xa000	c.sb
2	5891	c.sb	15	8	3	c.sb x15, 3(x8)	0xb03c	0xe003	0xa000	c.sb
2	5892	c.sb	15	8	4	c.sb x15, 4(x8)	0xa05c	0xe003	0xa000	c.sb
2	5893	c.sb	15	8	5	c.sb x15, 5(x8)	0xb05c	0xe003	0xa000	c.sb
2	5894	c.sb	15	8	6	c.sb x15, 6(x8)	0xa07c	0xe003	0xa000	c.sb
2	5895	c.sb	15	8	7	c.sb x15, 7(x8)	0xb07c	0xe003	0xa000	c.sb
2	5896	c.sb	15	8	8	c.sb x15, 8(x8)	0xa41c	0xe003	0xa000	c.sb
2	5897	c.sb	15	8	9	c.sb x15, 9(x8)	0xb41c	0xe003	0xa000	c.sb
2	5898	c.sb	15	8	10	c.sb x15, 10(x8)	0xa43c	0xe003	0xa000	c.sb
2	5899	c.sb	15	8	11	c.sb x15, 11(x8)	0xb43c	0xe003	0xa000	c.sb
2	5900	c.sb	15	8	12	c.sb x15, 12(x8)	0xa45c	0xe003	0xa000	c.sb
2	5901	c.sb	15	8	13	c.sb x15, 13(x8)	0xb45c	0xe003	0xa000	c.sb
2	5902	c.sb	15	8	14	c.sb x15, 14(x8)	0xa47c	0xe003	0xa000	c.sb
2	5903	c.sb	15	8	15	c.sb x15, 15(x8)	0xb47c	0xe003	0xa000	c.sb
2	5904	c.sb	15	8	16	c.sb x15, 16(x8)	0xa81c	0xe003	0xa000	c.sb
2	5905	c.sb	15	8	17	c.sb x15, 17(x8)	0xb81c	0xe003	0xa000	c.sb
2	5906	c.sb	15	8	18	c.sb x15, 18(x8)	0xa83c	0xe003	0xa000	c.sb
2	5907	c.sb	15	8	19	c.sb x15, 19(x8)	0xb83c	0xe003	0xa000	c.sb
2	5908	c.sb	15	8	20	c.sb x15, 20(x8)	0xa85c	0xe003	0xa000	c.sb
2	5909	c.sb	15	8	21	c.sb x15, 21(x8)	0xb85c	0xe003	0xa000	c.sb
2	5910	c.sb	15	8	22	c.sb x15, 22(x8)	0xa87c	0xe003	0xa000	c.sb
2	5911	c.sb	15	8	23	c.sb x15, 23(x8)	0xb87c	0xe003	0xa000	c.sb
2	5912	c.sb	15	8	24	c.sb x15, 24(x8)	0xac1c	0xe003	0xa000	c.sb
2	5913	c.sb	15	8	25	c.sb x15, 25(x8)	0xbc1c	0xe003	0xa000	c.sb
2	5914	c.sb	15	8	26	c.sb x15, 26(x8)	0xac3c	0xe003	0xa000	c.sb
2	5915	c.sb	15	8	27	c.sb x15, 27(x8)	0xbc3c	0xe003	0xa000	c.sb
2	5916	c.sb	15	8	28	c.sb x15, 28(x8)	0xac5c	0xe003	0xa000	c.sb
2	5917	c.sb	15	8	29	c.sb x15, 29(x8)	0xbc5c	0xe003	0xa000	c.sb
2	5918	c.sb	15	8	30	c.sb x15, 30(x8)	0xac7c	0xe003	0xa000	c.sb
2	5919	c.sb	15	8	31	c.sb x15, 31(x8)	0xbc7c	0xe003	0xa000	c.sb
2	5920	c.sb	15	9	0	c.sb x15, 0(x9)	0xa09c	0xe003	0xa000	c.sb
2	5921	c.sb	15	9	1	c.sb x15, 1(x9)	0xb09c	0xe003	0xa000	c.sb
2	5922	c.sb	15	9	2	c.sb x15, 2(x9)	0xa0bc	0xe003	0xa000	c.sb
2	5923	c.sb	15	9	3	c.sb x15, 3(x9)	0xb0bc	0xe003	0xa000	c.sb
2	5924	c.sb	15	9	4	c.sb x15, 4(x9)	0xa0dc	0xe003	0xa000	c.sb
2	5925	c.sb	15	9	5	c.sb x15, 5(x9)	0xb0dc	0xe003	0xa000	c.sb
2	5926	c.sb	15	9	6	c.sb x15, 6(x9)	0xa0fc	0xe003	0xa000	c.sb
2	5927	c.sb	15	9	7	c.sb x15, 7(x9)	0xb0fc	0xe003	0xa000	c.sb
2	5928	c.sb	15	9	8	c.sb x15, 8(x9)	0xa49c	0xe003	0xa000	c.sb
2	5929	c.sb	15	9	9	c.sb x15, 9(x9)	0xb49c	0xe003	0xa000	c.sb
2	5930	c.sb	15	9	10	c.sb x15, 10(x9)	0xa4bc	0xe003	0xa000	c.sb
2	5931	c.sb	15	9	11	c.sb x15, 11(x9)	0xb4bc	0xe003	0xa000	c.sb
2	5932	c.sb	15	9	12	c.sb x15, 12(x9)	0xa4dc	0xe003	0xa000	c.sb
2	5933	c.sb	15	9	13	c.sb x15, 13(x9)	0xb4dc	0xe003	0xa000	c.sb
2	5934	c.sb	15	9	14	c.sb x15, 14(x9)	0xa4fc	0xe003	0xa000	c.sb
2	5935	c.sb	15	9	15	c.sb x15, 15(x9)	0xb4fc	0xe003	0xa000	c.sb
2	5936	c.sb	15	9	16	c.sb x15, 16(x9)	0xa89c	0xe003	0xa000	c.sb
2	5937	c.sb	15	9	17	c.sb x15, 17(x9)	0xb89c	0xe003	0xa000	c.sb
2	5938	c.sb	15	9	18	c.sb x15, 18(x9)	0xa8bc	0xe003	0xa000	c.sb
2	5939	c.sb	15	9	19	c.sb x15, 19(x9)	0xb8bc	0xe003	0xa000	c.sb
2	5940	c.sb	15	9	20	c.sb x15, 20(x9)	0xa8dc	0xe003	0xa000	c.sb
2	5941	c.sb	15	9	21	c.sb x15, 21(x9)	0xb8dc	0xe003	0xa000	c.sb
2	5942	c.sb	15	9	22	c.sb x15, 22(x9)	0xa8fc	0xe003	0xa000	c.sb
2	5943	c.sb	15	9	23	c.sb x15, 23(x9)	0xb8fc	0xe003	0xa000	c.sb
2	5944	c.sb	15	9	24	c.sb x15, 24(x9)	0xac9c	0xe003	0xa000	c.sb
2	5945	c.sb	15	9	25	c.sb x15, 25(x9)	0xbc9c	0xe003	0xa000	c.sb
2	5946	c.sb	15	9	26	c.sb x15, 26(x9)	0xacbc	0xe003	0xa000	c.sb
2	5947	c.sb	15	9	27	c.sb x15, 27(x9)	0xbcbc	0xe003	0xa000	c.sb
2	5948	c.sb	15	9	28	c.sb x15, 28(x9)	0xacdc	0xe003	0xa000	c.sb
2	5949	c.sb	15	9	29	c.sb x15, 29(x9)	0xbcdc	0xe003	0xa000	c.sb
2	5950	c.sb	15	9	30	c.sb x15, 30(x9)	0xacfc	0xe003	0xa000	c.sb
2	5951	c.sb	15	9	31	c.sb x15, 31(x9)	0xbcfc	0xe003	0xa000	c.sb
2	5952	c.sb	15	10	0	c.sb x15, 0(x10)	0xa11c	0xe003	0xa000	c.sb
2	5953	c.sb	15	10	1	c.sb x15, 1(x10)	0xb11c	0xe003	0xa000	c.sb
2	5954	c.sb	15	10	2	c.sb x15, 2(x10)	0xa13c	0xe003	0xa000	c.sb
2	5955	c.sb	15	10	3	c.sb x15, 3(x10)	0xb13c	0xe003	0xa000	c.sb
2	5956	c.sb	15	10	4	c.sb x15, 4(x10)	0xa15c	0xe003	0xa000	c.sb
2	5957	c.sb	15	10	5	c.sb x15, 5(x10)	0xb15c	0xe003	0xa000	c.sb
2	5958	c.sb	15	10	6	c.sb x15, 6(x10)	0xa17c	0xe003	0xa000	c.sb
2	5959	c.sb	15	10	7	c.sb x15, 7(x10)	0xb17c	0xe003	0xa000	c.sb
2	5960	c.sb	15	10	8	c.sb x15, 8(x10)	0xa51c	0xe003	0xa000	c.sb
2	5961	c.sb	15	10	9	c.sb x15, 9(x10)	0xb51c	0xe003	0xa000	c.sb
2	5962	c.sb	15	10	10	c.sb x15, 10(x10)	0xa53c	0xe003	0xa000	c.sb
2	5963	c.sb	15	10	11	c.sb x15, 11(x10)	0xb53c	0xe003	0xa000	c.sb
2	5964	c.sb	15	10	12	c.sb x15, 12(x10)	0xa55c	0xe003	0xa000	c.sb
2	5965	c.sb	15	10	13	c.sb x15, 13(x10)	0xb55c	0xe003	0xa000	c.sb
2	5966	c.sb	15	10	14	c.sb x15, 14(x10)	0xa57c	0xe003	0xa000	c.sb
2	5967	c.sb	15	10	15	c.sb x15, 15(x10)	0xb57c	0xe003	0xa000	c.sb
2	5968	c.sb	15	10	16	c.sb x15, 16(x10)	0xa91c	0xe003	0xa000	c.sb
2	5969	c.sb	15	10	17	c.sb x15, 17(x10)	0xb91c	0xe003	0xa000	c.sb
2	5970	c.sb	15	10	18	c.sb x15, 18(x10)	0xa93c	0xe003	0xa000	c.sb
2	5971	c.sb	15	10	19	c.sb x15, 19(x10)	0xb93c	0xe003	0xa000	c.sb
2	5972	c.sb	15	10	20	c.sb x15, 20(x10)	0xa95c	0xe003	0xa000	c.sb
2	5973	c.sb	15	10	21	c.sb x15, 21(x10)	0xb95c	0xe003	0xa000	c.sb
2	5974	c.sb	15	10	22	c.sb x15, 22(x10)	0xa97c	0xe003	0xa000	c.sb
2	5975	c.sb	15	10	23	c.sb x15, 23(x10)	0xb97c	0xe003	0xa000	c.sb
2	5976	c.sb	15	10	24	c.sb x15, 24(x10)	0xad1c	0xe003	0xa000	c.sb
2	5977	c.sb	15	10	25	c.sb x15, 25(x10)	0xbd1c	0xe003	0xa000	c.sb
2	5978	c.sb	15	10	26	c.sb x15, 26(x10)	0xad3c	0xe003	0xa000	c.sb
2	5979	c.sb	15	10	27	c.sb x15, 27(x10)	0xbd3c	0xe003	0xa000	c.sb
2	5980	c.sb	15	10	28	c.sb x15, 28(x10)	0xad5c	0xe003	0xa000	c.sb
2	5981	c.sb	15	10	29	c.sb x15, 29(x10)	0xbd5c	0xe003	0xa000	c.sb
2	5982	c.sb	15	10	30	c.sb x15, 30(x10)	0xad7c	0xe003	0xa000	c.sb
2	5983	c.sb	15	10	31	c.sb x15, 31(x10)	0xbd7c	0xe003	0xa000	c.sb
2	5984	c.sb	15	11	0	c.sb x15, 0(x11)	0xa19c	0xe003	0xa000	c.sb
2	5985	c.sb	15	11	1	c.sb x15, 1(x11)	0xb19c	0xe003	0xa000	c.sb
2	5986	c.sb	15	11	2	c.sb x15, 2(x11)	0xa1bc	0xe003	0xa000	c.sb
2	5987	c.sb	15	11	3	c.sb x15, 3(x11)	0xb1bc	0xe003	0xa000	c.sb
2	5988	c.sb	15	11	4	c.sb x15, 4(x11)	0xa1dc	0xe003	0xa000	c.sb
2	5989	c.sb	15	11	5	c.sb x15, 5(x11)	0xb1dc	0xe003	0xa000	c.sb
2	5990	c.sb	15	11	6	c.sb x15, 6(x11)	0xa1fc	0xe003	0xa000	c.sb
2	5991	c.sb	15	11	7	c.sb x15, 7(x11)	0xb1fc	0xe003	0xa000	c.sb
2	5992	c.sb	15	11	8	c.sb x15, 8(x11)	0xa59c	0xe003	0xa000	c.sb
2	5993	c.sb	15	11	9	c.sb x15, 9(x11)	0xb59c	0xe003	0xa000	c.sb
2	5994	c.sb	15	11	10	c.sb x15, 10(x11)	0xa5bc	0xe003	0xa000	c.sb
2	5995	c.sb	15	11	11	c.sb x15, 11(x11)	0xb5bc	0xe003	0xa000	c.sb
2	5996	c.sb	15	11	12	c.sb x15, 12(x11)	0xa5dc	0xe003	0xa000	c.sb
2	5997	c.sb	15	11	13	c.sb x15, 13(x11)	0xb5dc	0xe003	0xa000	c.sb
2	5998	c.sb	15	11	14	c.sb x15, 14(x11)	0xa5fc	0xe003	0xa000	c.sb
2	5999	c.sb	15	11	15	c.sb x15, 15(x11)	0xb5fc	0xe003	0xa000	c.sb
2	6000	c.sb	15	11	16	c.sb x15, 16(x11)	0xa99c	0xe003	0xa000	c.sb
2	6001	c.sb	15	11	17	c.sb x15, 17(x11)	0xb99c	0xe003	0xa000	c.sb
2	6002	c.sb	15	11	18	c.sb x15, 18(x11)	0xa9bc	0xe003	0xa000	c.sb
2	6003	c.sb	15	11	19	c.sb x15, 19(x11)	0xb9bc	0xe003	0xa000	c.sb
2	6004	c.sb	15	11	20	c.sb x15, 20(x11)	0xa9dc	0xe003	0xa000	c.sb
2	6005	c.sb	15	11	21	c.sb x15, 21(x11)	0xb9dc	0xe003	0xa000	c.sb
2	6006	c.sb	15	11	22	c.sb x15, 22(x11)	0xa9fc	0xe003	0xa000	c.sb
2	6007	c.sb	15	11	23	c.sb x15, 23(x11)	0xb9fc	0xe003	0xa000	c.sb
2	6008	c.sb	15	11	24	c.sb x15, 24(x11)	0xad9c	0xe003	0xa000	c.sb
2	6009	c.sb	15	11	25	c.sb x15, 25(x11)	0xbd9c	0xe003	0xa000	c.sb
2	6010	c.sb	15	11	26	c.sb x15, 26(x11)	0xadbc	0xe003	0xa000	c.sb
2	6011	c.sb	15	11	27	c.sb x15, 27(x11)	0xbdbc	0xe003	0xa000	c.sb
2	6012	c.sb	15	11	28	c.sb x15, 28(x11)	0xaddc	0xe003	0xa000	c.sb
2	6013	c.sb	15	11	29	c.sb x15, 29(x11)	0xbddc	0xe003	0xa000	c.sb
2	6014	c.sb	15	11	30	c.sb x15, 30(x11)	0xadfc	0xe003	0xa000	c.sb
2	6015	c.sb	15	11	31	c.sb x15, 31(x11)	0xbdfc	0xe003	0xa000	c.sb
2	6016	c.sb	15	12	0	c.sb x15, 0(x12)	0xa21c	0xe003	0xa000	c.sb
2	6017	c.sb	15	12	1	c.sb x15, 1(x12)	0xb21c	0xe003	0xa000	c.sb
2	6018	c.sb	15	12	2	c.sb x15, 2(x12)	0xa23c	0xe003	0xa000	c.sb
2	6019	c.sb	15	12	3	c.sb x15, 3(x12)	0xb23c	0xe003	0xa000	c.sb
2	6020	c.sb	15	12	4	c.sb x15, 4(x12)	0xa25c	0xe003	0xa000	c.sb
2	6021	c.sb	15	12	5	c.sb x15, 5(x12)	0xb25c	0xe003	0xa000	c.sb
2	6022	c.sb	15	12	6	c.sb x15, 6(x12)	0xa27c	0xe003	0xa000	c.sb
2	6023	c.sb	15	12	7	c.sb x15, 7(x12)	0xb27c	0xe003	0xa000	c.sb
2	6024	c.sb	15	12	8	c.sb x15, 8(x12)	0xa61c	0xe003	0xa000	c.sb
2	6025	c.sb	15	12	9	c.sb x15, 9(x12)	0xb61c	0xe003	0xa000	c.sb
2	6026	c.sb	15	12	10	c.sb x15, 10(x12)	0xa63c	0xe003	0xa000	c.sb
2	6027	c.sb	15	12	11	c.sb x15, 11(x12)	0xb63c	0xe003	0xa000	c.sb
2	6028	c.sb	15	12	12	c.sb x15, 12(x12)	0xa65c	0xe003	0xa000	c.sb
2	6029	c.sb	15	12	13	c.sb x15, 13(x12)	0xb65c	0xe003	0xa000	c.sb
2	6030	c.sb	15	12	14	c.sb x15, 14(x12)	0xa67c	0xe003	0xa000	c.sb
2	6031	c.sb	15	12	15	c.sb x15, 15(x12)	0xb67c	0xe003	0xa000	c.sb
2	6032	c.sb	15	12	16	c.sb x15, 16(x12)	0xaa1c	0xe003	0xa000	c.sb
2	6033	c.sb	15	12	17	c.sb x15, 17(x12)	0xba1c	0xe003	0xa000	c.sb
2	6034	c.sb	15	12	18	c.sb x15, 18(x12)	0xaa3c	0xe003	0xa000	c.sb
2	6035	c.sb	15	12	19	c.sb x15, 19(x12)	0xba3c	0xe003	0xa000	c.sb
2	6036	c.sb	15	12	20	c.sb x15, 20(x12)	0xaa5c	0xe003	0xa000	c.sb
2	6037	c.sb	15	12	21	c.sb x15, 21(x12)	0xba5c	0xe003	0xa000	c.sb
2	6038	c.sb	15	12	22	c.sb x15, 22(x12)	0xaa7c	0xe003	0xa000	c.sb
2	6039	c.sb	15	12	23	c.sb x15, 23(x12)	0xba7c	0xe003	0xa000	c.sb
2	6040	c.sb	15	12	24	c.sb x15, 24(x12)	0xae1c	0xe003	0xa000	c.sb
2	6041	c.sb	15	12	25	c.sb x15, 25(x12)	0xbe1c	0xe003	0xa000	c.sb
2	6042	c.sb	15	12	26	c.sb x15, 26(x12)	0xae3c	0xe003	0xa000	c.sb
2	6043	c.sb	15	12	27	c.sb x15, 27(x12)	0xbe3c	0xe003	0xa000	c.sb
2	6044	c.sb	15	12	28	c.sb x15, 28(x12)	0xae5c	0xe003	0xa000	c.sb
2	6045	c.sb	15	12	29	c.sb x15, 29(x12)	0xbe5c	0xe003	0xa000	c.sb
2	6046	c.sb	15	12	30	c.sb x15, 30(x12)	0xae7c	0xe003	0xa000	c.sb
2	6047	c.sb	15	12	31	c.sb x15, 31(x12)	0xbe7c	0xe003	0xa000	c.sb
2	6048	c.sb	15	13	0	c.sb x15, 0(x13)	0xa29c	0xe003	0xa000	c.sb
2	6049	c.sb	15	13	1	c.sb x15, 1(x13)	0xb29c	0xe003	0xa000	c.sb
2	6050	c.sb	15	13	2	c.sb x15, 2(x13)	0xa2bc	0xe003	0xa000	c.sb
2	6051	c.sb	15	13	3	c.sb x15, 3(x13)	0xb2bc	0xe003	0xa000	c.sb
2	6052	c.sb	15	13	4	c.sb x15, 4(x13)	0xa2dc	0xe003	0xa000	c.sb
2	6053	c.sb	15	13	5	c.sb x15, 5(x13)	0xb2dc	0xe003	0xa000	c.sb
2	6054	c.sb	15	13	6	c.sb x15, 6(x13)	0xa2fc	0xe003	0xa000	c.sb
2	6055	c.sb	15	13	7	c.sb x15, 7(x13)	0xb2fc	0xe003	0xa000	c.sb
2	6056	c.sb	15	13	8	c.sb x15, 8(x13)	0xa69c	0xe003	0xa000	c.sb
2	6057	c.sb	15	13	9	c.sb x15, 9(x13)	0xb69c	0xe003	0xa000	c.sb
2	6058	c.sb	15	13	10	c.sb x15, 10(x13)	0xa6bc	0xe003	0xa000	c.sb
2	6059	c.sb	15	13	11	c.sb x15, 11(x13)	0xb6bc	0xe003	0xa000	c.sb
2	6060	c.sb	15	13	12	c.sb x15, 12(x13)	0xa6dc	0xe003	0xa000	c.sb
2	6061	c.sb	15	13	13	c.sb x15, 13(x13)	0xb6dc	0xe003	0xa000	c.sb
2	6062	c.sb	15	13	14	c.sb x15, 14(x13)	0xa6fc	0xe003	0xa000	c.sb
2	6063	c.sb	15	13	15	c.sb x15, 15(x13)	0xb6fc	0xe003	0xa000	c.sb
2	6064	c.sb	15	13	16	c.sb x15, 16(x13)	0xaa9c	0xe003	0xa000	c.sb
2	6065	c.sb	15	13	17	c.sb x15, 17(x13)	0xba9c	0xe003	0xa000	c.sb
2	6066	c.sb	15	13	18	c.sb x15, 18(x13)	0xaabc	0xe003	0xa000	c.sb
2	6067	c.sb	15	13	19	c.sb x15, 19(x13)	0xbabc	0xe003	0xa000	c.sb
2	6068	c.sb	15	13	20	c.sb x15, 20(x13)	0xaadc	0xe003	0xa000	c.sb
2	6069	c.sb	15	13	21	c.sb x15, 21(x13)	0xbadc	0xe003	0xa000	c.sb
2	6070	c.sb	15	13	22	c.sb x15, 22(x13)	0xaafc	0xe003	0xa000	c.sb
2	6071	c.sb	15	13	23	c.sb x15, 23(x13)	0xbafc	0xe003	0xa000	c.sb
2	6072	c.sb	15	13	24	c.sb x15, 24(x13)	0xae9c	0xe003	0xa000	c.sb
2	6073	c.sb	15	13	25	c.sb x15, 25(x13)	0xbe9c	0xe003	0xa000	c.sb
2	6074	c.sb	15	13	26	c.sb x15, 26(x13)	0xaebc	0xe003	0xa000	c.sb
2	6075	c.sb	15	13	27	c.sb x15, 27(x13)	0xbebc	0xe003	0xa000	c.sb
2	6076	c.sb	15	13	28	c.sb x15, 28(x13)	0xaedc	0xe003	0xa000	c.sb
2	6077	c.sb	15	13	29	c.sb x15, 29(x13)	0xbedc	0xe003	0xa000	c.sb
2	6078	c.sb	15	13	30	c.sb x15, 30(x13)	0xaefc	0xe003	0xa000	c.sb
2	6079	c.sb	15	13	31	c.sb x15, 31(x13)	0xbefc	0xe003	0xa000	c.sb
2	6080	c.sb	15	14	0	c.sb x15, 0(x14)	0xa31c	0xe003	0xa000	c.sb
2	6081	c.sb	15	14	1	c.sb x15, 1(x14)	0xb31c	0xe003	0xa000	c.sb
2	6082	c.sb	15	14	2	c.sb x15, 2(x14)	0xa33c	0xe003	0xa000	c.sb
2	6083	c.sb	15	14	3	c.sb x15, 3(x14)	0xb33c	0xe003	0xa000	c.sb
2	6084	c.sb	15	14	4	c.sb x15, 4(x14)	0xa35c	0xe003	0xa000	c.sb
2	6085	c.sb	15	14	5	c.sb x15, 5(x14)	0xb35c	0xe003	0xa000	c.sb
2	6086	c.sb	15	14	6	c.sb x15, 6(x14)	0xa37c	0xe003	0xa000	c.sb
2	6087	c.sb	15	14	7	c.sb x15, 7(x14)	0xb37c	0xe003	0xa000	c.sb
2	6088	c.sb	15	14	8	c.sb x15, 8(x14)	0xa71c	0xe003	0xa000	c.sb
2	6089	c.sb	15	14	9	c.sb x15, 9(x14)	0xb71c	0xe003	0xa000	c.sb
2	6090	c.sb	15	14	10	c.sb x15, 10(x14)	0xa73c	0xe003	0xa000	c.sb
2	6091	c.sb	15	14	11	c.sb x15, 11(x14)	0xb73c	0xe003	0xa000	c.sb
2	6092	c.sb	15	14	12	c.sb x15, 12(x14)	0xa75c	0xe003	0xa000	c.sb
2	6093	c.sb	15	14	13	c.sb x15, 13(x14)	0xb75c	0xe003	0xa000	c.sb
2	6094	c.sb	15	14	14	c.sb x15, 14(x14)	0xa77c	0xe003	0xa000	c.sb
2	6095	c.sb	15	14	15	c.sb x15, 15(x14)	0xb77c	0xe003	0xa000	c.sb
2	6096	c.sb	15	14	16	c.sb x15, 16(x14)	0xab1c	0xe003	0xa000	c.sb
2	6097	c.sb	15	14	17	c.sb x15, 17(x14)	0xbb1c	0xe003	0xa000	c.sb
2	6098	c.sb	15	14	18	c.sb x15, 18(x14)	0xab3c	0xe003	0xa000	c.sb
2	6099	c.sb	15	14	19	c.sb x15, 19(x14)	0xbb3c	0xe003	0xa000	c.sb
2	6100	c.sb	15	14	20	c.sb x15, 20(x14)	0xab5c	0xe003	0xa000	c.sb
2	6101	c.sb	15	14	21	c.sb x15, 21(x14)	0xbb5c	0xe003	0xa000	c.sb
2	6102	c.sb	15	14	22	c.sb x15, 22(x14)	0xab7c	0xe003	0xa000	c.sb
2	6103	c.sb	15	14	23	c.sb x15, 23(x14)	0xbb7c	0xe003	0xa000	c.sb
2	6104	c.sb	15	14	24	c.sb x15, 24(x14)	0xaf1c	0xe003	0xa000	c.sb
2	6105	c.sb	15	14	25	c.sb x15, 25(x14)	0xbf1c	0xe003	0xa000	c.sb
2	6106	c.sb	15	14	26	c.sb x15, 26(x14)	0xaf3c	0xe003	0xa000	c.sb
2	6107	c.sb	15	14	27	c.sb x15, 27(x14)	0xbf3c	0xe003	0xa000	c.sb
2	6108	c.sb	15	14	28	c.sb x15, 28(x14)	0xaf5c	0xe003	0xa000	c.sb
2	6109	c.sb	15	14	29	c.sb x15, 29(x14)	0xbf5c	0xe003	0xa000	c.sb
2	6110	c.sb	15	14	30	c.sb x15, 30(x14)	0xaf7c	0xe003	0xa000	c.sb
2	6111	c.sb	15	14	31	c.sb x15, 31(x14)	0xbf7c	0xe003	0xa000	c.sb
2	6112	c.sb	15	15	0	c.sb x15, 0(x15)	0xa39c	0xe003	0xa000	c.sb
2	6113	c.sb	15	15	1	c.sb x15, 1(x15)	0xb39c	0xe003	0xa000	c.sb
2	6114	c.sb	15	15	2	c.sb x15, 2(x15)	0xa3bc	0xe003	0xa000	c.sb
2	6115	c.sb	15	15	3	c.sb x15, 3(x15)	0xb3bc	0xe003	0xa000	c.sb
2	6116	c.sb	15	15	4	c.sb x15, 4(x15)	0xa3dc	0xe003	0xa000	c.sb
2	6117	c.sb	15	15	5	c.sb x15, 5(x15)	0xb3dc	0xe003	0xa000	c.sb
2	6118	c.sb	15	15	6	c.sb x15, 6(x15)	0xa3fc	0xe003	0xa000	c.sb
2	6119	c.sb	15	15	7	c.sb x15, 7(x15)	0xb3fc	0xe003	0xa000	c.sb
2	6120	c.sb	15	15	8	c.sb x15, 8(x15)	0xa79c	0xe003	0xa000	c.sb
2	6121	c.sb	15	15	9	c.sb x15, 9(x15)	0xb79c	0xe003	0xa000	c.sb
2	6122	c.sb	15	15	10	c.sb x15, 10(x15)	0xa7bc	0xe003	0xa000	c.sb
2	6123	c.sb	15	15	11	c.sb x15, 11(x15)	0xb7bc	0xe003	0xa000	c.sb
2	6124	c.sb	15	15	12	c.sb x15, 12(x15)	0xa7dc	0xe003	0xa000	c.sb
2	6125	c.sb	15	15	13	c.sb x15, 13(x15)	0xb7dc	0xe003	0xa000	c.sb
2	6126	c.sb	15	15	14	c.sb x15, 14(x15)	0xa7fc	0xe003	0xa000	c.sb
2	6127	c.sb	15	15	15	c.sb x15, 15(x15)	0xb7fc	0xe003	0xa000	c.sb
2	6128	c.sb	15	15	16	c.sb x15, 16(x15)	0xab9c	0xe003	0xa000	c.sb
2	6129	c.sb	15	15	17	c.sb x15, 17(x15)	0xbb9c	0xe003	0xa000	c.sb
2	6130	c.sb	15	15	18	c.sb x15, 18(x15)	0xabbc	0xe003	0xa000	c.sb
2	6131	c.sb	15	15	19	c.sb x15, 19(x15)	0xbbbc	0xe003	0xa000	c.sb
2	6132	c.sb	15	15	20	c.sb x15, 20(x15)	0xabdc	0xe003	0xa000	c.sb
2	6133	c.sb	15	15	21	c.sb x15, 21(x15)	0xbbdc	0xe003	0xa000	c.sb
2	6134	c.sb	15	15	22	c.sb x15, 22(x15)	0xabfc	0xe003	0xa000	c.sb
2	6135	c.sb	15	15	23	c.sb x15, 23(x15)	0xbbfc	0xe003	0xa000	c.sb
2	6136	c.sb	15	15	24	c.sb x15, 24(x15)	0xaf9c	0xe003	0xa000	c.sb
2	6137	c.sb	15	15	25	c.sb x15, 25(x15)	0xbf9c	0xe003	0xa000	c.sb
2	6138	c.sb	15	15	26	c.sb x15, 26(x15)	0xafbc	0xe003	0xa000	c.sb
2	6139	c.sb	15	15	27	c.sb x15, 27(x15)	0xbfbc	0xe003	0xa000	c.sb
2	6140	c.sb	15	15	28	c.sb x15, 28(x15)	0xafdc	0xe003	0xa000	c.sb
2	6141	c.sb	15	15	29	c.sb x15, 29(x15)	0xbfdc	0xe003	0xa000	c.sb
2	6142	c.sb	15	15	30	c.sb x15, 30(x15)	0xaffc	0xe003	0xa000	c.sb
2	6143	c.sb	15	15	31	c.sb x15, 31(x15)	0xbffc	0xe003	0xa000	c.sb
2	6144	c.sh	8	8	0	c.sh x8, 0(x8)	0xa002	0xe003	0xa002	c.sh
2	6145	c.sh	8	8	2	c.sh x8, 2(x8)	0xa022	0xe003	0xa002	c.sh
2	6146	c.sh	8	8	4	c.sh x8, 4(x8)	0xa042	0xe003	0xa002	c.sh
2	6147	c.sh	8	8	6	c.sh x8, 6(x8)	0xa062	0xe003	0xa002	c.sh
2	6148	c.sh	8	8	8	c.sh x8, 8(x8)	0xa402	0xe003	0xa002	c.sh
2	6149	c.sh	8	8	10	c.sh x8, 10(x8)	0xa422	0xe003	0xa002	c.sh
2	6150	c.sh	8	8	12	c.sh x8, 12(x8)	0xa442	0xe003	0xa002	c.sh
2	6151	c.sh	8	8	14	c.sh x8, 14(x8)	0xa462	0xe003	0xa002	c.sh
2	6152	c.sh	8	8	16	c.sh x8, 16(x8)	0xa802	0xe003	0xa002	c.sh
2	6153	c.sh	8	8	18	c.sh x8, 18(x8)	0xa822	0xe003	0xa002	c.sh
2	6154	c.sh	8	8	20	c.sh x8, 20(x8)	0xa842	0xe003	0xa002	c.sh
2	6155	c.sh	8	8	22	c.sh x8, 22(x8)	0xa862	0xe003	0xa002	c.sh
2	6156	c.sh	8	8	24	c.sh x8, 24(x8)	0xac02	0xe003	0xa002	c.sh
2	6157	c.sh	8	8	26	c.sh x8, 26(x8)	0xac22	0xe003	0xa002	c.sh
2	6158	c.sh	8	8	28	c.sh x8, 28(x8)	0xac42	0xe003	0xa002	c.sh
2	6159	c.sh	8	8	30	c.sh x8, 30(x8)	0xac62	0xe003	0xa002	c.sh
2	6160	c.sh	8	8	32	c.sh x8, 32(x8)	0xb002	0xe003	0xa002	c.sh
2	6161	c.sh	8	8	34	c.sh x8, 34(x8)	0xb022	0xe003	0xa002	c.sh
2	6162	c.sh	8	8	36	c.sh x8, 36(x8)	0xb042	0xe003	0xa002	c.sh
2	6163	c.sh	8	8	38	c.sh x8, 38(x8)	0xb062	0xe003	0xa002	c.sh
2	6164	c.sh	8	8	40	c.sh x8, 40(x8)	0xb402	0xe003	0xa002	c.sh
2	6165	c.sh	8	8	42	c.sh x8, 42(x8)	0xb422	0xe003	0xa002	c.sh
2	6166	c.sh	8	8	44	c.sh x8, 44(x8)	0xb442	0xe003	0xa002	c.sh
2	6167	c.sh	8	8	46	c.sh x8, 46(x8)	0xb462	0xe003	0xa002	c.sh
2	6168	c.sh	8	8	48	c.sh x8, 48(x8)	0xb802	0xe003	0xa002	c.sh
2	6169	c.sh	8	8	50	c.sh x8, 50(x8)	0xb822	0xe003	0xa002	c.sh
2	6170	c.sh	8	8	52	c.sh x8, 52(x8)	0xb842	0xe003	0xa002	c.sh
2	6171	c.sh	8	8	54	c.sh x8, 54(x8)	0xb862	0xe003	0xa002	c.sh
2	6172	c.sh	8	8	56	c.sh x8, 56(x8)	0xbc02	0xe003	0xa002	c.sh
2	6173	c.sh	8	8	58	c.sh x8, 58(x8)	0xbc22	0xe003	0xa002	c.sh
2	6174	c.sh	8	8	60	c.sh x8, 60(x8)	0xbc42	0xe003	0xa002	c.sh
2	6175	c.sh	8	8	62	c.sh x8, 62(x8)	0xbc62	0xe003	0xa002	c.sh
2	6176	c.sh	8	9	0	c.sh x8, 0(x9)	0xa082	0xe003	0xa002	c.sh
2	6177	c.sh	8	9	2	c.sh x8, 2(x9)	0xa0a2	0xe003	0xa002	c.sh
2	6178	c.sh	8	9	4	c.sh x8, 4(x9)	0xa0c2	0xe003	0xa002	c.sh
2	6179	c.sh	8	9	6	c.sh x8, 6(x9)	0xa0e2	0xe003	0xa002	c.sh
2	6180	c.sh	8	9	8	c.sh x8, 8(x9)	0xa482	0xe003	0xa002	c.sh
2	6181	c.sh	8	9	10	c.sh x8, 10(x9)	0xa4a2	0xe003	0xa002	c.sh
2	6182	c.sh	8	9	12	c.sh x8, 12(x9)	0xa4c2	0xe003	0xa002	c.sh
2	6183	c.sh	8	9	14	c.sh x8, 14(x9)	0xa4e2	0xe003	0xa002	c.sh
2	6184	c.sh	8	9	16	c.sh x8, 16(x9)	0xa882	0xe003	0xa002	c.sh
2	6185	c.sh	8	9	18	c.sh x8, 18(x9)	0xa8a2	0xe003	0xa002	c.sh
2	6186	c.sh	8	9	20	c.sh x8, 20(x9)	0xa8c2	0xe003	0xa002	c.sh
2	6187	c.sh	8	9	22	c.sh x8, 22(x9)	0xa8e2	0xe003	0xa002	c.sh
2	6188	c.sh	8	9	24	c.sh x8, 24(x9)	0xac82	0xe003	0xa002	c.sh
2	6189	c.sh	8	9	26	c.sh x8, 26(x9)	0xaca2	0xe003	0xa002	c.sh
2	6190	c.sh	8	9	28	c.sh x8, 28(x9)	0xacc2	0xe003	0xa002	c.sh
2	6191	c.sh	8	9	30	c.sh x8, 30(x9)	0xace2	0xe003	0xa002	c.sh
2	6192	c.sh	8	9	32	c.sh x8, 32(x9)	0xb082	0xe003	0xa002	c.sh
2	6193	c.sh	8	9	34	c.sh x8, 34(x9)	0xb0a2	0xe003	0xa002	c.sh
2	6194	c.sh	8	9	36	c.sh x8, 36(x9)	0xb0c2	0xe003	0xa002	c.sh
2	6195	c.sh	8	9	38	c.sh x8, 38(x9)	0xb0e2	0xe003	0xa002	c.sh
2	6196	c.sh	8	9	40	c.sh x8, 40(x9)	0xb482	0xe003	0xa002	c.sh
2	6197	c.sh	8	9	42	c.sh x8, 42(x9)	0xb4a2	0xe003	0xa002	c.sh
2	6198	c.sh	8	9	44	c.sh x8, 44(x9)	0xb4c2	0xe003	0xa002	c.sh
2	6199	c.sh	8	9	46	c.sh x8, 46(x9)	0xb4e2	0xe003	0xa002	c.sh
2	6200	c.sh	8	9	48	c.sh x8, 48(x9)	0xb882	0xe003	0xa002	c.sh
2	6201	c.sh	8	9	50	c.sh x8, 50(x9)	0xb8a2	0xe003	0xa002	c.sh
2	6202	c.sh	8	9	52	c.sh x8, 52(x9)	0xb8c2	0xe003	0xa002	c.sh
2	6203	c.sh	8	9	54	c.sh x8, 54(x9)	0xb8e2	0xe003	0xa002	c.sh
2	6204	c.sh	8	9	56	c.sh x8, 56(x9)	0xbc82	0xe003	0xa002	c.sh
2	6205	c.sh	8	9	58	c.sh x8, 58(x9)	0xbca2	0xe003	0xa002	c.sh
2	6206	c.sh	8	9	60	c.sh x8, 60(x9)	0xbcc2	0xe003	0xa002	c.sh
2	6207	c.sh	8	9	62	c.sh x8, 62(x9)	0xbce2	0xe003	0xa002	c.sh
2	6208	c.sh	8	10	0	c.sh x8, 0(x10)	0xa102	0xe003	0xa002	c.sh
2	6209	c.sh	8	10	2	c.sh x8, 2(x10)	0xa122	0xe003	0xa002	c.sh
2	6210	c.sh	8	10	4	c.sh x8, 4(x10)	0xa142	0xe003	0xa002	c.sh
2	6211	c.sh	8	10	6	c.sh x8, 6(x10)	0xa162	0xe003	0xa002	c.sh
2	6212	c.sh	8	10	8	c.sh x8, 8(x10)	0xa502	0xe003	0xa002	c.sh
2	6213	c.sh	8	10	10	c.sh x8, 10(x10)	0xa522	0xe003	0xa002	c.sh
2	6214	c.sh	8	10	12	c.sh x8, 12(x10)	0xa542	0xe003	0xa002	c.sh
2	6215	c.sh	8	10	14	c.sh x8, 14(x10)	0xa562	0xe003	0xa002	c.sh
2	6216	c.sh	8	10	16	c.sh x8, 16(x10)	0xa902	0xe003	0xa002	c.sh
2	6217	c.sh	8	10	18	c.sh x8, 18(x10)	0xa922	0xe003	0xa002	c.sh
2	6218	c.sh	8	10	20	c.sh x8, 20(x10)	0xa942	0xe003	0xa002	c.sh
2	6219	c.sh	8	10	22	c.sh x8, 22(x10)	0xa962	0xe003	0xa002	c.sh
2	6220	c.sh	8	10	24	c.sh x8, 24(x10)	0xad02	0xe003	0xa002	c.sh
2	6221	c.sh	8	10	26	c.sh x8, 26(x10)	0xad22	0xe003	0xa002	c.sh
2	6222	c.sh	8	10	28	c.sh x8, 28(x10)	0xad42	0xe003	0xa002	c.sh
2	6223	c.sh	8	10	30	c.sh x8, 30(x10)	0xad62	0xe003	0xa002	c.sh
2	6224	c.sh	8	10	32	c.sh x8, 32(x10)	0xb102	0xe003	0xa002	c.sh
2	6225	c.sh	8	10	34	c.sh x8, 34(x10)	0xb122	0xe003	0xa002	c.sh
2	6226	c.sh	8	10	36	c.sh x8, 36(x10)	0xb142	0xe003	0xa002	c.sh
2	6227	c.sh	8	10	38	c.sh x8, 38(x10)	0xb162	0xe003	0xa002	c.sh
2	6228	c.sh	8	10	40	c.sh x8, 40(x10)	0xb502	0xe003	0xa002	c.sh
2	6229	c.sh	8	10	42	c.sh x8, 42(x10)	0xb522	0xe003	0xa002	c.sh
2	6230	c.sh	8	10	44	c.sh x8, 44(x10)	0xb542	0xe003	0xa002	c.sh
2	6231	c.sh	8	10	46	c.sh x8, 46(x10)	0xb562	0xe003	0xa002	c.sh
2	6232	c.sh	8	10	48	c.sh x8, 48(x10)	0xb902	0xe003	0xa002	c.sh
2	6233	c.sh	8	10	50	c.sh x8, 50(x10)	0xb922	0xe003	0xa002	c.sh
2	6234	c.sh	8	10	52	c.sh x8, 52(x10)	0xb942	0xe003	0xa002	c.sh
2	6235	c.sh	8	10	54	c.sh x8, 54(x10)	0xb962	0xe003	0xa002	c.sh
2	6236	c.sh	8	10	56	c.sh x8, 56(x10)	0xbd02	0xe003	0xa002	c.sh
2	6237	c.sh	8	10	58	c.sh x8, 58(x10)	0xbd22	0xe003	0xa002	c.sh
2	6238	c.sh	8	10	60	c.sh x8, 60(x10)	0xbd42	0xe003	0xa002	c.sh
2	6239	c.sh	8	10	62	c.sh x8, 62(x10)	0xbd62	0xe003	0xa002	c.sh
2	6240	c.sh	8	11	0	c.sh x8, 0(x11)	0xa182	0xe003	0xa002	c.sh
2	6241	c.sh	8	11	2	c.sh x8, 2(x11)	0xa1a2	0xe003	0xa002	c.sh
2	6242	c.sh	8	11	4	c.sh x8, 4(x11)	0xa1c2	0xe003	0xa002	c.sh
2	6243	c.sh	8	11	6	c.sh x8, 6(x11)	0xa1e2	0xe003	0xa002	c.sh
2	6244	c.sh	8	11	8	c.sh x8, 8(x11)	0xa582	0xe003	0xa002	c.sh
2	6245	c.sh	8	11	10	c.sh x8, 10(x11)	0xa5a2	0xe003	0xa002	c.sh
2	6246	c.sh	8	11	12	c.sh x8, 12(x11)	0xa5c2	0xe003	0xa002	c.sh
2	6247	c.sh	8	11	14	c.sh x8, 14(x11)	0xa5e2	0xe003	0xa002	c.sh
2	6248	c.sh	8	11	16	c.sh x8, 16(x11)	0xa982	0xe003	0xa002	c.sh
2	6249	c.sh	8	11	18	c.sh x8, 18(x11)	0xa9a2	0xe003	0xa002	c.sh
2	6250	c.sh	8	11	20	c.sh x8, 20(x11)	0xa9c2	0xe003	0xa002	c.sh
2	6251	c.sh	8	11	22	c.sh x8, 22(x11)	0xa9e2	0xe003	0xa002	c.sh
2	6252	c.sh	8	11	24	c.sh x8, 24(x11)	0xad82	0xe003	0xa002	c.sh
2	6253	c.sh	8	11	26	c.sh x8, 26(x11)	0xada2	0xe003	0xa002	c.sh
2	6254	c.sh	8	11	28	c.sh x8, 28(x11)	0xadc2	0xe003	0xa002	c.sh
2	6255	c.sh	8	11	30	c.sh x8, 30(x11)	0xade2	0xe003	0xa002	c.sh
2	6256	c.sh	8	11	32	c.sh x8, 32(x11)	0xb182	0xe003	0xa002	c.sh
2	6257	c.sh	8	11	34	c.sh x8, 34(x11)	0xb1a2	0xe003	0xa002	c.sh
2	6258	c.sh	8	11	36	c.sh x8, 36(x11)	0xb1c2	0xe003	0xa002	c.sh
2	6259	c.sh	8	11	38	c.sh x8, 38(x11)	0xb1e2	0xe003	0xa002	c.sh
2	6260	c.sh	8	11	40	c.sh x8, 40(x11)	0xb582	0xe003	0xa002	c.sh
2	6261	c.sh	8	11	42	c.sh x8, 42(x11)	0xb5a2	0xe003	0xa002	c.sh
2	6262	c.sh	8	11	44	c.sh x8, 44(x11)	0xb5c2	0xe003	0xa002	c.sh
2	6263	c.sh	8	11	46	c.sh x8, 46(x11)	0xb5e2	0xe003	0xa002	c.sh
2	6264	c.sh	8	11	48	c.sh x8, 48(x11)	0xb982	0xe003	0xa002	c.sh
2	6265	c.sh	8	11	50	c.sh x8, 50(x11)	0xb9a2	0xe003	0xa002	c.sh
2	6266	c.sh	8	11	52	c.sh x8, 52(x11)	0xb9c2	0xe003	0xa002	c.sh
2	6267	c.sh	8	11	54	c.sh x8, 54(x11)	0xb9e2	0xe003	0xa002	c.sh
2	6268	c.sh	8	11	56	c.sh x8, 56(x11)	0xbd82	0xe003	0xa002	c.sh
2	6269	c.sh	8	11	58	c.sh x8, 58(x11)	0xbda2	0xe003	0xa002	c.sh
2	6270	c.sh	8	11	60	c.sh x8, 60(x11)	0xbdc2	0xe003	0xa002	c.sh
2	6271	c.sh	8	11	62	c.sh x8, 62(x11)	0xbde2	0xe003	0xa002	c.sh
2	6272	c.sh	8	12	0	c.sh x8, 0(x12)	0xa202	0xe003	0xa002	c.sh
2	6273	c.sh	8	12	2	c.sh x8, 2(x12)	0xa222	0xe003	0xa002	c.sh
2	6274	c.sh	8	12	4	c.sh x8, 4(x12)	0xa242	0xe003	0xa002	c.sh
2	6275	c.sh	8	12	6	c.sh x8, 6(x12)	0xa262	0xe003	0xa002	c.sh
2	6276	c.sh	8	12	8	c.sh x8, 8(x12)	0xa602	0xe003	0xa002	c.sh
2	6277	c.sh	8	12	10	c.sh x8, 10(x12)	0xa622	0xe003	0xa002	c.sh
2	6278	c.sh	8	12	12	c.sh x8, 12(x12)	0xa642	0xe003	0xa002	c.sh
2	6279	c.sh	8	12	14	c.sh x8, 14(x12)	0xa662	0xe003	0xa002	c.sh
2	6280	c.sh	8	12	16	c.sh x8, 16(x12)	0xaa02	0xe003	0xa002	c.sh
2	6281	c.sh	8	12	18	c.sh x8, 18(x12)	0xaa22	0xe003	0xa002	c.sh
2	6282	c.sh	8	12	20	c.sh x8, 20(x12)	0xaa42	0xe003	0xa002	c.sh
2	6283	c.sh	8	12	22	c.sh x8, 22(x12)	0xaa62	0xe003	0xa002	c.sh
2	6284	c.sh	8	12	24	c.sh x8, 24(x12)	0xae02	0xe003	0xa002	c.sh
2	6285	c.sh	8	12	26	c.sh x8, 26(x12)	0xae22	0xe003	0xa002	c.sh
2	6286	c.sh	8	12	28	c.sh x8, 28(x12)	0xae42	0xe003	0xa002	c.sh
2	6287	c.sh	8	12	30	c.sh x8, 30(x12)	0xae62	0xe003	0xa002	c.sh
2	6288	c.sh	8	12	32	c.sh x8, 32(x12)	0xb202	0xe003	0xa002	c.sh
2	6289	c.sh	8	12	34	c.sh x8, 34(x12)	0xb222	0xe003	0xa002	c.sh
2	6290	c.sh	8	12	36	c.sh x8, 36(x12)	0xb242	0xe003	0xa002	c.sh
2	6291	c.sh	8	12	38	c.sh x8, 38(x12)	0xb262	0xe003	0xa002	c.sh
2	6292	c.sh	8	12	40	c.sh x8, 40(x12)	0xb602	0xe003	0xa002	c.sh
2	6293	c.sh	8	12	42	c.sh x8, 42(x12)	0xb622	0xe003	0xa002	c.sh
2	6294	c.sh	8	12	44	c.sh x8, 44(x12)	0xb642	0xe003	0xa002	c.sh
2	6295	c.sh	8	12	46	c.sh x8, 46(x12)	0xb662	0xe003	0xa002	c.sh
2	6296	c.sh	8	12	48	c.sh x8, 48(x12)	0xba02	0xe003	0xa002	c.sh
2	6297	c.sh	8	12	50	c.sh x8, 50(x12)	0xba22	0xe003	0xa002	c.sh
2	6298	c.sh	8	12	52	c.sh x8, 52(x12)	0xba42	0xe003	0xa002	c.sh
2	6299	c.sh	8	12	54	c.sh x8, 54(x12)	0xba62	0xe003	0xa002	c.sh
2	6300	c.sh	8	12	56	c.sh x8, 56(x12)	0xbe02	0xe003	0xa002	c.sh
2	6301	c.sh	8	12	58	c.sh x8, 58(x12)	0xbe22	0xe003	0xa002	c.sh
2	6302	c.sh	8	12	60	c.sh x8, 60(x12)	0xbe42	0xe003	0xa002	c.sh
2	6303	c.sh	8	12	62	c.sh x8, 62(x12)	0xbe62	0xe003	0xa002	c.sh
2	6304	c.sh	8	13	0	c.sh x8, 0(x13)	0xa282	0xe003	0xa002	c.sh
2	6305	c.sh	8	13	2	c.sh x8, 2(x13)	0xa2a2	0xe003	0xa002	c.sh
2	6306	c.sh	8	13	4	c.sh x8, 4(x13)	0xa2c2	0xe003	0xa002	c.sh
2	6307	c.sh	8	13	6	c.sh x8, 6(x13)	0xa2e2	0xe003	0xa002	c.sh
2	6308	c.sh	8	13	8	c.sh x8, 8(x13)	0xa682	0xe003	0xa002	c.sh
2	6309	c.sh	8	13	10	c.sh x8, 10(x13)	0xa6a2	0xe003	0xa002	c.sh
2	6310	c.sh	8	13	12	c.sh x8, 12(x13)	0xa6c2	0xe003	0xa002	c.sh
2	6311	c.sh	8	13	14	c.sh x8, 14(x13)	0xa6e2	0xe003	0xa002	c.sh
2	6312	c.sh	8	13	16	c.sh x8, 16(x13)	0xaa82	0xe003	0xa002	c.sh
2	6313	c.sh	8	13	18	c.sh x8, 18(x13)	0xaaa2	0xe003	0xa002	c.sh
2	6314	c.sh	8	13	20	c.sh x8, 20(x13)	0xaac2	0xe003	0xa002	c.sh
2	6315	c.sh	8	13	22	c.sh x8, 22(x13)	0xaae2	0xe003	0xa002	c.sh
2	6316	c.sh	8	13	24	c.sh x8, 24(x13)	0xae82	0xe003	0xa002	c.sh
2	6317	c.sh	8	13	26	c.sh x8, 26(x13)	0xaea2	0xe003	0xa002	c.sh
2	6318	c.sh	8	13	28	c.sh x8, 28(x13)	0xaec2	0xe003	0xa002	c.sh
2	6319	c.sh	8	13	30	c.sh x8, 30(x13)	0xaee2	0xe003	0xa002	c.sh
2	6320	c.sh	8	13	32	c.sh x8, 32(x13)	0xb282	0xe003	0xa002	c.sh
2	6321	c.sh	8	13	34	c.sh x8, 34(x13)	0xb2a2	0xe003	0xa002	c.sh
2	6322	c.sh	8	13	36	c.sh x8, 36(x13)	0xb2c2	0xe003	0xa002	c.sh
2	6323	c.sh	8	13	38	c.sh x8, 38(x13)	0xb2e2	0xe003	0xa002	c.sh
2	6324	c.sh	8	13	40	c.sh x8, 40(x13)	0xb682	0xe003	0xa002	c.sh
2	6325	c.sh	8	13	42	c.sh x8, 42(x13)	0xb6a2	0xe003	0xa002	c.sh
2	6326	c.sh	8	13	44	c.sh x8, 44(x13)	0xb6c2	0xe003	0xa002	c.sh
2	6327	c.sh	8	13	46	c.sh x8, 46(x13)	0xb6e2	0xe003	0xa002	c.sh
2	6328	c.sh	8	13	48	c.sh x8, 48(x13)	0xba82	0xe003	0xa002	c.sh
2	6329	c.sh	8	13	50	c.sh x8, 50(x13)	0xbaa2	0xe003	0xa002	c.sh
2	6330	c.sh	8	13	52	c.sh x8, 52(x13)	0xbac2	0xe003	0xa002	c.sh
2	6331	c.sh	8	13	54	c.sh x8, 54(x13)	0xbae2	0xe003	0xa002	c.sh
2	6332	c.sh	8	13	56	c.sh x8, 56(x13)	0xbe82	0xe003	0xa002	c.sh
2	6333	c.sh	8	13	58	c.sh x8, 58(x13)	0xbea2	0xe003	0xa002	c.sh
2	6334	c.sh	8	13	60	c.sh x8, 60(x13)	0xbec2	0xe003	0xa002	c.sh
2	6335	c.sh	8	13	62	c.sh x8, 62(x13)	0xbee2	0xe003	0xa002	c.sh
2	6336	c.sh	8	14	0	c.sh x8, 0(x14)	0xa302	0xe003	0xa002	c.sh
2	6337	c.sh	8	14	2	c.sh x8, 2(x14)	0xa322	0xe003	0xa002	c.sh
2	6338	c.sh	8	14	4	c.sh x8, 4(x14)	0xa342	0xe003	0xa002	c.sh
2	6339	c.sh	8	14	6	c.sh x8, 6(x14)	0xa362	0xe003	0xa002	c.sh
2	6340	c.sh	8	14	8	c.sh x8, 8(x14)	0xa702	0xe003	0xa002	c.sh
2	6341	c.sh	8	14	10	c.sh x8, 10(x14)	0xa722	0xe003	0xa002	c.sh
2	6342	c.sh	8	14	12	c.sh x8, 12(x14)	0xa742	0xe003	0xa002	c.sh
2	6343	c.sh	8	14	14	c.sh x8, 14(x14)	0xa762	0xe003	0xa002	c.sh
2	6344	c.sh	8	14	16	c.sh x8, 16(x14)	0xab02	0xe003	0xa002	c.sh
2	6345	c.sh	8	14	18	c.sh x8, 18(x14)	0xab22	0xe003	0xa002	c.sh
2	6346	c.sh	8	14	20	c.sh x8, 20(x14)	0xab42	0xe003	0xa002	c.sh
2	6347	c.sh	8	14	22	c.sh x8, 22(x14)	0xab62	0xe003	0xa002	c.sh
2	6348	c.sh	8	14	24	c.sh x8, 24(x14)	0xaf02	0xe003	0xa002	c.sh
2	6349	c.sh	8	14	26	c.sh x8, 26(x14)	0xaf22	0xe003	0xa002	c.sh
2	6350	c.sh	8	14	28	c.sh x8, 28(x14)	0xaf42	0xe003	0xa002	c.sh
2	6351	c.sh	8	14	30	c.sh x8, 30(x14)	0xaf62	0xe003	0xa002	c.sh
2	6352	c.sh	8	14	32	c.sh x8, 32(x14)	0xb302	0xe003	0xa002	c.sh
2	6353	c.sh	8	14	34	c.sh x8, 34(x14)	0xb322	0xe003	0xa002	c.sh
2	6354	c.sh	8	14	36	c.sh x8, 36(x14)	0xb342	0xe003	0xa002	c.sh
2	6355	c.sh	8	14	38	c.sh x8, 38(x14)	0xb362	0xe003	0xa002	c.sh
2	6356	c.sh	8	14	40	c.sh x8, 40(x14)	0xb702	0xe003	0xa002	c.sh
2	6357	c.sh	8	14	42	c.sh x8, 42(x14)	0xb722	0xe003	0xa002	c.sh
2	6358	c.sh	8	14	44	c.sh x8, 44(x14)	0xb742	0xe003	0xa002	c.sh
2	6359	c.sh	8	14	46	c.sh x8, 46(x14)	0xb762	0xe003	0xa002	c.sh
2	6360	c.sh	8	14	48	c.sh x8, 48(x14)	0xbb02	0xe003	0xa002	c.sh
2	6361	c.sh	8	14	50	c.sh x8, 50(x14)	0xbb22	0xe003	0xa002	c.sh
2	6362	c.sh	8	14	52	c.sh x8, 52(x14)	0xbb42	0xe003	0xa002	c.sh
2	6363	c.sh	8	14	54	c.sh x8, 54(x14)	0xbb62	0xe003	0xa002	c.sh
2	6364	c.sh	8	14	56	c.sh x8, 56(x14)	0xbf02	0xe003	0xa002	c.sh
2	6365	c.sh	8	14	58	c.sh x8, 58(x14)	0xbf22	0xe003	0xa002	c.sh
2	6366	c.sh	8	14	60	c.sh x8, 60(x14)	0xbf42	0xe003	0xa002	c.sh
2	6367	c.sh	8	14	62	c.sh x8, 62(x14)	0xbf62	0xe003	0xa002	c.sh
2	6368	c.sh	8	15	0	c.sh x8, 0(x15)	0xa382	0xe003	0xa002	c.sh
2	6369	c.sh	8	15	2	c.sh x8, 2(x15)	0xa3a2	0xe003	0xa002	c.sh
2	6370	c.sh	8	15	4	c.sh x8, 4(x15)	0xa3c2	0xe003	0xa002	c.sh
2	6371	c.sh	8	15	6	c.sh x8, 6(x15)	0xa3e2	0xe003	0xa002	c.sh
2	6372	c.sh	8	15	8	c.sh x8, 8(x15)	0xa782	0xe003	0xa002	c.sh
2	6373	c.sh	8	15	10	c.sh x8, 10(x15)	0xa7a2	0xe003	0xa002	c.sh
2	6374	c.sh	8	15	12	c.sh x8, 12(x15)	0xa7c2	0xe003	0xa002	c.sh
2	6375	c.sh	8	15	14	c.sh x8, 14(x15)	0xa7e2	0xe003	0xa002	c.sh
2	6376	c.sh	8	15	16	c.sh x8, 16(x15)	0xab82	0xe003	0xa002	c.sh
2	6377	c.sh	8	15	18	c.sh x8, 18(x15)	0xaba2	0xe003	0xa002	c.sh
2	6378	c.sh	8	15	20	c.sh x8, 20(x15)	0xabc2	0xe003	0xa002	c.sh
2	6379	c.sh	8	15	22	c.sh x8, 22(x15)	0xabe2	0xe003	0xa002	c.sh
2	6380	c.sh	8	15	24	c.sh x8, 24(x15)	0xaf82	0xe003	0xa002	c.sh
2	6381	c.sh	8	15	26	c.sh x8, 26(x15)	0xafa2	0xe003	0xa002	c.sh
2	6382	c.sh	8	15	28	c.sh x8, 28(x15)	0xafc2	0xe003	0xa002	c.sh
2	6383	c.sh	8	15	30	c.sh x8, 30(x15)	0xafe2	0xe003	0xa002	c.sh
2	6384	c.sh	8	15	32	c.sh x8, 32(x15)	0xb382	0xe003	0xa002	c.sh
2	6385	c.sh	8	15	34	c.sh x8, 34(x15)	0xb3a2	0xe003	0xa002	c.sh
2	6386	c.sh	8	15	36	c.sh x8, 36(x15)	0xb3c2	0xe003	0xa002	c.sh
2	6387	c.sh	8	15	38	c.sh x8, 38(x15)	0xb3e2	0xe003	0xa002	c.sh
2	6388	c.sh	8	15	40	c.sh x8, 40(x15)	0xb782	0xe003	0xa002	c.sh
2	6389	c.sh	8	15	42	c.sh x8, 42(x15)	0xb7a2	0xe003	0xa002	c.sh
2	6390	c.sh	8	15	44	c.sh x8, 44(x15)	0xb7c2	0xe003	0xa002	c.sh
2	6391	c.sh	8	15	46	c.sh x8, 46(x15)	0xb7e2	0xe003	0xa002	c.sh
2	6392	c.sh	8	15	48	c.sh x8, 48(x15)	0xbb82	0xe003	0xa002	c.sh
2	6393	c.sh	8	15	50	c.sh x8, 50(x15)	0xbba2	0xe003	0xa002	c.sh
2	6394	c.sh	8	15	52	c.sh x8, 52(x15)	0xbbc2	0xe003	0xa002	c.sh
2	6395	c.sh	8	15	54	c.sh x8, 54(x15)	0xbbe2	0xe003	0xa002	c.sh
2	6396	c.sh	8	15	56	c.sh x8, 56(x15)	0xbf82	0xe003	0xa002	c.sh
2	6397	c.sh	8	15	58	c.sh x8, 58(x15)	0xbfa2	0xe003	0xa002	c.sh
2	6398	c.sh	8	15	60	c.sh x8, 60(x15)	0xbfc2	0xe003	0xa002	c.sh
2	6399	c.sh	8	15	62	c.sh x8, 62(x15)	0xbfe2	0xe003	0xa002	c.sh
2	6400	c.sh	9	8	0	c.sh x9, 0(x8)	0xa006	0xe003	0xa002	c.sh
2	6401	c.sh	9	8	2	c.sh x9, 2(x8)	0xa026	0xe003	0xa002	c.sh
2	6402	c.sh	9	8	4	c.sh x9, 4(x8)	0xa046	0xe003	0xa002	c.sh
2	6403	c.sh	9	8	6	c.sh x9, 6(x8)	0xa066	0xe003	0xa002	c.sh
2	6404	c.sh	9	8	8	c.sh x9, 8(x8)	0xa406	0xe003	0xa002	c.sh
2	6405	c.sh	9	8	10	c.sh x9, 10(x8)	0xa426	0xe003	0xa002	c.sh
2	6406	c.sh	9	8	12	c.sh x9, 12(x8)	0xa446	0xe003	0xa002	c.sh
2	6407	c.sh	9	8	14	c.sh x9, 14(x8)	0xa466	0xe003	0xa002	c.sh
2	6408	c.sh	9	8	16	c.sh x9, 16(x8)	0xa806	0xe003	0xa002	c.sh
2	6409	c.sh	9	8	18	c.sh x9, 18(x8)	0xa826	0xe003	0xa002	c.sh
2	6410	c.sh	9	8	20	c.sh x9, 20(x8)	0xa846	0xe003	0xa002	c.sh
2	6411	c.sh	9	8	22	c.sh x9, 22(x8)	0xa866	0xe003	0xa002	c.sh
2	6412	c.sh	9	8	24	c.sh x9, 24(x8)	0xac06	0xe003	0xa002	c.sh
2	6413	c.sh	9	8	26	c.sh x9, 26(x8)	0xac26	0xe003	0xa002	c.sh
2	6414	c.sh	9	8	28	c.sh x9, 28(x8)	0xac46	0xe003	0xa002	c.sh
2	6415	c.sh	9	8	30	c.sh x9, 30(x8)	0xac66	0xe003	0xa002	c.sh
2	6416	c.sh	9	8	32	c.sh x9, 32(x8)	0xb006	0xe003	0xa002	c.sh
2	6417	c.sh	9	8	34	c.sh x9, 34(x8)	0xb026	0xe003	0xa002	c.sh
2	6418	c.sh	9	8	36	c.sh x9, 36(x8)	0xb046	0xe003	0xa002	c.sh
2	6419	c.sh	9	8	38	c.sh x9, 38(x8)	0xb066	0xe003	0xa002	c.sh
2	6420	c.sh	9	8	40	c.sh x9, 40(x8)	0xb406	0xe003	0xa002	c.sh
2	6421	c.sh	9	8	42	c.sh x9, 42(x8)	0xb426	0xe003	0xa002	c.sh
2	6422	c.sh	9	8	44	c.sh x9, 44(x8)	0xb446	0xe003	0xa002	c.sh
2	6423	c.sh	9	8	46	c.sh x9, 46(x8)	0xb466	0xe003	0xa002	c.sh
2	6424	c.sh	9	8	48	c.sh x9, 48(x8)	0xb806	0xe003	0xa002	c.sh
2	6425	c.sh	9	8	50	c.sh x9, 50(x8)	0xb826	0xe003	0xa002	c.sh
2	6426	c.sh	9	8	52	c.sh x9, 52(x8)	0xb846	0xe003	0xa002	c.sh
2	6427	c.sh	9	8	54	c.sh x9, 54(x8)	0xb866	0xe003	0xa002	c.sh
2	6428	c.sh	9	8	56	c.sh x9, 56(x8)	0xbc06	0xe003	0xa002	c.sh
2	6429	c.sh	9	8	58	c.sh x9, 58(x8)	0xbc26	0xe003	0xa002	c.sh
2	6430	c.sh	9	8	60	c.sh x9, 60(x8)	0xbc46	0xe003	0xa002	c.sh
2	6431	c.sh	9	8	62	c.sh x9, 62(x8)	0xbc66	0xe003	0xa002	c.sh
2	6432	c.sh	9	9	0	c.sh x9, 0(x9)	0xa086	0xe003	0xa002	c.sh
2	6433	c.sh	9	9	2	c.sh x9, 2(x9)	0xa0a6	0xe003	0xa002	c.sh
2	6434	c.sh	9	9	4	c.sh x9, 4(x9)	0xa0c6	0xe003	0xa002	c.sh
2	6435	c.sh	9	9	6	c.sh x9, 6(x9)	0xa0e6	0xe003	0xa002	c.sh
2	6436	c.sh	9	9	8	c.sh x9, 8(x9)	0xa486	0xe003	0xa002	c.sh
2	6437	c.sh	9	9	10	c.sh x9, 10(x9)	0xa4a6	0xe003	0xa002	c.sh
2	6438	c.sh	9	9	12	c.sh x9, 12(x9)	0xa4c6	0xe003	0xa002	c.sh
2	6439	c.sh	9	9	14	c.sh x9, 14(x9)	0xa4e6	0xe003	0xa002	c.sh
2	6440	c.sh	9	9	16	c.sh x9, 16(x9)	0xa886	0xe003	0xa002	c.sh
2	6441	c.sh	9	9	18	c.sh x9, 18(x9)	0xa8a6	0xe003	0xa002	c.sh
2	6442	c.sh	9	9	20	c.sh x9, 20(x9)	0xa8c6	0xe003	0xa002	c.sh
2	6443	c.sh	9	9	22	c.sh x9, 22(x9)	0xa8e6	0xe003	0xa002	c.sh
2	6444	c.sh	9	9	24	c.sh x9, 24(x9)	0xac86	0xe003	0xa002	c.sh
2	6445	c.sh	9	9	26	c.sh x9, 26(x9)	0xaca6	0xe003	0xa002	c.sh
2	6446	c.sh	9	9	28	c.sh x9, 28(x9)	0xacc6	0xe003	0xa002	c.sh
2	6447	c.sh	9	9	30	c.sh x9, 30(x9)	0xace6	0xe003	0xa002	c.sh
2	6448	c.sh	9	9	32	c.sh x9, 32(x9)	0xb086	0xe003	0xa002	c.sh
2	6449	c.sh	9	9	34	c.sh x9, 34(x9)	0xb0a6	0xe003	0xa002	c.sh
2	6450	c.sh	9	9	36	c.sh x9, 36(x9)	0xb0c6	0xe003	0xa002	c.sh
2	6451	c.sh	9	9	38	c.sh x9, 38(x9)	0xb0e6	0xe003	0xa002	c.sh
2	6452	c.sh	9	9	40	c.sh x9, 40(x9)	0xb486	0xe003	0xa002	c.sh
2	6453	c.sh	9	9	42	c.sh x9, 42(x9)	0xb4a6	0xe003	0xa002	c.sh
2	6454	c.sh	9	9	44	c.sh x9, 44(x9)	0xb4c6	0xe003	0xa002	c.sh
2	6455	c.sh	9	9	46	c.sh x9, 46(x9)	0xb4e6	0xe003	0xa002	c.sh
2	6456	c.sh	9	9	48	c.sh x9, 48(x9)	0xb886	0xe003	0xa002	c.sh
2	6457	c.sh	9	9	50	c.sh x9, 50(x9)	0xb8a6	0xe003	0xa002	c.sh
2	6458	c.sh	9	9	52	c.sh x9, 52(x9)	0xb8c6	0xe003	0xa002	c.sh
2	6459	c.sh	9	9	54	c.sh x9, 54(x9)	0xb8e6	0xe003	0xa002	c.sh
2	6460	c.sh	9	9	56	c.sh x9, 56(x9)	0xbc86	0xe003	0xa002	c.sh
2	6461	c.sh	9	9	58	c.sh x9, 58(x9)	0xbca6	0xe003	0xa002	c.sh
2	6462	c.sh	9	9	60	c.sh x9, 60(x9)	0xbcc6	0xe003	0xa002	c.sh
2	6463	c.sh	9	9	62	c.sh x9, 62(x9)	0xbce6	0xe003	0xa002	c.sh
2	6464	c.sh	9	10	0	c.sh x9, 0(x10)	0xa106	0xe003	0xa002	c.sh
2	6465	c.sh	9	10	2	c.sh x9, 2(x10)	0xa126	0xe003	0xa002	c.sh
2	6466	c.sh	9	10	4	c.sh x9, 4(x10)	0xa146	0xe003	0xa002	c.sh
2	6467	c.sh	9	10	6	c.sh x9, 6(x10)	0xa166	0xe003	0xa002	c.sh
2	6468	c.sh	9	10	8	c.sh x9, 8(x10)	0xa506	0xe003	0xa002	c.sh
2	6469	c.sh	9	10	10	c.sh x9, 10(x10)	0xa526	0xe003	0xa002	c.sh
2	6470	c.sh	9	10	12	c.sh x9, 12(x10)	0xa546	0xe003	0xa002	c.sh
2	6471	c.sh	9	10	14	c.sh x9, 14(x10)	0xa566	0xe003	0xa002	c.sh
2	6472	c.sh	9	10	16	c.sh x9, 16(x10)	0xa906	0xe003	0xa002	c.sh
2	6473	c.sh	9	10	18	c.sh x9, 18(x10)	0xa926	0xe003	0xa002	c.sh
2	6474	c.sh	9	10	20	c.sh x9, 20(x10)	0xa946	0xe003	0xa002	c.sh
2	6475	c.sh	9	10	22	c.sh x9, 22(x10)	0xa966	0xe003	0xa002	c.sh
2	6476	c.sh	9	10	24	c.sh x9, 24(x10)	0xad06	0xe003	0xa002	c.sh
2	6477	c.sh	9	10	26	c.sh x9, 26(x10)	0xad26	0xe003	0xa002	c.sh
2	6478	c.sh	9	10	28	c.sh x9, 28(x10)	0xad46	0xe003	0xa002	c.sh
2	6479	c.sh	9	10	30	c.sh x9, 30(x10)	0xad66	0xe003	0xa002	c.sh
2	6480	c.sh	9	10	32	c.sh x9, 32(x10)	0xb106	0xe003	0xa002	c.sh
2	6481	c.sh	9	10	34	c.sh x9, 34(x10)	0xb126	0xe003	0xa002	c.sh
2	6482	c.sh	9	10	36	c.sh x9, 36(x10)	0xb146	0xe003	0xa002	c.sh
2	6483	c.sh	9	10	38	c.sh x9, 38(x10)	0xb166	0xe003	0xa002	c.sh
2	6484	c.sh	9	10	40	c.sh x9, 40(x10)	0xb506	0xe003	0xa002	c.sh
2	6485	c.sh	9	10	42	c.sh x9, 42(x10)	0xb526	0xe003	0xa002	c.sh
2	6486	c.sh	9	10	44	c.sh x9, 44(x10)	0xb546	0xe003	0xa002	c.sh
2	6487	c.sh	9	10	46	c.sh x9, 46(x10)	0xb566	0xe003	0xa002	c.sh
2	6488	c.sh	9	10	48	c.sh x9, 48(x10)	0xb906	0xe003	0xa002	c.sh
2	6489	c.sh	9	10	50	c.sh x9, 50(x10)	0xb926	0xe003	0xa002	c.sh
2	6490	c.sh	9	10	52	c.sh x9, 52(x10)	0xb946	0xe003	0xa002	c.sh
2	6491	c.sh	9	10	54	c.sh x9, 54(x10)	0xb966	0xe003	0xa002	c.sh
2	6492	c.sh	9	10	56	c.sh x9, 56(x10)	0xbd06	0xe003	0xa002	c.sh
2	6493	c.sh	9	10	58	c.sh x9, 58(x10)	0xbd26	0xe003	0xa002	c.sh
2	6494	c.sh	9	10	60	c.sh x9, 60(x10)	0xbd46	0xe003	0xa002	c.sh
2	6495	c.sh	9	10	62	c.sh x9, 62(x10)	0xbd66	0xe003	0xa002	c.sh
2	6496	c.sh	9	11	0	c.sh x9, 0(x11)	0xa186	0xe003	0xa002	c.sh
2	6497	c.sh	9	11	2	c.sh x9, 2(x11)	0xa1a6	0xe003	0xa002	c.sh
2	6498	c.sh	9	11	4	c.sh x9, 4(x11)	0xa1c6	0xe003	0xa002	c.sh
2	6499	c.sh	9	11	6	c.sh x9, 6(x11)	0xa1e6	0xe003	0xa002	c.sh
2	6500	c.sh	9	11	8	c.sh x9, 8(x11)	0xa586	0xe003	0xa002	c.sh
2	6501	c.sh	9	11	10	c.sh x9, 10(x11)	0xa5a6	0xe003	0xa002	c.sh
2	6502	c.sh	9	11	12	c.sh x9, 12(x11)	0xa5c6	0xe003	0xa002	c.sh
2	6503	c.sh	9	11	14	c.sh x9, 14(x11)	0xa5e6	0xe003	0xa002	c.sh
2	6504	c.sh	9	11	16	c.sh x9, 16(x11)	0xa986	0xe003	0xa002	c.sh
2	6505	c.sh	9	11	18	c.sh x9, 18(x11)	0xa9a6	0xe003	0xa002	c.sh
2	6506	c.sh	9	11	20	c.sh x9, 20(x11)	0xa9c6	0xe003	0xa002	c.sh
2	6507	c.sh	9	11	22	c.sh x9, 22(x11)	0xa9e6	0xe003	0xa002	c.sh
2	6508	c.sh	9	11	24	c.sh x9, 24(x11)	0xad86	0xe003	0xa002	c.sh
2	6509	c.sh	9	11	26	c.sh x9, 26(x11)	0xada6	0xe003	0xa002	c.sh
2	6510	c.sh	9	11	28	c.sh x9, 28(x11)	0xadc6	0xe003	0xa002	c.sh
2	6511	c.sh	9	11	30	c.sh x9, 30(x11)	0xade6	0xe003	0xa002	c.sh
2	6512	c.sh	9	11	32	c.sh x9, 32(x11)	0xb186	0xe003	0xa002	c.sh
2	6513	c.sh	9	11	34	c.sh x9, 34(x11)	0xb1a6	0xe003	0xa002	c.sh
2	6514	c.sh	9	11	36	c.sh x9, 36(x11)	0xb1c6	0xe003	0xa002	c.sh
2	6515	c.sh	9	11	38	c.sh x9, 38(x11)	0xb1e6	0xe003	0xa002	c.sh
2	6516	c.sh	9	11	40	c.sh x9, 40(x11)	0xb586	0xe003	0xa002	c.sh
2	6517	c.sh	9	11	42	c.sh x9, 42(x11)	0xb5a6	0xe003	0xa002	c.sh
2	6518	c.sh	9	11	44	c.sh x9, 44(x11)	0xb5c6	0xe003	0xa002	c.sh
2	6519	c.sh	9	11	46	c.sh x9, 46(x11)	0xb5e6	0xe003	0xa002	c.sh
2	6520	c.sh	9	11	48	c.sh x9, 48(x11)	0xb986	0xe003	0xa002	c.sh
2	6521	c.sh	9	11	50	c.sh x9, 50(x11)	0xb9a6	0xe003	0xa002	c.sh
2	6522	c.sh	9	11	52	c.sh x9, 52(x11)	0xb9c6	0xe003	0xa002	c.sh
2	6523	c.sh	9	11	54	c.sh x9, 54(x11)	0xb9e6	0xe003	0xa002	c.sh
2	6524	c.sh	9	11	56	c.sh x9, 56(x11)	0xbd86	0xe003	0xa002	c.sh
2	6525	c.sh	9	11	58	c.sh x9, 58(x11)	0xbda6	0xe003	0xa002	c.sh
2	6526	c.sh	9	11	60	c.sh x9, 60(x11)	0xbdc6	0xe003	0xa002	c.sh
2	6527	c.sh	9	11	62	c.sh x9, 62(x11)	0xbde6	0xe003	0xa002	c.sh
2	6528	c.sh	9	12	0	c.sh x9, 0(x12)	0xa206	0xe003	0xa002	c.sh
2	6529	c.sh	9	12	2	c.sh x9, 2(x12)	0xa226	0xe003	0xa002	c.sh
2	6530	c.sh	9	12	4	c.sh x9, 4(x12)	0xa246	0xe003	0xa002	c.sh
2	6531	c.sh	9	12	6	c.sh x9, 6(x12)	0xa266	0xe003	0xa002	c.sh
2	6532	c.sh	9	12	8	c.sh x9, 8(x12)	0xa606	0xe003	0xa002	c.sh
2	6533	c.sh	9	12	10	c.sh x9, 10(x12)	0xa626	0xe003	0xa002	c.sh
2	6534	c.sh	9	12	12	c.sh x9, 12(x12)	0xa646	0xe003	0xa002	c.sh
2	6535	c.sh	9	12	14	c.sh x9, 14(x12)	0xa666	0xe003	0xa002	c.sh
2	6536	c.sh	9	12	16	c.sh x9, 16(x12)	0xaa06	0xe003	0xa002	c.sh
2	6537	c.sh	9	12	18	c.sh x9, 18(x12)	0xaa26	0xe003	0xa002	c.sh
2	6538	c.sh	9	12	20	c.sh x9, 20(x12)	0xaa46	0xe003	0xa002	c.sh
2	6539	c.sh	9	12	22	c.sh x9, 22(x12)	0xaa66	0xe003	0xa002	c.sh
2	6540	c.sh	9	12	24	c.sh x9, 24(x12)	0xae06	0xe003	0xa002	c.sh
2	6541	c.sh	9	12	26	c.sh x9, 26(x12)	0xae26	0xe003	0xa002	c.sh
2	6542	c.sh	9	12	28	c.sh x9, 28(x12)	0xae46	0xe003	0xa002	c.sh
2	6543	c.sh	9	12	30	c.sh x9, 30(x12)	0xae66	0xe003	0xa002	c.sh
2	6544	c.sh	9	12	32	c.sh x9, 32(x12)	0xb206	0xe003	0xa002	c.sh
2	6545	c.sh	9	12	34	c.sh x9, 34(x12)	0xb226	0xe003	0xa002	c.sh
2	6546	c.sh	9	12	36	c.sh x9, 36(x12)	0xb246	0xe003	0xa002	c.sh
2	6547	c.sh	9	12	38	c.sh x9, 38(x12)	0xb266	0xe003	0xa002	c.sh
2	6548	c.sh	9	12	40	c.sh x9, 40(x12)	0xb606	0xe003	0xa002	c.sh
2	6549	c.sh	9	12	42	c.sh x9, 42(x12)	0xb626	0xe003	0xa002	c.sh
2	6550	c.sh	9	12	44	c.sh x9, 44(x12)	0xb646	0xe003	0xa002	c.sh
2	6551	c.sh	9	12	46	c.sh x9, 46(x12)	0xb666	0xe003	0xa002	c.sh
2	6552	c.sh	9	12	48	c.sh x9, 48(x12)	0xba06	0xe003	0xa002	c.sh
2	6553	c.sh	9	12	50	c.sh x9, 50(x12)	0xba26	0xe003	0xa002	c.sh
2	6554	c.sh	9	12	52	c.sh x9, 52(x12)	0xba46	0xe003	0xa002	c.sh
2	6555	c.sh	9	12	54	c.sh x9, 54(x12)	0xba66	0xe003	0xa002	c.sh
2	6556	c.sh	9	12	56	c.sh x9, 56(x12)	0xbe06	0xe003	0xa002	c.sh
2	6557	c.sh	9	12	58	c.sh x9, 58(x12)	0xbe26	0xe003	0xa002	c.sh
2	6558	c.sh	9	12	60	c.sh x9, 60(x12)	0xbe46	0xe003	0xa002	c.sh
2	6559	c.sh	9	12	62	c.sh x9, 62(x12)	0xbe66	0xe003	0xa002	c.sh
2	6560	c.sh	9	13	0	c.sh x9, 0(x13)	0xa286	0xe003	0xa002	c.sh
2	6561	c.sh	9	13	2	c.sh x9, 2(x13)	0xa2a6	0xe003	0xa002	c.sh
2	6562	c.sh	9	13	4	c.sh x9, 4(x13)	0xa2c6	0xe003	0xa002	c.sh
2	6563	c.sh	9	13	6	c.sh x9, 6(x13)	0xa2e6	0xe003	0xa002	c.sh
2	6564	c.sh	9	13	8	c.sh x9, 8(x13)	0xa686	0xe003	0xa002	c.sh
2	6565	c.sh	9	13	10	c.sh x9, 10(x13)	0xa6a6	0xe003	0xa002	c.sh
2	6566	c.sh	9	13	12	c.sh x9, 12(x13)	0xa6c6	0xe003	0xa002	c.sh
2	6567	c.sh	9	13	14	c.sh x9, 14(x13)	0xa6e6	0xe003	0xa002	c.sh
2	6568	c.sh	9	13	16	c.sh x9, 16(x13)	0xaa86	0xe003	0xa002	c.sh
2	6569	c.sh	9	13	18	c.sh x9, 18(x13)	0xaaa6	0xe003	0xa002	c.sh
2	6570	c.sh	9	13	20	c.sh x9, 20(x13)	0xaac6	0xe003	0xa002	c.sh
2	6571	c.sh	9	13	22	c.sh x9, 22(x13)	0xaae6	0xe003	0xa002	c.sh
2	6572	c.sh	9	13	24	c.sh x9, 24(x13)	0xae86	0xe003	0xa002	c.sh
2	6573	c.sh	9	13	26	c.sh x9, 26(x13)	0xaea6	0xe003	0xa002	c.sh
2	6574	c.sh	9	13	28	c.sh x9, 28(x13)	0xaec6	0xe003	0xa002	c.sh
2	6575	c.sh	9	13	30	c.sh x9, 30(x13)	0xaee6	0xe003	0xa002	c.sh
2	6576	c.sh	9	13	32	c.sh x9, 32(x13)	0xb286	0xe003	0xa002	c.sh
2	6577	c.sh	9	13	34	c.sh x9, 34(x13)	0xb2a6	0xe003	0xa002	c.sh
2	6578	c.sh	9	13	36	c.sh x9, 36(x13)	0xb2c6	0xe003	0xa002	c.sh
2	6579	c.sh	9	13	38	c.sh x9, 38(x13)	0xb2e6	0xe003	0xa002	c.sh
2	6580	c.sh	9	13	40	c.sh x9, 40(x13)	0xb686	0xe003	0xa002	c.sh
2	6581	c.sh	9	13	42	c.sh x9, 42(x13)	0xb6a6	0xe003	0xa002	c.sh
2	6582	c.sh	9	13	44	c.sh x9, 44(x13)	0xb6c6	0xe003	0xa002	c.sh
2	6583	c.sh	9	13	46	c.sh x9, 46(x13)	0xb6e6	0xe003	0xa002	c.sh
2	6584	c.sh	9	13	48	c.sh x9, 48(x13)	0xba86	0xe003	0xa002	c.sh
2	6585	c.sh	9	13	50	c.sh x9, 50(x13)	0xbaa6	0xe003	0xa002	c.sh
2	6586	c.sh	9	13	52	c.sh x9, 52(x13)	0xbac6	0xe003	0xa002	c.sh
2	6587	c.sh	9	13	54	c.sh x9, 54(x13)	0xbae6	0xe003	0xa002	c.sh
2	6588	c.sh	9	13	56	c.sh x9, 56(x13)	0xbe86	0xe003	0xa002	c.sh
2	6589	c.sh	9	13	58	c.sh x9, 58(x13)	0xbea6	0xe003	0xa002	c.sh
2	6590	c.sh	9	13	60	c.sh x9, 60(x13)	0xbec6	0xe003	0xa002	c.sh
2	6591	c.sh	9	13	62	c.sh x9, 62(x13)	0xbee6	0xe003	0xa002	c.sh
2	6592	c.sh	9	14	0	c.sh x9, 0(x14)	0xa306	0xe003	0xa002	c.sh
2	6593	c.sh	9	14	2	c.sh x9, 2(x14)	0xa326	0xe003	0xa002	c.sh
2	6594	c.sh	9	14	4	c.sh x9, 4(x14)	0xa346	0xe003	0xa002	c.sh
2	6595	c.sh	9	14	6	c.sh x9, 6(x14)	0xa366	0xe003	0xa002	c.sh
2	6596	c.sh	9	14	8	c.sh x9, 8(x14)	0xa706	0xe003	0xa002	c.sh
2	6597	c.sh	9	14	10	c.sh x9, 10(x14)	0xa726	0xe003	0xa002	c.sh
2	6598	c.sh	9	14	12	c.sh x9, 12(x14)	0xa746	0xe003	0xa002	c.sh
2	6599	c.sh	9	14	14	c.sh x9, 14(x14)	0xa766	0xe003	0xa002	c.sh
2	6600	c.sh	9	14	16	c.sh x9, 16(x14)	0xab06	0xe003	0xa002	c.sh
2	6601	c.sh	9	14	18	c.sh x9, 18(x14)	0xab26	0xe003	0xa002	c.sh
2	6602	c.sh	9	14	20	c.sh x9, 20(x14)	0xab46	0xe003	0xa002	c.sh
2	6603	c.sh	9	14	22	c.sh x9, 22(x14)	0xab66	0xe003	0xa002	c.sh
2	6604	c.sh	9	14	24	c.sh x9, 24(x14)	0xaf06	0xe003	0xa002	c.sh
2	6605	c.sh	9	14	26	c.sh x9, 26(x14)	0xaf26	0xe003	0xa002	c.sh
2	6606	c.sh	9	14	28	c.sh x9, 28(x14)	0xaf46	0xe003	0xa002	c.sh
2	6607	c.sh	9	14	30	c.sh x9, 30(x14)	0xaf66	0xe003	0xa002	c.sh
2	6608	c.sh	9	14	32	c.sh x9, 32(x14)	0xb306	0xe003	0xa002	c.sh
2	6609	c.sh	9	14	34	c.sh x9, 34(x14)	0xb326	0xe003	0xa002	c.sh
2	6610	c.sh	9	14	36	c.sh x9, 36(x14)	0xb346	0xe003	0xa002	c.sh
2	6611	c.sh	9	14	38	c.sh x9, 38(x14)	0xb366	0xe003	0xa002	c.sh
2	6612	c.sh	9	14	40	c.sh x9, 40(x14)	0xb706	0xe003	0xa002	c.sh
2	6613	c.sh	9	14	42	c.sh x9, 42(x14)	0xb726	0xe003	0xa002	c.sh
2	6614	c.sh	9	14	44	c.sh x9, 44(x14)	0xb746	0xe003	0xa002	c.sh
2	6615	c.sh	9	14	46	c.sh x9, 46(x14)	0xb766	0xe003	0xa002	c.sh
2	6616	c.sh	9	14	48	c.sh x9, 48(x14)	0xbb06	0xe003	0xa002	c.sh
2	6617	c.sh	9	14	50	c.sh x9, 50(x14)	0xbb26	0xe003	0xa002	c.sh
2	6618	c.sh	9	14	52	c.sh x9, 52(x14)	0xbb46	0xe003	0xa002	c.sh
2	6619	c.sh	9	14	54	c.sh x9, 54(x14)	0xbb66	0xe003	0xa002	c.sh
2	6620	c.sh	9	14	56	c.sh x9, 56(x14)	0xbf06	0xe003	0xa002	c.sh
2	6621	c.sh	9	14	58	c.sh x9, 58(x14)	0xbf26	0xe003	0xa002	c.sh
2	6622	c.sh	9	14	60	c.sh x9, 60(x14)	0xbf46	0xe003	0xa002	c.sh
2	6623	c.sh	9	14	62	c.sh x9, 62(x14)	0xbf66	0xe003	0xa002	c.sh
2	6624	c.sh	9	15	0	c.sh x9, 0(x15)	0xa386	0xe003	0xa002	c.sh
2	6625	c.sh	9	15	2	c.sh x9, 2(x15)	0xa3a6	0xe003	0xa002	c.sh
2	6626	c.sh	9	15	4	c.sh x9, 4(x15)	0xa3c6	0xe003	0xa002	c.sh
2	6627	c.sh	9	15	6	c.sh x9, 6(x15)	0xa3e6	0xe003	0xa002	c.sh
2	6628	c.sh	9	15	8	c.sh x9, 8(x15)	0xa786	0xe003	0xa002	c.sh
2	6629	c.sh	9	15	10	c.sh x9, 10(x15)	0xa7a6	0xe003	0xa002	c.sh
2	6630	c.sh	9	15	12	c.sh x9, 12(x15)	0xa7c6	0xe003	0xa002	c.sh
2	6631	c.sh	9	15	14	c.sh x9, 14(x15)	0xa7e6	0xe003	0xa002	c.sh
2	6632	c.sh	9	15	16	c.sh x9, 16(x15)	0xab86	0xe003	0xa002	c.sh
2	6633	c.sh	9	15	18	c.sh x9, 18(x15)	0xaba6	0xe003	0xa002	c.sh
2	6634	c.sh	9	15	20	c.sh x9, 20(x15)	0xabc6	0xe003	0xa002	c.sh
2	6635	c.sh	9	15	22	c.sh x9, 22(x15)	0xabe6	0xe003	0xa002	c.sh
2	6636	c.sh	9	15	24	c.sh x9, 24(x15)	0xaf86	0xe003	0xa002	c.sh
2	6637	c.sh	9	15	26	c.sh x9, 26(x15)	0xafa6	0xe003	0xa002	c.sh
2	6638	c.sh	9	15	28	c.sh x9, 28(x15)	0xafc6	0xe003	0xa002	c.sh
2	6639	c.sh	9	15	30	c.sh x9, 30(x15)	0xafe6	0xe003	0xa002	c.sh
2	6640	c.sh	9	15	32	c.sh x9, 32(x15)	0xb386	0xe003	0xa002	c.sh
2	6641	c.sh	9	15	34	c.sh x9, 34(x15)	0xb3a6	0xe003	0xa002	c.sh
2	6642	c.sh	9	15	36	c.sh x9, 36(x15)	0xb3c6	0xe003	0xa002	c.sh
2	6643	c.sh	9	15	38	c.sh x9, 38(x15)	0xb3e6	0xe003	0xa002	c.sh
2	6644	c.sh	9	15	40	c.sh x9, 40(x15)	0xb786	0xe003	0xa002	c.sh
2	6645	c.sh	9	15	42	c.sh x9, 42(x15)	0xb7a6	0xe003	0xa002	c.sh
2	6646	c.sh	9	15	44	c.sh x9, 44(x15)	0xb7c6	0xe003	0xa002	c.sh
2	6647	c.sh	9	15	46	c.sh x9, 46(x15)	0xb7e6	0xe003	0xa002	c.sh
2	6648	c.sh	9	15	48	c.sh x9, 48(x15)	0xbb86	0xe003	0xa002	c.sh
2	6649	c.sh	9	15	50	c.sh x9, 50(x15)	0xbba6	0xe003	0xa002	c.sh
2	6650	c.sh	9	15	52	c.sh x9, 52(x15)	0xbbc6	0xe003	0xa002	c.sh
2	6651	c.sh	9	15	54	c.sh x9, 54(x15)	0xbbe6	0xe003	0xa002	c.sh
2	6652	c.sh	9	15	56	c.sh x9, 56(x15)	0xbf86	0xe003	0xa002	c.sh
2	6653	c.sh	9	15	58	c.sh x9, 58(x15)	0xbfa6	0xe003	0xa002	c.sh
2	6654	c.sh	9	15	60	c.sh x9, 60(x15)	0xbfc6	0xe003	0xa002	c.sh
2	6655	c.sh	9	15	62	c.sh x9, 62(x15)	0xbfe6	0xe003	0xa002	c.sh
2	6656	c.sh	10	8	0	c.sh x10, 0(x8)	0xa00a	0xe003	0xa002	c.sh
2	6657	c.sh	10	8	2	c.sh x10, 2(x8)	0xa02a	0xe003	0xa002	c.sh
2	6658	c.sh	10	8	4	c.sh x10, 4(x8)	0xa04a	0xe003	0xa002	c.sh
2	6659	c.sh	10	8	6	c.sh x10, 6(x8)	0xa06a	0xe003	0xa002	c.sh
2	6660	c.sh	10	8	8	c.sh x10, 8(x8)	0xa40a	0xe003	0xa002	c.sh
2	6661	c.sh	10	8	10	c.sh x10, 10(x8)	0xa42a	0xe003	0xa002	c.sh
2	6662	c.sh	10	8	12	c.sh x10, 12(x8)	0xa44a	0xe003	0xa002	c.sh
2	6663	c.sh	10	8	14	c.sh x10, 14(x8)	0xa46a	0xe003	0xa002	c.sh
2	6664	c.sh	10	8	16	c.sh x10, 16(x8)	0xa80a	0xe003	0xa002	c.sh
2	6665	c.sh	10	8	18	c.sh x10, 18(x8)	0xa82a	0xe003	0xa002	c.sh
2	6666	c.sh	10	8	20	c.sh x10, 20(x8)	0xa84a	0xe003	0xa002	c.sh
2	6667	c.sh	10	8	22	c.sh x10, 22(x8)	0xa86a	0xe003	0xa002	c.sh
2	6668	c.sh	10	8	24	c.sh x10, 24(x8)	0xac0a	0xe003	0xa002	c.sh
2	6669	c.sh	10	8	26	c.sh x10, 26(x8)	0xac2a	0xe003	0xa002	c.sh
2	6670	c.sh	10	8	28	c.sh x10, 28(x8)	0xac4a	0xe003	0xa002	c.sh
2	6671	c.sh	10	8	30	c.sh x10, 30(x8)	0xac6a	0xe003	0xa002	c.sh
2	6672	c.sh	10	8	32	c.sh x10, 32(x8)	0xb00a	0xe003	0xa002	c.sh
2	6673	c.sh	10	8	34	c.sh x10, 34(x8)	0xb02a	0xe003	0xa002	c.sh
2	6674	c.sh	10	8	36	c.sh x10, 36(x8)	0xb04a	0xe003	0xa002	c.sh
2	6675	c.sh	10	8	38	c.sh x10, 38(x8)	0xb06a	0xe003	0xa002	c.sh
2	6676	c.sh	10	8	40	c.sh x10, 40(x8)	0xb40a	0xe003	0xa002	c.sh
2	6677	c.sh	10	8	42	c.sh x10, 42(x8)	0xb42a	0xe003	0xa002	c.sh
2	6678	c.sh	10	8	44	c.sh x10, 44(x8)	0xb44a	0xe003	0xa002	c.sh
2	6679	c.sh	10	8	46	c.sh x10, 46(x8)	0xb46a	0xe003	0xa002	c.sh
2	6680	c.sh	10	8	48	c.sh x10, 48(x8)	0xb80a	0xe003	0xa002	c.sh
2	6681	c.sh	10	8	50	c.sh x10, 50(x8)	0xb82a	0xe003	0xa002	c.sh
2	6682	c.sh	10	8	52	c.sh x10, 52(x8)	0xb84a	0xe003	0xa002	c.sh
2	6683	c.sh	10	8	54	c.sh x10, 54(x8)	0xb86a	0xe003	0xa002	c.sh
2	6684	c.sh	10	8	56	c.sh x10, 56(x8)	0xbc0a	0xe003	0xa002	c.sh
2	6685	c.sh	10	8	58	c.sh x10, 58(x8)	0xbc2a	0xe003	0xa002	c.sh
2	6686	c.sh	10	8	60	c.sh x10, 60(x8)	0xbc4a	0xe003	0xa002	c.sh
2	6687	c.sh	10	8	62	c.sh x10, 62(x8)	0xbc6a	0xe003	0xa002	c.sh
2	6688	c.sh	10	9	0	c.sh x10, 0(x9)	0xa08a	0xe003	0xa002	c.sh
2	6689	c.sh	10	9	2	c.sh x10, 2(x9)	0xa0aa	0xe003	0xa002	c.sh
2	6690	c.sh	10	9	4	c.sh x10, 4(x9)	0xa0ca	0xe003	0xa002	c.sh
2	6691	c.sh	10	9	6	c.sh x10, 6(x9)	0xa0ea	0xe003	0xa002	c.sh
2	6692	c.sh	10	9	8	c.sh x10, 8(x9)	0xa48a	0xe003	0xa002	c.sh
2	6693	c.sh	10	9	10	c.sh x10, 10(x9)	0xa4aa	0xe003	0xa002	c.sh
2	6694	c.sh	10	9	12	c.sh x10, 12(x9)	0xa4ca	0xe003	0xa002	c.sh
2	6695	c.sh	10	9	14	c.sh x10, 14(x9)	0xa4ea	0xe003	0xa002	c.sh
2	6696	c.sh	10	9	16	c.sh x10, 16(x9)	0xa88a	0xe003	0xa002	c.sh
2	6697	c.sh	10	9	18	c.sh x10, 18(x9)	0xa8aa	0xe003	0xa002	c.sh
2	6698	c.sh	10	9	20	c.sh x10, 20(x9)	0xa8ca	0xe003	0xa002	c.sh
2	6699	c.sh	10	9	22	c.sh x10, 22(x9)	0xa8ea	0xe003	0xa002	c.sh
2	6700	c.sh	10	9	24	c.sh x10, 24(x9)	0xac8a	0xe003	0xa002	c.sh
2	6701	c.sh	10	9	26	c.sh x10, 26(x9)	0xacaa	0xe003	0xa002	c.sh
2	6702	c.sh	10	9	28	c.sh x10, 28(x9)	0xacca	0xe003	0xa002	c.sh
2	6703	c.sh	10	9	30	c.sh x10, 30(x9)	0xacea	0xe003	0xa002	c.sh
2	6704	c.sh	10	9	32	c.sh x10, 32(x9)	0xb08a	0xe003	0xa002	c.sh
2	6705	c.sh	10	9	34	c.sh x10, 34(x9)	0xb0aa	0xe003	0xa002	c.sh
2	6706	c.sh	10	9	36	c.sh x10, 36(x9)	0xb0ca	0xe003	0xa002	c.sh
2	6707	c.sh	10	9	38	c.sh x10, 38(x9)	0xb0ea	0xe003	0xa002	c.sh
2	6708	c.sh	10	9	40	c.sh x10, 40(x9)	0xb48a	0xe003	0xa002	c.sh
2	6709	c.sh	10	9	42	c.sh x10, 42(x9)	0xb4aa	0xe003	0xa002	c.sh
2	6710	c.sh	10	9	44	c.sh x10, 44(x9)	0xb4ca	0xe003	0xa002	c.sh
2	6711	c.sh	10	9	46	c.sh x10, 46(x9)	0xb4ea	0xe003	0xa002	c.sh
2	6712	c.sh	10	9	48	c.sh x10, 48(x9)	0xb88a	0xe003	0xa002	c.sh
2	6713	c.sh	10	9	50	c.sh x10, 50(x9)	0xb8aa	0xe003	0xa002	c.sh
2	6714	c.sh	10	9	52	c.sh x10, 52(x9)	0xb8ca	0xe003	0xa002	c.sh
2	6715	c.sh	10	9	54	c.sh x10, 54(x9)	0xb8ea	0xe003	0xa002	c.sh
2	6716	c.sh	10	9	56	c.sh x10, 56(x9)	0xbc8a	0xe003	0xa002	c.sh
2	6717	c.sh	10	9	58	c.sh x10, 58(x9)	0xbcaa	0xe003	0xa002	c.sh
2	6718	c.sh	10	9	60	c.sh x10, 60(x9)	0xbcca	0xe003	0xa002	c.sh
2	6719	c.sh	10	9	62	c.sh x10, 62(x9)	0xbcea	0xe003	0xa002	c.sh
2	6720	c.sh	10	10	0	c.sh x10, 0(x10)	0xa10a	0xe003	0xa002	c.sh
2	6721	c.sh	10	10	2	c.sh x10, 2(x10)	0xa12a	0xe003	0xa002	c.sh
2	6722	c.sh	10	10	4	c.sh x10, 4(x10)	0xa14a	0xe003	0xa002	c.sh
2	6723	c.sh	10	10	6	c.sh x10, 6(x10)	0xa16a	0xe003	0xa002	c.sh
2	6724	c.sh	10	10	8	c.sh x10, 8(x10)	0xa50a	0xe003	0xa002	c.sh
2	6725	c.sh	10	10	10	c.sh x10, 10(x10)	0xa52a	0xe003	0xa002	c.sh
2	6726	c.sh	10	10	12	c.sh x10, 12(x10)	0xa54a	0xe003	0xa002	c.sh
2	6727	c.sh	10	10	14	c.sh x10, 14(x10)	0xa56a	0xe003	0xa002	c.sh
2	6728	c.sh	10	10	16	c.sh x10, 16(x10)	0xa90a	0xe003	0xa002	c.sh
2	6729	c.sh	10	10	18	c.sh x10, 18(x10)	0xa92a	0xe003	0xa002	c.sh
2	6730	c.sh	10	10	20	c.sh x10, 20(x10)	0xa94a	0xe003	0xa002	c.sh
2	6731	c.sh	10	10	22	c.sh x10, 22(x10)	0xa96a	0xe003	0xa002	c.sh
2	6732	c.sh	10	10	24	c.sh x10, 24(x10)	0xad0a	0xe003	0xa002	c.sh
2	6733	c.sh	10	10	26	c.sh x10, 26(x10)	0xad2a	0xe003	0xa002	c.sh
2	6734	c.sh	10	10	28	c.sh x10, 28(x10)	0xad4a	0xe003	0xa002	c.sh
2	6735	c.sh	10	10	30	c.sh x10, 30(x10)	0xad6a	0xe003	0xa002	c.sh
2	6736	c.sh	10	10	32	c.sh x10, 32(x10)	0xb10a	0xe003	0xa002	c.sh
2	6737	c.sh	10	10	34	c.sh x10, 34(x10)	0xb12a	0xe003	0xa002	c.sh
2	6738	c.sh	10	10	36	c.sh x10, 36(x10)	0xb14a	0xe003	0xa002	c.sh
2	6739	c.sh	10	10	38	c.sh x10, 38(x10)	0xb16a	0xe003	0xa002	c.sh
2	6740	c.sh	10	10	40	c.sh x10, 40(x10)	0xb50a	0xe003	0xa002	c.sh
2	6741	c.sh	10	10	42	c.sh x10, 42(x10)	0xb52a	0xe003	0xa002	c.sh
2	6742	c.sh	10	10	44	c.sh x10, 44(x10)	0xb54a	0xe003	0xa002	c.sh
2	6743	c.sh	10	10	46	c.sh x10, 46(x10)	0xb56a	0xe003	0xa002	c.sh
2	6744	c.sh	10	10	48	c.sh x10, 48(x10)	0xb90a	0xe003	0xa002	c.sh
2	6745	c.sh	10	10	50	c.sh x10, 50(x10)	0xb92a	0xe003	0xa002	c.sh
2	6746	c.sh	10	10	52	c.sh x10, 52(x10)	0xb94a	0xe003	0xa002	c.sh
2	6747	c.sh	10	10	54	c.sh x10, 54(x10)	0xb96a	0xe003	0xa002	c.sh
2	6748	c.sh	10	10	56	c.sh x10, 56(x10)	0xbd0a	0xe003	0xa002	c.sh
2	6749	c.sh	10	10	58	c.sh x10, 58(x10)	0xbd2a	0xe003	0xa002	c.sh
2	6750	c.sh	10	10	60	c.sh x10, 60(x10)	0xbd4a	0xe003	0xa002	c.sh
2	6751	c.sh	10	10	62	c.sh x10, 62(x10)	0xbd6a	0xe003	0xa002	c.sh
2	6752	c.sh	10	11	0	c.sh x10, 0(x11)	0xa18a	0xe003	0xa002	c.sh
2	6753	c.sh	10	11	2	c.sh x10, 2(x11)	0xa1aa	0xe003	0xa002	c.sh
2	6754	c.sh	10	11	4	c.sh x10, 4(x11)	0xa1ca	0xe003	0xa002	c.sh
2	6755	c.sh	10	11	6	c.sh x10, 6(x11)	0xa1ea	0xe003	0xa002	c.sh
2	6756	c.sh	10	11	8	c.sh x10, 8(x11)	0xa58a	0xe003	0xa002	c.sh
2	6757	c.sh	10	11	10	c.sh x10, 10(x11)	0xa5aa	0xe003	0xa002	c.sh
2	6758	c.sh	10	11	12	c.sh x10, 12(x11)	0xa5ca	0xe003	0xa002	c.sh
2	6759	c.sh	10	11	14	c.sh x10, 14(x11)	0xa5ea	0xe003	0xa002	c.sh
2	6760	c.sh	10	11	16	c.sh x10, 16(x11)	0xa98a	0xe003	0xa002	c.sh
2	6761	c.sh	10	11	18	c.sh x10, 18(x11)	0xa9aa	0xe003	0xa002	c.sh
2	6762	c.sh	10	11	20	c.sh x10, 20(x11)	0xa9ca	0xe003	0xa002	c.sh
2	6763	c.sh	10	11	22	c.sh x10, 22(x11)	0xa9ea	0xe003	0xa002	c.sh
2	6764	c.sh	10	11	24	c.sh x10, 24(x11)	0xad8a	0xe003	0xa002	c.sh
2	6765	c.sh	10	11	26	c.sh x10, 26(x11)	0xadaa	0xe003	0xa002	c.sh
2	6766	c.sh	10	11	28	c.sh x10, 28(x11)	0xadca	0xe003	0xa002	c.sh
2	6767	c.sh	10	11	30	c.sh x10, 30(x11)	0xadea	0xe003	0xa002	c.sh
2	6768	c.sh	10	11	32	c.sh x10, 32(x11)	0xb18a	0xe003	0xa002	c.sh
2	6769	c.sh	10	11	34	c.sh x10, 34(x11)	0xb1aa	0xe003	0xa002	c.sh
2	6770	c.sh	10	11	36	c.sh x10, 36(x11)	0xb1ca	0xe003	0xa002	c.sh
2	6771	c.sh	10	11	38	c.sh x10, 38(x11)	0xb1ea	0xe003	0xa002	c.sh
2	6772	c.sh	10	11	40	c.sh x10, 40(x11)	0xb58a	0xe003	0xa002	c.sh
2	6773	c.sh	10	11	42	c.sh x10, 42(x11)	0xb5aa	0xe003	0xa002	c.sh
2	6774	c.sh	10	11	44	c.sh x10, 44(x11)	0xb5ca	0xe003	0xa002	c.sh
2	6775	c.sh	10	11	46	c.sh x10, 46(x11)	0xb5ea	0xe003	0xa002	c.sh
2	6776	c.sh	10	11	48	c.sh x10, 48(x11)	0xb98a	0xe003	0xa002	c.sh
2	6777	c.sh	10	11	50	c.sh x10, 50(x11)	0xb9aa	0xe003	0xa002	c.sh
2	6778	c.sh	10	11	52	c.sh x10, 52(x11)	0xb9ca	0xe003	0xa002	c.sh
2	6779	c.sh	10	11	54	c.sh x10, 54(x11)	0xb9ea	0xe003	0xa002	c.sh
2	6780	c.sh	10	11	56	c.sh x10, 56(x11)	0xbd8a	0xe003	0xa002	c.sh
2	6781	c.sh	10	11	58	c.sh x10, 58(x11)	0xbdaa	0xe003	0xa002	c.sh
2	6782	c.sh	10	11	60	c.sh x10, 60(x11)	0xbdca	0xe003	0xa002	c.sh
2	6783	c.sh	10	11	62	c.sh x10, 62(x11)	0xbdea	0xe003	0xa002	c.sh
2	6784	c.sh	10	12	0	c.sh x10, 0(x12)	0xa20a	0xe003	0xa002	c.sh
2	6785	c.sh	10	12	2	c.sh x10, 2(x12)	0xa22a	0xe003	0xa002	c.sh
2	6786	c.sh	10	12	4	c.sh x10, 4(x12)	0xa24a	0xe003	0xa002	c.sh
2	6787	c.sh	10	12	6	c.sh x10, 6(x12)	0xa26a	0xe003	0xa002	c.sh
2	6788	c.sh	10	12	8	c.sh x10, 8(x12)	0xa60a	0xe003	0xa002	c.sh
2	6789	c.sh	10	12	10	c.sh x10, 10(x12)	0xa62a	0xe003	0xa002	c.sh
2	6790	c.sh	10	12	12	c.sh x10, 12(x12)	0xa64a	0xe003	0xa002	c.sh
2	6791	c.sh	10	12	14	c.sh x10, 14(x12)	0xa66a	0xe003	0xa002	c.sh
2	6792	c.sh	10	12	16	c.sh x10, 16(x12)	0xaa0a	0xe003	0xa002	c.sh
2	6793	c.sh	10	12	18	c.sh x10, 18(x12)	0xaa2a	0xe003	0xa002	c.sh
2	6794	c.sh	10	12	20	c.sh x10, 20(x12)	0xaa4a	0xe003	0xa002	c.sh
2	6795	c.sh	10	12	22	c.sh x10, 22(x12)	0xaa6a	0xe003	0xa002	c.sh
2	6796	c.sh	10	12	24	c.sh x10, 24(x12)	0xae0a	0xe003	0xa002	c.sh
2	6797	c.sh	10	12	26	c.sh x10, 26(x12)	0xae2a	0xe003	0xa002	c.sh
2	6798	c.sh	10	12	28	c.sh x10, 28(x12)	0xae4a	0xe003	0xa002	c.sh
2	6799	c.sh	10	12	30	c.sh x10, 30(x12)	0xae6a	0xe003	0xa002	c.sh
2	6800	c.sh	10	12	32	c.sh x10, 32(x12)	0xb20a	0xe003	0xa002	c.sh
2	6801	c.sh	10	12	34	c.sh x10, 34(x12)	0xb22a	0xe003	0xa002	c.sh
2	6802	c.sh	10	12	36	c.sh x10, 36(x12)	0xb24a	0xe003	0xa002	c.sh
2	6803	c.sh	10	12	38	c.sh x10, 38(x12)	0xb26a	0xe003	0xa002	c.sh
2	6804	c.sh	10	12	40	c.sh x10, 40(x12)	0xb60a	0xe003	0xa002	c.sh
2	6805	c.sh	10	12	42	c.sh x10, 42(x12)	0xb62a	0xe003	0xa002	c.sh
2	6806	c.sh	10	12	44	c.sh x10, 44(x12)	0xb64a	0xe003	0xa002	c.sh
2	6807	c.sh	10	12	46	c.sh x10, 46(x12)	0xb66a	0xe003	0xa002	c.sh
2	6808	c.sh	10	12	48	c.sh x10, 48(x12)	0xba0a	0xe003	0xa002	c.sh
2	6809	c.sh	10	12	50	c.sh x10, 50(x12)	0xba2a	0xe003	0xa002	c.sh
2	6810	c.sh	10	12	52	c.sh x10, 52(x12)	0xba4a	0xe003	0xa002	c.sh
2	6811	c.sh	10	12	54	c.sh x10, 54(x12)	0xba6a	0xe003	0xa002	c.sh
2	6812	c.sh	10	12	56	c.sh x10, 56(x12)	0xbe0a	0xe003	0xa002	c.sh
2	6813	c.sh	10	12	58	c.sh x10, 58(x12)	0xbe2a	0xe003	0xa002	c.sh
2	6814	c.sh	10	12	60	c.sh x10, 60(x12)	0xbe4a	0xe003	0xa002	c.sh
2	6815	c.sh	10	12	62	c.sh x10, 62(x12)	0xbe6a	0xe003	0xa002	c.sh
2	6816	c.sh	10	13	0	c.sh x10, 0(x13)	0xa28a	0xe003	0xa002	c.sh
2	6817	c.sh	10	13	2	c.sh x10, 2(x13)	0xa2aa	0xe003	0xa002	c.sh
2	6818	c.sh	10	13	4	c.sh x10, 4(x13)	0xa2ca	0xe003	0xa002	c.sh
2	6819	c.sh	10	13	6	c.sh x10, 6(x13)	0xa2ea	0xe003	0xa002	c.sh
2	6820	c.sh	10	13	8	c.sh x10, 8(x13)	0xa68a	0xe003	0xa002	c.sh
2	6821	c.sh	10	13	10	c.sh x10, 10(x13)	0xa6aa	0xe003	0xa002	c.sh
2	6822	c.sh	10	13	12	c.sh x10, 12(x13)	0xa6ca	0xe003	0xa002	c.sh
2	6823	c.sh	10	13	14	c.sh x10, 14(x13)	0xa6ea	0xe003	0xa002	c.sh
2	6824	c.sh	10	13	16	c.sh x10, 16(x13)	0xaa8a	0xe003	0xa002	c.sh
2	6825	c.sh	10	13	18	c.sh x10, 18(x13)	0xaaaa	0xe003	0xa002	c.sh
2	6826	c.sh	10	13	20	c.sh x10, 20(x13)	0xaaca	0xe003	0xa002	c.sh
2	6827	c.sh	10	13	22	c.sh x10, 22(x13)	0xaaea	0xe003	0xa002	c.sh
2	6828	c.sh	10	13	24	c.sh x10, 24(x13)	0xae8a	0xe003	0xa002	c.sh
2	6829	c.sh	10	13	26	c.sh x10, 26(x13)	0xaeaa	0xe003	0xa002	c.sh
2	6830	c.sh	10	13	28	c.sh x10, 28(x13)	0xaeca	0xe003	0xa002	c.sh
2	6831	c.sh	10	13	30	c.sh x10, 30(x13)	0xaeea	0xe003	0xa002	c.sh
2	6832	c.sh	10	13	32	c.sh x10, 32(x13)	0xb28a	0xe003	0xa002	c.sh
2	6833	c.sh	10	13	34	c.sh x10, 34(x13)	0xb2aa	0xe003	0xa002	c.sh
2	6834	c.sh	10	13	36	c.sh x10, 36(x13)	0xb2ca	0xe003	0xa002	c.sh
2	6835	c.sh	10	13	38	c.sh x10, 38(x13)	0xb2ea	0xe003	0xa002	c.sh
2	6836	c.sh	10	13	40	c.sh x10, 40(x13)	0xb68a	0xe003	0xa002	c.sh
2	6837	c.sh	10	13	42	c.sh x10, 42(x13)	0xb6aa	0xe003	0xa002	c.sh
2	6838	c.sh	10	13	44	c.sh x10, 44(x13)	0xb6ca	0xe003	0xa002	c.sh
2	6839	c.sh	10	13	46	c.sh x10, 46(x13)	0xb6ea	0xe003	0xa002	c.sh
2	6840	c.sh	10	13	48	c.sh x10, 48(x13)	0xba8a	0xe003	0xa002	c.sh
2	6841	c.sh	10	13	50	c.sh x10, 50(x13)	0xbaaa	0xe003	0xa002	c.sh
2	6842	c.sh	10	13	52	c.sh x10, 52(x13)	0xbaca	0xe003	0xa002	c.sh
2	6843	c.sh	10	13	54	c.sh x10, 54(x13)	0xbaea	0xe003	0xa002	c.sh
2	6844	c.sh	10	13	56	c.sh x10, 56(x13)	0xbe8a	0xe003	0xa002	c.sh
2	6845	c.sh	10	13	58	c.sh x10, 58(x13)	0xbeaa	0xe003	0xa002	c.sh
2	6846	c.sh	10	13	60	c.sh x10, 60(x13)	0xbeca	0xe003	0xa002	c.sh
2	6847	c.sh	10	13	62	c.sh x10, 62(x13)	0xbeea	0xe003	0xa002	c.sh
2	6848	c.sh	10	14	0	c.sh x10, 0(x14)	0xa30a	0xe003	0xa002	c.sh
2	6849	c.sh	10	14	2	c.sh x10, 2(x14)	0xa32a	0xe003	0xa002	c.sh
2	6850	c.sh	10	14	4	c.sh x10, 4(x14)	0xa34a	0xe003	0xa002	c.sh
2	6851	c.sh	10	14	6	c.sh x10, 6(x14)	0xa36a	0xe003	0xa002	c.sh
2	6852	c.sh	10	14	8	c.sh x10, 8(x14)	0xa70a	0xe003	0xa002	c.sh
2	6853	c.sh	10	14	10	c.sh x10, 10(x14)	0xa72a	0xe003	0xa002	c.sh
2	6854	c.sh	10	14	12	c.sh x10, 12(x14)	0xa74a	0xe003	0xa002	c.sh
2	6855	c.sh	10	14	14	c.sh x10, 14(x14)	0xa76a	0xe003	0xa002	c.sh
2	6856	c.sh	10	14	16	c.sh x10, 16(x14)	0xab0a	0xe003	0xa002	c.sh
2	6857	c.sh	10	14	18	c.sh x10, 18(x14)	0xab2a	0xe003	0xa002	c.sh
2	6858	c.sh	10	14	20	c.sh x10, 20(x14)	0xab4a	0xe003	0xa002	c.sh
2	6859	c.sh	10	14	22	c.sh x10, 22(x14)	0xab6a	0xe003	0xa002	c.sh
2	6860	c.sh	10	14	24	c.sh x10, 24(x14)	0xaf0a	0xe003	0xa002	c.sh
2	6861	c.sh	10	14	26	c.sh x10, 26(x14)	0xaf2a	0xe003	0xa002	c.sh
2	6862	c.sh	10	14	28	c.sh x10, 28(x14)	0xaf4a	0xe003	0xa002	c.sh
2	6863	c.sh	10	14	30	c.sh x10, 30(x14)	0xaf6a	0xe003	0xa002	c.sh
2	6864	c.sh	10	14	32	c.sh x10, 32(x14)	0xb30a	0xe003	0xa002	c.sh
2	6865	c.sh	10	14	34	c.sh x10, 34(x14)	0xb32a	0xe003	0xa002	c.sh
2	6866	c.sh	10	14	36	c.sh x10, 36(x14)	0xb34a	0xe003	0xa002	c.sh
2	6867	c.sh	10	14	38	c.sh x10, 38(x14)	0xb36a	0xe003	0xa002	c.sh
2	6868	c.sh	10	14	40	c.sh x10, 40(x14)	0xb70a	0xe003	0xa002	c.sh
2	6869	c.sh	10	14	42	c.sh x10, 42(x14)	0xb72a	0xe003	0xa002	c.sh
2	6870	c.sh	10	14	44	c.sh x10, 44(x14)	0xb74a	0xe003	0xa002	c.sh
2	6871	c.sh	10	14	46	c.sh x10, 46(x14)	0xb76a	0xe003	0xa002	c.sh
2	6872	c.sh	10	14	48	c.sh x10, 48(x14)	0xbb0a	0xe003	0xa002	c.sh
2	6873	c.sh	10	14	50	c.sh x10, 50(x14)	0xbb2a	0xe003	0xa002	c.sh
2	6874	c.sh	10	14	52	c.sh x10, 52(x14)	0xbb4a	0xe003	0xa002	c.sh
2	6875	c.sh	10	14	54	c.sh x10, 54(x14)	0xbb6a	0xe003	0xa002	c.sh
2	6876	c.sh	10	14	56	c.sh x10, 56(x14)	0xbf0a	0xe003	0xa002	c.sh
2	6877	c.sh	10	14	58	c.sh x10, 58(x14)	0xbf2a	0xe003	0xa002	c.sh
2	6878	c.sh	10	14	60	c.sh x10, 60(x14)	0xbf4a	0xe003	0xa002	c.sh
2	6879	c.sh	10	14	62	c.sh x10, 62(x14)	0xbf6a	0xe003	0xa002	c.sh
2	6880	c.sh	10	15	0	c.sh x10, 0(x15)	0xa38a	0xe003	0xa002	c.sh
2	6881	c.sh	10	15	2	c.sh x10, 2(x15)	0xa3aa	0xe003	0xa002	c.sh
2	6882	c.sh	10	15	4	c.sh x10, 4(x15)	0xa3ca	0xe003	0xa002	c.sh
2	6883	c.sh	10	15	6	c.sh x10, 6(x15)	0xa3ea	0xe003	0xa002	c.sh
2	6884	c.sh	10	15	8	c.sh x10, 8(x15)	0xa78a	0xe003	0xa002	c.sh
2	6885	c.sh	10	15	10	c.sh x10, 10(x15)	0xa7aa	0xe003	0xa002	c.sh
2	6886	c.sh	10	15	12	c.sh x10, 12(x15)	0xa7ca	0xe003	0xa002	c.sh
2	6887	c.sh	10	15	14	c.sh x10, 14(x15)	0xa7ea	0xe003	0xa002	c.sh
2	6888	c.sh	10	15	16	c.sh x10, 16(x15)	0xab8a	0xe003	0xa002	c.sh
2	6889	c.sh	10	15	18	c.sh x10, 18(x15)	0xabaa	0xe003	0xa002	c.sh
2	6890	c.sh	10	15	20	c.sh x10, 20(x15)	0xabca	0xe003	0xa002	c.sh
2	6891	c.sh	10	15	22	c.sh x10, 22(x15)	0xabea	0xe003	0xa002	c.sh
2	6892	c.sh	10	15	24	c.sh x10, 24(x15)	0xaf8a	0xe003	0xa002	c.sh
2	6893	c.sh	10	15	26	c.sh x10, 26(x15)	0xafaa	0xe003	0xa002	c.sh
2	6894	c.sh	10	15	28	c.sh x10, 28(x15)	0xafca	0xe003	0xa002	c.sh
2	6895	c.sh	10	15	30	c.sh x10, 30(x15)	0xafea	0xe003	0xa002	c.sh
2	6896	c.sh	10	15	32	c.sh x10, 32(x15)	0xb38a	0xe003	0xa002	c.sh
2	6897	c.sh	10	15	34	c.sh x10, 34(x15)	0xb3aa	0xe003	0xa002	c.sh
2	6898	c.sh	10	15	36	c.sh x10, 36(x15)	0xb3ca	0xe003	0xa002	c.sh
2	6899	c.sh	10	15	38	c.sh x10, 38(x15)	0xb3ea	0xe003	0xa002	c.sh
2	6900	c.sh	10	15	40	c.sh x10, 40(x15)	0xb78a	0xe003	0xa002	c.sh
2	6901	c.sh	10	15	42	c.sh x10, 42(x15)	0xb7aa	0xe003	0xa002	c.sh
2	6902	c.sh	10	15	44	c.sh x10, 44(x15)	0xb7ca	0xe003	0xa002	c.sh
2	6903	c.sh	10	15	46	c.sh x10, 46(x15)	0xb7ea	0xe003	0xa002	c.sh
2	6904	c.sh	10	15	48	c.sh x10, 48(x15)	0xbb8a	0xe003	0xa002	c.sh
2	6905	c.sh	10	15	50	c.sh x10, 50(x15)	0xbbaa	0xe003	0xa002	c.sh
2	6906	c.sh	10	15	52	c.sh x10, 52(x15)	0xbbca	0xe003	0xa002	c.sh
2	6907	c.sh	10	15	54	c.sh x10, 54(x15)	0xbbea	0xe003	0xa002	c.sh
2	6908	c.sh	10	15	56	c.sh x10, 56(x15)	0xbf8a	0xe003	0xa002	c.sh
2	6909	c.sh	10	15	58	c.sh x10, 58(x15)	0xbfaa	0xe003	0xa002	c.sh
2	6910	c.sh	10	15	60	c.sh x10, 60(x15)	0xbfca	0xe003	0xa002	c.sh
2	6911	c.sh	10	15	62	c.sh x10, 62(x15)	0xbfea	0xe003	0xa002	c.sh
2	6912	c.sh	11	8	0	c.sh x11, 0(x8)	0xa00e	0xe003	0xa002	c.sh
2	6913	c.sh	11	8	2	c.sh x11, 2(x8)	0xa02e	0xe003	0xa002	c.sh
2	6914	c.sh	11	8	4	c.sh x11, 4(x8)	0xa04e	0xe003	0xa002	c.sh
2	6915	c.sh	11	8	6	c.sh x11, 6(x8)	0xa06e	0xe003	0xa002	c.sh
2	6916	c.sh	11	8	8	c.sh x11, 8(x8)	0xa40e	0xe003	0xa002	c.sh
2	6917	c.sh	11	8	10	c.sh x11, 10(x8)	0xa42e	0xe003	0xa002	c.sh
2	6918	c.sh	11	8	12	c.sh x11, 12(x8)	0xa44e	0xe003	0xa002	c.sh
2	6919	c.sh	11	8	14	c.sh x11, 14(x8)	0xa46e	0xe003	0xa002	c.sh
2	6920	c.sh	11	8	16	c.sh x11, 16(x8)	0xa80e	0xe003	0xa002	c.sh
2	6921	c.sh	11	8	18	c.sh x11, 18(x8)	0xa82e	0xe003	0xa002	c.sh
2	6922	c.sh	11	8	20	c.sh x11, 20(x8)	0xa84e	0xe003	0xa002	c.sh
2	6923	c.sh	11	8	22	c.sh x11, 22(x8)	0xa86e	0xe003	0xa002	c.sh
2	6924	c.sh	11	8	24	c.sh x11, 24(x8)	0xac0e	0xe003	0xa002	c.sh
2	6925	c.sh	11	8	26	c.sh x11, 26(x8)	0xac2e	0xe003	0xa002	c.sh
2	6926	c.sh	11	8	28	c.sh x11, 28(x8)	0xac4e	0xe003	0xa002	c.sh
2	6927	c.sh	11	8	30	c.sh x11, 30(x8)	0xac6e	0xe003	0xa002	c.sh
2	6928	c.sh	11	8	32	c.sh x11, 32(x8)	0xb00e	0xe003	0xa002	c.sh
2	6929	c.sh	11	8	34	c.sh x11, 34(x8)	0xb02e	0xe003	0xa002	c.sh
2	6930	c.sh	11	8	36	c.sh x11, 36(x8)	0xb04e	0xe003	0xa002	c.sh
2	6931	c.sh	11	8	38	c.sh x11, 38(x8)	0xb06e	0xe003	0xa002	c.sh
2	6932	c.sh	11	8	40	c.sh x11, 40(x8)	0xb40e	0xe003	0xa002	c.sh
2	6933	c.sh	11	8	42	c.sh x11, 42(x8)	0xb42e	0xe003	0xa002	c.sh
2	6934	c.sh	11	8	44	c.sh x11, 44(x8)	0xb44e	0xe003	0xa002	c.sh
2	6935	c.sh	11	8	46	c.sh x11, 46(x8)	0xb46e	0xe003	0xa002	c.sh
2	6936	c.sh	11	8	48	c.sh x11, 48(x8)	0xb80e	0xe003	0xa002	c.sh
2	6937	c.sh	11	8	50	c.sh x11, 50(x8)	0xb82e	0xe003	0xa002	c.sh
2	6938	c.sh	11	8	52	c.sh x11, 52(x8)	0xb84e	0xe003	0xa002	c.sh
2	6939	c.sh	11	8	54	c.sh x11, 54(x8)	0xb86e	0xe003	0xa002	c.sh
2	6940	c.sh	11	8	56	c.sh x11, 56(x8)	0xbc0e	0xe003	0xa002	c.sh
2	6941	c.sh	11	8	58	c.sh x11, 58(x8)	0xbc2e	0xe003	0xa002	c.sh
2	6942	c.sh	11	8	60	c.sh x11, 60(x8)	0xbc4e	0xe003	0xa002	c.sh
2	6943	c.sh	11	8	62	c.sh x11, 62(x8)	0xbc6e	0xe003	0xa002	c.sh
2	6944	c.sh	11	9	0	c.sh x11, 0(x9)	0xa08e	0xe003	0xa002	c.sh
2	6945	c.sh	11	9	2	c.sh x11, 2(x9)	0xa0ae	0xe003	0xa002	c.sh
2	6946	c.sh	11	9	4	c.sh x11, 4(x9)	0xa0ce	0xe003	0xa002	c.sh
2	6947	c.sh	11	9	6	c.sh x11, 6(x9)	0xa0ee	0xe003	0xa002	c.sh
2	6948	c.sh	11	9	8	c.sh x11, 8(x9)	0xa48e	0xe003	0xa002	c.sh
2	6949	c.sh	11	9	10	c.sh x11, 10(x9)	0xa4ae	0xe003	0xa002	c.sh
2	6950	c.sh	11	9	12	c.sh x11, 12(x9)	0xa4ce	0xe003	0xa002	c.sh
2	6951	c.sh	11	9	14	c.sh x11, 14(x9)	0xa4ee	0xe003	0xa002	c.sh
2	6952	c.sh	11	9	16	c.sh x11, 16(x9)	0xa88e	0xe003	0xa002	c.sh
2	6953	c.sh	11	9	18	c.sh x11, 18(x9)	0xa8ae	0xe003	0xa002	c.sh
2	6954	c.sh	11	9	20	c.sh x11, 20(x9)	0xa8ce	0xe003	0xa002	c.sh
2	6955	c.sh	11	9	22	c.sh x11, 22(x9)	0xa8ee	0xe003	0xa002	c.sh
2	6956	c.sh	11	9	24	c.sh x11, 24(x9)	0xac8e	0xe003	0xa002	c.sh
2	6957	c.sh	11	9	26	c.sh x11, 26(x9)	0xacae	0xe003	0xa002	c.sh
2	6958	c.sh	11	9	28	c.sh x11, 28(x9)	0xacce	0xe003	0xa002	c.sh
2	6959	c.sh	11	9	30	c.sh x11, 30(x9)	0xacee	0xe003	0xa002	c.sh
2	6960	c.sh	11	9	32	c.sh x11, 32(x9)	0xb08e	0xe003	0xa002	c.sh
2	6961	c.sh	11	9	34	c.sh x11, 34(x9)	0xb0ae	0xe003	0xa002	c.sh
2	6962	c.sh	11	9	36	c.sh x11, 36(x9)	0xb0ce	0xe003	0xa002	c.sh
2	6963	c.sh	11	9	38	c.sh x11, 38(x9)	0xb0ee	0xe003	0xa002	c.sh
2	6964	c.sh	11	9	40	c.sh x11, 40(x9)	0xb48e	0xe003	0xa002	c.sh
2	6965	c.sh	11	9	42	c.sh x11, 42(x9)	0xb4ae	0xe003	0xa002	c.sh
2	6966	c.sh	11	9	44	c.sh x11, 44(x9)	0xb4ce	0xe003	0xa002	c.sh
2	6967	c.sh	11	9	46	c.sh x11, 46(x9)	0xb4ee	0xe003	0xa002	c.sh
2	6968	c.sh	11	9	48	c.sh x11, 48(x9)	0xb88e	0xe003	0xa002	c.sh
2	6969	c.sh	11	9	50	c.sh x11, 50(x9)	0xb8ae	0xe003	0xa002	c.sh
2	6970	c.sh	11	9	52	c.sh x11, 52(x9)	0xb8ce	0xe003	0xa002	c.sh
2	6971	c.sh	11	9	54	c.sh x11, 54(x9)	0xb8ee	0xe003	0xa002	c.sh
2	6972	c.sh	11	9	56	c.sh x11, 56(x9)	0xbc8e	0xe003	0xa002	c.sh
2	6973	c.sh	11	9	58	c.sh x11, 58(x9)	0xbcae	0xe003	0xa002	c.sh
2	6974	c.sh	11	9	60	c.sh x11, 60(x9)	0xbcce	0xe003	0xa002	c.sh
2	6975	c.sh	11	9	62	c.sh x11, 62(x9)	0xbcee	0xe003	0xa002	c.sh
2	6976	c.sh	11	10	0	c.sh x11, 0(x10)	0xa10e	0xe003	0xa002	c.sh
2	6977	c.sh	11	10	2	c.sh x11, 2(x10)	0xa12e	0xe003	0xa002	c.sh
2	6978	c.sh	11	10	4	c.sh x11, 4(x10)	0xa14e	0xe003	0xa002	c.sh
2	6979	c.sh	11	10	6	c.sh x11, 6(x10)	0xa16e	0xe003	0xa002	c.sh
2	6980	c.sh	11	10	8	c.sh x11, 8(x10)	0xa50e	0xe003	0xa002	c.sh
2	6981	c.sh	11	10	10	c.sh x11, 10(x10)	0xa52e	0xe003	0xa002	c.sh
2	6982	c.sh	11	10	12	c.sh x11, 12(x10)	0xa54e	0xe003	0xa002	c.sh
2	6983	c.sh	11	10	14	c.sh x11, 14(x10)	0xa56e	0xe003	0xa002	c.sh
2	6984	c.sh	11	10	16	c.sh x11, 16(x10)	0xa90e	0xe003	0xa002	c.sh
2	6985	c.sh	11	10	18	c.sh x11, 18(x10)	0xa92e	0xe003	0xa002	c.sh
2	6986	c.sh	11	10	20	c.sh x11, 20(x10)	0xa94e	0xe003	0xa002	c.sh
2	6987	c.sh	11	10	22	c.sh x11, 22(x10)	0xa96e	0xe003	0xa002	c.sh
2	6988	c.sh	11	10	24	c.sh x11, 24(x10)	0xad0e	0xe003	0xa002	c.sh
2	6989	c.sh	11	10	26	c.sh x11, 26(x10)	0xad2e	0xe003	0xa002	c.sh
2	6990	c.sh	11	10	28	c.sh x11, 28(x10)	0xad4e	0xe003	0xa002	c.sh
2	6991	c.sh	11	10	30	c.sh x11, 30(x10)	0xad6e	0xe003	0xa002	c.sh
2	6992	c.sh	11	10	32	c.sh x11, 32(x10)	0xb10e	0xe003	0xa002	c.sh
2	6993	c.sh	11	10	34	c.sh x11, 34(x10)	0xb12e	0xe003	0xa002	c.sh
2	6994	c.sh	11	10	36	c.sh x11, 36(x10)	0xb14e	0xe003	0xa002	c.sh
2	6995	c.sh	11	10	38	c.sh x11, 38(x10)	0xb16e	0xe003	0xa002	c.sh
2	6996	c.sh	11	10	40	c.sh x11, 40(x10)	0xb50e	0xe003	0xa002	c.sh
2	6997	c.sh	11	10	42	c.sh x11, 42(x10)	0xb52e	0xe003	0xa002	c.sh
2	6998	c.sh	11	10	44	c.sh x11, 44(x10)	0xb54e	0xe003	0xa002	c.sh
2	6999	c.sh	11	10	46	c.sh x11, 46(x10)	0xb56e	0xe003	0xa002	c.sh
2	7000	c.sh	11	10	48	c.sh x11, 48(x10)	0xb90e	0xe003	0xa002	c.sh
2	7001	c.sh	11	10	50	c.sh x11, 50(x10)	0xb92e	0xe003	0xa002	c.sh
2	7002	c.sh	11	10	52	c.sh x11, 52(x10)	0xb94e	0xe003	0xa002	c.sh
2	7003	c.sh	11	10	54	c.sh x11, 54(x10)	0xb96e	0xe003	0xa002	c.sh
2	7004	c.sh	11	10	56	c.sh x11, 56(x10)	0xbd0e	0xe003	0xa002	c.sh
2	7005	c.sh	11	10	58	c.sh x11, 58(x10)	0xbd2e	0xe003	0xa002	c.sh
2	7006	c.sh	11	10	60	c.sh x11, 60(x10)	0xbd4e	0xe003	0xa002	c.sh
2	7007	c.sh	11	10	62	c.sh x11, 62(x10)	0xbd6e	0xe003	0xa002	c.sh
2	7008	c.sh	11	11	0	c.sh x11, 0(x11)	0xa18e	0xe003	0xa002	c.sh
2	7009	c.sh	11	11	2	c.sh x11, 2(x11)	0xa1ae	0xe003	0xa002	c.sh
2	7010	c.sh	11	11	4	c.sh x11, 4(x11)	0xa1ce	0xe003	0xa002	c.sh
2	7011	c.sh	11	11	6	c.sh x11, 6(x11)	0xa1ee	0xe003	0xa002	c.sh
2	7012	c.sh	11	11	8	c.sh x11, 8(x11)	0xa58e	0xe003	0xa002	c.sh
2	7013	c.sh	11	11	10	c.sh x11, 10(x11)	0xa5ae	0xe003	0xa002	c.sh
2	7014	c.sh	11	11	12	c.sh x11, 12(x11)	0xa5ce	0xe003	0xa002	c.sh
2	7015	c.sh	11	11	14	c.sh x11, 14(x11)	0xa5ee	0xe003	0xa002	c.sh
2	7016	c.sh	11	11	16	c.sh x11, 16(x11)	0xa98e	0xe003	0xa002	c.sh
2	7017	c.sh	11	11	18	c.sh x11, 18(x11)	0xa9ae	0xe003	0xa002	c.sh
2	7018	c.sh	11	11	20	c.sh x11, 20(x11)	0xa9ce	0xe003	0xa002	c.sh
2	7019	c.sh	11	11	22	c.sh x11, 22(x11)	0xa9ee	0xe003	0xa002	c.sh
2	7020	c.sh	11	11	24	c.sh x11, 24(x11)	0xad8e	0xe003	0xa002	c.sh
2	7021	c.sh	11	11	26	c.sh x11, 26(x11)	0xadae	0xe003	0xa002	c.sh
2	7022	c.sh	11	11	28	c.sh x11, 28(x11)	0xadce	0xe003	0xa002	c.sh
2	7023	c.sh	11	11	30	c.sh x11, 30(x11)	0xadee	0xe003	0xa002	c.sh
2	7024	c.sh	11	11	32	c.sh x11, 32(x11)	0xb18e	0xe003	0xa002	c.sh
2	7025	c.sh	11	11	34	c.sh x11, 34(x11)	0xb1ae	0xe003	0xa002	c.sh
2	7026	c.sh	11	11	36	c.sh x11, 36(x11)	0xb1ce	0xe003	0xa002	c.sh
2	7027	c.sh	11	11	38	c.sh x11, 38(x11)	0xb1ee	0xe003	0xa002	c.sh
2	7028	c.sh	11	11	40	c.sh x11, 40(x11)	0xb58e	0xe003	0xa002	c.sh
2	7029	c.sh	11	11	42	c.sh x11, 42(x11)	0xb5ae	0xe003	0xa002	c.sh
2	7030	c.sh	11	11	44	c.sh x11, 44(x11)	0xb5ce	0xe003	0xa002	c.sh
2	7031	c.sh	11	11	46	c.sh x11, 46(x11)	0xb5ee	0xe003	0xa002	c.sh
2	7032	c.sh	11	11	48	c.sh x11, 48(x11)	0xb98e	0xe003	0xa002	c.sh
2	7033	c.sh	11	11	50	c.sh x11, 50(x11)	0xb9ae	0xe003	0xa002	c.sh
2	7034	c.sh	11	11	52	c.sh x11, 52(x11)	0xb9ce	0xe003	0xa002	c.sh
2	7035	c.sh	11	11	54	c.sh x11, 54(x11)	0xb9ee	0xe003	0xa002	c.sh
2	7036	c.sh	11	11	56	c.sh x11, 56(x11)	0xbd8e	0xe003	0xa002	c.sh
2	7037	c.sh	11	11	58	c.sh x11, 58(x11)	0xbdae	0xe003	0xa002	c.sh
2	7038	c.sh	11	11	60	c.sh x11, 60(x11)	0xbdce	0xe003	0xa002	c.sh
2	7039	c.sh	11	11	62	c.sh x11, 62(x11)	0xbdee	0xe003	0xa002	c.sh
2	7040	c.sh	11	12	0	c.sh x11, 0(x12)	0xa20e	0xe003	0xa002	c.sh
2	7041	c.sh	11	12	2	c.sh x11, 2(x12)	0xa22e	0xe003	0xa002	c.sh
2	7042	c.sh	11	12	4	c.sh x11, 4(x12)	0xa24e	0xe003	0xa002	c.sh
2	7043	c.sh	11	12	6	c.sh x11, 6(x12)	0xa26e	0xe003	0xa002	c.sh
2	7044	c.sh	11	12	8	c.sh x11, 8(x12)	0xa60e	0xe003	0xa002	c.sh
2	7045	c.sh	11	12	10	c.sh x11, 10(x12)	0xa62e	0xe003	0xa002	c.sh
2	7046	c.sh	11	12	12	c.sh x11, 12(x12)	0xa64e	0xe003	0xa002	c.sh
2	7047	c.sh	11	12	14	c.sh x11, 14(x12)	0xa66e	0xe003	0xa002	c.sh
2	7048	c.sh	11	12	16	c.sh x11, 16(x12)	0xaa0e	0xe003	0xa002	c.sh
2	7049	c.sh	11	12	18	c.sh x11, 18(x12)	0xaa2e	0xe003	0xa002	c.sh
2	7050	c.sh	11	12	20	c.sh x11, 20(x12)	0xaa4e	0xe003	0xa002	c.sh
2	7051	c.sh	11	12	22	c.sh x11, 22(x12)	0xaa6e	0xe003	0xa002	c.sh
2	7052	c.sh	11	12	24	c.sh x11, 24(x12)	0xae0e	0xe003	0xa002	c.sh
2	7053	c.sh	11	12	26	c.sh x11, 26(x12)	0xae2e	0xe003	0xa002	c.sh
2	7054	c.sh	11	12	28	c.sh x11, 28(x12)	0xae4e	0xe003	0xa002	c.sh
2	7055	c.sh	11	12	30	c.sh x11, 30(x12)	0xae6e	0xe003	0xa002	c.sh
2	7056	c.sh	11	12	32	c.sh x11, 32(x12)	0xb20e	0xe003	0xa002	c.sh
2	7057	c.sh	11	12	34	c.sh x11, 34(x12)	0xb22e	0xe003	0xa002	c.sh
2	7058	c.sh	11	12	36	c.sh x11, 36(x12)	0xb24e	0xe003	0xa002	c.sh
2	7059	c.sh	11	12	38	c.sh x11, 38(x12)	0xb26e	0xe003	0xa002	c.sh
2	7060	c.sh	11	12	40	c.sh x11, 40(x12)	0xb60e	0xe003	0xa002	c.sh
2	7061	c.sh	11	12	42	c.sh x11, 42(x12)	0xb62e	0xe003	0xa002	c.sh
2	7062	c.sh	11	12	44	c.sh x11, 44(x12)	0xb64e	0xe003	0xa002	c.sh
2	7063	c.sh	11	12	46	c.sh x11, 46(x12)	0xb66e	0xe003	0xa002	c.sh
2	7064	c.sh	11	12	48	c.sh x11, 48(x12)	0xba0e	0xe003	0xa002	c.sh
2	7065	c.sh	11	12	50	c.sh x11, 50(x12)	0xba2e	0xe003	0xa002	c.sh
2	7066	c.sh	11	12	52	c.sh x11, 52(x12)	0xba4e	0xe003	0xa002	c.sh
2	7067	c.sh	11	12	54	c.sh x11, 54(x12)	0xba6e	0xe003	0xa002	c.sh
2	7068	c.sh	11	12	56	c.sh x11, 56(x12)	0xbe0e	0xe003	0xa002	c.sh
2	7069	c.sh	11	12	58	c.sh x11, 58(x12)	0xbe2e	0xe003	0xa002	c.sh
2	7070	c.sh	11	12	60	c.sh x11, 60(x12)	0xbe4e	0xe003	0xa002	c.sh
2	7071	c.sh	11	12	62	c.sh x11, 62(x12)	0xbe6e	0xe003	0xa002	c.sh
2	7072	c.sh	11	13	0	c.sh x11, 0(x13)	0xa28e	0xe003	0xa002	c.sh
2	7073	c.sh	11	13	2	c.sh x11, 2(x13)	0xa2ae	0xe003	0xa002	c.sh
2	7074	c.sh	11	13	4	c.sh x11, 4(x13)	0xa2ce	0xe003	0xa002	c.sh
2	7075	c.sh	11	13	6	c.sh x11, 6(x13)	0xa2ee	0xe003	0xa002	c.sh
2	7076	c.sh	11	13	8	c.sh x11, 8(x13)	0xa68e	0xe003	0xa002	c.sh
2	7077	c.sh	11	13	10	c.sh x11, 10(x13)	0xa6ae	0xe003	0xa002	c.sh
2	7078	c.sh	11	13	12	c.sh x11, 12(x13)	0xa6ce	0xe003	0xa002	c.sh
2	7079	c.sh	11	13	14	c.sh x11, 14(x13)	0xa6ee	0xe003	0xa002	c.sh
2	7080	c.sh	11	13	16	c.sh x11, 16(x13)	0xaa8e	0xe003	0xa002	c.sh
2	7081	c.sh	11	13	18	c.sh x11, 18(x13)	0xaaae	0xe003	0xa002	c.sh
2	7082	c.sh	11	13	20	c.sh x11, 20(x13)	0xaace	0xe003	0xa002	c.sh
2	7083	c.sh	11	13	22	c.sh x11, 22(x13)	0xaaee	0xe003	0xa002	c.sh
2	7084	c.sh	11	13	24	c.sh x11, 24(x13)	0xae8e	0xe003	0xa002	c.sh
2	7085	c.sh	11	13	26	c.sh x11, 26(x13)	0xaeae	0xe003	0xa002	c.sh
2	7086	c.sh	11	13	28	c.sh x11, 28(x13)	0xaece	0xe003	0xa002	c.sh
2	7087	c.sh	11	13	30	c.sh x11, 30(x13)	0xaeee	0xe003	0xa002	c.sh
2	7088	c.sh	11	13	32	c.sh x11, 32(x13)	0xb28e	0xe003	0xa002	c.sh
2	7089	c.sh	11	13	34	c.sh x11, 34(x13)	0xb2ae	0xe003	0xa002	c.sh
2	7090	c.sh	11	13	36	c.sh x11, 36(x13)	0xb2ce	0xe003	0xa002	c.sh
2	7091	c.sh	11	13	38	c.sh x11, 38(x13)	0xb2ee	0xe003	0xa002	c.sh
2	7092	c.sh	11	13	40	c.sh x11, 40(x13)	0xb68e	0xe003	0xa002	c.sh
2	7093	c.sh	11	13	42	c.sh x11, 42(x13)	0xb6ae	0xe003	0xa002	c.sh
2	7094	c.sh	11	13	44	c.sh x11, 44(x13)	0xb6ce	0xe003	0xa002	c.sh
2	7095	c.sh	11	13	46	c.sh x11, 46(x13)	0xb6ee	0xe003	0xa002	c.sh
2	7096	c.sh	11	13	48	c.sh x11, 48(x13)	0xba8e	0xe003	0xa002	c.sh
2	7097	c.sh	11	13	50	c.sh x11, 50(x13)	0xbaae	0xe003	0xa002	c.sh
2	7098	c.sh	11	13	52	c.sh x11, 52(x13)	0xbace	0xe003	0xa002	c.sh
2	7099	c.sh	11	13	54	c.sh x11, 54(x13)	0xbaee	0xe003	0xa002	c.sh
2	7100	c.sh	11	13	56	c.sh x11, 56(x13)	0xbe8e	0xe003	0xa002	c.sh
2	7101	c.sh	11	13	58	c.sh x11, 58(x13)	0xbeae	0xe003	0xa002	c.sh
2	7102	c.sh	11	13	60	c.sh x11, 60(x13)	0xbece	0xe003	0xa002	c.sh
2	7103	c.sh	11	13	62	c.sh x11, 62(x13)	0xbeee	0xe003	0xa002	c.sh
2	7104	c.sh	11	14	0	c.sh x11, 0(x14)	0xa30e	0xe003	0xa002	c.sh
2	7105	c.sh	11	14	2	c.sh x11, 2(x14)	0xa32e	0xe003	0xa002	c.sh
2	7106	c.sh	11	14	4	c.sh x11, 4(x14)	0xa34e	0xe003	0xa002	c.sh
2	7107	c.sh	11	14	6	c.sh x11, 6(x14)	0xa36e	0xe003	0xa002	c.sh
2	7108	c.sh	11	14	8	c.sh x11, 8(x14)	0xa70e	0xe003	0xa002	c.sh
2	7109	c.sh	11	14	10	c.sh x11, 10(x14)	0xa72e	0xe003	0xa002	c.sh
2	7110	c.sh	11	14	12	c.sh x11, 12(x14)	0xa74e	0xe003	0xa002	c.sh
2	7111	c.sh	11	14	14	c.sh x11, 14(x14)	0xa76e	0xe003	0xa002	c.sh
2	7112	c.sh	11	14	16	c.sh x11, 16(x14)	0xab0e	0xe003	0xa002	c.sh
2	7113	c.sh	11	14	18	c.sh x11, 18(x14)	0xab2e	0xe003	0xa002	c.sh
2	7114	c.sh	11	14	20	c.sh x11, 20(x14)	0xab4e	0xe003	0xa002	c.sh
2	7115	c.sh	11	14	22	c.sh x11, 22(x14)	0xab6e	0xe003	0xa002	c.sh
2	7116	c.sh	11	14	24	c.sh x11, 24(x14)	0xaf0e	0xe003	0xa002	c.sh
2	7117	c.sh	11	14	26	c.sh x11, 26(x14)	0xaf2e	0xe003	0xa002	c.sh
2	7118	c.sh	11	14	28	c.sh x11, 28(x14)	0xaf4e	0xe003	0xa002	c.sh
2	7119	c.sh	11	14	30	c.sh x11, 30(x14)	0xaf6e	0xe003	0xa002	c.sh
2	7120	c.sh	11	14	32	c.sh x11, 32(x14)	0xb30e	0xe003	0xa002	c.sh
2	7121	c.sh	11	14	34	c.sh x11, 34(x14)	0xb32e	0xe003	0xa002	c.sh
2	7122	c.sh	11	14	36	c.sh x11, 36(x14)	0xb34e	0xe003	0xa002	c.sh
2	7123	c.sh	11	14	38	c.sh x11, 38(x14)	0xb36e	0xe003	0xa002	c.sh
2	7124	c.sh	11	14	40	c.sh x11, 40(x14)	0xb70e	0xe003	0xa002	c.sh
2	7125	c.sh	11	14	42	c.sh x11, 42(x14)	0xb72e	0xe003	0xa002	c.sh
2	7126	c.sh	11	14	44	c.sh x11, 44(x14)	0xb74e	0xe003	0xa002	c.sh
2	7127	c.sh	11	14	46	c.sh x11, 46(x14)	0xb76e	0xe003	0xa002	c.sh
2	7128	c.sh	11	14	48	c.sh x11, 48(x14)	0xbb0e	0xe003	0xa002	c.sh
2	7129	c.sh	11	14	50	c.sh x11, 50(x14)	0xbb2e	0xe003	0xa002	c.sh
2	7130	c.sh	11	14	52	c.sh x11, 52(x14)	0xbb4e	0xe003	0xa002	c.sh
2	7131	c.sh	11	14	54	c.sh x11, 54(x14)	0xbb6e	0xe003	0xa002	c.sh
2	7132	c.sh	11	14	56	c.sh x11, 56(x14)	0xbf0e	0xe003	0xa002	c.sh
2	7133	c.sh	11	14	58	c.sh x11, 58(x14)	0xbf2e	0xe003	0xa002	c.sh
2	7134	c.sh	11	14	60	c.sh x11, 60(x14)	0xbf4e	0xe003	0xa002	c.sh
2	7135	c.sh	11	14	62	c.sh x11, 62(x14)	0xbf6e	0xe003	0xa002	c.sh
2	7136	c.sh	11	15	0	c.sh x11, 0(x15)	0xa38e	0xe003	0xa002	c.sh
2	7137	c.sh	11	15	2	c.sh x11, 2(x15)	0xa3ae	0xe003	0xa002	c.sh
2	7138	c.sh	11	15	4	c.sh x11, 4(x15)	0xa3ce	0xe003	0xa002	c.sh
2	7139	c.sh	11	15	6	c.sh x11, 6(x15)	0xa3ee	0xe003	0xa002	c.sh
2	7140	c.sh	11	15	8	c.sh x11, 8(x15)	0xa78e	0xe003	0xa002	c.sh
2	7141	c.sh	11	15	10	c.sh x11, 10(x15)	0xa7ae	0xe003	0xa002	c.sh
2	7142	c.sh	11	15	12	c.sh x11, 12(x15)	0xa7ce	0xe003	0xa002	c.sh
2	7143	c.sh	11	15	14	c.sh x11, 14(x15)	0xa7ee	0xe003	0xa002	c.sh
2	7144	c.sh	11	15	16	c.sh x11, 16(x15)	0xab8e	0xe003	0xa002	c.sh
2	7145	c.sh	11	15	18	c.sh x11, 18(x15)	0xabae	0xe003	0xa002	c.sh
2	7146	c.sh	11	15	20	c.sh x11, 20(x15)	0xabce	0xe003	0xa002	c.sh
2	7147	c.sh	11	15	22	c.sh x11, 22(x15)	0xabee	0xe003	0xa002	c.sh
2	7148	c.sh	11	15	24	c.sh x11, 24(x15)	0xaf8e	0xe003	0xa002	c.sh
2	7149	c.sh	11	15	26	c.sh x11, 26(x15)	0xafae	0xe003	0xa002	c.sh
2	7150	c.sh	11	15	28	c.sh x11, 28(x15)	0xafce	0xe003	0xa002	c.sh
2	7151	c.sh	11	15	30	c.sh x11, 30(x15)	0xafee	0xe003	0xa002	c.sh
2	7152	c.sh	11	15	32	c.sh x11, 32(x15)	0xb38e	0xe003	0xa002	c.sh
2	7153	c.sh	11	15	34	c.sh x11, 34(x15)	0xb3ae	0xe003	0xa002	c.sh
2	7154	c.sh	11	15	36	c.sh x11, 36(x15)	0xb3ce	0xe003	0xa002	c.sh
2	7155	c.sh	11	15	38	c.sh x11, 38(x15)	0xb3ee	0xe003	0xa002	c.sh
2	7156	c.sh	11	15	40	c.sh x11, 40(x15)	0xb78e	0xe003	0xa002	c.sh
2	7157	c.sh	11	15	42	c.sh x11, 42(x15)	0xb7ae	0xe003	0xa002	c.sh
2	7158	c.sh	11	15	44	c.sh x11, 44(x15)	0xb7ce	0xe003	0xa002	c.sh
2	7159	c.sh	11	15	46	c.sh x11, 46(x15)	0xb7ee	0xe003	0xa002	c.sh
2	7160	c.sh	11	15	48	c.sh x11, 48(x15)	0xbb8e	0xe003	0xa002	c.sh
2	7161	c.sh	11	15	50	c.sh x11, 50(x15)	0xbbae	0xe003	0xa002	c.sh
2	7162	c.sh	11	15	52	c.sh x11, 52(x15)	0xbbce	0xe003	0xa002	c.sh
2	7163	c.sh	11	15	54	c.sh x11, 54(x15)	0xbbee	0xe003	0xa002	c.sh
2	7164	c.sh	11	15	56	c.sh x11, 56(x15)	0xbf8e	0xe003	0xa002	c.sh
2	7165	c.sh	11	15	58	c.sh x11, 58(x15)	0xbfae	0xe003	0xa002	c.sh
2	7166	c.sh	11	15	60	c.sh x11, 60(x15)	0xbfce	0xe003	0xa002	c.sh
2	7167	c.sh	11	15	62	c.sh x11, 62(x15)	0xbfee	0xe003	0xa002	c.sh
2	7168	c.sh	12	8	0	c.sh x12, 0(x8)	0xa012	0xe003	0xa002	c.sh
2	7169	c.sh	12	8	2	c.sh x12, 2(x8)	0xa032	0xe003	0xa002	c.sh
2	7170	c.sh	12	8	4	c.sh x12, 4(x8)	0xa052	0xe003	0xa002	c.sh
2	7171	c.sh	12	8	6	c.sh x12, 6(x8)	0xa072	0xe003	0xa002	c.sh
2	7172	c.sh	12	8	8	c.sh x12, 8(x8)	0xa412	0xe003	0xa002	c.sh
2	7173	c.sh	12	8	10	c.sh x12, 10(x8)	0xa432	0xe003	0xa002	c.sh
2	7174	c.sh	12	8	12	c.sh x12, 12(x8)	0xa452	0xe003	0xa002	c.sh
2	7175	c.sh	12	8	14	c.sh x12, 14(x8)	0xa472	0xe003	0xa002	c.sh
2	7176	c.sh	12	8	16	c.sh x12, 16(x8)	0xa812	0xe003	0xa002	c.sh
2	7177	c.sh	12	8	18	c.sh x12, 18(x8)	0xa832	0xe003	0xa002	c.sh
2	7178	c.sh	12	8	20	c.sh x12, 20(x8)	0xa852	0xe003	0xa002	c.sh
2	7179	c.sh	12	8	22	c.sh x12, 22(x8)	0xa872	0xe003	0xa002	c.sh
2	7180	c.sh	12	8	24	c.sh x12, 24(x8)	0xac12	0xe003	0xa002	c.sh
2	7181	c.sh	12	8	26	c.sh x12, 26(x8)	0xac32	0xe003	0xa002	c.sh
2	7182	c.sh	12	8	28	c.sh x12, 28(x8)	0xac52	0xe003	0xa002	c.sh
2	7183	c.sh	12	8	30	c.sh x12, 30(x8)	0xac72	0xe003	0xa002	c.sh
2	7184	c.sh	12	8	32	c.sh x12, 32(x8)	0xb012	0xe003	0xa002	c.sh
2	7185	c.sh	12	8	34	c.sh x12, 34(x8)	0xb032	0xe003	0xa002	c.sh
2	7186	c.sh	12	8	36	c.sh x12, 36(x8)	0xb052	0xe003	0xa002	c.sh
2	7187	c.sh	12	8	38	c.sh x12, 38(x8)	0xb072	0xe003	0xa002	c.sh
2	7188	c.sh	12	8	40	c.sh x12, 40(x8)	0xb412	0xe003	0xa002	c.sh
2	7189	c.sh	12	8	42	c.sh x12, 42(x8)	0xb432	0xe003	0xa002	c.sh
2	7190	c.sh	12	8	44	c.sh x12, 44(x8)	0xb452	0xe003	0xa002	c.sh
2	7191	c.sh	12	8	46	c.sh x12, 46(x8)	0xb472	0xe003	0xa002	c.sh
2	7192	c.sh	12	8	48	c.sh x12, 48(x8)	0xb812	0xe003	0xa002	c.sh
2	7193	c.sh	12	8	50	c.sh x12, 50(x8)	0xb832	0xe003	0xa002	c.sh
2	7194	c.sh	12	8	52	c.sh x12, 52(x8)	0xb852	0xe003	0xa002	c.sh
2	7195	c.sh	12	8	54	c.sh x12, 54(x8)	0xb872	0xe003	0xa002	c.sh
2	7196	c.sh	12	8	56	c.sh x12, 56(x8)	0xbc12	0xe003	0xa002	c.sh
2	7197	c.sh	12	8	58	c.sh x12, 58(x8)	0xbc32	0xe003	0xa002	c.sh
2	7198	c.sh	12	8	60	c.sh x12, 60(x8)	0xbc52	0xe003	0xa002	c.sh
2	7199	c.sh	12	8	62	c.sh x12, 62(x8)	0xbc72	0xe003	0xa002	c.sh
2	7200	c.sh	12	9	0	c.sh x12, 0(x9)	0xa092	0xe003	0xa002	c.sh
2	7201	c.sh	12	9	2	c.sh x12, 2(x9)	0xa0b2	0xe003	0xa002	c.sh
2	7202	c.sh	12	9	4	c.sh x12, 4(x9)	0xa0d2	0xe003	0xa002	c.sh
2	7203	c.sh	12	9	6	c.sh x12, 6(x9)	0xa0f2	0xe003	0xa002	c.sh
2	7204	c.sh	12	9	8	c.sh x12, 8(x9)	0xa492	0xe003	0xa002	c.sh
2	7205	c.sh	12	9	10	c.sh x12, 10(x9)	0xa4b2	0xe003	0xa002	c.sh
2	7206	c.sh	12	9	12	c.sh x12, 12(x9)	0xa4d2	0xe003	0xa002	c.sh
2	7207	c.sh	12	9	14	c.sh x12, 14(x9)	0xa4f2	0xe003	0xa002	c.sh
2	7208	c.sh	12	9	16	c.sh x12, 16(x9)	0xa892	0xe003	0xa002	c.sh
2	7209	c.sh	12	9	18	c.sh x12, 18(x9)	0xa8b2	0xe003	0xa002	c.sh
2	7210	c.sh	12	9	20	c.sh x12, 20(x9)	0xa8d2	0xe003	0xa002	c.sh
2	7211	c.sh	12	9	22	c.sh x12, 22(x9)	0xa8f2	0xe003	0xa002	c.sh
2	7212	c.sh	12	9	24	c.sh x12, 24(x9)	0xac92	0xe003	0xa002	c.sh
2	7213	c.sh	12	9	26	c.sh x12, 26(x9)	0xacb2	0xe003	0xa002	c.sh
2	7214	c.sh	12	9	28	c.sh x12, 28(x9)	0xacd2	0xe003	0xa002	c.sh
2	7215	c.sh	12	9	30	c.sh x12, 30(x9)	0xacf2	0xe003	0xa002	c.sh
2	7216	c.sh	12	9	32	c.sh x12, 32(x9)	0xb092	0xe003	0xa002	c.sh
2	7217	c.sh	12	9	34	c.sh x12, 34(x9)	0xb0b2	0xe003	0xa002	c.sh
2	7218	c.sh	12	9	36	c.sh x12, 36(x9)	0xb0d2	0xe003	0xa002	c.sh
2	7219	c.sh	12	9	38	c.sh x12, 38(x9)	0xb0f2	0xe003	0xa002	c.sh
2	7220	c.sh	12	9	40	c.sh x12, 40(x9)	0xb492	0xe003	0xa002	c.sh
2	7221	c.sh	12	9	42	c.sh x12, 42(x9)	0xb4b2	0xe003	0xa002	c.sh
2	7222	c.sh	12	9	44	c.sh x12, 44(x9)	0xb4d2	0xe003	0xa002	c.sh
2	7223	c.sh	12	9	46	c.sh x12, 46(x9)	0xb4f2	0xe003	0xa002	c.sh
2	7224	c.sh	12	9	48	c.sh x12, 48(x9)	0xb892	0xe003	0xa002	c.sh
2	7225	c.sh	12	9	50	c.sh x12, 50(x9)	0xb8b2	0xe003	0xa002	c.sh
2	7226	c.sh	12	9	52	c.sh x12, 52(x9)	0xb8d2	0xe003	0xa002	c.sh
2	7227	c.sh	12	9	54	c.sh x12, 54(x9)	0xb8f2	0xe003	0xa002	c.sh
2	7228	c.sh	12	9	56	c.sh x12, 56(x9)	0xbc92	0xe003	0xa002	c.sh
2	7229	c.sh	12	9	58	c.sh x12, 58(x9)	0xbcb2	0xe003	0xa002	c.sh
2	7230	c.sh	12	9	60	c.sh x12, 60(x9)	0xbcd2	0xe003	0xa002	c.sh
2	7231	c.sh	12	9	62	c.sh x12, 62(x9)	0xbcf2	0xe003	0xa002	c.sh
2	7232	c.sh	12	10	0	c.sh x12, 0(x10)	0xa112	0xe003	0xa002	c.sh
2	7233	c.sh	12	10	2	c.sh x12, 2(x10)	0xa132	0xe003	0xa002	c.sh
2	7234	c.sh	12	10	4	c.sh x12, 4(x10)	0xa152	0xe003	0xa002	c.sh
2	7235	c.sh	12	10	6	c.sh x12, 6(x10)	0xa172	0xe003	0xa002	c.sh
2	7236	c.sh	12	10	8	c.sh x12, 8(x10)	0xa512	0xe003	0xa002	c.sh
2	7237	c.sh	12	10	10	c.sh x12, 10(x10)	0xa532	0xe003	0xa002	c.sh
2	7238	c.sh	12	10	12	c.sh x12, 12(x10)	0xa552	0xe003	0xa002	c.sh
2	7239	c.sh	12	10	14	c.sh x12, 14(x10)	0xa572	0xe003	0xa002	c.sh
2	7240	c.sh	12	10	16	c.sh x12, 16(x10)	0xa912	0xe003	0xa002	c.sh
2	7241	c.sh	12	10	18	c.sh x12, 18(x10)	0xa932	0xe003	0xa002	c.sh
2	7242	c.sh	12	10	20	c.sh x12, 20(x10)	0xa952	0xe003	0xa002	c.sh
2	7243	c.sh	12	10	22	c.sh x12, 22(x10)	0xa972	0xe003	0xa002	c.sh
2	7244	c.sh	12	10	24	c.sh x12, 24(x10)	0xad12	0xe003	0xa002	c.sh
2	7245	c.sh	12	10	26	c.sh x12, 26(x10)	0xad32	0xe003	0xa002	c.sh
2	7246	c.sh	12	10	28	c.sh x12, 28(x10)	0xad52	0xe003	0xa002	c.sh
2	7247	c.sh	12	10	30	c.sh x12, 30(x10)	0xad72	0xe003	0xa002	c.sh
2	7248	c.sh	12	10	32	c.sh x12, 32(x10)	0xb112	0xe003	0xa002	c.sh
2	7249	c.sh	12	10	34	c.sh x12, 34(x10)	0xb132	0xe003	0xa002	c.sh
2	7250	c.sh	12	10	36	c.sh x12, 36(x10)	0xb152	0xe003	0xa002	c.sh
2	7251	c.sh	12	10	38	c.sh x12, 38(x10)	0xb172	0xe003	0xa002	c.sh
2	7252	c.sh	12	10	40	c.sh x12, 40(x10)	0xb512	0xe003	0xa002	c.sh
2	7253	c.sh	12	10	42	c.sh x12, 42(x10)	0xb532	0xe003	0xa002	c.sh
2	7254	c.sh	12	10	44	c.sh x12, 44(x10)	0xb552	0xe003	0xa002	c.sh
2	7255	c.sh	12	10	46	c.sh x12, 46(x10)	0xb572	0xe003	0xa002	c.sh
2	7256	c.sh	12	10	48	c.sh x12, 48(x10)	0xb912	0xe003	0xa002	c.sh
2	7257	c.sh	12	10	50	c.sh x12, 50(x10)	0xb932	0xe003	0xa002	c.sh
2	7258	c.sh	12	10	52	c.sh x12, 52(x10)	0xb952	0xe003	0xa002	c.sh
2	7259	c.sh	12	10	54	c.sh x12, 54(x10)	0xb972	0xe003	0xa002	c.sh
2	7260	c.sh	12	10	56	c.sh x12, 56(x10)	0xbd12	0xe003	0xa002	c.sh
2	7261	c.sh	12	10	58	c.sh x12, 58(x10)	0xbd32	0xe003	0xa002	c.sh
2	7262	c.sh	12	10	60	c.sh x12, 60(x10)	0xbd52	0xe003	0xa002	c.sh
2	7263	c.sh	12	10	62	c.sh x12, 62(x10)	0xbd72	0xe003	0xa002	c.sh
2	7264	c.sh	12	11	0	c.sh x12, 0(x11)	0xa192	0xe003	0xa002	c.sh
2	7265	c.sh	12	11	2	c.sh x12, 2(x11)	0xa1b2	0xe003	0xa002	c.sh
2	7266	c.sh	12	11	4	c.sh x12, 4(x11)	0xa1d2	0xe003	0xa002	c.sh
2	7267	c.sh	12	11	6	c.sh x12, 6(x11)	0xa1f2	0xe003	0xa002	c.sh
2	7268	c.sh	12	11	8	c.sh x12, 8(x11)	0xa592	0xe003	0xa002	c.sh
2	7269	c.sh	12	11	10	c.sh x12, 10(x11)	0xa5b2	0xe003	0xa002	c.sh
2	7270	c.sh	12	11	12	c.sh x12, 12(x11)	0xa5d2	0xe003	0xa002	c.sh
2	7271	c.sh	12	11	14	c.sh x12, 14(x11)	0xa5f2	0xe003	0xa002	c.sh
2	7272	c.sh	12	11	16	c.sh x12, 16(x11)	0xa992	0xe003	0xa002	c.sh
2	7273	c.sh	12	11	18	c.sh x12, 18(x11)	0xa9b2	0xe003	0xa002	c.sh
2	7274	c.sh	12	11	20	c.sh x12, 20(x11)	0xa9d2	0xe003	0xa002	c.sh
2	7275	c.sh	12	11	22	c.sh x12, 22(x11)	0xa9f2	0xe003	0xa002	c.sh
2	7276	c.sh	12	11	24	c.sh x12, 24(x11)	0xad92	0xe003	0xa002	c.sh
2	7277	c.sh	12	11	26	c.sh x12, 26(x11)	0xadb2	0xe003	0xa002	c.sh
2	7278	c.sh	12	11	28	c.sh x12, 28(x11)	0xadd2	0xe003	0xa002	c.sh
2	7279	c.sh	12	11	30	c.sh x12, 30(x11)	0xadf2	0xe003	0xa002	c.sh
2	7280	c.sh	12	11	32	c.sh x12, 32(x11)	0xb192	0xe003	0xa002	c.sh
2	7281	c.sh	12	11	34	c.sh x12, 34(x11)	0xb1b2	0xe003	0xa002	c.sh
2	7282	c.sh	12	11	36	c.sh x12, 36(x11)	0xb1d2	0xe003	0xa002	c.sh
2	7283	c.sh	12	11	38	c.sh x12, 38(x11)	0xb1f2	0xe003	0xa002	c.sh
2	7284	c.sh	12	11	40	c.sh x12, 40(x11)	0xb592	0xe003	0xa002	c.sh
2	7285	c.sh	12	11	42	c.sh x12, 42(x11)	0xb5b2	0xe003	0xa002	c.sh
2	7286	c.sh	12	11	44	c.sh x12, 44(x11)	0xb5d2	0xe003	0xa002	c.sh
2	7287	c.sh	12	11	46	c.sh x12, 46(x11)	0xb5f2	0xe003	0xa002	c.sh
2	7288	c.sh	12	11	48	c.sh x12, 48(x11)	0xb992	0xe003	0xa002	c.sh
2	7289	c.sh	12	11	50	c.sh x12, 50(x11)	0xb9b2	0xe003	0xa002	c.sh
2	7290	c.sh	12	11	52	c.sh x12, 52(x11)	0xb9d2	0xe003	0xa002	c.sh
2	7291	c.sh	12	11	54	c.sh x12, 54(x11)	0xb9f2	0xe003	0xa002	c.sh
2	7292	c.sh	12	11	56	c.sh x12, 56(x11)	0xbd92	0xe003	0xa002	c.sh
2	7293	c.sh	12	11	58	c.sh x12, 58(x11)	0xbdb2	0xe003	0xa002	c.sh
2	7294	c.sh	12	11	60	c.sh x12, 60(x11)	0xbdd2	0xe003	0xa002	c.sh
2	7295	c.sh	12	11	62	c.sh x12, 62(x11)	0xbdf2	0xe003	0xa002	c.sh
2	7296	c.sh	12	12	0	c.sh x12, 0(x12)	0xa212	0xe003	0xa002	c.sh
2	7297	c.sh	12	12	2	c.sh x12, 2(x12)	0xa232	0xe003	0xa002	c.sh
2	7298	c.sh	12	12	4	c.sh x12, 4(x12)	0xa252	0xe003	0xa002	c.sh
2	7299	c.sh	12	12	6	c.sh x12, 6(x12)	0xa272	0xe003	0xa002	c.sh
2	7300	c.sh	12	12	8	c.sh x12, 8(x12)	0xa612	0xe003	0xa002	c.sh
2	7301	c.sh	12	12	10	c.sh x12, 10(x12)	0xa632	0xe003	0xa002	c.sh
2	7302	c.sh	12	12	12	c.sh x12, 12(x12)	0xa652	0xe003	0xa002	c.sh
2	7303	c.sh	12	12	14	c.sh x12, 14(x12)	0xa672	0xe003	0xa002	c.sh
2	7304	c.sh	12	12	16	c.sh x12, 16(x12)	0xaa12	0xe003	0xa002	c.sh
2	7305	c.sh	12	12	18	c.sh x12, 18(x12)	0xaa32	0xe003	0xa002	c.sh
2	7306	c.sh	12	12	20	c.sh x12, 20(x12)	0xaa52	0xe003	0xa002	c.sh
2	7307	c.sh	12	12	22	c.sh x12, 22(x12)	0xaa72	0xe003	0xa002	c.sh
2	7308	c.sh	12	12	24	c.sh x12, 24(x12)	0xae12	0xe003	0xa002	c.sh
2	7309	c.sh	12	12	26	c.sh x12, 26(x12)	0xae32	0xe003	0xa002	c.sh
2	7310	c.sh	12	12	28	c.sh x12, 28(x12)	0xae52	0xe003	0xa002	c.sh
2	7311	c.sh	12	12	30	c.sh x12, 30(x12)	0xae72	0xe003	0xa002	c.sh
2	7312	c.sh	12	12	32	c.sh x12, 32(x12)	0xb212	0xe003	0xa002	c.sh
2	7313	c.sh	12	12	34	c.sh x12, 34(x12)	0xb232	0xe003	0xa002	c.sh
2	7314	c.sh	12	12	36	c.sh x12, 36(x12)	0xb252	0xe003	0xa002	c.sh
2	7315	c.sh	12	12	38	c.sh x12, 38(x12)	0xb272	0xe003	0xa002	c.sh
2	7316	c.sh	12	12	40	c.sh x12, 40(x12)	0xb612	0xe003	0xa002	c.sh
2	7317	c.sh	12	12	42	c.sh x12, 42(x12)	0xb632	0xe003	0xa002	c.sh
2	7318	c.sh	12	12	44	c.sh x12, 44(x12)	0xb652	0xe003	0xa002	c.sh
2	7319	c.sh	12	12	46	c.sh x12, 46(x12)	0xb672	0xe003	0xa002	c.sh
2	7320	c.sh	12	12	48	c.sh x12, 48(x12)	0xba12	0xe003	0xa002	c.sh
2	7321	c.sh	12	12	50	c.sh x12, 50(x12)	0xba32	0xe003	0xa002	c.sh
2	7322	c.sh	12	12	52	c.sh x12, 52(x12)	0xba52	0xe003	0xa002	c.sh
2	7323	c.sh	12	12	54	c.sh x12, 54(x12)	0xba72	0xe003	0xa002	c.sh
2	7324	c.sh	12	12	56	c.sh x12, 56(x12)	0xbe12	0xe003	0xa002	c.sh
2	7325	c.sh	12	12	58	c.sh x12, 58(x12)	0xbe32	0xe003	0xa002	c.sh
2	7326	c.sh	12	12	60	c.sh x12, 60(x12)	0xbe52	0xe003	0xa002	c.sh
2	7327	c.sh	12	12	62	c.sh x12, 62(x12)	0xbe72	0xe003	0xa002	c.sh
2	7328	c.sh	12	13	0	c.sh x12, 0(x13)	0xa292	0xe003	0xa002	c.sh
2	7329	c.sh	12	13	2	c.sh x12, 2(x13)	0xa2b2	0xe003	0xa002	c.sh
2	7330	c.sh	12	13	4	c.sh x12, 4(x13)	0xa2d2	0xe003	0xa002	c.sh
2	7331	c.sh	12	13	6	c.sh x12, 6(x13)	0xa2f2	0xe003	0xa002	c.sh
2	7332	c.sh	12	13	8	c.sh x12, 8(x13)	0xa692	0xe003	0xa002	c.sh
2	7333	c.sh	12	13	10	c.sh x12, 10(x13)	0xa6b2	0xe003	0xa002	c.sh
2	7334	c.sh	12	13	12	c.sh x12, 12(x13)	0xa6d2	0xe003	0xa002	c.sh
2	7335	c.sh	12	13	14	c.sh x12, 14(x13)	0xa6f2	0xe003	0xa002	c.sh
2	7336	c.sh	12	13	16	c.sh x12, 16(x13)	0xaa92	0xe003	0xa002	c.sh
2	7337	c.sh	12	13	18	c.sh x12, 18(x13)	0xaab2	0xe003	0xa002	c.sh
2	7338	c.sh	12	13	20	c.sh x12, 20(x13)	0xaad2	0xe003	0xa002	c.sh
2	7339	c.sh	12	13	22	c.sh x12, 22(x13)	0xaaf2	0xe003	0xa002	c.sh
2	7340	c.sh	12	13	24	c.sh x12, 24(x13)	0xae92	0xe003	0xa002	c.sh
2	7341	c.sh	12	13	26	c.sh x12, 26(x13)	0xaeb2	0xe003	0xa002	c.sh
2	7342	c.sh	12	13	28	c.sh x12, 28(x13)	0xaed2	0xe003	0xa002	c.sh
2	7343	c.sh	12	13	30	c.sh x12, 30(x13)	0xaef2	0xe003	0xa002	c.sh
2	7344	c.sh	12	13	32	c.sh x12, 32(x13)	0xb292	0xe003	0xa002	c.sh
2	7345	c.sh	12	13	34	c.sh x12, 34(x13)	0xb2b2	0xe003	0xa002	c.sh
2	7346	c.sh	12	13	36	c.sh x12, 36(x13)	0xb2d2	0xe003	0xa002	c.sh
2	7347	c.sh	12	13	38	c.sh x12, 38(x13)	0xb2f2	0xe003	0xa002	c.sh
2	7348	c.sh	12	13	40	c.sh x12, 40(x13)	0xb692	0xe003	0xa002	c.sh
2	7349	c.sh	12	13	42	c.sh x12, 42(x13)	0xb6b2	0xe003	0xa002	c.sh
2	7350	c.sh	12	13	44	c.sh x12, 44(x13)	0xb6d2	0xe003	0xa002	c.sh
2	7351	c.sh	12	13	46	c.sh x12, 46(x13)	0xb6f2	0xe003	0xa002	c.sh
2	7352	c.sh	12	13	48	c.sh x12, 48(x13)	0xba92	0xe003	0xa002	c.sh
2	7353	c.sh	12	13	50	c.sh x12, 50(x13)	0xbab2	0xe003	0xa002	c.sh
2	7354	c.sh	12	13	52	c.sh x12, 52(x13)	0xbad2	0xe003	0xa002	c.sh
2	7355	c.sh	12	13	54	c.sh x12, 54(x13)	0xbaf2	0xe003	0xa002	c.sh
2	7356	c.sh	12	13	56	c.sh x12, 56(x13)	0xbe92	0xe003	0xa002	c.sh
2	7357	c.sh	12	13	58	c.sh x12, 58(x13)	0xbeb2	0xe003	0xa002	c.sh
2	7358	c.sh	12	13	60	c.sh x12, 60(x13)	0xbed2	0xe003	0xa002	c.sh
2	7359	c.sh	12	13	62	c.sh x12, 62(x13)	0xbef2	0xe003	0xa002	c.sh
2	7360	c.sh	12	14	0	c.sh x12, 0(x14)	0xa312	0xe003	0xa002	c.sh
2	7361	c.sh	12	14	2	c.sh x12, 2(x14)	0xa332	0xe003	0xa002	c.sh
2	7362	c.sh	12	14	4	c.sh x12, 4(x14)	0xa352	0xe003	0xa002	c.sh
2	7363	c.sh	12	14	6	c.sh x12, 6(x14)	0xa372	0xe003	0xa002	c.sh
2	7364	c.sh	12	14	8	c.sh x12, 8(x14)	0xa712	0xe003	0xa002	c.sh
2	7365	c.sh	12	14	10	c.sh x12, 10(x14)	0xa732	0xe003	0xa002	c.sh
2	7366	c.sh	12	14	12	c.sh x12, 12(x14)	0xa752	0xe003	0xa002	c.sh
2	7367	c.sh	12	14	14	c.sh x12, 14(x14)	0xa772	0xe003	0xa002	c.sh
2	7368	c.sh	12	14	16	c.sh x12, 16(x14)	0xab12	0xe003	0xa002	c.sh
2	7369	c.sh	12	14	18	c.sh x12, 18(x14)	0xab32	0xe003	0xa002	c.sh
2	7370	c.sh	12	14	20	c.sh x12, 20(x14)	0xab52	0xe003	0xa002	c.sh
2	7371	c.sh	12	14	22	c.sh x12, 22(x14)	0xab72	0xe003	0xa002	c.sh
2	7372	c.sh	12	14	24	c.sh x12, 24(x14)	0xaf12	0xe003	0xa002	c.sh
2	7373	c.sh	12	14	26	c.sh x12, 26(x14)	0xaf32	0xe003	0xa002	c.sh
2	7374	c.sh	12	14	28	c.sh x12, 28(x14)	0xaf52	0xe003	0xa002	c.sh
2	7375	c.sh	12	14	30	c.sh x12, 30(x14)	0xaf72	0xe003	0xa002	c.sh
2	7376	c.sh	12	14	32	c.sh x12, 32(x14)	0xb312	0xe003	0xa002	c.sh
2	7377	c.sh	12	14	34	c.sh x12, 34(x14)	0xb332	0xe003	0xa002	c.sh
2	7378	c.sh	12	14	36	c.sh x12, 36(x14)	0xb352	0xe003	0xa002	c.sh
2	7379	c.sh	12	14	38	c.sh x12, 38(x14)	0xb372	0xe003	0xa002	c.sh
2	7380	c.sh	12	14	40	c.sh x12, 40(x14)	0xb712	0xe003	0xa002	c.sh
2	7381	c.sh	12	14	42	c.sh x12, 42(x14)	0xb732	0xe003	0xa002	c.sh
2	7382	c.sh	12	14	44	c.sh x12, 44(x14)	0xb752	0xe003	0xa002	c.sh
2	7383	c.sh	12	14	46	c.sh x12, 46(x14)	0xb772	0xe003	0xa002	c.sh
2	7384	c.sh	12	14	48	c.sh x12, 48(x14)	0xbb12	0xe003	0xa002	c.sh
2	7385	c.sh	12	14	50	c.sh x12, 50(x14)	0xbb32	0xe003	0xa002	c.sh
2	7386	c.sh	12	14	52	c.sh x12, 52(x14)	0xbb52	0xe003	0xa002	c.sh
2	7387	c.sh	12	14	54	c.sh x12, 54(x14)	0xbb72	0xe003	0xa002	c.sh
2	7388	c.sh	12	14	56	c.sh x12, 56(x14)	0xbf12	0xe003	0xa002	c.sh
2	7389	c.sh	12	14	58	c.sh x12, 58(x14)	0xbf32	0xe003	0xa002	c.sh
2	7390	c.sh	12	14	60	c.sh x12, 60(x14)	0xbf52	0xe003	0xa002	c.sh
2	7391	c.sh	12	14	62	c.sh x12, 62(x14)	0xbf72	0xe003	0xa002	c.sh
2	7392	c.sh	12	15	0	c.sh x12, 0(x15)	0xa392	0xe003	0xa002	c.sh
2	7393	c.sh	12	15	2	c.sh x12, 2(x15)	0xa3b2	0xe003	0xa002	c.sh
2	7394	c.sh	12	15	4	c.sh x12, 4(x15)	0xa3d2	0xe003	0xa002	c.sh
2	7395	c.sh	12	15	6	c.sh x12, 6(x15)	0xa3f2	0xe003	0xa002	c.sh
2	7396	c.sh	12	15	8	c.sh x12, 8(x15)	0xa792	0xe003	0xa002	c.sh
2	7397	c.sh	12	15	10	c.sh x12, 10(x15)	0xa7b2	0xe003	0xa002	c.sh
2	7398	c.sh	12	15	12	c.sh x12, 12(x15)	0xa7d2	0xe003	0xa002	c.sh
2	7399	c.sh	12	15	14	c.sh x12, 14(x15)	0xa7f2	0xe003	0xa002	c.sh
2	7400	c.sh	12	15	16	c.sh x12, 16(x15)	0xab92	0xe003	0xa002	c.sh
2	7401	c.sh	12	15	18	c.sh x12, 18(x15)	0xabb2	0xe003	0xa002	c.sh
2	7402	c.sh	12	15	20	c.sh x12, 20(x15)	0xabd2	0xe003	0xa002	c.sh
2	7403	c.sh	12	15	22	c.sh x12, 22(x15)	0xabf2	0xe003	0xa002	c.sh
2	7404	c.sh	12	15	24	c.sh x12, 24(x15)	0xaf92	0xe003	0xa002	c.sh
2	7405	c.sh	12	15	26	c.sh x12, 26(x15)	0xafb2	0xe003	0xa002	c.sh
2	7406	c.sh	12	15	28	c.sh x12, 28(x15)	0xafd2	0xe003	0xa002	c.sh
2	7407	c.sh	12	15	30	c.sh x12, 30(x15)	0xaff2	0xe003	0xa002	c.sh
2	7408	c.sh	12	15	32	c.sh x12, 32(x15)	0xb392	0xe003	0xa002	c.sh
2	7409	c.sh	12	15	34	c.sh x12, 34(x15)	0xb3b2	0xe003	0xa002	c.sh
2	7410	c.sh	12	15	36	c.sh x12, 36(x15)	0xb3d2	0xe003	0xa002	c.sh
2	7411	c.sh	12	15	38	c.sh x12, 38(x15)	0xb3f2	0xe003	0xa002	c.sh
2	7412	c.sh	12	15	40	c.sh x12, 40(x15)	0xb792	0xe003	0xa002	c.sh
2	7413	c.sh	12	15	42	c.sh x12, 42(x15)	0xb7b2	0xe003	0xa002	c.sh
2	7414	c.sh	12	15	44	c.sh x12, 44(x15)	0xb7d2	0xe003	0xa002	c.sh
2	7415	c.sh	12	15	46	c.sh x12, 46(x15)	0xb7f2	0xe003	0xa002	c.sh
2	7416	c.sh	12	15	48	c.sh x12, 48(x15)	0xbb92	0xe003	0xa002	c.sh
2	7417	c.sh	12	15	50	c.sh x12, 50(x15)	0xbbb2	0xe003	0xa002	c.sh
2	7418	c.sh	12	15	52	c.sh x12, 52(x15)	0xbbd2	0xe003	0xa002	c.sh
2	7419	c.sh	12	15	54	c.sh x12, 54(x15)	0xbbf2	0xe003	0xa002	c.sh
2	7420	c.sh	12	15	56	c.sh x12, 56(x15)	0xbf92	0xe003	0xa002	c.sh
2	7421	c.sh	12	15	58	c.sh x12, 58(x15)	0xbfb2	0xe003	0xa002	c.sh
2	7422	c.sh	12	15	60	c.sh x12, 60(x15)	0xbfd2	0xe003	0xa002	c.sh
2	7423	c.sh	12	15	62	c.sh x12, 62(x15)	0xbff2	0xe003	0xa002	c.sh
2	7424	c.sh	13	8	0	c.sh x13, 0(x8)	0xa016	0xe003	0xa002	c.sh
2	7425	c.sh	13	8	2	c.sh x13, 2(x8)	0xa036	0xe003	0xa002	c.sh
2	7426	c.sh	13	8	4	c.sh x13, 4(x8)	0xa056	0xe003	0xa002	c.sh
2	7427	c.sh	13	8	6	c.sh x13, 6(x8)	0xa076	0xe003	0xa002	c.sh
2	7428	c.sh	13	8	8	c.sh x13, 8(x8)	0xa416	0xe003	0xa002	c.sh
2	7429	c.sh	13	8	10	c.sh x13, 10(x8)	0xa436	0xe003	0xa002	c.sh
2	7430	c.sh	13	8	12	c.sh x13, 12(x8)	0xa456	0xe003	0xa002	c.sh
2	7431	c.sh	13	8	14	c.sh x13, 14(x8)	0xa476	0xe003	0xa002	c.sh
2	7432	c.sh	13	8	16	c.sh x13, 16(x8)	0xa816	0xe003	0xa002	c.sh
2	7433	c.sh	13	8	18	c.sh x13, 18(x8)	0xa836	0xe003	0xa002	c.sh
2	7434	c.sh	13	8	20	c.sh x13, 20(x8)	0xa856	0xe003	0xa002	c.sh
2	7435	c.sh	13	8	22	c.sh x13, 22(x8)	0xa876	0xe003	0xa002	c.sh
2	7436	c.sh	13	8	24	c.sh x13, 24(x8)	0xac16	0xe003	0xa002	c.sh
2	7437	c.sh	13	8	26	c.sh x13, 26(x8)	0xac36	0xe003	0xa002	c.sh
2	7438	c.sh	13	8	28	c.sh x13, 28(x8)	0xac56	0xe003	0xa002	c.sh
2	7439	c.sh	13	8	30	c.sh x13, 30(x8)	0xac76	0xe003	0xa002	c.sh
2	7440	c.sh	13	8	32	c.sh x13, 32(x8)	0xb016	0xe003	0xa002	c.sh
2	7441	c.sh	13	8	34	c.sh x13, 34(x8)	0xb036	0xe003	0xa002	c.sh
2	7442	c.sh	13	8	36	c.sh x13, 36(x8)	0xb056	0xe003	0xa002	c.sh
2	7443	c.sh	13	8	38	c.sh x13, 38(x8)	0xb076	0xe003	0xa002	c.sh
2	7444	c.sh	13	8	40	c.sh x13, 40(x8)	0xb416	0xe003	0xa002	c.sh
2	7445	c.sh	13	8	42	c.sh x13, 42(x8)	0xb436	0xe003	0xa002	c.sh
2	7446	c.sh	13	8	44	c.sh x13, 44(x8)	0xb456	0xe003	0xa002	c.sh
2	7447	c.sh	13	8	46	c.sh x13, 46(x8)	0xb476	0xe003	0xa002	c.sh
2	7448	c.sh	13	8	48	c.sh x13, 48(x8)	0xb816	0xe003	0xa002	c.sh
2	7449	c.sh	13	8	50	c.sh x13, 50(x8)	0xb836	0xe003	0xa002	c.sh
2	7450	c.sh	13	8	52	c.sh x13, 52(x8)	0xb856	0xe003	0xa002	c.sh
2	7451	c.sh	13	8	54	c.sh x13, 54(x8)	0xb876	0xe003	0xa002	c.sh
2	7452	c.sh	13	8	56	c.sh x13, 56(x8)	0xbc16	0xe003	0xa002	c.sh
2	7453	c.sh	13	8	58	c.sh x13, 58(x8)	0xbc36	0xe003	0xa002	c.sh
2	7454	c.sh	13	8	60	c.sh x13, 60(x8)	0xbc56	0xe003	0xa002	c.sh
2	7455	c.sh	13	8	62	c.sh x13, 62(x8)	0xbc76	0xe003	0xa002	c.sh
2	7456	c.sh	13	9	0	c.sh x13, 0(x9)	0xa096	0xe003	0xa002	c.sh
2	7457	c.sh	13	9	2	c.sh x13, 2(x9)	0xa0b6	0xe003	0xa002	c.sh
2	7458	c.sh	13	9	4	c.sh x13, 4(x9)	0xa0d6	0xe003	0xa002	c.sh
2	7459	c.sh	13	9	6	c.sh x13, 6(x9)	0xa0f6	0xe003	0xa002	c.sh
2	7460	c.sh	13	9	8	c.sh x13, 8(x9)	0xa496	0xe003	0xa002	c.sh
2	7461	c.sh	13	9	10	c.sh x13, 10(x9)	0xa4b6	0xe003	0xa002	c.sh
2	7462	c.sh	13	9	12	c.sh x13, 12(x9)	0xa4d6	0xe003	0xa002	c.sh
2	7463	c.sh	13	9	14	c.sh x13, 14(x9)	0xa4f6	0xe003	0xa002	c.sh
2	7464	c.sh	13	9	16	c.sh x13, 16(x9)	0xa896	0xe003	0xa002	c.sh
2	7465	c.sh	13	9	18	c.sh x13, 18(x9)	0xa8b6	0xe003	0xa002	c.sh
2	7466	c.sh	13	9	20	c.sh x13, 20(x9)	0xa8d6	0xe003	0xa002	c.sh
2	7467	c.sh	13	9	22	c.sh x13, 22(x9)	0xa8f6	0xe003	0xa002	c.sh
2	7468	c.sh	13	9	24	c.sh x13, 24(x9)	0xac96	0xe003	0xa002	c.sh
2	7469	c.sh	13	9	26	c.sh x13, 26(x9)	0xacb6	0xe003	0xa002	c.sh
2	7470	c.sh	13	9	28	c.sh x13, 28(x9)	0xacd6	0xe003	0xa002	c.sh
2	7471	c.sh	13	9	30	c.sh x13, 30(x9)	0xacf6	0xe003	0xa002	c.sh
2	7472	c.sh	13	9	32	c.sh x13, 32(x9)	0xb096	0xe003	0xa002	c.sh
2	7473	c.sh	13	9	34	c.sh x13, 34(x9)	0xb0b6	0xe003	0xa002	c.sh
2	7474	c.sh	13	9	36	c.sh x13, 36(x9)	0xb0d6	0xe003	0xa002	c.sh
2	7475	c.sh	13	9	38	c.sh x13, 38(x9)	0xb0f6	0xe003	0xa002	c.sh
2	7476	c.sh	13	9	40	c.sh x13, 40(x9)	0xb496	0xe003	0xa002	c.sh
2	7477	c.sh	13	9	42	c.sh x13, 42(x9)	0xb4b6	0xe003	0xa002	c.sh
2	7478	c.sh	13	9	44	c.sh x13, 44(x9)	0xb4d6	0xe003	0xa002	c.sh
2	7479	c.sh	13	9	46	c.sh x13, 46(x9)	0xb4f6	0xe003	0xa002	c.sh
2	7480	c.sh	13	9	48	c.sh x13, 48(x9)	0xb896	0xe003	0xa002	c.sh
2	7481	c.sh	13	9	50	c.sh x13, 50(x9)	0xb8b6	0xe003	0xa002	c.sh
2	7482	c.sh	13	9	52	c.sh x13, 52(x9)	0xb8d6	0xe003	0xa002	c.sh
2	7483	c.sh	13	9	54	c.sh x13, 54(x9)	0xb8f6	0xe003	0xa002	c.sh
2	7484	c.sh	13	9	56	c.sh x13, 56(x9)	0xbc96	0xe003	0xa002	c.sh
2	7485	c.sh	13	9	58	c.sh x13, 58(x9)	0xbcb6	0xe003	0xa002	c.sh
2	7486	c.sh	13	9	60	c.sh x13, 60(x9)	0xbcd6	0xe003	0xa002	c.sh
2	7487	c.sh	13	9	62	c.sh x13, 62(x9)	0xbcf6	0xe003	0xa002	c.sh
2	7488	c.sh	13	10	0	c.sh x13, 0(x10)	0xa116	0xe003	0xa002	c.sh
2	7489	c.sh	13	10	2	c.sh x13, 2(x10)	0xa136	0xe003	0xa002	c.sh
2	7490	c.sh	13	10	4	c.sh x13, 4(x10)	0xa156	0xe003	0xa002	c.sh
2	7491	c.sh	13	10	6	c.sh x13, 6(x10)	0xa176	0xe003	0xa002	c.sh
2	7492	c.sh	13	10	8	c.sh x13, 8(x10)	0xa516	0xe003	0xa002	c.sh
2	7493	c.sh	13	10	10	c.sh x13, 10(x10)	0xa536	0xe003	0xa002	c.sh
2	7494	c.sh	13	10	12	c.sh x13, 12(x10)	0xa556	0xe003	0xa002	c.sh
2	7495	c.sh	13	10	14	c.sh x13, 14(x10)	0xa576	0xe003	0xa002	c.sh
2	7496	c.sh	13	10	16	c.sh x13, 16(x10)	0xa916	0xe003	0xa002	c.sh
2	7497	c.sh	13	10	18	c.sh x13, 18(x10)	0xa936	0xe003	0xa002	c.sh
2	7498	c.sh	13	10	20	c.sh x13, 20(x10)	0xa956	0xe003	0xa002	c.sh
2	7499	c.sh	13	10	22	c.sh x13, 22(x10)	0xa976	0xe003	0xa002	c.sh
2	7500	c.sh	13	10	24	c.sh x13, 24(x10)	0xad16	0xe003	0xa002	c.sh
2	7501	c.sh	13	10	26	c.sh x13, 26(x10)	0xad36	0xe003	0xa002	c.sh
2	7502	c.sh	13	10	28	c.sh x13, 28(x10)	0xad56	0xe003	0xa002	c.sh
2	7503	c.sh	13	10	30	c.sh x13, 30(x10)	0xad76	0xe003	0xa002	c.sh
2	7504	c.sh	13	10	32	c.sh x13, 32(x10)	0xb116	0xe003	0xa002	c.sh
2	7505	c.sh	13	10	34	c.sh x13, 34(x10)	0xb136	0xe003	0xa002	c.sh
2	7506	c.sh	13	10	36	c.sh x13, 36(x10)	0xb156	0xe003	0xa002	c.sh
2	7507	c.sh	13	10	38	c.sh x13, 38(x10)	0xb176	0xe003	0xa002	c.sh
2	7508	c.sh	13	10	40	c.sh x13, 40(x10)	0xb516	0xe003	0xa002	c.sh
2	7509	c.sh	13	10	42	c.sh x13, 42(x10)	0xb536	0xe003	0xa002	c.sh
2	7510	c.sh	13	10	44	c.sh x13, 44(x10)	0xb556	0xe003	0xa002	c.sh
2	7511	c.sh	13	10	46	c.sh x13, 46(x10)	0xb576	0xe003	0xa002	c.sh
2	7512	c.sh	13	10	48	c.sh x13, 48(x10)	0xb916	0xe003	0xa002	c.sh
2	7513	c.sh	13	10	50	c.sh x13, 50(x10)	0xb936	0xe003	0xa002	c.sh
2	7514	c.sh	13	10	52	c.sh x13, 52(x10)	0xb956	0xe003	0xa002	c.sh
2	7515	c.sh	13	10	54	c.sh x13, 54(x10)	0xb976	0xe003	0xa002	c.sh
2	7516	c.sh	13	10	56	c.sh x13, 56(x10)	0xbd16	0xe003	0xa002	c.sh
2	7517	c.sh	13	10	58	c.sh x13, 58(x10)	0xbd36	0xe003	0xa002	c.sh
2	7518	c.sh	13	10	60	c.sh x13, 60(x10)	0xbd56	0xe003	0xa002	c.sh
2	7519	c.sh	13	10	62	c.sh x13, 62(x10)	0xbd76	0xe003	0xa002	c.sh
2	7520	c.sh	13	11	0	c.sh x13, 0(x11)	0xa196	0xe003	0xa002	c.sh
2	7521	c.sh	13	11	2	c.sh x13, 2(x11)	0xa1b6	0xe003	0xa002	c.sh
2	7522	c.sh	13	11	4	c.sh x13, 4(x11)	0xa1d6	0xe003	0xa002	c.sh
2	7523	c.sh	13	11	6	c.sh x13, 6(x11)	0xa1f6	0xe003	0xa002	c.sh
2	7524	c.sh	13	11	8	c.sh x13, 8(x11)	0xa596	0xe003	0xa002	c.sh
2	7525	c.sh	13	11	10	c.sh x13, 10(x11)	0xa5b6	0xe003	0xa002	c.sh
2	7526	c.sh	13	11	12	c.sh x13, 12(x11)	0xa5d6	0xe003	0xa002	c.sh
2	7527	c.sh	13	11	14	c.sh x13, 14(x11)	0xa5f6	0xe003	0xa002	c.sh
2	7528	c.sh	13	11	16	c.sh x13, 16(x11)	0xa996	0xe003	0xa002	c.sh
2	7529	c.sh	13	11	18	c.sh x13, 18(x11)	0xa9b6	0xe003	0xa002	c.sh
2	7530	c.sh	13	11	20	c.sh x13, 20(x11)	0xa9d6	0xe003	0xa002	c.sh
2	7531	c.sh	13	11	22	c.sh x13, 22(x11)	0xa9f6	0xe003	0xa002	c.sh
2	7532	c.sh	13	11	24	c.sh x13, 24(x11)	0xad96	0xe003	0xa002	c.sh
2	7533	c.sh	13	11	26	c.sh x13, 26(x11)	0xadb6	0xe003	0xa002	c.sh
2	7534	c.sh	13	11	28	c.sh x13, 28(x11)	0xadd6	0xe003	0xa002	c.sh
2	7535	c.sh	13	11	30	c.sh x13, 30(x11)	0xadf6	0xe003	0xa002	c.sh
2	7536	c.sh	13	11	32	c.sh x13, 32(x11)	0xb196	0xe003	0xa002	c.sh
2	7537	c.sh	13	11	34	c.sh x13, 34(x11)	0xb1b6	0xe003	0xa002	c.sh
2	7538	c.sh	13	11	36	c.sh x13, 36(x11)	0xb1d6	0xe003	0xa002	c.sh
2	7539	c.sh	13	11	38	c.sh x13, 38(x11)	0xb1f6	0xe003	0xa002	c.sh
2	7540	c.sh	13	11	40	c.sh x13, 40(x11)	0xb596	0xe003	0xa002	c.sh
2	7541	c.sh	13	11	42	c.sh x13, 42(x11)	0xb5b6	0xe003	0xa002	c.sh
2	7542	c.sh	13	11	44	c.sh x13, 44(x11)	0xb5d6	0xe003	0xa002	c.sh
2	7543	c.sh	13	11	46	c.sh x13, 46(x11)	0xb5f6	0xe003	0xa002	c.sh
2	7544	c.sh	13	11	48	c.sh x13, 48(x11)	0xb996	0xe003	0xa002	c.sh
2	7545	c.sh	13	11	50	c.sh x13, 50(x11)	0xb9b6	0xe003	0xa002	c.sh
2	7546	c.sh	13	11	52	c.sh x13, 52(x11)	0xb9d6	0xe003	0xa002	c.sh
2	7547	c.sh	13	11	54	c.sh x13, 54(x11)	0xb9f6	0xe003	0xa002	c.sh
2	7548	c.sh	13	11	56	c.sh x13, 56(x11)	0xbd96	0xe003	0xa002	c.sh
2	7549	c.sh	13	11	58	c.sh x13, 58(x11)	0xbdb6	0xe003	0xa002	c.sh
2	7550	c.sh	13	11	60	c.sh x13, 60(x11)	0xbdd6	0xe003	0xa002	c.sh
2	7551	c.sh	13	11	62	c.sh x13, 62(x11)	0xbdf6	0xe003	0xa002	c.sh
2	7552	c.sh	13	12	0	c.sh x13, 0(x12)	0xa216	0xe003	0xa002	c.sh
2	7553	c.sh	13	12	2	c.sh x13, 2(x12)	0xa236	0xe003	0xa002	c.sh
2	7554	c.sh	13	12	4	c.sh x13, 4(x12)	0xa256	0xe003	0xa002	c.sh
2	7555	c.sh	13	12	6	c.sh x13, 6(x12)	0xa276	0xe003	0xa002	c.sh
2	7556	c.sh	13	12	8	c.sh x13, 8(x12)	0xa616	0xe003	0xa002	c.sh
2	7557	c.sh	13	12	10	c.sh x13, 10(x12)	0xa636	0xe003	0xa002	c.sh
2	7558	c.sh	13	12	12	c.sh x13, 12(x12)	0xa656	0xe003	0xa002	c.sh
2	7559	c.sh	13	12	14	c.sh x13, 14(x12)	0xa676	0xe003	0xa002	c.sh
2	7560	c.sh	13	12	16	c.sh x13, 16(x12)	0xaa16	0xe003	0xa002	c.sh
2	7561	c.sh	13	12	18	c.sh x13, 18(x12)	0xaa36	0xe003	0xa002	c.sh
2	7562	c.sh	13	12	20	c.sh x13, 20(x12)	0xaa56	0xe003	0xa002	c.sh
2	7563	c.sh	13	12	22	c.sh x13, 22(x12)	0xaa76	0xe003	0xa002	c.sh
2	7564	c.sh	13	12	24	c.sh x13, 24(x12)	0xae16	0xe003	0xa002	c.sh
2	7565	c.sh	13	12	26	c.sh x13, 26(x12)	0xae36	0xe003	0xa002	c.sh
2	7566	c.sh	13	12	28	c.sh x13, 28(x12)	0xae56	0xe003	0xa002	c.sh
2	7567	c.sh	13	12	30	c.sh x13, 30(x12)	0xae76	0xe003	0xa002	c.sh
2	7568	c.sh	13	12	32	c.sh x13, 32(x12)	0xb216	0xe003	0xa002	c.sh
2	7569	c.sh	13	12	34	c.sh x13, 34(x12)	0xb236	0xe003	0xa002	c.sh
2	7570	c.sh	13	12	36	c.sh x13, 36(x12)	0xb256	0xe003	0xa002	c.sh
2	7571	c.sh	13	12	38	c.sh x13, 38(x12)	0xb276	0xe003	0xa002	c.sh
2	7572	c.sh	13	12	40	c.sh x13, 40(x12)	0xb616	0xe003	0xa002	c.sh
2	7573	c.sh	13	12	42	c.sh x13, 42(x12)	0xb636	0xe003	0xa002	c.sh
2	7574	c.sh	13	12	44	c.sh x13, 44(x12)	0xb656	0xe003	0xa002	c.sh
2	7575	c.sh	13	12	46	c.sh x13, 46(x12)	0xb676	0xe003	0xa002	c.sh
2	7576	c.sh	13	12	48	c.sh x13, 48(x12)	0xba16	0xe003	0xa002	c.sh
2	7577	c.sh	13	12	50	c.sh x13, 50(x12)	0xba36	0xe003	0xa002	c.sh
2	7578	c.sh	13	12	52	c.sh x13, 52(x12)	0xba56	0xe003	0xa002	c.sh
2	7579	c.sh	13	12	54	c.sh x13, 54(x12)	0xba76	0xe003	0xa002	c.sh
2	7580	c.sh	13	12	56	c.sh x13, 56(x12)	0xbe16	0xe003	0xa002	c.sh
2	7581	c.sh	13	12	58	c.sh x13, 58(x12)	0xbe36	0xe003	0xa002	c.sh
2	7582	c.sh	13	12	60	c.sh x13, 60(x12)	0xbe56	0xe003	0xa002	c.sh
2	7583	c.sh	13	12	62	c.sh x13, 62(x12)	0xbe76	0xe003	0xa002	c.sh
2	7584	c.sh	13	13	0	c.sh x13, 0(x13)	0xa296	0xe003	0xa002	c.sh
2	7585	c.sh	13	13	2	c.sh x13, 2(x13)	0xa2b6	0xe003	0xa002	c.sh
2	7586	c.sh	13	13	4	c.sh x13, 4(x13)	0xa2d6	0xe003	0xa002	c.sh
2	7587	c.sh	13	13	6	c.sh x13, 6(x13)	0xa2f6	0xe003	0xa002	c.sh
2	7588	c.sh	13	13	8	c.sh x13, 8(x13)	0xa696	0xe003	0xa002	c.sh
2	7589	c.sh	13	13	10	c.sh x13, 10(x13)	0xa6b6	0xe003	0xa002	c.sh
2	7590	c.sh	13	13	12	c.sh x13, 12(x13)	0xa6d6	0xe003	0xa002	c.sh
2	7591	c.sh	13	13	14	c.sh x13, 14(x13)	0xa6f6	0xe003	0xa002	c.sh
2	7592	c.sh	13	13	16	c.sh x13, 16(x13)	0xaa96	0xe003	0xa002	c.sh
2	7593	c.sh	13	13	18	c.sh x13, 18(x13)	0xaab6	0xe003	0xa002	c.sh
2	7594	c.sh	13	13	20	c.sh x13, 20(x13)	0xaad6	0xe003	0xa002	c.sh
2	7595	c.sh	13	13	22	c.sh x13, 22(x13)	0xaaf6	0xe003	0xa002	c.sh
2	7596	c.sh	13	13	24	c.sh x13, 24(x13)	0xae96	0xe003	0xa002	c.sh
2	7597	c.sh	13	13	26	c.sh x13, 26(x13)	0xaeb6	0xe003	0xa002	c.sh
2	7598	c.sh	13	13	28	c.sh x13, 28(x13)	0xaed6	0xe003	0xa002	c.sh
2	7599	c.sh	13	13	30	c.sh x13, 30(x13)	0xaef6	0xe003	0xa002	c.sh
2	7600	c.sh	13	13	32	c.sh x13, 32(x13)	0xb296	0xe003	0xa002	c.sh
2	7601	c.sh	13	13	34	c.sh x13, 34(x13)	0xb2b6	0xe003	0xa002	c.sh
2	7602	c.sh	13	13	36	c.sh x13, 36(x13)	0xb2d6	0xe003	0xa002	c.sh
2	7603	c.sh	13	13	38	c.sh x13, 38(x13)	0xb2f6	0xe003	0xa002	c.sh
2	7604	c.sh	13	13	40	c.sh x13, 40(x13)	0xb696	0xe003	0xa002	c.sh
2	7605	c.sh	13	13	42	c.sh x13, 42(x13)	0xb6b6	0xe003	0xa002	c.sh
2	7606	c.sh	13	13	44	c.sh x13, 44(x13)	0xb6d6	0xe003	0xa002	c.sh
2	7607	c.sh	13	13	46	c.sh x13, 46(x13)	0xb6f6	0xe003	0xa002	c.sh
2	7608	c.sh	13	13	48	c.sh x13, 48(x13)	0xba96	0xe003	0xa002	c.sh
2	7609	c.sh	13	13	50	c.sh x13, 50(x13)	0xbab6	0xe003	0xa002	c.sh
2	7610	c.sh	13	13	52	c.sh x13, 52(x13)	0xbad6	0xe003	0xa002	c.sh
2	7611	c.sh	13	13	54	c.sh x13, 54(x13)	0xbaf6	0xe003	0xa002	c.sh
2	7612	c.sh	13	13	56	c.sh x13, 56(x13)	0xbe96	0xe003	0xa002	c.sh
2	7613	c.sh	13	13	58	c.sh x13, 58(x13)	0xbeb6	0xe003	0xa002	c.sh
2	7614	c.sh	13	13	60	c.sh x13, 60(x13)	0xbed6	0xe003	0xa002	c.sh
2	7615	c.sh	13	13	62	c.sh x13, 62(x13)	0xbef6	0xe003	0xa002	c.sh
2	7616	c.sh	13	14	0	c.sh x13, 0(x14)	0xa316	0xe003	0xa002	c.sh
2	7617	c.sh	13	14	2	c.sh x13, 2(x14)	0xa336	0xe003	0xa002	c.sh
2	7618	c.sh	13	14	4	c.sh x13, 4(x14)	0xa356	0xe003	0xa002	c.sh
2	7619	c.sh	13	14	6	c.sh x13, 6(x14)	0xa376	0xe003	0xa002	c.sh
2	7620	c.sh	13	14	8	c.sh x13, 8(x14)	0xa716	0xe003	0xa002	c.sh
2	7621	c.sh	13	14	10	c.sh x13, 10(x14)	0xa736	0xe003	0xa002	c.sh
2	7622	c.sh	13	14	12	c.sh x13, 12(x14)	0xa756	0xe003	0xa002	c.sh
2	7623	c.sh	13	14	14	c.sh x13, 14(x14)	0xa776	0xe003	0xa002	c.sh
2	7624	c.sh	13	14	16	c.sh x13, 16(x14)	0xab16	0xe003	0xa002	c.sh
2	7625	c.sh	13	14	18	c.sh x13, 18(x14)	0xab36	0xe003	0xa002	c.sh
2	7626	c.sh	13	14	20	c.sh x13, 20(x14)	0xab56	0xe003	0xa002	c.sh
2	7627	c.sh	13	14	22	c.sh x13, 22(x14)	0xab76	0xe003	0xa002	c.sh
2	7628	c.sh	13	14	24	c.sh x13, 24(x14)	0xaf16	0xe003	0xa002	c.sh
2	7629	c.sh	13	14	26	c.sh x13, 26(x14)	0xaf36	0xe003	0xa002	c.sh
2	7630	c.sh	13	14	28	c.sh x13, 28(x14)	0xaf56	0xe003	0xa002	c.sh
2	7631	c.sh	13	14	30	c.sh x13, 30(x14)	0xaf76	0xe003	0xa002	c.sh
2	7632	c.sh	13	14	32	c.sh x13, 32(x14)	0xb316	0xe003	0xa002	c.sh
2	7633	c.sh	13	14	34	c.sh x13, 34(x14)	0xb336	0xe003	0xa002	c.sh
2	7634	c.sh	13	14	36	c.sh x13, 36(x14)	0xb356	0xe003	0xa002	c.sh
2	7635	c.sh	13	14	38	c.sh x13, 38(x14)	0xb376	0xe003	0xa002	c.sh
2	7636	c.sh	13	14	40	c.sh x13, 40(x14)	0xb716	0xe003	0xa002	c.sh
2	7637	c.sh	13	14	42	c.sh x13, 42(x14)	0xb736	0xe003	0xa002	c.sh
2	7638	c.sh	13	14	44	c.sh x13, 44(x14)	0xb756	0xe003	0xa002	c.sh
2	7639	c.sh	13	14	46	c.sh x13, 46(x14)	0xb776	0xe003	0xa002	c.sh
2	7640	c.sh	13	14	48	c.sh x13, 48(x14)	0xbb16	0xe003	0xa002	c.sh
2	7641	c.sh	13	14	50	c.sh x13, 50(x14)	0xbb36	0xe003	0xa002	c.sh
2	7642	c.sh	13	14	52	c.sh x13, 52(x14)	0xbb56	0xe003	0xa002	c.sh
2	7643	c.sh	13	14	54	c.sh x13, 54(x14)	0xbb76	0xe003	0xa002	c.sh
2	7644	c.sh	13	14	56	c.sh x13, 56(x14)	0xbf16	0xe003	0xa002	c.sh
2	7645	c.sh	13	14	58	c.sh x13, 58(x14)	0xbf36	0xe003	0xa002	c.sh
2	7646	c.sh	13	14	60	c.sh x13, 60(x14)	0xbf56	0xe003	0xa002	c.sh
2	7647	c.sh	13	14	62	c.sh x13, 62(x14)	0xbf76	0xe003	0xa002	c.sh
2	7648	c.sh	13	15	0	c.sh x13, 0(x15)	0xa396	0xe003	0xa002	c.sh
2	7649	c.sh	13	15	2	c.sh x13, 2(x15)	0xa3b6	0xe003	0xa002	c.sh
2	7650	c.sh	13	15	4	c.sh x13, 4(x15)	0xa3d6	0xe003	0xa002	c.sh
2	7651	c.sh	13	15	6	c.sh x13, 6(x15)	0xa3f6	0xe003	0xa002	c.sh
2	7652	c.sh	13	15	8	c.sh x13, 8(x15)	0xa796	0xe003	0xa002	c.sh
2	7653	c.sh	13	15	10	c.sh x13, 10(x15)	0xa7b6	0xe003	0xa002	c.sh
2	7654	c.sh	13	15	12	c.sh x13, 12(x15)	0xa7d6	0xe003	0xa002	c.sh
2	7655	c.sh	13	15	14	c.sh x13, 14(x15)	0xa7f6	0xe003	0xa002	c.sh
2	7656	c.sh	13	15	16	c.sh x13, 16(x15)	0xab96	0xe003	0xa002	c.sh
2	7657	c.sh	13	15	18	c.sh x13, 18(x15)	0xabb6	0xe003	0xa002	c.sh
2	7658	c.sh	13	15	20	c.sh x13, 20(x15)	0xabd6	0xe003	0xa002	c.sh
2	7659	c.sh	13	15	22	c.sh x13, 22(x15)	0xabf6	0xe003	0xa002	c.sh
2	7660	c.sh	13	15	24	c.sh x13, 24(x15)	0xaf96	0xe003	0xa002	c.sh
2	7661	c.sh	13	15	26	c.sh x13, 26(x15)	0xafb6	0xe003	0xa002	c.sh
2	7662	c.sh	13	15	28	c.sh x13, 28(x15)	0xafd6	0xe003	0xa002	c.sh
2	7663	c.sh	13	15	30	c.sh x13, 30(x15)	0xaff6	0xe003	0xa002	c.sh
2	7664	c.sh	13	15	32	c.sh x13, 32(x15)	0xb396	0xe003	0xa002	c.sh
2	7665	c.sh	13	15	34	c.sh x13, 34(x15)	0xb3b6	0xe003	0xa002	c.sh
2	7666	c.sh	13	15	36	c.sh x13, 36(x15)	0xb3d6	0xe003	0xa002	c.sh
2	7667	c.sh	13	15	38	c.sh x13, 38(x15)	0xb3f6	0xe003	0xa002	c.sh
2	7668	c.sh	13	15	40	c.sh x13, 40(x15)	0xb796	0xe003	0xa002	c.sh
2	7669	c.sh	13	15	42	c.sh x13, 42(x15)	0xb7b6	0xe003	0xa002	c.sh
2	7670	c.sh	13	15	44	c.sh x13, 44(x15)	0xb7d6	0xe003	0xa002	c.sh
2	7671	c.sh	13	15	46	c.sh x13, 46(x15)	0xb7f6	0xe003	0xa002	c.sh
2	7672	c.sh	13	15	48	c.sh x13, 48(x15)	0xbb96	0xe003	0xa002	c.sh
2	7673	c.sh	13	15	50	c.sh x13, 50(x15)	0xbbb6	0xe003	0xa002	c.sh
2	7674	c.sh	13	15	52	c.sh x13, 52(x15)	0xbbd6	0xe003	0xa002	c.sh
2	7675	c.sh	13	15	54	c.sh x13, 54(x15)	0xbbf6	0xe003	0xa002	c.sh
2	7676	c.sh	13	15	56	c.sh x13, 56(x15)	0xbf96	0xe003	0xa002	c.sh
2	7677	c.sh	13	15	58	c.sh x13, 58(x15)	0xbfb6	0xe003	0xa002	c.sh
2	7678	c.sh	13	15	60	c.sh x13, 60(x15)	0xbfd6	0xe003	0xa002	c.sh
2	7679	c.sh	13	15	62	c.sh x13, 62(x15)	0xbff6	0xe003	0xa002	c.sh
2	7680	c.sh	14	8	0	c.sh x14, 0(x8)	0xa01a	0xe003	0xa002	c.sh
2	7681	c.sh	14	8	2	c.sh x14, 2(x8)	0xa03a	0xe003	0xa002	c.sh
2	7682	c.sh	14	8	4	c.sh x14, 4(x8)	0xa05a	0xe003	0xa002	c.sh
2	7683	c.sh	14	8	6	c.sh x14, 6(x8)	0xa07a	0xe003	0xa002	c.sh
2	7684	c.sh	14	8	8	c.sh x14, 8(x8)	0xa41a	0xe003	0xa002	c.sh
2	7685	c.sh	14	8	10	c.sh x14, 10(x8)	0xa43a	0xe003	0xa002	c.sh
2	7686	c.sh	14	8	12	c.sh x14, 12(x8)	0xa45a	0xe003	0xa002	c.sh
2	7687	c.sh	14	8	14	c.sh x14, 14(x8)	0xa47a	0xe003	0xa002	c.sh
2	7688	c.sh	14	8	16	c.sh x14, 16(x8)	0xa81a	0xe003	0xa002	c.sh
2	7689	c.sh	14	8	18	c.sh x14, 18(x8)	0xa83a	0xe003	0xa002	c.sh
2	7690	c.sh	14	8	20	c.sh x14, 20(x8)	0xa85a	0xe003	0xa002	c.sh
2	7691	c.sh	14	8	22	c.sh x14, 22(x8)	0xa87a	0xe003	0xa002	c.sh
2	7692	c.sh	14	8	24	c.sh x14, 24(x8)	0xac1a	0xe003	0xa002	c.sh
2	7693	c.sh	14	8	26	c.sh x14, 26(x8)	0xac3a	0xe003	0xa002	c.sh
2	7694	c.sh	14	8	28	c.sh x14, 28(x8)	0xac5a	0xe003	0xa002	c.sh
2	7695	c.sh	14	8	30	c.sh x14, 30(x8)	0xac7a	0xe003	0xa002	c.sh
2	7696	c.sh	14	8	32	c.sh x14, 32(x8)	0xb01a	0xe003	0xa002	c.sh
2	7697	c.sh	14	8	34	c.sh x14, 34(x8)	0xb03a	0xe003	0xa002	c.sh
2	7698	c.sh	14	8	36	c.sh x14, 36(x8)	0xb05a	0xe003	0xa002	c.sh
2	7699	c.sh	14	8	38	c.sh x14, 38(x8)	0xb07a	0xe003	0xa002	c.sh
2	7700	c.sh	14	8	40	c.sh x14, 40(x8)	0xb41a	0xe003	0xa002	c.sh
2	7701	c.sh	14	8	42	c.sh x14, 42(x8)	0xb43a	0xe003	0xa002	c.sh
2	7702	c.sh	14	8	44	c.sh x14, 44(x8)	0xb45a	0xe003	0xa002	c.sh
2	7703	c.sh	14	8	46	c.sh x14, 46(x8)	0xb47a	0xe003	0xa002	c.sh
2	7704	c.sh	14	8	48	c.sh x14, 48(x8)	0xb81a	0xe003	0xa002	c.sh
2	7705	c.sh	14	8	50	c.sh x14, 50(x8)	0xb83a	0xe003	0xa002	c.sh
2	7706	c.sh	14	8	52	c.sh x14, 52(x8)	0xb85a	0xe003	0xa002	c.sh
2	7707	c.sh	14	8	54	c.sh x14, 54(x8)	0xb87a	0xe003	0xa002	c.sh
2	7708	c.sh	14	8	56	c.sh x14, 56(x8)	0xbc1a	0xe003	0xa002	c.sh
2	7709	c.sh	14	8	58	c.sh x14, 58(x8)	0xbc3a	0xe003	0xa002	c.sh
2	7710	c.sh	14	8	60	c.sh x14, 60(x8)	0xbc5a	0xe003	0xa002	c.sh
2	7711	c.sh	14	8	62	c.sh x14, 62(x8)	0xbc7a	0xe003	0xa002	c.sh
2	7712	c.sh	14	9	0	c.sh x14, 0(x9)	0xa09a	0xe003	0xa002	c.sh
2	7713	c.sh	14	9	2	c.sh x14, 2(x9)	0xa0ba	0xe003	0xa002	c.sh
2	7714	c.sh	14	9	4	c.sh x14, 4(x9)	0xa0da	0xe003	0xa002	c.sh
2	7715	c.sh	14	9	6	c.sh x14, 6(x9)	0xa0fa	0xe003	0xa002	c.sh
2	7716	c.sh	14	9	8	c.sh x14, 8(x9)	0xa49a	0xe003	0xa002	c.sh
2	7717	c.sh	14	9	10	c.sh x14, 10(x9)	0xa4ba	0xe003	0xa002	c.sh
2	7718	c.sh	14	9	12	c.sh x14, 12(x9)	0xa4da	0xe003	0xa002	c.sh
2	7719	c.sh	14	9	14	c.sh x14, 14(x9)	0xa4fa	0xe003	0xa002	c.sh
2	7720	c.sh	14	9	16	c.sh x14, 16(x9)	0xa89a	0xe003	0xa002	c.sh
2	7721	c.sh	14	9	18	c.sh x14, 18(x9)	0xa8ba	0xe003	0xa002	c.sh
2	7722	c.sh	14	9	20	c.sh x14, 20(x9)	0xa8da	0xe003	0xa002	c.sh
2	7723	c.sh	14	9	22	c.sh x14, 22(x9)	0xa8fa	0xe003	0xa002	c.sh
2	7724	c.sh	14	9	24	c.sh x14, 24(x9)	0xac9a	0xe003	0xa002	c.sh
2	7725	c.sh	14	9	26	c.sh x14, 26(x9)	0xacba	0xe003	0xa002	c.sh
2	7726	c.sh	14	9	28	c.sh x14, 28(x9)	0xacda	0xe003	0xa002	c.sh
2	7727	c.sh	14	9	30	c.sh x14, 30(x9)	0xacfa	0xe003	0xa002	c.sh
2	7728	c.sh	14	9	32	c.sh x14, 32(x9)	0xb09a	0xe003	0xa002	c.sh
2	7729	c.sh	14	9	34	c.sh x14, 34(x9)	0xb0ba	0xe003	0xa002	c.sh
2	7730	c.sh	14	9	36	c.sh x14, 36(x9)	0xb0da	0xe003	0xa002	c.sh
2	7731	c.sh	14	9	38	c.sh x14, 38(x9)	0xb0fa	0xe003	0xa002	c.sh
2	7732	c.sh	14	9	40	c.sh x14, 40(x9)	0xb49a	0xe003	0xa002	c.sh
2	7733	c.sh	14	9	42	c.sh x14, 42(x9)	0xb4ba	0xe003	0xa002	c.sh
2	7734	c.sh	14	9	44	c.sh x14, 44(x9)	0xb4da	0xe003	0xa002	c.sh
2	7735	c.sh	14	9	46	c.sh x14, 46(x9)	0xb4fa	0xe003	0xa002	c.sh
2	7736	c.sh	14	9	48	c.sh x14, 48(x9)	0xb89a	0xe003	0xa002	c.sh
2	7737	c.sh	14	9	50	c.sh x14, 50(x9)	0xb8ba	0xe003	0xa002	c.sh
2	7738	c.sh	14	9	52	c.sh x14, 52(x9)	0xb8da	0xe003	0xa002	c.sh
2	7739	c.sh	14	9	54	c.sh x14, 54(x9)	0xb8fa	0xe003	0xa002	c.sh
2	7740	c.sh	14	9	56	c.sh x14, 56(x9)	0xbc9a	0xe003	0xa002	c.sh
2	7741	c.sh	14	9	58	c.sh x14, 58(x9)	0xbcba	0xe003	0xa002	c.sh
2	7742	c.sh	14	9	60	c.sh x14, 60(x9)	0xbcda	0xe003	0xa002	c.sh
2	7743	c.sh	14	9	62	c.sh x14, 62(x9)	0xbcfa	0xe003	0xa002	c.sh
2	7744	c.sh	14	10	0	c.sh x14, 0(x10)	0xa11a	0xe003	0xa002	c.sh
2	7745	c.sh	14	10	2	c.sh x14, 2(x10)	0xa13a	0xe003	0xa002	c.sh
2	7746	c.sh	14	10	4	c.sh x14, 4(x10)	0xa15a	0xe003	0xa002	c.sh
2	7747	c.sh	14	10	6	c.sh x14, 6(x10)	0xa17a	0xe003	0xa002	c.sh
2	7748	c.sh	14	10	8	c.sh x14, 8(x10)	0xa51a	0xe003	0xa002	c.sh
2	7749	c.sh	14	10	10	c.sh x14, 10(x10)	0xa53a	0xe003	0xa002	c.sh
2	7750	c.sh	14	10	12	c.sh x14, 12(x10)	0xa55a	0xe003	0xa002	c.sh
2	7751	c.sh	14	10	14	c.sh x14, 14(x10)	0xa57a	0xe003	0xa002	c.sh
2	7752	c.sh	14	10	16	c.sh x14, 16(x10)	0xa91a	0xe003	0xa002	c.sh
2	7753	c.sh	14	10	18	c.sh x14, 18(x10)	0xa93a	0xe003	0xa002	c.sh
2	7754	c.sh	14	10	20	c.sh x14, 20(x10)	0xa95a	0xe003	0xa002	c.sh
2	7755	c.sh	14	10	22	c.sh x14, 22(x10)	0xa97a	0xe003	0xa002	c.sh
2	7756	c.sh	14	10	24	c.sh x14, 24(x10)	0xad1a	0xe003	0xa002	c.sh
2	7757	c.sh	14	10	26	c.sh x14, 26(x10)	0xad3a	0xe003	0xa002	c.sh
2	7758	c.sh	14	10	28	c.sh x14, 28(x10)	0xad5a	0xe003	0xa002	c.sh
2	7759	c.sh	14	10	30	c.sh x14, 30(x10)	0xad7a	0xe003	0xa002	c.sh
2	7760	c.sh	14	10	32	c.sh x14, 32(x10)	0xb11a	0xe003	0xa002	c.sh
2	7761	c.sh	14	10	34	c.sh x14, 34(x10)	0xb13a	0xe003	0xa002	c.sh
2	7762	c.sh	14	10	36	c.sh x14, 36(x10)	0xb15a	0xe003	0xa002	c.sh
2	7763	c.sh	14	10	38	c.sh x14, 38(x10)	0xb17a	0xe003	0xa002	c.sh
2	7764	c.sh	14	10	40	c.sh x14, 40(x10)	0xb51a	0xe003	0xa002	c.sh
2	7765	c.sh	14	10	42	c.sh x14, 42(x10)	0xb53a	0xe003	0xa002	c.sh
2	7766	c.sh	14	10	44	c.sh x14, 44(x10)	0xb55a	0xe003	0xa002	c.sh
2	7767	c.sh	14	10	46	c.sh x14, 46(x10)	0xb57a	0xe003	0xa002	c.sh
2	7768	c.sh	14	10	48	c.sh x14, 48(x10)	0xb91a	0xe003	0xa002	c.sh
2	7769	c.sh	14	10	50	c.sh x14, 50(x10)	0xb93a	0xe003	0xa002	c.sh
2	7770	c.sh	14	10	52	c.sh x14, 52(x10)	0xb95a	0xe003	0xa002	c.sh
2	7771	c.sh	14	10	54	c.sh x14, 54(x10)	0xb97a	0xe003	0xa002	c.sh
2	7772	c.sh	14	10	56	c.sh x14, 56(x10)	0xbd1a	0xe003	0xa002	c.sh
2	7773	c.sh	14	10	58	c.sh x14, 58(x10)	0xbd3a	0xe003	0xa002	c.sh
2	7774	c.sh	14	10	60	c.sh x14, 60(x10)	0xbd5a	0xe003	0xa002	c.sh
2	7775	c.sh	14	10	62	c.sh x14, 62(x10)	0xbd7a	0xe003	0xa002	c.sh
2	7776	c.sh	14	11	0	c.sh x14, 0(x11)	0xa19a	0xe003	0xa002	c.sh
2	7777	c.sh	14	11	2	c.sh x14, 2(x11)	0xa1ba	0xe003	0xa002	c.sh
2	7778	c.sh	14	11	4	c.sh x14, 4(x11)	0xa1da	0xe003	0xa002	c.sh
2	7779	c.sh	14	11	6	c.sh x14, 6(x11)	0xa1fa	0xe003	0xa002	c.sh
2	7780	c.sh	14	11	8	c.sh x14, 8(x11)	0xa59a	0xe003	0xa002	c.sh
2	7781	c.sh	14	11	10	c.sh x14, 10(x11)	0xa5ba	0xe003	0xa002	c.sh
2	7782	c.sh	14	11	12	c.sh x14, 12(x11)	0xa5da	0xe003	0xa002	c.sh
2	7783	c.sh	14	11	14	c.sh x14, 14(x11)	0xa5fa	0xe003	0xa002	c.sh
2	7784	c.sh	14	11	16	c.sh x14, 16(x11)	0xa99a	0xe003	0xa002	c.sh
2	7785	c.sh	14	11	18	c.sh x14, 18(x11)	0xa9ba	0xe003	0xa002	c.sh
2	7786	c.sh	14	11	20	c.sh x14, 20(x11)	0xa9da	0xe003	0xa002	c.sh
2	7787	c.sh	14	11	22	c.sh x14, 22(x11)	0xa9fa	0xe003	0xa002	c.sh
2	7788	c.sh	14	11	24	c.sh x14, 24(x11)	0xad9a	0xe003	0xa002	c.sh
2	7789	c.sh	14	11	26	c.sh x14, 26(x11)	0xadba	0xe003	0xa002	c.sh
2	7790	c.sh	14	11	28	c.sh x14, 28(x11)	0xadda	0xe003	0xa002	c.sh
2	7791	c.sh	14	11	30	c.sh x14, 30(x11)	0xadfa	0xe003	0xa002	c.sh
2	7792	c.sh	14	11	32	c.sh x14, 32(x11)	0xb19a	0xe003	0xa002	c.sh
2	7793	c.sh	14	11	34	c.sh x14, 34(x11)	0xb1ba	0xe003	0xa002	c.sh
2	7794	c.sh	14	11	36	c.sh x14, 36(x11)	0xb1da	0xe003	0xa002	c.sh
2	7795	c.sh	14	11	38	c.sh x14, 38(x11)	0xb1fa	0xe003	0xa002	c.sh
2	7796	c.sh	14	11	40	c.sh x14, 40(x11)	0xb59a	0xe003	0xa002	c.sh
2	7797	c.sh	14	11	42	c.sh x14, 42(x11)	0xb5ba	0xe003	0xa002	c.sh
2	7798	c.sh	14	11	44	c.sh x14, 44(x11)	0xb5da	0xe003	0xa002	c.sh
2	7799	c.sh	14	11	46	c.sh x14, 46(x11)	0xb5fa	0xe003	0xa002	c.sh
2	7800	c.sh	14	11	48	c.sh x14, 48(x11)	0xb99a	0xe003	0xa002	c.sh
2	7801	c.sh	14	11	50	c.sh x14, 50(x11)	0xb9ba	0xe003	0xa002	c.sh
2	7802	c.sh	14	11	52	c.sh x14, 52(x11)	0xb9da	0xe003	0xa002	c.sh
2	7803	c.sh	14	11	54	c.sh x14, 54(x11)	0xb9fa	0xe003	0xa002	c.sh
2	7804	c.sh	14	11	56	c.sh x14, 56(x11)	0xbd9a	0xe003	0xa002	c.sh
2	7805	c.sh	14	11	58	c.sh x14, 58(x11)	0xbdba	0xe003	0xa002	c.sh
2	7806	c.sh	14	11	60	c.sh x14, 60(x11)	0xbdda	0xe003	0xa002	c.sh
2	7807	c.sh	14	11	62	c.sh x14, 62(x11)	0xbdfa	0xe003	0xa002	c.sh
2	7808	c.sh	14	12	0	c.sh x14, 0(x12)	0xa21a	0xe003	0xa002	c.sh
2	7809	c.sh	14	12	2	c.sh x14, 2(x12)	0xa23a	0xe003	0xa002	c.sh
2	7810	c.sh	14	12	4	c.sh x14, 4(x12)	0xa25a	0xe003	0xa002	c.sh
2	7811	c.sh	14	12	6	c.sh x14, 6(x12)	0xa27a	0xe003	0xa002	c.sh
2	7812	c.sh	14	12	8	c.sh x14, 8(x12)	0xa61a	0xe003	0xa002	c.sh
2	7813	c.sh	14	12	10	c.sh x14, 10(x12)	0xa63a	0xe003	0xa002	c.sh
2	7814	c.sh	14	12	12	c.sh x14, 12(x12)	0xa65a	0xe003	0xa002	c.sh
2	7815	c.sh	14	12	14	c.sh x14, 14(x12)	0xa67a	0xe003	0xa002	c.sh
2	7816	c.sh	14	12	16	c.sh x14, 16(x12)	0xaa1a	0xe003	0xa002	c.sh
2	7817	c.sh	14	12	18	c.sh x14, 18(x12)	0xaa3a	0xe003	0xa002	c.sh
2	7818	c.sh	14	12	20	c.sh x14, 20(x12)	0xaa5a	0xe003	0xa002	c.sh
2	7819	c.sh	14	12	22	c.sh x14, 22(x12)	0xaa7a	0xe003	0xa002	c.sh
2	7820	c.sh	14	12	24	c.sh x14, 24(x12)	0xae1a	0xe003	0xa002	c.sh
2	7821	c.sh	14	12	26	c.sh x14, 26(x12)	0xae3a	0xe003	0xa002	c.sh
2	7822	c.sh	14	12	28	c.sh x14, 28(x12)	0xae5a	0xe003	0xa002	c.sh
2	7823	c.sh	14	12	30	c.sh x14, 30(x12)	0xae7a	0xe003	0xa002	c.sh
2	7824	c.sh	14	12	32	c.sh x14, 32(x12)	0xb21a	0xe003	0xa002	c.sh
2	7825	c.sh	14	12	34	c.sh x14, 34(x12)	0xb23a	0xe003	0xa002	c.sh
2	7826	c.sh	14	12	36	c.sh x14, 36(x12)	0xb25a	0xe003	0xa002	c.sh
2	7827	c.sh	14	12	38	c.sh x14, 38(x12)	0xb27a	0xe003	0xa002	c.sh
2	7828	c.sh	14	12	40	c.sh x14, 40(x12)	0xb61a	0xe003	0xa002	c.sh
2	7829	c.sh	14	12	42	c.sh x14, 42(x12)	0xb63a	0xe003	0xa002	c.sh
2	7830	c.sh	14	12	44	c.sh x14, 44(x12)	0xb65a	0xe003	0xa002	c.sh
2	7831	c.sh	14	12	46	c.sh x14, 46(x12)	0xb67a	0xe003	0xa002	c.sh
2	7832	c.sh	14	12	48	c.sh x14, 48(x12)	0xba1a	0xe003	0xa002	c.sh
2	7833	c.sh	14	12	50	c.sh x14, 50(x12)	0xba3a	0xe003	0xa002	c.sh
2	7834	c.sh	14	12	52	c.sh x14, 52(x12)	0xba5a	0xe003	0xa002	c.sh
2	7835	c.sh	14	12	54	c.sh x14, 54(x12)	0xba7a	0xe003	0xa002	c.sh
2	7836	c.sh	14	12	56	c.sh x14, 56(x12)	0xbe1a	0xe003	0xa002	c.sh
2	7837	c.sh	14	12	58	c.sh x14, 58(x12)	0xbe3a	0xe003	0xa002	c.sh
2	7838	c.sh	14	12	60	c.sh x14, 60(x12)	0xbe5a	0xe003	0xa002	c.sh
2	7839	c.sh	14	12	62	c.sh x14, 62(x12)	0xbe7a	0xe003	0xa002	c.sh
2	7840	c.sh	14	13	0	c.sh x14, 0(x13)	0xa29a	0xe003	0xa002	c.sh
2	7841	c.sh	14	13	2	c.sh x14, 2(x13)	0xa2ba	0xe003	0xa002	c.sh
2	7842	c.sh	14	13	4	c.sh x14, 4(x13)	0xa2da	0xe003	0xa002	c.sh
2	7843	c.sh	14	13	6	c.sh x14, 6(x13)	0xa2fa	0xe003	0xa002	c.sh
2	7844	c.sh	14	13	8	c.sh x14, 8(x13)	0xa69a	0xe003	0xa002	c.sh
2	7845	c.sh	14	13	10	c.sh x14, 10(x13)	0xa6ba	0xe003	0xa002	c.sh
2	7846	c.sh	14	13	12	c.sh x14, 12(x13)	0xa6da	0xe003	0xa002	c.sh
2	7847	c.sh	14	13	14	c.sh x14, 14(x13)	0xa6fa	0xe003	0xa002	c.sh
2	7848	c.sh	14	13	16	c.sh x14, 16(x13)	0xaa9a	0xe003	0xa002	c.sh
2	7849	c.sh	14	13	18	c.sh x14, 18(x13)	0xaaba	0xe003	0xa002	c.sh
2	7850	c.sh	14	13	20	c.sh x14, 20(x13)	0xaada	0xe003	0xa002	c.sh
2	7851	c.sh	14	13	22	c.sh x14, 22(x13)	0xaafa	0xe003	0xa002	c.sh
2	7852	c.sh	14	13	24	c.sh x14, 24(x13)	0xae9a	0xe003	0xa002	c.sh
2	7853	c.sh	14	13	26	c.sh x14, 26(x13)	0xaeba	0xe003	0xa002	c.sh
2	7854	c.sh	14	13	28	c.sh x14, 28(x13)	0xaeda	0xe003	0xa002	c.sh
2	7855	c.sh	14	13	30	c.sh x14, 30(x13)	0xaefa	0xe003	0xa002	c.sh
2	7856	c.sh	14	13	32	c.sh x14, 32(x13)	0xb29a	0xe003	0xa002	c.sh
2	7857	c.sh	14	13	34	c.sh x14, 34(x13)	0xb2ba	0xe003	0xa002	c.sh
2	7858	c.sh	14	13	36	c.sh x14, 36(x13)	0xb2da	0xe003	0xa002	c.sh
2	7859	c.sh	14	13	38	c.sh x14, 38(x13)	0xb2fa	0xe003	0xa002	c.sh
2	7860	c.sh	14	13	40	c.sh x14, 40(x13)	0xb69a	0xe003	0xa002	c.sh
2	7861	c.sh	14	13	42	c.sh x14, 42(x13)	0xb6ba	0xe003	0xa002	c.sh
2	7862	c.sh	14	13	44	c.sh x14, 44(x13)	0xb6da	0xe003	0xa002	c.sh
2	7863	c.sh	14	13	46	c.sh x14, 46(x13)	0xb6fa	0xe003	0xa002	c.sh
2	7864	c.sh	14	13	48	c.sh x14, 48(x13)	0xba9a	0xe003	0xa002	c.sh
2	7865	c.sh	14	13	50	c.sh x14, 50(x13)	0xbaba	0xe003	0xa002	c.sh
2	7866	c.sh	14	13	52	c.sh x14, 52(x13)	0xbada	0xe003	0xa002	c.sh
2	7867	c.sh	14	13	54	c.sh x14, 54(x13)	0xbafa	0xe003	0xa002	c.sh
2	7868	c.sh	14	13	56	c.sh x14, 56(x13)	0xbe9a	0xe003	0xa002	c.sh
2	7869	c.sh	14	13	58	c.sh x14, 58(x13)	0xbeba	0xe003	0xa002	c.sh
2	7870	c.sh	14	13	60	c.sh x14, 60(x13)	0xbeda	0xe003	0xa002	c.sh
2	7871	c.sh	14	13	62	c.sh x14, 62(x13)	0xbefa	0xe003	0xa002	c.sh
2	7872	c.sh	14	14	0	c.sh x14, 0(x14)	0xa31a	0xe003	0xa002	c.sh
2	7873	c.sh	14	14	2	c.sh x14, 2(x14)	0xa33a	0xe003	0xa002	c.sh
2	7874	c.sh	14	14	4	c.sh x14, 4(x14)	0xa35a	0xe003	0xa002	c.sh
2	7875	c.sh	14	14	6	c.sh x14, 6(x14)	0xa37a	0xe003	0xa002	c.sh
2	7876	c.sh	14	14	8	c.sh x14, 8(x14)	0xa71a	0xe003	0xa002	c.sh
2	7877	c.sh	14	14	10	c.sh x14, 10(x14)	0xa73a	0xe003	0xa002	c.sh
2	7878	c.sh	14	14	12	c.sh x14, 12(x14)	0xa75a	0xe003	0xa002	c.sh
2	7879	c.sh	14	14	14	c.sh x14, 14(x14)	0xa77a	0xe003	0xa002	c.sh
2	7880	c.sh	14	14	16	c.sh x14, 16(x14)	0xab1a	0xe003	0xa002	c.sh
2	7881	c.sh	14	14	18	c.sh x14, 18(x14)	0xab3a	0xe003	0xa002	c.sh
2	7882	c.sh	14	14	20	c.sh x14, 20(x14)	0xab5a	0xe003	0xa002	c.sh
2	7883	c.sh	14	14	22	c.sh x14, 22(x14)	0xab7a	0xe003	0xa002	c.sh
2	7884	c.sh	14	14	24	c.sh x14, 24(x14)	0xaf1a	0xe003	0xa002	c.sh
2	7885	c.sh	14	14	26	c.sh x14, 26(x14)	0xaf3a	0xe003	0xa002	c.sh
2	7886	c.sh	14	14	28	c.sh x14, 28(x14)	0xaf5a	0xe003	0xa002	c.sh
2	7887	c.sh	14	14	30	c.sh x14, 30(x14)	0xaf7a	0xe003	0xa002	c.sh
2	7888	c.sh	14	14	32	c.sh x14, 32(x14)	0xb31a	0xe003	0xa002	c.sh
2	7889	c.sh	14	14	34	c.sh x14, 34(x14)	0xb33a	0xe003	0xa002	c.sh
2	7890	c.sh	14	14	36	c.sh x14, 36(x14)	0xb35a	0xe003	0xa002	c.sh
2	7891	c.sh	14	14	38	c.sh x14, 38(x14)	0xb37a	0xe003	0xa002	c.sh
2	7892	c.sh	14	14	40	c.sh x14, 40(x14)	0xb71a	0xe003	0xa002	c.sh
2	7893	c.sh	14	14	42	c.sh x14, 42(x14)	0xb73a	0xe003	0xa002	c.sh
2	7894	c.sh	14	14	44	c.sh x14, 44(x14)	0xb75a	0xe003	0xa002	c.sh
2	7895	c.sh	14	14	46	c.sh x14, 46(x14)	0xb77a	0xe003	0xa002	c.sh
2	7896	c.sh	14	14	48	c.sh x14, 48(x14)	0xbb1a	0xe003	0xa002	c.sh
2	7897	c.sh	14	14	50	c.sh x14, 50(x14)	0xbb3a	0xe003	0xa002	c.sh
2	7898	c.sh	14	14	52	c.sh x14, 52(x14)	0xbb5a	0xe003	0xa002	c.sh
2	7899	c.sh	14	14	54	c.sh x14, 54(x14)	0xbb7a	0xe003	0xa002	c.sh
2	7900	c.sh	14	14	56	c.sh x14, 56(x14)	0xbf1a	0xe003	0xa002	c.sh
2	7901	c.sh	14	14	58	c.sh x14, 58(x14)	0xbf3a	0xe003	0xa002	c.sh
2	7902	c.sh	14	14	60	c.sh x14, 60(x14)	0xbf5a	0xe003	0xa002	c.sh
2	7903	c.sh	14	14	62	c.sh x14, 62(x14)	0xbf7a	0xe003	0xa002	c.sh
2	7904	c.sh	14	15	0	c.sh x14, 0(x15)	0xa39a	0xe003	0xa002	c.sh
2	7905	c.sh	14	15	2	c.sh x14, 2(x15)	0xa3ba	0xe003	0xa002	c.sh
2	7906	c.sh	14	15	4	c.sh x14, 4(x15)	0xa3da	0xe003	0xa002	c.sh
2	7907	c.sh	14	15	6	c.sh x14, 6(x15)	0xa3fa	0xe003	0xa002	c.sh
2	7908	c.sh	14	15	8	c.sh x14, 8(x15)	0xa79a	0xe003	0xa002	c.sh
2	7909	c.sh	14	15	10	c.sh x14, 10(x15)	0xa7ba	0xe003	0xa002	c.sh
2	7910	c.sh	14	15	12	c.sh x14, 12(x15)	0xa7da	0xe003	0xa002	c.sh
2	7911	c.sh	14	15	14	c.sh x14, 14(x15)	0xa7fa	0xe003	0xa002	c.sh
2	7912	c.sh	14	15	16	c.sh x14, 16(x15)	0xab9a	0xe003	0xa002	c.sh
2	7913	c.sh	14	15	18	c.sh x14, 18(x15)	0xabba	0xe003	0xa002	c.sh
2	7914	c.sh	14	15	20	c.sh x14, 20(x15)	0xabda	0xe003	0xa002	c.sh
2	7915	c.sh	14	15	22	c.sh x14, 22(x15)	0xabfa	0xe003	0xa002	c.sh
2	7916	c.sh	14	15	24	c.sh x14, 24(x15)	0xaf9a	0xe003	0xa002	c.sh
2	7917	c.sh	14	15	26	c.sh x14, 26(x15)	0xafba	0xe003	0xa002	c.sh
2	7918	c.sh	14	15	28	c.sh x14, 28(x15)	0xafda	0xe003	0xa002	c.sh
2	7919	c.sh	14	15	30	c.sh x14, 30(x15)	0xaffa	0xe003	0xa002	c.sh
2	7920	c.sh	14	15	32	c.sh x14, 32(x15)	0xb39a	0xe003	0xa002	c.sh
2	7921	c.sh	14	15	34	c.sh x14, 34(x15)	0xb3ba	0xe003	0xa002	c.sh
2	7922	c.sh	14	15	36	c.sh x14, 36(x15)	0xb3da	0xe003	0xa002	c.sh
2	7923	c.sh	14	15	38	c.sh x14, 38(x15)	0xb3fa	0xe003	0xa002	c.sh
2	7924	c.sh	14	15	40	c.sh x14, 40(x15)	0xb79a	0xe003	0xa002	c.sh
2	7925	c.sh	14	15	42	c.sh x14, 42(x15)	0xb7ba	0xe003	0xa002	c.sh
2	7926	c.sh	14	15	44	c.sh x14, 44(x15)	0xb7da	0xe003	0xa002	c.sh
2	7927	c.sh	14	15	46	c.sh x14, 46(x15)	0xb7fa	0xe003	0xa002	c.sh
2	7928	c.sh	14	15	48	c.sh x14, 48(x15)	0xbb9a	0xe003	0xa002	c.sh
2	7929	c.sh	14	15	50	c.sh x14, 50(x15)	0xbbba	0xe003	0xa002	c.sh
2	7930	c.sh	14	15	52	c.sh x14, 52(x15)	0xbbda	0xe003	0xa002	c.sh
2	7931	c.sh	14	15	54	c.sh x14, 54(x15)	0xbbfa	0xe003	0xa002	c.sh
2	7932	c.sh	14	15	56	c.sh x14, 56(x15)	0xbf9a	0xe003	0xa002	c.sh
2	7933	c.sh	14	15	58	c.sh x14, 58(x15)	0xbfba	0xe003	0xa002	c.sh
2	7934	c.sh	14	15	60	c.sh x14, 60(x15)	0xbfda	0xe003	0xa002	c.sh
2	7935	c.sh	14	15	62	c.sh x14, 62(x15)	0xbffa	0xe003	0xa002	c.sh
2	7936	c.sh	15	8	0	c.sh x15, 0(x8)	0xa01e	0xe003	0xa002	c.sh
2	7937	c.sh	15	8	2	c.sh x15, 2(x8)	0xa03e	0xe003	0xa002	c.sh
2	7938	c.sh	15	8	4	c.sh x15, 4(x8)	0xa05e	0xe003	0xa002	c.sh
2	7939	c.sh	15	8	6	c.sh x15, 6(x8)	0xa07e	0xe003	0xa002	c.sh
2	7940	c.sh	15	8	8	c.sh x15, 8(x8)	0xa41e	0xe003	0xa002	c.sh
2	7941	c.sh	15	8	10	c.sh x15, 10(x8)	0xa43e	0xe003	0xa002	c.sh
2	7942	c.sh	15	8	12	c.sh x15, 12(x8)	0xa45e	0xe003	0xa002	c.sh
2	7943	c.sh	15	8	14	c.sh x15, 14(x8)	0xa47e	0xe003	0xa002	c.sh
2	7944	c.sh	15	8	16	c.sh x15, 16(x8)	0xa81e	0xe003	0xa002	c.sh
2	7945	c.sh	15	8	18	c.sh x15, 18(x8)	0xa83e	0xe003	0xa002	c.sh
2	7946	c.sh	15	8	20	c.sh x15, 20(x8)	0xa85e	0xe003	0xa002	c.sh
2	7947	c.sh	15	8	22	c.sh x15, 22(x8)	0xa87e	0xe003	0xa002	c.sh
2	7948	c.sh	15	8	24	c.sh x15, 24(x8)	0xac1e	0xe003	0xa002	c.sh
2	7949	c.sh	15	8	26	c.sh x15, 26(x8)	0xac3e	0xe003	0xa002	c.sh
2	7950	c.sh	15	8	28	c.sh x15, 28(x8)	0xac5e	0xe003	0xa002	c.sh
2	7951	c.sh	15	8	30	c.sh x15, 30(x8)	0xac7e	0xe003	0xa002	c.sh
2	7952	c.sh	15	8	32	c.sh x15, 32(x8)	0xb01e	0xe003	0xa002	c.sh
2	7953	c.sh	15	8	34	c.sh x15, 34(x8)	0xb03e	0xe003	0xa002	c.sh
2	7954	c.sh	15	8	36	c.sh x15, 36(x8)	0xb05e	0xe003	0xa002	c.sh
2	7955	c.sh	15	8	38	c.sh x15, 38(x8)	0xb07e	0xe003	0xa002	c.sh
2	7956	c.sh	15	8	40	c.sh x15, 40(x8)	0xb41e	0xe003	0xa002	c.sh
2	7957	c.sh	15	8	42	c.sh x15, 42(x8)	0xb43e	0xe003	0xa002	c.sh
2	7958	c.sh	15	8	44	c.sh x15, 44(x8)	0xb45e	0xe003	0xa002	c.sh
2	7959	c.sh	15	8	46	c.sh x15, 46(x8)	0xb47e	0xe003	0xa002	c.sh
2	7960	c.sh	15	8	48	c.sh x15, 48(x8)	0xb81e	0xe003	0xa002	c.sh
2	7961	c.sh	15	8	50	c.sh x15, 50(x8)	0xb83e	0xe003	0xa002	c.sh
2	7962	c.sh	15	8	52	c.sh x15, 52(x8)	0xb85e	0xe003	0xa002	c.sh
2	7963	c.sh	15	8	54	c.sh x15, 54(x8)	0xb87e	0xe003	0xa002	c.sh
2	7964	c.sh	15	8	56	c.sh x15, 56(x8)	0xbc1e	0xe003	0xa002	c.sh
2	7965	c.sh	15	8	58	c.sh x15, 58(x8)	0xbc3e	0xe003	0xa002	c.sh
2	7966	c.sh	15	8	60	c.sh x15, 60(x8)	0xbc5e	0xe003	0xa002	c.sh
2	7967	c.sh	15	8	62	c.sh x15, 62(x8)	0xbc7e	0xe003	0xa002	c.sh
2	7968	c.sh	15	9	0	c.sh x15, 0(x9)	0xa09e	0xe003	0xa002	c.sh
2	7969	c.sh	15	9	2	c.sh x15, 2(x9)	0xa0be	0xe003	0xa002	c.sh
2	7970	c.sh	15	9	4	c.sh x15, 4(x9)	0xa0de	0xe003	0xa002	c.sh
2	7971	c.sh	15	9	6	c.sh x15, 6(x9)	0xa0fe	0xe003	0xa002	c.sh
2	7972	c.sh	15	9	8	c.sh x15, 8(x9)	0xa49e	0xe003	0xa002	c.sh
2	7973	c.sh	15	9	10	c.sh x15, 10(x9)	0xa4be	0xe003	0xa002	c.sh
2	7974	c.sh	15	9	12	c.sh x15, 12(x9)	0xa4de	0xe003	0xa002	c.sh
2	7975	c.sh	15	9	14	c.sh x15, 14(x9)	0xa4fe	0xe003	0xa002	c.sh
2	7976	c.sh	15	9	16	c.sh x15, 16(x9)	0xa89e	0xe003	0xa002	c.sh
2	7977	c.sh	15	9	18	c.sh x15, 18(x9)	0xa8be	0xe003	0xa002	c.sh
2	7978	c.sh	15	9	20	c.sh x15, 20(x9)	0xa8de	0xe003	0xa002	c.sh
2	7979	c.sh	15	9	22	c.sh x15, 22(x9)	0xa8fe	0xe003	0xa002	c.sh
2	7980	c.sh	15	9	24	c.sh x15, 24(x9)	0xac9e	0xe003	0xa002	c.sh
2	7981	c.sh	15	9	26	c.sh x15, 26(x9)	0xacbe	0xe003	0xa002	c.sh
2	7982	c.sh	15	9	28	c.sh x15, 28(x9)	0xacde	0xe003	0xa002	c.sh
2	7983	c.sh	15	9	30	c.sh x15, 30(x9)	0xacfe	0xe003	0xa002	c.sh
2	7984	c.sh	15	9	32	c.sh x15, 32(x9)	0xb09e	0xe003	0xa002	c.sh
2	7985	c.sh	15	9	34	c.sh x15, 34(x9)	0xb0be	0xe003	0xa002	c.sh
2	7986	c.sh	15	9	36	c.sh x15, 36(x9)	0xb0de	0xe003	0xa002	c.sh
2	7987	c.sh	15	9	38	c.sh x15, 38(x9)	0xb0fe	0xe003	0xa002	c.sh
2	7988	c.sh	15	9	40	c.sh x15, 40(x9)	0xb49e	0xe003	0xa002	c.sh
2	7989	c.sh	15	9	42	c.sh x15, 42(x9)	0xb4be	0xe003	0xa002	c.sh
2	7990	c.sh	15	9	44	c.sh x15, 44(x9)	0xb4de	0xe003	0xa002	c.sh
2	7991	c.sh	15	9	46	c.sh x15, 46(x9)	0xb4fe	0xe003	0xa002	c.sh
2	7992	c.sh	15	9	48	c.sh x15, 48(x9)	0xb89e	0xe003	0xa002	c.sh
2	7993	c.sh	15	9	50	c.sh x15, 50(x9)	0xb8be	0xe003	0xa002	c.sh
2	7994	c.sh	15	9	52	c.sh x15, 52(x9)	0xb8de	0xe003	0xa002	c.sh
2	7995	c.sh	15	9	54	c.sh x15, 54(x9)	0xb8fe	0xe003	0xa002	c.sh
2	7996	c.sh	15	9	56	c.sh x15, 56(x9)	0xbc9e	0xe003	0xa002	c.sh
2	7997	c.sh	15	9	58	c.sh x15, 58(x9)	0xbcbe	0xe003	0xa002	c.sh
2	7998	c.sh	15	9	60	c.sh x15, 60(x9)	0xbcde	0xe003	0xa002	c.sh
2	7999	c.sh	15	9	62	c.sh x15, 62(x9)	0xbcfe	0xe003	0xa002	c.sh
2	8000	c.sh	15	10	0	c.sh x15, 0(x10)	0xa11e	0xe003	0xa002	c.sh
2	8001	c.sh	15	10	2	c.sh x15, 2(x10)	0xa13e	0xe003	0xa002	c.sh
2	8002	c.sh	15	10	4	c.sh x15, 4(x10)	0xa15e	0xe003	0xa002	c.sh
2	8003	c.sh	15	10	6	c.sh x15, 6(x10)	0xa17e	0xe003	0xa002	c.sh
2	8004	c.sh	15	10	8	c.sh x15, 8(x10)	0xa51e	0xe003	0xa002	c.sh
2	8005	c.sh	15	10	10	c.sh x15, 10(x10)	0xa53e	0xe003	0xa002	c.sh
2	8006	c.sh	15	10	12	c.sh x15, 12(x10)	0xa55e	0xe003	0xa002	c.sh
2	8007	c.sh	15	10	14	c.sh x15, 14(x10)	0xa57e	0xe003	0xa002	c.sh
2	8008	c.sh	15	10	16	c.sh x15, 16(x10)	0xa91e	0xe003	0xa002	c.sh
2	8009	c.sh	15	10	18	c.sh x15, 18(x10)	0xa93e	0xe003	0xa002	c.sh
2	8010	c.sh	15	10	20	c.sh x15, 20(x10)	0xa95e	0xe003	0xa002	c.sh
2	8011	c.sh	15	10	22	c.sh x15, 22(x10)	0xa97e	0xe003	0xa002	c.sh
2	8012	c.sh	15	10	24	c.sh x15, 24(x10)	0xad1e	0xe003	0xa002	c.sh
2	8013	c.sh	15	10	26	c.sh x15, 26(x10)	0xad3e	0xe003	0xa002	c.sh
2	8014	c.sh	15	10	28	c.sh x15, 28(x10)	0xad5e	0xe003	0xa002	c.sh
2	8015	c.sh	15	10	30	c.sh x15, 30(x10)	0xad7e	0xe003	0xa002	c.sh
2	8016	c.sh	15	10	32	c.sh x15, 32(x10)	0xb11e	0xe003	0xa002	c.sh
2	8017	c.sh	15	10	34	c.sh x15, 34(x10)	0xb13e	0xe003	0xa002	c.sh
2	8018	c.sh	15	10	36	c.sh x15, 36(x10)	0xb15e	0xe003	0xa002	c.sh
2	8019	c.sh	15	10	38	c.sh x15, 38(x10)	0xb17e	0xe003	0xa002	c.sh
2	8020	c.sh	15	10	40	c.sh x15, 40(x10)	0xb51e	0xe003	0xa002	c.sh
2	8021	c.sh	15	10	42	c.sh x15, 42(x10)	0xb53e	0xe003	0xa002	c.sh
2	8022	c.sh	15	10	44	c.sh x15, 44(x10)	0xb55e	0xe003	0xa002	c.sh
2	8023	c.sh	15	10	46	c.sh x15, 46(x10)	0xb57e	0xe003	0xa002	c.sh
2	8024	c.sh	15	10	48	c.sh x15, 48(x10)	0xb91e	0xe003	0xa002	c.sh
2	8025	c.sh	15	10	50	c.sh x15, 50(x10)	0xb93e	0xe003	0xa002	c.sh
2	8026	c.sh	15	10	52	c.sh x15, 52(x10)	0xb95e	0xe003	0xa002	c.sh
2	8027	c.sh	15	10	54	c.sh x15, 54(x10)	0xb97e	0xe003	0xa002	c.sh
2	8028	c.sh	15	10	56	c.sh x15, 56(x10)	0xbd1e	0xe003	0xa002	c.sh
2	8029	c.sh	15	10	58	c.sh x15, 58(x10)	0xbd3e	0xe003	0xa002	c.sh
2	8030	c.sh	15	10	60	c.sh x15, 60(x10)	0xbd5e	0xe003	0xa002	c.sh
2	8031	c.sh	15	10	62	c.sh x15, 62(x10)	0xbd7e	0xe003	0xa002	c.sh
2	8032	c.sh	15	11	0	c.sh x15, 0(x11)	0xa19e	0xe003	0xa002	c.sh
2	8033	c.sh	15	11	2	c.sh x15, 2(x11)	0xa1be	0xe003	0xa002	c.sh
2	8034	c.sh	15	11	4	c.sh x15, 4(x11)	0xa1de	0xe003	0xa002	c.sh
2	8035	c.sh	15	11	6	c.sh x15, 6(x11)	0xa1fe	0xe003	0xa002	c.sh
2	8036	c.sh	15	11	8	c.sh x15, 8(x11)	0xa59e	0xe003	0xa002	c.sh
2	8037	c.sh	15	11	10	c.sh x15, 10(x11)	0xa5be	0xe003	0xa002	c.sh
2	8038	c.sh	15	11	12	c.sh x15, 12(x11)	0xa5de	0xe003	0xa002	c.sh
2	8039	c.sh	15	11	14	c.sh x15, 14(x11)	0xa5fe	0xe003	0xa002	c.sh
2	8040	c.sh	15	11	16	c.sh x15, 16(x11)	0xa99e	0xe003	0xa002	c.sh
2	8041	c.sh	15	11	18	c.sh x15, 18(x11)	0xa9be	0xe003	0xa002	c.sh
2	8042	c.sh	15	11	20	c.sh x15, 20(x11)	0xa9de	0xe003	0xa002	c.sh
2	8043	c.sh	15	11	22	c.sh x15, 22(x11)	0xa9fe	0xe003	0xa002	c.sh
2	8044	c.sh	15	11	24	c.sh x15, 24(x11)	0xad9e	0xe003	0xa002	c.sh
2	8045	c.sh	15	11	26	c.sh x15, 26(x11)	0xadbe	0xe003	0xa002	c.sh
2	8046	c.sh	15	11	28	c.sh x15, 28(x11)	0xadde	0xe003	0xa002	c.sh
2	8047	c.sh	15	11	30	c.sh x15, 30(x11)	0xadfe	0xe003	0xa002	c.sh
2	8048	c.sh	15	11	32	c.sh x15, 32(x11)	0xb19e	0xe003	0xa002	c.sh
2	8049	c.sh	15	11	34	c.sh x15, 34(x11)	0xb1be	0xe003	0xa002	c.sh
2	8050	c.sh	15	11	36	c.sh x15, 36(x11)	0xb1de	0xe003	0xa002	c.sh
2	8051	c.sh	15	11	38	c.sh x15, 38(x11)	0xb1fe	0xe003	0xa002	c.sh
2	8052	c.sh	15	11	40	c.sh x15, 40(x11)	0xb59e	0xe003	0xa002	c.sh
2	8053	c.sh	15	11	42	c.sh x15, 42(x11)	0xb5be	0xe003	0xa002	c.sh
2	8054	c.sh	15	11	44	c.sh x15, 44(x11)	0xb5de	0xe003	0xa002	c.sh
2	8055	c.sh	15	11	46	c.sh x15, 46(x11)	0xb5fe	0xe003	0xa002	c.sh
2	8056	c.sh	15	11	48	c.sh x15, 48(x11)	0xb99e	0xe003	0xa002	c.sh
2	8057	c.sh	15	11	50	c.sh x15, 50(x11)	0xb9be	0xe003	0xa002	c.sh
2	8058	c.sh	15	11	52	c.sh x15, 52(x11)	0xb9de	0xe003	0xa002	c.sh
2	8059	c.sh	15	11	54	c.sh x15, 54(x11)	0xb9fe	0xe003	0xa002	c.sh
2	8060	c.sh	15	11	56	c.sh x15, 56(x11)	0xbd9e	0xe003	0xa002	c.sh
2	8061	c.sh	15	11	58	c.sh x15, 58(x11)	0xbdbe	0xe003	0xa002	c.sh
2	8062	c.sh	15	11	60	c.sh x15, 60(x11)	0xbdde	0xe003	0xa002	c.sh
2	8063	c.sh	15	11	62	c.sh x15, 62(x11)	0xbdfe	0xe003	0xa002	c.sh
2	8064	c.sh	15	12	0	c.sh x15, 0(x12)	0xa21e	0xe003	0xa002	c.sh
2	8065	c.sh	15	12	2	c.sh x15, 2(x12)	0xa23e	0xe003	0xa002	c.sh
2	8066	c.sh	15	12	4	c.sh x15, 4(x12)	0xa25e	0xe003	0xa002	c.sh
2	8067	c.sh	15	12	6	c.sh x15, 6(x12)	0xa27e	0xe003	0xa002	c.sh
2	8068	c.sh	15	12	8	c.sh x15, 8(x12)	0xa61e	0xe003	0xa002	c.sh
2	8069	c.sh	15	12	10	c.sh x15, 10(x12)	0xa63e	0xe003	0xa002	c.sh
2	8070	c.sh	15	12	12	c.sh x15, 12(x12)	0xa65e	0xe003	0xa002	c.sh
2	8071	c.sh	15	12	14	c.sh x15, 14(x12)	0xa67e	0xe003	0xa002	c.sh
2	8072	c.sh	15	12	16	c.sh x15, 16(x12)	0xaa1e	0xe003	0xa002	c.sh
2	8073	c.sh	15	12	18	c.sh x15, 18(x12)	0xaa3e	0xe003	0xa002	c.sh
2	8074	c.sh	15	12	20	c.sh x15, 20(x12)	0xaa5e	0xe003	0xa002	c.sh
2	8075	c.sh	15	12	22	c.sh x15, 22(x12)	0xaa7e	0xe003	0xa002	c.sh
2	8076	c.sh	15	12	24	c.sh x15, 24(x12)	0xae1e	0xe003	0xa002	c.sh
2	8077	c.sh	15	12	26	c.sh x15, 26(x12)	0xae3e	0xe003	0xa002	c.sh
2	8078	c.sh	15	12	28	c.sh x15, 28(x12)	0xae5e	0xe003	0xa002	c.sh
2	8079	c.sh	15	12	30	c.sh x15, 30(x12)	0xae7e	0xe003	0xa002	c.sh
2	8080	c.sh	15	12	32	c.sh x15, 32(x12)	0xb21e	0xe003	0xa002	c.sh
2	8081	c.sh	15	12	34	c.sh x15, 34(x12)	0xb23e	0xe003	0xa002	c.sh
2	8082	c.sh	15	12	36	c.sh x15, 36(x12)	0xb25e	0xe003	0xa002	c.sh
2	8083	c.sh	15	12	38	c.sh x15, 38(x12)	0xb27e	0xe003	0xa002	c.sh
2	8084	c.sh	15	12	40	c.sh x15, 40(x12)	0xb61e	0xe003	0xa002	c.sh
2	8085	c.sh	15	12	42	c.sh x15, 42(x12)	0xb63e	0xe003	0xa002	c.sh
2	8086	c.sh	15	12	44	c.sh x15, 44(x12)	0xb65e	0xe003	0xa002	c.sh
2	8087	c.sh	15	12	46	c.sh x15, 46(x12)	0xb67e	0xe003	0xa002	c.sh
2	8088	c.sh	15	12	48	c.sh x15, 48(x12)	0xba1e	0xe003	0xa002	c.sh
2	8089	c.sh	15	12	50	c.sh x15, 50(x12)	0xba3e	0xe003	0xa002	c.sh
2	8090	c.sh	15	12	52	c.sh x15, 52(x12)	0xba5e	0xe003	0xa002	c.sh
2	8091	c.sh	15	12	54	c.sh x15, 54(x12)	0xba7e	0xe003	0xa002	c.sh
2	8092	c.sh	15	12	56	c.sh x15, 56(x12)	0xbe1e	0xe003	0xa002	c.sh
2	8093	c.sh	15	12	58	c.sh x15, 58(x12)	0xbe3e	0xe003	0xa002	c.sh
2	8094	c.sh	15	12	60	c.sh x15, 60(x12)	0xbe5e	0xe003	0xa002	c.sh
2	8095	c.sh	15	12	62	c.sh x15, 62(x12)	0xbe7e	0xe003	0xa002	c.sh
2	8096	c.sh	15	13	0	c.sh x15, 0(x13)	0xa29e	0xe003	0xa002	c.sh
2	8097	c.sh	15	13	2	c.sh x15, 2(x13)	0xa2be	0xe003	0xa002	c.sh
2	8098	c.sh	15	13	4	c.sh x15, 4(x13)	0xa2de	0xe003	0xa002	c.sh
2	8099	c.sh	15	13	6	c.sh x15, 6(x13)	0xa2fe	0xe003	0xa002	c.sh
2	8100	c.sh	15	13	8	c.sh x15, 8(x13)	0xa69e	0xe003	0xa002	c.sh
2	8101	c.sh	15	13	10	c.sh x15, 10(x13)	0xa6be	0xe003	0xa002	c.sh
2	8102	c.sh	15	13	12	c.sh x15, 12(x13)	0xa6de	0xe003	0xa002	c.sh
2	8103	c.sh	15	13	14	c.sh x15, 14(x13)	0xa6fe	0xe003	0xa002	c.sh
2	8104	c.sh	15	13	16	c.sh x15, 16(x13)	0xaa9e	0xe003	0xa002	c.sh
2	8105	c.sh	15	13	18	c.sh x15, 18(x13)	0xaabe	0xe003	0xa002	c.sh
2	8106	c.sh	15	13	20	c.sh x15, 20(x13)	0xaade	0xe003	0xa002	c.sh
2	8107	c.sh	15	13	22	c.sh x15, 22(x13)	0xaafe	0xe003	0xa002	c.sh
2	8108	c.sh	15	13	24	c.sh x15, 24(x13)	0xae9e	0xe003	0xa002	c.sh
2	8109	c.sh	15	13	26	c.sh x15, 26(x13)	0xaebe	0xe003	0xa002	c.sh
2	8110	c.sh	15	13	28	c.sh x15, 28(x13)	0xaede	0xe003	0xa002	c.sh
2	8111	c.sh	15	13	30	c.sh x15, 30(x13)	0xaefe	0xe003	0xa002	c.sh
2	8112	c.sh	15	13	32	c.sh x15, 32(x13)	0xb29e	0xe003	0xa002	c.sh
2	8113	c.sh	15	13	34	c.sh x15, 34(x13)	0xb2be	0xe003	0xa002	c.sh
2	8114	c.sh	15	13	36	c.sh x15, 36(x13)	0xb2de	0xe003	0xa002	c.sh
2	8115	c.sh	15	13	38	c.sh x15, 38(x13)	0xb2fe	0xe003	0xa002	c.sh
2	8116	c.sh	15	13	40	c.sh x15, 40(x13)	0xb69e	0xe003	0xa002	c.sh
2	8117	c.sh	15	13	42	c.sh x15, 42(x13)	0xb6be	0xe003	0xa002	c.sh
2	8118	c.sh	15	13	44	c.sh x15, 44(x13)	0xb6de	0xe003	0xa002	c.sh
2	8119	c.sh	15	13	46	c.sh x15, 46(x13)	0xb6fe	0xe003	0xa002	c.sh
2	8120	c.sh	15	13	48	c.sh x15, 48(x13)	0xba9e	0xe003	0xa002	c.sh
2	8121	c.sh	15	13	50	c.sh x15, 50(x13)	0xbabe	0xe003	0xa002	c.sh
2	8122	c.sh	15	13	52	c.sh x15, 52(x13)	0xbade	0xe003	0xa002	c.sh
2	8123	c.sh	15	13	54	c.sh x15, 54(x13)	0xbafe	0xe003	0xa002	c.sh
2	8124	c.sh	15	13	56	c.sh x15, 56(x13)	0xbe9e	0xe003	0xa002	c.sh
2	8125	c.sh	15	13	58	c.sh x15, 58(x13)	0xbebe	0xe003	0xa002	c.sh
2	8126	c.sh	15	13	60	c.sh x15, 60(x13)	0xbede	0xe003	0xa002	c.sh
2	8127	c.sh	15	13	62	c.sh x15, 62(x13)	0xbefe	0xe003	0xa002	c.sh
2	8128	c.sh	15	14	0	c.sh x15, 0(x14)	0xa31e	0xe003	0xa002	c.sh
2	8129	c.sh	15	14	2	c.sh x15, 2(x14)	0xa33e	0xe003	0xa002	c.sh
2	8130	c.sh	15	14	4	c.sh x15, 4(x14)	0xa35e	0xe003	0xa002	c.sh
2	8131	c.sh	15	14	6	c.sh x15, 6(x14)	0xa37e	0xe003	0xa002	c.sh
2	8132	c.sh	15	14	8	c.sh x15, 8(x14)	0xa71e	0xe003	0xa002	c.sh
2	8133	c.sh	15	14	10	c.sh x15, 10(x14)	0xa73e	0xe003	0xa002	c.sh
2	8134	c.sh	15	14	12	c.sh x15, 12(x14)	0xa75e	0xe003	0xa002	c.sh
2	8135	c.sh	15	14	14	c.sh x15, 14(x14)	0xa77e	0xe003	0xa002	c.sh
2	8136	c.sh	15	14	16	c.sh x15, 16(x14)	0xab1e	0xe003	0xa002	c.sh
2	8137	c.sh	15	14	18	c.sh x15, 18(x14)	0xab3e	0xe003	0xa002	c.sh
2	8138	c.sh	15	14	20	c.sh x15, 20(x14)	0xab5e	0xe003	0xa002	c.sh
2	8139	c.sh	15	14	22	c.sh x15, 22(x14)	0xab7e	0xe003	0xa002	c.sh
2	8140	c.sh	15	14	24	c.sh x15, 24(x14)	0xaf1e	0xe003	0xa002	c.sh
2	8141	c.sh	15	14	26	c.sh x15, 26(x14)	0xaf3e	0xe003	0xa002	c.sh
2	8142	c.sh	15	14	28	c.sh x15, 28(x14)	0xaf5e	0xe003	0xa002	c.sh
2	8143	c.sh	15	14	30	c.sh x15, 30(x14)	0xaf7e	0xe003	0xa002	c.sh
2	8144	c.sh	15	14	32	c.sh x15, 32(x14)	0xb31e	0xe003	0xa002	c.sh
2	8145	c.sh	15	14	34	c.sh x15, 34(x14)	0xb33e	0xe003	0xa002	c.sh
2	8146	c.sh	15	14	36	c.sh x15, 36(x14)	0xb35e	0xe003	0xa002	c.sh
2	8147	c.sh	15	14	38	c.sh x15, 38(x14)	0xb37e	0xe003	0xa002	c.sh
2	8148	c.sh	15	14	40	c.sh x15, 40(x14)	0xb71e	0xe003	0xa002	c.sh
2	8149	c.sh	15	14	42	c.sh x15, 42(x14)	0xb73e	0xe003	0xa002	c.sh
2	8150	c.sh	15	14	44	c.sh x15, 44(x14)	0xb75e	0xe003	0xa002	c.sh
2	8151	c.sh	15	14	46	c.sh x15, 46(x14)	0xb77e	0xe003	0xa002	c.sh
2	8152	c.sh	15	14	48	c.sh x15, 48(x14)	0xbb1e	0xe003	0xa002	c.sh
2	8153	c.sh	15	14	50	c.sh x15, 50(x14)	0xbb3e	0xe003	0xa002	c.sh
2	8154	c.sh	15	14	52	c.sh x15, 52(x14)	0xbb5e	0xe003	0xa002	c.sh
2	8155	c.sh	15	14	54	c.sh x15, 54(x14)	0xbb7e	0xe003	0xa002	c.sh
2	8156	c.sh	15	14	56	c.sh x15, 56(x14)	0xbf1e	0xe003	0xa002	c.sh
2	8157	c.sh	15	14	58	c.sh x15, 58(x14)	0xbf3e	0xe003	0xa002	c.sh
2	8158	c.sh	15	14	60	c.sh x15, 60(x14)	0xbf5e	0xe003	0xa002	c.sh
2	8159	c.sh	15	14	62	c.sh x15, 62(x14)	0xbf7e	0xe003	0xa002	c.sh
2	8160	c.sh	15	15	0	c.sh x15, 0(x15)	0xa39e	0xe003	0xa002	c.sh
2	8161	c.sh	15	15	2	c.sh x15, 2(x15)	0xa3be	0xe003	0xa002	c.sh
2	8162	c.sh	15	15	4	c.sh x15, 4(x15)	0xa3de	0xe003	0xa002	c.sh
2	8163	c.sh	15	15	6	c.sh x15, 6(x15)	0xa3fe	0xe003	0xa002	c.sh
2	8164	c.sh	15	15	8	c.sh x15, 8(x15)	0xa79e	0xe003	0xa002	c.sh
2	8165	c.sh	15	15	10	c.sh x15, 10(x15)	0xa7be	0xe003	0xa002	c.sh
2	8166	c.sh	15	15	12	c.sh x15, 12(x15)	0xa7de	0xe003	0xa002	c.sh
2	8167	c.sh	15	15	14	c.sh x15, 14(x15)	0xa7fe	0xe003	0xa002	c.sh
2	8168	c.sh	15	15	16	c.sh x15, 16(x15)	0xab9e	0xe003	0xa002	c.sh
2	8169	c.sh	15	15	18	c.sh x15, 18(x15)	0xabbe	0xe003	0xa002	c.sh
2	8170	c.sh	15	15	20	c.sh x15, 20(x15)	0xabde	0xe003	0xa002	c.sh
2	8171	c.sh	15	15	22	c.sh x15, 22(x15)	0xabfe	0xe003	0xa002	c.sh
2	8172	c.sh	15	15	24	c.sh x15, 24(x15)	0xaf9e	0xe003	0xa002	c.sh
2	8173	c.sh	15	15	26	c.sh x15, 26(x15)	0xafbe	0xe003	0xa002	c.sh
2	8174	c.sh	15	15	28	c.sh x15, 28(x15)	0xafde	0xe003	0xa002	c.sh
2	8175	c.sh	15	15	30	c.sh x15, 30(x15)	0xaffe	0xe003	0xa002	c.sh
2	8176	c.sh	15	15	32	c.sh x15, 32(x15)	0xb39e	0xe003	0xa002	c.sh
2	8177	c.sh	15	15	34	c.sh x15, 34(x15)	0xb3be	0xe003	0xa002	c.sh
2	8178	c.sh	15	15	36	c.sh x15, 36(x15)	0xb3de	0xe003	0xa002	c.sh
2	8179	c.sh	15	15	38	c.sh x15, 38(x15)	0xb3fe	0xe003	0xa002	c.sh
2	8180	c.sh	15	15	40	c.sh x15, 40(x15)	0xb79e	0xe003	0xa002	c.sh
2	8181	c.sh	15	15	42	c.sh x15, 42(x15)	0xb7be	0xe003	0xa002	c.sh
2	8182	c.sh	15	15	44	c.sh x15, 44(x15)	0xb7de	0xe003	0xa002	c.sh
2	8183	c.sh	15	15	46	c.sh x15, 46(x15)	0xb7fe	0xe003	0xa002	c.sh
2	8184	c.sh	15	15	48	c.sh x15, 48(x15)	0xbb9e	0xe003	0xa002	c.sh
2	8185	c.sh	15	15	50	c.sh x15, 50(x15)	0xbbbe	0xe003	0xa002	c.sh
2	8186	c.sh	15	15	52	c.sh x15, 52(x15)	0xbbde	0xe003	0xa002	c.sh
2	8187	c.sh	15	15	54	c.sh x15, 54(x15)	0xbbfe	0xe003	0xa002	c.sh
2	8188	c.sh	15	15	56	c.sh x15, 56(x15)	0xbf9e	0xe003	0xa002	c.sh
2	8189	c.sh	15	15	58	c.sh x15, 58(x15)	0xbfbe	0xe003	0xa002	c.sh
2	8190	c.sh	15	15	60	c.sh x15, 60(x15)	0xbfde	0xe003	0xa002	c.sh
2	8191	c.sh	15	15	62	c.sh x15, 62(x15)	0xbffe	0xe003	0xa002	c.sh
2	8192	c.lbusp	8	2	0	c.lbusp x8, 0(sp)	0x8000	0xf863	0x8000	c.lbusp
2	8193	c.lbusp	8	2	1	c.lbusp x8, 1(sp)	0x8080	0xf863	0x8000	c.lbusp
2	8194	c.lbusp	8	2	2	c.lbusp x8, 2(sp)	0x8100	0xf863	0x8000	c.lbusp
2	8195	c.lbusp	8	2	3	c.lbusp x8, 3(sp)	0x8180	0xf863	0x8000	c.lbusp
2	8196	c.lbusp	8	2	4	c.lbusp x8, 4(sp)	0x8200	0xf863	0x8000	c.lbusp
2	8197	c.lbusp	8	2	5	c.lbusp x8, 5(sp)	0x8280	0xf863	0x8000	c.lbusp
2	8198	c.lbusp	8	2	6	c.lbusp x8, 6(sp)	0x8300	0xf863	0x8000	c.lbusp
2	8199	c.lbusp	8	2	7	c.lbusp x8, 7(sp)	0x8380	0xf863	0x8000	c.lbusp
2	8200	c.lbusp	8	2	8	c.lbusp x8, 8(sp)	0x8400	0xf863	0x8000	c.lbusp
2	8201	c.lbusp	8	2	9	c.lbusp x8, 9(sp)	0x8480	0xf863	0x8000	c.lbusp
2	8202	c.lbusp	8	2	10	c.lbusp x8, 10(sp)	0x8500	0xf863	0x8000	c.lbusp
2	8203	c.lbusp	8	2	11	c.lbusp x8, 11(sp)	0x8580	0xf863	0x8000	c.lbusp
2	8204	c.lbusp	8	2	12	c.lbusp x8, 12(sp)	0x8600	0xf863	0x8000	c.lbusp
2	8205	c.lbusp	8	2	13	c.lbusp x8, 13(sp)	0x8680	0xf863	0x8000	c.lbusp
2	8206	c.lbusp	8	2	14	c.lbusp x8, 14(sp)	0x8700	0xf863	0x8000	c.lbusp
2	8207	c.lbusp	8	2	15	c.lbusp x8, 15(sp)	0x8780	0xf863	0x8000	c.lbusp
2	8208	c.lbusp	9	2	0	c.lbusp x9, 0(sp)	0x8004	0xf863	0x8000	c.lbusp
2	8209	c.lbusp	9	2	1	c.lbusp x9, 1(sp)	0x8084	0xf863	0x8000	c.lbusp
2	8210	c.lbusp	9	2	2	c.lbusp x9, 2(sp)	0x8104	0xf863	0x8000	c.lbusp
2	8211	c.lbusp	9	2	3	c.lbusp x9, 3(sp)	0x8184	0xf863	0x8000	c.lbusp
2	8212	c.lbusp	9	2	4	c.lbusp x9, 4(sp)	0x8204	0xf863	0x8000	c.lbusp
2	8213	c.lbusp	9	2	5	c.lbusp x9, 5(sp)	0x8284	0xf863	0x8000	c.lbusp
2	8214	c.lbusp	9	2	6	c.lbusp x9, 6(sp)	0x8304	0xf863	0x8000	c.lbusp
2	8215	c.lbusp	9	2	7	c.lbusp x9, 7(sp)	0x8384	0xf863	0x8000	c.lbusp
2	8216	c.lbusp	9	2	8	c.lbusp x9, 8(sp)	0x8404	0xf863	0x8000	c.lbusp
2	8217	c.lbusp	9	2	9	c.lbusp x9, 9(sp)	0x8484	0xf863	0x8000	c.lbusp
2	8218	c.lbusp	9	2	10	c.lbusp x9, 10(sp)	0x8504	0xf863	0x8000	c.lbusp
2	8219	c.lbusp	9	2	11	c.lbusp x9, 11(sp)	0x8584	0xf863	0x8000	c.lbusp
2	8220	c.lbusp	9	2	12	c.lbusp x9, 12(sp)	0x8604	0xf863	0x8000	c.lbusp
2	8221	c.lbusp	9	2	13	c.lbusp x9, 13(sp)	0x8684	0xf863	0x8000	c.lbusp
2	8222	c.lbusp	9	2	14	c.lbusp x9, 14(sp)	0x8704	0xf863	0x8000	c.lbusp
2	8223	c.lbusp	9	2	15	c.lbusp x9, 15(sp)	0x8784	0xf863	0x8000	c.lbusp
2	8224	c.lbusp	10	2	0	c.lbusp x10, 0(sp)	0x8008	0xf863	0x8000	c.lbusp
2	8225	c.lbusp	10	2	1	c.lbusp x10, 1(sp)	0x8088	0xf863	0x8000	c.lbusp
2	8226	c.lbusp	10	2	2	c.lbusp x10, 2(sp)	0x8108	0xf863	0x8000	c.lbusp
2	8227	c.lbusp	10	2	3	c.lbusp x10, 3(sp)	0x8188	0xf863	0x8000	c.lbusp
2	8228	c.lbusp	10	2	4	c.lbusp x10, 4(sp)	0x8208	0xf863	0x8000	c.lbusp
2	8229	c.lbusp	10	2	5	c.lbusp x10, 5(sp)	0x8288	0xf863	0x8000	c.lbusp
2	8230	c.lbusp	10	2	6	c.lbusp x10, 6(sp)	0x8308	0xf863	0x8000	c.lbusp
2	8231	c.lbusp	10	2	7	c.lbusp x10, 7(sp)	0x8388	0xf863	0x8000	c.lbusp
2	8232	c.lbusp	10	2	8	c.lbusp x10, 8(sp)	0x8408	0xf863	0x8000	c.lbusp
2	8233	c.lbusp	10	2	9	c.lbusp x10, 9(sp)	0x8488	0xf863	0x8000	c.lbusp
2	8234	c.lbusp	10	2	10	c.lbusp x10, 10(sp)	0x8508	0xf863	0x8000	c.lbusp
2	8235	c.lbusp	10	2	11	c.lbusp x10, 11(sp)	0x8588	0xf863	0x8000	c.lbusp
2	8236	c.lbusp	10	2	12	c.lbusp x10, 12(sp)	0x8608	0xf863	0x8000	c.lbusp
2	8237	c.lbusp	10	2	13	c.lbusp x10, 13(sp)	0x8688	0xf863	0x8000	c.lbusp
2	8238	c.lbusp	10	2	14	c.lbusp x10, 14(sp)	0x8708	0xf863	0x8000	c.lbusp
2	8239	c.lbusp	10	2	15	c.lbusp x10, 15(sp)	0x8788	0xf863	0x8000	c.lbusp
2	8240	c.lbusp	11	2	0	c.lbusp x11, 0(sp)	0x800c	0xf863	0x8000	c.lbusp
2	8241	c.lbusp	11	2	1	c.lbusp x11, 1(sp)	0x808c	0xf863	0x8000	c.lbusp
2	8242	c.lbusp	11	2	2	c.lbusp x11, 2(sp)	0x810c	0xf863	0x8000	c.lbusp
2	8243	c.lbusp	11	2	3	c.lbusp x11, 3(sp)	0x818c	0xf863	0x8000	c.lbusp
2	8244	c.lbusp	11	2	4	c.lbusp x11, 4(sp)	0x820c	0xf863	0x8000	c.lbusp
2	8245	c.lbusp	11	2	5	c.lbusp x11, 5(sp)	0x828c	0xf863	0x8000	c.lbusp
2	8246	c.lbusp	11	2	6	c.lbusp x11, 6(sp)	0x830c	0xf863	0x8000	c.lbusp
2	8247	c.lbusp	11	2	7	c.lbusp x11, 7(sp)	0x838c	0xf863	0x8000	c.lbusp
2	8248	c.lbusp	11	2	8	c.lbusp x11, 8(sp)	0x840c	0xf863	0x8000	c.lbusp
2	8249	c.lbusp	11	2	9	c.lbusp x11, 9(sp)	0x848c	0xf863	0x8000	c.lbusp
2	8250	c.lbusp	11	2	10	c.lbusp x11, 10(sp)	0x850c	0xf863	0x8000	c.lbusp
2	8251	c.lbusp	11	2	11	c.lbusp x11, 11(sp)	0x858c	0xf863	0x8000	c.lbusp
2	8252	c.lbusp	11	2	12	c.lbusp x11, 12(sp)	0x860c	0xf863	0x8000	c.lbusp
2	8253	c.lbusp	11	2	13	c.lbusp x11, 13(sp)	0x868c	0xf863	0x8000	c.lbusp
2	8254	c.lbusp	11	2	14	c.lbusp x11, 14(sp)	0x870c	0xf863	0x8000	c.lbusp
2	8255	c.lbusp	11	2	15	c.lbusp x11, 15(sp)	0x878c	0xf863	0x8000	c.lbusp
2	8256	c.lbusp	12	2	0	c.lbusp x12, 0(sp)	0x8010	0xf863	0x8000	c.lbusp
2	8257	c.lbusp	12	2	1	c.lbusp x12, 1(sp)	0x8090	0xf863	0x8000	c.lbusp
2	8258	c.lbusp	12	2	2	c.lbusp x12, 2(sp)	0x8110	0xf863	0x8000	c.lbusp
2	8259	c.lbusp	12	2	3	c.lbusp x12, 3(sp)	0x8190	0xf863	0x8000	c.lbusp
2	8260	c.lbusp	12	2	4	c.lbusp x12, 4(sp)	0x8210	0xf863	0x8000	c.lbusp
2	8261	c.lbusp	12	2	5	c.lbusp x12, 5(sp)	0x8290	0xf863	0x8000	c.lbusp
2	8262	c.lbusp	12	2	6	c.lbusp x12, 6(sp)	0x8310	0xf863	0x8000	c.lbusp
2	8263	c.lbusp	12	2	7	c.lbusp x12, 7(sp)	0x8390	0xf863	0x8000	c.lbusp
2	8264	c.lbusp	12	2	8	c.lbusp x12, 8(sp)	0x8410	0xf863	0x8000	c.lbusp
2	8265	c.lbusp	12	2	9	c.lbusp x12, 9(sp)	0x8490	0xf863	0x8000	c.lbusp
2	8266	c.lbusp	12	2	10	c.lbusp x12, 10(sp)	0x8510	0xf863	0x8000	c.lbusp
2	8267	c.lbusp	12	2	11	c.lbusp x12, 11(sp)	0x8590	0xf863	0x8000	c.lbusp
2	8268	c.lbusp	12	2	12	c.lbusp x12, 12(sp)	0x8610	0xf863	0x8000	c.lbusp
2	8269	c.lbusp	12	2	13	c.lbusp x12, 13(sp)	0x8690	0xf863	0x8000	c.lbusp
2	8270	c.lbusp	12	2	14	c.lbusp x12, 14(sp)	0x8710	0xf863	0x8000	c.lbusp
2	8271	c.lbusp	12	2	15	c.lbusp x12, 15(sp)	0x8790	0xf863	0x8000	c.lbusp
2	8272	c.lbusp	13	2	0	c.lbusp x13, 0(sp)	0x8014	0xf863	0x8000	c.lbusp
2	8273	c.lbusp	13	2	1	c.lbusp x13, 1(sp)	0x8094	0xf863	0x8000	c.lbusp
2	8274	c.lbusp	13	2	2	c.lbusp x13, 2(sp)	0x8114	0xf863	0x8000	c.lbusp
2	8275	c.lbusp	13	2	3	c.lbusp x13, 3(sp)	0x8194	0xf863	0x8000	c.lbusp
2	8276	c.lbusp	13	2	4	c.lbusp x13, 4(sp)	0x8214	0xf863	0x8000	c.lbusp
2	8277	c.lbusp	13	2	5	c.lbusp x13, 5(sp)	0x8294	0xf863	0x8000	c.lbusp
2	8278	c.lbusp	13	2	6	c.lbusp x13, 6(sp)	0x8314	0xf863	0x8000	c.lbusp
2	8279	c.lbusp	13	2	7	c.lbusp x13, 7(sp)	0x8394	0xf863	0x8000	c.lbusp
2	8280	c.lbusp	13	2	8	c.lbusp x13, 8(sp)	0x8414	0xf863	0x8000	c.lbusp
2	8281	c.lbusp	13	2	9	c.lbusp x13, 9(sp)	0x8494	0xf863	0x8000	c.lbusp
2	8282	c.lbusp	13	2	10	c.lbusp x13, 10(sp)	0x8514	0xf863	0x8000	c.lbusp
2	8283	c.lbusp	13	2	11	c.lbusp x13, 11(sp)	0x8594	0xf863	0x8000	c.lbusp
2	8284	c.lbusp	13	2	12	c.lbusp x13, 12(sp)	0x8614	0xf863	0x8000	c.lbusp
2	8285	c.lbusp	13	2	13	c.lbusp x13, 13(sp)	0x8694	0xf863	0x8000	c.lbusp
2	8286	c.lbusp	13	2	14	c.lbusp x13, 14(sp)	0x8714	0xf863	0x8000	c.lbusp
2	8287	c.lbusp	13	2	15	c.lbusp x13, 15(sp)	0x8794	0xf863	0x8000	c.lbusp
2	8288	c.lbusp	14	2	0	c.lbusp x14, 0(sp)	0x8018	0xf863	0x8000	c.lbusp
2	8289	c.lbusp	14	2	1	c.lbusp x14, 1(sp)	0x8098	0xf863	0x8000	c.lbusp
2	8290	c.lbusp	14	2	2	c.lbusp x14, 2(sp)	0x8118	0xf863	0x8000	c.lbusp
2	8291	c.lbusp	14	2	3	c.lbusp x14, 3(sp)	0x8198	0xf863	0x8000	c.lbusp
2	8292	c.lbusp	14	2	4	c.lbusp x14, 4(sp)	0x8218	0xf863	0x8000	c.lbusp
2	8293	c.lbusp	14	2	5	c.lbusp x14, 5(sp)	0x8298	0xf863	0x8000	c.lbusp
2	8294	c.lbusp	14	2	6	c.lbusp x14, 6(sp)	0x8318	0xf863	0x8000	c.lbusp
2	8295	c.lbusp	14	2	7	c.lbusp x14, 7(sp)	0x8398	0xf863	0x8000	c.lbusp
2	8296	c.lbusp	14	2	8	c.lbusp x14, 8(sp)	0x8418	0xf863	0x8000	c.lbusp
2	8297	c.lbusp	14	2	9	c.lbusp x14, 9(sp)	0x8498	0xf863	0x8000	c.lbusp
2	8298	c.lbusp	14	2	10	c.lbusp x14, 10(sp)	0x8518	0xf863	0x8000	c.lbusp
2	8299	c.lbusp	14	2	11	c.lbusp x14, 11(sp)	0x8598	0xf863	0x8000	c.lbusp
2	8300	c.lbusp	14	2	12	c.lbusp x14, 12(sp)	0x8618	0xf863	0x8000	c.lbusp
2	8301	c.lbusp	14	2	13	c.lbusp x14, 13(sp)	0x8698	0xf863	0x8000	c.lbusp
2	8302	c.lbusp	14	2	14	c.lbusp x14, 14(sp)	0x8718	0xf863	0x8000	c.lbusp
2	8303	c.lbusp	14	2	15	c.lbusp x14, 15(sp)	0x8798	0xf863	0x8000	c.lbusp
2	8304	c.lbusp	15	2	0	c.lbusp x15, 0(sp)	0x801c	0xf863	0x8000	c.lbusp
2	8305	c.lbusp	15	2	1	c.lbusp x15, 1(sp)	0x809c	0xf863	0x8000	c.lbusp
2	8306	c.lbusp	15	2	2	c.lbusp x15, 2(sp)	0x811c	0xf863	0x8000	c.lbusp
2	8307	c.lbusp	15	2	3	c.lbusp x15, 3(sp)	0x819c	0xf863	0x8000	c.lbusp
2	8308	c.lbusp	15	2	4	c.lbusp x15, 4(sp)	0x821c	0xf863	0x8000	c.lbusp
2	8309	c.lbusp	15	2	5	c.lbusp x15, 5(sp)	0x829c	0xf863	0x8000	c.lbusp
2	8310	c.lbusp	15	2	6	c.lbusp x15, 6(sp)	0x831c	0xf863	0x8000	c.lbusp
2	8311	c.lbusp	15	2	7	c.lbusp x15, 7(sp)	0x839c	0xf863	0x8000	c.lbusp
2	8312	c.lbusp	15	2	8	c.lbusp x15, 8(sp)	0x841c	0xf863	0x8000	c.lbusp
2	8313	c.lbusp	15	2	9	c.lbusp x15, 9(sp)	0x849c	0xf863	0x8000	c.lbusp
2	8314	c.lbusp	15	2	10	c.lbusp x15, 10(sp)	0x851c	0xf863	0x8000	c.lbusp
2	8315	c.lbusp	15	2	11	c.lbusp x15, 11(sp)	0x859c	0xf863	0x8000	c.lbusp
2	8316	c.lbusp	15	2	12	c.lbusp x15, 12(sp)	0x861c	0xf863	0x8000	c.lbusp
2	8317	c.lbusp	15	2	13	c.lbusp x15, 13(sp)	0x869c	0xf863	0x8000	c.lbusp
2	8318	c.lbusp	15	2	14	c.lbusp x15, 14(sp)	0x871c	0xf863	0x8000	c.lbusp
2	8319	c.lbusp	15	2	15	c.lbusp x15, 15(sp)	0x879c	0xf863	0x8000	c.lbusp
2	8320	c.lhusp	8	2	0	c.lhusp x8, 0(sp)	0x8020	0xf863	0x8020	c.lhusp
2	8321	c.lhusp	8	2	2	c.lhusp x8, 2(sp)	0x8120	0xf863	0x8020	c.lhusp
2	8322	c.lhusp	8	2	4	c.lhusp x8, 4(sp)	0x8220	0xf863	0x8020	c.lhusp
2	8323	c.lhusp	8	2	6	c.lhusp x8, 6(sp)	0x8320	0xf863	0x8020	c.lhusp
2	8324	c.lhusp	8	2	8	c.lhusp x8, 8(sp)	0x8420	0xf863	0x8020	c.lhusp
2	8325	c.lhusp	8	2	10	c.lhusp x8, 10(sp)	0x8520	0xf863	0x8020	c.lhusp
2	8326	c.lhusp	8	2	12	c.lhusp x8, 12(sp)	0x8620	0xf863	0x8020	c.lhusp
2	8327	c.lhusp	8	2	14	c.lhusp x8, 14(sp)	0x8720	0xf863	0x8020	c.lhusp
2	8328	c.lhusp	8	2	16	c.lhusp x8, 16(sp)	0x80a0	0xf863	0x8020	c.lhusp
2	8329	c.lhusp	8	2	18	c.lhusp x8, 18(sp)	0x81a0	0xf863	0x8020	c.lhusp
2	8330	c.lhusp	8	2	20	c.lhusp x8, 20(sp)	0x82a0	0xf863	0x8020	c.lhusp
2	8331	c.lhusp	8	2	22	c.lhusp x8, 22(sp)	0x83a0	0xf863	0x8020	c.lhusp
2	8332	c.lhusp	8	2	24	c.lhusp x8, 24(sp)	0x84a0	0xf863	0x8020	c.lhusp
2	8333	c.lhusp	8	2	26	c.lhusp x8, 26(sp)	0x85a0	0xf863	0x8020	c.lhusp
2	8334	c.lhusp	8	2	28	c.lhusp x8, 28(sp)	0x86a0	0xf863	0x8020	c.lhusp
2	8335	c.lhusp	8	2	30	c.lhusp x8, 30(sp)	0x87a0	0xf863	0x8020	c.lhusp
2	8336	c.lhusp	9	2	0	c.lhusp x9, 0(sp)	0x8024	0xf863	0x8020	c.lhusp
2	8337	c.lhusp	9	2	2	c.lhusp x9, 2(sp)	0x8124	0xf863	0x8020	c.lhusp
2	8338	c.lhusp	9	2	4	c.lhusp x9, 4(sp)	0x8224	0xf863	0x8020	c.lhusp
2	8339	c.lhusp	9	2	6	c.lhusp x9, 6(sp)	0x8324	0xf863	0x8020	c.lhusp
2	8340	c.lhusp	9	2	8	c.lhusp x9, 8(sp)	0x8424	0xf863	0x8020	c.lhusp
2	8341	c.lhusp	9	2	10	c.lhusp x9, 10(sp)	0x8524	0xf863	0x8020	c.lhusp
2	8342	c.lhusp	9	2	12	c.lhusp x9, 12(sp)	0x8624	0xf863	0x8020	c.lhusp
2	8343	c.lhusp	9	2	14	c.lhusp x9, 14(sp)	0x8724	0xf863	0x8020	c.lhusp
2	8344	c.lhusp	9	2	16	c.lhusp x9, 16(sp)	0x80a4	0xf863	0x8020	c.lhusp
2	8345	c.lhusp	9	2	18	c.lhusp x9, 18(sp)	0x81a4	0xf863	0x8020	c.lhusp
2	8346	c.lhusp	9	2	20	c.lhusp x9, 20(sp)	0x82a4	0xf863	0x8020	c.lhusp
2	8347	c.lhusp	9	2	22	c.lhusp x9, 22(sp)	0x83a4	0xf863	0x8020	c.lhusp
2	8348	c.lhusp	9	2	24	c.lhusp x9, 24(sp)	0x84a4	0xf863	0x8020	c.lhusp
2	8349	c.lhusp	9	2	26	c.lhusp x9, 26(sp)	0x85a4	0xf863	0x8020	c.lhusp
2	8350	c.lhusp	9	2	28	c.lhusp x9, 28(sp)	0x86a4	0xf863	0x8020	c.lhusp
2	8351	c.lhusp	9	2	30	c.lhusp x9, 30(sp)	0x87a4	0xf863	0x8020	c.lhusp
2	8352	c.lhusp	10	2	0	c.lhusp x10, 0(sp)	0x8028	0xf863	0x8020	c.lhusp
2	8353	c.lhusp	10	2	2	c.lhusp x10, 2(sp)	0x8128	0xf863	0x8020	c.lhusp
2	8354	c.lhusp	10	2	4	c.lhusp x10, 4(sp)	0x8228	0xf863	0x8020	c.lhusp
2	8355	c.lhusp	10	2	6	c.lhusp x10, 6(sp)	0x8328	0xf863	0x8020	c.lhusp
2	8356	c.lhusp	10	2	8	c.lhusp x10, 8(sp)	0x8428	0xf863	0x8020	c.lhusp
2	8357	c.lhusp	10	2	10	c.lhusp x10, 10(sp)	0x8528	0xf863	0x8020	c.lhusp
2	8358	c.lhusp	10	2	12	c.lhusp x10, 12(sp)	0x8628	0xf863	0x8020	c.lhusp
2	8359	c.lhusp	10	2	14	c.lhusp x10, 14(sp)	0x8728	0xf863	0x8020	c.lhusp
2	8360	c.lhusp	10	2	16	c.lhusp x10, 16(sp)	0x80a8	0xf863	0x8020	c.lhusp
2	8361	c.lhusp	10	2	18	c.lhusp x10, 18(sp)	0x81a8	0xf863	0x8020	c.lhusp
2	8362	c.lhusp	10	2	20	c.lhusp x10, 20(sp)	0x82a8	0xf863	0x8020	c.lhusp
2	8363	c.lhusp	10	2	22	c.lhusp x10, 22(sp)	0x83a8	0xf863	0x8020	c.lhusp
2	8364	c.lhusp	10	2	24	c.lhusp x10, 24(sp)	0x84a8	0xf863	0x8020	c.lhusp
2	8365	c.lhusp	10	2	26	c.lhusp x10, 26(sp)	0x85a8	0xf863	0x8020	c.lhusp
2	8366	c.lhusp	10	2	28	c.lhusp x10, 28(sp)	0x86a8	0xf863	0x8020	c.lhusp
2	8367	c.lhusp	10	2	30	c.lhusp x10, 30(sp)	0x87a8	0xf863	0x8020	c.lhusp
2	8368	c.lhusp	11	2	0	c.lhusp x11, 0(sp)	0x802c	0xf863	0x8020	c.lhusp
2	8369	c.lhusp	11	2	2	c.lhusp x11, 2(sp)	0x812c	0xf863	0x8020	c.lhusp
2	8370	c.lhusp	11	2	4	c.lhusp x11, 4(sp)	0x822c	0xf863	0x8020	c.lhusp
2	8371	c.lhusp	11	2	6	c.lhusp x11, 6(sp)	0x832c	0xf863	0x8020	c.lhusp
2	8372	c.lhusp	11	2	8	c.lhusp x11, 8(sp)	0x842c	0xf863	0x8020	c.lhusp
2	8373	c.lhusp	11	2	10	c.lhusp x11, 10(sp)	0x852c	0xf863	0x8020	c.lhusp
2	8374	c.lhusp	11	2	12	c.lhusp x11, 12(sp)	0x862c	0xf863	0x8020	c.lhusp
2	8375	c.lhusp	11	2	14	c.lhusp x11, 14(sp)	0x872c	0xf863	0x8020	c.lhusp
2	8376	c.lhusp	11	2	16	c.lhusp x11, 16(sp)	0x80ac	0xf863	0x8020	c.lhusp
2	8377	c.lhusp	11	2	18	c.lhusp x11, 18(sp)	0x81ac	0xf863	0x8020	c.lhusp
2	8378	c.lhusp	11	2	20	c.lhusp x11, 20(sp)	0x82ac	0xf863	0x8020	c.lhusp
2	8379	c.lhusp	11	2	22	c.lhusp x11, 22(sp)	0x83ac	0xf863	0x8020	c.lhusp
2	8380	c.lhusp	11	2	24	c.lhusp x11, 24(sp)	0x84ac	0xf863	0x8020	c.lhusp
2	8381	c.lhusp	11	2	26	c.lhusp x11, 26(sp)	0x85ac	0xf863	0x8020	c.lhusp
2	8382	c.lhusp	11	2	28	c.lhusp x11, 28(sp)	0x86ac	0xf863	0x8020	c.lhusp
2	8383	c.lhusp	11	2	30	c.lhusp x11, 30(sp)	0x87ac	0xf863	0x8020	c.lhusp
2	8384	c.lhusp	12	2	0	c.lhusp x12, 0(sp)	0x8030	0xf863	0x8020	c.lhusp
2	8385	c.lhusp	12	2	2	c.lhusp x12, 2(sp)	0x8130	0xf863	0x8020	c.lhusp
2	8386	c.lhusp	12	2	4	c.lhusp x12, 4(sp)	0x8230	0xf863	0x8020	c.lhusp
2	8387	c.lhusp	12	2	6	c.lhusp x12, 6(sp)	0x8330	0xf863	0x8020	c.lhusp
2	8388	c.lhusp	12	2	8	c.lhusp x12, 8(sp)	0x8430	0xf863	0x8020	c.lhusp
2	8389	c.lhusp	12	2	10	c.lhusp x12, 10(sp)	0x8530	0xf863	0x8020	c.lhusp
2	8390	c.lhusp	12	2	12	c.lhusp x12, 12(sp)	0x8630	0xf863	0x8020	c.lhusp
2	8391	c.lhusp	12	2	14	c.lhusp x12, 14(sp)	0x8730	0xf863	0x8020	c.lhusp
2	8392	c.lhusp	12	2	16	c.lhusp x12, 16(sp)	0x80b0	0xf863	0x8020	c.lhusp
2	8393	c.lhusp	12	2	18	c.lhusp x12, 18(sp)	0x81b0	0xf863	0x8020	c.lhusp
2	8394	c.lhusp	12	2	20	c.lhusp x12, 20(sp)	0x82b0	0xf863	0x8020	c.lhusp
2	8395	c.lhusp	12	2	22	c.lhusp x12, 22(sp)	0x83b0	0xf863	0x8020	c.lhusp
2	8396	c.lhusp	12	2	24	c.lhusp x12, 24(sp)	0x84b0	0xf863	0x8020	c.lhusp
2	8397	c.lhusp	12	2	26	c.lhusp x12, 26(sp)	0x85b0	0xf863	0x8020	c.lhusp
2	8398	c.lhusp	12	2	28	c.lhusp x12, 28(sp)	0x86b0	0xf863	0x8020	c.lhusp
2	8399	c.lhusp	12	2	30	c.lhusp x12, 30(sp)	0x87b0	0xf863	0x8020	c.lhusp
2	8400	c.lhusp	13	2	0	c.lhusp x13, 0(sp)	0x8034	0xf863	0x8020	c.lhusp
2	8401	c.lhusp	13	2	2	c.lhusp x13, 2(sp)	0x8134	0xf863	0x8020	c.lhusp
2	8402	c.lhusp	13	2	4	c.lhusp x13, 4(sp)	0x8234	0xf863	0x8020	c.lhusp
2	8403	c.lhusp	13	2	6	c.lhusp x13, 6(sp)	0x8334	0xf863	0x8020	c.lhusp
2	8404	c.lhusp	13	2	8	c.lhusp x13, 8(sp)	0x8434	0xf863	0x8020	c.lhusp
2	8405	c.lhusp	13	2	10	c.lhusp x13, 10(sp)	0x8534	0xf863	0x8020	c.lhusp
2	8406	c.lhusp	13	2	12	c.lhusp x13, 12(sp)	0x8634	0xf863	0x8020	c.lhusp
2	8407	c.lhusp	13	2	14	c.lhusp x13, 14(sp)	0x8734	0xf863	0x8020	c.lhusp
2	8408	c.lhusp	13	2	16	c.lhusp x13, 16(sp)	0x80b4	0xf863	0x8020	c.lhusp
2	8409	c.lhusp	13	2	18	c.lhusp x13, 18(sp)	0x81b4	0xf863	0x8020	c.lhusp
2	8410	c.lhusp	13	2	20	c.lhusp x13, 20(sp)	0x82b4	0xf863	0x8020	c.lhusp
2	8411	c.lhusp	13	2	22	c.lhusp x13, 22(sp)	0x83b4	0xf863	0x8020	c.lhusp
2	8412	c.lhusp	13	2	24	c.lhusp x13, 24(sp)	0x84b4	0xf863	0x8020	c.lhusp
2	8413	c.lhusp	13	2	26	c.lhusp x13, 26(sp)	0x85b4	0xf863	0x8020	c.lhusp
2	8414	c.lhusp	13	2	28	c.lhusp x13, 28(sp)	0x86b4	0xf863	0x8020	c.lhusp
2	8415	c.lhusp	13	2	30	c.lhusp x13, 30(sp)	0x87b4	0xf863	0x8020	c.lhusp
2	8416	c.lhusp	14	2	0	c.lhusp x14, 0(sp)	0x8038	0xf863	0x8020	c.lhusp
2	8417	c.lhusp	14	2	2	c.lhusp x14, 2(sp)	0x8138	0xf863	0x8020	c.lhusp
2	8418	c.lhusp	14	2	4	c.lhusp x14, 4(sp)	0x8238	0xf863	0x8020	c.lhusp
2	8419	c.lhusp	14	2	6	c.lhusp x14, 6(sp)	0x8338	0xf863	0x8020	c.lhusp
2	8420	c.lhusp	14	2	8	c.lhusp x14, 8(sp)	0x8438	0xf863	0x8020	c.lhusp
2	8421	c.lhusp	14	2	10	c.lhusp x14, 10(sp)	0x8538	0xf863	0x8020	c.lhusp
2	8422	c.lhusp	14	2	12	c.lhusp x14, 12(sp)	0x8638	0xf863	0x8020	c.lhusp
2	8423	c.lhusp	14	2	14	c.lhusp x14, 14(sp)	0x8738	0xf863	0x8020	c.lhusp
2	8424	c.lhusp	14	2	16	c.lhusp x14, 16(sp)	0x80b8	0xf863	0x8020	c.lhusp
2	8425	c.lhusp	14	2	18	c.lhusp x14, 18(sp)	0x81b8	0xf863	0x8020	c.lhusp
2	8426	c.lhusp	14	2	20	c.lhusp x14, 20(sp)	0x82b8	0xf863	0x8020	c.lhusp
2	8427	c.lhusp	14	2	22	c.lhusp x14, 22(sp)	0x83b8	0xf863	0x8020	c.lhusp
2	8428	c.lhusp	14	2	24	c.lhusp x14, 24(sp)	0x84b8	0xf863	0x8020	c.lhusp
2	8429	c.lhusp	14	2	26	c.lhusp x14, 26(sp)	0x85b8	0xf863	0x8020	c.lhusp
2	8430	c.lhusp	14	2	28	c.lhusp x14, 28(sp)	0x86b8	0xf863	0x8020	c.lhusp
2	8431	c.lhusp	14	2	30	c.lhusp x14, 30(sp)	0x87b8	0xf863	0x8020	c.lhusp
2	8432	c.lhusp	15	2	0	c.lhusp x15, 0(sp)	0x803c	0xf863	0x8020	c.lhusp
2	8433	c.lhusp	15	2	2	c.lhusp x15, 2(sp)	0x813c	0xf863	0x8020	c.lhusp
2	8434	c.lhusp	15	2	4	c.lhusp x15, 4(sp)	0x823c	0xf863	0x8020	c.lhusp
2	8435	c.lhusp	15	2	6	c.lhusp x15, 6(sp)	0x833c	0xf863	0x8020	c.lhusp
2	8436	c.lhusp	15	2	8	c.lhusp x15, 8(sp)	0x843c	0xf863	0x8020	c.lhusp
2	8437	c.lhusp	15	2	10	c.lhusp x15, 10(sp)	0x853c	0xf863	0x8020	c.lhusp
2	8438	c.lhusp	15	2	12	c.lhusp x15, 12(sp)	0x863c	0xf863	0x8020	c.lhusp
2	8439	c.lhusp	15	2	14	c.lhusp x15, 14(sp)	0x873c	0xf863	0x8020	c.lhusp
2	8440	c.lhusp	15	2	16	c.lhusp x15, 16(sp)	0x80bc	0xf863	0x8020	c.lhusp
2	8441	c.lhusp	15	2	18	c.lhusp x15, 18(sp)	0x81bc	0xf863	0x8020	c.lhusp
2	8442	c.lhusp	15	2	20	c.lhusp x15, 20(sp)	0x82bc	0xf863	0x8020	c.lhusp
2	8443	c.lhusp	15	2	22	c.lhusp x15, 22(sp)	0x83bc	0xf863	0x8020	c.lhusp
2	8444	c.lhusp	15	2	24	c.lhusp x15, 24(sp)	0x84bc	0xf863	0x8020	c.lhusp
2	8445	c.lhusp	15	2	26	c.lhusp x15, 26(sp)	0x85bc	0xf863	0x8020	c.lhusp
2	8446	c.lhusp	15	2	28	c.lhusp x15, 28(sp)	0x86bc	0xf863	0x8020	c.lhusp
2	8447	c.lhusp	15	2	30	c.lhusp x15, 30(sp)	0x87bc	0xf863	0x8020	c.lhusp
2	8448	c.sbsp	8	2	0	c.sbsp x8, 0(sp)	0x8040	0xf863	0x8040	c.sbsp
2	8449	c.sbsp	8	2	1	c.sbsp x8, 1(sp)	0x80c0	0xf863	0x8040	c.sbsp
2	8450	c.sbsp	8	2	2	c.sbsp x8, 2(sp)	0x8140	0xf863	0x8040	c.sbsp
2	8451	c.sbsp	8	2	3	c.sbsp x8, 3(sp)	0x81c0	0xf863	0x8040	c.sbsp
2	8452	c.sbsp	8	2	4	c.sbsp x8, 4(sp)	0x8240	0xf863	0x8040	c.sbsp
2	8453	c.sbsp	8	2	5	c.sbsp x8, 5(sp)	0x82c0	0xf863	0x8040	c.sbsp
2	8454	c.sbsp	8	2	6	c.sbsp x8, 6(sp)	0x8340	0xf863	0x8040	c.sbsp
2	8455	c.sbsp	8	2	7	c.sbsp x8, 7(sp)	0x83c0	0xf863	0x8040	c.sbsp
2	8456	c.sbsp	8	2	8	c.sbsp x8, 8(sp)	0x8440	0xf863	0x8040	c.sbsp
2	8457	c.sbsp	8	2	9	c.sbsp x8, 9(sp)	0x84c0	0xf863	0x8040	c.sbsp
2	8458	c.sbsp	8	2	10	c.sbsp x8, 10(sp)	0x8540	0xf863	0x8040	c.sbsp
2	8459	c.sbsp	8	2	11	c.sbsp x8, 11(sp)	0x85c0	0xf863	0x8040	c.sbsp
2	8460	c.sbsp	8	2	12	c.sbsp x8, 12(sp)	0x8640	0xf863	0x8040	c.sbsp
2	8461	c.sbsp	8	2	13	c.sbsp x8, 13(sp)	0x86c0	0xf863	0x8040	c.sbsp
2	8462	c.sbsp	8	2	14	c.sbsp x8, 14(sp)	0x8740	0xf863	0x8040	c.sbsp
2	8463	c.sbsp	8	2	15	c.sbsp x8, 15(sp)	0x87c0	0xf863	0x8040	c.sbsp
2	8464	c.sbsp	9	2	0	c.sbsp x9, 0(sp)	0x8044	0xf863	0x8040	c.sbsp
2	8465	c.sbsp	9	2	1	c.sbsp x9, 1(sp)	0x80c4	0xf863	0x8040	c.sbsp
2	8466	c.sbsp	9	2	2	c.sbsp x9, 2(sp)	0x8144	0xf863	0x8040	c.sbsp
2	8467	c.sbsp	9	2	3	c.sbsp x9, 3(sp)	0x81c4	0xf863	0x8040	c.sbsp
2	8468	c.sbsp	9	2	4	c.sbsp x9, 4(sp)	0x8244	0xf863	0x8040	c.sbsp
2	8469	c.sbsp	9	2	5	c.sbsp x9, 5(sp)	0x82c4	0xf863	0x8040	c.sbsp
2	8470	c.sbsp	9	2	6	c.sbsp x9, 6(sp)	0x8344	0xf863	0x8040	c.sbsp
2	8471	c.sbsp	9	2	7	c.sbsp x9, 7(sp)	0x83c4	0xf863	0x8040	c.sbsp
2	8472	c.sbsp	9	2	8	c.sbsp x9, 8(sp)	0x8444	0xf863	0x8040	c.sbsp
2	8473	c.sbsp	9	2	9	c.sbsp x9, 9(sp)	0x84c4	0xf863	0x8040	c.sbsp
2	8474	c.sbsp	9	2	10	c.sbsp x9, 10(sp)	0x8544	0xf863	0x8040	c.sbsp
2	8475	c.sbsp	9	2	11	c.sbsp x9, 11(sp)	0x85c4	0xf863	0x8040	c.sbsp
2	8476	c.sbsp	9	2	12	c.sbsp x9, 12(sp)	0x8644	0xf863	0x8040	c.sbsp
2	8477	c.sbsp	9	2	13	c.sbsp x9, 13(sp)	0x86c4	0xf863	0x8040	c.sbsp
2	8478	c.sbsp	9	2	14	c.sbsp x9, 14(sp)	0x8744	0xf863	0x8040	c.sbsp
2	8479	c.sbsp	9	2	15	c.sbsp x9, 15(sp)	0x87c4	0xf863	0x8040	c.sbsp
2	8480	c.sbsp	10	2	0	c.sbsp x10, 0(sp)	0x8048	0xf863	0x8040	c.sbsp
2	8481	c.sbsp	10	2	1	c.sbsp x10, 1(sp)	0x80c8	0xf863	0x8040	c.sbsp
2	8482	c.sbsp	10	2	2	c.sbsp x10, 2(sp)	0x8148	0xf863	0x8040	c.sbsp
2	8483	c.sbsp	10	2	3	c.sbsp x10, 3(sp)	0x81c8	0xf863	0x8040	c.sbsp
2	8484	c.sbsp	10	2	4	c.sbsp x10, 4(sp)	0x8248	0xf863	0x8040	c.sbsp
2	8485	c.sbsp	10	2	5	c.sbsp x10, 5(sp)	0x82c8	0xf863	0x8040	c.sbsp
2	8486	c.sbsp	10	2	6	c.sbsp x10, 6(sp)	0x8348	0xf863	0x8040	c.sbsp
2	8487	c.sbsp	10	2	7	c.sbsp x10, 7(sp)	0x83c8	0xf863	0x8040	c.sbsp
2	8488	c.sbsp	10	2	8	c.sbsp x10, 8(sp)	0x8448	0xf863	0x8040	c.sbsp
2	8489	c.sbsp	10	2	9	c.sbsp x10, 9(sp)	0x84c8	0xf863	0x8040	c.sbsp
2	8490	c.sbsp	10	2	10	c.sbsp x10, 10(sp)	0x8548	0xf863	0x8040	c.sbsp
2	8491	c.sbsp	10	2	11	c.sbsp x10, 11(sp)	0x85c8	0xf863	0x8040	c.sbsp
2	8492	c.sbsp	10	2	12	c.sbsp x10, 12(sp)	0x8648	0xf863	0x8040	c.sbsp
2	8493	c.sbsp	10	2	13	c.sbsp x10, 13(sp)	0x86c8	0xf863	0x8040	c.sbsp
2	8494	c.sbsp	10	2	14	c.sbsp x10, 14(sp)	0x8748	0xf863	0x8040	c.sbsp
2	8495	c.sbsp	10	2	15	c.sbsp x10, 15(sp)	0x87c8	0xf863	0x8040	c.sbsp
2	8496	c.sbsp	11	2	0	c.sbsp x11, 0(sp)	0x804c	0xf863	0x8040	c.sbsp
2	8497	c.sbsp	11	2	1	c.sbsp x11, 1(sp)	0x80cc	0xf863	0x8040	c.sbsp
2	8498	c.sbsp	11	2	2	c.sbsp x11, 2(sp)	0x814c	0xf863	0x8040	c.sbsp
2	8499	c.sbsp	11	2	3	c.sbsp x11, 3(sp)	0x81cc	0xf863	0x8040	c.sbsp
2	8500	c.sbsp	11	2	4	c.sbsp x11, 4(sp)	0x824c	0xf863	0x8040	c.sbsp
2	8501	c.sbsp	11	2	5	c.sbsp x11, 5(sp)	0x82cc	0xf863	0x8040	c.sbsp
2	8502	c.sbsp	11	2	6	c.sbsp x11, 6(sp)	0x834c	0xf863	0x8040	c.sbsp
2	8503	c.sbsp	11	2	7	c.sbsp x11, 7(sp)	0x83cc	0xf863	0x8040	c.sbsp
2	8504	c.sbsp	11	2	8	c.sbsp x11, 8(sp)	0x844c	0xf863	0x8040	c.sbsp
2	8505	c.sbsp	11	2	9	c.sbsp x11, 9(sp)	0x84cc	0xf863	0x8040	c.sbsp
2	8506	c.sbsp	11	2	10	c.sbsp x11, 10(sp)	0x854c	0xf863	0x8040	c.sbsp
2	8507	c.sbsp	11	2	11	c.sbsp x11, 11(sp)	0x85cc	0xf863	0x8040	c.sbsp
2	8508	c.sbsp	11	2	12	c.sbsp x11, 12(sp)	0x864c	0xf863	0x8040	c.sbsp
2	8509	c.sbsp	11	2	13	c.sbsp x11, 13(sp)	0x86cc	0xf863	0x8040	c.sbsp
2	8510	c.sbsp	11	2	14	c.sbsp x11, 14(sp)	0x874c	0xf863	0x8040	c.sbsp
2	8511	c.sbsp	11	2	15	c.sbsp x11, 15(sp)	0x87cc	0xf863	0x8040	c.sbsp
2	8512	c.sbsp	12	2	0	c.sbsp x12, 0(sp)	0x8050	0xf863	0x8040	c.sbsp
2	8513	c.sbsp	12	2	1	c.sbsp x12, 1(sp)	0x80d0	0xf863	0x8040	c.sbsp
2	8514	c.sbsp	12	2	2	c.sbsp x12, 2(sp)	0x8150	0xf863	0x8040	c.sbsp
2	8515	c.sbsp	12	2	3	c.sbsp x12, 3(sp)	0x81d0	0xf863	0x8040	c.sbsp
2	8516	c.sbsp	12	2	4	c.sbsp x12, 4(sp)	0x8250	0xf863	0x8040	c.sbsp
2	8517	c.sbsp	12	2	5	c.sbsp x12, 5(sp)	0x82d0	0xf863	0x8040	c.sbsp
2	8518	c.sbsp	12	2	6	c.sbsp x12, 6(sp)	0x8350	0xf863	0x8040	c.sbsp
2	8519	c.sbsp	12	2	7	c.sbsp x12, 7(sp)	0x83d0	0xf863	0x8040	c.sbsp
2	8520	c.sbsp	12	2	8	c.sbsp x12, 8(sp)	0x8450	0xf863	0x8040	c.sbsp
2	8521	c.sbsp	12	2	9	c.sbsp x12, 9(sp)	0x84d0	0xf863	0x8040	c.sbsp
2	8522	c.sbsp	12	2	10	c.sbsp x12, 10(sp)	0x8550	0xf863	0x8040	c.sbsp
2	8523	c.sbsp	12	2	11	c.sbsp x12, 11(sp)	0x85d0	0xf863	0x8040	c.sbsp
2	8524	c.sbsp	12	2	12	c.sbsp x12, 12(sp)	0x8650	0xf863	0x8040	c.sbsp
2	8525	c.sbsp	12	2	13	c.sbsp x12, 13(sp)	0x86d0	0xf863	0x8040	c.sbsp
2	8526	c.sbsp	12	2	14	c.sbsp x12, 14(sp)	0x8750	0xf863	0x8040	c.sbsp
2	8527	c.sbsp	12	2	15	c.sbsp x12, 15(sp)	0x87d0	0xf863	0x8040	c.sbsp
2	8528	c.sbsp	13	2	0	c.sbsp x13, 0(sp)	0x8054	0xf863	0x8040	c.sbsp
2	8529	c.sbsp	13	2	1	c.sbsp x13, 1(sp)	0x80d4	0xf863	0x8040	c.sbsp
2	8530	c.sbsp	13	2	2	c.sbsp x13, 2(sp)	0x8154	0xf863	0x8040	c.sbsp
2	8531	c.sbsp	13	2	3	c.sbsp x13, 3(sp)	0x81d4	0xf863	0x8040	c.sbsp
2	8532	c.sbsp	13	2	4	c.sbsp x13, 4(sp)	0x8254	0xf863	0x8040	c.sbsp
2	8533	c.sbsp	13	2	5	c.sbsp x13, 5(sp)	0x82d4	0xf863	0x8040	c.sbsp
2	8534	c.sbsp	13	2	6	c.sbsp x13, 6(sp)	0x8354	0xf863	0x8040	c.sbsp
2	8535	c.sbsp	13	2	7	c.sbsp x13, 7(sp)	0x83d4	0xf863	0x8040	c.sbsp
2	8536	c.sbsp	13	2	8	c.sbsp x13, 8(sp)	0x8454	0xf863	0x8040	c.sbsp
2	8537	c.sbsp	13	2	9	c.sbsp x13, 9(sp)	0x84d4	0xf863	0x8040	c.sbsp
2	8538	c.sbsp	13	2	10	c.sbsp x13, 10(sp)	0x8554	0xf863	0x8040	c.sbsp
2	8539	c.sbsp	13	2	11	c.sbsp x13, 11(sp)	0x85d4	0xf863	0x8040	c.sbsp
2	8540	c.sbsp	13	2	12	c.sbsp x13, 12(sp)	0x8654	0xf863	0x8040	c.sbsp
2	8541	c.sbsp	13	2	13	c.sbsp x13, 13(sp)	0x86d4	0xf863	0x8040	c.sbsp
2	8542	c.sbsp	13	2	14	c.sbsp x13, 14(sp)	0x8754	0xf863	0x8040	c.sbsp
2	8543	c.sbsp	13	2	15	c.sbsp x13, 15(sp)	0x87d4	0xf863	0x8040	c.sbsp
2	8544	c.sbsp	14	2	0	c.sbsp x14, 0(sp)	0x8058	0xf863	0x8040	c.sbsp
2	8545	c.sbsp	14	2	1	c.sbsp x14, 1(sp)	0x80d8	0xf863	0x8040	c.sbsp
2	8546	c.sbsp	14	2	2	c.sbsp x14, 2(sp)	0x8158	0xf863	0x8040	c.sbsp
2	8547	c.sbsp	14	2	3	c.sbsp x14, 3(sp)	0x81d8	0xf863	0x8040	c.sbsp
2	8548	c.sbsp	14	2	4	c.sbsp x14, 4(sp)	0x8258	0xf863	0x8040	c.sbsp
2	8549	c.sbsp	14	2	5	c.sbsp x14, 5(sp)	0x82d8	0xf863	0x8040	c.sbsp
2	8550	c.sbsp	14	2	6	c.sbsp x14, 6(sp)	0x8358	0xf863	0x8040	c.sbsp
2	8551	c.sbsp	14	2	7	c.sbsp x14, 7(sp)	0x83d8	0xf863	0x8040	c.sbsp
2	8552	c.sbsp	14	2	8	c.sbsp x14, 8(sp)	0x8458	0xf863	0x8040	c.sbsp
2	8553	c.sbsp	14	2	9	c.sbsp x14, 9(sp)	0x84d8	0xf863	0x8040	c.sbsp
2	8554	c.sbsp	14	2	10	c.sbsp x14, 10(sp)	0x8558	0xf863	0x8040	c.sbsp
2	8555	c.sbsp	14	2	11	c.sbsp x14, 11(sp)	0x85d8	0xf863	0x8040	c.sbsp
2	8556	c.sbsp	14	2	12	c.sbsp x14, 12(sp)	0x8658	0xf863	0x8040	c.sbsp
2	8557	c.sbsp	14	2	13	c.sbsp x14, 13(sp)	0x86d8	0xf863	0x8040	c.sbsp
2	8558	c.sbsp	14	2	14	c.sbsp x14, 14(sp)	0x8758	0xf863	0x8040	c.sbsp
2	8559	c.sbsp	14	2	15	c.sbsp x14, 15(sp)	0x87d8	0xf863	0x8040	c.sbsp
2	8560	c.sbsp	15	2	0	c.sbsp x15, 0(sp)	0x805c	0xf863	0x8040	c.sbsp
2	8561	c.sbsp	15	2	1	c.sbsp x15, 1(sp)	0x80dc	0xf863	0x8040	c.sbsp
2	8562	c.sbsp	15	2	2	c.sbsp x15, 2(sp)	0x815c	0xf863	0x8040	c.sbsp
2	8563	c.sbsp	15	2	3	c.sbsp x15, 3(sp)	0x81dc	0xf863	0x8040	c.sbsp
2	8564	c.sbsp	15	2	4	c.sbsp x15, 4(sp)	0x825c	0xf863	0x8040	c.sbsp
2	8565	c.sbsp	15	2	5	c.sbsp x15, 5(sp)	0x82dc	0xf863	0x8040	c.sbsp
2	8566	c.sbsp	15	2	6	c.sbsp x15, 6(sp)	0x835c	0xf863	0x8040	c.sbsp
2	8567	c.sbsp	15	2	7	c.sbsp x15, 7(sp)	0x83dc	0xf863	0x8040	c.sbsp
2	8568	c.sbsp	15	2	8	c.sbsp x15, 8(sp)	0x845c	0xf863	0x8040	c.sbsp
2	8569	c.sbsp	15	2	9	c.sbsp x15, 9(sp)	0x84dc	0xf863	0x8040	c.sbsp
2	8570	c.sbsp	15	2	10	c.sbsp x15, 10(sp)	0x855c	0xf863	0x8040	c.sbsp
2	8571	c.sbsp	15	2	11	c.sbsp x15, 11(sp)	0x85dc	0xf863	0x8040	c.sbsp
2	8572	c.sbsp	15	2	12	c.sbsp x15, 12(sp)	0x865c	0xf863	0x8040	c.sbsp
2	8573	c.sbsp	15	2	13	c.sbsp x15, 13(sp)	0x86dc	0xf863	0x8040	c.sbsp
2	8574	c.sbsp	15	2	14	c.sbsp x15, 14(sp)	0x875c	0xf863	0x8040	c.sbsp
2	8575	c.sbsp	15	2	15	c.sbsp x15, 15(sp)	0x87dc	0xf863	0x8040	c.sbsp
2	8576	c.shsp	8	2	0	c.shsp x8, 0(sp)	0x8060	0xf863	0x8060	c.shsp
2	8577	c.shsp	8	2	2	c.shsp x8, 2(sp)	0x8160	0xf863	0x8060	c.shsp
2	8578	c.shsp	8	2	4	c.shsp x8, 4(sp)	0x8260	0xf863	0x8060	c.shsp
2	8579	c.shsp	8	2	6	c.shsp x8, 6(sp)	0x8360	0xf863	0x8060	c.shsp
2	8580	c.shsp	8	2	8	c.shsp x8, 8(sp)	0x8460	0xf863	0x8060	c.shsp
2	8581	c.shsp	8	2	10	c.shsp x8, 10(sp)	0x8560	0xf863	0x8060	c.shsp
2	8582	c.shsp	8	2	12	c.shsp x8, 12(sp)	0x8660	0xf863	0x8060	c.shsp
2	8583	c.shsp	8	2	14	c.shsp x8, 14(sp)	0x8760	0xf863	0x8060	c.shsp
2	8584	c.shsp	8	2	16	c.shsp x8, 16(sp)	0x80e0	0xf863	0x8060	c.shsp
2	8585	c.shsp	8	2	18	c.shsp x8, 18(sp)	0x81e0	0xf863	0x8060	c.shsp
2	8586	c.shsp	8	2	20	c.shsp x8, 20(sp)	0x82e0	0xf863	0x8060	c.shsp
2	8587	c.shsp	8	2	22	c.shsp x8, 22(sp)	0x83e0	0xf863	0x8060	c.shsp
2	8588	c.shsp	8	2	24	c.shsp x8, 24(sp)	0x84e0	0xf863	0x8060	c.shsp
2	8589	c.shsp	8	2	26	c.shsp x8, 26(sp)	0x85e0	0xf863	0x8060	c.shsp
2	8590	c.shsp	8	2	28	c.shsp x8, 28(sp)	0x86e0	0xf863	0x8060	c.shsp
2	8591	c.shsp	8	2	30	c.shsp x8, 30(sp)	0x87e0	0xf863	0x8060	c.shsp
2	8592	c.shsp	9	2	0	c.shsp x9, 0(sp)	0x8064	0xf863	0x8060	c.shsp
2	8593	c.shsp	9	2	2	c.shsp x9, 2(sp)	0x8164	0xf863	0x8060	c.shsp
2	8594	c.shsp	9	2	4	c.shsp x9, 4(sp)	0x8264	0xf863	0x8060	c.shsp
2	8595	c.shsp	9	2	6	c.shsp x9, 6(sp)	0x8364	0xf863	0x8060	c.shsp
2	8596	c.shsp	9	2	8	c.shsp x9, 8(sp)	0x8464	0xf863	0x8060	c.shsp
2	8597	c.shsp	9	2	10	c.shsp x9, 10(sp)	0x8564	0xf863	0x8060	c.shsp
2	8598	c.shsp	9	2	12	c.shsp x9, 12(sp)	0x8664	0xf863	0x8060	c.shsp
2	8599	c.shsp	9	2	14	c.shsp x9, 14(sp)	0x8764	0xf863	0x8060	c.shsp
2	8600	c.shsp	9	2	16	c.shsp x9, 16(sp)	0x80e4	0xf863	0x8060	c.shsp
2	8601	c.shsp	9	2	18	c.shsp x9, 18(sp)	0x81e4	0xf863	0x8060	c.shsp
2	8602	c.shsp	9	2	20	c.shsp x9, 20(sp)	0x82e4	0xf863	0x8060	c.shsp
2	8603	c.shsp	9	2	22	c.shsp x9, 22(sp)	0x83e4	0xf863	0x8060	c.shsp
2	8604	c.shsp	9	2	24	c.shsp x9, 24(sp)	0x84e4	0xf863	0x8060	c.shsp
2	8605	c.shsp	9	2	26	c.shsp x9, 26(sp)	0x85e4	0xf863	0x8060	c.shsp
2	8606	c.shsp	9	2	28	c.shsp x9, 28(sp)	0x86e4	0xf863	0x8060	c.shsp
2	8607	c.shsp	9	2	30	c.shsp x9, 30(sp)	0x87e4	0xf863	0x8060	c.shsp
2	8608	c.shsp	10	2	0	c.shsp x10, 0(sp)	0x8068	0xf863	0x8060	c.shsp
2	8609	c.shsp	10	2	2	c.shsp x10, 2(sp)	0x8168	0xf863	0x8060	c.shsp
2	8610	c.shsp	10	2	4	c.shsp x10, 4(sp)	0x8268	0xf863	0x8060	c.shsp
2	8611	c.shsp	10	2	6	c.shsp x10, 6(sp)	0x8368	0xf863	0x8060	c.shsp
2	8612	c.shsp	10	2	8	c.shsp x10, 8(sp)	0x8468	0xf863	0x8060	c.shsp
2	8613	c.shsp	10	2	10	c.shsp x10, 10(sp)	0x8568	0xf863	0x8060	c.shsp
2	8614	c.shsp	10	2	12	c.shsp x10, 12(sp)	0x8668	0xf863	0x8060	c.shsp
2	8615	c.shsp	10	2	14	c.shsp x10, 14(sp)	0x8768	0xf863	0x8060	c.shsp
2	8616	c.shsp	10	2	16	c.shsp x10, 16(sp)	0x80e8	0xf863	0x8060	c.shsp
2	8617	c.shsp	10	2	18	c.shsp x10, 18(sp)	0x81e8	0xf863	0x8060	c.shsp
2	8618	c.shsp	10	2	20	c.shsp x10, 20(sp)	0x82e8	0xf863	0x8060	c.shsp
2	8619	c.shsp	10	2	22	c.shsp x10, 22(sp)	0x83e8	0xf863	0x8060	c.shsp
2	8620	c.shsp	10	2	24	c.shsp x10, 24(sp)	0x84e8	0xf863	0x8060	c.shsp
2	8621	c.shsp	10	2	26	c.shsp x10, 26(sp)	0x85e8	0xf863	0x8060	c.shsp
2	8622	c.shsp	10	2	28	c.shsp x10, 28(sp)	0x86e8	0xf863	0x8060	c.shsp
2	8623	c.shsp	10	2	30	c.shsp x10, 30(sp)	0x87e8	0xf863	0x8060	c.shsp
2	8624	c.shsp	11	2	0	c.shsp x11, 0(sp)	0x806c	0xf863	0x8060	c.shsp
2	8625	c.shsp	11	2	2	c.shsp x11, 2(sp)	0x816c	0xf863	0x8060	c.shsp
2	8626	c.shsp	11	2	4	c.shsp x11, 4(sp)	0x826c	0xf863	0x8060	c.shsp
2	8627	c.shsp	11	2	6	c.shsp x11, 6(sp)	0x836c	0xf863	0x8060	c.shsp
2	8628	c.shsp	11	2	8	c.shsp x11, 8(sp)	0x846c	0xf863	0x8060	c.shsp
2	8629	c.shsp	11	2	10	c.shsp x11, 10(sp)	0x856c	0xf863	0x8060	c.shsp
2	8630	c.shsp	11	2	12	c.shsp x11, 12(sp)	0x866c	0xf863	0x8060	c.shsp
2	8631	c.shsp	11	2	14	c.shsp x11, 14(sp)	0x876c	0xf863	0x8060	c.shsp
2	8632	c.shsp	11	2	16	c.shsp x11, 16(sp)	0x80ec	0xf863	0x8060	c.shsp
2	8633	c.shsp	11	2	18	c.shsp x11, 18(sp)	0x81ec	0xf863	0x8060	c.shsp
2	8634	c.shsp	11	2	20	c.shsp x11, 20(sp)	0x82ec	0xf863	0x8060	c.shsp
2	8635	c.shsp	11	2	22	c.shsp x11, 22(sp)	0x83ec	0xf863	0x8060	c.shsp
2	8636	c.shsp	11	2	24	c.shsp x11, 24(sp)	0x84ec	0xf863	0x8060	c.shsp
2	8637	c.shsp	11	2	26	c.shsp x11, 26(sp)	0x85ec	0xf863	0x8060	c.shsp
2	8638	c.shsp	11	2	28	c.shsp x11, 28(sp)	0x86ec	0xf863	0x8060	c.shsp
2	8639	c.shsp	11	2	30	c.shsp x11, 30(sp)	0x87ec	0xf863	0x8060	c.shsp
2	8640	c.shsp	12	2	0	c.shsp x12, 0(sp)	0x8070	0xf863	0x8060	c.shsp
2	8641	c.shsp	12	2	2	c.shsp x12, 2(sp)	0x8170	0xf863	0x8060	c.shsp
2	8642	c.shsp	12	2	4	c.shsp x12, 4(sp)	0x8270	0xf863	0x8060	c.shsp
2	8643	c.shsp	12	2	6	c.shsp x12, 6(sp)	0x8370	0xf863	0x8060	c.shsp
2	8644	c.shsp	12	2	8	c.shsp x12, 8(sp)	0x8470	0xf863	0x8060	c.shsp
2	8645	c.shsp	12	2	10	c.shsp x12, 10(sp)	0x8570	0xf863	0x8060	c.shsp
2	8646	c.shsp	12	2	12	c.shsp x12, 12(sp)	0x8670	0xf863	0x8060	c.shsp
2	8647	c.shsp	12	2	14	c.shsp x12, 14(sp)	0x8770	0xf863	0x8060	c.shsp
2	8648	c.shsp	12	2	16	c.shsp x12, 16(sp)	0x80f0	0xf863	0x8060	c.shsp
2	8649	c.shsp	12	2	18	c.shsp x12, 18(sp)	0x81f0	0xf863	0x8060	c.shsp
2	8650	c.shsp	12	2	20	c.shsp x12, 20(sp)	0x82f0	0xf863	0x8060	c.shsp
2	8651	c.shsp	12	2	22	c.shsp x12, 22(sp)	0x83f0	0xf863	0x8060	c.shsp
2	8652	c.shsp	12	2	24	c.shsp x12, 24(sp)	0x84f0	0xf863	0x8060	c.shsp
2	8653	c.shsp	12	2	26	c.shsp x12, 26(sp)	0x85f0	0xf863	0x8060	c.shsp
2	8654	c.shsp	12	2	28	c.shsp x12, 28(sp)	0x86f0	0xf863	0x8060	c.shsp
2	8655	c.shsp	12	2	30	c.shsp x12, 30(sp)	0x87f0	0xf863	0x8060	c.shsp
2	8656	c.shsp	13	2	0	c.shsp x13, 0(sp)	0x8074	0xf863	0x8060	c.shsp
2	8657	c.shsp	13	2	2	c.shsp x13, 2(sp)	0x8174	0xf863	0x8060	c.shsp
2	8658	c.shsp	13	2	4	c.shsp x13, 4(sp)	0x8274	0xf863	0x8060	c.shsp
2	8659	c.shsp	13	2	6	c.shsp x13, 6(sp)	0x8374	0xf863	0x8060	c.shsp
2	8660	c.shsp	13	2	8	c.shsp x13, 8(sp)	0x8474	0xf863	0x8060	c.shsp
2	8661	c.shsp	13	2	10	c.shsp x13, 10(sp)	0x8574	0xf863	0x8060	c.shsp
2	8662	c.shsp	13	2	12	c.shsp x13, 12(sp)	0x8674	0xf863	0x8060	c.shsp
2	8663	c.shsp	13	2	14	c.shsp x13, 14(sp)	0x8774	0xf863	0x8060	c.shsp
2	8664	c.shsp	13	2	16	c.shsp x13, 16(sp)	0x80f4	0xf863	0x8060	c.shsp
2	8665	c.shsp	13	2	18	c.shsp x13, 18(sp)	0x81f4	0xf863	0x8060	c.shsp
2	8666	c.shsp	13	2	20	c.shsp x13, 20(sp)	0x82f4	0xf863	0x8060	c.shsp
2	8667	c.shsp	13	2	22	c.shsp x13, 22(sp)	0x83f4	0xf863	0x8060	c.shsp
2	8668	c.shsp	13	2	24	c.shsp x13, 24(sp)	0x84f4	0xf863	0x8060	c.shsp
2	8669	c.shsp	13	2	26	c.shsp x13, 26(sp)	0x85f4	0xf863	0x8060	c.shsp
2	8670	c.shsp	13	2	28	c.shsp x13, 28(sp)	0x86f4	0xf863	0x8060	c.shsp
2	8671	c.shsp	13	2	30	c.shsp x13, 30(sp)	0x87f4	0xf863	0x8060	c.shsp
2	8672	c.shsp	14	2	0	c.shsp x14, 0(sp)	0x8078	0xf863	0x8060	c.shsp
2	8673	c.shsp	14	2	2	c.shsp x14, 2(sp)	0x8178	0xf863	0x8060	c.shsp
2	8674	c.shsp	14	2	4	c.shsp x14, 4(sp)	0x8278	0xf863	0x8060	c.shsp
2	8675	c.shsp	14	2	6	c.shsp x14, 6(sp)	0x8378	0xf863	0x8060	c.shsp
2	8676	c.shsp	14	2	8	c.shsp x14, 8(sp)	0x8478	0xf863	0x8060	c.shsp
2	8677	c.shsp	14	2	10	c.shsp x14, 10(sp)	0x8578	0xf863	0x8060	c.shsp
2	8678	c.shsp	14	2	12	c.shsp x14, 12(sp)	0x8678	0xf863	0x8060	c.shsp
2	8679	c.shsp	14	2	14	c.shsp x14, 14(sp)	0x8778	0xf863	0x8060	c.shsp
2	8680	c.shsp	14	2	16	c.shsp x14, 16(sp)	0x80f8	0xf863	0x8060	c.shsp
2	8681	c.shsp	14	2	18	c.shsp x14, 18(sp)	0x81f8	0xf863	0x8060	c.shsp
2	8682	c.shsp	14	2	20	c.shsp x14, 20(sp)	0x82f8	0xf863	0x8060	c.shsp
2	8683	c.shsp	14	2	22	c.shsp x14, 22(sp)	0x83f8	0xf863	0x8060	c.shsp
2	8684	c.shsp	14	2	24	c.shsp x14, 24(sp)	0x84f8	0xf863	0x8060	c.shsp
2	8685	c.shsp	14	2	26	c.shsp x14, 26(sp)	0x85f8	0xf863	0x8060	c.shsp
2	8686	c.shsp	14	2	28	c.shsp x14, 28(sp)	0x86f8	0xf863	0x8060	c.shsp
2	8687	c.shsp	14	2	30	c.shsp x14, 30(sp)	0x87f8	0xf863	0x8060	c.shsp
2	8688	c.shsp	15	2	0	c.shsp x15, 0(sp)	0x807c	0xf863	0x8060	c.shsp
2	8689	c.shsp	15	2	2	c.shsp x15, 2(sp)	0x817c	0xf863	0x8060	c.shsp
2	8690	c.shsp	15	2	4	c.shsp x15, 4(sp)	0x827c	0xf863	0x8060	c.shsp
2	8691	c.shsp	15	2	6	c.shsp x15, 6(sp)	0x837c	0xf863	0x8060	c.shsp
2	8692	c.shsp	15	2	8	c.shsp x15, 8(sp)	0x847c	0xf863	0x8060	c.shsp
2	8693	c.shsp	15	2	10	c.shsp x15, 10(sp)	0x857c	0xf863	0x8060	c.shsp
2	8694	c.shsp	15	2	12	c.shsp x15, 12(sp)	0x867c	0xf863	0x8060	c.shsp
2	8695	c.shsp	15	2	14	c.shsp x15, 14(sp)	0x877c	0xf863	0x8060	c.shsp
2	8696	c.shsp	15	2	16	c.shsp x15, 16(sp)	0x80fc	0xf863	0x8060	c.shsp
2	8697	c.shsp	15	2	18	c.shsp x15, 18(sp)	0x81fc	0xf863	0x8060	c.shsp
2	8698	c.shsp	15	2	20	c.shsp x15, 20(sp)	0x82fc	0xf863	0x8060	c.shsp
2	8699	c.shsp	15	2	22	c.shsp x15, 22(sp)	0x83fc	0xf863	0x8060	c.shsp
2	8700	c.shsp	15	2	24	c.shsp x15, 24(sp)	0x84fc	0xf863	0x8060	c.shsp
2	8701	c.shsp	15	2	26	c.shsp x15, 26(sp)	0x85fc	0xf863	0x8060	c.shsp
2	8702	c.shsp	15	2	28	c.shsp x15, 28(sp)	0x86fc	0xf863	0x8060	c.shsp
2	8703	c.shsp	15	2	30	c.shsp x15, 30(sp)	0x87fc	0xf863	0x8060	c.shsp
