region_id	implementation_group	side_id	path	file_sha256	start_offset	end_offset_exclusive	byte_count	section_or_region	classification	semantic_mapping_id	static_candidate_ids	coverage_status	evidence_ids	notes
L1-REG-OURS-tmp__phase3c-driver__frozen-ours-primary__bin__c++-0001	GCC-DRIVER	OURS	tmp/phase3c-driver/frozen-ours-primary/bin/riscv32-wch-elf-c++	b244b4084b0eb362c0989b2e7b792f117b56de336135014f3d5901dea99506b8	0	32	32	mach_header_64	SIGNATURE/UUID/BUILD-METADATA	L1-FEAT-DRIVER	L1-STATIC-XW,L1-STATIC-XDIAG,L1-STATIC-ZSTD-SPEC	COMPLETE-TILING-UNRESOLVED	L1-macho-regions	ownership=PRIMARY; file_size=2192824; region_sha256=08954c9497afe8aea0829ceb1816408e95f9e85573f06eea750fecd84c9d8947
L1-REG-OURS-tmp__phase3c-driver__frozen-ours-primary__bin__c++-0002	GCC-DRIVER	OURS	tmp/phase3c-driver/frozen-ours-primary/bin/riscv32-wch-elf-c++	b244b4084b0eb362c0989b2e7b792f117b56de336135014f3d5901dea99506b8	32	104	72	LC_SEGMENT_64[0]	SIGNATURE/UUID/BUILD-METADATA	L1-FEAT-DRIVER	L1-STATIC-XW,L1-STATIC-XDIAG,L1-STATIC-ZSTD-SPEC	COMPLETE-TILING-UNRESOLVED	L1-macho-regions	ownership=PRIMARY; file_size=2192824; region_sha256=38432a8fbcbe1ae9fdf9263fe1e4e948de98131833cc5e5333f375dcf5f6333f
L1-REG-OURS-tmp__phase3c-driver__frozen-ours-primary__bin__c++-0003	GCC-DRIVER	OURS	tmp/phase3c-driver/frozen-ours-primary/bin/riscv32-wch-elf-c++	b244b4084b0eb362c0989b2e7b792f117b56de336135014f3d5901dea99506b8	104	736	632	LC_SEGMENT_64[1]	SIGNATURE/UUID/BUILD-METADATA	L1-FEAT-DRIVER	L1-STATIC-XW,L1-STATIC-XDIAG,L1-STATIC-ZSTD-SPEC	COMPLETE-TILING-UNRESOLVED	L1-macho-regions	ownership=PRIMARY; file_size=2192824; region_sha256=8d19249e142f595f1a8fe6a737296fa058d08966c60132588258ebd3345e0298
L1-REG-OURS-tmp__phase3c-driver__frozen-ours-primary__bin__c++-0004	GCC-DRIVER	OURS	tmp/phase3c-driver/frozen-ours-primary/bin/riscv32-wch-elf-c++	b244b4084b0eb362c0989b2e7b792f117b56de336135014f3d5901dea99506b8	736	968	232	LC_SEGMENT_64[2]	SIGNATURE/UUID/BUILD-METADATA	L1-FEAT-DRIVER	L1-STATIC-XW,L1-STATIC-XDIAG,L1-STATIC-ZSTD-SPEC	COMPLETE-TILING-UNRESOLVED	L1-macho-regions	ownership=PRIMARY; file_size=2192824; region_sha256=ea9ca25a78fc2ff4f02dfe4a79e1b5fdbbbf9159763be3c3a1b9a955fe420900
L1-REG-OURS-tmp__phase3c-driver__frozen-ours-primary__bin__c++-0005	GCC-DRIVER	OURS	tmp/phase3c-driver/frozen-ours-primary/bin/riscv32-wch-elf-c++	b244b4084b0eb362c0989b2e7b792f117b56de336135014f3d5901dea99506b8	968	1280	312	LC_SEGMENT_64[3]	SIGNATURE/UUID/BUILD-METADATA	L1-FEAT-DRIVER	L1-STATIC-XW,L1-STATIC-XDIAG,L1-STATIC-ZSTD-SPEC	COMPLETE-TILING-UNRESOLVED	L1-macho-regions	ownership=PRIMARY; file_size=2192824; region_sha256=84ac7fae8149e4bb7ed8115342fa74881263b37850225bfefd5abd285efbe4d0
L1-REG-OURS-tmp__phase3c-driver__frozen-ours-primary__bin__c++-0006	GCC-DRIVER	OURS	tmp/phase3c-driver/frozen-ours-primary/bin/riscv32-wch-elf-c++	b244b4084b0eb362c0989b2e7b792f117b56de336135014f3d5901dea99506b8	1280	1352	72	LC_SEGMENT_64[4]	SIGNATURE/UUID/BUILD-METADATA	L1-FEAT-DRIVER	L1-STATIC-XW,L1-STATIC-XDIAG,L1-STATIC-ZSTD-SPEC	COMPLETE-TILING-UNRESOLVED	L1-macho-regions	ownership=PRIMARY; file_size=2192824; region_sha256=2bf6dad1cc0696920e9f2a872858390fee042dec7eff5d8505f64f64db91deac
L1-REG-OURS-tmp__phase3c-driver__frozen-ours-primary__bin__c++-0007	GCC-DRIVER	OURS	tmp/phase3c-driver/frozen-ours-primary/bin/riscv32-wch-elf-c++	b244b4084b0eb362c0989b2e7b792f117b56de336135014f3d5901dea99506b8	1352	1368	16	LC_DYLD_CHAINED_FIXUPS[5]	SIGNATURE/UUID/BUILD-METADATA	L1-FEAT-DRIVER	L1-STATIC-XW,L1-STATIC-XDIAG,L1-STATIC-ZSTD-SPEC	COMPLETE-TILING-UNRESOLVED	L1-macho-regions	ownership=PRIMARY; file_size=2192824; region_sha256=0b066c8f9dcb146311b6bb677532d2b3c729c8bf04aa59480dc2e3ecd831cfd9
L1-REG-OURS-tmp__phase3c-driver__frozen-ours-primary__bin__c++-0008	GCC-DRIVER	OURS	tmp/phase3c-driver/frozen-ours-primary/bin/riscv32-wch-elf-c++	b244b4084b0eb362c0989b2e7b792f117b56de336135014f3d5901dea99506b8	1368	1384	16	LC_DYLD_EXPORTS_TRIE[6]	SIGNATURE/UUID/BUILD-METADATA	L1-FEAT-DRIVER	L1-STATIC-XW,L1-STATIC-XDIAG,L1-STATIC-ZSTD-SPEC	COMPLETE-TILING-UNRESOLVED	L1-macho-regions	ownership=PRIMARY; file_size=2192824; region_sha256=b41f80f40c7873af49d337b93a1c03143a6f49db21c3bd843e94237c920357a3
L1-REG-OURS-tmp__phase3c-driver__frozen-ours-primary__bin__c++-0009	GCC-DRIVER	OURS	tmp/phase3c-driver/frozen-ours-primary/bin/riscv32-wch-elf-c++	b244b4084b0eb362c0989b2e7b792f117b56de336135014f3d5901dea99506b8	1384	1408	24	LC_SYMTAB[7]	SIGNATURE/UUID/BUILD-METADATA	L1-FEAT-DRIVER	L1-STATIC-XW,L1-STATIC-XDIAG,L1-STATIC-ZSTD-SPEC	COMPLETE-TILING-UNRESOLVED	L1-macho-regions	ownership=PRIMARY; file_size=2192824; region_sha256=2057ded5b6e50f4a926a49b952888e83fbd4e6ff0826ea2e57b696a9bce51a0d
L1-REG-OURS-tmp__phase3c-driver__frozen-ours-primary__bin__c++-0010	GCC-DRIVER	OURS	tmp/phase3c-driver/frozen-ours-primary/bin/riscv32-wch-elf-c++	b244b4084b0eb362c0989b2e7b792f117b56de336135014f3d5901dea99506b8	1408	1488	80	LC_DYSYMTAB[8]	SIGNATURE/UUID/BUILD-METADATA	L1-FEAT-DRIVER	L1-STATIC-XW,L1-STATIC-XDIAG,L1-STATIC-ZSTD-SPEC	COMPLETE-TILING-UNRESOLVED	L1-macho-regions	ownership=PRIMARY; file_size=2192824; region_sha256=26b3acc2094e0e319945ce5ce739260e77f74fa8ce2c0886acf16fdbb67cd373
L1-REG-OURS-tmp__phase3c-driver__frozen-ours-primary__bin__c++-0011	GCC-DRIVER	OURS	tmp/phase3c-driver/frozen-ours-primary/bin/riscv32-wch-elf-c++	b244b4084b0eb362c0989b2e7b792f117b56de336135014f3d5901dea99506b8	1488	1520	32	LC_LOAD_DYLINKER[9]	PACKAGING/DEPENDENCY	L1-FEAT-DRIVER	L1-STATIC-XW,L1-STATIC-XDIAG,L1-STATIC-ZSTD-SPEC	COMPLETE-TILING-UNRESOLVED	L1-macho-regions	ownership=PRIMARY; file_size=2192824; region_sha256=44316cf4f366f41aa06996613c44af75e34479362928faf61a168c2a203b5999
L1-REG-OURS-tmp__phase3c-driver__frozen-ours-primary__bin__c++-0012	GCC-DRIVER	OURS	tmp/phase3c-driver/frozen-ours-primary/bin/riscv32-wch-elf-c++	b244b4084b0eb362c0989b2e7b792f117b56de336135014f3d5901dea99506b8	1520	1544	24	LC_UUID[10]	SIGNATURE/UUID/BUILD-METADATA	L1-FEAT-DRIVER	L1-STATIC-XW,L1-STATIC-XDIAG,L1-STATIC-ZSTD-SPEC	COMPLETE-TILING-UNRESOLVED	L1-macho-regions	ownership=PRIMARY; file_size=2192824; region_sha256=da6cd5e82fca85890c1f20291a838dfedb9943dbd0af70aae8e83b387302e21e
L1-REG-OURS-tmp__phase3c-driver__frozen-ours-primary__bin__c++-0013	GCC-DRIVER	OURS	tmp/phase3c-driver/frozen-ours-primary/bin/riscv32-wch-elf-c++	b244b4084b0eb362c0989b2e7b792f117b56de336135014f3d5901dea99506b8	1544	1576	32	LC_BUILD_VERSION[11]	SIGNATURE/UUID/BUILD-METADATA	L1-FEAT-DRIVER	L1-STATIC-XW,L1-STATIC-XDIAG,L1-STATIC-ZSTD-SPEC	COMPLETE-TILING-UNRESOLVED	L1-macho-regions	ownership=PRIMARY; file_size=2192824; region_sha256=06be0acc3151d0cb3a5720312a0ae05bf2376d394c98194de6f77801b59ab2e0
L1-REG-OURS-tmp__phase3c-driver__frozen-ours-primary__bin__c++-0014	GCC-DRIVER	OURS	tmp/phase3c-driver/frozen-ours-primary/bin/riscv32-wch-elf-c++	b244b4084b0eb362c0989b2e7b792f117b56de336135014f3d5901dea99506b8	1576	1592	16	LC_SOURCE_VERSION[12]	SIGNATURE/UUID/BUILD-METADATA	L1-FEAT-DRIVER	L1-STATIC-XW,L1-STATIC-XDIAG,L1-STATIC-ZSTD-SPEC	COMPLETE-TILING-UNRESOLVED	L1-macho-regions	ownership=PRIMARY; file_size=2192824; region_sha256=01a60f1db7db041298aa3e269ff5ebea951aa6977963e4ab563905da906d2b82
L1-REG-OURS-tmp__phase3c-driver__frozen-ours-primary__bin__c++-0015	GCC-DRIVER	OURS	tmp/phase3c-driver/frozen-ours-primary/bin/riscv32-wch-elf-c++	b244b4084b0eb362c0989b2e7b792f117b56de336135014f3d5901dea99506b8	1592	1616	24	LC_MAIN[13]	SIGNATURE/UUID/BUILD-METADATA	L1-FEAT-DRIVER	L1-STATIC-XW,L1-STATIC-XDIAG,L1-STATIC-ZSTD-SPEC	COMPLETE-TILING-UNRESOLVED	L1-macho-regions	ownership=PRIMARY; file_size=2192824; region_sha256=dfb2e7c262c93bdbe3471ef2359798698f758e2975ea2362dfbdb82f9dfcd602
L1-REG-OURS-tmp__phase3c-driver__frozen-ours-primary__bin__c++-0016	GCC-DRIVER	OURS	tmp/phase3c-driver/frozen-ours-primary/bin/riscv32-wch-elf-c++	b244b4084b0eb362c0989b2e7b792f117b56de336135014f3d5901dea99506b8	1616	1672	56	LC_LOAD_DYLIB[14]	PACKAGING/DEPENDENCY	L1-FEAT-DRIVER	L1-STATIC-XW,L1-STATIC-XDIAG,L1-STATIC-ZSTD-SPEC	COMPLETE-TILING-UNRESOLVED	L1-macho-regions	ownership=PRIMARY; file_size=2192824; region_sha256=1a489c8b895a1c5fa426d2f6bdf524fa8d9c8227923ea0a7bb3a194fd92823ea
L1-REG-OURS-tmp__phase3c-driver__frozen-ours-primary__bin__c++-0017	GCC-DRIVER	OURS	tmp/phase3c-driver/frozen-ours-primary/bin/riscv32-wch-elf-c++	b244b4084b0eb362c0989b2e7b792f117b56de336135014f3d5901dea99506b8	1672	1720	48	LC_LOAD_DYLIB[15]	PACKAGING/DEPENDENCY	L1-FEAT-DRIVER	L1-STATIC-XW,L1-STATIC-XDIAG,L1-STATIC-ZSTD-SPEC	COMPLETE-TILING-UNRESOLVED	L1-macho-regions	ownership=PRIMARY; file_size=2192824; region_sha256=7745a4d4639b8f1de3e38beb445632a5df37fca6950234b1d83a4278c5dd4c0e
L1-REG-OURS-tmp__phase3c-driver__frozen-ours-primary__bin__c++-0018	GCC-DRIVER	OURS	tmp/phase3c-driver/frozen-ours-primary/bin/riscv32-wch-elf-c++	b244b4084b0eb362c0989b2e7b792f117b56de336135014f3d5901dea99506b8	1720	1776	56	LC_LOAD_DYLIB[16]	PACKAGING/DEPENDENCY	L1-FEAT-DRIVER	L1-STATIC-XW,L1-STATIC-XDIAG,L1-STATIC-ZSTD-SPEC	COMPLETE-TILING-UNRESOLVED	L1-macho-regions	ownership=PRIMARY; file_size=2192824; region_sha256=ffa45af4ce6b7780727be9b2f2f9ca0b35932363e311b247d840ef9da1bdc1f5
L1-REG-OURS-tmp__phase3c-driver__frozen-ours-primary__bin__c++-0019	GCC-DRIVER	OURS	tmp/phase3c-driver/frozen-ours-primary/bin/riscv32-wch-elf-c++	b244b4084b0eb362c0989b2e7b792f117b56de336135014f3d5901dea99506b8	1776	1792	16	LC_FUNCTION_STARTS[17]	SIGNATURE/UUID/BUILD-METADATA	L1-FEAT-DRIVER	L1-STATIC-XW,L1-STATIC-XDIAG,L1-STATIC-ZSTD-SPEC	COMPLETE-TILING-UNRESOLVED	L1-macho-regions	ownership=PRIMARY; file_size=2192824; region_sha256=2f5fa838acc64aea7cb290d200989688ce44ad356b6b21ebad703c4ef0ddeecf
L1-REG-OURS-tmp__phase3c-driver__frozen-ours-primary__bin__c++-0020	GCC-DRIVER	OURS	tmp/phase3c-driver/frozen-ours-primary/bin/riscv32-wch-elf-c++	b244b4084b0eb362c0989b2e7b792f117b56de336135014f3d5901dea99506b8	1792	1808	16	LC_DATA_IN_CODE[18]	SIGNATURE/UUID/BUILD-METADATA	L1-FEAT-DRIVER	L1-STATIC-XW,L1-STATIC-XDIAG,L1-STATIC-ZSTD-SPEC	COMPLETE-TILING-UNRESOLVED	L1-macho-regions	ownership=PRIMARY; file_size=2192824; region_sha256=0d48df73e9e9c3c93e35d849055cd0b81e4337106a0b81bd00b04bc866e9a7d1
L1-REG-OURS-tmp__phase3c-driver__frozen-ours-primary__bin__c++-0021	GCC-DRIVER	OURS	tmp/phase3c-driver/frozen-ours-primary/bin/riscv32-wch-elf-c++	b244b4084b0eb362c0989b2e7b792f117b56de336135014f3d5901dea99506b8	1808	1824	16	LC_CODE_SIGNATURE[19]	SIGNATURE/UUID/BUILD-METADATA	L1-FEAT-DRIVER	L1-STATIC-XW,L1-STATIC-XDIAG,L1-STATIC-ZSTD-SPEC	COMPLETE-TILING-UNRESOLVED	L1-macho-regions	ownership=PRIMARY; file_size=2192824; region_sha256=a373db9f87171a31e6a3d656598adf88da2b87fe3f8cf682300e327251cc4b39
L1-REG-OURS-tmp__phase3c-driver__frozen-ours-primary__bin__c++-0022	GCC-DRIVER	OURS	tmp/phase3c-driver/frozen-ours-primary/bin/riscv32-wch-elf-c++	b244b4084b0eb362c0989b2e7b792f117b56de336135014f3d5901dea99506b8	1824	1864	40	segment:__TEXT	UNRESOLVED	L1-FEAT-DRIVER	L1-STATIC-XW,L1-STATIC-XDIAG,L1-STATIC-ZSTD-SPEC	COMPLETE-TILING-UNRESOLVED	L1-macho-regions	ownership=PRIMARY; file_size=2192824; region_sha256=2c34ce1df23b838c5abf2a7f6437cca3d3067ed509ff25f11df6b11b582b51eb
L1-REG-OURS-tmp__phase3c-driver__frozen-ours-primary__bin__c++-0023	GCC-DRIVER	OURS	tmp/phase3c-driver/frozen-ours-primary/bin/riscv32-wch-elf-c++	b244b4084b0eb362c0989b2e7b792f117b56de336135014f3d5901dea99506b8	1864	730936	729072	section:__TEXT,__text	FUNCTIONAL-CODE	L1-FEAT-DRIVER	L1-STATIC-XW,L1-STATIC-XDIAG,L1-STATIC-ZSTD-SPEC	COMPLETE-TILING-UNRESOLVED	L1-macho-regions	ownership=PRIMARY; file_size=2192824; region_sha256=64749e364f19ddec2016cbdedb54716482a48b2a219f326963c930ae9f0d44c0
L1-REG-OURS-tmp__phase3c-driver__frozen-ours-primary__bin__c++-0024	GCC-DRIVER	OURS	tmp/phase3c-driver/frozen-ours-primary/bin/riscv32-wch-elf-c++	b244b4084b0eb362c0989b2e7b792f117b56de336135014f3d5901dea99506b8	730936	732748	1812	section:__TEXT,__stubs	UNRESOLVED	L1-FEAT-DRIVER	L1-STATIC-XW,L1-STATIC-XDIAG,L1-STATIC-ZSTD-SPEC	COMPLETE-TILING-UNRESOLVED	L1-macho-regions	ownership=PRIMARY; file_size=2192824; region_sha256=db58e7d8c5570e87dcf4b421a7aa871b77d077d324e4c52f90b7a2194dbd0419
L1-REG-OURS-tmp__phase3c-driver__frozen-ours-primary__bin__c++-0025	GCC-DRIVER	OURS	tmp/phase3c-driver/frozen-ours-primary/bin/riscv32-wch-elf-c++	b244b4084b0eb362c0989b2e7b792f117b56de336135014f3d5901dea99506b8	732748	732764	16	section:__TEXT,__init_offsets	UNRESOLVED	L1-FEAT-DRIVER	L1-STATIC-XW,L1-STATIC-XDIAG,L1-STATIC-ZSTD-SPEC	COMPLETE-TILING-UNRESOLVED	L1-macho-regions	ownership=PRIMARY; file_size=2192824; region_sha256=93cfc09617c7035ee2fe5e43c8198c97a84c20d01aed5c29f2ba0ebf65e133a8
L1-REG-OURS-tmp__phase3c-driver__frozen-ours-primary__bin__c++-0026	GCC-DRIVER	OURS	tmp/phase3c-driver/frozen-ours-primary/bin/riscv32-wch-elf-c++	b244b4084b0eb362c0989b2e7b792f117b56de336135014f3d5901dea99506b8	732764	732768	4	segment:__TEXT	UNRESOLVED	L1-FEAT-DRIVER	L1-STATIC-XW,L1-STATIC-XDIAG,L1-STATIC-ZSTD-SPEC	COMPLETE-TILING-UNRESOLVED	L1-macho-regions	ownership=PRIMARY; file_size=2192824; region_sha256=df3f619804a92fdb4057192dc43dd748ea778adc52bc498ce80524c014b81119
L1-REG-OURS-tmp__phase3c-driver__frozen-ours-primary__bin__c++-0027	GCC-DRIVER	OURS	tmp/phase3c-driver/frozen-ours-primary/bin/riscv32-wch-elf-c++	b244b4084b0eb362c0989b2e7b792f117b56de336135014f3d5901dea99506b8	732768	1084960	352192	section:__TEXT,__const	FUNCTIONAL-DATA-TABLE	L1-FEAT-DRIVER	L1-STATIC-XW,L1-STATIC-XDIAG,L1-STATIC-ZSTD-SPEC	COMPLETE-TILING-UNRESOLVED	L1-macho-regions	ownership=PRIMARY; file_size=2192824; region_sha256=20c502065189c23cf9c61fd40b0200831b921a0003d9dcf3d44acf99a2e3f0dd
L1-REG-OURS-tmp__phase3c-driver__frozen-ours-primary__bin__c++-0028	GCC-DRIVER	OURS	tmp/phase3c-driver/frozen-ours-primary/bin/riscv32-wch-elf-c++	b244b4084b0eb362c0989b2e7b792f117b56de336135014f3d5901dea99506b8	1084960	1419133	334173	section:__TEXT,__cstring	FUNCTIONAL-DATA-TABLE	L1-FEAT-DRIVER	L1-STATIC-XW,L1-STATIC-XDIAG,L1-STATIC-ZSTD-SPEC	COMPLETE-TILING-UNRESOLVED	L1-macho-regions	ownership=PRIMARY; file_size=2192824; region_sha256=fd96f16b7ff01f682585235fe6f8cc0de48ad2ee432634de762248154646862e
L1-REG-OURS-tmp__phase3c-driver__frozen-ours-primary__bin__c++-0029	GCC-DRIVER	OURS	tmp/phase3c-driver/frozen-ours-primary/bin/riscv32-wch-elf-c++	b244b4084b0eb362c0989b2e7b792f117b56de336135014f3d5901dea99506b8	1419133	1419136	3	segment:__TEXT	UNRESOLVED	L1-FEAT-DRIVER	L1-STATIC-XW,L1-STATIC-XDIAG,L1-STATIC-ZSTD-SPEC	COMPLETE-TILING-UNRESOLVED	L1-macho-regions	ownership=PRIMARY; file_size=2192824; region_sha256=709e80c88487a2411e1ee4dfb9f22a861492d20c4765150c0c794abd70f8147c
L1-REG-OURS-tmp__phase3c-driver__frozen-ours-primary__bin__c++-0030	GCC-DRIVER	OURS	tmp/phase3c-driver/frozen-ours-primary/bin/riscv32-wch-elf-c++	b244b4084b0eb362c0989b2e7b792f117b56de336135014f3d5901dea99506b8	1419136	1428312	9176	section:__TEXT,__unwind_info	FUNCTIONAL-DATA-TABLE	L1-FEAT-DRIVER	L1-STATIC-XW,L1-STATIC-XDIAG,L1-STATIC-ZSTD-SPEC	COMPLETE-TILING-UNRESOLVED	L1-macho-regions	ownership=PRIMARY; file_size=2192824; region_sha256=d3ff17028aede3395121d6c2b076eb6aca19647512a59a4897127401f61f0c9d
L1-REG-OURS-tmp__phase3c-driver__frozen-ours-primary__bin__c++-0031	GCC-DRIVER	OURS	tmp/phase3c-driver/frozen-ours-primary/bin/riscv32-wch-elf-c++	b244b4084b0eb362c0989b2e7b792f117b56de336135014f3d5901dea99506b8	1428312	1488100	59788	section:__TEXT,__eh_frame	FUNCTIONAL-DATA-TABLE	L1-FEAT-DRIVER	L1-STATIC-XW,L1-STATIC-XDIAG,L1-STATIC-ZSTD-SPEC	COMPLETE-TILING-UNRESOLVED	L1-macho-regions	ownership=PRIMARY; file_size=2192824; region_sha256=2f6b5cf650286ca68a8df381b5622bbf554a28a8de9d858398458992ddc35704
L1-REG-OURS-tmp__phase3c-driver__frozen-ours-primary__bin__c++-0032	GCC-DRIVER	OURS	tmp/phase3c-driver/frozen-ours-primary/bin/riscv32-wch-elf-c++	b244b4084b0eb362c0989b2e7b792f117b56de336135014f3d5901dea99506b8	1488100	1490944	2844	segment:__TEXT	UNRESOLVED	L1-FEAT-DRIVER	L1-STATIC-XW,L1-STATIC-XDIAG,L1-STATIC-ZSTD-SPEC	COMPLETE-TILING-UNRESOLVED	L1-macho-regions	ownership=PRIMARY; file_size=2192824; region_sha256=86a4465859cb8861d43530d92028ddca1fdf26a1e3fa2911b4c83a1451115958
L1-REG-OURS-tmp__phase3c-driver__frozen-ours-primary__bin__c++-0033	GCC-DRIVER	OURS	tmp/phase3c-driver/frozen-ours-primary/bin/riscv32-wch-elf-c++	b244b4084b0eb362c0989b2e7b792f117b56de336135014f3d5901dea99506b8	1490944	1492384	1440	section:__DATA_CONST,__got	FUNCTIONAL-DATA-TABLE	L1-FEAT-DRIVER	L1-STATIC-XW,L1-STATIC-XDIAG,L1-STATIC-ZSTD-SPEC	COMPLETE-TILING-UNRESOLVED	L1-macho-regions	ownership=PRIMARY; file_size=2192824; region_sha256=ae03c576bd5a6e53357ca6cc25e6223122cace1798e64c329af57e5f269592f8
L1-REG-OURS-tmp__phase3c-driver__frozen-ours-primary__bin__c++-0034	GCC-DRIVER	OURS	tmp/phase3c-driver/frozen-ours-primary/bin/riscv32-wch-elf-c++	b244b4084b0eb362c0989b2e7b792f117b56de336135014f3d5901dea99506b8	1492384	1745912	253528	section:__DATA_CONST,__const	FUNCTIONAL-DATA-TABLE	L1-FEAT-DRIVER	L1-STATIC-XW,L1-STATIC-XDIAG,L1-STATIC-ZSTD-SPEC	COMPLETE-TILING-UNRESOLVED	L1-macho-regions	ownership=PRIMARY; file_size=2192824; region_sha256=9d60d56d845e52864140373e437f97fcd12841722ebeb89427f561bd408731e2
L1-REG-OURS-tmp__phase3c-driver__frozen-ours-primary__bin__c++-0035	GCC-DRIVER	OURS	tmp/phase3c-driver/frozen-ours-primary/bin/riscv32-wch-elf-c++	b244b4084b0eb362c0989b2e7b792f117b56de336135014f3d5901dea99506b8	1745912	1753088	7176	segment:__DATA_CONST	UNRESOLVED	L1-FEAT-DRIVER	L1-STATIC-XW,L1-STATIC-XDIAG,L1-STATIC-ZSTD-SPEC	COMPLETE-TILING-UNRESOLVED	L1-macho-regions	ownership=PRIMARY; file_size=2192824; region_sha256=165ca75fca58a80c0267ba8b091fd3acffac21765032b201bfc4c29b663b7351
L1-REG-OURS-tmp__phase3c-driver__frozen-ours-primary__bin__c++-0036	GCC-DRIVER	OURS	tmp/phase3c-driver/frozen-ours-primary/bin/riscv32-wch-elf-c++	b244b4084b0eb362c0989b2e7b792f117b56de336135014f3d5901dea99506b8	1753088	1755856	2768	section:__DATA,__data	FUNCTIONAL-DATA-TABLE	L1-FEAT-DRIVER	L1-STATIC-XW,L1-STATIC-XDIAG,L1-STATIC-ZSTD-SPEC	COMPLETE-TILING-UNRESOLVED	L1-macho-regions	ownership=PRIMARY; file_size=2192824; region_sha256=70e28e510640665589a05ca48c2a31d01e036855a6e1434cc44391d4b2c85e67
L1-REG-OURS-tmp__phase3c-driver__frozen-ours-primary__bin__c++-0037	GCC-DRIVER	OURS	tmp/phase3c-driver/frozen-ours-primary/bin/riscv32-wch-elf-c++	b244b4084b0eb362c0989b2e7b792f117b56de336135014f3d5901dea99506b8	1755856	1769472	13616	segment:__DATA	UNRESOLVED	L1-FEAT-DRIVER	L1-STATIC-XW,L1-STATIC-XDIAG,L1-STATIC-ZSTD-SPEC	COMPLETE-TILING-UNRESOLVED	L1-macho-regions	ownership=PRIMARY; file_size=2192824; region_sha256=df2a49e8ad39fc1deabf72892bd8580ae9bcb3fc839ba79f3e9fe15cb2a3d6fc
L1-REG-OURS-tmp__phase3c-driver__frozen-ours-primary__bin__c++-0038	GCC-DRIVER	OURS	tmp/phase3c-driver/frozen-ours-primary/bin/riscv32-wch-elf-c++	b244b4084b0eb362c0989b2e7b792f117b56de336135014f3d5901dea99506b8	1769472	1774792	5320	LC_DYLD_CHAINED_FIXUPS:payload	LINK-LAYOUT	L1-FEAT-DRIVER	L1-STATIC-XW,L1-STATIC-XDIAG,L1-STATIC-ZSTD-SPEC	COMPLETE-TILING-UNRESOLVED	L1-macho-regions	ownership=PRIMARY; file_size=2192824; region_sha256=72d10502dae46bd8d244cbe0edf79cdad20e8df8a48b131109ec274698c782ff
L1-REG-OURS-tmp__phase3c-driver__frozen-ours-primary__bin__c++-0039	GCC-DRIVER	OURS	tmp/phase3c-driver/frozen-ours-primary/bin/riscv32-wch-elf-c++	b244b4084b0eb362c0989b2e7b792f117b56de336135014f3d5901dea99506b8	1774792	1836016	61224	LC_DYLD_EXPORTS_TRIE:payload	LINK-LAYOUT	L1-FEAT-DRIVER	L1-STATIC-XW,L1-STATIC-XDIAG,L1-STATIC-ZSTD-SPEC	COMPLETE-TILING-UNRESOLVED	L1-macho-regions	ownership=PRIMARY; file_size=2192824; region_sha256=280f9929c644ee431df5b59cb8a8acfaa4c559c8320d5400127593366267552c
L1-REG-OURS-tmp__phase3c-driver__frozen-ours-primary__bin__c++-0040	GCC-DRIVER	OURS	tmp/phase3c-driver/frozen-ours-primary/bin/riscv32-wch-elf-c++	b244b4084b0eb362c0989b2e7b792f117b56de336135014f3d5901dea99506b8	1836016	1839248	3232	LC_FUNCTION_STARTS:payload	STRIP/DEBUG/SYMBOL-LAYOUT	L1-FEAT-DRIVER	L1-STATIC-XW,L1-STATIC-XDIAG,L1-STATIC-ZSTD-SPEC	COMPLETE-TILING-UNRESOLVED	L1-macho-regions	ownership=PRIMARY; file_size=2192824; region_sha256=4c7061056a42c0f4b00a164a950fd1fc9fc78e235edf15dfa4b60caa3b54b9aa
L1-REG-OURS-tmp__phase3c-driver__frozen-ours-primary__bin__c++-0041	GCC-DRIVER	OURS	tmp/phase3c-driver/frozen-ours-primary/bin/riscv32-wch-elf-c++	b244b4084b0eb362c0989b2e7b792f117b56de336135014f3d5901dea99506b8	1839248	2035632	196384	LC_SYMTAB:nlist_64	STRIP/DEBUG/SYMBOL-LAYOUT	L1-FEAT-DRIVER	L1-STATIC-XW,L1-STATIC-XDIAG,L1-STATIC-ZSTD-SPEC	COMPLETE-TILING-UNRESOLVED	L1-macho-regions	ownership=PRIMARY; file_size=2192824; region_sha256=97fab15f26864599b04ccec3225565e91e7aa929dfe3d28d53e10b9b9d978a74
L1-REG-OURS-tmp__phase3c-driver__frozen-ours-primary__bin__c++-0042	GCC-DRIVER	OURS	tmp/phase3c-driver/frozen-ours-primary/bin/riscv32-wch-elf-c++	b244b4084b0eb362c0989b2e7b792f117b56de336135014f3d5901dea99506b8	2035632	2036960	1328	segment:__LINKEDIT	LINK-LAYOUT	L1-FEAT-DRIVER	L1-STATIC-XW,L1-STATIC-XDIAG,L1-STATIC-ZSTD-SPEC	COMPLETE-TILING-UNRESOLVED	L1-macho-regions	ownership=PRIMARY; file_size=2192824; region_sha256=9863f84974e0e5452e27eac9366ddfa025b470dc5356a55c568a726e0333431d
L1-REG-OURS-tmp__phase3c-driver__frozen-ours-primary__bin__c++-0043	GCC-DRIVER	OURS	tmp/phase3c-driver/frozen-ours-primary/bin/riscv32-wch-elf-c++	b244b4084b0eb362c0989b2e7b792f117b56de336135014f3d5901dea99506b8	2036960	2175672	138712	LC_SYMTAB:string_table	STRIP/DEBUG/SYMBOL-LAYOUT	L1-FEAT-DRIVER	L1-STATIC-XW,L1-STATIC-XDIAG,L1-STATIC-ZSTD-SPEC	COMPLETE-TILING-UNRESOLVED	L1-macho-regions	ownership=PRIMARY; file_size=2192824; region_sha256=45b1826bd3fe30cb0a421ae9664494ba4c24ea130f4f9ed6d9c65816470a939a
L1-REG-OURS-tmp__phase3c-driver__frozen-ours-primary__bin__c++-0044	GCC-DRIVER	OURS	tmp/phase3c-driver/frozen-ours-primary/bin/riscv32-wch-elf-c++	b244b4084b0eb362c0989b2e7b792f117b56de336135014f3d5901dea99506b8	2175672	2175680	8	segment:__LINKEDIT	LINK-LAYOUT	L1-FEAT-DRIVER	L1-STATIC-XW,L1-STATIC-XDIAG,L1-STATIC-ZSTD-SPEC	COMPLETE-TILING-UNRESOLVED	L1-macho-regions	ownership=PRIMARY; file_size=2192824; region_sha256=af5570f5a1810b7af78caf4bc70a660f0df51e42baf91d4de5b2328de0e83dfc
L1-REG-OURS-tmp__phase3c-driver__frozen-ours-primary__bin__c++-0045	GCC-DRIVER	OURS	tmp/phase3c-driver/frozen-ours-primary/bin/riscv32-wch-elf-c++	b244b4084b0eb362c0989b2e7b792f117b56de336135014f3d5901dea99506b8	2175680	2192824	17144	LC_CODE_SIGNATURE:payload	SIGNATURE/UUID/BUILD-METADATA	L1-FEAT-DRIVER	L1-STATIC-XW,L1-STATIC-XDIAG,L1-STATIC-ZSTD-SPEC	COMPLETE-TILING-UNRESOLVED	L1-macho-regions	ownership=PRIMARY; file_size=2192824; region_sha256=87f440653df1fbabdea4354741a064a5657a49ec9d57195a3f3b76e6ec75b82b
L1-REG-OURS-tmp__phase3c-driver__frozen-ours-primary__bin__cpp-0001	GCC-DRIVER	OURS	tmp/phase3c-driver/frozen-ours-primary/bin/riscv32-wch-elf-cpp	d3a365f6e2c5185ea2cd2a442ecdb08b58466ed1394193cfe4b9bd3610163d48	0	32	32	mach_header_64	SIGNATURE/UUID/BUILD-METADATA	L1-FEAT-DRIVER	L1-STATIC-XW,L1-STATIC-XDIAG,L1-STATIC-ZSTD-SPEC	COMPLETE-TILING-UNRESOLVED	L1-macho-regions	ownership=PRIMARY; file_size=2192832; region_sha256=08954c9497afe8aea0829ceb1816408e95f9e85573f06eea750fecd84c9d8947
L1-REG-OURS-tmp__phase3c-driver__frozen-ours-primary__bin__cpp-0002	GCC-DRIVER	OURS	tmp/phase3c-driver/frozen-ours-primary/bin/riscv32-wch-elf-cpp	d3a365f6e2c5185ea2cd2a442ecdb08b58466ed1394193cfe4b9bd3610163d48	32	104	72	LC_SEGMENT_64[0]	SIGNATURE/UUID/BUILD-METADATA	L1-FEAT-DRIVER	L1-STATIC-XW,L1-STATIC-XDIAG,L1-STATIC-ZSTD-SPEC	COMPLETE-TILING-UNRESOLVED	L1-macho-regions	ownership=PRIMARY; file_size=2192832; region_sha256=38432a8fbcbe1ae9fdf9263fe1e4e948de98131833cc5e5333f375dcf5f6333f
L1-REG-OURS-tmp__phase3c-driver__frozen-ours-primary__bin__cpp-0003	GCC-DRIVER	OURS	tmp/phase3c-driver/frozen-ours-primary/bin/riscv32-wch-elf-cpp	d3a365f6e2c5185ea2cd2a442ecdb08b58466ed1394193cfe4b9bd3610163d48	104	736	632	LC_SEGMENT_64[1]	SIGNATURE/UUID/BUILD-METADATA	L1-FEAT-DRIVER	L1-STATIC-XW,L1-STATIC-XDIAG,L1-STATIC-ZSTD-SPEC	COMPLETE-TILING-UNRESOLVED	L1-macho-regions	ownership=PRIMARY; file_size=2192832; region_sha256=4b2d767080563ef635dcd1150095099f8fe3169ea07c3080966f3061ee3462fd
L1-REG-OURS-tmp__phase3c-driver__frozen-ours-primary__bin__cpp-0004	GCC-DRIVER	OURS	tmp/phase3c-driver/frozen-ours-primary/bin/riscv32-wch-elf-cpp	d3a365f6e2c5185ea2cd2a442ecdb08b58466ed1394193cfe4b9bd3610163d48	736	968	232	LC_SEGMENT_64[2]	SIGNATURE/UUID/BUILD-METADATA	L1-FEAT-DRIVER	L1-STATIC-XW,L1-STATIC-XDIAG,L1-STATIC-ZSTD-SPEC	COMPLETE-TILING-UNRESOLVED	L1-macho-regions	ownership=PRIMARY; file_size=2192832; region_sha256=ea9ca25a78fc2ff4f02dfe4a79e1b5fdbbbf9159763be3c3a1b9a955fe420900
L1-REG-OURS-tmp__phase3c-driver__frozen-ours-primary__bin__cpp-0005	GCC-DRIVER	OURS	tmp/phase3c-driver/frozen-ours-primary/bin/riscv32-wch-elf-cpp	d3a365f6e2c5185ea2cd2a442ecdb08b58466ed1394193cfe4b9bd3610163d48	968	1280	312	LC_SEGMENT_64[3]	SIGNATURE/UUID/BUILD-METADATA	L1-FEAT-DRIVER	L1-STATIC-XW,L1-STATIC-XDIAG,L1-STATIC-ZSTD-SPEC	COMPLETE-TILING-UNRESOLVED	L1-macho-regions	ownership=PRIMARY; file_size=2192832; region_sha256=84ac7fae8149e4bb7ed8115342fa74881263b37850225bfefd5abd285efbe4d0
L1-REG-OURS-tmp__phase3c-driver__frozen-ours-primary__bin__cpp-0006	GCC-DRIVER	OURS	tmp/phase3c-driver/frozen-ours-primary/bin/riscv32-wch-elf-cpp	d3a365f6e2c5185ea2cd2a442ecdb08b58466ed1394193cfe4b9bd3610163d48	1280	1352	72	LC_SEGMENT_64[4]	SIGNATURE/UUID/BUILD-METADATA	L1-FEAT-DRIVER	L1-STATIC-XW,L1-STATIC-XDIAG,L1-STATIC-ZSTD-SPEC	COMPLETE-TILING-UNRESOLVED	L1-macho-regions	ownership=PRIMARY; file_size=2192832; region_sha256=d8f96c4bd3146f1488527225dad3def9f32b648f13ebbdf1a0c32fd896432841
L1-REG-OURS-tmp__phase3c-driver__frozen-ours-primary__bin__cpp-0007	GCC-DRIVER	OURS	tmp/phase3c-driver/frozen-ours-primary/bin/riscv32-wch-elf-cpp	d3a365f6e2c5185ea2cd2a442ecdb08b58466ed1394193cfe4b9bd3610163d48	1352	1368	16	LC_DYLD_CHAINED_FIXUPS[5]	SIGNATURE/UUID/BUILD-METADATA	L1-FEAT-DRIVER	L1-STATIC-XW,L1-STATIC-XDIAG,L1-STATIC-ZSTD-SPEC	COMPLETE-TILING-UNRESOLVED	L1-macho-regions	ownership=PRIMARY; file_size=2192832; region_sha256=0b066c8f9dcb146311b6bb677532d2b3c729c8bf04aa59480dc2e3ecd831cfd9
L1-REG-OURS-tmp__phase3c-driver__frozen-ours-primary__bin__cpp-0008	GCC-DRIVER	OURS	tmp/phase3c-driver/frozen-ours-primary/bin/riscv32-wch-elf-cpp	d3a365f6e2c5185ea2cd2a442ecdb08b58466ed1394193cfe4b9bd3610163d48	1368	1384	16	LC_DYLD_EXPORTS_TRIE[6]	SIGNATURE/UUID/BUILD-METADATA	L1-FEAT-DRIVER	L1-STATIC-XW,L1-STATIC-XDIAG,L1-STATIC-ZSTD-SPEC	COMPLETE-TILING-UNRESOLVED	L1-macho-regions	ownership=PRIMARY; file_size=2192832; region_sha256=b41f80f40c7873af49d337b93a1c03143a6f49db21c3bd843e94237c920357a3
L1-REG-OURS-tmp__phase3c-driver__frozen-ours-primary__bin__cpp-0009	GCC-DRIVER	OURS	tmp/phase3c-driver/frozen-ours-primary/bin/riscv32-wch-elf-cpp	d3a365f6e2c5185ea2cd2a442ecdb08b58466ed1394193cfe4b9bd3610163d48	1384	1408	24	LC_SYMTAB[7]	SIGNATURE/UUID/BUILD-METADATA	L1-FEAT-DRIVER	L1-STATIC-XW,L1-STATIC-XDIAG,L1-STATIC-ZSTD-SPEC	COMPLETE-TILING-UNRESOLVED	L1-macho-regions	ownership=PRIMARY; file_size=2192832; region_sha256=88414f0e09adf9185d3a65611263a3aa735c1535e129ea7120ee1df9141e8640
L1-REG-OURS-tmp__phase3c-driver__frozen-ours-primary__bin__cpp-0010	GCC-DRIVER	OURS	tmp/phase3c-driver/frozen-ours-primary/bin/riscv32-wch-elf-cpp	d3a365f6e2c5185ea2cd2a442ecdb08b58466ed1394193cfe4b9bd3610163d48	1408	1488	80	LC_DYSYMTAB[8]	SIGNATURE/UUID/BUILD-METADATA	L1-FEAT-DRIVER	L1-STATIC-XW,L1-STATIC-XDIAG,L1-STATIC-ZSTD-SPEC	COMPLETE-TILING-UNRESOLVED	L1-macho-regions	ownership=PRIMARY; file_size=2192832; region_sha256=26b3acc2094e0e319945ce5ce739260e77f74fa8ce2c0886acf16fdbb67cd373
L1-REG-OURS-tmp__phase3c-driver__frozen-ours-primary__bin__cpp-0011	GCC-DRIVER	OURS	tmp/phase3c-driver/frozen-ours-primary/bin/riscv32-wch-elf-cpp	d3a365f6e2c5185ea2cd2a442ecdb08b58466ed1394193cfe4b9bd3610163d48	1488	1520	32	LC_LOAD_DYLINKER[9]	PACKAGING/DEPENDENCY	L1-FEAT-DRIVER	L1-STATIC-XW,L1-STATIC-XDIAG,L1-STATIC-ZSTD-SPEC	COMPLETE-TILING-UNRESOLVED	L1-macho-regions	ownership=PRIMARY; file_size=2192832; region_sha256=44316cf4f366f41aa06996613c44af75e34479362928faf61a168c2a203b5999
L1-REG-OURS-tmp__phase3c-driver__frozen-ours-primary__bin__cpp-0012	GCC-DRIVER	OURS	tmp/phase3c-driver/frozen-ours-primary/bin/riscv32-wch-elf-cpp	d3a365f6e2c5185ea2cd2a442ecdb08b58466ed1394193cfe4b9bd3610163d48	1520	1544	24	LC_UUID[10]	SIGNATURE/UUID/BUILD-METADATA	L1-FEAT-DRIVER	L1-STATIC-XW,L1-STATIC-XDIAG,L1-STATIC-ZSTD-SPEC	COMPLETE-TILING-UNRESOLVED	L1-macho-regions	ownership=PRIMARY; file_size=2192832; region_sha256=3a64fa17bcd8fa66d2df8c123be64df8f671163af7d2d4c8a8a3ac963fac47a8
L1-REG-OURS-tmp__phase3c-driver__frozen-ours-primary__bin__cpp-0013	GCC-DRIVER	OURS	tmp/phase3c-driver/frozen-ours-primary/bin/riscv32-wch-elf-cpp	d3a365f6e2c5185ea2cd2a442ecdb08b58466ed1394193cfe4b9bd3610163d48	1544	1576	32	LC_BUILD_VERSION[11]	SIGNATURE/UUID/BUILD-METADATA	L1-FEAT-DRIVER	L1-STATIC-XW,L1-STATIC-XDIAG,L1-STATIC-ZSTD-SPEC	COMPLETE-TILING-UNRESOLVED	L1-macho-regions	ownership=PRIMARY; file_size=2192832; region_sha256=06be0acc3151d0cb3a5720312a0ae05bf2376d394c98194de6f77801b59ab2e0
L1-REG-OURS-tmp__phase3c-driver__frozen-ours-primary__bin__cpp-0014	GCC-DRIVER	OURS	tmp/phase3c-driver/frozen-ours-primary/bin/riscv32-wch-elf-cpp	d3a365f6e2c5185ea2cd2a442ecdb08b58466ed1394193cfe4b9bd3610163d48	1576	1592	16	LC_SOURCE_VERSION[12]	SIGNATURE/UUID/BUILD-METADATA	L1-FEAT-DRIVER	L1-STATIC-XW,L1-STATIC-XDIAG,L1-STATIC-ZSTD-SPEC	COMPLETE-TILING-UNRESOLVED	L1-macho-regions	ownership=PRIMARY; file_size=2192832; region_sha256=01a60f1db7db041298aa3e269ff5ebea951aa6977963e4ab563905da906d2b82
L1-REG-OURS-tmp__phase3c-driver__frozen-ours-primary__bin__cpp-0015	GCC-DRIVER	OURS	tmp/phase3c-driver/frozen-ours-primary/bin/riscv32-wch-elf-cpp	d3a365f6e2c5185ea2cd2a442ecdb08b58466ed1394193cfe4b9bd3610163d48	1592	1616	24	LC_MAIN[13]	SIGNATURE/UUID/BUILD-METADATA	L1-FEAT-DRIVER	L1-STATIC-XW,L1-STATIC-XDIAG,L1-STATIC-ZSTD-SPEC	COMPLETE-TILING-UNRESOLVED	L1-macho-regions	ownership=PRIMARY; file_size=2192832; region_sha256=dfb2e7c262c93bdbe3471ef2359798698f758e2975ea2362dfbdb82f9dfcd602
L1-REG-OURS-tmp__phase3c-driver__frozen-ours-primary__bin__cpp-0016	GCC-DRIVER	OURS	tmp/phase3c-driver/frozen-ours-primary/bin/riscv32-wch-elf-cpp	d3a365f6e2c5185ea2cd2a442ecdb08b58466ed1394193cfe4b9bd3610163d48	1616	1672	56	LC_LOAD_DYLIB[14]	PACKAGING/DEPENDENCY	L1-FEAT-DRIVER	L1-STATIC-XW,L1-STATIC-XDIAG,L1-STATIC-ZSTD-SPEC	COMPLETE-TILING-UNRESOLVED	L1-macho-regions	ownership=PRIMARY; file_size=2192832; region_sha256=1a489c8b895a1c5fa426d2f6bdf524fa8d9c8227923ea0a7bb3a194fd92823ea
L1-REG-OURS-tmp__phase3c-driver__frozen-ours-primary__bin__cpp-0017	GCC-DRIVER	OURS	tmp/phase3c-driver/frozen-ours-primary/bin/riscv32-wch-elf-cpp	d3a365f6e2c5185ea2cd2a442ecdb08b58466ed1394193cfe4b9bd3610163d48	1672	1720	48	LC_LOAD_DYLIB[15]	PACKAGING/DEPENDENCY	L1-FEAT-DRIVER	L1-STATIC-XW,L1-STATIC-XDIAG,L1-STATIC-ZSTD-SPEC	COMPLETE-TILING-UNRESOLVED	L1-macho-regions	ownership=PRIMARY; file_size=2192832; region_sha256=7745a4d4639b8f1de3e38beb445632a5df37fca6950234b1d83a4278c5dd4c0e
L1-REG-OURS-tmp__phase3c-driver__frozen-ours-primary__bin__cpp-0018	GCC-DRIVER	OURS	tmp/phase3c-driver/frozen-ours-primary/bin/riscv32-wch-elf-cpp	d3a365f6e2c5185ea2cd2a442ecdb08b58466ed1394193cfe4b9bd3610163d48	1720	1776	56	LC_LOAD_DYLIB[16]	PACKAGING/DEPENDENCY	L1-FEAT-DRIVER	L1-STATIC-XW,L1-STATIC-XDIAG,L1-STATIC-ZSTD-SPEC	COMPLETE-TILING-UNRESOLVED	L1-macho-regions	ownership=PRIMARY; file_size=2192832; region_sha256=ffa45af4ce6b7780727be9b2f2f9ca0b35932363e311b247d840ef9da1bdc1f5
L1-REG-OURS-tmp__phase3c-driver__frozen-ours-primary__bin__cpp-0019	GCC-DRIVER	OURS	tmp/phase3c-driver/frozen-ours-primary/bin/riscv32-wch-elf-cpp	d3a365f6e2c5185ea2cd2a442ecdb08b58466ed1394193cfe4b9bd3610163d48	1776	1792	16	LC_FUNCTION_STARTS[17]	SIGNATURE/UUID/BUILD-METADATA	L1-FEAT-DRIVER	L1-STATIC-XW,L1-STATIC-XDIAG,L1-STATIC-ZSTD-SPEC	COMPLETE-TILING-UNRESOLVED	L1-macho-regions	ownership=PRIMARY; file_size=2192832; region_sha256=2f5fa838acc64aea7cb290d200989688ce44ad356b6b21ebad703c4ef0ddeecf
L1-REG-OURS-tmp__phase3c-driver__frozen-ours-primary__bin__cpp-0020	GCC-DRIVER	OURS	tmp/phase3c-driver/frozen-ours-primary/bin/riscv32-wch-elf-cpp	d3a365f6e2c5185ea2cd2a442ecdb08b58466ed1394193cfe4b9bd3610163d48	1792	1808	16	LC_DATA_IN_CODE[18]	SIGNATURE/UUID/BUILD-METADATA	L1-FEAT-DRIVER	L1-STATIC-XW,L1-STATIC-XDIAG,L1-STATIC-ZSTD-SPEC	COMPLETE-TILING-UNRESOLVED	L1-macho-regions	ownership=PRIMARY; file_size=2192832; region_sha256=0d48df73e9e9c3c93e35d849055cd0b81e4337106a0b81bd00b04bc866e9a7d1
L1-REG-OURS-tmp__phase3c-driver__frozen-ours-primary__bin__cpp-0021	GCC-DRIVER	OURS	tmp/phase3c-driver/frozen-ours-primary/bin/riscv32-wch-elf-cpp	d3a365f6e2c5185ea2cd2a442ecdb08b58466ed1394193cfe4b9bd3610163d48	1808	1824	16	LC_CODE_SIGNATURE[19]	SIGNATURE/UUID/BUILD-METADATA	L1-FEAT-DRIVER	L1-STATIC-XW,L1-STATIC-XDIAG,L1-STATIC-ZSTD-SPEC	COMPLETE-TILING-UNRESOLVED	L1-macho-regions	ownership=PRIMARY; file_size=2192832; region_sha256=fb23aac0f70491921dc75f2b88d82c3d3803e0bdc5e77b3deaa202d9c2cec735
L1-REG-OURS-tmp__phase3c-driver__frozen-ours-primary__bin__cpp-0022	GCC-DRIVER	OURS	tmp/phase3c-driver/frozen-ours-primary/bin/riscv32-wch-elf-cpp	d3a365f6e2c5185ea2cd2a442ecdb08b58466ed1394193cfe4b9bd3610163d48	1824	1864	40	segment:__TEXT	UNRESOLVED	L1-FEAT-DRIVER	L1-STATIC-XW,L1-STATIC-XDIAG,L1-STATIC-ZSTD-SPEC	COMPLETE-TILING-UNRESOLVED	L1-macho-regions	ownership=PRIMARY; file_size=2192832; region_sha256=2c34ce1df23b838c5abf2a7f6437cca3d3067ed509ff25f11df6b11b582b51eb
L1-REG-OURS-tmp__phase3c-driver__frozen-ours-primary__bin__cpp-0023	GCC-DRIVER	OURS	tmp/phase3c-driver/frozen-ours-primary/bin/riscv32-wch-elf-cpp	d3a365f6e2c5185ea2cd2a442ecdb08b58466ed1394193cfe4b9bd3610163d48	1864	729596	727732	section:__TEXT,__text	FUNCTIONAL-CODE	L1-FEAT-DRIVER	L1-STATIC-XW,L1-STATIC-XDIAG,L1-STATIC-ZSTD-SPEC	COMPLETE-TILING-UNRESOLVED	L1-macho-regions	ownership=PRIMARY; file_size=2192832; region_sha256=46d6546e11ca316839ef61a46c7b032018006bd5727c01fb72f70ef3a1933d72
L1-REG-OURS-tmp__phase3c-driver__frozen-ours-primary__bin__cpp-0024	GCC-DRIVER	OURS	tmp/phase3c-driver/frozen-ours-primary/bin/riscv32-wch-elf-cpp	d3a365f6e2c5185ea2cd2a442ecdb08b58466ed1394193cfe4b9bd3610163d48	729596	731408	1812	section:__TEXT,__stubs	UNRESOLVED	L1-FEAT-DRIVER	L1-STATIC-XW,L1-STATIC-XDIAG,L1-STATIC-ZSTD-SPEC	COMPLETE-TILING-UNRESOLVED	L1-macho-regions	ownership=PRIMARY; file_size=2192832; region_sha256=db58e7d8c5570e87dcf4b421a7aa871b77d077d324e4c52f90b7a2194dbd0419
L1-REG-OURS-tmp__phase3c-driver__frozen-ours-primary__bin__cpp-0025	GCC-DRIVER	OURS	tmp/phase3c-driver/frozen-ours-primary/bin/riscv32-wch-elf-cpp	d3a365f6e2c5185ea2cd2a442ecdb08b58466ed1394193cfe4b9bd3610163d48	731408	731424	16	section:__TEXT,__init_offsets	UNRESOLVED	L1-FEAT-DRIVER	L1-STATIC-XW,L1-STATIC-XDIAG,L1-STATIC-ZSTD-SPEC	COMPLETE-TILING-UNRESOLVED	L1-macho-regions	ownership=PRIMARY; file_size=2192832; region_sha256=5037f8d66560f44ffe71b639472414e37173b9ce7a8a7053c0f0f378df76e974
L1-REG-OURS-tmp__phase3c-driver__frozen-ours-primary__bin__cpp-0026	GCC-DRIVER	OURS	tmp/phase3c-driver/frozen-ours-primary/bin/riscv32-wch-elf-cpp	d3a365f6e2c5185ea2cd2a442ecdb08b58466ed1394193cfe4b9bd3610163d48	731424	1083616	352192	section:__TEXT,__const	FUNCTIONAL-DATA-TABLE	L1-FEAT-DRIVER	L1-STATIC-XW,L1-STATIC-XDIAG,L1-STATIC-ZSTD-SPEC	COMPLETE-TILING-UNRESOLVED	L1-macho-regions	ownership=PRIMARY; file_size=2192832; region_sha256=20c502065189c23cf9c61fd40b0200831b921a0003d9dcf3d44acf99a2e3f0dd
L1-REG-OURS-tmp__phase3c-driver__frozen-ours-primary__bin__cpp-0027	GCC-DRIVER	OURS	tmp/phase3c-driver/frozen-ours-primary/bin/riscv32-wch-elf-cpp	d3a365f6e2c5185ea2cd2a442ecdb08b58466ed1394193cfe4b9bd3610163d48	1083616	1417712	334096	section:__TEXT,__cstring	FUNCTIONAL-DATA-TABLE	L1-FEAT-DRIVER	L1-STATIC-XW,L1-STATIC-XDIAG,L1-STATIC-ZSTD-SPEC	COMPLETE-TILING-UNRESOLVED	L1-macho-regions	ownership=PRIMARY; file_size=2192832; region_sha256=afe1edaa300b326b8423b8c683420aa3a339ffdd2c1f67b1c880c98c1d34cddf
L1-REG-OURS-tmp__phase3c-driver__frozen-ours-primary__bin__cpp-0028	GCC-DRIVER	OURS	tmp/phase3c-driver/frozen-ours-primary/bin/riscv32-wch-elf-cpp	d3a365f6e2c5185ea2cd2a442ecdb08b58466ed1394193cfe4b9bd3610163d48	1417712	1426888	9176	section:__TEXT,__unwind_info	FUNCTIONAL-DATA-TABLE	L1-FEAT-DRIVER	L1-STATIC-XW,L1-STATIC-XDIAG,L1-STATIC-ZSTD-SPEC	COMPLETE-TILING-UNRESOLVED	L1-macho-regions	ownership=PRIMARY; file_size=2192832; region_sha256=5fd792f522b6f4d5825f7636ca3d96697b465851f8173548b11aa2466b67910d
L1-REG-OURS-tmp__phase3c-driver__frozen-ours-primary__bin__cpp-0029	GCC-DRIVER	OURS	tmp/phase3c-driver/frozen-ours-primary/bin/riscv32-wch-elf-cpp	d3a365f6e2c5185ea2cd2a442ecdb08b58466ed1394193cfe4b9bd3610163d48	1426888	1486676	59788	section:__TEXT,__eh_frame	FUNCTIONAL-DATA-TABLE	L1-FEAT-DRIVER	L1-STATIC-XW,L1-STATIC-XDIAG,L1-STATIC-ZSTD-SPEC	COMPLETE-TILING-UNRESOLVED	L1-macho-regions	ownership=PRIMARY; file_size=2192832; region_sha256=e72abd3dfd148b49afb6e0f6d46a3321a59a84a99b68b8c91e6c784ffd533aaf
L1-REG-OURS-tmp__phase3c-driver__frozen-ours-primary__bin__cpp-0030	GCC-DRIVER	OURS	tmp/phase3c-driver/frozen-ours-primary/bin/riscv32-wch-elf-cpp	d3a365f6e2c5185ea2cd2a442ecdb08b58466ed1394193cfe4b9bd3610163d48	1486676	1490944	4268	segment:__TEXT	UNRESOLVED	L1-FEAT-DRIVER	L1-STATIC-XW,L1-STATIC-XDIAG,L1-STATIC-ZSTD-SPEC	COMPLETE-TILING-UNRESOLVED	L1-macho-regions	ownership=PRIMARY; file_size=2192832; region_sha256=7318602fbf7865ef3ab88e4b69682bb82dc4c9dba6bd4828c3532831768468ed
L1-REG-OURS-tmp__phase3c-driver__frozen-ours-primary__bin__cpp-0031	GCC-DRIVER	OURS	tmp/phase3c-driver/frozen-ours-primary/bin/riscv32-wch-elf-cpp	d3a365f6e2c5185ea2cd2a442ecdb08b58466ed1394193cfe4b9bd3610163d48	1490944	1492384	1440	section:__DATA_CONST,__got	FUNCTIONAL-DATA-TABLE	L1-FEAT-DRIVER	L1-STATIC-XW,L1-STATIC-XDIAG,L1-STATIC-ZSTD-SPEC	COMPLETE-TILING-UNRESOLVED	L1-macho-regions	ownership=PRIMARY; file_size=2192832; region_sha256=ae03c576bd5a6e53357ca6cc25e6223122cace1798e64c329af57e5f269592f8
L1-REG-OURS-tmp__phase3c-driver__frozen-ours-primary__bin__cpp-0032	GCC-DRIVER	OURS	tmp/phase3c-driver/frozen-ours-primary/bin/riscv32-wch-elf-cpp	d3a365f6e2c5185ea2cd2a442ecdb08b58466ed1394193cfe4b9bd3610163d48	1492384	1745912	253528	section:__DATA_CONST,__const	FUNCTIONAL-DATA-TABLE	L1-FEAT-DRIVER	L1-STATIC-XW,L1-STATIC-XDIAG,L1-STATIC-ZSTD-SPEC	COMPLETE-TILING-UNRESOLVED	L1-macho-regions	ownership=PRIMARY; file_size=2192832; region_sha256=1dc0b639318d89dc70ec2509459ac51a61a88bdcc5c34d2d18d3e3d755d5802b
L1-REG-OURS-tmp__phase3c-driver__frozen-ours-primary__bin__cpp-0033	GCC-DRIVER	OURS	tmp/phase3c-driver/frozen-ours-primary/bin/riscv32-wch-elf-cpp	d3a365f6e2c5185ea2cd2a442ecdb08b58466ed1394193cfe4b9bd3610163d48	1745912	1753088	7176	segment:__DATA_CONST	UNRESOLVED	L1-FEAT-DRIVER	L1-STATIC-XW,L1-STATIC-XDIAG,L1-STATIC-ZSTD-SPEC	COMPLETE-TILING-UNRESOLVED	L1-macho-regions	ownership=PRIMARY; file_size=2192832; region_sha256=165ca75fca58a80c0267ba8b091fd3acffac21765032b201bfc4c29b663b7351
L1-REG-OURS-tmp__phase3c-driver__frozen-ours-primary__bin__cpp-0034	GCC-DRIVER	OURS	tmp/phase3c-driver/frozen-ours-primary/bin/riscv32-wch-elf-cpp	d3a365f6e2c5185ea2cd2a442ecdb08b58466ed1394193cfe4b9bd3610163d48	1753088	1755856	2768	section:__DATA,__data	FUNCTIONAL-DATA-TABLE	L1-FEAT-DRIVER	L1-STATIC-XW,L1-STATIC-XDIAG,L1-STATIC-ZSTD-SPEC	COMPLETE-TILING-UNRESOLVED	L1-macho-regions	ownership=PRIMARY; file_size=2192832; region_sha256=d970c329c1783660dedecba3236e34ea679a8304eee38fc019a1ec412c55333f
L1-REG-OURS-tmp__phase3c-driver__frozen-ours-primary__bin__cpp-0035	GCC-DRIVER	OURS	tmp/phase3c-driver/frozen-ours-primary/bin/riscv32-wch-elf-cpp	d3a365f6e2c5185ea2cd2a442ecdb08b58466ed1394193cfe4b9bd3610163d48	1755856	1769472	13616	segment:__DATA	UNRESOLVED	L1-FEAT-DRIVER	L1-STATIC-XW,L1-STATIC-XDIAG,L1-STATIC-ZSTD-SPEC	COMPLETE-TILING-UNRESOLVED	L1-macho-regions	ownership=PRIMARY; file_size=2192832; region_sha256=df2a49e8ad39fc1deabf72892bd8580ae9bcb3fc839ba79f3e9fe15cb2a3d6fc
L1-REG-OURS-tmp__phase3c-driver__frozen-ours-primary__bin__cpp-0036	GCC-DRIVER	OURS	tmp/phase3c-driver/frozen-ours-primary/bin/riscv32-wch-elf-cpp	d3a365f6e2c5185ea2cd2a442ecdb08b58466ed1394193cfe4b9bd3610163d48	1769472	1774792	5320	LC_DYLD_CHAINED_FIXUPS:payload	LINK-LAYOUT	L1-FEAT-DRIVER	L1-STATIC-XW,L1-STATIC-XDIAG,L1-STATIC-ZSTD-SPEC	COMPLETE-TILING-UNRESOLVED	L1-macho-regions	ownership=PRIMARY; file_size=2192832; region_sha256=72d10502dae46bd8d244cbe0edf79cdad20e8df8a48b131109ec274698c782ff
L1-REG-OURS-tmp__phase3c-driver__frozen-ours-primary__bin__cpp-0037	GCC-DRIVER	OURS	tmp/phase3c-driver/frozen-ours-primary/bin/riscv32-wch-elf-cpp	d3a365f6e2c5185ea2cd2a442ecdb08b58466ed1394193cfe4b9bd3610163d48	1774792	1836016	61224	LC_DYLD_EXPORTS_TRIE:payload	LINK-LAYOUT	L1-FEAT-DRIVER	L1-STATIC-XW,L1-STATIC-XDIAG,L1-STATIC-ZSTD-SPEC	COMPLETE-TILING-UNRESOLVED	L1-macho-regions	ownership=PRIMARY; file_size=2192832; region_sha256=fc868a58e5e66276711585f81db54a8c7f3a7a0e135d9a5c298e0bc8939078b4
L1-REG-OURS-tmp__phase3c-driver__frozen-ours-primary__bin__cpp-0038	GCC-DRIVER	OURS	tmp/phase3c-driver/frozen-ours-primary/bin/riscv32-wch-elf-cpp	d3a365f6e2c5185ea2cd2a442ecdb08b58466ed1394193cfe4b9bd3610163d48	1836016	1839248	3232	LC_FUNCTION_STARTS:payload	STRIP/DEBUG/SYMBOL-LAYOUT	L1-FEAT-DRIVER	L1-STATIC-XW,L1-STATIC-XDIAG,L1-STATIC-ZSTD-SPEC	COMPLETE-TILING-UNRESOLVED	L1-macho-regions	ownership=PRIMARY; file_size=2192832; region_sha256=17ed496d80cc0c3ee96c97e22ecaa777aaa9f94b19c1a111e11c086a67dd6eba
L1-REG-OURS-tmp__phase3c-driver__frozen-ours-primary__bin__cpp-0039	GCC-DRIVER	OURS	tmp/phase3c-driver/frozen-ours-primary/bin/riscv32-wch-elf-cpp	d3a365f6e2c5185ea2cd2a442ecdb08b58466ed1394193cfe4b9bd3610163d48	1839248	2035632	196384	LC_SYMTAB:nlist_64	STRIP/DEBUG/SYMBOL-LAYOUT	L1-FEAT-DRIVER	L1-STATIC-XW,L1-STATIC-XDIAG,L1-STATIC-ZSTD-SPEC	COMPLETE-TILING-UNRESOLVED	L1-macho-regions	ownership=PRIMARY; file_size=2192832; region_sha256=d5c51cbdc32a8e5897be5bd77b2fdf9d40c58549ef3ed316344b4f1467259868
L1-REG-OURS-tmp__phase3c-driver__frozen-ours-primary__bin__cpp-0040	GCC-DRIVER	OURS	tmp/phase3c-driver/frozen-ours-primary/bin/riscv32-wch-elf-cpp	d3a365f6e2c5185ea2cd2a442ecdb08b58466ed1394193cfe4b9bd3610163d48	2035632	2036960	1328	segment:__LINKEDIT	LINK-LAYOUT	L1-FEAT-DRIVER	L1-STATIC-XW,L1-STATIC-XDIAG,L1-STATIC-ZSTD-SPEC	COMPLETE-TILING-UNRESOLVED	L1-macho-regions	ownership=PRIMARY; file_size=2192832; region_sha256=9863f84974e0e5452e27eac9366ddfa025b470dc5356a55c568a726e0333431d
L1-REG-OURS-tmp__phase3c-driver__frozen-ours-primary__bin__cpp-0041	GCC-DRIVER	OURS	tmp/phase3c-driver/frozen-ours-primary/bin/riscv32-wch-elf-cpp	d3a365f6e2c5185ea2cd2a442ecdb08b58466ed1394193cfe4b9bd3610163d48	2036960	2175688	138728	LC_SYMTAB:string_table	STRIP/DEBUG/SYMBOL-LAYOUT	L1-FEAT-DRIVER	L1-STATIC-XW,L1-STATIC-XDIAG,L1-STATIC-ZSTD-SPEC	COMPLETE-TILING-UNRESOLVED	L1-macho-regions	ownership=PRIMARY; file_size=2192832; region_sha256=8214657b6177d8cb99500bb297d433902007418b92ba538669282707cbac8491
L1-REG-OURS-tmp__phase3c-driver__frozen-ours-primary__bin__cpp-0042	GCC-DRIVER	OURS	tmp/phase3c-driver/frozen-ours-primary/bin/riscv32-wch-elf-cpp	d3a365f6e2c5185ea2cd2a442ecdb08b58466ed1394193cfe4b9bd3610163d48	2175688	2175696	8	segment:__LINKEDIT	LINK-LAYOUT	L1-FEAT-DRIVER	L1-STATIC-XW,L1-STATIC-XDIAG,L1-STATIC-ZSTD-SPEC	COMPLETE-TILING-UNRESOLVED	L1-macho-regions	ownership=PRIMARY; file_size=2192832; region_sha256=af5570f5a1810b7af78caf4bc70a660f0df51e42baf91d4de5b2328de0e83dfc
L1-REG-OURS-tmp__phase3c-driver__frozen-ours-primary__bin__cpp-0043	GCC-DRIVER	OURS	tmp/phase3c-driver/frozen-ours-primary/bin/riscv32-wch-elf-cpp	d3a365f6e2c5185ea2cd2a442ecdb08b58466ed1394193cfe4b9bd3610163d48	2175696	2192832	17136	LC_CODE_SIGNATURE:payload	SIGNATURE/UUID/BUILD-METADATA	L1-FEAT-DRIVER	L1-STATIC-XW,L1-STATIC-XDIAG,L1-STATIC-ZSTD-SPEC	COMPLETE-TILING-UNRESOLVED	L1-macho-regions	ownership=PRIMARY; file_size=2192832; region_sha256=03e341c5da5d53b474e072842b272322bb95d98d45cd70cea9da7451e2032d36
L1-REG-OURS-tmp__phase3c-driver__frozen-ours-primary__bin__g++-0001	GCC-DRIVER	OURS	tmp/phase3c-driver/frozen-ours-primary/bin/riscv32-wch-elf-g++	b244b4084b0eb362c0989b2e7b792f117b56de336135014f3d5901dea99506b8	0	32	32	mach_header_64	SIGNATURE/UUID/BUILD-METADATA	L1-FEAT-DRIVER	L1-STATIC-XW,L1-STATIC-XDIAG,L1-STATIC-ZSTD-SPEC	COMPLETE-TILING-UNRESOLVED	L1-macho-regions	ownership=PRIMARY; file_size=2192824; region_sha256=08954c9497afe8aea0829ceb1816408e95f9e85573f06eea750fecd84c9d8947
L1-REG-OURS-tmp__phase3c-driver__frozen-ours-primary__bin__g++-0002	GCC-DRIVER	OURS	tmp/phase3c-driver/frozen-ours-primary/bin/riscv32-wch-elf-g++	b244b4084b0eb362c0989b2e7b792f117b56de336135014f3d5901dea99506b8	32	104	72	LC_SEGMENT_64[0]	SIGNATURE/UUID/BUILD-METADATA	L1-FEAT-DRIVER	L1-STATIC-XW,L1-STATIC-XDIAG,L1-STATIC-ZSTD-SPEC	COMPLETE-TILING-UNRESOLVED	L1-macho-regions	ownership=PRIMARY; file_size=2192824; region_sha256=38432a8fbcbe1ae9fdf9263fe1e4e948de98131833cc5e5333f375dcf5f6333f
L1-REG-OURS-tmp__phase3c-driver__frozen-ours-primary__bin__g++-0003	GCC-DRIVER	OURS	tmp/phase3c-driver/frozen-ours-primary/bin/riscv32-wch-elf-g++	b244b4084b0eb362c0989b2e7b792f117b56de336135014f3d5901dea99506b8	104	736	632	LC_SEGMENT_64[1]	SIGNATURE/UUID/BUILD-METADATA	L1-FEAT-DRIVER	L1-STATIC-XW,L1-STATIC-XDIAG,L1-STATIC-ZSTD-SPEC	COMPLETE-TILING-UNRESOLVED	L1-macho-regions	ownership=PRIMARY; file_size=2192824; region_sha256=8d19249e142f595f1a8fe6a737296fa058d08966c60132588258ebd3345e0298
L1-REG-OURS-tmp__phase3c-driver__frozen-ours-primary__bin__g++-0004	GCC-DRIVER	OURS	tmp/phase3c-driver/frozen-ours-primary/bin/riscv32-wch-elf-g++	b244b4084b0eb362c0989b2e7b792f117b56de336135014f3d5901dea99506b8	736	968	232	LC_SEGMENT_64[2]	SIGNATURE/UUID/BUILD-METADATA	L1-FEAT-DRIVER	L1-STATIC-XW,L1-STATIC-XDIAG,L1-STATIC-ZSTD-SPEC	COMPLETE-TILING-UNRESOLVED	L1-macho-regions	ownership=PRIMARY; file_size=2192824; region_sha256=ea9ca25a78fc2ff4f02dfe4a79e1b5fdbbbf9159763be3c3a1b9a955fe420900
L1-REG-OURS-tmp__phase3c-driver__frozen-ours-primary__bin__g++-0005	GCC-DRIVER	OURS	tmp/phase3c-driver/frozen-ours-primary/bin/riscv32-wch-elf-g++	b244b4084b0eb362c0989b2e7b792f117b56de336135014f3d5901dea99506b8	968	1280	312	LC_SEGMENT_64[3]	SIGNATURE/UUID/BUILD-METADATA	L1-FEAT-DRIVER	L1-STATIC-XW,L1-STATIC-XDIAG,L1-STATIC-ZSTD-SPEC	COMPLETE-TILING-UNRESOLVED	L1-macho-regions	ownership=PRIMARY; file_size=2192824; region_sha256=84ac7fae8149e4bb7ed8115342fa74881263b37850225bfefd5abd285efbe4d0
L1-REG-OURS-tmp__phase3c-driver__frozen-ours-primary__bin__g++-0006	GCC-DRIVER	OURS	tmp/phase3c-driver/frozen-ours-primary/bin/riscv32-wch-elf-g++	b244b4084b0eb362c0989b2e7b792f117b56de336135014f3d5901dea99506b8	1280	1352	72	LC_SEGMENT_64[4]	SIGNATURE/UUID/BUILD-METADATA	L1-FEAT-DRIVER	L1-STATIC-XW,L1-STATIC-XDIAG,L1-STATIC-ZSTD-SPEC	COMPLETE-TILING-UNRESOLVED	L1-macho-regions	ownership=PRIMARY; file_size=2192824; region_sha256=2bf6dad1cc0696920e9f2a872858390fee042dec7eff5d8505f64f64db91deac
L1-REG-OURS-tmp__phase3c-driver__frozen-ours-primary__bin__g++-0007	GCC-DRIVER	OURS	tmp/phase3c-driver/frozen-ours-primary/bin/riscv32-wch-elf-g++	b244b4084b0eb362c0989b2e7b792f117b56de336135014f3d5901dea99506b8	1352	1368	16	LC_DYLD_CHAINED_FIXUPS[5]	SIGNATURE/UUID/BUILD-METADATA	L1-FEAT-DRIVER	L1-STATIC-XW,L1-STATIC-XDIAG,L1-STATIC-ZSTD-SPEC	COMPLETE-TILING-UNRESOLVED	L1-macho-regions	ownership=PRIMARY; file_size=2192824; region_sha256=0b066c8f9dcb146311b6bb677532d2b3c729c8bf04aa59480dc2e3ecd831cfd9
L1-REG-OURS-tmp__phase3c-driver__frozen-ours-primary__bin__g++-0008	GCC-DRIVER	OURS	tmp/phase3c-driver/frozen-ours-primary/bin/riscv32-wch-elf-g++	b244b4084b0eb362c0989b2e7b792f117b56de336135014f3d5901dea99506b8	1368	1384	16	LC_DYLD_EXPORTS_TRIE[6]	SIGNATURE/UUID/BUILD-METADATA	L1-FEAT-DRIVER	L1-STATIC-XW,L1-STATIC-XDIAG,L1-STATIC-ZSTD-SPEC	COMPLETE-TILING-UNRESOLVED	L1-macho-regions	ownership=PRIMARY; file_size=2192824; region_sha256=b41f80f40c7873af49d337b93a1c03143a6f49db21c3bd843e94237c920357a3
L1-REG-OURS-tmp__phase3c-driver__frozen-ours-primary__bin__g++-0009	GCC-DRIVER	OURS	tmp/phase3c-driver/frozen-ours-primary/bin/riscv32-wch-elf-g++	b244b4084b0eb362c0989b2e7b792f117b56de336135014f3d5901dea99506b8	1384	1408	24	LC_SYMTAB[7]	SIGNATURE/UUID/BUILD-METADATA	L1-FEAT-DRIVER	L1-STATIC-XW,L1-STATIC-XDIAG,L1-STATIC-ZSTD-SPEC	COMPLETE-TILING-UNRESOLVED	L1-macho-regions	ownership=PRIMARY; file_size=2192824; region_sha256=2057ded5b6e50f4a926a49b952888e83fbd4e6ff0826ea2e57b696a9bce51a0d
L1-REG-OURS-tmp__phase3c-driver__frozen-ours-primary__bin__g++-0010	GCC-DRIVER	OURS	tmp/phase3c-driver/frozen-ours-primary/bin/riscv32-wch-elf-g++	b244b4084b0eb362c0989b2e7b792f117b56de336135014f3d5901dea99506b8	1408	1488	80	LC_DYSYMTAB[8]	SIGNATURE/UUID/BUILD-METADATA	L1-FEAT-DRIVER	L1-STATIC-XW,L1-STATIC-XDIAG,L1-STATIC-ZSTD-SPEC	COMPLETE-TILING-UNRESOLVED	L1-macho-regions	ownership=PRIMARY; file_size=2192824; region_sha256=26b3acc2094e0e319945ce5ce739260e77f74fa8ce2c0886acf16fdbb67cd373
L1-REG-OURS-tmp__phase3c-driver__frozen-ours-primary__bin__g++-0011	GCC-DRIVER	OURS	tmp/phase3c-driver/frozen-ours-primary/bin/riscv32-wch-elf-g++	b244b4084b0eb362c0989b2e7b792f117b56de336135014f3d5901dea99506b8	1488	1520	32	LC_LOAD_DYLINKER[9]	PACKAGING/DEPENDENCY	L1-FEAT-DRIVER	L1-STATIC-XW,L1-STATIC-XDIAG,L1-STATIC-ZSTD-SPEC	COMPLETE-TILING-UNRESOLVED	L1-macho-regions	ownership=PRIMARY; file_size=2192824; region_sha256=44316cf4f366f41aa06996613c44af75e34479362928faf61a168c2a203b5999
L1-REG-OURS-tmp__phase3c-driver__frozen-ours-primary__bin__g++-0012	GCC-DRIVER	OURS	tmp/phase3c-driver/frozen-ours-primary/bin/riscv32-wch-elf-g++	b244b4084b0eb362c0989b2e7b792f117b56de336135014f3d5901dea99506b8	1520	1544	24	LC_UUID[10]	SIGNATURE/UUID/BUILD-METADATA	L1-FEAT-DRIVER	L1-STATIC-XW,L1-STATIC-XDIAG,L1-STATIC-ZSTD-SPEC	COMPLETE-TILING-UNRESOLVED	L1-macho-regions	ownership=PRIMARY; file_size=2192824; region_sha256=da6cd5e82fca85890c1f20291a838dfedb9943dbd0af70aae8e83b387302e21e
L1-REG-OURS-tmp__phase3c-driver__frozen-ours-primary__bin__g++-0013	GCC-DRIVER	OURS	tmp/phase3c-driver/frozen-ours-primary/bin/riscv32-wch-elf-g++	b244b4084b0eb362c0989b2e7b792f117b56de336135014f3d5901dea99506b8	1544	1576	32	LC_BUILD_VERSION[11]	SIGNATURE/UUID/BUILD-METADATA	L1-FEAT-DRIVER	L1-STATIC-XW,L1-STATIC-XDIAG,L1-STATIC-ZSTD-SPEC	COMPLETE-TILING-UNRESOLVED	L1-macho-regions	ownership=PRIMARY; file_size=2192824; region_sha256=06be0acc3151d0cb3a5720312a0ae05bf2376d394c98194de6f77801b59ab2e0
L1-REG-OURS-tmp__phase3c-driver__frozen-ours-primary__bin__g++-0014	GCC-DRIVER	OURS	tmp/phase3c-driver/frozen-ours-primary/bin/riscv32-wch-elf-g++	b244b4084b0eb362c0989b2e7b792f117b56de336135014f3d5901dea99506b8	1576	1592	16	LC_SOURCE_VERSION[12]	SIGNATURE/UUID/BUILD-METADATA	L1-FEAT-DRIVER	L1-STATIC-XW,L1-STATIC-XDIAG,L1-STATIC-ZSTD-SPEC	COMPLETE-TILING-UNRESOLVED	L1-macho-regions	ownership=PRIMARY; file_size=2192824; region_sha256=01a60f1db7db041298aa3e269ff5ebea951aa6977963e4ab563905da906d2b82
L1-REG-OURS-tmp__phase3c-driver__frozen-ours-primary__bin__g++-0015	GCC-DRIVER	OURS	tmp/phase3c-driver/frozen-ours-primary/bin/riscv32-wch-elf-g++	b244b4084b0eb362c0989b2e7b792f117b56de336135014f3d5901dea99506b8	1592	1616	24	LC_MAIN[13]	SIGNATURE/UUID/BUILD-METADATA	L1-FEAT-DRIVER	L1-STATIC-XW,L1-STATIC-XDIAG,L1-STATIC-ZSTD-SPEC	COMPLETE-TILING-UNRESOLVED	L1-macho-regions	ownership=PRIMARY; file_size=2192824; region_sha256=dfb2e7c262c93bdbe3471ef2359798698f758e2975ea2362dfbdb82f9dfcd602
L1-REG-OURS-tmp__phase3c-driver__frozen-ours-primary__bin__g++-0016	GCC-DRIVER	OURS	tmp/phase3c-driver/frozen-ours-primary/bin/riscv32-wch-elf-g++	b244b4084b0eb362c0989b2e7b792f117b56de336135014f3d5901dea99506b8	1616	1672	56	LC_LOAD_DYLIB[14]	PACKAGING/DEPENDENCY	L1-FEAT-DRIVER	L1-STATIC-XW,L1-STATIC-XDIAG,L1-STATIC-ZSTD-SPEC	COMPLETE-TILING-UNRESOLVED	L1-macho-regions	ownership=PRIMARY; file_size=2192824; region_sha256=1a489c8b895a1c5fa426d2f6bdf524fa8d9c8227923ea0a7bb3a194fd92823ea
L1-REG-OURS-tmp__phase3c-driver__frozen-ours-primary__bin__g++-0017	GCC-DRIVER	OURS	tmp/phase3c-driver/frozen-ours-primary/bin/riscv32-wch-elf-g++	b244b4084b0eb362c0989b2e7b792f117b56de336135014f3d5901dea99506b8	1672	1720	48	LC_LOAD_DYLIB[15]	PACKAGING/DEPENDENCY	L1-FEAT-DRIVER	L1-STATIC-XW,L1-STATIC-XDIAG,L1-STATIC-ZSTD-SPEC	COMPLETE-TILING-UNRESOLVED	L1-macho-regions	ownership=PRIMARY; file_size=2192824; region_sha256=7745a4d4639b8f1de3e38beb445632a5df37fca6950234b1d83a4278c5dd4c0e
L1-REG-OURS-tmp__phase3c-driver__frozen-ours-primary__bin__g++-0018	GCC-DRIVER	OURS	tmp/phase3c-driver/frozen-ours-primary/bin/riscv32-wch-elf-g++	b244b4084b0eb362c0989b2e7b792f117b56de336135014f3d5901dea99506b8	1720	1776	56	LC_LOAD_DYLIB[16]	PACKAGING/DEPENDENCY	L1-FEAT-DRIVER	L1-STATIC-XW,L1-STATIC-XDIAG,L1-STATIC-ZSTD-SPEC	COMPLETE-TILING-UNRESOLVED	L1-macho-regions	ownership=PRIMARY; file_size=2192824; region_sha256=ffa45af4ce6b7780727be9b2f2f9ca0b35932363e311b247d840ef9da1bdc1f5
L1-REG-OURS-tmp__phase3c-driver__frozen-ours-primary__bin__g++-0019	GCC-DRIVER	OURS	tmp/phase3c-driver/frozen-ours-primary/bin/riscv32-wch-elf-g++	b244b4084b0eb362c0989b2e7b792f117b56de336135014f3d5901dea99506b8	1776	1792	16	LC_FUNCTION_STARTS[17]	SIGNATURE/UUID/BUILD-METADATA	L1-FEAT-DRIVER	L1-STATIC-XW,L1-STATIC-XDIAG,L1-STATIC-ZSTD-SPEC	COMPLETE-TILING-UNRESOLVED	L1-macho-regions	ownership=PRIMARY; file_size=2192824; region_sha256=2f5fa838acc64aea7cb290d200989688ce44ad356b6b21ebad703c4ef0ddeecf
L1-REG-OURS-tmp__phase3c-driver__frozen-ours-primary__bin__g++-0020	GCC-DRIVER	OURS	tmp/phase3c-driver/frozen-ours-primary/bin/riscv32-wch-elf-g++	b244b4084b0eb362c0989b2e7b792f117b56de336135014f3d5901dea99506b8	1792	1808	16	LC_DATA_IN_CODE[18]	SIGNATURE/UUID/BUILD-METADATA	L1-FEAT-DRIVER	L1-STATIC-XW,L1-STATIC-XDIAG,L1-STATIC-ZSTD-SPEC	COMPLETE-TILING-UNRESOLVED	L1-macho-regions	ownership=PRIMARY; file_size=2192824; region_sha256=0d48df73e9e9c3c93e35d849055cd0b81e4337106a0b81bd00b04bc866e9a7d1
L1-REG-OURS-tmp__phase3c-driver__frozen-ours-primary__bin__g++-0021	GCC-DRIVER	OURS	tmp/phase3c-driver/frozen-ours-primary/bin/riscv32-wch-elf-g++	b244b4084b0eb362c0989b2e7b792f117b56de336135014f3d5901dea99506b8	1808	1824	16	LC_CODE_SIGNATURE[19]	SIGNATURE/UUID/BUILD-METADATA	L1-FEAT-DRIVER	L1-STATIC-XW,L1-STATIC-XDIAG,L1-STATIC-ZSTD-SPEC	COMPLETE-TILING-UNRESOLVED	L1-macho-regions	ownership=PRIMARY; file_size=2192824; region_sha256=a373db9f87171a31e6a3d656598adf88da2b87fe3f8cf682300e327251cc4b39
L1-REG-OURS-tmp__phase3c-driver__frozen-ours-primary__bin__g++-0022	GCC-DRIVER	OURS	tmp/phase3c-driver/frozen-ours-primary/bin/riscv32-wch-elf-g++	b244b4084b0eb362c0989b2e7b792f117b56de336135014f3d5901dea99506b8	1824	1864	40	segment:__TEXT	UNRESOLVED	L1-FEAT-DRIVER	L1-STATIC-XW,L1-STATIC-XDIAG,L1-STATIC-ZSTD-SPEC	COMPLETE-TILING-UNRESOLVED	L1-macho-regions	ownership=PRIMARY; file_size=2192824; region_sha256=2c34ce1df23b838c5abf2a7f6437cca3d3067ed509ff25f11df6b11b582b51eb
L1-REG-OURS-tmp__phase3c-driver__frozen-ours-primary__bin__g++-0023	GCC-DRIVER	OURS	tmp/phase3c-driver/frozen-ours-primary/bin/riscv32-wch-elf-g++	b244b4084b0eb362c0989b2e7b792f117b56de336135014f3d5901dea99506b8	1864	730936	729072	section:__TEXT,__text	FUNCTIONAL-CODE	L1-FEAT-DRIVER	L1-STATIC-XW,L1-STATIC-XDIAG,L1-STATIC-ZSTD-SPEC	COMPLETE-TILING-UNRESOLVED	L1-macho-regions	ownership=PRIMARY; file_size=2192824; region_sha256=64749e364f19ddec2016cbdedb54716482a48b2a219f326963c930ae9f0d44c0
L1-REG-OURS-tmp__phase3c-driver__frozen-ours-primary__bin__g++-0024	GCC-DRIVER	OURS	tmp/phase3c-driver/frozen-ours-primary/bin/riscv32-wch-elf-g++	b244b4084b0eb362c0989b2e7b792f117b56de336135014f3d5901dea99506b8	730936	732748	1812	section:__TEXT,__stubs	UNRESOLVED	L1-FEAT-DRIVER	L1-STATIC-XW,L1-STATIC-XDIAG,L1-STATIC-ZSTD-SPEC	COMPLETE-TILING-UNRESOLVED	L1-macho-regions	ownership=PRIMARY; file_size=2192824; region_sha256=db58e7d8c5570e87dcf4b421a7aa871b77d077d324e4c52f90b7a2194dbd0419
L1-REG-OURS-tmp__phase3c-driver__frozen-ours-primary__bin__g++-0025	GCC-DRIVER	OURS	tmp/phase3c-driver/frozen-ours-primary/bin/riscv32-wch-elf-g++	b244b4084b0eb362c0989b2e7b792f117b56de336135014f3d5901dea99506b8	732748	732764	16	section:__TEXT,__init_offsets	UNRESOLVED	L1-FEAT-DRIVER	L1-STATIC-XW,L1-STATIC-XDIAG,L1-STATIC-ZSTD-SPEC	COMPLETE-TILING-UNRESOLVED	L1-macho-regions	ownership=PRIMARY; file_size=2192824; region_sha256=93cfc09617c7035ee2fe5e43c8198c97a84c20d01aed5c29f2ba0ebf65e133a8
L1-REG-OURS-tmp__phase3c-driver__frozen-ours-primary__bin__g++-0026	GCC-DRIVER	OURS	tmp/phase3c-driver/frozen-ours-primary/bin/riscv32-wch-elf-g++	b244b4084b0eb362c0989b2e7b792f117b56de336135014f3d5901dea99506b8	732764	732768	4	segment:__TEXT	UNRESOLVED	L1-FEAT-DRIVER	L1-STATIC-XW,L1-STATIC-XDIAG,L1-STATIC-ZSTD-SPEC	COMPLETE-TILING-UNRESOLVED	L1-macho-regions	ownership=PRIMARY; file_size=2192824; region_sha256=df3f619804a92fdb4057192dc43dd748ea778adc52bc498ce80524c014b81119
L1-REG-OURS-tmp__phase3c-driver__frozen-ours-primary__bin__g++-0027	GCC-DRIVER	OURS	tmp/phase3c-driver/frozen-ours-primary/bin/riscv32-wch-elf-g++	b244b4084b0eb362c0989b2e7b792f117b56de336135014f3d5901dea99506b8	732768	1084960	352192	section:__TEXT,__const	FUNCTIONAL-DATA-TABLE	L1-FEAT-DRIVER	L1-STATIC-XW,L1-STATIC-XDIAG,L1-STATIC-ZSTD-SPEC	COMPLETE-TILING-UNRESOLVED	L1-macho-regions	ownership=PRIMARY; file_size=2192824; region_sha256=20c502065189c23cf9c61fd40b0200831b921a0003d9dcf3d44acf99a2e3f0dd
L1-REG-OURS-tmp__phase3c-driver__frozen-ours-primary__bin__g++-0028	GCC-DRIVER	OURS	tmp/phase3c-driver/frozen-ours-primary/bin/riscv32-wch-elf-g++	b244b4084b0eb362c0989b2e7b792f117b56de336135014f3d5901dea99506b8	1084960	1419133	334173	section:__TEXT,__cstring	FUNCTIONAL-DATA-TABLE	L1-FEAT-DRIVER	L1-STATIC-XW,L1-STATIC-XDIAG,L1-STATIC-ZSTD-SPEC	COMPLETE-TILING-UNRESOLVED	L1-macho-regions	ownership=PRIMARY; file_size=2192824; region_sha256=fd96f16b7ff01f682585235fe6f8cc0de48ad2ee432634de762248154646862e
L1-REG-OURS-tmp__phase3c-driver__frozen-ours-primary__bin__g++-0029	GCC-DRIVER	OURS	tmp/phase3c-driver/frozen-ours-primary/bin/riscv32-wch-elf-g++	b244b4084b0eb362c0989b2e7b792f117b56de336135014f3d5901dea99506b8	1419133	1419136	3	segment:__TEXT	UNRESOLVED	L1-FEAT-DRIVER	L1-STATIC-XW,L1-STATIC-XDIAG,L1-STATIC-ZSTD-SPEC	COMPLETE-TILING-UNRESOLVED	L1-macho-regions	ownership=PRIMARY; file_size=2192824; region_sha256=709e80c88487a2411e1ee4dfb9f22a861492d20c4765150c0c794abd70f8147c
L1-REG-OURS-tmp__phase3c-driver__frozen-ours-primary__bin__g++-0030	GCC-DRIVER	OURS	tmp/phase3c-driver/frozen-ours-primary/bin/riscv32-wch-elf-g++	b244b4084b0eb362c0989b2e7b792f117b56de336135014f3d5901dea99506b8	1419136	1428312	9176	section:__TEXT,__unwind_info	FUNCTIONAL-DATA-TABLE	L1-FEAT-DRIVER	L1-STATIC-XW,L1-STATIC-XDIAG,L1-STATIC-ZSTD-SPEC	COMPLETE-TILING-UNRESOLVED	L1-macho-regions	ownership=PRIMARY; file_size=2192824; region_sha256=d3ff17028aede3395121d6c2b076eb6aca19647512a59a4897127401f61f0c9d
L1-REG-OURS-tmp__phase3c-driver__frozen-ours-primary__bin__g++-0031	GCC-DRIVER	OURS	tmp/phase3c-driver/frozen-ours-primary/bin/riscv32-wch-elf-g++	b244b4084b0eb362c0989b2e7b792f117b56de336135014f3d5901dea99506b8	1428312	1488100	59788	section:__TEXT,__eh_frame	FUNCTIONAL-DATA-TABLE	L1-FEAT-DRIVER	L1-STATIC-XW,L1-STATIC-XDIAG,L1-STATIC-ZSTD-SPEC	COMPLETE-TILING-UNRESOLVED	L1-macho-regions	ownership=PRIMARY; file_size=2192824; region_sha256=2f6b5cf650286ca68a8df381b5622bbf554a28a8de9d858398458992ddc35704
L1-REG-OURS-tmp__phase3c-driver__frozen-ours-primary__bin__g++-0032	GCC-DRIVER	OURS	tmp/phase3c-driver/frozen-ours-primary/bin/riscv32-wch-elf-g++	b244b4084b0eb362c0989b2e7b792f117b56de336135014f3d5901dea99506b8	1488100	1490944	2844	segment:__TEXT	UNRESOLVED	L1-FEAT-DRIVER	L1-STATIC-XW,L1-STATIC-XDIAG,L1-STATIC-ZSTD-SPEC	COMPLETE-TILING-UNRESOLVED	L1-macho-regions	ownership=PRIMARY; file_size=2192824; region_sha256=86a4465859cb8861d43530d92028ddca1fdf26a1e3fa2911b4c83a1451115958
L1-REG-OURS-tmp__phase3c-driver__frozen-ours-primary__bin__g++-0033	GCC-DRIVER	OURS	tmp/phase3c-driver/frozen-ours-primary/bin/riscv32-wch-elf-g++	b244b4084b0eb362c0989b2e7b792f117b56de336135014f3d5901dea99506b8	1490944	1492384	1440	section:__DATA_CONST,__got	FUNCTIONAL-DATA-TABLE	L1-FEAT-DRIVER	L1-STATIC-XW,L1-STATIC-XDIAG,L1-STATIC-ZSTD-SPEC	COMPLETE-TILING-UNRESOLVED	L1-macho-regions	ownership=PRIMARY; file_size=2192824; region_sha256=ae03c576bd5a6e53357ca6cc25e6223122cace1798e64c329af57e5f269592f8
L1-REG-OURS-tmp__phase3c-driver__frozen-ours-primary__bin__g++-0034	GCC-DRIVER	OURS	tmp/phase3c-driver/frozen-ours-primary/bin/riscv32-wch-elf-g++	b244b4084b0eb362c0989b2e7b792f117b56de336135014f3d5901dea99506b8	1492384	1745912	253528	section:__DATA_CONST,__const	FUNCTIONAL-DATA-TABLE	L1-FEAT-DRIVER	L1-STATIC-XW,L1-STATIC-XDIAG,L1-STATIC-ZSTD-SPEC	COMPLETE-TILING-UNRESOLVED	L1-macho-regions	ownership=PRIMARY; file_size=2192824; region_sha256=9d60d56d845e52864140373e437f97fcd12841722ebeb89427f561bd408731e2
L1-REG-OURS-tmp__phase3c-driver__frozen-ours-primary__bin__g++-0035	GCC-DRIVER	OURS	tmp/phase3c-driver/frozen-ours-primary/bin/riscv32-wch-elf-g++	b244b4084b0eb362c0989b2e7b792f117b56de336135014f3d5901dea99506b8	1745912	1753088	7176	segment:__DATA_CONST	UNRESOLVED	L1-FEAT-DRIVER	L1-STATIC-XW,L1-STATIC-XDIAG,L1-STATIC-ZSTD-SPEC	COMPLETE-TILING-UNRESOLVED	L1-macho-regions	ownership=PRIMARY; file_size=2192824; region_sha256=165ca75fca58a80c0267ba8b091fd3acffac21765032b201bfc4c29b663b7351
L1-REG-OURS-tmp__phase3c-driver__frozen-ours-primary__bin__g++-0036	GCC-DRIVER	OURS	tmp/phase3c-driver/frozen-ours-primary/bin/riscv32-wch-elf-g++	b244b4084b0eb362c0989b2e7b792f117b56de336135014f3d5901dea99506b8	1753088	1755856	2768	section:__DATA,__data	FUNCTIONAL-DATA-TABLE	L1-FEAT-DRIVER	L1-STATIC-XW,L1-STATIC-XDIAG,L1-STATIC-ZSTD-SPEC	COMPLETE-TILING-UNRESOLVED	L1-macho-regions	ownership=PRIMARY; file_size=2192824; region_sha256=70e28e510640665589a05ca48c2a31d01e036855a6e1434cc44391d4b2c85e67
L1-REG-OURS-tmp__phase3c-driver__frozen-ours-primary__bin__g++-0037	GCC-DRIVER	OURS	tmp/phase3c-driver/frozen-ours-primary/bin/riscv32-wch-elf-g++	b244b4084b0eb362c0989b2e7b792f117b56de336135014f3d5901dea99506b8	1755856	1769472	13616	segment:__DATA	UNRESOLVED	L1-FEAT-DRIVER	L1-STATIC-XW,L1-STATIC-XDIAG,L1-STATIC-ZSTD-SPEC	COMPLETE-TILING-UNRESOLVED	L1-macho-regions	ownership=PRIMARY; file_size=2192824; region_sha256=df2a49e8ad39fc1deabf72892bd8580ae9bcb3fc839ba79f3e9fe15cb2a3d6fc
L1-REG-OURS-tmp__phase3c-driver__frozen-ours-primary__bin__g++-0038	GCC-DRIVER	OURS	tmp/phase3c-driver/frozen-ours-primary/bin/riscv32-wch-elf-g++	b244b4084b0eb362c0989b2e7b792f117b56de336135014f3d5901dea99506b8	1769472	1774792	5320	LC_DYLD_CHAINED_FIXUPS:payload	LINK-LAYOUT	L1-FEAT-DRIVER	L1-STATIC-XW,L1-STATIC-XDIAG,L1-STATIC-ZSTD-SPEC	COMPLETE-TILING-UNRESOLVED	L1-macho-regions	ownership=PRIMARY; file_size=2192824; region_sha256=72d10502dae46bd8d244cbe0edf79cdad20e8df8a48b131109ec274698c782ff
L1-REG-OURS-tmp__phase3c-driver__frozen-ours-primary__bin__g++-0039	GCC-DRIVER	OURS	tmp/phase3c-driver/frozen-ours-primary/bin/riscv32-wch-elf-g++	b244b4084b0eb362c0989b2e7b792f117b56de336135014f3d5901dea99506b8	1774792	1836016	61224	LC_DYLD_EXPORTS_TRIE:payload	LINK-LAYOUT	L1-FEAT-DRIVER	L1-STATIC-XW,L1-STATIC-XDIAG,L1-STATIC-ZSTD-SPEC	COMPLETE-TILING-UNRESOLVED	L1-macho-regions	ownership=PRIMARY; file_size=2192824; region_sha256=280f9929c644ee431df5b59cb8a8acfaa4c559c8320d5400127593366267552c
L1-REG-OURS-tmp__phase3c-driver__frozen-ours-primary__bin__g++-0040	GCC-DRIVER	OURS	tmp/phase3c-driver/frozen-ours-primary/bin/riscv32-wch-elf-g++	b244b4084b0eb362c0989b2e7b792f117b56de336135014f3d5901dea99506b8	1836016	1839248	3232	LC_FUNCTION_STARTS:payload	STRIP/DEBUG/SYMBOL-LAYOUT	L1-FEAT-DRIVER	L1-STATIC-XW,L1-STATIC-XDIAG,L1-STATIC-ZSTD-SPEC	COMPLETE-TILING-UNRESOLVED	L1-macho-regions	ownership=PRIMARY; file_size=2192824; region_sha256=4c7061056a42c0f4b00a164a950fd1fc9fc78e235edf15dfa4b60caa3b54b9aa
L1-REG-OURS-tmp__phase3c-driver__frozen-ours-primary__bin__g++-0041	GCC-DRIVER	OURS	tmp/phase3c-driver/frozen-ours-primary/bin/riscv32-wch-elf-g++	b244b4084b0eb362c0989b2e7b792f117b56de336135014f3d5901dea99506b8	1839248	2035632	196384	LC_SYMTAB:nlist_64	STRIP/DEBUG/SYMBOL-LAYOUT	L1-FEAT-DRIVER	L1-STATIC-XW,L1-STATIC-XDIAG,L1-STATIC-ZSTD-SPEC	COMPLETE-TILING-UNRESOLVED	L1-macho-regions	ownership=PRIMARY; file_size=2192824; region_sha256=97fab15f26864599b04ccec3225565e91e7aa929dfe3d28d53e10b9b9d978a74
L1-REG-OURS-tmp__phase3c-driver__frozen-ours-primary__bin__g++-0042	GCC-DRIVER	OURS	tmp/phase3c-driver/frozen-ours-primary/bin/riscv32-wch-elf-g++	b244b4084b0eb362c0989b2e7b792f117b56de336135014f3d5901dea99506b8	2035632	2036960	1328	segment:__LINKEDIT	LINK-LAYOUT	L1-FEAT-DRIVER	L1-STATIC-XW,L1-STATIC-XDIAG,L1-STATIC-ZSTD-SPEC	COMPLETE-TILING-UNRESOLVED	L1-macho-regions	ownership=PRIMARY; file_size=2192824; region_sha256=9863f84974e0e5452e27eac9366ddfa025b470dc5356a55c568a726e0333431d
L1-REG-OURS-tmp__phase3c-driver__frozen-ours-primary__bin__g++-0043	GCC-DRIVER	OURS	tmp/phase3c-driver/frozen-ours-primary/bin/riscv32-wch-elf-g++	b244b4084b0eb362c0989b2e7b792f117b56de336135014f3d5901dea99506b8	2036960	2175672	138712	LC_SYMTAB:string_table	STRIP/DEBUG/SYMBOL-LAYOUT	L1-FEAT-DRIVER	L1-STATIC-XW,L1-STATIC-XDIAG,L1-STATIC-ZSTD-SPEC	COMPLETE-TILING-UNRESOLVED	L1-macho-regions	ownership=PRIMARY; file_size=2192824; region_sha256=45b1826bd3fe30cb0a421ae9664494ba4c24ea130f4f9ed6d9c65816470a939a
L1-REG-OURS-tmp__phase3c-driver__frozen-ours-primary__bin__g++-0044	GCC-DRIVER	OURS	tmp/phase3c-driver/frozen-ours-primary/bin/riscv32-wch-elf-g++	b244b4084b0eb362c0989b2e7b792f117b56de336135014f3d5901dea99506b8	2175672	2175680	8	segment:__LINKEDIT	LINK-LAYOUT	L1-FEAT-DRIVER	L1-STATIC-XW,L1-STATIC-XDIAG,L1-STATIC-ZSTD-SPEC	COMPLETE-TILING-UNRESOLVED	L1-macho-regions	ownership=PRIMARY; file_size=2192824; region_sha256=af5570f5a1810b7af78caf4bc70a660f0df51e42baf91d4de5b2328de0e83dfc
L1-REG-OURS-tmp__phase3c-driver__frozen-ours-primary__bin__g++-0045	GCC-DRIVER	OURS	tmp/phase3c-driver/frozen-ours-primary/bin/riscv32-wch-elf-g++	b244b4084b0eb362c0989b2e7b792f117b56de336135014f3d5901dea99506b8	2175680	2192824	17144	LC_CODE_SIGNATURE:payload	SIGNATURE/UUID/BUILD-METADATA	L1-FEAT-DRIVER	L1-STATIC-XW,L1-STATIC-XDIAG,L1-STATIC-ZSTD-SPEC	COMPLETE-TILING-UNRESOLVED	L1-macho-regions	ownership=PRIMARY; file_size=2192824; region_sha256=87f440653df1fbabdea4354741a064a5657a49ec9d57195a3f3b76e6ec75b82b
L1-REG-OURS-tmp__phase3c-driver__frozen-ours-primary__bin__gcc-0001	GCC-DRIVER	OURS	tmp/phase3c-driver/frozen-ours-primary/bin/riscv32-wch-elf-gcc	bb5f0f7752157e4919483756084278d63fdce19fc58fee51f9b55b5ede50c22e	0	32	32	mach_header_64	SIGNATURE/UUID/BUILD-METADATA	L1-FEAT-DRIVER	L1-STATIC-XW,L1-STATIC-XDIAG,L1-STATIC-ZSTD-SPEC	COMPLETE-TILING-UNRESOLVED	L1-macho-regions	ownership=PRIMARY; file_size=2192824; region_sha256=08954c9497afe8aea0829ceb1816408e95f9e85573f06eea750fecd84c9d8947
L1-REG-OURS-tmp__phase3c-driver__frozen-ours-primary__bin__gcc-0002	GCC-DRIVER	OURS	tmp/phase3c-driver/frozen-ours-primary/bin/riscv32-wch-elf-gcc	bb5f0f7752157e4919483756084278d63fdce19fc58fee51f9b55b5ede50c22e	32	104	72	LC_SEGMENT_64[0]	SIGNATURE/UUID/BUILD-METADATA	L1-FEAT-DRIVER	L1-STATIC-XW,L1-STATIC-XDIAG,L1-STATIC-ZSTD-SPEC	COMPLETE-TILING-UNRESOLVED	L1-macho-regions	ownership=PRIMARY; file_size=2192824; region_sha256=38432a8fbcbe1ae9fdf9263fe1e4e948de98131833cc5e5333f375dcf5f6333f
L1-REG-OURS-tmp__phase3c-driver__frozen-ours-primary__bin__gcc-0003	GCC-DRIVER	OURS	tmp/phase3c-driver/frozen-ours-primary/bin/riscv32-wch-elf-gcc	bb5f0f7752157e4919483756084278d63fdce19fc58fee51f9b55b5ede50c22e	104	736	632	LC_SEGMENT_64[1]	SIGNATURE/UUID/BUILD-METADATA	L1-FEAT-DRIVER	L1-STATIC-XW,L1-STATIC-XDIAG,L1-STATIC-ZSTD-SPEC	COMPLETE-TILING-UNRESOLVED	L1-macho-regions	ownership=PRIMARY; file_size=2192824; region_sha256=9aa17cc51ac577a9abc33ec71f50977648be8848368fd19a642fd06bd929df18
L1-REG-OURS-tmp__phase3c-driver__frozen-ours-primary__bin__gcc-0004	GCC-DRIVER	OURS	tmp/phase3c-driver/frozen-ours-primary/bin/riscv32-wch-elf-gcc	bb5f0f7752157e4919483756084278d63fdce19fc58fee51f9b55b5ede50c22e	736	968	232	LC_SEGMENT_64[2]	SIGNATURE/UUID/BUILD-METADATA	L1-FEAT-DRIVER	L1-STATIC-XW,L1-STATIC-XDIAG,L1-STATIC-ZSTD-SPEC	COMPLETE-TILING-UNRESOLVED	L1-macho-regions	ownership=PRIMARY; file_size=2192824; region_sha256=ea9ca25a78fc2ff4f02dfe4a79e1b5fdbbbf9159763be3c3a1b9a955fe420900
L1-REG-OURS-tmp__phase3c-driver__frozen-ours-primary__bin__gcc-0005	GCC-DRIVER	OURS	tmp/phase3c-driver/frozen-ours-primary/bin/riscv32-wch-elf-gcc	bb5f0f7752157e4919483756084278d63fdce19fc58fee51f9b55b5ede50c22e	968	1280	312	LC_SEGMENT_64[3]	SIGNATURE/UUID/BUILD-METADATA	L1-FEAT-DRIVER	L1-STATIC-XW,L1-STATIC-XDIAG,L1-STATIC-ZSTD-SPEC	COMPLETE-TILING-UNRESOLVED	L1-macho-regions	ownership=PRIMARY; file_size=2192824; region_sha256=84ac7fae8149e4bb7ed8115342fa74881263b37850225bfefd5abd285efbe4d0
L1-REG-OURS-tmp__phase3c-driver__frozen-ours-primary__bin__gcc-0006	GCC-DRIVER	OURS	tmp/phase3c-driver/frozen-ours-primary/bin/riscv32-wch-elf-gcc	bb5f0f7752157e4919483756084278d63fdce19fc58fee51f9b55b5ede50c22e	1280	1352	72	LC_SEGMENT_64[4]	SIGNATURE/UUID/BUILD-METADATA	L1-FEAT-DRIVER	L1-STATIC-XW,L1-STATIC-XDIAG,L1-STATIC-ZSTD-SPEC	COMPLETE-TILING-UNRESOLVED	L1-macho-regions	ownership=PRIMARY; file_size=2192824; region_sha256=2bf6dad1cc0696920e9f2a872858390fee042dec7eff5d8505f64f64db91deac
L1-REG-OURS-tmp__phase3c-driver__frozen-ours-primary__bin__gcc-0007	GCC-DRIVER	OURS	tmp/phase3c-driver/frozen-ours-primary/bin/riscv32-wch-elf-gcc	bb5f0f7752157e4919483756084278d63fdce19fc58fee51f9b55b5ede50c22e	1352	1368	16	LC_DYLD_CHAINED_FIXUPS[5]	SIGNATURE/UUID/BUILD-METADATA	L1-FEAT-DRIVER	L1-STATIC-XW,L1-STATIC-XDIAG,L1-STATIC-ZSTD-SPEC	COMPLETE-TILING-UNRESOLVED	L1-macho-regions	ownership=PRIMARY; file_size=2192824; region_sha256=0b066c8f9dcb146311b6bb677532d2b3c729c8bf04aa59480dc2e3ecd831cfd9
L1-REG-OURS-tmp__phase3c-driver__frozen-ours-primary__bin__gcc-0008	GCC-DRIVER	OURS	tmp/phase3c-driver/frozen-ours-primary/bin/riscv32-wch-elf-gcc	bb5f0f7752157e4919483756084278d63fdce19fc58fee51f9b55b5ede50c22e	1368	1384	16	LC_DYLD_EXPORTS_TRIE[6]	SIGNATURE/UUID/BUILD-METADATA	L1-FEAT-DRIVER	L1-STATIC-XW,L1-STATIC-XDIAG,L1-STATIC-ZSTD-SPEC	COMPLETE-TILING-UNRESOLVED	L1-macho-regions	ownership=PRIMARY; file_size=2192824; region_sha256=b41f80f40c7873af49d337b93a1c03143a6f49db21c3bd843e94237c920357a3
L1-REG-OURS-tmp__phase3c-driver__frozen-ours-primary__bin__gcc-0009	GCC-DRIVER	OURS	tmp/phase3c-driver/frozen-ours-primary/bin/riscv32-wch-elf-gcc	bb5f0f7752157e4919483756084278d63fdce19fc58fee51f9b55b5ede50c22e	1384	1408	24	LC_SYMTAB[7]	SIGNATURE/UUID/BUILD-METADATA	L1-FEAT-DRIVER	L1-STATIC-XW,L1-STATIC-XDIAG,L1-STATIC-ZSTD-SPEC	COMPLETE-TILING-UNRESOLVED	L1-macho-regions	ownership=PRIMARY; file_size=2192824; region_sha256=2057ded5b6e50f4a926a49b952888e83fbd4e6ff0826ea2e57b696a9bce51a0d
L1-REG-OURS-tmp__phase3c-driver__frozen-ours-primary__bin__gcc-0010	GCC-DRIVER	OURS	tmp/phase3c-driver/frozen-ours-primary/bin/riscv32-wch-elf-gcc	bb5f0f7752157e4919483756084278d63fdce19fc58fee51f9b55b5ede50c22e	1408	1488	80	LC_DYSYMTAB[8]	SIGNATURE/UUID/BUILD-METADATA	L1-FEAT-DRIVER	L1-STATIC-XW,L1-STATIC-XDIAG,L1-STATIC-ZSTD-SPEC	COMPLETE-TILING-UNRESOLVED	L1-macho-regions	ownership=PRIMARY; file_size=2192824; region_sha256=26b3acc2094e0e319945ce5ce739260e77f74fa8ce2c0886acf16fdbb67cd373
L1-REG-OURS-tmp__phase3c-driver__frozen-ours-primary__bin__gcc-0011	GCC-DRIVER	OURS	tmp/phase3c-driver/frozen-ours-primary/bin/riscv32-wch-elf-gcc	bb5f0f7752157e4919483756084278d63fdce19fc58fee51f9b55b5ede50c22e	1488	1520	32	LC_LOAD_DYLINKER[9]	PACKAGING/DEPENDENCY	L1-FEAT-DRIVER	L1-STATIC-XW,L1-STATIC-XDIAG,L1-STATIC-ZSTD-SPEC	COMPLETE-TILING-UNRESOLVED	L1-macho-regions	ownership=PRIMARY; file_size=2192824; region_sha256=44316cf4f366f41aa06996613c44af75e34479362928faf61a168c2a203b5999
L1-REG-OURS-tmp__phase3c-driver__frozen-ours-primary__bin__gcc-0012	GCC-DRIVER	OURS	tmp/phase3c-driver/frozen-ours-primary/bin/riscv32-wch-elf-gcc	bb5f0f7752157e4919483756084278d63fdce19fc58fee51f9b55b5ede50c22e	1520	1544	24	LC_UUID[10]	SIGNATURE/UUID/BUILD-METADATA	L1-FEAT-DRIVER	L1-STATIC-XW,L1-STATIC-XDIAG,L1-STATIC-ZSTD-SPEC	COMPLETE-TILING-UNRESOLVED	L1-macho-regions	ownership=PRIMARY; file_size=2192824; region_sha256=4b99c8f88994d39d0192c24b1c103c67098c9013ec23f74a9eb2470cd8f84142
L1-REG-OURS-tmp__phase3c-driver__frozen-ours-primary__bin__gcc-0013	GCC-DRIVER	OURS	tmp/phase3c-driver/frozen-ours-primary/bin/riscv32-wch-elf-gcc	bb5f0f7752157e4919483756084278d63fdce19fc58fee51f9b55b5ede50c22e	1544	1576	32	LC_BUILD_VERSION[11]	SIGNATURE/UUID/BUILD-METADATA	L1-FEAT-DRIVER	L1-STATIC-XW,L1-STATIC-XDIAG,L1-STATIC-ZSTD-SPEC	COMPLETE-TILING-UNRESOLVED	L1-macho-regions	ownership=PRIMARY; file_size=2192824; region_sha256=06be0acc3151d0cb3a5720312a0ae05bf2376d394c98194de6f77801b59ab2e0
L1-REG-OURS-tmp__phase3c-driver__frozen-ours-primary__bin__gcc-0014	GCC-DRIVER	OURS	tmp/phase3c-driver/frozen-ours-primary/bin/riscv32-wch-elf-gcc	bb5f0f7752157e4919483756084278d63fdce19fc58fee51f9b55b5ede50c22e	1576	1592	16	LC_SOURCE_VERSION[12]	SIGNATURE/UUID/BUILD-METADATA	L1-FEAT-DRIVER	L1-STATIC-XW,L1-STATIC-XDIAG,L1-STATIC-ZSTD-SPEC	COMPLETE-TILING-UNRESOLVED	L1-macho-regions	ownership=PRIMARY; file_size=2192824; region_sha256=01a60f1db7db041298aa3e269ff5ebea951aa6977963e4ab563905da906d2b82
L1-REG-OURS-tmp__phase3c-driver__frozen-ours-primary__bin__gcc-0015	GCC-DRIVER	OURS	tmp/phase3c-driver/frozen-ours-primary/bin/riscv32-wch-elf-gcc	bb5f0f7752157e4919483756084278d63fdce19fc58fee51f9b55b5ede50c22e	1592	1616	24	LC_MAIN[13]	SIGNATURE/UUID/BUILD-METADATA	L1-FEAT-DRIVER	L1-STATIC-XW,L1-STATIC-XDIAG,L1-STATIC-ZSTD-SPEC	COMPLETE-TILING-UNRESOLVED	L1-macho-regions	ownership=PRIMARY; file_size=2192824; region_sha256=dfb2e7c262c93bdbe3471ef2359798698f758e2975ea2362dfbdb82f9dfcd602
L1-REG-OURS-tmp__phase3c-driver__frozen-ours-primary__bin__gcc-0016	GCC-DRIVER	OURS	tmp/phase3c-driver/frozen-ours-primary/bin/riscv32-wch-elf-gcc	bb5f0f7752157e4919483756084278d63fdce19fc58fee51f9b55b5ede50c22e	1616	1672	56	LC_LOAD_DYLIB[14]	PACKAGING/DEPENDENCY	L1-FEAT-DRIVER	L1-STATIC-XW,L1-STATIC-XDIAG,L1-STATIC-ZSTD-SPEC	COMPLETE-TILING-UNRESOLVED	L1-macho-regions	ownership=PRIMARY; file_size=2192824; region_sha256=1a489c8b895a1c5fa426d2f6bdf524fa8d9c8227923ea0a7bb3a194fd92823ea
L1-REG-OURS-tmp__phase3c-driver__frozen-ours-primary__bin__gcc-0017	GCC-DRIVER	OURS	tmp/phase3c-driver/frozen-ours-primary/bin/riscv32-wch-elf-gcc	bb5f0f7752157e4919483756084278d63fdce19fc58fee51f9b55b5ede50c22e	1672	1720	48	LC_LOAD_DYLIB[15]	PACKAGING/DEPENDENCY	L1-FEAT-DRIVER	L1-STATIC-XW,L1-STATIC-XDIAG,L1-STATIC-ZSTD-SPEC	COMPLETE-TILING-UNRESOLVED	L1-macho-regions	ownership=PRIMARY; file_size=2192824; region_sha256=7745a4d4639b8f1de3e38beb445632a5df37fca6950234b1d83a4278c5dd4c0e
L1-REG-OURS-tmp__phase3c-driver__frozen-ours-primary__bin__gcc-0018	GCC-DRIVER	OURS	tmp/phase3c-driver/frozen-ours-primary/bin/riscv32-wch-elf-gcc	bb5f0f7752157e4919483756084278d63fdce19fc58fee51f9b55b5ede50c22e	1720	1776	56	LC_LOAD_DYLIB[16]	PACKAGING/DEPENDENCY	L1-FEAT-DRIVER	L1-STATIC-XW,L1-STATIC-XDIAG,L1-STATIC-ZSTD-SPEC	COMPLETE-TILING-UNRESOLVED	L1-macho-regions	ownership=PRIMARY; file_size=2192824; region_sha256=ffa45af4ce6b7780727be9b2f2f9ca0b35932363e311b247d840ef9da1bdc1f5
L1-REG-OURS-tmp__phase3c-driver__frozen-ours-primary__bin__gcc-0019	GCC-DRIVER	OURS	tmp/phase3c-driver/frozen-ours-primary/bin/riscv32-wch-elf-gcc	bb5f0f7752157e4919483756084278d63fdce19fc58fee51f9b55b5ede50c22e	1776	1792	16	LC_FUNCTION_STARTS[17]	SIGNATURE/UUID/BUILD-METADATA	L1-FEAT-DRIVER	L1-STATIC-XW,L1-STATIC-XDIAG,L1-STATIC-ZSTD-SPEC	COMPLETE-TILING-UNRESOLVED	L1-macho-regions	ownership=PRIMARY; file_size=2192824; region_sha256=2f5fa838acc64aea7cb290d200989688ce44ad356b6b21ebad703c4ef0ddeecf
L1-REG-OURS-tmp__phase3c-driver__frozen-ours-primary__bin__gcc-0020	GCC-DRIVER	OURS	tmp/phase3c-driver/frozen-ours-primary/bin/riscv32-wch-elf-gcc	bb5f0f7752157e4919483756084278d63fdce19fc58fee51f9b55b5ede50c22e	1792	1808	16	LC_DATA_IN_CODE[18]	SIGNATURE/UUID/BUILD-METADATA	L1-FEAT-DRIVER	L1-STATIC-XW,L1-STATIC-XDIAG,L1-STATIC-ZSTD-SPEC	COMPLETE-TILING-UNRESOLVED	L1-macho-regions	ownership=PRIMARY; file_size=2192824; region_sha256=0d48df73e9e9c3c93e35d849055cd0b81e4337106a0b81bd00b04bc866e9a7d1
L1-REG-OURS-tmp__phase3c-driver__frozen-ours-primary__bin__gcc-0021	GCC-DRIVER	OURS	tmp/phase3c-driver/frozen-ours-primary/bin/riscv32-wch-elf-gcc	bb5f0f7752157e4919483756084278d63fdce19fc58fee51f9b55b5ede50c22e	1808	1824	16	LC_CODE_SIGNATURE[19]	SIGNATURE/UUID/BUILD-METADATA	L1-FEAT-DRIVER	L1-STATIC-XW,L1-STATIC-XDIAG,L1-STATIC-ZSTD-SPEC	COMPLETE-TILING-UNRESOLVED	L1-macho-regions	ownership=PRIMARY; file_size=2192824; region_sha256=a373db9f87171a31e6a3d656598adf88da2b87fe3f8cf682300e327251cc4b39
L1-REG-OURS-tmp__phase3c-driver__frozen-ours-primary__bin__gcc-0022	GCC-DRIVER	OURS	tmp/phase3c-driver/frozen-ours-primary/bin/riscv32-wch-elf-gcc	bb5f0f7752157e4919483756084278d63fdce19fc58fee51f9b55b5ede50c22e	1824	1864	40	segment:__TEXT	UNRESOLVED	L1-FEAT-DRIVER	L1-STATIC-XW,L1-STATIC-XDIAG,L1-STATIC-ZSTD-SPEC	COMPLETE-TILING-UNRESOLVED	L1-macho-regions	ownership=PRIMARY; file_size=2192824; region_sha256=2c34ce1df23b838c5abf2a7f6437cca3d3067ed509ff25f11df6b11b582b51eb
L1-REG-OURS-tmp__phase3c-driver__frozen-ours-primary__bin__gcc-0023	GCC-DRIVER	OURS	tmp/phase3c-driver/frozen-ours-primary/bin/riscv32-wch-elf-gcc	bb5f0f7752157e4919483756084278d63fdce19fc58fee51f9b55b5ede50c22e	1864	728524	726660	section:__TEXT,__text	FUNCTIONAL-CODE	L1-FEAT-DRIVER	L1-STATIC-XW,L1-STATIC-XDIAG,L1-STATIC-ZSTD-SPEC	COMPLETE-TILING-UNRESOLVED	L1-macho-regions	ownership=PRIMARY; file_size=2192824; region_sha256=63b0cdda542d93a1fc3edd6b7b4db831efe1b224f924399ade32f54f49bae09c
L1-REG-OURS-tmp__phase3c-driver__frozen-ours-primary__bin__gcc-0024	GCC-DRIVER	OURS	tmp/phase3c-driver/frozen-ours-primary/bin/riscv32-wch-elf-gcc	bb5f0f7752157e4919483756084278d63fdce19fc58fee51f9b55b5ede50c22e	728524	730336	1812	section:__TEXT,__stubs	UNRESOLVED	L1-FEAT-DRIVER	L1-STATIC-XW,L1-STATIC-XDIAG,L1-STATIC-ZSTD-SPEC	COMPLETE-TILING-UNRESOLVED	L1-macho-regions	ownership=PRIMARY; file_size=2192824; region_sha256=31936a43c4ffb4f7823413475f1023ebc49ec282667ff9cd4cd04fb552a046b5
L1-REG-OURS-tmp__phase3c-driver__frozen-ours-primary__bin__gcc-0025	GCC-DRIVER	OURS	tmp/phase3c-driver/frozen-ours-primary/bin/riscv32-wch-elf-gcc	bb5f0f7752157e4919483756084278d63fdce19fc58fee51f9b55b5ede50c22e	730336	730352	16	section:__TEXT,__init_offsets	UNRESOLVED	L1-FEAT-DRIVER	L1-STATIC-XW,L1-STATIC-XDIAG,L1-STATIC-ZSTD-SPEC	COMPLETE-TILING-UNRESOLVED	L1-macho-regions	ownership=PRIMARY; file_size=2192824; region_sha256=047c3a3067e9b387e908fe96cdc3f0d812054fe015e9a861c1ebe30548ad48b9
L1-REG-OURS-tmp__phase3c-driver__frozen-ours-primary__bin__gcc-0026	GCC-DRIVER	OURS	tmp/phase3c-driver/frozen-ours-primary/bin/riscv32-wch-elf-gcc	bb5f0f7752157e4919483756084278d63fdce19fc58fee51f9b55b5ede50c22e	730352	1082544	352192	section:__TEXT,__const	FUNCTIONAL-DATA-TABLE	L1-FEAT-DRIVER	L1-STATIC-XW,L1-STATIC-XDIAG,L1-STATIC-ZSTD-SPEC	COMPLETE-TILING-UNRESOLVED	L1-macho-regions	ownership=PRIMARY; file_size=2192824; region_sha256=20c502065189c23cf9c61fd40b0200831b921a0003d9dcf3d44acf99a2e3f0dd
L1-REG-OURS-tmp__phase3c-driver__frozen-ours-primary__bin__gcc-0027	GCC-DRIVER	OURS	tmp/phase3c-driver/frozen-ours-primary/bin/riscv32-wch-elf-gcc	bb5f0f7752157e4919483756084278d63fdce19fc58fee51f9b55b5ede50c22e	1082544	1416554	334010	section:__TEXT,__cstring	FUNCTIONAL-DATA-TABLE	L1-FEAT-DRIVER	L1-STATIC-XW,L1-STATIC-XDIAG,L1-STATIC-ZSTD-SPEC	COMPLETE-TILING-UNRESOLVED	L1-macho-regions	ownership=PRIMARY; file_size=2192824; region_sha256=5bd760ffaecc8017fc037993cb73a620a962c3ebe30218d4a928daba018d6aa1
L1-REG-OURS-tmp__phase3c-driver__frozen-ours-primary__bin__gcc-0028	GCC-DRIVER	OURS	tmp/phase3c-driver/frozen-ours-primary/bin/riscv32-wch-elf-gcc	bb5f0f7752157e4919483756084278d63fdce19fc58fee51f9b55b5ede50c22e	1416554	1416556	2	segment:__TEXT	UNRESOLVED	L1-FEAT-DRIVER	L1-STATIC-XW,L1-STATIC-XDIAG,L1-STATIC-ZSTD-SPEC	COMPLETE-TILING-UNRESOLVED	L1-macho-regions	ownership=PRIMARY; file_size=2192824; region_sha256=96a296d224f285c67bee93c30f8a309157f0daa35dc5b87e410b78630a09cfc7
L1-REG-OURS-tmp__phase3c-driver__frozen-ours-primary__bin__gcc-0029	GCC-DRIVER	OURS	tmp/phase3c-driver/frozen-ours-primary/bin/riscv32-wch-elf-gcc	bb5f0f7752157e4919483756084278d63fdce19fc58fee51f9b55b5ede50c22e	1416556	1425724	9168	section:__TEXT,__unwind_info	FUNCTIONAL-DATA-TABLE	L1-FEAT-DRIVER	L1-STATIC-XW,L1-STATIC-XDIAG,L1-STATIC-ZSTD-SPEC	COMPLETE-TILING-UNRESOLVED	L1-macho-regions	ownership=PRIMARY; file_size=2192824; region_sha256=6b2322d90f8991e3b76d2aeb626d9a9fa68396578c1218472d93819aa3597959
L1-REG-OURS-tmp__phase3c-driver__frozen-ours-primary__bin__gcc-0030	GCC-DRIVER	OURS	tmp/phase3c-driver/frozen-ours-primary/bin/riscv32-wch-elf-gcc	bb5f0f7752157e4919483756084278d63fdce19fc58fee51f9b55b5ede50c22e	1425724	1425728	4	segment:__TEXT	UNRESOLVED	L1-FEAT-DRIVER	L1-STATIC-XW,L1-STATIC-XDIAG,L1-STATIC-ZSTD-SPEC	COMPLETE-TILING-UNRESOLVED	L1-macho-regions	ownership=PRIMARY; file_size=2192824; region_sha256=df3f619804a92fdb4057192dc43dd748ea778adc52bc498ce80524c014b81119
L1-REG-OURS-tmp__phase3c-driver__frozen-ours-primary__bin__gcc-0031	GCC-DRIVER	OURS	tmp/phase3c-driver/frozen-ours-primary/bin/riscv32-wch-elf-gcc	bb5f0f7752157e4919483756084278d63fdce19fc58fee51f9b55b5ede50c22e	1425728	1485412	59684	section:__TEXT,__eh_frame	FUNCTIONAL-DATA-TABLE	L1-FEAT-DRIVER	L1-STATIC-XW,L1-STATIC-XDIAG,L1-STATIC-ZSTD-SPEC	COMPLETE-TILING-UNRESOLVED	L1-macho-regions	ownership=PRIMARY; file_size=2192824; region_sha256=1da134f1b44a14c88385722b703617067214cc1e9370c220b7d6d190efb752a8
L1-REG-OURS-tmp__phase3c-driver__frozen-ours-primary__bin__gcc-0032	GCC-DRIVER	OURS	tmp/phase3c-driver/frozen-ours-primary/bin/riscv32-wch-elf-gcc	bb5f0f7752157e4919483756084278d63fdce19fc58fee51f9b55b5ede50c22e	1485412	1490944	5532	segment:__TEXT	UNRESOLVED	L1-FEAT-DRIVER	L1-STATIC-XW,L1-STATIC-XDIAG,L1-STATIC-ZSTD-SPEC	COMPLETE-TILING-UNRESOLVED	L1-macho-regions	ownership=PRIMARY; file_size=2192824; region_sha256=3fba84bef6a29e63dd860d455ab692361e8895fbd9218b7bac6775e8f2d0d8ee
L1-REG-OURS-tmp__phase3c-driver__frozen-ours-primary__bin__gcc-0033	GCC-DRIVER	OURS	tmp/phase3c-driver/frozen-ours-primary/bin/riscv32-wch-elf-gcc	bb5f0f7752157e4919483756084278d63fdce19fc58fee51f9b55b5ede50c22e	1490944	1492384	1440	section:__DATA_CONST,__got	FUNCTIONAL-DATA-TABLE	L1-FEAT-DRIVER	L1-STATIC-XW,L1-STATIC-XDIAG,L1-STATIC-ZSTD-SPEC	COMPLETE-TILING-UNRESOLVED	L1-macho-regions	ownership=PRIMARY; file_size=2192824; region_sha256=ae03c576bd5a6e53357ca6cc25e6223122cace1798e64c329af57e5f269592f8
L1-REG-OURS-tmp__phase3c-driver__frozen-ours-primary__bin__gcc-0034	GCC-DRIVER	OURS	tmp/phase3c-driver/frozen-ours-primary/bin/riscv32-wch-elf-gcc	bb5f0f7752157e4919483756084278d63fdce19fc58fee51f9b55b5ede50c22e	1492384	1745912	253528	section:__DATA_CONST,__const	FUNCTIONAL-DATA-TABLE	L1-FEAT-DRIVER	L1-STATIC-XW,L1-STATIC-XDIAG,L1-STATIC-ZSTD-SPEC	COMPLETE-TILING-UNRESOLVED	L1-macho-regions	ownership=PRIMARY; file_size=2192824; region_sha256=c7acfe0bcb5e03a0263c4e3613ed562c6e38fed0800b91d4b1a7f2763fec3b12
L1-REG-OURS-tmp__phase3c-driver__frozen-ours-primary__bin__gcc-0035	GCC-DRIVER	OURS	tmp/phase3c-driver/frozen-ours-primary/bin/riscv32-wch-elf-gcc	bb5f0f7752157e4919483756084278d63fdce19fc58fee51f9b55b5ede50c22e	1745912	1753088	7176	segment:__DATA_CONST	UNRESOLVED	L1-FEAT-DRIVER	L1-STATIC-XW,L1-STATIC-XDIAG,L1-STATIC-ZSTD-SPEC	COMPLETE-TILING-UNRESOLVED	L1-macho-regions	ownership=PRIMARY; file_size=2192824; region_sha256=165ca75fca58a80c0267ba8b091fd3acffac21765032b201bfc4c29b663b7351
L1-REG-OURS-tmp__phase3c-driver__frozen-ours-primary__bin__gcc-0036	GCC-DRIVER	OURS	tmp/phase3c-driver/frozen-ours-primary/bin/riscv32-wch-elf-gcc	bb5f0f7752157e4919483756084278d63fdce19fc58fee51f9b55b5ede50c22e	1753088	1755856	2768	section:__DATA,__data	FUNCTIONAL-DATA-TABLE	L1-FEAT-DRIVER	L1-STATIC-XW,L1-STATIC-XDIAG,L1-STATIC-ZSTD-SPEC	COMPLETE-TILING-UNRESOLVED	L1-macho-regions	ownership=PRIMARY; file_size=2192824; region_sha256=25eabfe39b9cb5ad2ea700f6503d3422f2992825c70dee9330d3ceec7e032f6b
L1-REG-OURS-tmp__phase3c-driver__frozen-ours-primary__bin__gcc-0037	GCC-DRIVER	OURS	tmp/phase3c-driver/frozen-ours-primary/bin/riscv32-wch-elf-gcc	bb5f0f7752157e4919483756084278d63fdce19fc58fee51f9b55b5ede50c22e	1755856	1769472	13616	segment:__DATA	UNRESOLVED	L1-FEAT-DRIVER	L1-STATIC-XW,L1-STATIC-XDIAG,L1-STATIC-ZSTD-SPEC	COMPLETE-TILING-UNRESOLVED	L1-macho-regions	ownership=PRIMARY; file_size=2192824; region_sha256=df2a49e8ad39fc1deabf72892bd8580ae9bcb3fc839ba79f3e9fe15cb2a3d6fc
L1-REG-OURS-tmp__phase3c-driver__frozen-ours-primary__bin__gcc-0038	GCC-DRIVER	OURS	tmp/phase3c-driver/frozen-ours-primary/bin/riscv32-wch-elf-gcc	bb5f0f7752157e4919483756084278d63fdce19fc58fee51f9b55b5ede50c22e	1769472	1774792	5320	LC_DYLD_CHAINED_FIXUPS:payload	LINK-LAYOUT	L1-FEAT-DRIVER	L1-STATIC-XW,L1-STATIC-XDIAG,L1-STATIC-ZSTD-SPEC	COMPLETE-TILING-UNRESOLVED	L1-macho-regions	ownership=PRIMARY; file_size=2192824; region_sha256=72d10502dae46bd8d244cbe0edf79cdad20e8df8a48b131109ec274698c782ff
L1-REG-OURS-tmp__phase3c-driver__frozen-ours-primary__bin__gcc-0039	GCC-DRIVER	OURS	tmp/phase3c-driver/frozen-ours-primary/bin/riscv32-wch-elf-gcc	bb5f0f7752157e4919483756084278d63fdce19fc58fee51f9b55b5ede50c22e	1774792	1836016	61224	LC_DYLD_EXPORTS_TRIE:payload	LINK-LAYOUT	L1-FEAT-DRIVER	L1-STATIC-XW,L1-STATIC-XDIAG,L1-STATIC-ZSTD-SPEC	COMPLETE-TILING-UNRESOLVED	L1-macho-regions	ownership=PRIMARY; file_size=2192824; region_sha256=089b8ddb53448aaf266e31e2fa3fb5e33bec6d7c8423514f633f9fd32618e0ca
L1-REG-OURS-tmp__phase3c-driver__frozen-ours-primary__bin__gcc-0040	GCC-DRIVER	OURS	tmp/phase3c-driver/frozen-ours-primary/bin/riscv32-wch-elf-gcc	bb5f0f7752157e4919483756084278d63fdce19fc58fee51f9b55b5ede50c22e	1836016	1839248	3232	LC_FUNCTION_STARTS:payload	STRIP/DEBUG/SYMBOL-LAYOUT	L1-FEAT-DRIVER	L1-STATIC-XW,L1-STATIC-XDIAG,L1-STATIC-ZSTD-SPEC	COMPLETE-TILING-UNRESOLVED	L1-macho-regions	ownership=PRIMARY; file_size=2192824; region_sha256=ef5576c1fb9d86c031b612513c7abab73fe0a56c1d46e8a604fa4f6771b2dc55
L1-REG-OURS-tmp__phase3c-driver__frozen-ours-primary__bin__gcc-0041	GCC-DRIVER	OURS	tmp/phase3c-driver/frozen-ours-primary/bin/riscv32-wch-elf-gcc	bb5f0f7752157e4919483756084278d63fdce19fc58fee51f9b55b5ede50c22e	1839248	2035632	196384	LC_SYMTAB:nlist_64	STRIP/DEBUG/SYMBOL-LAYOUT	L1-FEAT-DRIVER	L1-STATIC-XW,L1-STATIC-XDIAG,L1-STATIC-ZSTD-SPEC	COMPLETE-TILING-UNRESOLVED	L1-macho-regions	ownership=PRIMARY; file_size=2192824; region_sha256=4676156be5fb3a53dfa8d2ea6618630ddc127fa99478f7b0366c84aa73216d34
L1-REG-OURS-tmp__phase3c-driver__frozen-ours-primary__bin__gcc-0042	GCC-DRIVER	OURS	tmp/phase3c-driver/frozen-ours-primary/bin/riscv32-wch-elf-gcc	bb5f0f7752157e4919483756084278d63fdce19fc58fee51f9b55b5ede50c22e	2035632	2036960	1328	segment:__LINKEDIT	LINK-LAYOUT	L1-FEAT-DRIVER	L1-STATIC-XW,L1-STATIC-XDIAG,L1-STATIC-ZSTD-SPEC	COMPLETE-TILING-UNRESOLVED	L1-macho-regions	ownership=PRIMARY; file_size=2192824; region_sha256=9863f84974e0e5452e27eac9366ddfa025b470dc5356a55c568a726e0333431d
L1-REG-OURS-tmp__phase3c-driver__frozen-ours-primary__bin__gcc-0043	GCC-DRIVER	OURS	tmp/phase3c-driver/frozen-ours-primary/bin/riscv32-wch-elf-gcc	bb5f0f7752157e4919483756084278d63fdce19fc58fee51f9b55b5ede50c22e	2036960	2175672	138712	LC_SYMTAB:string_table	STRIP/DEBUG/SYMBOL-LAYOUT	L1-FEAT-DRIVER	L1-STATIC-XW,L1-STATIC-XDIAG,L1-STATIC-ZSTD-SPEC	COMPLETE-TILING-UNRESOLVED	L1-macho-regions	ownership=PRIMARY; file_size=2192824; region_sha256=d1c5c24e8e8f8acfe859f7e64b05808a262941f85e4fcb94b7a7727bc3a49f7e
L1-REG-OURS-tmp__phase3c-driver__frozen-ours-primary__bin__gcc-0044	GCC-DRIVER	OURS	tmp/phase3c-driver/frozen-ours-primary/bin/riscv32-wch-elf-gcc	bb5f0f7752157e4919483756084278d63fdce19fc58fee51f9b55b5ede50c22e	2175672	2175680	8	segment:__LINKEDIT	LINK-LAYOUT	L1-FEAT-DRIVER	L1-STATIC-XW,L1-STATIC-XDIAG,L1-STATIC-ZSTD-SPEC	COMPLETE-TILING-UNRESOLVED	L1-macho-regions	ownership=PRIMARY; file_size=2192824; region_sha256=af5570f5a1810b7af78caf4bc70a660f0df51e42baf91d4de5b2328de0e83dfc
L1-REG-OURS-tmp__phase3c-driver__frozen-ours-primary__bin__gcc-0045	GCC-DRIVER	OURS	tmp/phase3c-driver/frozen-ours-primary/bin/riscv32-wch-elf-gcc	bb5f0f7752157e4919483756084278d63fdce19fc58fee51f9b55b5ede50c22e	2175680	2192824	17144	LC_CODE_SIGNATURE:payload	SIGNATURE/UUID/BUILD-METADATA	L1-FEAT-DRIVER	L1-STATIC-XW,L1-STATIC-XDIAG,L1-STATIC-ZSTD-SPEC	COMPLETE-TILING-UNRESOLVED	L1-macho-regions	ownership=PRIMARY; file_size=2192824; region_sha256=eca9dbef99239c35ddb5cf03d67fdab2d75503b6d112a6b1810d8826a3343986
L1-REG-OURS-tmp__phase3c-driver__frozen-ours-primary__bin__gcc-15_2_0-0001	GCC-DRIVER	OURS	tmp/phase3c-driver/frozen-ours-primary/bin/riscv32-wch-elf-gcc-15.2.0	bb5f0f7752157e4919483756084278d63fdce19fc58fee51f9b55b5ede50c22e	0	32	32	mach_header_64	SIGNATURE/UUID/BUILD-METADATA	L1-FEAT-DRIVER	L1-STATIC-XW,L1-STATIC-XDIAG,L1-STATIC-ZSTD-SPEC	COMPLETE-TILING-UNRESOLVED	L1-macho-regions	ownership=PRIMARY; file_size=2192824; region_sha256=08954c9497afe8aea0829ceb1816408e95f9e85573f06eea750fecd84c9d8947
L1-REG-OURS-tmp__phase3c-driver__frozen-ours-primary__bin__gcc-15_2_0-0002	GCC-DRIVER	OURS	tmp/phase3c-driver/frozen-ours-primary/bin/riscv32-wch-elf-gcc-15.2.0	bb5f0f7752157e4919483756084278d63fdce19fc58fee51f9b55b5ede50c22e	32	104	72	LC_SEGMENT_64[0]	SIGNATURE/UUID/BUILD-METADATA	L1-FEAT-DRIVER	L1-STATIC-XW,L1-STATIC-XDIAG,L1-STATIC-ZSTD-SPEC	COMPLETE-TILING-UNRESOLVED	L1-macho-regions	ownership=PRIMARY; file_size=2192824; region_sha256=38432a8fbcbe1ae9fdf9263fe1e4e948de98131833cc5e5333f375dcf5f6333f
L1-REG-OURS-tmp__phase3c-driver__frozen-ours-primary__bin__gcc-15_2_0-0003	GCC-DRIVER	OURS	tmp/phase3c-driver/frozen-ours-primary/bin/riscv32-wch-elf-gcc-15.2.0	bb5f0f7752157e4919483756084278d63fdce19fc58fee51f9b55b5ede50c22e	104	736	632	LC_SEGMENT_64[1]	SIGNATURE/UUID/BUILD-METADATA	L1-FEAT-DRIVER	L1-STATIC-XW,L1-STATIC-XDIAG,L1-STATIC-ZSTD-SPEC	COMPLETE-TILING-UNRESOLVED	L1-macho-regions	ownership=PRIMARY; file_size=2192824; region_sha256=9aa17cc51ac577a9abc33ec71f50977648be8848368fd19a642fd06bd929df18
L1-REG-OURS-tmp__phase3c-driver__frozen-ours-primary__bin__gcc-15_2_0-0004	GCC-DRIVER	OURS	tmp/phase3c-driver/frozen-ours-primary/bin/riscv32-wch-elf-gcc-15.2.0	bb5f0f7752157e4919483756084278d63fdce19fc58fee51f9b55b5ede50c22e	736	968	232	LC_SEGMENT_64[2]	SIGNATURE/UUID/BUILD-METADATA	L1-FEAT-DRIVER	L1-STATIC-XW,L1-STATIC-XDIAG,L1-STATIC-ZSTD-SPEC	COMPLETE-TILING-UNRESOLVED	L1-macho-regions	ownership=PRIMARY; file_size=2192824; region_sha256=ea9ca25a78fc2ff4f02dfe4a79e1b5fdbbbf9159763be3c3a1b9a955fe420900
L1-REG-OURS-tmp__phase3c-driver__frozen-ours-primary__bin__gcc-15_2_0-0005	GCC-DRIVER	OURS	tmp/phase3c-driver/frozen-ours-primary/bin/riscv32-wch-elf-gcc-15.2.0	bb5f0f7752157e4919483756084278d63fdce19fc58fee51f9b55b5ede50c22e	968	1280	312	LC_SEGMENT_64[3]	SIGNATURE/UUID/BUILD-METADATA	L1-FEAT-DRIVER	L1-STATIC-XW,L1-STATIC-XDIAG,L1-STATIC-ZSTD-SPEC	COMPLETE-TILING-UNRESOLVED	L1-macho-regions	ownership=PRIMARY; file_size=2192824; region_sha256=84ac7fae8149e4bb7ed8115342fa74881263b37850225bfefd5abd285efbe4d0
L1-REG-OURS-tmp__phase3c-driver__frozen-ours-primary__bin__gcc-15_2_0-0006	GCC-DRIVER	OURS	tmp/phase3c-driver/frozen-ours-primary/bin/riscv32-wch-elf-gcc-15.2.0	bb5f0f7752157e4919483756084278d63fdce19fc58fee51f9b55b5ede50c22e	1280	1352	72	LC_SEGMENT_64[4]	SIGNATURE/UUID/BUILD-METADATA	L1-FEAT-DRIVER	L1-STATIC-XW,L1-STATIC-XDIAG,L1-STATIC-ZSTD-SPEC	COMPLETE-TILING-UNRESOLVED	L1-macho-regions	ownership=PRIMARY; file_size=2192824; region_sha256=2bf6dad1cc0696920e9f2a872858390fee042dec7eff5d8505f64f64db91deac
L1-REG-OURS-tmp__phase3c-driver__frozen-ours-primary__bin__gcc-15_2_0-0007	GCC-DRIVER	OURS	tmp/phase3c-driver/frozen-ours-primary/bin/riscv32-wch-elf-gcc-15.2.0	bb5f0f7752157e4919483756084278d63fdce19fc58fee51f9b55b5ede50c22e	1352	1368	16	LC_DYLD_CHAINED_FIXUPS[5]	SIGNATURE/UUID/BUILD-METADATA	L1-FEAT-DRIVER	L1-STATIC-XW,L1-STATIC-XDIAG,L1-STATIC-ZSTD-SPEC	COMPLETE-TILING-UNRESOLVED	L1-macho-regions	ownership=PRIMARY; file_size=2192824; region_sha256=0b066c8f9dcb146311b6bb677532d2b3c729c8bf04aa59480dc2e3ecd831cfd9
L1-REG-OURS-tmp__phase3c-driver__frozen-ours-primary__bin__gcc-15_2_0-0008	GCC-DRIVER	OURS	tmp/phase3c-driver/frozen-ours-primary/bin/riscv32-wch-elf-gcc-15.2.0	bb5f0f7752157e4919483756084278d63fdce19fc58fee51f9b55b5ede50c22e	1368	1384	16	LC_DYLD_EXPORTS_TRIE[6]	SIGNATURE/UUID/BUILD-METADATA	L1-FEAT-DRIVER	L1-STATIC-XW,L1-STATIC-XDIAG,L1-STATIC-ZSTD-SPEC	COMPLETE-TILING-UNRESOLVED	L1-macho-regions	ownership=PRIMARY; file_size=2192824; region_sha256=b41f80f40c7873af49d337b93a1c03143a6f49db21c3bd843e94237c920357a3
L1-REG-OURS-tmp__phase3c-driver__frozen-ours-primary__bin__gcc-15_2_0-0009	GCC-DRIVER	OURS	tmp/phase3c-driver/frozen-ours-primary/bin/riscv32-wch-elf-gcc-15.2.0	bb5f0f7752157e4919483756084278d63fdce19fc58fee51f9b55b5ede50c22e	1384	1408	24	LC_SYMTAB[7]	SIGNATURE/UUID/BUILD-METADATA	L1-FEAT-DRIVER	L1-STATIC-XW,L1-STATIC-XDIAG,L1-STATIC-ZSTD-SPEC	COMPLETE-TILING-UNRESOLVED	L1-macho-regions	ownership=PRIMARY; file_size=2192824; region_sha256=2057ded5b6e50f4a926a49b952888e83fbd4e6ff0826ea2e57b696a9bce51a0d
L1-REG-OURS-tmp__phase3c-driver__frozen-ours-primary__bin__gcc-15_2_0-0010	GCC-DRIVER	OURS	tmp/phase3c-driver/frozen-ours-primary/bin/riscv32-wch-elf-gcc-15.2.0	bb5f0f7752157e4919483756084278d63fdce19fc58fee51f9b55b5ede50c22e	1408	1488	80	LC_DYSYMTAB[8]	SIGNATURE/UUID/BUILD-METADATA	L1-FEAT-DRIVER	L1-STATIC-XW,L1-STATIC-XDIAG,L1-STATIC-ZSTD-SPEC	COMPLETE-TILING-UNRESOLVED	L1-macho-regions	ownership=PRIMARY; file_size=2192824; region_sha256=26b3acc2094e0e319945ce5ce739260e77f74fa8ce2c0886acf16fdbb67cd373
L1-REG-OURS-tmp__phase3c-driver__frozen-ours-primary__bin__gcc-15_2_0-0011	GCC-DRIVER	OURS	tmp/phase3c-driver/frozen-ours-primary/bin/riscv32-wch-elf-gcc-15.2.0	bb5f0f7752157e4919483756084278d63fdce19fc58fee51f9b55b5ede50c22e	1488	1520	32	LC_LOAD_DYLINKER[9]	PACKAGING/DEPENDENCY	L1-FEAT-DRIVER	L1-STATIC-XW,L1-STATIC-XDIAG,L1-STATIC-ZSTD-SPEC	COMPLETE-TILING-UNRESOLVED	L1-macho-regions	ownership=PRIMARY; file_size=2192824; region_sha256=44316cf4f366f41aa06996613c44af75e34479362928faf61a168c2a203b5999
L1-REG-OURS-tmp__phase3c-driver__frozen-ours-primary__bin__gcc-15_2_0-0012	GCC-DRIVER	OURS	tmp/phase3c-driver/frozen-ours-primary/bin/riscv32-wch-elf-gcc-15.2.0	bb5f0f7752157e4919483756084278d63fdce19fc58fee51f9b55b5ede50c22e	1520	1544	24	LC_UUID[10]	SIGNATURE/UUID/BUILD-METADATA	L1-FEAT-DRIVER	L1-STATIC-XW,L1-STATIC-XDIAG,L1-STATIC-ZSTD-SPEC	COMPLETE-TILING-UNRESOLVED	L1-macho-regions	ownership=PRIMARY; file_size=2192824; region_sha256=4b99c8f88994d39d0192c24b1c103c67098c9013ec23f74a9eb2470cd8f84142
L1-REG-OURS-tmp__phase3c-driver__frozen-ours-primary__bin__gcc-15_2_0-0013	GCC-DRIVER	OURS	tmp/phase3c-driver/frozen-ours-primary/bin/riscv32-wch-elf-gcc-15.2.0	bb5f0f7752157e4919483756084278d63fdce19fc58fee51f9b55b5ede50c22e	1544	1576	32	LC_BUILD_VERSION[11]	SIGNATURE/UUID/BUILD-METADATA	L1-FEAT-DRIVER	L1-STATIC-XW,L1-STATIC-XDIAG,L1-STATIC-ZSTD-SPEC	COMPLETE-TILING-UNRESOLVED	L1-macho-regions	ownership=PRIMARY; file_size=2192824; region_sha256=06be0acc3151d0cb3a5720312a0ae05bf2376d394c98194de6f77801b59ab2e0
L1-REG-OURS-tmp__phase3c-driver__frozen-ours-primary__bin__gcc-15_2_0-0014	GCC-DRIVER	OURS	tmp/phase3c-driver/frozen-ours-primary/bin/riscv32-wch-elf-gcc-15.2.0	bb5f0f7752157e4919483756084278d63fdce19fc58fee51f9b55b5ede50c22e	1576	1592	16	LC_SOURCE_VERSION[12]	SIGNATURE/UUID/BUILD-METADATA	L1-FEAT-DRIVER	L1-STATIC-XW,L1-STATIC-XDIAG,L1-STATIC-ZSTD-SPEC	COMPLETE-TILING-UNRESOLVED	L1-macho-regions	ownership=PRIMARY; file_size=2192824; region_sha256=01a60f1db7db041298aa3e269ff5ebea951aa6977963e4ab563905da906d2b82
L1-REG-OURS-tmp__phase3c-driver__frozen-ours-primary__bin__gcc-15_2_0-0015	GCC-DRIVER	OURS	tmp/phase3c-driver/frozen-ours-primary/bin/riscv32-wch-elf-gcc-15.2.0	bb5f0f7752157e4919483756084278d63fdce19fc58fee51f9b55b5ede50c22e	1592	1616	24	LC_MAIN[13]	SIGNATURE/UUID/BUILD-METADATA	L1-FEAT-DRIVER	L1-STATIC-XW,L1-STATIC-XDIAG,L1-STATIC-ZSTD-SPEC	COMPLETE-TILING-UNRESOLVED	L1-macho-regions	ownership=PRIMARY; file_size=2192824; region_sha256=dfb2e7c262c93bdbe3471ef2359798698f758e2975ea2362dfbdb82f9dfcd602
L1-REG-OURS-tmp__phase3c-driver__frozen-ours-primary__bin__gcc-15_2_0-0016	GCC-DRIVER	OURS	tmp/phase3c-driver/frozen-ours-primary/bin/riscv32-wch-elf-gcc-15.2.0	bb5f0f7752157e4919483756084278d63fdce19fc58fee51f9b55b5ede50c22e	1616	1672	56	LC_LOAD_DYLIB[14]	PACKAGING/DEPENDENCY	L1-FEAT-DRIVER	L1-STATIC-XW,L1-STATIC-XDIAG,L1-STATIC-ZSTD-SPEC	COMPLETE-TILING-UNRESOLVED	L1-macho-regions	ownership=PRIMARY; file_size=2192824; region_sha256=1a489c8b895a1c5fa426d2f6bdf524fa8d9c8227923ea0a7bb3a194fd92823ea
L1-REG-OURS-tmp__phase3c-driver__frozen-ours-primary__bin__gcc-15_2_0-0017	GCC-DRIVER	OURS	tmp/phase3c-driver/frozen-ours-primary/bin/riscv32-wch-elf-gcc-15.2.0	bb5f0f7752157e4919483756084278d63fdce19fc58fee51f9b55b5ede50c22e	1672	1720	48	LC_LOAD_DYLIB[15]	PACKAGING/DEPENDENCY	L1-FEAT-DRIVER	L1-STATIC-XW,L1-STATIC-XDIAG,L1-STATIC-ZSTD-SPEC	COMPLETE-TILING-UNRESOLVED	L1-macho-regions	ownership=PRIMARY; file_size=2192824; region_sha256=7745a4d4639b8f1de3e38beb445632a5df37fca6950234b1d83a4278c5dd4c0e
L1-REG-OURS-tmp__phase3c-driver__frozen-ours-primary__bin__gcc-15_2_0-0018	GCC-DRIVER	OURS	tmp/phase3c-driver/frozen-ours-primary/bin/riscv32-wch-elf-gcc-15.2.0	bb5f0f7752157e4919483756084278d63fdce19fc58fee51f9b55b5ede50c22e	1720	1776	56	LC_LOAD_DYLIB[16]	PACKAGING/DEPENDENCY	L1-FEAT-DRIVER	L1-STATIC-XW,L1-STATIC-XDIAG,L1-STATIC-ZSTD-SPEC	COMPLETE-TILING-UNRESOLVED	L1-macho-regions	ownership=PRIMARY; file_size=2192824; region_sha256=ffa45af4ce6b7780727be9b2f2f9ca0b35932363e311b247d840ef9da1bdc1f5
L1-REG-OURS-tmp__phase3c-driver__frozen-ours-primary__bin__gcc-15_2_0-0019	GCC-DRIVER	OURS	tmp/phase3c-driver/frozen-ours-primary/bin/riscv32-wch-elf-gcc-15.2.0	bb5f0f7752157e4919483756084278d63fdce19fc58fee51f9b55b5ede50c22e	1776	1792	16	LC_FUNCTION_STARTS[17]	SIGNATURE/UUID/BUILD-METADATA	L1-FEAT-DRIVER	L1-STATIC-XW,L1-STATIC-XDIAG,L1-STATIC-ZSTD-SPEC	COMPLETE-TILING-UNRESOLVED	L1-macho-regions	ownership=PRIMARY; file_size=2192824; region_sha256=2f5fa838acc64aea7cb290d200989688ce44ad356b6b21ebad703c4ef0ddeecf
L1-REG-OURS-tmp__phase3c-driver__frozen-ours-primary__bin__gcc-15_2_0-0020	GCC-DRIVER	OURS	tmp/phase3c-driver/frozen-ours-primary/bin/riscv32-wch-elf-gcc-15.2.0	bb5f0f7752157e4919483756084278d63fdce19fc58fee51f9b55b5ede50c22e	1792	1808	16	LC_DATA_IN_CODE[18]	SIGNATURE/UUID/BUILD-METADATA	L1-FEAT-DRIVER	L1-STATIC-XW,L1-STATIC-XDIAG,L1-STATIC-ZSTD-SPEC	COMPLETE-TILING-UNRESOLVED	L1-macho-regions	ownership=PRIMARY; file_size=2192824; region_sha256=0d48df73e9e9c3c93e35d849055cd0b81e4337106a0b81bd00b04bc866e9a7d1
L1-REG-OURS-tmp__phase3c-driver__frozen-ours-primary__bin__gcc-15_2_0-0021	GCC-DRIVER	OURS	tmp/phase3c-driver/frozen-ours-primary/bin/riscv32-wch-elf-gcc-15.2.0	bb5f0f7752157e4919483756084278d63fdce19fc58fee51f9b55b5ede50c22e	1808	1824	16	LC_CODE_SIGNATURE[19]	SIGNATURE/UUID/BUILD-METADATA	L1-FEAT-DRIVER	L1-STATIC-XW,L1-STATIC-XDIAG,L1-STATIC-ZSTD-SPEC	COMPLETE-TILING-UNRESOLVED	L1-macho-regions	ownership=PRIMARY; file_size=2192824; region_sha256=a373db9f87171a31e6a3d656598adf88da2b87fe3f8cf682300e327251cc4b39
L1-REG-OURS-tmp__phase3c-driver__frozen-ours-primary__bin__gcc-15_2_0-0022	GCC-DRIVER	OURS	tmp/phase3c-driver/frozen-ours-primary/bin/riscv32-wch-elf-gcc-15.2.0	bb5f0f7752157e4919483756084278d63fdce19fc58fee51f9b55b5ede50c22e	1824	1864	40	segment:__TEXT	UNRESOLVED	L1-FEAT-DRIVER	L1-STATIC-XW,L1-STATIC-XDIAG,L1-STATIC-ZSTD-SPEC	COMPLETE-TILING-UNRESOLVED	L1-macho-regions	ownership=PRIMARY; file_size=2192824; region_sha256=2c34ce1df23b838c5abf2a7f6437cca3d3067ed509ff25f11df6b11b582b51eb
L1-REG-OURS-tmp__phase3c-driver__frozen-ours-primary__bin__gcc-15_2_0-0023	GCC-DRIVER	OURS	tmp/phase3c-driver/frozen-ours-primary/bin/riscv32-wch-elf-gcc-15.2.0	bb5f0f7752157e4919483756084278d63fdce19fc58fee51f9b55b5ede50c22e	1864	728524	726660	section:__TEXT,__text	FUNCTIONAL-CODE	L1-FEAT-DRIVER	L1-STATIC-XW,L1-STATIC-XDIAG,L1-STATIC-ZSTD-SPEC	COMPLETE-TILING-UNRESOLVED	L1-macho-regions	ownership=PRIMARY; file_size=2192824; region_sha256=63b0cdda542d93a1fc3edd6b7b4db831efe1b224f924399ade32f54f49bae09c
L1-REG-OURS-tmp__phase3c-driver__frozen-ours-primary__bin__gcc-15_2_0-0024	GCC-DRIVER	OURS	tmp/phase3c-driver/frozen-ours-primary/bin/riscv32-wch-elf-gcc-15.2.0	bb5f0f7752157e4919483756084278d63fdce19fc58fee51f9b55b5ede50c22e	728524	730336	1812	section:__TEXT,__stubs	UNRESOLVED	L1-FEAT-DRIVER	L1-STATIC-XW,L1-STATIC-XDIAG,L1-STATIC-ZSTD-SPEC	COMPLETE-TILING-UNRESOLVED	L1-macho-regions	ownership=PRIMARY; file_size=2192824; region_sha256=31936a43c4ffb4f7823413475f1023ebc49ec282667ff9cd4cd04fb552a046b5
L1-REG-OURS-tmp__phase3c-driver__frozen-ours-primary__bin__gcc-15_2_0-0025	GCC-DRIVER	OURS	tmp/phase3c-driver/frozen-ours-primary/bin/riscv32-wch-elf-gcc-15.2.0	bb5f0f7752157e4919483756084278d63fdce19fc58fee51f9b55b5ede50c22e	730336	730352	16	section:__TEXT,__init_offsets	UNRESOLVED	L1-FEAT-DRIVER	L1-STATIC-XW,L1-STATIC-XDIAG,L1-STATIC-ZSTD-SPEC	COMPLETE-TILING-UNRESOLVED	L1-macho-regions	ownership=PRIMARY; file_size=2192824; region_sha256=047c3a3067e9b387e908fe96cdc3f0d812054fe015e9a861c1ebe30548ad48b9
L1-REG-OURS-tmp__phase3c-driver__frozen-ours-primary__bin__gcc-15_2_0-0026	GCC-DRIVER	OURS	tmp/phase3c-driver/frozen-ours-primary/bin/riscv32-wch-elf-gcc-15.2.0	bb5f0f7752157e4919483756084278d63fdce19fc58fee51f9b55b5ede50c22e	730352	1082544	352192	section:__TEXT,__const	FUNCTIONAL-DATA-TABLE	L1-FEAT-DRIVER	L1-STATIC-XW,L1-STATIC-XDIAG,L1-STATIC-ZSTD-SPEC	COMPLETE-TILING-UNRESOLVED	L1-macho-regions	ownership=PRIMARY; file_size=2192824; region_sha256=20c502065189c23cf9c61fd40b0200831b921a0003d9dcf3d44acf99a2e3f0dd
L1-REG-OURS-tmp__phase3c-driver__frozen-ours-primary__bin__gcc-15_2_0-0027	GCC-DRIVER	OURS	tmp/phase3c-driver/frozen-ours-primary/bin/riscv32-wch-elf-gcc-15.2.0	bb5f0f7752157e4919483756084278d63fdce19fc58fee51f9b55b5ede50c22e	1082544	1416554	334010	section:__TEXT,__cstring	FUNCTIONAL-DATA-TABLE	L1-FEAT-DRIVER	L1-STATIC-XW,L1-STATIC-XDIAG,L1-STATIC-ZSTD-SPEC	COMPLETE-TILING-UNRESOLVED	L1-macho-regions	ownership=PRIMARY; file_size=2192824; region_sha256=5bd760ffaecc8017fc037993cb73a620a962c3ebe30218d4a928daba018d6aa1
L1-REG-OURS-tmp__phase3c-driver__frozen-ours-primary__bin__gcc-15_2_0-0028	GCC-DRIVER	OURS	tmp/phase3c-driver/frozen-ours-primary/bin/riscv32-wch-elf-gcc-15.2.0	bb5f0f7752157e4919483756084278d63fdce19fc58fee51f9b55b5ede50c22e	1416554	1416556	2	segment:__TEXT	UNRESOLVED	L1-FEAT-DRIVER	L1-STATIC-XW,L1-STATIC-XDIAG,L1-STATIC-ZSTD-SPEC	COMPLETE-TILING-UNRESOLVED	L1-macho-regions	ownership=PRIMARY; file_size=2192824; region_sha256=96a296d224f285c67bee93c30f8a309157f0daa35dc5b87e410b78630a09cfc7
L1-REG-OURS-tmp__phase3c-driver__frozen-ours-primary__bin__gcc-15_2_0-0029	GCC-DRIVER	OURS	tmp/phase3c-driver/frozen-ours-primary/bin/riscv32-wch-elf-gcc-15.2.0	bb5f0f7752157e4919483756084278d63fdce19fc58fee51f9b55b5ede50c22e	1416556	1425724	9168	section:__TEXT,__unwind_info	FUNCTIONAL-DATA-TABLE	L1-FEAT-DRIVER	L1-STATIC-XW,L1-STATIC-XDIAG,L1-STATIC-ZSTD-SPEC	COMPLETE-TILING-UNRESOLVED	L1-macho-regions	ownership=PRIMARY; file_size=2192824; region_sha256=6b2322d90f8991e3b76d2aeb626d9a9fa68396578c1218472d93819aa3597959
L1-REG-OURS-tmp__phase3c-driver__frozen-ours-primary__bin__gcc-15_2_0-0030	GCC-DRIVER	OURS	tmp/phase3c-driver/frozen-ours-primary/bin/riscv32-wch-elf-gcc-15.2.0	bb5f0f7752157e4919483756084278d63fdce19fc58fee51f9b55b5ede50c22e	1425724	1425728	4	segment:__TEXT	UNRESOLVED	L1-FEAT-DRIVER	L1-STATIC-XW,L1-STATIC-XDIAG,L1-STATIC-ZSTD-SPEC	COMPLETE-TILING-UNRESOLVED	L1-macho-regions	ownership=PRIMARY; file_size=2192824; region_sha256=df3f619804a92fdb4057192dc43dd748ea778adc52bc498ce80524c014b81119
L1-REG-OURS-tmp__phase3c-driver__frozen-ours-primary__bin__gcc-15_2_0-0031	GCC-DRIVER	OURS	tmp/phase3c-driver/frozen-ours-primary/bin/riscv32-wch-elf-gcc-15.2.0	bb5f0f7752157e4919483756084278d63fdce19fc58fee51f9b55b5ede50c22e	1425728	1485412	59684	section:__TEXT,__eh_frame	FUNCTIONAL-DATA-TABLE	L1-FEAT-DRIVER	L1-STATIC-XW,L1-STATIC-XDIAG,L1-STATIC-ZSTD-SPEC	COMPLETE-TILING-UNRESOLVED	L1-macho-regions	ownership=PRIMARY; file_size=2192824; region_sha256=1da134f1b44a14c88385722b703617067214cc1e9370c220b7d6d190efb752a8
L1-REG-OURS-tmp__phase3c-driver__frozen-ours-primary__bin__gcc-15_2_0-0032	GCC-DRIVER	OURS	tmp/phase3c-driver/frozen-ours-primary/bin/riscv32-wch-elf-gcc-15.2.0	bb5f0f7752157e4919483756084278d63fdce19fc58fee51f9b55b5ede50c22e	1485412	1490944	5532	segment:__TEXT	UNRESOLVED	L1-FEAT-DRIVER	L1-STATIC-XW,L1-STATIC-XDIAG,L1-STATIC-ZSTD-SPEC	COMPLETE-TILING-UNRESOLVED	L1-macho-regions	ownership=PRIMARY; file_size=2192824; region_sha256=3fba84bef6a29e63dd860d455ab692361e8895fbd9218b7bac6775e8f2d0d8ee
L1-REG-OURS-tmp__phase3c-driver__frozen-ours-primary__bin__gcc-15_2_0-0033	GCC-DRIVER	OURS	tmp/phase3c-driver/frozen-ours-primary/bin/riscv32-wch-elf-gcc-15.2.0	bb5f0f7752157e4919483756084278d63fdce19fc58fee51f9b55b5ede50c22e	1490944	1492384	1440	section:__DATA_CONST,__got	FUNCTIONAL-DATA-TABLE	L1-FEAT-DRIVER	L1-STATIC-XW,L1-STATIC-XDIAG,L1-STATIC-ZSTD-SPEC	COMPLETE-TILING-UNRESOLVED	L1-macho-regions	ownership=PRIMARY; file_size=2192824; region_sha256=ae03c576bd5a6e53357ca6cc25e6223122cace1798e64c329af57e5f269592f8
L1-REG-OURS-tmp__phase3c-driver__frozen-ours-primary__bin__gcc-15_2_0-0034	GCC-DRIVER	OURS	tmp/phase3c-driver/frozen-ours-primary/bin/riscv32-wch-elf-gcc-15.2.0	bb5f0f7752157e4919483756084278d63fdce19fc58fee51f9b55b5ede50c22e	1492384	1745912	253528	section:__DATA_CONST,__const	FUNCTIONAL-DATA-TABLE	L1-FEAT-DRIVER	L1-STATIC-XW,L1-STATIC-XDIAG,L1-STATIC-ZSTD-SPEC	COMPLETE-TILING-UNRESOLVED	L1-macho-regions	ownership=PRIMARY; file_size=2192824; region_sha256=c7acfe0bcb5e03a0263c4e3613ed562c6e38fed0800b91d4b1a7f2763fec3b12
L1-REG-OURS-tmp__phase3c-driver__frozen-ours-primary__bin__gcc-15_2_0-0035	GCC-DRIVER	OURS	tmp/phase3c-driver/frozen-ours-primary/bin/riscv32-wch-elf-gcc-15.2.0	bb5f0f7752157e4919483756084278d63fdce19fc58fee51f9b55b5ede50c22e	1745912	1753088	7176	segment:__DATA_CONST	UNRESOLVED	L1-FEAT-DRIVER	L1-STATIC-XW,L1-STATIC-XDIAG,L1-STATIC-ZSTD-SPEC	COMPLETE-TILING-UNRESOLVED	L1-macho-regions	ownership=PRIMARY; file_size=2192824; region_sha256=165ca75fca58a80c0267ba8b091fd3acffac21765032b201bfc4c29b663b7351
L1-REG-OURS-tmp__phase3c-driver__frozen-ours-primary__bin__gcc-15_2_0-0036	GCC-DRIVER	OURS	tmp/phase3c-driver/frozen-ours-primary/bin/riscv32-wch-elf-gcc-15.2.0	bb5f0f7752157e4919483756084278d63fdce19fc58fee51f9b55b5ede50c22e	1753088	1755856	2768	section:__DATA,__data	FUNCTIONAL-DATA-TABLE	L1-FEAT-DRIVER	L1-STATIC-XW,L1-STATIC-XDIAG,L1-STATIC-ZSTD-SPEC	COMPLETE-TILING-UNRESOLVED	L1-macho-regions	ownership=PRIMARY; file_size=2192824; region_sha256=25eabfe39b9cb5ad2ea700f6503d3422f2992825c70dee9330d3ceec7e032f6b
L1-REG-OURS-tmp__phase3c-driver__frozen-ours-primary__bin__gcc-15_2_0-0037	GCC-DRIVER	OURS	tmp/phase3c-driver/frozen-ours-primary/bin/riscv32-wch-elf-gcc-15.2.0	bb5f0f7752157e4919483756084278d63fdce19fc58fee51f9b55b5ede50c22e	1755856	1769472	13616	segment:__DATA	UNRESOLVED	L1-FEAT-DRIVER	L1-STATIC-XW,L1-STATIC-XDIAG,L1-STATIC-ZSTD-SPEC	COMPLETE-TILING-UNRESOLVED	L1-macho-regions	ownership=PRIMARY; file_size=2192824; region_sha256=df2a49e8ad39fc1deabf72892bd8580ae9bcb3fc839ba79f3e9fe15cb2a3d6fc
L1-REG-OURS-tmp__phase3c-driver__frozen-ours-primary__bin__gcc-15_2_0-0038	GCC-DRIVER	OURS	tmp/phase3c-driver/frozen-ours-primary/bin/riscv32-wch-elf-gcc-15.2.0	bb5f0f7752157e4919483756084278d63fdce19fc58fee51f9b55b5ede50c22e	1769472	1774792	5320	LC_DYLD_CHAINED_FIXUPS:payload	LINK-LAYOUT	L1-FEAT-DRIVER	L1-STATIC-XW,L1-STATIC-XDIAG,L1-STATIC-ZSTD-SPEC	COMPLETE-TILING-UNRESOLVED	L1-macho-regions	ownership=PRIMARY; file_size=2192824; region_sha256=72d10502dae46bd8d244cbe0edf79cdad20e8df8a48b131109ec274698c782ff
L1-REG-OURS-tmp__phase3c-driver__frozen-ours-primary__bin__gcc-15_2_0-0039	GCC-DRIVER	OURS	tmp/phase3c-driver/frozen-ours-primary/bin/riscv32-wch-elf-gcc-15.2.0	bb5f0f7752157e4919483756084278d63fdce19fc58fee51f9b55b5ede50c22e	1774792	1836016	61224	LC_DYLD_EXPORTS_TRIE:payload	LINK-LAYOUT	L1-FEAT-DRIVER	L1-STATIC-XW,L1-STATIC-XDIAG,L1-STATIC-ZSTD-SPEC	COMPLETE-TILING-UNRESOLVED	L1-macho-regions	ownership=PRIMARY; file_size=2192824; region_sha256=089b8ddb53448aaf266e31e2fa3fb5e33bec6d7c8423514f633f9fd32618e0ca
L1-REG-OURS-tmp__phase3c-driver__frozen-ours-primary__bin__gcc-15_2_0-0040	GCC-DRIVER	OURS	tmp/phase3c-driver/frozen-ours-primary/bin/riscv32-wch-elf-gcc-15.2.0	bb5f0f7752157e4919483756084278d63fdce19fc58fee51f9b55b5ede50c22e	1836016	1839248	3232	LC_FUNCTION_STARTS:payload	STRIP/DEBUG/SYMBOL-LAYOUT	L1-FEAT-DRIVER	L1-STATIC-XW,L1-STATIC-XDIAG,L1-STATIC-ZSTD-SPEC	COMPLETE-TILING-UNRESOLVED	L1-macho-regions	ownership=PRIMARY; file_size=2192824; region_sha256=ef5576c1fb9d86c031b612513c7abab73fe0a56c1d46e8a604fa4f6771b2dc55
L1-REG-OURS-tmp__phase3c-driver__frozen-ours-primary__bin__gcc-15_2_0-0041	GCC-DRIVER	OURS	tmp/phase3c-driver/frozen-ours-primary/bin/riscv32-wch-elf-gcc-15.2.0	bb5f0f7752157e4919483756084278d63fdce19fc58fee51f9b55b5ede50c22e	1839248	2035632	196384	LC_SYMTAB:nlist_64	STRIP/DEBUG/SYMBOL-LAYOUT	L1-FEAT-DRIVER	L1-STATIC-XW,L1-STATIC-XDIAG,L1-STATIC-ZSTD-SPEC	COMPLETE-TILING-UNRESOLVED	L1-macho-regions	ownership=PRIMARY; file_size=2192824; region_sha256=4676156be5fb3a53dfa8d2ea6618630ddc127fa99478f7b0366c84aa73216d34
L1-REG-OURS-tmp__phase3c-driver__frozen-ours-primary__bin__gcc-15_2_0-0042	GCC-DRIVER	OURS	tmp/phase3c-driver/frozen-ours-primary/bin/riscv32-wch-elf-gcc-15.2.0	bb5f0f7752157e4919483756084278d63fdce19fc58fee51f9b55b5ede50c22e	2035632	2036960	1328	segment:__LINKEDIT	LINK-LAYOUT	L1-FEAT-DRIVER	L1-STATIC-XW,L1-STATIC-XDIAG,L1-STATIC-ZSTD-SPEC	COMPLETE-TILING-UNRESOLVED	L1-macho-regions	ownership=PRIMARY; file_size=2192824; region_sha256=9863f84974e0e5452e27eac9366ddfa025b470dc5356a55c568a726e0333431d
L1-REG-OURS-tmp__phase3c-driver__frozen-ours-primary__bin__gcc-15_2_0-0043	GCC-DRIVER	OURS	tmp/phase3c-driver/frozen-ours-primary/bin/riscv32-wch-elf-gcc-15.2.0	bb5f0f7752157e4919483756084278d63fdce19fc58fee51f9b55b5ede50c22e	2036960	2175672	138712	LC_SYMTAB:string_table	STRIP/DEBUG/SYMBOL-LAYOUT	L1-FEAT-DRIVER	L1-STATIC-XW,L1-STATIC-XDIAG,L1-STATIC-ZSTD-SPEC	COMPLETE-TILING-UNRESOLVED	L1-macho-regions	ownership=PRIMARY; file_size=2192824; region_sha256=d1c5c24e8e8f8acfe859f7e64b05808a262941f85e4fcb94b7a7727bc3a49f7e
L1-REG-OURS-tmp__phase3c-driver__frozen-ours-primary__bin__gcc-15_2_0-0044	GCC-DRIVER	OURS	tmp/phase3c-driver/frozen-ours-primary/bin/riscv32-wch-elf-gcc-15.2.0	bb5f0f7752157e4919483756084278d63fdce19fc58fee51f9b55b5ede50c22e	2175672	2175680	8	segment:__LINKEDIT	LINK-LAYOUT	L1-FEAT-DRIVER	L1-STATIC-XW,L1-STATIC-XDIAG,L1-STATIC-ZSTD-SPEC	COMPLETE-TILING-UNRESOLVED	L1-macho-regions	ownership=PRIMARY; file_size=2192824; region_sha256=af5570f5a1810b7af78caf4bc70a660f0df51e42baf91d4de5b2328de0e83dfc
L1-REG-OURS-tmp__phase3c-driver__frozen-ours-primary__bin__gcc-15_2_0-0045	GCC-DRIVER	OURS	tmp/phase3c-driver/frozen-ours-primary/bin/riscv32-wch-elf-gcc-15.2.0	bb5f0f7752157e4919483756084278d63fdce19fc58fee51f9b55b5ede50c22e	2175680	2192824	17144	LC_CODE_SIGNATURE:payload	SIGNATURE/UUID/BUILD-METADATA	L1-FEAT-DRIVER	L1-STATIC-XW,L1-STATIC-XDIAG,L1-STATIC-ZSTD-SPEC	COMPLETE-TILING-UNRESOLVED	L1-macho-regions	ownership=PRIMARY; file_size=2192824; region_sha256=eca9dbef99239c35ddb5cf03d67fdab2d75503b6d112a6b1810d8826a3343986
L1-REG-UP-MATCHED-tmp__phase3c-driver__upstream-matched-zstd-r3__output__bin__c++-0001	GCC-DRIVER	UPSTREAM-MATCHED	tmp/phase3c-driver/upstream-matched-zstd-r3/output/bin/riscv32-wch-elf-c++	e48bb3a628ec33819e596065b1a7c029f18473c15f90c9b8b08a300d6565517c	0	32	32	mach_header_64	SIGNATURE/UUID/BUILD-METADATA	L1-FEAT-DRIVER	L1-STATIC-XW,L1-STATIC-XDIAG,L1-STATIC-ZSTD-SPEC	COMPLETE-TILING-UNRESOLVED	L1-macho-regions	ownership=PRIMARY; file_size=2197080; region_sha256=08954c9497afe8aea0829ceb1816408e95f9e85573f06eea750fecd84c9d8947
L1-REG-UP-MATCHED-tmp__phase3c-driver__upstream-matched-zstd-r3__output__bin__c++-0002	GCC-DRIVER	UPSTREAM-MATCHED	tmp/phase3c-driver/upstream-matched-zstd-r3/output/bin/riscv32-wch-elf-c++	e48bb3a628ec33819e596065b1a7c029f18473c15f90c9b8b08a300d6565517c	32	104	72	LC_SEGMENT_64[0]	SIGNATURE/UUID/BUILD-METADATA	L1-FEAT-DRIVER	L1-STATIC-XW,L1-STATIC-XDIAG,L1-STATIC-ZSTD-SPEC	COMPLETE-TILING-UNRESOLVED	L1-macho-regions	ownership=PRIMARY; file_size=2197080; region_sha256=38432a8fbcbe1ae9fdf9263fe1e4e948de98131833cc5e5333f375dcf5f6333f
L1-REG-UP-MATCHED-tmp__phase3c-driver__upstream-matched-zstd-r3__output__bin__c++-0003	GCC-DRIVER	UPSTREAM-MATCHED	tmp/phase3c-driver/upstream-matched-zstd-r3/output/bin/riscv32-wch-elf-c++	e48bb3a628ec33819e596065b1a7c029f18473c15f90c9b8b08a300d6565517c	104	736	632	LC_SEGMENT_64[1]	SIGNATURE/UUID/BUILD-METADATA	L1-FEAT-DRIVER	L1-STATIC-XW,L1-STATIC-XDIAG,L1-STATIC-ZSTD-SPEC	COMPLETE-TILING-UNRESOLVED	L1-macho-regions	ownership=PRIMARY; file_size=2197080; region_sha256=127840f4c44986566541597a81a69539410fc0388cf8396a9aaf4558892b4b45
L1-REG-UP-MATCHED-tmp__phase3c-driver__upstream-matched-zstd-r3__output__bin__c++-0004	GCC-DRIVER	UPSTREAM-MATCHED	tmp/phase3c-driver/upstream-matched-zstd-r3/output/bin/riscv32-wch-elf-c++	e48bb3a628ec33819e596065b1a7c029f18473c15f90c9b8b08a300d6565517c	736	968	232	LC_SEGMENT_64[2]	SIGNATURE/UUID/BUILD-METADATA	L1-FEAT-DRIVER	L1-STATIC-XW,L1-STATIC-XDIAG,L1-STATIC-ZSTD-SPEC	COMPLETE-TILING-UNRESOLVED	L1-macho-regions	ownership=PRIMARY; file_size=2197080; region_sha256=4a69d3305c851f21fc28582666e61107c3ac84704aac69af7c8faca81f9c562b
L1-REG-UP-MATCHED-tmp__phase3c-driver__upstream-matched-zstd-r3__output__bin__c++-0005	GCC-DRIVER	UPSTREAM-MATCHED	tmp/phase3c-driver/upstream-matched-zstd-r3/output/bin/riscv32-wch-elf-c++	e48bb3a628ec33819e596065b1a7c029f18473c15f90c9b8b08a300d6565517c	968	1280	312	LC_SEGMENT_64[3]	SIGNATURE/UUID/BUILD-METADATA	L1-FEAT-DRIVER	L1-STATIC-XW,L1-STATIC-XDIAG,L1-STATIC-ZSTD-SPEC	COMPLETE-TILING-UNRESOLVED	L1-macho-regions	ownership=PRIMARY; file_size=2197080; region_sha256=84ac7fae8149e4bb7ed8115342fa74881263b37850225bfefd5abd285efbe4d0
L1-REG-UP-MATCHED-tmp__phase3c-driver__upstream-matched-zstd-r3__output__bin__c++-0006	GCC-DRIVER	UPSTREAM-MATCHED	tmp/phase3c-driver/upstream-matched-zstd-r3/output/bin/riscv32-wch-elf-c++	e48bb3a628ec33819e596065b1a7c029f18473c15f90c9b8b08a300d6565517c	1280	1352	72	LC_SEGMENT_64[4]	SIGNATURE/UUID/BUILD-METADATA	L1-FEAT-DRIVER	L1-STATIC-XW,L1-STATIC-XDIAG,L1-STATIC-ZSTD-SPEC	COMPLETE-TILING-UNRESOLVED	L1-macho-regions	ownership=PRIMARY; file_size=2197080; region_sha256=b4930d7fb2fce0a0280b21de0a85f0b579f4d20921a2a5425baf6e24f5641bc5
L1-REG-UP-MATCHED-tmp__phase3c-driver__upstream-matched-zstd-r3__output__bin__c++-0007	GCC-DRIVER	UPSTREAM-MATCHED	tmp/phase3c-driver/upstream-matched-zstd-r3/output/bin/riscv32-wch-elf-c++	e48bb3a628ec33819e596065b1a7c029f18473c15f90c9b8b08a300d6565517c	1352	1368	16	LC_DYLD_CHAINED_FIXUPS[5]	SIGNATURE/UUID/BUILD-METADATA	L1-FEAT-DRIVER	L1-STATIC-XW,L1-STATIC-XDIAG,L1-STATIC-ZSTD-SPEC	COMPLETE-TILING-UNRESOLVED	L1-macho-regions	ownership=PRIMARY; file_size=2197080; region_sha256=0b066c8f9dcb146311b6bb677532d2b3c729c8bf04aa59480dc2e3ecd831cfd9
L1-REG-UP-MATCHED-tmp__phase3c-driver__upstream-matched-zstd-r3__output__bin__c++-0008	GCC-DRIVER	UPSTREAM-MATCHED	tmp/phase3c-driver/upstream-matched-zstd-r3/output/bin/riscv32-wch-elf-c++	e48bb3a628ec33819e596065b1a7c029f18473c15f90c9b8b08a300d6565517c	1368	1384	16	LC_DYLD_EXPORTS_TRIE[6]	SIGNATURE/UUID/BUILD-METADATA	L1-FEAT-DRIVER	L1-STATIC-XW,L1-STATIC-XDIAG,L1-STATIC-ZSTD-SPEC	COMPLETE-TILING-UNRESOLVED	L1-macho-regions	ownership=PRIMARY; file_size=2197080; region_sha256=b41f80f40c7873af49d337b93a1c03143a6f49db21c3bd843e94237c920357a3
L1-REG-UP-MATCHED-tmp__phase3c-driver__upstream-matched-zstd-r3__output__bin__c++-0009	GCC-DRIVER	UPSTREAM-MATCHED	tmp/phase3c-driver/upstream-matched-zstd-r3/output/bin/riscv32-wch-elf-c++	e48bb3a628ec33819e596065b1a7c029f18473c15f90c9b8b08a300d6565517c	1384	1408	24	LC_SYMTAB[7]	SIGNATURE/UUID/BUILD-METADATA	L1-FEAT-DRIVER	L1-STATIC-XW,L1-STATIC-XDIAG,L1-STATIC-ZSTD-SPEC	COMPLETE-TILING-UNRESOLVED	L1-macho-regions	ownership=PRIMARY; file_size=2197080; region_sha256=d2d164ea6a0bfa85fadb9f676c1296a97d60858ca241c5273ccacaa4353de17a
L1-REG-UP-MATCHED-tmp__phase3c-driver__upstream-matched-zstd-r3__output__bin__c++-0010	GCC-DRIVER	UPSTREAM-MATCHED	tmp/phase3c-driver/upstream-matched-zstd-r3/output/bin/riscv32-wch-elf-c++	e48bb3a628ec33819e596065b1a7c029f18473c15f90c9b8b08a300d6565517c	1408	1488	80	LC_DYSYMTAB[8]	SIGNATURE/UUID/BUILD-METADATA	L1-FEAT-DRIVER	L1-STATIC-XW,L1-STATIC-XDIAG,L1-STATIC-ZSTD-SPEC	COMPLETE-TILING-UNRESOLVED	L1-macho-regions	ownership=PRIMARY; file_size=2197080; region_sha256=26b3acc2094e0e319945ce5ce739260e77f74fa8ce2c0886acf16fdbb67cd373
L1-REG-UP-MATCHED-tmp__phase3c-driver__upstream-matched-zstd-r3__output__bin__c++-0011	GCC-DRIVER	UPSTREAM-MATCHED	tmp/phase3c-driver/upstream-matched-zstd-r3/output/bin/riscv32-wch-elf-c++	e48bb3a628ec33819e596065b1a7c029f18473c15f90c9b8b08a300d6565517c	1488	1520	32	LC_LOAD_DYLINKER[9]	PACKAGING/DEPENDENCY	L1-FEAT-DRIVER	L1-STATIC-XW,L1-STATIC-XDIAG,L1-STATIC-ZSTD-SPEC	COMPLETE-TILING-UNRESOLVED	L1-macho-regions	ownership=PRIMARY; file_size=2197080; region_sha256=44316cf4f366f41aa06996613c44af75e34479362928faf61a168c2a203b5999
L1-REG-UP-MATCHED-tmp__phase3c-driver__upstream-matched-zstd-r3__output__bin__c++-0012	GCC-DRIVER	UPSTREAM-MATCHED	tmp/phase3c-driver/upstream-matched-zstd-r3/output/bin/riscv32-wch-elf-c++	e48bb3a628ec33819e596065b1a7c029f18473c15f90c9b8b08a300d6565517c	1520	1544	24	LC_UUID[10]	SIGNATURE/UUID/BUILD-METADATA	L1-FEAT-DRIVER	L1-STATIC-XW,L1-STATIC-XDIAG,L1-STATIC-ZSTD-SPEC	COMPLETE-TILING-UNRESOLVED	L1-macho-regions	ownership=PRIMARY; file_size=2197080; region_sha256=afdfca1d10ab70ba45efc1f903beb2ef766983b0c5a05d221777c5271b97bb6a
L1-REG-UP-MATCHED-tmp__phase3c-driver__upstream-matched-zstd-r3__output__bin__c++-0013	GCC-DRIVER	UPSTREAM-MATCHED	tmp/phase3c-driver/upstream-matched-zstd-r3/output/bin/riscv32-wch-elf-c++	e48bb3a628ec33819e596065b1a7c029f18473c15f90c9b8b08a300d6565517c	1544	1576	32	LC_BUILD_VERSION[11]	SIGNATURE/UUID/BUILD-METADATA	L1-FEAT-DRIVER	L1-STATIC-XW,L1-STATIC-XDIAG,L1-STATIC-ZSTD-SPEC	COMPLETE-TILING-UNRESOLVED	L1-macho-regions	ownership=PRIMARY; file_size=2197080; region_sha256=06be0acc3151d0cb3a5720312a0ae05bf2376d394c98194de6f77801b59ab2e0
L1-REG-UP-MATCHED-tmp__phase3c-driver__upstream-matched-zstd-r3__output__bin__c++-0014	GCC-DRIVER	UPSTREAM-MATCHED	tmp/phase3c-driver/upstream-matched-zstd-r3/output/bin/riscv32-wch-elf-c++	e48bb3a628ec33819e596065b1a7c029f18473c15f90c9b8b08a300d6565517c	1576	1592	16	LC_SOURCE_VERSION[12]	SIGNATURE/UUID/BUILD-METADATA	L1-FEAT-DRIVER	L1-STATIC-XW,L1-STATIC-XDIAG,L1-STATIC-ZSTD-SPEC	COMPLETE-TILING-UNRESOLVED	L1-macho-regions	ownership=PRIMARY; file_size=2197080; region_sha256=01a60f1db7db041298aa3e269ff5ebea951aa6977963e4ab563905da906d2b82
L1-REG-UP-MATCHED-tmp__phase3c-driver__upstream-matched-zstd-r3__output__bin__c++-0015	GCC-DRIVER	UPSTREAM-MATCHED	tmp/phase3c-driver/upstream-matched-zstd-r3/output/bin/riscv32-wch-elf-c++	e48bb3a628ec33819e596065b1a7c029f18473c15f90c9b8b08a300d6565517c	1592	1616	24	LC_MAIN[13]	SIGNATURE/UUID/BUILD-METADATA	L1-FEAT-DRIVER	L1-STATIC-XW,L1-STATIC-XDIAG,L1-STATIC-ZSTD-SPEC	COMPLETE-TILING-UNRESOLVED	L1-macho-regions	ownership=PRIMARY; file_size=2197080; region_sha256=b4813a96335c833a9783c51341be325f27f121d8c7263d3ca4054881a294f6ae
L1-REG-UP-MATCHED-tmp__phase3c-driver__upstream-matched-zstd-r3__output__bin__c++-0016	GCC-DRIVER	UPSTREAM-MATCHED	tmp/phase3c-driver/upstream-matched-zstd-r3/output/bin/riscv32-wch-elf-c++	e48bb3a628ec33819e596065b1a7c029f18473c15f90c9b8b08a300d6565517c	1616	1672	56	LC_LOAD_DYLIB[14]	PACKAGING/DEPENDENCY	L1-FEAT-DRIVER	L1-STATIC-XW,L1-STATIC-XDIAG,L1-STATIC-ZSTD-SPEC	COMPLETE-TILING-UNRESOLVED	L1-macho-regions	ownership=PRIMARY; file_size=2197080; region_sha256=1a489c8b895a1c5fa426d2f6bdf524fa8d9c8227923ea0a7bb3a194fd92823ea
L1-REG-UP-MATCHED-tmp__phase3c-driver__upstream-matched-zstd-r3__output__bin__c++-0017	GCC-DRIVER	UPSTREAM-MATCHED	tmp/phase3c-driver/upstream-matched-zstd-r3/output/bin/riscv32-wch-elf-c++	e48bb3a628ec33819e596065b1a7c029f18473c15f90c9b8b08a300d6565517c	1672	1720	48	LC_LOAD_DYLIB[15]	PACKAGING/DEPENDENCY	L1-FEAT-DRIVER	L1-STATIC-XW,L1-STATIC-XDIAG,L1-STATIC-ZSTD-SPEC	COMPLETE-TILING-UNRESOLVED	L1-macho-regions	ownership=PRIMARY; file_size=2197080; region_sha256=7745a4d4639b8f1de3e38beb445632a5df37fca6950234b1d83a4278c5dd4c0e
L1-REG-UP-MATCHED-tmp__phase3c-driver__upstream-matched-zstd-r3__output__bin__c++-0018	GCC-DRIVER	UPSTREAM-MATCHED	tmp/phase3c-driver/upstream-matched-zstd-r3/output/bin/riscv32-wch-elf-c++	e48bb3a628ec33819e596065b1a7c029f18473c15f90c9b8b08a300d6565517c	1720	1776	56	LC_LOAD_DYLIB[16]	PACKAGING/DEPENDENCY	L1-FEAT-DRIVER	L1-STATIC-XW,L1-STATIC-XDIAG,L1-STATIC-ZSTD-SPEC	COMPLETE-TILING-UNRESOLVED	L1-macho-regions	ownership=PRIMARY; file_size=2197080; region_sha256=ffa45af4ce6b7780727be9b2f2f9ca0b35932363e311b247d840ef9da1bdc1f5
L1-REG-UP-MATCHED-tmp__phase3c-driver__upstream-matched-zstd-r3__output__bin__c++-0019	GCC-DRIVER	UPSTREAM-MATCHED	tmp/phase3c-driver/upstream-matched-zstd-r3/output/bin/riscv32-wch-elf-c++	e48bb3a628ec33819e596065b1a7c029f18473c15f90c9b8b08a300d6565517c	1776	1792	16	LC_FUNCTION_STARTS[17]	SIGNATURE/UUID/BUILD-METADATA	L1-FEAT-DRIVER	L1-STATIC-XW,L1-STATIC-XDIAG,L1-STATIC-ZSTD-SPEC	COMPLETE-TILING-UNRESOLVED	L1-macho-regions	ownership=PRIMARY; file_size=2197080; region_sha256=2f5fa838acc64aea7cb290d200989688ce44ad356b6b21ebad703c4ef0ddeecf
L1-REG-UP-MATCHED-tmp__phase3c-driver__upstream-matched-zstd-r3__output__bin__c++-0020	GCC-DRIVER	UPSTREAM-MATCHED	tmp/phase3c-driver/upstream-matched-zstd-r3/output/bin/riscv32-wch-elf-c++	e48bb3a628ec33819e596065b1a7c029f18473c15f90c9b8b08a300d6565517c	1792	1808	16	LC_DATA_IN_CODE[18]	SIGNATURE/UUID/BUILD-METADATA	L1-FEAT-DRIVER	L1-STATIC-XW,L1-STATIC-XDIAG,L1-STATIC-ZSTD-SPEC	COMPLETE-TILING-UNRESOLVED	L1-macho-regions	ownership=PRIMARY; file_size=2197080; region_sha256=0d48df73e9e9c3c93e35d849055cd0b81e4337106a0b81bd00b04bc866e9a7d1
L1-REG-UP-MATCHED-tmp__phase3c-driver__upstream-matched-zstd-r3__output__bin__c++-0021	GCC-DRIVER	UPSTREAM-MATCHED	tmp/phase3c-driver/upstream-matched-zstd-r3/output/bin/riscv32-wch-elf-c++	e48bb3a628ec33819e596065b1a7c029f18473c15f90c9b8b08a300d6565517c	1808	1824	16	LC_CODE_SIGNATURE[19]	SIGNATURE/UUID/BUILD-METADATA	L1-FEAT-DRIVER	L1-STATIC-XW,L1-STATIC-XDIAG,L1-STATIC-ZSTD-SPEC	COMPLETE-TILING-UNRESOLVED	L1-macho-regions	ownership=PRIMARY; file_size=2197080; region_sha256=cf339fa801e88d3b4b446b7e4980292bc37d5e6bb3aad082057fd2a27e34791f
L1-REG-UP-MATCHED-tmp__phase3c-driver__upstream-matched-zstd-r3__output__bin__c++-0022	GCC-DRIVER	UPSTREAM-MATCHED	tmp/phase3c-driver/upstream-matched-zstd-r3/output/bin/riscv32-wch-elf-c++	e48bb3a628ec33819e596065b1a7c029f18473c15f90c9b8b08a300d6565517c	1824	1864	40	segment:__TEXT	UNRESOLVED	L1-FEAT-DRIVER	L1-STATIC-XW,L1-STATIC-XDIAG,L1-STATIC-ZSTD-SPEC	COMPLETE-TILING-UNRESOLVED	L1-macho-regions	ownership=PRIMARY; file_size=2197080; region_sha256=2c34ce1df23b838c5abf2a7f6437cca3d3067ed509ff25f11df6b11b582b51eb
L1-REG-UP-MATCHED-tmp__phase3c-driver__upstream-matched-zstd-r3__output__bin__c++-0023	GCC-DRIVER	UPSTREAM-MATCHED	tmp/phase3c-driver/upstream-matched-zstd-r3/output/bin/riscv32-wch-elf-c++	e48bb3a628ec33819e596065b1a7c029f18473c15f90c9b8b08a300d6565517c	1864	730844	728980	section:__TEXT,__text	FUNCTIONAL-CODE	L1-FEAT-DRIVER	L1-STATIC-XW,L1-STATIC-XDIAG,L1-STATIC-ZSTD-SPEC	COMPLETE-TILING-UNRESOLVED	L1-macho-regions	ownership=PRIMARY; file_size=2197080; region_sha256=300a8c65567ce3e8e8e5a685414f5666b7f4986da9c6e07b7c5e31ced6377e76
L1-REG-UP-MATCHED-tmp__phase3c-driver__upstream-matched-zstd-r3__output__bin__c++-0024	GCC-DRIVER	UPSTREAM-MATCHED	tmp/phase3c-driver/upstream-matched-zstd-r3/output/bin/riscv32-wch-elf-c++	e48bb3a628ec33819e596065b1a7c029f18473c15f90c9b8b08a300d6565517c	730844	732656	1812	section:__TEXT,__stubs	UNRESOLVED	L1-FEAT-DRIVER	L1-STATIC-XW,L1-STATIC-XDIAG,L1-STATIC-ZSTD-SPEC	COMPLETE-TILING-UNRESOLVED	L1-macho-regions	ownership=PRIMARY; file_size=2197080; region_sha256=db58e7d8c5570e87dcf4b421a7aa871b77d077d324e4c52f90b7a2194dbd0419
L1-REG-UP-MATCHED-tmp__phase3c-driver__upstream-matched-zstd-r3__output__bin__c++-0025	GCC-DRIVER	UPSTREAM-MATCHED	tmp/phase3c-driver/upstream-matched-zstd-r3/output/bin/riscv32-wch-elf-c++	e48bb3a628ec33819e596065b1a7c029f18473c15f90c9b8b08a300d6565517c	732656	732672	16	section:__TEXT,__init_offsets	UNRESOLVED	L1-FEAT-DRIVER	L1-STATIC-XW,L1-STATIC-XDIAG,L1-STATIC-ZSTD-SPEC	COMPLETE-TILING-UNRESOLVED	L1-macho-regions	ownership=PRIMARY; file_size=2197080; region_sha256=e58ce4d9745780279f9e1f6e66f37db3083f0be5b410622678b38ddb2cb6b2e6
L1-REG-UP-MATCHED-tmp__phase3c-driver__upstream-matched-zstd-r3__output__bin__c++-0026	GCC-DRIVER	UPSTREAM-MATCHED	tmp/phase3c-driver/upstream-matched-zstd-r3/output/bin/riscv32-wch-elf-c++	e48bb3a628ec33819e596065b1a7c029f18473c15f90c9b8b08a300d6565517c	732672	1084992	352320	section:__TEXT,__const	FUNCTIONAL-DATA-TABLE	L1-FEAT-DRIVER	L1-STATIC-XW,L1-STATIC-XDIAG,L1-STATIC-ZSTD-SPEC	COMPLETE-TILING-UNRESOLVED	L1-macho-regions	ownership=PRIMARY; file_size=2197080; region_sha256=8e3c6a92a39addb321d0ff4c29519d0c35bbd2ade7c2d080d959d9aaca35f421
L1-REG-UP-MATCHED-tmp__phase3c-driver__upstream-matched-zstd-r3__output__bin__c++-0027	GCC-DRIVER	UPSTREAM-MATCHED	tmp/phase3c-driver/upstream-matched-zstd-r3/output/bin/riscv32-wch-elf-c++	e48bb3a628ec33819e596065b1a7c029f18473c15f90c9b8b08a300d6565517c	1084992	1419416	334424	section:__TEXT,__cstring	FUNCTIONAL-DATA-TABLE	L1-FEAT-DRIVER	L1-STATIC-XW,L1-STATIC-XDIAG,L1-STATIC-ZSTD-SPEC	COMPLETE-TILING-UNRESOLVED	L1-macho-regions	ownership=PRIMARY; file_size=2197080; region_sha256=68c6d476cf85d9e45ad2bc5d0a43898ec6b32e895280d3ad601210239ea06127
L1-REG-UP-MATCHED-tmp__phase3c-driver__upstream-matched-zstd-r3__output__bin__c++-0028	GCC-DRIVER	UPSTREAM-MATCHED	tmp/phase3c-driver/upstream-matched-zstd-r3/output/bin/riscv32-wch-elf-c++	e48bb3a628ec33819e596065b1a7c029f18473c15f90c9b8b08a300d6565517c	1419416	1428592	9176	section:__TEXT,__unwind_info	FUNCTIONAL-DATA-TABLE	L1-FEAT-DRIVER	L1-STATIC-XW,L1-STATIC-XDIAG,L1-STATIC-ZSTD-SPEC	COMPLETE-TILING-UNRESOLVED	L1-macho-regions	ownership=PRIMARY; file_size=2197080; region_sha256=9078658586bb68051a0d8737b4e17281b13a96bb20c8b34aa91726ec3358703b
L1-REG-UP-MATCHED-tmp__phase3c-driver__upstream-matched-zstd-r3__output__bin__c++-0029	GCC-DRIVER	UPSTREAM-MATCHED	tmp/phase3c-driver/upstream-matched-zstd-r3/output/bin/riscv32-wch-elf-c++	e48bb3a628ec33819e596065b1a7c029f18473c15f90c9b8b08a300d6565517c	1428592	1488380	59788	section:__TEXT,__eh_frame	FUNCTIONAL-DATA-TABLE	L1-FEAT-DRIVER	L1-STATIC-XW,L1-STATIC-XDIAG,L1-STATIC-ZSTD-SPEC	COMPLETE-TILING-UNRESOLVED	L1-macho-regions	ownership=PRIMARY; file_size=2197080; region_sha256=53d97ad6970d22e5264af74158680f9f006f3a71b1321e26d4b0e606da884108
L1-REG-UP-MATCHED-tmp__phase3c-driver__upstream-matched-zstd-r3__output__bin__c++-0030	GCC-DRIVER	UPSTREAM-MATCHED	tmp/phase3c-driver/upstream-matched-zstd-r3/output/bin/riscv32-wch-elf-c++	e48bb3a628ec33819e596065b1a7c029f18473c15f90c9b8b08a300d6565517c	1488380	1490944	2564	segment:__TEXT	UNRESOLVED	L1-FEAT-DRIVER	L1-STATIC-XW,L1-STATIC-XDIAG,L1-STATIC-ZSTD-SPEC	COMPLETE-TILING-UNRESOLVED	L1-macho-regions	ownership=PRIMARY; file_size=2197080; region_sha256=a3cab394e53f55926b1548e6614bc98ea877ba045e4269a5766e29920715b584
L1-REG-UP-MATCHED-tmp__phase3c-driver__upstream-matched-zstd-r3__output__bin__c++-0031	GCC-DRIVER	UPSTREAM-MATCHED	tmp/phase3c-driver/upstream-matched-zstd-r3/output/bin/riscv32-wch-elf-c++	e48bb3a628ec33819e596065b1a7c029f18473c15f90c9b8b08a300d6565517c	1490944	1492384	1440	section:__DATA_CONST,__got	FUNCTIONAL-DATA-TABLE	L1-FEAT-DRIVER	L1-STATIC-XW,L1-STATIC-XDIAG,L1-STATIC-ZSTD-SPEC	COMPLETE-TILING-UNRESOLVED	L1-macho-regions	ownership=PRIMARY; file_size=2197080; region_sha256=ae03c576bd5a6e53357ca6cc25e6223122cace1798e64c329af57e5f269592f8
L1-REG-UP-MATCHED-tmp__phase3c-driver__upstream-matched-zstd-r3__output__bin__c++-0032	GCC-DRIVER	UPSTREAM-MATCHED	tmp/phase3c-driver/upstream-matched-zstd-r3/output/bin/riscv32-wch-elf-c++	e48bb3a628ec33819e596065b1a7c029f18473c15f90c9b8b08a300d6565517c	1492384	1745888	253504	section:__DATA_CONST,__const	FUNCTIONAL-DATA-TABLE	L1-FEAT-DRIVER	L1-STATIC-XW,L1-STATIC-XDIAG,L1-STATIC-ZSTD-SPEC	COMPLETE-TILING-UNRESOLVED	L1-macho-regions	ownership=PRIMARY; file_size=2197080; region_sha256=03fa1c86537e71563e759a7d2c267bb35085db6169d93e649c95c7f3b964dd00
L1-REG-UP-MATCHED-tmp__phase3c-driver__upstream-matched-zstd-r3__output__bin__c++-0033	GCC-DRIVER	UPSTREAM-MATCHED	tmp/phase3c-driver/upstream-matched-zstd-r3/output/bin/riscv32-wch-elf-c++	e48bb3a628ec33819e596065b1a7c029f18473c15f90c9b8b08a300d6565517c	1745888	1753088	7200	segment:__DATA_CONST	UNRESOLVED	L1-FEAT-DRIVER	L1-STATIC-XW,L1-STATIC-XDIAG,L1-STATIC-ZSTD-SPEC	COMPLETE-TILING-UNRESOLVED	L1-macho-regions	ownership=PRIMARY; file_size=2197080; region_sha256=e4331b4b5dff91084b34db4018c5905a016cdf9c0d74d02c0d5af88dabfc6bc6
L1-REG-UP-MATCHED-tmp__phase3c-driver__upstream-matched-zstd-r3__output__bin__c++-0034	GCC-DRIVER	UPSTREAM-MATCHED	tmp/phase3c-driver/upstream-matched-zstd-r3/output/bin/riscv32-wch-elf-c++	e48bb3a628ec33819e596065b1a7c029f18473c15f90c9b8b08a300d6565517c	1753088	1755856	2768	section:__DATA,__data	FUNCTIONAL-DATA-TABLE	L1-FEAT-DRIVER	L1-STATIC-XW,L1-STATIC-XDIAG,L1-STATIC-ZSTD-SPEC	COMPLETE-TILING-UNRESOLVED	L1-macho-regions	ownership=PRIMARY; file_size=2197080; region_sha256=6337bc8f16c773a414841bb24c955d8b9b1fd262d269481add143b80bd4ddd6b
L1-REG-UP-MATCHED-tmp__phase3c-driver__upstream-matched-zstd-r3__output__bin__c++-0035	GCC-DRIVER	UPSTREAM-MATCHED	tmp/phase3c-driver/upstream-matched-zstd-r3/output/bin/riscv32-wch-elf-c++	e48bb3a628ec33819e596065b1a7c029f18473c15f90c9b8b08a300d6565517c	1755856	1769472	13616	segment:__DATA	UNRESOLVED	L1-FEAT-DRIVER	L1-STATIC-XW,L1-STATIC-XDIAG,L1-STATIC-ZSTD-SPEC	COMPLETE-TILING-UNRESOLVED	L1-macho-regions	ownership=PRIMARY; file_size=2197080; region_sha256=df2a49e8ad39fc1deabf72892bd8580ae9bcb3fc839ba79f3e9fe15cb2a3d6fc
L1-REG-UP-MATCHED-tmp__phase3c-driver__upstream-matched-zstd-r3__output__bin__c++-0036	GCC-DRIVER	UPSTREAM-MATCHED	tmp/phase3c-driver/upstream-matched-zstd-r3/output/bin/riscv32-wch-elf-c++	e48bb3a628ec33819e596065b1a7c029f18473c15f90c9b8b08a300d6565517c	1769472	1774792	5320	LC_DYLD_CHAINED_FIXUPS:payload	LINK-LAYOUT	L1-FEAT-DRIVER	L1-STATIC-XW,L1-STATIC-XDIAG,L1-STATIC-ZSTD-SPEC	COMPLETE-TILING-UNRESOLVED	L1-macho-regions	ownership=PRIMARY; file_size=2197080; region_sha256=8ef7ad9bc4b8f1f7c3a175594f6d6f64712ad81b9b20f5bd1eb3723ae916ed4f
L1-REG-UP-MATCHED-tmp__phase3c-driver__upstream-matched-zstd-r3__output__bin__c++-0037	GCC-DRIVER	UPSTREAM-MATCHED	tmp/phase3c-driver/upstream-matched-zstd-r3/output/bin/riscv32-wch-elf-c++	e48bb3a628ec33819e596065b1a7c029f18473c15f90c9b8b08a300d6565517c	1774792	1836016	61224	LC_DYLD_EXPORTS_TRIE:payload	LINK-LAYOUT	L1-FEAT-DRIVER	L1-STATIC-XW,L1-STATIC-XDIAG,L1-STATIC-ZSTD-SPEC	COMPLETE-TILING-UNRESOLVED	L1-macho-regions	ownership=PRIMARY; file_size=2197080; region_sha256=c9b459dabbfbf246e17ccab96828e4014e3e0841d236371bb6662284e557a757
L1-REG-UP-MATCHED-tmp__phase3c-driver__upstream-matched-zstd-r3__output__bin__c++-0038	GCC-DRIVER	UPSTREAM-MATCHED	tmp/phase3c-driver/upstream-matched-zstd-r3/output/bin/riscv32-wch-elf-c++	e48bb3a628ec33819e596065b1a7c029f18473c15f90c9b8b08a300d6565517c	1836016	1839248	3232	LC_FUNCTION_STARTS:payload	STRIP/DEBUG/SYMBOL-LAYOUT	L1-FEAT-DRIVER	L1-STATIC-XW,L1-STATIC-XDIAG,L1-STATIC-ZSTD-SPEC	COMPLETE-TILING-UNRESOLVED	L1-macho-regions	ownership=PRIMARY; file_size=2197080; region_sha256=d4db1c5c08285ba9013f2ca8641906a4c9222040c0281930829ce4d6f2843a64
L1-REG-UP-MATCHED-tmp__phase3c-driver__upstream-matched-zstd-r3__output__bin__c++-0039	GCC-DRIVER	UPSTREAM-MATCHED	tmp/phase3c-driver/upstream-matched-zstd-r3/output/bin/riscv32-wch-elf-c++	e48bb3a628ec33819e596065b1a7c029f18473c15f90c9b8b08a300d6565517c	1839248	2035632	196384	LC_SYMTAB:nlist_64	STRIP/DEBUG/SYMBOL-LAYOUT	L1-FEAT-DRIVER	L1-STATIC-XW,L1-STATIC-XDIAG,L1-STATIC-ZSTD-SPEC	COMPLETE-TILING-UNRESOLVED	L1-macho-regions	ownership=PRIMARY; file_size=2197080; region_sha256=ffcc01c9e1c047e8270d694e4221d6f6664bdb14caf86fb41cae6b92b5fed985
L1-REG-UP-MATCHED-tmp__phase3c-driver__upstream-matched-zstd-r3__output__bin__c++-0040	GCC-DRIVER	UPSTREAM-MATCHED	tmp/phase3c-driver/upstream-matched-zstd-r3/output/bin/riscv32-wch-elf-c++	e48bb3a628ec33819e596065b1a7c029f18473c15f90c9b8b08a300d6565517c	2035632	2036960	1328	segment:__LINKEDIT	LINK-LAYOUT	L1-FEAT-DRIVER	L1-STATIC-XW,L1-STATIC-XDIAG,L1-STATIC-ZSTD-SPEC	COMPLETE-TILING-UNRESOLVED	L1-macho-regions	ownership=PRIMARY; file_size=2197080; region_sha256=9863f84974e0e5452e27eac9366ddfa025b470dc5356a55c568a726e0333431d
L1-REG-UP-MATCHED-tmp__phase3c-driver__upstream-matched-zstd-r3__output__bin__c++-0041	GCC-DRIVER	UPSTREAM-MATCHED	tmp/phase3c-driver/upstream-matched-zstd-r3/output/bin/riscv32-wch-elf-c++	e48bb3a628ec33819e596065b1a7c029f18473c15f90c9b8b08a300d6565517c	2036960	2179904	142944	LC_SYMTAB:string_table	STRIP/DEBUG/SYMBOL-LAYOUT	L1-FEAT-DRIVER	L1-STATIC-XW,L1-STATIC-XDIAG,L1-STATIC-ZSTD-SPEC	COMPLETE-TILING-UNRESOLVED	L1-macho-regions	ownership=PRIMARY; file_size=2197080; region_sha256=f198dc0acc985e36d291f49dff43d56d88d93ed53f172fcc923964f3e3a18430
L1-REG-UP-MATCHED-tmp__phase3c-driver__upstream-matched-zstd-r3__output__bin__c++-0042	GCC-DRIVER	UPSTREAM-MATCHED	tmp/phase3c-driver/upstream-matched-zstd-r3/output/bin/riscv32-wch-elf-c++	e48bb3a628ec33819e596065b1a7c029f18473c15f90c9b8b08a300d6565517c	2179904	2197080	17176	LC_CODE_SIGNATURE:payload	SIGNATURE/UUID/BUILD-METADATA	L1-FEAT-DRIVER	L1-STATIC-XW,L1-STATIC-XDIAG,L1-STATIC-ZSTD-SPEC	COMPLETE-TILING-UNRESOLVED	L1-macho-regions	ownership=PRIMARY; file_size=2197080; region_sha256=65705f904a695ab41ff9a8f137d40a3339d5cf7b441c334166ef26b9a5b441e1
L1-REG-UP-MATCHED-tmp__phase3c-driver__upstream-matched-zstd-r3__output__bin__cpp-0001	GCC-DRIVER	UPSTREAM-MATCHED	tmp/phase3c-driver/upstream-matched-zstd-r3/output/bin/riscv32-wch-elf-cpp	ef8fe8324de89df8ed3a535c9e9a9ea7d17ae4cfe8bd592b6211689785659ca4	0	32	32	mach_header_64	SIGNATURE/UUID/BUILD-METADATA	L1-FEAT-DRIVER	L1-STATIC-XW,L1-STATIC-XDIAG,L1-STATIC-ZSTD-SPEC	COMPLETE-TILING-UNRESOLVED	L1-macho-regions	ownership=PRIMARY; file_size=2197088; region_sha256=08954c9497afe8aea0829ceb1816408e95f9e85573f06eea750fecd84c9d8947
L1-REG-UP-MATCHED-tmp__phase3c-driver__upstream-matched-zstd-r3__output__bin__cpp-0002	GCC-DRIVER	UPSTREAM-MATCHED	tmp/phase3c-driver/upstream-matched-zstd-r3/output/bin/riscv32-wch-elf-cpp	ef8fe8324de89df8ed3a535c9e9a9ea7d17ae4cfe8bd592b6211689785659ca4	32	104	72	LC_SEGMENT_64[0]	SIGNATURE/UUID/BUILD-METADATA	L1-FEAT-DRIVER	L1-STATIC-XW,L1-STATIC-XDIAG,L1-STATIC-ZSTD-SPEC	COMPLETE-TILING-UNRESOLVED	L1-macho-regions	ownership=PRIMARY; file_size=2197088; region_sha256=38432a8fbcbe1ae9fdf9263fe1e4e948de98131833cc5e5333f375dcf5f6333f
L1-REG-UP-MATCHED-tmp__phase3c-driver__upstream-matched-zstd-r3__output__bin__cpp-0003	GCC-DRIVER	UPSTREAM-MATCHED	tmp/phase3c-driver/upstream-matched-zstd-r3/output/bin/riscv32-wch-elf-cpp	ef8fe8324de89df8ed3a535c9e9a9ea7d17ae4cfe8bd592b6211689785659ca4	104	736	632	LC_SEGMENT_64[1]	SIGNATURE/UUID/BUILD-METADATA	L1-FEAT-DRIVER	L1-STATIC-XW,L1-STATIC-XDIAG,L1-STATIC-ZSTD-SPEC	COMPLETE-TILING-UNRESOLVED	L1-macho-regions	ownership=PRIMARY; file_size=2197088; region_sha256=5af9d2f8beb4e64a35d1236c4881da70507912113154321a73318664150edac0
L1-REG-UP-MATCHED-tmp__phase3c-driver__upstream-matched-zstd-r3__output__bin__cpp-0004	GCC-DRIVER	UPSTREAM-MATCHED	tmp/phase3c-driver/upstream-matched-zstd-r3/output/bin/riscv32-wch-elf-cpp	ef8fe8324de89df8ed3a535c9e9a9ea7d17ae4cfe8bd592b6211689785659ca4	736	968	232	LC_SEGMENT_64[2]	SIGNATURE/UUID/BUILD-METADATA	L1-FEAT-DRIVER	L1-STATIC-XW,L1-STATIC-XDIAG,L1-STATIC-ZSTD-SPEC	COMPLETE-TILING-UNRESOLVED	L1-macho-regions	ownership=PRIMARY; file_size=2197088; region_sha256=4a69d3305c851f21fc28582666e61107c3ac84704aac69af7c8faca81f9c562b
L1-REG-UP-MATCHED-tmp__phase3c-driver__upstream-matched-zstd-r3__output__bin__cpp-0005	GCC-DRIVER	UPSTREAM-MATCHED	tmp/phase3c-driver/upstream-matched-zstd-r3/output/bin/riscv32-wch-elf-cpp	ef8fe8324de89df8ed3a535c9e9a9ea7d17ae4cfe8bd592b6211689785659ca4	968	1280	312	LC_SEGMENT_64[3]	SIGNATURE/UUID/BUILD-METADATA	L1-FEAT-DRIVER	L1-STATIC-XW,L1-STATIC-XDIAG,L1-STATIC-ZSTD-SPEC	COMPLETE-TILING-UNRESOLVED	L1-macho-regions	ownership=PRIMARY; file_size=2197088; region_sha256=84ac7fae8149e4bb7ed8115342fa74881263b37850225bfefd5abd285efbe4d0
L1-REG-UP-MATCHED-tmp__phase3c-driver__upstream-matched-zstd-r3__output__bin__cpp-0006	GCC-DRIVER	UPSTREAM-MATCHED	tmp/phase3c-driver/upstream-matched-zstd-r3/output/bin/riscv32-wch-elf-cpp	ef8fe8324de89df8ed3a535c9e9a9ea7d17ae4cfe8bd592b6211689785659ca4	1280	1352	72	LC_SEGMENT_64[4]	SIGNATURE/UUID/BUILD-METADATA	L1-FEAT-DRIVER	L1-STATIC-XW,L1-STATIC-XDIAG,L1-STATIC-ZSTD-SPEC	COMPLETE-TILING-UNRESOLVED	L1-macho-regions	ownership=PRIMARY; file_size=2197088; region_sha256=efc8ffe2931f5b55afadbbad928bbfa9b51904320c5ebf3cfac1cf9bf2404845
L1-REG-UP-MATCHED-tmp__phase3c-driver__upstream-matched-zstd-r3__output__bin__cpp-0007	GCC-DRIVER	UPSTREAM-MATCHED	tmp/phase3c-driver/upstream-matched-zstd-r3/output/bin/riscv32-wch-elf-cpp	ef8fe8324de89df8ed3a535c9e9a9ea7d17ae4cfe8bd592b6211689785659ca4	1352	1368	16	LC_DYLD_CHAINED_FIXUPS[5]	SIGNATURE/UUID/BUILD-METADATA	L1-FEAT-DRIVER	L1-STATIC-XW,L1-STATIC-XDIAG,L1-STATIC-ZSTD-SPEC	COMPLETE-TILING-UNRESOLVED	L1-macho-regions	ownership=PRIMARY; file_size=2197088; region_sha256=0b066c8f9dcb146311b6bb677532d2b3c729c8bf04aa59480dc2e3ecd831cfd9
L1-REG-UP-MATCHED-tmp__phase3c-driver__upstream-matched-zstd-r3__output__bin__cpp-0008	GCC-DRIVER	UPSTREAM-MATCHED	tmp/phase3c-driver/upstream-matched-zstd-r3/output/bin/riscv32-wch-elf-cpp	ef8fe8324de89df8ed3a535c9e9a9ea7d17ae4cfe8bd592b6211689785659ca4	1368	1384	16	LC_DYLD_EXPORTS_TRIE[6]	SIGNATURE/UUID/BUILD-METADATA	L1-FEAT-DRIVER	L1-STATIC-XW,L1-STATIC-XDIAG,L1-STATIC-ZSTD-SPEC	COMPLETE-TILING-UNRESOLVED	L1-macho-regions	ownership=PRIMARY; file_size=2197088; region_sha256=b41f80f40c7873af49d337b93a1c03143a6f49db21c3bd843e94237c920357a3
L1-REG-UP-MATCHED-tmp__phase3c-driver__upstream-matched-zstd-r3__output__bin__cpp-0009	GCC-DRIVER	UPSTREAM-MATCHED	tmp/phase3c-driver/upstream-matched-zstd-r3/output/bin/riscv32-wch-elf-cpp	ef8fe8324de89df8ed3a535c9e9a9ea7d17ae4cfe8bd592b6211689785659ca4	1384	1408	24	LC_SYMTAB[7]	SIGNATURE/UUID/BUILD-METADATA	L1-FEAT-DRIVER	L1-STATIC-XW,L1-STATIC-XDIAG,L1-STATIC-ZSTD-SPEC	COMPLETE-TILING-UNRESOLVED	L1-macho-regions	ownership=PRIMARY; file_size=2197088; region_sha256=4be3c5d0150af5c657163e8c5fbef90eb5150e5ca6bebe72cfc850e5e0a580db
L1-REG-UP-MATCHED-tmp__phase3c-driver__upstream-matched-zstd-r3__output__bin__cpp-0010	GCC-DRIVER	UPSTREAM-MATCHED	tmp/phase3c-driver/upstream-matched-zstd-r3/output/bin/riscv32-wch-elf-cpp	ef8fe8324de89df8ed3a535c9e9a9ea7d17ae4cfe8bd592b6211689785659ca4	1408	1488	80	LC_DYSYMTAB[8]	SIGNATURE/UUID/BUILD-METADATA	L1-FEAT-DRIVER	L1-STATIC-XW,L1-STATIC-XDIAG,L1-STATIC-ZSTD-SPEC	COMPLETE-TILING-UNRESOLVED	L1-macho-regions	ownership=PRIMARY; file_size=2197088; region_sha256=26b3acc2094e0e319945ce5ce739260e77f74fa8ce2c0886acf16fdbb67cd373
L1-REG-UP-MATCHED-tmp__phase3c-driver__upstream-matched-zstd-r3__output__bin__cpp-0011	GCC-DRIVER	UPSTREAM-MATCHED	tmp/phase3c-driver/upstream-matched-zstd-r3/output/bin/riscv32-wch-elf-cpp	ef8fe8324de89df8ed3a535c9e9a9ea7d17ae4cfe8bd592b6211689785659ca4	1488	1520	32	LC_LOAD_DYLINKER[9]	PACKAGING/DEPENDENCY	L1-FEAT-DRIVER	L1-STATIC-XW,L1-STATIC-XDIAG,L1-STATIC-ZSTD-SPEC	COMPLETE-TILING-UNRESOLVED	L1-macho-regions	ownership=PRIMARY; file_size=2197088; region_sha256=44316cf4f366f41aa06996613c44af75e34479362928faf61a168c2a203b5999
L1-REG-UP-MATCHED-tmp__phase3c-driver__upstream-matched-zstd-r3__output__bin__cpp-0012	GCC-DRIVER	UPSTREAM-MATCHED	tmp/phase3c-driver/upstream-matched-zstd-r3/output/bin/riscv32-wch-elf-cpp	ef8fe8324de89df8ed3a535c9e9a9ea7d17ae4cfe8bd592b6211689785659ca4	1520	1544	24	LC_UUID[10]	SIGNATURE/UUID/BUILD-METADATA	L1-FEAT-DRIVER	L1-STATIC-XW,L1-STATIC-XDIAG,L1-STATIC-ZSTD-SPEC	COMPLETE-TILING-UNRESOLVED	L1-macho-regions	ownership=PRIMARY; file_size=2197088; region_sha256=f36819b9bec57f95d33b28534044f6236ccc672183cc8ce628f1b16de781e48b
L1-REG-UP-MATCHED-tmp__phase3c-driver__upstream-matched-zstd-r3__output__bin__cpp-0013	GCC-DRIVER	UPSTREAM-MATCHED	tmp/phase3c-driver/upstream-matched-zstd-r3/output/bin/riscv32-wch-elf-cpp	ef8fe8324de89df8ed3a535c9e9a9ea7d17ae4cfe8bd592b6211689785659ca4	1544	1576	32	LC_BUILD_VERSION[11]	SIGNATURE/UUID/BUILD-METADATA	L1-FEAT-DRIVER	L1-STATIC-XW,L1-STATIC-XDIAG,L1-STATIC-ZSTD-SPEC	COMPLETE-TILING-UNRESOLVED	L1-macho-regions	ownership=PRIMARY; file_size=2197088; region_sha256=06be0acc3151d0cb3a5720312a0ae05bf2376d394c98194de6f77801b59ab2e0
L1-REG-UP-MATCHED-tmp__phase3c-driver__upstream-matched-zstd-r3__output__bin__cpp-0014	GCC-DRIVER	UPSTREAM-MATCHED	tmp/phase3c-driver/upstream-matched-zstd-r3/output/bin/riscv32-wch-elf-cpp	ef8fe8324de89df8ed3a535c9e9a9ea7d17ae4cfe8bd592b6211689785659ca4	1576	1592	16	LC_SOURCE_VERSION[12]	SIGNATURE/UUID/BUILD-METADATA	L1-FEAT-DRIVER	L1-STATIC-XW,L1-STATIC-XDIAG,L1-STATIC-ZSTD-SPEC	COMPLETE-TILING-UNRESOLVED	L1-macho-regions	ownership=PRIMARY; file_size=2197088; region_sha256=01a60f1db7db041298aa3e269ff5ebea951aa6977963e4ab563905da906d2b82
L1-REG-UP-MATCHED-tmp__phase3c-driver__upstream-matched-zstd-r3__output__bin__cpp-0015	GCC-DRIVER	UPSTREAM-MATCHED	tmp/phase3c-driver/upstream-matched-zstd-r3/output/bin/riscv32-wch-elf-cpp	ef8fe8324de89df8ed3a535c9e9a9ea7d17ae4cfe8bd592b6211689785659ca4	1592	1616	24	LC_MAIN[13]	SIGNATURE/UUID/BUILD-METADATA	L1-FEAT-DRIVER	L1-STATIC-XW,L1-STATIC-XDIAG,L1-STATIC-ZSTD-SPEC	COMPLETE-TILING-UNRESOLVED	L1-macho-regions	ownership=PRIMARY; file_size=2197088; region_sha256=b4813a96335c833a9783c51341be325f27f121d8c7263d3ca4054881a294f6ae
L1-REG-UP-MATCHED-tmp__phase3c-driver__upstream-matched-zstd-r3__output__bin__cpp-0016	GCC-DRIVER	UPSTREAM-MATCHED	tmp/phase3c-driver/upstream-matched-zstd-r3/output/bin/riscv32-wch-elf-cpp	ef8fe8324de89df8ed3a535c9e9a9ea7d17ae4cfe8bd592b6211689785659ca4	1616	1672	56	LC_LOAD_DYLIB[14]	PACKAGING/DEPENDENCY	L1-FEAT-DRIVER	L1-STATIC-XW,L1-STATIC-XDIAG,L1-STATIC-ZSTD-SPEC	COMPLETE-TILING-UNRESOLVED	L1-macho-regions	ownership=PRIMARY; file_size=2197088; region_sha256=1a489c8b895a1c5fa426d2f6bdf524fa8d9c8227923ea0a7bb3a194fd92823ea
L1-REG-UP-MATCHED-tmp__phase3c-driver__upstream-matched-zstd-r3__output__bin__cpp-0017	GCC-DRIVER	UPSTREAM-MATCHED	tmp/phase3c-driver/upstream-matched-zstd-r3/output/bin/riscv32-wch-elf-cpp	ef8fe8324de89df8ed3a535c9e9a9ea7d17ae4cfe8bd592b6211689785659ca4	1672	1720	48	LC_LOAD_DYLIB[15]	PACKAGING/DEPENDENCY	L1-FEAT-DRIVER	L1-STATIC-XW,L1-STATIC-XDIAG,L1-STATIC-ZSTD-SPEC	COMPLETE-TILING-UNRESOLVED	L1-macho-regions	ownership=PRIMARY; file_size=2197088; region_sha256=7745a4d4639b8f1de3e38beb445632a5df37fca6950234b1d83a4278c5dd4c0e
L1-REG-UP-MATCHED-tmp__phase3c-driver__upstream-matched-zstd-r3__output__bin__cpp-0018	GCC-DRIVER	UPSTREAM-MATCHED	tmp/phase3c-driver/upstream-matched-zstd-r3/output/bin/riscv32-wch-elf-cpp	ef8fe8324de89df8ed3a535c9e9a9ea7d17ae4cfe8bd592b6211689785659ca4	1720	1776	56	LC_LOAD_DYLIB[16]	PACKAGING/DEPENDENCY	L1-FEAT-DRIVER	L1-STATIC-XW,L1-STATIC-XDIAG,L1-STATIC-ZSTD-SPEC	COMPLETE-TILING-UNRESOLVED	L1-macho-regions	ownership=PRIMARY; file_size=2197088; region_sha256=ffa45af4ce6b7780727be9b2f2f9ca0b35932363e311b247d840ef9da1bdc1f5
L1-REG-UP-MATCHED-tmp__phase3c-driver__upstream-matched-zstd-r3__output__bin__cpp-0019	GCC-DRIVER	UPSTREAM-MATCHED	tmp/phase3c-driver/upstream-matched-zstd-r3/output/bin/riscv32-wch-elf-cpp	ef8fe8324de89df8ed3a535c9e9a9ea7d17ae4cfe8bd592b6211689785659ca4	1776	1792	16	LC_FUNCTION_STARTS[17]	SIGNATURE/UUID/BUILD-METADATA	L1-FEAT-DRIVER	L1-STATIC-XW,L1-STATIC-XDIAG,L1-STATIC-ZSTD-SPEC	COMPLETE-TILING-UNRESOLVED	L1-macho-regions	ownership=PRIMARY; file_size=2197088; region_sha256=2f5fa838acc64aea7cb290d200989688ce44ad356b6b21ebad703c4ef0ddeecf
L1-REG-UP-MATCHED-tmp__phase3c-driver__upstream-matched-zstd-r3__output__bin__cpp-0020	GCC-DRIVER	UPSTREAM-MATCHED	tmp/phase3c-driver/upstream-matched-zstd-r3/output/bin/riscv32-wch-elf-cpp	ef8fe8324de89df8ed3a535c9e9a9ea7d17ae4cfe8bd592b6211689785659ca4	1792	1808	16	LC_DATA_IN_CODE[18]	SIGNATURE/UUID/BUILD-METADATA	L1-FEAT-DRIVER	L1-STATIC-XW,L1-STATIC-XDIAG,L1-STATIC-ZSTD-SPEC	COMPLETE-TILING-UNRESOLVED	L1-macho-regions	ownership=PRIMARY; file_size=2197088; region_sha256=0d48df73e9e9c3c93e35d849055cd0b81e4337106a0b81bd00b04bc866e9a7d1
L1-REG-UP-MATCHED-tmp__phase3c-driver__upstream-matched-zstd-r3__output__bin__cpp-0021	GCC-DRIVER	UPSTREAM-MATCHED	tmp/phase3c-driver/upstream-matched-zstd-r3/output/bin/riscv32-wch-elf-cpp	ef8fe8324de89df8ed3a535c9e9a9ea7d17ae4cfe8bd592b6211689785659ca4	1808	1824	16	LC_CODE_SIGNATURE[19]	SIGNATURE/UUID/BUILD-METADATA	L1-FEAT-DRIVER	L1-STATIC-XW,L1-STATIC-XDIAG,L1-STATIC-ZSTD-SPEC	COMPLETE-TILING-UNRESOLVED	L1-macho-regions	ownership=PRIMARY; file_size=2197088; region_sha256=f9a1b29cfb99b31eb4ed34b4faf9aae12c5bf8df0e56629d249d5673044c4410
L1-REG-UP-MATCHED-tmp__phase3c-driver__upstream-matched-zstd-r3__output__bin__cpp-0022	GCC-DRIVER	UPSTREAM-MATCHED	tmp/phase3c-driver/upstream-matched-zstd-r3/output/bin/riscv32-wch-elf-cpp	ef8fe8324de89df8ed3a535c9e9a9ea7d17ae4cfe8bd592b6211689785659ca4	1824	1864	40	segment:__TEXT	UNRESOLVED	L1-FEAT-DRIVER	L1-STATIC-XW,L1-STATIC-XDIAG,L1-STATIC-ZSTD-SPEC	COMPLETE-TILING-UNRESOLVED	L1-macho-regions	ownership=PRIMARY; file_size=2197088; region_sha256=2c34ce1df23b838c5abf2a7f6437cca3d3067ed509ff25f11df6b11b582b51eb
L1-REG-UP-MATCHED-tmp__phase3c-driver__upstream-matched-zstd-r3__output__bin__cpp-0023	GCC-DRIVER	UPSTREAM-MATCHED	tmp/phase3c-driver/upstream-matched-zstd-r3/output/bin/riscv32-wch-elf-cpp	ef8fe8324de89df8ed3a535c9e9a9ea7d17ae4cfe8bd592b6211689785659ca4	1864	729504	727640	section:__TEXT,__text	FUNCTIONAL-CODE	L1-FEAT-DRIVER	L1-STATIC-XW,L1-STATIC-XDIAG,L1-STATIC-ZSTD-SPEC	COMPLETE-TILING-UNRESOLVED	L1-macho-regions	ownership=PRIMARY; file_size=2197088; region_sha256=73b48fef2bc34676f35a50cdef8c0b922212f4558a798c5002a39f910655ee96
L1-REG-UP-MATCHED-tmp__phase3c-driver__upstream-matched-zstd-r3__output__bin__cpp-0024	GCC-DRIVER	UPSTREAM-MATCHED	tmp/phase3c-driver/upstream-matched-zstd-r3/output/bin/riscv32-wch-elf-cpp	ef8fe8324de89df8ed3a535c9e9a9ea7d17ae4cfe8bd592b6211689785659ca4	729504	731316	1812	section:__TEXT,__stubs	UNRESOLVED	L1-FEAT-DRIVER	L1-STATIC-XW,L1-STATIC-XDIAG,L1-STATIC-ZSTD-SPEC	COMPLETE-TILING-UNRESOLVED	L1-macho-regions	ownership=PRIMARY; file_size=2197088; region_sha256=db58e7d8c5570e87dcf4b421a7aa871b77d077d324e4c52f90b7a2194dbd0419
L1-REG-UP-MATCHED-tmp__phase3c-driver__upstream-matched-zstd-r3__output__bin__cpp-0025	GCC-DRIVER	UPSTREAM-MATCHED	tmp/phase3c-driver/upstream-matched-zstd-r3/output/bin/riscv32-wch-elf-cpp	ef8fe8324de89df8ed3a535c9e9a9ea7d17ae4cfe8bd592b6211689785659ca4	731316	731332	16	section:__TEXT,__init_offsets	UNRESOLVED	L1-FEAT-DRIVER	L1-STATIC-XW,L1-STATIC-XDIAG,L1-STATIC-ZSTD-SPEC	COMPLETE-TILING-UNRESOLVED	L1-macho-regions	ownership=PRIMARY; file_size=2197088; region_sha256=82f0d868859f82f6a30b0e0724010d971136283625322ed93d19d4341d06d7a5
L1-REG-UP-MATCHED-tmp__phase3c-driver__upstream-matched-zstd-r3__output__bin__cpp-0026	GCC-DRIVER	UPSTREAM-MATCHED	tmp/phase3c-driver/upstream-matched-zstd-r3/output/bin/riscv32-wch-elf-cpp	ef8fe8324de89df8ed3a535c9e9a9ea7d17ae4cfe8bd592b6211689785659ca4	731332	731344	12	segment:__TEXT	UNRESOLVED	L1-FEAT-DRIVER	L1-STATIC-XW,L1-STATIC-XDIAG,L1-STATIC-ZSTD-SPEC	COMPLETE-TILING-UNRESOLVED	L1-macho-regions	ownership=PRIMARY; file_size=2197088; region_sha256=15ec7bf0b50732b49f8228e07d24365338f9e3ab994b00af08e5a3bffe55fd8b
L1-REG-UP-MATCHED-tmp__phase3c-driver__upstream-matched-zstd-r3__output__bin__cpp-0027	GCC-DRIVER	UPSTREAM-MATCHED	tmp/phase3c-driver/upstream-matched-zstd-r3/output/bin/riscv32-wch-elf-cpp	ef8fe8324de89df8ed3a535c9e9a9ea7d17ae4cfe8bd592b6211689785659ca4	731344	1083664	352320	section:__TEXT,__const	FUNCTIONAL-DATA-TABLE	L1-FEAT-DRIVER	L1-STATIC-XW,L1-STATIC-XDIAG,L1-STATIC-ZSTD-SPEC	COMPLETE-TILING-UNRESOLVED	L1-macho-regions	ownership=PRIMARY; file_size=2197088; region_sha256=8e3c6a92a39addb321d0ff4c29519d0c35bbd2ade7c2d080d959d9aaca35f421
L1-REG-UP-MATCHED-tmp__phase3c-driver__upstream-matched-zstd-r3__output__bin__cpp-0028	GCC-DRIVER	UPSTREAM-MATCHED	tmp/phase3c-driver/upstream-matched-zstd-r3/output/bin/riscv32-wch-elf-cpp	ef8fe8324de89df8ed3a535c9e9a9ea7d17ae4cfe8bd592b6211689785659ca4	1083664	1418011	334347	section:__TEXT,__cstring	FUNCTIONAL-DATA-TABLE	L1-FEAT-DRIVER	L1-STATIC-XW,L1-STATIC-XDIAG,L1-STATIC-ZSTD-SPEC	COMPLETE-TILING-UNRESOLVED	L1-macho-regions	ownership=PRIMARY; file_size=2197088; region_sha256=4de684a7d2577a1914c2f63ef76dd8f876a9c6f3b1c7de9a46081107a4644276
L1-REG-UP-MATCHED-tmp__phase3c-driver__upstream-matched-zstd-r3__output__bin__cpp-0029	GCC-DRIVER	UPSTREAM-MATCHED	tmp/phase3c-driver/upstream-matched-zstd-r3/output/bin/riscv32-wch-elf-cpp	ef8fe8324de89df8ed3a535c9e9a9ea7d17ae4cfe8bd592b6211689785659ca4	1418011	1418012	1	segment:__TEXT	UNRESOLVED	L1-FEAT-DRIVER	L1-STATIC-XW,L1-STATIC-XDIAG,L1-STATIC-ZSTD-SPEC	COMPLETE-TILING-UNRESOLVED	L1-macho-regions	ownership=PRIMARY; file_size=2197088; region_sha256=6e340b9cffb37a989ca544e6bb780a2c78901d3fb33738768511a30617afa01d
L1-REG-UP-MATCHED-tmp__phase3c-driver__upstream-matched-zstd-r3__output__bin__cpp-0030	GCC-DRIVER	UPSTREAM-MATCHED	tmp/phase3c-driver/upstream-matched-zstd-r3/output/bin/riscv32-wch-elf-cpp	ef8fe8324de89df8ed3a535c9e9a9ea7d17ae4cfe8bd592b6211689785659ca4	1418012	1427188	9176	section:__TEXT,__unwind_info	FUNCTIONAL-DATA-TABLE	L1-FEAT-DRIVER	L1-STATIC-XW,L1-STATIC-XDIAG,L1-STATIC-ZSTD-SPEC	COMPLETE-TILING-UNRESOLVED	L1-macho-regions	ownership=PRIMARY; file_size=2197088; region_sha256=e37edaebd43027d53c9929963332f9dbaa4b69f93f45e9f16c03039c37614f87
L1-REG-UP-MATCHED-tmp__phase3c-driver__upstream-matched-zstd-r3__output__bin__cpp-0031	GCC-DRIVER	UPSTREAM-MATCHED	tmp/phase3c-driver/upstream-matched-zstd-r3/output/bin/riscv32-wch-elf-cpp	ef8fe8324de89df8ed3a535c9e9a9ea7d17ae4cfe8bd592b6211689785659ca4	1427188	1427192	4	segment:__TEXT	UNRESOLVED	L1-FEAT-DRIVER	L1-STATIC-XW,L1-STATIC-XDIAG,L1-STATIC-ZSTD-SPEC	COMPLETE-TILING-UNRESOLVED	L1-macho-regions	ownership=PRIMARY; file_size=2197088; region_sha256=df3f619804a92fdb4057192dc43dd748ea778adc52bc498ce80524c014b81119
L1-REG-UP-MATCHED-tmp__phase3c-driver__upstream-matched-zstd-r3__output__bin__cpp-0032	GCC-DRIVER	UPSTREAM-MATCHED	tmp/phase3c-driver/upstream-matched-zstd-r3/output/bin/riscv32-wch-elf-cpp	ef8fe8324de89df8ed3a535c9e9a9ea7d17ae4cfe8bd592b6211689785659ca4	1427192	1486980	59788	section:__TEXT,__eh_frame	FUNCTIONAL-DATA-TABLE	L1-FEAT-DRIVER	L1-STATIC-XW,L1-STATIC-XDIAG,L1-STATIC-ZSTD-SPEC	COMPLETE-TILING-UNRESOLVED	L1-macho-regions	ownership=PRIMARY; file_size=2197088; region_sha256=7096dfd65749f0922bd41a99d9240d04716c052524ed8ca4317fa5d9c67409a6
L1-REG-UP-MATCHED-tmp__phase3c-driver__upstream-matched-zstd-r3__output__bin__cpp-0033	GCC-DRIVER	UPSTREAM-MATCHED	tmp/phase3c-driver/upstream-matched-zstd-r3/output/bin/riscv32-wch-elf-cpp	ef8fe8324de89df8ed3a535c9e9a9ea7d17ae4cfe8bd592b6211689785659ca4	1486980	1490944	3964	segment:__TEXT	UNRESOLVED	L1-FEAT-DRIVER	L1-STATIC-XW,L1-STATIC-XDIAG,L1-STATIC-ZSTD-SPEC	COMPLETE-TILING-UNRESOLVED	L1-macho-regions	ownership=PRIMARY; file_size=2197088; region_sha256=b2de8ecf3c587fc6a3bf4599fa40399ad7212a2e54251119e6a06b38dad3e76b
L1-REG-UP-MATCHED-tmp__phase3c-driver__upstream-matched-zstd-r3__output__bin__cpp-0034	GCC-DRIVER	UPSTREAM-MATCHED	tmp/phase3c-driver/upstream-matched-zstd-r3/output/bin/riscv32-wch-elf-cpp	ef8fe8324de89df8ed3a535c9e9a9ea7d17ae4cfe8bd592b6211689785659ca4	1490944	1492384	1440	section:__DATA_CONST,__got	FUNCTIONAL-DATA-TABLE	L1-FEAT-DRIVER	L1-STATIC-XW,L1-STATIC-XDIAG,L1-STATIC-ZSTD-SPEC	COMPLETE-TILING-UNRESOLVED	L1-macho-regions	ownership=PRIMARY; file_size=2197088; region_sha256=ae03c576bd5a6e53357ca6cc25e6223122cace1798e64c329af57e5f269592f8
L1-REG-UP-MATCHED-tmp__phase3c-driver__upstream-matched-zstd-r3__output__bin__cpp-0035	GCC-DRIVER	UPSTREAM-MATCHED	tmp/phase3c-driver/upstream-matched-zstd-r3/output/bin/riscv32-wch-elf-cpp	ef8fe8324de89df8ed3a535c9e9a9ea7d17ae4cfe8bd592b6211689785659ca4	1492384	1745888	253504	section:__DATA_CONST,__const	FUNCTIONAL-DATA-TABLE	L1-FEAT-DRIVER	L1-STATIC-XW,L1-STATIC-XDIAG,L1-STATIC-ZSTD-SPEC	COMPLETE-TILING-UNRESOLVED	L1-macho-regions	ownership=PRIMARY; file_size=2197088; region_sha256=f33a6adff5a5376049062d3e8dec5898de6af5558b6b7c4743aace1198d32df7
L1-REG-UP-MATCHED-tmp__phase3c-driver__upstream-matched-zstd-r3__output__bin__cpp-0036	GCC-DRIVER	UPSTREAM-MATCHED	tmp/phase3c-driver/upstream-matched-zstd-r3/output/bin/riscv32-wch-elf-cpp	ef8fe8324de89df8ed3a535c9e9a9ea7d17ae4cfe8bd592b6211689785659ca4	1745888	1753088	7200	segment:__DATA_CONST	UNRESOLVED	L1-FEAT-DRIVER	L1-STATIC-XW,L1-STATIC-XDIAG,L1-STATIC-ZSTD-SPEC	COMPLETE-TILING-UNRESOLVED	L1-macho-regions	ownership=PRIMARY; file_size=2197088; region_sha256=e4331b4b5dff91084b34db4018c5905a016cdf9c0d74d02c0d5af88dabfc6bc6
L1-REG-UP-MATCHED-tmp__phase3c-driver__upstream-matched-zstd-r3__output__bin__cpp-0037	GCC-DRIVER	UPSTREAM-MATCHED	tmp/phase3c-driver/upstream-matched-zstd-r3/output/bin/riscv32-wch-elf-cpp	ef8fe8324de89df8ed3a535c9e9a9ea7d17ae4cfe8bd592b6211689785659ca4	1753088	1755856	2768	section:__DATA,__data	FUNCTIONAL-DATA-TABLE	L1-FEAT-DRIVER	L1-STATIC-XW,L1-STATIC-XDIAG,L1-STATIC-ZSTD-SPEC	COMPLETE-TILING-UNRESOLVED	L1-macho-regions	ownership=PRIMARY; file_size=2197088; region_sha256=9f94b50c338ba45fdcbd1044af6fe45e6862d9aa6985adf723ca9e577dcd689d
L1-REG-UP-MATCHED-tmp__phase3c-driver__upstream-matched-zstd-r3__output__bin__cpp-0038	GCC-DRIVER	UPSTREAM-MATCHED	tmp/phase3c-driver/upstream-matched-zstd-r3/output/bin/riscv32-wch-elf-cpp	ef8fe8324de89df8ed3a535c9e9a9ea7d17ae4cfe8bd592b6211689785659ca4	1755856	1769472	13616	segment:__DATA	UNRESOLVED	L1-FEAT-DRIVER	L1-STATIC-XW,L1-STATIC-XDIAG,L1-STATIC-ZSTD-SPEC	COMPLETE-TILING-UNRESOLVED	L1-macho-regions	ownership=PRIMARY; file_size=2197088; region_sha256=df2a49e8ad39fc1deabf72892bd8580ae9bcb3fc839ba79f3e9fe15cb2a3d6fc
L1-REG-UP-MATCHED-tmp__phase3c-driver__upstream-matched-zstd-r3__output__bin__cpp-0039	GCC-DRIVER	UPSTREAM-MATCHED	tmp/phase3c-driver/upstream-matched-zstd-r3/output/bin/riscv32-wch-elf-cpp	ef8fe8324de89df8ed3a535c9e9a9ea7d17ae4cfe8bd592b6211689785659ca4	1769472	1774792	5320	LC_DYLD_CHAINED_FIXUPS:payload	LINK-LAYOUT	L1-FEAT-DRIVER	L1-STATIC-XW,L1-STATIC-XDIAG,L1-STATIC-ZSTD-SPEC	COMPLETE-TILING-UNRESOLVED	L1-macho-regions	ownership=PRIMARY; file_size=2197088; region_sha256=8ef7ad9bc4b8f1f7c3a175594f6d6f64712ad81b9b20f5bd1eb3723ae916ed4f
L1-REG-UP-MATCHED-tmp__phase3c-driver__upstream-matched-zstd-r3__output__bin__cpp-0040	GCC-DRIVER	UPSTREAM-MATCHED	tmp/phase3c-driver/upstream-matched-zstd-r3/output/bin/riscv32-wch-elf-cpp	ef8fe8324de89df8ed3a535c9e9a9ea7d17ae4cfe8bd592b6211689785659ca4	1774792	1836016	61224	LC_DYLD_EXPORTS_TRIE:payload	LINK-LAYOUT	L1-FEAT-DRIVER	L1-STATIC-XW,L1-STATIC-XDIAG,L1-STATIC-ZSTD-SPEC	COMPLETE-TILING-UNRESOLVED	L1-macho-regions	ownership=PRIMARY; file_size=2197088; region_sha256=b7119f566530417e686c18668c1e34b1348d98876137a46c83c3d313a7bba78d
L1-REG-UP-MATCHED-tmp__phase3c-driver__upstream-matched-zstd-r3__output__bin__cpp-0041	GCC-DRIVER	UPSTREAM-MATCHED	tmp/phase3c-driver/upstream-matched-zstd-r3/output/bin/riscv32-wch-elf-cpp	ef8fe8324de89df8ed3a535c9e9a9ea7d17ae4cfe8bd592b6211689785659ca4	1836016	1839248	3232	LC_FUNCTION_STARTS:payload	STRIP/DEBUG/SYMBOL-LAYOUT	L1-FEAT-DRIVER	L1-STATIC-XW,L1-STATIC-XDIAG,L1-STATIC-ZSTD-SPEC	COMPLETE-TILING-UNRESOLVED	L1-macho-regions	ownership=PRIMARY; file_size=2197088; region_sha256=ab776a2c00291a397932865da9323f2a2b23282f49851bb9cd10e2453587a79f
L1-REG-UP-MATCHED-tmp__phase3c-driver__upstream-matched-zstd-r3__output__bin__cpp-0042	GCC-DRIVER	UPSTREAM-MATCHED	tmp/phase3c-driver/upstream-matched-zstd-r3/output/bin/riscv32-wch-elf-cpp	ef8fe8324de89df8ed3a535c9e9a9ea7d17ae4cfe8bd592b6211689785659ca4	1839248	2035632	196384	LC_SYMTAB:nlist_64	STRIP/DEBUG/SYMBOL-LAYOUT	L1-FEAT-DRIVER	L1-STATIC-XW,L1-STATIC-XDIAG,L1-STATIC-ZSTD-SPEC	COMPLETE-TILING-UNRESOLVED	L1-macho-regions	ownership=PRIMARY; file_size=2197088; region_sha256=ec9853733ac434be8836ef85d1fe65e0e286af500e9f0b8c07331f9e9e367887
L1-REG-UP-MATCHED-tmp__phase3c-driver__upstream-matched-zstd-r3__output__bin__cpp-0043	GCC-DRIVER	UPSTREAM-MATCHED	tmp/phase3c-driver/upstream-matched-zstd-r3/output/bin/riscv32-wch-elf-cpp	ef8fe8324de89df8ed3a535c9e9a9ea7d17ae4cfe8bd592b6211689785659ca4	2035632	2036960	1328	segment:__LINKEDIT	LINK-LAYOUT	L1-FEAT-DRIVER	L1-STATIC-XW,L1-STATIC-XDIAG,L1-STATIC-ZSTD-SPEC	COMPLETE-TILING-UNRESOLVED	L1-macho-regions	ownership=PRIMARY; file_size=2197088; region_sha256=9863f84974e0e5452e27eac9366ddfa025b470dc5356a55c568a726e0333431d
L1-REG-UP-MATCHED-tmp__phase3c-driver__upstream-matched-zstd-r3__output__bin__cpp-0044	GCC-DRIVER	UPSTREAM-MATCHED	tmp/phase3c-driver/upstream-matched-zstd-r3/output/bin/riscv32-wch-elf-cpp	ef8fe8324de89df8ed3a535c9e9a9ea7d17ae4cfe8bd592b6211689785659ca4	2036960	2179920	142960	LC_SYMTAB:string_table	STRIP/DEBUG/SYMBOL-LAYOUT	L1-FEAT-DRIVER	L1-STATIC-XW,L1-STATIC-XDIAG,L1-STATIC-ZSTD-SPEC	COMPLETE-TILING-UNRESOLVED	L1-macho-regions	ownership=PRIMARY; file_size=2197088; region_sha256=ec8d8599daf540e1efd35b9eeeb31904cde4b0ce18dfb253613b8b534db92f62
L1-REG-UP-MATCHED-tmp__phase3c-driver__upstream-matched-zstd-r3__output__bin__cpp-0045	GCC-DRIVER	UPSTREAM-MATCHED	tmp/phase3c-driver/upstream-matched-zstd-r3/output/bin/riscv32-wch-elf-cpp	ef8fe8324de89df8ed3a535c9e9a9ea7d17ae4cfe8bd592b6211689785659ca4	2179920	2197088	17168	LC_CODE_SIGNATURE:payload	SIGNATURE/UUID/BUILD-METADATA	L1-FEAT-DRIVER	L1-STATIC-XW,L1-STATIC-XDIAG,L1-STATIC-ZSTD-SPEC	COMPLETE-TILING-UNRESOLVED	L1-macho-regions	ownership=PRIMARY; file_size=2197088; region_sha256=4929a24f308397f4ebc11762aad6333746781454d487afa2130b65d0b5144e76
L1-REG-UP-MATCHED-tmp__phase3c-driver__upstream-matched-zstd-r3__output__bin__g++-0001	GCC-DRIVER	UPSTREAM-MATCHED	tmp/phase3c-driver/upstream-matched-zstd-r3/output/bin/riscv32-wch-elf-g++	e48bb3a628ec33819e596065b1a7c029f18473c15f90c9b8b08a300d6565517c	0	32	32	mach_header_64	SIGNATURE/UUID/BUILD-METADATA	L1-FEAT-DRIVER	L1-STATIC-XW,L1-STATIC-XDIAG,L1-STATIC-ZSTD-SPEC	COMPLETE-TILING-UNRESOLVED	L1-macho-regions	ownership=PRIMARY; file_size=2197080; region_sha256=08954c9497afe8aea0829ceb1816408e95f9e85573f06eea750fecd84c9d8947
L1-REG-UP-MATCHED-tmp__phase3c-driver__upstream-matched-zstd-r3__output__bin__g++-0002	GCC-DRIVER	UPSTREAM-MATCHED	tmp/phase3c-driver/upstream-matched-zstd-r3/output/bin/riscv32-wch-elf-g++	e48bb3a628ec33819e596065b1a7c029f18473c15f90c9b8b08a300d6565517c	32	104	72	LC_SEGMENT_64[0]	SIGNATURE/UUID/BUILD-METADATA	L1-FEAT-DRIVER	L1-STATIC-XW,L1-STATIC-XDIAG,L1-STATIC-ZSTD-SPEC	COMPLETE-TILING-UNRESOLVED	L1-macho-regions	ownership=PRIMARY; file_size=2197080; region_sha256=38432a8fbcbe1ae9fdf9263fe1e4e948de98131833cc5e5333f375dcf5f6333f
L1-REG-UP-MATCHED-tmp__phase3c-driver__upstream-matched-zstd-r3__output__bin__g++-0003	GCC-DRIVER	UPSTREAM-MATCHED	tmp/phase3c-driver/upstream-matched-zstd-r3/output/bin/riscv32-wch-elf-g++	e48bb3a628ec33819e596065b1a7c029f18473c15f90c9b8b08a300d6565517c	104	736	632	LC_SEGMENT_64[1]	SIGNATURE/UUID/BUILD-METADATA	L1-FEAT-DRIVER	L1-STATIC-XW,L1-STATIC-XDIAG,L1-STATIC-ZSTD-SPEC	COMPLETE-TILING-UNRESOLVED	L1-macho-regions	ownership=PRIMARY; file_size=2197080; region_sha256=127840f4c44986566541597a81a69539410fc0388cf8396a9aaf4558892b4b45
L1-REG-UP-MATCHED-tmp__phase3c-driver__upstream-matched-zstd-r3__output__bin__g++-0004	GCC-DRIVER	UPSTREAM-MATCHED	tmp/phase3c-driver/upstream-matched-zstd-r3/output/bin/riscv32-wch-elf-g++	e48bb3a628ec33819e596065b1a7c029f18473c15f90c9b8b08a300d6565517c	736	968	232	LC_SEGMENT_64[2]	SIGNATURE/UUID/BUILD-METADATA	L1-FEAT-DRIVER	L1-STATIC-XW,L1-STATIC-XDIAG,L1-STATIC-ZSTD-SPEC	COMPLETE-TILING-UNRESOLVED	L1-macho-regions	ownership=PRIMARY; file_size=2197080; region_sha256=4a69d3305c851f21fc28582666e61107c3ac84704aac69af7c8faca81f9c562b
L1-REG-UP-MATCHED-tmp__phase3c-driver__upstream-matched-zstd-r3__output__bin__g++-0005	GCC-DRIVER	UPSTREAM-MATCHED	tmp/phase3c-driver/upstream-matched-zstd-r3/output/bin/riscv32-wch-elf-g++	e48bb3a628ec33819e596065b1a7c029f18473c15f90c9b8b08a300d6565517c	968	1280	312	LC_SEGMENT_64[3]	SIGNATURE/UUID/BUILD-METADATA	L1-FEAT-DRIVER	L1-STATIC-XW,L1-STATIC-XDIAG,L1-STATIC-ZSTD-SPEC	COMPLETE-TILING-UNRESOLVED	L1-macho-regions	ownership=PRIMARY; file_size=2197080; region_sha256=84ac7fae8149e4bb7ed8115342fa74881263b37850225bfefd5abd285efbe4d0
L1-REG-UP-MATCHED-tmp__phase3c-driver__upstream-matched-zstd-r3__output__bin__g++-0006	GCC-DRIVER	UPSTREAM-MATCHED	tmp/phase3c-driver/upstream-matched-zstd-r3/output/bin/riscv32-wch-elf-g++	e48bb3a628ec33819e596065b1a7c029f18473c15f90c9b8b08a300d6565517c	1280	1352	72	LC_SEGMENT_64[4]	SIGNATURE/UUID/BUILD-METADATA	L1-FEAT-DRIVER	L1-STATIC-XW,L1-STATIC-XDIAG,L1-STATIC-ZSTD-SPEC	COMPLETE-TILING-UNRESOLVED	L1-macho-regions	ownership=PRIMARY; file_size=2197080; region_sha256=b4930d7fb2fce0a0280b21de0a85f0b579f4d20921a2a5425baf6e24f5641bc5
L1-REG-UP-MATCHED-tmp__phase3c-driver__upstream-matched-zstd-r3__output__bin__g++-0007	GCC-DRIVER	UPSTREAM-MATCHED	tmp/phase3c-driver/upstream-matched-zstd-r3/output/bin/riscv32-wch-elf-g++	e48bb3a628ec33819e596065b1a7c029f18473c15f90c9b8b08a300d6565517c	1352	1368	16	LC_DYLD_CHAINED_FIXUPS[5]	SIGNATURE/UUID/BUILD-METADATA	L1-FEAT-DRIVER	L1-STATIC-XW,L1-STATIC-XDIAG,L1-STATIC-ZSTD-SPEC	COMPLETE-TILING-UNRESOLVED	L1-macho-regions	ownership=PRIMARY; file_size=2197080; region_sha256=0b066c8f9dcb146311b6bb677532d2b3c729c8bf04aa59480dc2e3ecd831cfd9
L1-REG-UP-MATCHED-tmp__phase3c-driver__upstream-matched-zstd-r3__output__bin__g++-0008	GCC-DRIVER	UPSTREAM-MATCHED	tmp/phase3c-driver/upstream-matched-zstd-r3/output/bin/riscv32-wch-elf-g++	e48bb3a628ec33819e596065b1a7c029f18473c15f90c9b8b08a300d6565517c	1368	1384	16	LC_DYLD_EXPORTS_TRIE[6]	SIGNATURE/UUID/BUILD-METADATA	L1-FEAT-DRIVER	L1-STATIC-XW,L1-STATIC-XDIAG,L1-STATIC-ZSTD-SPEC	COMPLETE-TILING-UNRESOLVED	L1-macho-regions	ownership=PRIMARY; file_size=2197080; region_sha256=b41f80f40c7873af49d337b93a1c03143a6f49db21c3bd843e94237c920357a3
L1-REG-UP-MATCHED-tmp__phase3c-driver__upstream-matched-zstd-r3__output__bin__g++-0009	GCC-DRIVER	UPSTREAM-MATCHED	tmp/phase3c-driver/upstream-matched-zstd-r3/output/bin/riscv32-wch-elf-g++	e48bb3a628ec33819e596065b1a7c029f18473c15f90c9b8b08a300d6565517c	1384	1408	24	LC_SYMTAB[7]	SIGNATURE/UUID/BUILD-METADATA	L1-FEAT-DRIVER	L1-STATIC-XW,L1-STATIC-XDIAG,L1-STATIC-ZSTD-SPEC	COMPLETE-TILING-UNRESOLVED	L1-macho-regions	ownership=PRIMARY; file_size=2197080; region_sha256=d2d164ea6a0bfa85fadb9f676c1296a97d60858ca241c5273ccacaa4353de17a
L1-REG-UP-MATCHED-tmp__phase3c-driver__upstream-matched-zstd-r3__output__bin__g++-0010	GCC-DRIVER	UPSTREAM-MATCHED	tmp/phase3c-driver/upstream-matched-zstd-r3/output/bin/riscv32-wch-elf-g++	e48bb3a628ec33819e596065b1a7c029f18473c15f90c9b8b08a300d6565517c	1408	1488	80	LC_DYSYMTAB[8]	SIGNATURE/UUID/BUILD-METADATA	L1-FEAT-DRIVER	L1-STATIC-XW,L1-STATIC-XDIAG,L1-STATIC-ZSTD-SPEC	COMPLETE-TILING-UNRESOLVED	L1-macho-regions	ownership=PRIMARY; file_size=2197080; region_sha256=26b3acc2094e0e319945ce5ce739260e77f74fa8ce2c0886acf16fdbb67cd373
L1-REG-UP-MATCHED-tmp__phase3c-driver__upstream-matched-zstd-r3__output__bin__g++-0011	GCC-DRIVER	UPSTREAM-MATCHED	tmp/phase3c-driver/upstream-matched-zstd-r3/output/bin/riscv32-wch-elf-g++	e48bb3a628ec33819e596065b1a7c029f18473c15f90c9b8b08a300d6565517c	1488	1520	32	LC_LOAD_DYLINKER[9]	PACKAGING/DEPENDENCY	L1-FEAT-DRIVER	L1-STATIC-XW,L1-STATIC-XDIAG,L1-STATIC-ZSTD-SPEC	COMPLETE-TILING-UNRESOLVED	L1-macho-regions	ownership=PRIMARY; file_size=2197080; region_sha256=44316cf4f366f41aa06996613c44af75e34479362928faf61a168c2a203b5999
L1-REG-UP-MATCHED-tmp__phase3c-driver__upstream-matched-zstd-r3__output__bin__g++-0012	GCC-DRIVER	UPSTREAM-MATCHED	tmp/phase3c-driver/upstream-matched-zstd-r3/output/bin/riscv32-wch-elf-g++	e48bb3a628ec33819e596065b1a7c029f18473c15f90c9b8b08a300d6565517c	1520	1544	24	LC_UUID[10]	SIGNATURE/UUID/BUILD-METADATA	L1-FEAT-DRIVER	L1-STATIC-XW,L1-STATIC-XDIAG,L1-STATIC-ZSTD-SPEC	COMPLETE-TILING-UNRESOLVED	L1-macho-regions	ownership=PRIMARY; file_size=2197080; region_sha256=afdfca1d10ab70ba45efc1f903beb2ef766983b0c5a05d221777c5271b97bb6a
L1-REG-UP-MATCHED-tmp__phase3c-driver__upstream-matched-zstd-r3__output__bin__g++-0013	GCC-DRIVER	UPSTREAM-MATCHED	tmp/phase3c-driver/upstream-matched-zstd-r3/output/bin/riscv32-wch-elf-g++	e48bb3a628ec33819e596065b1a7c029f18473c15f90c9b8b08a300d6565517c	1544	1576	32	LC_BUILD_VERSION[11]	SIGNATURE/UUID/BUILD-METADATA	L1-FEAT-DRIVER	L1-STATIC-XW,L1-STATIC-XDIAG,L1-STATIC-ZSTD-SPEC	COMPLETE-TILING-UNRESOLVED	L1-macho-regions	ownership=PRIMARY; file_size=2197080; region_sha256=06be0acc3151d0cb3a5720312a0ae05bf2376d394c98194de6f77801b59ab2e0
L1-REG-UP-MATCHED-tmp__phase3c-driver__upstream-matched-zstd-r3__output__bin__g++-0014	GCC-DRIVER	UPSTREAM-MATCHED	tmp/phase3c-driver/upstream-matched-zstd-r3/output/bin/riscv32-wch-elf-g++	e48bb3a628ec33819e596065b1a7c029f18473c15f90c9b8b08a300d6565517c	1576	1592	16	LC_SOURCE_VERSION[12]	SIGNATURE/UUID/BUILD-METADATA	L1-FEAT-DRIVER	L1-STATIC-XW,L1-STATIC-XDIAG,L1-STATIC-ZSTD-SPEC	COMPLETE-TILING-UNRESOLVED	L1-macho-regions	ownership=PRIMARY; file_size=2197080; region_sha256=01a60f1db7db041298aa3e269ff5ebea951aa6977963e4ab563905da906d2b82
L1-REG-UP-MATCHED-tmp__phase3c-driver__upstream-matched-zstd-r3__output__bin__g++-0015	GCC-DRIVER	UPSTREAM-MATCHED	tmp/phase3c-driver/upstream-matched-zstd-r3/output/bin/riscv32-wch-elf-g++	e48bb3a628ec33819e596065b1a7c029f18473c15f90c9b8b08a300d6565517c	1592	1616	24	LC_MAIN[13]	SIGNATURE/UUID/BUILD-METADATA	L1-FEAT-DRIVER	L1-STATIC-XW,L1-STATIC-XDIAG,L1-STATIC-ZSTD-SPEC	COMPLETE-TILING-UNRESOLVED	L1-macho-regions	ownership=PRIMARY; file_size=2197080; region_sha256=b4813a96335c833a9783c51341be325f27f121d8c7263d3ca4054881a294f6ae
L1-REG-UP-MATCHED-tmp__phase3c-driver__upstream-matched-zstd-r3__output__bin__g++-0016	GCC-DRIVER	UPSTREAM-MATCHED	tmp/phase3c-driver/upstream-matched-zstd-r3/output/bin/riscv32-wch-elf-g++	e48bb3a628ec33819e596065b1a7c029f18473c15f90c9b8b08a300d6565517c	1616	1672	56	LC_LOAD_DYLIB[14]	PACKAGING/DEPENDENCY	L1-FEAT-DRIVER	L1-STATIC-XW,L1-STATIC-XDIAG,L1-STATIC-ZSTD-SPEC	COMPLETE-TILING-UNRESOLVED	L1-macho-regions	ownership=PRIMARY; file_size=2197080; region_sha256=1a489c8b895a1c5fa426d2f6bdf524fa8d9c8227923ea0a7bb3a194fd92823ea
L1-REG-UP-MATCHED-tmp__phase3c-driver__upstream-matched-zstd-r3__output__bin__g++-0017	GCC-DRIVER	UPSTREAM-MATCHED	tmp/phase3c-driver/upstream-matched-zstd-r3/output/bin/riscv32-wch-elf-g++	e48bb3a628ec33819e596065b1a7c029f18473c15f90c9b8b08a300d6565517c	1672	1720	48	LC_LOAD_DYLIB[15]	PACKAGING/DEPENDENCY	L1-FEAT-DRIVER	L1-STATIC-XW,L1-STATIC-XDIAG,L1-STATIC-ZSTD-SPEC	COMPLETE-TILING-UNRESOLVED	L1-macho-regions	ownership=PRIMARY; file_size=2197080; region_sha256=7745a4d4639b8f1de3e38beb445632a5df37fca6950234b1d83a4278c5dd4c0e
L1-REG-UP-MATCHED-tmp__phase3c-driver__upstream-matched-zstd-r3__output__bin__g++-0018	GCC-DRIVER	UPSTREAM-MATCHED	tmp/phase3c-driver/upstream-matched-zstd-r3/output/bin/riscv32-wch-elf-g++	e48bb3a628ec33819e596065b1a7c029f18473c15f90c9b8b08a300d6565517c	1720	1776	56	LC_LOAD_DYLIB[16]	PACKAGING/DEPENDENCY	L1-FEAT-DRIVER	L1-STATIC-XW,L1-STATIC-XDIAG,L1-STATIC-ZSTD-SPEC	COMPLETE-TILING-UNRESOLVED	L1-macho-regions	ownership=PRIMARY; file_size=2197080; region_sha256=ffa45af4ce6b7780727be9b2f2f9ca0b35932363e311b247d840ef9da1bdc1f5
L1-REG-UP-MATCHED-tmp__phase3c-driver__upstream-matched-zstd-r3__output__bin__g++-0019	GCC-DRIVER	UPSTREAM-MATCHED	tmp/phase3c-driver/upstream-matched-zstd-r3/output/bin/riscv32-wch-elf-g++	e48bb3a628ec33819e596065b1a7c029f18473c15f90c9b8b08a300d6565517c	1776	1792	16	LC_FUNCTION_STARTS[17]	SIGNATURE/UUID/BUILD-METADATA	L1-FEAT-DRIVER	L1-STATIC-XW,L1-STATIC-XDIAG,L1-STATIC-ZSTD-SPEC	COMPLETE-TILING-UNRESOLVED	L1-macho-regions	ownership=PRIMARY; file_size=2197080; region_sha256=2f5fa838acc64aea7cb290d200989688ce44ad356b6b21ebad703c4ef0ddeecf
L1-REG-UP-MATCHED-tmp__phase3c-driver__upstream-matched-zstd-r3__output__bin__g++-0020	GCC-DRIVER	UPSTREAM-MATCHED	tmp/phase3c-driver/upstream-matched-zstd-r3/output/bin/riscv32-wch-elf-g++	e48bb3a628ec33819e596065b1a7c029f18473c15f90c9b8b08a300d6565517c	1792	1808	16	LC_DATA_IN_CODE[18]	SIGNATURE/UUID/BUILD-METADATA	L1-FEAT-DRIVER	L1-STATIC-XW,L1-STATIC-XDIAG,L1-STATIC-ZSTD-SPEC	COMPLETE-TILING-UNRESOLVED	L1-macho-regions	ownership=PRIMARY; file_size=2197080; region_sha256=0d48df73e9e9c3c93e35d849055cd0b81e4337106a0b81bd00b04bc866e9a7d1
L1-REG-UP-MATCHED-tmp__phase3c-driver__upstream-matched-zstd-r3__output__bin__g++-0021	GCC-DRIVER	UPSTREAM-MATCHED	tmp/phase3c-driver/upstream-matched-zstd-r3/output/bin/riscv32-wch-elf-g++	e48bb3a628ec33819e596065b1a7c029f18473c15f90c9b8b08a300d6565517c	1808	1824	16	LC_CODE_SIGNATURE[19]	SIGNATURE/UUID/BUILD-METADATA	L1-FEAT-DRIVER	L1-STATIC-XW,L1-STATIC-XDIAG,L1-STATIC-ZSTD-SPEC	COMPLETE-TILING-UNRESOLVED	L1-macho-regions	ownership=PRIMARY; file_size=2197080; region_sha256=cf339fa801e88d3b4b446b7e4980292bc37d5e6bb3aad082057fd2a27e34791f
L1-REG-UP-MATCHED-tmp__phase3c-driver__upstream-matched-zstd-r3__output__bin__g++-0022	GCC-DRIVER	UPSTREAM-MATCHED	tmp/phase3c-driver/upstream-matched-zstd-r3/output/bin/riscv32-wch-elf-g++	e48bb3a628ec33819e596065b1a7c029f18473c15f90c9b8b08a300d6565517c	1824	1864	40	segment:__TEXT	UNRESOLVED	L1-FEAT-DRIVER	L1-STATIC-XW,L1-STATIC-XDIAG,L1-STATIC-ZSTD-SPEC	COMPLETE-TILING-UNRESOLVED	L1-macho-regions	ownership=PRIMARY; file_size=2197080; region_sha256=2c34ce1df23b838c5abf2a7f6437cca3d3067ed509ff25f11df6b11b582b51eb
L1-REG-UP-MATCHED-tmp__phase3c-driver__upstream-matched-zstd-r3__output__bin__g++-0023	GCC-DRIVER	UPSTREAM-MATCHED	tmp/phase3c-driver/upstream-matched-zstd-r3/output/bin/riscv32-wch-elf-g++	e48bb3a628ec33819e596065b1a7c029f18473c15f90c9b8b08a300d6565517c	1864	730844	728980	section:__TEXT,__text	FUNCTIONAL-CODE	L1-FEAT-DRIVER	L1-STATIC-XW,L1-STATIC-XDIAG,L1-STATIC-ZSTD-SPEC	COMPLETE-TILING-UNRESOLVED	L1-macho-regions	ownership=PRIMARY; file_size=2197080; region_sha256=300a8c65567ce3e8e8e5a685414f5666b7f4986da9c6e07b7c5e31ced6377e76
L1-REG-UP-MATCHED-tmp__phase3c-driver__upstream-matched-zstd-r3__output__bin__g++-0024	GCC-DRIVER	UPSTREAM-MATCHED	tmp/phase3c-driver/upstream-matched-zstd-r3/output/bin/riscv32-wch-elf-g++	e48bb3a628ec33819e596065b1a7c029f18473c15f90c9b8b08a300d6565517c	730844	732656	1812	section:__TEXT,__stubs	UNRESOLVED	L1-FEAT-DRIVER	L1-STATIC-XW,L1-STATIC-XDIAG,L1-STATIC-ZSTD-SPEC	COMPLETE-TILING-UNRESOLVED	L1-macho-regions	ownership=PRIMARY; file_size=2197080; region_sha256=db58e7d8c5570e87dcf4b421a7aa871b77d077d324e4c52f90b7a2194dbd0419
L1-REG-UP-MATCHED-tmp__phase3c-driver__upstream-matched-zstd-r3__output__bin__g++-0025	GCC-DRIVER	UPSTREAM-MATCHED	tmp/phase3c-driver/upstream-matched-zstd-r3/output/bin/riscv32-wch-elf-g++	e48bb3a628ec33819e596065b1a7c029f18473c15f90c9b8b08a300d6565517c	732656	732672	16	section:__TEXT,__init_offsets	UNRESOLVED	L1-FEAT-DRIVER	L1-STATIC-XW,L1-STATIC-XDIAG,L1-STATIC-ZSTD-SPEC	COMPLETE-TILING-UNRESOLVED	L1-macho-regions	ownership=PRIMARY; file_size=2197080; region_sha256=e58ce4d9745780279f9e1f6e66f37db3083f0be5b410622678b38ddb2cb6b2e6
L1-REG-UP-MATCHED-tmp__phase3c-driver__upstream-matched-zstd-r3__output__bin__g++-0026	GCC-DRIVER	UPSTREAM-MATCHED	tmp/phase3c-driver/upstream-matched-zstd-r3/output/bin/riscv32-wch-elf-g++	e48bb3a628ec33819e596065b1a7c029f18473c15f90c9b8b08a300d6565517c	732672	1084992	352320	section:__TEXT,__const	FUNCTIONAL-DATA-TABLE	L1-FEAT-DRIVER	L1-STATIC-XW,L1-STATIC-XDIAG,L1-STATIC-ZSTD-SPEC	COMPLETE-TILING-UNRESOLVED	L1-macho-regions	ownership=PRIMARY; file_size=2197080; region_sha256=8e3c6a92a39addb321d0ff4c29519d0c35bbd2ade7c2d080d959d9aaca35f421
L1-REG-UP-MATCHED-tmp__phase3c-driver__upstream-matched-zstd-r3__output__bin__g++-0027	GCC-DRIVER	UPSTREAM-MATCHED	tmp/phase3c-driver/upstream-matched-zstd-r3/output/bin/riscv32-wch-elf-g++	e48bb3a628ec33819e596065b1a7c029f18473c15f90c9b8b08a300d6565517c	1084992	1419416	334424	section:__TEXT,__cstring	FUNCTIONAL-DATA-TABLE	L1-FEAT-DRIVER	L1-STATIC-XW,L1-STATIC-XDIAG,L1-STATIC-ZSTD-SPEC	COMPLETE-TILING-UNRESOLVED	L1-macho-regions	ownership=PRIMARY; file_size=2197080; region_sha256=68c6d476cf85d9e45ad2bc5d0a43898ec6b32e895280d3ad601210239ea06127
L1-REG-UP-MATCHED-tmp__phase3c-driver__upstream-matched-zstd-r3__output__bin__g++-0028	GCC-DRIVER	UPSTREAM-MATCHED	tmp/phase3c-driver/upstream-matched-zstd-r3/output/bin/riscv32-wch-elf-g++	e48bb3a628ec33819e596065b1a7c029f18473c15f90c9b8b08a300d6565517c	1419416	1428592	9176	section:__TEXT,__unwind_info	FUNCTIONAL-DATA-TABLE	L1-FEAT-DRIVER	L1-STATIC-XW,L1-STATIC-XDIAG,L1-STATIC-ZSTD-SPEC	COMPLETE-TILING-UNRESOLVED	L1-macho-regions	ownership=PRIMARY; file_size=2197080; region_sha256=9078658586bb68051a0d8737b4e17281b13a96bb20c8b34aa91726ec3358703b
L1-REG-UP-MATCHED-tmp__phase3c-driver__upstream-matched-zstd-r3__output__bin__g++-0029	GCC-DRIVER	UPSTREAM-MATCHED	tmp/phase3c-driver/upstream-matched-zstd-r3/output/bin/riscv32-wch-elf-g++	e48bb3a628ec33819e596065b1a7c029f18473c15f90c9b8b08a300d6565517c	1428592	1488380	59788	section:__TEXT,__eh_frame	FUNCTIONAL-DATA-TABLE	L1-FEAT-DRIVER	L1-STATIC-XW,L1-STATIC-XDIAG,L1-STATIC-ZSTD-SPEC	COMPLETE-TILING-UNRESOLVED	L1-macho-regions	ownership=PRIMARY; file_size=2197080; region_sha256=53d97ad6970d22e5264af74158680f9f006f3a71b1321e26d4b0e606da884108
L1-REG-UP-MATCHED-tmp__phase3c-driver__upstream-matched-zstd-r3__output__bin__g++-0030	GCC-DRIVER	UPSTREAM-MATCHED	tmp/phase3c-driver/upstream-matched-zstd-r3/output/bin/riscv32-wch-elf-g++	e48bb3a628ec33819e596065b1a7c029f18473c15f90c9b8b08a300d6565517c	1488380	1490944	2564	segment:__TEXT	UNRESOLVED	L1-FEAT-DRIVER	L1-STATIC-XW,L1-STATIC-XDIAG,L1-STATIC-ZSTD-SPEC	COMPLETE-TILING-UNRESOLVED	L1-macho-regions	ownership=PRIMARY; file_size=2197080; region_sha256=a3cab394e53f55926b1548e6614bc98ea877ba045e4269a5766e29920715b584
L1-REG-UP-MATCHED-tmp__phase3c-driver__upstream-matched-zstd-r3__output__bin__g++-0031	GCC-DRIVER	UPSTREAM-MATCHED	tmp/phase3c-driver/upstream-matched-zstd-r3/output/bin/riscv32-wch-elf-g++	e48bb3a628ec33819e596065b1a7c029f18473c15f90c9b8b08a300d6565517c	1490944	1492384	1440	section:__DATA_CONST,__got	FUNCTIONAL-DATA-TABLE	L1-FEAT-DRIVER	L1-STATIC-XW,L1-STATIC-XDIAG,L1-STATIC-ZSTD-SPEC	COMPLETE-TILING-UNRESOLVED	L1-macho-regions	ownership=PRIMARY; file_size=2197080; region_sha256=ae03c576bd5a6e53357ca6cc25e6223122cace1798e64c329af57e5f269592f8
L1-REG-UP-MATCHED-tmp__phase3c-driver__upstream-matched-zstd-r3__output__bin__g++-0032	GCC-DRIVER	UPSTREAM-MATCHED	tmp/phase3c-driver/upstream-matched-zstd-r3/output/bin/riscv32-wch-elf-g++	e48bb3a628ec33819e596065b1a7c029f18473c15f90c9b8b08a300d6565517c	1492384	1745888	253504	section:__DATA_CONST,__const	FUNCTIONAL-DATA-TABLE	L1-FEAT-DRIVER	L1-STATIC-XW,L1-STATIC-XDIAG,L1-STATIC-ZSTD-SPEC	COMPLETE-TILING-UNRESOLVED	L1-macho-regions	ownership=PRIMARY; file_size=2197080; region_sha256=03fa1c86537e71563e759a7d2c267bb35085db6169d93e649c95c7f3b964dd00
L1-REG-UP-MATCHED-tmp__phase3c-driver__upstream-matched-zstd-r3__output__bin__g++-0033	GCC-DRIVER	UPSTREAM-MATCHED	tmp/phase3c-driver/upstream-matched-zstd-r3/output/bin/riscv32-wch-elf-g++	e48bb3a628ec33819e596065b1a7c029f18473c15f90c9b8b08a300d6565517c	1745888	1753088	7200	segment:__DATA_CONST	UNRESOLVED	L1-FEAT-DRIVER	L1-STATIC-XW,L1-STATIC-XDIAG,L1-STATIC-ZSTD-SPEC	COMPLETE-TILING-UNRESOLVED	L1-macho-regions	ownership=PRIMARY; file_size=2197080; region_sha256=e4331b4b5dff91084b34db4018c5905a016cdf9c0d74d02c0d5af88dabfc6bc6
L1-REG-UP-MATCHED-tmp__phase3c-driver__upstream-matched-zstd-r3__output__bin__g++-0034	GCC-DRIVER	UPSTREAM-MATCHED	tmp/phase3c-driver/upstream-matched-zstd-r3/output/bin/riscv32-wch-elf-g++	e48bb3a628ec33819e596065b1a7c029f18473c15f90c9b8b08a300d6565517c	1753088	1755856	2768	section:__DATA,__data	FUNCTIONAL-DATA-TABLE	L1-FEAT-DRIVER	L1-STATIC-XW,L1-STATIC-XDIAG,L1-STATIC-ZSTD-SPEC	COMPLETE-TILING-UNRESOLVED	L1-macho-regions	ownership=PRIMARY; file_size=2197080; region_sha256=6337bc8f16c773a414841bb24c955d8b9b1fd262d269481add143b80bd4ddd6b
L1-REG-UP-MATCHED-tmp__phase3c-driver__upstream-matched-zstd-r3__output__bin__g++-0035	GCC-DRIVER	UPSTREAM-MATCHED	tmp/phase3c-driver/upstream-matched-zstd-r3/output/bin/riscv32-wch-elf-g++	e48bb3a628ec33819e596065b1a7c029f18473c15f90c9b8b08a300d6565517c	1755856	1769472	13616	segment:__DATA	UNRESOLVED	L1-FEAT-DRIVER	L1-STATIC-XW,L1-STATIC-XDIAG,L1-STATIC-ZSTD-SPEC	COMPLETE-TILING-UNRESOLVED	L1-macho-regions	ownership=PRIMARY; file_size=2197080; region_sha256=df2a49e8ad39fc1deabf72892bd8580ae9bcb3fc839ba79f3e9fe15cb2a3d6fc
L1-REG-UP-MATCHED-tmp__phase3c-driver__upstream-matched-zstd-r3__output__bin__g++-0036	GCC-DRIVER	UPSTREAM-MATCHED	tmp/phase3c-driver/upstream-matched-zstd-r3/output/bin/riscv32-wch-elf-g++	e48bb3a628ec33819e596065b1a7c029f18473c15f90c9b8b08a300d6565517c	1769472	1774792	5320	LC_DYLD_CHAINED_FIXUPS:payload	LINK-LAYOUT	L1-FEAT-DRIVER	L1-STATIC-XW,L1-STATIC-XDIAG,L1-STATIC-ZSTD-SPEC	COMPLETE-TILING-UNRESOLVED	L1-macho-regions	ownership=PRIMARY; file_size=2197080; region_sha256=8ef7ad9bc4b8f1f7c3a175594f6d6f64712ad81b9b20f5bd1eb3723ae916ed4f
L1-REG-UP-MATCHED-tmp__phase3c-driver__upstream-matched-zstd-r3__output__bin__g++-0037	GCC-DRIVER	UPSTREAM-MATCHED	tmp/phase3c-driver/upstream-matched-zstd-r3/output/bin/riscv32-wch-elf-g++	e48bb3a628ec33819e596065b1a7c029f18473c15f90c9b8b08a300d6565517c	1774792	1836016	61224	LC_DYLD_EXPORTS_TRIE:payload	LINK-LAYOUT	L1-FEAT-DRIVER	L1-STATIC-XW,L1-STATIC-XDIAG,L1-STATIC-ZSTD-SPEC	COMPLETE-TILING-UNRESOLVED	L1-macho-regions	ownership=PRIMARY; file_size=2197080; region_sha256=c9b459dabbfbf246e17ccab96828e4014e3e0841d236371bb6662284e557a757
L1-REG-UP-MATCHED-tmp__phase3c-driver__upstream-matched-zstd-r3__output__bin__g++-0038	GCC-DRIVER	UPSTREAM-MATCHED	tmp/phase3c-driver/upstream-matched-zstd-r3/output/bin/riscv32-wch-elf-g++	e48bb3a628ec33819e596065b1a7c029f18473c15f90c9b8b08a300d6565517c	1836016	1839248	3232	LC_FUNCTION_STARTS:payload	STRIP/DEBUG/SYMBOL-LAYOUT	L1-FEAT-DRIVER	L1-STATIC-XW,L1-STATIC-XDIAG,L1-STATIC-ZSTD-SPEC	COMPLETE-TILING-UNRESOLVED	L1-macho-regions	ownership=PRIMARY; file_size=2197080; region_sha256=d4db1c5c08285ba9013f2ca8641906a4c9222040c0281930829ce4d6f2843a64
L1-REG-UP-MATCHED-tmp__phase3c-driver__upstream-matched-zstd-r3__output__bin__g++-0039	GCC-DRIVER	UPSTREAM-MATCHED	tmp/phase3c-driver/upstream-matched-zstd-r3/output/bin/riscv32-wch-elf-g++	e48bb3a628ec33819e596065b1a7c029f18473c15f90c9b8b08a300d6565517c	1839248	2035632	196384	LC_SYMTAB:nlist_64	STRIP/DEBUG/SYMBOL-LAYOUT	L1-FEAT-DRIVER	L1-STATIC-XW,L1-STATIC-XDIAG,L1-STATIC-ZSTD-SPEC	COMPLETE-TILING-UNRESOLVED	L1-macho-regions	ownership=PRIMARY; file_size=2197080; region_sha256=ffcc01c9e1c047e8270d694e4221d6f6664bdb14caf86fb41cae6b92b5fed985
L1-REG-UP-MATCHED-tmp__phase3c-driver__upstream-matched-zstd-r3__output__bin__g++-0040	GCC-DRIVER	UPSTREAM-MATCHED	tmp/phase3c-driver/upstream-matched-zstd-r3/output/bin/riscv32-wch-elf-g++	e48bb3a628ec33819e596065b1a7c029f18473c15f90c9b8b08a300d6565517c	2035632	2036960	1328	segment:__LINKEDIT	LINK-LAYOUT	L1-FEAT-DRIVER	L1-STATIC-XW,L1-STATIC-XDIAG,L1-STATIC-ZSTD-SPEC	COMPLETE-TILING-UNRESOLVED	L1-macho-regions	ownership=PRIMARY; file_size=2197080; region_sha256=9863f84974e0e5452e27eac9366ddfa025b470dc5356a55c568a726e0333431d
L1-REG-UP-MATCHED-tmp__phase3c-driver__upstream-matched-zstd-r3__output__bin__g++-0041	GCC-DRIVER	UPSTREAM-MATCHED	tmp/phase3c-driver/upstream-matched-zstd-r3/output/bin/riscv32-wch-elf-g++	e48bb3a628ec33819e596065b1a7c029f18473c15f90c9b8b08a300d6565517c	2036960	2179904	142944	LC_SYMTAB:string_table	STRIP/DEBUG/SYMBOL-LAYOUT	L1-FEAT-DRIVER	L1-STATIC-XW,L1-STATIC-XDIAG,L1-STATIC-ZSTD-SPEC	COMPLETE-TILING-UNRESOLVED	L1-macho-regions	ownership=PRIMARY; file_size=2197080; region_sha256=f198dc0acc985e36d291f49dff43d56d88d93ed53f172fcc923964f3e3a18430
L1-REG-UP-MATCHED-tmp__phase3c-driver__upstream-matched-zstd-r3__output__bin__g++-0042	GCC-DRIVER	UPSTREAM-MATCHED	tmp/phase3c-driver/upstream-matched-zstd-r3/output/bin/riscv32-wch-elf-g++	e48bb3a628ec33819e596065b1a7c029f18473c15f90c9b8b08a300d6565517c	2179904	2197080	17176	LC_CODE_SIGNATURE:payload	SIGNATURE/UUID/BUILD-METADATA	L1-FEAT-DRIVER	L1-STATIC-XW,L1-STATIC-XDIAG,L1-STATIC-ZSTD-SPEC	COMPLETE-TILING-UNRESOLVED	L1-macho-regions	ownership=PRIMARY; file_size=2197080; region_sha256=65705f904a695ab41ff9a8f137d40a3339d5cf7b441c334166ef26b9a5b441e1
L1-REG-UP-MATCHED-tmp__phase3c-driver__upstream-matched-zstd-r3__output__bin__gcc-0001	GCC-DRIVER	UPSTREAM-MATCHED	tmp/phase3c-driver/upstream-matched-zstd-r3/output/bin/riscv32-wch-elf-gcc	8adc83c82785da5127126bfb25f9a4dbf9ece8231bec878bbc341e1e6749f680	0	32	32	mach_header_64	SIGNATURE/UUID/BUILD-METADATA	L1-FEAT-DRIVER	L1-STATIC-XW,L1-STATIC-XDIAG,L1-STATIC-ZSTD-SPEC	COMPLETE-TILING-UNRESOLVED	L1-macho-regions	ownership=PRIMARY; file_size=2197080; region_sha256=08954c9497afe8aea0829ceb1816408e95f9e85573f06eea750fecd84c9d8947
L1-REG-UP-MATCHED-tmp__phase3c-driver__upstream-matched-zstd-r3__output__bin__gcc-0002	GCC-DRIVER	UPSTREAM-MATCHED	tmp/phase3c-driver/upstream-matched-zstd-r3/output/bin/riscv32-wch-elf-gcc	8adc83c82785da5127126bfb25f9a4dbf9ece8231bec878bbc341e1e6749f680	32	104	72	LC_SEGMENT_64[0]	SIGNATURE/UUID/BUILD-METADATA	L1-FEAT-DRIVER	L1-STATIC-XW,L1-STATIC-XDIAG,L1-STATIC-ZSTD-SPEC	COMPLETE-TILING-UNRESOLVED	L1-macho-regions	ownership=PRIMARY; file_size=2197080; region_sha256=38432a8fbcbe1ae9fdf9263fe1e4e948de98131833cc5e5333f375dcf5f6333f
L1-REG-UP-MATCHED-tmp__phase3c-driver__upstream-matched-zstd-r3__output__bin__gcc-0003	GCC-DRIVER	UPSTREAM-MATCHED	tmp/phase3c-driver/upstream-matched-zstd-r3/output/bin/riscv32-wch-elf-gcc	8adc83c82785da5127126bfb25f9a4dbf9ece8231bec878bbc341e1e6749f680	104	736	632	LC_SEGMENT_64[1]	SIGNATURE/UUID/BUILD-METADATA	L1-FEAT-DRIVER	L1-STATIC-XW,L1-STATIC-XDIAG,L1-STATIC-ZSTD-SPEC	COMPLETE-TILING-UNRESOLVED	L1-macho-regions	ownership=PRIMARY; file_size=2197080; region_sha256=a798db9a706ce59e51664aa29d979a592b86b8366224ea39b31a78f7f90c6cd0
L1-REG-UP-MATCHED-tmp__phase3c-driver__upstream-matched-zstd-r3__output__bin__gcc-0004	GCC-DRIVER	UPSTREAM-MATCHED	tmp/phase3c-driver/upstream-matched-zstd-r3/output/bin/riscv32-wch-elf-gcc	8adc83c82785da5127126bfb25f9a4dbf9ece8231bec878bbc341e1e6749f680	736	968	232	LC_SEGMENT_64[2]	SIGNATURE/UUID/BUILD-METADATA	L1-FEAT-DRIVER	L1-STATIC-XW,L1-STATIC-XDIAG,L1-STATIC-ZSTD-SPEC	COMPLETE-TILING-UNRESOLVED	L1-macho-regions	ownership=PRIMARY; file_size=2197080; region_sha256=4a69d3305c851f21fc28582666e61107c3ac84704aac69af7c8faca81f9c562b
L1-REG-UP-MATCHED-tmp__phase3c-driver__upstream-matched-zstd-r3__output__bin__gcc-0005	GCC-DRIVER	UPSTREAM-MATCHED	tmp/phase3c-driver/upstream-matched-zstd-r3/output/bin/riscv32-wch-elf-gcc	8adc83c82785da5127126bfb25f9a4dbf9ece8231bec878bbc341e1e6749f680	968	1280	312	LC_SEGMENT_64[3]	SIGNATURE/UUID/BUILD-METADATA	L1-FEAT-DRIVER	L1-STATIC-XW,L1-STATIC-XDIAG,L1-STATIC-ZSTD-SPEC	COMPLETE-TILING-UNRESOLVED	L1-macho-regions	ownership=PRIMARY; file_size=2197080; region_sha256=84ac7fae8149e4bb7ed8115342fa74881263b37850225bfefd5abd285efbe4d0
L1-REG-UP-MATCHED-tmp__phase3c-driver__upstream-matched-zstd-r3__output__bin__gcc-0006	GCC-DRIVER	UPSTREAM-MATCHED	tmp/phase3c-driver/upstream-matched-zstd-r3/output/bin/riscv32-wch-elf-gcc	8adc83c82785da5127126bfb25f9a4dbf9ece8231bec878bbc341e1e6749f680	1280	1352	72	LC_SEGMENT_64[4]	SIGNATURE/UUID/BUILD-METADATA	L1-FEAT-DRIVER	L1-STATIC-XW,L1-STATIC-XDIAG,L1-STATIC-ZSTD-SPEC	COMPLETE-TILING-UNRESOLVED	L1-macho-regions	ownership=PRIMARY; file_size=2197080; region_sha256=b4930d7fb2fce0a0280b21de0a85f0b579f4d20921a2a5425baf6e24f5641bc5
L1-REG-UP-MATCHED-tmp__phase3c-driver__upstream-matched-zstd-r3__output__bin__gcc-0007	GCC-DRIVER	UPSTREAM-MATCHED	tmp/phase3c-driver/upstream-matched-zstd-r3/output/bin/riscv32-wch-elf-gcc	8adc83c82785da5127126bfb25f9a4dbf9ece8231bec878bbc341e1e6749f680	1352	1368	16	LC_DYLD_CHAINED_FIXUPS[5]	SIGNATURE/UUID/BUILD-METADATA	L1-FEAT-DRIVER	L1-STATIC-XW,L1-STATIC-XDIAG,L1-STATIC-ZSTD-SPEC	COMPLETE-TILING-UNRESOLVED	L1-macho-regions	ownership=PRIMARY; file_size=2197080; region_sha256=0b066c8f9dcb146311b6bb677532d2b3c729c8bf04aa59480dc2e3ecd831cfd9
L1-REG-UP-MATCHED-tmp__phase3c-driver__upstream-matched-zstd-r3__output__bin__gcc-0008	GCC-DRIVER	UPSTREAM-MATCHED	tmp/phase3c-driver/upstream-matched-zstd-r3/output/bin/riscv32-wch-elf-gcc	8adc83c82785da5127126bfb25f9a4dbf9ece8231bec878bbc341e1e6749f680	1368	1384	16	LC_DYLD_EXPORTS_TRIE[6]	SIGNATURE/UUID/BUILD-METADATA	L1-FEAT-DRIVER	L1-STATIC-XW,L1-STATIC-XDIAG,L1-STATIC-ZSTD-SPEC	COMPLETE-TILING-UNRESOLVED	L1-macho-regions	ownership=PRIMARY; file_size=2197080; region_sha256=b41f80f40c7873af49d337b93a1c03143a6f49db21c3bd843e94237c920357a3
L1-REG-UP-MATCHED-tmp__phase3c-driver__upstream-matched-zstd-r3__output__bin__gcc-0009	GCC-DRIVER	UPSTREAM-MATCHED	tmp/phase3c-driver/upstream-matched-zstd-r3/output/bin/riscv32-wch-elf-gcc	8adc83c82785da5127126bfb25f9a4dbf9ece8231bec878bbc341e1e6749f680	1384	1408	24	LC_SYMTAB[7]	SIGNATURE/UUID/BUILD-METADATA	L1-FEAT-DRIVER	L1-STATIC-XW,L1-STATIC-XDIAG,L1-STATIC-ZSTD-SPEC	COMPLETE-TILING-UNRESOLVED	L1-macho-regions	ownership=PRIMARY; file_size=2197080; region_sha256=d2d164ea6a0bfa85fadb9f676c1296a97d60858ca241c5273ccacaa4353de17a
L1-REG-UP-MATCHED-tmp__phase3c-driver__upstream-matched-zstd-r3__output__bin__gcc-0010	GCC-DRIVER	UPSTREAM-MATCHED	tmp/phase3c-driver/upstream-matched-zstd-r3/output/bin/riscv32-wch-elf-gcc	8adc83c82785da5127126bfb25f9a4dbf9ece8231bec878bbc341e1e6749f680	1408	1488	80	LC_DYSYMTAB[8]	SIGNATURE/UUID/BUILD-METADATA	L1-FEAT-DRIVER	L1-STATIC-XW,L1-STATIC-XDIAG,L1-STATIC-ZSTD-SPEC	COMPLETE-TILING-UNRESOLVED	L1-macho-regions	ownership=PRIMARY; file_size=2197080; region_sha256=26b3acc2094e0e319945ce5ce739260e77f74fa8ce2c0886acf16fdbb67cd373
L1-REG-UP-MATCHED-tmp__phase3c-driver__upstream-matched-zstd-r3__output__bin__gcc-0011	GCC-DRIVER	UPSTREAM-MATCHED	tmp/phase3c-driver/upstream-matched-zstd-r3/output/bin/riscv32-wch-elf-gcc	8adc83c82785da5127126bfb25f9a4dbf9ece8231bec878bbc341e1e6749f680	1488	1520	32	LC_LOAD_DYLINKER[9]	PACKAGING/DEPENDENCY	L1-FEAT-DRIVER	L1-STATIC-XW,L1-STATIC-XDIAG,L1-STATIC-ZSTD-SPEC	COMPLETE-TILING-UNRESOLVED	L1-macho-regions	ownership=PRIMARY; file_size=2197080; region_sha256=44316cf4f366f41aa06996613c44af75e34479362928faf61a168c2a203b5999
L1-REG-UP-MATCHED-tmp__phase3c-driver__upstream-matched-zstd-r3__output__bin__gcc-0012	GCC-DRIVER	UPSTREAM-MATCHED	tmp/phase3c-driver/upstream-matched-zstd-r3/output/bin/riscv32-wch-elf-gcc	8adc83c82785da5127126bfb25f9a4dbf9ece8231bec878bbc341e1e6749f680	1520	1544	24	LC_UUID[10]	SIGNATURE/UUID/BUILD-METADATA	L1-FEAT-DRIVER	L1-STATIC-XW,L1-STATIC-XDIAG,L1-STATIC-ZSTD-SPEC	COMPLETE-TILING-UNRESOLVED	L1-macho-regions	ownership=PRIMARY; file_size=2197080; region_sha256=66584bce6546734610bd5fe46bd4e7080cb0fd21bb4fb848513ec5b93d674e15
L1-REG-UP-MATCHED-tmp__phase3c-driver__upstream-matched-zstd-r3__output__bin__gcc-0013	GCC-DRIVER	UPSTREAM-MATCHED	tmp/phase3c-driver/upstream-matched-zstd-r3/output/bin/riscv32-wch-elf-gcc	8adc83c82785da5127126bfb25f9a4dbf9ece8231bec878bbc341e1e6749f680	1544	1576	32	LC_BUILD_VERSION[11]	SIGNATURE/UUID/BUILD-METADATA	L1-FEAT-DRIVER	L1-STATIC-XW,L1-STATIC-XDIAG,L1-STATIC-ZSTD-SPEC	COMPLETE-TILING-UNRESOLVED	L1-macho-regions	ownership=PRIMARY; file_size=2197080; region_sha256=06be0acc3151d0cb3a5720312a0ae05bf2376d394c98194de6f77801b59ab2e0
L1-REG-UP-MATCHED-tmp__phase3c-driver__upstream-matched-zstd-r3__output__bin__gcc-0014	GCC-DRIVER	UPSTREAM-MATCHED	tmp/phase3c-driver/upstream-matched-zstd-r3/output/bin/riscv32-wch-elf-gcc	8adc83c82785da5127126bfb25f9a4dbf9ece8231bec878bbc341e1e6749f680	1576	1592	16	LC_SOURCE_VERSION[12]	SIGNATURE/UUID/BUILD-METADATA	L1-FEAT-DRIVER	L1-STATIC-XW,L1-STATIC-XDIAG,L1-STATIC-ZSTD-SPEC	COMPLETE-TILING-UNRESOLVED	L1-macho-regions	ownership=PRIMARY; file_size=2197080; region_sha256=01a60f1db7db041298aa3e269ff5ebea951aa6977963e4ab563905da906d2b82
L1-REG-UP-MATCHED-tmp__phase3c-driver__upstream-matched-zstd-r3__output__bin__gcc-0015	GCC-DRIVER	UPSTREAM-MATCHED	tmp/phase3c-driver/upstream-matched-zstd-r3/output/bin/riscv32-wch-elf-gcc	8adc83c82785da5127126bfb25f9a4dbf9ece8231bec878bbc341e1e6749f680	1592	1616	24	LC_MAIN[13]	SIGNATURE/UUID/BUILD-METADATA	L1-FEAT-DRIVER	L1-STATIC-XW,L1-STATIC-XDIAG,L1-STATIC-ZSTD-SPEC	COMPLETE-TILING-UNRESOLVED	L1-macho-regions	ownership=PRIMARY; file_size=2197080; region_sha256=b4813a96335c833a9783c51341be325f27f121d8c7263d3ca4054881a294f6ae
L1-REG-UP-MATCHED-tmp__phase3c-driver__upstream-matched-zstd-r3__output__bin__gcc-0016	GCC-DRIVER	UPSTREAM-MATCHED	tmp/phase3c-driver/upstream-matched-zstd-r3/output/bin/riscv32-wch-elf-gcc	8adc83c82785da5127126bfb25f9a4dbf9ece8231bec878bbc341e1e6749f680	1616	1672	56	LC_LOAD_DYLIB[14]	PACKAGING/DEPENDENCY	L1-FEAT-DRIVER	L1-STATIC-XW,L1-STATIC-XDIAG,L1-STATIC-ZSTD-SPEC	COMPLETE-TILING-UNRESOLVED	L1-macho-regions	ownership=PRIMARY; file_size=2197080; region_sha256=1a489c8b895a1c5fa426d2f6bdf524fa8d9c8227923ea0a7bb3a194fd92823ea
L1-REG-UP-MATCHED-tmp__phase3c-driver__upstream-matched-zstd-r3__output__bin__gcc-0017	GCC-DRIVER	UPSTREAM-MATCHED	tmp/phase3c-driver/upstream-matched-zstd-r3/output/bin/riscv32-wch-elf-gcc	8adc83c82785da5127126bfb25f9a4dbf9ece8231bec878bbc341e1e6749f680	1672	1720	48	LC_LOAD_DYLIB[15]	PACKAGING/DEPENDENCY	L1-FEAT-DRIVER	L1-STATIC-XW,L1-STATIC-XDIAG,L1-STATIC-ZSTD-SPEC	COMPLETE-TILING-UNRESOLVED	L1-macho-regions	ownership=PRIMARY; file_size=2197080; region_sha256=7745a4d4639b8f1de3e38beb445632a5df37fca6950234b1d83a4278c5dd4c0e
L1-REG-UP-MATCHED-tmp__phase3c-driver__upstream-matched-zstd-r3__output__bin__gcc-0018	GCC-DRIVER	UPSTREAM-MATCHED	tmp/phase3c-driver/upstream-matched-zstd-r3/output/bin/riscv32-wch-elf-gcc	8adc83c82785da5127126bfb25f9a4dbf9ece8231bec878bbc341e1e6749f680	1720	1776	56	LC_LOAD_DYLIB[16]	PACKAGING/DEPENDENCY	L1-FEAT-DRIVER	L1-STATIC-XW,L1-STATIC-XDIAG,L1-STATIC-ZSTD-SPEC	COMPLETE-TILING-UNRESOLVED	L1-macho-regions	ownership=PRIMARY; file_size=2197080; region_sha256=ffa45af4ce6b7780727be9b2f2f9ca0b35932363e311b247d840ef9da1bdc1f5
L1-REG-UP-MATCHED-tmp__phase3c-driver__upstream-matched-zstd-r3__output__bin__gcc-0019	GCC-DRIVER	UPSTREAM-MATCHED	tmp/phase3c-driver/upstream-matched-zstd-r3/output/bin/riscv32-wch-elf-gcc	8adc83c82785da5127126bfb25f9a4dbf9ece8231bec878bbc341e1e6749f680	1776	1792	16	LC_FUNCTION_STARTS[17]	SIGNATURE/UUID/BUILD-METADATA	L1-FEAT-DRIVER	L1-STATIC-XW,L1-STATIC-XDIAG,L1-STATIC-ZSTD-SPEC	COMPLETE-TILING-UNRESOLVED	L1-macho-regions	ownership=PRIMARY; file_size=2197080; region_sha256=2f5fa838acc64aea7cb290d200989688ce44ad356b6b21ebad703c4ef0ddeecf
L1-REG-UP-MATCHED-tmp__phase3c-driver__upstream-matched-zstd-r3__output__bin__gcc-0020	GCC-DRIVER	UPSTREAM-MATCHED	tmp/phase3c-driver/upstream-matched-zstd-r3/output/bin/riscv32-wch-elf-gcc	8adc83c82785da5127126bfb25f9a4dbf9ece8231bec878bbc341e1e6749f680	1792	1808	16	LC_DATA_IN_CODE[18]	SIGNATURE/UUID/BUILD-METADATA	L1-FEAT-DRIVER	L1-STATIC-XW,L1-STATIC-XDIAG,L1-STATIC-ZSTD-SPEC	COMPLETE-TILING-UNRESOLVED	L1-macho-regions	ownership=PRIMARY; file_size=2197080; region_sha256=0d48df73e9e9c3c93e35d849055cd0b81e4337106a0b81bd00b04bc866e9a7d1
L1-REG-UP-MATCHED-tmp__phase3c-driver__upstream-matched-zstd-r3__output__bin__gcc-0021	GCC-DRIVER	UPSTREAM-MATCHED	tmp/phase3c-driver/upstream-matched-zstd-r3/output/bin/riscv32-wch-elf-gcc	8adc83c82785da5127126bfb25f9a4dbf9ece8231bec878bbc341e1e6749f680	1808	1824	16	LC_CODE_SIGNATURE[19]	SIGNATURE/UUID/BUILD-METADATA	L1-FEAT-DRIVER	L1-STATIC-XW,L1-STATIC-XDIAG,L1-STATIC-ZSTD-SPEC	COMPLETE-TILING-UNRESOLVED	L1-macho-regions	ownership=PRIMARY; file_size=2197080; region_sha256=cf339fa801e88d3b4b446b7e4980292bc37d5e6bb3aad082057fd2a27e34791f
L1-REG-UP-MATCHED-tmp__phase3c-driver__upstream-matched-zstd-r3__output__bin__gcc-0022	GCC-DRIVER	UPSTREAM-MATCHED	tmp/phase3c-driver/upstream-matched-zstd-r3/output/bin/riscv32-wch-elf-gcc	8adc83c82785da5127126bfb25f9a4dbf9ece8231bec878bbc341e1e6749f680	1824	1864	40	segment:__TEXT	UNRESOLVED	L1-FEAT-DRIVER	L1-STATIC-XW,L1-STATIC-XDIAG,L1-STATIC-ZSTD-SPEC	COMPLETE-TILING-UNRESOLVED	L1-macho-regions	ownership=PRIMARY; file_size=2197080; region_sha256=2c34ce1df23b838c5abf2a7f6437cca3d3067ed509ff25f11df6b11b582b51eb
L1-REG-UP-MATCHED-tmp__phase3c-driver__upstream-matched-zstd-r3__output__bin__gcc-0023	GCC-DRIVER	UPSTREAM-MATCHED	tmp/phase3c-driver/upstream-matched-zstd-r3/output/bin/riscv32-wch-elf-gcc	8adc83c82785da5127126bfb25f9a4dbf9ece8231bec878bbc341e1e6749f680	1864	728432	726568	section:__TEXT,__text	FUNCTIONAL-CODE	L1-FEAT-DRIVER	L1-STATIC-XW,L1-STATIC-XDIAG,L1-STATIC-ZSTD-SPEC	COMPLETE-TILING-UNRESOLVED	L1-macho-regions	ownership=PRIMARY; file_size=2197080; region_sha256=8fe4865e2cf194fe7263f0152e82326c92fdcb416a5b19fa1d35352eebac5ef8
L1-REG-UP-MATCHED-tmp__phase3c-driver__upstream-matched-zstd-r3__output__bin__gcc-0024	GCC-DRIVER	UPSTREAM-MATCHED	tmp/phase3c-driver/upstream-matched-zstd-r3/output/bin/riscv32-wch-elf-gcc	8adc83c82785da5127126bfb25f9a4dbf9ece8231bec878bbc341e1e6749f680	728432	730244	1812	section:__TEXT,__stubs	UNRESOLVED	L1-FEAT-DRIVER	L1-STATIC-XW,L1-STATIC-XDIAG,L1-STATIC-ZSTD-SPEC	COMPLETE-TILING-UNRESOLVED	L1-macho-regions	ownership=PRIMARY; file_size=2197080; region_sha256=f32d0f2629a53688a730768acda3db62a109b6039e00052c1bb8c774f671205d
L1-REG-UP-MATCHED-tmp__phase3c-driver__upstream-matched-zstd-r3__output__bin__gcc-0025	GCC-DRIVER	UPSTREAM-MATCHED	tmp/phase3c-driver/upstream-matched-zstd-r3/output/bin/riscv32-wch-elf-gcc	8adc83c82785da5127126bfb25f9a4dbf9ece8231bec878bbc341e1e6749f680	730244	730260	16	section:__TEXT,__init_offsets	UNRESOLVED	L1-FEAT-DRIVER	L1-STATIC-XW,L1-STATIC-XDIAG,L1-STATIC-ZSTD-SPEC	COMPLETE-TILING-UNRESOLVED	L1-macho-regions	ownership=PRIMARY; file_size=2197080; region_sha256=d6313be342733da7565061aade4531ec725b509951b6d9aa15946cfdc10bf525
L1-REG-UP-MATCHED-tmp__phase3c-driver__upstream-matched-zstd-r3__output__bin__gcc-0026	GCC-DRIVER	UPSTREAM-MATCHED	tmp/phase3c-driver/upstream-matched-zstd-r3/output/bin/riscv32-wch-elf-gcc	8adc83c82785da5127126bfb25f9a4dbf9ece8231bec878bbc341e1e6749f680	730260	730272	12	segment:__TEXT	UNRESOLVED	L1-FEAT-DRIVER	L1-STATIC-XW,L1-STATIC-XDIAG,L1-STATIC-ZSTD-SPEC	COMPLETE-TILING-UNRESOLVED	L1-macho-regions	ownership=PRIMARY; file_size=2197080; region_sha256=15ec7bf0b50732b49f8228e07d24365338f9e3ab994b00af08e5a3bffe55fd8b
L1-REG-UP-MATCHED-tmp__phase3c-driver__upstream-matched-zstd-r3__output__bin__gcc-0027	GCC-DRIVER	UPSTREAM-MATCHED	tmp/phase3c-driver/upstream-matched-zstd-r3/output/bin/riscv32-wch-elf-gcc	8adc83c82785da5127126bfb25f9a4dbf9ece8231bec878bbc341e1e6749f680	730272	1082592	352320	section:__TEXT,__const	FUNCTIONAL-DATA-TABLE	L1-FEAT-DRIVER	L1-STATIC-XW,L1-STATIC-XDIAG,L1-STATIC-ZSTD-SPEC	COMPLETE-TILING-UNRESOLVED	L1-macho-regions	ownership=PRIMARY; file_size=2197080; region_sha256=8e3c6a92a39addb321d0ff4c29519d0c35bbd2ade7c2d080d959d9aaca35f421
L1-REG-UP-MATCHED-tmp__phase3c-driver__upstream-matched-zstd-r3__output__bin__gcc-0028	GCC-DRIVER	UPSTREAM-MATCHED	tmp/phase3c-driver/upstream-matched-zstd-r3/output/bin/riscv32-wch-elf-gcc	8adc83c82785da5127126bfb25f9a4dbf9ece8231bec878bbc341e1e6749f680	1082592	1416853	334261	section:__TEXT,__cstring	FUNCTIONAL-DATA-TABLE	L1-FEAT-DRIVER	L1-STATIC-XW,L1-STATIC-XDIAG,L1-STATIC-ZSTD-SPEC	COMPLETE-TILING-UNRESOLVED	L1-macho-regions	ownership=PRIMARY; file_size=2197080; region_sha256=cffc8f21c8ce62499d1acc73dea431ceba11cb2195272ce21f5ea704522df828
L1-REG-UP-MATCHED-tmp__phase3c-driver__upstream-matched-zstd-r3__output__bin__gcc-0029	GCC-DRIVER	UPSTREAM-MATCHED	tmp/phase3c-driver/upstream-matched-zstd-r3/output/bin/riscv32-wch-elf-gcc	8adc83c82785da5127126bfb25f9a4dbf9ece8231bec878bbc341e1e6749f680	1416853	1416856	3	segment:__TEXT	UNRESOLVED	L1-FEAT-DRIVER	L1-STATIC-XW,L1-STATIC-XDIAG,L1-STATIC-ZSTD-SPEC	COMPLETE-TILING-UNRESOLVED	L1-macho-regions	ownership=PRIMARY; file_size=2197080; region_sha256=709e80c88487a2411e1ee4dfb9f22a861492d20c4765150c0c794abd70f8147c
L1-REG-UP-MATCHED-tmp__phase3c-driver__upstream-matched-zstd-r3__output__bin__gcc-0030	GCC-DRIVER	UPSTREAM-MATCHED	tmp/phase3c-driver/upstream-matched-zstd-r3/output/bin/riscv32-wch-elf-gcc	8adc83c82785da5127126bfb25f9a4dbf9ece8231bec878bbc341e1e6749f680	1416856	1426024	9168	section:__TEXT,__unwind_info	FUNCTIONAL-DATA-TABLE	L1-FEAT-DRIVER	L1-STATIC-XW,L1-STATIC-XDIAG,L1-STATIC-ZSTD-SPEC	COMPLETE-TILING-UNRESOLVED	L1-macho-regions	ownership=PRIMARY; file_size=2197080; region_sha256=a066771498c53d37f24d817e764dfdf991b531406da7df39f12100c96254232d
L1-REG-UP-MATCHED-tmp__phase3c-driver__upstream-matched-zstd-r3__output__bin__gcc-0031	GCC-DRIVER	UPSTREAM-MATCHED	tmp/phase3c-driver/upstream-matched-zstd-r3/output/bin/riscv32-wch-elf-gcc	8adc83c82785da5127126bfb25f9a4dbf9ece8231bec878bbc341e1e6749f680	1426024	1485708	59684	section:__TEXT,__eh_frame	FUNCTIONAL-DATA-TABLE	L1-FEAT-DRIVER	L1-STATIC-XW,L1-STATIC-XDIAG,L1-STATIC-ZSTD-SPEC	COMPLETE-TILING-UNRESOLVED	L1-macho-regions	ownership=PRIMARY; file_size=2197080; region_sha256=c300611f12cb09a612e024c05dbaa28adae625c6d9d91ad7c53cff3b0ad5f817
L1-REG-UP-MATCHED-tmp__phase3c-driver__upstream-matched-zstd-r3__output__bin__gcc-0032	GCC-DRIVER	UPSTREAM-MATCHED	tmp/phase3c-driver/upstream-matched-zstd-r3/output/bin/riscv32-wch-elf-gcc	8adc83c82785da5127126bfb25f9a4dbf9ece8231bec878bbc341e1e6749f680	1485708	1490944	5236	segment:__TEXT	UNRESOLVED	L1-FEAT-DRIVER	L1-STATIC-XW,L1-STATIC-XDIAG,L1-STATIC-ZSTD-SPEC	COMPLETE-TILING-UNRESOLVED	L1-macho-regions	ownership=PRIMARY; file_size=2197080; region_sha256=6dea671a6a6930567b80fa9d17b0b3de9d87aa9f22b88011911bd2a6f05966aa
L1-REG-UP-MATCHED-tmp__phase3c-driver__upstream-matched-zstd-r3__output__bin__gcc-0033	GCC-DRIVER	UPSTREAM-MATCHED	tmp/phase3c-driver/upstream-matched-zstd-r3/output/bin/riscv32-wch-elf-gcc	8adc83c82785da5127126bfb25f9a4dbf9ece8231bec878bbc341e1e6749f680	1490944	1492384	1440	section:__DATA_CONST,__got	FUNCTIONAL-DATA-TABLE	L1-FEAT-DRIVER	L1-STATIC-XW,L1-STATIC-XDIAG,L1-STATIC-ZSTD-SPEC	COMPLETE-TILING-UNRESOLVED	L1-macho-regions	ownership=PRIMARY; file_size=2197080; region_sha256=ae03c576bd5a6e53357ca6cc25e6223122cace1798e64c329af57e5f269592f8
L1-REG-UP-MATCHED-tmp__phase3c-driver__upstream-matched-zstd-r3__output__bin__gcc-0034	GCC-DRIVER	UPSTREAM-MATCHED	tmp/phase3c-driver/upstream-matched-zstd-r3/output/bin/riscv32-wch-elf-gcc	8adc83c82785da5127126bfb25f9a4dbf9ece8231bec878bbc341e1e6749f680	1492384	1745888	253504	section:__DATA_CONST,__const	FUNCTIONAL-DATA-TABLE	L1-FEAT-DRIVER	L1-STATIC-XW,L1-STATIC-XDIAG,L1-STATIC-ZSTD-SPEC	COMPLETE-TILING-UNRESOLVED	L1-macho-regions	ownership=PRIMARY; file_size=2197080; region_sha256=47550e9a0a838d6939ddcb1cf7c721a213f7660d9c7fd818530184ba9bc0a83d
L1-REG-UP-MATCHED-tmp__phase3c-driver__upstream-matched-zstd-r3__output__bin__gcc-0035	GCC-DRIVER	UPSTREAM-MATCHED	tmp/phase3c-driver/upstream-matched-zstd-r3/output/bin/riscv32-wch-elf-gcc	8adc83c82785da5127126bfb25f9a4dbf9ece8231bec878bbc341e1e6749f680	1745888	1753088	7200	segment:__DATA_CONST	UNRESOLVED	L1-FEAT-DRIVER	L1-STATIC-XW,L1-STATIC-XDIAG,L1-STATIC-ZSTD-SPEC	COMPLETE-TILING-UNRESOLVED	L1-macho-regions	ownership=PRIMARY; file_size=2197080; region_sha256=e4331b4b5dff91084b34db4018c5905a016cdf9c0d74d02c0d5af88dabfc6bc6
L1-REG-UP-MATCHED-tmp__phase3c-driver__upstream-matched-zstd-r3__output__bin__gcc-0036	GCC-DRIVER	UPSTREAM-MATCHED	tmp/phase3c-driver/upstream-matched-zstd-r3/output/bin/riscv32-wch-elf-gcc	8adc83c82785da5127126bfb25f9a4dbf9ece8231bec878bbc341e1e6749f680	1753088	1755856	2768	section:__DATA,__data	FUNCTIONAL-DATA-TABLE	L1-FEAT-DRIVER	L1-STATIC-XW,L1-STATIC-XDIAG,L1-STATIC-ZSTD-SPEC	COMPLETE-TILING-UNRESOLVED	L1-macho-regions	ownership=PRIMARY; file_size=2197080; region_sha256=8c296588bb51b4af470f192166d07c1b50a9cc892b483262e3884afabf6bd174
L1-REG-UP-MATCHED-tmp__phase3c-driver__upstream-matched-zstd-r3__output__bin__gcc-0037	GCC-DRIVER	UPSTREAM-MATCHED	tmp/phase3c-driver/upstream-matched-zstd-r3/output/bin/riscv32-wch-elf-gcc	8adc83c82785da5127126bfb25f9a4dbf9ece8231bec878bbc341e1e6749f680	1755856	1769472	13616	segment:__DATA	UNRESOLVED	L1-FEAT-DRIVER	L1-STATIC-XW,L1-STATIC-XDIAG,L1-STATIC-ZSTD-SPEC	COMPLETE-TILING-UNRESOLVED	L1-macho-regions	ownership=PRIMARY; file_size=2197080; region_sha256=df2a49e8ad39fc1deabf72892bd8580ae9bcb3fc839ba79f3e9fe15cb2a3d6fc
L1-REG-UP-MATCHED-tmp__phase3c-driver__upstream-matched-zstd-r3__output__bin__gcc-0038	GCC-DRIVER	UPSTREAM-MATCHED	tmp/phase3c-driver/upstream-matched-zstd-r3/output/bin/riscv32-wch-elf-gcc	8adc83c82785da5127126bfb25f9a4dbf9ece8231bec878bbc341e1e6749f680	1769472	1774792	5320	LC_DYLD_CHAINED_FIXUPS:payload	LINK-LAYOUT	L1-FEAT-DRIVER	L1-STATIC-XW,L1-STATIC-XDIAG,L1-STATIC-ZSTD-SPEC	COMPLETE-TILING-UNRESOLVED	L1-macho-regions	ownership=PRIMARY; file_size=2197080; region_sha256=8ef7ad9bc4b8f1f7c3a175594f6d6f64712ad81b9b20f5bd1eb3723ae916ed4f
L1-REG-UP-MATCHED-tmp__phase3c-driver__upstream-matched-zstd-r3__output__bin__gcc-0039	GCC-DRIVER	UPSTREAM-MATCHED	tmp/phase3c-driver/upstream-matched-zstd-r3/output/bin/riscv32-wch-elf-gcc	8adc83c82785da5127126bfb25f9a4dbf9ece8231bec878bbc341e1e6749f680	1774792	1836016	61224	LC_DYLD_EXPORTS_TRIE:payload	LINK-LAYOUT	L1-FEAT-DRIVER	L1-STATIC-XW,L1-STATIC-XDIAG,L1-STATIC-ZSTD-SPEC	COMPLETE-TILING-UNRESOLVED	L1-macho-regions	ownership=PRIMARY; file_size=2197080; region_sha256=22c35b6660d60125bf0ee7de03d34fe6384553ba85bcfe337a907afab94b9a5f
L1-REG-UP-MATCHED-tmp__phase3c-driver__upstream-matched-zstd-r3__output__bin__gcc-0040	GCC-DRIVER	UPSTREAM-MATCHED	tmp/phase3c-driver/upstream-matched-zstd-r3/output/bin/riscv32-wch-elf-gcc	8adc83c82785da5127126bfb25f9a4dbf9ece8231bec878bbc341e1e6749f680	1836016	1839248	3232	LC_FUNCTION_STARTS:payload	STRIP/DEBUG/SYMBOL-LAYOUT	L1-FEAT-DRIVER	L1-STATIC-XW,L1-STATIC-XDIAG,L1-STATIC-ZSTD-SPEC	COMPLETE-TILING-UNRESOLVED	L1-macho-regions	ownership=PRIMARY; file_size=2197080; region_sha256=f4325aef53def11c0c762a7c8ffb42d381062b54b8d53dc0d4a9db11f2e86780
L1-REG-UP-MATCHED-tmp__phase3c-driver__upstream-matched-zstd-r3__output__bin__gcc-0041	GCC-DRIVER	UPSTREAM-MATCHED	tmp/phase3c-driver/upstream-matched-zstd-r3/output/bin/riscv32-wch-elf-gcc	8adc83c82785da5127126bfb25f9a4dbf9ece8231bec878bbc341e1e6749f680	1839248	2035632	196384	LC_SYMTAB:nlist_64	STRIP/DEBUG/SYMBOL-LAYOUT	L1-FEAT-DRIVER	L1-STATIC-XW,L1-STATIC-XDIAG,L1-STATIC-ZSTD-SPEC	COMPLETE-TILING-UNRESOLVED	L1-macho-regions	ownership=PRIMARY; file_size=2197080; region_sha256=6ae058b740ce5f0fa5a81042960b2a7d4a11aaff0da14a4a1162813542519af6
L1-REG-UP-MATCHED-tmp__phase3c-driver__upstream-matched-zstd-r3__output__bin__gcc-0042	GCC-DRIVER	UPSTREAM-MATCHED	tmp/phase3c-driver/upstream-matched-zstd-r3/output/bin/riscv32-wch-elf-gcc	8adc83c82785da5127126bfb25f9a4dbf9ece8231bec878bbc341e1e6749f680	2035632	2036960	1328	segment:__LINKEDIT	LINK-LAYOUT	L1-FEAT-DRIVER	L1-STATIC-XW,L1-STATIC-XDIAG,L1-STATIC-ZSTD-SPEC	COMPLETE-TILING-UNRESOLVED	L1-macho-regions	ownership=PRIMARY; file_size=2197080; region_sha256=9863f84974e0e5452e27eac9366ddfa025b470dc5356a55c568a726e0333431d
L1-REG-UP-MATCHED-tmp__phase3c-driver__upstream-matched-zstd-r3__output__bin__gcc-0043	GCC-DRIVER	UPSTREAM-MATCHED	tmp/phase3c-driver/upstream-matched-zstd-r3/output/bin/riscv32-wch-elf-gcc	8adc83c82785da5127126bfb25f9a4dbf9ece8231bec878bbc341e1e6749f680	2036960	2179904	142944	LC_SYMTAB:string_table	STRIP/DEBUG/SYMBOL-LAYOUT	L1-FEAT-DRIVER	L1-STATIC-XW,L1-STATIC-XDIAG,L1-STATIC-ZSTD-SPEC	COMPLETE-TILING-UNRESOLVED	L1-macho-regions	ownership=PRIMARY; file_size=2197080; region_sha256=f952a904b455c0b2a5774c568a5ac155c2edcf9ca5267251f814631c120abd15
L1-REG-UP-MATCHED-tmp__phase3c-driver__upstream-matched-zstd-r3__output__bin__gcc-0044	GCC-DRIVER	UPSTREAM-MATCHED	tmp/phase3c-driver/upstream-matched-zstd-r3/output/bin/riscv32-wch-elf-gcc	8adc83c82785da5127126bfb25f9a4dbf9ece8231bec878bbc341e1e6749f680	2179904	2197080	17176	LC_CODE_SIGNATURE:payload	SIGNATURE/UUID/BUILD-METADATA	L1-FEAT-DRIVER	L1-STATIC-XW,L1-STATIC-XDIAG,L1-STATIC-ZSTD-SPEC	COMPLETE-TILING-UNRESOLVED	L1-macho-regions	ownership=PRIMARY; file_size=2197080; region_sha256=3741f25ea306777d0b31f0335dd078fd58edf9abbe9808c4d870c5a87b8505cf
L1-REG-UP-MATCHED-tmp__phase3c-driver__upstream-matched-zstd-r3__output__bin__gcc-15_2_0-0001	GCC-DRIVER	UPSTREAM-MATCHED	tmp/phase3c-driver/upstream-matched-zstd-r3/output/bin/riscv32-wch-elf-gcc-15.2.0	8adc83c82785da5127126bfb25f9a4dbf9ece8231bec878bbc341e1e6749f680	0	32	32	mach_header_64	SIGNATURE/UUID/BUILD-METADATA	L1-FEAT-DRIVER	L1-STATIC-XW,L1-STATIC-XDIAG,L1-STATIC-ZSTD-SPEC	COMPLETE-TILING-UNRESOLVED	L1-macho-regions	ownership=PRIMARY; file_size=2197080; region_sha256=08954c9497afe8aea0829ceb1816408e95f9e85573f06eea750fecd84c9d8947
L1-REG-UP-MATCHED-tmp__phase3c-driver__upstream-matched-zstd-r3__output__bin__gcc-15_2_0-0002	GCC-DRIVER	UPSTREAM-MATCHED	tmp/phase3c-driver/upstream-matched-zstd-r3/output/bin/riscv32-wch-elf-gcc-15.2.0	8adc83c82785da5127126bfb25f9a4dbf9ece8231bec878bbc341e1e6749f680	32	104	72	LC_SEGMENT_64[0]	SIGNATURE/UUID/BUILD-METADATA	L1-FEAT-DRIVER	L1-STATIC-XW,L1-STATIC-XDIAG,L1-STATIC-ZSTD-SPEC	COMPLETE-TILING-UNRESOLVED	L1-macho-regions	ownership=PRIMARY; file_size=2197080; region_sha256=38432a8fbcbe1ae9fdf9263fe1e4e948de98131833cc5e5333f375dcf5f6333f
L1-REG-UP-MATCHED-tmp__phase3c-driver__upstream-matched-zstd-r3__output__bin__gcc-15_2_0-0003	GCC-DRIVER	UPSTREAM-MATCHED	tmp/phase3c-driver/upstream-matched-zstd-r3/output/bin/riscv32-wch-elf-gcc-15.2.0	8adc83c82785da5127126bfb25f9a4dbf9ece8231bec878bbc341e1e6749f680	104	736	632	LC_SEGMENT_64[1]	SIGNATURE/UUID/BUILD-METADATA	L1-FEAT-DRIVER	L1-STATIC-XW,L1-STATIC-XDIAG,L1-STATIC-ZSTD-SPEC	COMPLETE-TILING-UNRESOLVED	L1-macho-regions	ownership=PRIMARY; file_size=2197080; region_sha256=a798db9a706ce59e51664aa29d979a592b86b8366224ea39b31a78f7f90c6cd0
L1-REG-UP-MATCHED-tmp__phase3c-driver__upstream-matched-zstd-r3__output__bin__gcc-15_2_0-0004	GCC-DRIVER	UPSTREAM-MATCHED	tmp/phase3c-driver/upstream-matched-zstd-r3/output/bin/riscv32-wch-elf-gcc-15.2.0	8adc83c82785da5127126bfb25f9a4dbf9ece8231bec878bbc341e1e6749f680	736	968	232	LC_SEGMENT_64[2]	SIGNATURE/UUID/BUILD-METADATA	L1-FEAT-DRIVER	L1-STATIC-XW,L1-STATIC-XDIAG,L1-STATIC-ZSTD-SPEC	COMPLETE-TILING-UNRESOLVED	L1-macho-regions	ownership=PRIMARY; file_size=2197080; region_sha256=4a69d3305c851f21fc28582666e61107c3ac84704aac69af7c8faca81f9c562b
L1-REG-UP-MATCHED-tmp__phase3c-driver__upstream-matched-zstd-r3__output__bin__gcc-15_2_0-0005	GCC-DRIVER	UPSTREAM-MATCHED	tmp/phase3c-driver/upstream-matched-zstd-r3/output/bin/riscv32-wch-elf-gcc-15.2.0	8adc83c82785da5127126bfb25f9a4dbf9ece8231bec878bbc341e1e6749f680	968	1280	312	LC_SEGMENT_64[3]	SIGNATURE/UUID/BUILD-METADATA	L1-FEAT-DRIVER	L1-STATIC-XW,L1-STATIC-XDIAG,L1-STATIC-ZSTD-SPEC	COMPLETE-TILING-UNRESOLVED	L1-macho-regions	ownership=PRIMARY; file_size=2197080; region_sha256=84ac7fae8149e4bb7ed8115342fa74881263b37850225bfefd5abd285efbe4d0
L1-REG-UP-MATCHED-tmp__phase3c-driver__upstream-matched-zstd-r3__output__bin__gcc-15_2_0-0006	GCC-DRIVER	UPSTREAM-MATCHED	tmp/phase3c-driver/upstream-matched-zstd-r3/output/bin/riscv32-wch-elf-gcc-15.2.0	8adc83c82785da5127126bfb25f9a4dbf9ece8231bec878bbc341e1e6749f680	1280	1352	72	LC_SEGMENT_64[4]	SIGNATURE/UUID/BUILD-METADATA	L1-FEAT-DRIVER	L1-STATIC-XW,L1-STATIC-XDIAG,L1-STATIC-ZSTD-SPEC	COMPLETE-TILING-UNRESOLVED	L1-macho-regions	ownership=PRIMARY; file_size=2197080; region_sha256=b4930d7fb2fce0a0280b21de0a85f0b579f4d20921a2a5425baf6e24f5641bc5
L1-REG-UP-MATCHED-tmp__phase3c-driver__upstream-matched-zstd-r3__output__bin__gcc-15_2_0-0007	GCC-DRIVER	UPSTREAM-MATCHED	tmp/phase3c-driver/upstream-matched-zstd-r3/output/bin/riscv32-wch-elf-gcc-15.2.0	8adc83c82785da5127126bfb25f9a4dbf9ece8231bec878bbc341e1e6749f680	1352	1368	16	LC_DYLD_CHAINED_FIXUPS[5]	SIGNATURE/UUID/BUILD-METADATA	L1-FEAT-DRIVER	L1-STATIC-XW,L1-STATIC-XDIAG,L1-STATIC-ZSTD-SPEC	COMPLETE-TILING-UNRESOLVED	L1-macho-regions	ownership=PRIMARY; file_size=2197080; region_sha256=0b066c8f9dcb146311b6bb677532d2b3c729c8bf04aa59480dc2e3ecd831cfd9
L1-REG-UP-MATCHED-tmp__phase3c-driver__upstream-matched-zstd-r3__output__bin__gcc-15_2_0-0008	GCC-DRIVER	UPSTREAM-MATCHED	tmp/phase3c-driver/upstream-matched-zstd-r3/output/bin/riscv32-wch-elf-gcc-15.2.0	8adc83c82785da5127126bfb25f9a4dbf9ece8231bec878bbc341e1e6749f680	1368	1384	16	LC_DYLD_EXPORTS_TRIE[6]	SIGNATURE/UUID/BUILD-METADATA	L1-FEAT-DRIVER	L1-STATIC-XW,L1-STATIC-XDIAG,L1-STATIC-ZSTD-SPEC	COMPLETE-TILING-UNRESOLVED	L1-macho-regions	ownership=PRIMARY; file_size=2197080; region_sha256=b41f80f40c7873af49d337b93a1c03143a6f49db21c3bd843e94237c920357a3
L1-REG-UP-MATCHED-tmp__phase3c-driver__upstream-matched-zstd-r3__output__bin__gcc-15_2_0-0009	GCC-DRIVER	UPSTREAM-MATCHED	tmp/phase3c-driver/upstream-matched-zstd-r3/output/bin/riscv32-wch-elf-gcc-15.2.0	8adc83c82785da5127126bfb25f9a4dbf9ece8231bec878bbc341e1e6749f680	1384	1408	24	LC_SYMTAB[7]	SIGNATURE/UUID/BUILD-METADATA	L1-FEAT-DRIVER	L1-STATIC-XW,L1-STATIC-XDIAG,L1-STATIC-ZSTD-SPEC	COMPLETE-TILING-UNRESOLVED	L1-macho-regions	ownership=PRIMARY; file_size=2197080; region_sha256=d2d164ea6a0bfa85fadb9f676c1296a97d60858ca241c5273ccacaa4353de17a
L1-REG-UP-MATCHED-tmp__phase3c-driver__upstream-matched-zstd-r3__output__bin__gcc-15_2_0-0010	GCC-DRIVER	UPSTREAM-MATCHED	tmp/phase3c-driver/upstream-matched-zstd-r3/output/bin/riscv32-wch-elf-gcc-15.2.0	8adc83c82785da5127126bfb25f9a4dbf9ece8231bec878bbc341e1e6749f680	1408	1488	80	LC_DYSYMTAB[8]	SIGNATURE/UUID/BUILD-METADATA	L1-FEAT-DRIVER	L1-STATIC-XW,L1-STATIC-XDIAG,L1-STATIC-ZSTD-SPEC	COMPLETE-TILING-UNRESOLVED	L1-macho-regions	ownership=PRIMARY; file_size=2197080; region_sha256=26b3acc2094e0e319945ce5ce739260e77f74fa8ce2c0886acf16fdbb67cd373
L1-REG-UP-MATCHED-tmp__phase3c-driver__upstream-matched-zstd-r3__output__bin__gcc-15_2_0-0011	GCC-DRIVER	UPSTREAM-MATCHED	tmp/phase3c-driver/upstream-matched-zstd-r3/output/bin/riscv32-wch-elf-gcc-15.2.0	8adc83c82785da5127126bfb25f9a4dbf9ece8231bec878bbc341e1e6749f680	1488	1520	32	LC_LOAD_DYLINKER[9]	PACKAGING/DEPENDENCY	L1-FEAT-DRIVER	L1-STATIC-XW,L1-STATIC-XDIAG,L1-STATIC-ZSTD-SPEC	COMPLETE-TILING-UNRESOLVED	L1-macho-regions	ownership=PRIMARY; file_size=2197080; region_sha256=44316cf4f366f41aa06996613c44af75e34479362928faf61a168c2a203b5999
L1-REG-UP-MATCHED-tmp__phase3c-driver__upstream-matched-zstd-r3__output__bin__gcc-15_2_0-0012	GCC-DRIVER	UPSTREAM-MATCHED	tmp/phase3c-driver/upstream-matched-zstd-r3/output/bin/riscv32-wch-elf-gcc-15.2.0	8adc83c82785da5127126bfb25f9a4dbf9ece8231bec878bbc341e1e6749f680	1520	1544	24	LC_UUID[10]	SIGNATURE/UUID/BUILD-METADATA	L1-FEAT-DRIVER	L1-STATIC-XW,L1-STATIC-XDIAG,L1-STATIC-ZSTD-SPEC	COMPLETE-TILING-UNRESOLVED	L1-macho-regions	ownership=PRIMARY; file_size=2197080; region_sha256=66584bce6546734610bd5fe46bd4e7080cb0fd21bb4fb848513ec5b93d674e15
L1-REG-UP-MATCHED-tmp__phase3c-driver__upstream-matched-zstd-r3__output__bin__gcc-15_2_0-0013	GCC-DRIVER	UPSTREAM-MATCHED	tmp/phase3c-driver/upstream-matched-zstd-r3/output/bin/riscv32-wch-elf-gcc-15.2.0	8adc83c82785da5127126bfb25f9a4dbf9ece8231bec878bbc341e1e6749f680	1544	1576	32	LC_BUILD_VERSION[11]	SIGNATURE/UUID/BUILD-METADATA	L1-FEAT-DRIVER	L1-STATIC-XW,L1-STATIC-XDIAG,L1-STATIC-ZSTD-SPEC	COMPLETE-TILING-UNRESOLVED	L1-macho-regions	ownership=PRIMARY; file_size=2197080; region_sha256=06be0acc3151d0cb3a5720312a0ae05bf2376d394c98194de6f77801b59ab2e0
L1-REG-UP-MATCHED-tmp__phase3c-driver__upstream-matched-zstd-r3__output__bin__gcc-15_2_0-0014	GCC-DRIVER	UPSTREAM-MATCHED	tmp/phase3c-driver/upstream-matched-zstd-r3/output/bin/riscv32-wch-elf-gcc-15.2.0	8adc83c82785da5127126bfb25f9a4dbf9ece8231bec878bbc341e1e6749f680	1576	1592	16	LC_SOURCE_VERSION[12]	SIGNATURE/UUID/BUILD-METADATA	L1-FEAT-DRIVER	L1-STATIC-XW,L1-STATIC-XDIAG,L1-STATIC-ZSTD-SPEC	COMPLETE-TILING-UNRESOLVED	L1-macho-regions	ownership=PRIMARY; file_size=2197080; region_sha256=01a60f1db7db041298aa3e269ff5ebea951aa6977963e4ab563905da906d2b82
L1-REG-UP-MATCHED-tmp__phase3c-driver__upstream-matched-zstd-r3__output__bin__gcc-15_2_0-0015	GCC-DRIVER	UPSTREAM-MATCHED	tmp/phase3c-driver/upstream-matched-zstd-r3/output/bin/riscv32-wch-elf-gcc-15.2.0	8adc83c82785da5127126bfb25f9a4dbf9ece8231bec878bbc341e1e6749f680	1592	1616	24	LC_MAIN[13]	SIGNATURE/UUID/BUILD-METADATA	L1-FEAT-DRIVER	L1-STATIC-XW,L1-STATIC-XDIAG,L1-STATIC-ZSTD-SPEC	COMPLETE-TILING-UNRESOLVED	L1-macho-regions	ownership=PRIMARY; file_size=2197080; region_sha256=b4813a96335c833a9783c51341be325f27f121d8c7263d3ca4054881a294f6ae
L1-REG-UP-MATCHED-tmp__phase3c-driver__upstream-matched-zstd-r3__output__bin__gcc-15_2_0-0016	GCC-DRIVER	UPSTREAM-MATCHED	tmp/phase3c-driver/upstream-matched-zstd-r3/output/bin/riscv32-wch-elf-gcc-15.2.0	8adc83c82785da5127126bfb25f9a4dbf9ece8231bec878bbc341e1e6749f680	1616	1672	56	LC_LOAD_DYLIB[14]	PACKAGING/DEPENDENCY	L1-FEAT-DRIVER	L1-STATIC-XW,L1-STATIC-XDIAG,L1-STATIC-ZSTD-SPEC	COMPLETE-TILING-UNRESOLVED	L1-macho-regions	ownership=PRIMARY; file_size=2197080; region_sha256=1a489c8b895a1c5fa426d2f6bdf524fa8d9c8227923ea0a7bb3a194fd92823ea
L1-REG-UP-MATCHED-tmp__phase3c-driver__upstream-matched-zstd-r3__output__bin__gcc-15_2_0-0017	GCC-DRIVER	UPSTREAM-MATCHED	tmp/phase3c-driver/upstream-matched-zstd-r3/output/bin/riscv32-wch-elf-gcc-15.2.0	8adc83c82785da5127126bfb25f9a4dbf9ece8231bec878bbc341e1e6749f680	1672	1720	48	LC_LOAD_DYLIB[15]	PACKAGING/DEPENDENCY	L1-FEAT-DRIVER	L1-STATIC-XW,L1-STATIC-XDIAG,L1-STATIC-ZSTD-SPEC	COMPLETE-TILING-UNRESOLVED	L1-macho-regions	ownership=PRIMARY; file_size=2197080; region_sha256=7745a4d4639b8f1de3e38beb445632a5df37fca6950234b1d83a4278c5dd4c0e
L1-REG-UP-MATCHED-tmp__phase3c-driver__upstream-matched-zstd-r3__output__bin__gcc-15_2_0-0018	GCC-DRIVER	UPSTREAM-MATCHED	tmp/phase3c-driver/upstream-matched-zstd-r3/output/bin/riscv32-wch-elf-gcc-15.2.0	8adc83c82785da5127126bfb25f9a4dbf9ece8231bec878bbc341e1e6749f680	1720	1776	56	LC_LOAD_DYLIB[16]	PACKAGING/DEPENDENCY	L1-FEAT-DRIVER	L1-STATIC-XW,L1-STATIC-XDIAG,L1-STATIC-ZSTD-SPEC	COMPLETE-TILING-UNRESOLVED	L1-macho-regions	ownership=PRIMARY; file_size=2197080; region_sha256=ffa45af4ce6b7780727be9b2f2f9ca0b35932363e311b247d840ef9da1bdc1f5
L1-REG-UP-MATCHED-tmp__phase3c-driver__upstream-matched-zstd-r3__output__bin__gcc-15_2_0-0019	GCC-DRIVER	UPSTREAM-MATCHED	tmp/phase3c-driver/upstream-matched-zstd-r3/output/bin/riscv32-wch-elf-gcc-15.2.0	8adc83c82785da5127126bfb25f9a4dbf9ece8231bec878bbc341e1e6749f680	1776	1792	16	LC_FUNCTION_STARTS[17]	SIGNATURE/UUID/BUILD-METADATA	L1-FEAT-DRIVER	L1-STATIC-XW,L1-STATIC-XDIAG,L1-STATIC-ZSTD-SPEC	COMPLETE-TILING-UNRESOLVED	L1-macho-regions	ownership=PRIMARY; file_size=2197080; region_sha256=2f5fa838acc64aea7cb290d200989688ce44ad356b6b21ebad703c4ef0ddeecf
L1-REG-UP-MATCHED-tmp__phase3c-driver__upstream-matched-zstd-r3__output__bin__gcc-15_2_0-0020	GCC-DRIVER	UPSTREAM-MATCHED	tmp/phase3c-driver/upstream-matched-zstd-r3/output/bin/riscv32-wch-elf-gcc-15.2.0	8adc83c82785da5127126bfb25f9a4dbf9ece8231bec878bbc341e1e6749f680	1792	1808	16	LC_DATA_IN_CODE[18]	SIGNATURE/UUID/BUILD-METADATA	L1-FEAT-DRIVER	L1-STATIC-XW,L1-STATIC-XDIAG,L1-STATIC-ZSTD-SPEC	COMPLETE-TILING-UNRESOLVED	L1-macho-regions	ownership=PRIMARY; file_size=2197080; region_sha256=0d48df73e9e9c3c93e35d849055cd0b81e4337106a0b81bd00b04bc866e9a7d1
L1-REG-UP-MATCHED-tmp__phase3c-driver__upstream-matched-zstd-r3__output__bin__gcc-15_2_0-0021	GCC-DRIVER	UPSTREAM-MATCHED	tmp/phase3c-driver/upstream-matched-zstd-r3/output/bin/riscv32-wch-elf-gcc-15.2.0	8adc83c82785da5127126bfb25f9a4dbf9ece8231bec878bbc341e1e6749f680	1808	1824	16	LC_CODE_SIGNATURE[19]	SIGNATURE/UUID/BUILD-METADATA	L1-FEAT-DRIVER	L1-STATIC-XW,L1-STATIC-XDIAG,L1-STATIC-ZSTD-SPEC	COMPLETE-TILING-UNRESOLVED	L1-macho-regions	ownership=PRIMARY; file_size=2197080; region_sha256=cf339fa801e88d3b4b446b7e4980292bc37d5e6bb3aad082057fd2a27e34791f
L1-REG-UP-MATCHED-tmp__phase3c-driver__upstream-matched-zstd-r3__output__bin__gcc-15_2_0-0022	GCC-DRIVER	UPSTREAM-MATCHED	tmp/phase3c-driver/upstream-matched-zstd-r3/output/bin/riscv32-wch-elf-gcc-15.2.0	8adc83c82785da5127126bfb25f9a4dbf9ece8231bec878bbc341e1e6749f680	1824	1864	40	segment:__TEXT	UNRESOLVED	L1-FEAT-DRIVER	L1-STATIC-XW,L1-STATIC-XDIAG,L1-STATIC-ZSTD-SPEC	COMPLETE-TILING-UNRESOLVED	L1-macho-regions	ownership=PRIMARY; file_size=2197080; region_sha256=2c34ce1df23b838c5abf2a7f6437cca3d3067ed509ff25f11df6b11b582b51eb
L1-REG-UP-MATCHED-tmp__phase3c-driver__upstream-matched-zstd-r3__output__bin__gcc-15_2_0-0023	GCC-DRIVER	UPSTREAM-MATCHED	tmp/phase3c-driver/upstream-matched-zstd-r3/output/bin/riscv32-wch-elf-gcc-15.2.0	8adc83c82785da5127126bfb25f9a4dbf9ece8231bec878bbc341e1e6749f680	1864	728432	726568	section:__TEXT,__text	FUNCTIONAL-CODE	L1-FEAT-DRIVER	L1-STATIC-XW,L1-STATIC-XDIAG,L1-STATIC-ZSTD-SPEC	COMPLETE-TILING-UNRESOLVED	L1-macho-regions	ownership=PRIMARY; file_size=2197080; region_sha256=8fe4865e2cf194fe7263f0152e82326c92fdcb416a5b19fa1d35352eebac5ef8
L1-REG-UP-MATCHED-tmp__phase3c-driver__upstream-matched-zstd-r3__output__bin__gcc-15_2_0-0024	GCC-DRIVER	UPSTREAM-MATCHED	tmp/phase3c-driver/upstream-matched-zstd-r3/output/bin/riscv32-wch-elf-gcc-15.2.0	8adc83c82785da5127126bfb25f9a4dbf9ece8231bec878bbc341e1e6749f680	728432	730244	1812	section:__TEXT,__stubs	UNRESOLVED	L1-FEAT-DRIVER	L1-STATIC-XW,L1-STATIC-XDIAG,L1-STATIC-ZSTD-SPEC	COMPLETE-TILING-UNRESOLVED	L1-macho-regions	ownership=PRIMARY; file_size=2197080; region_sha256=f32d0f2629a53688a730768acda3db62a109b6039e00052c1bb8c774f671205d
L1-REG-UP-MATCHED-tmp__phase3c-driver__upstream-matched-zstd-r3__output__bin__gcc-15_2_0-0025	GCC-DRIVER	UPSTREAM-MATCHED	tmp/phase3c-driver/upstream-matched-zstd-r3/output/bin/riscv32-wch-elf-gcc-15.2.0	8adc83c82785da5127126bfb25f9a4dbf9ece8231bec878bbc341e1e6749f680	730244	730260	16	section:__TEXT,__init_offsets	UNRESOLVED	L1-FEAT-DRIVER	L1-STATIC-XW,L1-STATIC-XDIAG,L1-STATIC-ZSTD-SPEC	COMPLETE-TILING-UNRESOLVED	L1-macho-regions	ownership=PRIMARY; file_size=2197080; region_sha256=d6313be342733da7565061aade4531ec725b509951b6d9aa15946cfdc10bf525
L1-REG-UP-MATCHED-tmp__phase3c-driver__upstream-matched-zstd-r3__output__bin__gcc-15_2_0-0026	GCC-DRIVER	UPSTREAM-MATCHED	tmp/phase3c-driver/upstream-matched-zstd-r3/output/bin/riscv32-wch-elf-gcc-15.2.0	8adc83c82785da5127126bfb25f9a4dbf9ece8231bec878bbc341e1e6749f680	730260	730272	12	segment:__TEXT	UNRESOLVED	L1-FEAT-DRIVER	L1-STATIC-XW,L1-STATIC-XDIAG,L1-STATIC-ZSTD-SPEC	COMPLETE-TILING-UNRESOLVED	L1-macho-regions	ownership=PRIMARY; file_size=2197080; region_sha256=15ec7bf0b50732b49f8228e07d24365338f9e3ab994b00af08e5a3bffe55fd8b
L1-REG-UP-MATCHED-tmp__phase3c-driver__upstream-matched-zstd-r3__output__bin__gcc-15_2_0-0027	GCC-DRIVER	UPSTREAM-MATCHED	tmp/phase3c-driver/upstream-matched-zstd-r3/output/bin/riscv32-wch-elf-gcc-15.2.0	8adc83c82785da5127126bfb25f9a4dbf9ece8231bec878bbc341e1e6749f680	730272	1082592	352320	section:__TEXT,__const	FUNCTIONAL-DATA-TABLE	L1-FEAT-DRIVER	L1-STATIC-XW,L1-STATIC-XDIAG,L1-STATIC-ZSTD-SPEC	COMPLETE-TILING-UNRESOLVED	L1-macho-regions	ownership=PRIMARY; file_size=2197080; region_sha256=8e3c6a92a39addb321d0ff4c29519d0c35bbd2ade7c2d080d959d9aaca35f421
L1-REG-UP-MATCHED-tmp__phase3c-driver__upstream-matched-zstd-r3__output__bin__gcc-15_2_0-0028	GCC-DRIVER	UPSTREAM-MATCHED	tmp/phase3c-driver/upstream-matched-zstd-r3/output/bin/riscv32-wch-elf-gcc-15.2.0	8adc83c82785da5127126bfb25f9a4dbf9ece8231bec878bbc341e1e6749f680	1082592	1416853	334261	section:__TEXT,__cstring	FUNCTIONAL-DATA-TABLE	L1-FEAT-DRIVER	L1-STATIC-XW,L1-STATIC-XDIAG,L1-STATIC-ZSTD-SPEC	COMPLETE-TILING-UNRESOLVED	L1-macho-regions	ownership=PRIMARY; file_size=2197080; region_sha256=cffc8f21c8ce62499d1acc73dea431ceba11cb2195272ce21f5ea704522df828
L1-REG-UP-MATCHED-tmp__phase3c-driver__upstream-matched-zstd-r3__output__bin__gcc-15_2_0-0029	GCC-DRIVER	UPSTREAM-MATCHED	tmp/phase3c-driver/upstream-matched-zstd-r3/output/bin/riscv32-wch-elf-gcc-15.2.0	8adc83c82785da5127126bfb25f9a4dbf9ece8231bec878bbc341e1e6749f680	1416853	1416856	3	segment:__TEXT	UNRESOLVED	L1-FEAT-DRIVER	L1-STATIC-XW,L1-STATIC-XDIAG,L1-STATIC-ZSTD-SPEC	COMPLETE-TILING-UNRESOLVED	L1-macho-regions	ownership=PRIMARY; file_size=2197080; region_sha256=709e80c88487a2411e1ee4dfb9f22a861492d20c4765150c0c794abd70f8147c
L1-REG-UP-MATCHED-tmp__phase3c-driver__upstream-matched-zstd-r3__output__bin__gcc-15_2_0-0030	GCC-DRIVER	UPSTREAM-MATCHED	tmp/phase3c-driver/upstream-matched-zstd-r3/output/bin/riscv32-wch-elf-gcc-15.2.0	8adc83c82785da5127126bfb25f9a4dbf9ece8231bec878bbc341e1e6749f680	1416856	1426024	9168	section:__TEXT,__unwind_info	FUNCTIONAL-DATA-TABLE	L1-FEAT-DRIVER	L1-STATIC-XW,L1-STATIC-XDIAG,L1-STATIC-ZSTD-SPEC	COMPLETE-TILING-UNRESOLVED	L1-macho-regions	ownership=PRIMARY; file_size=2197080; region_sha256=a066771498c53d37f24d817e764dfdf991b531406da7df39f12100c96254232d
L1-REG-UP-MATCHED-tmp__phase3c-driver__upstream-matched-zstd-r3__output__bin__gcc-15_2_0-0031	GCC-DRIVER	UPSTREAM-MATCHED	tmp/phase3c-driver/upstream-matched-zstd-r3/output/bin/riscv32-wch-elf-gcc-15.2.0	8adc83c82785da5127126bfb25f9a4dbf9ece8231bec878bbc341e1e6749f680	1426024	1485708	59684	section:__TEXT,__eh_frame	FUNCTIONAL-DATA-TABLE	L1-FEAT-DRIVER	L1-STATIC-XW,L1-STATIC-XDIAG,L1-STATIC-ZSTD-SPEC	COMPLETE-TILING-UNRESOLVED	L1-macho-regions	ownership=PRIMARY; file_size=2197080; region_sha256=c300611f12cb09a612e024c05dbaa28adae625c6d9d91ad7c53cff3b0ad5f817
L1-REG-UP-MATCHED-tmp__phase3c-driver__upstream-matched-zstd-r3__output__bin__gcc-15_2_0-0032	GCC-DRIVER	UPSTREAM-MATCHED	tmp/phase3c-driver/upstream-matched-zstd-r3/output/bin/riscv32-wch-elf-gcc-15.2.0	8adc83c82785da5127126bfb25f9a4dbf9ece8231bec878bbc341e1e6749f680	1485708	1490944	5236	segment:__TEXT	UNRESOLVED	L1-FEAT-DRIVER	L1-STATIC-XW,L1-STATIC-XDIAG,L1-STATIC-ZSTD-SPEC	COMPLETE-TILING-UNRESOLVED	L1-macho-regions	ownership=PRIMARY; file_size=2197080; region_sha256=6dea671a6a6930567b80fa9d17b0b3de9d87aa9f22b88011911bd2a6f05966aa
L1-REG-UP-MATCHED-tmp__phase3c-driver__upstream-matched-zstd-r3__output__bin__gcc-15_2_0-0033	GCC-DRIVER	UPSTREAM-MATCHED	tmp/phase3c-driver/upstream-matched-zstd-r3/output/bin/riscv32-wch-elf-gcc-15.2.0	8adc83c82785da5127126bfb25f9a4dbf9ece8231bec878bbc341e1e6749f680	1490944	1492384	1440	section:__DATA_CONST,__got	FUNCTIONAL-DATA-TABLE	L1-FEAT-DRIVER	L1-STATIC-XW,L1-STATIC-XDIAG,L1-STATIC-ZSTD-SPEC	COMPLETE-TILING-UNRESOLVED	L1-macho-regions	ownership=PRIMARY; file_size=2197080; region_sha256=ae03c576bd5a6e53357ca6cc25e6223122cace1798e64c329af57e5f269592f8
L1-REG-UP-MATCHED-tmp__phase3c-driver__upstream-matched-zstd-r3__output__bin__gcc-15_2_0-0034	GCC-DRIVER	UPSTREAM-MATCHED	tmp/phase3c-driver/upstream-matched-zstd-r3/output/bin/riscv32-wch-elf-gcc-15.2.0	8adc83c82785da5127126bfb25f9a4dbf9ece8231bec878bbc341e1e6749f680	1492384	1745888	253504	section:__DATA_CONST,__const	FUNCTIONAL-DATA-TABLE	L1-FEAT-DRIVER	L1-STATIC-XW,L1-STATIC-XDIAG,L1-STATIC-ZSTD-SPEC	COMPLETE-TILING-UNRESOLVED	L1-macho-regions	ownership=PRIMARY; file_size=2197080; region_sha256=47550e9a0a838d6939ddcb1cf7c721a213f7660d9c7fd818530184ba9bc0a83d
L1-REG-UP-MATCHED-tmp__phase3c-driver__upstream-matched-zstd-r3__output__bin__gcc-15_2_0-0035	GCC-DRIVER	UPSTREAM-MATCHED	tmp/phase3c-driver/upstream-matched-zstd-r3/output/bin/riscv32-wch-elf-gcc-15.2.0	8adc83c82785da5127126bfb25f9a4dbf9ece8231bec878bbc341e1e6749f680	1745888	1753088	7200	segment:__DATA_CONST	UNRESOLVED	L1-FEAT-DRIVER	L1-STATIC-XW,L1-STATIC-XDIAG,L1-STATIC-ZSTD-SPEC	COMPLETE-TILING-UNRESOLVED	L1-macho-regions	ownership=PRIMARY; file_size=2197080; region_sha256=e4331b4b5dff91084b34db4018c5905a016cdf9c0d74d02c0d5af88dabfc6bc6
L1-REG-UP-MATCHED-tmp__phase3c-driver__upstream-matched-zstd-r3__output__bin__gcc-15_2_0-0036	GCC-DRIVER	UPSTREAM-MATCHED	tmp/phase3c-driver/upstream-matched-zstd-r3/output/bin/riscv32-wch-elf-gcc-15.2.0	8adc83c82785da5127126bfb25f9a4dbf9ece8231bec878bbc341e1e6749f680	1753088	1755856	2768	section:__DATA,__data	FUNCTIONAL-DATA-TABLE	L1-FEAT-DRIVER	L1-STATIC-XW,L1-STATIC-XDIAG,L1-STATIC-ZSTD-SPEC	COMPLETE-TILING-UNRESOLVED	L1-macho-regions	ownership=PRIMARY; file_size=2197080; region_sha256=8c296588bb51b4af470f192166d07c1b50a9cc892b483262e3884afabf6bd174
L1-REG-UP-MATCHED-tmp__phase3c-driver__upstream-matched-zstd-r3__output__bin__gcc-15_2_0-0037	GCC-DRIVER	UPSTREAM-MATCHED	tmp/phase3c-driver/upstream-matched-zstd-r3/output/bin/riscv32-wch-elf-gcc-15.2.0	8adc83c82785da5127126bfb25f9a4dbf9ece8231bec878bbc341e1e6749f680	1755856	1769472	13616	segment:__DATA	UNRESOLVED	L1-FEAT-DRIVER	L1-STATIC-XW,L1-STATIC-XDIAG,L1-STATIC-ZSTD-SPEC	COMPLETE-TILING-UNRESOLVED	L1-macho-regions	ownership=PRIMARY; file_size=2197080; region_sha256=df2a49e8ad39fc1deabf72892bd8580ae9bcb3fc839ba79f3e9fe15cb2a3d6fc
L1-REG-UP-MATCHED-tmp__phase3c-driver__upstream-matched-zstd-r3__output__bin__gcc-15_2_0-0038	GCC-DRIVER	UPSTREAM-MATCHED	tmp/phase3c-driver/upstream-matched-zstd-r3/output/bin/riscv32-wch-elf-gcc-15.2.0	8adc83c82785da5127126bfb25f9a4dbf9ece8231bec878bbc341e1e6749f680	1769472	1774792	5320	LC_DYLD_CHAINED_FIXUPS:payload	LINK-LAYOUT	L1-FEAT-DRIVER	L1-STATIC-XW,L1-STATIC-XDIAG,L1-STATIC-ZSTD-SPEC	COMPLETE-TILING-UNRESOLVED	L1-macho-regions	ownership=PRIMARY; file_size=2197080; region_sha256=8ef7ad9bc4b8f1f7c3a175594f6d6f64712ad81b9b20f5bd1eb3723ae916ed4f
L1-REG-UP-MATCHED-tmp__phase3c-driver__upstream-matched-zstd-r3__output__bin__gcc-15_2_0-0039	GCC-DRIVER	UPSTREAM-MATCHED	tmp/phase3c-driver/upstream-matched-zstd-r3/output/bin/riscv32-wch-elf-gcc-15.2.0	8adc83c82785da5127126bfb25f9a4dbf9ece8231bec878bbc341e1e6749f680	1774792	1836016	61224	LC_DYLD_EXPORTS_TRIE:payload	LINK-LAYOUT	L1-FEAT-DRIVER	L1-STATIC-XW,L1-STATIC-XDIAG,L1-STATIC-ZSTD-SPEC	COMPLETE-TILING-UNRESOLVED	L1-macho-regions	ownership=PRIMARY; file_size=2197080; region_sha256=22c35b6660d60125bf0ee7de03d34fe6384553ba85bcfe337a907afab94b9a5f
L1-REG-UP-MATCHED-tmp__phase3c-driver__upstream-matched-zstd-r3__output__bin__gcc-15_2_0-0040	GCC-DRIVER	UPSTREAM-MATCHED	tmp/phase3c-driver/upstream-matched-zstd-r3/output/bin/riscv32-wch-elf-gcc-15.2.0	8adc83c82785da5127126bfb25f9a4dbf9ece8231bec878bbc341e1e6749f680	1836016	1839248	3232	LC_FUNCTION_STARTS:payload	STRIP/DEBUG/SYMBOL-LAYOUT	L1-FEAT-DRIVER	L1-STATIC-XW,L1-STATIC-XDIAG,L1-STATIC-ZSTD-SPEC	COMPLETE-TILING-UNRESOLVED	L1-macho-regions	ownership=PRIMARY; file_size=2197080; region_sha256=f4325aef53def11c0c762a7c8ffb42d381062b54b8d53dc0d4a9db11f2e86780
L1-REG-UP-MATCHED-tmp__phase3c-driver__upstream-matched-zstd-r3__output__bin__gcc-15_2_0-0041	GCC-DRIVER	UPSTREAM-MATCHED	tmp/phase3c-driver/upstream-matched-zstd-r3/output/bin/riscv32-wch-elf-gcc-15.2.0	8adc83c82785da5127126bfb25f9a4dbf9ece8231bec878bbc341e1e6749f680	1839248	2035632	196384	LC_SYMTAB:nlist_64	STRIP/DEBUG/SYMBOL-LAYOUT	L1-FEAT-DRIVER	L1-STATIC-XW,L1-STATIC-XDIAG,L1-STATIC-ZSTD-SPEC	COMPLETE-TILING-UNRESOLVED	L1-macho-regions	ownership=PRIMARY; file_size=2197080; region_sha256=6ae058b740ce5f0fa5a81042960b2a7d4a11aaff0da14a4a1162813542519af6
L1-REG-UP-MATCHED-tmp__phase3c-driver__upstream-matched-zstd-r3__output__bin__gcc-15_2_0-0042	GCC-DRIVER	UPSTREAM-MATCHED	tmp/phase3c-driver/upstream-matched-zstd-r3/output/bin/riscv32-wch-elf-gcc-15.2.0	8adc83c82785da5127126bfb25f9a4dbf9ece8231bec878bbc341e1e6749f680	2035632	2036960	1328	segment:__LINKEDIT	LINK-LAYOUT	L1-FEAT-DRIVER	L1-STATIC-XW,L1-STATIC-XDIAG,L1-STATIC-ZSTD-SPEC	COMPLETE-TILING-UNRESOLVED	L1-macho-regions	ownership=PRIMARY; file_size=2197080; region_sha256=9863f84974e0e5452e27eac9366ddfa025b470dc5356a55c568a726e0333431d
L1-REG-UP-MATCHED-tmp__phase3c-driver__upstream-matched-zstd-r3__output__bin__gcc-15_2_0-0043	GCC-DRIVER	UPSTREAM-MATCHED	tmp/phase3c-driver/upstream-matched-zstd-r3/output/bin/riscv32-wch-elf-gcc-15.2.0	8adc83c82785da5127126bfb25f9a4dbf9ece8231bec878bbc341e1e6749f680	2036960	2179904	142944	LC_SYMTAB:string_table	STRIP/DEBUG/SYMBOL-LAYOUT	L1-FEAT-DRIVER	L1-STATIC-XW,L1-STATIC-XDIAG,L1-STATIC-ZSTD-SPEC	COMPLETE-TILING-UNRESOLVED	L1-macho-regions	ownership=PRIMARY; file_size=2197080; region_sha256=f952a904b455c0b2a5774c568a5ac155c2edcf9ca5267251f814631c120abd15
L1-REG-UP-MATCHED-tmp__phase3c-driver__upstream-matched-zstd-r3__output__bin__gcc-15_2_0-0044	GCC-DRIVER	UPSTREAM-MATCHED	tmp/phase3c-driver/upstream-matched-zstd-r3/output/bin/riscv32-wch-elf-gcc-15.2.0	8adc83c82785da5127126bfb25f9a4dbf9ece8231bec878bbc341e1e6749f680	2179904	2197080	17176	LC_CODE_SIGNATURE:payload	SIGNATURE/UUID/BUILD-METADATA	L1-FEAT-DRIVER	L1-STATIC-XW,L1-STATIC-XDIAG,L1-STATIC-ZSTD-SPEC	COMPLETE-TILING-UNRESOLVED	L1-macho-regions	ownership=PRIMARY; file_size=2197080; region_sha256=3741f25ea306777d0b31f0335dd078fd58edf9abbe9808c4d870c5a87b8505cf
L1-REG-UP-MATCHED-tmp__phase3c-driver__upstream-matched-zstd-r3__output__bin__libzstd_1_dylib-0001	HOST-ZSTD	UPSTREAM-MATCHED	tmp/phase3c-driver/upstream-matched-zstd-r3/output/bin/libzstd.1.dylib	a63c44dbe4a0b7c8f21a039152b3c4b0b66d54cc1daeecc629ce02eee79f274e	0	32	32	mach_header_64	SIGNATURE/UUID/BUILD-METADATA	L1-FEAT-ZSTD	L1-STATIC-ZSTD-BFD	COMPLETE-TILING-UNRESOLVED	L1-macho-regions	ownership=PRIMARY; file_size=670960; region_sha256=c2aa625efed66098b8fed9143af3ebb78c8dfac17cd5757fbb09f6e5de89bffa
L1-REG-UP-MATCHED-tmp__phase3c-driver__upstream-matched-zstd-r3__output__bin__libzstd_1_dylib-0002	HOST-ZSTD	UPSTREAM-MATCHED	tmp/phase3c-driver/upstream-matched-zstd-r3/output/bin/libzstd.1.dylib	a63c44dbe4a0b7c8f21a039152b3c4b0b66d54cc1daeecc629ce02eee79f274e	32	584	552	LC_SEGMENT_64[0]	SIGNATURE/UUID/BUILD-METADATA	L1-FEAT-ZSTD	L1-STATIC-ZSTD-BFD	COMPLETE-TILING-UNRESOLVED	L1-macho-regions	ownership=PRIMARY; file_size=670960; region_sha256=3045260feecfe0e8ea6341d8ec004e2eeb4f045144255936cb63bcf33f7a4459
L1-REG-UP-MATCHED-tmp__phase3c-driver__upstream-matched-zstd-r3__output__bin__libzstd_1_dylib-0003	HOST-ZSTD	UPSTREAM-MATCHED	tmp/phase3c-driver/upstream-matched-zstd-r3/output/bin/libzstd.1.dylib	a63c44dbe4a0b7c8f21a039152b3c4b0b66d54cc1daeecc629ce02eee79f274e	584	816	232	LC_SEGMENT_64[1]	SIGNATURE/UUID/BUILD-METADATA	L1-FEAT-ZSTD	L1-STATIC-ZSTD-BFD	COMPLETE-TILING-UNRESOLVED	L1-macho-regions	ownership=PRIMARY; file_size=670960; region_sha256=e7abc6e0be7284be994578849e09c7ec8d1a64379bfa1f02e1292f504cb17e27
L1-REG-UP-MATCHED-tmp__phase3c-driver__upstream-matched-zstd-r3__output__bin__libzstd_1_dylib-0004	HOST-ZSTD	UPSTREAM-MATCHED	tmp/phase3c-driver/upstream-matched-zstd-r3/output/bin/libzstd.1.dylib	a63c44dbe4a0b7c8f21a039152b3c4b0b66d54cc1daeecc629ce02eee79f274e	816	1048	232	LC_SEGMENT_64[2]	SIGNATURE/UUID/BUILD-METADATA	L1-FEAT-ZSTD	L1-STATIC-ZSTD-BFD	COMPLETE-TILING-UNRESOLVED	L1-macho-regions	ownership=PRIMARY; file_size=670960; region_sha256=6a58a4708b401cb11355574d430a7d0a68b65937ffa65541d2e8d2f327485a62
L1-REG-UP-MATCHED-tmp__phase3c-driver__upstream-matched-zstd-r3__output__bin__libzstd_1_dylib-0005	HOST-ZSTD	UPSTREAM-MATCHED	tmp/phase3c-driver/upstream-matched-zstd-r3/output/bin/libzstd.1.dylib	a63c44dbe4a0b7c8f21a039152b3c4b0b66d54cc1daeecc629ce02eee79f274e	1048	1120	72	LC_SEGMENT_64[3]	SIGNATURE/UUID/BUILD-METADATA	L1-FEAT-ZSTD	L1-STATIC-ZSTD-BFD	COMPLETE-TILING-UNRESOLVED	L1-macho-regions	ownership=PRIMARY; file_size=670960; region_sha256=e29149e51d231eccea52e99d0d984df4e5d41cb8831f309f25b5fea076922815
L1-REG-UP-MATCHED-tmp__phase3c-driver__upstream-matched-zstd-r3__output__bin__libzstd_1_dylib-0006	HOST-ZSTD	UPSTREAM-MATCHED	tmp/phase3c-driver/upstream-matched-zstd-r3/output/bin/libzstd.1.dylib	a63c44dbe4a0b7c8f21a039152b3c4b0b66d54cc1daeecc629ce02eee79f274e	1120	1192	72	LC_ID_DYLIB[4]	PACKAGING/DEPENDENCY	L1-FEAT-ZSTD	L1-STATIC-ZSTD-BFD	COMPLETE-TILING-UNRESOLVED	L1-macho-regions	ownership=PRIMARY; file_size=670960; region_sha256=1d19364e7c74d514cba3dc6cdef22faf475e208a26965b10c0fb1932228ed7b4
L1-REG-UP-MATCHED-tmp__phase3c-driver__upstream-matched-zstd-r3__output__bin__libzstd_1_dylib-0007	HOST-ZSTD	UPSTREAM-MATCHED	tmp/phase3c-driver/upstream-matched-zstd-r3/output/bin/libzstd.1.dylib	a63c44dbe4a0b7c8f21a039152b3c4b0b66d54cc1daeecc629ce02eee79f274e	1192	1208	16	LC_DYLD_CHAINED_FIXUPS[5]	SIGNATURE/UUID/BUILD-METADATA	L1-FEAT-ZSTD	L1-STATIC-ZSTD-BFD	COMPLETE-TILING-UNRESOLVED	L1-macho-regions	ownership=PRIMARY; file_size=670960; region_sha256=2f6525cd2963f51805c1985a8e5141e6ceadca7cefd1ab49f2f9d1ad8890b6a4
L1-REG-UP-MATCHED-tmp__phase3c-driver__upstream-matched-zstd-r3__output__bin__libzstd_1_dylib-0008	HOST-ZSTD	UPSTREAM-MATCHED	tmp/phase3c-driver/upstream-matched-zstd-r3/output/bin/libzstd.1.dylib	a63c44dbe4a0b7c8f21a039152b3c4b0b66d54cc1daeecc629ce02eee79f274e	1208	1224	16	LC_DYLD_EXPORTS_TRIE[6]	SIGNATURE/UUID/BUILD-METADATA	L1-FEAT-ZSTD	L1-STATIC-ZSTD-BFD	COMPLETE-TILING-UNRESOLVED	L1-macho-regions	ownership=PRIMARY; file_size=670960; region_sha256=c0a7c8951bbc28a32107d9563a84383dc15ab63864d1d6a64483e6a7b1fedd91
L1-REG-UP-MATCHED-tmp__phase3c-driver__upstream-matched-zstd-r3__output__bin__libzstd_1_dylib-0009	HOST-ZSTD	UPSTREAM-MATCHED	tmp/phase3c-driver/upstream-matched-zstd-r3/output/bin/libzstd.1.dylib	a63c44dbe4a0b7c8f21a039152b3c4b0b66d54cc1daeecc629ce02eee79f274e	1224	1248	24	LC_SYMTAB[7]	SIGNATURE/UUID/BUILD-METADATA	L1-FEAT-ZSTD	L1-STATIC-ZSTD-BFD	COMPLETE-TILING-UNRESOLVED	L1-macho-regions	ownership=PRIMARY; file_size=670960; region_sha256=b2d82fe4248c592cac5af303e9555bf90c97d54d8bd9e1eba0033d3355e101fb
L1-REG-UP-MATCHED-tmp__phase3c-driver__upstream-matched-zstd-r3__output__bin__libzstd_1_dylib-0010	HOST-ZSTD	UPSTREAM-MATCHED	tmp/phase3c-driver/upstream-matched-zstd-r3/output/bin/libzstd.1.dylib	a63c44dbe4a0b7c8f21a039152b3c4b0b66d54cc1daeecc629ce02eee79f274e	1248	1328	80	LC_DYSYMTAB[8]	SIGNATURE/UUID/BUILD-METADATA	L1-FEAT-ZSTD	L1-STATIC-ZSTD-BFD	COMPLETE-TILING-UNRESOLVED	L1-macho-regions	ownership=PRIMARY; file_size=670960; region_sha256=89c538cec9837a590341f0264d760762e5a618fd7af5ed981d3bfa84dd028c4c
L1-REG-UP-MATCHED-tmp__phase3c-driver__upstream-matched-zstd-r3__output__bin__libzstd_1_dylib-0011	HOST-ZSTD	UPSTREAM-MATCHED	tmp/phase3c-driver/upstream-matched-zstd-r3/output/bin/libzstd.1.dylib	a63c44dbe4a0b7c8f21a039152b3c4b0b66d54cc1daeecc629ce02eee79f274e	1328	1352	24	LC_UUID[9]	SIGNATURE/UUID/BUILD-METADATA	L1-FEAT-ZSTD	L1-STATIC-ZSTD-BFD	COMPLETE-TILING-UNRESOLVED	L1-macho-regions	ownership=PRIMARY; file_size=670960; region_sha256=7ef97ebc8c3121e860d859707eeeec5d0ee5d16268e39e623931d634d40263f9
L1-REG-UP-MATCHED-tmp__phase3c-driver__upstream-matched-zstd-r3__output__bin__libzstd_1_dylib-0012	HOST-ZSTD	UPSTREAM-MATCHED	tmp/phase3c-driver/upstream-matched-zstd-r3/output/bin/libzstd.1.dylib	a63c44dbe4a0b7c8f21a039152b3c4b0b66d54cc1daeecc629ce02eee79f274e	1352	1384	32	LC_BUILD_VERSION[10]	SIGNATURE/UUID/BUILD-METADATA	L1-FEAT-ZSTD	L1-STATIC-ZSTD-BFD	COMPLETE-TILING-UNRESOLVED	L1-macho-regions	ownership=PRIMARY; file_size=670960; region_sha256=9f12060debb1c787f03f285d6103f93278a982b751901c20509e282d2f7aeff2
L1-REG-UP-MATCHED-tmp__phase3c-driver__upstream-matched-zstd-r3__output__bin__libzstd_1_dylib-0013	HOST-ZSTD	UPSTREAM-MATCHED	tmp/phase3c-driver/upstream-matched-zstd-r3/output/bin/libzstd.1.dylib	a63c44dbe4a0b7c8f21a039152b3c4b0b66d54cc1daeecc629ce02eee79f274e	1384	1400	16	LC_SOURCE_VERSION[11]	SIGNATURE/UUID/BUILD-METADATA	L1-FEAT-ZSTD	L1-STATIC-ZSTD-BFD	COMPLETE-TILING-UNRESOLVED	L1-macho-regions	ownership=PRIMARY; file_size=670960; region_sha256=01a60f1db7db041298aa3e269ff5ebea951aa6977963e4ab563905da906d2b82
L1-REG-UP-MATCHED-tmp__phase3c-driver__upstream-matched-zstd-r3__output__bin__libzstd_1_dylib-0014	HOST-ZSTD	UPSTREAM-MATCHED	tmp/phase3c-driver/upstream-matched-zstd-r3/output/bin/libzstd.1.dylib	a63c44dbe4a0b7c8f21a039152b3c4b0b66d54cc1daeecc629ce02eee79f274e	1400	1456	56	LC_LOAD_DYLIB[12]	PACKAGING/DEPENDENCY	L1-FEAT-ZSTD	L1-STATIC-ZSTD-BFD	COMPLETE-TILING-UNRESOLVED	L1-macho-regions	ownership=PRIMARY; file_size=670960; region_sha256=ab3a9d430778bcc4642c00fcc78ee2ef987d6812fe804d2bf15ff4fa465eb321
L1-REG-UP-MATCHED-tmp__phase3c-driver__upstream-matched-zstd-r3__output__bin__libzstd_1_dylib-0015	HOST-ZSTD	UPSTREAM-MATCHED	tmp/phase3c-driver/upstream-matched-zstd-r3/output/bin/libzstd.1.dylib	a63c44dbe4a0b7c8f21a039152b3c4b0b66d54cc1daeecc629ce02eee79f274e	1456	1488	32	LC_0x8000001c[13]	SIGNATURE/UUID/BUILD-METADATA	L1-FEAT-ZSTD	L1-STATIC-ZSTD-BFD	COMPLETE-TILING-UNRESOLVED	L1-macho-regions	ownership=PRIMARY; file_size=670960; region_sha256=9ece9a56b8cdbdd8d6b4804f5028b83f7033d30fc0dd9eee821399d1c55d32f1
L1-REG-UP-MATCHED-tmp__phase3c-driver__upstream-matched-zstd-r3__output__bin__libzstd_1_dylib-0016	HOST-ZSTD	UPSTREAM-MATCHED	tmp/phase3c-driver/upstream-matched-zstd-r3/output/bin/libzstd.1.dylib	a63c44dbe4a0b7c8f21a039152b3c4b0b66d54cc1daeecc629ce02eee79f274e	1488	1504	16	LC_FUNCTION_STARTS[14]	SIGNATURE/UUID/BUILD-METADATA	L1-FEAT-ZSTD	L1-STATIC-ZSTD-BFD	COMPLETE-TILING-UNRESOLVED	L1-macho-regions	ownership=PRIMARY; file_size=670960; region_sha256=c4a3c0e05dfd0239cfd335788f9c431bf3fa9ba8322669f54a18bd7284a70c7e
L1-REG-UP-MATCHED-tmp__phase3c-driver__upstream-matched-zstd-r3__output__bin__libzstd_1_dylib-0017	HOST-ZSTD	UPSTREAM-MATCHED	tmp/phase3c-driver/upstream-matched-zstd-r3/output/bin/libzstd.1.dylib	a63c44dbe4a0b7c8f21a039152b3c4b0b66d54cc1daeecc629ce02eee79f274e	1504	1520	16	LC_DATA_IN_CODE[15]	SIGNATURE/UUID/BUILD-METADATA	L1-FEAT-ZSTD	L1-STATIC-ZSTD-BFD	COMPLETE-TILING-UNRESOLVED	L1-macho-regions	ownership=PRIMARY; file_size=670960; region_sha256=9127394f91cf988af18741df65e0590d97140852a9e9d93ec06b3771aa7497da
L1-REG-UP-MATCHED-tmp__phase3c-driver__upstream-matched-zstd-r3__output__bin__libzstd_1_dylib-0018	HOST-ZSTD	UPSTREAM-MATCHED	tmp/phase3c-driver/upstream-matched-zstd-r3/output/bin/libzstd.1.dylib	a63c44dbe4a0b7c8f21a039152b3c4b0b66d54cc1daeecc629ce02eee79f274e	1520	1536	16	LC_CODE_SIGNATURE[16]	SIGNATURE/UUID/BUILD-METADATA	L1-FEAT-ZSTD	L1-STATIC-ZSTD-BFD	COMPLETE-TILING-UNRESOLVED	L1-macho-regions	ownership=PRIMARY; file_size=670960; region_sha256=52df6d573457b50fd896412b0121520caedc3c6fcf67abb19224f8cd90516eb5
L1-REG-UP-MATCHED-tmp__phase3c-driver__upstream-matched-zstd-r3__output__bin__libzstd_1_dylib-0019	HOST-ZSTD	UPSTREAM-MATCHED	tmp/phase3c-driver/upstream-matched-zstd-r3/output/bin/libzstd.1.dylib	a63c44dbe4a0b7c8f21a039152b3c4b0b66d54cc1daeecc629ce02eee79f274e	1536	17096	15560	segment:__TEXT	UNRESOLVED	L1-FEAT-ZSTD	L1-STATIC-ZSTD-BFD	COMPLETE-TILING-UNRESOLVED	L1-macho-regions	ownership=PRIMARY; file_size=670960; region_sha256=11c20659ac7609987a32c8163172a3f8e147173d8a00889c0ab549c64b8ad17b
L1-REG-UP-MATCHED-tmp__phase3c-driver__upstream-matched-zstd-r3__output__bin__libzstd_1_dylib-0020	HOST-ZSTD	UPSTREAM-MATCHED	tmp/phase3c-driver/upstream-matched-zstd-r3/output/bin/libzstd.1.dylib	a63c44dbe4a0b7c8f21a039152b3c4b0b66d54cc1daeecc629ce02eee79f274e	17096	546192	529096	section:__TEXT,__text	FUNCTIONAL-CODE	L1-FEAT-ZSTD	L1-STATIC-ZSTD-BFD	COMPLETE-TILING-UNRESOLVED	L1-macho-regions	ownership=PRIMARY; file_size=670960; region_sha256=9d4480f93e88f5738c1cfb9b6cf5363f317e940a7d567b29b7340096fe10be65
L1-REG-UP-MATCHED-tmp__phase3c-driver__upstream-matched-zstd-r3__output__bin__libzstd_1_dylib-0021	HOST-ZSTD	UPSTREAM-MATCHED	tmp/phase3c-driver/upstream-matched-zstd-r3/output/bin/libzstd.1.dylib	a63c44dbe4a0b7c8f21a039152b3c4b0b66d54cc1daeecc629ce02eee79f274e	546192	546528	336	section:__TEXT,__stubs	UNRESOLVED	L1-FEAT-ZSTD	L1-STATIC-ZSTD-BFD	COMPLETE-TILING-UNRESOLVED	L1-macho-regions	ownership=PRIMARY; file_size=670960; region_sha256=065626feffd16fbbacac4d91ccfc224c530b76e96e20e6d52cef3bfd46fb21e7
L1-REG-UP-MATCHED-tmp__phase3c-driver__upstream-matched-zstd-r3__output__bin__libzstd_1_dylib-0022	HOST-ZSTD	UPSTREAM-MATCHED	tmp/phase3c-driver/upstream-matched-zstd-r3/output/bin/libzstd.1.dylib	a63c44dbe4a0b7c8f21a039152b3c4b0b66d54cc1daeecc629ce02eee79f274e	546528	566904	20376	section:__TEXT,__const	FUNCTIONAL-DATA-TABLE	L1-FEAT-ZSTD	L1-STATIC-ZSTD-BFD	COMPLETE-TILING-UNRESOLVED	L1-macho-regions	ownership=PRIMARY; file_size=670960; region_sha256=b8904e8a619af5d3158db62842d810b06c9b29285875ee90567f98e062b62487
L1-REG-UP-MATCHED-tmp__phase3c-driver__upstream-matched-zstd-r3__output__bin__libzstd_1_dylib-0023	HOST-ZSTD	UPSTREAM-MATCHED	tmp/phase3c-driver/upstream-matched-zstd-r3/output/bin/libzstd.1.dylib	a63c44dbe4a0b7c8f21a039152b3c4b0b66d54cc1daeecc629ce02eee79f274e	566904	571193	4289	section:__TEXT,__cstring	FUNCTIONAL-DATA-TABLE	L1-FEAT-ZSTD	L1-STATIC-ZSTD-BFD	COMPLETE-TILING-UNRESOLVED	L1-macho-regions	ownership=PRIMARY; file_size=670960; region_sha256=564c0be33f7a271c76adb01b55a4c05a536b95a231183cb408267e2472d70814
L1-REG-UP-MATCHED-tmp__phase3c-driver__upstream-matched-zstd-r3__output__bin__libzstd_1_dylib-0024	HOST-ZSTD	UPSTREAM-MATCHED	tmp/phase3c-driver/upstream-matched-zstd-r3/output/bin/libzstd.1.dylib	a63c44dbe4a0b7c8f21a039152b3c4b0b66d54cc1daeecc629ce02eee79f274e	571193	571196	3	segment:__TEXT	UNRESOLVED	L1-FEAT-ZSTD	L1-STATIC-ZSTD-BFD	COMPLETE-TILING-UNRESOLVED	L1-macho-regions	ownership=PRIMARY; file_size=670960; region_sha256=709e80c88487a2411e1ee4dfb9f22a861492d20c4765150c0c794abd70f8147c
L1-REG-UP-MATCHED-tmp__phase3c-driver__upstream-matched-zstd-r3__output__bin__libzstd_1_dylib-0025	HOST-ZSTD	UPSTREAM-MATCHED	tmp/phase3c-driver/upstream-matched-zstd-r3/output/bin/libzstd.1.dylib	a63c44dbe4a0b7c8f21a039152b3c4b0b66d54cc1daeecc629ce02eee79f274e	571196	573356	2160	section:__TEXT,__unwind_info	FUNCTIONAL-DATA-TABLE	L1-FEAT-ZSTD	L1-STATIC-ZSTD-BFD	COMPLETE-TILING-UNRESOLVED	L1-macho-regions	ownership=PRIMARY; file_size=670960; region_sha256=52e33a85c107be93fe9fff3876a8ea99c90b9c5555243e4d1b71b3343f8708c6
L1-REG-UP-MATCHED-tmp__phase3c-driver__upstream-matched-zstd-r3__output__bin__libzstd_1_dylib-0026	HOST-ZSTD	UPSTREAM-MATCHED	tmp/phase3c-driver/upstream-matched-zstd-r3/output/bin/libzstd.1.dylib	a63c44dbe4a0b7c8f21a039152b3c4b0b66d54cc1daeecc629ce02eee79f274e	573356	573360	4	segment:__TEXT	UNRESOLVED	L1-FEAT-ZSTD	L1-STATIC-ZSTD-BFD	COMPLETE-TILING-UNRESOLVED	L1-macho-regions	ownership=PRIMARY; file_size=670960; region_sha256=df3f619804a92fdb4057192dc43dd748ea778adc52bc498ce80524c014b81119
L1-REG-UP-MATCHED-tmp__phase3c-driver__upstream-matched-zstd-r3__output__bin__libzstd_1_dylib-0027	HOST-ZSTD	UPSTREAM-MATCHED	tmp/phase3c-driver/upstream-matched-zstd-r3/output/bin/libzstd.1.dylib	a63c44dbe4a0b7c8f21a039152b3c4b0b66d54cc1daeecc629ce02eee79f274e	573360	573440	80	section:__TEXT,__eh_frame	FUNCTIONAL-DATA-TABLE	L1-FEAT-ZSTD	L1-STATIC-ZSTD-BFD	COMPLETE-TILING-UNRESOLVED	L1-macho-regions	ownership=PRIMARY; file_size=670960; region_sha256=5694140f068bc3bf65fb0ec105519955f8e9dfab3d2ff183e0b9a26bc597404d
L1-REG-UP-MATCHED-tmp__phase3c-driver__upstream-matched-zstd-r3__output__bin__libzstd_1_dylib-0028	HOST-ZSTD	UPSTREAM-MATCHED	tmp/phase3c-driver/upstream-matched-zstd-r3/output/bin/libzstd.1.dylib	a63c44dbe4a0b7c8f21a039152b3c4b0b66d54cc1daeecc629ce02eee79f274e	573440	573688	248	section:__DATA_CONST,__got	FUNCTIONAL-DATA-TABLE	L1-FEAT-ZSTD	L1-STATIC-ZSTD-BFD	COMPLETE-TILING-UNRESOLVED	L1-macho-regions	ownership=PRIMARY; file_size=670960; region_sha256=3ee48f05271dc73717ee1be70eb4524bd4c32bf1fae3599090bf58048916dc49
L1-REG-UP-MATCHED-tmp__phase3c-driver__upstream-matched-zstd-r3__output__bin__libzstd_1_dylib-0029	HOST-ZSTD	UPSTREAM-MATCHED	tmp/phase3c-driver/upstream-matched-zstd-r3/output/bin/libzstd.1.dylib	a63c44dbe4a0b7c8f21a039152b3c4b0b66d54cc1daeecc629ce02eee79f274e	573688	574392	704	section:__DATA_CONST,__const	FUNCTIONAL-DATA-TABLE	L1-FEAT-ZSTD	L1-STATIC-ZSTD-BFD	COMPLETE-TILING-UNRESOLVED	L1-macho-regions	ownership=PRIMARY; file_size=670960; region_sha256=2d25c93086c585044f4232ec7c978be0118497d7a7b450096008bfd92d02e40c
L1-REG-UP-MATCHED-tmp__phase3c-driver__upstream-matched-zstd-r3__output__bin__libzstd_1_dylib-0030	HOST-ZSTD	UPSTREAM-MATCHED	tmp/phase3c-driver/upstream-matched-zstd-r3/output/bin/libzstd.1.dylib	a63c44dbe4a0b7c8f21a039152b3c4b0b66d54cc1daeecc629ce02eee79f274e	574392	589824	15432	segment:__DATA_CONST	UNRESOLVED	L1-FEAT-ZSTD	L1-STATIC-ZSTD-BFD	COMPLETE-TILING-UNRESOLVED	L1-macho-regions	ownership=PRIMARY; file_size=670960; region_sha256=c1c82d917731cf6483046565d8bc19702626b601d5d5a447990f3c896cc47c4d
L1-REG-UP-MATCHED-tmp__phase3c-driver__upstream-matched-zstd-r3__output__bin__libzstd_1_dylib-0031	HOST-ZSTD	UPSTREAM-MATCHED	tmp/phase3c-driver/upstream-matched-zstd-r3/output/bin/libzstd.1.dylib	a63c44dbe4a0b7c8f21a039152b3c4b0b66d54cc1daeecc629ce02eee79f274e	589824	590464	640	LC_DYLD_CHAINED_FIXUPS:payload	LINK-LAYOUT	L1-FEAT-ZSTD	L1-STATIC-ZSTD-BFD	COMPLETE-TILING-UNRESOLVED	L1-macho-regions	ownership=PRIMARY; file_size=670960; region_sha256=2f9bd6a9d6f86662dbb9434b3ad14af0c663ac8054b4151235b846e882fc50a1
L1-REG-UP-MATCHED-tmp__phase3c-driver__upstream-matched-zstd-r3__output__bin__libzstd_1_dylib-0032	HOST-ZSTD	UPSTREAM-MATCHED	tmp/phase3c-driver/upstream-matched-zstd-r3/output/bin/libzstd.1.dylib	a63c44dbe4a0b7c8f21a039152b3c4b0b66d54cc1daeecc629ce02eee79f274e	590464	602920	12456	LC_DYLD_EXPORTS_TRIE:payload	LINK-LAYOUT	L1-FEAT-ZSTD	L1-STATIC-ZSTD-BFD	COMPLETE-TILING-UNRESOLVED	L1-macho-regions	ownership=PRIMARY; file_size=670960; region_sha256=9c1c86038824c2afa8c687d31b1b325fe6de93d567d7ee43abf713163d095f0c
L1-REG-UP-MATCHED-tmp__phase3c-driver__upstream-matched-zstd-r3__output__bin__libzstd_1_dylib-0033	HOST-ZSTD	UPSTREAM-MATCHED	tmp/phase3c-driver/upstream-matched-zstd-r3/output/bin/libzstd.1.dylib	a63c44dbe4a0b7c8f21a039152b3c4b0b66d54cc1daeecc629ce02eee79f274e	602920	604248	1328	LC_FUNCTION_STARTS:payload	STRIP/DEBUG/SYMBOL-LAYOUT	L1-FEAT-ZSTD	L1-STATIC-ZSTD-BFD	COMPLETE-TILING-UNRESOLVED	L1-macho-regions	ownership=PRIMARY; file_size=670960; region_sha256=7e9c0c6a6dab6119110316f2f0bb698e35d33490821cd66b8563d102a5f09e4e
L1-REG-UP-MATCHED-tmp__phase3c-driver__upstream-matched-zstd-r3__output__bin__libzstd_1_dylib-0034	HOST-ZSTD	UPSTREAM-MATCHED	tmp/phase3c-driver/upstream-matched-zstd-r3/output/bin/libzstd.1.dylib	a63c44dbe4a0b7c8f21a039152b3c4b0b66d54cc1daeecc629ce02eee79f274e	604248	620872	16624	LC_SYMTAB:nlist_64	STRIP/DEBUG/SYMBOL-LAYOUT	L1-FEAT-ZSTD	L1-STATIC-ZSTD-BFD	COMPLETE-TILING-UNRESOLVED	L1-macho-regions	ownership=PRIMARY; file_size=670960; region_sha256=7fa3d39f78bfeb0cc40c3c974e92a51d3b2174ba91967417f2cfdb85eb8aa329
L1-REG-UP-MATCHED-tmp__phase3c-driver__upstream-matched-zstd-r3__output__bin__libzstd_1_dylib-0035	HOST-ZSTD	UPSTREAM-MATCHED	tmp/phase3c-driver/upstream-matched-zstd-r3/output/bin/libzstd.1.dylib	a63c44dbe4a0b7c8f21a039152b3c4b0b66d54cc1daeecc629ce02eee79f274e	620872	621112	240	segment:__LINKEDIT	LINK-LAYOUT	L1-FEAT-ZSTD	L1-STATIC-ZSTD-BFD	COMPLETE-TILING-UNRESOLVED	L1-macho-regions	ownership=PRIMARY; file_size=670960; region_sha256=dc2c6b1795f26d576d44e06b6bc95798a01330aeb21b8ae4823dc0ae24aead8e
L1-REG-UP-MATCHED-tmp__phase3c-driver__upstream-matched-zstd-r3__output__bin__libzstd_1_dylib-0036	HOST-ZSTD	UPSTREAM-MATCHED	tmp/phase3c-driver/upstream-matched-zstd-r3/output/bin/libzstd.1.dylib	a63c44dbe4a0b7c8f21a039152b3c4b0b66d54cc1daeecc629ce02eee79f274e	621112	646960	25848	LC_SYMTAB:string_table	STRIP/DEBUG/SYMBOL-LAYOUT	L1-FEAT-ZSTD	L1-STATIC-ZSTD-BFD	COMPLETE-TILING-UNRESOLVED	L1-macho-regions	ownership=PRIMARY; file_size=670960; region_sha256=4af02bb2ef8d7e534b7f24c553592e4e28d049d2aa6da8d40e5bf31018b110c1
L1-REG-UP-MATCHED-tmp__phase3c-driver__upstream-matched-zstd-r3__output__bin__libzstd_1_dylib-0037	HOST-ZSTD	UPSTREAM-MATCHED	tmp/phase3c-driver/upstream-matched-zstd-r3/output/bin/libzstd.1.dylib	a63c44dbe4a0b7c8f21a039152b3c4b0b66d54cc1daeecc629ce02eee79f274e	646960	670960	24000	LC_CODE_SIGNATURE:payload	SIGNATURE/UUID/BUILD-METADATA	L1-FEAT-ZSTD	L1-STATIC-ZSTD-BFD	COMPLETE-TILING-UNRESOLVED	L1-macho-regions	ownership=PRIMARY; file_size=670960; region_sha256=d3639eafc35d4957a42909d1b8c4cc340023e8ad5ecbc9a759d285a835925a49
L1-REG-UP-MATCHED-tmp__phase3c-driver__upstream-matched-zstd-r3__output__riscv32-wch-elf__bin__libzstd_1_dylib-0001	HOST-ZSTD	UPSTREAM-MATCHED	tmp/phase3c-driver/upstream-matched-zstd-r3/output/riscv32-wch-elf/bin/libzstd.1.dylib	de1dd7fed0e19e83c931fb4fbbb709c5f133faeda24aa5ea6cda1e1e3598d6d7	0	32	32	mach_header_64	SIGNATURE/UUID/BUILD-METADATA	L1-FEAT-ZSTD	L1-STATIC-ZSTD-BFD	COMPLETE-TILING-UNRESOLVED	L1-macho-regions	ownership=PRIMARY; file_size=670960; region_sha256=c2aa625efed66098b8fed9143af3ebb78c8dfac17cd5757fbb09f6e5de89bffa
L1-REG-UP-MATCHED-tmp__phase3c-driver__upstream-matched-zstd-r3__output__riscv32-wch-elf__bin__libzstd_1_dylib-0002	HOST-ZSTD	UPSTREAM-MATCHED	tmp/phase3c-driver/upstream-matched-zstd-r3/output/riscv32-wch-elf/bin/libzstd.1.dylib	de1dd7fed0e19e83c931fb4fbbb709c5f133faeda24aa5ea6cda1e1e3598d6d7	32	584	552	LC_SEGMENT_64[0]	SIGNATURE/UUID/BUILD-METADATA	L1-FEAT-ZSTD	L1-STATIC-ZSTD-BFD	COMPLETE-TILING-UNRESOLVED	L1-macho-regions	ownership=PRIMARY; file_size=670960; region_sha256=3045260feecfe0e8ea6341d8ec004e2eeb4f045144255936cb63bcf33f7a4459
L1-REG-UP-MATCHED-tmp__phase3c-driver__upstream-matched-zstd-r3__output__riscv32-wch-elf__bin__libzstd_1_dylib-0003	HOST-ZSTD	UPSTREAM-MATCHED	tmp/phase3c-driver/upstream-matched-zstd-r3/output/riscv32-wch-elf/bin/libzstd.1.dylib	de1dd7fed0e19e83c931fb4fbbb709c5f133faeda24aa5ea6cda1e1e3598d6d7	584	816	232	LC_SEGMENT_64[1]	SIGNATURE/UUID/BUILD-METADATA	L1-FEAT-ZSTD	L1-STATIC-ZSTD-BFD	COMPLETE-TILING-UNRESOLVED	L1-macho-regions	ownership=PRIMARY; file_size=670960; region_sha256=e7abc6e0be7284be994578849e09c7ec8d1a64379bfa1f02e1292f504cb17e27
L1-REG-UP-MATCHED-tmp__phase3c-driver__upstream-matched-zstd-r3__output__riscv32-wch-elf__bin__libzstd_1_dylib-0004	HOST-ZSTD	UPSTREAM-MATCHED	tmp/phase3c-driver/upstream-matched-zstd-r3/output/riscv32-wch-elf/bin/libzstd.1.dylib	de1dd7fed0e19e83c931fb4fbbb709c5f133faeda24aa5ea6cda1e1e3598d6d7	816	1048	232	LC_SEGMENT_64[2]	SIGNATURE/UUID/BUILD-METADATA	L1-FEAT-ZSTD	L1-STATIC-ZSTD-BFD	COMPLETE-TILING-UNRESOLVED	L1-macho-regions	ownership=PRIMARY; file_size=670960; region_sha256=6a58a4708b401cb11355574d430a7d0a68b65937ffa65541d2e8d2f327485a62
L1-REG-UP-MATCHED-tmp__phase3c-driver__upstream-matched-zstd-r3__output__riscv32-wch-elf__bin__libzstd_1_dylib-0005	HOST-ZSTD	UPSTREAM-MATCHED	tmp/phase3c-driver/upstream-matched-zstd-r3/output/riscv32-wch-elf/bin/libzstd.1.dylib	de1dd7fed0e19e83c931fb4fbbb709c5f133faeda24aa5ea6cda1e1e3598d6d7	1048	1120	72	LC_SEGMENT_64[3]	SIGNATURE/UUID/BUILD-METADATA	L1-FEAT-ZSTD	L1-STATIC-ZSTD-BFD	COMPLETE-TILING-UNRESOLVED	L1-macho-regions	ownership=PRIMARY; file_size=670960; region_sha256=e29149e51d231eccea52e99d0d984df4e5d41cb8831f309f25b5fea076922815
L1-REG-UP-MATCHED-tmp__phase3c-driver__upstream-matched-zstd-r3__output__riscv32-wch-elf__bin__libzstd_1_dylib-0006	HOST-ZSTD	UPSTREAM-MATCHED	tmp/phase3c-driver/upstream-matched-zstd-r3/output/riscv32-wch-elf/bin/libzstd.1.dylib	de1dd7fed0e19e83c931fb4fbbb709c5f133faeda24aa5ea6cda1e1e3598d6d7	1120	1192	72	LC_ID_DYLIB[4]	PACKAGING/DEPENDENCY	L1-FEAT-ZSTD	L1-STATIC-ZSTD-BFD	COMPLETE-TILING-UNRESOLVED	L1-macho-regions	ownership=PRIMARY; file_size=670960; region_sha256=1d19364e7c74d514cba3dc6cdef22faf475e208a26965b10c0fb1932228ed7b4
L1-REG-UP-MATCHED-tmp__phase3c-driver__upstream-matched-zstd-r3__output__riscv32-wch-elf__bin__libzstd_1_dylib-0007	HOST-ZSTD	UPSTREAM-MATCHED	tmp/phase3c-driver/upstream-matched-zstd-r3/output/riscv32-wch-elf/bin/libzstd.1.dylib	de1dd7fed0e19e83c931fb4fbbb709c5f133faeda24aa5ea6cda1e1e3598d6d7	1192	1208	16	LC_DYLD_CHAINED_FIXUPS[5]	SIGNATURE/UUID/BUILD-METADATA	L1-FEAT-ZSTD	L1-STATIC-ZSTD-BFD	COMPLETE-TILING-UNRESOLVED	L1-macho-regions	ownership=PRIMARY; file_size=670960; region_sha256=2f6525cd2963f51805c1985a8e5141e6ceadca7cefd1ab49f2f9d1ad8890b6a4
L1-REG-UP-MATCHED-tmp__phase3c-driver__upstream-matched-zstd-r3__output__riscv32-wch-elf__bin__libzstd_1_dylib-0008	HOST-ZSTD	UPSTREAM-MATCHED	tmp/phase3c-driver/upstream-matched-zstd-r3/output/riscv32-wch-elf/bin/libzstd.1.dylib	de1dd7fed0e19e83c931fb4fbbb709c5f133faeda24aa5ea6cda1e1e3598d6d7	1208	1224	16	LC_DYLD_EXPORTS_TRIE[6]	SIGNATURE/UUID/BUILD-METADATA	L1-FEAT-ZSTD	L1-STATIC-ZSTD-BFD	COMPLETE-TILING-UNRESOLVED	L1-macho-regions	ownership=PRIMARY; file_size=670960; region_sha256=c0a7c8951bbc28a32107d9563a84383dc15ab63864d1d6a64483e6a7b1fedd91
L1-REG-UP-MATCHED-tmp__phase3c-driver__upstream-matched-zstd-r3__output__riscv32-wch-elf__bin__libzstd_1_dylib-0009	HOST-ZSTD	UPSTREAM-MATCHED	tmp/phase3c-driver/upstream-matched-zstd-r3/output/riscv32-wch-elf/bin/libzstd.1.dylib	de1dd7fed0e19e83c931fb4fbbb709c5f133faeda24aa5ea6cda1e1e3598d6d7	1224	1248	24	LC_SYMTAB[7]	SIGNATURE/UUID/BUILD-METADATA	L1-FEAT-ZSTD	L1-STATIC-ZSTD-BFD	COMPLETE-TILING-UNRESOLVED	L1-macho-regions	ownership=PRIMARY; file_size=670960; region_sha256=b2d82fe4248c592cac5af303e9555bf90c97d54d8bd9e1eba0033d3355e101fb
L1-REG-UP-MATCHED-tmp__phase3c-driver__upstream-matched-zstd-r3__output__riscv32-wch-elf__bin__libzstd_1_dylib-0010	HOST-ZSTD	UPSTREAM-MATCHED	tmp/phase3c-driver/upstream-matched-zstd-r3/output/riscv32-wch-elf/bin/libzstd.1.dylib	de1dd7fed0e19e83c931fb4fbbb709c5f133faeda24aa5ea6cda1e1e3598d6d7	1248	1328	80	LC_DYSYMTAB[8]	SIGNATURE/UUID/BUILD-METADATA	L1-FEAT-ZSTD	L1-STATIC-ZSTD-BFD	COMPLETE-TILING-UNRESOLVED	L1-macho-regions	ownership=PRIMARY; file_size=670960; region_sha256=89c538cec9837a590341f0264d760762e5a618fd7af5ed981d3bfa84dd028c4c
L1-REG-UP-MATCHED-tmp__phase3c-driver__upstream-matched-zstd-r3__output__riscv32-wch-elf__bin__libzstd_1_dylib-0011	HOST-ZSTD	UPSTREAM-MATCHED	tmp/phase3c-driver/upstream-matched-zstd-r3/output/riscv32-wch-elf/bin/libzstd.1.dylib	de1dd7fed0e19e83c931fb4fbbb709c5f133faeda24aa5ea6cda1e1e3598d6d7	1328	1352	24	LC_UUID[9]	SIGNATURE/UUID/BUILD-METADATA	L1-FEAT-ZSTD	L1-STATIC-ZSTD-BFD	COMPLETE-TILING-UNRESOLVED	L1-macho-regions	ownership=PRIMARY; file_size=670960; region_sha256=7ef97ebc8c3121e860d859707eeeec5d0ee5d16268e39e623931d634d40263f9
L1-REG-UP-MATCHED-tmp__phase3c-driver__upstream-matched-zstd-r3__output__riscv32-wch-elf__bin__libzstd_1_dylib-0012	HOST-ZSTD	UPSTREAM-MATCHED	tmp/phase3c-driver/upstream-matched-zstd-r3/output/riscv32-wch-elf/bin/libzstd.1.dylib	de1dd7fed0e19e83c931fb4fbbb709c5f133faeda24aa5ea6cda1e1e3598d6d7	1352	1384	32	LC_BUILD_VERSION[10]	SIGNATURE/UUID/BUILD-METADATA	L1-FEAT-ZSTD	L1-STATIC-ZSTD-BFD	COMPLETE-TILING-UNRESOLVED	L1-macho-regions	ownership=PRIMARY; file_size=670960; region_sha256=9f12060debb1c787f03f285d6103f93278a982b751901c20509e282d2f7aeff2
L1-REG-UP-MATCHED-tmp__phase3c-driver__upstream-matched-zstd-r3__output__riscv32-wch-elf__bin__libzstd_1_dylib-0013	HOST-ZSTD	UPSTREAM-MATCHED	tmp/phase3c-driver/upstream-matched-zstd-r3/output/riscv32-wch-elf/bin/libzstd.1.dylib	de1dd7fed0e19e83c931fb4fbbb709c5f133faeda24aa5ea6cda1e1e3598d6d7	1384	1400	16	LC_SOURCE_VERSION[11]	SIGNATURE/UUID/BUILD-METADATA	L1-FEAT-ZSTD	L1-STATIC-ZSTD-BFD	COMPLETE-TILING-UNRESOLVED	L1-macho-regions	ownership=PRIMARY; file_size=670960; region_sha256=01a60f1db7db041298aa3e269ff5ebea951aa6977963e4ab563905da906d2b82
L1-REG-UP-MATCHED-tmp__phase3c-driver__upstream-matched-zstd-r3__output__riscv32-wch-elf__bin__libzstd_1_dylib-0014	HOST-ZSTD	UPSTREAM-MATCHED	tmp/phase3c-driver/upstream-matched-zstd-r3/output/riscv32-wch-elf/bin/libzstd.1.dylib	de1dd7fed0e19e83c931fb4fbbb709c5f133faeda24aa5ea6cda1e1e3598d6d7	1400	1456	56	LC_LOAD_DYLIB[12]	PACKAGING/DEPENDENCY	L1-FEAT-ZSTD	L1-STATIC-ZSTD-BFD	COMPLETE-TILING-UNRESOLVED	L1-macho-regions	ownership=PRIMARY; file_size=670960; region_sha256=ab3a9d430778bcc4642c00fcc78ee2ef987d6812fe804d2bf15ff4fa465eb321
L1-REG-UP-MATCHED-tmp__phase3c-driver__upstream-matched-zstd-r3__output__riscv32-wch-elf__bin__libzstd_1_dylib-0015	HOST-ZSTD	UPSTREAM-MATCHED	tmp/phase3c-driver/upstream-matched-zstd-r3/output/riscv32-wch-elf/bin/libzstd.1.dylib	de1dd7fed0e19e83c931fb4fbbb709c5f133faeda24aa5ea6cda1e1e3598d6d7	1456	1488	32	LC_0x8000001c[13]	SIGNATURE/UUID/BUILD-METADATA	L1-FEAT-ZSTD	L1-STATIC-ZSTD-BFD	COMPLETE-TILING-UNRESOLVED	L1-macho-regions	ownership=PRIMARY; file_size=670960; region_sha256=9ece9a56b8cdbdd8d6b4804f5028b83f7033d30fc0dd9eee821399d1c55d32f1
L1-REG-UP-MATCHED-tmp__phase3c-driver__upstream-matched-zstd-r3__output__riscv32-wch-elf__bin__libzstd_1_dylib-0016	HOST-ZSTD	UPSTREAM-MATCHED	tmp/phase3c-driver/upstream-matched-zstd-r3/output/riscv32-wch-elf/bin/libzstd.1.dylib	de1dd7fed0e19e83c931fb4fbbb709c5f133faeda24aa5ea6cda1e1e3598d6d7	1488	1504	16	LC_FUNCTION_STARTS[14]	SIGNATURE/UUID/BUILD-METADATA	L1-FEAT-ZSTD	L1-STATIC-ZSTD-BFD	COMPLETE-TILING-UNRESOLVED	L1-macho-regions	ownership=PRIMARY; file_size=670960; region_sha256=c4a3c0e05dfd0239cfd335788f9c431bf3fa9ba8322669f54a18bd7284a70c7e
L1-REG-UP-MATCHED-tmp__phase3c-driver__upstream-matched-zstd-r3__output__riscv32-wch-elf__bin__libzstd_1_dylib-0017	HOST-ZSTD	UPSTREAM-MATCHED	tmp/phase3c-driver/upstream-matched-zstd-r3/output/riscv32-wch-elf/bin/libzstd.1.dylib	de1dd7fed0e19e83c931fb4fbbb709c5f133faeda24aa5ea6cda1e1e3598d6d7	1504	1520	16	LC_DATA_IN_CODE[15]	SIGNATURE/UUID/BUILD-METADATA	L1-FEAT-ZSTD	L1-STATIC-ZSTD-BFD	COMPLETE-TILING-UNRESOLVED	L1-macho-regions	ownership=PRIMARY; file_size=670960; region_sha256=9127394f91cf988af18741df65e0590d97140852a9e9d93ec06b3771aa7497da
L1-REG-UP-MATCHED-tmp__phase3c-driver__upstream-matched-zstd-r3__output__riscv32-wch-elf__bin__libzstd_1_dylib-0018	HOST-ZSTD	UPSTREAM-MATCHED	tmp/phase3c-driver/upstream-matched-zstd-r3/output/riscv32-wch-elf/bin/libzstd.1.dylib	de1dd7fed0e19e83c931fb4fbbb709c5f133faeda24aa5ea6cda1e1e3598d6d7	1520	1536	16	LC_CODE_SIGNATURE[16]	SIGNATURE/UUID/BUILD-METADATA	L1-FEAT-ZSTD	L1-STATIC-ZSTD-BFD	COMPLETE-TILING-UNRESOLVED	L1-macho-regions	ownership=PRIMARY; file_size=670960; region_sha256=52df6d573457b50fd896412b0121520caedc3c6fcf67abb19224f8cd90516eb5
L1-REG-UP-MATCHED-tmp__phase3c-driver__upstream-matched-zstd-r3__output__riscv32-wch-elf__bin__libzstd_1_dylib-0019	HOST-ZSTD	UPSTREAM-MATCHED	tmp/phase3c-driver/upstream-matched-zstd-r3/output/riscv32-wch-elf/bin/libzstd.1.dylib	de1dd7fed0e19e83c931fb4fbbb709c5f133faeda24aa5ea6cda1e1e3598d6d7	1536	17096	15560	segment:__TEXT	UNRESOLVED	L1-FEAT-ZSTD	L1-STATIC-ZSTD-BFD	COMPLETE-TILING-UNRESOLVED	L1-macho-regions	ownership=PRIMARY; file_size=670960; region_sha256=11c20659ac7609987a32c8163172a3f8e147173d8a00889c0ab549c64b8ad17b
L1-REG-UP-MATCHED-tmp__phase3c-driver__upstream-matched-zstd-r3__output__riscv32-wch-elf__bin__libzstd_1_dylib-0020	HOST-ZSTD	UPSTREAM-MATCHED	tmp/phase3c-driver/upstream-matched-zstd-r3/output/riscv32-wch-elf/bin/libzstd.1.dylib	de1dd7fed0e19e83c931fb4fbbb709c5f133faeda24aa5ea6cda1e1e3598d6d7	17096	546192	529096	section:__TEXT,__text	FUNCTIONAL-CODE	L1-FEAT-ZSTD	L1-STATIC-ZSTD-BFD	COMPLETE-TILING-UNRESOLVED	L1-macho-regions	ownership=PRIMARY; file_size=670960; region_sha256=9d4480f93e88f5738c1cfb9b6cf5363f317e940a7d567b29b7340096fe10be65
L1-REG-UP-MATCHED-tmp__phase3c-driver__upstream-matched-zstd-r3__output__riscv32-wch-elf__bin__libzstd_1_dylib-0021	HOST-ZSTD	UPSTREAM-MATCHED	tmp/phase3c-driver/upstream-matched-zstd-r3/output/riscv32-wch-elf/bin/libzstd.1.dylib	de1dd7fed0e19e83c931fb4fbbb709c5f133faeda24aa5ea6cda1e1e3598d6d7	546192	546528	336	section:__TEXT,__stubs	UNRESOLVED	L1-FEAT-ZSTD	L1-STATIC-ZSTD-BFD	COMPLETE-TILING-UNRESOLVED	L1-macho-regions	ownership=PRIMARY; file_size=670960; region_sha256=065626feffd16fbbacac4d91ccfc224c530b76e96e20e6d52cef3bfd46fb21e7
L1-REG-UP-MATCHED-tmp__phase3c-driver__upstream-matched-zstd-r3__output__riscv32-wch-elf__bin__libzstd_1_dylib-0022	HOST-ZSTD	UPSTREAM-MATCHED	tmp/phase3c-driver/upstream-matched-zstd-r3/output/riscv32-wch-elf/bin/libzstd.1.dylib	de1dd7fed0e19e83c931fb4fbbb709c5f133faeda24aa5ea6cda1e1e3598d6d7	546528	566904	20376	section:__TEXT,__const	FUNCTIONAL-DATA-TABLE	L1-FEAT-ZSTD	L1-STATIC-ZSTD-BFD	COMPLETE-TILING-UNRESOLVED	L1-macho-regions	ownership=PRIMARY; file_size=670960; region_sha256=b8904e8a619af5d3158db62842d810b06c9b29285875ee90567f98e062b62487
L1-REG-UP-MATCHED-tmp__phase3c-driver__upstream-matched-zstd-r3__output__riscv32-wch-elf__bin__libzstd_1_dylib-0023	HOST-ZSTD	UPSTREAM-MATCHED	tmp/phase3c-driver/upstream-matched-zstd-r3/output/riscv32-wch-elf/bin/libzstd.1.dylib	de1dd7fed0e19e83c931fb4fbbb709c5f133faeda24aa5ea6cda1e1e3598d6d7	566904	571193	4289	section:__TEXT,__cstring	FUNCTIONAL-DATA-TABLE	L1-FEAT-ZSTD	L1-STATIC-ZSTD-BFD	COMPLETE-TILING-UNRESOLVED	L1-macho-regions	ownership=PRIMARY; file_size=670960; region_sha256=564c0be33f7a271c76adb01b55a4c05a536b95a231183cb408267e2472d70814
L1-REG-UP-MATCHED-tmp__phase3c-driver__upstream-matched-zstd-r3__output__riscv32-wch-elf__bin__libzstd_1_dylib-0024	HOST-ZSTD	UPSTREAM-MATCHED	tmp/phase3c-driver/upstream-matched-zstd-r3/output/riscv32-wch-elf/bin/libzstd.1.dylib	de1dd7fed0e19e83c931fb4fbbb709c5f133faeda24aa5ea6cda1e1e3598d6d7	571193	571196	3	segment:__TEXT	UNRESOLVED	L1-FEAT-ZSTD	L1-STATIC-ZSTD-BFD	COMPLETE-TILING-UNRESOLVED	L1-macho-regions	ownership=PRIMARY; file_size=670960; region_sha256=709e80c88487a2411e1ee4dfb9f22a861492d20c4765150c0c794abd70f8147c
L1-REG-UP-MATCHED-tmp__phase3c-driver__upstream-matched-zstd-r3__output__riscv32-wch-elf__bin__libzstd_1_dylib-0025	HOST-ZSTD	UPSTREAM-MATCHED	tmp/phase3c-driver/upstream-matched-zstd-r3/output/riscv32-wch-elf/bin/libzstd.1.dylib	de1dd7fed0e19e83c931fb4fbbb709c5f133faeda24aa5ea6cda1e1e3598d6d7	571196	573356	2160	section:__TEXT,__unwind_info	FUNCTIONAL-DATA-TABLE	L1-FEAT-ZSTD	L1-STATIC-ZSTD-BFD	COMPLETE-TILING-UNRESOLVED	L1-macho-regions	ownership=PRIMARY; file_size=670960; region_sha256=52e33a85c107be93fe9fff3876a8ea99c90b9c5555243e4d1b71b3343f8708c6
L1-REG-UP-MATCHED-tmp__phase3c-driver__upstream-matched-zstd-r3__output__riscv32-wch-elf__bin__libzstd_1_dylib-0026	HOST-ZSTD	UPSTREAM-MATCHED	tmp/phase3c-driver/upstream-matched-zstd-r3/output/riscv32-wch-elf/bin/libzstd.1.dylib	de1dd7fed0e19e83c931fb4fbbb709c5f133faeda24aa5ea6cda1e1e3598d6d7	573356	573360	4	segment:__TEXT	UNRESOLVED	L1-FEAT-ZSTD	L1-STATIC-ZSTD-BFD	COMPLETE-TILING-UNRESOLVED	L1-macho-regions	ownership=PRIMARY; file_size=670960; region_sha256=df3f619804a92fdb4057192dc43dd748ea778adc52bc498ce80524c014b81119
L1-REG-UP-MATCHED-tmp__phase3c-driver__upstream-matched-zstd-r3__output__riscv32-wch-elf__bin__libzstd_1_dylib-0027	HOST-ZSTD	UPSTREAM-MATCHED	tmp/phase3c-driver/upstream-matched-zstd-r3/output/riscv32-wch-elf/bin/libzstd.1.dylib	de1dd7fed0e19e83c931fb4fbbb709c5f133faeda24aa5ea6cda1e1e3598d6d7	573360	573440	80	section:__TEXT,__eh_frame	FUNCTIONAL-DATA-TABLE	L1-FEAT-ZSTD	L1-STATIC-ZSTD-BFD	COMPLETE-TILING-UNRESOLVED	L1-macho-regions	ownership=PRIMARY; file_size=670960; region_sha256=5694140f068bc3bf65fb0ec105519955f8e9dfab3d2ff183e0b9a26bc597404d
L1-REG-UP-MATCHED-tmp__phase3c-driver__upstream-matched-zstd-r3__output__riscv32-wch-elf__bin__libzstd_1_dylib-0028	HOST-ZSTD	UPSTREAM-MATCHED	tmp/phase3c-driver/upstream-matched-zstd-r3/output/riscv32-wch-elf/bin/libzstd.1.dylib	de1dd7fed0e19e83c931fb4fbbb709c5f133faeda24aa5ea6cda1e1e3598d6d7	573440	573688	248	section:__DATA_CONST,__got	FUNCTIONAL-DATA-TABLE	L1-FEAT-ZSTD	L1-STATIC-ZSTD-BFD	COMPLETE-TILING-UNRESOLVED	L1-macho-regions	ownership=PRIMARY; file_size=670960; region_sha256=3ee48f05271dc73717ee1be70eb4524bd4c32bf1fae3599090bf58048916dc49
L1-REG-UP-MATCHED-tmp__phase3c-driver__upstream-matched-zstd-r3__output__riscv32-wch-elf__bin__libzstd_1_dylib-0029	HOST-ZSTD	UPSTREAM-MATCHED	tmp/phase3c-driver/upstream-matched-zstd-r3/output/riscv32-wch-elf/bin/libzstd.1.dylib	de1dd7fed0e19e83c931fb4fbbb709c5f133faeda24aa5ea6cda1e1e3598d6d7	573688	574392	704	section:__DATA_CONST,__const	FUNCTIONAL-DATA-TABLE	L1-FEAT-ZSTD	L1-STATIC-ZSTD-BFD	COMPLETE-TILING-UNRESOLVED	L1-macho-regions	ownership=PRIMARY; file_size=670960; region_sha256=2d25c93086c585044f4232ec7c978be0118497d7a7b450096008bfd92d02e40c
L1-REG-UP-MATCHED-tmp__phase3c-driver__upstream-matched-zstd-r3__output__riscv32-wch-elf__bin__libzstd_1_dylib-0030	HOST-ZSTD	UPSTREAM-MATCHED	tmp/phase3c-driver/upstream-matched-zstd-r3/output/riscv32-wch-elf/bin/libzstd.1.dylib	de1dd7fed0e19e83c931fb4fbbb709c5f133faeda24aa5ea6cda1e1e3598d6d7	574392	589824	15432	segment:__DATA_CONST	UNRESOLVED	L1-FEAT-ZSTD	L1-STATIC-ZSTD-BFD	COMPLETE-TILING-UNRESOLVED	L1-macho-regions	ownership=PRIMARY; file_size=670960; region_sha256=c1c82d917731cf6483046565d8bc19702626b601d5d5a447990f3c896cc47c4d
L1-REG-UP-MATCHED-tmp__phase3c-driver__upstream-matched-zstd-r3__output__riscv32-wch-elf__bin__libzstd_1_dylib-0031	HOST-ZSTD	UPSTREAM-MATCHED	tmp/phase3c-driver/upstream-matched-zstd-r3/output/riscv32-wch-elf/bin/libzstd.1.dylib	de1dd7fed0e19e83c931fb4fbbb709c5f133faeda24aa5ea6cda1e1e3598d6d7	589824	590464	640	LC_DYLD_CHAINED_FIXUPS:payload	LINK-LAYOUT	L1-FEAT-ZSTD	L1-STATIC-ZSTD-BFD	COMPLETE-TILING-UNRESOLVED	L1-macho-regions	ownership=PRIMARY; file_size=670960; region_sha256=2f9bd6a9d6f86662dbb9434b3ad14af0c663ac8054b4151235b846e882fc50a1
L1-REG-UP-MATCHED-tmp__phase3c-driver__upstream-matched-zstd-r3__output__riscv32-wch-elf__bin__libzstd_1_dylib-0032	HOST-ZSTD	UPSTREAM-MATCHED	tmp/phase3c-driver/upstream-matched-zstd-r3/output/riscv32-wch-elf/bin/libzstd.1.dylib	de1dd7fed0e19e83c931fb4fbbb709c5f133faeda24aa5ea6cda1e1e3598d6d7	590464	602920	12456	LC_DYLD_EXPORTS_TRIE:payload	LINK-LAYOUT	L1-FEAT-ZSTD	L1-STATIC-ZSTD-BFD	COMPLETE-TILING-UNRESOLVED	L1-macho-regions	ownership=PRIMARY; file_size=670960; region_sha256=9c1c86038824c2afa8c687d31b1b325fe6de93d567d7ee43abf713163d095f0c
L1-REG-UP-MATCHED-tmp__phase3c-driver__upstream-matched-zstd-r3__output__riscv32-wch-elf__bin__libzstd_1_dylib-0033	HOST-ZSTD	UPSTREAM-MATCHED	tmp/phase3c-driver/upstream-matched-zstd-r3/output/riscv32-wch-elf/bin/libzstd.1.dylib	de1dd7fed0e19e83c931fb4fbbb709c5f133faeda24aa5ea6cda1e1e3598d6d7	602920	604248	1328	LC_FUNCTION_STARTS:payload	STRIP/DEBUG/SYMBOL-LAYOUT	L1-FEAT-ZSTD	L1-STATIC-ZSTD-BFD	COMPLETE-TILING-UNRESOLVED	L1-macho-regions	ownership=PRIMARY; file_size=670960; region_sha256=7e9c0c6a6dab6119110316f2f0bb698e35d33490821cd66b8563d102a5f09e4e
L1-REG-UP-MATCHED-tmp__phase3c-driver__upstream-matched-zstd-r3__output__riscv32-wch-elf__bin__libzstd_1_dylib-0034	HOST-ZSTD	UPSTREAM-MATCHED	tmp/phase3c-driver/upstream-matched-zstd-r3/output/riscv32-wch-elf/bin/libzstd.1.dylib	de1dd7fed0e19e83c931fb4fbbb709c5f133faeda24aa5ea6cda1e1e3598d6d7	604248	620872	16624	LC_SYMTAB:nlist_64	STRIP/DEBUG/SYMBOL-LAYOUT	L1-FEAT-ZSTD	L1-STATIC-ZSTD-BFD	COMPLETE-TILING-UNRESOLVED	L1-macho-regions	ownership=PRIMARY; file_size=670960; region_sha256=7fa3d39f78bfeb0cc40c3c974e92a51d3b2174ba91967417f2cfdb85eb8aa329
L1-REG-UP-MATCHED-tmp__phase3c-driver__upstream-matched-zstd-r3__output__riscv32-wch-elf__bin__libzstd_1_dylib-0035	HOST-ZSTD	UPSTREAM-MATCHED	tmp/phase3c-driver/upstream-matched-zstd-r3/output/riscv32-wch-elf/bin/libzstd.1.dylib	de1dd7fed0e19e83c931fb4fbbb709c5f133faeda24aa5ea6cda1e1e3598d6d7	620872	621112	240	segment:__LINKEDIT	LINK-LAYOUT	L1-FEAT-ZSTD	L1-STATIC-ZSTD-BFD	COMPLETE-TILING-UNRESOLVED	L1-macho-regions	ownership=PRIMARY; file_size=670960; region_sha256=dc2c6b1795f26d576d44e06b6bc95798a01330aeb21b8ae4823dc0ae24aead8e
L1-REG-UP-MATCHED-tmp__phase3c-driver__upstream-matched-zstd-r3__output__riscv32-wch-elf__bin__libzstd_1_dylib-0036	HOST-ZSTD	UPSTREAM-MATCHED	tmp/phase3c-driver/upstream-matched-zstd-r3/output/riscv32-wch-elf/bin/libzstd.1.dylib	de1dd7fed0e19e83c931fb4fbbb709c5f133faeda24aa5ea6cda1e1e3598d6d7	621112	646960	25848	LC_SYMTAB:string_table	STRIP/DEBUG/SYMBOL-LAYOUT	L1-FEAT-ZSTD	L1-STATIC-ZSTD-BFD	COMPLETE-TILING-UNRESOLVED	L1-macho-regions	ownership=PRIMARY; file_size=670960; region_sha256=4af02bb2ef8d7e534b7f24c553592e4e28d049d2aa6da8d40e5bf31018b110c1
L1-REG-UP-MATCHED-tmp__phase3c-driver__upstream-matched-zstd-r3__output__riscv32-wch-elf__bin__libzstd_1_dylib-0037	HOST-ZSTD	UPSTREAM-MATCHED	tmp/phase3c-driver/upstream-matched-zstd-r3/output/riscv32-wch-elf/bin/libzstd.1.dylib	de1dd7fed0e19e83c931fb4fbbb709c5f133faeda24aa5ea6cda1e1e3598d6d7	646960	670960	24000	LC_CODE_SIGNATURE:payload	SIGNATURE/UUID/BUILD-METADATA	L1-FEAT-ZSTD	L1-STATIC-ZSTD-BFD	COMPLETE-TILING-UNRESOLVED	L1-macho-regions	ownership=PRIMARY; file_size=670960; region_sha256=4faa68cfae119731119a62af9145a5e3ae332eaf2bc319c9e80d9be001b761d4
L1-REG-UP-P2-tmp__phase2-evidence__literal-clean__quarantine-toolchain_15_2_0-run1__riscv-gnu-toolchain__output__bin__c++-0001	GCC-DRIVER	UPSTREAM-P2	tmp/phase2-evidence/literal-clean/quarantine-toolchain_15.2.0-run1/riscv-gnu-toolchain/output/bin/riscv32-wch-elf-c++	289153b0353586113fe81fb94fadd0ac5d0e1b587c2adbcab657056c5a1c87f7	0	32	32	mach_header_64	SIGNATURE/UUID/BUILD-METADATA	L1-FEAT-DRIVER	L1-STATIC-XW,L1-STATIC-XDIAG,L1-STATIC-ZSTD-SPEC	COMPLETE-TILING-UNRESOLVED	L1-macho-regions	ownership=PRIMARY; file_size=2192824; region_sha256=08954c9497afe8aea0829ceb1816408e95f9e85573f06eea750fecd84c9d8947
L1-REG-UP-P2-tmp__phase2-evidence__literal-clean__quarantine-toolchain_15_2_0-run1__riscv-gnu-toolchain__output__bin__c++-0002	GCC-DRIVER	UPSTREAM-P2	tmp/phase2-evidence/literal-clean/quarantine-toolchain_15.2.0-run1/riscv-gnu-toolchain/output/bin/riscv32-wch-elf-c++	289153b0353586113fe81fb94fadd0ac5d0e1b587c2adbcab657056c5a1c87f7	32	104	72	LC_SEGMENT_64[0]	SIGNATURE/UUID/BUILD-METADATA	L1-FEAT-DRIVER	L1-STATIC-XW,L1-STATIC-XDIAG,L1-STATIC-ZSTD-SPEC	COMPLETE-TILING-UNRESOLVED	L1-macho-regions	ownership=PRIMARY; file_size=2192824; region_sha256=38432a8fbcbe1ae9fdf9263fe1e4e948de98131833cc5e5333f375dcf5f6333f
L1-REG-UP-P2-tmp__phase2-evidence__literal-clean__quarantine-toolchain_15_2_0-run1__riscv-gnu-toolchain__output__bin__c++-0003	GCC-DRIVER	UPSTREAM-P2	tmp/phase2-evidence/literal-clean/quarantine-toolchain_15.2.0-run1/riscv-gnu-toolchain/output/bin/riscv32-wch-elf-c++	289153b0353586113fe81fb94fadd0ac5d0e1b587c2adbcab657056c5a1c87f7	104	736	632	LC_SEGMENT_64[1]	SIGNATURE/UUID/BUILD-METADATA	L1-FEAT-DRIVER	L1-STATIC-XW,L1-STATIC-XDIAG,L1-STATIC-ZSTD-SPEC	COMPLETE-TILING-UNRESOLVED	L1-macho-regions	ownership=PRIMARY; file_size=2192824; region_sha256=98b200cdde1d206d9892df56886e96c457991bf8f69284a9eb719f3498f7cfdb
L1-REG-UP-P2-tmp__phase2-evidence__literal-clean__quarantine-toolchain_15_2_0-run1__riscv-gnu-toolchain__output__bin__c++-0004	GCC-DRIVER	UPSTREAM-P2	tmp/phase2-evidence/literal-clean/quarantine-toolchain_15.2.0-run1/riscv-gnu-toolchain/output/bin/riscv32-wch-elf-c++	289153b0353586113fe81fb94fadd0ac5d0e1b587c2adbcab657056c5a1c87f7	736	968	232	LC_SEGMENT_64[2]	SIGNATURE/UUID/BUILD-METADATA	L1-FEAT-DRIVER	L1-STATIC-XW,L1-STATIC-XDIAG,L1-STATIC-ZSTD-SPEC	COMPLETE-TILING-UNRESOLVED	L1-macho-regions	ownership=PRIMARY; file_size=2192824; region_sha256=4a69d3305c851f21fc28582666e61107c3ac84704aac69af7c8faca81f9c562b
L1-REG-UP-P2-tmp__phase2-evidence__literal-clean__quarantine-toolchain_15_2_0-run1__riscv-gnu-toolchain__output__bin__c++-0005	GCC-DRIVER	UPSTREAM-P2	tmp/phase2-evidence/literal-clean/quarantine-toolchain_15.2.0-run1/riscv-gnu-toolchain/output/bin/riscv32-wch-elf-c++	289153b0353586113fe81fb94fadd0ac5d0e1b587c2adbcab657056c5a1c87f7	968	1280	312	LC_SEGMENT_64[3]	SIGNATURE/UUID/BUILD-METADATA	L1-FEAT-DRIVER	L1-STATIC-XW,L1-STATIC-XDIAG,L1-STATIC-ZSTD-SPEC	COMPLETE-TILING-UNRESOLVED	L1-macho-regions	ownership=PRIMARY; file_size=2192824; region_sha256=84ac7fae8149e4bb7ed8115342fa74881263b37850225bfefd5abd285efbe4d0
L1-REG-UP-P2-tmp__phase2-evidence__literal-clean__quarantine-toolchain_15_2_0-run1__riscv-gnu-toolchain__output__bin__c++-0006	GCC-DRIVER	UPSTREAM-P2	tmp/phase2-evidence/literal-clean/quarantine-toolchain_15.2.0-run1/riscv-gnu-toolchain/output/bin/riscv32-wch-elf-c++	289153b0353586113fe81fb94fadd0ac5d0e1b587c2adbcab657056c5a1c87f7	1280	1352	72	LC_SEGMENT_64[4]	SIGNATURE/UUID/BUILD-METADATA	L1-FEAT-DRIVER	L1-STATIC-XW,L1-STATIC-XDIAG,L1-STATIC-ZSTD-SPEC	COMPLETE-TILING-UNRESOLVED	L1-macho-regions	ownership=PRIMARY; file_size=2192824; region_sha256=2bf6dad1cc0696920e9f2a872858390fee042dec7eff5d8505f64f64db91deac
L1-REG-UP-P2-tmp__phase2-evidence__literal-clean__quarantine-toolchain_15_2_0-run1__riscv-gnu-toolchain__output__bin__c++-0007	GCC-DRIVER	UPSTREAM-P2	tmp/phase2-evidence/literal-clean/quarantine-toolchain_15.2.0-run1/riscv-gnu-toolchain/output/bin/riscv32-wch-elf-c++	289153b0353586113fe81fb94fadd0ac5d0e1b587c2adbcab657056c5a1c87f7	1352	1368	16	LC_DYLD_CHAINED_FIXUPS[5]	SIGNATURE/UUID/BUILD-METADATA	L1-FEAT-DRIVER	L1-STATIC-XW,L1-STATIC-XDIAG,L1-STATIC-ZSTD-SPEC	COMPLETE-TILING-UNRESOLVED	L1-macho-regions	ownership=PRIMARY; file_size=2192824; region_sha256=0b066c8f9dcb146311b6bb677532d2b3c729c8bf04aa59480dc2e3ecd831cfd9
L1-REG-UP-P2-tmp__phase2-evidence__literal-clean__quarantine-toolchain_15_2_0-run1__riscv-gnu-toolchain__output__bin__c++-0008	GCC-DRIVER	UPSTREAM-P2	tmp/phase2-evidence/literal-clean/quarantine-toolchain_15.2.0-run1/riscv-gnu-toolchain/output/bin/riscv32-wch-elf-c++	289153b0353586113fe81fb94fadd0ac5d0e1b587c2adbcab657056c5a1c87f7	1368	1384	16	LC_DYLD_EXPORTS_TRIE[6]	SIGNATURE/UUID/BUILD-METADATA	L1-FEAT-DRIVER	L1-STATIC-XW,L1-STATIC-XDIAG,L1-STATIC-ZSTD-SPEC	COMPLETE-TILING-UNRESOLVED	L1-macho-regions	ownership=PRIMARY; file_size=2192824; region_sha256=b41f80f40c7873af49d337b93a1c03143a6f49db21c3bd843e94237c920357a3
L1-REG-UP-P2-tmp__phase2-evidence__literal-clean__quarantine-toolchain_15_2_0-run1__riscv-gnu-toolchain__output__bin__c++-0009	GCC-DRIVER	UPSTREAM-P2	tmp/phase2-evidence/literal-clean/quarantine-toolchain_15.2.0-run1/riscv-gnu-toolchain/output/bin/riscv32-wch-elf-c++	289153b0353586113fe81fb94fadd0ac5d0e1b587c2adbcab657056c5a1c87f7	1384	1408	24	LC_SYMTAB[7]	SIGNATURE/UUID/BUILD-METADATA	L1-FEAT-DRIVER	L1-STATIC-XW,L1-STATIC-XDIAG,L1-STATIC-ZSTD-SPEC	COMPLETE-TILING-UNRESOLVED	L1-macho-regions	ownership=PRIMARY; file_size=2192824; region_sha256=2057ded5b6e50f4a926a49b952888e83fbd4e6ff0826ea2e57b696a9bce51a0d
L1-REG-UP-P2-tmp__phase2-evidence__literal-clean__quarantine-toolchain_15_2_0-run1__riscv-gnu-toolchain__output__bin__c++-0010	GCC-DRIVER	UPSTREAM-P2	tmp/phase2-evidence/literal-clean/quarantine-toolchain_15.2.0-run1/riscv-gnu-toolchain/output/bin/riscv32-wch-elf-c++	289153b0353586113fe81fb94fadd0ac5d0e1b587c2adbcab657056c5a1c87f7	1408	1488	80	LC_DYSYMTAB[8]	SIGNATURE/UUID/BUILD-METADATA	L1-FEAT-DRIVER	L1-STATIC-XW,L1-STATIC-XDIAG,L1-STATIC-ZSTD-SPEC	COMPLETE-TILING-UNRESOLVED	L1-macho-regions	ownership=PRIMARY; file_size=2192824; region_sha256=26b3acc2094e0e319945ce5ce739260e77f74fa8ce2c0886acf16fdbb67cd373
L1-REG-UP-P2-tmp__phase2-evidence__literal-clean__quarantine-toolchain_15_2_0-run1__riscv-gnu-toolchain__output__bin__c++-0011	GCC-DRIVER	UPSTREAM-P2	tmp/phase2-evidence/literal-clean/quarantine-toolchain_15.2.0-run1/riscv-gnu-toolchain/output/bin/riscv32-wch-elf-c++	289153b0353586113fe81fb94fadd0ac5d0e1b587c2adbcab657056c5a1c87f7	1488	1520	32	LC_LOAD_DYLINKER[9]	PACKAGING/DEPENDENCY	L1-FEAT-DRIVER	L1-STATIC-XW,L1-STATIC-XDIAG,L1-STATIC-ZSTD-SPEC	COMPLETE-TILING-UNRESOLVED	L1-macho-regions	ownership=PRIMARY; file_size=2192824; region_sha256=44316cf4f366f41aa06996613c44af75e34479362928faf61a168c2a203b5999
L1-REG-UP-P2-tmp__phase2-evidence__literal-clean__quarantine-toolchain_15_2_0-run1__riscv-gnu-toolchain__output__bin__c++-0012	GCC-DRIVER	UPSTREAM-P2	tmp/phase2-evidence/literal-clean/quarantine-toolchain_15.2.0-run1/riscv-gnu-toolchain/output/bin/riscv32-wch-elf-c++	289153b0353586113fe81fb94fadd0ac5d0e1b587c2adbcab657056c5a1c87f7	1520	1544	24	LC_UUID[10]	SIGNATURE/UUID/BUILD-METADATA	L1-FEAT-DRIVER	L1-STATIC-XW,L1-STATIC-XDIAG,L1-STATIC-ZSTD-SPEC	COMPLETE-TILING-UNRESOLVED	L1-macho-regions	ownership=PRIMARY; file_size=2192824; region_sha256=a6aae04e3a21dc2a78476f370db32581b9422637e6fc14dedfa8ac4b8fe2fa30
L1-REG-UP-P2-tmp__phase2-evidence__literal-clean__quarantine-toolchain_15_2_0-run1__riscv-gnu-toolchain__output__bin__c++-0013	GCC-DRIVER	UPSTREAM-P2	tmp/phase2-evidence/literal-clean/quarantine-toolchain_15.2.0-run1/riscv-gnu-toolchain/output/bin/riscv32-wch-elf-c++	289153b0353586113fe81fb94fadd0ac5d0e1b587c2adbcab657056c5a1c87f7	1544	1576	32	LC_BUILD_VERSION[11]	SIGNATURE/UUID/BUILD-METADATA	L1-FEAT-DRIVER	L1-STATIC-XW,L1-STATIC-XDIAG,L1-STATIC-ZSTD-SPEC	COMPLETE-TILING-UNRESOLVED	L1-macho-regions	ownership=PRIMARY; file_size=2192824; region_sha256=06be0acc3151d0cb3a5720312a0ae05bf2376d394c98194de6f77801b59ab2e0
L1-REG-UP-P2-tmp__phase2-evidence__literal-clean__quarantine-toolchain_15_2_0-run1__riscv-gnu-toolchain__output__bin__c++-0014	GCC-DRIVER	UPSTREAM-P2	tmp/phase2-evidence/literal-clean/quarantine-toolchain_15.2.0-run1/riscv-gnu-toolchain/output/bin/riscv32-wch-elf-c++	289153b0353586113fe81fb94fadd0ac5d0e1b587c2adbcab657056c5a1c87f7	1576	1592	16	LC_SOURCE_VERSION[12]	SIGNATURE/UUID/BUILD-METADATA	L1-FEAT-DRIVER	L1-STATIC-XW,L1-STATIC-XDIAG,L1-STATIC-ZSTD-SPEC	COMPLETE-TILING-UNRESOLVED	L1-macho-regions	ownership=PRIMARY; file_size=2192824; region_sha256=01a60f1db7db041298aa3e269ff5ebea951aa6977963e4ab563905da906d2b82
L1-REG-UP-P2-tmp__phase2-evidence__literal-clean__quarantine-toolchain_15_2_0-run1__riscv-gnu-toolchain__output__bin__c++-0015	GCC-DRIVER	UPSTREAM-P2	tmp/phase2-evidence/literal-clean/quarantine-toolchain_15.2.0-run1/riscv-gnu-toolchain/output/bin/riscv32-wch-elf-c++	289153b0353586113fe81fb94fadd0ac5d0e1b587c2adbcab657056c5a1c87f7	1592	1616	24	LC_MAIN[13]	SIGNATURE/UUID/BUILD-METADATA	L1-FEAT-DRIVER	L1-STATIC-XW,L1-STATIC-XDIAG,L1-STATIC-ZSTD-SPEC	COMPLETE-TILING-UNRESOLVED	L1-macho-regions	ownership=PRIMARY; file_size=2192824; region_sha256=dfb2e7c262c93bdbe3471ef2359798698f758e2975ea2362dfbdb82f9dfcd602
L1-REG-UP-P2-tmp__phase2-evidence__literal-clean__quarantine-toolchain_15_2_0-run1__riscv-gnu-toolchain__output__bin__c++-0016	GCC-DRIVER	UPSTREAM-P2	tmp/phase2-evidence/literal-clean/quarantine-toolchain_15.2.0-run1/riscv-gnu-toolchain/output/bin/riscv32-wch-elf-c++	289153b0353586113fe81fb94fadd0ac5d0e1b587c2adbcab657056c5a1c87f7	1616	1672	56	LC_LOAD_DYLIB[14]	PACKAGING/DEPENDENCY	L1-FEAT-DRIVER	L1-STATIC-XW,L1-STATIC-XDIAG,L1-STATIC-ZSTD-SPEC	COMPLETE-TILING-UNRESOLVED	L1-macho-regions	ownership=PRIMARY; file_size=2192824; region_sha256=1a489c8b895a1c5fa426d2f6bdf524fa8d9c8227923ea0a7bb3a194fd92823ea
L1-REG-UP-P2-tmp__phase2-evidence__literal-clean__quarantine-toolchain_15_2_0-run1__riscv-gnu-toolchain__output__bin__c++-0017	GCC-DRIVER	UPSTREAM-P2	tmp/phase2-evidence/literal-clean/quarantine-toolchain_15.2.0-run1/riscv-gnu-toolchain/output/bin/riscv32-wch-elf-c++	289153b0353586113fe81fb94fadd0ac5d0e1b587c2adbcab657056c5a1c87f7	1672	1720	48	LC_LOAD_DYLIB[15]	PACKAGING/DEPENDENCY	L1-FEAT-DRIVER	L1-STATIC-XW,L1-STATIC-XDIAG,L1-STATIC-ZSTD-SPEC	COMPLETE-TILING-UNRESOLVED	L1-macho-regions	ownership=PRIMARY; file_size=2192824; region_sha256=7745a4d4639b8f1de3e38beb445632a5df37fca6950234b1d83a4278c5dd4c0e
L1-REG-UP-P2-tmp__phase2-evidence__literal-clean__quarantine-toolchain_15_2_0-run1__riscv-gnu-toolchain__output__bin__c++-0018	GCC-DRIVER	UPSTREAM-P2	tmp/phase2-evidence/literal-clean/quarantine-toolchain_15.2.0-run1/riscv-gnu-toolchain/output/bin/riscv32-wch-elf-c++	289153b0353586113fe81fb94fadd0ac5d0e1b587c2adbcab657056c5a1c87f7	1720	1776	56	LC_LOAD_DYLIB[16]	PACKAGING/DEPENDENCY	L1-FEAT-DRIVER	L1-STATIC-XW,L1-STATIC-XDIAG,L1-STATIC-ZSTD-SPEC	COMPLETE-TILING-UNRESOLVED	L1-macho-regions	ownership=PRIMARY; file_size=2192824; region_sha256=ffa45af4ce6b7780727be9b2f2f9ca0b35932363e311b247d840ef9da1bdc1f5
L1-REG-UP-P2-tmp__phase2-evidence__literal-clean__quarantine-toolchain_15_2_0-run1__riscv-gnu-toolchain__output__bin__c++-0019	GCC-DRIVER	UPSTREAM-P2	tmp/phase2-evidence/literal-clean/quarantine-toolchain_15.2.0-run1/riscv-gnu-toolchain/output/bin/riscv32-wch-elf-c++	289153b0353586113fe81fb94fadd0ac5d0e1b587c2adbcab657056c5a1c87f7	1776	1792	16	LC_FUNCTION_STARTS[17]	SIGNATURE/UUID/BUILD-METADATA	L1-FEAT-DRIVER	L1-STATIC-XW,L1-STATIC-XDIAG,L1-STATIC-ZSTD-SPEC	COMPLETE-TILING-UNRESOLVED	L1-macho-regions	ownership=PRIMARY; file_size=2192824; region_sha256=2f5fa838acc64aea7cb290d200989688ce44ad356b6b21ebad703c4ef0ddeecf
L1-REG-UP-P2-tmp__phase2-evidence__literal-clean__quarantine-toolchain_15_2_0-run1__riscv-gnu-toolchain__output__bin__c++-0020	GCC-DRIVER	UPSTREAM-P2	tmp/phase2-evidence/literal-clean/quarantine-toolchain_15.2.0-run1/riscv-gnu-toolchain/output/bin/riscv32-wch-elf-c++	289153b0353586113fe81fb94fadd0ac5d0e1b587c2adbcab657056c5a1c87f7	1792	1808	16	LC_DATA_IN_CODE[18]	SIGNATURE/UUID/BUILD-METADATA	L1-FEAT-DRIVER	L1-STATIC-XW,L1-STATIC-XDIAG,L1-STATIC-ZSTD-SPEC	COMPLETE-TILING-UNRESOLVED	L1-macho-regions	ownership=PRIMARY; file_size=2192824; region_sha256=0d48df73e9e9c3c93e35d849055cd0b81e4337106a0b81bd00b04bc866e9a7d1
L1-REG-UP-P2-tmp__phase2-evidence__literal-clean__quarantine-toolchain_15_2_0-run1__riscv-gnu-toolchain__output__bin__c++-0021	GCC-DRIVER	UPSTREAM-P2	tmp/phase2-evidence/literal-clean/quarantine-toolchain_15.2.0-run1/riscv-gnu-toolchain/output/bin/riscv32-wch-elf-c++	289153b0353586113fe81fb94fadd0ac5d0e1b587c2adbcab657056c5a1c87f7	1808	1824	16	LC_CODE_SIGNATURE[19]	SIGNATURE/UUID/BUILD-METADATA	L1-FEAT-DRIVER	L1-STATIC-XW,L1-STATIC-XDIAG,L1-STATIC-ZSTD-SPEC	COMPLETE-TILING-UNRESOLVED	L1-macho-regions	ownership=PRIMARY; file_size=2192824; region_sha256=a373db9f87171a31e6a3d656598adf88da2b87fe3f8cf682300e327251cc4b39
L1-REG-UP-P2-tmp__phase2-evidence__literal-clean__quarantine-toolchain_15_2_0-run1__riscv-gnu-toolchain__output__bin__c++-0022	GCC-DRIVER	UPSTREAM-P2	tmp/phase2-evidence/literal-clean/quarantine-toolchain_15.2.0-run1/riscv-gnu-toolchain/output/bin/riscv32-wch-elf-c++	289153b0353586113fe81fb94fadd0ac5d0e1b587c2adbcab657056c5a1c87f7	1824	1864	40	segment:__TEXT	UNRESOLVED	L1-FEAT-DRIVER	L1-STATIC-XW,L1-STATIC-XDIAG,L1-STATIC-ZSTD-SPEC	COMPLETE-TILING-UNRESOLVED	L1-macho-regions	ownership=PRIMARY; file_size=2192824; region_sha256=2c34ce1df23b838c5abf2a7f6437cca3d3067ed509ff25f11df6b11b582b51eb
L1-REG-UP-P2-tmp__phase2-evidence__literal-clean__quarantine-toolchain_15_2_0-run1__riscv-gnu-toolchain__output__bin__c++-0023	GCC-DRIVER	UPSTREAM-P2	tmp/phase2-evidence/literal-clean/quarantine-toolchain_15.2.0-run1/riscv-gnu-toolchain/output/bin/riscv32-wch-elf-c++	289153b0353586113fe81fb94fadd0ac5d0e1b587c2adbcab657056c5a1c87f7	1864	730936	729072	section:__TEXT,__text	FUNCTIONAL-CODE	L1-FEAT-DRIVER	L1-STATIC-XW,L1-STATIC-XDIAG,L1-STATIC-ZSTD-SPEC	COMPLETE-TILING-UNRESOLVED	L1-macho-regions	ownership=PRIMARY; file_size=2192824; region_sha256=4f487c8ada38bb8bb64f2fbe0f486db24624d0d3edc7f365e510527ce5cf5fbe
L1-REG-UP-P2-tmp__phase2-evidence__literal-clean__quarantine-toolchain_15_2_0-run1__riscv-gnu-toolchain__output__bin__c++-0024	GCC-DRIVER	UPSTREAM-P2	tmp/phase2-evidence/literal-clean/quarantine-toolchain_15.2.0-run1/riscv-gnu-toolchain/output/bin/riscv32-wch-elf-c++	289153b0353586113fe81fb94fadd0ac5d0e1b587c2adbcab657056c5a1c87f7	730936	732748	1812	section:__TEXT,__stubs	UNRESOLVED	L1-FEAT-DRIVER	L1-STATIC-XW,L1-STATIC-XDIAG,L1-STATIC-ZSTD-SPEC	COMPLETE-TILING-UNRESOLVED	L1-macho-regions	ownership=PRIMARY; file_size=2192824; region_sha256=db58e7d8c5570e87dcf4b421a7aa871b77d077d324e4c52f90b7a2194dbd0419
L1-REG-UP-P2-tmp__phase2-evidence__literal-clean__quarantine-toolchain_15_2_0-run1__riscv-gnu-toolchain__output__bin__c++-0025	GCC-DRIVER	UPSTREAM-P2	tmp/phase2-evidence/literal-clean/quarantine-toolchain_15.2.0-run1/riscv-gnu-toolchain/output/bin/riscv32-wch-elf-c++	289153b0353586113fe81fb94fadd0ac5d0e1b587c2adbcab657056c5a1c87f7	732748	732764	16	section:__TEXT,__init_offsets	UNRESOLVED	L1-FEAT-DRIVER	L1-STATIC-XW,L1-STATIC-XDIAG,L1-STATIC-ZSTD-SPEC	COMPLETE-TILING-UNRESOLVED	L1-macho-regions	ownership=PRIMARY; file_size=2192824; region_sha256=93cfc09617c7035ee2fe5e43c8198c97a84c20d01aed5c29f2ba0ebf65e133a8
L1-REG-UP-P2-tmp__phase2-evidence__literal-clean__quarantine-toolchain_15_2_0-run1__riscv-gnu-toolchain__output__bin__c++-0026	GCC-DRIVER	UPSTREAM-P2	tmp/phase2-evidence/literal-clean/quarantine-toolchain_15.2.0-run1/riscv-gnu-toolchain/output/bin/riscv32-wch-elf-c++	289153b0353586113fe81fb94fadd0ac5d0e1b587c2adbcab657056c5a1c87f7	732764	732768	4	segment:__TEXT	UNRESOLVED	L1-FEAT-DRIVER	L1-STATIC-XW,L1-STATIC-XDIAG,L1-STATIC-ZSTD-SPEC	COMPLETE-TILING-UNRESOLVED	L1-macho-regions	ownership=PRIMARY; file_size=2192824; region_sha256=df3f619804a92fdb4057192dc43dd748ea778adc52bc498ce80524c014b81119
L1-REG-UP-P2-tmp__phase2-evidence__literal-clean__quarantine-toolchain_15_2_0-run1__riscv-gnu-toolchain__output__bin__c++-0027	GCC-DRIVER	UPSTREAM-P2	tmp/phase2-evidence/literal-clean/quarantine-toolchain_15.2.0-run1/riscv-gnu-toolchain/output/bin/riscv32-wch-elf-c++	289153b0353586113fe81fb94fadd0ac5d0e1b587c2adbcab657056c5a1c87f7	732768	1084960	352192	section:__TEXT,__const	FUNCTIONAL-DATA-TABLE	L1-FEAT-DRIVER	L1-STATIC-XW,L1-STATIC-XDIAG,L1-STATIC-ZSTD-SPEC	COMPLETE-TILING-UNRESOLVED	L1-macho-regions	ownership=PRIMARY; file_size=2192824; region_sha256=20c502065189c23cf9c61fd40b0200831b921a0003d9dcf3d44acf99a2e3f0dd
L1-REG-UP-P2-tmp__phase2-evidence__literal-clean__quarantine-toolchain_15_2_0-run1__riscv-gnu-toolchain__output__bin__c++-0028	GCC-DRIVER	UPSTREAM-P2	tmp/phase2-evidence/literal-clean/quarantine-toolchain_15.2.0-run1/riscv-gnu-toolchain/output/bin/riscv32-wch-elf-c++	289153b0353586113fe81fb94fadd0ac5d0e1b587c2adbcab657056c5a1c87f7	1084960	1419127	334167	section:__TEXT,__cstring	FUNCTIONAL-DATA-TABLE	L1-FEAT-DRIVER	L1-STATIC-XW,L1-STATIC-XDIAG,L1-STATIC-ZSTD-SPEC	COMPLETE-TILING-UNRESOLVED	L1-macho-regions	ownership=PRIMARY; file_size=2192824; region_sha256=fe5d56caf6560d2119828ee17a45afe071ac4d1a39632e19461ca514dbd5ec41
L1-REG-UP-P2-tmp__phase2-evidence__literal-clean__quarantine-toolchain_15_2_0-run1__riscv-gnu-toolchain__output__bin__c++-0029	GCC-DRIVER	UPSTREAM-P2	tmp/phase2-evidence/literal-clean/quarantine-toolchain_15.2.0-run1/riscv-gnu-toolchain/output/bin/riscv32-wch-elf-c++	289153b0353586113fe81fb94fadd0ac5d0e1b587c2adbcab657056c5a1c87f7	1419127	1419128	1	segment:__TEXT	UNRESOLVED	L1-FEAT-DRIVER	L1-STATIC-XW,L1-STATIC-XDIAG,L1-STATIC-ZSTD-SPEC	COMPLETE-TILING-UNRESOLVED	L1-macho-regions	ownership=PRIMARY; file_size=2192824; region_sha256=6e340b9cffb37a989ca544e6bb780a2c78901d3fb33738768511a30617afa01d
L1-REG-UP-P2-tmp__phase2-evidence__literal-clean__quarantine-toolchain_15_2_0-run1__riscv-gnu-toolchain__output__bin__c++-0030	GCC-DRIVER	UPSTREAM-P2	tmp/phase2-evidence/literal-clean/quarantine-toolchain_15.2.0-run1/riscv-gnu-toolchain/output/bin/riscv32-wch-elf-c++	289153b0353586113fe81fb94fadd0ac5d0e1b587c2adbcab657056c5a1c87f7	1419128	1428304	9176	section:__TEXT,__unwind_info	FUNCTIONAL-DATA-TABLE	L1-FEAT-DRIVER	L1-STATIC-XW,L1-STATIC-XDIAG,L1-STATIC-ZSTD-SPEC	COMPLETE-TILING-UNRESOLVED	L1-macho-regions	ownership=PRIMARY; file_size=2192824; region_sha256=d3ff17028aede3395121d6c2b076eb6aca19647512a59a4897127401f61f0c9d
L1-REG-UP-P2-tmp__phase2-evidence__literal-clean__quarantine-toolchain_15_2_0-run1__riscv-gnu-toolchain__output__bin__c++-0031	GCC-DRIVER	UPSTREAM-P2	tmp/phase2-evidence/literal-clean/quarantine-toolchain_15.2.0-run1/riscv-gnu-toolchain/output/bin/riscv32-wch-elf-c++	289153b0353586113fe81fb94fadd0ac5d0e1b587c2adbcab657056c5a1c87f7	1428304	1488092	59788	section:__TEXT,__eh_frame	FUNCTIONAL-DATA-TABLE	L1-FEAT-DRIVER	L1-STATIC-XW,L1-STATIC-XDIAG,L1-STATIC-ZSTD-SPEC	COMPLETE-TILING-UNRESOLVED	L1-macho-regions	ownership=PRIMARY; file_size=2192824; region_sha256=1a647eb7ae59146345774f72ea3d1938f428906fcf1540420ceb36a2aab5d979
L1-REG-UP-P2-tmp__phase2-evidence__literal-clean__quarantine-toolchain_15_2_0-run1__riscv-gnu-toolchain__output__bin__c++-0032	GCC-DRIVER	UPSTREAM-P2	tmp/phase2-evidence/literal-clean/quarantine-toolchain_15.2.0-run1/riscv-gnu-toolchain/output/bin/riscv32-wch-elf-c++	289153b0353586113fe81fb94fadd0ac5d0e1b587c2adbcab657056c5a1c87f7	1488092	1490944	2852	segment:__TEXT	UNRESOLVED	L1-FEAT-DRIVER	L1-STATIC-XW,L1-STATIC-XDIAG,L1-STATIC-ZSTD-SPEC	COMPLETE-TILING-UNRESOLVED	L1-macho-regions	ownership=PRIMARY; file_size=2192824; region_sha256=269bfc4f4a2e242a3b33b804b10b02a63245a9162ca6f00835011adb55019684
L1-REG-UP-P2-tmp__phase2-evidence__literal-clean__quarantine-toolchain_15_2_0-run1__riscv-gnu-toolchain__output__bin__c++-0033	GCC-DRIVER	UPSTREAM-P2	tmp/phase2-evidence/literal-clean/quarantine-toolchain_15.2.0-run1/riscv-gnu-toolchain/output/bin/riscv32-wch-elf-c++	289153b0353586113fe81fb94fadd0ac5d0e1b587c2adbcab657056c5a1c87f7	1490944	1492384	1440	section:__DATA_CONST,__got	FUNCTIONAL-DATA-TABLE	L1-FEAT-DRIVER	L1-STATIC-XW,L1-STATIC-XDIAG,L1-STATIC-ZSTD-SPEC	COMPLETE-TILING-UNRESOLVED	L1-macho-regions	ownership=PRIMARY; file_size=2192824; region_sha256=ae03c576bd5a6e53357ca6cc25e6223122cace1798e64c329af57e5f269592f8
L1-REG-UP-P2-tmp__phase2-evidence__literal-clean__quarantine-toolchain_15_2_0-run1__riscv-gnu-toolchain__output__bin__c++-0034	GCC-DRIVER	UPSTREAM-P2	tmp/phase2-evidence/literal-clean/quarantine-toolchain_15.2.0-run1/riscv-gnu-toolchain/output/bin/riscv32-wch-elf-c++	289153b0353586113fe81fb94fadd0ac5d0e1b587c2adbcab657056c5a1c87f7	1492384	1745888	253504	section:__DATA_CONST,__const	FUNCTIONAL-DATA-TABLE	L1-FEAT-DRIVER	L1-STATIC-XW,L1-STATIC-XDIAG,L1-STATIC-ZSTD-SPEC	COMPLETE-TILING-UNRESOLVED	L1-macho-regions	ownership=PRIMARY; file_size=2192824; region_sha256=ca40cd5881ea7df6d70a4307cc9318526d88bc96b28e02714fbbba2f659dc220
L1-REG-UP-P2-tmp__phase2-evidence__literal-clean__quarantine-toolchain_15_2_0-run1__riscv-gnu-toolchain__output__bin__c++-0035	GCC-DRIVER	UPSTREAM-P2	tmp/phase2-evidence/literal-clean/quarantine-toolchain_15.2.0-run1/riscv-gnu-toolchain/output/bin/riscv32-wch-elf-c++	289153b0353586113fe81fb94fadd0ac5d0e1b587c2adbcab657056c5a1c87f7	1745888	1753088	7200	segment:__DATA_CONST	UNRESOLVED	L1-FEAT-DRIVER	L1-STATIC-XW,L1-STATIC-XDIAG,L1-STATIC-ZSTD-SPEC	COMPLETE-TILING-UNRESOLVED	L1-macho-regions	ownership=PRIMARY; file_size=2192824; region_sha256=e4331b4b5dff91084b34db4018c5905a016cdf9c0d74d02c0d5af88dabfc6bc6
L1-REG-UP-P2-tmp__phase2-evidence__literal-clean__quarantine-toolchain_15_2_0-run1__riscv-gnu-toolchain__output__bin__c++-0036	GCC-DRIVER	UPSTREAM-P2	tmp/phase2-evidence/literal-clean/quarantine-toolchain_15.2.0-run1/riscv-gnu-toolchain/output/bin/riscv32-wch-elf-c++	289153b0353586113fe81fb94fadd0ac5d0e1b587c2adbcab657056c5a1c87f7	1753088	1755856	2768	section:__DATA,__data	FUNCTIONAL-DATA-TABLE	L1-FEAT-DRIVER	L1-STATIC-XW,L1-STATIC-XDIAG,L1-STATIC-ZSTD-SPEC	COMPLETE-TILING-UNRESOLVED	L1-macho-regions	ownership=PRIMARY; file_size=2192824; region_sha256=9e1817a8538d9925e321ad57d321c8fb5a56404eadbdda6147fe35417fa1b488
L1-REG-UP-P2-tmp__phase2-evidence__literal-clean__quarantine-toolchain_15_2_0-run1__riscv-gnu-toolchain__output__bin__c++-0037	GCC-DRIVER	UPSTREAM-P2	tmp/phase2-evidence/literal-clean/quarantine-toolchain_15.2.0-run1/riscv-gnu-toolchain/output/bin/riscv32-wch-elf-c++	289153b0353586113fe81fb94fadd0ac5d0e1b587c2adbcab657056c5a1c87f7	1755856	1769472	13616	segment:__DATA	UNRESOLVED	L1-FEAT-DRIVER	L1-STATIC-XW,L1-STATIC-XDIAG,L1-STATIC-ZSTD-SPEC	COMPLETE-TILING-UNRESOLVED	L1-macho-regions	ownership=PRIMARY; file_size=2192824; region_sha256=df2a49e8ad39fc1deabf72892bd8580ae9bcb3fc839ba79f3e9fe15cb2a3d6fc
L1-REG-UP-P2-tmp__phase2-evidence__literal-clean__quarantine-toolchain_15_2_0-run1__riscv-gnu-toolchain__output__bin__c++-0038	GCC-DRIVER	UPSTREAM-P2	tmp/phase2-evidence/literal-clean/quarantine-toolchain_15.2.0-run1/riscv-gnu-toolchain/output/bin/riscv32-wch-elf-c++	289153b0353586113fe81fb94fadd0ac5d0e1b587c2adbcab657056c5a1c87f7	1769472	1774792	5320	LC_DYLD_CHAINED_FIXUPS:payload	LINK-LAYOUT	L1-FEAT-DRIVER	L1-STATIC-XW,L1-STATIC-XDIAG,L1-STATIC-ZSTD-SPEC	COMPLETE-TILING-UNRESOLVED	L1-macho-regions	ownership=PRIMARY; file_size=2192824; region_sha256=8ef7ad9bc4b8f1f7c3a175594f6d6f64712ad81b9b20f5bd1eb3723ae916ed4f
L1-REG-UP-P2-tmp__phase2-evidence__literal-clean__quarantine-toolchain_15_2_0-run1__riscv-gnu-toolchain__output__bin__c++-0039	GCC-DRIVER	UPSTREAM-P2	tmp/phase2-evidence/literal-clean/quarantine-toolchain_15.2.0-run1/riscv-gnu-toolchain/output/bin/riscv32-wch-elf-c++	289153b0353586113fe81fb94fadd0ac5d0e1b587c2adbcab657056c5a1c87f7	1774792	1836016	61224	LC_DYLD_EXPORTS_TRIE:payload	LINK-LAYOUT	L1-FEAT-DRIVER	L1-STATIC-XW,L1-STATIC-XDIAG,L1-STATIC-ZSTD-SPEC	COMPLETE-TILING-UNRESOLVED	L1-macho-regions	ownership=PRIMARY; file_size=2192824; region_sha256=52c8ef287d57a72f24117924d0ce85089e21dc5f035878fe7cc49fb240047fde
L1-REG-UP-P2-tmp__phase2-evidence__literal-clean__quarantine-toolchain_15_2_0-run1__riscv-gnu-toolchain__output__bin__c++-0040	GCC-DRIVER	UPSTREAM-P2	tmp/phase2-evidence/literal-clean/quarantine-toolchain_15.2.0-run1/riscv-gnu-toolchain/output/bin/riscv32-wch-elf-c++	289153b0353586113fe81fb94fadd0ac5d0e1b587c2adbcab657056c5a1c87f7	1836016	1839248	3232	LC_FUNCTION_STARTS:payload	STRIP/DEBUG/SYMBOL-LAYOUT	L1-FEAT-DRIVER	L1-STATIC-XW,L1-STATIC-XDIAG,L1-STATIC-ZSTD-SPEC	COMPLETE-TILING-UNRESOLVED	L1-macho-regions	ownership=PRIMARY; file_size=2192824; region_sha256=4c7061056a42c0f4b00a164a950fd1fc9fc78e235edf15dfa4b60caa3b54b9aa
L1-REG-UP-P2-tmp__phase2-evidence__literal-clean__quarantine-toolchain_15_2_0-run1__riscv-gnu-toolchain__output__bin__c++-0041	GCC-DRIVER	UPSTREAM-P2	tmp/phase2-evidence/literal-clean/quarantine-toolchain_15.2.0-run1/riscv-gnu-toolchain/output/bin/riscv32-wch-elf-c++	289153b0353586113fe81fb94fadd0ac5d0e1b587c2adbcab657056c5a1c87f7	1839248	2035632	196384	LC_SYMTAB:nlist_64	STRIP/DEBUG/SYMBOL-LAYOUT	L1-FEAT-DRIVER	L1-STATIC-XW,L1-STATIC-XDIAG,L1-STATIC-ZSTD-SPEC	COMPLETE-TILING-UNRESOLVED	L1-macho-regions	ownership=PRIMARY; file_size=2192824; region_sha256=a036fb712c96da9aabc0f79e4517e48d4573047219d69d031b8acd0bc9af7551
L1-REG-UP-P2-tmp__phase2-evidence__literal-clean__quarantine-toolchain_15_2_0-run1__riscv-gnu-toolchain__output__bin__c++-0042	GCC-DRIVER	UPSTREAM-P2	tmp/phase2-evidence/literal-clean/quarantine-toolchain_15.2.0-run1/riscv-gnu-toolchain/output/bin/riscv32-wch-elf-c++	289153b0353586113fe81fb94fadd0ac5d0e1b587c2adbcab657056c5a1c87f7	2035632	2036960	1328	segment:__LINKEDIT	LINK-LAYOUT	L1-FEAT-DRIVER	L1-STATIC-XW,L1-STATIC-XDIAG,L1-STATIC-ZSTD-SPEC	COMPLETE-TILING-UNRESOLVED	L1-macho-regions	ownership=PRIMARY; file_size=2192824; region_sha256=9863f84974e0e5452e27eac9366ddfa025b470dc5356a55c568a726e0333431d
L1-REG-UP-P2-tmp__phase2-evidence__literal-clean__quarantine-toolchain_15_2_0-run1__riscv-gnu-toolchain__output__bin__c++-0043	GCC-DRIVER	UPSTREAM-P2	tmp/phase2-evidence/literal-clean/quarantine-toolchain_15.2.0-run1/riscv-gnu-toolchain/output/bin/riscv32-wch-elf-c++	289153b0353586113fe81fb94fadd0ac5d0e1b587c2adbcab657056c5a1c87f7	2036960	2175672	138712	LC_SYMTAB:string_table	STRIP/DEBUG/SYMBOL-LAYOUT	L1-FEAT-DRIVER	L1-STATIC-XW,L1-STATIC-XDIAG,L1-STATIC-ZSTD-SPEC	COMPLETE-TILING-UNRESOLVED	L1-macho-regions	ownership=PRIMARY; file_size=2192824; region_sha256=45b1826bd3fe30cb0a421ae9664494ba4c24ea130f4f9ed6d9c65816470a939a
L1-REG-UP-P2-tmp__phase2-evidence__literal-clean__quarantine-toolchain_15_2_0-run1__riscv-gnu-toolchain__output__bin__c++-0044	GCC-DRIVER	UPSTREAM-P2	tmp/phase2-evidence/literal-clean/quarantine-toolchain_15.2.0-run1/riscv-gnu-toolchain/output/bin/riscv32-wch-elf-c++	289153b0353586113fe81fb94fadd0ac5d0e1b587c2adbcab657056c5a1c87f7	2175672	2175680	8	segment:__LINKEDIT	LINK-LAYOUT	L1-FEAT-DRIVER	L1-STATIC-XW,L1-STATIC-XDIAG,L1-STATIC-ZSTD-SPEC	COMPLETE-TILING-UNRESOLVED	L1-macho-regions	ownership=PRIMARY; file_size=2192824; region_sha256=af5570f5a1810b7af78caf4bc70a660f0df51e42baf91d4de5b2328de0e83dfc
L1-REG-UP-P2-tmp__phase2-evidence__literal-clean__quarantine-toolchain_15_2_0-run1__riscv-gnu-toolchain__output__bin__c++-0045	GCC-DRIVER	UPSTREAM-P2	tmp/phase2-evidence/literal-clean/quarantine-toolchain_15.2.0-run1/riscv-gnu-toolchain/output/bin/riscv32-wch-elf-c++	289153b0353586113fe81fb94fadd0ac5d0e1b587c2adbcab657056c5a1c87f7	2175680	2192824	17144	LC_CODE_SIGNATURE:payload	SIGNATURE/UUID/BUILD-METADATA	L1-FEAT-DRIVER	L1-STATIC-XW,L1-STATIC-XDIAG,L1-STATIC-ZSTD-SPEC	COMPLETE-TILING-UNRESOLVED	L1-macho-regions	ownership=PRIMARY; file_size=2192824; region_sha256=72a1115385758fe4fd04a5c775c277a490260abf183e05d1eca4906c8293a164
L1-REG-UP-P2-tmp__phase2-evidence__literal-clean__quarantine-toolchain_15_2_0-run1__riscv-gnu-toolchain__output__bin__cpp-0001	GCC-DRIVER	UPSTREAM-P2	tmp/phase2-evidence/literal-clean/quarantine-toolchain_15.2.0-run1/riscv-gnu-toolchain/output/bin/riscv32-wch-elf-cpp	ab04ad91a1f1e2bec134f10a4290a355845ec2d4edf8e9f723c637666d337dbf	0	32	32	mach_header_64	SIGNATURE/UUID/BUILD-METADATA	L1-FEAT-DRIVER	L1-STATIC-XW,L1-STATIC-XDIAG,L1-STATIC-ZSTD-SPEC	COMPLETE-TILING-UNRESOLVED	L1-macho-regions	ownership=PRIMARY; file_size=2192832; region_sha256=08954c9497afe8aea0829ceb1816408e95f9e85573f06eea750fecd84c9d8947
L1-REG-UP-P2-tmp__phase2-evidence__literal-clean__quarantine-toolchain_15_2_0-run1__riscv-gnu-toolchain__output__bin__cpp-0002	GCC-DRIVER	UPSTREAM-P2	tmp/phase2-evidence/literal-clean/quarantine-toolchain_15.2.0-run1/riscv-gnu-toolchain/output/bin/riscv32-wch-elf-cpp	ab04ad91a1f1e2bec134f10a4290a355845ec2d4edf8e9f723c637666d337dbf	32	104	72	LC_SEGMENT_64[0]	SIGNATURE/UUID/BUILD-METADATA	L1-FEAT-DRIVER	L1-STATIC-XW,L1-STATIC-XDIAG,L1-STATIC-ZSTD-SPEC	COMPLETE-TILING-UNRESOLVED	L1-macho-regions	ownership=PRIMARY; file_size=2192832; region_sha256=38432a8fbcbe1ae9fdf9263fe1e4e948de98131833cc5e5333f375dcf5f6333f
L1-REG-UP-P2-tmp__phase2-evidence__literal-clean__quarantine-toolchain_15_2_0-run1__riscv-gnu-toolchain__output__bin__cpp-0003	GCC-DRIVER	UPSTREAM-P2	tmp/phase2-evidence/literal-clean/quarantine-toolchain_15.2.0-run1/riscv-gnu-toolchain/output/bin/riscv32-wch-elf-cpp	ab04ad91a1f1e2bec134f10a4290a355845ec2d4edf8e9f723c637666d337dbf	104	736	632	LC_SEGMENT_64[1]	SIGNATURE/UUID/BUILD-METADATA	L1-FEAT-DRIVER	L1-STATIC-XW,L1-STATIC-XDIAG,L1-STATIC-ZSTD-SPEC	COMPLETE-TILING-UNRESOLVED	L1-macho-regions	ownership=PRIMARY; file_size=2192832; region_sha256=a63b52ccfc3372dc4cfc370e1fc0e46e44e86c45d85ac5435468a48bdea93cbc
L1-REG-UP-P2-tmp__phase2-evidence__literal-clean__quarantine-toolchain_15_2_0-run1__riscv-gnu-toolchain__output__bin__cpp-0004	GCC-DRIVER	UPSTREAM-P2	tmp/phase2-evidence/literal-clean/quarantine-toolchain_15.2.0-run1/riscv-gnu-toolchain/output/bin/riscv32-wch-elf-cpp	ab04ad91a1f1e2bec134f10a4290a355845ec2d4edf8e9f723c637666d337dbf	736	968	232	LC_SEGMENT_64[2]	SIGNATURE/UUID/BUILD-METADATA	L1-FEAT-DRIVER	L1-STATIC-XW,L1-STATIC-XDIAG,L1-STATIC-ZSTD-SPEC	COMPLETE-TILING-UNRESOLVED	L1-macho-regions	ownership=PRIMARY; file_size=2192832; region_sha256=4a69d3305c851f21fc28582666e61107c3ac84704aac69af7c8faca81f9c562b
L1-REG-UP-P2-tmp__phase2-evidence__literal-clean__quarantine-toolchain_15_2_0-run1__riscv-gnu-toolchain__output__bin__cpp-0005	GCC-DRIVER	UPSTREAM-P2	tmp/phase2-evidence/literal-clean/quarantine-toolchain_15.2.0-run1/riscv-gnu-toolchain/output/bin/riscv32-wch-elf-cpp	ab04ad91a1f1e2bec134f10a4290a355845ec2d4edf8e9f723c637666d337dbf	968	1280	312	LC_SEGMENT_64[3]	SIGNATURE/UUID/BUILD-METADATA	L1-FEAT-DRIVER	L1-STATIC-XW,L1-STATIC-XDIAG,L1-STATIC-ZSTD-SPEC	COMPLETE-TILING-UNRESOLVED	L1-macho-regions	ownership=PRIMARY; file_size=2192832; region_sha256=84ac7fae8149e4bb7ed8115342fa74881263b37850225bfefd5abd285efbe4d0
L1-REG-UP-P2-tmp__phase2-evidence__literal-clean__quarantine-toolchain_15_2_0-run1__riscv-gnu-toolchain__output__bin__cpp-0006	GCC-DRIVER	UPSTREAM-P2	tmp/phase2-evidence/literal-clean/quarantine-toolchain_15.2.0-run1/riscv-gnu-toolchain/output/bin/riscv32-wch-elf-cpp	ab04ad91a1f1e2bec134f10a4290a355845ec2d4edf8e9f723c637666d337dbf	1280	1352	72	LC_SEGMENT_64[4]	SIGNATURE/UUID/BUILD-METADATA	L1-FEAT-DRIVER	L1-STATIC-XW,L1-STATIC-XDIAG,L1-STATIC-ZSTD-SPEC	COMPLETE-TILING-UNRESOLVED	L1-macho-regions	ownership=PRIMARY; file_size=2192832; region_sha256=d8f96c4bd3146f1488527225dad3def9f32b648f13ebbdf1a0c32fd896432841
L1-REG-UP-P2-tmp__phase2-evidence__literal-clean__quarantine-toolchain_15_2_0-run1__riscv-gnu-toolchain__output__bin__cpp-0007	GCC-DRIVER	UPSTREAM-P2	tmp/phase2-evidence/literal-clean/quarantine-toolchain_15.2.0-run1/riscv-gnu-toolchain/output/bin/riscv32-wch-elf-cpp	ab04ad91a1f1e2bec134f10a4290a355845ec2d4edf8e9f723c637666d337dbf	1352	1368	16	LC_DYLD_CHAINED_FIXUPS[5]	SIGNATURE/UUID/BUILD-METADATA	L1-FEAT-DRIVER	L1-STATIC-XW,L1-STATIC-XDIAG,L1-STATIC-ZSTD-SPEC	COMPLETE-TILING-UNRESOLVED	L1-macho-regions	ownership=PRIMARY; file_size=2192832; region_sha256=0b066c8f9dcb146311b6bb677532d2b3c729c8bf04aa59480dc2e3ecd831cfd9
L1-REG-UP-P2-tmp__phase2-evidence__literal-clean__quarantine-toolchain_15_2_0-run1__riscv-gnu-toolchain__output__bin__cpp-0008	GCC-DRIVER	UPSTREAM-P2	tmp/phase2-evidence/literal-clean/quarantine-toolchain_15.2.0-run1/riscv-gnu-toolchain/output/bin/riscv32-wch-elf-cpp	ab04ad91a1f1e2bec134f10a4290a355845ec2d4edf8e9f723c637666d337dbf	1368	1384	16	LC_DYLD_EXPORTS_TRIE[6]	SIGNATURE/UUID/BUILD-METADATA	L1-FEAT-DRIVER	L1-STATIC-XW,L1-STATIC-XDIAG,L1-STATIC-ZSTD-SPEC	COMPLETE-TILING-UNRESOLVED	L1-macho-regions	ownership=PRIMARY; file_size=2192832; region_sha256=b41f80f40c7873af49d337b93a1c03143a6f49db21c3bd843e94237c920357a3
L1-REG-UP-P2-tmp__phase2-evidence__literal-clean__quarantine-toolchain_15_2_0-run1__riscv-gnu-toolchain__output__bin__cpp-0009	GCC-DRIVER	UPSTREAM-P2	tmp/phase2-evidence/literal-clean/quarantine-toolchain_15.2.0-run1/riscv-gnu-toolchain/output/bin/riscv32-wch-elf-cpp	ab04ad91a1f1e2bec134f10a4290a355845ec2d4edf8e9f723c637666d337dbf	1384	1408	24	LC_SYMTAB[7]	SIGNATURE/UUID/BUILD-METADATA	L1-FEAT-DRIVER	L1-STATIC-XW,L1-STATIC-XDIAG,L1-STATIC-ZSTD-SPEC	COMPLETE-TILING-UNRESOLVED	L1-macho-regions	ownership=PRIMARY; file_size=2192832; region_sha256=88414f0e09adf9185d3a65611263a3aa735c1535e129ea7120ee1df9141e8640
L1-REG-UP-P2-tmp__phase2-evidence__literal-clean__quarantine-toolchain_15_2_0-run1__riscv-gnu-toolchain__output__bin__cpp-0010	GCC-DRIVER	UPSTREAM-P2	tmp/phase2-evidence/literal-clean/quarantine-toolchain_15.2.0-run1/riscv-gnu-toolchain/output/bin/riscv32-wch-elf-cpp	ab04ad91a1f1e2bec134f10a4290a355845ec2d4edf8e9f723c637666d337dbf	1408	1488	80	LC_DYSYMTAB[8]	SIGNATURE/UUID/BUILD-METADATA	L1-FEAT-DRIVER	L1-STATIC-XW,L1-STATIC-XDIAG,L1-STATIC-ZSTD-SPEC	COMPLETE-TILING-UNRESOLVED	L1-macho-regions	ownership=PRIMARY; file_size=2192832; region_sha256=26b3acc2094e0e319945ce5ce739260e77f74fa8ce2c0886acf16fdbb67cd373
L1-REG-UP-P2-tmp__phase2-evidence__literal-clean__quarantine-toolchain_15_2_0-run1__riscv-gnu-toolchain__output__bin__cpp-0011	GCC-DRIVER	UPSTREAM-P2	tmp/phase2-evidence/literal-clean/quarantine-toolchain_15.2.0-run1/riscv-gnu-toolchain/output/bin/riscv32-wch-elf-cpp	ab04ad91a1f1e2bec134f10a4290a355845ec2d4edf8e9f723c637666d337dbf	1488	1520	32	LC_LOAD_DYLINKER[9]	PACKAGING/DEPENDENCY	L1-FEAT-DRIVER	L1-STATIC-XW,L1-STATIC-XDIAG,L1-STATIC-ZSTD-SPEC	COMPLETE-TILING-UNRESOLVED	L1-macho-regions	ownership=PRIMARY; file_size=2192832; region_sha256=44316cf4f366f41aa06996613c44af75e34479362928faf61a168c2a203b5999
L1-REG-UP-P2-tmp__phase2-evidence__literal-clean__quarantine-toolchain_15_2_0-run1__riscv-gnu-toolchain__output__bin__cpp-0012	GCC-DRIVER	UPSTREAM-P2	tmp/phase2-evidence/literal-clean/quarantine-toolchain_15.2.0-run1/riscv-gnu-toolchain/output/bin/riscv32-wch-elf-cpp	ab04ad91a1f1e2bec134f10a4290a355845ec2d4edf8e9f723c637666d337dbf	1520	1544	24	LC_UUID[10]	SIGNATURE/UUID/BUILD-METADATA	L1-FEAT-DRIVER	L1-STATIC-XW,L1-STATIC-XDIAG,L1-STATIC-ZSTD-SPEC	COMPLETE-TILING-UNRESOLVED	L1-macho-regions	ownership=PRIMARY; file_size=2192832; region_sha256=b85aa8963eb0ab35e768bfea257e2d5588b19929dc97b6aabf12fdc21be8a21c
L1-REG-UP-P2-tmp__phase2-evidence__literal-clean__quarantine-toolchain_15_2_0-run1__riscv-gnu-toolchain__output__bin__cpp-0013	GCC-DRIVER	UPSTREAM-P2	tmp/phase2-evidence/literal-clean/quarantine-toolchain_15.2.0-run1/riscv-gnu-toolchain/output/bin/riscv32-wch-elf-cpp	ab04ad91a1f1e2bec134f10a4290a355845ec2d4edf8e9f723c637666d337dbf	1544	1576	32	LC_BUILD_VERSION[11]	SIGNATURE/UUID/BUILD-METADATA	L1-FEAT-DRIVER	L1-STATIC-XW,L1-STATIC-XDIAG,L1-STATIC-ZSTD-SPEC	COMPLETE-TILING-UNRESOLVED	L1-macho-regions	ownership=PRIMARY; file_size=2192832; region_sha256=06be0acc3151d0cb3a5720312a0ae05bf2376d394c98194de6f77801b59ab2e0
L1-REG-UP-P2-tmp__phase2-evidence__literal-clean__quarantine-toolchain_15_2_0-run1__riscv-gnu-toolchain__output__bin__cpp-0014	GCC-DRIVER	UPSTREAM-P2	tmp/phase2-evidence/literal-clean/quarantine-toolchain_15.2.0-run1/riscv-gnu-toolchain/output/bin/riscv32-wch-elf-cpp	ab04ad91a1f1e2bec134f10a4290a355845ec2d4edf8e9f723c637666d337dbf	1576	1592	16	LC_SOURCE_VERSION[12]	SIGNATURE/UUID/BUILD-METADATA	L1-FEAT-DRIVER	L1-STATIC-XW,L1-STATIC-XDIAG,L1-STATIC-ZSTD-SPEC	COMPLETE-TILING-UNRESOLVED	L1-macho-regions	ownership=PRIMARY; file_size=2192832; region_sha256=01a60f1db7db041298aa3e269ff5ebea951aa6977963e4ab563905da906d2b82
L1-REG-UP-P2-tmp__phase2-evidence__literal-clean__quarantine-toolchain_15_2_0-run1__riscv-gnu-toolchain__output__bin__cpp-0015	GCC-DRIVER	UPSTREAM-P2	tmp/phase2-evidence/literal-clean/quarantine-toolchain_15.2.0-run1/riscv-gnu-toolchain/output/bin/riscv32-wch-elf-cpp	ab04ad91a1f1e2bec134f10a4290a355845ec2d4edf8e9f723c637666d337dbf	1592	1616	24	LC_MAIN[13]	SIGNATURE/UUID/BUILD-METADATA	L1-FEAT-DRIVER	L1-STATIC-XW,L1-STATIC-XDIAG,L1-STATIC-ZSTD-SPEC	COMPLETE-TILING-UNRESOLVED	L1-macho-regions	ownership=PRIMARY; file_size=2192832; region_sha256=dfb2e7c262c93bdbe3471ef2359798698f758e2975ea2362dfbdb82f9dfcd602
L1-REG-UP-P2-tmp__phase2-evidence__literal-clean__quarantine-toolchain_15_2_0-run1__riscv-gnu-toolchain__output__bin__cpp-0016	GCC-DRIVER	UPSTREAM-P2	tmp/phase2-evidence/literal-clean/quarantine-toolchain_15.2.0-run1/riscv-gnu-toolchain/output/bin/riscv32-wch-elf-cpp	ab04ad91a1f1e2bec134f10a4290a355845ec2d4edf8e9f723c637666d337dbf	1616	1672	56	LC_LOAD_DYLIB[14]	PACKAGING/DEPENDENCY	L1-FEAT-DRIVER	L1-STATIC-XW,L1-STATIC-XDIAG,L1-STATIC-ZSTD-SPEC	COMPLETE-TILING-UNRESOLVED	L1-macho-regions	ownership=PRIMARY; file_size=2192832; region_sha256=1a489c8b895a1c5fa426d2f6bdf524fa8d9c8227923ea0a7bb3a194fd92823ea
L1-REG-UP-P2-tmp__phase2-evidence__literal-clean__quarantine-toolchain_15_2_0-run1__riscv-gnu-toolchain__output__bin__cpp-0017	GCC-DRIVER	UPSTREAM-P2	tmp/phase2-evidence/literal-clean/quarantine-toolchain_15.2.0-run1/riscv-gnu-toolchain/output/bin/riscv32-wch-elf-cpp	ab04ad91a1f1e2bec134f10a4290a355845ec2d4edf8e9f723c637666d337dbf	1672	1720	48	LC_LOAD_DYLIB[15]	PACKAGING/DEPENDENCY	L1-FEAT-DRIVER	L1-STATIC-XW,L1-STATIC-XDIAG,L1-STATIC-ZSTD-SPEC	COMPLETE-TILING-UNRESOLVED	L1-macho-regions	ownership=PRIMARY; file_size=2192832; region_sha256=7745a4d4639b8f1de3e38beb445632a5df37fca6950234b1d83a4278c5dd4c0e
L1-REG-UP-P2-tmp__phase2-evidence__literal-clean__quarantine-toolchain_15_2_0-run1__riscv-gnu-toolchain__output__bin__cpp-0018	GCC-DRIVER	UPSTREAM-P2	tmp/phase2-evidence/literal-clean/quarantine-toolchain_15.2.0-run1/riscv-gnu-toolchain/output/bin/riscv32-wch-elf-cpp	ab04ad91a1f1e2bec134f10a4290a355845ec2d4edf8e9f723c637666d337dbf	1720	1776	56	LC_LOAD_DYLIB[16]	PACKAGING/DEPENDENCY	L1-FEAT-DRIVER	L1-STATIC-XW,L1-STATIC-XDIAG,L1-STATIC-ZSTD-SPEC	COMPLETE-TILING-UNRESOLVED	L1-macho-regions	ownership=PRIMARY; file_size=2192832; region_sha256=ffa45af4ce6b7780727be9b2f2f9ca0b35932363e311b247d840ef9da1bdc1f5
L1-REG-UP-P2-tmp__phase2-evidence__literal-clean__quarantine-toolchain_15_2_0-run1__riscv-gnu-toolchain__output__bin__cpp-0019	GCC-DRIVER	UPSTREAM-P2	tmp/phase2-evidence/literal-clean/quarantine-toolchain_15.2.0-run1/riscv-gnu-toolchain/output/bin/riscv32-wch-elf-cpp	ab04ad91a1f1e2bec134f10a4290a355845ec2d4edf8e9f723c637666d337dbf	1776	1792	16	LC_FUNCTION_STARTS[17]	SIGNATURE/UUID/BUILD-METADATA	L1-FEAT-DRIVER	L1-STATIC-XW,L1-STATIC-XDIAG,L1-STATIC-ZSTD-SPEC	COMPLETE-TILING-UNRESOLVED	L1-macho-regions	ownership=PRIMARY; file_size=2192832; region_sha256=2f5fa838acc64aea7cb290d200989688ce44ad356b6b21ebad703c4ef0ddeecf
L1-REG-UP-P2-tmp__phase2-evidence__literal-clean__quarantine-toolchain_15_2_0-run1__riscv-gnu-toolchain__output__bin__cpp-0020	GCC-DRIVER	UPSTREAM-P2	tmp/phase2-evidence/literal-clean/quarantine-toolchain_15.2.0-run1/riscv-gnu-toolchain/output/bin/riscv32-wch-elf-cpp	ab04ad91a1f1e2bec134f10a4290a355845ec2d4edf8e9f723c637666d337dbf	1792	1808	16	LC_DATA_IN_CODE[18]	SIGNATURE/UUID/BUILD-METADATA	L1-FEAT-DRIVER	L1-STATIC-XW,L1-STATIC-XDIAG,L1-STATIC-ZSTD-SPEC	COMPLETE-TILING-UNRESOLVED	L1-macho-regions	ownership=PRIMARY; file_size=2192832; region_sha256=0d48df73e9e9c3c93e35d849055cd0b81e4337106a0b81bd00b04bc866e9a7d1
L1-REG-UP-P2-tmp__phase2-evidence__literal-clean__quarantine-toolchain_15_2_0-run1__riscv-gnu-toolchain__output__bin__cpp-0021	GCC-DRIVER	UPSTREAM-P2	tmp/phase2-evidence/literal-clean/quarantine-toolchain_15.2.0-run1/riscv-gnu-toolchain/output/bin/riscv32-wch-elf-cpp	ab04ad91a1f1e2bec134f10a4290a355845ec2d4edf8e9f723c637666d337dbf	1808	1824	16	LC_CODE_SIGNATURE[19]	SIGNATURE/UUID/BUILD-METADATA	L1-FEAT-DRIVER	L1-STATIC-XW,L1-STATIC-XDIAG,L1-STATIC-ZSTD-SPEC	COMPLETE-TILING-UNRESOLVED	L1-macho-regions	ownership=PRIMARY; file_size=2192832; region_sha256=fb23aac0f70491921dc75f2b88d82c3d3803e0bdc5e77b3deaa202d9c2cec735
L1-REG-UP-P2-tmp__phase2-evidence__literal-clean__quarantine-toolchain_15_2_0-run1__riscv-gnu-toolchain__output__bin__cpp-0022	GCC-DRIVER	UPSTREAM-P2	tmp/phase2-evidence/literal-clean/quarantine-toolchain_15.2.0-run1/riscv-gnu-toolchain/output/bin/riscv32-wch-elf-cpp	ab04ad91a1f1e2bec134f10a4290a355845ec2d4edf8e9f723c637666d337dbf	1824	1864	40	segment:__TEXT	UNRESOLVED	L1-FEAT-DRIVER	L1-STATIC-XW,L1-STATIC-XDIAG,L1-STATIC-ZSTD-SPEC	COMPLETE-TILING-UNRESOLVED	L1-macho-regions	ownership=PRIMARY; file_size=2192832; region_sha256=2c34ce1df23b838c5abf2a7f6437cca3d3067ed509ff25f11df6b11b582b51eb
L1-REG-UP-P2-tmp__phase2-evidence__literal-clean__quarantine-toolchain_15_2_0-run1__riscv-gnu-toolchain__output__bin__cpp-0023	GCC-DRIVER	UPSTREAM-P2	tmp/phase2-evidence/literal-clean/quarantine-toolchain_15.2.0-run1/riscv-gnu-toolchain/output/bin/riscv32-wch-elf-cpp	ab04ad91a1f1e2bec134f10a4290a355845ec2d4edf8e9f723c637666d337dbf	1864	729596	727732	section:__TEXT,__text	FUNCTIONAL-CODE	L1-FEAT-DRIVER	L1-STATIC-XW,L1-STATIC-XDIAG,L1-STATIC-ZSTD-SPEC	COMPLETE-TILING-UNRESOLVED	L1-macho-regions	ownership=PRIMARY; file_size=2192832; region_sha256=49e67399ff9e511a38742159e0cbeee32860f8d0f365030e41ba96bed96b3a08
L1-REG-UP-P2-tmp__phase2-evidence__literal-clean__quarantine-toolchain_15_2_0-run1__riscv-gnu-toolchain__output__bin__cpp-0024	GCC-DRIVER	UPSTREAM-P2	tmp/phase2-evidence/literal-clean/quarantine-toolchain_15.2.0-run1/riscv-gnu-toolchain/output/bin/riscv32-wch-elf-cpp	ab04ad91a1f1e2bec134f10a4290a355845ec2d4edf8e9f723c637666d337dbf	729596	731408	1812	section:__TEXT,__stubs	UNRESOLVED	L1-FEAT-DRIVER	L1-STATIC-XW,L1-STATIC-XDIAG,L1-STATIC-ZSTD-SPEC	COMPLETE-TILING-UNRESOLVED	L1-macho-regions	ownership=PRIMARY; file_size=2192832; region_sha256=db58e7d8c5570e87dcf4b421a7aa871b77d077d324e4c52f90b7a2194dbd0419
L1-REG-UP-P2-tmp__phase2-evidence__literal-clean__quarantine-toolchain_15_2_0-run1__riscv-gnu-toolchain__output__bin__cpp-0025	GCC-DRIVER	UPSTREAM-P2	tmp/phase2-evidence/literal-clean/quarantine-toolchain_15.2.0-run1/riscv-gnu-toolchain/output/bin/riscv32-wch-elf-cpp	ab04ad91a1f1e2bec134f10a4290a355845ec2d4edf8e9f723c637666d337dbf	731408	731424	16	section:__TEXT,__init_offsets	UNRESOLVED	L1-FEAT-DRIVER	L1-STATIC-XW,L1-STATIC-XDIAG,L1-STATIC-ZSTD-SPEC	COMPLETE-TILING-UNRESOLVED	L1-macho-regions	ownership=PRIMARY; file_size=2192832; region_sha256=5037f8d66560f44ffe71b639472414e37173b9ce7a8a7053c0f0f378df76e974
L1-REG-UP-P2-tmp__phase2-evidence__literal-clean__quarantine-toolchain_15_2_0-run1__riscv-gnu-toolchain__output__bin__cpp-0026	GCC-DRIVER	UPSTREAM-P2	tmp/phase2-evidence/literal-clean/quarantine-toolchain_15.2.0-run1/riscv-gnu-toolchain/output/bin/riscv32-wch-elf-cpp	ab04ad91a1f1e2bec134f10a4290a355845ec2d4edf8e9f723c637666d337dbf	731424	1083616	352192	section:__TEXT,__const	FUNCTIONAL-DATA-TABLE	L1-FEAT-DRIVER	L1-STATIC-XW,L1-STATIC-XDIAG,L1-STATIC-ZSTD-SPEC	COMPLETE-TILING-UNRESOLVED	L1-macho-regions	ownership=PRIMARY; file_size=2192832; region_sha256=20c502065189c23cf9c61fd40b0200831b921a0003d9dcf3d44acf99a2e3f0dd
L1-REG-UP-P2-tmp__phase2-evidence__literal-clean__quarantine-toolchain_15_2_0-run1__riscv-gnu-toolchain__output__bin__cpp-0027	GCC-DRIVER	UPSTREAM-P2	tmp/phase2-evidence/literal-clean/quarantine-toolchain_15.2.0-run1/riscv-gnu-toolchain/output/bin/riscv32-wch-elf-cpp	ab04ad91a1f1e2bec134f10a4290a355845ec2d4edf8e9f723c637666d337dbf	1083616	1417706	334090	section:__TEXT,__cstring	FUNCTIONAL-DATA-TABLE	L1-FEAT-DRIVER	L1-STATIC-XW,L1-STATIC-XDIAG,L1-STATIC-ZSTD-SPEC	COMPLETE-TILING-UNRESOLVED	L1-macho-regions	ownership=PRIMARY; file_size=2192832; region_sha256=beb4e45c7a72b3f96fe4ebb21f28d09452f6185b14f4228f59f142a084e4d312
L1-REG-UP-P2-tmp__phase2-evidence__literal-clean__quarantine-toolchain_15_2_0-run1__riscv-gnu-toolchain__output__bin__cpp-0028	GCC-DRIVER	UPSTREAM-P2	tmp/phase2-evidence/literal-clean/quarantine-toolchain_15.2.0-run1/riscv-gnu-toolchain/output/bin/riscv32-wch-elf-cpp	ab04ad91a1f1e2bec134f10a4290a355845ec2d4edf8e9f723c637666d337dbf	1417706	1417708	2	segment:__TEXT	UNRESOLVED	L1-FEAT-DRIVER	L1-STATIC-XW,L1-STATIC-XDIAG,L1-STATIC-ZSTD-SPEC	COMPLETE-TILING-UNRESOLVED	L1-macho-regions	ownership=PRIMARY; file_size=2192832; region_sha256=96a296d224f285c67bee93c30f8a309157f0daa35dc5b87e410b78630a09cfc7
L1-REG-UP-P2-tmp__phase2-evidence__literal-clean__quarantine-toolchain_15_2_0-run1__riscv-gnu-toolchain__output__bin__cpp-0029	GCC-DRIVER	UPSTREAM-P2	tmp/phase2-evidence/literal-clean/quarantine-toolchain_15.2.0-run1/riscv-gnu-toolchain/output/bin/riscv32-wch-elf-cpp	ab04ad91a1f1e2bec134f10a4290a355845ec2d4edf8e9f723c637666d337dbf	1417708	1426884	9176	section:__TEXT,__unwind_info	FUNCTIONAL-DATA-TABLE	L1-FEAT-DRIVER	L1-STATIC-XW,L1-STATIC-XDIAG,L1-STATIC-ZSTD-SPEC	COMPLETE-TILING-UNRESOLVED	L1-macho-regions	ownership=PRIMARY; file_size=2192832; region_sha256=5fd792f522b6f4d5825f7636ca3d96697b465851f8173548b11aa2466b67910d
L1-REG-UP-P2-tmp__phase2-evidence__literal-clean__quarantine-toolchain_15_2_0-run1__riscv-gnu-toolchain__output__bin__cpp-0030	GCC-DRIVER	UPSTREAM-P2	tmp/phase2-evidence/literal-clean/quarantine-toolchain_15.2.0-run1/riscv-gnu-toolchain/output/bin/riscv32-wch-elf-cpp	ab04ad91a1f1e2bec134f10a4290a355845ec2d4edf8e9f723c637666d337dbf	1426884	1426888	4	segment:__TEXT	UNRESOLVED	L1-FEAT-DRIVER	L1-STATIC-XW,L1-STATIC-XDIAG,L1-STATIC-ZSTD-SPEC	COMPLETE-TILING-UNRESOLVED	L1-macho-regions	ownership=PRIMARY; file_size=2192832; region_sha256=df3f619804a92fdb4057192dc43dd748ea778adc52bc498ce80524c014b81119
L1-REG-UP-P2-tmp__phase2-evidence__literal-clean__quarantine-toolchain_15_2_0-run1__riscv-gnu-toolchain__output__bin__cpp-0031	GCC-DRIVER	UPSTREAM-P2	tmp/phase2-evidence/literal-clean/quarantine-toolchain_15.2.0-run1/riscv-gnu-toolchain/output/bin/riscv32-wch-elf-cpp	ab04ad91a1f1e2bec134f10a4290a355845ec2d4edf8e9f723c637666d337dbf	1426888	1486676	59788	section:__TEXT,__eh_frame	FUNCTIONAL-DATA-TABLE	L1-FEAT-DRIVER	L1-STATIC-XW,L1-STATIC-XDIAG,L1-STATIC-ZSTD-SPEC	COMPLETE-TILING-UNRESOLVED	L1-macho-regions	ownership=PRIMARY; file_size=2192832; region_sha256=e72abd3dfd148b49afb6e0f6d46a3321a59a84a99b68b8c91e6c784ffd533aaf
L1-REG-UP-P2-tmp__phase2-evidence__literal-clean__quarantine-toolchain_15_2_0-run1__riscv-gnu-toolchain__output__bin__cpp-0032	GCC-DRIVER	UPSTREAM-P2	tmp/phase2-evidence/literal-clean/quarantine-toolchain_15.2.0-run1/riscv-gnu-toolchain/output/bin/riscv32-wch-elf-cpp	ab04ad91a1f1e2bec134f10a4290a355845ec2d4edf8e9f723c637666d337dbf	1486676	1490944	4268	segment:__TEXT	UNRESOLVED	L1-FEAT-DRIVER	L1-STATIC-XW,L1-STATIC-XDIAG,L1-STATIC-ZSTD-SPEC	COMPLETE-TILING-UNRESOLVED	L1-macho-regions	ownership=PRIMARY; file_size=2192832; region_sha256=7318602fbf7865ef3ab88e4b69682bb82dc4c9dba6bd4828c3532831768468ed
L1-REG-UP-P2-tmp__phase2-evidence__literal-clean__quarantine-toolchain_15_2_0-run1__riscv-gnu-toolchain__output__bin__cpp-0033	GCC-DRIVER	UPSTREAM-P2	tmp/phase2-evidence/literal-clean/quarantine-toolchain_15.2.0-run1/riscv-gnu-toolchain/output/bin/riscv32-wch-elf-cpp	ab04ad91a1f1e2bec134f10a4290a355845ec2d4edf8e9f723c637666d337dbf	1490944	1492384	1440	section:__DATA_CONST,__got	FUNCTIONAL-DATA-TABLE	L1-FEAT-DRIVER	L1-STATIC-XW,L1-STATIC-XDIAG,L1-STATIC-ZSTD-SPEC	COMPLETE-TILING-UNRESOLVED	L1-macho-regions	ownership=PRIMARY; file_size=2192832; region_sha256=ae03c576bd5a6e53357ca6cc25e6223122cace1798e64c329af57e5f269592f8
L1-REG-UP-P2-tmp__phase2-evidence__literal-clean__quarantine-toolchain_15_2_0-run1__riscv-gnu-toolchain__output__bin__cpp-0034	GCC-DRIVER	UPSTREAM-P2	tmp/phase2-evidence/literal-clean/quarantine-toolchain_15.2.0-run1/riscv-gnu-toolchain/output/bin/riscv32-wch-elf-cpp	ab04ad91a1f1e2bec134f10a4290a355845ec2d4edf8e9f723c637666d337dbf	1492384	1745888	253504	section:__DATA_CONST,__const	FUNCTIONAL-DATA-TABLE	L1-FEAT-DRIVER	L1-STATIC-XW,L1-STATIC-XDIAG,L1-STATIC-ZSTD-SPEC	COMPLETE-TILING-UNRESOLVED	L1-macho-regions	ownership=PRIMARY; file_size=2192832; region_sha256=0c88c6f61f1825c3c5a96e4a4328756487b7b188cbf7cd20b91939b0b8c9d02a
L1-REG-UP-P2-tmp__phase2-evidence__literal-clean__quarantine-toolchain_15_2_0-run1__riscv-gnu-toolchain__output__bin__cpp-0035	GCC-DRIVER	UPSTREAM-P2	tmp/phase2-evidence/literal-clean/quarantine-toolchain_15.2.0-run1/riscv-gnu-toolchain/output/bin/riscv32-wch-elf-cpp	ab04ad91a1f1e2bec134f10a4290a355845ec2d4edf8e9f723c637666d337dbf	1745888	1753088	7200	segment:__DATA_CONST	UNRESOLVED	L1-FEAT-DRIVER	L1-STATIC-XW,L1-STATIC-XDIAG,L1-STATIC-ZSTD-SPEC	COMPLETE-TILING-UNRESOLVED	L1-macho-regions	ownership=PRIMARY; file_size=2192832; region_sha256=e4331b4b5dff91084b34db4018c5905a016cdf9c0d74d02c0d5af88dabfc6bc6
L1-REG-UP-P2-tmp__phase2-evidence__literal-clean__quarantine-toolchain_15_2_0-run1__riscv-gnu-toolchain__output__bin__cpp-0036	GCC-DRIVER	UPSTREAM-P2	tmp/phase2-evidence/literal-clean/quarantine-toolchain_15.2.0-run1/riscv-gnu-toolchain/output/bin/riscv32-wch-elf-cpp	ab04ad91a1f1e2bec134f10a4290a355845ec2d4edf8e9f723c637666d337dbf	1753088	1755856	2768	section:__DATA,__data	FUNCTIONAL-DATA-TABLE	L1-FEAT-DRIVER	L1-STATIC-XW,L1-STATIC-XDIAG,L1-STATIC-ZSTD-SPEC	COMPLETE-TILING-UNRESOLVED	L1-macho-regions	ownership=PRIMARY; file_size=2192832; region_sha256=8c4b06101ece20d3b0eb57c110ce167965752c60e03ff1428ffdbbfc65a3bbb4
L1-REG-UP-P2-tmp__phase2-evidence__literal-clean__quarantine-toolchain_15_2_0-run1__riscv-gnu-toolchain__output__bin__cpp-0037	GCC-DRIVER	UPSTREAM-P2	tmp/phase2-evidence/literal-clean/quarantine-toolchain_15.2.0-run1/riscv-gnu-toolchain/output/bin/riscv32-wch-elf-cpp	ab04ad91a1f1e2bec134f10a4290a355845ec2d4edf8e9f723c637666d337dbf	1755856	1769472	13616	segment:__DATA	UNRESOLVED	L1-FEAT-DRIVER	L1-STATIC-XW,L1-STATIC-XDIAG,L1-STATIC-ZSTD-SPEC	COMPLETE-TILING-UNRESOLVED	L1-macho-regions	ownership=PRIMARY; file_size=2192832; region_sha256=df2a49e8ad39fc1deabf72892bd8580ae9bcb3fc839ba79f3e9fe15cb2a3d6fc
L1-REG-UP-P2-tmp__phase2-evidence__literal-clean__quarantine-toolchain_15_2_0-run1__riscv-gnu-toolchain__output__bin__cpp-0038	GCC-DRIVER	UPSTREAM-P2	tmp/phase2-evidence/literal-clean/quarantine-toolchain_15.2.0-run1/riscv-gnu-toolchain/output/bin/riscv32-wch-elf-cpp	ab04ad91a1f1e2bec134f10a4290a355845ec2d4edf8e9f723c637666d337dbf	1769472	1774792	5320	LC_DYLD_CHAINED_FIXUPS:payload	LINK-LAYOUT	L1-FEAT-DRIVER	L1-STATIC-XW,L1-STATIC-XDIAG,L1-STATIC-ZSTD-SPEC	COMPLETE-TILING-UNRESOLVED	L1-macho-regions	ownership=PRIMARY; file_size=2192832; region_sha256=8ef7ad9bc4b8f1f7c3a175594f6d6f64712ad81b9b20f5bd1eb3723ae916ed4f
L1-REG-UP-P2-tmp__phase2-evidence__literal-clean__quarantine-toolchain_15_2_0-run1__riscv-gnu-toolchain__output__bin__cpp-0039	GCC-DRIVER	UPSTREAM-P2	tmp/phase2-evidence/literal-clean/quarantine-toolchain_15.2.0-run1/riscv-gnu-toolchain/output/bin/riscv32-wch-elf-cpp	ab04ad91a1f1e2bec134f10a4290a355845ec2d4edf8e9f723c637666d337dbf	1774792	1836016	61224	LC_DYLD_EXPORTS_TRIE:payload	LINK-LAYOUT	L1-FEAT-DRIVER	L1-STATIC-XW,L1-STATIC-XDIAG,L1-STATIC-ZSTD-SPEC	COMPLETE-TILING-UNRESOLVED	L1-macho-regions	ownership=PRIMARY; file_size=2192832; region_sha256=03b8eea0e981f83d8421b644fb46d2add0902a4f2729fe299abcefa7ef33bcdf
L1-REG-UP-P2-tmp__phase2-evidence__literal-clean__quarantine-toolchain_15_2_0-run1__riscv-gnu-toolchain__output__bin__cpp-0040	GCC-DRIVER	UPSTREAM-P2	tmp/phase2-evidence/literal-clean/quarantine-toolchain_15.2.0-run1/riscv-gnu-toolchain/output/bin/riscv32-wch-elf-cpp	ab04ad91a1f1e2bec134f10a4290a355845ec2d4edf8e9f723c637666d337dbf	1836016	1839248	3232	LC_FUNCTION_STARTS:payload	STRIP/DEBUG/SYMBOL-LAYOUT	L1-FEAT-DRIVER	L1-STATIC-XW,L1-STATIC-XDIAG,L1-STATIC-ZSTD-SPEC	COMPLETE-TILING-UNRESOLVED	L1-macho-regions	ownership=PRIMARY; file_size=2192832; region_sha256=17ed496d80cc0c3ee96c97e22ecaa777aaa9f94b19c1a111e11c086a67dd6eba
L1-REG-UP-P2-tmp__phase2-evidence__literal-clean__quarantine-toolchain_15_2_0-run1__riscv-gnu-toolchain__output__bin__cpp-0041	GCC-DRIVER	UPSTREAM-P2	tmp/phase2-evidence/literal-clean/quarantine-toolchain_15.2.0-run1/riscv-gnu-toolchain/output/bin/riscv32-wch-elf-cpp	ab04ad91a1f1e2bec134f10a4290a355845ec2d4edf8e9f723c637666d337dbf	1839248	2035632	196384	LC_SYMTAB:nlist_64	STRIP/DEBUG/SYMBOL-LAYOUT	L1-FEAT-DRIVER	L1-STATIC-XW,L1-STATIC-XDIAG,L1-STATIC-ZSTD-SPEC	COMPLETE-TILING-UNRESOLVED	L1-macho-regions	ownership=PRIMARY; file_size=2192832; region_sha256=dee3f5c5ed52c9618be762dc04ee404f0a5b15462d8713e744b6f33f7ba5ecd7
L1-REG-UP-P2-tmp__phase2-evidence__literal-clean__quarantine-toolchain_15_2_0-run1__riscv-gnu-toolchain__output__bin__cpp-0042	GCC-DRIVER	UPSTREAM-P2	tmp/phase2-evidence/literal-clean/quarantine-toolchain_15.2.0-run1/riscv-gnu-toolchain/output/bin/riscv32-wch-elf-cpp	ab04ad91a1f1e2bec134f10a4290a355845ec2d4edf8e9f723c637666d337dbf	2035632	2036960	1328	segment:__LINKEDIT	LINK-LAYOUT	L1-FEAT-DRIVER	L1-STATIC-XW,L1-STATIC-XDIAG,L1-STATIC-ZSTD-SPEC	COMPLETE-TILING-UNRESOLVED	L1-macho-regions	ownership=PRIMARY; file_size=2192832; region_sha256=9863f84974e0e5452e27eac9366ddfa025b470dc5356a55c568a726e0333431d
L1-REG-UP-P2-tmp__phase2-evidence__literal-clean__quarantine-toolchain_15_2_0-run1__riscv-gnu-toolchain__output__bin__cpp-0043	GCC-DRIVER	UPSTREAM-P2	tmp/phase2-evidence/literal-clean/quarantine-toolchain_15.2.0-run1/riscv-gnu-toolchain/output/bin/riscv32-wch-elf-cpp	ab04ad91a1f1e2bec134f10a4290a355845ec2d4edf8e9f723c637666d337dbf	2036960	2175688	138728	LC_SYMTAB:string_table	STRIP/DEBUG/SYMBOL-LAYOUT	L1-FEAT-DRIVER	L1-STATIC-XW,L1-STATIC-XDIAG,L1-STATIC-ZSTD-SPEC	COMPLETE-TILING-UNRESOLVED	L1-macho-regions	ownership=PRIMARY; file_size=2192832; region_sha256=8214657b6177d8cb99500bb297d433902007418b92ba538669282707cbac8491
L1-REG-UP-P2-tmp__phase2-evidence__literal-clean__quarantine-toolchain_15_2_0-run1__riscv-gnu-toolchain__output__bin__cpp-0044	GCC-DRIVER	UPSTREAM-P2	tmp/phase2-evidence/literal-clean/quarantine-toolchain_15.2.0-run1/riscv-gnu-toolchain/output/bin/riscv32-wch-elf-cpp	ab04ad91a1f1e2bec134f10a4290a355845ec2d4edf8e9f723c637666d337dbf	2175688	2175696	8	segment:__LINKEDIT	LINK-LAYOUT	L1-FEAT-DRIVER	L1-STATIC-XW,L1-STATIC-XDIAG,L1-STATIC-ZSTD-SPEC	COMPLETE-TILING-UNRESOLVED	L1-macho-regions	ownership=PRIMARY; file_size=2192832; region_sha256=af5570f5a1810b7af78caf4bc70a660f0df51e42baf91d4de5b2328de0e83dfc
L1-REG-UP-P2-tmp__phase2-evidence__literal-clean__quarantine-toolchain_15_2_0-run1__riscv-gnu-toolchain__output__bin__cpp-0045	GCC-DRIVER	UPSTREAM-P2	tmp/phase2-evidence/literal-clean/quarantine-toolchain_15.2.0-run1/riscv-gnu-toolchain/output/bin/riscv32-wch-elf-cpp	ab04ad91a1f1e2bec134f10a4290a355845ec2d4edf8e9f723c637666d337dbf	2175696	2192832	17136	LC_CODE_SIGNATURE:payload	SIGNATURE/UUID/BUILD-METADATA	L1-FEAT-DRIVER	L1-STATIC-XW,L1-STATIC-XDIAG,L1-STATIC-ZSTD-SPEC	COMPLETE-TILING-UNRESOLVED	L1-macho-regions	ownership=PRIMARY; file_size=2192832; region_sha256=93a2f9e9a202d4120a8620d69233a3097298ac9c7becf760902f13e343ca2f32
L1-REG-UP-P2-tmp__phase2-evidence__literal-clean__quarantine-toolchain_15_2_0-run1__riscv-gnu-toolchain__output__bin__g++-0001	GCC-DRIVER	UPSTREAM-P2	tmp/phase2-evidence/literal-clean/quarantine-toolchain_15.2.0-run1/riscv-gnu-toolchain/output/bin/riscv32-wch-elf-g++	289153b0353586113fe81fb94fadd0ac5d0e1b587c2adbcab657056c5a1c87f7	0	32	32	mach_header_64	SIGNATURE/UUID/BUILD-METADATA	L1-FEAT-DRIVER	L1-STATIC-XW,L1-STATIC-XDIAG,L1-STATIC-ZSTD-SPEC	COMPLETE-TILING-UNRESOLVED	L1-macho-regions	ownership=PRIMARY; file_size=2192824; region_sha256=08954c9497afe8aea0829ceb1816408e95f9e85573f06eea750fecd84c9d8947
L1-REG-UP-P2-tmp__phase2-evidence__literal-clean__quarantine-toolchain_15_2_0-run1__riscv-gnu-toolchain__output__bin__g++-0002	GCC-DRIVER	UPSTREAM-P2	tmp/phase2-evidence/literal-clean/quarantine-toolchain_15.2.0-run1/riscv-gnu-toolchain/output/bin/riscv32-wch-elf-g++	289153b0353586113fe81fb94fadd0ac5d0e1b587c2adbcab657056c5a1c87f7	32	104	72	LC_SEGMENT_64[0]	SIGNATURE/UUID/BUILD-METADATA	L1-FEAT-DRIVER	L1-STATIC-XW,L1-STATIC-XDIAG,L1-STATIC-ZSTD-SPEC	COMPLETE-TILING-UNRESOLVED	L1-macho-regions	ownership=PRIMARY; file_size=2192824; region_sha256=38432a8fbcbe1ae9fdf9263fe1e4e948de98131833cc5e5333f375dcf5f6333f
L1-REG-UP-P2-tmp__phase2-evidence__literal-clean__quarantine-toolchain_15_2_0-run1__riscv-gnu-toolchain__output__bin__g++-0003	GCC-DRIVER	UPSTREAM-P2	tmp/phase2-evidence/literal-clean/quarantine-toolchain_15.2.0-run1/riscv-gnu-toolchain/output/bin/riscv32-wch-elf-g++	289153b0353586113fe81fb94fadd0ac5d0e1b587c2adbcab657056c5a1c87f7	104	736	632	LC_SEGMENT_64[1]	SIGNATURE/UUID/BUILD-METADATA	L1-FEAT-DRIVER	L1-STATIC-XW,L1-STATIC-XDIAG,L1-STATIC-ZSTD-SPEC	COMPLETE-TILING-UNRESOLVED	L1-macho-regions	ownership=PRIMARY; file_size=2192824; region_sha256=98b200cdde1d206d9892df56886e96c457991bf8f69284a9eb719f3498f7cfdb
L1-REG-UP-P2-tmp__phase2-evidence__literal-clean__quarantine-toolchain_15_2_0-run1__riscv-gnu-toolchain__output__bin__g++-0004	GCC-DRIVER	UPSTREAM-P2	tmp/phase2-evidence/literal-clean/quarantine-toolchain_15.2.0-run1/riscv-gnu-toolchain/output/bin/riscv32-wch-elf-g++	289153b0353586113fe81fb94fadd0ac5d0e1b587c2adbcab657056c5a1c87f7	736	968	232	LC_SEGMENT_64[2]	SIGNATURE/UUID/BUILD-METADATA	L1-FEAT-DRIVER	L1-STATIC-XW,L1-STATIC-XDIAG,L1-STATIC-ZSTD-SPEC	COMPLETE-TILING-UNRESOLVED	L1-macho-regions	ownership=PRIMARY; file_size=2192824; region_sha256=4a69d3305c851f21fc28582666e61107c3ac84704aac69af7c8faca81f9c562b
L1-REG-UP-P2-tmp__phase2-evidence__literal-clean__quarantine-toolchain_15_2_0-run1__riscv-gnu-toolchain__output__bin__g++-0005	GCC-DRIVER	UPSTREAM-P2	tmp/phase2-evidence/literal-clean/quarantine-toolchain_15.2.0-run1/riscv-gnu-toolchain/output/bin/riscv32-wch-elf-g++	289153b0353586113fe81fb94fadd0ac5d0e1b587c2adbcab657056c5a1c87f7	968	1280	312	LC_SEGMENT_64[3]	SIGNATURE/UUID/BUILD-METADATA	L1-FEAT-DRIVER	L1-STATIC-XW,L1-STATIC-XDIAG,L1-STATIC-ZSTD-SPEC	COMPLETE-TILING-UNRESOLVED	L1-macho-regions	ownership=PRIMARY; file_size=2192824; region_sha256=84ac7fae8149e4bb7ed8115342fa74881263b37850225bfefd5abd285efbe4d0
L1-REG-UP-P2-tmp__phase2-evidence__literal-clean__quarantine-toolchain_15_2_0-run1__riscv-gnu-toolchain__output__bin__g++-0006	GCC-DRIVER	UPSTREAM-P2	tmp/phase2-evidence/literal-clean/quarantine-toolchain_15.2.0-run1/riscv-gnu-toolchain/output/bin/riscv32-wch-elf-g++	289153b0353586113fe81fb94fadd0ac5d0e1b587c2adbcab657056c5a1c87f7	1280	1352	72	LC_SEGMENT_64[4]	SIGNATURE/UUID/BUILD-METADATA	L1-FEAT-DRIVER	L1-STATIC-XW,L1-STATIC-XDIAG,L1-STATIC-ZSTD-SPEC	COMPLETE-TILING-UNRESOLVED	L1-macho-regions	ownership=PRIMARY; file_size=2192824; region_sha256=2bf6dad1cc0696920e9f2a872858390fee042dec7eff5d8505f64f64db91deac
L1-REG-UP-P2-tmp__phase2-evidence__literal-clean__quarantine-toolchain_15_2_0-run1__riscv-gnu-toolchain__output__bin__g++-0007	GCC-DRIVER	UPSTREAM-P2	tmp/phase2-evidence/literal-clean/quarantine-toolchain_15.2.0-run1/riscv-gnu-toolchain/output/bin/riscv32-wch-elf-g++	289153b0353586113fe81fb94fadd0ac5d0e1b587c2adbcab657056c5a1c87f7	1352	1368	16	LC_DYLD_CHAINED_FIXUPS[5]	SIGNATURE/UUID/BUILD-METADATA	L1-FEAT-DRIVER	L1-STATIC-XW,L1-STATIC-XDIAG,L1-STATIC-ZSTD-SPEC	COMPLETE-TILING-UNRESOLVED	L1-macho-regions	ownership=PRIMARY; file_size=2192824; region_sha256=0b066c8f9dcb146311b6bb677532d2b3c729c8bf04aa59480dc2e3ecd831cfd9
L1-REG-UP-P2-tmp__phase2-evidence__literal-clean__quarantine-toolchain_15_2_0-run1__riscv-gnu-toolchain__output__bin__g++-0008	GCC-DRIVER	UPSTREAM-P2	tmp/phase2-evidence/literal-clean/quarantine-toolchain_15.2.0-run1/riscv-gnu-toolchain/output/bin/riscv32-wch-elf-g++	289153b0353586113fe81fb94fadd0ac5d0e1b587c2adbcab657056c5a1c87f7	1368	1384	16	LC_DYLD_EXPORTS_TRIE[6]	SIGNATURE/UUID/BUILD-METADATA	L1-FEAT-DRIVER	L1-STATIC-XW,L1-STATIC-XDIAG,L1-STATIC-ZSTD-SPEC	COMPLETE-TILING-UNRESOLVED	L1-macho-regions	ownership=PRIMARY; file_size=2192824; region_sha256=b41f80f40c7873af49d337b93a1c03143a6f49db21c3bd843e94237c920357a3
L1-REG-UP-P2-tmp__phase2-evidence__literal-clean__quarantine-toolchain_15_2_0-run1__riscv-gnu-toolchain__output__bin__g++-0009	GCC-DRIVER	UPSTREAM-P2	tmp/phase2-evidence/literal-clean/quarantine-toolchain_15.2.0-run1/riscv-gnu-toolchain/output/bin/riscv32-wch-elf-g++	289153b0353586113fe81fb94fadd0ac5d0e1b587c2adbcab657056c5a1c87f7	1384	1408	24	LC_SYMTAB[7]	SIGNATURE/UUID/BUILD-METADATA	L1-FEAT-DRIVER	L1-STATIC-XW,L1-STATIC-XDIAG,L1-STATIC-ZSTD-SPEC	COMPLETE-TILING-UNRESOLVED	L1-macho-regions	ownership=PRIMARY; file_size=2192824; region_sha256=2057ded5b6e50f4a926a49b952888e83fbd4e6ff0826ea2e57b696a9bce51a0d
L1-REG-UP-P2-tmp__phase2-evidence__literal-clean__quarantine-toolchain_15_2_0-run1__riscv-gnu-toolchain__output__bin__g++-0010	GCC-DRIVER	UPSTREAM-P2	tmp/phase2-evidence/literal-clean/quarantine-toolchain_15.2.0-run1/riscv-gnu-toolchain/output/bin/riscv32-wch-elf-g++	289153b0353586113fe81fb94fadd0ac5d0e1b587c2adbcab657056c5a1c87f7	1408	1488	80	LC_DYSYMTAB[8]	SIGNATURE/UUID/BUILD-METADATA	L1-FEAT-DRIVER	L1-STATIC-XW,L1-STATIC-XDIAG,L1-STATIC-ZSTD-SPEC	COMPLETE-TILING-UNRESOLVED	L1-macho-regions	ownership=PRIMARY; file_size=2192824; region_sha256=26b3acc2094e0e319945ce5ce739260e77f74fa8ce2c0886acf16fdbb67cd373
L1-REG-UP-P2-tmp__phase2-evidence__literal-clean__quarantine-toolchain_15_2_0-run1__riscv-gnu-toolchain__output__bin__g++-0011	GCC-DRIVER	UPSTREAM-P2	tmp/phase2-evidence/literal-clean/quarantine-toolchain_15.2.0-run1/riscv-gnu-toolchain/output/bin/riscv32-wch-elf-g++	289153b0353586113fe81fb94fadd0ac5d0e1b587c2adbcab657056c5a1c87f7	1488	1520	32	LC_LOAD_DYLINKER[9]	PACKAGING/DEPENDENCY	L1-FEAT-DRIVER	L1-STATIC-XW,L1-STATIC-XDIAG,L1-STATIC-ZSTD-SPEC	COMPLETE-TILING-UNRESOLVED	L1-macho-regions	ownership=PRIMARY; file_size=2192824; region_sha256=44316cf4f366f41aa06996613c44af75e34479362928faf61a168c2a203b5999
L1-REG-UP-P2-tmp__phase2-evidence__literal-clean__quarantine-toolchain_15_2_0-run1__riscv-gnu-toolchain__output__bin__g++-0012	GCC-DRIVER	UPSTREAM-P2	tmp/phase2-evidence/literal-clean/quarantine-toolchain_15.2.0-run1/riscv-gnu-toolchain/output/bin/riscv32-wch-elf-g++	289153b0353586113fe81fb94fadd0ac5d0e1b587c2adbcab657056c5a1c87f7	1520	1544	24	LC_UUID[10]	SIGNATURE/UUID/BUILD-METADATA	L1-FEAT-DRIVER	L1-STATIC-XW,L1-STATIC-XDIAG,L1-STATIC-ZSTD-SPEC	COMPLETE-TILING-UNRESOLVED	L1-macho-regions	ownership=PRIMARY; file_size=2192824; region_sha256=a6aae04e3a21dc2a78476f370db32581b9422637e6fc14dedfa8ac4b8fe2fa30
L1-REG-UP-P2-tmp__phase2-evidence__literal-clean__quarantine-toolchain_15_2_0-run1__riscv-gnu-toolchain__output__bin__g++-0013	GCC-DRIVER	UPSTREAM-P2	tmp/phase2-evidence/literal-clean/quarantine-toolchain_15.2.0-run1/riscv-gnu-toolchain/output/bin/riscv32-wch-elf-g++	289153b0353586113fe81fb94fadd0ac5d0e1b587c2adbcab657056c5a1c87f7	1544	1576	32	LC_BUILD_VERSION[11]	SIGNATURE/UUID/BUILD-METADATA	L1-FEAT-DRIVER	L1-STATIC-XW,L1-STATIC-XDIAG,L1-STATIC-ZSTD-SPEC	COMPLETE-TILING-UNRESOLVED	L1-macho-regions	ownership=PRIMARY; file_size=2192824; region_sha256=06be0acc3151d0cb3a5720312a0ae05bf2376d394c98194de6f77801b59ab2e0
L1-REG-UP-P2-tmp__phase2-evidence__literal-clean__quarantine-toolchain_15_2_0-run1__riscv-gnu-toolchain__output__bin__g++-0014	GCC-DRIVER	UPSTREAM-P2	tmp/phase2-evidence/literal-clean/quarantine-toolchain_15.2.0-run1/riscv-gnu-toolchain/output/bin/riscv32-wch-elf-g++	289153b0353586113fe81fb94fadd0ac5d0e1b587c2adbcab657056c5a1c87f7	1576	1592	16	LC_SOURCE_VERSION[12]	SIGNATURE/UUID/BUILD-METADATA	L1-FEAT-DRIVER	L1-STATIC-XW,L1-STATIC-XDIAG,L1-STATIC-ZSTD-SPEC	COMPLETE-TILING-UNRESOLVED	L1-macho-regions	ownership=PRIMARY; file_size=2192824; region_sha256=01a60f1db7db041298aa3e269ff5ebea951aa6977963e4ab563905da906d2b82
L1-REG-UP-P2-tmp__phase2-evidence__literal-clean__quarantine-toolchain_15_2_0-run1__riscv-gnu-toolchain__output__bin__g++-0015	GCC-DRIVER	UPSTREAM-P2	tmp/phase2-evidence/literal-clean/quarantine-toolchain_15.2.0-run1/riscv-gnu-toolchain/output/bin/riscv32-wch-elf-g++	289153b0353586113fe81fb94fadd0ac5d0e1b587c2adbcab657056c5a1c87f7	1592	1616	24	LC_MAIN[13]	SIGNATURE/UUID/BUILD-METADATA	L1-FEAT-DRIVER	L1-STATIC-XW,L1-STATIC-XDIAG,L1-STATIC-ZSTD-SPEC	COMPLETE-TILING-UNRESOLVED	L1-macho-regions	ownership=PRIMARY; file_size=2192824; region_sha256=dfb2e7c262c93bdbe3471ef2359798698f758e2975ea2362dfbdb82f9dfcd602
L1-REG-UP-P2-tmp__phase2-evidence__literal-clean__quarantine-toolchain_15_2_0-run1__riscv-gnu-toolchain__output__bin__g++-0016	GCC-DRIVER	UPSTREAM-P2	tmp/phase2-evidence/literal-clean/quarantine-toolchain_15.2.0-run1/riscv-gnu-toolchain/output/bin/riscv32-wch-elf-g++	289153b0353586113fe81fb94fadd0ac5d0e1b587c2adbcab657056c5a1c87f7	1616	1672	56	LC_LOAD_DYLIB[14]	PACKAGING/DEPENDENCY	L1-FEAT-DRIVER	L1-STATIC-XW,L1-STATIC-XDIAG,L1-STATIC-ZSTD-SPEC	COMPLETE-TILING-UNRESOLVED	L1-macho-regions	ownership=PRIMARY; file_size=2192824; region_sha256=1a489c8b895a1c5fa426d2f6bdf524fa8d9c8227923ea0a7bb3a194fd92823ea
L1-REG-UP-P2-tmp__phase2-evidence__literal-clean__quarantine-toolchain_15_2_0-run1__riscv-gnu-toolchain__output__bin__g++-0017	GCC-DRIVER	UPSTREAM-P2	tmp/phase2-evidence/literal-clean/quarantine-toolchain_15.2.0-run1/riscv-gnu-toolchain/output/bin/riscv32-wch-elf-g++	289153b0353586113fe81fb94fadd0ac5d0e1b587c2adbcab657056c5a1c87f7	1672	1720	48	LC_LOAD_DYLIB[15]	PACKAGING/DEPENDENCY	L1-FEAT-DRIVER	L1-STATIC-XW,L1-STATIC-XDIAG,L1-STATIC-ZSTD-SPEC	COMPLETE-TILING-UNRESOLVED	L1-macho-regions	ownership=PRIMARY; file_size=2192824; region_sha256=7745a4d4639b8f1de3e38beb445632a5df37fca6950234b1d83a4278c5dd4c0e
L1-REG-UP-P2-tmp__phase2-evidence__literal-clean__quarantine-toolchain_15_2_0-run1__riscv-gnu-toolchain__output__bin__g++-0018	GCC-DRIVER	UPSTREAM-P2	tmp/phase2-evidence/literal-clean/quarantine-toolchain_15.2.0-run1/riscv-gnu-toolchain/output/bin/riscv32-wch-elf-g++	289153b0353586113fe81fb94fadd0ac5d0e1b587c2adbcab657056c5a1c87f7	1720	1776	56	LC_LOAD_DYLIB[16]	PACKAGING/DEPENDENCY	L1-FEAT-DRIVER	L1-STATIC-XW,L1-STATIC-XDIAG,L1-STATIC-ZSTD-SPEC	COMPLETE-TILING-UNRESOLVED	L1-macho-regions	ownership=PRIMARY; file_size=2192824; region_sha256=ffa45af4ce6b7780727be9b2f2f9ca0b35932363e311b247d840ef9da1bdc1f5
L1-REG-UP-P2-tmp__phase2-evidence__literal-clean__quarantine-toolchain_15_2_0-run1__riscv-gnu-toolchain__output__bin__g++-0019	GCC-DRIVER	UPSTREAM-P2	tmp/phase2-evidence/literal-clean/quarantine-toolchain_15.2.0-run1/riscv-gnu-toolchain/output/bin/riscv32-wch-elf-g++	289153b0353586113fe81fb94fadd0ac5d0e1b587c2adbcab657056c5a1c87f7	1776	1792	16	LC_FUNCTION_STARTS[17]	SIGNATURE/UUID/BUILD-METADATA	L1-FEAT-DRIVER	L1-STATIC-XW,L1-STATIC-XDIAG,L1-STATIC-ZSTD-SPEC	COMPLETE-TILING-UNRESOLVED	L1-macho-regions	ownership=PRIMARY; file_size=2192824; region_sha256=2f5fa838acc64aea7cb290d200989688ce44ad356b6b21ebad703c4ef0ddeecf
L1-REG-UP-P2-tmp__phase2-evidence__literal-clean__quarantine-toolchain_15_2_0-run1__riscv-gnu-toolchain__output__bin__g++-0020	GCC-DRIVER	UPSTREAM-P2	tmp/phase2-evidence/literal-clean/quarantine-toolchain_15.2.0-run1/riscv-gnu-toolchain/output/bin/riscv32-wch-elf-g++	289153b0353586113fe81fb94fadd0ac5d0e1b587c2adbcab657056c5a1c87f7	1792	1808	16	LC_DATA_IN_CODE[18]	SIGNATURE/UUID/BUILD-METADATA	L1-FEAT-DRIVER	L1-STATIC-XW,L1-STATIC-XDIAG,L1-STATIC-ZSTD-SPEC	COMPLETE-TILING-UNRESOLVED	L1-macho-regions	ownership=PRIMARY; file_size=2192824; region_sha256=0d48df73e9e9c3c93e35d849055cd0b81e4337106a0b81bd00b04bc866e9a7d1
L1-REG-UP-P2-tmp__phase2-evidence__literal-clean__quarantine-toolchain_15_2_0-run1__riscv-gnu-toolchain__output__bin__g++-0021	GCC-DRIVER	UPSTREAM-P2	tmp/phase2-evidence/literal-clean/quarantine-toolchain_15.2.0-run1/riscv-gnu-toolchain/output/bin/riscv32-wch-elf-g++	289153b0353586113fe81fb94fadd0ac5d0e1b587c2adbcab657056c5a1c87f7	1808	1824	16	LC_CODE_SIGNATURE[19]	SIGNATURE/UUID/BUILD-METADATA	L1-FEAT-DRIVER	L1-STATIC-XW,L1-STATIC-XDIAG,L1-STATIC-ZSTD-SPEC	COMPLETE-TILING-UNRESOLVED	L1-macho-regions	ownership=PRIMARY; file_size=2192824; region_sha256=a373db9f87171a31e6a3d656598adf88da2b87fe3f8cf682300e327251cc4b39
L1-REG-UP-P2-tmp__phase2-evidence__literal-clean__quarantine-toolchain_15_2_0-run1__riscv-gnu-toolchain__output__bin__g++-0022	GCC-DRIVER	UPSTREAM-P2	tmp/phase2-evidence/literal-clean/quarantine-toolchain_15.2.0-run1/riscv-gnu-toolchain/output/bin/riscv32-wch-elf-g++	289153b0353586113fe81fb94fadd0ac5d0e1b587c2adbcab657056c5a1c87f7	1824	1864	40	segment:__TEXT	UNRESOLVED	L1-FEAT-DRIVER	L1-STATIC-XW,L1-STATIC-XDIAG,L1-STATIC-ZSTD-SPEC	COMPLETE-TILING-UNRESOLVED	L1-macho-regions	ownership=PRIMARY; file_size=2192824; region_sha256=2c34ce1df23b838c5abf2a7f6437cca3d3067ed509ff25f11df6b11b582b51eb
L1-REG-UP-P2-tmp__phase2-evidence__literal-clean__quarantine-toolchain_15_2_0-run1__riscv-gnu-toolchain__output__bin__g++-0023	GCC-DRIVER	UPSTREAM-P2	tmp/phase2-evidence/literal-clean/quarantine-toolchain_15.2.0-run1/riscv-gnu-toolchain/output/bin/riscv32-wch-elf-g++	289153b0353586113fe81fb94fadd0ac5d0e1b587c2adbcab657056c5a1c87f7	1864	730936	729072	section:__TEXT,__text	FUNCTIONAL-CODE	L1-FEAT-DRIVER	L1-STATIC-XW,L1-STATIC-XDIAG,L1-STATIC-ZSTD-SPEC	COMPLETE-TILING-UNRESOLVED	L1-macho-regions	ownership=PRIMARY; file_size=2192824; region_sha256=4f487c8ada38bb8bb64f2fbe0f486db24624d0d3edc7f365e510527ce5cf5fbe
L1-REG-UP-P2-tmp__phase2-evidence__literal-clean__quarantine-toolchain_15_2_0-run1__riscv-gnu-toolchain__output__bin__g++-0024	GCC-DRIVER	UPSTREAM-P2	tmp/phase2-evidence/literal-clean/quarantine-toolchain_15.2.0-run1/riscv-gnu-toolchain/output/bin/riscv32-wch-elf-g++	289153b0353586113fe81fb94fadd0ac5d0e1b587c2adbcab657056c5a1c87f7	730936	732748	1812	section:__TEXT,__stubs	UNRESOLVED	L1-FEAT-DRIVER	L1-STATIC-XW,L1-STATIC-XDIAG,L1-STATIC-ZSTD-SPEC	COMPLETE-TILING-UNRESOLVED	L1-macho-regions	ownership=PRIMARY; file_size=2192824; region_sha256=db58e7d8c5570e87dcf4b421a7aa871b77d077d324e4c52f90b7a2194dbd0419
L1-REG-UP-P2-tmp__phase2-evidence__literal-clean__quarantine-toolchain_15_2_0-run1__riscv-gnu-toolchain__output__bin__g++-0025	GCC-DRIVER	UPSTREAM-P2	tmp/phase2-evidence/literal-clean/quarantine-toolchain_15.2.0-run1/riscv-gnu-toolchain/output/bin/riscv32-wch-elf-g++	289153b0353586113fe81fb94fadd0ac5d0e1b587c2adbcab657056c5a1c87f7	732748	732764	16	section:__TEXT,__init_offsets	UNRESOLVED	L1-FEAT-DRIVER	L1-STATIC-XW,L1-STATIC-XDIAG,L1-STATIC-ZSTD-SPEC	COMPLETE-TILING-UNRESOLVED	L1-macho-regions	ownership=PRIMARY; file_size=2192824; region_sha256=93cfc09617c7035ee2fe5e43c8198c97a84c20d01aed5c29f2ba0ebf65e133a8
L1-REG-UP-P2-tmp__phase2-evidence__literal-clean__quarantine-toolchain_15_2_0-run1__riscv-gnu-toolchain__output__bin__g++-0026	GCC-DRIVER	UPSTREAM-P2	tmp/phase2-evidence/literal-clean/quarantine-toolchain_15.2.0-run1/riscv-gnu-toolchain/output/bin/riscv32-wch-elf-g++	289153b0353586113fe81fb94fadd0ac5d0e1b587c2adbcab657056c5a1c87f7	732764	732768	4	segment:__TEXT	UNRESOLVED	L1-FEAT-DRIVER	L1-STATIC-XW,L1-STATIC-XDIAG,L1-STATIC-ZSTD-SPEC	COMPLETE-TILING-UNRESOLVED	L1-macho-regions	ownership=PRIMARY; file_size=2192824; region_sha256=df3f619804a92fdb4057192dc43dd748ea778adc52bc498ce80524c014b81119
L1-REG-UP-P2-tmp__phase2-evidence__literal-clean__quarantine-toolchain_15_2_0-run1__riscv-gnu-toolchain__output__bin__g++-0027	GCC-DRIVER	UPSTREAM-P2	tmp/phase2-evidence/literal-clean/quarantine-toolchain_15.2.0-run1/riscv-gnu-toolchain/output/bin/riscv32-wch-elf-g++	289153b0353586113fe81fb94fadd0ac5d0e1b587c2adbcab657056c5a1c87f7	732768	1084960	352192	section:__TEXT,__const	FUNCTIONAL-DATA-TABLE	L1-FEAT-DRIVER	L1-STATIC-XW,L1-STATIC-XDIAG,L1-STATIC-ZSTD-SPEC	COMPLETE-TILING-UNRESOLVED	L1-macho-regions	ownership=PRIMARY; file_size=2192824; region_sha256=20c502065189c23cf9c61fd40b0200831b921a0003d9dcf3d44acf99a2e3f0dd
L1-REG-UP-P2-tmp__phase2-evidence__literal-clean__quarantine-toolchain_15_2_0-run1__riscv-gnu-toolchain__output__bin__g++-0028	GCC-DRIVER	UPSTREAM-P2	tmp/phase2-evidence/literal-clean/quarantine-toolchain_15.2.0-run1/riscv-gnu-toolchain/output/bin/riscv32-wch-elf-g++	289153b0353586113fe81fb94fadd0ac5d0e1b587c2adbcab657056c5a1c87f7	1084960	1419127	334167	section:__TEXT,__cstring	FUNCTIONAL-DATA-TABLE	L1-FEAT-DRIVER	L1-STATIC-XW,L1-STATIC-XDIAG,L1-STATIC-ZSTD-SPEC	COMPLETE-TILING-UNRESOLVED	L1-macho-regions	ownership=PRIMARY; file_size=2192824; region_sha256=fe5d56caf6560d2119828ee17a45afe071ac4d1a39632e19461ca514dbd5ec41
L1-REG-UP-P2-tmp__phase2-evidence__literal-clean__quarantine-toolchain_15_2_0-run1__riscv-gnu-toolchain__output__bin__g++-0029	GCC-DRIVER	UPSTREAM-P2	tmp/phase2-evidence/literal-clean/quarantine-toolchain_15.2.0-run1/riscv-gnu-toolchain/output/bin/riscv32-wch-elf-g++	289153b0353586113fe81fb94fadd0ac5d0e1b587c2adbcab657056c5a1c87f7	1419127	1419128	1	segment:__TEXT	UNRESOLVED	L1-FEAT-DRIVER	L1-STATIC-XW,L1-STATIC-XDIAG,L1-STATIC-ZSTD-SPEC	COMPLETE-TILING-UNRESOLVED	L1-macho-regions	ownership=PRIMARY; file_size=2192824; region_sha256=6e340b9cffb37a989ca544e6bb780a2c78901d3fb33738768511a30617afa01d
L1-REG-UP-P2-tmp__phase2-evidence__literal-clean__quarantine-toolchain_15_2_0-run1__riscv-gnu-toolchain__output__bin__g++-0030	GCC-DRIVER	UPSTREAM-P2	tmp/phase2-evidence/literal-clean/quarantine-toolchain_15.2.0-run1/riscv-gnu-toolchain/output/bin/riscv32-wch-elf-g++	289153b0353586113fe81fb94fadd0ac5d0e1b587c2adbcab657056c5a1c87f7	1419128	1428304	9176	section:__TEXT,__unwind_info	FUNCTIONAL-DATA-TABLE	L1-FEAT-DRIVER	L1-STATIC-XW,L1-STATIC-XDIAG,L1-STATIC-ZSTD-SPEC	COMPLETE-TILING-UNRESOLVED	L1-macho-regions	ownership=PRIMARY; file_size=2192824; region_sha256=d3ff17028aede3395121d6c2b076eb6aca19647512a59a4897127401f61f0c9d
L1-REG-UP-P2-tmp__phase2-evidence__literal-clean__quarantine-toolchain_15_2_0-run1__riscv-gnu-toolchain__output__bin__g++-0031	GCC-DRIVER	UPSTREAM-P2	tmp/phase2-evidence/literal-clean/quarantine-toolchain_15.2.0-run1/riscv-gnu-toolchain/output/bin/riscv32-wch-elf-g++	289153b0353586113fe81fb94fadd0ac5d0e1b587c2adbcab657056c5a1c87f7	1428304	1488092	59788	section:__TEXT,__eh_frame	FUNCTIONAL-DATA-TABLE	L1-FEAT-DRIVER	L1-STATIC-XW,L1-STATIC-XDIAG,L1-STATIC-ZSTD-SPEC	COMPLETE-TILING-UNRESOLVED	L1-macho-regions	ownership=PRIMARY; file_size=2192824; region_sha256=1a647eb7ae59146345774f72ea3d1938f428906fcf1540420ceb36a2aab5d979
L1-REG-UP-P2-tmp__phase2-evidence__literal-clean__quarantine-toolchain_15_2_0-run1__riscv-gnu-toolchain__output__bin__g++-0032	GCC-DRIVER	UPSTREAM-P2	tmp/phase2-evidence/literal-clean/quarantine-toolchain_15.2.0-run1/riscv-gnu-toolchain/output/bin/riscv32-wch-elf-g++	289153b0353586113fe81fb94fadd0ac5d0e1b587c2adbcab657056c5a1c87f7	1488092	1490944	2852	segment:__TEXT	UNRESOLVED	L1-FEAT-DRIVER	L1-STATIC-XW,L1-STATIC-XDIAG,L1-STATIC-ZSTD-SPEC	COMPLETE-TILING-UNRESOLVED	L1-macho-regions	ownership=PRIMARY; file_size=2192824; region_sha256=269bfc4f4a2e242a3b33b804b10b02a63245a9162ca6f00835011adb55019684
L1-REG-UP-P2-tmp__phase2-evidence__literal-clean__quarantine-toolchain_15_2_0-run1__riscv-gnu-toolchain__output__bin__g++-0033	GCC-DRIVER	UPSTREAM-P2	tmp/phase2-evidence/literal-clean/quarantine-toolchain_15.2.0-run1/riscv-gnu-toolchain/output/bin/riscv32-wch-elf-g++	289153b0353586113fe81fb94fadd0ac5d0e1b587c2adbcab657056c5a1c87f7	1490944	1492384	1440	section:__DATA_CONST,__got	FUNCTIONAL-DATA-TABLE	L1-FEAT-DRIVER	L1-STATIC-XW,L1-STATIC-XDIAG,L1-STATIC-ZSTD-SPEC	COMPLETE-TILING-UNRESOLVED	L1-macho-regions	ownership=PRIMARY; file_size=2192824; region_sha256=ae03c576bd5a6e53357ca6cc25e6223122cace1798e64c329af57e5f269592f8
L1-REG-UP-P2-tmp__phase2-evidence__literal-clean__quarantine-toolchain_15_2_0-run1__riscv-gnu-toolchain__output__bin__g++-0034	GCC-DRIVER	UPSTREAM-P2	tmp/phase2-evidence/literal-clean/quarantine-toolchain_15.2.0-run1/riscv-gnu-toolchain/output/bin/riscv32-wch-elf-g++	289153b0353586113fe81fb94fadd0ac5d0e1b587c2adbcab657056c5a1c87f7	1492384	1745888	253504	section:__DATA_CONST,__const	FUNCTIONAL-DATA-TABLE	L1-FEAT-DRIVER	L1-STATIC-XW,L1-STATIC-XDIAG,L1-STATIC-ZSTD-SPEC	COMPLETE-TILING-UNRESOLVED	L1-macho-regions	ownership=PRIMARY; file_size=2192824; region_sha256=ca40cd5881ea7df6d70a4307cc9318526d88bc96b28e02714fbbba2f659dc220
L1-REG-UP-P2-tmp__phase2-evidence__literal-clean__quarantine-toolchain_15_2_0-run1__riscv-gnu-toolchain__output__bin__g++-0035	GCC-DRIVER	UPSTREAM-P2	tmp/phase2-evidence/literal-clean/quarantine-toolchain_15.2.0-run1/riscv-gnu-toolchain/output/bin/riscv32-wch-elf-g++	289153b0353586113fe81fb94fadd0ac5d0e1b587c2adbcab657056c5a1c87f7	1745888	1753088	7200	segment:__DATA_CONST	UNRESOLVED	L1-FEAT-DRIVER	L1-STATIC-XW,L1-STATIC-XDIAG,L1-STATIC-ZSTD-SPEC	COMPLETE-TILING-UNRESOLVED	L1-macho-regions	ownership=PRIMARY; file_size=2192824; region_sha256=e4331b4b5dff91084b34db4018c5905a016cdf9c0d74d02c0d5af88dabfc6bc6
L1-REG-UP-P2-tmp__phase2-evidence__literal-clean__quarantine-toolchain_15_2_0-run1__riscv-gnu-toolchain__output__bin__g++-0036	GCC-DRIVER	UPSTREAM-P2	tmp/phase2-evidence/literal-clean/quarantine-toolchain_15.2.0-run1/riscv-gnu-toolchain/output/bin/riscv32-wch-elf-g++	289153b0353586113fe81fb94fadd0ac5d0e1b587c2adbcab657056c5a1c87f7	1753088	1755856	2768	section:__DATA,__data	FUNCTIONAL-DATA-TABLE	L1-FEAT-DRIVER	L1-STATIC-XW,L1-STATIC-XDIAG,L1-STATIC-ZSTD-SPEC	COMPLETE-TILING-UNRESOLVED	L1-macho-regions	ownership=PRIMARY; file_size=2192824; region_sha256=9e1817a8538d9925e321ad57d321c8fb5a56404eadbdda6147fe35417fa1b488
L1-REG-UP-P2-tmp__phase2-evidence__literal-clean__quarantine-toolchain_15_2_0-run1__riscv-gnu-toolchain__output__bin__g++-0037	GCC-DRIVER	UPSTREAM-P2	tmp/phase2-evidence/literal-clean/quarantine-toolchain_15.2.0-run1/riscv-gnu-toolchain/output/bin/riscv32-wch-elf-g++	289153b0353586113fe81fb94fadd0ac5d0e1b587c2adbcab657056c5a1c87f7	1755856	1769472	13616	segment:__DATA	UNRESOLVED	L1-FEAT-DRIVER	L1-STATIC-XW,L1-STATIC-XDIAG,L1-STATIC-ZSTD-SPEC	COMPLETE-TILING-UNRESOLVED	L1-macho-regions	ownership=PRIMARY; file_size=2192824; region_sha256=df2a49e8ad39fc1deabf72892bd8580ae9bcb3fc839ba79f3e9fe15cb2a3d6fc
L1-REG-UP-P2-tmp__phase2-evidence__literal-clean__quarantine-toolchain_15_2_0-run1__riscv-gnu-toolchain__output__bin__g++-0038	GCC-DRIVER	UPSTREAM-P2	tmp/phase2-evidence/literal-clean/quarantine-toolchain_15.2.0-run1/riscv-gnu-toolchain/output/bin/riscv32-wch-elf-g++	289153b0353586113fe81fb94fadd0ac5d0e1b587c2adbcab657056c5a1c87f7	1769472	1774792	5320	LC_DYLD_CHAINED_FIXUPS:payload	LINK-LAYOUT	L1-FEAT-DRIVER	L1-STATIC-XW,L1-STATIC-XDIAG,L1-STATIC-ZSTD-SPEC	COMPLETE-TILING-UNRESOLVED	L1-macho-regions	ownership=PRIMARY; file_size=2192824; region_sha256=8ef7ad9bc4b8f1f7c3a175594f6d6f64712ad81b9b20f5bd1eb3723ae916ed4f
L1-REG-UP-P2-tmp__phase2-evidence__literal-clean__quarantine-toolchain_15_2_0-run1__riscv-gnu-toolchain__output__bin__g++-0039	GCC-DRIVER	UPSTREAM-P2	tmp/phase2-evidence/literal-clean/quarantine-toolchain_15.2.0-run1/riscv-gnu-toolchain/output/bin/riscv32-wch-elf-g++	289153b0353586113fe81fb94fadd0ac5d0e1b587c2adbcab657056c5a1c87f7	1774792	1836016	61224	LC_DYLD_EXPORTS_TRIE:payload	LINK-LAYOUT	L1-FEAT-DRIVER	L1-STATIC-XW,L1-STATIC-XDIAG,L1-STATIC-ZSTD-SPEC	COMPLETE-TILING-UNRESOLVED	L1-macho-regions	ownership=PRIMARY; file_size=2192824; region_sha256=52c8ef287d57a72f24117924d0ce85089e21dc5f035878fe7cc49fb240047fde
L1-REG-UP-P2-tmp__phase2-evidence__literal-clean__quarantine-toolchain_15_2_0-run1__riscv-gnu-toolchain__output__bin__g++-0040	GCC-DRIVER	UPSTREAM-P2	tmp/phase2-evidence/literal-clean/quarantine-toolchain_15.2.0-run1/riscv-gnu-toolchain/output/bin/riscv32-wch-elf-g++	289153b0353586113fe81fb94fadd0ac5d0e1b587c2adbcab657056c5a1c87f7	1836016	1839248	3232	LC_FUNCTION_STARTS:payload	STRIP/DEBUG/SYMBOL-LAYOUT	L1-FEAT-DRIVER	L1-STATIC-XW,L1-STATIC-XDIAG,L1-STATIC-ZSTD-SPEC	COMPLETE-TILING-UNRESOLVED	L1-macho-regions	ownership=PRIMARY; file_size=2192824; region_sha256=4c7061056a42c0f4b00a164a950fd1fc9fc78e235edf15dfa4b60caa3b54b9aa
L1-REG-UP-P2-tmp__phase2-evidence__literal-clean__quarantine-toolchain_15_2_0-run1__riscv-gnu-toolchain__output__bin__g++-0041	GCC-DRIVER	UPSTREAM-P2	tmp/phase2-evidence/literal-clean/quarantine-toolchain_15.2.0-run1/riscv-gnu-toolchain/output/bin/riscv32-wch-elf-g++	289153b0353586113fe81fb94fadd0ac5d0e1b587c2adbcab657056c5a1c87f7	1839248	2035632	196384	LC_SYMTAB:nlist_64	STRIP/DEBUG/SYMBOL-LAYOUT	L1-FEAT-DRIVER	L1-STATIC-XW,L1-STATIC-XDIAG,L1-STATIC-ZSTD-SPEC	COMPLETE-TILING-UNRESOLVED	L1-macho-regions	ownership=PRIMARY; file_size=2192824; region_sha256=a036fb712c96da9aabc0f79e4517e48d4573047219d69d031b8acd0bc9af7551
L1-REG-UP-P2-tmp__phase2-evidence__literal-clean__quarantine-toolchain_15_2_0-run1__riscv-gnu-toolchain__output__bin__g++-0042	GCC-DRIVER	UPSTREAM-P2	tmp/phase2-evidence/literal-clean/quarantine-toolchain_15.2.0-run1/riscv-gnu-toolchain/output/bin/riscv32-wch-elf-g++	289153b0353586113fe81fb94fadd0ac5d0e1b587c2adbcab657056c5a1c87f7	2035632	2036960	1328	segment:__LINKEDIT	LINK-LAYOUT	L1-FEAT-DRIVER	L1-STATIC-XW,L1-STATIC-XDIAG,L1-STATIC-ZSTD-SPEC	COMPLETE-TILING-UNRESOLVED	L1-macho-regions	ownership=PRIMARY; file_size=2192824; region_sha256=9863f84974e0e5452e27eac9366ddfa025b470dc5356a55c568a726e0333431d
L1-REG-UP-P2-tmp__phase2-evidence__literal-clean__quarantine-toolchain_15_2_0-run1__riscv-gnu-toolchain__output__bin__g++-0043	GCC-DRIVER	UPSTREAM-P2	tmp/phase2-evidence/literal-clean/quarantine-toolchain_15.2.0-run1/riscv-gnu-toolchain/output/bin/riscv32-wch-elf-g++	289153b0353586113fe81fb94fadd0ac5d0e1b587c2adbcab657056c5a1c87f7	2036960	2175672	138712	LC_SYMTAB:string_table	STRIP/DEBUG/SYMBOL-LAYOUT	L1-FEAT-DRIVER	L1-STATIC-XW,L1-STATIC-XDIAG,L1-STATIC-ZSTD-SPEC	COMPLETE-TILING-UNRESOLVED	L1-macho-regions	ownership=PRIMARY; file_size=2192824; region_sha256=45b1826bd3fe30cb0a421ae9664494ba4c24ea130f4f9ed6d9c65816470a939a
L1-REG-UP-P2-tmp__phase2-evidence__literal-clean__quarantine-toolchain_15_2_0-run1__riscv-gnu-toolchain__output__bin__g++-0044	GCC-DRIVER	UPSTREAM-P2	tmp/phase2-evidence/literal-clean/quarantine-toolchain_15.2.0-run1/riscv-gnu-toolchain/output/bin/riscv32-wch-elf-g++	289153b0353586113fe81fb94fadd0ac5d0e1b587c2adbcab657056c5a1c87f7	2175672	2175680	8	segment:__LINKEDIT	LINK-LAYOUT	L1-FEAT-DRIVER	L1-STATIC-XW,L1-STATIC-XDIAG,L1-STATIC-ZSTD-SPEC	COMPLETE-TILING-UNRESOLVED	L1-macho-regions	ownership=PRIMARY; file_size=2192824; region_sha256=af5570f5a1810b7af78caf4bc70a660f0df51e42baf91d4de5b2328de0e83dfc
L1-REG-UP-P2-tmp__phase2-evidence__literal-clean__quarantine-toolchain_15_2_0-run1__riscv-gnu-toolchain__output__bin__g++-0045	GCC-DRIVER	UPSTREAM-P2	tmp/phase2-evidence/literal-clean/quarantine-toolchain_15.2.0-run1/riscv-gnu-toolchain/output/bin/riscv32-wch-elf-g++	289153b0353586113fe81fb94fadd0ac5d0e1b587c2adbcab657056c5a1c87f7	2175680	2192824	17144	LC_CODE_SIGNATURE:payload	SIGNATURE/UUID/BUILD-METADATA	L1-FEAT-DRIVER	L1-STATIC-XW,L1-STATIC-XDIAG,L1-STATIC-ZSTD-SPEC	COMPLETE-TILING-UNRESOLVED	L1-macho-regions	ownership=PRIMARY; file_size=2192824; region_sha256=72a1115385758fe4fd04a5c775c277a490260abf183e05d1eca4906c8293a164
L1-REG-UP-P2-tmp__phase2-evidence__literal-clean__quarantine-toolchain_15_2_0-run1__riscv-gnu-toolchain__output__bin__gcc-0001	GCC-DRIVER	UPSTREAM-P2	tmp/phase2-evidence/literal-clean/quarantine-toolchain_15.2.0-run1/riscv-gnu-toolchain/output/bin/riscv32-wch-elf-gcc	68cb089e582aeb83bfd007e6b884a82c6c450843c2b04d75ddc062ff8d2b6c0c	0	32	32	mach_header_64	SIGNATURE/UUID/BUILD-METADATA	L1-FEAT-DRIVER	L1-STATIC-XW,L1-STATIC-XDIAG,L1-STATIC-ZSTD-SPEC	COMPLETE-TILING-UNRESOLVED	L1-macho-regions	ownership=PRIMARY; file_size=2192824; region_sha256=08954c9497afe8aea0829ceb1816408e95f9e85573f06eea750fecd84c9d8947
L1-REG-UP-P2-tmp__phase2-evidence__literal-clean__quarantine-toolchain_15_2_0-run1__riscv-gnu-toolchain__output__bin__gcc-0002	GCC-DRIVER	UPSTREAM-P2	tmp/phase2-evidence/literal-clean/quarantine-toolchain_15.2.0-run1/riscv-gnu-toolchain/output/bin/riscv32-wch-elf-gcc	68cb089e582aeb83bfd007e6b884a82c6c450843c2b04d75ddc062ff8d2b6c0c	32	104	72	LC_SEGMENT_64[0]	SIGNATURE/UUID/BUILD-METADATA	L1-FEAT-DRIVER	L1-STATIC-XW,L1-STATIC-XDIAG,L1-STATIC-ZSTD-SPEC	COMPLETE-TILING-UNRESOLVED	L1-macho-regions	ownership=PRIMARY; file_size=2192824; region_sha256=38432a8fbcbe1ae9fdf9263fe1e4e948de98131833cc5e5333f375dcf5f6333f
L1-REG-UP-P2-tmp__phase2-evidence__literal-clean__quarantine-toolchain_15_2_0-run1__riscv-gnu-toolchain__output__bin__gcc-0003	GCC-DRIVER	UPSTREAM-P2	tmp/phase2-evidence/literal-clean/quarantine-toolchain_15.2.0-run1/riscv-gnu-toolchain/output/bin/riscv32-wch-elf-gcc	68cb089e582aeb83bfd007e6b884a82c6c450843c2b04d75ddc062ff8d2b6c0c	104	736	632	LC_SEGMENT_64[1]	SIGNATURE/UUID/BUILD-METADATA	L1-FEAT-DRIVER	L1-STATIC-XW,L1-STATIC-XDIAG,L1-STATIC-ZSTD-SPEC	COMPLETE-TILING-UNRESOLVED	L1-macho-regions	ownership=PRIMARY; file_size=2192824; region_sha256=86ec1497a804e0ec3d5a6b364cc43b28f7029337d05d3f1e0fff5196695fe266
L1-REG-UP-P2-tmp__phase2-evidence__literal-clean__quarantine-toolchain_15_2_0-run1__riscv-gnu-toolchain__output__bin__gcc-0004	GCC-DRIVER	UPSTREAM-P2	tmp/phase2-evidence/literal-clean/quarantine-toolchain_15.2.0-run1/riscv-gnu-toolchain/output/bin/riscv32-wch-elf-gcc	68cb089e582aeb83bfd007e6b884a82c6c450843c2b04d75ddc062ff8d2b6c0c	736	968	232	LC_SEGMENT_64[2]	SIGNATURE/UUID/BUILD-METADATA	L1-FEAT-DRIVER	L1-STATIC-XW,L1-STATIC-XDIAG,L1-STATIC-ZSTD-SPEC	COMPLETE-TILING-UNRESOLVED	L1-macho-regions	ownership=PRIMARY; file_size=2192824; region_sha256=4a69d3305c851f21fc28582666e61107c3ac84704aac69af7c8faca81f9c562b
L1-REG-UP-P2-tmp__phase2-evidence__literal-clean__quarantine-toolchain_15_2_0-run1__riscv-gnu-toolchain__output__bin__gcc-0005	GCC-DRIVER	UPSTREAM-P2	tmp/phase2-evidence/literal-clean/quarantine-toolchain_15.2.0-run1/riscv-gnu-toolchain/output/bin/riscv32-wch-elf-gcc	68cb089e582aeb83bfd007e6b884a82c6c450843c2b04d75ddc062ff8d2b6c0c	968	1280	312	LC_SEGMENT_64[3]	SIGNATURE/UUID/BUILD-METADATA	L1-FEAT-DRIVER	L1-STATIC-XW,L1-STATIC-XDIAG,L1-STATIC-ZSTD-SPEC	COMPLETE-TILING-UNRESOLVED	L1-macho-regions	ownership=PRIMARY; file_size=2192824; region_sha256=84ac7fae8149e4bb7ed8115342fa74881263b37850225bfefd5abd285efbe4d0
L1-REG-UP-P2-tmp__phase2-evidence__literal-clean__quarantine-toolchain_15_2_0-run1__riscv-gnu-toolchain__output__bin__gcc-0006	GCC-DRIVER	UPSTREAM-P2	tmp/phase2-evidence/literal-clean/quarantine-toolchain_15.2.0-run1/riscv-gnu-toolchain/output/bin/riscv32-wch-elf-gcc	68cb089e582aeb83bfd007e6b884a82c6c450843c2b04d75ddc062ff8d2b6c0c	1280	1352	72	LC_SEGMENT_64[4]	SIGNATURE/UUID/BUILD-METADATA	L1-FEAT-DRIVER	L1-STATIC-XW,L1-STATIC-XDIAG,L1-STATIC-ZSTD-SPEC	COMPLETE-TILING-UNRESOLVED	L1-macho-regions	ownership=PRIMARY; file_size=2192824; region_sha256=2bf6dad1cc0696920e9f2a872858390fee042dec7eff5d8505f64f64db91deac
L1-REG-UP-P2-tmp__phase2-evidence__literal-clean__quarantine-toolchain_15_2_0-run1__riscv-gnu-toolchain__output__bin__gcc-0007	GCC-DRIVER	UPSTREAM-P2	tmp/phase2-evidence/literal-clean/quarantine-toolchain_15.2.0-run1/riscv-gnu-toolchain/output/bin/riscv32-wch-elf-gcc	68cb089e582aeb83bfd007e6b884a82c6c450843c2b04d75ddc062ff8d2b6c0c	1352	1368	16	LC_DYLD_CHAINED_FIXUPS[5]	SIGNATURE/UUID/BUILD-METADATA	L1-FEAT-DRIVER	L1-STATIC-XW,L1-STATIC-XDIAG,L1-STATIC-ZSTD-SPEC	COMPLETE-TILING-UNRESOLVED	L1-macho-regions	ownership=PRIMARY; file_size=2192824; region_sha256=0b066c8f9dcb146311b6bb677532d2b3c729c8bf04aa59480dc2e3ecd831cfd9
L1-REG-UP-P2-tmp__phase2-evidence__literal-clean__quarantine-toolchain_15_2_0-run1__riscv-gnu-toolchain__output__bin__gcc-0008	GCC-DRIVER	UPSTREAM-P2	tmp/phase2-evidence/literal-clean/quarantine-toolchain_15.2.0-run1/riscv-gnu-toolchain/output/bin/riscv32-wch-elf-gcc	68cb089e582aeb83bfd007e6b884a82c6c450843c2b04d75ddc062ff8d2b6c0c	1368	1384	16	LC_DYLD_EXPORTS_TRIE[6]	SIGNATURE/UUID/BUILD-METADATA	L1-FEAT-DRIVER	L1-STATIC-XW,L1-STATIC-XDIAG,L1-STATIC-ZSTD-SPEC	COMPLETE-TILING-UNRESOLVED	L1-macho-regions	ownership=PRIMARY; file_size=2192824; region_sha256=b41f80f40c7873af49d337b93a1c03143a6f49db21c3bd843e94237c920357a3
L1-REG-UP-P2-tmp__phase2-evidence__literal-clean__quarantine-toolchain_15_2_0-run1__riscv-gnu-toolchain__output__bin__gcc-0009	GCC-DRIVER	UPSTREAM-P2	tmp/phase2-evidence/literal-clean/quarantine-toolchain_15.2.0-run1/riscv-gnu-toolchain/output/bin/riscv32-wch-elf-gcc	68cb089e582aeb83bfd007e6b884a82c6c450843c2b04d75ddc062ff8d2b6c0c	1384	1408	24	LC_SYMTAB[7]	SIGNATURE/UUID/BUILD-METADATA	L1-FEAT-DRIVER	L1-STATIC-XW,L1-STATIC-XDIAG,L1-STATIC-ZSTD-SPEC	COMPLETE-TILING-UNRESOLVED	L1-macho-regions	ownership=PRIMARY; file_size=2192824; region_sha256=2057ded5b6e50f4a926a49b952888e83fbd4e6ff0826ea2e57b696a9bce51a0d
L1-REG-UP-P2-tmp__phase2-evidence__literal-clean__quarantine-toolchain_15_2_0-run1__riscv-gnu-toolchain__output__bin__gcc-0010	GCC-DRIVER	UPSTREAM-P2	tmp/phase2-evidence/literal-clean/quarantine-toolchain_15.2.0-run1/riscv-gnu-toolchain/output/bin/riscv32-wch-elf-gcc	68cb089e582aeb83bfd007e6b884a82c6c450843c2b04d75ddc062ff8d2b6c0c	1408	1488	80	LC_DYSYMTAB[8]	SIGNATURE/UUID/BUILD-METADATA	L1-FEAT-DRIVER	L1-STATIC-XW,L1-STATIC-XDIAG,L1-STATIC-ZSTD-SPEC	COMPLETE-TILING-UNRESOLVED	L1-macho-regions	ownership=PRIMARY; file_size=2192824; region_sha256=26b3acc2094e0e319945ce5ce739260e77f74fa8ce2c0886acf16fdbb67cd373
L1-REG-UP-P2-tmp__phase2-evidence__literal-clean__quarantine-toolchain_15_2_0-run1__riscv-gnu-toolchain__output__bin__gcc-0011	GCC-DRIVER	UPSTREAM-P2	tmp/phase2-evidence/literal-clean/quarantine-toolchain_15.2.0-run1/riscv-gnu-toolchain/output/bin/riscv32-wch-elf-gcc	68cb089e582aeb83bfd007e6b884a82c6c450843c2b04d75ddc062ff8d2b6c0c	1488	1520	32	LC_LOAD_DYLINKER[9]	PACKAGING/DEPENDENCY	L1-FEAT-DRIVER	L1-STATIC-XW,L1-STATIC-XDIAG,L1-STATIC-ZSTD-SPEC	COMPLETE-TILING-UNRESOLVED	L1-macho-regions	ownership=PRIMARY; file_size=2192824; region_sha256=44316cf4f366f41aa06996613c44af75e34479362928faf61a168c2a203b5999
L1-REG-UP-P2-tmp__phase2-evidence__literal-clean__quarantine-toolchain_15_2_0-run1__riscv-gnu-toolchain__output__bin__gcc-0012	GCC-DRIVER	UPSTREAM-P2	tmp/phase2-evidence/literal-clean/quarantine-toolchain_15.2.0-run1/riscv-gnu-toolchain/output/bin/riscv32-wch-elf-gcc	68cb089e582aeb83bfd007e6b884a82c6c450843c2b04d75ddc062ff8d2b6c0c	1520	1544	24	LC_UUID[10]	SIGNATURE/UUID/BUILD-METADATA	L1-FEAT-DRIVER	L1-STATIC-XW,L1-STATIC-XDIAG,L1-STATIC-ZSTD-SPEC	COMPLETE-TILING-UNRESOLVED	L1-macho-regions	ownership=PRIMARY; file_size=2192824; region_sha256=61f5e5fd60dde19a2da2ae9b2a4c7d3b753aa0afd35fc2a77c8fcfc24a51399e
L1-REG-UP-P2-tmp__phase2-evidence__literal-clean__quarantine-toolchain_15_2_0-run1__riscv-gnu-toolchain__output__bin__gcc-0013	GCC-DRIVER	UPSTREAM-P2	tmp/phase2-evidence/literal-clean/quarantine-toolchain_15.2.0-run1/riscv-gnu-toolchain/output/bin/riscv32-wch-elf-gcc	68cb089e582aeb83bfd007e6b884a82c6c450843c2b04d75ddc062ff8d2b6c0c	1544	1576	32	LC_BUILD_VERSION[11]	SIGNATURE/UUID/BUILD-METADATA	L1-FEAT-DRIVER	L1-STATIC-XW,L1-STATIC-XDIAG,L1-STATIC-ZSTD-SPEC	COMPLETE-TILING-UNRESOLVED	L1-macho-regions	ownership=PRIMARY; file_size=2192824; region_sha256=06be0acc3151d0cb3a5720312a0ae05bf2376d394c98194de6f77801b59ab2e0
L1-REG-UP-P2-tmp__phase2-evidence__literal-clean__quarantine-toolchain_15_2_0-run1__riscv-gnu-toolchain__output__bin__gcc-0014	GCC-DRIVER	UPSTREAM-P2	tmp/phase2-evidence/literal-clean/quarantine-toolchain_15.2.0-run1/riscv-gnu-toolchain/output/bin/riscv32-wch-elf-gcc	68cb089e582aeb83bfd007e6b884a82c6c450843c2b04d75ddc062ff8d2b6c0c	1576	1592	16	LC_SOURCE_VERSION[12]	SIGNATURE/UUID/BUILD-METADATA	L1-FEAT-DRIVER	L1-STATIC-XW,L1-STATIC-XDIAG,L1-STATIC-ZSTD-SPEC	COMPLETE-TILING-UNRESOLVED	L1-macho-regions	ownership=PRIMARY; file_size=2192824; region_sha256=01a60f1db7db041298aa3e269ff5ebea951aa6977963e4ab563905da906d2b82
L1-REG-UP-P2-tmp__phase2-evidence__literal-clean__quarantine-toolchain_15_2_0-run1__riscv-gnu-toolchain__output__bin__gcc-0015	GCC-DRIVER	UPSTREAM-P2	tmp/phase2-evidence/literal-clean/quarantine-toolchain_15.2.0-run1/riscv-gnu-toolchain/output/bin/riscv32-wch-elf-gcc	68cb089e582aeb83bfd007e6b884a82c6c450843c2b04d75ddc062ff8d2b6c0c	1592	1616	24	LC_MAIN[13]	SIGNATURE/UUID/BUILD-METADATA	L1-FEAT-DRIVER	L1-STATIC-XW,L1-STATIC-XDIAG,L1-STATIC-ZSTD-SPEC	COMPLETE-TILING-UNRESOLVED	L1-macho-regions	ownership=PRIMARY; file_size=2192824; region_sha256=dfb2e7c262c93bdbe3471ef2359798698f758e2975ea2362dfbdb82f9dfcd602
L1-REG-UP-P2-tmp__phase2-evidence__literal-clean__quarantine-toolchain_15_2_0-run1__riscv-gnu-toolchain__output__bin__gcc-0016	GCC-DRIVER	UPSTREAM-P2	tmp/phase2-evidence/literal-clean/quarantine-toolchain_15.2.0-run1/riscv-gnu-toolchain/output/bin/riscv32-wch-elf-gcc	68cb089e582aeb83bfd007e6b884a82c6c450843c2b04d75ddc062ff8d2b6c0c	1616	1672	56	LC_LOAD_DYLIB[14]	PACKAGING/DEPENDENCY	L1-FEAT-DRIVER	L1-STATIC-XW,L1-STATIC-XDIAG,L1-STATIC-ZSTD-SPEC	COMPLETE-TILING-UNRESOLVED	L1-macho-regions	ownership=PRIMARY; file_size=2192824; region_sha256=1a489c8b895a1c5fa426d2f6bdf524fa8d9c8227923ea0a7bb3a194fd92823ea
L1-REG-UP-P2-tmp__phase2-evidence__literal-clean__quarantine-toolchain_15_2_0-run1__riscv-gnu-toolchain__output__bin__gcc-0017	GCC-DRIVER	UPSTREAM-P2	tmp/phase2-evidence/literal-clean/quarantine-toolchain_15.2.0-run1/riscv-gnu-toolchain/output/bin/riscv32-wch-elf-gcc	68cb089e582aeb83bfd007e6b884a82c6c450843c2b04d75ddc062ff8d2b6c0c	1672	1720	48	LC_LOAD_DYLIB[15]	PACKAGING/DEPENDENCY	L1-FEAT-DRIVER	L1-STATIC-XW,L1-STATIC-XDIAG,L1-STATIC-ZSTD-SPEC	COMPLETE-TILING-UNRESOLVED	L1-macho-regions	ownership=PRIMARY; file_size=2192824; region_sha256=7745a4d4639b8f1de3e38beb445632a5df37fca6950234b1d83a4278c5dd4c0e
L1-REG-UP-P2-tmp__phase2-evidence__literal-clean__quarantine-toolchain_15_2_0-run1__riscv-gnu-toolchain__output__bin__gcc-0018	GCC-DRIVER	UPSTREAM-P2	tmp/phase2-evidence/literal-clean/quarantine-toolchain_15.2.0-run1/riscv-gnu-toolchain/output/bin/riscv32-wch-elf-gcc	68cb089e582aeb83bfd007e6b884a82c6c450843c2b04d75ddc062ff8d2b6c0c	1720	1776	56	LC_LOAD_DYLIB[16]	PACKAGING/DEPENDENCY	L1-FEAT-DRIVER	L1-STATIC-XW,L1-STATIC-XDIAG,L1-STATIC-ZSTD-SPEC	COMPLETE-TILING-UNRESOLVED	L1-macho-regions	ownership=PRIMARY; file_size=2192824; region_sha256=ffa45af4ce6b7780727be9b2f2f9ca0b35932363e311b247d840ef9da1bdc1f5
L1-REG-UP-P2-tmp__phase2-evidence__literal-clean__quarantine-toolchain_15_2_0-run1__riscv-gnu-toolchain__output__bin__gcc-0019	GCC-DRIVER	UPSTREAM-P2	tmp/phase2-evidence/literal-clean/quarantine-toolchain_15.2.0-run1/riscv-gnu-toolchain/output/bin/riscv32-wch-elf-gcc	68cb089e582aeb83bfd007e6b884a82c6c450843c2b04d75ddc062ff8d2b6c0c	1776	1792	16	LC_FUNCTION_STARTS[17]	SIGNATURE/UUID/BUILD-METADATA	L1-FEAT-DRIVER	L1-STATIC-XW,L1-STATIC-XDIAG,L1-STATIC-ZSTD-SPEC	COMPLETE-TILING-UNRESOLVED	L1-macho-regions	ownership=PRIMARY; file_size=2192824; region_sha256=2f5fa838acc64aea7cb290d200989688ce44ad356b6b21ebad703c4ef0ddeecf
L1-REG-UP-P2-tmp__phase2-evidence__literal-clean__quarantine-toolchain_15_2_0-run1__riscv-gnu-toolchain__output__bin__gcc-0020	GCC-DRIVER	UPSTREAM-P2	tmp/phase2-evidence/literal-clean/quarantine-toolchain_15.2.0-run1/riscv-gnu-toolchain/output/bin/riscv32-wch-elf-gcc	68cb089e582aeb83bfd007e6b884a82c6c450843c2b04d75ddc062ff8d2b6c0c	1792	1808	16	LC_DATA_IN_CODE[18]	SIGNATURE/UUID/BUILD-METADATA	L1-FEAT-DRIVER	L1-STATIC-XW,L1-STATIC-XDIAG,L1-STATIC-ZSTD-SPEC	COMPLETE-TILING-UNRESOLVED	L1-macho-regions	ownership=PRIMARY; file_size=2192824; region_sha256=0d48df73e9e9c3c93e35d849055cd0b81e4337106a0b81bd00b04bc866e9a7d1
L1-REG-UP-P2-tmp__phase2-evidence__literal-clean__quarantine-toolchain_15_2_0-run1__riscv-gnu-toolchain__output__bin__gcc-0021	GCC-DRIVER	UPSTREAM-P2	tmp/phase2-evidence/literal-clean/quarantine-toolchain_15.2.0-run1/riscv-gnu-toolchain/output/bin/riscv32-wch-elf-gcc	68cb089e582aeb83bfd007e6b884a82c6c450843c2b04d75ddc062ff8d2b6c0c	1808	1824	16	LC_CODE_SIGNATURE[19]	SIGNATURE/UUID/BUILD-METADATA	L1-FEAT-DRIVER	L1-STATIC-XW,L1-STATIC-XDIAG,L1-STATIC-ZSTD-SPEC	COMPLETE-TILING-UNRESOLVED	L1-macho-regions	ownership=PRIMARY; file_size=2192824; region_sha256=a373db9f87171a31e6a3d656598adf88da2b87fe3f8cf682300e327251cc4b39
L1-REG-UP-P2-tmp__phase2-evidence__literal-clean__quarantine-toolchain_15_2_0-run1__riscv-gnu-toolchain__output__bin__gcc-0022	GCC-DRIVER	UPSTREAM-P2	tmp/phase2-evidence/literal-clean/quarantine-toolchain_15.2.0-run1/riscv-gnu-toolchain/output/bin/riscv32-wch-elf-gcc	68cb089e582aeb83bfd007e6b884a82c6c450843c2b04d75ddc062ff8d2b6c0c	1824	1864	40	segment:__TEXT	UNRESOLVED	L1-FEAT-DRIVER	L1-STATIC-XW,L1-STATIC-XDIAG,L1-STATIC-ZSTD-SPEC	COMPLETE-TILING-UNRESOLVED	L1-macho-regions	ownership=PRIMARY; file_size=2192824; region_sha256=2c34ce1df23b838c5abf2a7f6437cca3d3067ed509ff25f11df6b11b582b51eb
L1-REG-UP-P2-tmp__phase2-evidence__literal-clean__quarantine-toolchain_15_2_0-run1__riscv-gnu-toolchain__output__bin__gcc-0023	GCC-DRIVER	UPSTREAM-P2	tmp/phase2-evidence/literal-clean/quarantine-toolchain_15.2.0-run1/riscv-gnu-toolchain/output/bin/riscv32-wch-elf-gcc	68cb089e582aeb83bfd007e6b884a82c6c450843c2b04d75ddc062ff8d2b6c0c	1864	728524	726660	section:__TEXT,__text	FUNCTIONAL-CODE	L1-FEAT-DRIVER	L1-STATIC-XW,L1-STATIC-XDIAG,L1-STATIC-ZSTD-SPEC	COMPLETE-TILING-UNRESOLVED	L1-macho-regions	ownership=PRIMARY; file_size=2192824; region_sha256=a549eb53aab42310b92d1584528b8c129c7089c8c4e285993560b04847bcbb74
L1-REG-UP-P2-tmp__phase2-evidence__literal-clean__quarantine-toolchain_15_2_0-run1__riscv-gnu-toolchain__output__bin__gcc-0024	GCC-DRIVER	UPSTREAM-P2	tmp/phase2-evidence/literal-clean/quarantine-toolchain_15.2.0-run1/riscv-gnu-toolchain/output/bin/riscv32-wch-elf-gcc	68cb089e582aeb83bfd007e6b884a82c6c450843c2b04d75ddc062ff8d2b6c0c	728524	730336	1812	section:__TEXT,__stubs	UNRESOLVED	L1-FEAT-DRIVER	L1-STATIC-XW,L1-STATIC-XDIAG,L1-STATIC-ZSTD-SPEC	COMPLETE-TILING-UNRESOLVED	L1-macho-regions	ownership=PRIMARY; file_size=2192824; region_sha256=31936a43c4ffb4f7823413475f1023ebc49ec282667ff9cd4cd04fb552a046b5
L1-REG-UP-P2-tmp__phase2-evidence__literal-clean__quarantine-toolchain_15_2_0-run1__riscv-gnu-toolchain__output__bin__gcc-0025	GCC-DRIVER	UPSTREAM-P2	tmp/phase2-evidence/literal-clean/quarantine-toolchain_15.2.0-run1/riscv-gnu-toolchain/output/bin/riscv32-wch-elf-gcc	68cb089e582aeb83bfd007e6b884a82c6c450843c2b04d75ddc062ff8d2b6c0c	730336	730352	16	section:__TEXT,__init_offsets	UNRESOLVED	L1-FEAT-DRIVER	L1-STATIC-XW,L1-STATIC-XDIAG,L1-STATIC-ZSTD-SPEC	COMPLETE-TILING-UNRESOLVED	L1-macho-regions	ownership=PRIMARY; file_size=2192824; region_sha256=047c3a3067e9b387e908fe96cdc3f0d812054fe015e9a861c1ebe30548ad48b9
L1-REG-UP-P2-tmp__phase2-evidence__literal-clean__quarantine-toolchain_15_2_0-run1__riscv-gnu-toolchain__output__bin__gcc-0026	GCC-DRIVER	UPSTREAM-P2	tmp/phase2-evidence/literal-clean/quarantine-toolchain_15.2.0-run1/riscv-gnu-toolchain/output/bin/riscv32-wch-elf-gcc	68cb089e582aeb83bfd007e6b884a82c6c450843c2b04d75ddc062ff8d2b6c0c	730352	1082544	352192	section:__TEXT,__const	FUNCTIONAL-DATA-TABLE	L1-FEAT-DRIVER	L1-STATIC-XW,L1-STATIC-XDIAG,L1-STATIC-ZSTD-SPEC	COMPLETE-TILING-UNRESOLVED	L1-macho-regions	ownership=PRIMARY; file_size=2192824; region_sha256=20c502065189c23cf9c61fd40b0200831b921a0003d9dcf3d44acf99a2e3f0dd
L1-REG-UP-P2-tmp__phase2-evidence__literal-clean__quarantine-toolchain_15_2_0-run1__riscv-gnu-toolchain__output__bin__gcc-0027	GCC-DRIVER	UPSTREAM-P2	tmp/phase2-evidence/literal-clean/quarantine-toolchain_15.2.0-run1/riscv-gnu-toolchain/output/bin/riscv32-wch-elf-gcc	68cb089e582aeb83bfd007e6b884a82c6c450843c2b04d75ddc062ff8d2b6c0c	1082544	1416548	334004	section:__TEXT,__cstring	FUNCTIONAL-DATA-TABLE	L1-FEAT-DRIVER	L1-STATIC-XW,L1-STATIC-XDIAG,L1-STATIC-ZSTD-SPEC	COMPLETE-TILING-UNRESOLVED	L1-macho-regions	ownership=PRIMARY; file_size=2192824; region_sha256=d39bfa384dd927d9a71586e96781de6e0e5678c8fab31488665b44746c76861f
L1-REG-UP-P2-tmp__phase2-evidence__literal-clean__quarantine-toolchain_15_2_0-run1__riscv-gnu-toolchain__output__bin__gcc-0028	GCC-DRIVER	UPSTREAM-P2	tmp/phase2-evidence/literal-clean/quarantine-toolchain_15.2.0-run1/riscv-gnu-toolchain/output/bin/riscv32-wch-elf-gcc	68cb089e582aeb83bfd007e6b884a82c6c450843c2b04d75ddc062ff8d2b6c0c	1416548	1425716	9168	section:__TEXT,__unwind_info	FUNCTIONAL-DATA-TABLE	L1-FEAT-DRIVER	L1-STATIC-XW,L1-STATIC-XDIAG,L1-STATIC-ZSTD-SPEC	COMPLETE-TILING-UNRESOLVED	L1-macho-regions	ownership=PRIMARY; file_size=2192824; region_sha256=6b2322d90f8991e3b76d2aeb626d9a9fa68396578c1218472d93819aa3597959
L1-REG-UP-P2-tmp__phase2-evidence__literal-clean__quarantine-toolchain_15_2_0-run1__riscv-gnu-toolchain__output__bin__gcc-0029	GCC-DRIVER	UPSTREAM-P2	tmp/phase2-evidence/literal-clean/quarantine-toolchain_15.2.0-run1/riscv-gnu-toolchain/output/bin/riscv32-wch-elf-gcc	68cb089e582aeb83bfd007e6b884a82c6c450843c2b04d75ddc062ff8d2b6c0c	1425716	1425720	4	segment:__TEXT	UNRESOLVED	L1-FEAT-DRIVER	L1-STATIC-XW,L1-STATIC-XDIAG,L1-STATIC-ZSTD-SPEC	COMPLETE-TILING-UNRESOLVED	L1-macho-regions	ownership=PRIMARY; file_size=2192824; region_sha256=df3f619804a92fdb4057192dc43dd748ea778adc52bc498ce80524c014b81119
L1-REG-UP-P2-tmp__phase2-evidence__literal-clean__quarantine-toolchain_15_2_0-run1__riscv-gnu-toolchain__output__bin__gcc-0030	GCC-DRIVER	UPSTREAM-P2	tmp/phase2-evidence/literal-clean/quarantine-toolchain_15.2.0-run1/riscv-gnu-toolchain/output/bin/riscv32-wch-elf-gcc	68cb089e582aeb83bfd007e6b884a82c6c450843c2b04d75ddc062ff8d2b6c0c	1425720	1485404	59684	section:__TEXT,__eh_frame	FUNCTIONAL-DATA-TABLE	L1-FEAT-DRIVER	L1-STATIC-XW,L1-STATIC-XDIAG,L1-STATIC-ZSTD-SPEC	COMPLETE-TILING-UNRESOLVED	L1-macho-regions	ownership=PRIMARY; file_size=2192824; region_sha256=a0c0f10a88e1710c91abed4208f0bd8aadf2c230fce2ad9388615f653f411e9c
L1-REG-UP-P2-tmp__phase2-evidence__literal-clean__quarantine-toolchain_15_2_0-run1__riscv-gnu-toolchain__output__bin__gcc-0031	GCC-DRIVER	UPSTREAM-P2	tmp/phase2-evidence/literal-clean/quarantine-toolchain_15.2.0-run1/riscv-gnu-toolchain/output/bin/riscv32-wch-elf-gcc	68cb089e582aeb83bfd007e6b884a82c6c450843c2b04d75ddc062ff8d2b6c0c	1485404	1490944	5540	segment:__TEXT	UNRESOLVED	L1-FEAT-DRIVER	L1-STATIC-XW,L1-STATIC-XDIAG,L1-STATIC-ZSTD-SPEC	COMPLETE-TILING-UNRESOLVED	L1-macho-regions	ownership=PRIMARY; file_size=2192824; region_sha256=69afe952f4099beb8efe6801c3c14f4511fa197d15586d51e668204e452470ee
L1-REG-UP-P2-tmp__phase2-evidence__literal-clean__quarantine-toolchain_15_2_0-run1__riscv-gnu-toolchain__output__bin__gcc-0032	GCC-DRIVER	UPSTREAM-P2	tmp/phase2-evidence/literal-clean/quarantine-toolchain_15.2.0-run1/riscv-gnu-toolchain/output/bin/riscv32-wch-elf-gcc	68cb089e582aeb83bfd007e6b884a82c6c450843c2b04d75ddc062ff8d2b6c0c	1490944	1492384	1440	section:__DATA_CONST,__got	FUNCTIONAL-DATA-TABLE	L1-FEAT-DRIVER	L1-STATIC-XW,L1-STATIC-XDIAG,L1-STATIC-ZSTD-SPEC	COMPLETE-TILING-UNRESOLVED	L1-macho-regions	ownership=PRIMARY; file_size=2192824; region_sha256=ae03c576bd5a6e53357ca6cc25e6223122cace1798e64c329af57e5f269592f8
L1-REG-UP-P2-tmp__phase2-evidence__literal-clean__quarantine-toolchain_15_2_0-run1__riscv-gnu-toolchain__output__bin__gcc-0033	GCC-DRIVER	UPSTREAM-P2	tmp/phase2-evidence/literal-clean/quarantine-toolchain_15.2.0-run1/riscv-gnu-toolchain/output/bin/riscv32-wch-elf-gcc	68cb089e582aeb83bfd007e6b884a82c6c450843c2b04d75ddc062ff8d2b6c0c	1492384	1745888	253504	section:__DATA_CONST,__const	FUNCTIONAL-DATA-TABLE	L1-FEAT-DRIVER	L1-STATIC-XW,L1-STATIC-XDIAG,L1-STATIC-ZSTD-SPEC	COMPLETE-TILING-UNRESOLVED	L1-macho-regions	ownership=PRIMARY; file_size=2192824; region_sha256=10eed8e87304ea39e3ba6e20d208b925aa788e4933c7fa300da3f4872727f687
L1-REG-UP-P2-tmp__phase2-evidence__literal-clean__quarantine-toolchain_15_2_0-run1__riscv-gnu-toolchain__output__bin__gcc-0034	GCC-DRIVER	UPSTREAM-P2	tmp/phase2-evidence/literal-clean/quarantine-toolchain_15.2.0-run1/riscv-gnu-toolchain/output/bin/riscv32-wch-elf-gcc	68cb089e582aeb83bfd007e6b884a82c6c450843c2b04d75ddc062ff8d2b6c0c	1745888	1753088	7200	segment:__DATA_CONST	UNRESOLVED	L1-FEAT-DRIVER	L1-STATIC-XW,L1-STATIC-XDIAG,L1-STATIC-ZSTD-SPEC	COMPLETE-TILING-UNRESOLVED	L1-macho-regions	ownership=PRIMARY; file_size=2192824; region_sha256=e4331b4b5dff91084b34db4018c5905a016cdf9c0d74d02c0d5af88dabfc6bc6
L1-REG-UP-P2-tmp__phase2-evidence__literal-clean__quarantine-toolchain_15_2_0-run1__riscv-gnu-toolchain__output__bin__gcc-0035	GCC-DRIVER	UPSTREAM-P2	tmp/phase2-evidence/literal-clean/quarantine-toolchain_15.2.0-run1/riscv-gnu-toolchain/output/bin/riscv32-wch-elf-gcc	68cb089e582aeb83bfd007e6b884a82c6c450843c2b04d75ddc062ff8d2b6c0c	1753088	1755856	2768	section:__DATA,__data	FUNCTIONAL-DATA-TABLE	L1-FEAT-DRIVER	L1-STATIC-XW,L1-STATIC-XDIAG,L1-STATIC-ZSTD-SPEC	COMPLETE-TILING-UNRESOLVED	L1-macho-regions	ownership=PRIMARY; file_size=2192824; region_sha256=c70e34c6322567eae3aa8058c2b81468d55bba136974f38d55f75a734ee53e5e
L1-REG-UP-P2-tmp__phase2-evidence__literal-clean__quarantine-toolchain_15_2_0-run1__riscv-gnu-toolchain__output__bin__gcc-0036	GCC-DRIVER	UPSTREAM-P2	tmp/phase2-evidence/literal-clean/quarantine-toolchain_15.2.0-run1/riscv-gnu-toolchain/output/bin/riscv32-wch-elf-gcc	68cb089e582aeb83bfd007e6b884a82c6c450843c2b04d75ddc062ff8d2b6c0c	1755856	1769472	13616	segment:__DATA	UNRESOLVED	L1-FEAT-DRIVER	L1-STATIC-XW,L1-STATIC-XDIAG,L1-STATIC-ZSTD-SPEC	COMPLETE-TILING-UNRESOLVED	L1-macho-regions	ownership=PRIMARY; file_size=2192824; region_sha256=df2a49e8ad39fc1deabf72892bd8580ae9bcb3fc839ba79f3e9fe15cb2a3d6fc
L1-REG-UP-P2-tmp__phase2-evidence__literal-clean__quarantine-toolchain_15_2_0-run1__riscv-gnu-toolchain__output__bin__gcc-0037	GCC-DRIVER	UPSTREAM-P2	tmp/phase2-evidence/literal-clean/quarantine-toolchain_15.2.0-run1/riscv-gnu-toolchain/output/bin/riscv32-wch-elf-gcc	68cb089e582aeb83bfd007e6b884a82c6c450843c2b04d75ddc062ff8d2b6c0c	1769472	1774792	5320	LC_DYLD_CHAINED_FIXUPS:payload	LINK-LAYOUT	L1-FEAT-DRIVER	L1-STATIC-XW,L1-STATIC-XDIAG,L1-STATIC-ZSTD-SPEC	COMPLETE-TILING-UNRESOLVED	L1-macho-regions	ownership=PRIMARY; file_size=2192824; region_sha256=8ef7ad9bc4b8f1f7c3a175594f6d6f64712ad81b9b20f5bd1eb3723ae916ed4f
L1-REG-UP-P2-tmp__phase2-evidence__literal-clean__quarantine-toolchain_15_2_0-run1__riscv-gnu-toolchain__output__bin__gcc-0038	GCC-DRIVER	UPSTREAM-P2	tmp/phase2-evidence/literal-clean/quarantine-toolchain_15.2.0-run1/riscv-gnu-toolchain/output/bin/riscv32-wch-elf-gcc	68cb089e582aeb83bfd007e6b884a82c6c450843c2b04d75ddc062ff8d2b6c0c	1774792	1836016	61224	LC_DYLD_EXPORTS_TRIE:payload	LINK-LAYOUT	L1-FEAT-DRIVER	L1-STATIC-XW,L1-STATIC-XDIAG,L1-STATIC-ZSTD-SPEC	COMPLETE-TILING-UNRESOLVED	L1-macho-regions	ownership=PRIMARY; file_size=2192824; region_sha256=02f1a67623e11a9bf01123dcf2854700b604c028bf0d0630c65d92c0023b4015
L1-REG-UP-P2-tmp__phase2-evidence__literal-clean__quarantine-toolchain_15_2_0-run1__riscv-gnu-toolchain__output__bin__gcc-0039	GCC-DRIVER	UPSTREAM-P2	tmp/phase2-evidence/literal-clean/quarantine-toolchain_15.2.0-run1/riscv-gnu-toolchain/output/bin/riscv32-wch-elf-gcc	68cb089e582aeb83bfd007e6b884a82c6c450843c2b04d75ddc062ff8d2b6c0c	1836016	1839248	3232	LC_FUNCTION_STARTS:payload	STRIP/DEBUG/SYMBOL-LAYOUT	L1-FEAT-DRIVER	L1-STATIC-XW,L1-STATIC-XDIAG,L1-STATIC-ZSTD-SPEC	COMPLETE-TILING-UNRESOLVED	L1-macho-regions	ownership=PRIMARY; file_size=2192824; region_sha256=ef5576c1fb9d86c031b612513c7abab73fe0a56c1d46e8a604fa4f6771b2dc55
L1-REG-UP-P2-tmp__phase2-evidence__literal-clean__quarantine-toolchain_15_2_0-run1__riscv-gnu-toolchain__output__bin__gcc-0040	GCC-DRIVER	UPSTREAM-P2	tmp/phase2-evidence/literal-clean/quarantine-toolchain_15.2.0-run1/riscv-gnu-toolchain/output/bin/riscv32-wch-elf-gcc	68cb089e582aeb83bfd007e6b884a82c6c450843c2b04d75ddc062ff8d2b6c0c	1839248	2035632	196384	LC_SYMTAB:nlist_64	STRIP/DEBUG/SYMBOL-LAYOUT	L1-FEAT-DRIVER	L1-STATIC-XW,L1-STATIC-XDIAG,L1-STATIC-ZSTD-SPEC	COMPLETE-TILING-UNRESOLVED	L1-macho-regions	ownership=PRIMARY; file_size=2192824; region_sha256=e3b8cf236ef84bcd8c4402f3620160ce7afba1850ff72118efe05047e2c4e148
L1-REG-UP-P2-tmp__phase2-evidence__literal-clean__quarantine-toolchain_15_2_0-run1__riscv-gnu-toolchain__output__bin__gcc-0041	GCC-DRIVER	UPSTREAM-P2	tmp/phase2-evidence/literal-clean/quarantine-toolchain_15.2.0-run1/riscv-gnu-toolchain/output/bin/riscv32-wch-elf-gcc	68cb089e582aeb83bfd007e6b884a82c6c450843c2b04d75ddc062ff8d2b6c0c	2035632	2036960	1328	segment:__LINKEDIT	LINK-LAYOUT	L1-FEAT-DRIVER	L1-STATIC-XW,L1-STATIC-XDIAG,L1-STATIC-ZSTD-SPEC	COMPLETE-TILING-UNRESOLVED	L1-macho-regions	ownership=PRIMARY; file_size=2192824; region_sha256=9863f84974e0e5452e27eac9366ddfa025b470dc5356a55c568a726e0333431d
L1-REG-UP-P2-tmp__phase2-evidence__literal-clean__quarantine-toolchain_15_2_0-run1__riscv-gnu-toolchain__output__bin__gcc-0042	GCC-DRIVER	UPSTREAM-P2	tmp/phase2-evidence/literal-clean/quarantine-toolchain_15.2.0-run1/riscv-gnu-toolchain/output/bin/riscv32-wch-elf-gcc	68cb089e582aeb83bfd007e6b884a82c6c450843c2b04d75ddc062ff8d2b6c0c	2036960	2175672	138712	LC_SYMTAB:string_table	STRIP/DEBUG/SYMBOL-LAYOUT	L1-FEAT-DRIVER	L1-STATIC-XW,L1-STATIC-XDIAG,L1-STATIC-ZSTD-SPEC	COMPLETE-TILING-UNRESOLVED	L1-macho-regions	ownership=PRIMARY; file_size=2192824; region_sha256=d1c5c24e8e8f8acfe859f7e64b05808a262941f85e4fcb94b7a7727bc3a49f7e
L1-REG-UP-P2-tmp__phase2-evidence__literal-clean__quarantine-toolchain_15_2_0-run1__riscv-gnu-toolchain__output__bin__gcc-0043	GCC-DRIVER	UPSTREAM-P2	tmp/phase2-evidence/literal-clean/quarantine-toolchain_15.2.0-run1/riscv-gnu-toolchain/output/bin/riscv32-wch-elf-gcc	68cb089e582aeb83bfd007e6b884a82c6c450843c2b04d75ddc062ff8d2b6c0c	2175672	2175680	8	segment:__LINKEDIT	LINK-LAYOUT	L1-FEAT-DRIVER	L1-STATIC-XW,L1-STATIC-XDIAG,L1-STATIC-ZSTD-SPEC	COMPLETE-TILING-UNRESOLVED	L1-macho-regions	ownership=PRIMARY; file_size=2192824; region_sha256=af5570f5a1810b7af78caf4bc70a660f0df51e42baf91d4de5b2328de0e83dfc
L1-REG-UP-P2-tmp__phase2-evidence__literal-clean__quarantine-toolchain_15_2_0-run1__riscv-gnu-toolchain__output__bin__gcc-0044	GCC-DRIVER	UPSTREAM-P2	tmp/phase2-evidence/literal-clean/quarantine-toolchain_15.2.0-run1/riscv-gnu-toolchain/output/bin/riscv32-wch-elf-gcc	68cb089e582aeb83bfd007e6b884a82c6c450843c2b04d75ddc062ff8d2b6c0c	2175680	2192824	17144	LC_CODE_SIGNATURE:payload	SIGNATURE/UUID/BUILD-METADATA	L1-FEAT-DRIVER	L1-STATIC-XW,L1-STATIC-XDIAG,L1-STATIC-ZSTD-SPEC	COMPLETE-TILING-UNRESOLVED	L1-macho-regions	ownership=PRIMARY; file_size=2192824; region_sha256=ca179e8f6fcfd14dd2c8497d00ee350b974ec550fed3565eaf6cfa5f39178898
L1-REG-UP-P2-tmp__phase2-evidence__literal-clean__quarantine-toolchain_15_2_0-run1__riscv-gnu-toolchain__output__bin__gcc-15_2_0-0001	GCC-DRIVER	UPSTREAM-P2	tmp/phase2-evidence/literal-clean/quarantine-toolchain_15.2.0-run1/riscv-gnu-toolchain/output/bin/riscv32-wch-elf-gcc-15.2.0	68cb089e582aeb83bfd007e6b884a82c6c450843c2b04d75ddc062ff8d2b6c0c	0	32	32	mach_header_64	SIGNATURE/UUID/BUILD-METADATA	L1-FEAT-DRIVER	L1-STATIC-XW,L1-STATIC-XDIAG,L1-STATIC-ZSTD-SPEC	COMPLETE-TILING-UNRESOLVED	L1-macho-regions	ownership=PRIMARY; file_size=2192824; region_sha256=08954c9497afe8aea0829ceb1816408e95f9e85573f06eea750fecd84c9d8947
L1-REG-UP-P2-tmp__phase2-evidence__literal-clean__quarantine-toolchain_15_2_0-run1__riscv-gnu-toolchain__output__bin__gcc-15_2_0-0002	GCC-DRIVER	UPSTREAM-P2	tmp/phase2-evidence/literal-clean/quarantine-toolchain_15.2.0-run1/riscv-gnu-toolchain/output/bin/riscv32-wch-elf-gcc-15.2.0	68cb089e582aeb83bfd007e6b884a82c6c450843c2b04d75ddc062ff8d2b6c0c	32	104	72	LC_SEGMENT_64[0]	SIGNATURE/UUID/BUILD-METADATA	L1-FEAT-DRIVER	L1-STATIC-XW,L1-STATIC-XDIAG,L1-STATIC-ZSTD-SPEC	COMPLETE-TILING-UNRESOLVED	L1-macho-regions	ownership=PRIMARY; file_size=2192824; region_sha256=38432a8fbcbe1ae9fdf9263fe1e4e948de98131833cc5e5333f375dcf5f6333f
L1-REG-UP-P2-tmp__phase2-evidence__literal-clean__quarantine-toolchain_15_2_0-run1__riscv-gnu-toolchain__output__bin__gcc-15_2_0-0003	GCC-DRIVER	UPSTREAM-P2	tmp/phase2-evidence/literal-clean/quarantine-toolchain_15.2.0-run1/riscv-gnu-toolchain/output/bin/riscv32-wch-elf-gcc-15.2.0	68cb089e582aeb83bfd007e6b884a82c6c450843c2b04d75ddc062ff8d2b6c0c	104	736	632	LC_SEGMENT_64[1]	SIGNATURE/UUID/BUILD-METADATA	L1-FEAT-DRIVER	L1-STATIC-XW,L1-STATIC-XDIAG,L1-STATIC-ZSTD-SPEC	COMPLETE-TILING-UNRESOLVED	L1-macho-regions	ownership=PRIMARY; file_size=2192824; region_sha256=86ec1497a804e0ec3d5a6b364cc43b28f7029337d05d3f1e0fff5196695fe266
L1-REG-UP-P2-tmp__phase2-evidence__literal-clean__quarantine-toolchain_15_2_0-run1__riscv-gnu-toolchain__output__bin__gcc-15_2_0-0004	GCC-DRIVER	UPSTREAM-P2	tmp/phase2-evidence/literal-clean/quarantine-toolchain_15.2.0-run1/riscv-gnu-toolchain/output/bin/riscv32-wch-elf-gcc-15.2.0	68cb089e582aeb83bfd007e6b884a82c6c450843c2b04d75ddc062ff8d2b6c0c	736	968	232	LC_SEGMENT_64[2]	SIGNATURE/UUID/BUILD-METADATA	L1-FEAT-DRIVER	L1-STATIC-XW,L1-STATIC-XDIAG,L1-STATIC-ZSTD-SPEC	COMPLETE-TILING-UNRESOLVED	L1-macho-regions	ownership=PRIMARY; file_size=2192824; region_sha256=4a69d3305c851f21fc28582666e61107c3ac84704aac69af7c8faca81f9c562b
L1-REG-UP-P2-tmp__phase2-evidence__literal-clean__quarantine-toolchain_15_2_0-run1__riscv-gnu-toolchain__output__bin__gcc-15_2_0-0005	GCC-DRIVER	UPSTREAM-P2	tmp/phase2-evidence/literal-clean/quarantine-toolchain_15.2.0-run1/riscv-gnu-toolchain/output/bin/riscv32-wch-elf-gcc-15.2.0	68cb089e582aeb83bfd007e6b884a82c6c450843c2b04d75ddc062ff8d2b6c0c	968	1280	312	LC_SEGMENT_64[3]	SIGNATURE/UUID/BUILD-METADATA	L1-FEAT-DRIVER	L1-STATIC-XW,L1-STATIC-XDIAG,L1-STATIC-ZSTD-SPEC	COMPLETE-TILING-UNRESOLVED	L1-macho-regions	ownership=PRIMARY; file_size=2192824; region_sha256=84ac7fae8149e4bb7ed8115342fa74881263b37850225bfefd5abd285efbe4d0
L1-REG-UP-P2-tmp__phase2-evidence__literal-clean__quarantine-toolchain_15_2_0-run1__riscv-gnu-toolchain__output__bin__gcc-15_2_0-0006	GCC-DRIVER	UPSTREAM-P2	tmp/phase2-evidence/literal-clean/quarantine-toolchain_15.2.0-run1/riscv-gnu-toolchain/output/bin/riscv32-wch-elf-gcc-15.2.0	68cb089e582aeb83bfd007e6b884a82c6c450843c2b04d75ddc062ff8d2b6c0c	1280	1352	72	LC_SEGMENT_64[4]	SIGNATURE/UUID/BUILD-METADATA	L1-FEAT-DRIVER	L1-STATIC-XW,L1-STATIC-XDIAG,L1-STATIC-ZSTD-SPEC	COMPLETE-TILING-UNRESOLVED	L1-macho-regions	ownership=PRIMARY; file_size=2192824; region_sha256=2bf6dad1cc0696920e9f2a872858390fee042dec7eff5d8505f64f64db91deac
L1-REG-UP-P2-tmp__phase2-evidence__literal-clean__quarantine-toolchain_15_2_0-run1__riscv-gnu-toolchain__output__bin__gcc-15_2_0-0007	GCC-DRIVER	UPSTREAM-P2	tmp/phase2-evidence/literal-clean/quarantine-toolchain_15.2.0-run1/riscv-gnu-toolchain/output/bin/riscv32-wch-elf-gcc-15.2.0	68cb089e582aeb83bfd007e6b884a82c6c450843c2b04d75ddc062ff8d2b6c0c	1352	1368	16	LC_DYLD_CHAINED_FIXUPS[5]	SIGNATURE/UUID/BUILD-METADATA	L1-FEAT-DRIVER	L1-STATIC-XW,L1-STATIC-XDIAG,L1-STATIC-ZSTD-SPEC	COMPLETE-TILING-UNRESOLVED	L1-macho-regions	ownership=PRIMARY; file_size=2192824; region_sha256=0b066c8f9dcb146311b6bb677532d2b3c729c8bf04aa59480dc2e3ecd831cfd9
L1-REG-UP-P2-tmp__phase2-evidence__literal-clean__quarantine-toolchain_15_2_0-run1__riscv-gnu-toolchain__output__bin__gcc-15_2_0-0008	GCC-DRIVER	UPSTREAM-P2	tmp/phase2-evidence/literal-clean/quarantine-toolchain_15.2.0-run1/riscv-gnu-toolchain/output/bin/riscv32-wch-elf-gcc-15.2.0	68cb089e582aeb83bfd007e6b884a82c6c450843c2b04d75ddc062ff8d2b6c0c	1368	1384	16	LC_DYLD_EXPORTS_TRIE[6]	SIGNATURE/UUID/BUILD-METADATA	L1-FEAT-DRIVER	L1-STATIC-XW,L1-STATIC-XDIAG,L1-STATIC-ZSTD-SPEC	COMPLETE-TILING-UNRESOLVED	L1-macho-regions	ownership=PRIMARY; file_size=2192824; region_sha256=b41f80f40c7873af49d337b93a1c03143a6f49db21c3bd843e94237c920357a3
L1-REG-UP-P2-tmp__phase2-evidence__literal-clean__quarantine-toolchain_15_2_0-run1__riscv-gnu-toolchain__output__bin__gcc-15_2_0-0009	GCC-DRIVER	UPSTREAM-P2	tmp/phase2-evidence/literal-clean/quarantine-toolchain_15.2.0-run1/riscv-gnu-toolchain/output/bin/riscv32-wch-elf-gcc-15.2.0	68cb089e582aeb83bfd007e6b884a82c6c450843c2b04d75ddc062ff8d2b6c0c	1384	1408	24	LC_SYMTAB[7]	SIGNATURE/UUID/BUILD-METADATA	L1-FEAT-DRIVER	L1-STATIC-XW,L1-STATIC-XDIAG,L1-STATIC-ZSTD-SPEC	COMPLETE-TILING-UNRESOLVED	L1-macho-regions	ownership=PRIMARY; file_size=2192824; region_sha256=2057ded5b6e50f4a926a49b952888e83fbd4e6ff0826ea2e57b696a9bce51a0d
L1-REG-UP-P2-tmp__phase2-evidence__literal-clean__quarantine-toolchain_15_2_0-run1__riscv-gnu-toolchain__output__bin__gcc-15_2_0-0010	GCC-DRIVER	UPSTREAM-P2	tmp/phase2-evidence/literal-clean/quarantine-toolchain_15.2.0-run1/riscv-gnu-toolchain/output/bin/riscv32-wch-elf-gcc-15.2.0	68cb089e582aeb83bfd007e6b884a82c6c450843c2b04d75ddc062ff8d2b6c0c	1408	1488	80	LC_DYSYMTAB[8]	SIGNATURE/UUID/BUILD-METADATA	L1-FEAT-DRIVER	L1-STATIC-XW,L1-STATIC-XDIAG,L1-STATIC-ZSTD-SPEC	COMPLETE-TILING-UNRESOLVED	L1-macho-regions	ownership=PRIMARY; file_size=2192824; region_sha256=26b3acc2094e0e319945ce5ce739260e77f74fa8ce2c0886acf16fdbb67cd373
L1-REG-UP-P2-tmp__phase2-evidence__literal-clean__quarantine-toolchain_15_2_0-run1__riscv-gnu-toolchain__output__bin__gcc-15_2_0-0011	GCC-DRIVER	UPSTREAM-P2	tmp/phase2-evidence/literal-clean/quarantine-toolchain_15.2.0-run1/riscv-gnu-toolchain/output/bin/riscv32-wch-elf-gcc-15.2.0	68cb089e582aeb83bfd007e6b884a82c6c450843c2b04d75ddc062ff8d2b6c0c	1488	1520	32	LC_LOAD_DYLINKER[9]	PACKAGING/DEPENDENCY	L1-FEAT-DRIVER	L1-STATIC-XW,L1-STATIC-XDIAG,L1-STATIC-ZSTD-SPEC	COMPLETE-TILING-UNRESOLVED	L1-macho-regions	ownership=PRIMARY; file_size=2192824; region_sha256=44316cf4f366f41aa06996613c44af75e34479362928faf61a168c2a203b5999
L1-REG-UP-P2-tmp__phase2-evidence__literal-clean__quarantine-toolchain_15_2_0-run1__riscv-gnu-toolchain__output__bin__gcc-15_2_0-0012	GCC-DRIVER	UPSTREAM-P2	tmp/phase2-evidence/literal-clean/quarantine-toolchain_15.2.0-run1/riscv-gnu-toolchain/output/bin/riscv32-wch-elf-gcc-15.2.0	68cb089e582aeb83bfd007e6b884a82c6c450843c2b04d75ddc062ff8d2b6c0c	1520	1544	24	LC_UUID[10]	SIGNATURE/UUID/BUILD-METADATA	L1-FEAT-DRIVER	L1-STATIC-XW,L1-STATIC-XDIAG,L1-STATIC-ZSTD-SPEC	COMPLETE-TILING-UNRESOLVED	L1-macho-regions	ownership=PRIMARY; file_size=2192824; region_sha256=61f5e5fd60dde19a2da2ae9b2a4c7d3b753aa0afd35fc2a77c8fcfc24a51399e
L1-REG-UP-P2-tmp__phase2-evidence__literal-clean__quarantine-toolchain_15_2_0-run1__riscv-gnu-toolchain__output__bin__gcc-15_2_0-0013	GCC-DRIVER	UPSTREAM-P2	tmp/phase2-evidence/literal-clean/quarantine-toolchain_15.2.0-run1/riscv-gnu-toolchain/output/bin/riscv32-wch-elf-gcc-15.2.0	68cb089e582aeb83bfd007e6b884a82c6c450843c2b04d75ddc062ff8d2b6c0c	1544	1576	32	LC_BUILD_VERSION[11]	SIGNATURE/UUID/BUILD-METADATA	L1-FEAT-DRIVER	L1-STATIC-XW,L1-STATIC-XDIAG,L1-STATIC-ZSTD-SPEC	COMPLETE-TILING-UNRESOLVED	L1-macho-regions	ownership=PRIMARY; file_size=2192824; region_sha256=06be0acc3151d0cb3a5720312a0ae05bf2376d394c98194de6f77801b59ab2e0
L1-REG-UP-P2-tmp__phase2-evidence__literal-clean__quarantine-toolchain_15_2_0-run1__riscv-gnu-toolchain__output__bin__gcc-15_2_0-0014	GCC-DRIVER	UPSTREAM-P2	tmp/phase2-evidence/literal-clean/quarantine-toolchain_15.2.0-run1/riscv-gnu-toolchain/output/bin/riscv32-wch-elf-gcc-15.2.0	68cb089e582aeb83bfd007e6b884a82c6c450843c2b04d75ddc062ff8d2b6c0c	1576	1592	16	LC_SOURCE_VERSION[12]	SIGNATURE/UUID/BUILD-METADATA	L1-FEAT-DRIVER	L1-STATIC-XW,L1-STATIC-XDIAG,L1-STATIC-ZSTD-SPEC	COMPLETE-TILING-UNRESOLVED	L1-macho-regions	ownership=PRIMARY; file_size=2192824; region_sha256=01a60f1db7db041298aa3e269ff5ebea951aa6977963e4ab563905da906d2b82
L1-REG-UP-P2-tmp__phase2-evidence__literal-clean__quarantine-toolchain_15_2_0-run1__riscv-gnu-toolchain__output__bin__gcc-15_2_0-0015	GCC-DRIVER	UPSTREAM-P2	tmp/phase2-evidence/literal-clean/quarantine-toolchain_15.2.0-run1/riscv-gnu-toolchain/output/bin/riscv32-wch-elf-gcc-15.2.0	68cb089e582aeb83bfd007e6b884a82c6c450843c2b04d75ddc062ff8d2b6c0c	1592	1616	24	LC_MAIN[13]	SIGNATURE/UUID/BUILD-METADATA	L1-FEAT-DRIVER	L1-STATIC-XW,L1-STATIC-XDIAG,L1-STATIC-ZSTD-SPEC	COMPLETE-TILING-UNRESOLVED	L1-macho-regions	ownership=PRIMARY; file_size=2192824; region_sha256=dfb2e7c262c93bdbe3471ef2359798698f758e2975ea2362dfbdb82f9dfcd602
L1-REG-UP-P2-tmp__phase2-evidence__literal-clean__quarantine-toolchain_15_2_0-run1__riscv-gnu-toolchain__output__bin__gcc-15_2_0-0016	GCC-DRIVER	UPSTREAM-P2	tmp/phase2-evidence/literal-clean/quarantine-toolchain_15.2.0-run1/riscv-gnu-toolchain/output/bin/riscv32-wch-elf-gcc-15.2.0	68cb089e582aeb83bfd007e6b884a82c6c450843c2b04d75ddc062ff8d2b6c0c	1616	1672	56	LC_LOAD_DYLIB[14]	PACKAGING/DEPENDENCY	L1-FEAT-DRIVER	L1-STATIC-XW,L1-STATIC-XDIAG,L1-STATIC-ZSTD-SPEC	COMPLETE-TILING-UNRESOLVED	L1-macho-regions	ownership=PRIMARY; file_size=2192824; region_sha256=1a489c8b895a1c5fa426d2f6bdf524fa8d9c8227923ea0a7bb3a194fd92823ea
L1-REG-UP-P2-tmp__phase2-evidence__literal-clean__quarantine-toolchain_15_2_0-run1__riscv-gnu-toolchain__output__bin__gcc-15_2_0-0017	GCC-DRIVER	UPSTREAM-P2	tmp/phase2-evidence/literal-clean/quarantine-toolchain_15.2.0-run1/riscv-gnu-toolchain/output/bin/riscv32-wch-elf-gcc-15.2.0	68cb089e582aeb83bfd007e6b884a82c6c450843c2b04d75ddc062ff8d2b6c0c	1672	1720	48	LC_LOAD_DYLIB[15]	PACKAGING/DEPENDENCY	L1-FEAT-DRIVER	L1-STATIC-XW,L1-STATIC-XDIAG,L1-STATIC-ZSTD-SPEC	COMPLETE-TILING-UNRESOLVED	L1-macho-regions	ownership=PRIMARY; file_size=2192824; region_sha256=7745a4d4639b8f1de3e38beb445632a5df37fca6950234b1d83a4278c5dd4c0e
L1-REG-UP-P2-tmp__phase2-evidence__literal-clean__quarantine-toolchain_15_2_0-run1__riscv-gnu-toolchain__output__bin__gcc-15_2_0-0018	GCC-DRIVER	UPSTREAM-P2	tmp/phase2-evidence/literal-clean/quarantine-toolchain_15.2.0-run1/riscv-gnu-toolchain/output/bin/riscv32-wch-elf-gcc-15.2.0	68cb089e582aeb83bfd007e6b884a82c6c450843c2b04d75ddc062ff8d2b6c0c	1720	1776	56	LC_LOAD_DYLIB[16]	PACKAGING/DEPENDENCY	L1-FEAT-DRIVER	L1-STATIC-XW,L1-STATIC-XDIAG,L1-STATIC-ZSTD-SPEC	COMPLETE-TILING-UNRESOLVED	L1-macho-regions	ownership=PRIMARY; file_size=2192824; region_sha256=ffa45af4ce6b7780727be9b2f2f9ca0b35932363e311b247d840ef9da1bdc1f5
L1-REG-UP-P2-tmp__phase2-evidence__literal-clean__quarantine-toolchain_15_2_0-run1__riscv-gnu-toolchain__output__bin__gcc-15_2_0-0019	GCC-DRIVER	UPSTREAM-P2	tmp/phase2-evidence/literal-clean/quarantine-toolchain_15.2.0-run1/riscv-gnu-toolchain/output/bin/riscv32-wch-elf-gcc-15.2.0	68cb089e582aeb83bfd007e6b884a82c6c450843c2b04d75ddc062ff8d2b6c0c	1776	1792	16	LC_FUNCTION_STARTS[17]	SIGNATURE/UUID/BUILD-METADATA	L1-FEAT-DRIVER	L1-STATIC-XW,L1-STATIC-XDIAG,L1-STATIC-ZSTD-SPEC	COMPLETE-TILING-UNRESOLVED	L1-macho-regions	ownership=PRIMARY; file_size=2192824; region_sha256=2f5fa838acc64aea7cb290d200989688ce44ad356b6b21ebad703c4ef0ddeecf
L1-REG-UP-P2-tmp__phase2-evidence__literal-clean__quarantine-toolchain_15_2_0-run1__riscv-gnu-toolchain__output__bin__gcc-15_2_0-0020	GCC-DRIVER	UPSTREAM-P2	tmp/phase2-evidence/literal-clean/quarantine-toolchain_15.2.0-run1/riscv-gnu-toolchain/output/bin/riscv32-wch-elf-gcc-15.2.0	68cb089e582aeb83bfd007e6b884a82c6c450843c2b04d75ddc062ff8d2b6c0c	1792	1808	16	LC_DATA_IN_CODE[18]	SIGNATURE/UUID/BUILD-METADATA	L1-FEAT-DRIVER	L1-STATIC-XW,L1-STATIC-XDIAG,L1-STATIC-ZSTD-SPEC	COMPLETE-TILING-UNRESOLVED	L1-macho-regions	ownership=PRIMARY; file_size=2192824; region_sha256=0d48df73e9e9c3c93e35d849055cd0b81e4337106a0b81bd00b04bc866e9a7d1
L1-REG-UP-P2-tmp__phase2-evidence__literal-clean__quarantine-toolchain_15_2_0-run1__riscv-gnu-toolchain__output__bin__gcc-15_2_0-0021	GCC-DRIVER	UPSTREAM-P2	tmp/phase2-evidence/literal-clean/quarantine-toolchain_15.2.0-run1/riscv-gnu-toolchain/output/bin/riscv32-wch-elf-gcc-15.2.0	68cb089e582aeb83bfd007e6b884a82c6c450843c2b04d75ddc062ff8d2b6c0c	1808	1824	16	LC_CODE_SIGNATURE[19]	SIGNATURE/UUID/BUILD-METADATA	L1-FEAT-DRIVER	L1-STATIC-XW,L1-STATIC-XDIAG,L1-STATIC-ZSTD-SPEC	COMPLETE-TILING-UNRESOLVED	L1-macho-regions	ownership=PRIMARY; file_size=2192824; region_sha256=a373db9f87171a31e6a3d656598adf88da2b87fe3f8cf682300e327251cc4b39
L1-REG-UP-P2-tmp__phase2-evidence__literal-clean__quarantine-toolchain_15_2_0-run1__riscv-gnu-toolchain__output__bin__gcc-15_2_0-0022	GCC-DRIVER	UPSTREAM-P2	tmp/phase2-evidence/literal-clean/quarantine-toolchain_15.2.0-run1/riscv-gnu-toolchain/output/bin/riscv32-wch-elf-gcc-15.2.0	68cb089e582aeb83bfd007e6b884a82c6c450843c2b04d75ddc062ff8d2b6c0c	1824	1864	40	segment:__TEXT	UNRESOLVED	L1-FEAT-DRIVER	L1-STATIC-XW,L1-STATIC-XDIAG,L1-STATIC-ZSTD-SPEC	COMPLETE-TILING-UNRESOLVED	L1-macho-regions	ownership=PRIMARY; file_size=2192824; region_sha256=2c34ce1df23b838c5abf2a7f6437cca3d3067ed509ff25f11df6b11b582b51eb
L1-REG-UP-P2-tmp__phase2-evidence__literal-clean__quarantine-toolchain_15_2_0-run1__riscv-gnu-toolchain__output__bin__gcc-15_2_0-0023	GCC-DRIVER	UPSTREAM-P2	tmp/phase2-evidence/literal-clean/quarantine-toolchain_15.2.0-run1/riscv-gnu-toolchain/output/bin/riscv32-wch-elf-gcc-15.2.0	68cb089e582aeb83bfd007e6b884a82c6c450843c2b04d75ddc062ff8d2b6c0c	1864	728524	726660	section:__TEXT,__text	FUNCTIONAL-CODE	L1-FEAT-DRIVER	L1-STATIC-XW,L1-STATIC-XDIAG,L1-STATIC-ZSTD-SPEC	COMPLETE-TILING-UNRESOLVED	L1-macho-regions	ownership=PRIMARY; file_size=2192824; region_sha256=a549eb53aab42310b92d1584528b8c129c7089c8c4e285993560b04847bcbb74
L1-REG-UP-P2-tmp__phase2-evidence__literal-clean__quarantine-toolchain_15_2_0-run1__riscv-gnu-toolchain__output__bin__gcc-15_2_0-0024	GCC-DRIVER	UPSTREAM-P2	tmp/phase2-evidence/literal-clean/quarantine-toolchain_15.2.0-run1/riscv-gnu-toolchain/output/bin/riscv32-wch-elf-gcc-15.2.0	68cb089e582aeb83bfd007e6b884a82c6c450843c2b04d75ddc062ff8d2b6c0c	728524	730336	1812	section:__TEXT,__stubs	UNRESOLVED	L1-FEAT-DRIVER	L1-STATIC-XW,L1-STATIC-XDIAG,L1-STATIC-ZSTD-SPEC	COMPLETE-TILING-UNRESOLVED	L1-macho-regions	ownership=PRIMARY; file_size=2192824; region_sha256=31936a43c4ffb4f7823413475f1023ebc49ec282667ff9cd4cd04fb552a046b5
L1-REG-UP-P2-tmp__phase2-evidence__literal-clean__quarantine-toolchain_15_2_0-run1__riscv-gnu-toolchain__output__bin__gcc-15_2_0-0025	GCC-DRIVER	UPSTREAM-P2	tmp/phase2-evidence/literal-clean/quarantine-toolchain_15.2.0-run1/riscv-gnu-toolchain/output/bin/riscv32-wch-elf-gcc-15.2.0	68cb089e582aeb83bfd007e6b884a82c6c450843c2b04d75ddc062ff8d2b6c0c	730336	730352	16	section:__TEXT,__init_offsets	UNRESOLVED	L1-FEAT-DRIVER	L1-STATIC-XW,L1-STATIC-XDIAG,L1-STATIC-ZSTD-SPEC	COMPLETE-TILING-UNRESOLVED	L1-macho-regions	ownership=PRIMARY; file_size=2192824; region_sha256=047c3a3067e9b387e908fe96cdc3f0d812054fe015e9a861c1ebe30548ad48b9
L1-REG-UP-P2-tmp__phase2-evidence__literal-clean__quarantine-toolchain_15_2_0-run1__riscv-gnu-toolchain__output__bin__gcc-15_2_0-0026	GCC-DRIVER	UPSTREAM-P2	tmp/phase2-evidence/literal-clean/quarantine-toolchain_15.2.0-run1/riscv-gnu-toolchain/output/bin/riscv32-wch-elf-gcc-15.2.0	68cb089e582aeb83bfd007e6b884a82c6c450843c2b04d75ddc062ff8d2b6c0c	730352	1082544	352192	section:__TEXT,__const	FUNCTIONAL-DATA-TABLE	L1-FEAT-DRIVER	L1-STATIC-XW,L1-STATIC-XDIAG,L1-STATIC-ZSTD-SPEC	COMPLETE-TILING-UNRESOLVED	L1-macho-regions	ownership=PRIMARY; file_size=2192824; region_sha256=20c502065189c23cf9c61fd40b0200831b921a0003d9dcf3d44acf99a2e3f0dd
L1-REG-UP-P2-tmp__phase2-evidence__literal-clean__quarantine-toolchain_15_2_0-run1__riscv-gnu-toolchain__output__bin__gcc-15_2_0-0027	GCC-DRIVER	UPSTREAM-P2	tmp/phase2-evidence/literal-clean/quarantine-toolchain_15.2.0-run1/riscv-gnu-toolchain/output/bin/riscv32-wch-elf-gcc-15.2.0	68cb089e582aeb83bfd007e6b884a82c6c450843c2b04d75ddc062ff8d2b6c0c	1082544	1416548	334004	section:__TEXT,__cstring	FUNCTIONAL-DATA-TABLE	L1-FEAT-DRIVER	L1-STATIC-XW,L1-STATIC-XDIAG,L1-STATIC-ZSTD-SPEC	COMPLETE-TILING-UNRESOLVED	L1-macho-regions	ownership=PRIMARY; file_size=2192824; region_sha256=d39bfa384dd927d9a71586e96781de6e0e5678c8fab31488665b44746c76861f
L1-REG-UP-P2-tmp__phase2-evidence__literal-clean__quarantine-toolchain_15_2_0-run1__riscv-gnu-toolchain__output__bin__gcc-15_2_0-0028	GCC-DRIVER	UPSTREAM-P2	tmp/phase2-evidence/literal-clean/quarantine-toolchain_15.2.0-run1/riscv-gnu-toolchain/output/bin/riscv32-wch-elf-gcc-15.2.0	68cb089e582aeb83bfd007e6b884a82c6c450843c2b04d75ddc062ff8d2b6c0c	1416548	1425716	9168	section:__TEXT,__unwind_info	FUNCTIONAL-DATA-TABLE	L1-FEAT-DRIVER	L1-STATIC-XW,L1-STATIC-XDIAG,L1-STATIC-ZSTD-SPEC	COMPLETE-TILING-UNRESOLVED	L1-macho-regions	ownership=PRIMARY; file_size=2192824; region_sha256=6b2322d90f8991e3b76d2aeb626d9a9fa68396578c1218472d93819aa3597959
L1-REG-UP-P2-tmp__phase2-evidence__literal-clean__quarantine-toolchain_15_2_0-run1__riscv-gnu-toolchain__output__bin__gcc-15_2_0-0029	GCC-DRIVER	UPSTREAM-P2	tmp/phase2-evidence/literal-clean/quarantine-toolchain_15.2.0-run1/riscv-gnu-toolchain/output/bin/riscv32-wch-elf-gcc-15.2.0	68cb089e582aeb83bfd007e6b884a82c6c450843c2b04d75ddc062ff8d2b6c0c	1425716	1425720	4	segment:__TEXT	UNRESOLVED	L1-FEAT-DRIVER	L1-STATIC-XW,L1-STATIC-XDIAG,L1-STATIC-ZSTD-SPEC	COMPLETE-TILING-UNRESOLVED	L1-macho-regions	ownership=PRIMARY; file_size=2192824; region_sha256=df3f619804a92fdb4057192dc43dd748ea778adc52bc498ce80524c014b81119
L1-REG-UP-P2-tmp__phase2-evidence__literal-clean__quarantine-toolchain_15_2_0-run1__riscv-gnu-toolchain__output__bin__gcc-15_2_0-0030	GCC-DRIVER	UPSTREAM-P2	tmp/phase2-evidence/literal-clean/quarantine-toolchain_15.2.0-run1/riscv-gnu-toolchain/output/bin/riscv32-wch-elf-gcc-15.2.0	68cb089e582aeb83bfd007e6b884a82c6c450843c2b04d75ddc062ff8d2b6c0c	1425720	1485404	59684	section:__TEXT,__eh_frame	FUNCTIONAL-DATA-TABLE	L1-FEAT-DRIVER	L1-STATIC-XW,L1-STATIC-XDIAG,L1-STATIC-ZSTD-SPEC	COMPLETE-TILING-UNRESOLVED	L1-macho-regions	ownership=PRIMARY; file_size=2192824; region_sha256=a0c0f10a88e1710c91abed4208f0bd8aadf2c230fce2ad9388615f653f411e9c
L1-REG-UP-P2-tmp__phase2-evidence__literal-clean__quarantine-toolchain_15_2_0-run1__riscv-gnu-toolchain__output__bin__gcc-15_2_0-0031	GCC-DRIVER	UPSTREAM-P2	tmp/phase2-evidence/literal-clean/quarantine-toolchain_15.2.0-run1/riscv-gnu-toolchain/output/bin/riscv32-wch-elf-gcc-15.2.0	68cb089e582aeb83bfd007e6b884a82c6c450843c2b04d75ddc062ff8d2b6c0c	1485404	1490944	5540	segment:__TEXT	UNRESOLVED	L1-FEAT-DRIVER	L1-STATIC-XW,L1-STATIC-XDIAG,L1-STATIC-ZSTD-SPEC	COMPLETE-TILING-UNRESOLVED	L1-macho-regions	ownership=PRIMARY; file_size=2192824; region_sha256=69afe952f4099beb8efe6801c3c14f4511fa197d15586d51e668204e452470ee
L1-REG-UP-P2-tmp__phase2-evidence__literal-clean__quarantine-toolchain_15_2_0-run1__riscv-gnu-toolchain__output__bin__gcc-15_2_0-0032	GCC-DRIVER	UPSTREAM-P2	tmp/phase2-evidence/literal-clean/quarantine-toolchain_15.2.0-run1/riscv-gnu-toolchain/output/bin/riscv32-wch-elf-gcc-15.2.0	68cb089e582aeb83bfd007e6b884a82c6c450843c2b04d75ddc062ff8d2b6c0c	1490944	1492384	1440	section:__DATA_CONST,__got	FUNCTIONAL-DATA-TABLE	L1-FEAT-DRIVER	L1-STATIC-XW,L1-STATIC-XDIAG,L1-STATIC-ZSTD-SPEC	COMPLETE-TILING-UNRESOLVED	L1-macho-regions	ownership=PRIMARY; file_size=2192824; region_sha256=ae03c576bd5a6e53357ca6cc25e6223122cace1798e64c329af57e5f269592f8
L1-REG-UP-P2-tmp__phase2-evidence__literal-clean__quarantine-toolchain_15_2_0-run1__riscv-gnu-toolchain__output__bin__gcc-15_2_0-0033	GCC-DRIVER	UPSTREAM-P2	tmp/phase2-evidence/literal-clean/quarantine-toolchain_15.2.0-run1/riscv-gnu-toolchain/output/bin/riscv32-wch-elf-gcc-15.2.0	68cb089e582aeb83bfd007e6b884a82c6c450843c2b04d75ddc062ff8d2b6c0c	1492384	1745888	253504	section:__DATA_CONST,__const	FUNCTIONAL-DATA-TABLE	L1-FEAT-DRIVER	L1-STATIC-XW,L1-STATIC-XDIAG,L1-STATIC-ZSTD-SPEC	COMPLETE-TILING-UNRESOLVED	L1-macho-regions	ownership=PRIMARY; file_size=2192824; region_sha256=10eed8e87304ea39e3ba6e20d208b925aa788e4933c7fa300da3f4872727f687
L1-REG-UP-P2-tmp__phase2-evidence__literal-clean__quarantine-toolchain_15_2_0-run1__riscv-gnu-toolchain__output__bin__gcc-15_2_0-0034	GCC-DRIVER	UPSTREAM-P2	tmp/phase2-evidence/literal-clean/quarantine-toolchain_15.2.0-run1/riscv-gnu-toolchain/output/bin/riscv32-wch-elf-gcc-15.2.0	68cb089e582aeb83bfd007e6b884a82c6c450843c2b04d75ddc062ff8d2b6c0c	1745888	1753088	7200	segment:__DATA_CONST	UNRESOLVED	L1-FEAT-DRIVER	L1-STATIC-XW,L1-STATIC-XDIAG,L1-STATIC-ZSTD-SPEC	COMPLETE-TILING-UNRESOLVED	L1-macho-regions	ownership=PRIMARY; file_size=2192824; region_sha256=e4331b4b5dff91084b34db4018c5905a016cdf9c0d74d02c0d5af88dabfc6bc6
L1-REG-UP-P2-tmp__phase2-evidence__literal-clean__quarantine-toolchain_15_2_0-run1__riscv-gnu-toolchain__output__bin__gcc-15_2_0-0035	GCC-DRIVER	UPSTREAM-P2	tmp/phase2-evidence/literal-clean/quarantine-toolchain_15.2.0-run1/riscv-gnu-toolchain/output/bin/riscv32-wch-elf-gcc-15.2.0	68cb089e582aeb83bfd007e6b884a82c6c450843c2b04d75ddc062ff8d2b6c0c	1753088	1755856	2768	section:__DATA,__data	FUNCTIONAL-DATA-TABLE	L1-FEAT-DRIVER	L1-STATIC-XW,L1-STATIC-XDIAG,L1-STATIC-ZSTD-SPEC	COMPLETE-TILING-UNRESOLVED	L1-macho-regions	ownership=PRIMARY; file_size=2192824; region_sha256=c70e34c6322567eae3aa8058c2b81468d55bba136974f38d55f75a734ee53e5e
L1-REG-UP-P2-tmp__phase2-evidence__literal-clean__quarantine-toolchain_15_2_0-run1__riscv-gnu-toolchain__output__bin__gcc-15_2_0-0036	GCC-DRIVER	UPSTREAM-P2	tmp/phase2-evidence/literal-clean/quarantine-toolchain_15.2.0-run1/riscv-gnu-toolchain/output/bin/riscv32-wch-elf-gcc-15.2.0	68cb089e582aeb83bfd007e6b884a82c6c450843c2b04d75ddc062ff8d2b6c0c	1755856	1769472	13616	segment:__DATA	UNRESOLVED	L1-FEAT-DRIVER	L1-STATIC-XW,L1-STATIC-XDIAG,L1-STATIC-ZSTD-SPEC	COMPLETE-TILING-UNRESOLVED	L1-macho-regions	ownership=PRIMARY; file_size=2192824; region_sha256=df2a49e8ad39fc1deabf72892bd8580ae9bcb3fc839ba79f3e9fe15cb2a3d6fc
L1-REG-UP-P2-tmp__phase2-evidence__literal-clean__quarantine-toolchain_15_2_0-run1__riscv-gnu-toolchain__output__bin__gcc-15_2_0-0037	GCC-DRIVER	UPSTREAM-P2	tmp/phase2-evidence/literal-clean/quarantine-toolchain_15.2.0-run1/riscv-gnu-toolchain/output/bin/riscv32-wch-elf-gcc-15.2.0	68cb089e582aeb83bfd007e6b884a82c6c450843c2b04d75ddc062ff8d2b6c0c	1769472	1774792	5320	LC_DYLD_CHAINED_FIXUPS:payload	LINK-LAYOUT	L1-FEAT-DRIVER	L1-STATIC-XW,L1-STATIC-XDIAG,L1-STATIC-ZSTD-SPEC	COMPLETE-TILING-UNRESOLVED	L1-macho-regions	ownership=PRIMARY; file_size=2192824; region_sha256=8ef7ad9bc4b8f1f7c3a175594f6d6f64712ad81b9b20f5bd1eb3723ae916ed4f
L1-REG-UP-P2-tmp__phase2-evidence__literal-clean__quarantine-toolchain_15_2_0-run1__riscv-gnu-toolchain__output__bin__gcc-15_2_0-0038	GCC-DRIVER	UPSTREAM-P2	tmp/phase2-evidence/literal-clean/quarantine-toolchain_15.2.0-run1/riscv-gnu-toolchain/output/bin/riscv32-wch-elf-gcc-15.2.0	68cb089e582aeb83bfd007e6b884a82c6c450843c2b04d75ddc062ff8d2b6c0c	1774792	1836016	61224	LC_DYLD_EXPORTS_TRIE:payload	LINK-LAYOUT	L1-FEAT-DRIVER	L1-STATIC-XW,L1-STATIC-XDIAG,L1-STATIC-ZSTD-SPEC	COMPLETE-TILING-UNRESOLVED	L1-macho-regions	ownership=PRIMARY; file_size=2192824; region_sha256=02f1a67623e11a9bf01123dcf2854700b604c028bf0d0630c65d92c0023b4015
L1-REG-UP-P2-tmp__phase2-evidence__literal-clean__quarantine-toolchain_15_2_0-run1__riscv-gnu-toolchain__output__bin__gcc-15_2_0-0039	GCC-DRIVER	UPSTREAM-P2	tmp/phase2-evidence/literal-clean/quarantine-toolchain_15.2.0-run1/riscv-gnu-toolchain/output/bin/riscv32-wch-elf-gcc-15.2.0	68cb089e582aeb83bfd007e6b884a82c6c450843c2b04d75ddc062ff8d2b6c0c	1836016	1839248	3232	LC_FUNCTION_STARTS:payload	STRIP/DEBUG/SYMBOL-LAYOUT	L1-FEAT-DRIVER	L1-STATIC-XW,L1-STATIC-XDIAG,L1-STATIC-ZSTD-SPEC	COMPLETE-TILING-UNRESOLVED	L1-macho-regions	ownership=PRIMARY; file_size=2192824; region_sha256=ef5576c1fb9d86c031b612513c7abab73fe0a56c1d46e8a604fa4f6771b2dc55
L1-REG-UP-P2-tmp__phase2-evidence__literal-clean__quarantine-toolchain_15_2_0-run1__riscv-gnu-toolchain__output__bin__gcc-15_2_0-0040	GCC-DRIVER	UPSTREAM-P2	tmp/phase2-evidence/literal-clean/quarantine-toolchain_15.2.0-run1/riscv-gnu-toolchain/output/bin/riscv32-wch-elf-gcc-15.2.0	68cb089e582aeb83bfd007e6b884a82c6c450843c2b04d75ddc062ff8d2b6c0c	1839248	2035632	196384	LC_SYMTAB:nlist_64	STRIP/DEBUG/SYMBOL-LAYOUT	L1-FEAT-DRIVER	L1-STATIC-XW,L1-STATIC-XDIAG,L1-STATIC-ZSTD-SPEC	COMPLETE-TILING-UNRESOLVED	L1-macho-regions	ownership=PRIMARY; file_size=2192824; region_sha256=e3b8cf236ef84bcd8c4402f3620160ce7afba1850ff72118efe05047e2c4e148
L1-REG-UP-P2-tmp__phase2-evidence__literal-clean__quarantine-toolchain_15_2_0-run1__riscv-gnu-toolchain__output__bin__gcc-15_2_0-0041	GCC-DRIVER	UPSTREAM-P2	tmp/phase2-evidence/literal-clean/quarantine-toolchain_15.2.0-run1/riscv-gnu-toolchain/output/bin/riscv32-wch-elf-gcc-15.2.0	68cb089e582aeb83bfd007e6b884a82c6c450843c2b04d75ddc062ff8d2b6c0c	2035632	2036960	1328	segment:__LINKEDIT	LINK-LAYOUT	L1-FEAT-DRIVER	L1-STATIC-XW,L1-STATIC-XDIAG,L1-STATIC-ZSTD-SPEC	COMPLETE-TILING-UNRESOLVED	L1-macho-regions	ownership=PRIMARY; file_size=2192824; region_sha256=9863f84974e0e5452e27eac9366ddfa025b470dc5356a55c568a726e0333431d
L1-REG-UP-P2-tmp__phase2-evidence__literal-clean__quarantine-toolchain_15_2_0-run1__riscv-gnu-toolchain__output__bin__gcc-15_2_0-0042	GCC-DRIVER	UPSTREAM-P2	tmp/phase2-evidence/literal-clean/quarantine-toolchain_15.2.0-run1/riscv-gnu-toolchain/output/bin/riscv32-wch-elf-gcc-15.2.0	68cb089e582aeb83bfd007e6b884a82c6c450843c2b04d75ddc062ff8d2b6c0c	2036960	2175672	138712	LC_SYMTAB:string_table	STRIP/DEBUG/SYMBOL-LAYOUT	L1-FEAT-DRIVER	L1-STATIC-XW,L1-STATIC-XDIAG,L1-STATIC-ZSTD-SPEC	COMPLETE-TILING-UNRESOLVED	L1-macho-regions	ownership=PRIMARY; file_size=2192824; region_sha256=d1c5c24e8e8f8acfe859f7e64b05808a262941f85e4fcb94b7a7727bc3a49f7e
L1-REG-UP-P2-tmp__phase2-evidence__literal-clean__quarantine-toolchain_15_2_0-run1__riscv-gnu-toolchain__output__bin__gcc-15_2_0-0043	GCC-DRIVER	UPSTREAM-P2	tmp/phase2-evidence/literal-clean/quarantine-toolchain_15.2.0-run1/riscv-gnu-toolchain/output/bin/riscv32-wch-elf-gcc-15.2.0	68cb089e582aeb83bfd007e6b884a82c6c450843c2b04d75ddc062ff8d2b6c0c	2175672	2175680	8	segment:__LINKEDIT	LINK-LAYOUT	L1-FEAT-DRIVER	L1-STATIC-XW,L1-STATIC-XDIAG,L1-STATIC-ZSTD-SPEC	COMPLETE-TILING-UNRESOLVED	L1-macho-regions	ownership=PRIMARY; file_size=2192824; region_sha256=af5570f5a1810b7af78caf4bc70a660f0df51e42baf91d4de5b2328de0e83dfc
L1-REG-UP-P2-tmp__phase2-evidence__literal-clean__quarantine-toolchain_15_2_0-run1__riscv-gnu-toolchain__output__bin__gcc-15_2_0-0044	GCC-DRIVER	UPSTREAM-P2	tmp/phase2-evidence/literal-clean/quarantine-toolchain_15.2.0-run1/riscv-gnu-toolchain/output/bin/riscv32-wch-elf-gcc-15.2.0	68cb089e582aeb83bfd007e6b884a82c6c450843c2b04d75ddc062ff8d2b6c0c	2175680	2192824	17144	LC_CODE_SIGNATURE:payload	SIGNATURE/UUID/BUILD-METADATA	L1-FEAT-DRIVER	L1-STATIC-XW,L1-STATIC-XDIAG,L1-STATIC-ZSTD-SPEC	COMPLETE-TILING-UNRESOLVED	L1-macho-regions	ownership=PRIMARY; file_size=2192824; region_sha256=ca179e8f6fcfd14dd2c8497d00ee350b974ec550fed3565eaf6cfa5f39178898
L1-REG-WCH-ref__gcc__darwin-arm64__15_2_0__bin__c++-0001	GCC-DRIVER	WCH	ref/gcc/darwin-arm64/15.2.0/bin/riscv32-wch-elf-c++	24bbe1fbba1a3a2dab43cc88f02fb5da18a28894ca890d1ad9a6c35d97ed70fc	0	32	32	mach_header_64	SIGNATURE/UUID/BUILD-METADATA	L1-FEAT-DRIVER	L1-STATIC-XW,L1-STATIC-XDIAG,L1-STATIC-ZSTD-SPEC	COMPLETE-TILING-UNRESOLVED	L1-macho-regions	ownership=PRIMARY; file_size=1899024; region_sha256=08954c9497afe8aea0829ceb1816408e95f9e85573f06eea750fecd84c9d8947
L1-REG-WCH-ref__gcc__darwin-arm64__15_2_0__bin__c++-0002	GCC-DRIVER	WCH	ref/gcc/darwin-arm64/15.2.0/bin/riscv32-wch-elf-c++	24bbe1fbba1a3a2dab43cc88f02fb5da18a28894ca890d1ad9a6c35d97ed70fc	32	104	72	LC_SEGMENT_64[0]	SIGNATURE/UUID/BUILD-METADATA	L1-FEAT-DRIVER	L1-STATIC-XW,L1-STATIC-XDIAG,L1-STATIC-ZSTD-SPEC	COMPLETE-TILING-UNRESOLVED	L1-macho-regions	ownership=PRIMARY; file_size=1899024; region_sha256=38432a8fbcbe1ae9fdf9263fe1e4e948de98131833cc5e5333f375dcf5f6333f
L1-REG-WCH-ref__gcc__darwin-arm64__15_2_0__bin__c++-0003	GCC-DRIVER	WCH	ref/gcc/darwin-arm64/15.2.0/bin/riscv32-wch-elf-c++	24bbe1fbba1a3a2dab43cc88f02fb5da18a28894ca890d1ad9a6c35d97ed70fc	104	736	632	LC_SEGMENT_64[1]	SIGNATURE/UUID/BUILD-METADATA	L1-FEAT-DRIVER	L1-STATIC-XW,L1-STATIC-XDIAG,L1-STATIC-ZSTD-SPEC	COMPLETE-TILING-UNRESOLVED	L1-macho-regions	ownership=PRIMARY; file_size=1899024; region_sha256=8ab50117219480b7735ef5683adba16decb21b91de7a613798c64a5973ba7cbd
L1-REG-WCH-ref__gcc__darwin-arm64__15_2_0__bin__c++-0004	GCC-DRIVER	WCH	ref/gcc/darwin-arm64/15.2.0/bin/riscv32-wch-elf-c++	24bbe1fbba1a3a2dab43cc88f02fb5da18a28894ca890d1ad9a6c35d97ed70fc	736	968	232	LC_SEGMENT_64[2]	SIGNATURE/UUID/BUILD-METADATA	L1-FEAT-DRIVER	L1-STATIC-XW,L1-STATIC-XDIAG,L1-STATIC-ZSTD-SPEC	COMPLETE-TILING-UNRESOLVED	L1-macho-regions	ownership=PRIMARY; file_size=1899024; region_sha256=5d6e952ab1fb0bd3d0df8a81622aaeb916b2874c9b024a160e6ed4c1278369ae
L1-REG-WCH-ref__gcc__darwin-arm64__15_2_0__bin__c++-0005	GCC-DRIVER	WCH	ref/gcc/darwin-arm64/15.2.0/bin/riscv32-wch-elf-c++	24bbe1fbba1a3a2dab43cc88f02fb5da18a28894ca890d1ad9a6c35d97ed70fc	968	1280	312	LC_SEGMENT_64[3]	SIGNATURE/UUID/BUILD-METADATA	L1-FEAT-DRIVER	L1-STATIC-XW,L1-STATIC-XDIAG,L1-STATIC-ZSTD-SPEC	COMPLETE-TILING-UNRESOLVED	L1-macho-regions	ownership=PRIMARY; file_size=1899024; region_sha256=2a5381ccf36b457faf4cf3db0fce52454cdbd7135af26b8cdb551e59573ce84b
L1-REG-WCH-ref__gcc__darwin-arm64__15_2_0__bin__c++-0006	GCC-DRIVER	WCH	ref/gcc/darwin-arm64/15.2.0/bin/riscv32-wch-elf-c++	24bbe1fbba1a3a2dab43cc88f02fb5da18a28894ca890d1ad9a6c35d97ed70fc	1280	1352	72	LC_SEGMENT_64[4]	SIGNATURE/UUID/BUILD-METADATA	L1-FEAT-DRIVER	L1-STATIC-XW,L1-STATIC-XDIAG,L1-STATIC-ZSTD-SPEC	COMPLETE-TILING-UNRESOLVED	L1-macho-regions	ownership=PRIMARY; file_size=1899024; region_sha256=6f8ef1e316d4825c46901718fe21a9a512a3d0b8325f7dda4984345eb5e738b4
L1-REG-WCH-ref__gcc__darwin-arm64__15_2_0__bin__c++-0007	GCC-DRIVER	WCH	ref/gcc/darwin-arm64/15.2.0/bin/riscv32-wch-elf-c++	24bbe1fbba1a3a2dab43cc88f02fb5da18a28894ca890d1ad9a6c35d97ed70fc	1352	1368	16	LC_DYLD_CHAINED_FIXUPS[5]	SIGNATURE/UUID/BUILD-METADATA	L1-FEAT-DRIVER	L1-STATIC-XW,L1-STATIC-XDIAG,L1-STATIC-ZSTD-SPEC	COMPLETE-TILING-UNRESOLVED	L1-macho-regions	ownership=PRIMARY; file_size=1899024; region_sha256=13261dbf561805021d7a32d947e8656640beb80fc6fd7ffb6f918890e61fd23d
L1-REG-WCH-ref__gcc__darwin-arm64__15_2_0__bin__c++-0008	GCC-DRIVER	WCH	ref/gcc/darwin-arm64/15.2.0/bin/riscv32-wch-elf-c++	24bbe1fbba1a3a2dab43cc88f02fb5da18a28894ca890d1ad9a6c35d97ed70fc	1368	1384	16	LC_DYLD_EXPORTS_TRIE[6]	SIGNATURE/UUID/BUILD-METADATA	L1-FEAT-DRIVER	L1-STATIC-XW,L1-STATIC-XDIAG,L1-STATIC-ZSTD-SPEC	COMPLETE-TILING-UNRESOLVED	L1-macho-regions	ownership=PRIMARY; file_size=1899024; region_sha256=f6474121e9dba06f797fdceb40828c278b52e01fb574bdc22a330db49d815b1e
L1-REG-WCH-ref__gcc__darwin-arm64__15_2_0__bin__c++-0009	GCC-DRIVER	WCH	ref/gcc/darwin-arm64/15.2.0/bin/riscv32-wch-elf-c++	24bbe1fbba1a3a2dab43cc88f02fb5da18a28894ca890d1ad9a6c35d97ed70fc	1384	1408	24	LC_SYMTAB[7]	SIGNATURE/UUID/BUILD-METADATA	L1-FEAT-DRIVER	L1-STATIC-XW,L1-STATIC-XDIAG,L1-STATIC-ZSTD-SPEC	COMPLETE-TILING-UNRESOLVED	L1-macho-regions	ownership=PRIMARY; file_size=1899024; region_sha256=4b4b4177c9e5ef13adc49cec12cfe75420755497d48ef13c30b93a8dbb48cbc4
L1-REG-WCH-ref__gcc__darwin-arm64__15_2_0__bin__c++-0010	GCC-DRIVER	WCH	ref/gcc/darwin-arm64/15.2.0/bin/riscv32-wch-elf-c++	24bbe1fbba1a3a2dab43cc88f02fb5da18a28894ca890d1ad9a6c35d97ed70fc	1408	1488	80	LC_DYSYMTAB[8]	SIGNATURE/UUID/BUILD-METADATA	L1-FEAT-DRIVER	L1-STATIC-XW,L1-STATIC-XDIAG,L1-STATIC-ZSTD-SPEC	COMPLETE-TILING-UNRESOLVED	L1-macho-regions	ownership=PRIMARY; file_size=1899024; region_sha256=69a67a350f8a28e63df6078dfdcbf43770fa665d92292bae89ff7a095eb68a37
L1-REG-WCH-ref__gcc__darwin-arm64__15_2_0__bin__c++-0011	GCC-DRIVER	WCH	ref/gcc/darwin-arm64/15.2.0/bin/riscv32-wch-elf-c++	24bbe1fbba1a3a2dab43cc88f02fb5da18a28894ca890d1ad9a6c35d97ed70fc	1488	1520	32	LC_LOAD_DYLINKER[9]	PACKAGING/DEPENDENCY	L1-FEAT-DRIVER	L1-STATIC-XW,L1-STATIC-XDIAG,L1-STATIC-ZSTD-SPEC	COMPLETE-TILING-UNRESOLVED	L1-macho-regions	ownership=PRIMARY; file_size=1899024; region_sha256=44316cf4f366f41aa06996613c44af75e34479362928faf61a168c2a203b5999
L1-REG-WCH-ref__gcc__darwin-arm64__15_2_0__bin__c++-0012	GCC-DRIVER	WCH	ref/gcc/darwin-arm64/15.2.0/bin/riscv32-wch-elf-c++	24bbe1fbba1a3a2dab43cc88f02fb5da18a28894ca890d1ad9a6c35d97ed70fc	1520	1544	24	LC_UUID[10]	SIGNATURE/UUID/BUILD-METADATA	L1-FEAT-DRIVER	L1-STATIC-XW,L1-STATIC-XDIAG,L1-STATIC-ZSTD-SPEC	COMPLETE-TILING-UNRESOLVED	L1-macho-regions	ownership=PRIMARY; file_size=1899024; region_sha256=c8d7de276277e05974b67fb0ca4eeec7a1054d659d2befaef2c456e7bacf1a81
L1-REG-WCH-ref__gcc__darwin-arm64__15_2_0__bin__c++-0013	GCC-DRIVER	WCH	ref/gcc/darwin-arm64/15.2.0/bin/riscv32-wch-elf-c++	24bbe1fbba1a3a2dab43cc88f02fb5da18a28894ca890d1ad9a6c35d97ed70fc	1544	1576	32	LC_BUILD_VERSION[11]	SIGNATURE/UUID/BUILD-METADATA	L1-FEAT-DRIVER	L1-STATIC-XW,L1-STATIC-XDIAG,L1-STATIC-ZSTD-SPEC	COMPLETE-TILING-UNRESOLVED	L1-macho-regions	ownership=PRIMARY; file_size=1899024; region_sha256=a3fdf0da365a377842bd4e39ba20dc11e9e504cc493367b2b0b5b36aa050dea0
L1-REG-WCH-ref__gcc__darwin-arm64__15_2_0__bin__c++-0014	GCC-DRIVER	WCH	ref/gcc/darwin-arm64/15.2.0/bin/riscv32-wch-elf-c++	24bbe1fbba1a3a2dab43cc88f02fb5da18a28894ca890d1ad9a6c35d97ed70fc	1576	1592	16	LC_SOURCE_VERSION[12]	SIGNATURE/UUID/BUILD-METADATA	L1-FEAT-DRIVER	L1-STATIC-XW,L1-STATIC-XDIAG,L1-STATIC-ZSTD-SPEC	COMPLETE-TILING-UNRESOLVED	L1-macho-regions	ownership=PRIMARY; file_size=1899024; region_sha256=01a60f1db7db041298aa3e269ff5ebea951aa6977963e4ab563905da906d2b82
L1-REG-WCH-ref__gcc__darwin-arm64__15_2_0__bin__c++-0015	GCC-DRIVER	WCH	ref/gcc/darwin-arm64/15.2.0/bin/riscv32-wch-elf-c++	24bbe1fbba1a3a2dab43cc88f02fb5da18a28894ca890d1ad9a6c35d97ed70fc	1592	1616	24	LC_MAIN[13]	SIGNATURE/UUID/BUILD-METADATA	L1-FEAT-DRIVER	L1-STATIC-XW,L1-STATIC-XDIAG,L1-STATIC-ZSTD-SPEC	COMPLETE-TILING-UNRESOLVED	L1-macho-regions	ownership=PRIMARY; file_size=1899024; region_sha256=ec4872a0d7189dc315d52c3d5000002e100cbc74e70dd146a468389bbb30ecf6
L1-REG-WCH-ref__gcc__darwin-arm64__15_2_0__bin__c++-0016	GCC-DRIVER	WCH	ref/gcc/darwin-arm64/15.2.0/bin/riscv32-wch-elf-c++	24bbe1fbba1a3a2dab43cc88f02fb5da18a28894ca890d1ad9a6c35d97ed70fc	1616	1672	56	LC_LOAD_DYLIB[14]	PACKAGING/DEPENDENCY	L1-FEAT-DRIVER	L1-STATIC-XW,L1-STATIC-XDIAG,L1-STATIC-ZSTD-SPEC	COMPLETE-TILING-UNRESOLVED	L1-macho-regions	ownership=PRIMARY; file_size=1899024; region_sha256=1a489c8b895a1c5fa426d2f6bdf524fa8d9c8227923ea0a7bb3a194fd92823ea
L1-REG-WCH-ref__gcc__darwin-arm64__15_2_0__bin__c++-0017	GCC-DRIVER	WCH	ref/gcc/darwin-arm64/15.2.0/bin/riscv32-wch-elf-c++	24bbe1fbba1a3a2dab43cc88f02fb5da18a28894ca890d1ad9a6c35d97ed70fc	1672	1720	48	LC_LOAD_DYLIB[15]	PACKAGING/DEPENDENCY	L1-FEAT-DRIVER	L1-STATIC-XW,L1-STATIC-XDIAG,L1-STATIC-ZSTD-SPEC	COMPLETE-TILING-UNRESOLVED	L1-macho-regions	ownership=PRIMARY; file_size=1899024; region_sha256=847de3a75696761d9bebde15e620577d06951631ceed28843870578a73cf95fc
L1-REG-WCH-ref__gcc__darwin-arm64__15_2_0__bin__c++-0018	GCC-DRIVER	WCH	ref/gcc/darwin-arm64/15.2.0/bin/riscv32-wch-elf-c++	24bbe1fbba1a3a2dab43cc88f02fb5da18a28894ca890d1ad9a6c35d97ed70fc	1720	1776	56	LC_LOAD_DYLIB[16]	PACKAGING/DEPENDENCY	L1-FEAT-DRIVER	L1-STATIC-XW,L1-STATIC-XDIAG,L1-STATIC-ZSTD-SPEC	COMPLETE-TILING-UNRESOLVED	L1-macho-regions	ownership=PRIMARY; file_size=1899024; region_sha256=a76b7338642dddfaa1e767a899cb39b4dc80160890ae1724febfe7e40d40b735
L1-REG-WCH-ref__gcc__darwin-arm64__15_2_0__bin__c++-0019	GCC-DRIVER	WCH	ref/gcc/darwin-arm64/15.2.0/bin/riscv32-wch-elf-c++	24bbe1fbba1a3a2dab43cc88f02fb5da18a28894ca890d1ad9a6c35d97ed70fc	1776	1792	16	LC_FUNCTION_STARTS[17]	SIGNATURE/UUID/BUILD-METADATA	L1-FEAT-DRIVER	L1-STATIC-XW,L1-STATIC-XDIAG,L1-STATIC-ZSTD-SPEC	COMPLETE-TILING-UNRESOLVED	L1-macho-regions	ownership=PRIMARY; file_size=1899024; region_sha256=26a2f45e94a26074313efcbd69cc7f48d184a834ef4575349a8aea0183cbb720
L1-REG-WCH-ref__gcc__darwin-arm64__15_2_0__bin__c++-0020	GCC-DRIVER	WCH	ref/gcc/darwin-arm64/15.2.0/bin/riscv32-wch-elf-c++	24bbe1fbba1a3a2dab43cc88f02fb5da18a28894ca890d1ad9a6c35d97ed70fc	1792	1808	16	LC_DATA_IN_CODE[18]	SIGNATURE/UUID/BUILD-METADATA	L1-FEAT-DRIVER	L1-STATIC-XW,L1-STATIC-XDIAG,L1-STATIC-ZSTD-SPEC	COMPLETE-TILING-UNRESOLVED	L1-macho-regions	ownership=PRIMARY; file_size=1899024; region_sha256=f30c07023a58139d38ab0fd6e0fc251634a9ada31e5ef1c3914eed483e0469f4
L1-REG-WCH-ref__gcc__darwin-arm64__15_2_0__bin__c++-0021	GCC-DRIVER	WCH	ref/gcc/darwin-arm64/15.2.0/bin/riscv32-wch-elf-c++	24bbe1fbba1a3a2dab43cc88f02fb5da18a28894ca890d1ad9a6c35d97ed70fc	1808	1824	16	LC_CODE_SIGNATURE[19]	SIGNATURE/UUID/BUILD-METADATA	L1-FEAT-DRIVER	L1-STATIC-XW,L1-STATIC-XDIAG,L1-STATIC-ZSTD-SPEC	COMPLETE-TILING-UNRESOLVED	L1-macho-regions	ownership=PRIMARY; file_size=1899024; region_sha256=85ca4fcd73e3f201c25581e712886007000e1262018daa3144906d3c35c2506b
L1-REG-WCH-ref__gcc__darwin-arm64__15_2_0__bin__c++-0022	GCC-DRIVER	WCH	ref/gcc/darwin-arm64/15.2.0/bin/riscv32-wch-elf-c++	24bbe1fbba1a3a2dab43cc88f02fb5da18a28894ca890d1ad9a6c35d97ed70fc	1824	15828	14004	segment:__TEXT	UNRESOLVED	L1-FEAT-DRIVER	L1-STATIC-XW,L1-STATIC-XDIAG,L1-STATIC-ZSTD-SPEC	COMPLETE-TILING-UNRESOLVED	L1-macho-regions	ownership=PRIMARY; file_size=1899024; region_sha256=b77909ddae35324362296d7e85fea00b3b97fb1ec748c05320760374c277b475
L1-REG-WCH-ref__gcc__darwin-arm64__15_2_0__bin__c++-0023	GCC-DRIVER	WCH	ref/gcc/darwin-arm64/15.2.0/bin/riscv32-wch-elf-c++	24bbe1fbba1a3a2dab43cc88f02fb5da18a28894ca890d1ad9a6c35d97ed70fc	15828	735360	719532	section:__TEXT,__text	FUNCTIONAL-CODE	L1-FEAT-DRIVER	L1-STATIC-XW,L1-STATIC-XDIAG,L1-STATIC-ZSTD-SPEC	COMPLETE-TILING-UNRESOLVED	L1-macho-regions	ownership=PRIMARY; file_size=1899024; region_sha256=a2953b6d791e85c45cf49efcd47335971aa453844889f454831800b92900ae1c
L1-REG-WCH-ref__gcc__darwin-arm64__15_2_0__bin__c++-0024	GCC-DRIVER	WCH	ref/gcc/darwin-arm64/15.2.0/bin/riscv32-wch-elf-c++	24bbe1fbba1a3a2dab43cc88f02fb5da18a28894ca890d1ad9a6c35d97ed70fc	735360	737184	1824	section:__TEXT,__stubs	UNRESOLVED	L1-FEAT-DRIVER	L1-STATIC-XW,L1-STATIC-XDIAG,L1-STATIC-ZSTD-SPEC	COMPLETE-TILING-UNRESOLVED	L1-macho-regions	ownership=PRIMARY; file_size=1899024; region_sha256=d5bda460260b858e69c0576ccb4319afb48b873f330ef3be3c60844979a8216e
L1-REG-WCH-ref__gcc__darwin-arm64__15_2_0__bin__c++-0025	GCC-DRIVER	WCH	ref/gcc/darwin-arm64/15.2.0/bin/riscv32-wch-elf-c++	24bbe1fbba1a3a2dab43cc88f02fb5da18a28894ca890d1ad9a6c35d97ed70fc	737184	737200	16	section:__TEXT,__init_offsets	UNRESOLVED	L1-FEAT-DRIVER	L1-STATIC-XW,L1-STATIC-XDIAG,L1-STATIC-ZSTD-SPEC	COMPLETE-TILING-UNRESOLVED	L1-macho-regions	ownership=PRIMARY; file_size=1899024; region_sha256=4da336db9abbfcf4bd67c748a386efbbc64cbb47ae38700d18c7a04d3c179d3d
L1-REG-WCH-ref__gcc__darwin-arm64__15_2_0__bin__c++-0026	GCC-DRIVER	WCH	ref/gcc/darwin-arm64/15.2.0/bin/riscv32-wch-elf-c++	24bbe1fbba1a3a2dab43cc88f02fb5da18a28894ca890d1ad9a6c35d97ed70fc	737200	1102676	365476	section:__TEXT,__const	FUNCTIONAL-DATA-TABLE	L1-FEAT-DRIVER	L1-STATIC-XW,L1-STATIC-XDIAG,L1-STATIC-ZSTD-SPEC	COMPLETE-TILING-UNRESOLVED	L1-macho-regions	ownership=PRIMARY; file_size=1899024; region_sha256=6cb4e0f9f4a2ce2a20b17429d9de55f851f0c2de7916b5ecfbf6c46ee88e4947
L1-REG-WCH-ref__gcc__darwin-arm64__15_2_0__bin__c++-0027	GCC-DRIVER	WCH	ref/gcc/darwin-arm64/15.2.0/bin/riscv32-wch-elf-c++	24bbe1fbba1a3a2dab43cc88f02fb5da18a28894ca890d1ad9a6c35d97ed70fc	1102676	1437137	334461	section:__TEXT,__cstring	FUNCTIONAL-DATA-TABLE	L1-FEAT-DRIVER	L1-STATIC-XW,L1-STATIC-XDIAG,L1-STATIC-ZSTD-SPEC	COMPLETE-TILING-UNRESOLVED	L1-macho-regions	ownership=PRIMARY; file_size=1899024; region_sha256=a54634ee0f209b44db2b8d667457f67fc9e82e65eb5bf21e43b7c334faf1551d
L1-REG-WCH-ref__gcc__darwin-arm64__15_2_0__bin__c++-0028	GCC-DRIVER	WCH	ref/gcc/darwin-arm64/15.2.0/bin/riscv32-wch-elf-c++	24bbe1fbba1a3a2dab43cc88f02fb5da18a28894ca890d1ad9a6c35d97ed70fc	1437137	1437140	3	segment:__TEXT	UNRESOLVED	L1-FEAT-DRIVER	L1-STATIC-XW,L1-STATIC-XDIAG,L1-STATIC-ZSTD-SPEC	COMPLETE-TILING-UNRESOLVED	L1-macho-regions	ownership=PRIMARY; file_size=1899024; region_sha256=709e80c88487a2411e1ee4dfb9f22a861492d20c4765150c0c794abd70f8147c
L1-REG-WCH-ref__gcc__darwin-arm64__15_2_0__bin__c++-0029	GCC-DRIVER	WCH	ref/gcc/darwin-arm64/15.2.0/bin/riscv32-wch-elf-c++	24bbe1fbba1a3a2dab43cc88f02fb5da18a28894ca890d1ad9a6c35d97ed70fc	1437140	1446364	9224	section:__TEXT,__unwind_info	FUNCTIONAL-DATA-TABLE	L1-FEAT-DRIVER	L1-STATIC-XW,L1-STATIC-XDIAG,L1-STATIC-ZSTD-SPEC	COMPLETE-TILING-UNRESOLVED	L1-macho-regions	ownership=PRIMARY; file_size=1899024; region_sha256=268ce1359df82ef94e36a33c1f60b138b06f09c8d2bb9fe1c5f1cef65e9b9cf3
L1-REG-WCH-ref__gcc__darwin-arm64__15_2_0__bin__c++-0030	GCC-DRIVER	WCH	ref/gcc/darwin-arm64/15.2.0/bin/riscv32-wch-elf-c++	24bbe1fbba1a3a2dab43cc88f02fb5da18a28894ca890d1ad9a6c35d97ed70fc	1446364	1446368	4	segment:__TEXT	UNRESOLVED	L1-FEAT-DRIVER	L1-STATIC-XW,L1-STATIC-XDIAG,L1-STATIC-ZSTD-SPEC	COMPLETE-TILING-UNRESOLVED	L1-macho-regions	ownership=PRIMARY; file_size=1899024; region_sha256=df3f619804a92fdb4057192dc43dd748ea778adc52bc498ce80524c014b81119
L1-REG-WCH-ref__gcc__darwin-arm64__15_2_0__bin__c++-0031	GCC-DRIVER	WCH	ref/gcc/darwin-arm64/15.2.0/bin/riscv32-wch-elf-c++	24bbe1fbba1a3a2dab43cc88f02fb5da18a28894ca890d1ad9a6c35d97ed70fc	1446368	1507316	60948	section:__TEXT,__eh_frame	FUNCTIONAL-DATA-TABLE	L1-FEAT-DRIVER	L1-STATIC-XW,L1-STATIC-XDIAG,L1-STATIC-ZSTD-SPEC	COMPLETE-TILING-UNRESOLVED	L1-macho-regions	ownership=PRIMARY; file_size=1899024; region_sha256=ef45ef6163e404e3ea1d704434da542a690dc04dd6b8723f788781c726da83a6
L1-REG-WCH-ref__gcc__darwin-arm64__15_2_0__bin__c++-0032	GCC-DRIVER	WCH	ref/gcc/darwin-arm64/15.2.0/bin/riscv32-wch-elf-c++	24bbe1fbba1a3a2dab43cc88f02fb5da18a28894ca890d1ad9a6c35d97ed70fc	1507316	1507328	12	segment:__TEXT	UNRESOLVED	L1-FEAT-DRIVER	L1-STATIC-XW,L1-STATIC-XDIAG,L1-STATIC-ZSTD-SPEC	COMPLETE-TILING-UNRESOLVED	L1-macho-regions	ownership=PRIMARY; file_size=1899024; region_sha256=15ec7bf0b50732b49f8228e07d24365338f9e3ab994b00af08e5a3bffe55fd8b
L1-REG-WCH-ref__gcc__darwin-arm64__15_2_0__bin__c++-0033	GCC-DRIVER	WCH	ref/gcc/darwin-arm64/15.2.0/bin/riscv32-wch-elf-c++	24bbe1fbba1a3a2dab43cc88f02fb5da18a28894ca890d1ad9a6c35d97ed70fc	1507328	1508768	1440	section:__DATA_CONST,__got	FUNCTIONAL-DATA-TABLE	L1-FEAT-DRIVER	L1-STATIC-XW,L1-STATIC-XDIAG,L1-STATIC-ZSTD-SPEC	COMPLETE-TILING-UNRESOLVED	L1-macho-regions	ownership=PRIMARY; file_size=1899024; region_sha256=ae03c576bd5a6e53357ca6cc25e6223122cace1798e64c329af57e5f269592f8
L1-REG-WCH-ref__gcc__darwin-arm64__15_2_0__bin__c++-0034	GCC-DRIVER	WCH	ref/gcc/darwin-arm64/15.2.0/bin/riscv32-wch-elf-c++	24bbe1fbba1a3a2dab43cc88f02fb5da18a28894ca890d1ad9a6c35d97ed70fc	1508768	1762520	253752	section:__DATA_CONST,__const	FUNCTIONAL-DATA-TABLE	L1-FEAT-DRIVER	L1-STATIC-XW,L1-STATIC-XDIAG,L1-STATIC-ZSTD-SPEC	COMPLETE-TILING-UNRESOLVED	L1-macho-regions	ownership=PRIMARY; file_size=1899024; region_sha256=316bef2cb2ecb33df5389b3b78c242fe6d9bdde0aaa9b8cc7f59380e905df44c
L1-REG-WCH-ref__gcc__darwin-arm64__15_2_0__bin__c++-0035	GCC-DRIVER	WCH	ref/gcc/darwin-arm64/15.2.0/bin/riscv32-wch-elf-c++	24bbe1fbba1a3a2dab43cc88f02fb5da18a28894ca890d1ad9a6c35d97ed70fc	1762520	1769472	6952	segment:__DATA_CONST	UNRESOLVED	L1-FEAT-DRIVER	L1-STATIC-XW,L1-STATIC-XDIAG,L1-STATIC-ZSTD-SPEC	COMPLETE-TILING-UNRESOLVED	L1-macho-regions	ownership=PRIMARY; file_size=1899024; region_sha256=4fa70f7c63cb89b6d465ef73d950ad311d4c0c3ea28716a3462deda8d172a48a
L1-REG-WCH-ref__gcc__darwin-arm64__15_2_0__bin__c++-0036	GCC-DRIVER	WCH	ref/gcc/darwin-arm64/15.2.0/bin/riscv32-wch-elf-c++	24bbe1fbba1a3a2dab43cc88f02fb5da18a28894ca890d1ad9a6c35d97ed70fc	1769472	1772240	2768	section:__DATA,__data	FUNCTIONAL-DATA-TABLE	L1-FEAT-DRIVER	L1-STATIC-XW,L1-STATIC-XDIAG,L1-STATIC-ZSTD-SPEC	COMPLETE-TILING-UNRESOLVED	L1-macho-regions	ownership=PRIMARY; file_size=1899024; region_sha256=b8c4c06a666384d6a8538f1aac8869188a1c7065b4cbf7044415df298cdd98ea
L1-REG-WCH-ref__gcc__darwin-arm64__15_2_0__bin__c++-0037	GCC-DRIVER	WCH	ref/gcc/darwin-arm64/15.2.0/bin/riscv32-wch-elf-c++	24bbe1fbba1a3a2dab43cc88f02fb5da18a28894ca890d1ad9a6c35d97ed70fc	1772240	1785856	13616	segment:__DATA	UNRESOLVED	L1-FEAT-DRIVER	L1-STATIC-XW,L1-STATIC-XDIAG,L1-STATIC-ZSTD-SPEC	COMPLETE-TILING-UNRESOLVED	L1-macho-regions	ownership=PRIMARY; file_size=1899024; region_sha256=df2a49e8ad39fc1deabf72892bd8580ae9bcb3fc839ba79f3e9fe15cb2a3d6fc
L1-REG-WCH-ref__gcc__darwin-arm64__15_2_0__bin__c++-0038	GCC-DRIVER	WCH	ref/gcc/darwin-arm64/15.2.0/bin/riscv32-wch-elf-c++	24bbe1fbba1a3a2dab43cc88f02fb5da18a28894ca890d1ad9a6c35d97ed70fc	1785856	1791208	5352	LC_DYLD_CHAINED_FIXUPS:payload	LINK-LAYOUT	L1-FEAT-DRIVER	L1-STATIC-XW,L1-STATIC-XDIAG,L1-STATIC-ZSTD-SPEC	COMPLETE-TILING-UNRESOLVED	L1-macho-regions	ownership=PRIMARY; file_size=1899024; region_sha256=b82db8bbfff11cef6e2b74d82c7168eddfac903ca40ea53fd2f6fcb58a88cebe
L1-REG-WCH-ref__gcc__darwin-arm64__15_2_0__bin__c++-0039	GCC-DRIVER	WCH	ref/gcc/darwin-arm64/15.2.0/bin/riscv32-wch-elf-c++	24bbe1fbba1a3a2dab43cc88f02fb5da18a28894ca890d1ad9a6c35d97ed70fc	1791208	1852448	61240	LC_DYLD_EXPORTS_TRIE:payload	LINK-LAYOUT	L1-FEAT-DRIVER	L1-STATIC-XW,L1-STATIC-XDIAG,L1-STATIC-ZSTD-SPEC	COMPLETE-TILING-UNRESOLVED	L1-macho-regions	ownership=PRIMARY; file_size=1899024; region_sha256=14c6d5078aa32a0fcb97bb6e02af62a074004308691d4428bca0f62f1001b5e0
L1-REG-WCH-ref__gcc__darwin-arm64__15_2_0__bin__c++-0040	GCC-DRIVER	WCH	ref/gcc/darwin-arm64/15.2.0/bin/riscv32-wch-elf-c++	24bbe1fbba1a3a2dab43cc88f02fb5da18a28894ca890d1ad9a6c35d97ed70fc	1852448	1855640	3192	LC_FUNCTION_STARTS:payload	STRIP/DEBUG/SYMBOL-LAYOUT	L1-FEAT-DRIVER	L1-STATIC-XW,L1-STATIC-XDIAG,L1-STATIC-ZSTD-SPEC	COMPLETE-TILING-UNRESOLVED	L1-macho-regions	ownership=PRIMARY; file_size=1899024; region_sha256=cd4e370ca2bf1606555f25164ee1e655be5cbb93bcbef515e1126b6ef9785614
L1-REG-WCH-ref__gcc__darwin-arm64__15_2_0__bin__c++-0041	GCC-DRIVER	WCH	ref/gcc/darwin-arm64/15.2.0/bin/riscv32-wch-elf-c++	24bbe1fbba1a3a2dab43cc88f02fb5da18a28894ca890d1ad9a6c35d97ed70fc	1855640	1858792	3152	LC_SYMTAB:nlist_64	STRIP/DEBUG/SYMBOL-LAYOUT	L1-FEAT-DRIVER	L1-STATIC-XW,L1-STATIC-XDIAG,L1-STATIC-ZSTD-SPEC	COMPLETE-TILING-UNRESOLVED	L1-macho-regions	ownership=PRIMARY; file_size=1899024; region_sha256=626f78a8a9ea4d6316de2314a5ba2325a2a5b3b84541167e444d6168a6dc7a10
L1-REG-WCH-ref__gcc__darwin-arm64__15_2_0__bin__c++-0042	GCC-DRIVER	WCH	ref/gcc/darwin-arm64/15.2.0/bin/riscv32-wch-elf-c++	24bbe1fbba1a3a2dab43cc88f02fb5da18a28894ca890d1ad9a6c35d97ed70fc	1858792	1860120	1328	segment:__LINKEDIT	LINK-LAYOUT	L1-FEAT-DRIVER	L1-STATIC-XW,L1-STATIC-XDIAG,L1-STATIC-ZSTD-SPEC	COMPLETE-TILING-UNRESOLVED	L1-macho-regions	ownership=PRIMARY; file_size=1899024; region_sha256=367e34654898889e25c9637e2bcc655ed7181c49b4e257a0254290b61bb04a5f
L1-REG-WCH-ref__gcc__darwin-arm64__15_2_0__bin__c++-0043	GCC-DRIVER	WCH	ref/gcc/darwin-arm64/15.2.0/bin/riscv32-wch-elf-c++	24bbe1fbba1a3a2dab43cc88f02fb5da18a28894ca890d1ad9a6c35d97ed70fc	1860120	1865200	5080	LC_SYMTAB:string_table	STRIP/DEBUG/SYMBOL-LAYOUT	L1-FEAT-DRIVER	L1-STATIC-XW,L1-STATIC-XDIAG,L1-STATIC-ZSTD-SPEC	COMPLETE-TILING-UNRESOLVED	L1-macho-regions	ownership=PRIMARY; file_size=1899024; region_sha256=72e7d1e067debcf629a77d632625b5dfa94bf97b13ff64e524123087059e84c5
L1-REG-WCH-ref__gcc__darwin-arm64__15_2_0__bin__c++-0044	GCC-DRIVER	WCH	ref/gcc/darwin-arm64/15.2.0/bin/riscv32-wch-elf-c++	24bbe1fbba1a3a2dab43cc88f02fb5da18a28894ca890d1ad9a6c35d97ed70fc	1865200	1899024	33824	LC_CODE_SIGNATURE:payload	SIGNATURE/UUID/BUILD-METADATA	L1-FEAT-DRIVER	L1-STATIC-XW,L1-STATIC-XDIAG,L1-STATIC-ZSTD-SPEC	COMPLETE-TILING-UNRESOLVED	L1-macho-regions	ownership=PRIMARY; file_size=1899024; region_sha256=fd186d92e81763f21bdeb01419a4104ec1e49a58d313bbab57229af81499e3cf
L1-REG-WCH-ref__gcc__darwin-arm64__15_2_0__bin__cpp-0001	GCC-DRIVER	WCH	ref/gcc/darwin-arm64/15.2.0/bin/riscv32-wch-elf-cpp	c9c578619653eb033d5972d6b854ffcf4e09e91d43f48cd02a7ccf2d6bba7c48	0	32	32	mach_header_64	SIGNATURE/UUID/BUILD-METADATA	L1-FEAT-DRIVER	L1-STATIC-XW,L1-STATIC-XDIAG,L1-STATIC-ZSTD-SPEC	COMPLETE-TILING-UNRESOLVED	L1-macho-regions	ownership=PRIMARY; file_size=1899040; region_sha256=08954c9497afe8aea0829ceb1816408e95f9e85573f06eea750fecd84c9d8947
L1-REG-WCH-ref__gcc__darwin-arm64__15_2_0__bin__cpp-0002	GCC-DRIVER	WCH	ref/gcc/darwin-arm64/15.2.0/bin/riscv32-wch-elf-cpp	c9c578619653eb033d5972d6b854ffcf4e09e91d43f48cd02a7ccf2d6bba7c48	32	104	72	LC_SEGMENT_64[0]	SIGNATURE/UUID/BUILD-METADATA	L1-FEAT-DRIVER	L1-STATIC-XW,L1-STATIC-XDIAG,L1-STATIC-ZSTD-SPEC	COMPLETE-TILING-UNRESOLVED	L1-macho-regions	ownership=PRIMARY; file_size=1899040; region_sha256=38432a8fbcbe1ae9fdf9263fe1e4e948de98131833cc5e5333f375dcf5f6333f
L1-REG-WCH-ref__gcc__darwin-arm64__15_2_0__bin__cpp-0003	GCC-DRIVER	WCH	ref/gcc/darwin-arm64/15.2.0/bin/riscv32-wch-elf-cpp	c9c578619653eb033d5972d6b854ffcf4e09e91d43f48cd02a7ccf2d6bba7c48	104	736	632	LC_SEGMENT_64[1]	SIGNATURE/UUID/BUILD-METADATA	L1-FEAT-DRIVER	L1-STATIC-XW,L1-STATIC-XDIAG,L1-STATIC-ZSTD-SPEC	COMPLETE-TILING-UNRESOLVED	L1-macho-regions	ownership=PRIMARY; file_size=1899040; region_sha256=e12d4eb777f2fe56ccbab262cd4f22be69d7b98d7b498b86fec614e0eaa3f841
L1-REG-WCH-ref__gcc__darwin-arm64__15_2_0__bin__cpp-0004	GCC-DRIVER	WCH	ref/gcc/darwin-arm64/15.2.0/bin/riscv32-wch-elf-cpp	c9c578619653eb033d5972d6b854ffcf4e09e91d43f48cd02a7ccf2d6bba7c48	736	968	232	LC_SEGMENT_64[2]	SIGNATURE/UUID/BUILD-METADATA	L1-FEAT-DRIVER	L1-STATIC-XW,L1-STATIC-XDIAG,L1-STATIC-ZSTD-SPEC	COMPLETE-TILING-UNRESOLVED	L1-macho-regions	ownership=PRIMARY; file_size=1899040; region_sha256=5d6e952ab1fb0bd3d0df8a81622aaeb916b2874c9b024a160e6ed4c1278369ae
L1-REG-WCH-ref__gcc__darwin-arm64__15_2_0__bin__cpp-0005	GCC-DRIVER	WCH	ref/gcc/darwin-arm64/15.2.0/bin/riscv32-wch-elf-cpp	c9c578619653eb033d5972d6b854ffcf4e09e91d43f48cd02a7ccf2d6bba7c48	968	1280	312	LC_SEGMENT_64[3]	SIGNATURE/UUID/BUILD-METADATA	L1-FEAT-DRIVER	L1-STATIC-XW,L1-STATIC-XDIAG,L1-STATIC-ZSTD-SPEC	COMPLETE-TILING-UNRESOLVED	L1-macho-regions	ownership=PRIMARY; file_size=1899040; region_sha256=2a5381ccf36b457faf4cf3db0fce52454cdbd7135af26b8cdb551e59573ce84b
L1-REG-WCH-ref__gcc__darwin-arm64__15_2_0__bin__cpp-0006	GCC-DRIVER	WCH	ref/gcc/darwin-arm64/15.2.0/bin/riscv32-wch-elf-cpp	c9c578619653eb033d5972d6b854ffcf4e09e91d43f48cd02a7ccf2d6bba7c48	1280	1352	72	LC_SEGMENT_64[4]	SIGNATURE/UUID/BUILD-METADATA	L1-FEAT-DRIVER	L1-STATIC-XW,L1-STATIC-XDIAG,L1-STATIC-ZSTD-SPEC	COMPLETE-TILING-UNRESOLVED	L1-macho-regions	ownership=PRIMARY; file_size=1899040; region_sha256=e88971462398497d910c3f43d41cfe15577b4039582ce75c69f736a0f980ec56
L1-REG-WCH-ref__gcc__darwin-arm64__15_2_0__bin__cpp-0007	GCC-DRIVER	WCH	ref/gcc/darwin-arm64/15.2.0/bin/riscv32-wch-elf-cpp	c9c578619653eb033d5972d6b854ffcf4e09e91d43f48cd02a7ccf2d6bba7c48	1352	1368	16	LC_DYLD_CHAINED_FIXUPS[5]	SIGNATURE/UUID/BUILD-METADATA	L1-FEAT-DRIVER	L1-STATIC-XW,L1-STATIC-XDIAG,L1-STATIC-ZSTD-SPEC	COMPLETE-TILING-UNRESOLVED	L1-macho-regions	ownership=PRIMARY; file_size=1899040; region_sha256=13261dbf561805021d7a32d947e8656640beb80fc6fd7ffb6f918890e61fd23d
L1-REG-WCH-ref__gcc__darwin-arm64__15_2_0__bin__cpp-0008	GCC-DRIVER	WCH	ref/gcc/darwin-arm64/15.2.0/bin/riscv32-wch-elf-cpp	c9c578619653eb033d5972d6b854ffcf4e09e91d43f48cd02a7ccf2d6bba7c48	1368	1384	16	LC_DYLD_EXPORTS_TRIE[6]	SIGNATURE/UUID/BUILD-METADATA	L1-FEAT-DRIVER	L1-STATIC-XW,L1-STATIC-XDIAG,L1-STATIC-ZSTD-SPEC	COMPLETE-TILING-UNRESOLVED	L1-macho-regions	ownership=PRIMARY; file_size=1899040; region_sha256=245a0d5ea5a4954cbd8f05eaa3b66a1cd92fa1b9ba5548db35296f6aa946bcd7
L1-REG-WCH-ref__gcc__darwin-arm64__15_2_0__bin__cpp-0009	GCC-DRIVER	WCH	ref/gcc/darwin-arm64/15.2.0/bin/riscv32-wch-elf-cpp	c9c578619653eb033d5972d6b854ffcf4e09e91d43f48cd02a7ccf2d6bba7c48	1384	1408	24	LC_SYMTAB[7]	SIGNATURE/UUID/BUILD-METADATA	L1-FEAT-DRIVER	L1-STATIC-XW,L1-STATIC-XDIAG,L1-STATIC-ZSTD-SPEC	COMPLETE-TILING-UNRESOLVED	L1-macho-regions	ownership=PRIMARY; file_size=1899040; region_sha256=dafbbd6f44d024edb63c2908f008e786215cdc606fe71414d6451b7bf0b9ac79
L1-REG-WCH-ref__gcc__darwin-arm64__15_2_0__bin__cpp-0010	GCC-DRIVER	WCH	ref/gcc/darwin-arm64/15.2.0/bin/riscv32-wch-elf-cpp	c9c578619653eb033d5972d6b854ffcf4e09e91d43f48cd02a7ccf2d6bba7c48	1408	1488	80	LC_DYSYMTAB[8]	SIGNATURE/UUID/BUILD-METADATA	L1-FEAT-DRIVER	L1-STATIC-XW,L1-STATIC-XDIAG,L1-STATIC-ZSTD-SPEC	COMPLETE-TILING-UNRESOLVED	L1-macho-regions	ownership=PRIMARY; file_size=1899040; region_sha256=4812ae4827d6b352e118f2d1a06d4217f6d89437002f39865370964bbaa76514
L1-REG-WCH-ref__gcc__darwin-arm64__15_2_0__bin__cpp-0011	GCC-DRIVER	WCH	ref/gcc/darwin-arm64/15.2.0/bin/riscv32-wch-elf-cpp	c9c578619653eb033d5972d6b854ffcf4e09e91d43f48cd02a7ccf2d6bba7c48	1488	1520	32	LC_LOAD_DYLINKER[9]	PACKAGING/DEPENDENCY	L1-FEAT-DRIVER	L1-STATIC-XW,L1-STATIC-XDIAG,L1-STATIC-ZSTD-SPEC	COMPLETE-TILING-UNRESOLVED	L1-macho-regions	ownership=PRIMARY; file_size=1899040; region_sha256=44316cf4f366f41aa06996613c44af75e34479362928faf61a168c2a203b5999
L1-REG-WCH-ref__gcc__darwin-arm64__15_2_0__bin__cpp-0012	GCC-DRIVER	WCH	ref/gcc/darwin-arm64/15.2.0/bin/riscv32-wch-elf-cpp	c9c578619653eb033d5972d6b854ffcf4e09e91d43f48cd02a7ccf2d6bba7c48	1520	1544	24	LC_UUID[10]	SIGNATURE/UUID/BUILD-METADATA	L1-FEAT-DRIVER	L1-STATIC-XW,L1-STATIC-XDIAG,L1-STATIC-ZSTD-SPEC	COMPLETE-TILING-UNRESOLVED	L1-macho-regions	ownership=PRIMARY; file_size=1899040; region_sha256=4b8815812535b138b13272aa0851aecceb064e66edbe14b0d4526faa6a32125f
L1-REG-WCH-ref__gcc__darwin-arm64__15_2_0__bin__cpp-0013	GCC-DRIVER	WCH	ref/gcc/darwin-arm64/15.2.0/bin/riscv32-wch-elf-cpp	c9c578619653eb033d5972d6b854ffcf4e09e91d43f48cd02a7ccf2d6bba7c48	1544	1576	32	LC_BUILD_VERSION[11]	SIGNATURE/UUID/BUILD-METADATA	L1-FEAT-DRIVER	L1-STATIC-XW,L1-STATIC-XDIAG,L1-STATIC-ZSTD-SPEC	COMPLETE-TILING-UNRESOLVED	L1-macho-regions	ownership=PRIMARY; file_size=1899040; region_sha256=a3fdf0da365a377842bd4e39ba20dc11e9e504cc493367b2b0b5b36aa050dea0
L1-REG-WCH-ref__gcc__darwin-arm64__15_2_0__bin__cpp-0014	GCC-DRIVER	WCH	ref/gcc/darwin-arm64/15.2.0/bin/riscv32-wch-elf-cpp	c9c578619653eb033d5972d6b854ffcf4e09e91d43f48cd02a7ccf2d6bba7c48	1576	1592	16	LC_SOURCE_VERSION[12]	SIGNATURE/UUID/BUILD-METADATA	L1-FEAT-DRIVER	L1-STATIC-XW,L1-STATIC-XDIAG,L1-STATIC-ZSTD-SPEC	COMPLETE-TILING-UNRESOLVED	L1-macho-regions	ownership=PRIMARY; file_size=1899040; region_sha256=01a60f1db7db041298aa3e269ff5ebea951aa6977963e4ab563905da906d2b82
L1-REG-WCH-ref__gcc__darwin-arm64__15_2_0__bin__cpp-0015	GCC-DRIVER	WCH	ref/gcc/darwin-arm64/15.2.0/bin/riscv32-wch-elf-cpp	c9c578619653eb033d5972d6b854ffcf4e09e91d43f48cd02a7ccf2d6bba7c48	1592	1616	24	LC_MAIN[13]	SIGNATURE/UUID/BUILD-METADATA	L1-FEAT-DRIVER	L1-STATIC-XW,L1-STATIC-XDIAG,L1-STATIC-ZSTD-SPEC	COMPLETE-TILING-UNRESOLVED	L1-macho-regions	ownership=PRIMARY; file_size=1899040; region_sha256=f6bb4ad3c9ef37945dec7bd5dbd81d28e98a170158993406067c45dc546da198
L1-REG-WCH-ref__gcc__darwin-arm64__15_2_0__bin__cpp-0016	GCC-DRIVER	WCH	ref/gcc/darwin-arm64/15.2.0/bin/riscv32-wch-elf-cpp	c9c578619653eb033d5972d6b854ffcf4e09e91d43f48cd02a7ccf2d6bba7c48	1616	1672	56	LC_LOAD_DYLIB[14]	PACKAGING/DEPENDENCY	L1-FEAT-DRIVER	L1-STATIC-XW,L1-STATIC-XDIAG,L1-STATIC-ZSTD-SPEC	COMPLETE-TILING-UNRESOLVED	L1-macho-regions	ownership=PRIMARY; file_size=1899040; region_sha256=1a489c8b895a1c5fa426d2f6bdf524fa8d9c8227923ea0a7bb3a194fd92823ea
L1-REG-WCH-ref__gcc__darwin-arm64__15_2_0__bin__cpp-0017	GCC-DRIVER	WCH	ref/gcc/darwin-arm64/15.2.0/bin/riscv32-wch-elf-cpp	c9c578619653eb033d5972d6b854ffcf4e09e91d43f48cd02a7ccf2d6bba7c48	1672	1720	48	LC_LOAD_DYLIB[15]	PACKAGING/DEPENDENCY	L1-FEAT-DRIVER	L1-STATIC-XW,L1-STATIC-XDIAG,L1-STATIC-ZSTD-SPEC	COMPLETE-TILING-UNRESOLVED	L1-macho-regions	ownership=PRIMARY; file_size=1899040; region_sha256=847de3a75696761d9bebde15e620577d06951631ceed28843870578a73cf95fc
L1-REG-WCH-ref__gcc__darwin-arm64__15_2_0__bin__cpp-0018	GCC-DRIVER	WCH	ref/gcc/darwin-arm64/15.2.0/bin/riscv32-wch-elf-cpp	c9c578619653eb033d5972d6b854ffcf4e09e91d43f48cd02a7ccf2d6bba7c48	1720	1776	56	LC_LOAD_DYLIB[16]	PACKAGING/DEPENDENCY	L1-FEAT-DRIVER	L1-STATIC-XW,L1-STATIC-XDIAG,L1-STATIC-ZSTD-SPEC	COMPLETE-TILING-UNRESOLVED	L1-macho-regions	ownership=PRIMARY; file_size=1899040; region_sha256=a76b7338642dddfaa1e767a899cb39b4dc80160890ae1724febfe7e40d40b735
L1-REG-WCH-ref__gcc__darwin-arm64__15_2_0__bin__cpp-0019	GCC-DRIVER	WCH	ref/gcc/darwin-arm64/15.2.0/bin/riscv32-wch-elf-cpp	c9c578619653eb033d5972d6b854ffcf4e09e91d43f48cd02a7ccf2d6bba7c48	1776	1792	16	LC_FUNCTION_STARTS[17]	SIGNATURE/UUID/BUILD-METADATA	L1-FEAT-DRIVER	L1-STATIC-XW,L1-STATIC-XDIAG,L1-STATIC-ZSTD-SPEC	COMPLETE-TILING-UNRESOLVED	L1-macho-regions	ownership=PRIMARY; file_size=1899040; region_sha256=e5fbbb4463867ff1091197fd478f94cebcb199fc636df33d266a077bcac8ae86
L1-REG-WCH-ref__gcc__darwin-arm64__15_2_0__bin__cpp-0020	GCC-DRIVER	WCH	ref/gcc/darwin-arm64/15.2.0/bin/riscv32-wch-elf-cpp	c9c578619653eb033d5972d6b854ffcf4e09e91d43f48cd02a7ccf2d6bba7c48	1792	1808	16	LC_DATA_IN_CODE[18]	SIGNATURE/UUID/BUILD-METADATA	L1-FEAT-DRIVER	L1-STATIC-XW,L1-STATIC-XDIAG,L1-STATIC-ZSTD-SPEC	COMPLETE-TILING-UNRESOLVED	L1-macho-regions	ownership=PRIMARY; file_size=1899040; region_sha256=50dfd5d621c55cd48f2177027956c5d4f701fb30d943f950aa69d8fa73a2f95b
L1-REG-WCH-ref__gcc__darwin-arm64__15_2_0__bin__cpp-0021	GCC-DRIVER	WCH	ref/gcc/darwin-arm64/15.2.0/bin/riscv32-wch-elf-cpp	c9c578619653eb033d5972d6b854ffcf4e09e91d43f48cd02a7ccf2d6bba7c48	1808	1824	16	LC_CODE_SIGNATURE[19]	SIGNATURE/UUID/BUILD-METADATA	L1-FEAT-DRIVER	L1-STATIC-XW,L1-STATIC-XDIAG,L1-STATIC-ZSTD-SPEC	COMPLETE-TILING-UNRESOLVED	L1-macho-regions	ownership=PRIMARY; file_size=1899040; region_sha256=f600af60fe2fe4089475679cfba8ca87570153600f5dba1b2133f19921cd9e47
L1-REG-WCH-ref__gcc__darwin-arm64__15_2_0__bin__cpp-0022	GCC-DRIVER	WCH	ref/gcc/darwin-arm64/15.2.0/bin/riscv32-wch-elf-cpp	c9c578619653eb033d5972d6b854ffcf4e09e91d43f48cd02a7ccf2d6bba7c48	1824	17336	15512	segment:__TEXT	UNRESOLVED	L1-FEAT-DRIVER	L1-STATIC-XW,L1-STATIC-XDIAG,L1-STATIC-ZSTD-SPEC	COMPLETE-TILING-UNRESOLVED	L1-macho-regions	ownership=PRIMARY; file_size=1899040; region_sha256=6ea1e457d34a833e802e12e11ad2c6c49f6e9ef9bad7876f6e28534fe87d9a9d
L1-REG-WCH-ref__gcc__darwin-arm64__15_2_0__bin__cpp-0023	GCC-DRIVER	WCH	ref/gcc/darwin-arm64/15.2.0/bin/riscv32-wch-elf-cpp	c9c578619653eb033d5972d6b854ffcf4e09e91d43f48cd02a7ccf2d6bba7c48	17336	735504	718168	section:__TEXT,__text	FUNCTIONAL-CODE	L1-FEAT-DRIVER	L1-STATIC-XW,L1-STATIC-XDIAG,L1-STATIC-ZSTD-SPEC	COMPLETE-TILING-UNRESOLVED	L1-macho-regions	ownership=PRIMARY; file_size=1899040; region_sha256=08d82e598edfdd53e72f3a89184f9e093ef32bb2d30c60fc6bf2a9b7cc0b8a48
L1-REG-WCH-ref__gcc__darwin-arm64__15_2_0__bin__cpp-0024	GCC-DRIVER	WCH	ref/gcc/darwin-arm64/15.2.0/bin/riscv32-wch-elf-cpp	c9c578619653eb033d5972d6b854ffcf4e09e91d43f48cd02a7ccf2d6bba7c48	735504	737328	1824	section:__TEXT,__stubs	UNRESOLVED	L1-FEAT-DRIVER	L1-STATIC-XW,L1-STATIC-XDIAG,L1-STATIC-ZSTD-SPEC	COMPLETE-TILING-UNRESOLVED	L1-macho-regions	ownership=PRIMARY; file_size=1899040; region_sha256=b07cb0651b8ca953f7fb6ff86cfcbd8b268f3d5fc6aeb4031d84c006e14d284f
L1-REG-WCH-ref__gcc__darwin-arm64__15_2_0__bin__cpp-0025	GCC-DRIVER	WCH	ref/gcc/darwin-arm64/15.2.0/bin/riscv32-wch-elf-cpp	c9c578619653eb033d5972d6b854ffcf4e09e91d43f48cd02a7ccf2d6bba7c48	737328	737344	16	section:__TEXT,__init_offsets	UNRESOLVED	L1-FEAT-DRIVER	L1-STATIC-XW,L1-STATIC-XDIAG,L1-STATIC-ZSTD-SPEC	COMPLETE-TILING-UNRESOLVED	L1-macho-regions	ownership=PRIMARY; file_size=1899040; region_sha256=0d6f7236eb06038d470e44e4ed730d897bad8474a9bdf24c3912b101e0e22caf
L1-REG-WCH-ref__gcc__darwin-arm64__15_2_0__bin__cpp-0026	GCC-DRIVER	WCH	ref/gcc/darwin-arm64/15.2.0/bin/riscv32-wch-elf-cpp	c9c578619653eb033d5972d6b854ffcf4e09e91d43f48cd02a7ccf2d6bba7c48	737344	1102756	365412	section:__TEXT,__const	FUNCTIONAL-DATA-TABLE	L1-FEAT-DRIVER	L1-STATIC-XW,L1-STATIC-XDIAG,L1-STATIC-ZSTD-SPEC	COMPLETE-TILING-UNRESOLVED	L1-macho-regions	ownership=PRIMARY; file_size=1899040; region_sha256=eabcfd2313c186ac7f0cce57303c9a07ce904e35142c25a67e753098cb6f534d
L1-REG-WCH-ref__gcc__darwin-arm64__15_2_0__bin__cpp-0027	GCC-DRIVER	WCH	ref/gcc/darwin-arm64/15.2.0/bin/riscv32-wch-elf-cpp	c9c578619653eb033d5972d6b854ffcf4e09e91d43f48cd02a7ccf2d6bba7c48	1102756	1437140	334384	section:__TEXT,__cstring	FUNCTIONAL-DATA-TABLE	L1-FEAT-DRIVER	L1-STATIC-XW,L1-STATIC-XDIAG,L1-STATIC-ZSTD-SPEC	COMPLETE-TILING-UNRESOLVED	L1-macho-regions	ownership=PRIMARY; file_size=1899040; region_sha256=a24d63d6b62b81c415e4b797f287910fb6f5fa33bdee4dbc7aed56091afaa0f3
L1-REG-WCH-ref__gcc__darwin-arm64__15_2_0__bin__cpp-0028	GCC-DRIVER	WCH	ref/gcc/darwin-arm64/15.2.0/bin/riscv32-wch-elf-cpp	c9c578619653eb033d5972d6b854ffcf4e09e91d43f48cd02a7ccf2d6bba7c48	1437140	1446364	9224	section:__TEXT,__unwind_info	FUNCTIONAL-DATA-TABLE	L1-FEAT-DRIVER	L1-STATIC-XW,L1-STATIC-XDIAG,L1-STATIC-ZSTD-SPEC	COMPLETE-TILING-UNRESOLVED	L1-macho-regions	ownership=PRIMARY; file_size=1899040; region_sha256=dcb88f18c2befda2b4cafc99ac42aeaa3c56565bb716ca9ee3b651f8b1dc7ab7
L1-REG-WCH-ref__gcc__darwin-arm64__15_2_0__bin__cpp-0029	GCC-DRIVER	WCH	ref/gcc/darwin-arm64/15.2.0/bin/riscv32-wch-elf-cpp	c9c578619653eb033d5972d6b854ffcf4e09e91d43f48cd02a7ccf2d6bba7c48	1446364	1446368	4	segment:__TEXT	UNRESOLVED	L1-FEAT-DRIVER	L1-STATIC-XW,L1-STATIC-XDIAG,L1-STATIC-ZSTD-SPEC	COMPLETE-TILING-UNRESOLVED	L1-macho-regions	ownership=PRIMARY; file_size=1899040; region_sha256=df3f619804a92fdb4057192dc43dd748ea778adc52bc498ce80524c014b81119
L1-REG-WCH-ref__gcc__darwin-arm64__15_2_0__bin__cpp-0030	GCC-DRIVER	WCH	ref/gcc/darwin-arm64/15.2.0/bin/riscv32-wch-elf-cpp	c9c578619653eb033d5972d6b854ffcf4e09e91d43f48cd02a7ccf2d6bba7c48	1446368	1507316	60948	section:__TEXT,__eh_frame	FUNCTIONAL-DATA-TABLE	L1-FEAT-DRIVER	L1-STATIC-XW,L1-STATIC-XDIAG,L1-STATIC-ZSTD-SPEC	COMPLETE-TILING-UNRESOLVED	L1-macho-regions	ownership=PRIMARY; file_size=1899040; region_sha256=64b60c4d2a0d5e611c40fc23f8a886d1a6f7c72c60af8dadff3e9c37d54fc340
L1-REG-WCH-ref__gcc__darwin-arm64__15_2_0__bin__cpp-0031	GCC-DRIVER	WCH	ref/gcc/darwin-arm64/15.2.0/bin/riscv32-wch-elf-cpp	c9c578619653eb033d5972d6b854ffcf4e09e91d43f48cd02a7ccf2d6bba7c48	1507316	1507328	12	segment:__TEXT	UNRESOLVED	L1-FEAT-DRIVER	L1-STATIC-XW,L1-STATIC-XDIAG,L1-STATIC-ZSTD-SPEC	COMPLETE-TILING-UNRESOLVED	L1-macho-regions	ownership=PRIMARY; file_size=1899040; region_sha256=15ec7bf0b50732b49f8228e07d24365338f9e3ab994b00af08e5a3bffe55fd8b
L1-REG-WCH-ref__gcc__darwin-arm64__15_2_0__bin__cpp-0032	GCC-DRIVER	WCH	ref/gcc/darwin-arm64/15.2.0/bin/riscv32-wch-elf-cpp	c9c578619653eb033d5972d6b854ffcf4e09e91d43f48cd02a7ccf2d6bba7c48	1507328	1508768	1440	section:__DATA_CONST,__got	FUNCTIONAL-DATA-TABLE	L1-FEAT-DRIVER	L1-STATIC-XW,L1-STATIC-XDIAG,L1-STATIC-ZSTD-SPEC	COMPLETE-TILING-UNRESOLVED	L1-macho-regions	ownership=PRIMARY; file_size=1899040; region_sha256=ae03c576bd5a6e53357ca6cc25e6223122cace1798e64c329af57e5f269592f8
L1-REG-WCH-ref__gcc__darwin-arm64__15_2_0__bin__cpp-0033	GCC-DRIVER	WCH	ref/gcc/darwin-arm64/15.2.0/bin/riscv32-wch-elf-cpp	c9c578619653eb033d5972d6b854ffcf4e09e91d43f48cd02a7ccf2d6bba7c48	1508768	1762520	253752	section:__DATA_CONST,__const	FUNCTIONAL-DATA-TABLE	L1-FEAT-DRIVER	L1-STATIC-XW,L1-STATIC-XDIAG,L1-STATIC-ZSTD-SPEC	COMPLETE-TILING-UNRESOLVED	L1-macho-regions	ownership=PRIMARY; file_size=1899040; region_sha256=e0a0c281c1f13758982aba978ea07c8c0a4984830d6f9485355b7058b99f41f3
L1-REG-WCH-ref__gcc__darwin-arm64__15_2_0__bin__cpp-0034	GCC-DRIVER	WCH	ref/gcc/darwin-arm64/15.2.0/bin/riscv32-wch-elf-cpp	c9c578619653eb033d5972d6b854ffcf4e09e91d43f48cd02a7ccf2d6bba7c48	1762520	1769472	6952	segment:__DATA_CONST	UNRESOLVED	L1-FEAT-DRIVER	L1-STATIC-XW,L1-STATIC-XDIAG,L1-STATIC-ZSTD-SPEC	COMPLETE-TILING-UNRESOLVED	L1-macho-regions	ownership=PRIMARY; file_size=1899040; region_sha256=4fa70f7c63cb89b6d465ef73d950ad311d4c0c3ea28716a3462deda8d172a48a
L1-REG-WCH-ref__gcc__darwin-arm64__15_2_0__bin__cpp-0035	GCC-DRIVER	WCH	ref/gcc/darwin-arm64/15.2.0/bin/riscv32-wch-elf-cpp	c9c578619653eb033d5972d6b854ffcf4e09e91d43f48cd02a7ccf2d6bba7c48	1769472	1772240	2768	section:__DATA,__data	FUNCTIONAL-DATA-TABLE	L1-FEAT-DRIVER	L1-STATIC-XW,L1-STATIC-XDIAG,L1-STATIC-ZSTD-SPEC	COMPLETE-TILING-UNRESOLVED	L1-macho-regions	ownership=PRIMARY; file_size=1899040; region_sha256=81ddcbd3bba4bdea7dea118a9aadaad7fabf78d45d63dd84a27bd415c6def341
L1-REG-WCH-ref__gcc__darwin-arm64__15_2_0__bin__cpp-0036	GCC-DRIVER	WCH	ref/gcc/darwin-arm64/15.2.0/bin/riscv32-wch-elf-cpp	c9c578619653eb033d5972d6b854ffcf4e09e91d43f48cd02a7ccf2d6bba7c48	1772240	1785856	13616	segment:__DATA	UNRESOLVED	L1-FEAT-DRIVER	L1-STATIC-XW,L1-STATIC-XDIAG,L1-STATIC-ZSTD-SPEC	COMPLETE-TILING-UNRESOLVED	L1-macho-regions	ownership=PRIMARY; file_size=1899040; region_sha256=df2a49e8ad39fc1deabf72892bd8580ae9bcb3fc839ba79f3e9fe15cb2a3d6fc
L1-REG-WCH-ref__gcc__darwin-arm64__15_2_0__bin__cpp-0037	GCC-DRIVER	WCH	ref/gcc/darwin-arm64/15.2.0/bin/riscv32-wch-elf-cpp	c9c578619653eb033d5972d6b854ffcf4e09e91d43f48cd02a7ccf2d6bba7c48	1785856	1791208	5352	LC_DYLD_CHAINED_FIXUPS:payload	LINK-LAYOUT	L1-FEAT-DRIVER	L1-STATIC-XW,L1-STATIC-XDIAG,L1-STATIC-ZSTD-SPEC	COMPLETE-TILING-UNRESOLVED	L1-macho-regions	ownership=PRIMARY; file_size=1899040; region_sha256=b82db8bbfff11cef6e2b74d82c7168eddfac903ca40ea53fd2f6fcb58a88cebe
L1-REG-WCH-ref__gcc__darwin-arm64__15_2_0__bin__cpp-0038	GCC-DRIVER	WCH	ref/gcc/darwin-arm64/15.2.0/bin/riscv32-wch-elf-cpp	c9c578619653eb033d5972d6b854ffcf4e09e91d43f48cd02a7ccf2d6bba7c48	1791208	1852456	61248	LC_DYLD_EXPORTS_TRIE:payload	LINK-LAYOUT	L1-FEAT-DRIVER	L1-STATIC-XW,L1-STATIC-XDIAG,L1-STATIC-ZSTD-SPEC	COMPLETE-TILING-UNRESOLVED	L1-macho-regions	ownership=PRIMARY; file_size=1899040; region_sha256=237178e5e46bf96e4c8977d69949726aebb49a5ff99cd744c9c0d428bf36869e
L1-REG-WCH-ref__gcc__darwin-arm64__15_2_0__bin__cpp-0039	GCC-DRIVER	WCH	ref/gcc/darwin-arm64/15.2.0/bin/riscv32-wch-elf-cpp	c9c578619653eb033d5972d6b854ffcf4e09e91d43f48cd02a7ccf2d6bba7c48	1852456	1855656	3200	LC_FUNCTION_STARTS:payload	STRIP/DEBUG/SYMBOL-LAYOUT	L1-FEAT-DRIVER	L1-STATIC-XW,L1-STATIC-XDIAG,L1-STATIC-ZSTD-SPEC	COMPLETE-TILING-UNRESOLVED	L1-macho-regions	ownership=PRIMARY; file_size=1899040; region_sha256=57b8ee9a4262f492b0b606394ad4dde8f4ac00201e5cc08ad068dad3dcd7eb53
L1-REG-WCH-ref__gcc__darwin-arm64__15_2_0__bin__cpp-0040	GCC-DRIVER	WCH	ref/gcc/darwin-arm64/15.2.0/bin/riscv32-wch-elf-cpp	c9c578619653eb033d5972d6b854ffcf4e09e91d43f48cd02a7ccf2d6bba7c48	1855656	1858808	3152	LC_SYMTAB:nlist_64	STRIP/DEBUG/SYMBOL-LAYOUT	L1-FEAT-DRIVER	L1-STATIC-XW,L1-STATIC-XDIAG,L1-STATIC-ZSTD-SPEC	COMPLETE-TILING-UNRESOLVED	L1-macho-regions	ownership=PRIMARY; file_size=1899040; region_sha256=f2f174cccc85cdfa84e9de1b8501d92e02e70b1f0658c23882e7ccfcd605b3fe
L1-REG-WCH-ref__gcc__darwin-arm64__15_2_0__bin__cpp-0041	GCC-DRIVER	WCH	ref/gcc/darwin-arm64/15.2.0/bin/riscv32-wch-elf-cpp	c9c578619653eb033d5972d6b854ffcf4e09e91d43f48cd02a7ccf2d6bba7c48	1858808	1860136	1328	segment:__LINKEDIT	LINK-LAYOUT	L1-FEAT-DRIVER	L1-STATIC-XW,L1-STATIC-XDIAG,L1-STATIC-ZSTD-SPEC	COMPLETE-TILING-UNRESOLVED	L1-macho-regions	ownership=PRIMARY; file_size=1899040; region_sha256=367e34654898889e25c9637e2bcc655ed7181c49b4e257a0254290b61bb04a5f
L1-REG-WCH-ref__gcc__darwin-arm64__15_2_0__bin__cpp-0042	GCC-DRIVER	WCH	ref/gcc/darwin-arm64/15.2.0/bin/riscv32-wch-elf-cpp	c9c578619653eb033d5972d6b854ffcf4e09e91d43f48cd02a7ccf2d6bba7c48	1860136	1865216	5080	LC_SYMTAB:string_table	STRIP/DEBUG/SYMBOL-LAYOUT	L1-FEAT-DRIVER	L1-STATIC-XW,L1-STATIC-XDIAG,L1-STATIC-ZSTD-SPEC	COMPLETE-TILING-UNRESOLVED	L1-macho-regions	ownership=PRIMARY; file_size=1899040; region_sha256=72e7d1e067debcf629a77d632625b5dfa94bf97b13ff64e524123087059e84c5
L1-REG-WCH-ref__gcc__darwin-arm64__15_2_0__bin__cpp-0043	GCC-DRIVER	WCH	ref/gcc/darwin-arm64/15.2.0/bin/riscv32-wch-elf-cpp	c9c578619653eb033d5972d6b854ffcf4e09e91d43f48cd02a7ccf2d6bba7c48	1865216	1899040	33824	LC_CODE_SIGNATURE:payload	SIGNATURE/UUID/BUILD-METADATA	L1-FEAT-DRIVER	L1-STATIC-XW,L1-STATIC-XDIAG,L1-STATIC-ZSTD-SPEC	COMPLETE-TILING-UNRESOLVED	L1-macho-regions	ownership=PRIMARY; file_size=1899040; region_sha256=60b36aa31be17ac5b0f9a8bda677c85574108611c2ba094f8a3cc10888b63d9b
L1-REG-WCH-ref__gcc__darwin-arm64__15_2_0__bin__g++-0001	GCC-DRIVER	WCH	ref/gcc/darwin-arm64/15.2.0/bin/riscv32-wch-elf-g++	57193c6cbe0772e2c2b815538e46eea0ae9f8c3a3d1a9082ccd695d9c9e489e9	0	32	32	mach_header_64	SIGNATURE/UUID/BUILD-METADATA	L1-FEAT-DRIVER	L1-STATIC-XW,L1-STATIC-XDIAG,L1-STATIC-ZSTD-SPEC	COMPLETE-TILING-UNRESOLVED	L1-macho-regions	ownership=PRIMARY; file_size=1899024; region_sha256=08954c9497afe8aea0829ceb1816408e95f9e85573f06eea750fecd84c9d8947
L1-REG-WCH-ref__gcc__darwin-arm64__15_2_0__bin__g++-0002	GCC-DRIVER	WCH	ref/gcc/darwin-arm64/15.2.0/bin/riscv32-wch-elf-g++	57193c6cbe0772e2c2b815538e46eea0ae9f8c3a3d1a9082ccd695d9c9e489e9	32	104	72	LC_SEGMENT_64[0]	SIGNATURE/UUID/BUILD-METADATA	L1-FEAT-DRIVER	L1-STATIC-XW,L1-STATIC-XDIAG,L1-STATIC-ZSTD-SPEC	COMPLETE-TILING-UNRESOLVED	L1-macho-regions	ownership=PRIMARY; file_size=1899024; region_sha256=38432a8fbcbe1ae9fdf9263fe1e4e948de98131833cc5e5333f375dcf5f6333f
L1-REG-WCH-ref__gcc__darwin-arm64__15_2_0__bin__g++-0003	GCC-DRIVER	WCH	ref/gcc/darwin-arm64/15.2.0/bin/riscv32-wch-elf-g++	57193c6cbe0772e2c2b815538e46eea0ae9f8c3a3d1a9082ccd695d9c9e489e9	104	736	632	LC_SEGMENT_64[1]	SIGNATURE/UUID/BUILD-METADATA	L1-FEAT-DRIVER	L1-STATIC-XW,L1-STATIC-XDIAG,L1-STATIC-ZSTD-SPEC	COMPLETE-TILING-UNRESOLVED	L1-macho-regions	ownership=PRIMARY; file_size=1899024; region_sha256=8ab50117219480b7735ef5683adba16decb21b91de7a613798c64a5973ba7cbd
L1-REG-WCH-ref__gcc__darwin-arm64__15_2_0__bin__g++-0004	GCC-DRIVER	WCH	ref/gcc/darwin-arm64/15.2.0/bin/riscv32-wch-elf-g++	57193c6cbe0772e2c2b815538e46eea0ae9f8c3a3d1a9082ccd695d9c9e489e9	736	968	232	LC_SEGMENT_64[2]	SIGNATURE/UUID/BUILD-METADATA	L1-FEAT-DRIVER	L1-STATIC-XW,L1-STATIC-XDIAG,L1-STATIC-ZSTD-SPEC	COMPLETE-TILING-UNRESOLVED	L1-macho-regions	ownership=PRIMARY; file_size=1899024; region_sha256=5d6e952ab1fb0bd3d0df8a81622aaeb916b2874c9b024a160e6ed4c1278369ae
L1-REG-WCH-ref__gcc__darwin-arm64__15_2_0__bin__g++-0005	GCC-DRIVER	WCH	ref/gcc/darwin-arm64/15.2.0/bin/riscv32-wch-elf-g++	57193c6cbe0772e2c2b815538e46eea0ae9f8c3a3d1a9082ccd695d9c9e489e9	968	1280	312	LC_SEGMENT_64[3]	SIGNATURE/UUID/BUILD-METADATA	L1-FEAT-DRIVER	L1-STATIC-XW,L1-STATIC-XDIAG,L1-STATIC-ZSTD-SPEC	COMPLETE-TILING-UNRESOLVED	L1-macho-regions	ownership=PRIMARY; file_size=1899024; region_sha256=2a5381ccf36b457faf4cf3db0fce52454cdbd7135af26b8cdb551e59573ce84b
L1-REG-WCH-ref__gcc__darwin-arm64__15_2_0__bin__g++-0006	GCC-DRIVER	WCH	ref/gcc/darwin-arm64/15.2.0/bin/riscv32-wch-elf-g++	57193c6cbe0772e2c2b815538e46eea0ae9f8c3a3d1a9082ccd695d9c9e489e9	1280	1352	72	LC_SEGMENT_64[4]	SIGNATURE/UUID/BUILD-METADATA	L1-FEAT-DRIVER	L1-STATIC-XW,L1-STATIC-XDIAG,L1-STATIC-ZSTD-SPEC	COMPLETE-TILING-UNRESOLVED	L1-macho-regions	ownership=PRIMARY; file_size=1899024; region_sha256=6f8ef1e316d4825c46901718fe21a9a512a3d0b8325f7dda4984345eb5e738b4
L1-REG-WCH-ref__gcc__darwin-arm64__15_2_0__bin__g++-0007	GCC-DRIVER	WCH	ref/gcc/darwin-arm64/15.2.0/bin/riscv32-wch-elf-g++	57193c6cbe0772e2c2b815538e46eea0ae9f8c3a3d1a9082ccd695d9c9e489e9	1352	1368	16	LC_DYLD_CHAINED_FIXUPS[5]	SIGNATURE/UUID/BUILD-METADATA	L1-FEAT-DRIVER	L1-STATIC-XW,L1-STATIC-XDIAG,L1-STATIC-ZSTD-SPEC	COMPLETE-TILING-UNRESOLVED	L1-macho-regions	ownership=PRIMARY; file_size=1899024; region_sha256=13261dbf561805021d7a32d947e8656640beb80fc6fd7ffb6f918890e61fd23d
L1-REG-WCH-ref__gcc__darwin-arm64__15_2_0__bin__g++-0008	GCC-DRIVER	WCH	ref/gcc/darwin-arm64/15.2.0/bin/riscv32-wch-elf-g++	57193c6cbe0772e2c2b815538e46eea0ae9f8c3a3d1a9082ccd695d9c9e489e9	1368	1384	16	LC_DYLD_EXPORTS_TRIE[6]	SIGNATURE/UUID/BUILD-METADATA	L1-FEAT-DRIVER	L1-STATIC-XW,L1-STATIC-XDIAG,L1-STATIC-ZSTD-SPEC	COMPLETE-TILING-UNRESOLVED	L1-macho-regions	ownership=PRIMARY; file_size=1899024; region_sha256=f6474121e9dba06f797fdceb40828c278b52e01fb574bdc22a330db49d815b1e
L1-REG-WCH-ref__gcc__darwin-arm64__15_2_0__bin__g++-0009	GCC-DRIVER	WCH	ref/gcc/darwin-arm64/15.2.0/bin/riscv32-wch-elf-g++	57193c6cbe0772e2c2b815538e46eea0ae9f8c3a3d1a9082ccd695d9c9e489e9	1384	1408	24	LC_SYMTAB[7]	SIGNATURE/UUID/BUILD-METADATA	L1-FEAT-DRIVER	L1-STATIC-XW,L1-STATIC-XDIAG,L1-STATIC-ZSTD-SPEC	COMPLETE-TILING-UNRESOLVED	L1-macho-regions	ownership=PRIMARY; file_size=1899024; region_sha256=4b4b4177c9e5ef13adc49cec12cfe75420755497d48ef13c30b93a8dbb48cbc4
L1-REG-WCH-ref__gcc__darwin-arm64__15_2_0__bin__g++-0010	GCC-DRIVER	WCH	ref/gcc/darwin-arm64/15.2.0/bin/riscv32-wch-elf-g++	57193c6cbe0772e2c2b815538e46eea0ae9f8c3a3d1a9082ccd695d9c9e489e9	1408	1488	80	LC_DYSYMTAB[8]	SIGNATURE/UUID/BUILD-METADATA	L1-FEAT-DRIVER	L1-STATIC-XW,L1-STATIC-XDIAG,L1-STATIC-ZSTD-SPEC	COMPLETE-TILING-UNRESOLVED	L1-macho-regions	ownership=PRIMARY; file_size=1899024; region_sha256=69a67a350f8a28e63df6078dfdcbf43770fa665d92292bae89ff7a095eb68a37
L1-REG-WCH-ref__gcc__darwin-arm64__15_2_0__bin__g++-0011	GCC-DRIVER	WCH	ref/gcc/darwin-arm64/15.2.0/bin/riscv32-wch-elf-g++	57193c6cbe0772e2c2b815538e46eea0ae9f8c3a3d1a9082ccd695d9c9e489e9	1488	1520	32	LC_LOAD_DYLINKER[9]	PACKAGING/DEPENDENCY	L1-FEAT-DRIVER	L1-STATIC-XW,L1-STATIC-XDIAG,L1-STATIC-ZSTD-SPEC	COMPLETE-TILING-UNRESOLVED	L1-macho-regions	ownership=PRIMARY; file_size=1899024; region_sha256=44316cf4f366f41aa06996613c44af75e34479362928faf61a168c2a203b5999
L1-REG-WCH-ref__gcc__darwin-arm64__15_2_0__bin__g++-0012	GCC-DRIVER	WCH	ref/gcc/darwin-arm64/15.2.0/bin/riscv32-wch-elf-g++	57193c6cbe0772e2c2b815538e46eea0ae9f8c3a3d1a9082ccd695d9c9e489e9	1520	1544	24	LC_UUID[10]	SIGNATURE/UUID/BUILD-METADATA	L1-FEAT-DRIVER	L1-STATIC-XW,L1-STATIC-XDIAG,L1-STATIC-ZSTD-SPEC	COMPLETE-TILING-UNRESOLVED	L1-macho-regions	ownership=PRIMARY; file_size=1899024; region_sha256=c8d7de276277e05974b67fb0ca4eeec7a1054d659d2befaef2c456e7bacf1a81
L1-REG-WCH-ref__gcc__darwin-arm64__15_2_0__bin__g++-0013	GCC-DRIVER	WCH	ref/gcc/darwin-arm64/15.2.0/bin/riscv32-wch-elf-g++	57193c6cbe0772e2c2b815538e46eea0ae9f8c3a3d1a9082ccd695d9c9e489e9	1544	1576	32	LC_BUILD_VERSION[11]	SIGNATURE/UUID/BUILD-METADATA	L1-FEAT-DRIVER	L1-STATIC-XW,L1-STATIC-XDIAG,L1-STATIC-ZSTD-SPEC	COMPLETE-TILING-UNRESOLVED	L1-macho-regions	ownership=PRIMARY; file_size=1899024; region_sha256=a3fdf0da365a377842bd4e39ba20dc11e9e504cc493367b2b0b5b36aa050dea0
L1-REG-WCH-ref__gcc__darwin-arm64__15_2_0__bin__g++-0014	GCC-DRIVER	WCH	ref/gcc/darwin-arm64/15.2.0/bin/riscv32-wch-elf-g++	57193c6cbe0772e2c2b815538e46eea0ae9f8c3a3d1a9082ccd695d9c9e489e9	1576	1592	16	LC_SOURCE_VERSION[12]	SIGNATURE/UUID/BUILD-METADATA	L1-FEAT-DRIVER	L1-STATIC-XW,L1-STATIC-XDIAG,L1-STATIC-ZSTD-SPEC	COMPLETE-TILING-UNRESOLVED	L1-macho-regions	ownership=PRIMARY; file_size=1899024; region_sha256=01a60f1db7db041298aa3e269ff5ebea951aa6977963e4ab563905da906d2b82
L1-REG-WCH-ref__gcc__darwin-arm64__15_2_0__bin__g++-0015	GCC-DRIVER	WCH	ref/gcc/darwin-arm64/15.2.0/bin/riscv32-wch-elf-g++	57193c6cbe0772e2c2b815538e46eea0ae9f8c3a3d1a9082ccd695d9c9e489e9	1592	1616	24	LC_MAIN[13]	SIGNATURE/UUID/BUILD-METADATA	L1-FEAT-DRIVER	L1-STATIC-XW,L1-STATIC-XDIAG,L1-STATIC-ZSTD-SPEC	COMPLETE-TILING-UNRESOLVED	L1-macho-regions	ownership=PRIMARY; file_size=1899024; region_sha256=ec4872a0d7189dc315d52c3d5000002e100cbc74e70dd146a468389bbb30ecf6
L1-REG-WCH-ref__gcc__darwin-arm64__15_2_0__bin__g++-0016	GCC-DRIVER	WCH	ref/gcc/darwin-arm64/15.2.0/bin/riscv32-wch-elf-g++	57193c6cbe0772e2c2b815538e46eea0ae9f8c3a3d1a9082ccd695d9c9e489e9	1616	1672	56	LC_LOAD_DYLIB[14]	PACKAGING/DEPENDENCY	L1-FEAT-DRIVER	L1-STATIC-XW,L1-STATIC-XDIAG,L1-STATIC-ZSTD-SPEC	COMPLETE-TILING-UNRESOLVED	L1-macho-regions	ownership=PRIMARY; file_size=1899024; region_sha256=1a489c8b895a1c5fa426d2f6bdf524fa8d9c8227923ea0a7bb3a194fd92823ea
L1-REG-WCH-ref__gcc__darwin-arm64__15_2_0__bin__g++-0017	GCC-DRIVER	WCH	ref/gcc/darwin-arm64/15.2.0/bin/riscv32-wch-elf-g++	57193c6cbe0772e2c2b815538e46eea0ae9f8c3a3d1a9082ccd695d9c9e489e9	1672	1720	48	LC_LOAD_DYLIB[15]	PACKAGING/DEPENDENCY	L1-FEAT-DRIVER	L1-STATIC-XW,L1-STATIC-XDIAG,L1-STATIC-ZSTD-SPEC	COMPLETE-TILING-UNRESOLVED	L1-macho-regions	ownership=PRIMARY; file_size=1899024; region_sha256=847de3a75696761d9bebde15e620577d06951631ceed28843870578a73cf95fc
L1-REG-WCH-ref__gcc__darwin-arm64__15_2_0__bin__g++-0018	GCC-DRIVER	WCH	ref/gcc/darwin-arm64/15.2.0/bin/riscv32-wch-elf-g++	57193c6cbe0772e2c2b815538e46eea0ae9f8c3a3d1a9082ccd695d9c9e489e9	1720	1776	56	LC_LOAD_DYLIB[16]	PACKAGING/DEPENDENCY	L1-FEAT-DRIVER	L1-STATIC-XW,L1-STATIC-XDIAG,L1-STATIC-ZSTD-SPEC	COMPLETE-TILING-UNRESOLVED	L1-macho-regions	ownership=PRIMARY; file_size=1899024; region_sha256=a76b7338642dddfaa1e767a899cb39b4dc80160890ae1724febfe7e40d40b735
L1-REG-WCH-ref__gcc__darwin-arm64__15_2_0__bin__g++-0019	GCC-DRIVER	WCH	ref/gcc/darwin-arm64/15.2.0/bin/riscv32-wch-elf-g++	57193c6cbe0772e2c2b815538e46eea0ae9f8c3a3d1a9082ccd695d9c9e489e9	1776	1792	16	LC_FUNCTION_STARTS[17]	SIGNATURE/UUID/BUILD-METADATA	L1-FEAT-DRIVER	L1-STATIC-XW,L1-STATIC-XDIAG,L1-STATIC-ZSTD-SPEC	COMPLETE-TILING-UNRESOLVED	L1-macho-regions	ownership=PRIMARY; file_size=1899024; region_sha256=26a2f45e94a26074313efcbd69cc7f48d184a834ef4575349a8aea0183cbb720
L1-REG-WCH-ref__gcc__darwin-arm64__15_2_0__bin__g++-0020	GCC-DRIVER	WCH	ref/gcc/darwin-arm64/15.2.0/bin/riscv32-wch-elf-g++	57193c6cbe0772e2c2b815538e46eea0ae9f8c3a3d1a9082ccd695d9c9e489e9	1792	1808	16	LC_DATA_IN_CODE[18]	SIGNATURE/UUID/BUILD-METADATA	L1-FEAT-DRIVER	L1-STATIC-XW,L1-STATIC-XDIAG,L1-STATIC-ZSTD-SPEC	COMPLETE-TILING-UNRESOLVED	L1-macho-regions	ownership=PRIMARY; file_size=1899024; region_sha256=f30c07023a58139d38ab0fd6e0fc251634a9ada31e5ef1c3914eed483e0469f4
L1-REG-WCH-ref__gcc__darwin-arm64__15_2_0__bin__g++-0021	GCC-DRIVER	WCH	ref/gcc/darwin-arm64/15.2.0/bin/riscv32-wch-elf-g++	57193c6cbe0772e2c2b815538e46eea0ae9f8c3a3d1a9082ccd695d9c9e489e9	1808	1824	16	LC_CODE_SIGNATURE[19]	SIGNATURE/UUID/BUILD-METADATA	L1-FEAT-DRIVER	L1-STATIC-XW,L1-STATIC-XDIAG,L1-STATIC-ZSTD-SPEC	COMPLETE-TILING-UNRESOLVED	L1-macho-regions	ownership=PRIMARY; file_size=1899024; region_sha256=85ca4fcd73e3f201c25581e712886007000e1262018daa3144906d3c35c2506b
L1-REG-WCH-ref__gcc__darwin-arm64__15_2_0__bin__g++-0022	GCC-DRIVER	WCH	ref/gcc/darwin-arm64/15.2.0/bin/riscv32-wch-elf-g++	57193c6cbe0772e2c2b815538e46eea0ae9f8c3a3d1a9082ccd695d9c9e489e9	1824	15828	14004	segment:__TEXT	UNRESOLVED	L1-FEAT-DRIVER	L1-STATIC-XW,L1-STATIC-XDIAG,L1-STATIC-ZSTD-SPEC	COMPLETE-TILING-UNRESOLVED	L1-macho-regions	ownership=PRIMARY; file_size=1899024; region_sha256=b77909ddae35324362296d7e85fea00b3b97fb1ec748c05320760374c277b475
L1-REG-WCH-ref__gcc__darwin-arm64__15_2_0__bin__g++-0023	GCC-DRIVER	WCH	ref/gcc/darwin-arm64/15.2.0/bin/riscv32-wch-elf-g++	57193c6cbe0772e2c2b815538e46eea0ae9f8c3a3d1a9082ccd695d9c9e489e9	15828	735360	719532	section:__TEXT,__text	FUNCTIONAL-CODE	L1-FEAT-DRIVER	L1-STATIC-XW,L1-STATIC-XDIAG,L1-STATIC-ZSTD-SPEC	COMPLETE-TILING-UNRESOLVED	L1-macho-regions	ownership=PRIMARY; file_size=1899024; region_sha256=a2953b6d791e85c45cf49efcd47335971aa453844889f454831800b92900ae1c
L1-REG-WCH-ref__gcc__darwin-arm64__15_2_0__bin__g++-0024	GCC-DRIVER	WCH	ref/gcc/darwin-arm64/15.2.0/bin/riscv32-wch-elf-g++	57193c6cbe0772e2c2b815538e46eea0ae9f8c3a3d1a9082ccd695d9c9e489e9	735360	737184	1824	section:__TEXT,__stubs	UNRESOLVED	L1-FEAT-DRIVER	L1-STATIC-XW,L1-STATIC-XDIAG,L1-STATIC-ZSTD-SPEC	COMPLETE-TILING-UNRESOLVED	L1-macho-regions	ownership=PRIMARY; file_size=1899024; region_sha256=d5bda460260b858e69c0576ccb4319afb48b873f330ef3be3c60844979a8216e
L1-REG-WCH-ref__gcc__darwin-arm64__15_2_0__bin__g++-0025	GCC-DRIVER	WCH	ref/gcc/darwin-arm64/15.2.0/bin/riscv32-wch-elf-g++	57193c6cbe0772e2c2b815538e46eea0ae9f8c3a3d1a9082ccd695d9c9e489e9	737184	737200	16	section:__TEXT,__init_offsets	UNRESOLVED	L1-FEAT-DRIVER	L1-STATIC-XW,L1-STATIC-XDIAG,L1-STATIC-ZSTD-SPEC	COMPLETE-TILING-UNRESOLVED	L1-macho-regions	ownership=PRIMARY; file_size=1899024; region_sha256=4da336db9abbfcf4bd67c748a386efbbc64cbb47ae38700d18c7a04d3c179d3d
L1-REG-WCH-ref__gcc__darwin-arm64__15_2_0__bin__g++-0026	GCC-DRIVER	WCH	ref/gcc/darwin-arm64/15.2.0/bin/riscv32-wch-elf-g++	57193c6cbe0772e2c2b815538e46eea0ae9f8c3a3d1a9082ccd695d9c9e489e9	737200	1102676	365476	section:__TEXT,__const	FUNCTIONAL-DATA-TABLE	L1-FEAT-DRIVER	L1-STATIC-XW,L1-STATIC-XDIAG,L1-STATIC-ZSTD-SPEC	COMPLETE-TILING-UNRESOLVED	L1-macho-regions	ownership=PRIMARY; file_size=1899024; region_sha256=6cb4e0f9f4a2ce2a20b17429d9de55f851f0c2de7916b5ecfbf6c46ee88e4947
L1-REG-WCH-ref__gcc__darwin-arm64__15_2_0__bin__g++-0027	GCC-DRIVER	WCH	ref/gcc/darwin-arm64/15.2.0/bin/riscv32-wch-elf-g++	57193c6cbe0772e2c2b815538e46eea0ae9f8c3a3d1a9082ccd695d9c9e489e9	1102676	1437137	334461	section:__TEXT,__cstring	FUNCTIONAL-DATA-TABLE	L1-FEAT-DRIVER	L1-STATIC-XW,L1-STATIC-XDIAG,L1-STATIC-ZSTD-SPEC	COMPLETE-TILING-UNRESOLVED	L1-macho-regions	ownership=PRIMARY; file_size=1899024; region_sha256=a54634ee0f209b44db2b8d667457f67fc9e82e65eb5bf21e43b7c334faf1551d
L1-REG-WCH-ref__gcc__darwin-arm64__15_2_0__bin__g++-0028	GCC-DRIVER	WCH	ref/gcc/darwin-arm64/15.2.0/bin/riscv32-wch-elf-g++	57193c6cbe0772e2c2b815538e46eea0ae9f8c3a3d1a9082ccd695d9c9e489e9	1437137	1437140	3	segment:__TEXT	UNRESOLVED	L1-FEAT-DRIVER	L1-STATIC-XW,L1-STATIC-XDIAG,L1-STATIC-ZSTD-SPEC	COMPLETE-TILING-UNRESOLVED	L1-macho-regions	ownership=PRIMARY; file_size=1899024; region_sha256=709e80c88487a2411e1ee4dfb9f22a861492d20c4765150c0c794abd70f8147c
L1-REG-WCH-ref__gcc__darwin-arm64__15_2_0__bin__g++-0029	GCC-DRIVER	WCH	ref/gcc/darwin-arm64/15.2.0/bin/riscv32-wch-elf-g++	57193c6cbe0772e2c2b815538e46eea0ae9f8c3a3d1a9082ccd695d9c9e489e9	1437140	1446364	9224	section:__TEXT,__unwind_info	FUNCTIONAL-DATA-TABLE	L1-FEAT-DRIVER	L1-STATIC-XW,L1-STATIC-XDIAG,L1-STATIC-ZSTD-SPEC	COMPLETE-TILING-UNRESOLVED	L1-macho-regions	ownership=PRIMARY; file_size=1899024; region_sha256=268ce1359df82ef94e36a33c1f60b138b06f09c8d2bb9fe1c5f1cef65e9b9cf3
L1-REG-WCH-ref__gcc__darwin-arm64__15_2_0__bin__g++-0030	GCC-DRIVER	WCH	ref/gcc/darwin-arm64/15.2.0/bin/riscv32-wch-elf-g++	57193c6cbe0772e2c2b815538e46eea0ae9f8c3a3d1a9082ccd695d9c9e489e9	1446364	1446368	4	segment:__TEXT	UNRESOLVED	L1-FEAT-DRIVER	L1-STATIC-XW,L1-STATIC-XDIAG,L1-STATIC-ZSTD-SPEC	COMPLETE-TILING-UNRESOLVED	L1-macho-regions	ownership=PRIMARY; file_size=1899024; region_sha256=df3f619804a92fdb4057192dc43dd748ea778adc52bc498ce80524c014b81119
L1-REG-WCH-ref__gcc__darwin-arm64__15_2_0__bin__g++-0031	GCC-DRIVER	WCH	ref/gcc/darwin-arm64/15.2.0/bin/riscv32-wch-elf-g++	57193c6cbe0772e2c2b815538e46eea0ae9f8c3a3d1a9082ccd695d9c9e489e9	1446368	1507316	60948	section:__TEXT,__eh_frame	FUNCTIONAL-DATA-TABLE	L1-FEAT-DRIVER	L1-STATIC-XW,L1-STATIC-XDIAG,L1-STATIC-ZSTD-SPEC	COMPLETE-TILING-UNRESOLVED	L1-macho-regions	ownership=PRIMARY; file_size=1899024; region_sha256=ef45ef6163e404e3ea1d704434da542a690dc04dd6b8723f788781c726da83a6
L1-REG-WCH-ref__gcc__darwin-arm64__15_2_0__bin__g++-0032	GCC-DRIVER	WCH	ref/gcc/darwin-arm64/15.2.0/bin/riscv32-wch-elf-g++	57193c6cbe0772e2c2b815538e46eea0ae9f8c3a3d1a9082ccd695d9c9e489e9	1507316	1507328	12	segment:__TEXT	UNRESOLVED	L1-FEAT-DRIVER	L1-STATIC-XW,L1-STATIC-XDIAG,L1-STATIC-ZSTD-SPEC	COMPLETE-TILING-UNRESOLVED	L1-macho-regions	ownership=PRIMARY; file_size=1899024; region_sha256=15ec7bf0b50732b49f8228e07d24365338f9e3ab994b00af08e5a3bffe55fd8b
L1-REG-WCH-ref__gcc__darwin-arm64__15_2_0__bin__g++-0033	GCC-DRIVER	WCH	ref/gcc/darwin-arm64/15.2.0/bin/riscv32-wch-elf-g++	57193c6cbe0772e2c2b815538e46eea0ae9f8c3a3d1a9082ccd695d9c9e489e9	1507328	1508768	1440	section:__DATA_CONST,__got	FUNCTIONAL-DATA-TABLE	L1-FEAT-DRIVER	L1-STATIC-XW,L1-STATIC-XDIAG,L1-STATIC-ZSTD-SPEC	COMPLETE-TILING-UNRESOLVED	L1-macho-regions	ownership=PRIMARY; file_size=1899024; region_sha256=ae03c576bd5a6e53357ca6cc25e6223122cace1798e64c329af57e5f269592f8
L1-REG-WCH-ref__gcc__darwin-arm64__15_2_0__bin__g++-0034	GCC-DRIVER	WCH	ref/gcc/darwin-arm64/15.2.0/bin/riscv32-wch-elf-g++	57193c6cbe0772e2c2b815538e46eea0ae9f8c3a3d1a9082ccd695d9c9e489e9	1508768	1762520	253752	section:__DATA_CONST,__const	FUNCTIONAL-DATA-TABLE	L1-FEAT-DRIVER	L1-STATIC-XW,L1-STATIC-XDIAG,L1-STATIC-ZSTD-SPEC	COMPLETE-TILING-UNRESOLVED	L1-macho-regions	ownership=PRIMARY; file_size=1899024; region_sha256=316bef2cb2ecb33df5389b3b78c242fe6d9bdde0aaa9b8cc7f59380e905df44c
L1-REG-WCH-ref__gcc__darwin-arm64__15_2_0__bin__g++-0035	GCC-DRIVER	WCH	ref/gcc/darwin-arm64/15.2.0/bin/riscv32-wch-elf-g++	57193c6cbe0772e2c2b815538e46eea0ae9f8c3a3d1a9082ccd695d9c9e489e9	1762520	1769472	6952	segment:__DATA_CONST	UNRESOLVED	L1-FEAT-DRIVER	L1-STATIC-XW,L1-STATIC-XDIAG,L1-STATIC-ZSTD-SPEC	COMPLETE-TILING-UNRESOLVED	L1-macho-regions	ownership=PRIMARY; file_size=1899024; region_sha256=4fa70f7c63cb89b6d465ef73d950ad311d4c0c3ea28716a3462deda8d172a48a
L1-REG-WCH-ref__gcc__darwin-arm64__15_2_0__bin__g++-0036	GCC-DRIVER	WCH	ref/gcc/darwin-arm64/15.2.0/bin/riscv32-wch-elf-g++	57193c6cbe0772e2c2b815538e46eea0ae9f8c3a3d1a9082ccd695d9c9e489e9	1769472	1772240	2768	section:__DATA,__data	FUNCTIONAL-DATA-TABLE	L1-FEAT-DRIVER	L1-STATIC-XW,L1-STATIC-XDIAG,L1-STATIC-ZSTD-SPEC	COMPLETE-TILING-UNRESOLVED	L1-macho-regions	ownership=PRIMARY; file_size=1899024; region_sha256=b8c4c06a666384d6a8538f1aac8869188a1c7065b4cbf7044415df298cdd98ea
L1-REG-WCH-ref__gcc__darwin-arm64__15_2_0__bin__g++-0037	GCC-DRIVER	WCH	ref/gcc/darwin-arm64/15.2.0/bin/riscv32-wch-elf-g++	57193c6cbe0772e2c2b815538e46eea0ae9f8c3a3d1a9082ccd695d9c9e489e9	1772240	1785856	13616	segment:__DATA	UNRESOLVED	L1-FEAT-DRIVER	L1-STATIC-XW,L1-STATIC-XDIAG,L1-STATIC-ZSTD-SPEC	COMPLETE-TILING-UNRESOLVED	L1-macho-regions	ownership=PRIMARY; file_size=1899024; region_sha256=df2a49e8ad39fc1deabf72892bd8580ae9bcb3fc839ba79f3e9fe15cb2a3d6fc
L1-REG-WCH-ref__gcc__darwin-arm64__15_2_0__bin__g++-0038	GCC-DRIVER	WCH	ref/gcc/darwin-arm64/15.2.0/bin/riscv32-wch-elf-g++	57193c6cbe0772e2c2b815538e46eea0ae9f8c3a3d1a9082ccd695d9c9e489e9	1785856	1791208	5352	LC_DYLD_CHAINED_FIXUPS:payload	LINK-LAYOUT	L1-FEAT-DRIVER	L1-STATIC-XW,L1-STATIC-XDIAG,L1-STATIC-ZSTD-SPEC	COMPLETE-TILING-UNRESOLVED	L1-macho-regions	ownership=PRIMARY; file_size=1899024; region_sha256=b82db8bbfff11cef6e2b74d82c7168eddfac903ca40ea53fd2f6fcb58a88cebe
L1-REG-WCH-ref__gcc__darwin-arm64__15_2_0__bin__g++-0039	GCC-DRIVER	WCH	ref/gcc/darwin-arm64/15.2.0/bin/riscv32-wch-elf-g++	57193c6cbe0772e2c2b815538e46eea0ae9f8c3a3d1a9082ccd695d9c9e489e9	1791208	1852448	61240	LC_DYLD_EXPORTS_TRIE:payload	LINK-LAYOUT	L1-FEAT-DRIVER	L1-STATIC-XW,L1-STATIC-XDIAG,L1-STATIC-ZSTD-SPEC	COMPLETE-TILING-UNRESOLVED	L1-macho-regions	ownership=PRIMARY; file_size=1899024; region_sha256=14c6d5078aa32a0fcb97bb6e02af62a074004308691d4428bca0f62f1001b5e0
L1-REG-WCH-ref__gcc__darwin-arm64__15_2_0__bin__g++-0040	GCC-DRIVER	WCH	ref/gcc/darwin-arm64/15.2.0/bin/riscv32-wch-elf-g++	57193c6cbe0772e2c2b815538e46eea0ae9f8c3a3d1a9082ccd695d9c9e489e9	1852448	1855640	3192	LC_FUNCTION_STARTS:payload	STRIP/DEBUG/SYMBOL-LAYOUT	L1-FEAT-DRIVER	L1-STATIC-XW,L1-STATIC-XDIAG,L1-STATIC-ZSTD-SPEC	COMPLETE-TILING-UNRESOLVED	L1-macho-regions	ownership=PRIMARY; file_size=1899024; region_sha256=cd4e370ca2bf1606555f25164ee1e655be5cbb93bcbef515e1126b6ef9785614
L1-REG-WCH-ref__gcc__darwin-arm64__15_2_0__bin__g++-0041	GCC-DRIVER	WCH	ref/gcc/darwin-arm64/15.2.0/bin/riscv32-wch-elf-g++	57193c6cbe0772e2c2b815538e46eea0ae9f8c3a3d1a9082ccd695d9c9e489e9	1855640	1858792	3152	LC_SYMTAB:nlist_64	STRIP/DEBUG/SYMBOL-LAYOUT	L1-FEAT-DRIVER	L1-STATIC-XW,L1-STATIC-XDIAG,L1-STATIC-ZSTD-SPEC	COMPLETE-TILING-UNRESOLVED	L1-macho-regions	ownership=PRIMARY; file_size=1899024; region_sha256=626f78a8a9ea4d6316de2314a5ba2325a2a5b3b84541167e444d6168a6dc7a10
L1-REG-WCH-ref__gcc__darwin-arm64__15_2_0__bin__g++-0042	GCC-DRIVER	WCH	ref/gcc/darwin-arm64/15.2.0/bin/riscv32-wch-elf-g++	57193c6cbe0772e2c2b815538e46eea0ae9f8c3a3d1a9082ccd695d9c9e489e9	1858792	1860120	1328	segment:__LINKEDIT	LINK-LAYOUT	L1-FEAT-DRIVER	L1-STATIC-XW,L1-STATIC-XDIAG,L1-STATIC-ZSTD-SPEC	COMPLETE-TILING-UNRESOLVED	L1-macho-regions	ownership=PRIMARY; file_size=1899024; region_sha256=367e34654898889e25c9637e2bcc655ed7181c49b4e257a0254290b61bb04a5f
L1-REG-WCH-ref__gcc__darwin-arm64__15_2_0__bin__g++-0043	GCC-DRIVER	WCH	ref/gcc/darwin-arm64/15.2.0/bin/riscv32-wch-elf-g++	57193c6cbe0772e2c2b815538e46eea0ae9f8c3a3d1a9082ccd695d9c9e489e9	1860120	1865200	5080	LC_SYMTAB:string_table	STRIP/DEBUG/SYMBOL-LAYOUT	L1-FEAT-DRIVER	L1-STATIC-XW,L1-STATIC-XDIAG,L1-STATIC-ZSTD-SPEC	COMPLETE-TILING-UNRESOLVED	L1-macho-regions	ownership=PRIMARY; file_size=1899024; region_sha256=72e7d1e067debcf629a77d632625b5dfa94bf97b13ff64e524123087059e84c5
L1-REG-WCH-ref__gcc__darwin-arm64__15_2_0__bin__g++-0044	GCC-DRIVER	WCH	ref/gcc/darwin-arm64/15.2.0/bin/riscv32-wch-elf-g++	57193c6cbe0772e2c2b815538e46eea0ae9f8c3a3d1a9082ccd695d9c9e489e9	1865200	1899024	33824	LC_CODE_SIGNATURE:payload	SIGNATURE/UUID/BUILD-METADATA	L1-FEAT-DRIVER	L1-STATIC-XW,L1-STATIC-XDIAG,L1-STATIC-ZSTD-SPEC	COMPLETE-TILING-UNRESOLVED	L1-macho-regions	ownership=PRIMARY; file_size=1899024; region_sha256=eecb8c849e58afc69a7e933e104387fc8ed9f5744a3ea1ab72ee58947ebba010
L1-REG-WCH-ref__gcc__darwin-arm64__15_2_0__bin__gcc-0001	GCC-DRIVER	WCH	ref/gcc/darwin-arm64/15.2.0/bin/riscv32-wch-elf-gcc	339104dfa2792244e90a3f44bd1f1ff3435917a7668ab83f33241d5d9c2c2829	0	32	32	mach_header_64	SIGNATURE/UUID/BUILD-METADATA	L1-FEAT-DRIVER	L1-STATIC-XW,L1-STATIC-XDIAG,L1-STATIC-ZSTD-SPEC	COMPLETE-TILING-UNRESOLVED	L1-macho-regions	ownership=PRIMARY; file_size=1882496; region_sha256=08954c9497afe8aea0829ceb1816408e95f9e85573f06eea750fecd84c9d8947
L1-REG-WCH-ref__gcc__darwin-arm64__15_2_0__bin__gcc-0002	GCC-DRIVER	WCH	ref/gcc/darwin-arm64/15.2.0/bin/riscv32-wch-elf-gcc	339104dfa2792244e90a3f44bd1f1ff3435917a7668ab83f33241d5d9c2c2829	32	104	72	LC_SEGMENT_64[0]	SIGNATURE/UUID/BUILD-METADATA	L1-FEAT-DRIVER	L1-STATIC-XW,L1-STATIC-XDIAG,L1-STATIC-ZSTD-SPEC	COMPLETE-TILING-UNRESOLVED	L1-macho-regions	ownership=PRIMARY; file_size=1882496; region_sha256=38432a8fbcbe1ae9fdf9263fe1e4e948de98131833cc5e5333f375dcf5f6333f
L1-REG-WCH-ref__gcc__darwin-arm64__15_2_0__bin__gcc-0003	GCC-DRIVER	WCH	ref/gcc/darwin-arm64/15.2.0/bin/riscv32-wch-elf-gcc	339104dfa2792244e90a3f44bd1f1ff3435917a7668ab83f33241d5d9c2c2829	104	736	632	LC_SEGMENT_64[1]	SIGNATURE/UUID/BUILD-METADATA	L1-FEAT-DRIVER	L1-STATIC-XW,L1-STATIC-XDIAG,L1-STATIC-ZSTD-SPEC	COMPLETE-TILING-UNRESOLVED	L1-macho-regions	ownership=PRIMARY; file_size=1882496; region_sha256=c52eaba9c7f8f8ba59cc9258388c763406433dfe536f446d2d84ab8841e1f6fa
L1-REG-WCH-ref__gcc__darwin-arm64__15_2_0__bin__gcc-0004	GCC-DRIVER	WCH	ref/gcc/darwin-arm64/15.2.0/bin/riscv32-wch-elf-gcc	339104dfa2792244e90a3f44bd1f1ff3435917a7668ab83f33241d5d9c2c2829	736	968	232	LC_SEGMENT_64[2]	SIGNATURE/UUID/BUILD-METADATA	L1-FEAT-DRIVER	L1-STATIC-XW,L1-STATIC-XDIAG,L1-STATIC-ZSTD-SPEC	COMPLETE-TILING-UNRESOLVED	L1-macho-regions	ownership=PRIMARY; file_size=1882496; region_sha256=d8258e31c9c1ba79afadb8057c96de6fd870a8cf592b6252adfd9352aa75a187
L1-REG-WCH-ref__gcc__darwin-arm64__15_2_0__bin__gcc-0005	GCC-DRIVER	WCH	ref/gcc/darwin-arm64/15.2.0/bin/riscv32-wch-elf-gcc	339104dfa2792244e90a3f44bd1f1ff3435917a7668ab83f33241d5d9c2c2829	968	1280	312	LC_SEGMENT_64[3]	SIGNATURE/UUID/BUILD-METADATA	L1-FEAT-DRIVER	L1-STATIC-XW,L1-STATIC-XDIAG,L1-STATIC-ZSTD-SPEC	COMPLETE-TILING-UNRESOLVED	L1-macho-regions	ownership=PRIMARY; file_size=1882496; region_sha256=3d9500f318e8234ac859fc3b72f348955d75ef97de15782e96978a014690c93d
L1-REG-WCH-ref__gcc__darwin-arm64__15_2_0__bin__gcc-0006	GCC-DRIVER	WCH	ref/gcc/darwin-arm64/15.2.0/bin/riscv32-wch-elf-gcc	339104dfa2792244e90a3f44bd1f1ff3435917a7668ab83f33241d5d9c2c2829	1280	1352	72	LC_SEGMENT_64[4]	SIGNATURE/UUID/BUILD-METADATA	L1-FEAT-DRIVER	L1-STATIC-XW,L1-STATIC-XDIAG,L1-STATIC-ZSTD-SPEC	COMPLETE-TILING-UNRESOLVED	L1-macho-regions	ownership=PRIMARY; file_size=1882496; region_sha256=5d74ac43ab31151d0f1e72d7fa8499f7ca91d0a5dcbae327ea39c4a5a2ec1b9e
L1-REG-WCH-ref__gcc__darwin-arm64__15_2_0__bin__gcc-0007	GCC-DRIVER	WCH	ref/gcc/darwin-arm64/15.2.0/bin/riscv32-wch-elf-gcc	339104dfa2792244e90a3f44bd1f1ff3435917a7668ab83f33241d5d9c2c2829	1352	1368	16	LC_DYLD_CHAINED_FIXUPS[5]	SIGNATURE/UUID/BUILD-METADATA	L1-FEAT-DRIVER	L1-STATIC-XW,L1-STATIC-XDIAG,L1-STATIC-ZSTD-SPEC	COMPLETE-TILING-UNRESOLVED	L1-macho-regions	ownership=PRIMARY; file_size=1882496; region_sha256=17ce52946dd10f184684ba07f79f7bbc4394408de126b9635631118a9e8026a2
L1-REG-WCH-ref__gcc__darwin-arm64__15_2_0__bin__gcc-0008	GCC-DRIVER	WCH	ref/gcc/darwin-arm64/15.2.0/bin/riscv32-wch-elf-gcc	339104dfa2792244e90a3f44bd1f1ff3435917a7668ab83f33241d5d9c2c2829	1368	1384	16	LC_DYLD_EXPORTS_TRIE[6]	SIGNATURE/UUID/BUILD-METADATA	L1-FEAT-DRIVER	L1-STATIC-XW,L1-STATIC-XDIAG,L1-STATIC-ZSTD-SPEC	COMPLETE-TILING-UNRESOLVED	L1-macho-regions	ownership=PRIMARY; file_size=1882496; region_sha256=d7212ba018fbbb0944ceb74040aec7389225a3266c97d331cfd9e34c7648c0ee
L1-REG-WCH-ref__gcc__darwin-arm64__15_2_0__bin__gcc-0009	GCC-DRIVER	WCH	ref/gcc/darwin-arm64/15.2.0/bin/riscv32-wch-elf-gcc	339104dfa2792244e90a3f44bd1f1ff3435917a7668ab83f33241d5d9c2c2829	1384	1408	24	LC_SYMTAB[7]	SIGNATURE/UUID/BUILD-METADATA	L1-FEAT-DRIVER	L1-STATIC-XW,L1-STATIC-XDIAG,L1-STATIC-ZSTD-SPEC	COMPLETE-TILING-UNRESOLVED	L1-macho-regions	ownership=PRIMARY; file_size=1882496; region_sha256=a4cdd31d3e114b8ab1d6104c172816ed65ecd51560df6e113ab9c25bef45e169
L1-REG-WCH-ref__gcc__darwin-arm64__15_2_0__bin__gcc-0010	GCC-DRIVER	WCH	ref/gcc/darwin-arm64/15.2.0/bin/riscv32-wch-elf-gcc	339104dfa2792244e90a3f44bd1f1ff3435917a7668ab83f33241d5d9c2c2829	1408	1488	80	LC_DYSYMTAB[8]	SIGNATURE/UUID/BUILD-METADATA	L1-FEAT-DRIVER	L1-STATIC-XW,L1-STATIC-XDIAG,L1-STATIC-ZSTD-SPEC	COMPLETE-TILING-UNRESOLVED	L1-macho-regions	ownership=PRIMARY; file_size=1882496; region_sha256=f79bcb0916e94515df47f1cb429d1c90f51450ab2afcd3de75fa973ac73d27a7
L1-REG-WCH-ref__gcc__darwin-arm64__15_2_0__bin__gcc-0011	GCC-DRIVER	WCH	ref/gcc/darwin-arm64/15.2.0/bin/riscv32-wch-elf-gcc	339104dfa2792244e90a3f44bd1f1ff3435917a7668ab83f33241d5d9c2c2829	1488	1520	32	LC_LOAD_DYLINKER[9]	PACKAGING/DEPENDENCY	L1-FEAT-DRIVER	L1-STATIC-XW,L1-STATIC-XDIAG,L1-STATIC-ZSTD-SPEC	COMPLETE-TILING-UNRESOLVED	L1-macho-regions	ownership=PRIMARY; file_size=1882496; region_sha256=44316cf4f366f41aa06996613c44af75e34479362928faf61a168c2a203b5999
L1-REG-WCH-ref__gcc__darwin-arm64__15_2_0__bin__gcc-0012	GCC-DRIVER	WCH	ref/gcc/darwin-arm64/15.2.0/bin/riscv32-wch-elf-gcc	339104dfa2792244e90a3f44bd1f1ff3435917a7668ab83f33241d5d9c2c2829	1520	1544	24	LC_UUID[10]	SIGNATURE/UUID/BUILD-METADATA	L1-FEAT-DRIVER	L1-STATIC-XW,L1-STATIC-XDIAG,L1-STATIC-ZSTD-SPEC	COMPLETE-TILING-UNRESOLVED	L1-macho-regions	ownership=PRIMARY; file_size=1882496; region_sha256=54301895cabff8976ef5e2c98d2961621d4d06b475477fdf784d0fc21e4532a4
L1-REG-WCH-ref__gcc__darwin-arm64__15_2_0__bin__gcc-0013	GCC-DRIVER	WCH	ref/gcc/darwin-arm64/15.2.0/bin/riscv32-wch-elf-gcc	339104dfa2792244e90a3f44bd1f1ff3435917a7668ab83f33241d5d9c2c2829	1544	1576	32	LC_BUILD_VERSION[11]	SIGNATURE/UUID/BUILD-METADATA	L1-FEAT-DRIVER	L1-STATIC-XW,L1-STATIC-XDIAG,L1-STATIC-ZSTD-SPEC	COMPLETE-TILING-UNRESOLVED	L1-macho-regions	ownership=PRIMARY; file_size=1882496; region_sha256=a3fdf0da365a377842bd4e39ba20dc11e9e504cc493367b2b0b5b36aa050dea0
L1-REG-WCH-ref__gcc__darwin-arm64__15_2_0__bin__gcc-0014	GCC-DRIVER	WCH	ref/gcc/darwin-arm64/15.2.0/bin/riscv32-wch-elf-gcc	339104dfa2792244e90a3f44bd1f1ff3435917a7668ab83f33241d5d9c2c2829	1576	1592	16	LC_SOURCE_VERSION[12]	SIGNATURE/UUID/BUILD-METADATA	L1-FEAT-DRIVER	L1-STATIC-XW,L1-STATIC-XDIAG,L1-STATIC-ZSTD-SPEC	COMPLETE-TILING-UNRESOLVED	L1-macho-regions	ownership=PRIMARY; file_size=1882496; region_sha256=01a60f1db7db041298aa3e269ff5ebea951aa6977963e4ab563905da906d2b82
L1-REG-WCH-ref__gcc__darwin-arm64__15_2_0__bin__gcc-0015	GCC-DRIVER	WCH	ref/gcc/darwin-arm64/15.2.0/bin/riscv32-wch-elf-gcc	339104dfa2792244e90a3f44bd1f1ff3435917a7668ab83f33241d5d9c2c2829	1592	1616	24	LC_MAIN[13]	SIGNATURE/UUID/BUILD-METADATA	L1-FEAT-DRIVER	L1-STATIC-XW,L1-STATIC-XDIAG,L1-STATIC-ZSTD-SPEC	COMPLETE-TILING-UNRESOLVED	L1-macho-regions	ownership=PRIMARY; file_size=1882496; region_sha256=72d001e902090a28b3d8b655468225cc65856d60d1b9e92eba8c5d546556fde1
L1-REG-WCH-ref__gcc__darwin-arm64__15_2_0__bin__gcc-0016	GCC-DRIVER	WCH	ref/gcc/darwin-arm64/15.2.0/bin/riscv32-wch-elf-gcc	339104dfa2792244e90a3f44bd1f1ff3435917a7668ab83f33241d5d9c2c2829	1616	1672	56	LC_LOAD_DYLIB[14]	PACKAGING/DEPENDENCY	L1-FEAT-DRIVER	L1-STATIC-XW,L1-STATIC-XDIAG,L1-STATIC-ZSTD-SPEC	COMPLETE-TILING-UNRESOLVED	L1-macho-regions	ownership=PRIMARY; file_size=1882496; region_sha256=1a489c8b895a1c5fa426d2f6bdf524fa8d9c8227923ea0a7bb3a194fd92823ea
L1-REG-WCH-ref__gcc__darwin-arm64__15_2_0__bin__gcc-0017	GCC-DRIVER	WCH	ref/gcc/darwin-arm64/15.2.0/bin/riscv32-wch-elf-gcc	339104dfa2792244e90a3f44bd1f1ff3435917a7668ab83f33241d5d9c2c2829	1672	1720	48	LC_LOAD_DYLIB[15]	PACKAGING/DEPENDENCY	L1-FEAT-DRIVER	L1-STATIC-XW,L1-STATIC-XDIAG,L1-STATIC-ZSTD-SPEC	COMPLETE-TILING-UNRESOLVED	L1-macho-regions	ownership=PRIMARY; file_size=1882496; region_sha256=847de3a75696761d9bebde15e620577d06951631ceed28843870578a73cf95fc
L1-REG-WCH-ref__gcc__darwin-arm64__15_2_0__bin__gcc-0018	GCC-DRIVER	WCH	ref/gcc/darwin-arm64/15.2.0/bin/riscv32-wch-elf-gcc	339104dfa2792244e90a3f44bd1f1ff3435917a7668ab83f33241d5d9c2c2829	1720	1776	56	LC_LOAD_DYLIB[16]	PACKAGING/DEPENDENCY	L1-FEAT-DRIVER	L1-STATIC-XW,L1-STATIC-XDIAG,L1-STATIC-ZSTD-SPEC	COMPLETE-TILING-UNRESOLVED	L1-macho-regions	ownership=PRIMARY; file_size=1882496; region_sha256=a76b7338642dddfaa1e767a899cb39b4dc80160890ae1724febfe7e40d40b735
L1-REG-WCH-ref__gcc__darwin-arm64__15_2_0__bin__gcc-0019	GCC-DRIVER	WCH	ref/gcc/darwin-arm64/15.2.0/bin/riscv32-wch-elf-gcc	339104dfa2792244e90a3f44bd1f1ff3435917a7668ab83f33241d5d9c2c2829	1776	1792	16	LC_FUNCTION_STARTS[17]	SIGNATURE/UUID/BUILD-METADATA	L1-FEAT-DRIVER	L1-STATIC-XW,L1-STATIC-XDIAG,L1-STATIC-ZSTD-SPEC	COMPLETE-TILING-UNRESOLVED	L1-macho-regions	ownership=PRIMARY; file_size=1882496; region_sha256=b1c353ef4922d9256a3a917e953350c5d70377735661ce16f32dfd9e06163343
L1-REG-WCH-ref__gcc__darwin-arm64__15_2_0__bin__gcc-0020	GCC-DRIVER	WCH	ref/gcc/darwin-arm64/15.2.0/bin/riscv32-wch-elf-gcc	339104dfa2792244e90a3f44bd1f1ff3435917a7668ab83f33241d5d9c2c2829	1792	1808	16	LC_DATA_IN_CODE[18]	SIGNATURE/UUID/BUILD-METADATA	L1-FEAT-DRIVER	L1-STATIC-XW,L1-STATIC-XDIAG,L1-STATIC-ZSTD-SPEC	COMPLETE-TILING-UNRESOLVED	L1-macho-regions	ownership=PRIMARY; file_size=1882496; region_sha256=3b39187ca7d3995d4e288275827aa00cdd7ed8b5d35fb7015125dca9fb70a818
L1-REG-WCH-ref__gcc__darwin-arm64__15_2_0__bin__gcc-0021	GCC-DRIVER	WCH	ref/gcc/darwin-arm64/15.2.0/bin/riscv32-wch-elf-gcc	339104dfa2792244e90a3f44bd1f1ff3435917a7668ab83f33241d5d9c2c2829	1808	1824	16	LC_CODE_SIGNATURE[19]	SIGNATURE/UUID/BUILD-METADATA	L1-FEAT-DRIVER	L1-STATIC-XW,L1-STATIC-XDIAG,L1-STATIC-ZSTD-SPEC	COMPLETE-TILING-UNRESOLVED	L1-macho-regions	ownership=PRIMARY; file_size=1882496; region_sha256=097b5a96c29ef2bcc6a095ad9558fadb5352a6e48e3feb6b5a3adb81901ff105
L1-REG-WCH-ref__gcc__darwin-arm64__15_2_0__bin__gcc-0022	GCC-DRIVER	WCH	ref/gcc/darwin-arm64/15.2.0/bin/riscv32-wch-elf-gcc	339104dfa2792244e90a3f44bd1f1ff3435917a7668ab83f33241d5d9c2c2829	1824	2232	408	segment:__TEXT	UNRESOLVED	L1-FEAT-DRIVER	L1-STATIC-XW,L1-STATIC-XDIAG,L1-STATIC-ZSTD-SPEC	COMPLETE-TILING-UNRESOLVED	L1-macho-regions	ownership=PRIMARY; file_size=1882496; region_sha256=c76903cde8580d1c809ac5352aab33af5a310ad05126294d66e06db880c463ed
L1-REG-WCH-ref__gcc__darwin-arm64__15_2_0__bin__gcc-0023	GCC-DRIVER	WCH	ref/gcc/darwin-arm64/15.2.0/bin/riscv32-wch-elf-gcc	339104dfa2792244e90a3f44bd1f1ff3435917a7668ab83f33241d5d9c2c2829	2232	719328	717096	section:__TEXT,__text	FUNCTIONAL-CODE	L1-FEAT-DRIVER	L1-STATIC-XW,L1-STATIC-XDIAG,L1-STATIC-ZSTD-SPEC	COMPLETE-TILING-UNRESOLVED	L1-macho-regions	ownership=PRIMARY; file_size=1882496; region_sha256=5ca9eb6c8f002a755018cd87ede934f06e1738d25b0954a3db51b28bceb02e26
L1-REG-WCH-ref__gcc__darwin-arm64__15_2_0__bin__gcc-0024	GCC-DRIVER	WCH	ref/gcc/darwin-arm64/15.2.0/bin/riscv32-wch-elf-gcc	339104dfa2792244e90a3f44bd1f1ff3435917a7668ab83f33241d5d9c2c2829	719328	721152	1824	section:__TEXT,__stubs	UNRESOLVED	L1-FEAT-DRIVER	L1-STATIC-XW,L1-STATIC-XDIAG,L1-STATIC-ZSTD-SPEC	COMPLETE-TILING-UNRESOLVED	L1-macho-regions	ownership=PRIMARY; file_size=1882496; region_sha256=adef9234879492b337c6214ce1fb7a9f70794e1c8da8150d3fa45a0ee32b2c65
L1-REG-WCH-ref__gcc__darwin-arm64__15_2_0__bin__gcc-0025	GCC-DRIVER	WCH	ref/gcc/darwin-arm64/15.2.0/bin/riscv32-wch-elf-gcc	339104dfa2792244e90a3f44bd1f1ff3435917a7668ab83f33241d5d9c2c2829	721152	721168	16	section:__TEXT,__init_offsets	UNRESOLVED	L1-FEAT-DRIVER	L1-STATIC-XW,L1-STATIC-XDIAG,L1-STATIC-ZSTD-SPEC	COMPLETE-TILING-UNRESOLVED	L1-macho-regions	ownership=PRIMARY; file_size=1882496; region_sha256=308648cb0c74f44ce081de9533789c0ec23032229b1d566c297342a9b8e133b8
L1-REG-WCH-ref__gcc__darwin-arm64__15_2_0__bin__gcc-0026	GCC-DRIVER	WCH	ref/gcc/darwin-arm64/15.2.0/bin/riscv32-wch-elf-gcc	339104dfa2792244e90a3f44bd1f1ff3435917a7668ab83f33241d5d9c2c2829	721168	1086580	365412	section:__TEXT,__const	FUNCTIONAL-DATA-TABLE	L1-FEAT-DRIVER	L1-STATIC-XW,L1-STATIC-XDIAG,L1-STATIC-ZSTD-SPEC	COMPLETE-TILING-UNRESOLVED	L1-macho-regions	ownership=PRIMARY; file_size=1882496; region_sha256=eabcfd2313c186ac7f0cce57303c9a07ce904e35142c25a67e753098cb6f534d
L1-REG-WCH-ref__gcc__darwin-arm64__15_2_0__bin__gcc-0027	GCC-DRIVER	WCH	ref/gcc/darwin-arm64/15.2.0/bin/riscv32-wch-elf-gcc	339104dfa2792244e90a3f44bd1f1ff3435917a7668ab83f33241d5d9c2c2829	1086580	1420878	334298	section:__TEXT,__cstring	FUNCTIONAL-DATA-TABLE	L1-FEAT-DRIVER	L1-STATIC-XW,L1-STATIC-XDIAG,L1-STATIC-ZSTD-SPEC	COMPLETE-TILING-UNRESOLVED	L1-macho-regions	ownership=PRIMARY; file_size=1882496; region_sha256=bfdbd6e68cee583980a44bfce5a964d19d28b6679b5938ebadb2ff79068a069c
L1-REG-WCH-ref__gcc__darwin-arm64__15_2_0__bin__gcc-0028	GCC-DRIVER	WCH	ref/gcc/darwin-arm64/15.2.0/bin/riscv32-wch-elf-gcc	339104dfa2792244e90a3f44bd1f1ff3435917a7668ab83f33241d5d9c2c2829	1420878	1420880	2	segment:__TEXT	UNRESOLVED	L1-FEAT-DRIVER	L1-STATIC-XW,L1-STATIC-XDIAG,L1-STATIC-ZSTD-SPEC	COMPLETE-TILING-UNRESOLVED	L1-macho-regions	ownership=PRIMARY; file_size=1882496; region_sha256=96a296d224f285c67bee93c30f8a309157f0daa35dc5b87e410b78630a09cfc7
L1-REG-WCH-ref__gcc__darwin-arm64__15_2_0__bin__gcc-0029	GCC-DRIVER	WCH	ref/gcc/darwin-arm64/15.2.0/bin/riscv32-wch-elf-gcc	339104dfa2792244e90a3f44bd1f1ff3435917a7668ab83f33241d5d9c2c2829	1420880	1430088	9208	section:__TEXT,__unwind_info	FUNCTIONAL-DATA-TABLE	L1-FEAT-DRIVER	L1-STATIC-XW,L1-STATIC-XDIAG,L1-STATIC-ZSTD-SPEC	COMPLETE-TILING-UNRESOLVED	L1-macho-regions	ownership=PRIMARY; file_size=1882496; region_sha256=5c90c950dd6b656229adb6b339cf59bed47ca20f5127ba5912ca498a1c0071c7
L1-REG-WCH-ref__gcc__darwin-arm64__15_2_0__bin__gcc-0030	GCC-DRIVER	WCH	ref/gcc/darwin-arm64/15.2.0/bin/riscv32-wch-elf-gcc	339104dfa2792244e90a3f44bd1f1ff3435917a7668ab83f33241d5d9c2c2829	1430088	1490932	60844	section:__TEXT,__eh_frame	FUNCTIONAL-DATA-TABLE	L1-FEAT-DRIVER	L1-STATIC-XW,L1-STATIC-XDIAG,L1-STATIC-ZSTD-SPEC	COMPLETE-TILING-UNRESOLVED	L1-macho-regions	ownership=PRIMARY; file_size=1882496; region_sha256=cbb286ff9e08d99dea700c29f04eac7f3e565642a39739ad19d7ee6931ebbd7c
L1-REG-WCH-ref__gcc__darwin-arm64__15_2_0__bin__gcc-0031	GCC-DRIVER	WCH	ref/gcc/darwin-arm64/15.2.0/bin/riscv32-wch-elf-gcc	339104dfa2792244e90a3f44bd1f1ff3435917a7668ab83f33241d5d9c2c2829	1490932	1490944	12	segment:__TEXT	UNRESOLVED	L1-FEAT-DRIVER	L1-STATIC-XW,L1-STATIC-XDIAG,L1-STATIC-ZSTD-SPEC	COMPLETE-TILING-UNRESOLVED	L1-macho-regions	ownership=PRIMARY; file_size=1882496; region_sha256=15ec7bf0b50732b49f8228e07d24365338f9e3ab994b00af08e5a3bffe55fd8b
L1-REG-WCH-ref__gcc__darwin-arm64__15_2_0__bin__gcc-0032	GCC-DRIVER	WCH	ref/gcc/darwin-arm64/15.2.0/bin/riscv32-wch-elf-gcc	339104dfa2792244e90a3f44bd1f1ff3435917a7668ab83f33241d5d9c2c2829	1490944	1492384	1440	section:__DATA_CONST,__got	FUNCTIONAL-DATA-TABLE	L1-FEAT-DRIVER	L1-STATIC-XW,L1-STATIC-XDIAG,L1-STATIC-ZSTD-SPEC	COMPLETE-TILING-UNRESOLVED	L1-macho-regions	ownership=PRIMARY; file_size=1882496; region_sha256=ae03c576bd5a6e53357ca6cc25e6223122cace1798e64c329af57e5f269592f8
L1-REG-WCH-ref__gcc__darwin-arm64__15_2_0__bin__gcc-0033	GCC-DRIVER	WCH	ref/gcc/darwin-arm64/15.2.0/bin/riscv32-wch-elf-gcc	339104dfa2792244e90a3f44bd1f1ff3435917a7668ab83f33241d5d9c2c2829	1492384	1746136	253752	section:__DATA_CONST,__const	FUNCTIONAL-DATA-TABLE	L1-FEAT-DRIVER	L1-STATIC-XW,L1-STATIC-XDIAG,L1-STATIC-ZSTD-SPEC	COMPLETE-TILING-UNRESOLVED	L1-macho-regions	ownership=PRIMARY; file_size=1882496; region_sha256=0af7dc3fa4aabcaf4ff546b825a33ca045dbbc569f71ca09ee17d119c404baba
L1-REG-WCH-ref__gcc__darwin-arm64__15_2_0__bin__gcc-0034	GCC-DRIVER	WCH	ref/gcc/darwin-arm64/15.2.0/bin/riscv32-wch-elf-gcc	339104dfa2792244e90a3f44bd1f1ff3435917a7668ab83f33241d5d9c2c2829	1746136	1753088	6952	segment:__DATA_CONST	UNRESOLVED	L1-FEAT-DRIVER	L1-STATIC-XW,L1-STATIC-XDIAG,L1-STATIC-ZSTD-SPEC	COMPLETE-TILING-UNRESOLVED	L1-macho-regions	ownership=PRIMARY; file_size=1882496; region_sha256=4fa70f7c63cb89b6d465ef73d950ad311d4c0c3ea28716a3462deda8d172a48a
L1-REG-WCH-ref__gcc__darwin-arm64__15_2_0__bin__gcc-0035	GCC-DRIVER	WCH	ref/gcc/darwin-arm64/15.2.0/bin/riscv32-wch-elf-gcc	339104dfa2792244e90a3f44bd1f1ff3435917a7668ab83f33241d5d9c2c2829	1753088	1755856	2768	section:__DATA,__data	FUNCTIONAL-DATA-TABLE	L1-FEAT-DRIVER	L1-STATIC-XW,L1-STATIC-XDIAG,L1-STATIC-ZSTD-SPEC	COMPLETE-TILING-UNRESOLVED	L1-macho-regions	ownership=PRIMARY; file_size=1882496; region_sha256=d416bacde3289ab3f3a628c03dd71e183ce7b3e82b8aa1e7ffddea66224e572c
L1-REG-WCH-ref__gcc__darwin-arm64__15_2_0__bin__gcc-0036	GCC-DRIVER	WCH	ref/gcc/darwin-arm64/15.2.0/bin/riscv32-wch-elf-gcc	339104dfa2792244e90a3f44bd1f1ff3435917a7668ab83f33241d5d9c2c2829	1755856	1769472	13616	segment:__DATA	UNRESOLVED	L1-FEAT-DRIVER	L1-STATIC-XW,L1-STATIC-XDIAG,L1-STATIC-ZSTD-SPEC	COMPLETE-TILING-UNRESOLVED	L1-macho-regions	ownership=PRIMARY; file_size=1882496; region_sha256=df2a49e8ad39fc1deabf72892bd8580ae9bcb3fc839ba79f3e9fe15cb2a3d6fc
L1-REG-WCH-ref__gcc__darwin-arm64__15_2_0__bin__gcc-0037	GCC-DRIVER	WCH	ref/gcc/darwin-arm64/15.2.0/bin/riscv32-wch-elf-gcc	339104dfa2792244e90a3f44bd1f1ff3435917a7668ab83f33241d5d9c2c2829	1769472	1774824	5352	LC_DYLD_CHAINED_FIXUPS:payload	LINK-LAYOUT	L1-FEAT-DRIVER	L1-STATIC-XW,L1-STATIC-XDIAG,L1-STATIC-ZSTD-SPEC	COMPLETE-TILING-UNRESOLVED	L1-macho-regions	ownership=PRIMARY; file_size=1882496; region_sha256=2359e7cb4e6b0339fd119aa47d9b6cd97c32cf5c380e62a339d1d1c4eee50b44
L1-REG-WCH-ref__gcc__darwin-arm64__15_2_0__bin__gcc-0038	GCC-DRIVER	WCH	ref/gcc/darwin-arm64/15.2.0/bin/riscv32-wch-elf-gcc	339104dfa2792244e90a3f44bd1f1ff3435917a7668ab83f33241d5d9c2c2829	1774824	1836048	61224	LC_DYLD_EXPORTS_TRIE:payload	LINK-LAYOUT	L1-FEAT-DRIVER	L1-STATIC-XW,L1-STATIC-XDIAG,L1-STATIC-ZSTD-SPEC	COMPLETE-TILING-UNRESOLVED	L1-macho-regions	ownership=PRIMARY; file_size=1882496; region_sha256=a678dfd325959c3cf4b4092a3b183c511e8534e4f367d29ece3212f427e96d36
L1-REG-WCH-ref__gcc__darwin-arm64__15_2_0__bin__gcc-0039	GCC-DRIVER	WCH	ref/gcc/darwin-arm64/15.2.0/bin/riscv32-wch-elf-gcc	339104dfa2792244e90a3f44bd1f1ff3435917a7668ab83f33241d5d9c2c2829	1836048	1839240	3192	LC_FUNCTION_STARTS:payload	STRIP/DEBUG/SYMBOL-LAYOUT	L1-FEAT-DRIVER	L1-STATIC-XW,L1-STATIC-XDIAG,L1-STATIC-ZSTD-SPEC	COMPLETE-TILING-UNRESOLVED	L1-macho-regions	ownership=PRIMARY; file_size=1882496; region_sha256=bbdeffdaa031d8f5e284042e90e65a8f12275804d4d57328a5ed65f4dfe0359b
L1-REG-WCH-ref__gcc__darwin-arm64__15_2_0__bin__gcc-0040	GCC-DRIVER	WCH	ref/gcc/darwin-arm64/15.2.0/bin/riscv32-wch-elf-gcc	339104dfa2792244e90a3f44bd1f1ff3435917a7668ab83f33241d5d9c2c2829	1839240	1842392	3152	LC_SYMTAB:nlist_64	STRIP/DEBUG/SYMBOL-LAYOUT	L1-FEAT-DRIVER	L1-STATIC-XW,L1-STATIC-XDIAG,L1-STATIC-ZSTD-SPEC	COMPLETE-TILING-UNRESOLVED	L1-macho-regions	ownership=PRIMARY; file_size=1882496; region_sha256=bbe5c3d5c730384ca8a9d22a40bd533a8cb3fb442c769ca7f226a997b6fea8de
L1-REG-WCH-ref__gcc__darwin-arm64__15_2_0__bin__gcc-0041	GCC-DRIVER	WCH	ref/gcc/darwin-arm64/15.2.0/bin/riscv32-wch-elf-gcc	339104dfa2792244e90a3f44bd1f1ff3435917a7668ab83f33241d5d9c2c2829	1842392	1843720	1328	segment:__LINKEDIT	LINK-LAYOUT	L1-FEAT-DRIVER	L1-STATIC-XW,L1-STATIC-XDIAG,L1-STATIC-ZSTD-SPEC	COMPLETE-TILING-UNRESOLVED	L1-macho-regions	ownership=PRIMARY; file_size=1882496; region_sha256=367e34654898889e25c9637e2bcc655ed7181c49b4e257a0254290b61bb04a5f
L1-REG-WCH-ref__gcc__darwin-arm64__15_2_0__bin__gcc-0042	GCC-DRIVER	WCH	ref/gcc/darwin-arm64/15.2.0/bin/riscv32-wch-elf-gcc	339104dfa2792244e90a3f44bd1f1ff3435917a7668ab83f33241d5d9c2c2829	1843720	1848800	5080	LC_SYMTAB:string_table	STRIP/DEBUG/SYMBOL-LAYOUT	L1-FEAT-DRIVER	L1-STATIC-XW,L1-STATIC-XDIAG,L1-STATIC-ZSTD-SPEC	COMPLETE-TILING-UNRESOLVED	L1-macho-regions	ownership=PRIMARY; file_size=1882496; region_sha256=72e7d1e067debcf629a77d632625b5dfa94bf97b13ff64e524123087059e84c5
L1-REG-WCH-ref__gcc__darwin-arm64__15_2_0__bin__gcc-0043	GCC-DRIVER	WCH	ref/gcc/darwin-arm64/15.2.0/bin/riscv32-wch-elf-gcc	339104dfa2792244e90a3f44bd1f1ff3435917a7668ab83f33241d5d9c2c2829	1848800	1882496	33696	LC_CODE_SIGNATURE:payload	SIGNATURE/UUID/BUILD-METADATA	L1-FEAT-DRIVER	L1-STATIC-XW,L1-STATIC-XDIAG,L1-STATIC-ZSTD-SPEC	COMPLETE-TILING-UNRESOLVED	L1-macho-regions	ownership=PRIMARY; file_size=1882496; region_sha256=0bd36df928396929914803ab206ac0a94e08f828943d9f12b554b0b3aec9ec99
L1-REG-WCH-ref__gcc__darwin-arm64__15_2_0__bin__gcc-15_2_0-0001	GCC-DRIVER	WCH	ref/gcc/darwin-arm64/15.2.0/bin/riscv32-wch-elf-gcc-15.2.0	aedb61df51d9178c170e234fd8e68d673e1f49b21cc2d317444d1999ce4bb10b	0	32	32	mach_header_64	SIGNATURE/UUID/BUILD-METADATA	L1-FEAT-DRIVER	L1-STATIC-XW,L1-STATIC-XDIAG,L1-STATIC-ZSTD-SPEC	COMPLETE-TILING-UNRESOLVED	L1-macho-regions	ownership=PRIMARY; file_size=1882496; region_sha256=08954c9497afe8aea0829ceb1816408e95f9e85573f06eea750fecd84c9d8947
L1-REG-WCH-ref__gcc__darwin-arm64__15_2_0__bin__gcc-15_2_0-0002	GCC-DRIVER	WCH	ref/gcc/darwin-arm64/15.2.0/bin/riscv32-wch-elf-gcc-15.2.0	aedb61df51d9178c170e234fd8e68d673e1f49b21cc2d317444d1999ce4bb10b	32	104	72	LC_SEGMENT_64[0]	SIGNATURE/UUID/BUILD-METADATA	L1-FEAT-DRIVER	L1-STATIC-XW,L1-STATIC-XDIAG,L1-STATIC-ZSTD-SPEC	COMPLETE-TILING-UNRESOLVED	L1-macho-regions	ownership=PRIMARY; file_size=1882496; region_sha256=38432a8fbcbe1ae9fdf9263fe1e4e948de98131833cc5e5333f375dcf5f6333f
L1-REG-WCH-ref__gcc__darwin-arm64__15_2_0__bin__gcc-15_2_0-0003	GCC-DRIVER	WCH	ref/gcc/darwin-arm64/15.2.0/bin/riscv32-wch-elf-gcc-15.2.0	aedb61df51d9178c170e234fd8e68d673e1f49b21cc2d317444d1999ce4bb10b	104	736	632	LC_SEGMENT_64[1]	SIGNATURE/UUID/BUILD-METADATA	L1-FEAT-DRIVER	L1-STATIC-XW,L1-STATIC-XDIAG,L1-STATIC-ZSTD-SPEC	COMPLETE-TILING-UNRESOLVED	L1-macho-regions	ownership=PRIMARY; file_size=1882496; region_sha256=c52eaba9c7f8f8ba59cc9258388c763406433dfe536f446d2d84ab8841e1f6fa
L1-REG-WCH-ref__gcc__darwin-arm64__15_2_0__bin__gcc-15_2_0-0004	GCC-DRIVER	WCH	ref/gcc/darwin-arm64/15.2.0/bin/riscv32-wch-elf-gcc-15.2.0	aedb61df51d9178c170e234fd8e68d673e1f49b21cc2d317444d1999ce4bb10b	736	968	232	LC_SEGMENT_64[2]	SIGNATURE/UUID/BUILD-METADATA	L1-FEAT-DRIVER	L1-STATIC-XW,L1-STATIC-XDIAG,L1-STATIC-ZSTD-SPEC	COMPLETE-TILING-UNRESOLVED	L1-macho-regions	ownership=PRIMARY; file_size=1882496; region_sha256=d8258e31c9c1ba79afadb8057c96de6fd870a8cf592b6252adfd9352aa75a187
L1-REG-WCH-ref__gcc__darwin-arm64__15_2_0__bin__gcc-15_2_0-0005	GCC-DRIVER	WCH	ref/gcc/darwin-arm64/15.2.0/bin/riscv32-wch-elf-gcc-15.2.0	aedb61df51d9178c170e234fd8e68d673e1f49b21cc2d317444d1999ce4bb10b	968	1280	312	LC_SEGMENT_64[3]	SIGNATURE/UUID/BUILD-METADATA	L1-FEAT-DRIVER	L1-STATIC-XW,L1-STATIC-XDIAG,L1-STATIC-ZSTD-SPEC	COMPLETE-TILING-UNRESOLVED	L1-macho-regions	ownership=PRIMARY; file_size=1882496; region_sha256=3d9500f318e8234ac859fc3b72f348955d75ef97de15782e96978a014690c93d
L1-REG-WCH-ref__gcc__darwin-arm64__15_2_0__bin__gcc-15_2_0-0006	GCC-DRIVER	WCH	ref/gcc/darwin-arm64/15.2.0/bin/riscv32-wch-elf-gcc-15.2.0	aedb61df51d9178c170e234fd8e68d673e1f49b21cc2d317444d1999ce4bb10b	1280	1352	72	LC_SEGMENT_64[4]	SIGNATURE/UUID/BUILD-METADATA	L1-FEAT-DRIVER	L1-STATIC-XW,L1-STATIC-XDIAG,L1-STATIC-ZSTD-SPEC	COMPLETE-TILING-UNRESOLVED	L1-macho-regions	ownership=PRIMARY; file_size=1882496; region_sha256=5d74ac43ab31151d0f1e72d7fa8499f7ca91d0a5dcbae327ea39c4a5a2ec1b9e
L1-REG-WCH-ref__gcc__darwin-arm64__15_2_0__bin__gcc-15_2_0-0007	GCC-DRIVER	WCH	ref/gcc/darwin-arm64/15.2.0/bin/riscv32-wch-elf-gcc-15.2.0	aedb61df51d9178c170e234fd8e68d673e1f49b21cc2d317444d1999ce4bb10b	1352	1368	16	LC_DYLD_CHAINED_FIXUPS[5]	SIGNATURE/UUID/BUILD-METADATA	L1-FEAT-DRIVER	L1-STATIC-XW,L1-STATIC-XDIAG,L1-STATIC-ZSTD-SPEC	COMPLETE-TILING-UNRESOLVED	L1-macho-regions	ownership=PRIMARY; file_size=1882496; region_sha256=17ce52946dd10f184684ba07f79f7bbc4394408de126b9635631118a9e8026a2
L1-REG-WCH-ref__gcc__darwin-arm64__15_2_0__bin__gcc-15_2_0-0008	GCC-DRIVER	WCH	ref/gcc/darwin-arm64/15.2.0/bin/riscv32-wch-elf-gcc-15.2.0	aedb61df51d9178c170e234fd8e68d673e1f49b21cc2d317444d1999ce4bb10b	1368	1384	16	LC_DYLD_EXPORTS_TRIE[6]	SIGNATURE/UUID/BUILD-METADATA	L1-FEAT-DRIVER	L1-STATIC-XW,L1-STATIC-XDIAG,L1-STATIC-ZSTD-SPEC	COMPLETE-TILING-UNRESOLVED	L1-macho-regions	ownership=PRIMARY; file_size=1882496; region_sha256=d7212ba018fbbb0944ceb74040aec7389225a3266c97d331cfd9e34c7648c0ee
L1-REG-WCH-ref__gcc__darwin-arm64__15_2_0__bin__gcc-15_2_0-0009	GCC-DRIVER	WCH	ref/gcc/darwin-arm64/15.2.0/bin/riscv32-wch-elf-gcc-15.2.0	aedb61df51d9178c170e234fd8e68d673e1f49b21cc2d317444d1999ce4bb10b	1384	1408	24	LC_SYMTAB[7]	SIGNATURE/UUID/BUILD-METADATA	L1-FEAT-DRIVER	L1-STATIC-XW,L1-STATIC-XDIAG,L1-STATIC-ZSTD-SPEC	COMPLETE-TILING-UNRESOLVED	L1-macho-regions	ownership=PRIMARY; file_size=1882496; region_sha256=a4cdd31d3e114b8ab1d6104c172816ed65ecd51560df6e113ab9c25bef45e169
L1-REG-WCH-ref__gcc__darwin-arm64__15_2_0__bin__gcc-15_2_0-0010	GCC-DRIVER	WCH	ref/gcc/darwin-arm64/15.2.0/bin/riscv32-wch-elf-gcc-15.2.0	aedb61df51d9178c170e234fd8e68d673e1f49b21cc2d317444d1999ce4bb10b	1408	1488	80	LC_DYSYMTAB[8]	SIGNATURE/UUID/BUILD-METADATA	L1-FEAT-DRIVER	L1-STATIC-XW,L1-STATIC-XDIAG,L1-STATIC-ZSTD-SPEC	COMPLETE-TILING-UNRESOLVED	L1-macho-regions	ownership=PRIMARY; file_size=1882496; region_sha256=f79bcb0916e94515df47f1cb429d1c90f51450ab2afcd3de75fa973ac73d27a7
L1-REG-WCH-ref__gcc__darwin-arm64__15_2_0__bin__gcc-15_2_0-0011	GCC-DRIVER	WCH	ref/gcc/darwin-arm64/15.2.0/bin/riscv32-wch-elf-gcc-15.2.0	aedb61df51d9178c170e234fd8e68d673e1f49b21cc2d317444d1999ce4bb10b	1488	1520	32	LC_LOAD_DYLINKER[9]	PACKAGING/DEPENDENCY	L1-FEAT-DRIVER	L1-STATIC-XW,L1-STATIC-XDIAG,L1-STATIC-ZSTD-SPEC	COMPLETE-TILING-UNRESOLVED	L1-macho-regions	ownership=PRIMARY; file_size=1882496; region_sha256=44316cf4f366f41aa06996613c44af75e34479362928faf61a168c2a203b5999
L1-REG-WCH-ref__gcc__darwin-arm64__15_2_0__bin__gcc-15_2_0-0012	GCC-DRIVER	WCH	ref/gcc/darwin-arm64/15.2.0/bin/riscv32-wch-elf-gcc-15.2.0	aedb61df51d9178c170e234fd8e68d673e1f49b21cc2d317444d1999ce4bb10b	1520	1544	24	LC_UUID[10]	SIGNATURE/UUID/BUILD-METADATA	L1-FEAT-DRIVER	L1-STATIC-XW,L1-STATIC-XDIAG,L1-STATIC-ZSTD-SPEC	COMPLETE-TILING-UNRESOLVED	L1-macho-regions	ownership=PRIMARY; file_size=1882496; region_sha256=54301895cabff8976ef5e2c98d2961621d4d06b475477fdf784d0fc21e4532a4
L1-REG-WCH-ref__gcc__darwin-arm64__15_2_0__bin__gcc-15_2_0-0013	GCC-DRIVER	WCH	ref/gcc/darwin-arm64/15.2.0/bin/riscv32-wch-elf-gcc-15.2.0	aedb61df51d9178c170e234fd8e68d673e1f49b21cc2d317444d1999ce4bb10b	1544	1576	32	LC_BUILD_VERSION[11]	SIGNATURE/UUID/BUILD-METADATA	L1-FEAT-DRIVER	L1-STATIC-XW,L1-STATIC-XDIAG,L1-STATIC-ZSTD-SPEC	COMPLETE-TILING-UNRESOLVED	L1-macho-regions	ownership=PRIMARY; file_size=1882496; region_sha256=a3fdf0da365a377842bd4e39ba20dc11e9e504cc493367b2b0b5b36aa050dea0
L1-REG-WCH-ref__gcc__darwin-arm64__15_2_0__bin__gcc-15_2_0-0014	GCC-DRIVER	WCH	ref/gcc/darwin-arm64/15.2.0/bin/riscv32-wch-elf-gcc-15.2.0	aedb61df51d9178c170e234fd8e68d673e1f49b21cc2d317444d1999ce4bb10b	1576	1592	16	LC_SOURCE_VERSION[12]	SIGNATURE/UUID/BUILD-METADATA	L1-FEAT-DRIVER	L1-STATIC-XW,L1-STATIC-XDIAG,L1-STATIC-ZSTD-SPEC	COMPLETE-TILING-UNRESOLVED	L1-macho-regions	ownership=PRIMARY; file_size=1882496; region_sha256=01a60f1db7db041298aa3e269ff5ebea951aa6977963e4ab563905da906d2b82
L1-REG-WCH-ref__gcc__darwin-arm64__15_2_0__bin__gcc-15_2_0-0015	GCC-DRIVER	WCH	ref/gcc/darwin-arm64/15.2.0/bin/riscv32-wch-elf-gcc-15.2.0	aedb61df51d9178c170e234fd8e68d673e1f49b21cc2d317444d1999ce4bb10b	1592	1616	24	LC_MAIN[13]	SIGNATURE/UUID/BUILD-METADATA	L1-FEAT-DRIVER	L1-STATIC-XW,L1-STATIC-XDIAG,L1-STATIC-ZSTD-SPEC	COMPLETE-TILING-UNRESOLVED	L1-macho-regions	ownership=PRIMARY; file_size=1882496; region_sha256=72d001e902090a28b3d8b655468225cc65856d60d1b9e92eba8c5d546556fde1
L1-REG-WCH-ref__gcc__darwin-arm64__15_2_0__bin__gcc-15_2_0-0016	GCC-DRIVER	WCH	ref/gcc/darwin-arm64/15.2.0/bin/riscv32-wch-elf-gcc-15.2.0	aedb61df51d9178c170e234fd8e68d673e1f49b21cc2d317444d1999ce4bb10b	1616	1672	56	LC_LOAD_DYLIB[14]	PACKAGING/DEPENDENCY	L1-FEAT-DRIVER	L1-STATIC-XW,L1-STATIC-XDIAG,L1-STATIC-ZSTD-SPEC	COMPLETE-TILING-UNRESOLVED	L1-macho-regions	ownership=PRIMARY; file_size=1882496; region_sha256=1a489c8b895a1c5fa426d2f6bdf524fa8d9c8227923ea0a7bb3a194fd92823ea
L1-REG-WCH-ref__gcc__darwin-arm64__15_2_0__bin__gcc-15_2_0-0017	GCC-DRIVER	WCH	ref/gcc/darwin-arm64/15.2.0/bin/riscv32-wch-elf-gcc-15.2.0	aedb61df51d9178c170e234fd8e68d673e1f49b21cc2d317444d1999ce4bb10b	1672	1720	48	LC_LOAD_DYLIB[15]	PACKAGING/DEPENDENCY	L1-FEAT-DRIVER	L1-STATIC-XW,L1-STATIC-XDIAG,L1-STATIC-ZSTD-SPEC	COMPLETE-TILING-UNRESOLVED	L1-macho-regions	ownership=PRIMARY; file_size=1882496; region_sha256=847de3a75696761d9bebde15e620577d06951631ceed28843870578a73cf95fc
L1-REG-WCH-ref__gcc__darwin-arm64__15_2_0__bin__gcc-15_2_0-0018	GCC-DRIVER	WCH	ref/gcc/darwin-arm64/15.2.0/bin/riscv32-wch-elf-gcc-15.2.0	aedb61df51d9178c170e234fd8e68d673e1f49b21cc2d317444d1999ce4bb10b	1720	1776	56	LC_LOAD_DYLIB[16]	PACKAGING/DEPENDENCY	L1-FEAT-DRIVER	L1-STATIC-XW,L1-STATIC-XDIAG,L1-STATIC-ZSTD-SPEC	COMPLETE-TILING-UNRESOLVED	L1-macho-regions	ownership=PRIMARY; file_size=1882496; region_sha256=a76b7338642dddfaa1e767a899cb39b4dc80160890ae1724febfe7e40d40b735
L1-REG-WCH-ref__gcc__darwin-arm64__15_2_0__bin__gcc-15_2_0-0019	GCC-DRIVER	WCH	ref/gcc/darwin-arm64/15.2.0/bin/riscv32-wch-elf-gcc-15.2.0	aedb61df51d9178c170e234fd8e68d673e1f49b21cc2d317444d1999ce4bb10b	1776	1792	16	LC_FUNCTION_STARTS[17]	SIGNATURE/UUID/BUILD-METADATA	L1-FEAT-DRIVER	L1-STATIC-XW,L1-STATIC-XDIAG,L1-STATIC-ZSTD-SPEC	COMPLETE-TILING-UNRESOLVED	L1-macho-regions	ownership=PRIMARY; file_size=1882496; region_sha256=b1c353ef4922d9256a3a917e953350c5d70377735661ce16f32dfd9e06163343
L1-REG-WCH-ref__gcc__darwin-arm64__15_2_0__bin__gcc-15_2_0-0020	GCC-DRIVER	WCH	ref/gcc/darwin-arm64/15.2.0/bin/riscv32-wch-elf-gcc-15.2.0	aedb61df51d9178c170e234fd8e68d673e1f49b21cc2d317444d1999ce4bb10b	1792	1808	16	LC_DATA_IN_CODE[18]	SIGNATURE/UUID/BUILD-METADATA	L1-FEAT-DRIVER	L1-STATIC-XW,L1-STATIC-XDIAG,L1-STATIC-ZSTD-SPEC	COMPLETE-TILING-UNRESOLVED	L1-macho-regions	ownership=PRIMARY; file_size=1882496; region_sha256=3b39187ca7d3995d4e288275827aa00cdd7ed8b5d35fb7015125dca9fb70a818
L1-REG-WCH-ref__gcc__darwin-arm64__15_2_0__bin__gcc-15_2_0-0021	GCC-DRIVER	WCH	ref/gcc/darwin-arm64/15.2.0/bin/riscv32-wch-elf-gcc-15.2.0	aedb61df51d9178c170e234fd8e68d673e1f49b21cc2d317444d1999ce4bb10b	1808	1824	16	LC_CODE_SIGNATURE[19]	SIGNATURE/UUID/BUILD-METADATA	L1-FEAT-DRIVER	L1-STATIC-XW,L1-STATIC-XDIAG,L1-STATIC-ZSTD-SPEC	COMPLETE-TILING-UNRESOLVED	L1-macho-regions	ownership=PRIMARY; file_size=1882496; region_sha256=097b5a96c29ef2bcc6a095ad9558fadb5352a6e48e3feb6b5a3adb81901ff105
L1-REG-WCH-ref__gcc__darwin-arm64__15_2_0__bin__gcc-15_2_0-0022	GCC-DRIVER	WCH	ref/gcc/darwin-arm64/15.2.0/bin/riscv32-wch-elf-gcc-15.2.0	aedb61df51d9178c170e234fd8e68d673e1f49b21cc2d317444d1999ce4bb10b	1824	2232	408	segment:__TEXT	UNRESOLVED	L1-FEAT-DRIVER	L1-STATIC-XW,L1-STATIC-XDIAG,L1-STATIC-ZSTD-SPEC	COMPLETE-TILING-UNRESOLVED	L1-macho-regions	ownership=PRIMARY; file_size=1882496; region_sha256=c76903cde8580d1c809ac5352aab33af5a310ad05126294d66e06db880c463ed
L1-REG-WCH-ref__gcc__darwin-arm64__15_2_0__bin__gcc-15_2_0-0023	GCC-DRIVER	WCH	ref/gcc/darwin-arm64/15.2.0/bin/riscv32-wch-elf-gcc-15.2.0	aedb61df51d9178c170e234fd8e68d673e1f49b21cc2d317444d1999ce4bb10b	2232	719328	717096	section:__TEXT,__text	FUNCTIONAL-CODE	L1-FEAT-DRIVER	L1-STATIC-XW,L1-STATIC-XDIAG,L1-STATIC-ZSTD-SPEC	COMPLETE-TILING-UNRESOLVED	L1-macho-regions	ownership=PRIMARY; file_size=1882496; region_sha256=5ca9eb6c8f002a755018cd87ede934f06e1738d25b0954a3db51b28bceb02e26
L1-REG-WCH-ref__gcc__darwin-arm64__15_2_0__bin__gcc-15_2_0-0024	GCC-DRIVER	WCH	ref/gcc/darwin-arm64/15.2.0/bin/riscv32-wch-elf-gcc-15.2.0	aedb61df51d9178c170e234fd8e68d673e1f49b21cc2d317444d1999ce4bb10b	719328	721152	1824	section:__TEXT,__stubs	UNRESOLVED	L1-FEAT-DRIVER	L1-STATIC-XW,L1-STATIC-XDIAG,L1-STATIC-ZSTD-SPEC	COMPLETE-TILING-UNRESOLVED	L1-macho-regions	ownership=PRIMARY; file_size=1882496; region_sha256=adef9234879492b337c6214ce1fb7a9f70794e1c8da8150d3fa45a0ee32b2c65
L1-REG-WCH-ref__gcc__darwin-arm64__15_2_0__bin__gcc-15_2_0-0025	GCC-DRIVER	WCH	ref/gcc/darwin-arm64/15.2.0/bin/riscv32-wch-elf-gcc-15.2.0	aedb61df51d9178c170e234fd8e68d673e1f49b21cc2d317444d1999ce4bb10b	721152	721168	16	section:__TEXT,__init_offsets	UNRESOLVED	L1-FEAT-DRIVER	L1-STATIC-XW,L1-STATIC-XDIAG,L1-STATIC-ZSTD-SPEC	COMPLETE-TILING-UNRESOLVED	L1-macho-regions	ownership=PRIMARY; file_size=1882496; region_sha256=308648cb0c74f44ce081de9533789c0ec23032229b1d566c297342a9b8e133b8
L1-REG-WCH-ref__gcc__darwin-arm64__15_2_0__bin__gcc-15_2_0-0026	GCC-DRIVER	WCH	ref/gcc/darwin-arm64/15.2.0/bin/riscv32-wch-elf-gcc-15.2.0	aedb61df51d9178c170e234fd8e68d673e1f49b21cc2d317444d1999ce4bb10b	721168	1086580	365412	section:__TEXT,__const	FUNCTIONAL-DATA-TABLE	L1-FEAT-DRIVER	L1-STATIC-XW,L1-STATIC-XDIAG,L1-STATIC-ZSTD-SPEC	COMPLETE-TILING-UNRESOLVED	L1-macho-regions	ownership=PRIMARY; file_size=1882496; region_sha256=eabcfd2313c186ac7f0cce57303c9a07ce904e35142c25a67e753098cb6f534d
L1-REG-WCH-ref__gcc__darwin-arm64__15_2_0__bin__gcc-15_2_0-0027	GCC-DRIVER	WCH	ref/gcc/darwin-arm64/15.2.0/bin/riscv32-wch-elf-gcc-15.2.0	aedb61df51d9178c170e234fd8e68d673e1f49b21cc2d317444d1999ce4bb10b	1086580	1420878	334298	section:__TEXT,__cstring	FUNCTIONAL-DATA-TABLE	L1-FEAT-DRIVER	L1-STATIC-XW,L1-STATIC-XDIAG,L1-STATIC-ZSTD-SPEC	COMPLETE-TILING-UNRESOLVED	L1-macho-regions	ownership=PRIMARY; file_size=1882496; region_sha256=bfdbd6e68cee583980a44bfce5a964d19d28b6679b5938ebadb2ff79068a069c
L1-REG-WCH-ref__gcc__darwin-arm64__15_2_0__bin__gcc-15_2_0-0028	GCC-DRIVER	WCH	ref/gcc/darwin-arm64/15.2.0/bin/riscv32-wch-elf-gcc-15.2.0	aedb61df51d9178c170e234fd8e68d673e1f49b21cc2d317444d1999ce4bb10b	1420878	1420880	2	segment:__TEXT	UNRESOLVED	L1-FEAT-DRIVER	L1-STATIC-XW,L1-STATIC-XDIAG,L1-STATIC-ZSTD-SPEC	COMPLETE-TILING-UNRESOLVED	L1-macho-regions	ownership=PRIMARY; file_size=1882496; region_sha256=96a296d224f285c67bee93c30f8a309157f0daa35dc5b87e410b78630a09cfc7
L1-REG-WCH-ref__gcc__darwin-arm64__15_2_0__bin__gcc-15_2_0-0029	GCC-DRIVER	WCH	ref/gcc/darwin-arm64/15.2.0/bin/riscv32-wch-elf-gcc-15.2.0	aedb61df51d9178c170e234fd8e68d673e1f49b21cc2d317444d1999ce4bb10b	1420880	1430088	9208	section:__TEXT,__unwind_info	FUNCTIONAL-DATA-TABLE	L1-FEAT-DRIVER	L1-STATIC-XW,L1-STATIC-XDIAG,L1-STATIC-ZSTD-SPEC	COMPLETE-TILING-UNRESOLVED	L1-macho-regions	ownership=PRIMARY; file_size=1882496; region_sha256=5c90c950dd6b656229adb6b339cf59bed47ca20f5127ba5912ca498a1c0071c7
L1-REG-WCH-ref__gcc__darwin-arm64__15_2_0__bin__gcc-15_2_0-0030	GCC-DRIVER	WCH	ref/gcc/darwin-arm64/15.2.0/bin/riscv32-wch-elf-gcc-15.2.0	aedb61df51d9178c170e234fd8e68d673e1f49b21cc2d317444d1999ce4bb10b	1430088	1490932	60844	section:__TEXT,__eh_frame	FUNCTIONAL-DATA-TABLE	L1-FEAT-DRIVER	L1-STATIC-XW,L1-STATIC-XDIAG,L1-STATIC-ZSTD-SPEC	COMPLETE-TILING-UNRESOLVED	L1-macho-regions	ownership=PRIMARY; file_size=1882496; region_sha256=cbb286ff9e08d99dea700c29f04eac7f3e565642a39739ad19d7ee6931ebbd7c
L1-REG-WCH-ref__gcc__darwin-arm64__15_2_0__bin__gcc-15_2_0-0031	GCC-DRIVER	WCH	ref/gcc/darwin-arm64/15.2.0/bin/riscv32-wch-elf-gcc-15.2.0	aedb61df51d9178c170e234fd8e68d673e1f49b21cc2d317444d1999ce4bb10b	1490932	1490944	12	segment:__TEXT	UNRESOLVED	L1-FEAT-DRIVER	L1-STATIC-XW,L1-STATIC-XDIAG,L1-STATIC-ZSTD-SPEC	COMPLETE-TILING-UNRESOLVED	L1-macho-regions	ownership=PRIMARY; file_size=1882496; region_sha256=15ec7bf0b50732b49f8228e07d24365338f9e3ab994b00af08e5a3bffe55fd8b
L1-REG-WCH-ref__gcc__darwin-arm64__15_2_0__bin__gcc-15_2_0-0032	GCC-DRIVER	WCH	ref/gcc/darwin-arm64/15.2.0/bin/riscv32-wch-elf-gcc-15.2.0	aedb61df51d9178c170e234fd8e68d673e1f49b21cc2d317444d1999ce4bb10b	1490944	1492384	1440	section:__DATA_CONST,__got	FUNCTIONAL-DATA-TABLE	L1-FEAT-DRIVER	L1-STATIC-XW,L1-STATIC-XDIAG,L1-STATIC-ZSTD-SPEC	COMPLETE-TILING-UNRESOLVED	L1-macho-regions	ownership=PRIMARY; file_size=1882496; region_sha256=ae03c576bd5a6e53357ca6cc25e6223122cace1798e64c329af57e5f269592f8
L1-REG-WCH-ref__gcc__darwin-arm64__15_2_0__bin__gcc-15_2_0-0033	GCC-DRIVER	WCH	ref/gcc/darwin-arm64/15.2.0/bin/riscv32-wch-elf-gcc-15.2.0	aedb61df51d9178c170e234fd8e68d673e1f49b21cc2d317444d1999ce4bb10b	1492384	1746136	253752	section:__DATA_CONST,__const	FUNCTIONAL-DATA-TABLE	L1-FEAT-DRIVER	L1-STATIC-XW,L1-STATIC-XDIAG,L1-STATIC-ZSTD-SPEC	COMPLETE-TILING-UNRESOLVED	L1-macho-regions	ownership=PRIMARY; file_size=1882496; region_sha256=0af7dc3fa4aabcaf4ff546b825a33ca045dbbc569f71ca09ee17d119c404baba
L1-REG-WCH-ref__gcc__darwin-arm64__15_2_0__bin__gcc-15_2_0-0034	GCC-DRIVER	WCH	ref/gcc/darwin-arm64/15.2.0/bin/riscv32-wch-elf-gcc-15.2.0	aedb61df51d9178c170e234fd8e68d673e1f49b21cc2d317444d1999ce4bb10b	1746136	1753088	6952	segment:__DATA_CONST	UNRESOLVED	L1-FEAT-DRIVER	L1-STATIC-XW,L1-STATIC-XDIAG,L1-STATIC-ZSTD-SPEC	COMPLETE-TILING-UNRESOLVED	L1-macho-regions	ownership=PRIMARY; file_size=1882496; region_sha256=4fa70f7c63cb89b6d465ef73d950ad311d4c0c3ea28716a3462deda8d172a48a
L1-REG-WCH-ref__gcc__darwin-arm64__15_2_0__bin__gcc-15_2_0-0035	GCC-DRIVER	WCH	ref/gcc/darwin-arm64/15.2.0/bin/riscv32-wch-elf-gcc-15.2.0	aedb61df51d9178c170e234fd8e68d673e1f49b21cc2d317444d1999ce4bb10b	1753088	1755856	2768	section:__DATA,__data	FUNCTIONAL-DATA-TABLE	L1-FEAT-DRIVER	L1-STATIC-XW,L1-STATIC-XDIAG,L1-STATIC-ZSTD-SPEC	COMPLETE-TILING-UNRESOLVED	L1-macho-regions	ownership=PRIMARY; file_size=1882496; region_sha256=d416bacde3289ab3f3a628c03dd71e183ce7b3e82b8aa1e7ffddea66224e572c
L1-REG-WCH-ref__gcc__darwin-arm64__15_2_0__bin__gcc-15_2_0-0036	GCC-DRIVER	WCH	ref/gcc/darwin-arm64/15.2.0/bin/riscv32-wch-elf-gcc-15.2.0	aedb61df51d9178c170e234fd8e68d673e1f49b21cc2d317444d1999ce4bb10b	1755856	1769472	13616	segment:__DATA	UNRESOLVED	L1-FEAT-DRIVER	L1-STATIC-XW,L1-STATIC-XDIAG,L1-STATIC-ZSTD-SPEC	COMPLETE-TILING-UNRESOLVED	L1-macho-regions	ownership=PRIMARY; file_size=1882496; region_sha256=df2a49e8ad39fc1deabf72892bd8580ae9bcb3fc839ba79f3e9fe15cb2a3d6fc
L1-REG-WCH-ref__gcc__darwin-arm64__15_2_0__bin__gcc-15_2_0-0037	GCC-DRIVER	WCH	ref/gcc/darwin-arm64/15.2.0/bin/riscv32-wch-elf-gcc-15.2.0	aedb61df51d9178c170e234fd8e68d673e1f49b21cc2d317444d1999ce4bb10b	1769472	1774824	5352	LC_DYLD_CHAINED_FIXUPS:payload	LINK-LAYOUT	L1-FEAT-DRIVER	L1-STATIC-XW,L1-STATIC-XDIAG,L1-STATIC-ZSTD-SPEC	COMPLETE-TILING-UNRESOLVED	L1-macho-regions	ownership=PRIMARY; file_size=1882496; region_sha256=2359e7cb4e6b0339fd119aa47d9b6cd97c32cf5c380e62a339d1d1c4eee50b44
L1-REG-WCH-ref__gcc__darwin-arm64__15_2_0__bin__gcc-15_2_0-0038	GCC-DRIVER	WCH	ref/gcc/darwin-arm64/15.2.0/bin/riscv32-wch-elf-gcc-15.2.0	aedb61df51d9178c170e234fd8e68d673e1f49b21cc2d317444d1999ce4bb10b	1774824	1836048	61224	LC_DYLD_EXPORTS_TRIE:payload	LINK-LAYOUT	L1-FEAT-DRIVER	L1-STATIC-XW,L1-STATIC-XDIAG,L1-STATIC-ZSTD-SPEC	COMPLETE-TILING-UNRESOLVED	L1-macho-regions	ownership=PRIMARY; file_size=1882496; region_sha256=a678dfd325959c3cf4b4092a3b183c511e8534e4f367d29ece3212f427e96d36
L1-REG-WCH-ref__gcc__darwin-arm64__15_2_0__bin__gcc-15_2_0-0039	GCC-DRIVER	WCH	ref/gcc/darwin-arm64/15.2.0/bin/riscv32-wch-elf-gcc-15.2.0	aedb61df51d9178c170e234fd8e68d673e1f49b21cc2d317444d1999ce4bb10b	1836048	1839240	3192	LC_FUNCTION_STARTS:payload	STRIP/DEBUG/SYMBOL-LAYOUT	L1-FEAT-DRIVER	L1-STATIC-XW,L1-STATIC-XDIAG,L1-STATIC-ZSTD-SPEC	COMPLETE-TILING-UNRESOLVED	L1-macho-regions	ownership=PRIMARY; file_size=1882496; region_sha256=bbdeffdaa031d8f5e284042e90e65a8f12275804d4d57328a5ed65f4dfe0359b
L1-REG-WCH-ref__gcc__darwin-arm64__15_2_0__bin__gcc-15_2_0-0040	GCC-DRIVER	WCH	ref/gcc/darwin-arm64/15.2.0/bin/riscv32-wch-elf-gcc-15.2.0	aedb61df51d9178c170e234fd8e68d673e1f49b21cc2d317444d1999ce4bb10b	1839240	1842392	3152	LC_SYMTAB:nlist_64	STRIP/DEBUG/SYMBOL-LAYOUT	L1-FEAT-DRIVER	L1-STATIC-XW,L1-STATIC-XDIAG,L1-STATIC-ZSTD-SPEC	COMPLETE-TILING-UNRESOLVED	L1-macho-regions	ownership=PRIMARY; file_size=1882496; region_sha256=bbe5c3d5c730384ca8a9d22a40bd533a8cb3fb442c769ca7f226a997b6fea8de
L1-REG-WCH-ref__gcc__darwin-arm64__15_2_0__bin__gcc-15_2_0-0041	GCC-DRIVER	WCH	ref/gcc/darwin-arm64/15.2.0/bin/riscv32-wch-elf-gcc-15.2.0	aedb61df51d9178c170e234fd8e68d673e1f49b21cc2d317444d1999ce4bb10b	1842392	1843720	1328	segment:__LINKEDIT	LINK-LAYOUT	L1-FEAT-DRIVER	L1-STATIC-XW,L1-STATIC-XDIAG,L1-STATIC-ZSTD-SPEC	COMPLETE-TILING-UNRESOLVED	L1-macho-regions	ownership=PRIMARY; file_size=1882496; region_sha256=367e34654898889e25c9637e2bcc655ed7181c49b4e257a0254290b61bb04a5f
L1-REG-WCH-ref__gcc__darwin-arm64__15_2_0__bin__gcc-15_2_0-0042	GCC-DRIVER	WCH	ref/gcc/darwin-arm64/15.2.0/bin/riscv32-wch-elf-gcc-15.2.0	aedb61df51d9178c170e234fd8e68d673e1f49b21cc2d317444d1999ce4bb10b	1843720	1848800	5080	LC_SYMTAB:string_table	STRIP/DEBUG/SYMBOL-LAYOUT	L1-FEAT-DRIVER	L1-STATIC-XW,L1-STATIC-XDIAG,L1-STATIC-ZSTD-SPEC	COMPLETE-TILING-UNRESOLVED	L1-macho-regions	ownership=PRIMARY; file_size=1882496; region_sha256=72e7d1e067debcf629a77d632625b5dfa94bf97b13ff64e524123087059e84c5
L1-REG-WCH-ref__gcc__darwin-arm64__15_2_0__bin__gcc-15_2_0-0043	GCC-DRIVER	WCH	ref/gcc/darwin-arm64/15.2.0/bin/riscv32-wch-elf-gcc-15.2.0	aedb61df51d9178c170e234fd8e68d673e1f49b21cc2d317444d1999ce4bb10b	1848800	1882496	33696	LC_CODE_SIGNATURE:payload	SIGNATURE/UUID/BUILD-METADATA	L1-FEAT-DRIVER	L1-STATIC-XW,L1-STATIC-XDIAG,L1-STATIC-ZSTD-SPEC	COMPLETE-TILING-UNRESOLVED	L1-macho-regions	ownership=PRIMARY; file_size=1882496; region_sha256=dbe8dde2564986e960af0b7abf686c671842099e67bd8b4d4df23122718b6134
L1-REG-WCH-ref__gcc__darwin-arm64__15_2_0__bin__libzstd_1_dylib-0001	HOST-ZSTD	WCH	ref/gcc/darwin-arm64/15.2.0/bin/libzstd.1.dylib	a63c44dbe4a0b7c8f21a039152b3c4b0b66d54cc1daeecc629ce02eee79f274e	0	32	32	mach_header_64	SIGNATURE/UUID/BUILD-METADATA	L1-FEAT-ZSTD	L1-STATIC-ZSTD-BFD	COMPLETE-TILING-UNRESOLVED	L1-macho-regions	ownership=PRIMARY; file_size=670960; region_sha256=c2aa625efed66098b8fed9143af3ebb78c8dfac17cd5757fbb09f6e5de89bffa
L1-REG-WCH-ref__gcc__darwin-arm64__15_2_0__bin__libzstd_1_dylib-0002	HOST-ZSTD	WCH	ref/gcc/darwin-arm64/15.2.0/bin/libzstd.1.dylib	a63c44dbe4a0b7c8f21a039152b3c4b0b66d54cc1daeecc629ce02eee79f274e	32	584	552	LC_SEGMENT_64[0]	SIGNATURE/UUID/BUILD-METADATA	L1-FEAT-ZSTD	L1-STATIC-ZSTD-BFD	COMPLETE-TILING-UNRESOLVED	L1-macho-regions	ownership=PRIMARY; file_size=670960; region_sha256=3045260feecfe0e8ea6341d8ec004e2eeb4f045144255936cb63bcf33f7a4459
L1-REG-WCH-ref__gcc__darwin-arm64__15_2_0__bin__libzstd_1_dylib-0003	HOST-ZSTD	WCH	ref/gcc/darwin-arm64/15.2.0/bin/libzstd.1.dylib	a63c44dbe4a0b7c8f21a039152b3c4b0b66d54cc1daeecc629ce02eee79f274e	584	816	232	LC_SEGMENT_64[1]	SIGNATURE/UUID/BUILD-METADATA	L1-FEAT-ZSTD	L1-STATIC-ZSTD-BFD	COMPLETE-TILING-UNRESOLVED	L1-macho-regions	ownership=PRIMARY; file_size=670960; region_sha256=e7abc6e0be7284be994578849e09c7ec8d1a64379bfa1f02e1292f504cb17e27
L1-REG-WCH-ref__gcc__darwin-arm64__15_2_0__bin__libzstd_1_dylib-0004	HOST-ZSTD	WCH	ref/gcc/darwin-arm64/15.2.0/bin/libzstd.1.dylib	a63c44dbe4a0b7c8f21a039152b3c4b0b66d54cc1daeecc629ce02eee79f274e	816	1048	232	LC_SEGMENT_64[2]	SIGNATURE/UUID/BUILD-METADATA	L1-FEAT-ZSTD	L1-STATIC-ZSTD-BFD	COMPLETE-TILING-UNRESOLVED	L1-macho-regions	ownership=PRIMARY; file_size=670960; region_sha256=6a58a4708b401cb11355574d430a7d0a68b65937ffa65541d2e8d2f327485a62
L1-REG-WCH-ref__gcc__darwin-arm64__15_2_0__bin__libzstd_1_dylib-0005	HOST-ZSTD	WCH	ref/gcc/darwin-arm64/15.2.0/bin/libzstd.1.dylib	a63c44dbe4a0b7c8f21a039152b3c4b0b66d54cc1daeecc629ce02eee79f274e	1048	1120	72	LC_SEGMENT_64[3]	SIGNATURE/UUID/BUILD-METADATA	L1-FEAT-ZSTD	L1-STATIC-ZSTD-BFD	COMPLETE-TILING-UNRESOLVED	L1-macho-regions	ownership=PRIMARY; file_size=670960; region_sha256=e29149e51d231eccea52e99d0d984df4e5d41cb8831f309f25b5fea076922815
L1-REG-WCH-ref__gcc__darwin-arm64__15_2_0__bin__libzstd_1_dylib-0006	HOST-ZSTD	WCH	ref/gcc/darwin-arm64/15.2.0/bin/libzstd.1.dylib	a63c44dbe4a0b7c8f21a039152b3c4b0b66d54cc1daeecc629ce02eee79f274e	1120	1192	72	LC_ID_DYLIB[4]	PACKAGING/DEPENDENCY	L1-FEAT-ZSTD	L1-STATIC-ZSTD-BFD	COMPLETE-TILING-UNRESOLVED	L1-macho-regions	ownership=PRIMARY; file_size=670960; region_sha256=1d19364e7c74d514cba3dc6cdef22faf475e208a26965b10c0fb1932228ed7b4
L1-REG-WCH-ref__gcc__darwin-arm64__15_2_0__bin__libzstd_1_dylib-0007	HOST-ZSTD	WCH	ref/gcc/darwin-arm64/15.2.0/bin/libzstd.1.dylib	a63c44dbe4a0b7c8f21a039152b3c4b0b66d54cc1daeecc629ce02eee79f274e	1192	1208	16	LC_DYLD_CHAINED_FIXUPS[5]	SIGNATURE/UUID/BUILD-METADATA	L1-FEAT-ZSTD	L1-STATIC-ZSTD-BFD	COMPLETE-TILING-UNRESOLVED	L1-macho-regions	ownership=PRIMARY; file_size=670960; region_sha256=2f6525cd2963f51805c1985a8e5141e6ceadca7cefd1ab49f2f9d1ad8890b6a4
L1-REG-WCH-ref__gcc__darwin-arm64__15_2_0__bin__libzstd_1_dylib-0008	HOST-ZSTD	WCH	ref/gcc/darwin-arm64/15.2.0/bin/libzstd.1.dylib	a63c44dbe4a0b7c8f21a039152b3c4b0b66d54cc1daeecc629ce02eee79f274e	1208	1224	16	LC_DYLD_EXPORTS_TRIE[6]	SIGNATURE/UUID/BUILD-METADATA	L1-FEAT-ZSTD	L1-STATIC-ZSTD-BFD	COMPLETE-TILING-UNRESOLVED	L1-macho-regions	ownership=PRIMARY; file_size=670960; region_sha256=c0a7c8951bbc28a32107d9563a84383dc15ab63864d1d6a64483e6a7b1fedd91
L1-REG-WCH-ref__gcc__darwin-arm64__15_2_0__bin__libzstd_1_dylib-0009	HOST-ZSTD	WCH	ref/gcc/darwin-arm64/15.2.0/bin/libzstd.1.dylib	a63c44dbe4a0b7c8f21a039152b3c4b0b66d54cc1daeecc629ce02eee79f274e	1224	1248	24	LC_SYMTAB[7]	SIGNATURE/UUID/BUILD-METADATA	L1-FEAT-ZSTD	L1-STATIC-ZSTD-BFD	COMPLETE-TILING-UNRESOLVED	L1-macho-regions	ownership=PRIMARY; file_size=670960; region_sha256=b2d82fe4248c592cac5af303e9555bf90c97d54d8bd9e1eba0033d3355e101fb
L1-REG-WCH-ref__gcc__darwin-arm64__15_2_0__bin__libzstd_1_dylib-0010	HOST-ZSTD	WCH	ref/gcc/darwin-arm64/15.2.0/bin/libzstd.1.dylib	a63c44dbe4a0b7c8f21a039152b3c4b0b66d54cc1daeecc629ce02eee79f274e	1248	1328	80	LC_DYSYMTAB[8]	SIGNATURE/UUID/BUILD-METADATA	L1-FEAT-ZSTD	L1-STATIC-ZSTD-BFD	COMPLETE-TILING-UNRESOLVED	L1-macho-regions	ownership=PRIMARY; file_size=670960; region_sha256=89c538cec9837a590341f0264d760762e5a618fd7af5ed981d3bfa84dd028c4c
L1-REG-WCH-ref__gcc__darwin-arm64__15_2_0__bin__libzstd_1_dylib-0011	HOST-ZSTD	WCH	ref/gcc/darwin-arm64/15.2.0/bin/libzstd.1.dylib	a63c44dbe4a0b7c8f21a039152b3c4b0b66d54cc1daeecc629ce02eee79f274e	1328	1352	24	LC_UUID[9]	SIGNATURE/UUID/BUILD-METADATA	L1-FEAT-ZSTD	L1-STATIC-ZSTD-BFD	COMPLETE-TILING-UNRESOLVED	L1-macho-regions	ownership=PRIMARY; file_size=670960; region_sha256=7ef97ebc8c3121e860d859707eeeec5d0ee5d16268e39e623931d634d40263f9
L1-REG-WCH-ref__gcc__darwin-arm64__15_2_0__bin__libzstd_1_dylib-0012	HOST-ZSTD	WCH	ref/gcc/darwin-arm64/15.2.0/bin/libzstd.1.dylib	a63c44dbe4a0b7c8f21a039152b3c4b0b66d54cc1daeecc629ce02eee79f274e	1352	1384	32	LC_BUILD_VERSION[10]	SIGNATURE/UUID/BUILD-METADATA	L1-FEAT-ZSTD	L1-STATIC-ZSTD-BFD	COMPLETE-TILING-UNRESOLVED	L1-macho-regions	ownership=PRIMARY; file_size=670960; region_sha256=9f12060debb1c787f03f285d6103f93278a982b751901c20509e282d2f7aeff2
L1-REG-WCH-ref__gcc__darwin-arm64__15_2_0__bin__libzstd_1_dylib-0013	HOST-ZSTD	WCH	ref/gcc/darwin-arm64/15.2.0/bin/libzstd.1.dylib	a63c44dbe4a0b7c8f21a039152b3c4b0b66d54cc1daeecc629ce02eee79f274e	1384	1400	16	LC_SOURCE_VERSION[11]	SIGNATURE/UUID/BUILD-METADATA	L1-FEAT-ZSTD	L1-STATIC-ZSTD-BFD	COMPLETE-TILING-UNRESOLVED	L1-macho-regions	ownership=PRIMARY; file_size=670960; region_sha256=01a60f1db7db041298aa3e269ff5ebea951aa6977963e4ab563905da906d2b82
L1-REG-WCH-ref__gcc__darwin-arm64__15_2_0__bin__libzstd_1_dylib-0014	HOST-ZSTD	WCH	ref/gcc/darwin-arm64/15.2.0/bin/libzstd.1.dylib	a63c44dbe4a0b7c8f21a039152b3c4b0b66d54cc1daeecc629ce02eee79f274e	1400	1456	56	LC_LOAD_DYLIB[12]	PACKAGING/DEPENDENCY	L1-FEAT-ZSTD	L1-STATIC-ZSTD-BFD	COMPLETE-TILING-UNRESOLVED	L1-macho-regions	ownership=PRIMARY; file_size=670960; region_sha256=ab3a9d430778bcc4642c00fcc78ee2ef987d6812fe804d2bf15ff4fa465eb321
L1-REG-WCH-ref__gcc__darwin-arm64__15_2_0__bin__libzstd_1_dylib-0015	HOST-ZSTD	WCH	ref/gcc/darwin-arm64/15.2.0/bin/libzstd.1.dylib	a63c44dbe4a0b7c8f21a039152b3c4b0b66d54cc1daeecc629ce02eee79f274e	1456	1488	32	LC_0x8000001c[13]	SIGNATURE/UUID/BUILD-METADATA	L1-FEAT-ZSTD	L1-STATIC-ZSTD-BFD	COMPLETE-TILING-UNRESOLVED	L1-macho-regions	ownership=PRIMARY; file_size=670960; region_sha256=9ece9a56b8cdbdd8d6b4804f5028b83f7033d30fc0dd9eee821399d1c55d32f1
L1-REG-WCH-ref__gcc__darwin-arm64__15_2_0__bin__libzstd_1_dylib-0016	HOST-ZSTD	WCH	ref/gcc/darwin-arm64/15.2.0/bin/libzstd.1.dylib	a63c44dbe4a0b7c8f21a039152b3c4b0b66d54cc1daeecc629ce02eee79f274e	1488	1504	16	LC_FUNCTION_STARTS[14]	SIGNATURE/UUID/BUILD-METADATA	L1-FEAT-ZSTD	L1-STATIC-ZSTD-BFD	COMPLETE-TILING-UNRESOLVED	L1-macho-regions	ownership=PRIMARY; file_size=670960; region_sha256=c4a3c0e05dfd0239cfd335788f9c431bf3fa9ba8322669f54a18bd7284a70c7e
L1-REG-WCH-ref__gcc__darwin-arm64__15_2_0__bin__libzstd_1_dylib-0017	HOST-ZSTD	WCH	ref/gcc/darwin-arm64/15.2.0/bin/libzstd.1.dylib	a63c44dbe4a0b7c8f21a039152b3c4b0b66d54cc1daeecc629ce02eee79f274e	1504	1520	16	LC_DATA_IN_CODE[15]	SIGNATURE/UUID/BUILD-METADATA	L1-FEAT-ZSTD	L1-STATIC-ZSTD-BFD	COMPLETE-TILING-UNRESOLVED	L1-macho-regions	ownership=PRIMARY; file_size=670960; region_sha256=9127394f91cf988af18741df65e0590d97140852a9e9d93ec06b3771aa7497da
L1-REG-WCH-ref__gcc__darwin-arm64__15_2_0__bin__libzstd_1_dylib-0018	HOST-ZSTD	WCH	ref/gcc/darwin-arm64/15.2.0/bin/libzstd.1.dylib	a63c44dbe4a0b7c8f21a039152b3c4b0b66d54cc1daeecc629ce02eee79f274e	1520	1536	16	LC_CODE_SIGNATURE[16]	SIGNATURE/UUID/BUILD-METADATA	L1-FEAT-ZSTD	L1-STATIC-ZSTD-BFD	COMPLETE-TILING-UNRESOLVED	L1-macho-regions	ownership=PRIMARY; file_size=670960; region_sha256=52df6d573457b50fd896412b0121520caedc3c6fcf67abb19224f8cd90516eb5
L1-REG-WCH-ref__gcc__darwin-arm64__15_2_0__bin__libzstd_1_dylib-0019	HOST-ZSTD	WCH	ref/gcc/darwin-arm64/15.2.0/bin/libzstd.1.dylib	a63c44dbe4a0b7c8f21a039152b3c4b0b66d54cc1daeecc629ce02eee79f274e	1536	17096	15560	segment:__TEXT	UNRESOLVED	L1-FEAT-ZSTD	L1-STATIC-ZSTD-BFD	COMPLETE-TILING-UNRESOLVED	L1-macho-regions	ownership=PRIMARY; file_size=670960; region_sha256=11c20659ac7609987a32c8163172a3f8e147173d8a00889c0ab549c64b8ad17b
L1-REG-WCH-ref__gcc__darwin-arm64__15_2_0__bin__libzstd_1_dylib-0020	HOST-ZSTD	WCH	ref/gcc/darwin-arm64/15.2.0/bin/libzstd.1.dylib	a63c44dbe4a0b7c8f21a039152b3c4b0b66d54cc1daeecc629ce02eee79f274e	17096	546192	529096	section:__TEXT,__text	FUNCTIONAL-CODE	L1-FEAT-ZSTD	L1-STATIC-ZSTD-BFD	COMPLETE-TILING-UNRESOLVED	L1-macho-regions	ownership=PRIMARY; file_size=670960; region_sha256=9d4480f93e88f5738c1cfb9b6cf5363f317e940a7d567b29b7340096fe10be65
L1-REG-WCH-ref__gcc__darwin-arm64__15_2_0__bin__libzstd_1_dylib-0021	HOST-ZSTD	WCH	ref/gcc/darwin-arm64/15.2.0/bin/libzstd.1.dylib	a63c44dbe4a0b7c8f21a039152b3c4b0b66d54cc1daeecc629ce02eee79f274e	546192	546528	336	section:__TEXT,__stubs	UNRESOLVED	L1-FEAT-ZSTD	L1-STATIC-ZSTD-BFD	COMPLETE-TILING-UNRESOLVED	L1-macho-regions	ownership=PRIMARY; file_size=670960; region_sha256=065626feffd16fbbacac4d91ccfc224c530b76e96e20e6d52cef3bfd46fb21e7
L1-REG-WCH-ref__gcc__darwin-arm64__15_2_0__bin__libzstd_1_dylib-0022	HOST-ZSTD	WCH	ref/gcc/darwin-arm64/15.2.0/bin/libzstd.1.dylib	a63c44dbe4a0b7c8f21a039152b3c4b0b66d54cc1daeecc629ce02eee79f274e	546528	566904	20376	section:__TEXT,__const	FUNCTIONAL-DATA-TABLE	L1-FEAT-ZSTD	L1-STATIC-ZSTD-BFD	COMPLETE-TILING-UNRESOLVED	L1-macho-regions	ownership=PRIMARY; file_size=670960; region_sha256=b8904e8a619af5d3158db62842d810b06c9b29285875ee90567f98e062b62487
L1-REG-WCH-ref__gcc__darwin-arm64__15_2_0__bin__libzstd_1_dylib-0023	HOST-ZSTD	WCH	ref/gcc/darwin-arm64/15.2.0/bin/libzstd.1.dylib	a63c44dbe4a0b7c8f21a039152b3c4b0b66d54cc1daeecc629ce02eee79f274e	566904	571193	4289	section:__TEXT,__cstring	FUNCTIONAL-DATA-TABLE	L1-FEAT-ZSTD	L1-STATIC-ZSTD-BFD	COMPLETE-TILING-UNRESOLVED	L1-macho-regions	ownership=PRIMARY; file_size=670960; region_sha256=564c0be33f7a271c76adb01b55a4c05a536b95a231183cb408267e2472d70814
L1-REG-WCH-ref__gcc__darwin-arm64__15_2_0__bin__libzstd_1_dylib-0024	HOST-ZSTD	WCH	ref/gcc/darwin-arm64/15.2.0/bin/libzstd.1.dylib	a63c44dbe4a0b7c8f21a039152b3c4b0b66d54cc1daeecc629ce02eee79f274e	571193	571196	3	segment:__TEXT	UNRESOLVED	L1-FEAT-ZSTD	L1-STATIC-ZSTD-BFD	COMPLETE-TILING-UNRESOLVED	L1-macho-regions	ownership=PRIMARY; file_size=670960; region_sha256=709e80c88487a2411e1ee4dfb9f22a861492d20c4765150c0c794abd70f8147c
L1-REG-WCH-ref__gcc__darwin-arm64__15_2_0__bin__libzstd_1_dylib-0025	HOST-ZSTD	WCH	ref/gcc/darwin-arm64/15.2.0/bin/libzstd.1.dylib	a63c44dbe4a0b7c8f21a039152b3c4b0b66d54cc1daeecc629ce02eee79f274e	571196	573356	2160	section:__TEXT,__unwind_info	FUNCTIONAL-DATA-TABLE	L1-FEAT-ZSTD	L1-STATIC-ZSTD-BFD	COMPLETE-TILING-UNRESOLVED	L1-macho-regions	ownership=PRIMARY; file_size=670960; region_sha256=52e33a85c107be93fe9fff3876a8ea99c90b9c5555243e4d1b71b3343f8708c6
L1-REG-WCH-ref__gcc__darwin-arm64__15_2_0__bin__libzstd_1_dylib-0026	HOST-ZSTD	WCH	ref/gcc/darwin-arm64/15.2.0/bin/libzstd.1.dylib	a63c44dbe4a0b7c8f21a039152b3c4b0b66d54cc1daeecc629ce02eee79f274e	573356	573360	4	segment:__TEXT	UNRESOLVED	L1-FEAT-ZSTD	L1-STATIC-ZSTD-BFD	COMPLETE-TILING-UNRESOLVED	L1-macho-regions	ownership=PRIMARY; file_size=670960; region_sha256=df3f619804a92fdb4057192dc43dd748ea778adc52bc498ce80524c014b81119
L1-REG-WCH-ref__gcc__darwin-arm64__15_2_0__bin__libzstd_1_dylib-0027	HOST-ZSTD	WCH	ref/gcc/darwin-arm64/15.2.0/bin/libzstd.1.dylib	a63c44dbe4a0b7c8f21a039152b3c4b0b66d54cc1daeecc629ce02eee79f274e	573360	573440	80	section:__TEXT,__eh_frame	FUNCTIONAL-DATA-TABLE	L1-FEAT-ZSTD	L1-STATIC-ZSTD-BFD	COMPLETE-TILING-UNRESOLVED	L1-macho-regions	ownership=PRIMARY; file_size=670960; region_sha256=5694140f068bc3bf65fb0ec105519955f8e9dfab3d2ff183e0b9a26bc597404d
L1-REG-WCH-ref__gcc__darwin-arm64__15_2_0__bin__libzstd_1_dylib-0028	HOST-ZSTD	WCH	ref/gcc/darwin-arm64/15.2.0/bin/libzstd.1.dylib	a63c44dbe4a0b7c8f21a039152b3c4b0b66d54cc1daeecc629ce02eee79f274e	573440	573688	248	section:__DATA_CONST,__got	FUNCTIONAL-DATA-TABLE	L1-FEAT-ZSTD	L1-STATIC-ZSTD-BFD	COMPLETE-TILING-UNRESOLVED	L1-macho-regions	ownership=PRIMARY; file_size=670960; region_sha256=3ee48f05271dc73717ee1be70eb4524bd4c32bf1fae3599090bf58048916dc49
L1-REG-WCH-ref__gcc__darwin-arm64__15_2_0__bin__libzstd_1_dylib-0029	HOST-ZSTD	WCH	ref/gcc/darwin-arm64/15.2.0/bin/libzstd.1.dylib	a63c44dbe4a0b7c8f21a039152b3c4b0b66d54cc1daeecc629ce02eee79f274e	573688	574392	704	section:__DATA_CONST,__const	FUNCTIONAL-DATA-TABLE	L1-FEAT-ZSTD	L1-STATIC-ZSTD-BFD	COMPLETE-TILING-UNRESOLVED	L1-macho-regions	ownership=PRIMARY; file_size=670960; region_sha256=2d25c93086c585044f4232ec7c978be0118497d7a7b450096008bfd92d02e40c
L1-REG-WCH-ref__gcc__darwin-arm64__15_2_0__bin__libzstd_1_dylib-0030	HOST-ZSTD	WCH	ref/gcc/darwin-arm64/15.2.0/bin/libzstd.1.dylib	a63c44dbe4a0b7c8f21a039152b3c4b0b66d54cc1daeecc629ce02eee79f274e	574392	589824	15432	segment:__DATA_CONST	UNRESOLVED	L1-FEAT-ZSTD	L1-STATIC-ZSTD-BFD	COMPLETE-TILING-UNRESOLVED	L1-macho-regions	ownership=PRIMARY; file_size=670960; region_sha256=c1c82d917731cf6483046565d8bc19702626b601d5d5a447990f3c896cc47c4d
L1-REG-WCH-ref__gcc__darwin-arm64__15_2_0__bin__libzstd_1_dylib-0031	HOST-ZSTD	WCH	ref/gcc/darwin-arm64/15.2.0/bin/libzstd.1.dylib	a63c44dbe4a0b7c8f21a039152b3c4b0b66d54cc1daeecc629ce02eee79f274e	589824	590464	640	LC_DYLD_CHAINED_FIXUPS:payload	LINK-LAYOUT	L1-FEAT-ZSTD	L1-STATIC-ZSTD-BFD	COMPLETE-TILING-UNRESOLVED	L1-macho-regions	ownership=PRIMARY; file_size=670960; region_sha256=2f9bd6a9d6f86662dbb9434b3ad14af0c663ac8054b4151235b846e882fc50a1
L1-REG-WCH-ref__gcc__darwin-arm64__15_2_0__bin__libzstd_1_dylib-0032	HOST-ZSTD	WCH	ref/gcc/darwin-arm64/15.2.0/bin/libzstd.1.dylib	a63c44dbe4a0b7c8f21a039152b3c4b0b66d54cc1daeecc629ce02eee79f274e	590464	602920	12456	LC_DYLD_EXPORTS_TRIE:payload	LINK-LAYOUT	L1-FEAT-ZSTD	L1-STATIC-ZSTD-BFD	COMPLETE-TILING-UNRESOLVED	L1-macho-regions	ownership=PRIMARY; file_size=670960; region_sha256=9c1c86038824c2afa8c687d31b1b325fe6de93d567d7ee43abf713163d095f0c
L1-REG-WCH-ref__gcc__darwin-arm64__15_2_0__bin__libzstd_1_dylib-0033	HOST-ZSTD	WCH	ref/gcc/darwin-arm64/15.2.0/bin/libzstd.1.dylib	a63c44dbe4a0b7c8f21a039152b3c4b0b66d54cc1daeecc629ce02eee79f274e	602920	604248	1328	LC_FUNCTION_STARTS:payload	STRIP/DEBUG/SYMBOL-LAYOUT	L1-FEAT-ZSTD	L1-STATIC-ZSTD-BFD	COMPLETE-TILING-UNRESOLVED	L1-macho-regions	ownership=PRIMARY; file_size=670960; region_sha256=7e9c0c6a6dab6119110316f2f0bb698e35d33490821cd66b8563d102a5f09e4e
L1-REG-WCH-ref__gcc__darwin-arm64__15_2_0__bin__libzstd_1_dylib-0034	HOST-ZSTD	WCH	ref/gcc/darwin-arm64/15.2.0/bin/libzstd.1.dylib	a63c44dbe4a0b7c8f21a039152b3c4b0b66d54cc1daeecc629ce02eee79f274e	604248	620872	16624	LC_SYMTAB:nlist_64	STRIP/DEBUG/SYMBOL-LAYOUT	L1-FEAT-ZSTD	L1-STATIC-ZSTD-BFD	COMPLETE-TILING-UNRESOLVED	L1-macho-regions	ownership=PRIMARY; file_size=670960; region_sha256=7fa3d39f78bfeb0cc40c3c974e92a51d3b2174ba91967417f2cfdb85eb8aa329
L1-REG-WCH-ref__gcc__darwin-arm64__15_2_0__bin__libzstd_1_dylib-0035	HOST-ZSTD	WCH	ref/gcc/darwin-arm64/15.2.0/bin/libzstd.1.dylib	a63c44dbe4a0b7c8f21a039152b3c4b0b66d54cc1daeecc629ce02eee79f274e	620872	621112	240	segment:__LINKEDIT	LINK-LAYOUT	L1-FEAT-ZSTD	L1-STATIC-ZSTD-BFD	COMPLETE-TILING-UNRESOLVED	L1-macho-regions	ownership=PRIMARY; file_size=670960; region_sha256=dc2c6b1795f26d576d44e06b6bc95798a01330aeb21b8ae4823dc0ae24aead8e
L1-REG-WCH-ref__gcc__darwin-arm64__15_2_0__bin__libzstd_1_dylib-0036	HOST-ZSTD	WCH	ref/gcc/darwin-arm64/15.2.0/bin/libzstd.1.dylib	a63c44dbe4a0b7c8f21a039152b3c4b0b66d54cc1daeecc629ce02eee79f274e	621112	646960	25848	LC_SYMTAB:string_table	STRIP/DEBUG/SYMBOL-LAYOUT	L1-FEAT-ZSTD	L1-STATIC-ZSTD-BFD	COMPLETE-TILING-UNRESOLVED	L1-macho-regions	ownership=PRIMARY; file_size=670960; region_sha256=4af02bb2ef8d7e534b7f24c553592e4e28d049d2aa6da8d40e5bf31018b110c1
L1-REG-WCH-ref__gcc__darwin-arm64__15_2_0__bin__libzstd_1_dylib-0037	HOST-ZSTD	WCH	ref/gcc/darwin-arm64/15.2.0/bin/libzstd.1.dylib	a63c44dbe4a0b7c8f21a039152b3c4b0b66d54cc1daeecc629ce02eee79f274e	646960	670960	24000	LC_CODE_SIGNATURE:payload	SIGNATURE/UUID/BUILD-METADATA	L1-FEAT-ZSTD	L1-STATIC-ZSTD-BFD	COMPLETE-TILING-UNRESOLVED	L1-macho-regions	ownership=PRIMARY; file_size=670960; region_sha256=d3639eafc35d4957a42909d1b8c4cc340023e8ad5ecbc9a759d285a835925a49
L1-REG-WCH-ref__gcc__darwin-arm64__15_2_0__riscv32-wch-elf__bin__libzstd_1_dylib-0001	HOST-ZSTD	WCH	ref/gcc/darwin-arm64/15.2.0/riscv32-wch-elf/bin/libzstd.1.dylib	de1dd7fed0e19e83c931fb4fbbb709c5f133faeda24aa5ea6cda1e1e3598d6d7	0	32	32	mach_header_64	SIGNATURE/UUID/BUILD-METADATA	L1-FEAT-ZSTD	L1-STATIC-ZSTD-BFD	COMPLETE-TILING-UNRESOLVED	L1-macho-regions	ownership=PRIMARY; file_size=670960; region_sha256=c2aa625efed66098b8fed9143af3ebb78c8dfac17cd5757fbb09f6e5de89bffa
L1-REG-WCH-ref__gcc__darwin-arm64__15_2_0__riscv32-wch-elf__bin__libzstd_1_dylib-0002	HOST-ZSTD	WCH	ref/gcc/darwin-arm64/15.2.0/riscv32-wch-elf/bin/libzstd.1.dylib	de1dd7fed0e19e83c931fb4fbbb709c5f133faeda24aa5ea6cda1e1e3598d6d7	32	584	552	LC_SEGMENT_64[0]	SIGNATURE/UUID/BUILD-METADATA	L1-FEAT-ZSTD	L1-STATIC-ZSTD-BFD	COMPLETE-TILING-UNRESOLVED	L1-macho-regions	ownership=PRIMARY; file_size=670960; region_sha256=3045260feecfe0e8ea6341d8ec004e2eeb4f045144255936cb63bcf33f7a4459
L1-REG-WCH-ref__gcc__darwin-arm64__15_2_0__riscv32-wch-elf__bin__libzstd_1_dylib-0003	HOST-ZSTD	WCH	ref/gcc/darwin-arm64/15.2.0/riscv32-wch-elf/bin/libzstd.1.dylib	de1dd7fed0e19e83c931fb4fbbb709c5f133faeda24aa5ea6cda1e1e3598d6d7	584	816	232	LC_SEGMENT_64[1]	SIGNATURE/UUID/BUILD-METADATA	L1-FEAT-ZSTD	L1-STATIC-ZSTD-BFD	COMPLETE-TILING-UNRESOLVED	L1-macho-regions	ownership=PRIMARY; file_size=670960; region_sha256=e7abc6e0be7284be994578849e09c7ec8d1a64379bfa1f02e1292f504cb17e27
L1-REG-WCH-ref__gcc__darwin-arm64__15_2_0__riscv32-wch-elf__bin__libzstd_1_dylib-0004	HOST-ZSTD	WCH	ref/gcc/darwin-arm64/15.2.0/riscv32-wch-elf/bin/libzstd.1.dylib	de1dd7fed0e19e83c931fb4fbbb709c5f133faeda24aa5ea6cda1e1e3598d6d7	816	1048	232	LC_SEGMENT_64[2]	SIGNATURE/UUID/BUILD-METADATA	L1-FEAT-ZSTD	L1-STATIC-ZSTD-BFD	COMPLETE-TILING-UNRESOLVED	L1-macho-regions	ownership=PRIMARY; file_size=670960; region_sha256=6a58a4708b401cb11355574d430a7d0a68b65937ffa65541d2e8d2f327485a62
L1-REG-WCH-ref__gcc__darwin-arm64__15_2_0__riscv32-wch-elf__bin__libzstd_1_dylib-0005	HOST-ZSTD	WCH	ref/gcc/darwin-arm64/15.2.0/riscv32-wch-elf/bin/libzstd.1.dylib	de1dd7fed0e19e83c931fb4fbbb709c5f133faeda24aa5ea6cda1e1e3598d6d7	1048	1120	72	LC_SEGMENT_64[3]	SIGNATURE/UUID/BUILD-METADATA	L1-FEAT-ZSTD	L1-STATIC-ZSTD-BFD	COMPLETE-TILING-UNRESOLVED	L1-macho-regions	ownership=PRIMARY; file_size=670960; region_sha256=e29149e51d231eccea52e99d0d984df4e5d41cb8831f309f25b5fea076922815
L1-REG-WCH-ref__gcc__darwin-arm64__15_2_0__riscv32-wch-elf__bin__libzstd_1_dylib-0006	HOST-ZSTD	WCH	ref/gcc/darwin-arm64/15.2.0/riscv32-wch-elf/bin/libzstd.1.dylib	de1dd7fed0e19e83c931fb4fbbb709c5f133faeda24aa5ea6cda1e1e3598d6d7	1120	1192	72	LC_ID_DYLIB[4]	PACKAGING/DEPENDENCY	L1-FEAT-ZSTD	L1-STATIC-ZSTD-BFD	COMPLETE-TILING-UNRESOLVED	L1-macho-regions	ownership=PRIMARY; file_size=670960; region_sha256=1d19364e7c74d514cba3dc6cdef22faf475e208a26965b10c0fb1932228ed7b4
L1-REG-WCH-ref__gcc__darwin-arm64__15_2_0__riscv32-wch-elf__bin__libzstd_1_dylib-0007	HOST-ZSTD	WCH	ref/gcc/darwin-arm64/15.2.0/riscv32-wch-elf/bin/libzstd.1.dylib	de1dd7fed0e19e83c931fb4fbbb709c5f133faeda24aa5ea6cda1e1e3598d6d7	1192	1208	16	LC_DYLD_CHAINED_FIXUPS[5]	SIGNATURE/UUID/BUILD-METADATA	L1-FEAT-ZSTD	L1-STATIC-ZSTD-BFD	COMPLETE-TILING-UNRESOLVED	L1-macho-regions	ownership=PRIMARY; file_size=670960; region_sha256=2f6525cd2963f51805c1985a8e5141e6ceadca7cefd1ab49f2f9d1ad8890b6a4
L1-REG-WCH-ref__gcc__darwin-arm64__15_2_0__riscv32-wch-elf__bin__libzstd_1_dylib-0008	HOST-ZSTD	WCH	ref/gcc/darwin-arm64/15.2.0/riscv32-wch-elf/bin/libzstd.1.dylib	de1dd7fed0e19e83c931fb4fbbb709c5f133faeda24aa5ea6cda1e1e3598d6d7	1208	1224	16	LC_DYLD_EXPORTS_TRIE[6]	SIGNATURE/UUID/BUILD-METADATA	L1-FEAT-ZSTD	L1-STATIC-ZSTD-BFD	COMPLETE-TILING-UNRESOLVED	L1-macho-regions	ownership=PRIMARY; file_size=670960; region_sha256=c0a7c8951bbc28a32107d9563a84383dc15ab63864d1d6a64483e6a7b1fedd91
L1-REG-WCH-ref__gcc__darwin-arm64__15_2_0__riscv32-wch-elf__bin__libzstd_1_dylib-0009	HOST-ZSTD	WCH	ref/gcc/darwin-arm64/15.2.0/riscv32-wch-elf/bin/libzstd.1.dylib	de1dd7fed0e19e83c931fb4fbbb709c5f133faeda24aa5ea6cda1e1e3598d6d7	1224	1248	24	LC_SYMTAB[7]	SIGNATURE/UUID/BUILD-METADATA	L1-FEAT-ZSTD	L1-STATIC-ZSTD-BFD	COMPLETE-TILING-UNRESOLVED	L1-macho-regions	ownership=PRIMARY; file_size=670960; region_sha256=b2d82fe4248c592cac5af303e9555bf90c97d54d8bd9e1eba0033d3355e101fb
L1-REG-WCH-ref__gcc__darwin-arm64__15_2_0__riscv32-wch-elf__bin__libzstd_1_dylib-0010	HOST-ZSTD	WCH	ref/gcc/darwin-arm64/15.2.0/riscv32-wch-elf/bin/libzstd.1.dylib	de1dd7fed0e19e83c931fb4fbbb709c5f133faeda24aa5ea6cda1e1e3598d6d7	1248	1328	80	LC_DYSYMTAB[8]	SIGNATURE/UUID/BUILD-METADATA	L1-FEAT-ZSTD	L1-STATIC-ZSTD-BFD	COMPLETE-TILING-UNRESOLVED	L1-macho-regions	ownership=PRIMARY; file_size=670960; region_sha256=89c538cec9837a590341f0264d760762e5a618fd7af5ed981d3bfa84dd028c4c
L1-REG-WCH-ref__gcc__darwin-arm64__15_2_0__riscv32-wch-elf__bin__libzstd_1_dylib-0011	HOST-ZSTD	WCH	ref/gcc/darwin-arm64/15.2.0/riscv32-wch-elf/bin/libzstd.1.dylib	de1dd7fed0e19e83c931fb4fbbb709c5f133faeda24aa5ea6cda1e1e3598d6d7	1328	1352	24	LC_UUID[9]	SIGNATURE/UUID/BUILD-METADATA	L1-FEAT-ZSTD	L1-STATIC-ZSTD-BFD	COMPLETE-TILING-UNRESOLVED	L1-macho-regions	ownership=PRIMARY; file_size=670960; region_sha256=7ef97ebc8c3121e860d859707eeeec5d0ee5d16268e39e623931d634d40263f9
L1-REG-WCH-ref__gcc__darwin-arm64__15_2_0__riscv32-wch-elf__bin__libzstd_1_dylib-0012	HOST-ZSTD	WCH	ref/gcc/darwin-arm64/15.2.0/riscv32-wch-elf/bin/libzstd.1.dylib	de1dd7fed0e19e83c931fb4fbbb709c5f133faeda24aa5ea6cda1e1e3598d6d7	1352	1384	32	LC_BUILD_VERSION[10]	SIGNATURE/UUID/BUILD-METADATA	L1-FEAT-ZSTD	L1-STATIC-ZSTD-BFD	COMPLETE-TILING-UNRESOLVED	L1-macho-regions	ownership=PRIMARY; file_size=670960; region_sha256=9f12060debb1c787f03f285d6103f93278a982b751901c20509e282d2f7aeff2
L1-REG-WCH-ref__gcc__darwin-arm64__15_2_0__riscv32-wch-elf__bin__libzstd_1_dylib-0013	HOST-ZSTD	WCH	ref/gcc/darwin-arm64/15.2.0/riscv32-wch-elf/bin/libzstd.1.dylib	de1dd7fed0e19e83c931fb4fbbb709c5f133faeda24aa5ea6cda1e1e3598d6d7	1384	1400	16	LC_SOURCE_VERSION[11]	SIGNATURE/UUID/BUILD-METADATA	L1-FEAT-ZSTD	L1-STATIC-ZSTD-BFD	COMPLETE-TILING-UNRESOLVED	L1-macho-regions	ownership=PRIMARY; file_size=670960; region_sha256=01a60f1db7db041298aa3e269ff5ebea951aa6977963e4ab563905da906d2b82
L1-REG-WCH-ref__gcc__darwin-arm64__15_2_0__riscv32-wch-elf__bin__libzstd_1_dylib-0014	HOST-ZSTD	WCH	ref/gcc/darwin-arm64/15.2.0/riscv32-wch-elf/bin/libzstd.1.dylib	de1dd7fed0e19e83c931fb4fbbb709c5f133faeda24aa5ea6cda1e1e3598d6d7	1400	1456	56	LC_LOAD_DYLIB[12]	PACKAGING/DEPENDENCY	L1-FEAT-ZSTD	L1-STATIC-ZSTD-BFD	COMPLETE-TILING-UNRESOLVED	L1-macho-regions	ownership=PRIMARY; file_size=670960; region_sha256=ab3a9d430778bcc4642c00fcc78ee2ef987d6812fe804d2bf15ff4fa465eb321
L1-REG-WCH-ref__gcc__darwin-arm64__15_2_0__riscv32-wch-elf__bin__libzstd_1_dylib-0015	HOST-ZSTD	WCH	ref/gcc/darwin-arm64/15.2.0/riscv32-wch-elf/bin/libzstd.1.dylib	de1dd7fed0e19e83c931fb4fbbb709c5f133faeda24aa5ea6cda1e1e3598d6d7	1456	1488	32	LC_0x8000001c[13]	SIGNATURE/UUID/BUILD-METADATA	L1-FEAT-ZSTD	L1-STATIC-ZSTD-BFD	COMPLETE-TILING-UNRESOLVED	L1-macho-regions	ownership=PRIMARY; file_size=670960; region_sha256=9ece9a56b8cdbdd8d6b4804f5028b83f7033d30fc0dd9eee821399d1c55d32f1
L1-REG-WCH-ref__gcc__darwin-arm64__15_2_0__riscv32-wch-elf__bin__libzstd_1_dylib-0016	HOST-ZSTD	WCH	ref/gcc/darwin-arm64/15.2.0/riscv32-wch-elf/bin/libzstd.1.dylib	de1dd7fed0e19e83c931fb4fbbb709c5f133faeda24aa5ea6cda1e1e3598d6d7	1488	1504	16	LC_FUNCTION_STARTS[14]	SIGNATURE/UUID/BUILD-METADATA	L1-FEAT-ZSTD	L1-STATIC-ZSTD-BFD	COMPLETE-TILING-UNRESOLVED	L1-macho-regions	ownership=PRIMARY; file_size=670960; region_sha256=c4a3c0e05dfd0239cfd335788f9c431bf3fa9ba8322669f54a18bd7284a70c7e
L1-REG-WCH-ref__gcc__darwin-arm64__15_2_0__riscv32-wch-elf__bin__libzstd_1_dylib-0017	HOST-ZSTD	WCH	ref/gcc/darwin-arm64/15.2.0/riscv32-wch-elf/bin/libzstd.1.dylib	de1dd7fed0e19e83c931fb4fbbb709c5f133faeda24aa5ea6cda1e1e3598d6d7	1504	1520	16	LC_DATA_IN_CODE[15]	SIGNATURE/UUID/BUILD-METADATA	L1-FEAT-ZSTD	L1-STATIC-ZSTD-BFD	COMPLETE-TILING-UNRESOLVED	L1-macho-regions	ownership=PRIMARY; file_size=670960; region_sha256=9127394f91cf988af18741df65e0590d97140852a9e9d93ec06b3771aa7497da
L1-REG-WCH-ref__gcc__darwin-arm64__15_2_0__riscv32-wch-elf__bin__libzstd_1_dylib-0018	HOST-ZSTD	WCH	ref/gcc/darwin-arm64/15.2.0/riscv32-wch-elf/bin/libzstd.1.dylib	de1dd7fed0e19e83c931fb4fbbb709c5f133faeda24aa5ea6cda1e1e3598d6d7	1520	1536	16	LC_CODE_SIGNATURE[16]	SIGNATURE/UUID/BUILD-METADATA	L1-FEAT-ZSTD	L1-STATIC-ZSTD-BFD	COMPLETE-TILING-UNRESOLVED	L1-macho-regions	ownership=PRIMARY; file_size=670960; region_sha256=52df6d573457b50fd896412b0121520caedc3c6fcf67abb19224f8cd90516eb5
L1-REG-WCH-ref__gcc__darwin-arm64__15_2_0__riscv32-wch-elf__bin__libzstd_1_dylib-0019	HOST-ZSTD	WCH	ref/gcc/darwin-arm64/15.2.0/riscv32-wch-elf/bin/libzstd.1.dylib	de1dd7fed0e19e83c931fb4fbbb709c5f133faeda24aa5ea6cda1e1e3598d6d7	1536	17096	15560	segment:__TEXT	UNRESOLVED	L1-FEAT-ZSTD	L1-STATIC-ZSTD-BFD	COMPLETE-TILING-UNRESOLVED	L1-macho-regions	ownership=PRIMARY; file_size=670960; region_sha256=11c20659ac7609987a32c8163172a3f8e147173d8a00889c0ab549c64b8ad17b
L1-REG-WCH-ref__gcc__darwin-arm64__15_2_0__riscv32-wch-elf__bin__libzstd_1_dylib-0020	HOST-ZSTD	WCH	ref/gcc/darwin-arm64/15.2.0/riscv32-wch-elf/bin/libzstd.1.dylib	de1dd7fed0e19e83c931fb4fbbb709c5f133faeda24aa5ea6cda1e1e3598d6d7	17096	546192	529096	section:__TEXT,__text	FUNCTIONAL-CODE	L1-FEAT-ZSTD	L1-STATIC-ZSTD-BFD	COMPLETE-TILING-UNRESOLVED	L1-macho-regions	ownership=PRIMARY; file_size=670960; region_sha256=9d4480f93e88f5738c1cfb9b6cf5363f317e940a7d567b29b7340096fe10be65
L1-REG-WCH-ref__gcc__darwin-arm64__15_2_0__riscv32-wch-elf__bin__libzstd_1_dylib-0021	HOST-ZSTD	WCH	ref/gcc/darwin-arm64/15.2.0/riscv32-wch-elf/bin/libzstd.1.dylib	de1dd7fed0e19e83c931fb4fbbb709c5f133faeda24aa5ea6cda1e1e3598d6d7	546192	546528	336	section:__TEXT,__stubs	UNRESOLVED	L1-FEAT-ZSTD	L1-STATIC-ZSTD-BFD	COMPLETE-TILING-UNRESOLVED	L1-macho-regions	ownership=PRIMARY; file_size=670960; region_sha256=065626feffd16fbbacac4d91ccfc224c530b76e96e20e6d52cef3bfd46fb21e7
L1-REG-WCH-ref__gcc__darwin-arm64__15_2_0__riscv32-wch-elf__bin__libzstd_1_dylib-0022	HOST-ZSTD	WCH	ref/gcc/darwin-arm64/15.2.0/riscv32-wch-elf/bin/libzstd.1.dylib	de1dd7fed0e19e83c931fb4fbbb709c5f133faeda24aa5ea6cda1e1e3598d6d7	546528	566904	20376	section:__TEXT,__const	FUNCTIONAL-DATA-TABLE	L1-FEAT-ZSTD	L1-STATIC-ZSTD-BFD	COMPLETE-TILING-UNRESOLVED	L1-macho-regions	ownership=PRIMARY; file_size=670960; region_sha256=b8904e8a619af5d3158db62842d810b06c9b29285875ee90567f98e062b62487
L1-REG-WCH-ref__gcc__darwin-arm64__15_2_0__riscv32-wch-elf__bin__libzstd_1_dylib-0023	HOST-ZSTD	WCH	ref/gcc/darwin-arm64/15.2.0/riscv32-wch-elf/bin/libzstd.1.dylib	de1dd7fed0e19e83c931fb4fbbb709c5f133faeda24aa5ea6cda1e1e3598d6d7	566904	571193	4289	section:__TEXT,__cstring	FUNCTIONAL-DATA-TABLE	L1-FEAT-ZSTD	L1-STATIC-ZSTD-BFD	COMPLETE-TILING-UNRESOLVED	L1-macho-regions	ownership=PRIMARY; file_size=670960; region_sha256=564c0be33f7a271c76adb01b55a4c05a536b95a231183cb408267e2472d70814
L1-REG-WCH-ref__gcc__darwin-arm64__15_2_0__riscv32-wch-elf__bin__libzstd_1_dylib-0024	HOST-ZSTD	WCH	ref/gcc/darwin-arm64/15.2.0/riscv32-wch-elf/bin/libzstd.1.dylib	de1dd7fed0e19e83c931fb4fbbb709c5f133faeda24aa5ea6cda1e1e3598d6d7	571193	571196	3	segment:__TEXT	UNRESOLVED	L1-FEAT-ZSTD	L1-STATIC-ZSTD-BFD	COMPLETE-TILING-UNRESOLVED	L1-macho-regions	ownership=PRIMARY; file_size=670960; region_sha256=709e80c88487a2411e1ee4dfb9f22a861492d20c4765150c0c794abd70f8147c
L1-REG-WCH-ref__gcc__darwin-arm64__15_2_0__riscv32-wch-elf__bin__libzstd_1_dylib-0025	HOST-ZSTD	WCH	ref/gcc/darwin-arm64/15.2.0/riscv32-wch-elf/bin/libzstd.1.dylib	de1dd7fed0e19e83c931fb4fbbb709c5f133faeda24aa5ea6cda1e1e3598d6d7	571196	573356	2160	section:__TEXT,__unwind_info	FUNCTIONAL-DATA-TABLE	L1-FEAT-ZSTD	L1-STATIC-ZSTD-BFD	COMPLETE-TILING-UNRESOLVED	L1-macho-regions	ownership=PRIMARY; file_size=670960; region_sha256=52e33a85c107be93fe9fff3876a8ea99c90b9c5555243e4d1b71b3343f8708c6
L1-REG-WCH-ref__gcc__darwin-arm64__15_2_0__riscv32-wch-elf__bin__libzstd_1_dylib-0026	HOST-ZSTD	WCH	ref/gcc/darwin-arm64/15.2.0/riscv32-wch-elf/bin/libzstd.1.dylib	de1dd7fed0e19e83c931fb4fbbb709c5f133faeda24aa5ea6cda1e1e3598d6d7	573356	573360	4	segment:__TEXT	UNRESOLVED	L1-FEAT-ZSTD	L1-STATIC-ZSTD-BFD	COMPLETE-TILING-UNRESOLVED	L1-macho-regions	ownership=PRIMARY; file_size=670960; region_sha256=df3f619804a92fdb4057192dc43dd748ea778adc52bc498ce80524c014b81119
L1-REG-WCH-ref__gcc__darwin-arm64__15_2_0__riscv32-wch-elf__bin__libzstd_1_dylib-0027	HOST-ZSTD	WCH	ref/gcc/darwin-arm64/15.2.0/riscv32-wch-elf/bin/libzstd.1.dylib	de1dd7fed0e19e83c931fb4fbbb709c5f133faeda24aa5ea6cda1e1e3598d6d7	573360	573440	80	section:__TEXT,__eh_frame	FUNCTIONAL-DATA-TABLE	L1-FEAT-ZSTD	L1-STATIC-ZSTD-BFD	COMPLETE-TILING-UNRESOLVED	L1-macho-regions	ownership=PRIMARY; file_size=670960; region_sha256=5694140f068bc3bf65fb0ec105519955f8e9dfab3d2ff183e0b9a26bc597404d
L1-REG-WCH-ref__gcc__darwin-arm64__15_2_0__riscv32-wch-elf__bin__libzstd_1_dylib-0028	HOST-ZSTD	WCH	ref/gcc/darwin-arm64/15.2.0/riscv32-wch-elf/bin/libzstd.1.dylib	de1dd7fed0e19e83c931fb4fbbb709c5f133faeda24aa5ea6cda1e1e3598d6d7	573440	573688	248	section:__DATA_CONST,__got	FUNCTIONAL-DATA-TABLE	L1-FEAT-ZSTD	L1-STATIC-ZSTD-BFD	COMPLETE-TILING-UNRESOLVED	L1-macho-regions	ownership=PRIMARY; file_size=670960; region_sha256=3ee48f05271dc73717ee1be70eb4524bd4c32bf1fae3599090bf58048916dc49
L1-REG-WCH-ref__gcc__darwin-arm64__15_2_0__riscv32-wch-elf__bin__libzstd_1_dylib-0029	HOST-ZSTD	WCH	ref/gcc/darwin-arm64/15.2.0/riscv32-wch-elf/bin/libzstd.1.dylib	de1dd7fed0e19e83c931fb4fbbb709c5f133faeda24aa5ea6cda1e1e3598d6d7	573688	574392	704	section:__DATA_CONST,__const	FUNCTIONAL-DATA-TABLE	L1-FEAT-ZSTD	L1-STATIC-ZSTD-BFD	COMPLETE-TILING-UNRESOLVED	L1-macho-regions	ownership=PRIMARY; file_size=670960; region_sha256=2d25c93086c585044f4232ec7c978be0118497d7a7b450096008bfd92d02e40c
L1-REG-WCH-ref__gcc__darwin-arm64__15_2_0__riscv32-wch-elf__bin__libzstd_1_dylib-0030	HOST-ZSTD	WCH	ref/gcc/darwin-arm64/15.2.0/riscv32-wch-elf/bin/libzstd.1.dylib	de1dd7fed0e19e83c931fb4fbbb709c5f133faeda24aa5ea6cda1e1e3598d6d7	574392	589824	15432	segment:__DATA_CONST	UNRESOLVED	L1-FEAT-ZSTD	L1-STATIC-ZSTD-BFD	COMPLETE-TILING-UNRESOLVED	L1-macho-regions	ownership=PRIMARY; file_size=670960; region_sha256=c1c82d917731cf6483046565d8bc19702626b601d5d5a447990f3c896cc47c4d
L1-REG-WCH-ref__gcc__darwin-arm64__15_2_0__riscv32-wch-elf__bin__libzstd_1_dylib-0031	HOST-ZSTD	WCH	ref/gcc/darwin-arm64/15.2.0/riscv32-wch-elf/bin/libzstd.1.dylib	de1dd7fed0e19e83c931fb4fbbb709c5f133faeda24aa5ea6cda1e1e3598d6d7	589824	590464	640	LC_DYLD_CHAINED_FIXUPS:payload	LINK-LAYOUT	L1-FEAT-ZSTD	L1-STATIC-ZSTD-BFD	COMPLETE-TILING-UNRESOLVED	L1-macho-regions	ownership=PRIMARY; file_size=670960; region_sha256=2f9bd6a9d6f86662dbb9434b3ad14af0c663ac8054b4151235b846e882fc50a1
L1-REG-WCH-ref__gcc__darwin-arm64__15_2_0__riscv32-wch-elf__bin__libzstd_1_dylib-0032	HOST-ZSTD	WCH	ref/gcc/darwin-arm64/15.2.0/riscv32-wch-elf/bin/libzstd.1.dylib	de1dd7fed0e19e83c931fb4fbbb709c5f133faeda24aa5ea6cda1e1e3598d6d7	590464	602920	12456	LC_DYLD_EXPORTS_TRIE:payload	LINK-LAYOUT	L1-FEAT-ZSTD	L1-STATIC-ZSTD-BFD	COMPLETE-TILING-UNRESOLVED	L1-macho-regions	ownership=PRIMARY; file_size=670960; region_sha256=9c1c86038824c2afa8c687d31b1b325fe6de93d567d7ee43abf713163d095f0c
L1-REG-WCH-ref__gcc__darwin-arm64__15_2_0__riscv32-wch-elf__bin__libzstd_1_dylib-0033	HOST-ZSTD	WCH	ref/gcc/darwin-arm64/15.2.0/riscv32-wch-elf/bin/libzstd.1.dylib	de1dd7fed0e19e83c931fb4fbbb709c5f133faeda24aa5ea6cda1e1e3598d6d7	602920	604248	1328	LC_FUNCTION_STARTS:payload	STRIP/DEBUG/SYMBOL-LAYOUT	L1-FEAT-ZSTD	L1-STATIC-ZSTD-BFD	COMPLETE-TILING-UNRESOLVED	L1-macho-regions	ownership=PRIMARY; file_size=670960; region_sha256=7e9c0c6a6dab6119110316f2f0bb698e35d33490821cd66b8563d102a5f09e4e
L1-REG-WCH-ref__gcc__darwin-arm64__15_2_0__riscv32-wch-elf__bin__libzstd_1_dylib-0034	HOST-ZSTD	WCH	ref/gcc/darwin-arm64/15.2.0/riscv32-wch-elf/bin/libzstd.1.dylib	de1dd7fed0e19e83c931fb4fbbb709c5f133faeda24aa5ea6cda1e1e3598d6d7	604248	620872	16624	LC_SYMTAB:nlist_64	STRIP/DEBUG/SYMBOL-LAYOUT	L1-FEAT-ZSTD	L1-STATIC-ZSTD-BFD	COMPLETE-TILING-UNRESOLVED	L1-macho-regions	ownership=PRIMARY; file_size=670960; region_sha256=7fa3d39f78bfeb0cc40c3c974e92a51d3b2174ba91967417f2cfdb85eb8aa329
L1-REG-WCH-ref__gcc__darwin-arm64__15_2_0__riscv32-wch-elf__bin__libzstd_1_dylib-0035	HOST-ZSTD	WCH	ref/gcc/darwin-arm64/15.2.0/riscv32-wch-elf/bin/libzstd.1.dylib	de1dd7fed0e19e83c931fb4fbbb709c5f133faeda24aa5ea6cda1e1e3598d6d7	620872	621112	240	segment:__LINKEDIT	LINK-LAYOUT	L1-FEAT-ZSTD	L1-STATIC-ZSTD-BFD	COMPLETE-TILING-UNRESOLVED	L1-macho-regions	ownership=PRIMARY; file_size=670960; region_sha256=dc2c6b1795f26d576d44e06b6bc95798a01330aeb21b8ae4823dc0ae24aead8e
L1-REG-WCH-ref__gcc__darwin-arm64__15_2_0__riscv32-wch-elf__bin__libzstd_1_dylib-0036	HOST-ZSTD	WCH	ref/gcc/darwin-arm64/15.2.0/riscv32-wch-elf/bin/libzstd.1.dylib	de1dd7fed0e19e83c931fb4fbbb709c5f133faeda24aa5ea6cda1e1e3598d6d7	621112	646960	25848	LC_SYMTAB:string_table	STRIP/DEBUG/SYMBOL-LAYOUT	L1-FEAT-ZSTD	L1-STATIC-ZSTD-BFD	COMPLETE-TILING-UNRESOLVED	L1-macho-regions	ownership=PRIMARY; file_size=670960; region_sha256=4af02bb2ef8d7e534b7f24c553592e4e28d049d2aa6da8d40e5bf31018b110c1
L1-REG-WCH-ref__gcc__darwin-arm64__15_2_0__riscv32-wch-elf__bin__libzstd_1_dylib-0037	HOST-ZSTD	WCH	ref/gcc/darwin-arm64/15.2.0/riscv32-wch-elf/bin/libzstd.1.dylib	de1dd7fed0e19e83c931fb4fbbb709c5f133faeda24aa5ea6cda1e1e3598d6d7	646960	670960	24000	LC_CODE_SIGNATURE:payload	SIGNATURE/UUID/BUILD-METADATA	L1-FEAT-ZSTD	L1-STATIC-ZSTD-BFD	COMPLETE-TILING-UNRESOLVED	L1-macho-regions	ownership=PRIMARY; file_size=670960; region_sha256=4faa68cfae119731119a62af9145a5e3ae332eaf2bc319c9e80d9be001b761d4
L2-REG-CC1-OURS-DATA	GCC-CC1	OURS	tmp/toolchain_15.2.0/riscv-gnu-toolchain/output/libexec/gcc/riscv32-wch-elf/15.2.0/cc1	2a4a979e734e17e2bb771d742a9d78dcbcafebc3878dda04e789293e21000ee3	52609024	52707328	98304	__DATA	UNRESOLVED	-	-	COMPLETE-TILING-UNRESOLVED	L2-052-macho-segments,L2-064-segment-hashes-fast	region_sha256=6168b42997004ea300096d3a3974d24484042cac6737fa5cbb0d57e9c0d5d0e7
L2-REG-CC1-OURS-DATAC	GCC-CC1	OURS	tmp/toolchain_15.2.0/riscv-gnu-toolchain/output/libexec/gcc/riscv32-wch-elf/15.2.0/cc1	2a4a979e734e17e2bb771d742a9d78dcbcafebc3878dda04e789293e21000ee3	46252032	52609024	6356992	__DATA_CONST	UNRESOLVED	-	L2-BE-XW-REGISTER	COMPLETE-TILING-UNRESOLVED	L2-052-macho-segments,L2-064-segment-hashes-fast	region_sha256=f2297b58bd5c32220b987368056e509023962c92afdbd5907a53aa0bd2456a2d
L2-REG-CC1-OURS-LINK	GCC-CC1	OURS	tmp/toolchain_15.2.0/riscv-gnu-toolchain/output/libexec/gcc/riscv32-wch-elf/15.2.0/cc1	2a4a979e734e17e2bb771d742a9d78dcbcafebc3878dda04e789293e21000ee3	52707328	69806368	17099040	__LINKEDIT	UNRESOLVED	-	-	COMPLETE-TILING-UNRESOLVED	L2-052-macho-segments,L2-064-segment-hashes-fast	region_sha256=126d59f62b4de8c916f7c5e84b96eb2819c21f64c9290381ba8b58b291883d6d
L2-REG-CC1-OURS-TEXT	GCC-CC1	OURS	tmp/toolchain_15.2.0/riscv-gnu-toolchain/output/libexec/gcc/riscv32-wch-elf/15.2.0/cc1	2a4a979e734e17e2bb771d742a9d78dcbcafebc3878dda04e789293e21000ee3	0	46252032	46252032	__TEXT	UNRESOLVED	-	L2-BE-XW-REGISTER,L2-BE-XDIAG,L2-BE-FASTIRQ	COMPLETE-TILING-UNRESOLVED	L2-052-macho-segments,L2-064-segment-hashes-fast	region_sha256=fa24a44c309618637ef60843a50b91778dafc01b44521fa140eb75e45a4b6b99
L2-REG-CC1-P2-DATA	GCC-CC1	UPSTREAM-P2	tmp/phase2-evidence/literal-clean/quarantine-toolchain_15.2.0-run1/riscv-gnu-toolchain/output/libexec/gcc/riscv32-wch-elf/15.2.0/cc1	343944b1f92e48d175c1a6550417e1eb57698780dd737dd3bc71055463271e8f	52609024	52707328	98304	__DATA	UNRESOLVED	-	-	COMPLETE-TILING-UNRESOLVED	L2-052-macho-segments,L2-064-segment-hashes-fast	region_sha256=2dc2db02961efe1fc137f24ea46ca20f988d3e673e523d48c0adf66cc6e21264
L2-REG-CC1-P2-DATAC	GCC-CC1	UPSTREAM-P2	tmp/phase2-evidence/literal-clean/quarantine-toolchain_15.2.0-run1/riscv-gnu-toolchain/output/libexec/gcc/riscv32-wch-elf/15.2.0/cc1	343944b1f92e48d175c1a6550417e1eb57698780dd737dd3bc71055463271e8f	46252032	52609024	6356992	__DATA_CONST	UNRESOLVED	-	-	COMPLETE-TILING-UNRESOLVED	L2-052-macho-segments,L2-064-segment-hashes-fast	region_sha256=265b03bc81e909dfdbe631d9c5c282ad1526431dd111aa87e92157c084003df6
L2-REG-CC1-P2-LINK	GCC-CC1	UPSTREAM-P2	tmp/phase2-evidence/literal-clean/quarantine-toolchain_15.2.0-run1/riscv-gnu-toolchain/output/libexec/gcc/riscv32-wch-elf/15.2.0/cc1	343944b1f92e48d175c1a6550417e1eb57698780dd737dd3bc71055463271e8f	52707328	69806352	17099024	__LINKEDIT	UNRESOLVED	-	-	COMPLETE-TILING-UNRESOLVED	L2-052-macho-segments,L2-064-segment-hashes-fast	region_sha256=de0c617be069bf6a3692adc2b3c544ab13e0f0d7d3ebca55712f4ae5df04cf50
L2-REG-CC1-P2-TEXT	GCC-CC1	UPSTREAM-P2	tmp/phase2-evidence/literal-clean/quarantine-toolchain_15.2.0-run1/riscv-gnu-toolchain/output/libexec/gcc/riscv32-wch-elf/15.2.0/cc1	343944b1f92e48d175c1a6550417e1eb57698780dd737dd3bc71055463271e8f	0	46252032	46252032	__TEXT	UNRESOLVED	-	-	COMPLETE-TILING-UNRESOLVED	L2-052-macho-segments,L2-064-segment-hashes-fast	region_sha256=4b64a9d2a9c676319d6a7499216971a441f54c64fafd90200eb81f52a7fbc688
L2-REG-CC1-WCH-DATA	GCC-CC1	WCH	ref/gcc/darwin-arm64/15.2.0/libexec/gcc/riscv32-wch-elf/15.2.0/cc1	b32c34cb1d8bbd55667cae5253aec2c4160b9569e0aabe9690918320c0abdb30	52936704	53035008	98304	__DATA	UNRESOLVED	-	-	COMPLETE-TILING-UNRESOLVED	L2-052-macho-segments,L2-064-segment-hashes-fast	region_sha256=0aacbe6673e51f3eb30bd5a307b69f4ec7e4d455954779f7ec3c5062684a8cdd
L2-REG-CC1-WCH-DATAC	GCC-CC1	WCH	ref/gcc/darwin-arm64/15.2.0/libexec/gcc/riscv32-wch-elf/15.2.0/cc1	b32c34cb1d8bbd55667cae5253aec2c4160b9569e0aabe9690918320c0abdb30	46579712	52936704	6356992	__DATA_CONST	UNRESOLVED	-	L2-BE-XW-REGISTER	COMPLETE-TILING-UNRESOLVED	L2-052-macho-segments,L2-064-segment-hashes-fast	region_sha256=7f61286ebec37bb2cac490b8ad08a467f9a72721901be8b626a663642d4cfa75
L2-REG-CC1-WCH-LINK	GCC-CC1	WCH	ref/gcc/darwin-arm64/15.2.0/libexec/gcc/riscv32-wch-elf/15.2.0/cc1	b32c34cb1d8bbd55667cae5253aec2c4160b9569e0aabe9690918320c0abdb30	53035008	56859168	3824160	__LINKEDIT	UNRESOLVED	-	-	COMPLETE-TILING-UNRESOLVED	L2-052-macho-segments,L2-064-segment-hashes-fast	region_sha256=d646bed96504d934aef501f3a22c7bc5473d0170ebbc1b2972ed40dbefe721ec
L2-REG-CC1-WCH-TEXT	GCC-CC1	WCH	ref/gcc/darwin-arm64/15.2.0/libexec/gcc/riscv32-wch-elf/15.2.0/cc1	b32c34cb1d8bbd55667cae5253aec2c4160b9569e0aabe9690918320c0abdb30	0	46579712	46579712	__TEXT	UNRESOLVED	-	L2-BE-XW-REGISTER,L2-BE-XDIAG,L2-BE-FASTIRQ	COMPLETE-TILING-UNRESOLVED	L2-052-macho-segments,L2-064-segment-hashes-fast	region_sha256=21ea5078b0c7ae901f72ca07dab370d45cb5647cc0be81ae0d13dc48243aa41a; host-byte attribution unresolved
L2-REG-CC1P-OURS-DATA	GCC-CC1PLUS	OURS	tmp/toolchain_15.2.0/riscv-gnu-toolchain/output/libexec/gcc/riscv32-wch-elf/15.2.0/cc1plus	b9396ad82debef925d9cf7cc1a05ffe6d1ba9faaf5532792713122a0078c8761	54771712	54870016	98304	__DATA	UNRESOLVED	-	-	COMPLETE-TILING-UNRESOLVED	L2-052-macho-segments,L2-064-segment-hashes-fast	region_sha256=19fe7dca44054f7cdf87ae61886f4b992e189f801bf03e0bee85a41b00b2619b
L2-REG-CC1P-OURS-DATAC	GCC-CC1PLUS	OURS	tmp/toolchain_15.2.0/riscv-gnu-toolchain/output/libexec/gcc/riscv32-wch-elf/15.2.0/cc1plus	b9396ad82debef925d9cf7cc1a05ffe6d1ba9faaf5532792713122a0078c8761	48381952	54771712	6389760	__DATA_CONST	UNRESOLVED	-	L2-BE-XW-REGISTER	COMPLETE-TILING-UNRESOLVED	L2-052-macho-segments,L2-064-segment-hashes-fast	region_sha256=76120a3314b7f3047ca0895f1a967063f98d29b3cf284b90713422a4e9c41901
L2-REG-CC1P-OURS-LINK	GCC-CC1PLUS	OURS	tmp/toolchain_15.2.0/riscv-gnu-toolchain/output/libexec/gcc/riscv32-wch-elf/15.2.0/cc1plus	b9396ad82debef925d9cf7cc1a05ffe6d1ba9faaf5532792713122a0078c8761	54870016	72555176	17685160	__LINKEDIT	UNRESOLVED	-	-	COMPLETE-TILING-UNRESOLVED	L2-052-macho-segments,L2-064-segment-hashes-fast	region_sha256=cb5d33fd361861a5cf35f88003b73cafba107f1250a4ec4aa1ae5be660105ca7
L2-REG-CC1P-OURS-TEXT	GCC-CC1PLUS	OURS	tmp/toolchain_15.2.0/riscv-gnu-toolchain/output/libexec/gcc/riscv32-wch-elf/15.2.0/cc1plus	b9396ad82debef925d9cf7cc1a05ffe6d1ba9faaf5532792713122a0078c8761	0	48381952	48381952	__TEXT	UNRESOLVED	-	L2-BE-XW-REGISTER,L2-BE-XDIAG,L2-BE-FASTIRQ	COMPLETE-TILING-UNRESOLVED	L2-052-macho-segments,L2-064-segment-hashes-fast	region_sha256=d141974ee505979af744114bf8600d360a9391d71d9c7303340c32ec0a8d9d63
L2-REG-CC1P-P2-DATA	GCC-CC1PLUS	UPSTREAM-P2	tmp/phase2-evidence/literal-clean/quarantine-toolchain_15.2.0-run1/riscv-gnu-toolchain/output/libexec/gcc/riscv32-wch-elf/15.2.0/cc1plus	009d0e3dff5a57885f3d7f43927e44e7df160d8768ab40e24bb68b08ff4d871d	54771712	54870016	98304	__DATA	UNRESOLVED	-	-	COMPLETE-TILING-UNRESOLVED	L2-052-macho-segments,L2-064-segment-hashes-fast	region_sha256=3ec96609b154e02d672e453494a33d1297ef89826aad937c2cf853cc99b73030
L2-REG-CC1P-P2-DATAC	GCC-CC1PLUS	UPSTREAM-P2	tmp/phase2-evidence/literal-clean/quarantine-toolchain_15.2.0-run1/riscv-gnu-toolchain/output/libexec/gcc/riscv32-wch-elf/15.2.0/cc1plus	009d0e3dff5a57885f3d7f43927e44e7df160d8768ab40e24bb68b08ff4d871d	48381952	54771712	6389760	__DATA_CONST	UNRESOLVED	-	-	COMPLETE-TILING-UNRESOLVED	L2-052-macho-segments,L2-064-segment-hashes-fast	region_sha256=4fb3bc7b27aaf63221a6b4e06c95d0ac7e3849c9f1df07f2c5c6ecf4ac1524b2
L2-REG-CC1P-P2-LINK	GCC-CC1PLUS	UPSTREAM-P2	tmp/phase2-evidence/literal-clean/quarantine-toolchain_15.2.0-run1/riscv-gnu-toolchain/output/libexec/gcc/riscv32-wch-elf/15.2.0/cc1plus	009d0e3dff5a57885f3d7f43927e44e7df160d8768ab40e24bb68b08ff4d871d	54870016	72555176	17685160	__LINKEDIT	UNRESOLVED	-	-	COMPLETE-TILING-UNRESOLVED	L2-052-macho-segments,L2-064-segment-hashes-fast	region_sha256=fbdb62b5c21c844ecf8faf5738c0e8383615f657ef648d4d022433259ef43fa4
L2-REG-CC1P-P2-TEXT	GCC-CC1PLUS	UPSTREAM-P2	tmp/phase2-evidence/literal-clean/quarantine-toolchain_15.2.0-run1/riscv-gnu-toolchain/output/libexec/gcc/riscv32-wch-elf/15.2.0/cc1plus	009d0e3dff5a57885f3d7f43927e44e7df160d8768ab40e24bb68b08ff4d871d	0	48381952	48381952	__TEXT	UNRESOLVED	-	-	COMPLETE-TILING-UNRESOLVED	L2-052-macho-segments,L2-064-segment-hashes-fast	region_sha256=09567abef07017713bd5b7762248d6cc372977a3a8d199eae5f307ecaef378e5
L2-REG-CC1P-WCH-DATA	GCC-CC1PLUS	WCH	ref/gcc/darwin-arm64/15.2.0/libexec/gcc/riscv32-wch-elf/15.2.0/cc1plus	486f9de5c86243117ab75bf758aed27bb2a18918b70035c7af375714d5d5f5a3	55083008	55181312	98304	__DATA	UNRESOLVED	-	-	COMPLETE-TILING-UNRESOLVED	L2-052-macho-segments,L2-064-segment-hashes-fast	region_sha256=3e7c4dcc953c186762a305715353a8fca73144c8287e182903692fdf3ef729da
L2-REG-CC1P-WCH-DATAC	GCC-CC1PLUS	WCH	ref/gcc/darwin-arm64/15.2.0/libexec/gcc/riscv32-wch-elf/15.2.0/cc1plus	486f9de5c86243117ab75bf758aed27bb2a18918b70035c7af375714d5d5f5a3	48693248	55083008	6389760	__DATA_CONST	UNRESOLVED	-	L2-BE-XW-REGISTER	COMPLETE-TILING-UNRESOLVED	L2-052-macho-segments,L2-064-segment-hashes-fast	region_sha256=7c2e4ef57c603d87ae0faf1d542b005d0ee86239cce9450bf5d5e7c537390f06
L2-REG-CC1P-WCH-LINK	GCC-CC1PLUS	WCH	ref/gcc/darwin-arm64/15.2.0/libexec/gcc/riscv32-wch-elf/15.2.0/cc1plus	486f9de5c86243117ab75bf758aed27bb2a18918b70035c7af375714d5d5f5a3	55181312	59140880	3959568	__LINKEDIT	UNRESOLVED	-	-	COMPLETE-TILING-UNRESOLVED	L2-052-macho-segments,L2-064-segment-hashes-fast	region_sha256=d5fdebc9968e062969343beea6797a7c032577d2f5888d63dbfc7f1a7e5e9bca
L2-REG-CC1P-WCH-TEXT	GCC-CC1PLUS	WCH	ref/gcc/darwin-arm64/15.2.0/libexec/gcc/riscv32-wch-elf/15.2.0/cc1plus	486f9de5c86243117ab75bf758aed27bb2a18918b70035c7af375714d5d5f5a3	0	48693248	48693248	__TEXT	UNRESOLVED	-	L2-BE-XW-REGISTER,L2-BE-XDIAG,L2-BE-FASTIRQ	COMPLETE-TILING-UNRESOLVED	L2-052-macho-segments,L2-064-segment-hashes-fast	region_sha256=eba3dab266225ee92b56f45af73f6196511a54bc0bcc6e13a6ceea6a4bfa03fd
L2-REG-LTO-OURS-DATA	GCC-LTO1	OURS	tmp/toolchain_15.2.0/riscv-gnu-toolchain/output/libexec/gcc/riscv32-wch-elf/15.2.0/lto1	f548c9dc407c511b190e59f63539643405ff22ea1d498a82a48dbd9295cdfdbc	51478528	51576832	98304	__DATA	UNRESOLVED	-	-	COMPLETE-TILING-UNRESOLVED	L2-052-macho-segments,L2-064-segment-hashes-fast	region_sha256=b2ce2a6f50e77923fb72a9fc65a21265850c43622a2a4c6e9e64646e8e01f1ba
L2-REG-LTO-OURS-DATAC	GCC-LTO1	OURS	tmp/toolchain_15.2.0/riscv-gnu-toolchain/output/libexec/gcc/riscv32-wch-elf/15.2.0/lto1	f548c9dc407c511b190e59f63539643405ff22ea1d498a82a48dbd9295cdfdbc	45252608	51478528	6225920	__DATA_CONST	UNRESOLVED	-	L2-BE-XW-REGISTER	COMPLETE-TILING-UNRESOLVED	L2-052-macho-segments,L2-064-segment-hashes-fast	region_sha256=d0d7d6df8c88906d4712c822e7939bf3a2f0ffb34a743350f160045bfe349046
L2-REG-LTO-OURS-LINK	GCC-LTO1	OURS	tmp/toolchain_15.2.0/riscv-gnu-toolchain/output/libexec/gcc/riscv32-wch-elf/15.2.0/lto1	f548c9dc407c511b190e59f63539643405ff22ea1d498a82a48dbd9295cdfdbc	51576832	68401752	16824920	__LINKEDIT	UNRESOLVED	-	-	COMPLETE-TILING-UNRESOLVED	L2-052-macho-segments,L2-064-segment-hashes-fast	region_sha256=8206604af87729d12c2b94fa0c971a4b972f17116e5dbad5388000462b43e2f2
L2-REG-LTO-OURS-TEXT	GCC-LTO1	OURS	tmp/toolchain_15.2.0/riscv-gnu-toolchain/output/libexec/gcc/riscv32-wch-elf/15.2.0/lto1	f548c9dc407c511b190e59f63539643405ff22ea1d498a82a48dbd9295cdfdbc	0	45252608	45252608	__TEXT	UNRESOLVED	-	L2-BE-XW-REGISTER,L2-BE-XDIAG,L2-BE-FASTIRQ,L2-BE-LTO-SLIM-DIFF	COMPLETE-TILING-UNRESOLVED	L2-052-macho-segments,L2-064-segment-hashes-fast	region_sha256=05fb59d98d3c65f8d7e4ea82f3bd90f6607029c7d38319129c957ba8cc4b72f8
L2-REG-LTO-P2-DATA	GCC-LTO1	UPSTREAM-P2	tmp/phase2-evidence/literal-clean/quarantine-toolchain_15.2.0-run1/riscv-gnu-toolchain/output/libexec/gcc/riscv32-wch-elf/15.2.0/lto1	90d4470a3fb0d5a7a6bcec28aea55c18b632d541f55ade0baa20ff43e91c0671	51478528	51576832	98304	__DATA	UNRESOLVED	-	-	COMPLETE-TILING-UNRESOLVED	L2-052-macho-segments,L2-064-segment-hashes-fast	region_sha256=71662f704dc06ade12d492c1d14cb750e9923721e78d4917eb0a0fa28e3bebc1
L2-REG-LTO-P2-DATAC	GCC-LTO1	UPSTREAM-P2	tmp/phase2-evidence/literal-clean/quarantine-toolchain_15.2.0-run1/riscv-gnu-toolchain/output/libexec/gcc/riscv32-wch-elf/15.2.0/lto1	90d4470a3fb0d5a7a6bcec28aea55c18b632d541f55ade0baa20ff43e91c0671	45252608	51478528	6225920	__DATA_CONST	UNRESOLVED	-	-	COMPLETE-TILING-UNRESOLVED	L2-052-macho-segments,L2-064-segment-hashes-fast	region_sha256=1af77b1353a39b6520b51a98516792f0d877979cb781b9ebd68b51e64686e489
L2-REG-LTO-P2-LINK	GCC-LTO1	UPSTREAM-P2	tmp/phase2-evidence/literal-clean/quarantine-toolchain_15.2.0-run1/riscv-gnu-toolchain/output/libexec/gcc/riscv32-wch-elf/15.2.0/lto1	90d4470a3fb0d5a7a6bcec28aea55c18b632d541f55ade0baa20ff43e91c0671	51576832	68401752	16824920	__LINKEDIT	UNRESOLVED	-	-	COMPLETE-TILING-UNRESOLVED	L2-052-macho-segments,L2-064-segment-hashes-fast	region_sha256=a291b5a6571e90cf1f98491df859b07c759303c2f5c70364176f8b816c86698e
L2-REG-LTO-P2-TEXT	GCC-LTO1	UPSTREAM-P2	tmp/phase2-evidence/literal-clean/quarantine-toolchain_15.2.0-run1/riscv-gnu-toolchain/output/libexec/gcc/riscv32-wch-elf/15.2.0/lto1	90d4470a3fb0d5a7a6bcec28aea55c18b632d541f55ade0baa20ff43e91c0671	0	45252608	45252608	__TEXT	UNRESOLVED	-	-	COMPLETE-TILING-UNRESOLVED	L2-052-macho-segments,L2-064-segment-hashes-fast	region_sha256=c568688447f6f536d9fa1c0e595c78cbc96b00e7b9b209a27065726dcef7f560
L2-REG-LTO-WCH-DATA	GCC-LTO1	WCH	ref/gcc/darwin-arm64/15.2.0/libexec/gcc/riscv32-wch-elf/15.2.0/lto1	f378afbcfdced07b7b8e1e6a26039cc29829598c6b3d9a0f98cd3b5c20968b4b	51789824	51888128	98304	__DATA	UNRESOLVED	-	-	COMPLETE-TILING-UNRESOLVED	L2-052-macho-segments,L2-064-segment-hashes-fast	region_sha256=6f24c7da68aef9e4a2f82d5e25fca7164b63f2c41ffab4345682e0c4174f4490
L2-REG-LTO-WCH-DATAC	GCC-LTO1	WCH	ref/gcc/darwin-arm64/15.2.0/libexec/gcc/riscv32-wch-elf/15.2.0/lto1	f378afbcfdced07b7b8e1e6a26039cc29829598c6b3d9a0f98cd3b5c20968b4b	45563904	51789824	6225920	__DATA_CONST	UNRESOLVED	-	L2-BE-XW-REGISTER	COMPLETE-TILING-UNRESOLVED	L2-052-macho-segments,L2-064-segment-hashes-fast	region_sha256=ac598560554f2f0d60fb71d254a1f5d56fe41d77a6364c80ca974851f9100eee
L2-REG-LTO-WCH-LINK	GCC-LTO1	WCH	ref/gcc/darwin-arm64/15.2.0/libexec/gcc/riscv32-wch-elf/15.2.0/lto1	f378afbcfdced07b7b8e1e6a26039cc29829598c6b3d9a0f98cd3b5c20968b4b	51888128	55654144	3766016	__LINKEDIT	UNRESOLVED	-	-	COMPLETE-TILING-UNRESOLVED	L2-052-macho-segments,L2-064-segment-hashes-fast	region_sha256=9cc5677f456de34075598110f09f752a57206b68123c5816f434d322279a5bc4
L2-REG-LTO-WCH-TEXT	GCC-LTO1	WCH	ref/gcc/darwin-arm64/15.2.0/libexec/gcc/riscv32-wch-elf/15.2.0/lto1	f378afbcfdced07b7b8e1e6a26039cc29829598c6b3d9a0f98cd3b5c20968b4b	0	45563904	45563904	__TEXT	UNRESOLVED	-	L2-BE-XW-REGISTER,L2-BE-XDIAG,L2-BE-FASTIRQ,L2-BE-LTO-SLIM-DIFF	COMPLETE-TILING-UNRESOLVED	L2-052-macho-segments,L2-064-segment-hashes-fast	region_sha256=d748a57cf39a61393afacfaf4012b6c5c42ab8b4c09479694d60650bbb6eae08
L3-REG-AS-ALIAS-WCH-MATCHED-UPSTREAM-MATCHED-000	BINUTILS-GAS	UPSTREAM-MATCHED	tmp/phase3c-driver/upstream-matched-zstd-r3/output/riscv32-wch-elf/bin/as	a646035dd834abf4d2a9abcc757f680e8274070f7d4c3906851d65185696d9d1	0	32	32	mach_header_64	LINK-LAYOUT	L3-MAP-GAS	L3-STAT-GAS-IP,L3-STAT-AS-XW-EXT,L3-STAT-AS-XW-OPCODES,L3-STAT-AS-CUSTOM32,L3-STAT-AS-ATTR	COMPLETE-TILING	L3-190-alias-intervals	pair_id=AS-ALIAS-WCH-MATCHED;file_id=AS-ALIAS-MATCHED;file_size=1737648;interval_sha256=f96f898d60c4269caf77823032a1d0a905ecd0e5356d77891c0dfe33259b18ff
L3-REG-AS-ALIAS-WCH-MATCHED-UPSTREAM-MATCHED-001	BINUTILS-GAS	UPSTREAM-MATCHED	tmp/phase3c-driver/upstream-matched-zstd-r3/output/riscv32-wch-elf/bin/as	a646035dd834abf4d2a9abcc757f680e8274070f7d4c3906851d65185696d9d1	32	104	72	load-command[0]:0x19	LINK-LAYOUT	L3-MAP-GAS	L3-STAT-GAS-IP,L3-STAT-AS-XW-EXT,L3-STAT-AS-XW-OPCODES,L3-STAT-AS-CUSTOM32,L3-STAT-AS-ATTR	COMPLETE-TILING	L3-190-alias-intervals	pair_id=AS-ALIAS-WCH-MATCHED;file_id=AS-ALIAS-MATCHED;file_size=1737648;interval_sha256=38432a8fbcbe1ae9fdf9263fe1e4e948de98131833cc5e5333f375dcf5f6333f
L3-REG-AS-ALIAS-WCH-MATCHED-UPSTREAM-MATCHED-002	BINUTILS-GAS	UPSTREAM-MATCHED	tmp/phase3c-driver/upstream-matched-zstd-r3/output/riscv32-wch-elf/bin/as	a646035dd834abf4d2a9abcc757f680e8274070f7d4c3906851d65185696d9d1	104	576	472	load-command[1]:0x19	LINK-LAYOUT	L3-MAP-GAS	L3-STAT-GAS-IP,L3-STAT-AS-XW-EXT,L3-STAT-AS-XW-OPCODES,L3-STAT-AS-CUSTOM32,L3-STAT-AS-ATTR	COMPLETE-TILING	L3-190-alias-intervals	pair_id=AS-ALIAS-WCH-MATCHED;file_id=AS-ALIAS-MATCHED;file_size=1737648;interval_sha256=2e4827eed74a92fb254acb90b1c6d42b89a10454b08324eb55290edce0642388
L3-REG-AS-ALIAS-WCH-MATCHED-UPSTREAM-MATCHED-003	BINUTILS-GAS	UPSTREAM-MATCHED	tmp/phase3c-driver/upstream-matched-zstd-r3/output/riscv32-wch-elf/bin/as	a646035dd834abf4d2a9abcc757f680e8274070f7d4c3906851d65185696d9d1	576	808	232	load-command[2]:0x19	LINK-LAYOUT	L3-MAP-GAS	L3-STAT-GAS-IP,L3-STAT-AS-XW-EXT,L3-STAT-AS-XW-OPCODES,L3-STAT-AS-CUSTOM32,L3-STAT-AS-ATTR	COMPLETE-TILING	L3-190-alias-intervals	pair_id=AS-ALIAS-WCH-MATCHED;file_id=AS-ALIAS-MATCHED;file_size=1737648;interval_sha256=87ccd13db6c7dbdd6371febe7e539fc3d25248046ae000528d4c6249cfcdffe7
L3-REG-AS-ALIAS-WCH-MATCHED-UPSTREAM-MATCHED-004	BINUTILS-GAS	UPSTREAM-MATCHED	tmp/phase3c-driver/upstream-matched-zstd-r3/output/riscv32-wch-elf/bin/as	a646035dd834abf4d2a9abcc757f680e8274070f7d4c3906851d65185696d9d1	808	1280	472	load-command[3]:0x19	LINK-LAYOUT	L3-MAP-GAS	L3-STAT-GAS-IP,L3-STAT-AS-XW-EXT,L3-STAT-AS-XW-OPCODES,L3-STAT-AS-CUSTOM32,L3-STAT-AS-ATTR	COMPLETE-TILING	L3-190-alias-intervals	pair_id=AS-ALIAS-WCH-MATCHED;file_id=AS-ALIAS-MATCHED;file_size=1737648;interval_sha256=3a6d4a11c665c79fc39d61cbb8128fee6ee3d7b7738ccc01c0c2469be44c740a
L3-REG-AS-ALIAS-WCH-MATCHED-UPSTREAM-MATCHED-005	BINUTILS-GAS	UPSTREAM-MATCHED	tmp/phase3c-driver/upstream-matched-zstd-r3/output/riscv32-wch-elf/bin/as	a646035dd834abf4d2a9abcc757f680e8274070f7d4c3906851d65185696d9d1	1280	1352	72	load-command[4]:0x19	LINK-LAYOUT	L3-MAP-GAS	L3-STAT-GAS-IP,L3-STAT-AS-XW-EXT,L3-STAT-AS-XW-OPCODES,L3-STAT-AS-CUSTOM32,L3-STAT-AS-ATTR	COMPLETE-TILING	L3-190-alias-intervals	pair_id=AS-ALIAS-WCH-MATCHED;file_id=AS-ALIAS-MATCHED;file_size=1737648;interval_sha256=855d1a062bdf27c4338e05dcd7c255685b91d0282c87f5a4477da28f4bbb5d7f
L3-REG-AS-ALIAS-WCH-MATCHED-UPSTREAM-MATCHED-006	BINUTILS-GAS	UPSTREAM-MATCHED	tmp/phase3c-driver/upstream-matched-zstd-r3/output/riscv32-wch-elf/bin/as	a646035dd834abf4d2a9abcc757f680e8274070f7d4c3906851d65185696d9d1	1352	1368	16	load-command[5]:0x80000034	LINK-LAYOUT	L3-MAP-GAS	L3-STAT-GAS-IP,L3-STAT-AS-XW-EXT,L3-STAT-AS-XW-OPCODES,L3-STAT-AS-CUSTOM32,L3-STAT-AS-ATTR	COMPLETE-TILING	L3-190-alias-intervals	pair_id=AS-ALIAS-WCH-MATCHED;file_id=AS-ALIAS-MATCHED;file_size=1737648;interval_sha256=5cf65c9b424fb713a41f2a2a67ab777a5d4125e6affcf990f68e76e81fb2769d
L3-REG-AS-ALIAS-WCH-MATCHED-UPSTREAM-MATCHED-007	BINUTILS-GAS	UPSTREAM-MATCHED	tmp/phase3c-driver/upstream-matched-zstd-r3/output/riscv32-wch-elf/bin/as	a646035dd834abf4d2a9abcc757f680e8274070f7d4c3906851d65185696d9d1	1368	1384	16	load-command[6]:0x80000033	LINK-LAYOUT	L3-MAP-GAS	L3-STAT-GAS-IP,L3-STAT-AS-XW-EXT,L3-STAT-AS-XW-OPCODES,L3-STAT-AS-CUSTOM32,L3-STAT-AS-ATTR	COMPLETE-TILING	L3-190-alias-intervals	pair_id=AS-ALIAS-WCH-MATCHED;file_id=AS-ALIAS-MATCHED;file_size=1737648;interval_sha256=25404e93768ab79e5ca8f6e3d1c424adeb6ed3f2916d3cccc793b607a689afaa
L3-REG-AS-ALIAS-WCH-MATCHED-UPSTREAM-MATCHED-008	BINUTILS-GAS	UPSTREAM-MATCHED	tmp/phase3c-driver/upstream-matched-zstd-r3/output/riscv32-wch-elf/bin/as	a646035dd834abf4d2a9abcc757f680e8274070f7d4c3906851d65185696d9d1	1384	1408	24	load-command[7]:0x2	LINK-LAYOUT	L3-MAP-GAS	L3-STAT-GAS-IP,L3-STAT-AS-XW-EXT,L3-STAT-AS-XW-OPCODES,L3-STAT-AS-CUSTOM32,L3-STAT-AS-ATTR	COMPLETE-TILING	L3-190-alias-intervals	pair_id=AS-ALIAS-WCH-MATCHED;file_id=AS-ALIAS-MATCHED;file_size=1737648;interval_sha256=b108df1290c23afda34e33034efbe081bc93d1124439217efb7a1d86c4ff8f6d
L3-REG-AS-ALIAS-WCH-MATCHED-UPSTREAM-MATCHED-009	BINUTILS-GAS	UPSTREAM-MATCHED	tmp/phase3c-driver/upstream-matched-zstd-r3/output/riscv32-wch-elf/bin/as	a646035dd834abf4d2a9abcc757f680e8274070f7d4c3906851d65185696d9d1	1408	1488	80	load-command[8]:0xb	LINK-LAYOUT	L3-MAP-GAS	L3-STAT-GAS-IP,L3-STAT-AS-XW-EXT,L3-STAT-AS-XW-OPCODES,L3-STAT-AS-CUSTOM32,L3-STAT-AS-ATTR	COMPLETE-TILING	L3-190-alias-intervals	pair_id=AS-ALIAS-WCH-MATCHED;file_id=AS-ALIAS-MATCHED;file_size=1737648;interval_sha256=325168fc39c6deaf25b8812d0d96b958ce4b4372cb1cb2b5853d9dd8a414e3bf
L3-REG-AS-ALIAS-WCH-MATCHED-UPSTREAM-MATCHED-010	BINUTILS-GAS	UPSTREAM-MATCHED	tmp/phase3c-driver/upstream-matched-zstd-r3/output/riscv32-wch-elf/bin/as	a646035dd834abf4d2a9abcc757f680e8274070f7d4c3906851d65185696d9d1	1488	1520	32	load-command[9]:0xe	LINK-LAYOUT	L3-MAP-GAS	L3-STAT-GAS-IP,L3-STAT-AS-XW-EXT,L3-STAT-AS-XW-OPCODES,L3-STAT-AS-CUSTOM32,L3-STAT-AS-ATTR	COMPLETE-TILING	L3-190-alias-intervals	pair_id=AS-ALIAS-WCH-MATCHED;file_id=AS-ALIAS-MATCHED;file_size=1737648;interval_sha256=44316cf4f366f41aa06996613c44af75e34479362928faf61a168c2a203b5999
L3-REG-AS-ALIAS-WCH-MATCHED-UPSTREAM-MATCHED-011	BINUTILS-GAS	UPSTREAM-MATCHED	tmp/phase3c-driver/upstream-matched-zstd-r3/output/riscv32-wch-elf/bin/as	a646035dd834abf4d2a9abcc757f680e8274070f7d4c3906851d65185696d9d1	1520	1544	24	load-command[10]:0x1b	SIGNATURE/UUID/BUILD-METADATA	L3-MAP-GAS	L3-STAT-GAS-IP,L3-STAT-AS-XW-EXT,L3-STAT-AS-XW-OPCODES,L3-STAT-AS-CUSTOM32,L3-STAT-AS-ATTR	COMPLETE-TILING	L3-190-alias-intervals	pair_id=AS-ALIAS-WCH-MATCHED;file_id=AS-ALIAS-MATCHED;file_size=1737648;interval_sha256=4819c9aeb1b9fbac908932b8ddb676ecede0ec80ed4b76f0eefcb7d4e179950d
L3-REG-AS-ALIAS-WCH-MATCHED-UPSTREAM-MATCHED-012	BINUTILS-GAS	UPSTREAM-MATCHED	tmp/phase3c-driver/upstream-matched-zstd-r3/output/riscv32-wch-elf/bin/as	a646035dd834abf4d2a9abcc757f680e8274070f7d4c3906851d65185696d9d1	1544	1576	32	load-command[11]:0x32	SIGNATURE/UUID/BUILD-METADATA	L3-MAP-GAS	L3-STAT-GAS-IP,L3-STAT-AS-XW-EXT,L3-STAT-AS-XW-OPCODES,L3-STAT-AS-CUSTOM32,L3-STAT-AS-ATTR	COMPLETE-TILING	L3-190-alias-intervals	pair_id=AS-ALIAS-WCH-MATCHED;file_id=AS-ALIAS-MATCHED;file_size=1737648;interval_sha256=06be0acc3151d0cb3a5720312a0ae05bf2376d394c98194de6f77801b59ab2e0
L3-REG-AS-ALIAS-WCH-MATCHED-UPSTREAM-MATCHED-013	BINUTILS-GAS	UPSTREAM-MATCHED	tmp/phase3c-driver/upstream-matched-zstd-r3/output/riscv32-wch-elf/bin/as	a646035dd834abf4d2a9abcc757f680e8274070f7d4c3906851d65185696d9d1	1576	1592	16	load-command[12]:0x2a	SIGNATURE/UUID/BUILD-METADATA	L3-MAP-GAS	L3-STAT-GAS-IP,L3-STAT-AS-XW-EXT,L3-STAT-AS-XW-OPCODES,L3-STAT-AS-CUSTOM32,L3-STAT-AS-ATTR	COMPLETE-TILING	L3-190-alias-intervals	pair_id=AS-ALIAS-WCH-MATCHED;file_id=AS-ALIAS-MATCHED;file_size=1737648;interval_sha256=01a60f1db7db041298aa3e269ff5ebea951aa6977963e4ab563905da906d2b82
L3-REG-AS-ALIAS-WCH-MATCHED-UPSTREAM-MATCHED-014	BINUTILS-GAS	UPSTREAM-MATCHED	tmp/phase3c-driver/upstream-matched-zstd-r3/output/riscv32-wch-elf/bin/as	a646035dd834abf4d2a9abcc757f680e8274070f7d4c3906851d65185696d9d1	1592	1616	24	load-command[13]:0x80000028	LINK-LAYOUT	L3-MAP-GAS	L3-STAT-GAS-IP,L3-STAT-AS-XW-EXT,L3-STAT-AS-XW-OPCODES,L3-STAT-AS-CUSTOM32,L3-STAT-AS-ATTR	COMPLETE-TILING	L3-190-alias-intervals	pair_id=AS-ALIAS-WCH-MATCHED;file_id=AS-ALIAS-MATCHED;file_size=1737648;interval_sha256=5664a5287ce4955646fbbcc0531eb970be58860bc1817bda84a8d10111de19a2
L3-REG-AS-ALIAS-WCH-MATCHED-UPSTREAM-MATCHED-015	BINUTILS-GAS	UPSTREAM-MATCHED	tmp/phase3c-driver/upstream-matched-zstd-r3/output/riscv32-wch-elf/bin/as	a646035dd834abf4d2a9abcc757f680e8274070f7d4c3906851d65185696d9d1	1616	1672	56	load-command[14]:0xc	LINK-LAYOUT	L3-MAP-GAS	L3-STAT-GAS-IP,L3-STAT-AS-XW-EXT,L3-STAT-AS-XW-OPCODES,L3-STAT-AS-CUSTOM32,L3-STAT-AS-ATTR	COMPLETE-TILING	L3-190-alias-intervals	pair_id=AS-ALIAS-WCH-MATCHED;file_id=AS-ALIAS-MATCHED;file_size=1737648;interval_sha256=cc8acbe3e146f3621079d1d71e9c46626788f505132abe123f041ead9ba5490a
L3-REG-AS-ALIAS-WCH-MATCHED-UPSTREAM-MATCHED-016	BINUTILS-GAS	UPSTREAM-MATCHED	tmp/phase3c-driver/upstream-matched-zstd-r3/output/riscv32-wch-elf/bin/as	a646035dd834abf4d2a9abcc757f680e8274070f7d4c3906851d65185696d9d1	1672	1728	56	load-command[15]:0xc	LINK-LAYOUT	L3-MAP-GAS	L3-STAT-GAS-IP,L3-STAT-AS-XW-EXT,L3-STAT-AS-XW-OPCODES,L3-STAT-AS-CUSTOM32,L3-STAT-AS-ATTR	COMPLETE-TILING	L3-190-alias-intervals	pair_id=AS-ALIAS-WCH-MATCHED;file_id=AS-ALIAS-MATCHED;file_size=1737648;interval_sha256=ffa45af4ce6b7780727be9b2f2f9ca0b35932363e311b247d840ef9da1bdc1f5
L3-REG-AS-ALIAS-WCH-MATCHED-UPSTREAM-MATCHED-017	BINUTILS-GAS	UPSTREAM-MATCHED	tmp/phase3c-driver/upstream-matched-zstd-r3/output/riscv32-wch-elf/bin/as	a646035dd834abf4d2a9abcc757f680e8274070f7d4c3906851d65185696d9d1	1728	1776	48	load-command[16]:0xc	LINK-LAYOUT	L3-MAP-GAS	L3-STAT-GAS-IP,L3-STAT-AS-XW-EXT,L3-STAT-AS-XW-OPCODES,L3-STAT-AS-CUSTOM32,L3-STAT-AS-ATTR	COMPLETE-TILING	L3-190-alias-intervals	pair_id=AS-ALIAS-WCH-MATCHED;file_id=AS-ALIAS-MATCHED;file_size=1737648;interval_sha256=70ad563e95ac2bc9fefdc6ffaf87d87d18272d013bc98f6d4fc78e85e28a9111
L3-REG-AS-ALIAS-WCH-MATCHED-UPSTREAM-MATCHED-018	BINUTILS-GAS	UPSTREAM-MATCHED	tmp/phase3c-driver/upstream-matched-zstd-r3/output/riscv32-wch-elf/bin/as	a646035dd834abf4d2a9abcc757f680e8274070f7d4c3906851d65185696d9d1	1776	1792	16	load-command[17]:0x26	LINK-LAYOUT	L3-MAP-GAS	L3-STAT-GAS-IP,L3-STAT-AS-XW-EXT,L3-STAT-AS-XW-OPCODES,L3-STAT-AS-CUSTOM32,L3-STAT-AS-ATTR	COMPLETE-TILING	L3-190-alias-intervals	pair_id=AS-ALIAS-WCH-MATCHED;file_id=AS-ALIAS-MATCHED;file_size=1737648;interval_sha256=87c7ab9f8d156e3ec294b1a36a92c244d63d1f6aa0cce2fb744716d0a91fcb7d
L3-REG-AS-ALIAS-WCH-MATCHED-UPSTREAM-MATCHED-019	BINUTILS-GAS	UPSTREAM-MATCHED	tmp/phase3c-driver/upstream-matched-zstd-r3/output/riscv32-wch-elf/bin/as	a646035dd834abf4d2a9abcc757f680e8274070f7d4c3906851d65185696d9d1	1792	1808	16	load-command[18]:0x29	LINK-LAYOUT	L3-MAP-GAS	L3-STAT-GAS-IP,L3-STAT-AS-XW-EXT,L3-STAT-AS-XW-OPCODES,L3-STAT-AS-CUSTOM32,L3-STAT-AS-ATTR	COMPLETE-TILING	L3-190-alias-intervals	pair_id=AS-ALIAS-WCH-MATCHED;file_id=AS-ALIAS-MATCHED;file_size=1737648;interval_sha256=e8db9bd98f3a87e40cf31b1831085288d970ddd3312e06ea19e865b2a0f782b2
L3-REG-AS-ALIAS-WCH-MATCHED-UPSTREAM-MATCHED-020	BINUTILS-GAS	UPSTREAM-MATCHED	tmp/phase3c-driver/upstream-matched-zstd-r3/output/riscv32-wch-elf/bin/as	a646035dd834abf4d2a9abcc757f680e8274070f7d4c3906851d65185696d9d1	1808	1824	16	load-command[19]:0x1d	SIGNATURE/UUID/BUILD-METADATA	L3-MAP-GAS	L3-STAT-GAS-IP,L3-STAT-AS-XW-EXT,L3-STAT-AS-XW-OPCODES,L3-STAT-AS-CUSTOM32,L3-STAT-AS-ATTR	COMPLETE-TILING	L3-190-alias-intervals	pair_id=AS-ALIAS-WCH-MATCHED;file_id=AS-ALIAS-MATCHED;file_size=1737648;interval_sha256=1c1044bd24ee42c62558829aaa8c5497148cb3066cf7c3433d2388e7e2d7d445
L3-REG-AS-ALIAS-WCH-MATCHED-UPSTREAM-MATCHED-021	BINUTILS-GAS	UPSTREAM-MATCHED	tmp/phase3c-driver/upstream-matched-zstd-r3/output/riscv32-wch-elf/bin/as	a646035dd834abf4d2a9abcc757f680e8274070f7d4c3906851d65185696d9d1	1824	1880	56	segment:__TEXT	PADDING/ALIGNMENT	L3-MAP-GAS	L3-STAT-GAS-IP,L3-STAT-AS-XW-EXT,L3-STAT-AS-XW-OPCODES,L3-STAT-AS-CUSTOM32,L3-STAT-AS-ATTR	COMPLETE-TILING	L3-190-alias-intervals	pair_id=AS-ALIAS-WCH-MATCHED;file_id=AS-ALIAS-MATCHED;file_size=1737648;interval_sha256=d4817aa5497628e7c77e6b606107042bbba3130888c5f47a375e6179be789fbb
L3-REG-AS-ALIAS-WCH-MATCHED-UPSTREAM-MATCHED-022	BINUTILS-GAS	UPSTREAM-MATCHED	tmp/phase3c-driver/upstream-matched-zstd-r3/output/riscv32-wch-elf/bin/as	a646035dd834abf4d2a9abcc757f680e8274070f7d4c3906851d65185696d9d1	1880	885384	883504	section:__TEXT,__text	FUNCTIONAL-CODE	L3-MAP-GAS	L3-STAT-GAS-IP,L3-STAT-AS-XW-EXT,L3-STAT-AS-XW-OPCODES,L3-STAT-AS-CUSTOM32,L3-STAT-AS-ATTR	COMPLETE-TILING	L3-190-alias-intervals	pair_id=AS-ALIAS-WCH-MATCHED;file_id=AS-ALIAS-MATCHED;file_size=1737648;interval_sha256=9ce73ca6ff3ea6e8096941217ea813449eac2e68c13ffaf646df3f684901f5a5
L3-REG-AS-ALIAS-WCH-MATCHED-UPSTREAM-MATCHED-023	BINUTILS-GAS	UPSTREAM-MATCHED	tmp/phase3c-driver/upstream-matched-zstd-r3/output/riscv32-wch-elf/bin/as	a646035dd834abf4d2a9abcc757f680e8274070f7d4c3906851d65185696d9d1	885384	886944	1560	section:__TEXT,__stubs	PACKAGING/DEPENDENCY	L3-MAP-GAS	L3-STAT-GAS-IP,L3-STAT-AS-XW-EXT,L3-STAT-AS-XW-OPCODES,L3-STAT-AS-CUSTOM32,L3-STAT-AS-ATTR	COMPLETE-TILING	L3-190-alias-intervals	pair_id=AS-ALIAS-WCH-MATCHED;file_id=AS-ALIAS-MATCHED;file_size=1737648;interval_sha256=4bc78b8bf86aab32cbc62508a894fbe9de986e110e37070d95f5ebb972be7bf1
L3-REG-AS-ALIAS-WCH-MATCHED-UPSTREAM-MATCHED-024	BINUTILS-GAS	UPSTREAM-MATCHED	tmp/phase3c-driver/upstream-matched-zstd-r3/output/riscv32-wch-elf/bin/as	a646035dd834abf4d2a9abcc757f680e8274070f7d4c3906851d65185696d9d1	886944	903536	16592	section:__TEXT,__const	FUNCTIONAL-DATA-TABLE	L3-MAP-GAS	L3-STAT-GAS-IP,L3-STAT-AS-XW-EXT,L3-STAT-AS-XW-OPCODES,L3-STAT-AS-CUSTOM32,L3-STAT-AS-ATTR	COMPLETE-TILING	L3-190-alias-intervals	pair_id=AS-ALIAS-WCH-MATCHED;file_id=AS-ALIAS-MATCHED;file_size=1737648;interval_sha256=ea6dd619439462e838b1e8e2f576d3971d1e740bdf92f33f65a1378c34e993ca
L3-REG-AS-ALIAS-WCH-MATCHED-UPSTREAM-MATCHED-025	BINUTILS-GAS	UPSTREAM-MATCHED	tmp/phase3c-driver/upstream-matched-zstd-r3/output/riscv32-wch-elf/bin/as	a646035dd834abf4d2a9abcc757f680e8274070f7d4c3906851d65185696d9d1	903536	1100996	197460	section:__TEXT,__cstring	FUNCTIONAL-DATA-TABLE	L3-MAP-GAS	L3-STAT-GAS-IP,L3-STAT-AS-XW-EXT,L3-STAT-AS-XW-OPCODES,L3-STAT-AS-CUSTOM32,L3-STAT-AS-ATTR	COMPLETE-TILING	L3-190-alias-intervals	pair_id=AS-ALIAS-WCH-MATCHED;file_id=AS-ALIAS-MATCHED;file_size=1737648;interval_sha256=859d740b782a1389af631e0edba1157a08eb7e5a09f8cefc4629dac92d92925f
L3-REG-AS-ALIAS-WCH-MATCHED-UPSTREAM-MATCHED-026	BINUTILS-GAS	UPSTREAM-MATCHED	tmp/phase3c-driver/upstream-matched-zstd-r3/output/riscv32-wch-elf/bin/as	a646035dd834abf4d2a9abcc757f680e8274070f7d4c3906851d65185696d9d1	1100996	1107396	6400	section:__TEXT,__unwind_info	FUNCTIONAL-DATA-TABLE	L3-MAP-GAS	L3-STAT-GAS-IP,L3-STAT-AS-XW-EXT,L3-STAT-AS-XW-OPCODES,L3-STAT-AS-CUSTOM32,L3-STAT-AS-ATTR	COMPLETE-TILING	L3-190-alias-intervals	pair_id=AS-ALIAS-WCH-MATCHED;file_id=AS-ALIAS-MATCHED;file_size=1737648;interval_sha256=2537ecfd03135fe3a709902ff4f8daecbdd08286b5ba25440dd02571b62f5efe
L3-REG-AS-ALIAS-WCH-MATCHED-UPSTREAM-MATCHED-027	BINUTILS-GAS	UPSTREAM-MATCHED	tmp/phase3c-driver/upstream-matched-zstd-r3/output/riscv32-wch-elf/bin/as	a646035dd834abf4d2a9abcc757f680e8274070f7d4c3906851d65185696d9d1	1107396	1114112	6716	segment:__TEXT	PADDING/ALIGNMENT	L3-MAP-GAS	L3-STAT-GAS-IP,L3-STAT-AS-XW-EXT,L3-STAT-AS-XW-OPCODES,L3-STAT-AS-CUSTOM32,L3-STAT-AS-ATTR	COMPLETE-TILING	L3-190-alias-intervals	pair_id=AS-ALIAS-WCH-MATCHED;file_id=AS-ALIAS-MATCHED;file_size=1737648;interval_sha256=d10ad8fd78a03d83102a2a35495ceee83bf8d3b59e5ae25cd0497c77a199faef
L3-REG-AS-ALIAS-WCH-MATCHED-UPSTREAM-MATCHED-028	BINUTILS-GAS	UPSTREAM-MATCHED	tmp/phase3c-driver/upstream-matched-zstd-r3/output/riscv32-wch-elf/bin/as	a646035dd834abf4d2a9abcc757f680e8274070f7d4c3906851d65185696d9d1	1114112	1115208	1096	section:__DATA_CONST,__got	PACKAGING/DEPENDENCY	L3-MAP-GAS	L3-STAT-GAS-IP,L3-STAT-AS-XW-EXT,L3-STAT-AS-XW-OPCODES,L3-STAT-AS-CUSTOM32,L3-STAT-AS-ATTR	COMPLETE-TILING	L3-190-alias-intervals	pair_id=AS-ALIAS-WCH-MATCHED;file_id=AS-ALIAS-MATCHED;file_size=1737648;interval_sha256=8ee5a9de735deb2728d6cea38855c0aa017926c65d4276be69ac2a804cecf6a8
L3-REG-AS-ALIAS-WCH-MATCHED-UPSTREAM-MATCHED-029	BINUTILS-GAS	UPSTREAM-MATCHED	tmp/phase3c-driver/upstream-matched-zstd-r3/output/riscv32-wch-elf/bin/as	a646035dd834abf4d2a9abcc757f680e8274070f7d4c3906851d65185696d9d1	1115208	1347888	232680	section:__DATA_CONST,__const	FUNCTIONAL-DATA-TABLE	L3-MAP-GAS	L3-STAT-GAS-IP,L3-STAT-AS-XW-EXT,L3-STAT-AS-XW-OPCODES,L3-STAT-AS-CUSTOM32,L3-STAT-AS-ATTR	COMPLETE-TILING	L3-190-alias-intervals	pair_id=AS-ALIAS-WCH-MATCHED;file_id=AS-ALIAS-MATCHED;file_size=1737648;interval_sha256=85a3921ad43a39b7574a3a3c8e69761fd93517966ad9792224fd58bd1ab265e3
L3-REG-AS-ALIAS-WCH-MATCHED-UPSTREAM-MATCHED-030	BINUTILS-GAS	UPSTREAM-MATCHED	tmp/phase3c-driver/upstream-matched-zstd-r3/output/riscv32-wch-elf/bin/as	a646035dd834abf4d2a9abcc757f680e8274070f7d4c3906851d65185696d9d1	1347888	1359872	11984	segment:__DATA_CONST	PADDING/ALIGNMENT	L3-MAP-GAS	L3-STAT-GAS-IP,L3-STAT-AS-XW-EXT,L3-STAT-AS-XW-OPCODES,L3-STAT-AS-CUSTOM32,L3-STAT-AS-ATTR	COMPLETE-TILING	L3-190-alias-intervals	pair_id=AS-ALIAS-WCH-MATCHED;file_id=AS-ALIAS-MATCHED;file_size=1737648;interval_sha256=a115817d9071d8ae833f5b388ef2e92cd2167c81989a8a65ec02868b63a1ff26
L3-REG-AS-ALIAS-WCH-MATCHED-UPSTREAM-MATCHED-031	BINUTILS-GAS	UPSTREAM-MATCHED	tmp/phase3c-driver/upstream-matched-zstd-r3/output/riscv32-wch-elf/bin/as	a646035dd834abf4d2a9abcc757f680e8274070f7d4c3906851d65185696d9d1	1359872	1369912	10040	section:__DATA,__data	FUNCTIONAL-DATA-TABLE	L3-MAP-GAS	L3-STAT-GAS-IP,L3-STAT-AS-XW-EXT,L3-STAT-AS-XW-OPCODES,L3-STAT-AS-CUSTOM32,L3-STAT-AS-ATTR	COMPLETE-TILING	L3-190-alias-intervals	pair_id=AS-ALIAS-WCH-MATCHED;file_id=AS-ALIAS-MATCHED;file_size=1737648;interval_sha256=518f881c0f53792263667188b4e31be939bd4147332a7ca06d301e13066dcf14
L3-REG-AS-ALIAS-WCH-MATCHED-UPSTREAM-MATCHED-032	BINUTILS-GAS	UPSTREAM-MATCHED	tmp/phase3c-driver/upstream-matched-zstd-r3/output/riscv32-wch-elf/bin/as	a646035dd834abf4d2a9abcc757f680e8274070f7d4c3906851d65185696d9d1	1369912	1369984	72	section:__DATA,__thread_vars	PACKAGING/DEPENDENCY	L3-MAP-GAS	L3-STAT-GAS-IP,L3-STAT-AS-XW-EXT,L3-STAT-AS-XW-OPCODES,L3-STAT-AS-CUSTOM32,L3-STAT-AS-ATTR	COMPLETE-TILING	L3-190-alias-intervals	pair_id=AS-ALIAS-WCH-MATCHED;file_id=AS-ALIAS-MATCHED;file_size=1737648;interval_sha256=69a9588ee3960a434abdec5259c76f0e25c9a83d78881bb8bf44b74c3c4dccde
L3-REG-AS-ALIAS-WCH-MATCHED-UPSTREAM-MATCHED-033	BINUTILS-GAS	UPSTREAM-MATCHED	tmp/phase3c-driver/upstream-matched-zstd-r3/output/riscv32-wch-elf/bin/as	a646035dd834abf4d2a9abcc757f680e8274070f7d4c3906851d65185696d9d1	1369984	1376256	6272	segment:__DATA	PADDING/ALIGNMENT	L3-MAP-GAS	L3-STAT-GAS-IP,L3-STAT-AS-XW-EXT,L3-STAT-AS-XW-OPCODES,L3-STAT-AS-CUSTOM32,L3-STAT-AS-ATTR	COMPLETE-TILING	L3-190-alias-intervals	pair_id=AS-ALIAS-WCH-MATCHED;file_id=AS-ALIAS-MATCHED;file_size=1737648;interval_sha256=27e252c16d2f3c861b57f34cb9d769a3e4ff93a1adf73af6970fda1294d88d0f
L3-REG-AS-ALIAS-WCH-MATCHED-UPSTREAM-MATCHED-034	BINUTILS-GAS	UPSTREAM-MATCHED	tmp/phase3c-driver/upstream-matched-zstd-r3/output/riscv32-wch-elf/bin/as	a646035dd834abf4d2a9abcc757f680e8274070f7d4c3906851d65185696d9d1	1376256	1378288	2032	LC_DYLD_CHAINED_FIXUPS-data	PACKAGING/DEPENDENCY	L3-MAP-GAS	L3-STAT-GAS-IP,L3-STAT-AS-XW-EXT,L3-STAT-AS-XW-OPCODES,L3-STAT-AS-CUSTOM32,L3-STAT-AS-ATTR	COMPLETE-TILING	L3-190-alias-intervals	pair_id=AS-ALIAS-WCH-MATCHED;file_id=AS-ALIAS-MATCHED;file_size=1737648;interval_sha256=5905a8c1e193e90d0a2538b72529ca4b25a7ba9331ecab802ac07073af80c2d9
L3-REG-AS-ALIAS-WCH-MATCHED-UPSTREAM-MATCHED-035	BINUTILS-GAS	UPSTREAM-MATCHED	tmp/phase3c-driver/upstream-matched-zstd-r3/output/riscv32-wch-elf/bin/as	a646035dd834abf4d2a9abcc757f680e8274070f7d4c3906851d65185696d9d1	1378288	1411640	33352	LC_DYLD_EXPORTS_TRIE-data	PACKAGING/DEPENDENCY	L3-MAP-GAS	L3-STAT-GAS-IP,L3-STAT-AS-XW-EXT,L3-STAT-AS-XW-OPCODES,L3-STAT-AS-CUSTOM32,L3-STAT-AS-ATTR	COMPLETE-TILING	L3-190-alias-intervals	pair_id=AS-ALIAS-WCH-MATCHED;file_id=AS-ALIAS-MATCHED;file_size=1737648;interval_sha256=a45d1bab3b78e93c1df089a5fd2a47ffc85e81e0b87a25450bf484a7be4f2b1c
L3-REG-AS-ALIAS-WCH-MATCHED-UPSTREAM-MATCHED-036	BINUTILS-GAS	UPSTREAM-MATCHED	tmp/phase3c-driver/upstream-matched-zstd-r3/output/riscv32-wch-elf/bin/as	a646035dd834abf4d2a9abcc757f680e8274070f7d4c3906851d65185696d9d1	1411640	1415184	3544	LC_FUNCTION_STARTS-data	LINK-LAYOUT	L3-MAP-GAS	L3-STAT-GAS-IP,L3-STAT-AS-XW-EXT,L3-STAT-AS-XW-OPCODES,L3-STAT-AS-CUSTOM32,L3-STAT-AS-ATTR	COMPLETE-TILING	L3-190-alias-intervals	pair_id=AS-ALIAS-WCH-MATCHED;file_id=AS-ALIAS-MATCHED;file_size=1737648;interval_sha256=55648ce532a1bb0a3a7bf9275fe331fd7fba17cc6884852a2fdf9192b8d4b49e
L3-REG-AS-ALIAS-WCH-MATCHED-UPSTREAM-MATCHED-037	BINUTILS-GAS	UPSTREAM-MATCHED	tmp/phase3c-driver/upstream-matched-zstd-r3/output/riscv32-wch-elf/bin/as	a646035dd834abf4d2a9abcc757f680e8274070f7d4c3906851d65185696d9d1	1415184	1628864	213680	LC_SYMTAB-symbols	STRIP/DEBUG/SYMBOL-LAYOUT	L3-MAP-GAS	L3-STAT-GAS-IP,L3-STAT-AS-XW-EXT,L3-STAT-AS-XW-OPCODES,L3-STAT-AS-CUSTOM32,L3-STAT-AS-ATTR	COMPLETE-TILING	L3-190-alias-intervals	pair_id=AS-ALIAS-WCH-MATCHED;file_id=AS-ALIAS-MATCHED;file_size=1737648;interval_sha256=aaf8b49ae33b5462b5ef6c891a50a59984a35a935e878b517db8be72548cd619
L3-REG-AS-ALIAS-WCH-MATCHED-UPSTREAM-MATCHED-038	BINUTILS-GAS	UPSTREAM-MATCHED	tmp/phase3c-driver/upstream-matched-zstd-r3/output/riscv32-wch-elf/bin/as	a646035dd834abf4d2a9abcc757f680e8274070f7d4c3906851d65185696d9d1	1628864	1629932	1068	LC_DYSYMTAB-indirect-symbols	STRIP/DEBUG/SYMBOL-LAYOUT	L3-MAP-GAS	L3-STAT-GAS-IP,L3-STAT-AS-XW-EXT,L3-STAT-AS-XW-OPCODES,L3-STAT-AS-CUSTOM32,L3-STAT-AS-ATTR	COMPLETE-TILING	L3-190-alias-intervals	pair_id=AS-ALIAS-WCH-MATCHED;file_id=AS-ALIAS-MATCHED;file_size=1737648;interval_sha256=256a36dde0cfab4fc1e18b78670f7ae66687d66caec1579bb51a7c92f8ac135f
L3-REG-AS-ALIAS-WCH-MATCHED-UPSTREAM-MATCHED-039	BINUTILS-GAS	UPSTREAM-MATCHED	tmp/phase3c-driver/upstream-matched-zstd-r3/output/riscv32-wch-elf/bin/as	a646035dd834abf4d2a9abcc757f680e8274070f7d4c3906851d65185696d9d1	1629932	1629936	4	segment:__LINKEDIT	LINK-LAYOUT	L3-MAP-GAS	L3-STAT-GAS-IP,L3-STAT-AS-XW-EXT,L3-STAT-AS-XW-OPCODES,L3-STAT-AS-CUSTOM32,L3-STAT-AS-ATTR	COMPLETE-TILING	L3-190-alias-intervals	pair_id=AS-ALIAS-WCH-MATCHED;file_id=AS-ALIAS-MATCHED;file_size=1737648;interval_sha256=df3f619804a92fdb4057192dc43dd748ea778adc52bc498ce80524c014b81119
L3-REG-AS-ALIAS-WCH-MATCHED-UPSTREAM-MATCHED-040	BINUTILS-GAS	UPSTREAM-MATCHED	tmp/phase3c-driver/upstream-matched-zstd-r3/output/riscv32-wch-elf/bin/as	a646035dd834abf4d2a9abcc757f680e8274070f7d4c3906851d65185696d9d1	1629936	1724064	94128	LC_SYMTAB-strings	STRIP/DEBUG/SYMBOL-LAYOUT	L3-MAP-GAS	L3-STAT-GAS-IP,L3-STAT-AS-XW-EXT,L3-STAT-AS-XW-OPCODES,L3-STAT-AS-CUSTOM32,L3-STAT-AS-ATTR	COMPLETE-TILING	L3-190-alias-intervals	pair_id=AS-ALIAS-WCH-MATCHED;file_id=AS-ALIAS-MATCHED;file_size=1737648;interval_sha256=da5af494f3b0041157ffbacf5d907ee6fd5b2d2f6a03924dc84f4341de0514db
L3-REG-AS-ALIAS-WCH-MATCHED-UPSTREAM-MATCHED-041	BINUTILS-GAS	UPSTREAM-MATCHED	tmp/phase3c-driver/upstream-matched-zstd-r3/output/riscv32-wch-elf/bin/as	a646035dd834abf4d2a9abcc757f680e8274070f7d4c3906851d65185696d9d1	1724064	1737648	13584	LC_CODE_SIGNATURE-data	SIGNATURE/UUID/BUILD-METADATA	L3-MAP-GAS	L3-STAT-GAS-IP,L3-STAT-AS-XW-EXT,L3-STAT-AS-XW-OPCODES,L3-STAT-AS-CUSTOM32,L3-STAT-AS-ATTR	COMPLETE-TILING	L3-190-alias-intervals	pair_id=AS-ALIAS-WCH-MATCHED;file_id=AS-ALIAS-MATCHED;file_size=1737648;interval_sha256=9c3126fd2204edafe952d67a3efbcd04161163b4171d407caf0a2260d6c0eb85
L3-REG-AS-ALIAS-WCH-P2-UPSTREAM-P2-000	BINUTILS-GAS	UPSTREAM-P2	tmp/phase2-evidence/literal-clean/quarantine-toolchain_15.2.0-run1/riscv-gnu-toolchain/output/riscv32-wch-elf/bin/as	36d5b962080a3214f9cc7d7e4b96727845ada1b7096e118373149a03f2983510	0	32	32	mach_header_64	LINK-LAYOUT	L3-MAP-GAS	L3-STAT-GAS-IP,L3-STAT-AS-XW-EXT,L3-STAT-AS-XW-OPCODES,L3-STAT-AS-CUSTOM32,L3-STAT-AS-ATTR	COMPLETE-TILING	L3-190-alias-intervals	pair_id=AS-ALIAS-WCH-P2;file_id=AS-ALIAS-P2;file_size=1727112;interval_sha256=76797436490ec9dfa648349f424e587b4b4a44e9f0603265cd5d2e15bb70f38e
L3-REG-AS-ALIAS-WCH-P2-UPSTREAM-P2-001	BINUTILS-GAS	UPSTREAM-P2	tmp/phase2-evidence/literal-clean/quarantine-toolchain_15.2.0-run1/riscv-gnu-toolchain/output/riscv32-wch-elf/bin/as	36d5b962080a3214f9cc7d7e4b96727845ada1b7096e118373149a03f2983510	32	104	72	load-command[0]:0x19	LINK-LAYOUT	L3-MAP-GAS	L3-STAT-GAS-IP,L3-STAT-AS-XW-EXT,L3-STAT-AS-XW-OPCODES,L3-STAT-AS-CUSTOM32,L3-STAT-AS-ATTR	COMPLETE-TILING	L3-190-alias-intervals	pair_id=AS-ALIAS-WCH-P2;file_id=AS-ALIAS-P2;file_size=1727112;interval_sha256=38432a8fbcbe1ae9fdf9263fe1e4e948de98131833cc5e5333f375dcf5f6333f
L3-REG-AS-ALIAS-WCH-P2-UPSTREAM-P2-002	BINUTILS-GAS	UPSTREAM-P2	tmp/phase2-evidence/literal-clean/quarantine-toolchain_15.2.0-run1/riscv-gnu-toolchain/output/riscv32-wch-elf/bin/as	36d5b962080a3214f9cc7d7e4b96727845ada1b7096e118373149a03f2983510	104	576	472	load-command[1]:0x19	LINK-LAYOUT	L3-MAP-GAS	L3-STAT-GAS-IP,L3-STAT-AS-XW-EXT,L3-STAT-AS-XW-OPCODES,L3-STAT-AS-CUSTOM32,L3-STAT-AS-ATTR	COMPLETE-TILING	L3-190-alias-intervals	pair_id=AS-ALIAS-WCH-P2;file_id=AS-ALIAS-P2;file_size=1727112;interval_sha256=2d298485b20379b42bc4fcb6883c3aaa2f6f2f0f1e107dd4eb9ece17fd01efda
L3-REG-AS-ALIAS-WCH-P2-UPSTREAM-P2-003	BINUTILS-GAS	UPSTREAM-P2	tmp/phase2-evidence/literal-clean/quarantine-toolchain_15.2.0-run1/riscv-gnu-toolchain/output/riscv32-wch-elf/bin/as	36d5b962080a3214f9cc7d7e4b96727845ada1b7096e118373149a03f2983510	576	808	232	load-command[2]:0x19	LINK-LAYOUT	L3-MAP-GAS	L3-STAT-GAS-IP,L3-STAT-AS-XW-EXT,L3-STAT-AS-XW-OPCODES,L3-STAT-AS-CUSTOM32,L3-STAT-AS-ATTR	COMPLETE-TILING	L3-190-alias-intervals	pair_id=AS-ALIAS-WCH-P2;file_id=AS-ALIAS-P2;file_size=1727112;interval_sha256=4b213b966d761adb85fe9e0a4f8cb8767484c027470cfeba931169ff214d664a
L3-REG-AS-ALIAS-WCH-P2-UPSTREAM-P2-004	BINUTILS-GAS	UPSTREAM-P2	tmp/phase2-evidence/literal-clean/quarantine-toolchain_15.2.0-run1/riscv-gnu-toolchain/output/riscv32-wch-elf/bin/as	36d5b962080a3214f9cc7d7e4b96727845ada1b7096e118373149a03f2983510	808	1280	472	load-command[3]:0x19	LINK-LAYOUT	L3-MAP-GAS	L3-STAT-GAS-IP,L3-STAT-AS-XW-EXT,L3-STAT-AS-XW-OPCODES,L3-STAT-AS-CUSTOM32,L3-STAT-AS-ATTR	COMPLETE-TILING	L3-190-alias-intervals	pair_id=AS-ALIAS-WCH-P2;file_id=AS-ALIAS-P2;file_size=1727112;interval_sha256=3a6d4a11c665c79fc39d61cbb8128fee6ee3d7b7738ccc01c0c2469be44c740a
L3-REG-AS-ALIAS-WCH-P2-UPSTREAM-P2-005	BINUTILS-GAS	UPSTREAM-P2	tmp/phase2-evidence/literal-clean/quarantine-toolchain_15.2.0-run1/riscv-gnu-toolchain/output/riscv32-wch-elf/bin/as	36d5b962080a3214f9cc7d7e4b96727845ada1b7096e118373149a03f2983510	1280	1352	72	load-command[4]:0x19	LINK-LAYOUT	L3-MAP-GAS	L3-STAT-GAS-IP,L3-STAT-AS-XW-EXT,L3-STAT-AS-XW-OPCODES,L3-STAT-AS-CUSTOM32,L3-STAT-AS-ATTR	COMPLETE-TILING	L3-190-alias-intervals	pair_id=AS-ALIAS-WCH-P2;file_id=AS-ALIAS-P2;file_size=1727112;interval_sha256=eba36f1b75657f0260a8d9f6045734898985abaabd9cd02fcbc2df73f3fc98e2
L3-REG-AS-ALIAS-WCH-P2-UPSTREAM-P2-006	BINUTILS-GAS	UPSTREAM-P2	tmp/phase2-evidence/literal-clean/quarantine-toolchain_15.2.0-run1/riscv-gnu-toolchain/output/riscv32-wch-elf/bin/as	36d5b962080a3214f9cc7d7e4b96727845ada1b7096e118373149a03f2983510	1352	1368	16	load-command[5]:0x80000034	LINK-LAYOUT	L3-MAP-GAS	L3-STAT-GAS-IP,L3-STAT-AS-XW-EXT,L3-STAT-AS-XW-OPCODES,L3-STAT-AS-CUSTOM32,L3-STAT-AS-ATTR	COMPLETE-TILING	L3-190-alias-intervals	pair_id=AS-ALIAS-WCH-P2;file_id=AS-ALIAS-P2;file_size=1727112;interval_sha256=69e5462296eeeb9c190d3724dad5ae4d7f06973a41f555379a6a77a2460852ec
L3-REG-AS-ALIAS-WCH-P2-UPSTREAM-P2-007	BINUTILS-GAS	UPSTREAM-P2	tmp/phase2-evidence/literal-clean/quarantine-toolchain_15.2.0-run1/riscv-gnu-toolchain/output/riscv32-wch-elf/bin/as	36d5b962080a3214f9cc7d7e4b96727845ada1b7096e118373149a03f2983510	1368	1384	16	load-command[6]:0x80000033	LINK-LAYOUT	L3-MAP-GAS	L3-STAT-GAS-IP,L3-STAT-AS-XW-EXT,L3-STAT-AS-XW-OPCODES,L3-STAT-AS-CUSTOM32,L3-STAT-AS-ATTR	COMPLETE-TILING	L3-190-alias-intervals	pair_id=AS-ALIAS-WCH-P2;file_id=AS-ALIAS-P2;file_size=1727112;interval_sha256=cc0cde381e8b9c9f90f2e992b8cd618d8a4e35365db7b1899b572a8e146d6e47
L3-REG-AS-ALIAS-WCH-P2-UPSTREAM-P2-008	BINUTILS-GAS	UPSTREAM-P2	tmp/phase2-evidence/literal-clean/quarantine-toolchain_15.2.0-run1/riscv-gnu-toolchain/output/riscv32-wch-elf/bin/as	36d5b962080a3214f9cc7d7e4b96727845ada1b7096e118373149a03f2983510	1384	1408	24	load-command[7]:0x2	LINK-LAYOUT	L3-MAP-GAS	L3-STAT-GAS-IP,L3-STAT-AS-XW-EXT,L3-STAT-AS-XW-OPCODES,L3-STAT-AS-CUSTOM32,L3-STAT-AS-ATTR	COMPLETE-TILING	L3-190-alias-intervals	pair_id=AS-ALIAS-WCH-P2;file_id=AS-ALIAS-P2;file_size=1727112;interval_sha256=c64e26197bb36ff316e40aaa2e0fa9c5d0966af5605ca87518d434a6a186f850
L3-REG-AS-ALIAS-WCH-P2-UPSTREAM-P2-009	BINUTILS-GAS	UPSTREAM-P2	tmp/phase2-evidence/literal-clean/quarantine-toolchain_15.2.0-run1/riscv-gnu-toolchain/output/riscv32-wch-elf/bin/as	36d5b962080a3214f9cc7d7e4b96727845ada1b7096e118373149a03f2983510	1408	1488	80	load-command[8]:0xb	LINK-LAYOUT	L3-MAP-GAS	L3-STAT-GAS-IP,L3-STAT-AS-XW-EXT,L3-STAT-AS-XW-OPCODES,L3-STAT-AS-CUSTOM32,L3-STAT-AS-ATTR	COMPLETE-TILING	L3-190-alias-intervals	pair_id=AS-ALIAS-WCH-P2;file_id=AS-ALIAS-P2;file_size=1727112;interval_sha256=edbaa1f6b19824842534c6363b304c3b3f463abc4460d1451e800933c31b2eab
L3-REG-AS-ALIAS-WCH-P2-UPSTREAM-P2-010	BINUTILS-GAS	UPSTREAM-P2	tmp/phase2-evidence/literal-clean/quarantine-toolchain_15.2.0-run1/riscv-gnu-toolchain/output/riscv32-wch-elf/bin/as	36d5b962080a3214f9cc7d7e4b96727845ada1b7096e118373149a03f2983510	1488	1520	32	load-command[9]:0xe	LINK-LAYOUT	L3-MAP-GAS	L3-STAT-GAS-IP,L3-STAT-AS-XW-EXT,L3-STAT-AS-XW-OPCODES,L3-STAT-AS-CUSTOM32,L3-STAT-AS-ATTR	COMPLETE-TILING	L3-190-alias-intervals	pair_id=AS-ALIAS-WCH-P2;file_id=AS-ALIAS-P2;file_size=1727112;interval_sha256=44316cf4f366f41aa06996613c44af75e34479362928faf61a168c2a203b5999
L3-REG-AS-ALIAS-WCH-P2-UPSTREAM-P2-011	BINUTILS-GAS	UPSTREAM-P2	tmp/phase2-evidence/literal-clean/quarantine-toolchain_15.2.0-run1/riscv-gnu-toolchain/output/riscv32-wch-elf/bin/as	36d5b962080a3214f9cc7d7e4b96727845ada1b7096e118373149a03f2983510	1520	1544	24	load-command[10]:0x1b	SIGNATURE/UUID/BUILD-METADATA	L3-MAP-GAS	L3-STAT-GAS-IP,L3-STAT-AS-XW-EXT,L3-STAT-AS-XW-OPCODES,L3-STAT-AS-CUSTOM32,L3-STAT-AS-ATTR	COMPLETE-TILING	L3-190-alias-intervals	pair_id=AS-ALIAS-WCH-P2;file_id=AS-ALIAS-P2;file_size=1727112;interval_sha256=06d981c34b59b628d50ed2883740e1376f667524ed417ac38bc76db338a7a573
L3-REG-AS-ALIAS-WCH-P2-UPSTREAM-P2-012	BINUTILS-GAS	UPSTREAM-P2	tmp/phase2-evidence/literal-clean/quarantine-toolchain_15.2.0-run1/riscv-gnu-toolchain/output/riscv32-wch-elf/bin/as	36d5b962080a3214f9cc7d7e4b96727845ada1b7096e118373149a03f2983510	1544	1576	32	load-command[11]:0x32	SIGNATURE/UUID/BUILD-METADATA	L3-MAP-GAS	L3-STAT-GAS-IP,L3-STAT-AS-XW-EXT,L3-STAT-AS-XW-OPCODES,L3-STAT-AS-CUSTOM32,L3-STAT-AS-ATTR	COMPLETE-TILING	L3-190-alias-intervals	pair_id=AS-ALIAS-WCH-P2;file_id=AS-ALIAS-P2;file_size=1727112;interval_sha256=06be0acc3151d0cb3a5720312a0ae05bf2376d394c98194de6f77801b59ab2e0
L3-REG-AS-ALIAS-WCH-P2-UPSTREAM-P2-013	BINUTILS-GAS	UPSTREAM-P2	tmp/phase2-evidence/literal-clean/quarantine-toolchain_15.2.0-run1/riscv-gnu-toolchain/output/riscv32-wch-elf/bin/as	36d5b962080a3214f9cc7d7e4b96727845ada1b7096e118373149a03f2983510	1576	1592	16	load-command[12]:0x2a	SIGNATURE/UUID/BUILD-METADATA	L3-MAP-GAS	L3-STAT-GAS-IP,L3-STAT-AS-XW-EXT,L3-STAT-AS-XW-OPCODES,L3-STAT-AS-CUSTOM32,L3-STAT-AS-ATTR	COMPLETE-TILING	L3-190-alias-intervals	pair_id=AS-ALIAS-WCH-P2;file_id=AS-ALIAS-P2;file_size=1727112;interval_sha256=01a60f1db7db041298aa3e269ff5ebea951aa6977963e4ab563905da906d2b82
L3-REG-AS-ALIAS-WCH-P2-UPSTREAM-P2-014	BINUTILS-GAS	UPSTREAM-P2	tmp/phase2-evidence/literal-clean/quarantine-toolchain_15.2.0-run1/riscv-gnu-toolchain/output/riscv32-wch-elf/bin/as	36d5b962080a3214f9cc7d7e4b96727845ada1b7096e118373149a03f2983510	1592	1616	24	load-command[13]:0x80000028	LINK-LAYOUT	L3-MAP-GAS	L3-STAT-GAS-IP,L3-STAT-AS-XW-EXT,L3-STAT-AS-XW-OPCODES,L3-STAT-AS-CUSTOM32,L3-STAT-AS-ATTR	COMPLETE-TILING	L3-190-alias-intervals	pair_id=AS-ALIAS-WCH-P2;file_id=AS-ALIAS-P2;file_size=1727112;interval_sha256=fca28d6d60573e286c86962bac07a1a9e5baeac441215286f6c31ecb1bf89bc6
L3-REG-AS-ALIAS-WCH-P2-UPSTREAM-P2-015	BINUTILS-GAS	UPSTREAM-P2	tmp/phase2-evidence/literal-clean/quarantine-toolchain_15.2.0-run1/riscv-gnu-toolchain/output/riscv32-wch-elf/bin/as	36d5b962080a3214f9cc7d7e4b96727845ada1b7096e118373149a03f2983510	1616	1672	56	load-command[14]:0xc	LINK-LAYOUT	L3-MAP-GAS	L3-STAT-GAS-IP,L3-STAT-AS-XW-EXT,L3-STAT-AS-XW-OPCODES,L3-STAT-AS-CUSTOM32,L3-STAT-AS-ATTR	COMPLETE-TILING	L3-190-alias-intervals	pair_id=AS-ALIAS-WCH-P2;file_id=AS-ALIAS-P2;file_size=1727112;interval_sha256=ffa45af4ce6b7780727be9b2f2f9ca0b35932363e311b247d840ef9da1bdc1f5
L3-REG-AS-ALIAS-WCH-P2-UPSTREAM-P2-016	BINUTILS-GAS	UPSTREAM-P2	tmp/phase2-evidence/literal-clean/quarantine-toolchain_15.2.0-run1/riscv-gnu-toolchain/output/riscv32-wch-elf/bin/as	36d5b962080a3214f9cc7d7e4b96727845ada1b7096e118373149a03f2983510	1672	1720	48	load-command[15]:0xc	LINK-LAYOUT	L3-MAP-GAS	L3-STAT-GAS-IP,L3-STAT-AS-XW-EXT,L3-STAT-AS-XW-OPCODES,L3-STAT-AS-CUSTOM32,L3-STAT-AS-ATTR	COMPLETE-TILING	L3-190-alias-intervals	pair_id=AS-ALIAS-WCH-P2;file_id=AS-ALIAS-P2;file_size=1727112;interval_sha256=70ad563e95ac2bc9fefdc6ffaf87d87d18272d013bc98f6d4fc78e85e28a9111
L3-REG-AS-ALIAS-WCH-P2-UPSTREAM-P2-017	BINUTILS-GAS	UPSTREAM-P2	tmp/phase2-evidence/literal-clean/quarantine-toolchain_15.2.0-run1/riscv-gnu-toolchain/output/riscv32-wch-elf/bin/as	36d5b962080a3214f9cc7d7e4b96727845ada1b7096e118373149a03f2983510	1720	1736	16	load-command[16]:0x26	LINK-LAYOUT	L3-MAP-GAS	L3-STAT-GAS-IP,L3-STAT-AS-XW-EXT,L3-STAT-AS-XW-OPCODES,L3-STAT-AS-CUSTOM32,L3-STAT-AS-ATTR	COMPLETE-TILING	L3-190-alias-intervals	pair_id=AS-ALIAS-WCH-P2;file_id=AS-ALIAS-P2;file_size=1727112;interval_sha256=f963d09913fecf24670899b721c9942877ac3ee888957a7d42d5d448a49cedbb
L3-REG-AS-ALIAS-WCH-P2-UPSTREAM-P2-018	BINUTILS-GAS	UPSTREAM-P2	tmp/phase2-evidence/literal-clean/quarantine-toolchain_15.2.0-run1/riscv-gnu-toolchain/output/riscv32-wch-elf/bin/as	36d5b962080a3214f9cc7d7e4b96727845ada1b7096e118373149a03f2983510	1736	1752	16	load-command[17]:0x29	LINK-LAYOUT	L3-MAP-GAS	L3-STAT-GAS-IP,L3-STAT-AS-XW-EXT,L3-STAT-AS-XW-OPCODES,L3-STAT-AS-CUSTOM32,L3-STAT-AS-ATTR	COMPLETE-TILING	L3-190-alias-intervals	pair_id=AS-ALIAS-WCH-P2;file_id=AS-ALIAS-P2;file_size=1727112;interval_sha256=3fd1d5ace230414cde561bcbb6371fa5fab0793270222f127543830c22537c92
L3-REG-AS-ALIAS-WCH-P2-UPSTREAM-P2-019	BINUTILS-GAS	UPSTREAM-P2	tmp/phase2-evidence/literal-clean/quarantine-toolchain_15.2.0-run1/riscv-gnu-toolchain/output/riscv32-wch-elf/bin/as	36d5b962080a3214f9cc7d7e4b96727845ada1b7096e118373149a03f2983510	1752	1768	16	load-command[18]:0x1d	SIGNATURE/UUID/BUILD-METADATA	L3-MAP-GAS	L3-STAT-GAS-IP,L3-STAT-AS-XW-EXT,L3-STAT-AS-XW-OPCODES,L3-STAT-AS-CUSTOM32,L3-STAT-AS-ATTR	COMPLETE-TILING	L3-190-alias-intervals	pair_id=AS-ALIAS-WCH-P2;file_id=AS-ALIAS-P2;file_size=1727112;interval_sha256=e36ee3e767a156a3bafeed1474d933c177c847d87ae2a76f506a9d85aedbbd9f
L3-REG-AS-ALIAS-WCH-P2-UPSTREAM-P2-020	BINUTILS-GAS	UPSTREAM-P2	tmp/phase2-evidence/literal-clean/quarantine-toolchain_15.2.0-run1/riscv-gnu-toolchain/output/riscv32-wch-elf/bin/as	36d5b962080a3214f9cc7d7e4b96727845ada1b7096e118373149a03f2983510	1768	1808	40	segment:__TEXT	PADDING/ALIGNMENT	L3-MAP-GAS	L3-STAT-GAS-IP,L3-STAT-AS-XW-EXT,L3-STAT-AS-XW-OPCODES,L3-STAT-AS-CUSTOM32,L3-STAT-AS-ATTR	COMPLETE-TILING	L3-190-alias-intervals	pair_id=AS-ALIAS-WCH-P2;file_id=AS-ALIAS-P2;file_size=1727112;interval_sha256=2c34ce1df23b838c5abf2a7f6437cca3d3067ed509ff25f11df6b11b582b51eb
L3-REG-AS-ALIAS-WCH-P2-UPSTREAM-P2-021	BINUTILS-GAS	UPSTREAM-P2	tmp/phase2-evidence/literal-clean/quarantine-toolchain_15.2.0-run1/riscv-gnu-toolchain/output/riscv32-wch-elf/bin/as	36d5b962080a3214f9cc7d7e4b96727845ada1b7096e118373149a03f2983510	1808	884968	883160	section:__TEXT,__text	FUNCTIONAL-CODE	L3-MAP-GAS	L3-STAT-GAS-IP,L3-STAT-AS-XW-EXT,L3-STAT-AS-XW-OPCODES,L3-STAT-AS-CUSTOM32,L3-STAT-AS-ATTR	COMPLETE-TILING	L3-190-alias-intervals	pair_id=AS-ALIAS-WCH-P2;file_id=AS-ALIAS-P2;file_size=1727112;interval_sha256=30707cd50d291bc108f72aa0091afbb6456a11b4e4ed96864abeed82b4c66f50
L3-REG-AS-ALIAS-WCH-P2-UPSTREAM-P2-022	BINUTILS-GAS	UPSTREAM-P2	tmp/phase2-evidence/literal-clean/quarantine-toolchain_15.2.0-run1/riscv-gnu-toolchain/output/riscv32-wch-elf/bin/as	36d5b962080a3214f9cc7d7e4b96727845ada1b7096e118373149a03f2983510	884968	886456	1488	section:__TEXT,__stubs	PACKAGING/DEPENDENCY	L3-MAP-GAS	L3-STAT-GAS-IP,L3-STAT-AS-XW-EXT,L3-STAT-AS-XW-OPCODES,L3-STAT-AS-CUSTOM32,L3-STAT-AS-ATTR	COMPLETE-TILING	L3-190-alias-intervals	pair_id=AS-ALIAS-WCH-P2;file_id=AS-ALIAS-P2;file_size=1727112;interval_sha256=fcd0e2670a7f157c85516ed387ac95a7d1c3088c8afbfe9645617e22b1f323a6
L3-REG-AS-ALIAS-WCH-P2-UPSTREAM-P2-023	BINUTILS-GAS	UPSTREAM-P2	tmp/phase2-evidence/literal-clean/quarantine-toolchain_15.2.0-run1/riscv-gnu-toolchain/output/riscv32-wch-elf/bin/as	36d5b962080a3214f9cc7d7e4b96727845ada1b7096e118373149a03f2983510	886456	886464	8	segment:__TEXT	PADDING/ALIGNMENT	L3-MAP-GAS	L3-STAT-GAS-IP,L3-STAT-AS-XW-EXT,L3-STAT-AS-XW-OPCODES,L3-STAT-AS-CUSTOM32,L3-STAT-AS-ATTR	COMPLETE-TILING	L3-190-alias-intervals	pair_id=AS-ALIAS-WCH-P2;file_id=AS-ALIAS-P2;file_size=1727112;interval_sha256=af5570f5a1810b7af78caf4bc70a660f0df51e42baf91d4de5b2328de0e83dfc
L3-REG-AS-ALIAS-WCH-P2-UPSTREAM-P2-024	BINUTILS-GAS	UPSTREAM-P2	tmp/phase2-evidence/literal-clean/quarantine-toolchain_15.2.0-run1/riscv-gnu-toolchain/output/riscv32-wch-elf/bin/as	36d5b962080a3214f9cc7d7e4b96727845ada1b7096e118373149a03f2983510	886464	903056	16592	section:__TEXT,__const	FUNCTIONAL-DATA-TABLE	L3-MAP-GAS	L3-STAT-GAS-IP,L3-STAT-AS-XW-EXT,L3-STAT-AS-XW-OPCODES,L3-STAT-AS-CUSTOM32,L3-STAT-AS-ATTR	COMPLETE-TILING	L3-190-alias-intervals	pair_id=AS-ALIAS-WCH-P2;file_id=AS-ALIAS-P2;file_size=1727112;interval_sha256=faafcd10a20d885f085a2650c7e009df1ff52e4d5e6f08000a83f1a045b0c94e
L3-REG-AS-ALIAS-WCH-P2-UPSTREAM-P2-025	BINUTILS-GAS	UPSTREAM-P2	tmp/phase2-evidence/literal-clean/quarantine-toolchain_15.2.0-run1/riscv-gnu-toolchain/output/riscv32-wch-elf/bin/as	36d5b962080a3214f9cc7d7e4b96727845ada1b7096e118373149a03f2983510	903056	1095761	192705	section:__TEXT,__cstring	FUNCTIONAL-DATA-TABLE	L3-MAP-GAS	L3-STAT-GAS-IP,L3-STAT-AS-XW-EXT,L3-STAT-AS-XW-OPCODES,L3-STAT-AS-CUSTOM32,L3-STAT-AS-ATTR	COMPLETE-TILING	L3-190-alias-intervals	pair_id=AS-ALIAS-WCH-P2;file_id=AS-ALIAS-P2;file_size=1727112;interval_sha256=c2f753fb223ece8a9ecb51c96e6fce6f3c01cd23321c36aaaecd5c53fbbbc245
L3-REG-AS-ALIAS-WCH-P2-UPSTREAM-P2-026	BINUTILS-GAS	UPSTREAM-P2	tmp/phase2-evidence/literal-clean/quarantine-toolchain_15.2.0-run1/riscv-gnu-toolchain/output/riscv32-wch-elf/bin/as	36d5b962080a3214f9cc7d7e4b96727845ada1b7096e118373149a03f2983510	1095761	1095764	3	segment:__TEXT	PADDING/ALIGNMENT	L3-MAP-GAS	L3-STAT-GAS-IP,L3-STAT-AS-XW-EXT,L3-STAT-AS-XW-OPCODES,L3-STAT-AS-CUSTOM32,L3-STAT-AS-ATTR	COMPLETE-TILING	L3-190-alias-intervals	pair_id=AS-ALIAS-WCH-P2;file_id=AS-ALIAS-P2;file_size=1727112;interval_sha256=709e80c88487a2411e1ee4dfb9f22a861492d20c4765150c0c794abd70f8147c
L3-REG-AS-ALIAS-WCH-P2-UPSTREAM-P2-027	BINUTILS-GAS	UPSTREAM-P2	tmp/phase2-evidence/literal-clean/quarantine-toolchain_15.2.0-run1/riscv-gnu-toolchain/output/riscv32-wch-elf/bin/as	36d5b962080a3214f9cc7d7e4b96727845ada1b7096e118373149a03f2983510	1095764	1102164	6400	section:__TEXT,__unwind_info	FUNCTIONAL-DATA-TABLE	L3-MAP-GAS	L3-STAT-GAS-IP,L3-STAT-AS-XW-EXT,L3-STAT-AS-XW-OPCODES,L3-STAT-AS-CUSTOM32,L3-STAT-AS-ATTR	COMPLETE-TILING	L3-190-alias-intervals	pair_id=AS-ALIAS-WCH-P2;file_id=AS-ALIAS-P2;file_size=1727112;interval_sha256=9facc4a02d19dfd9734968c1b1ede52e5da0ac8caf29a0768b7477756056ed9c
L3-REG-AS-ALIAS-WCH-P2-UPSTREAM-P2-028	BINUTILS-GAS	UPSTREAM-P2	tmp/phase2-evidence/literal-clean/quarantine-toolchain_15.2.0-run1/riscv-gnu-toolchain/output/riscv32-wch-elf/bin/as	36d5b962080a3214f9cc7d7e4b96727845ada1b7096e118373149a03f2983510	1102164	1114112	11948	segment:__TEXT	PADDING/ALIGNMENT	L3-MAP-GAS	L3-STAT-GAS-IP,L3-STAT-AS-XW-EXT,L3-STAT-AS-XW-OPCODES,L3-STAT-AS-CUSTOM32,L3-STAT-AS-ATTR	COMPLETE-TILING	L3-190-alias-intervals	pair_id=AS-ALIAS-WCH-P2;file_id=AS-ALIAS-P2;file_size=1727112;interval_sha256=c0d21ad74bf3bde65f5e5194fac2049e5f44a892fb39dce32426d147f1fdf97f
L3-REG-AS-ALIAS-WCH-P2-UPSTREAM-P2-029	BINUTILS-GAS	UPSTREAM-P2	tmp/phase2-evidence/literal-clean/quarantine-toolchain_15.2.0-run1/riscv-gnu-toolchain/output/riscv32-wch-elf/bin/as	36d5b962080a3214f9cc7d7e4b96727845ada1b7096e118373149a03f2983510	1114112	1115160	1048	section:__DATA_CONST,__got	PACKAGING/DEPENDENCY	L3-MAP-GAS	L3-STAT-GAS-IP,L3-STAT-AS-XW-EXT,L3-STAT-AS-XW-OPCODES,L3-STAT-AS-CUSTOM32,L3-STAT-AS-ATTR	COMPLETE-TILING	L3-190-alias-intervals	pair_id=AS-ALIAS-WCH-P2;file_id=AS-ALIAS-P2;file_size=1727112;interval_sha256=6db4322ef9e105a86bc14791ec3f81d73f1ffc8d748025b4dd67dd3e00008f89
L3-REG-AS-ALIAS-WCH-P2-UPSTREAM-P2-030	BINUTILS-GAS	UPSTREAM-P2	tmp/phase2-evidence/literal-clean/quarantine-toolchain_15.2.0-run1/riscv-gnu-toolchain/output/riscv32-wch-elf/bin/as	36d5b962080a3214f9cc7d7e4b96727845ada1b7096e118373149a03f2983510	1115160	1347840	232680	section:__DATA_CONST,__const	FUNCTIONAL-DATA-TABLE	L3-MAP-GAS	L3-STAT-GAS-IP,L3-STAT-AS-XW-EXT,L3-STAT-AS-XW-OPCODES,L3-STAT-AS-CUSTOM32,L3-STAT-AS-ATTR	COMPLETE-TILING	L3-190-alias-intervals	pair_id=AS-ALIAS-WCH-P2;file_id=AS-ALIAS-P2;file_size=1727112;interval_sha256=1cfb4b21339fb857f2c6276c14aa6d83f5e136f50d9e974358c52dfa81eec211
L3-REG-AS-ALIAS-WCH-P2-UPSTREAM-P2-031	BINUTILS-GAS	UPSTREAM-P2	tmp/phase2-evidence/literal-clean/quarantine-toolchain_15.2.0-run1/riscv-gnu-toolchain/output/riscv32-wch-elf/bin/as	36d5b962080a3214f9cc7d7e4b96727845ada1b7096e118373149a03f2983510	1347840	1359872	12032	segment:__DATA_CONST	PADDING/ALIGNMENT	L3-MAP-GAS	L3-STAT-GAS-IP,L3-STAT-AS-XW-EXT,L3-STAT-AS-XW-OPCODES,L3-STAT-AS-CUSTOM32,L3-STAT-AS-ATTR	COMPLETE-TILING	L3-190-alias-intervals	pair_id=AS-ALIAS-WCH-P2;file_id=AS-ALIAS-P2;file_size=1727112;interval_sha256=12a42cfe372b164bdba3fcaf9084fc39b2032c8aec11bdf0c2acb46a6b614fb7
L3-REG-AS-ALIAS-WCH-P2-UPSTREAM-P2-032	BINUTILS-GAS	UPSTREAM-P2	tmp/phase2-evidence/literal-clean/quarantine-toolchain_15.2.0-run1/riscv-gnu-toolchain/output/riscv32-wch-elf/bin/as	36d5b962080a3214f9cc7d7e4b96727845ada1b7096e118373149a03f2983510	1359872	1369912	10040	section:__DATA,__data	FUNCTIONAL-DATA-TABLE	L3-MAP-GAS	L3-STAT-GAS-IP,L3-STAT-AS-XW-EXT,L3-STAT-AS-XW-OPCODES,L3-STAT-AS-CUSTOM32,L3-STAT-AS-ATTR	COMPLETE-TILING	L3-190-alias-intervals	pair_id=AS-ALIAS-WCH-P2;file_id=AS-ALIAS-P2;file_size=1727112;interval_sha256=331cbfa3c6255d3c44ac8cd1e5068e5c105648f53055b03a3f42f24cdda8cbd3
L3-REG-AS-ALIAS-WCH-P2-UPSTREAM-P2-033	BINUTILS-GAS	UPSTREAM-P2	tmp/phase2-evidence/literal-clean/quarantine-toolchain_15.2.0-run1/riscv-gnu-toolchain/output/riscv32-wch-elf/bin/as	36d5b962080a3214f9cc7d7e4b96727845ada1b7096e118373149a03f2983510	1369912	1369984	72	section:__DATA,__thread_vars	PACKAGING/DEPENDENCY	L3-MAP-GAS	L3-STAT-GAS-IP,L3-STAT-AS-XW-EXT,L3-STAT-AS-XW-OPCODES,L3-STAT-AS-CUSTOM32,L3-STAT-AS-ATTR	COMPLETE-TILING	L3-190-alias-intervals	pair_id=AS-ALIAS-WCH-P2;file_id=AS-ALIAS-P2;file_size=1727112;interval_sha256=728eae6229f693a6d1597d1223732d007d8aba51824c686f5ac7033ade177b72
L3-REG-AS-ALIAS-WCH-P2-UPSTREAM-P2-034	BINUTILS-GAS	UPSTREAM-P2	tmp/phase2-evidence/literal-clean/quarantine-toolchain_15.2.0-run1/riscv-gnu-toolchain/output/riscv32-wch-elf/bin/as	36d5b962080a3214f9cc7d7e4b96727845ada1b7096e118373149a03f2983510	1369984	1376256	6272	segment:__DATA	PADDING/ALIGNMENT	L3-MAP-GAS	L3-STAT-GAS-IP,L3-STAT-AS-XW-EXT,L3-STAT-AS-XW-OPCODES,L3-STAT-AS-CUSTOM32,L3-STAT-AS-ATTR	COMPLETE-TILING	L3-190-alias-intervals	pair_id=AS-ALIAS-WCH-P2;file_id=AS-ALIAS-P2;file_size=1727112;interval_sha256=27e252c16d2f3c861b57f34cb9d769a3e4ff93a1adf73af6970fda1294d88d0f
L3-REG-AS-ALIAS-WCH-P2-UPSTREAM-P2-035	BINUTILS-GAS	UPSTREAM-P2	tmp/phase2-evidence/literal-clean/quarantine-toolchain_15.2.0-run1/riscv-gnu-toolchain/output/riscv32-wch-elf/bin/as	36d5b962080a3214f9cc7d7e4b96727845ada1b7096e118373149a03f2983510	1376256	1378160	1904	LC_DYLD_CHAINED_FIXUPS-data	PACKAGING/DEPENDENCY	L3-MAP-GAS	L3-STAT-GAS-IP,L3-STAT-AS-XW-EXT,L3-STAT-AS-XW-OPCODES,L3-STAT-AS-CUSTOM32,L3-STAT-AS-ATTR	COMPLETE-TILING	L3-190-alias-intervals	pair_id=AS-ALIAS-WCH-P2;file_id=AS-ALIAS-P2;file_size=1727112;interval_sha256=b6514d9560c5b756617e443dac2f4f8e42f998928b876a7c205daa8f81cf0abd
L3-REG-AS-ALIAS-WCH-P2-UPSTREAM-P2-036	BINUTILS-GAS	UPSTREAM-P2	tmp/phase2-evidence/literal-clean/quarantine-toolchain_15.2.0-run1/riscv-gnu-toolchain/output/riscv32-wch-elf/bin/as	36d5b962080a3214f9cc7d7e4b96727845ada1b7096e118373149a03f2983510	1378160	1411512	33352	LC_DYLD_EXPORTS_TRIE-data	PACKAGING/DEPENDENCY	L3-MAP-GAS	L3-STAT-GAS-IP,L3-STAT-AS-XW-EXT,L3-STAT-AS-XW-OPCODES,L3-STAT-AS-CUSTOM32,L3-STAT-AS-ATTR	COMPLETE-TILING	L3-190-alias-intervals	pair_id=AS-ALIAS-WCH-P2;file_id=AS-ALIAS-P2;file_size=1727112;interval_sha256=4c501d68c3f2a3fd9858ec00ecca577a8fd22c2d3b94bb2456a52c5c3528d8bb
L3-REG-AS-ALIAS-WCH-P2-UPSTREAM-P2-037	BINUTILS-GAS	UPSTREAM-P2	tmp/phase2-evidence/literal-clean/quarantine-toolchain_15.2.0-run1/riscv-gnu-toolchain/output/riscv32-wch-elf/bin/as	36d5b962080a3214f9cc7d7e4b96727845ada1b7096e118373149a03f2983510	1411512	1415056	3544	LC_FUNCTION_STARTS-data	LINK-LAYOUT	L3-MAP-GAS	L3-STAT-GAS-IP,L3-STAT-AS-XW-EXT,L3-STAT-AS-XW-OPCODES,L3-STAT-AS-CUSTOM32,L3-STAT-AS-ATTR	COMPLETE-TILING	L3-190-alias-intervals	pair_id=AS-ALIAS-WCH-P2;file_id=AS-ALIAS-P2;file_size=1727112;interval_sha256=402c93018c4909aa061d006ae57d6d44832dca64290fa31ab7eb29a97acad930
L3-REG-AS-ALIAS-WCH-P2-UPSTREAM-P2-038	BINUTILS-GAS	UPSTREAM-P2	tmp/phase2-evidence/literal-clean/quarantine-toolchain_15.2.0-run1/riscv-gnu-toolchain/output/riscv32-wch-elf/bin/as	36d5b962080a3214f9cc7d7e4b96727845ada1b7096e118373149a03f2983510	1415056	1628640	213584	LC_SYMTAB-symbols	STRIP/DEBUG/SYMBOL-LAYOUT	L3-MAP-GAS	L3-STAT-GAS-IP,L3-STAT-AS-XW-EXT,L3-STAT-AS-XW-OPCODES,L3-STAT-AS-CUSTOM32,L3-STAT-AS-ATTR	COMPLETE-TILING	L3-190-alias-intervals	pair_id=AS-ALIAS-WCH-P2;file_id=AS-ALIAS-P2;file_size=1727112;interval_sha256=834497d02132c26ef6a56198de151bef1e74b3cee309320df6410a763c62cd69
L3-REG-AS-ALIAS-WCH-P2-UPSTREAM-P2-039	BINUTILS-GAS	UPSTREAM-P2	tmp/phase2-evidence/literal-clean/quarantine-toolchain_15.2.0-run1/riscv-gnu-toolchain/output/riscv32-wch-elf/bin/as	36d5b962080a3214f9cc7d7e4b96727845ada1b7096e118373149a03f2983510	1628640	1629660	1020	LC_DYSYMTAB-indirect-symbols	STRIP/DEBUG/SYMBOL-LAYOUT	L3-MAP-GAS	L3-STAT-GAS-IP,L3-STAT-AS-XW-EXT,L3-STAT-AS-XW-OPCODES,L3-STAT-AS-CUSTOM32,L3-STAT-AS-ATTR	COMPLETE-TILING	L3-190-alias-intervals	pair_id=AS-ALIAS-WCH-P2;file_id=AS-ALIAS-P2;file_size=1727112;interval_sha256=ee004f2e24fbb8dcec048ff4d8210feb166b0ca520c24d525a912e00f0621546
L3-REG-AS-ALIAS-WCH-P2-UPSTREAM-P2-040	BINUTILS-GAS	UPSTREAM-P2	tmp/phase2-evidence/literal-clean/quarantine-toolchain_15.2.0-run1/riscv-gnu-toolchain/output/riscv32-wch-elf/bin/as	36d5b962080a3214f9cc7d7e4b96727845ada1b7096e118373149a03f2983510	1629660	1629664	4	segment:__LINKEDIT	LINK-LAYOUT	L3-MAP-GAS	L3-STAT-GAS-IP,L3-STAT-AS-XW-EXT,L3-STAT-AS-XW-OPCODES,L3-STAT-AS-CUSTOM32,L3-STAT-AS-ATTR	COMPLETE-TILING	L3-190-alias-intervals	pair_id=AS-ALIAS-WCH-P2;file_id=AS-ALIAS-P2;file_size=1727112;interval_sha256=df3f619804a92fdb4057192dc43dd748ea778adc52bc498ce80524c014b81119
L3-REG-AS-ALIAS-WCH-P2-UPSTREAM-P2-041	BINUTILS-GAS	UPSTREAM-P2	tmp/phase2-evidence/literal-clean/quarantine-toolchain_15.2.0-run1/riscv-gnu-toolchain/output/riscv32-wch-elf/bin/as	36d5b962080a3214f9cc7d7e4b96727845ada1b7096e118373149a03f2983510	1629664	1713584	83920	LC_SYMTAB-strings	STRIP/DEBUG/SYMBOL-LAYOUT	L3-MAP-GAS	L3-STAT-GAS-IP,L3-STAT-AS-XW-EXT,L3-STAT-AS-XW-OPCODES,L3-STAT-AS-CUSTOM32,L3-STAT-AS-ATTR	COMPLETE-TILING	L3-190-alias-intervals	pair_id=AS-ALIAS-WCH-P2;file_id=AS-ALIAS-P2;file_size=1727112;interval_sha256=6a39aa0d52118261dbb41ca4f4a8b4166b22df12d3cec09ef731e16fcea2f352
L3-REG-AS-ALIAS-WCH-P2-UPSTREAM-P2-042	BINUTILS-GAS	UPSTREAM-P2	tmp/phase2-evidence/literal-clean/quarantine-toolchain_15.2.0-run1/riscv-gnu-toolchain/output/riscv32-wch-elf/bin/as	36d5b962080a3214f9cc7d7e4b96727845ada1b7096e118373149a03f2983510	1713584	1727112	13528	LC_CODE_SIGNATURE-data	SIGNATURE/UUID/BUILD-METADATA	L3-MAP-GAS	L3-STAT-GAS-IP,L3-STAT-AS-XW-EXT,L3-STAT-AS-XW-OPCODES,L3-STAT-AS-CUSTOM32,L3-STAT-AS-ATTR	COMPLETE-TILING	L3-190-alias-intervals	pair_id=AS-ALIAS-WCH-P2;file_id=AS-ALIAS-P2;file_size=1727112;interval_sha256=483918aba8263f1832de5c33b8952b654d6ed39c375983fd91be258908781b22
L3-REG-AS-ALIAS-WCH-P2-WCH-000	BINUTILS-GAS	WCH	ref/gcc/darwin-arm64/15.2.0/riscv32-wch-elf/bin/as	ba1556808e7a5c670735b6e7333b76ce8fd333b7fbc084e66c3329ee90c8a09e	0	32	32	mach_header_64	LINK-LAYOUT	L3-MAP-GAS	L3-STAT-GAS-IP,L3-STAT-AS-XW-EXT,L3-STAT-AS-XW-OPCODES,L3-STAT-AS-CUSTOM32,L3-STAT-AS-ATTR	COMPLETE-TILING	L3-190-alias-intervals	pair_id=AS-ALIAS-WCH-P2;file_id=AS-ALIAS-WCH;file_size=1500976;interval_sha256=f8e22d64c4b4cd9b6d079cc8b71c3e759694d8e768699ed2691b4c8cd5047451
L3-REG-AS-ALIAS-WCH-P2-WCH-001	BINUTILS-GAS	WCH	ref/gcc/darwin-arm64/15.2.0/riscv32-wch-elf/bin/as	ba1556808e7a5c670735b6e7333b76ce8fd333b7fbc084e66c3329ee90c8a09e	32	104	72	load-command[0]:0x19	LINK-LAYOUT	L3-MAP-GAS	L3-STAT-GAS-IP,L3-STAT-AS-XW-EXT,L3-STAT-AS-XW-OPCODES,L3-STAT-AS-CUSTOM32,L3-STAT-AS-ATTR	COMPLETE-TILING	L3-190-alias-intervals	pair_id=AS-ALIAS-WCH-P2;file_id=AS-ALIAS-WCH;file_size=1500976;interval_sha256=38432a8fbcbe1ae9fdf9263fe1e4e948de98131833cc5e5333f375dcf5f6333f
L3-REG-AS-ALIAS-WCH-P2-WCH-002	BINUTILS-GAS	WCH	ref/gcc/darwin-arm64/15.2.0/riscv32-wch-elf/bin/as	ba1556808e7a5c670735b6e7333b76ce8fd333b7fbc084e66c3329ee90c8a09e	104	736	632	load-command[1]:0x19	LINK-LAYOUT	L3-MAP-GAS	L3-STAT-GAS-IP,L3-STAT-AS-XW-EXT,L3-STAT-AS-XW-OPCODES,L3-STAT-AS-CUSTOM32,L3-STAT-AS-ATTR	COMPLETE-TILING	L3-190-alias-intervals	pair_id=AS-ALIAS-WCH-P2;file_id=AS-ALIAS-WCH;file_size=1500976;interval_sha256=9d41994b4edf8424674e7a4e175eae586e935a08e6b01454719b4ff6b0df44d6
L3-REG-AS-ALIAS-WCH-P2-WCH-003	BINUTILS-GAS	WCH	ref/gcc/darwin-arm64/15.2.0/riscv32-wch-elf/bin/as	ba1556808e7a5c670735b6e7333b76ce8fd333b7fbc084e66c3329ee90c8a09e	736	968	232	load-command[2]:0x19	LINK-LAYOUT	L3-MAP-GAS	L3-STAT-GAS-IP,L3-STAT-AS-XW-EXT,L3-STAT-AS-XW-OPCODES,L3-STAT-AS-CUSTOM32,L3-STAT-AS-ATTR	COMPLETE-TILING	L3-190-alias-intervals	pair_id=AS-ALIAS-WCH-P2;file_id=AS-ALIAS-WCH;file_size=1500976;interval_sha256=59667515e89756f8ec20273388e6d4e878730ad8ffb9c1a1b2335f4ca6c2e116
L3-REG-AS-ALIAS-WCH-P2-WCH-004	BINUTILS-GAS	WCH	ref/gcc/darwin-arm64/15.2.0/riscv32-wch-elf/bin/as	ba1556808e7a5c670735b6e7333b76ce8fd333b7fbc084e66c3329ee90c8a09e	968	1440	472	load-command[3]:0x19	LINK-LAYOUT	L3-MAP-GAS	L3-STAT-GAS-IP,L3-STAT-AS-XW-EXT,L3-STAT-AS-XW-OPCODES,L3-STAT-AS-CUSTOM32,L3-STAT-AS-ATTR	COMPLETE-TILING	L3-190-alias-intervals	pair_id=AS-ALIAS-WCH-P2;file_id=AS-ALIAS-WCH;file_size=1500976;interval_sha256=58b5b46f6c897c64d37648d2d29f65344093ea4b10d90a7d0074696fedd6a3e9
L3-REG-AS-ALIAS-WCH-P2-WCH-005	BINUTILS-GAS	WCH	ref/gcc/darwin-arm64/15.2.0/riscv32-wch-elf/bin/as	ba1556808e7a5c670735b6e7333b76ce8fd333b7fbc084e66c3329ee90c8a09e	1440	1512	72	load-command[4]:0x19	LINK-LAYOUT	L3-MAP-GAS	L3-STAT-GAS-IP,L3-STAT-AS-XW-EXT,L3-STAT-AS-XW-OPCODES,L3-STAT-AS-CUSTOM32,L3-STAT-AS-ATTR	COMPLETE-TILING	L3-190-alias-intervals	pair_id=AS-ALIAS-WCH-P2;file_id=AS-ALIAS-WCH;file_size=1500976;interval_sha256=8cad522f4d0abd706d16bc243d6af21c8e6b3796ada482c0f064b155bf2a9934
L3-REG-AS-ALIAS-WCH-P2-WCH-006	BINUTILS-GAS	WCH	ref/gcc/darwin-arm64/15.2.0/riscv32-wch-elf/bin/as	ba1556808e7a5c670735b6e7333b76ce8fd333b7fbc084e66c3329ee90c8a09e	1512	1528	16	load-command[5]:0x80000034	LINK-LAYOUT	L3-MAP-GAS	L3-STAT-GAS-IP,L3-STAT-AS-XW-EXT,L3-STAT-AS-XW-OPCODES,L3-STAT-AS-CUSTOM32,L3-STAT-AS-ATTR	COMPLETE-TILING	L3-190-alias-intervals	pair_id=AS-ALIAS-WCH-P2;file_id=AS-ALIAS-WCH;file_size=1500976;interval_sha256=da70fd6ae0405863226d2861e1e03e8c87108c8346334141dc6e802d55bc4bbf
L3-REG-AS-ALIAS-WCH-P2-WCH-007	BINUTILS-GAS	WCH	ref/gcc/darwin-arm64/15.2.0/riscv32-wch-elf/bin/as	ba1556808e7a5c670735b6e7333b76ce8fd333b7fbc084e66c3329ee90c8a09e	1528	1544	16	load-command[6]:0x80000033	LINK-LAYOUT	L3-MAP-GAS	L3-STAT-GAS-IP,L3-STAT-AS-XW-EXT,L3-STAT-AS-XW-OPCODES,L3-STAT-AS-CUSTOM32,L3-STAT-AS-ATTR	COMPLETE-TILING	L3-190-alias-intervals	pair_id=AS-ALIAS-WCH-P2;file_id=AS-ALIAS-WCH;file_size=1500976;interval_sha256=6036706d6256ea7a25b1e3bf7999bae0299d0bc9c3d83472426c56974c9e589e
L3-REG-AS-ALIAS-WCH-P2-WCH-008	BINUTILS-GAS	WCH	ref/gcc/darwin-arm64/15.2.0/riscv32-wch-elf/bin/as	ba1556808e7a5c670735b6e7333b76ce8fd333b7fbc084e66c3329ee90c8a09e	1544	1568	24	load-command[7]:0x2	LINK-LAYOUT	L3-MAP-GAS	L3-STAT-GAS-IP,L3-STAT-AS-XW-EXT,L3-STAT-AS-XW-OPCODES,L3-STAT-AS-CUSTOM32,L3-STAT-AS-ATTR	COMPLETE-TILING	L3-190-alias-intervals	pair_id=AS-ALIAS-WCH-P2;file_id=AS-ALIAS-WCH;file_size=1500976;interval_sha256=f2a84fa917d8eac489ed175fb335f018b818bc0899b6963b9d7d321529c90e5f
L3-REG-AS-ALIAS-WCH-P2-WCH-009	BINUTILS-GAS	WCH	ref/gcc/darwin-arm64/15.2.0/riscv32-wch-elf/bin/as	ba1556808e7a5c670735b6e7333b76ce8fd333b7fbc084e66c3329ee90c8a09e	1568	1648	80	load-command[8]:0xb	LINK-LAYOUT	L3-MAP-GAS	L3-STAT-GAS-IP,L3-STAT-AS-XW-EXT,L3-STAT-AS-XW-OPCODES,L3-STAT-AS-CUSTOM32,L3-STAT-AS-ATTR	COMPLETE-TILING	L3-190-alias-intervals	pair_id=AS-ALIAS-WCH-P2;file_id=AS-ALIAS-WCH;file_size=1500976;interval_sha256=c362e4a783455090a5f30f6efea7fd3d0272b77b4bdc0c4e370a2b4b16be34a7
L3-REG-AS-ALIAS-WCH-P2-WCH-010	BINUTILS-GAS	WCH	ref/gcc/darwin-arm64/15.2.0/riscv32-wch-elf/bin/as	ba1556808e7a5c670735b6e7333b76ce8fd333b7fbc084e66c3329ee90c8a09e	1648	1680	32	load-command[9]:0xe	LINK-LAYOUT	L3-MAP-GAS	L3-STAT-GAS-IP,L3-STAT-AS-XW-EXT,L3-STAT-AS-XW-OPCODES,L3-STAT-AS-CUSTOM32,L3-STAT-AS-ATTR	COMPLETE-TILING	L3-190-alias-intervals	pair_id=AS-ALIAS-WCH-P2;file_id=AS-ALIAS-WCH;file_size=1500976;interval_sha256=44316cf4f366f41aa06996613c44af75e34479362928faf61a168c2a203b5999
L3-REG-AS-ALIAS-WCH-P2-WCH-011	BINUTILS-GAS	WCH	ref/gcc/darwin-arm64/15.2.0/riscv32-wch-elf/bin/as	ba1556808e7a5c670735b6e7333b76ce8fd333b7fbc084e66c3329ee90c8a09e	1680	1704	24	load-command[10]:0x1b	SIGNATURE/UUID/BUILD-METADATA	L3-MAP-GAS	L3-STAT-GAS-IP,L3-STAT-AS-XW-EXT,L3-STAT-AS-XW-OPCODES,L3-STAT-AS-CUSTOM32,L3-STAT-AS-ATTR	COMPLETE-TILING	L3-190-alias-intervals	pair_id=AS-ALIAS-WCH-P2;file_id=AS-ALIAS-WCH;file_size=1500976;interval_sha256=06c2bfd34a20076801ca60122e42cb9638aa125cb023b9c1aacd29808babf3bb
L3-REG-AS-ALIAS-WCH-P2-WCH-012	BINUTILS-GAS	WCH	ref/gcc/darwin-arm64/15.2.0/riscv32-wch-elf/bin/as	ba1556808e7a5c670735b6e7333b76ce8fd333b7fbc084e66c3329ee90c8a09e	1704	1736	32	load-command[11]:0x32	SIGNATURE/UUID/BUILD-METADATA	L3-MAP-GAS	L3-STAT-GAS-IP,L3-STAT-AS-XW-EXT,L3-STAT-AS-XW-OPCODES,L3-STAT-AS-CUSTOM32,L3-STAT-AS-ATTR	COMPLETE-TILING	L3-190-alias-intervals	pair_id=AS-ALIAS-WCH-P2;file_id=AS-ALIAS-WCH;file_size=1500976;interval_sha256=a3fdf0da365a377842bd4e39ba20dc11e9e504cc493367b2b0b5b36aa050dea0
L3-REG-AS-ALIAS-WCH-P2-WCH-013	BINUTILS-GAS	WCH	ref/gcc/darwin-arm64/15.2.0/riscv32-wch-elf/bin/as	ba1556808e7a5c670735b6e7333b76ce8fd333b7fbc084e66c3329ee90c8a09e	1736	1752	16	load-command[12]:0x2a	SIGNATURE/UUID/BUILD-METADATA	L3-MAP-GAS	L3-STAT-GAS-IP,L3-STAT-AS-XW-EXT,L3-STAT-AS-XW-OPCODES,L3-STAT-AS-CUSTOM32,L3-STAT-AS-ATTR	COMPLETE-TILING	L3-190-alias-intervals	pair_id=AS-ALIAS-WCH-P2;file_id=AS-ALIAS-WCH;file_size=1500976;interval_sha256=01a60f1db7db041298aa3e269ff5ebea951aa6977963e4ab563905da906d2b82
L3-REG-AS-ALIAS-WCH-P2-WCH-014	BINUTILS-GAS	WCH	ref/gcc/darwin-arm64/15.2.0/riscv32-wch-elf/bin/as	ba1556808e7a5c670735b6e7333b76ce8fd333b7fbc084e66c3329ee90c8a09e	1752	1776	24	load-command[13]:0x80000028	LINK-LAYOUT	L3-MAP-GAS	L3-STAT-GAS-IP,L3-STAT-AS-XW-EXT,L3-STAT-AS-XW-OPCODES,L3-STAT-AS-CUSTOM32,L3-STAT-AS-ATTR	COMPLETE-TILING	L3-190-alias-intervals	pair_id=AS-ALIAS-WCH-P2;file_id=AS-ALIAS-WCH;file_size=1500976;interval_sha256=22f3e90d3c137816f649e08fd7e28229bb48c34395b961a8da8149ac6a95fac1
L3-REG-AS-ALIAS-WCH-P2-WCH-015	BINUTILS-GAS	WCH	ref/gcc/darwin-arm64/15.2.0/riscv32-wch-elf/bin/as	ba1556808e7a5c670735b6e7333b76ce8fd333b7fbc084e66c3329ee90c8a09e	1776	1832	56	load-command[14]:0xc	LINK-LAYOUT	L3-MAP-GAS	L3-STAT-GAS-IP,L3-STAT-AS-XW-EXT,L3-STAT-AS-XW-OPCODES,L3-STAT-AS-CUSTOM32,L3-STAT-AS-ATTR	COMPLETE-TILING	L3-190-alias-intervals	pair_id=AS-ALIAS-WCH-P2;file_id=AS-ALIAS-WCH;file_size=1500976;interval_sha256=a76b7338642dddfaa1e767a899cb39b4dc80160890ae1724febfe7e40d40b735
L3-REG-AS-ALIAS-WCH-P2-WCH-016	BINUTILS-GAS	WCH	ref/gcc/darwin-arm64/15.2.0/riscv32-wch-elf/bin/as	ba1556808e7a5c670735b6e7333b76ce8fd333b7fbc084e66c3329ee90c8a09e	1832	1888	56	load-command[15]:0xc	LINK-LAYOUT	L3-MAP-GAS	L3-STAT-GAS-IP,L3-STAT-AS-XW-EXT,L3-STAT-AS-XW-OPCODES,L3-STAT-AS-CUSTOM32,L3-STAT-AS-ATTR	COMPLETE-TILING	L3-190-alias-intervals	pair_id=AS-ALIAS-WCH-P2;file_id=AS-ALIAS-WCH;file_size=1500976;interval_sha256=cc8acbe3e146f3621079d1d71e9c46626788f505132abe123f041ead9ba5490a
L3-REG-AS-ALIAS-WCH-P2-WCH-017	BINUTILS-GAS	WCH	ref/gcc/darwin-arm64/15.2.0/riscv32-wch-elf/bin/as	ba1556808e7a5c670735b6e7333b76ce8fd333b7fbc084e66c3329ee90c8a09e	1888	1904	16	load-command[16]:0x26	LINK-LAYOUT	L3-MAP-GAS	L3-STAT-GAS-IP,L3-STAT-AS-XW-EXT,L3-STAT-AS-XW-OPCODES,L3-STAT-AS-CUSTOM32,L3-STAT-AS-ATTR	COMPLETE-TILING	L3-190-alias-intervals	pair_id=AS-ALIAS-WCH-P2;file_id=AS-ALIAS-WCH;file_size=1500976;interval_sha256=3612a6d6f3441c9d6f923765482758c55634aaf175729b0b6471ef6fe00fb3a0
L3-REG-AS-ALIAS-WCH-P2-WCH-018	BINUTILS-GAS	WCH	ref/gcc/darwin-arm64/15.2.0/riscv32-wch-elf/bin/as	ba1556808e7a5c670735b6e7333b76ce8fd333b7fbc084e66c3329ee90c8a09e	1904	1920	16	load-command[17]:0x29	LINK-LAYOUT	L3-MAP-GAS	L3-STAT-GAS-IP,L3-STAT-AS-XW-EXT,L3-STAT-AS-XW-OPCODES,L3-STAT-AS-CUSTOM32,L3-STAT-AS-ATTR	COMPLETE-TILING	L3-190-alias-intervals	pair_id=AS-ALIAS-WCH-P2;file_id=AS-ALIAS-WCH;file_size=1500976;interval_sha256=dc4d86e3201257dc45a4ee409a1af0bcb63b9f6fac427032c1a640732b794d50
L3-REG-AS-ALIAS-WCH-P2-WCH-019	BINUTILS-GAS	WCH	ref/gcc/darwin-arm64/15.2.0/riscv32-wch-elf/bin/as	ba1556808e7a5c670735b6e7333b76ce8fd333b7fbc084e66c3329ee90c8a09e	1920	1936	16	load-command[18]:0x1d	SIGNATURE/UUID/BUILD-METADATA	L3-MAP-GAS	L3-STAT-GAS-IP,L3-STAT-AS-XW-EXT,L3-STAT-AS-XW-OPCODES,L3-STAT-AS-CUSTOM32,L3-STAT-AS-ATTR	COMPLETE-TILING	L3-190-alias-intervals	pair_id=AS-ALIAS-WCH-P2;file_id=AS-ALIAS-WCH;file_size=1500976;interval_sha256=6b0bc0e4b4b7f95471f298872abce107309eaa098f46ee963834a35cdc093eea
L3-REG-AS-ALIAS-WCH-P2-WCH-020	BINUTILS-GAS	WCH	ref/gcc/darwin-arm64/15.2.0/riscv32-wch-elf/bin/as	ba1556808e7a5c670735b6e7333b76ce8fd333b7fbc084e66c3329ee90c8a09e	1936	13684	11748	segment:__TEXT	PADDING/ALIGNMENT	L3-MAP-GAS	L3-STAT-GAS-IP,L3-STAT-AS-XW-EXT,L3-STAT-AS-XW-OPCODES,L3-STAT-AS-CUSTOM32,L3-STAT-AS-ATTR	COMPLETE-TILING	L3-190-alias-intervals	pair_id=AS-ALIAS-WCH-P2;file_id=AS-ALIAS-WCH;file_size=1500976;interval_sha256=b02206965de76acbf65b62d74ee841eca45c8ae894a01bd95a63c11b75ae5acc
L3-REG-AS-ALIAS-WCH-P2-WCH-021	BINUTILS-GAS	WCH	ref/gcc/darwin-arm64/15.2.0/riscv32-wch-elf/bin/as	ba1556808e7a5c670735b6e7333b76ce8fd333b7fbc084e66c3329ee90c8a09e	13684	934248	920564	section:__TEXT,__text	FUNCTIONAL-CODE	L3-MAP-GAS	L3-STAT-GAS-IP,L3-STAT-AS-XW-EXT,L3-STAT-AS-XW-OPCODES,L3-STAT-AS-CUSTOM32,L3-STAT-AS-ATTR	COMPLETE-TILING	L3-190-alias-intervals	pair_id=AS-ALIAS-WCH-P2;file_id=AS-ALIAS-WCH;file_size=1500976;interval_sha256=583b15c7dd5e443194cbc6b1a7ecd8428523ae87069440f030e8c013bde278d1
L3-REG-AS-ALIAS-WCH-P2-WCH-022	BINUTILS-GAS	WCH	ref/gcc/darwin-arm64/15.2.0/riscv32-wch-elf/bin/as	ba1556808e7a5c670735b6e7333b76ce8fd333b7fbc084e66c3329ee90c8a09e	934248	935772	1524	section:__TEXT,__stubs	PACKAGING/DEPENDENCY	L3-MAP-GAS	L3-STAT-GAS-IP,L3-STAT-AS-XW-EXT,L3-STAT-AS-XW-OPCODES,L3-STAT-AS-CUSTOM32,L3-STAT-AS-ATTR	COMPLETE-TILING	L3-190-alias-intervals	pair_id=AS-ALIAS-WCH-P2;file_id=AS-ALIAS-WCH;file_size=1500976;interval_sha256=160ea5c2bcc3c0fff5e0d00cb697f185a7b7e35e96e13444418a6189614423f0
L3-REG-AS-ALIAS-WCH-P2-WCH-023	BINUTILS-GAS	WCH	ref/gcc/darwin-arm64/15.2.0/riscv32-wch-elf/bin/as	ba1556808e7a5c670735b6e7333b76ce8fd333b7fbc084e66c3329ee90c8a09e	935772	935776	4	section:__TEXT,__init_offsets	FUNCTIONAL-DATA-TABLE	L3-MAP-GAS	L3-STAT-GAS-IP,L3-STAT-AS-XW-EXT,L3-STAT-AS-XW-OPCODES,L3-STAT-AS-CUSTOM32,L3-STAT-AS-ATTR	COMPLETE-TILING	L3-190-alias-intervals	pair_id=AS-ALIAS-WCH-P2;file_id=AS-ALIAS-WCH;file_size=1500976;interval_sha256=1b98d5bfc3153cde7bcccb5bfc2840d477b8d13e48dcb25b6c4151b3cb0444e6
L3-REG-AS-ALIAS-WCH-P2-WCH-024	BINUTILS-GAS	WCH	ref/gcc/darwin-arm64/15.2.0/riscv32-wch-elf/bin/as	ba1556808e7a5c670735b6e7333b76ce8fd333b7fbc084e66c3329ee90c8a09e	935776	962432	26656	section:__TEXT,__const	FUNCTIONAL-DATA-TABLE	L3-MAP-GAS	L3-STAT-GAS-IP,L3-STAT-AS-XW-EXT,L3-STAT-AS-XW-OPCODES,L3-STAT-AS-CUSTOM32,L3-STAT-AS-ATTR	COMPLETE-TILING	L3-190-alias-intervals	pair_id=AS-ALIAS-WCH-P2;file_id=AS-ALIAS-WCH;file_size=1500976;interval_sha256=aa0067e968d6abf2ad7e2715c02407d859ad09c929e616f46be38f903e19e722
L3-REG-AS-ALIAS-WCH-P2-WCH-025	BINUTILS-GAS	WCH	ref/gcc/darwin-arm64/15.2.0/riscv32-wch-elf/bin/as	ba1556808e7a5c670735b6e7333b76ce8fd333b7fbc084e66c3329ee90c8a09e	962432	1156527	194095	section:__TEXT,__cstring	FUNCTIONAL-DATA-TABLE	L3-MAP-GAS	L3-STAT-GAS-IP,L3-STAT-AS-XW-EXT,L3-STAT-AS-XW-OPCODES,L3-STAT-AS-CUSTOM32,L3-STAT-AS-ATTR	COMPLETE-TILING	L3-190-alias-intervals	pair_id=AS-ALIAS-WCH-P2;file_id=AS-ALIAS-WCH;file_size=1500976;interval_sha256=d5264462abd63e390293638d62c76197e1eb5c4de5b891f4428392081d968df9
L3-REG-AS-ALIAS-WCH-P2-WCH-026	BINUTILS-GAS	WCH	ref/gcc/darwin-arm64/15.2.0/riscv32-wch-elf/bin/as	ba1556808e7a5c670735b6e7333b76ce8fd333b7fbc084e66c3329ee90c8a09e	1156527	1156528	1	segment:__TEXT	PADDING/ALIGNMENT	L3-MAP-GAS	L3-STAT-GAS-IP,L3-STAT-AS-XW-EXT,L3-STAT-AS-XW-OPCODES,L3-STAT-AS-CUSTOM32,L3-STAT-AS-ATTR	COMPLETE-TILING	L3-190-alias-intervals	pair_id=AS-ALIAS-WCH-P2;file_id=AS-ALIAS-WCH;file_size=1500976;interval_sha256=6e340b9cffb37a989ca544e6bb780a2c78901d3fb33738768511a30617afa01d
L3-REG-AS-ALIAS-WCH-P2-WCH-027	BINUTILS-GAS	WCH	ref/gcc/darwin-arm64/15.2.0/riscv32-wch-elf/bin/as	ba1556808e7a5c670735b6e7333b76ce8fd333b7fbc084e66c3329ee90c8a09e	1156528	1163176	6648	section:__TEXT,__unwind_info	FUNCTIONAL-DATA-TABLE	L3-MAP-GAS	L3-STAT-GAS-IP,L3-STAT-AS-XW-EXT,L3-STAT-AS-XW-OPCODES,L3-STAT-AS-CUSTOM32,L3-STAT-AS-ATTR	COMPLETE-TILING	L3-190-alias-intervals	pair_id=AS-ALIAS-WCH-P2;file_id=AS-ALIAS-WCH;file_size=1500976;interval_sha256=2f0592f1125f3a966a00bf60fd7ed8e75b9a17bc7799e0b6e10a6cafebc6eccf
L3-REG-AS-ALIAS-WCH-P2-WCH-028	BINUTILS-GAS	WCH	ref/gcc/darwin-arm64/15.2.0/riscv32-wch-elf/bin/as	ba1556808e7a5c670735b6e7333b76ce8fd333b7fbc084e66c3329ee90c8a09e	1163176	1163256	80	section:__TEXT,__eh_frame	FUNCTIONAL-DATA-TABLE	L3-MAP-GAS	L3-STAT-GAS-IP,L3-STAT-AS-XW-EXT,L3-STAT-AS-XW-OPCODES,L3-STAT-AS-CUSTOM32,L3-STAT-AS-ATTR	COMPLETE-TILING	L3-190-alias-intervals	pair_id=AS-ALIAS-WCH-P2;file_id=AS-ALIAS-WCH;file_size=1500976;interval_sha256=a441c84f0986db5891b94e808f17115ae35120403e5a4878906ac038ba14841f
L3-REG-AS-ALIAS-WCH-P2-WCH-029	BINUTILS-GAS	WCH	ref/gcc/darwin-arm64/15.2.0/riscv32-wch-elf/bin/as	ba1556808e7a5c670735b6e7333b76ce8fd333b7fbc084e66c3329ee90c8a09e	1163256	1163264	8	segment:__TEXT	PADDING/ALIGNMENT	L3-MAP-GAS	L3-STAT-GAS-IP,L3-STAT-AS-XW-EXT,L3-STAT-AS-XW-OPCODES,L3-STAT-AS-CUSTOM32,L3-STAT-AS-ATTR	COMPLETE-TILING	L3-190-alias-intervals	pair_id=AS-ALIAS-WCH-P2;file_id=AS-ALIAS-WCH;file_size=1500976;interval_sha256=af5570f5a1810b7af78caf4bc70a660f0df51e42baf91d4de5b2328de0e83dfc
L3-REG-AS-ALIAS-WCH-P2-WCH-030	BINUTILS-GAS	WCH	ref/gcc/darwin-arm64/15.2.0/riscv32-wch-elf/bin/as	ba1556808e7a5c670735b6e7333b76ce8fd333b7fbc084e66c3329ee90c8a09e	1163264	1164336	1072	section:__DATA_CONST,__got	PACKAGING/DEPENDENCY	L3-MAP-GAS	L3-STAT-GAS-IP,L3-STAT-AS-XW-EXT,L3-STAT-AS-XW-OPCODES,L3-STAT-AS-CUSTOM32,L3-STAT-AS-ATTR	COMPLETE-TILING	L3-190-alias-intervals	pair_id=AS-ALIAS-WCH-P2;file_id=AS-ALIAS-WCH;file_size=1500976;interval_sha256=e78bd089ca272116212c9ab82d1cb330bccdb5538221956f504081f953779fba
L3-REG-AS-ALIAS-WCH-P2-WCH-031	BINUTILS-GAS	WCH	ref/gcc/darwin-arm64/15.2.0/riscv32-wch-elf/bin/as	ba1556808e7a5c670735b6e7333b76ce8fd333b7fbc084e66c3329ee90c8a09e	1164336	1398480	234144	section:__DATA_CONST,__const	FUNCTIONAL-DATA-TABLE	L3-MAP-GAS	L3-STAT-GAS-IP,L3-STAT-AS-XW-EXT,L3-STAT-AS-XW-OPCODES,L3-STAT-AS-CUSTOM32,L3-STAT-AS-ATTR	COMPLETE-TILING	L3-190-alias-intervals	pair_id=AS-ALIAS-WCH-P2;file_id=AS-ALIAS-WCH;file_size=1500976;interval_sha256=f77fbc5c4277d3f72542e76f904628e807bc0c8a5e0589e1f88e8c6839e3df48
L3-REG-AS-ALIAS-WCH-P2-WCH-032	BINUTILS-GAS	WCH	ref/gcc/darwin-arm64/15.2.0/riscv32-wch-elf/bin/as	ba1556808e7a5c670735b6e7333b76ce8fd333b7fbc084e66c3329ee90c8a09e	1398480	1409024	10544	segment:__DATA_CONST	PADDING/ALIGNMENT	L3-MAP-GAS	L3-STAT-GAS-IP,L3-STAT-AS-XW-EXT,L3-STAT-AS-XW-OPCODES,L3-STAT-AS-CUSTOM32,L3-STAT-AS-ATTR	COMPLETE-TILING	L3-190-alias-intervals	pair_id=AS-ALIAS-WCH-P2;file_id=AS-ALIAS-WCH;file_size=1500976;interval_sha256=21634d5ecb9a208e5192112b48c7f533c90f8fb668787a01660a883efdcd485d
L3-REG-AS-ALIAS-WCH-P2-WCH-033	BINUTILS-GAS	WCH	ref/gcc/darwin-arm64/15.2.0/riscv32-wch-elf/bin/as	ba1556808e7a5c670735b6e7333b76ce8fd333b7fbc084e66c3329ee90c8a09e	1409024	1419112	10088	section:__DATA,__data	FUNCTIONAL-DATA-TABLE	L3-MAP-GAS	L3-STAT-GAS-IP,L3-STAT-AS-XW-EXT,L3-STAT-AS-XW-OPCODES,L3-STAT-AS-CUSTOM32,L3-STAT-AS-ATTR	COMPLETE-TILING	L3-190-alias-intervals	pair_id=AS-ALIAS-WCH-P2;file_id=AS-ALIAS-WCH;file_size=1500976;interval_sha256=18d449d51d76aa5256a7e40af9db9e19ea2ee8e9f9e8008dd08be2eb497b1724
L3-REG-AS-ALIAS-WCH-P2-WCH-034	BINUTILS-GAS	WCH	ref/gcc/darwin-arm64/15.2.0/riscv32-wch-elf/bin/as	ba1556808e7a5c670735b6e7333b76ce8fd333b7fbc084e66c3329ee90c8a09e	1419112	1419184	72	section:__DATA,__thread_vars	PACKAGING/DEPENDENCY	L3-MAP-GAS	L3-STAT-GAS-IP,L3-STAT-AS-XW-EXT,L3-STAT-AS-XW-OPCODES,L3-STAT-AS-CUSTOM32,L3-STAT-AS-ATTR	COMPLETE-TILING	L3-190-alias-intervals	pair_id=AS-ALIAS-WCH-P2;file_id=AS-ALIAS-WCH;file_size=1500976;interval_sha256=6c66ae6fa913580e29a84e40e6a7567f0607eb1c70e26d24d7edf3fc39254f91
L3-REG-AS-ALIAS-WCH-P2-WCH-035	BINUTILS-GAS	WCH	ref/gcc/darwin-arm64/15.2.0/riscv32-wch-elf/bin/as	ba1556808e7a5c670735b6e7333b76ce8fd333b7fbc084e66c3329ee90c8a09e	1419184	1425408	6224	segment:__DATA	PADDING/ALIGNMENT	L3-MAP-GAS	L3-STAT-GAS-IP,L3-STAT-AS-XW-EXT,L3-STAT-AS-XW-OPCODES,L3-STAT-AS-CUSTOM32,L3-STAT-AS-ATTR	COMPLETE-TILING	L3-190-alias-intervals	pair_id=AS-ALIAS-WCH-P2;file_id=AS-ALIAS-WCH;file_size=1500976;interval_sha256=7ca2ae4f419a78538eb2bba02ccfb3ac409c604d88a9f731efa3fcc135ce1962
L3-REG-AS-ALIAS-WCH-P2-WCH-036	BINUTILS-GAS	WCH	ref/gcc/darwin-arm64/15.2.0/riscv32-wch-elf/bin/as	ba1556808e7a5c670735b6e7333b76ce8fd333b7fbc084e66c3329ee90c8a09e	1425408	1427384	1976	LC_DYLD_CHAINED_FIXUPS-data	PACKAGING/DEPENDENCY	L3-MAP-GAS	L3-STAT-GAS-IP,L3-STAT-AS-XW-EXT,L3-STAT-AS-XW-OPCODES,L3-STAT-AS-CUSTOM32,L3-STAT-AS-ATTR	COMPLETE-TILING	L3-190-alias-intervals	pair_id=AS-ALIAS-WCH-P2;file_id=AS-ALIAS-WCH;file_size=1500976;interval_sha256=518829c8fec9308af8329ffcef0d43823af0a19906eb542db2e88e82245222d7
L3-REG-AS-ALIAS-WCH-P2-WCH-037	BINUTILS-GAS	WCH	ref/gcc/darwin-arm64/15.2.0/riscv32-wch-elf/bin/as	ba1556808e7a5c670735b6e7333b76ce8fd333b7fbc084e66c3329ee90c8a09e	1427384	1461992	34608	LC_DYLD_EXPORTS_TRIE-data	PACKAGING/DEPENDENCY	L3-MAP-GAS	L3-STAT-GAS-IP,L3-STAT-AS-XW-EXT,L3-STAT-AS-XW-OPCODES,L3-STAT-AS-CUSTOM32,L3-STAT-AS-ATTR	COMPLETE-TILING	L3-190-alias-intervals	pair_id=AS-ALIAS-WCH-P2;file_id=AS-ALIAS-WCH;file_size=1500976;interval_sha256=a2c386c58ec6e78fa92483ead9ad7e7507557f3c9ca7b9f79d948ffb6cb6d705
L3-REG-AS-ALIAS-WCH-P2-WCH-038	BINUTILS-GAS	WCH	ref/gcc/darwin-arm64/15.2.0/riscv32-wch-elf/bin/as	ba1556808e7a5c670735b6e7333b76ce8fd333b7fbc084e66c3329ee90c8a09e	1461992	1465712	3720	LC_FUNCTION_STARTS-data	LINK-LAYOUT	L3-MAP-GAS	L3-STAT-GAS-IP,L3-STAT-AS-XW-EXT,L3-STAT-AS-XW-OPCODES,L3-STAT-AS-CUSTOM32,L3-STAT-AS-ATTR	COMPLETE-TILING	L3-190-alias-intervals	pair_id=AS-ALIAS-WCH-P2;file_id=AS-ALIAS-WCH;file_size=1500976;interval_sha256=e97a3852df26d64d5ba66bd8f5c108bab62644e07feae903cffc2db9cc116937
L3-REG-AS-ALIAS-WCH-P2-WCH-039	BINUTILS-GAS	WCH	ref/gcc/darwin-arm64/15.2.0/riscv32-wch-elf/bin/as	ba1556808e7a5c670735b6e7333b76ce8fd333b7fbc084e66c3329ee90c8a09e	1465712	1467904	2192	LC_SYMTAB-symbols	STRIP/DEBUG/SYMBOL-LAYOUT	L3-MAP-GAS	L3-STAT-GAS-IP,L3-STAT-AS-XW-EXT,L3-STAT-AS-XW-OPCODES,L3-STAT-AS-CUSTOM32,L3-STAT-AS-ATTR	COMPLETE-TILING	L3-190-alias-intervals	pair_id=AS-ALIAS-WCH-P2;file_id=AS-ALIAS-WCH;file_size=1500976;interval_sha256=a30d66c9f65e9c6f3df3c0b0c4c9b391e6228371a67579b47659616482acb319
L3-REG-AS-ALIAS-WCH-P2-WCH-040	BINUTILS-GAS	WCH	ref/gcc/darwin-arm64/15.2.0/riscv32-wch-elf/bin/as	ba1556808e7a5c670735b6e7333b76ce8fd333b7fbc084e66c3329ee90c8a09e	1467904	1468948	1044	LC_DYSYMTAB-indirect-symbols	STRIP/DEBUG/SYMBOL-LAYOUT	L3-MAP-GAS	L3-STAT-GAS-IP,L3-STAT-AS-XW-EXT,L3-STAT-AS-XW-OPCODES,L3-STAT-AS-CUSTOM32,L3-STAT-AS-ATTR	COMPLETE-TILING	L3-190-alias-intervals	pair_id=AS-ALIAS-WCH-P2;file_id=AS-ALIAS-WCH;file_size=1500976;interval_sha256=c84266b336868218f85a460e135964c5b747d3a8f0e25e4d9bed40f87b15e73d
L3-REG-AS-ALIAS-WCH-P2-WCH-041	BINUTILS-GAS	WCH	ref/gcc/darwin-arm64/15.2.0/riscv32-wch-elf/bin/as	ba1556808e7a5c670735b6e7333b76ce8fd333b7fbc084e66c3329ee90c8a09e	1468948	1468952	4	segment:__LINKEDIT	LINK-LAYOUT	L3-MAP-GAS	L3-STAT-GAS-IP,L3-STAT-AS-XW-EXT,L3-STAT-AS-XW-OPCODES,L3-STAT-AS-CUSTOM32,L3-STAT-AS-ATTR	COMPLETE-TILING	L3-190-alias-intervals	pair_id=AS-ALIAS-WCH-P2;file_id=AS-ALIAS-WCH;file_size=1500976;interval_sha256=df3f619804a92fdb4057192dc43dd748ea778adc52bc498ce80524c014b81119
L3-REG-AS-ALIAS-WCH-P2-WCH-042	BINUTILS-GAS	WCH	ref/gcc/darwin-arm64/15.2.0/riscv32-wch-elf/bin/as	ba1556808e7a5c670735b6e7333b76ce8fd333b7fbc084e66c3329ee90c8a09e	1468952	1470288	1336	LC_SYMTAB-strings	STRIP/DEBUG/SYMBOL-LAYOUT	L3-MAP-GAS	L3-STAT-GAS-IP,L3-STAT-AS-XW-EXT,L3-STAT-AS-XW-OPCODES,L3-STAT-AS-CUSTOM32,L3-STAT-AS-ATTR	COMPLETE-TILING	L3-190-alias-intervals	pair_id=AS-ALIAS-WCH-P2;file_id=AS-ALIAS-WCH;file_size=1500976;interval_sha256=b707a21a22eb1be0d7659ee19e434c3b3d45545d122f35e01e21144054cbbb34
L3-REG-AS-ALIAS-WCH-P2-WCH-043	BINUTILS-GAS	WCH	ref/gcc/darwin-arm64/15.2.0/riscv32-wch-elf/bin/as	ba1556808e7a5c670735b6e7333b76ce8fd333b7fbc084e66c3329ee90c8a09e	1470288	1500976	30688	LC_CODE_SIGNATURE-data	SIGNATURE/UUID/BUILD-METADATA	L3-MAP-GAS	L3-STAT-GAS-IP,L3-STAT-AS-XW-EXT,L3-STAT-AS-XW-OPCODES,L3-STAT-AS-CUSTOM32,L3-STAT-AS-ATTR	COMPLETE-TILING	L3-190-alias-intervals	pair_id=AS-ALIAS-WCH-P2;file_id=AS-ALIAS-WCH;file_size=1500976;interval_sha256=7ff3a35fc45cac2fc9aa44061a0e3458c9853ac646e2de5127edbc0046bde14a
L3-REG-AS-WCH-MATCHED-UPSTREAM-MATCHED-000	BINUTILS-GAS	UPSTREAM-MATCHED	tmp/phase3c-driver/upstream-matched-zstd-r3/output/bin/riscv32-wch-elf-as	ee61fb024382d826032679cc4bc36c0523e922b9b1fc2dc9b9966536ebca57e7	0	32	32	mach_header_64	LINK-LAYOUT	L3-MAP-GAS	L3-STAT-GAS-IP,L3-STAT-AS-XW-EXT,L3-STAT-AS-XW-OPCODES,L3-STAT-AS-CUSTOM32,L3-STAT-AS-ATTR	COMPLETE-TILING	L3-177-matched-intervals	pair_id=AS-WCH-MATCHED;file_id=AS-MATCHED;file_size=1737664;interval_sha256=f96f898d60c4269caf77823032a1d0a905ecd0e5356d77891c0dfe33259b18ff
L3-REG-AS-WCH-MATCHED-UPSTREAM-MATCHED-001	BINUTILS-GAS	UPSTREAM-MATCHED	tmp/phase3c-driver/upstream-matched-zstd-r3/output/bin/riscv32-wch-elf-as	ee61fb024382d826032679cc4bc36c0523e922b9b1fc2dc9b9966536ebca57e7	32	104	72	load-command[0]:0x19	LINK-LAYOUT	L3-MAP-GAS	L3-STAT-GAS-IP,L3-STAT-AS-XW-EXT,L3-STAT-AS-XW-OPCODES,L3-STAT-AS-CUSTOM32,L3-STAT-AS-ATTR	COMPLETE-TILING	L3-177-matched-intervals	pair_id=AS-WCH-MATCHED;file_id=AS-MATCHED;file_size=1737664;interval_sha256=38432a8fbcbe1ae9fdf9263fe1e4e948de98131833cc5e5333f375dcf5f6333f
L3-REG-AS-WCH-MATCHED-UPSTREAM-MATCHED-002	BINUTILS-GAS	UPSTREAM-MATCHED	tmp/phase3c-driver/upstream-matched-zstd-r3/output/bin/riscv32-wch-elf-as	ee61fb024382d826032679cc4bc36c0523e922b9b1fc2dc9b9966536ebca57e7	104	576	472	load-command[1]:0x19	LINK-LAYOUT	L3-MAP-GAS	L3-STAT-GAS-IP,L3-STAT-AS-XW-EXT,L3-STAT-AS-XW-OPCODES,L3-STAT-AS-CUSTOM32,L3-STAT-AS-ATTR	COMPLETE-TILING	L3-177-matched-intervals	pair_id=AS-WCH-MATCHED;file_id=AS-MATCHED;file_size=1737664;interval_sha256=2e4827eed74a92fb254acb90b1c6d42b89a10454b08324eb55290edce0642388
L3-REG-AS-WCH-MATCHED-UPSTREAM-MATCHED-003	BINUTILS-GAS	UPSTREAM-MATCHED	tmp/phase3c-driver/upstream-matched-zstd-r3/output/bin/riscv32-wch-elf-as	ee61fb024382d826032679cc4bc36c0523e922b9b1fc2dc9b9966536ebca57e7	576	808	232	load-command[2]:0x19	LINK-LAYOUT	L3-MAP-GAS	L3-STAT-GAS-IP,L3-STAT-AS-XW-EXT,L3-STAT-AS-XW-OPCODES,L3-STAT-AS-CUSTOM32,L3-STAT-AS-ATTR	COMPLETE-TILING	L3-177-matched-intervals	pair_id=AS-WCH-MATCHED;file_id=AS-MATCHED;file_size=1737664;interval_sha256=87ccd13db6c7dbdd6371febe7e539fc3d25248046ae000528d4c6249cfcdffe7
L3-REG-AS-WCH-MATCHED-UPSTREAM-MATCHED-004	BINUTILS-GAS	UPSTREAM-MATCHED	tmp/phase3c-driver/upstream-matched-zstd-r3/output/bin/riscv32-wch-elf-as	ee61fb024382d826032679cc4bc36c0523e922b9b1fc2dc9b9966536ebca57e7	808	1280	472	load-command[3]:0x19	LINK-LAYOUT	L3-MAP-GAS	L3-STAT-GAS-IP,L3-STAT-AS-XW-EXT,L3-STAT-AS-XW-OPCODES,L3-STAT-AS-CUSTOM32,L3-STAT-AS-ATTR	COMPLETE-TILING	L3-177-matched-intervals	pair_id=AS-WCH-MATCHED;file_id=AS-MATCHED;file_size=1737664;interval_sha256=3a6d4a11c665c79fc39d61cbb8128fee6ee3d7b7738ccc01c0c2469be44c740a
L3-REG-AS-WCH-MATCHED-UPSTREAM-MATCHED-005	BINUTILS-GAS	UPSTREAM-MATCHED	tmp/phase3c-driver/upstream-matched-zstd-r3/output/bin/riscv32-wch-elf-as	ee61fb024382d826032679cc4bc36c0523e922b9b1fc2dc9b9966536ebca57e7	1280	1352	72	load-command[4]:0x19	LINK-LAYOUT	L3-MAP-GAS	L3-STAT-GAS-IP,L3-STAT-AS-XW-EXT,L3-STAT-AS-XW-OPCODES,L3-STAT-AS-CUSTOM32,L3-STAT-AS-ATTR	COMPLETE-TILING	L3-177-matched-intervals	pair_id=AS-WCH-MATCHED;file_id=AS-MATCHED;file_size=1737664;interval_sha256=147c4486518fd8fbd5aaf7871d57071f112f95ade5d13d3eb666bc5757dcdf13
L3-REG-AS-WCH-MATCHED-UPSTREAM-MATCHED-006	BINUTILS-GAS	UPSTREAM-MATCHED	tmp/phase3c-driver/upstream-matched-zstd-r3/output/bin/riscv32-wch-elf-as	ee61fb024382d826032679cc4bc36c0523e922b9b1fc2dc9b9966536ebca57e7	1352	1368	16	load-command[5]:0x80000034	LINK-LAYOUT	L3-MAP-GAS	L3-STAT-GAS-IP,L3-STAT-AS-XW-EXT,L3-STAT-AS-XW-OPCODES,L3-STAT-AS-CUSTOM32,L3-STAT-AS-ATTR	COMPLETE-TILING	L3-177-matched-intervals	pair_id=AS-WCH-MATCHED;file_id=AS-MATCHED;file_size=1737664;interval_sha256=5cf65c9b424fb713a41f2a2a67ab777a5d4125e6affcf990f68e76e81fb2769d
L3-REG-AS-WCH-MATCHED-UPSTREAM-MATCHED-007	BINUTILS-GAS	UPSTREAM-MATCHED	tmp/phase3c-driver/upstream-matched-zstd-r3/output/bin/riscv32-wch-elf-as	ee61fb024382d826032679cc4bc36c0523e922b9b1fc2dc9b9966536ebca57e7	1368	1384	16	load-command[6]:0x80000033	LINK-LAYOUT	L3-MAP-GAS	L3-STAT-GAS-IP,L3-STAT-AS-XW-EXT,L3-STAT-AS-XW-OPCODES,L3-STAT-AS-CUSTOM32,L3-STAT-AS-ATTR	COMPLETE-TILING	L3-177-matched-intervals	pair_id=AS-WCH-MATCHED;file_id=AS-MATCHED;file_size=1737664;interval_sha256=25404e93768ab79e5ca8f6e3d1c424adeb6ed3f2916d3cccc793b607a689afaa
L3-REG-AS-WCH-MATCHED-UPSTREAM-MATCHED-008	BINUTILS-GAS	UPSTREAM-MATCHED	tmp/phase3c-driver/upstream-matched-zstd-r3/output/bin/riscv32-wch-elf-as	ee61fb024382d826032679cc4bc36c0523e922b9b1fc2dc9b9966536ebca57e7	1384	1408	24	load-command[7]:0x2	LINK-LAYOUT	L3-MAP-GAS	L3-STAT-GAS-IP,L3-STAT-AS-XW-EXT,L3-STAT-AS-XW-OPCODES,L3-STAT-AS-CUSTOM32,L3-STAT-AS-ATTR	COMPLETE-TILING	L3-177-matched-intervals	pair_id=AS-WCH-MATCHED;file_id=AS-MATCHED;file_size=1737664;interval_sha256=b108df1290c23afda34e33034efbe081bc93d1124439217efb7a1d86c4ff8f6d
L3-REG-AS-WCH-MATCHED-UPSTREAM-MATCHED-009	BINUTILS-GAS	UPSTREAM-MATCHED	tmp/phase3c-driver/upstream-matched-zstd-r3/output/bin/riscv32-wch-elf-as	ee61fb024382d826032679cc4bc36c0523e922b9b1fc2dc9b9966536ebca57e7	1408	1488	80	load-command[8]:0xb	LINK-LAYOUT	L3-MAP-GAS	L3-STAT-GAS-IP,L3-STAT-AS-XW-EXT,L3-STAT-AS-XW-OPCODES,L3-STAT-AS-CUSTOM32,L3-STAT-AS-ATTR	COMPLETE-TILING	L3-177-matched-intervals	pair_id=AS-WCH-MATCHED;file_id=AS-MATCHED;file_size=1737664;interval_sha256=325168fc39c6deaf25b8812d0d96b958ce4b4372cb1cb2b5853d9dd8a414e3bf
L3-REG-AS-WCH-MATCHED-UPSTREAM-MATCHED-010	BINUTILS-GAS	UPSTREAM-MATCHED	tmp/phase3c-driver/upstream-matched-zstd-r3/output/bin/riscv32-wch-elf-as	ee61fb024382d826032679cc4bc36c0523e922b9b1fc2dc9b9966536ebca57e7	1488	1520	32	load-command[9]:0xe	LINK-LAYOUT	L3-MAP-GAS	L3-STAT-GAS-IP,L3-STAT-AS-XW-EXT,L3-STAT-AS-XW-OPCODES,L3-STAT-AS-CUSTOM32,L3-STAT-AS-ATTR	COMPLETE-TILING	L3-177-matched-intervals	pair_id=AS-WCH-MATCHED;file_id=AS-MATCHED;file_size=1737664;interval_sha256=44316cf4f366f41aa06996613c44af75e34479362928faf61a168c2a203b5999
L3-REG-AS-WCH-MATCHED-UPSTREAM-MATCHED-011	BINUTILS-GAS	UPSTREAM-MATCHED	tmp/phase3c-driver/upstream-matched-zstd-r3/output/bin/riscv32-wch-elf-as	ee61fb024382d826032679cc4bc36c0523e922b9b1fc2dc9b9966536ebca57e7	1520	1544	24	load-command[10]:0x1b	SIGNATURE/UUID/BUILD-METADATA	L3-MAP-GAS	L3-STAT-GAS-IP,L3-STAT-AS-XW-EXT,L3-STAT-AS-XW-OPCODES,L3-STAT-AS-CUSTOM32,L3-STAT-AS-ATTR	COMPLETE-TILING	L3-177-matched-intervals	pair_id=AS-WCH-MATCHED;file_id=AS-MATCHED;file_size=1737664;interval_sha256=4819c9aeb1b9fbac908932b8ddb676ecede0ec80ed4b76f0eefcb7d4e179950d
L3-REG-AS-WCH-MATCHED-UPSTREAM-MATCHED-012	BINUTILS-GAS	UPSTREAM-MATCHED	tmp/phase3c-driver/upstream-matched-zstd-r3/output/bin/riscv32-wch-elf-as	ee61fb024382d826032679cc4bc36c0523e922b9b1fc2dc9b9966536ebca57e7	1544	1576	32	load-command[11]:0x32	SIGNATURE/UUID/BUILD-METADATA	L3-MAP-GAS	L3-STAT-GAS-IP,L3-STAT-AS-XW-EXT,L3-STAT-AS-XW-OPCODES,L3-STAT-AS-CUSTOM32,L3-STAT-AS-ATTR	COMPLETE-TILING	L3-177-matched-intervals	pair_id=AS-WCH-MATCHED;file_id=AS-MATCHED;file_size=1737664;interval_sha256=06be0acc3151d0cb3a5720312a0ae05bf2376d394c98194de6f77801b59ab2e0
L3-REG-AS-WCH-MATCHED-UPSTREAM-MATCHED-013	BINUTILS-GAS	UPSTREAM-MATCHED	tmp/phase3c-driver/upstream-matched-zstd-r3/output/bin/riscv32-wch-elf-as	ee61fb024382d826032679cc4bc36c0523e922b9b1fc2dc9b9966536ebca57e7	1576	1592	16	load-command[12]:0x2a	SIGNATURE/UUID/BUILD-METADATA	L3-MAP-GAS	L3-STAT-GAS-IP,L3-STAT-AS-XW-EXT,L3-STAT-AS-XW-OPCODES,L3-STAT-AS-CUSTOM32,L3-STAT-AS-ATTR	COMPLETE-TILING	L3-177-matched-intervals	pair_id=AS-WCH-MATCHED;file_id=AS-MATCHED;file_size=1737664;interval_sha256=01a60f1db7db041298aa3e269ff5ebea951aa6977963e4ab563905da906d2b82
L3-REG-AS-WCH-MATCHED-UPSTREAM-MATCHED-014	BINUTILS-GAS	UPSTREAM-MATCHED	tmp/phase3c-driver/upstream-matched-zstd-r3/output/bin/riscv32-wch-elf-as	ee61fb024382d826032679cc4bc36c0523e922b9b1fc2dc9b9966536ebca57e7	1592	1616	24	load-command[13]:0x80000028	LINK-LAYOUT	L3-MAP-GAS	L3-STAT-GAS-IP,L3-STAT-AS-XW-EXT,L3-STAT-AS-XW-OPCODES,L3-STAT-AS-CUSTOM32,L3-STAT-AS-ATTR	COMPLETE-TILING	L3-177-matched-intervals	pair_id=AS-WCH-MATCHED;file_id=AS-MATCHED;file_size=1737664;interval_sha256=5664a5287ce4955646fbbcc0531eb970be58860bc1817bda84a8d10111de19a2
L3-REG-AS-WCH-MATCHED-UPSTREAM-MATCHED-015	BINUTILS-GAS	UPSTREAM-MATCHED	tmp/phase3c-driver/upstream-matched-zstd-r3/output/bin/riscv32-wch-elf-as	ee61fb024382d826032679cc4bc36c0523e922b9b1fc2dc9b9966536ebca57e7	1616	1672	56	load-command[14]:0xc	LINK-LAYOUT	L3-MAP-GAS	L3-STAT-GAS-IP,L3-STAT-AS-XW-EXT,L3-STAT-AS-XW-OPCODES,L3-STAT-AS-CUSTOM32,L3-STAT-AS-ATTR	COMPLETE-TILING	L3-177-matched-intervals	pair_id=AS-WCH-MATCHED;file_id=AS-MATCHED;file_size=1737664;interval_sha256=cc8acbe3e146f3621079d1d71e9c46626788f505132abe123f041ead9ba5490a
L3-REG-AS-WCH-MATCHED-UPSTREAM-MATCHED-016	BINUTILS-GAS	UPSTREAM-MATCHED	tmp/phase3c-driver/upstream-matched-zstd-r3/output/bin/riscv32-wch-elf-as	ee61fb024382d826032679cc4bc36c0523e922b9b1fc2dc9b9966536ebca57e7	1672	1728	56	load-command[15]:0xc	LINK-LAYOUT	L3-MAP-GAS	L3-STAT-GAS-IP,L3-STAT-AS-XW-EXT,L3-STAT-AS-XW-OPCODES,L3-STAT-AS-CUSTOM32,L3-STAT-AS-ATTR	COMPLETE-TILING	L3-177-matched-intervals	pair_id=AS-WCH-MATCHED;file_id=AS-MATCHED;file_size=1737664;interval_sha256=ffa45af4ce6b7780727be9b2f2f9ca0b35932363e311b247d840ef9da1bdc1f5
L3-REG-AS-WCH-MATCHED-UPSTREAM-MATCHED-017	BINUTILS-GAS	UPSTREAM-MATCHED	tmp/phase3c-driver/upstream-matched-zstd-r3/output/bin/riscv32-wch-elf-as	ee61fb024382d826032679cc4bc36c0523e922b9b1fc2dc9b9966536ebca57e7	1728	1776	48	load-command[16]:0xc	LINK-LAYOUT	L3-MAP-GAS	L3-STAT-GAS-IP,L3-STAT-AS-XW-EXT,L3-STAT-AS-XW-OPCODES,L3-STAT-AS-CUSTOM32,L3-STAT-AS-ATTR	COMPLETE-TILING	L3-177-matched-intervals	pair_id=AS-WCH-MATCHED;file_id=AS-MATCHED;file_size=1737664;interval_sha256=70ad563e95ac2bc9fefdc6ffaf87d87d18272d013bc98f6d4fc78e85e28a9111
L3-REG-AS-WCH-MATCHED-UPSTREAM-MATCHED-018	BINUTILS-GAS	UPSTREAM-MATCHED	tmp/phase3c-driver/upstream-matched-zstd-r3/output/bin/riscv32-wch-elf-as	ee61fb024382d826032679cc4bc36c0523e922b9b1fc2dc9b9966536ebca57e7	1776	1792	16	load-command[17]:0x26	LINK-LAYOUT	L3-MAP-GAS	L3-STAT-GAS-IP,L3-STAT-AS-XW-EXT,L3-STAT-AS-XW-OPCODES,L3-STAT-AS-CUSTOM32,L3-STAT-AS-ATTR	COMPLETE-TILING	L3-177-matched-intervals	pair_id=AS-WCH-MATCHED;file_id=AS-MATCHED;file_size=1737664;interval_sha256=87c7ab9f8d156e3ec294b1a36a92c244d63d1f6aa0cce2fb744716d0a91fcb7d
L3-REG-AS-WCH-MATCHED-UPSTREAM-MATCHED-019	BINUTILS-GAS	UPSTREAM-MATCHED	tmp/phase3c-driver/upstream-matched-zstd-r3/output/bin/riscv32-wch-elf-as	ee61fb024382d826032679cc4bc36c0523e922b9b1fc2dc9b9966536ebca57e7	1792	1808	16	load-command[18]:0x29	LINK-LAYOUT	L3-MAP-GAS	L3-STAT-GAS-IP,L3-STAT-AS-XW-EXT,L3-STAT-AS-XW-OPCODES,L3-STAT-AS-CUSTOM32,L3-STAT-AS-ATTR	COMPLETE-TILING	L3-177-matched-intervals	pair_id=AS-WCH-MATCHED;file_id=AS-MATCHED;file_size=1737664;interval_sha256=e8db9bd98f3a87e40cf31b1831085288d970ddd3312e06ea19e865b2a0f782b2
L3-REG-AS-WCH-MATCHED-UPSTREAM-MATCHED-020	BINUTILS-GAS	UPSTREAM-MATCHED	tmp/phase3c-driver/upstream-matched-zstd-r3/output/bin/riscv32-wch-elf-as	ee61fb024382d826032679cc4bc36c0523e922b9b1fc2dc9b9966536ebca57e7	1808	1824	16	load-command[19]:0x1d	SIGNATURE/UUID/BUILD-METADATA	L3-MAP-GAS	L3-STAT-GAS-IP,L3-STAT-AS-XW-EXT,L3-STAT-AS-XW-OPCODES,L3-STAT-AS-CUSTOM32,L3-STAT-AS-ATTR	COMPLETE-TILING	L3-177-matched-intervals	pair_id=AS-WCH-MATCHED;file_id=AS-MATCHED;file_size=1737664;interval_sha256=1a2521dd2b328f30a12ea2abe4fd6e9c13d50b1e533d0912ae17f4f2cd39a232
L3-REG-AS-WCH-MATCHED-UPSTREAM-MATCHED-021	BINUTILS-GAS	UPSTREAM-MATCHED	tmp/phase3c-driver/upstream-matched-zstd-r3/output/bin/riscv32-wch-elf-as	ee61fb024382d826032679cc4bc36c0523e922b9b1fc2dc9b9966536ebca57e7	1824	1880	56	segment:__TEXT	PADDING/ALIGNMENT	L3-MAP-GAS	L3-STAT-GAS-IP,L3-STAT-AS-XW-EXT,L3-STAT-AS-XW-OPCODES,L3-STAT-AS-CUSTOM32,L3-STAT-AS-ATTR	COMPLETE-TILING	L3-177-matched-intervals	pair_id=AS-WCH-MATCHED;file_id=AS-MATCHED;file_size=1737664;interval_sha256=d4817aa5497628e7c77e6b606107042bbba3130888c5f47a375e6179be789fbb
L3-REG-AS-WCH-MATCHED-UPSTREAM-MATCHED-022	BINUTILS-GAS	UPSTREAM-MATCHED	tmp/phase3c-driver/upstream-matched-zstd-r3/output/bin/riscv32-wch-elf-as	ee61fb024382d826032679cc4bc36c0523e922b9b1fc2dc9b9966536ebca57e7	1880	885384	883504	section:__TEXT,__text	FUNCTIONAL-CODE	L3-MAP-GAS	L3-STAT-GAS-IP,L3-STAT-AS-XW-EXT,L3-STAT-AS-XW-OPCODES,L3-STAT-AS-CUSTOM32,L3-STAT-AS-ATTR	COMPLETE-TILING	L3-177-matched-intervals	pair_id=AS-WCH-MATCHED;file_id=AS-MATCHED;file_size=1737664;interval_sha256=9ce73ca6ff3ea6e8096941217ea813449eac2e68c13ffaf646df3f684901f5a5
L3-REG-AS-WCH-MATCHED-UPSTREAM-MATCHED-023	BINUTILS-GAS	UPSTREAM-MATCHED	tmp/phase3c-driver/upstream-matched-zstd-r3/output/bin/riscv32-wch-elf-as	ee61fb024382d826032679cc4bc36c0523e922b9b1fc2dc9b9966536ebca57e7	885384	886944	1560	section:__TEXT,__stubs	PACKAGING/DEPENDENCY	L3-MAP-GAS	L3-STAT-GAS-IP,L3-STAT-AS-XW-EXT,L3-STAT-AS-XW-OPCODES,L3-STAT-AS-CUSTOM32,L3-STAT-AS-ATTR	COMPLETE-TILING	L3-177-matched-intervals	pair_id=AS-WCH-MATCHED;file_id=AS-MATCHED;file_size=1737664;interval_sha256=4bc78b8bf86aab32cbc62508a894fbe9de986e110e37070d95f5ebb972be7bf1
L3-REG-AS-WCH-MATCHED-UPSTREAM-MATCHED-024	BINUTILS-GAS	UPSTREAM-MATCHED	tmp/phase3c-driver/upstream-matched-zstd-r3/output/bin/riscv32-wch-elf-as	ee61fb024382d826032679cc4bc36c0523e922b9b1fc2dc9b9966536ebca57e7	886944	903536	16592	section:__TEXT,__const	FUNCTIONAL-DATA-TABLE	L3-MAP-GAS	L3-STAT-GAS-IP,L3-STAT-AS-XW-EXT,L3-STAT-AS-XW-OPCODES,L3-STAT-AS-CUSTOM32,L3-STAT-AS-ATTR	COMPLETE-TILING	L3-177-matched-intervals	pair_id=AS-WCH-MATCHED;file_id=AS-MATCHED;file_size=1737664;interval_sha256=ea6dd619439462e838b1e8e2f576d3971d1e740bdf92f33f65a1378c34e993ca
L3-REG-AS-WCH-MATCHED-UPSTREAM-MATCHED-025	BINUTILS-GAS	UPSTREAM-MATCHED	tmp/phase3c-driver/upstream-matched-zstd-r3/output/bin/riscv32-wch-elf-as	ee61fb024382d826032679cc4bc36c0523e922b9b1fc2dc9b9966536ebca57e7	903536	1100996	197460	section:__TEXT,__cstring	FUNCTIONAL-DATA-TABLE	L3-MAP-GAS	L3-STAT-GAS-IP,L3-STAT-AS-XW-EXT,L3-STAT-AS-XW-OPCODES,L3-STAT-AS-CUSTOM32,L3-STAT-AS-ATTR	COMPLETE-TILING	L3-177-matched-intervals	pair_id=AS-WCH-MATCHED;file_id=AS-MATCHED;file_size=1737664;interval_sha256=859d740b782a1389af631e0edba1157a08eb7e5a09f8cefc4629dac92d92925f
L3-REG-AS-WCH-MATCHED-UPSTREAM-MATCHED-026	BINUTILS-GAS	UPSTREAM-MATCHED	tmp/phase3c-driver/upstream-matched-zstd-r3/output/bin/riscv32-wch-elf-as	ee61fb024382d826032679cc4bc36c0523e922b9b1fc2dc9b9966536ebca57e7	1100996	1107396	6400	section:__TEXT,__unwind_info	FUNCTIONAL-DATA-TABLE	L3-MAP-GAS	L3-STAT-GAS-IP,L3-STAT-AS-XW-EXT,L3-STAT-AS-XW-OPCODES,L3-STAT-AS-CUSTOM32,L3-STAT-AS-ATTR	COMPLETE-TILING	L3-177-matched-intervals	pair_id=AS-WCH-MATCHED;file_id=AS-MATCHED;file_size=1737664;interval_sha256=2537ecfd03135fe3a709902ff4f8daecbdd08286b5ba25440dd02571b62f5efe
L3-REG-AS-WCH-MATCHED-UPSTREAM-MATCHED-027	BINUTILS-GAS	UPSTREAM-MATCHED	tmp/phase3c-driver/upstream-matched-zstd-r3/output/bin/riscv32-wch-elf-as	ee61fb024382d826032679cc4bc36c0523e922b9b1fc2dc9b9966536ebca57e7	1107396	1114112	6716	segment:__TEXT	PADDING/ALIGNMENT	L3-MAP-GAS	L3-STAT-GAS-IP,L3-STAT-AS-XW-EXT,L3-STAT-AS-XW-OPCODES,L3-STAT-AS-CUSTOM32,L3-STAT-AS-ATTR	COMPLETE-TILING	L3-177-matched-intervals	pair_id=AS-WCH-MATCHED;file_id=AS-MATCHED;file_size=1737664;interval_sha256=d10ad8fd78a03d83102a2a35495ceee83bf8d3b59e5ae25cd0497c77a199faef
L3-REG-AS-WCH-MATCHED-UPSTREAM-MATCHED-028	BINUTILS-GAS	UPSTREAM-MATCHED	tmp/phase3c-driver/upstream-matched-zstd-r3/output/bin/riscv32-wch-elf-as	ee61fb024382d826032679cc4bc36c0523e922b9b1fc2dc9b9966536ebca57e7	1114112	1115208	1096	section:__DATA_CONST,__got	PACKAGING/DEPENDENCY	L3-MAP-GAS	L3-STAT-GAS-IP,L3-STAT-AS-XW-EXT,L3-STAT-AS-XW-OPCODES,L3-STAT-AS-CUSTOM32,L3-STAT-AS-ATTR	COMPLETE-TILING	L3-177-matched-intervals	pair_id=AS-WCH-MATCHED;file_id=AS-MATCHED;file_size=1737664;interval_sha256=8ee5a9de735deb2728d6cea38855c0aa017926c65d4276be69ac2a804cecf6a8
L3-REG-AS-WCH-MATCHED-UPSTREAM-MATCHED-029	BINUTILS-GAS	UPSTREAM-MATCHED	tmp/phase3c-driver/upstream-matched-zstd-r3/output/bin/riscv32-wch-elf-as	ee61fb024382d826032679cc4bc36c0523e922b9b1fc2dc9b9966536ebca57e7	1115208	1347888	232680	section:__DATA_CONST,__const	FUNCTIONAL-DATA-TABLE	L3-MAP-GAS	L3-STAT-GAS-IP,L3-STAT-AS-XW-EXT,L3-STAT-AS-XW-OPCODES,L3-STAT-AS-CUSTOM32,L3-STAT-AS-ATTR	COMPLETE-TILING	L3-177-matched-intervals	pair_id=AS-WCH-MATCHED;file_id=AS-MATCHED;file_size=1737664;interval_sha256=85a3921ad43a39b7574a3a3c8e69761fd93517966ad9792224fd58bd1ab265e3
L3-REG-AS-WCH-MATCHED-UPSTREAM-MATCHED-030	BINUTILS-GAS	UPSTREAM-MATCHED	tmp/phase3c-driver/upstream-matched-zstd-r3/output/bin/riscv32-wch-elf-as	ee61fb024382d826032679cc4bc36c0523e922b9b1fc2dc9b9966536ebca57e7	1347888	1359872	11984	segment:__DATA_CONST	PADDING/ALIGNMENT	L3-MAP-GAS	L3-STAT-GAS-IP,L3-STAT-AS-XW-EXT,L3-STAT-AS-XW-OPCODES,L3-STAT-AS-CUSTOM32,L3-STAT-AS-ATTR	COMPLETE-TILING	L3-177-matched-intervals	pair_id=AS-WCH-MATCHED;file_id=AS-MATCHED;file_size=1737664;interval_sha256=a115817d9071d8ae833f5b388ef2e92cd2167c81989a8a65ec02868b63a1ff26
L3-REG-AS-WCH-MATCHED-UPSTREAM-MATCHED-031	BINUTILS-GAS	UPSTREAM-MATCHED	tmp/phase3c-driver/upstream-matched-zstd-r3/output/bin/riscv32-wch-elf-as	ee61fb024382d826032679cc4bc36c0523e922b9b1fc2dc9b9966536ebca57e7	1359872	1369912	10040	section:__DATA,__data	FUNCTIONAL-DATA-TABLE	L3-MAP-GAS	L3-STAT-GAS-IP,L3-STAT-AS-XW-EXT,L3-STAT-AS-XW-OPCODES,L3-STAT-AS-CUSTOM32,L3-STAT-AS-ATTR	COMPLETE-TILING	L3-177-matched-intervals	pair_id=AS-WCH-MATCHED;file_id=AS-MATCHED;file_size=1737664;interval_sha256=518f881c0f53792263667188b4e31be939bd4147332a7ca06d301e13066dcf14
L3-REG-AS-WCH-MATCHED-UPSTREAM-MATCHED-032	BINUTILS-GAS	UPSTREAM-MATCHED	tmp/phase3c-driver/upstream-matched-zstd-r3/output/bin/riscv32-wch-elf-as	ee61fb024382d826032679cc4bc36c0523e922b9b1fc2dc9b9966536ebca57e7	1369912	1369984	72	section:__DATA,__thread_vars	PACKAGING/DEPENDENCY	L3-MAP-GAS	L3-STAT-GAS-IP,L3-STAT-AS-XW-EXT,L3-STAT-AS-XW-OPCODES,L3-STAT-AS-CUSTOM32,L3-STAT-AS-ATTR	COMPLETE-TILING	L3-177-matched-intervals	pair_id=AS-WCH-MATCHED;file_id=AS-MATCHED;file_size=1737664;interval_sha256=69a9588ee3960a434abdec5259c76f0e25c9a83d78881bb8bf44b74c3c4dccde
L3-REG-AS-WCH-MATCHED-UPSTREAM-MATCHED-033	BINUTILS-GAS	UPSTREAM-MATCHED	tmp/phase3c-driver/upstream-matched-zstd-r3/output/bin/riscv32-wch-elf-as	ee61fb024382d826032679cc4bc36c0523e922b9b1fc2dc9b9966536ebca57e7	1369984	1376256	6272	segment:__DATA	PADDING/ALIGNMENT	L3-MAP-GAS	L3-STAT-GAS-IP,L3-STAT-AS-XW-EXT,L3-STAT-AS-XW-OPCODES,L3-STAT-AS-CUSTOM32,L3-STAT-AS-ATTR	COMPLETE-TILING	L3-177-matched-intervals	pair_id=AS-WCH-MATCHED;file_id=AS-MATCHED;file_size=1737664;interval_sha256=27e252c16d2f3c861b57f34cb9d769a3e4ff93a1adf73af6970fda1294d88d0f
L3-REG-AS-WCH-MATCHED-UPSTREAM-MATCHED-034	BINUTILS-GAS	UPSTREAM-MATCHED	tmp/phase3c-driver/upstream-matched-zstd-r3/output/bin/riscv32-wch-elf-as	ee61fb024382d826032679cc4bc36c0523e922b9b1fc2dc9b9966536ebca57e7	1376256	1378288	2032	LC_DYLD_CHAINED_FIXUPS-data	PACKAGING/DEPENDENCY	L3-MAP-GAS	L3-STAT-GAS-IP,L3-STAT-AS-XW-EXT,L3-STAT-AS-XW-OPCODES,L3-STAT-AS-CUSTOM32,L3-STAT-AS-ATTR	COMPLETE-TILING	L3-177-matched-intervals	pair_id=AS-WCH-MATCHED;file_id=AS-MATCHED;file_size=1737664;interval_sha256=5905a8c1e193e90d0a2538b72529ca4b25a7ba9331ecab802ac07073af80c2d9
L3-REG-AS-WCH-MATCHED-UPSTREAM-MATCHED-035	BINUTILS-GAS	UPSTREAM-MATCHED	tmp/phase3c-driver/upstream-matched-zstd-r3/output/bin/riscv32-wch-elf-as	ee61fb024382d826032679cc4bc36c0523e922b9b1fc2dc9b9966536ebca57e7	1378288	1411640	33352	LC_DYLD_EXPORTS_TRIE-data	PACKAGING/DEPENDENCY	L3-MAP-GAS	L3-STAT-GAS-IP,L3-STAT-AS-XW-EXT,L3-STAT-AS-XW-OPCODES,L3-STAT-AS-CUSTOM32,L3-STAT-AS-ATTR	COMPLETE-TILING	L3-177-matched-intervals	pair_id=AS-WCH-MATCHED;file_id=AS-MATCHED;file_size=1737664;interval_sha256=a45d1bab3b78e93c1df089a5fd2a47ffc85e81e0b87a25450bf484a7be4f2b1c
L3-REG-AS-WCH-MATCHED-UPSTREAM-MATCHED-036	BINUTILS-GAS	UPSTREAM-MATCHED	tmp/phase3c-driver/upstream-matched-zstd-r3/output/bin/riscv32-wch-elf-as	ee61fb024382d826032679cc4bc36c0523e922b9b1fc2dc9b9966536ebca57e7	1411640	1415184	3544	LC_FUNCTION_STARTS-data	LINK-LAYOUT	L3-MAP-GAS	L3-STAT-GAS-IP,L3-STAT-AS-XW-EXT,L3-STAT-AS-XW-OPCODES,L3-STAT-AS-CUSTOM32,L3-STAT-AS-ATTR	COMPLETE-TILING	L3-177-matched-intervals	pair_id=AS-WCH-MATCHED;file_id=AS-MATCHED;file_size=1737664;interval_sha256=55648ce532a1bb0a3a7bf9275fe331fd7fba17cc6884852a2fdf9192b8d4b49e
L3-REG-AS-WCH-MATCHED-UPSTREAM-MATCHED-037	BINUTILS-GAS	UPSTREAM-MATCHED	tmp/phase3c-driver/upstream-matched-zstd-r3/output/bin/riscv32-wch-elf-as	ee61fb024382d826032679cc4bc36c0523e922b9b1fc2dc9b9966536ebca57e7	1415184	1628864	213680	LC_SYMTAB-symbols	STRIP/DEBUG/SYMBOL-LAYOUT	L3-MAP-GAS	L3-STAT-GAS-IP,L3-STAT-AS-XW-EXT,L3-STAT-AS-XW-OPCODES,L3-STAT-AS-CUSTOM32,L3-STAT-AS-ATTR	COMPLETE-TILING	L3-177-matched-intervals	pair_id=AS-WCH-MATCHED;file_id=AS-MATCHED;file_size=1737664;interval_sha256=aaf8b49ae33b5462b5ef6c891a50a59984a35a935e878b517db8be72548cd619
L3-REG-AS-WCH-MATCHED-UPSTREAM-MATCHED-038	BINUTILS-GAS	UPSTREAM-MATCHED	tmp/phase3c-driver/upstream-matched-zstd-r3/output/bin/riscv32-wch-elf-as	ee61fb024382d826032679cc4bc36c0523e922b9b1fc2dc9b9966536ebca57e7	1628864	1629932	1068	LC_DYSYMTAB-indirect-symbols	STRIP/DEBUG/SYMBOL-LAYOUT	L3-MAP-GAS	L3-STAT-GAS-IP,L3-STAT-AS-XW-EXT,L3-STAT-AS-XW-OPCODES,L3-STAT-AS-CUSTOM32,L3-STAT-AS-ATTR	COMPLETE-TILING	L3-177-matched-intervals	pair_id=AS-WCH-MATCHED;file_id=AS-MATCHED;file_size=1737664;interval_sha256=256a36dde0cfab4fc1e18b78670f7ae66687d66caec1579bb51a7c92f8ac135f
L3-REG-AS-WCH-MATCHED-UPSTREAM-MATCHED-039	BINUTILS-GAS	UPSTREAM-MATCHED	tmp/phase3c-driver/upstream-matched-zstd-r3/output/bin/riscv32-wch-elf-as	ee61fb024382d826032679cc4bc36c0523e922b9b1fc2dc9b9966536ebca57e7	1629932	1629936	4	segment:__LINKEDIT	LINK-LAYOUT	L3-MAP-GAS	L3-STAT-GAS-IP,L3-STAT-AS-XW-EXT,L3-STAT-AS-XW-OPCODES,L3-STAT-AS-CUSTOM32,L3-STAT-AS-ATTR	COMPLETE-TILING	L3-177-matched-intervals	pair_id=AS-WCH-MATCHED;file_id=AS-MATCHED;file_size=1737664;interval_sha256=df3f619804a92fdb4057192dc43dd748ea778adc52bc498ce80524c014b81119
L3-REG-AS-WCH-MATCHED-UPSTREAM-MATCHED-040	BINUTILS-GAS	UPSTREAM-MATCHED	tmp/phase3c-driver/upstream-matched-zstd-r3/output/bin/riscv32-wch-elf-as	ee61fb024382d826032679cc4bc36c0523e922b9b1fc2dc9b9966536ebca57e7	1629936	1724064	94128	LC_SYMTAB-strings	STRIP/DEBUG/SYMBOL-LAYOUT	L3-MAP-GAS	L3-STAT-GAS-IP,L3-STAT-AS-XW-EXT,L3-STAT-AS-XW-OPCODES,L3-STAT-AS-CUSTOM32,L3-STAT-AS-ATTR	COMPLETE-TILING	L3-177-matched-intervals	pair_id=AS-WCH-MATCHED;file_id=AS-MATCHED;file_size=1737664;interval_sha256=da5af494f3b0041157ffbacf5d907ee6fd5b2d2f6a03924dc84f4341de0514db
L3-REG-AS-WCH-MATCHED-UPSTREAM-MATCHED-041	BINUTILS-GAS	UPSTREAM-MATCHED	tmp/phase3c-driver/upstream-matched-zstd-r3/output/bin/riscv32-wch-elf-as	ee61fb024382d826032679cc4bc36c0523e922b9b1fc2dc9b9966536ebca57e7	1724064	1737664	13600	LC_CODE_SIGNATURE-data	SIGNATURE/UUID/BUILD-METADATA	L3-MAP-GAS	L3-STAT-GAS-IP,L3-STAT-AS-XW-EXT,L3-STAT-AS-XW-OPCODES,L3-STAT-AS-CUSTOM32,L3-STAT-AS-ATTR	COMPLETE-TILING	L3-177-matched-intervals	pair_id=AS-WCH-MATCHED;file_id=AS-MATCHED;file_size=1737664;interval_sha256=685755909e69e00ba5d82d9964da67943c2370093db687c28ea721f2e10456cd
L3-REG-AS-WCH-P2-UPSTREAM-P2-000	BINUTILS-GAS	UPSTREAM-P2	tmp/phase2-evidence/literal-clean/quarantine-toolchain_15.2.0-run1/riscv-gnu-toolchain/output/bin/riscv32-wch-elf-as	36d5b962080a3214f9cc7d7e4b96727845ada1b7096e118373149a03f2983510	0	32	32	mach_header_64	LINK-LAYOUT	L3-MAP-GAS	L3-STAT-GAS-IP,L3-STAT-AS-XW-EXT,L3-STAT-AS-XW-OPCODES,L3-STAT-AS-CUSTOM32,L3-STAT-AS-ATTR	COMPLETE-TILING	L3-112	pair_id=AS-WCH-P2;file_id=AS-P2;file_size=1727112;interval_sha256=76797436490ec9dfa648349f424e587b4b4a44e9f0603265cd5d2e15bb70f38e
L3-REG-AS-WCH-P2-UPSTREAM-P2-001	BINUTILS-GAS	UPSTREAM-P2	tmp/phase2-evidence/literal-clean/quarantine-toolchain_15.2.0-run1/riscv-gnu-toolchain/output/bin/riscv32-wch-elf-as	36d5b962080a3214f9cc7d7e4b96727845ada1b7096e118373149a03f2983510	32	104	72	load-command[0]:0x19	LINK-LAYOUT	L3-MAP-GAS	L3-STAT-GAS-IP,L3-STAT-AS-XW-EXT,L3-STAT-AS-XW-OPCODES,L3-STAT-AS-CUSTOM32,L3-STAT-AS-ATTR	COMPLETE-TILING	L3-112	pair_id=AS-WCH-P2;file_id=AS-P2;file_size=1727112;interval_sha256=38432a8fbcbe1ae9fdf9263fe1e4e948de98131833cc5e5333f375dcf5f6333f
L3-REG-AS-WCH-P2-UPSTREAM-P2-002	BINUTILS-GAS	UPSTREAM-P2	tmp/phase2-evidence/literal-clean/quarantine-toolchain_15.2.0-run1/riscv-gnu-toolchain/output/bin/riscv32-wch-elf-as	36d5b962080a3214f9cc7d7e4b96727845ada1b7096e118373149a03f2983510	104	576	472	load-command[1]:0x19	LINK-LAYOUT	L3-MAP-GAS	L3-STAT-GAS-IP,L3-STAT-AS-XW-EXT,L3-STAT-AS-XW-OPCODES,L3-STAT-AS-CUSTOM32,L3-STAT-AS-ATTR	COMPLETE-TILING	L3-112	pair_id=AS-WCH-P2;file_id=AS-P2;file_size=1727112;interval_sha256=2d298485b20379b42bc4fcb6883c3aaa2f6f2f0f1e107dd4eb9ece17fd01efda
L3-REG-AS-WCH-P2-UPSTREAM-P2-003	BINUTILS-GAS	UPSTREAM-P2	tmp/phase2-evidence/literal-clean/quarantine-toolchain_15.2.0-run1/riscv-gnu-toolchain/output/bin/riscv32-wch-elf-as	36d5b962080a3214f9cc7d7e4b96727845ada1b7096e118373149a03f2983510	576	808	232	load-command[2]:0x19	LINK-LAYOUT	L3-MAP-GAS	L3-STAT-GAS-IP,L3-STAT-AS-XW-EXT,L3-STAT-AS-XW-OPCODES,L3-STAT-AS-CUSTOM32,L3-STAT-AS-ATTR	COMPLETE-TILING	L3-112	pair_id=AS-WCH-P2;file_id=AS-P2;file_size=1727112;interval_sha256=4b213b966d761adb85fe9e0a4f8cb8767484c027470cfeba931169ff214d664a
L3-REG-AS-WCH-P2-UPSTREAM-P2-004	BINUTILS-GAS	UPSTREAM-P2	tmp/phase2-evidence/literal-clean/quarantine-toolchain_15.2.0-run1/riscv-gnu-toolchain/output/bin/riscv32-wch-elf-as	36d5b962080a3214f9cc7d7e4b96727845ada1b7096e118373149a03f2983510	808	1280	472	load-command[3]:0x19	LINK-LAYOUT	L3-MAP-GAS	L3-STAT-GAS-IP,L3-STAT-AS-XW-EXT,L3-STAT-AS-XW-OPCODES,L3-STAT-AS-CUSTOM32,L3-STAT-AS-ATTR	COMPLETE-TILING	L3-112	pair_id=AS-WCH-P2;file_id=AS-P2;file_size=1727112;interval_sha256=3a6d4a11c665c79fc39d61cbb8128fee6ee3d7b7738ccc01c0c2469be44c740a
L3-REG-AS-WCH-P2-UPSTREAM-P2-005	BINUTILS-GAS	UPSTREAM-P2	tmp/phase2-evidence/literal-clean/quarantine-toolchain_15.2.0-run1/riscv-gnu-toolchain/output/bin/riscv32-wch-elf-as	36d5b962080a3214f9cc7d7e4b96727845ada1b7096e118373149a03f2983510	1280	1352	72	load-command[4]:0x19	LINK-LAYOUT	L3-MAP-GAS	L3-STAT-GAS-IP,L3-STAT-AS-XW-EXT,L3-STAT-AS-XW-OPCODES,L3-STAT-AS-CUSTOM32,L3-STAT-AS-ATTR	COMPLETE-TILING	L3-112	pair_id=AS-WCH-P2;file_id=AS-P2;file_size=1727112;interval_sha256=eba36f1b75657f0260a8d9f6045734898985abaabd9cd02fcbc2df73f3fc98e2
L3-REG-AS-WCH-P2-UPSTREAM-P2-006	BINUTILS-GAS	UPSTREAM-P2	tmp/phase2-evidence/literal-clean/quarantine-toolchain_15.2.0-run1/riscv-gnu-toolchain/output/bin/riscv32-wch-elf-as	36d5b962080a3214f9cc7d7e4b96727845ada1b7096e118373149a03f2983510	1352	1368	16	load-command[5]:0x80000034	LINK-LAYOUT	L3-MAP-GAS	L3-STAT-GAS-IP,L3-STAT-AS-XW-EXT,L3-STAT-AS-XW-OPCODES,L3-STAT-AS-CUSTOM32,L3-STAT-AS-ATTR	COMPLETE-TILING	L3-112	pair_id=AS-WCH-P2;file_id=AS-P2;file_size=1727112;interval_sha256=69e5462296eeeb9c190d3724dad5ae4d7f06973a41f555379a6a77a2460852ec
L3-REG-AS-WCH-P2-UPSTREAM-P2-007	BINUTILS-GAS	UPSTREAM-P2	tmp/phase2-evidence/literal-clean/quarantine-toolchain_15.2.0-run1/riscv-gnu-toolchain/output/bin/riscv32-wch-elf-as	36d5b962080a3214f9cc7d7e4b96727845ada1b7096e118373149a03f2983510	1368	1384	16	load-command[6]:0x80000033	LINK-LAYOUT	L3-MAP-GAS	L3-STAT-GAS-IP,L3-STAT-AS-XW-EXT,L3-STAT-AS-XW-OPCODES,L3-STAT-AS-CUSTOM32,L3-STAT-AS-ATTR	COMPLETE-TILING	L3-112	pair_id=AS-WCH-P2;file_id=AS-P2;file_size=1727112;interval_sha256=cc0cde381e8b9c9f90f2e992b8cd618d8a4e35365db7b1899b572a8e146d6e47
L3-REG-AS-WCH-P2-UPSTREAM-P2-008	BINUTILS-GAS	UPSTREAM-P2	tmp/phase2-evidence/literal-clean/quarantine-toolchain_15.2.0-run1/riscv-gnu-toolchain/output/bin/riscv32-wch-elf-as	36d5b962080a3214f9cc7d7e4b96727845ada1b7096e118373149a03f2983510	1384	1408	24	load-command[7]:0x2	LINK-LAYOUT	L3-MAP-GAS	L3-STAT-GAS-IP,L3-STAT-AS-XW-EXT,L3-STAT-AS-XW-OPCODES,L3-STAT-AS-CUSTOM32,L3-STAT-AS-ATTR	COMPLETE-TILING	L3-112	pair_id=AS-WCH-P2;file_id=AS-P2;file_size=1727112;interval_sha256=c64e26197bb36ff316e40aaa2e0fa9c5d0966af5605ca87518d434a6a186f850
L3-REG-AS-WCH-P2-UPSTREAM-P2-009	BINUTILS-GAS	UPSTREAM-P2	tmp/phase2-evidence/literal-clean/quarantine-toolchain_15.2.0-run1/riscv-gnu-toolchain/output/bin/riscv32-wch-elf-as	36d5b962080a3214f9cc7d7e4b96727845ada1b7096e118373149a03f2983510	1408	1488	80	load-command[8]:0xb	LINK-LAYOUT	L3-MAP-GAS	L3-STAT-GAS-IP,L3-STAT-AS-XW-EXT,L3-STAT-AS-XW-OPCODES,L3-STAT-AS-CUSTOM32,L3-STAT-AS-ATTR	COMPLETE-TILING	L3-112	pair_id=AS-WCH-P2;file_id=AS-P2;file_size=1727112;interval_sha256=edbaa1f6b19824842534c6363b304c3b3f463abc4460d1451e800933c31b2eab
L3-REG-AS-WCH-P2-UPSTREAM-P2-010	BINUTILS-GAS	UPSTREAM-P2	tmp/phase2-evidence/literal-clean/quarantine-toolchain_15.2.0-run1/riscv-gnu-toolchain/output/bin/riscv32-wch-elf-as	36d5b962080a3214f9cc7d7e4b96727845ada1b7096e118373149a03f2983510	1488	1520	32	load-command[9]:0xe	LINK-LAYOUT	L3-MAP-GAS	L3-STAT-GAS-IP,L3-STAT-AS-XW-EXT,L3-STAT-AS-XW-OPCODES,L3-STAT-AS-CUSTOM32,L3-STAT-AS-ATTR	COMPLETE-TILING	L3-112	pair_id=AS-WCH-P2;file_id=AS-P2;file_size=1727112;interval_sha256=44316cf4f366f41aa06996613c44af75e34479362928faf61a168c2a203b5999
L3-REG-AS-WCH-P2-UPSTREAM-P2-011	BINUTILS-GAS	UPSTREAM-P2	tmp/phase2-evidence/literal-clean/quarantine-toolchain_15.2.0-run1/riscv-gnu-toolchain/output/bin/riscv32-wch-elf-as	36d5b962080a3214f9cc7d7e4b96727845ada1b7096e118373149a03f2983510	1520	1544	24	load-command[10]:0x1b	SIGNATURE/UUID/BUILD-METADATA	L3-MAP-GAS	L3-STAT-GAS-IP,L3-STAT-AS-XW-EXT,L3-STAT-AS-XW-OPCODES,L3-STAT-AS-CUSTOM32,L3-STAT-AS-ATTR	COMPLETE-TILING	L3-112	pair_id=AS-WCH-P2;file_id=AS-P2;file_size=1727112;interval_sha256=06d981c34b59b628d50ed2883740e1376f667524ed417ac38bc76db338a7a573
L3-REG-AS-WCH-P2-UPSTREAM-P2-012	BINUTILS-GAS	UPSTREAM-P2	tmp/phase2-evidence/literal-clean/quarantine-toolchain_15.2.0-run1/riscv-gnu-toolchain/output/bin/riscv32-wch-elf-as	36d5b962080a3214f9cc7d7e4b96727845ada1b7096e118373149a03f2983510	1544	1576	32	load-command[11]:0x32	SIGNATURE/UUID/BUILD-METADATA	L3-MAP-GAS	L3-STAT-GAS-IP,L3-STAT-AS-XW-EXT,L3-STAT-AS-XW-OPCODES,L3-STAT-AS-CUSTOM32,L3-STAT-AS-ATTR	COMPLETE-TILING	L3-112	pair_id=AS-WCH-P2;file_id=AS-P2;file_size=1727112;interval_sha256=06be0acc3151d0cb3a5720312a0ae05bf2376d394c98194de6f77801b59ab2e0
L3-REG-AS-WCH-P2-UPSTREAM-P2-013	BINUTILS-GAS	UPSTREAM-P2	tmp/phase2-evidence/literal-clean/quarantine-toolchain_15.2.0-run1/riscv-gnu-toolchain/output/bin/riscv32-wch-elf-as	36d5b962080a3214f9cc7d7e4b96727845ada1b7096e118373149a03f2983510	1576	1592	16	load-command[12]:0x2a	SIGNATURE/UUID/BUILD-METADATA	L3-MAP-GAS	L3-STAT-GAS-IP,L3-STAT-AS-XW-EXT,L3-STAT-AS-XW-OPCODES,L3-STAT-AS-CUSTOM32,L3-STAT-AS-ATTR	COMPLETE-TILING	L3-112	pair_id=AS-WCH-P2;file_id=AS-P2;file_size=1727112;interval_sha256=01a60f1db7db041298aa3e269ff5ebea951aa6977963e4ab563905da906d2b82
L3-REG-AS-WCH-P2-UPSTREAM-P2-014	BINUTILS-GAS	UPSTREAM-P2	tmp/phase2-evidence/literal-clean/quarantine-toolchain_15.2.0-run1/riscv-gnu-toolchain/output/bin/riscv32-wch-elf-as	36d5b962080a3214f9cc7d7e4b96727845ada1b7096e118373149a03f2983510	1592	1616	24	load-command[13]:0x80000028	LINK-LAYOUT	L3-MAP-GAS	L3-STAT-GAS-IP,L3-STAT-AS-XW-EXT,L3-STAT-AS-XW-OPCODES,L3-STAT-AS-CUSTOM32,L3-STAT-AS-ATTR	COMPLETE-TILING	L3-112	pair_id=AS-WCH-P2;file_id=AS-P2;file_size=1727112;interval_sha256=fca28d6d60573e286c86962bac07a1a9e5baeac441215286f6c31ecb1bf89bc6
L3-REG-AS-WCH-P2-UPSTREAM-P2-015	BINUTILS-GAS	UPSTREAM-P2	tmp/phase2-evidence/literal-clean/quarantine-toolchain_15.2.0-run1/riscv-gnu-toolchain/output/bin/riscv32-wch-elf-as	36d5b962080a3214f9cc7d7e4b96727845ada1b7096e118373149a03f2983510	1616	1672	56	load-command[14]:0xc	LINK-LAYOUT	L3-MAP-GAS	L3-STAT-GAS-IP,L3-STAT-AS-XW-EXT,L3-STAT-AS-XW-OPCODES,L3-STAT-AS-CUSTOM32,L3-STAT-AS-ATTR	COMPLETE-TILING	L3-112	pair_id=AS-WCH-P2;file_id=AS-P2;file_size=1727112;interval_sha256=ffa45af4ce6b7780727be9b2f2f9ca0b35932363e311b247d840ef9da1bdc1f5
L3-REG-AS-WCH-P2-UPSTREAM-P2-016	BINUTILS-GAS	UPSTREAM-P2	tmp/phase2-evidence/literal-clean/quarantine-toolchain_15.2.0-run1/riscv-gnu-toolchain/output/bin/riscv32-wch-elf-as	36d5b962080a3214f9cc7d7e4b96727845ada1b7096e118373149a03f2983510	1672	1720	48	load-command[15]:0xc	LINK-LAYOUT	L3-MAP-GAS	L3-STAT-GAS-IP,L3-STAT-AS-XW-EXT,L3-STAT-AS-XW-OPCODES,L3-STAT-AS-CUSTOM32,L3-STAT-AS-ATTR	COMPLETE-TILING	L3-112	pair_id=AS-WCH-P2;file_id=AS-P2;file_size=1727112;interval_sha256=70ad563e95ac2bc9fefdc6ffaf87d87d18272d013bc98f6d4fc78e85e28a9111
L3-REG-AS-WCH-P2-UPSTREAM-P2-017	BINUTILS-GAS	UPSTREAM-P2	tmp/phase2-evidence/literal-clean/quarantine-toolchain_15.2.0-run1/riscv-gnu-toolchain/output/bin/riscv32-wch-elf-as	36d5b962080a3214f9cc7d7e4b96727845ada1b7096e118373149a03f2983510	1720	1736	16	load-command[16]:0x26	LINK-LAYOUT	L3-MAP-GAS	L3-STAT-GAS-IP,L3-STAT-AS-XW-EXT,L3-STAT-AS-XW-OPCODES,L3-STAT-AS-CUSTOM32,L3-STAT-AS-ATTR	COMPLETE-TILING	L3-112	pair_id=AS-WCH-P2;file_id=AS-P2;file_size=1727112;interval_sha256=f963d09913fecf24670899b721c9942877ac3ee888957a7d42d5d448a49cedbb
L3-REG-AS-WCH-P2-UPSTREAM-P2-018	BINUTILS-GAS	UPSTREAM-P2	tmp/phase2-evidence/literal-clean/quarantine-toolchain_15.2.0-run1/riscv-gnu-toolchain/output/bin/riscv32-wch-elf-as	36d5b962080a3214f9cc7d7e4b96727845ada1b7096e118373149a03f2983510	1736	1752	16	load-command[17]:0x29	LINK-LAYOUT	L3-MAP-GAS	L3-STAT-GAS-IP,L3-STAT-AS-XW-EXT,L3-STAT-AS-XW-OPCODES,L3-STAT-AS-CUSTOM32,L3-STAT-AS-ATTR	COMPLETE-TILING	L3-112	pair_id=AS-WCH-P2;file_id=AS-P2;file_size=1727112;interval_sha256=3fd1d5ace230414cde561bcbb6371fa5fab0793270222f127543830c22537c92
L3-REG-AS-WCH-P2-UPSTREAM-P2-019	BINUTILS-GAS	UPSTREAM-P2	tmp/phase2-evidence/literal-clean/quarantine-toolchain_15.2.0-run1/riscv-gnu-toolchain/output/bin/riscv32-wch-elf-as	36d5b962080a3214f9cc7d7e4b96727845ada1b7096e118373149a03f2983510	1752	1768	16	load-command[18]:0x1d	SIGNATURE/UUID/BUILD-METADATA	L3-MAP-GAS	L3-STAT-GAS-IP,L3-STAT-AS-XW-EXT,L3-STAT-AS-XW-OPCODES,L3-STAT-AS-CUSTOM32,L3-STAT-AS-ATTR	COMPLETE-TILING	L3-112	pair_id=AS-WCH-P2;file_id=AS-P2;file_size=1727112;interval_sha256=e36ee3e767a156a3bafeed1474d933c177c847d87ae2a76f506a9d85aedbbd9f
L3-REG-AS-WCH-P2-UPSTREAM-P2-020	BINUTILS-GAS	UPSTREAM-P2	tmp/phase2-evidence/literal-clean/quarantine-toolchain_15.2.0-run1/riscv-gnu-toolchain/output/bin/riscv32-wch-elf-as	36d5b962080a3214f9cc7d7e4b96727845ada1b7096e118373149a03f2983510	1768	1808	40	segment:__TEXT	PADDING/ALIGNMENT	L3-MAP-GAS	L3-STAT-GAS-IP,L3-STAT-AS-XW-EXT,L3-STAT-AS-XW-OPCODES,L3-STAT-AS-CUSTOM32,L3-STAT-AS-ATTR	COMPLETE-TILING	L3-112	pair_id=AS-WCH-P2;file_id=AS-P2;file_size=1727112;interval_sha256=2c34ce1df23b838c5abf2a7f6437cca3d3067ed509ff25f11df6b11b582b51eb
L3-REG-AS-WCH-P2-UPSTREAM-P2-021	BINUTILS-GAS	UPSTREAM-P2	tmp/phase2-evidence/literal-clean/quarantine-toolchain_15.2.0-run1/riscv-gnu-toolchain/output/bin/riscv32-wch-elf-as	36d5b962080a3214f9cc7d7e4b96727845ada1b7096e118373149a03f2983510	1808	884968	883160	section:__TEXT,__text	FUNCTIONAL-CODE	L3-MAP-GAS	L3-STAT-GAS-IP,L3-STAT-AS-XW-EXT,L3-STAT-AS-XW-OPCODES,L3-STAT-AS-CUSTOM32,L3-STAT-AS-ATTR	COMPLETE-TILING	L3-112	pair_id=AS-WCH-P2;file_id=AS-P2;file_size=1727112;interval_sha256=30707cd50d291bc108f72aa0091afbb6456a11b4e4ed96864abeed82b4c66f50
L3-REG-AS-WCH-P2-UPSTREAM-P2-022	BINUTILS-GAS	UPSTREAM-P2	tmp/phase2-evidence/literal-clean/quarantine-toolchain_15.2.0-run1/riscv-gnu-toolchain/output/bin/riscv32-wch-elf-as	36d5b962080a3214f9cc7d7e4b96727845ada1b7096e118373149a03f2983510	884968	886456	1488	section:__TEXT,__stubs	PACKAGING/DEPENDENCY	L3-MAP-GAS	L3-STAT-GAS-IP,L3-STAT-AS-XW-EXT,L3-STAT-AS-XW-OPCODES,L3-STAT-AS-CUSTOM32,L3-STAT-AS-ATTR	COMPLETE-TILING	L3-112	pair_id=AS-WCH-P2;file_id=AS-P2;file_size=1727112;interval_sha256=fcd0e2670a7f157c85516ed387ac95a7d1c3088c8afbfe9645617e22b1f323a6
L3-REG-AS-WCH-P2-UPSTREAM-P2-023	BINUTILS-GAS	UPSTREAM-P2	tmp/phase2-evidence/literal-clean/quarantine-toolchain_15.2.0-run1/riscv-gnu-toolchain/output/bin/riscv32-wch-elf-as	36d5b962080a3214f9cc7d7e4b96727845ada1b7096e118373149a03f2983510	886456	886464	8	segment:__TEXT	PADDING/ALIGNMENT	L3-MAP-GAS	L3-STAT-GAS-IP,L3-STAT-AS-XW-EXT,L3-STAT-AS-XW-OPCODES,L3-STAT-AS-CUSTOM32,L3-STAT-AS-ATTR	COMPLETE-TILING	L3-112	pair_id=AS-WCH-P2;file_id=AS-P2;file_size=1727112;interval_sha256=af5570f5a1810b7af78caf4bc70a660f0df51e42baf91d4de5b2328de0e83dfc
L3-REG-AS-WCH-P2-UPSTREAM-P2-024	BINUTILS-GAS	UPSTREAM-P2	tmp/phase2-evidence/literal-clean/quarantine-toolchain_15.2.0-run1/riscv-gnu-toolchain/output/bin/riscv32-wch-elf-as	36d5b962080a3214f9cc7d7e4b96727845ada1b7096e118373149a03f2983510	886464	903056	16592	section:__TEXT,__const	FUNCTIONAL-DATA-TABLE	L3-MAP-GAS	L3-STAT-GAS-IP,L3-STAT-AS-XW-EXT,L3-STAT-AS-XW-OPCODES,L3-STAT-AS-CUSTOM32,L3-STAT-AS-ATTR	COMPLETE-TILING	L3-112	pair_id=AS-WCH-P2;file_id=AS-P2;file_size=1727112;interval_sha256=faafcd10a20d885f085a2650c7e009df1ff52e4d5e6f08000a83f1a045b0c94e
L3-REG-AS-WCH-P2-UPSTREAM-P2-025	BINUTILS-GAS	UPSTREAM-P2	tmp/phase2-evidence/literal-clean/quarantine-toolchain_15.2.0-run1/riscv-gnu-toolchain/output/bin/riscv32-wch-elf-as	36d5b962080a3214f9cc7d7e4b96727845ada1b7096e118373149a03f2983510	903056	1095761	192705	section:__TEXT,__cstring	FUNCTIONAL-DATA-TABLE	L3-MAP-GAS	L3-STAT-GAS-IP,L3-STAT-AS-XW-EXT,L3-STAT-AS-XW-OPCODES,L3-STAT-AS-CUSTOM32,L3-STAT-AS-ATTR	COMPLETE-TILING	L3-112	pair_id=AS-WCH-P2;file_id=AS-P2;file_size=1727112;interval_sha256=c2f753fb223ece8a9ecb51c96e6fce6f3c01cd23321c36aaaecd5c53fbbbc245
L3-REG-AS-WCH-P2-UPSTREAM-P2-026	BINUTILS-GAS	UPSTREAM-P2	tmp/phase2-evidence/literal-clean/quarantine-toolchain_15.2.0-run1/riscv-gnu-toolchain/output/bin/riscv32-wch-elf-as	36d5b962080a3214f9cc7d7e4b96727845ada1b7096e118373149a03f2983510	1095761	1095764	3	segment:__TEXT	PADDING/ALIGNMENT	L3-MAP-GAS	L3-STAT-GAS-IP,L3-STAT-AS-XW-EXT,L3-STAT-AS-XW-OPCODES,L3-STAT-AS-CUSTOM32,L3-STAT-AS-ATTR	COMPLETE-TILING	L3-112	pair_id=AS-WCH-P2;file_id=AS-P2;file_size=1727112;interval_sha256=709e80c88487a2411e1ee4dfb9f22a861492d20c4765150c0c794abd70f8147c
L3-REG-AS-WCH-P2-UPSTREAM-P2-027	BINUTILS-GAS	UPSTREAM-P2	tmp/phase2-evidence/literal-clean/quarantine-toolchain_15.2.0-run1/riscv-gnu-toolchain/output/bin/riscv32-wch-elf-as	36d5b962080a3214f9cc7d7e4b96727845ada1b7096e118373149a03f2983510	1095764	1102164	6400	section:__TEXT,__unwind_info	FUNCTIONAL-DATA-TABLE	L3-MAP-GAS	L3-STAT-GAS-IP,L3-STAT-AS-XW-EXT,L3-STAT-AS-XW-OPCODES,L3-STAT-AS-CUSTOM32,L3-STAT-AS-ATTR	COMPLETE-TILING	L3-112	pair_id=AS-WCH-P2;file_id=AS-P2;file_size=1727112;interval_sha256=9facc4a02d19dfd9734968c1b1ede52e5da0ac8caf29a0768b7477756056ed9c
L3-REG-AS-WCH-P2-UPSTREAM-P2-028	BINUTILS-GAS	UPSTREAM-P2	tmp/phase2-evidence/literal-clean/quarantine-toolchain_15.2.0-run1/riscv-gnu-toolchain/output/bin/riscv32-wch-elf-as	36d5b962080a3214f9cc7d7e4b96727845ada1b7096e118373149a03f2983510	1102164	1114112	11948	segment:__TEXT	PADDING/ALIGNMENT	L3-MAP-GAS	L3-STAT-GAS-IP,L3-STAT-AS-XW-EXT,L3-STAT-AS-XW-OPCODES,L3-STAT-AS-CUSTOM32,L3-STAT-AS-ATTR	COMPLETE-TILING	L3-112	pair_id=AS-WCH-P2;file_id=AS-P2;file_size=1727112;interval_sha256=c0d21ad74bf3bde65f5e5194fac2049e5f44a892fb39dce32426d147f1fdf97f
L3-REG-AS-WCH-P2-UPSTREAM-P2-029	BINUTILS-GAS	UPSTREAM-P2	tmp/phase2-evidence/literal-clean/quarantine-toolchain_15.2.0-run1/riscv-gnu-toolchain/output/bin/riscv32-wch-elf-as	36d5b962080a3214f9cc7d7e4b96727845ada1b7096e118373149a03f2983510	1114112	1115160	1048	section:__DATA_CONST,__got	PACKAGING/DEPENDENCY	L3-MAP-GAS	L3-STAT-GAS-IP,L3-STAT-AS-XW-EXT,L3-STAT-AS-XW-OPCODES,L3-STAT-AS-CUSTOM32,L3-STAT-AS-ATTR	COMPLETE-TILING	L3-112	pair_id=AS-WCH-P2;file_id=AS-P2;file_size=1727112;interval_sha256=6db4322ef9e105a86bc14791ec3f81d73f1ffc8d748025b4dd67dd3e00008f89
L3-REG-AS-WCH-P2-UPSTREAM-P2-030	BINUTILS-GAS	UPSTREAM-P2	tmp/phase2-evidence/literal-clean/quarantine-toolchain_15.2.0-run1/riscv-gnu-toolchain/output/bin/riscv32-wch-elf-as	36d5b962080a3214f9cc7d7e4b96727845ada1b7096e118373149a03f2983510	1115160	1347840	232680	section:__DATA_CONST,__const	FUNCTIONAL-DATA-TABLE	L3-MAP-GAS	L3-STAT-GAS-IP,L3-STAT-AS-XW-EXT,L3-STAT-AS-XW-OPCODES,L3-STAT-AS-CUSTOM32,L3-STAT-AS-ATTR	COMPLETE-TILING	L3-112	pair_id=AS-WCH-P2;file_id=AS-P2;file_size=1727112;interval_sha256=1cfb4b21339fb857f2c6276c14aa6d83f5e136f50d9e974358c52dfa81eec211
L3-REG-AS-WCH-P2-UPSTREAM-P2-031	BINUTILS-GAS	UPSTREAM-P2	tmp/phase2-evidence/literal-clean/quarantine-toolchain_15.2.0-run1/riscv-gnu-toolchain/output/bin/riscv32-wch-elf-as	36d5b962080a3214f9cc7d7e4b96727845ada1b7096e118373149a03f2983510	1347840	1359872	12032	segment:__DATA_CONST	PADDING/ALIGNMENT	L3-MAP-GAS	L3-STAT-GAS-IP,L3-STAT-AS-XW-EXT,L3-STAT-AS-XW-OPCODES,L3-STAT-AS-CUSTOM32,L3-STAT-AS-ATTR	COMPLETE-TILING	L3-112	pair_id=AS-WCH-P2;file_id=AS-P2;file_size=1727112;interval_sha256=12a42cfe372b164bdba3fcaf9084fc39b2032c8aec11bdf0c2acb46a6b614fb7
L3-REG-AS-WCH-P2-UPSTREAM-P2-032	BINUTILS-GAS	UPSTREAM-P2	tmp/phase2-evidence/literal-clean/quarantine-toolchain_15.2.0-run1/riscv-gnu-toolchain/output/bin/riscv32-wch-elf-as	36d5b962080a3214f9cc7d7e4b96727845ada1b7096e118373149a03f2983510	1359872	1369912	10040	section:__DATA,__data	FUNCTIONAL-DATA-TABLE	L3-MAP-GAS	L3-STAT-GAS-IP,L3-STAT-AS-XW-EXT,L3-STAT-AS-XW-OPCODES,L3-STAT-AS-CUSTOM32,L3-STAT-AS-ATTR	COMPLETE-TILING	L3-112	pair_id=AS-WCH-P2;file_id=AS-P2;file_size=1727112;interval_sha256=331cbfa3c6255d3c44ac8cd1e5068e5c105648f53055b03a3f42f24cdda8cbd3
L3-REG-AS-WCH-P2-UPSTREAM-P2-033	BINUTILS-GAS	UPSTREAM-P2	tmp/phase2-evidence/literal-clean/quarantine-toolchain_15.2.0-run1/riscv-gnu-toolchain/output/bin/riscv32-wch-elf-as	36d5b962080a3214f9cc7d7e4b96727845ada1b7096e118373149a03f2983510	1369912	1369984	72	section:__DATA,__thread_vars	PACKAGING/DEPENDENCY	L3-MAP-GAS	L3-STAT-GAS-IP,L3-STAT-AS-XW-EXT,L3-STAT-AS-XW-OPCODES,L3-STAT-AS-CUSTOM32,L3-STAT-AS-ATTR	COMPLETE-TILING	L3-112	pair_id=AS-WCH-P2;file_id=AS-P2;file_size=1727112;interval_sha256=728eae6229f693a6d1597d1223732d007d8aba51824c686f5ac7033ade177b72
L3-REG-AS-WCH-P2-UPSTREAM-P2-034	BINUTILS-GAS	UPSTREAM-P2	tmp/phase2-evidence/literal-clean/quarantine-toolchain_15.2.0-run1/riscv-gnu-toolchain/output/bin/riscv32-wch-elf-as	36d5b962080a3214f9cc7d7e4b96727845ada1b7096e118373149a03f2983510	1369984	1376256	6272	segment:__DATA	PADDING/ALIGNMENT	L3-MAP-GAS	L3-STAT-GAS-IP,L3-STAT-AS-XW-EXT,L3-STAT-AS-XW-OPCODES,L3-STAT-AS-CUSTOM32,L3-STAT-AS-ATTR	COMPLETE-TILING	L3-112	pair_id=AS-WCH-P2;file_id=AS-P2;file_size=1727112;interval_sha256=27e252c16d2f3c861b57f34cb9d769a3e4ff93a1adf73af6970fda1294d88d0f
L3-REG-AS-WCH-P2-UPSTREAM-P2-035	BINUTILS-GAS	UPSTREAM-P2	tmp/phase2-evidence/literal-clean/quarantine-toolchain_15.2.0-run1/riscv-gnu-toolchain/output/bin/riscv32-wch-elf-as	36d5b962080a3214f9cc7d7e4b96727845ada1b7096e118373149a03f2983510	1376256	1378160	1904	LC_DYLD_CHAINED_FIXUPS-data	PACKAGING/DEPENDENCY	L3-MAP-GAS	L3-STAT-GAS-IP,L3-STAT-AS-XW-EXT,L3-STAT-AS-XW-OPCODES,L3-STAT-AS-CUSTOM32,L3-STAT-AS-ATTR	COMPLETE-TILING	L3-112	pair_id=AS-WCH-P2;file_id=AS-P2;file_size=1727112;interval_sha256=b6514d9560c5b756617e443dac2f4f8e42f998928b876a7c205daa8f81cf0abd
L3-REG-AS-WCH-P2-UPSTREAM-P2-036	BINUTILS-GAS	UPSTREAM-P2	tmp/phase2-evidence/literal-clean/quarantine-toolchain_15.2.0-run1/riscv-gnu-toolchain/output/bin/riscv32-wch-elf-as	36d5b962080a3214f9cc7d7e4b96727845ada1b7096e118373149a03f2983510	1378160	1411512	33352	LC_DYLD_EXPORTS_TRIE-data	PACKAGING/DEPENDENCY	L3-MAP-GAS	L3-STAT-GAS-IP,L3-STAT-AS-XW-EXT,L3-STAT-AS-XW-OPCODES,L3-STAT-AS-CUSTOM32,L3-STAT-AS-ATTR	COMPLETE-TILING	L3-112	pair_id=AS-WCH-P2;file_id=AS-P2;file_size=1727112;interval_sha256=4c501d68c3f2a3fd9858ec00ecca577a8fd22c2d3b94bb2456a52c5c3528d8bb
L3-REG-AS-WCH-P2-UPSTREAM-P2-037	BINUTILS-GAS	UPSTREAM-P2	tmp/phase2-evidence/literal-clean/quarantine-toolchain_15.2.0-run1/riscv-gnu-toolchain/output/bin/riscv32-wch-elf-as	36d5b962080a3214f9cc7d7e4b96727845ada1b7096e118373149a03f2983510	1411512	1415056	3544	LC_FUNCTION_STARTS-data	LINK-LAYOUT	L3-MAP-GAS	L3-STAT-GAS-IP,L3-STAT-AS-XW-EXT,L3-STAT-AS-XW-OPCODES,L3-STAT-AS-CUSTOM32,L3-STAT-AS-ATTR	COMPLETE-TILING	L3-112	pair_id=AS-WCH-P2;file_id=AS-P2;file_size=1727112;interval_sha256=402c93018c4909aa061d006ae57d6d44832dca64290fa31ab7eb29a97acad930
L3-REG-AS-WCH-P2-UPSTREAM-P2-038	BINUTILS-GAS	UPSTREAM-P2	tmp/phase2-evidence/literal-clean/quarantine-toolchain_15.2.0-run1/riscv-gnu-toolchain/output/bin/riscv32-wch-elf-as	36d5b962080a3214f9cc7d7e4b96727845ada1b7096e118373149a03f2983510	1415056	1628640	213584	LC_SYMTAB-symbols	STRIP/DEBUG/SYMBOL-LAYOUT	L3-MAP-GAS	L3-STAT-GAS-IP,L3-STAT-AS-XW-EXT,L3-STAT-AS-XW-OPCODES,L3-STAT-AS-CUSTOM32,L3-STAT-AS-ATTR	COMPLETE-TILING	L3-112	pair_id=AS-WCH-P2;file_id=AS-P2;file_size=1727112;interval_sha256=834497d02132c26ef6a56198de151bef1e74b3cee309320df6410a763c62cd69
L3-REG-AS-WCH-P2-UPSTREAM-P2-039	BINUTILS-GAS	UPSTREAM-P2	tmp/phase2-evidence/literal-clean/quarantine-toolchain_15.2.0-run1/riscv-gnu-toolchain/output/bin/riscv32-wch-elf-as	36d5b962080a3214f9cc7d7e4b96727845ada1b7096e118373149a03f2983510	1628640	1629660	1020	LC_DYSYMTAB-indirect-symbols	STRIP/DEBUG/SYMBOL-LAYOUT	L3-MAP-GAS	L3-STAT-GAS-IP,L3-STAT-AS-XW-EXT,L3-STAT-AS-XW-OPCODES,L3-STAT-AS-CUSTOM32,L3-STAT-AS-ATTR	COMPLETE-TILING	L3-112	pair_id=AS-WCH-P2;file_id=AS-P2;file_size=1727112;interval_sha256=ee004f2e24fbb8dcec048ff4d8210feb166b0ca520c24d525a912e00f0621546
L3-REG-AS-WCH-P2-UPSTREAM-P2-040	BINUTILS-GAS	UPSTREAM-P2	tmp/phase2-evidence/literal-clean/quarantine-toolchain_15.2.0-run1/riscv-gnu-toolchain/output/bin/riscv32-wch-elf-as	36d5b962080a3214f9cc7d7e4b96727845ada1b7096e118373149a03f2983510	1629660	1629664	4	segment:__LINKEDIT	LINK-LAYOUT	L3-MAP-GAS	L3-STAT-GAS-IP,L3-STAT-AS-XW-EXT,L3-STAT-AS-XW-OPCODES,L3-STAT-AS-CUSTOM32,L3-STAT-AS-ATTR	COMPLETE-TILING	L3-112	pair_id=AS-WCH-P2;file_id=AS-P2;file_size=1727112;interval_sha256=df3f619804a92fdb4057192dc43dd748ea778adc52bc498ce80524c014b81119
L3-REG-AS-WCH-P2-UPSTREAM-P2-041	BINUTILS-GAS	UPSTREAM-P2	tmp/phase2-evidence/literal-clean/quarantine-toolchain_15.2.0-run1/riscv-gnu-toolchain/output/bin/riscv32-wch-elf-as	36d5b962080a3214f9cc7d7e4b96727845ada1b7096e118373149a03f2983510	1629664	1713584	83920	LC_SYMTAB-strings	STRIP/DEBUG/SYMBOL-LAYOUT	L3-MAP-GAS	L3-STAT-GAS-IP,L3-STAT-AS-XW-EXT,L3-STAT-AS-XW-OPCODES,L3-STAT-AS-CUSTOM32,L3-STAT-AS-ATTR	COMPLETE-TILING	L3-112	pair_id=AS-WCH-P2;file_id=AS-P2;file_size=1727112;interval_sha256=6a39aa0d52118261dbb41ca4f4a8b4166b22df12d3cec09ef731e16fcea2f352
L3-REG-AS-WCH-P2-UPSTREAM-P2-042	BINUTILS-GAS	UPSTREAM-P2	tmp/phase2-evidence/literal-clean/quarantine-toolchain_15.2.0-run1/riscv-gnu-toolchain/output/bin/riscv32-wch-elf-as	36d5b962080a3214f9cc7d7e4b96727845ada1b7096e118373149a03f2983510	1713584	1727112	13528	LC_CODE_SIGNATURE-data	SIGNATURE/UUID/BUILD-METADATA	L3-MAP-GAS	L3-STAT-GAS-IP,L3-STAT-AS-XW-EXT,L3-STAT-AS-XW-OPCODES,L3-STAT-AS-CUSTOM32,L3-STAT-AS-ATTR	COMPLETE-TILING	L3-112	pair_id=AS-WCH-P2;file_id=AS-P2;file_size=1727112;interval_sha256=483918aba8263f1832de5c33b8952b654d6ed39c375983fd91be258908781b22
L3-REG-AS-WCH-P2-WCH-000	BINUTILS-GAS	WCH	ref/gcc/darwin-arm64/15.2.0/bin/riscv32-wch-elf-as	c958f65900a07d867c9321745990f2a9e83fbd7fa10a956e61cdb3735fb38152	0	32	32	mach_header_64	LINK-LAYOUT	L3-MAP-GAS	L3-STAT-GAS-IP,L3-STAT-AS-XW-EXT,L3-STAT-AS-XW-OPCODES,L3-STAT-AS-CUSTOM32,L3-STAT-AS-ATTR	COMPLETE-TILING	L3-112	pair_id=AS-WCH-P2;file_id=AS-WCH;file_size=1501008;interval_sha256=f8e22d64c4b4cd9b6d079cc8b71c3e759694d8e768699ed2691b4c8cd5047451
L3-REG-AS-WCH-P2-WCH-001	BINUTILS-GAS	WCH	ref/gcc/darwin-arm64/15.2.0/bin/riscv32-wch-elf-as	c958f65900a07d867c9321745990f2a9e83fbd7fa10a956e61cdb3735fb38152	32	104	72	load-command[0]:0x19	LINK-LAYOUT	L3-MAP-GAS	L3-STAT-GAS-IP,L3-STAT-AS-XW-EXT,L3-STAT-AS-XW-OPCODES,L3-STAT-AS-CUSTOM32,L3-STAT-AS-ATTR	COMPLETE-TILING	L3-112	pair_id=AS-WCH-P2;file_id=AS-WCH;file_size=1501008;interval_sha256=38432a8fbcbe1ae9fdf9263fe1e4e948de98131833cc5e5333f375dcf5f6333f
L3-REG-AS-WCH-P2-WCH-002	BINUTILS-GAS	WCH	ref/gcc/darwin-arm64/15.2.0/bin/riscv32-wch-elf-as	c958f65900a07d867c9321745990f2a9e83fbd7fa10a956e61cdb3735fb38152	104	736	632	load-command[1]:0x19	LINK-LAYOUT	L3-MAP-GAS	L3-STAT-GAS-IP,L3-STAT-AS-XW-EXT,L3-STAT-AS-XW-OPCODES,L3-STAT-AS-CUSTOM32,L3-STAT-AS-ATTR	COMPLETE-TILING	L3-112	pair_id=AS-WCH-P2;file_id=AS-WCH;file_size=1501008;interval_sha256=9d41994b4edf8424674e7a4e175eae586e935a08e6b01454719b4ff6b0df44d6
L3-REG-AS-WCH-P2-WCH-003	BINUTILS-GAS	WCH	ref/gcc/darwin-arm64/15.2.0/bin/riscv32-wch-elf-as	c958f65900a07d867c9321745990f2a9e83fbd7fa10a956e61cdb3735fb38152	736	968	232	load-command[2]:0x19	LINK-LAYOUT	L3-MAP-GAS	L3-STAT-GAS-IP,L3-STAT-AS-XW-EXT,L3-STAT-AS-XW-OPCODES,L3-STAT-AS-CUSTOM32,L3-STAT-AS-ATTR	COMPLETE-TILING	L3-112	pair_id=AS-WCH-P2;file_id=AS-WCH;file_size=1501008;interval_sha256=59667515e89756f8ec20273388e6d4e878730ad8ffb9c1a1b2335f4ca6c2e116
L3-REG-AS-WCH-P2-WCH-004	BINUTILS-GAS	WCH	ref/gcc/darwin-arm64/15.2.0/bin/riscv32-wch-elf-as	c958f65900a07d867c9321745990f2a9e83fbd7fa10a956e61cdb3735fb38152	968	1440	472	load-command[3]:0x19	LINK-LAYOUT	L3-MAP-GAS	L3-STAT-GAS-IP,L3-STAT-AS-XW-EXT,L3-STAT-AS-XW-OPCODES,L3-STAT-AS-CUSTOM32,L3-STAT-AS-ATTR	COMPLETE-TILING	L3-112	pair_id=AS-WCH-P2;file_id=AS-WCH;file_size=1501008;interval_sha256=58b5b46f6c897c64d37648d2d29f65344093ea4b10d90a7d0074696fedd6a3e9
L3-REG-AS-WCH-P2-WCH-005	BINUTILS-GAS	WCH	ref/gcc/darwin-arm64/15.2.0/bin/riscv32-wch-elf-as	c958f65900a07d867c9321745990f2a9e83fbd7fa10a956e61cdb3735fb38152	1440	1512	72	load-command[4]:0x19	LINK-LAYOUT	L3-MAP-GAS	L3-STAT-GAS-IP,L3-STAT-AS-XW-EXT,L3-STAT-AS-XW-OPCODES,L3-STAT-AS-CUSTOM32,L3-STAT-AS-ATTR	COMPLETE-TILING	L3-112	pair_id=AS-WCH-P2;file_id=AS-WCH;file_size=1501008;interval_sha256=c65c9a0dcd71c768503f20f706a5de6465fc793e37e0b9beede71e388a510a7f
L3-REG-AS-WCH-P2-WCH-006	BINUTILS-GAS	WCH	ref/gcc/darwin-arm64/15.2.0/bin/riscv32-wch-elf-as	c958f65900a07d867c9321745990f2a9e83fbd7fa10a956e61cdb3735fb38152	1512	1528	16	load-command[5]:0x80000034	LINK-LAYOUT	L3-MAP-GAS	L3-STAT-GAS-IP,L3-STAT-AS-XW-EXT,L3-STAT-AS-XW-OPCODES,L3-STAT-AS-CUSTOM32,L3-STAT-AS-ATTR	COMPLETE-TILING	L3-112	pair_id=AS-WCH-P2;file_id=AS-WCH;file_size=1501008;interval_sha256=da70fd6ae0405863226d2861e1e03e8c87108c8346334141dc6e802d55bc4bbf
L3-REG-AS-WCH-P2-WCH-007	BINUTILS-GAS	WCH	ref/gcc/darwin-arm64/15.2.0/bin/riscv32-wch-elf-as	c958f65900a07d867c9321745990f2a9e83fbd7fa10a956e61cdb3735fb38152	1528	1544	16	load-command[6]:0x80000033	LINK-LAYOUT	L3-MAP-GAS	L3-STAT-GAS-IP,L3-STAT-AS-XW-EXT,L3-STAT-AS-XW-OPCODES,L3-STAT-AS-CUSTOM32,L3-STAT-AS-ATTR	COMPLETE-TILING	L3-112	pair_id=AS-WCH-P2;file_id=AS-WCH;file_size=1501008;interval_sha256=6036706d6256ea7a25b1e3bf7999bae0299d0bc9c3d83472426c56974c9e589e
L3-REG-AS-WCH-P2-WCH-008	BINUTILS-GAS	WCH	ref/gcc/darwin-arm64/15.2.0/bin/riscv32-wch-elf-as	c958f65900a07d867c9321745990f2a9e83fbd7fa10a956e61cdb3735fb38152	1544	1568	24	load-command[7]:0x2	LINK-LAYOUT	L3-MAP-GAS	L3-STAT-GAS-IP,L3-STAT-AS-XW-EXT,L3-STAT-AS-XW-OPCODES,L3-STAT-AS-CUSTOM32,L3-STAT-AS-ATTR	COMPLETE-TILING	L3-112	pair_id=AS-WCH-P2;file_id=AS-WCH;file_size=1501008;interval_sha256=f2a84fa917d8eac489ed175fb335f018b818bc0899b6963b9d7d321529c90e5f
L3-REG-AS-WCH-P2-WCH-009	BINUTILS-GAS	WCH	ref/gcc/darwin-arm64/15.2.0/bin/riscv32-wch-elf-as	c958f65900a07d867c9321745990f2a9e83fbd7fa10a956e61cdb3735fb38152	1568	1648	80	load-command[8]:0xb	LINK-LAYOUT	L3-MAP-GAS	L3-STAT-GAS-IP,L3-STAT-AS-XW-EXT,L3-STAT-AS-XW-OPCODES,L3-STAT-AS-CUSTOM32,L3-STAT-AS-ATTR	COMPLETE-TILING	L3-112	pair_id=AS-WCH-P2;file_id=AS-WCH;file_size=1501008;interval_sha256=c362e4a783455090a5f30f6efea7fd3d0272b77b4bdc0c4e370a2b4b16be34a7
L3-REG-AS-WCH-P2-WCH-010	BINUTILS-GAS	WCH	ref/gcc/darwin-arm64/15.2.0/bin/riscv32-wch-elf-as	c958f65900a07d867c9321745990f2a9e83fbd7fa10a956e61cdb3735fb38152	1648	1680	32	load-command[9]:0xe	LINK-LAYOUT	L3-MAP-GAS	L3-STAT-GAS-IP,L3-STAT-AS-XW-EXT,L3-STAT-AS-XW-OPCODES,L3-STAT-AS-CUSTOM32,L3-STAT-AS-ATTR	COMPLETE-TILING	L3-112	pair_id=AS-WCH-P2;file_id=AS-WCH;file_size=1501008;interval_sha256=44316cf4f366f41aa06996613c44af75e34479362928faf61a168c2a203b5999
L3-REG-AS-WCH-P2-WCH-011	BINUTILS-GAS	WCH	ref/gcc/darwin-arm64/15.2.0/bin/riscv32-wch-elf-as	c958f65900a07d867c9321745990f2a9e83fbd7fa10a956e61cdb3735fb38152	1680	1704	24	load-command[10]:0x1b	SIGNATURE/UUID/BUILD-METADATA	L3-MAP-GAS	L3-STAT-GAS-IP,L3-STAT-AS-XW-EXT,L3-STAT-AS-XW-OPCODES,L3-STAT-AS-CUSTOM32,L3-STAT-AS-ATTR	COMPLETE-TILING	L3-112	pair_id=AS-WCH-P2;file_id=AS-WCH;file_size=1501008;interval_sha256=06c2bfd34a20076801ca60122e42cb9638aa125cb023b9c1aacd29808babf3bb
L3-REG-AS-WCH-P2-WCH-012	BINUTILS-GAS	WCH	ref/gcc/darwin-arm64/15.2.0/bin/riscv32-wch-elf-as	c958f65900a07d867c9321745990f2a9e83fbd7fa10a956e61cdb3735fb38152	1704	1736	32	load-command[11]:0x32	SIGNATURE/UUID/BUILD-METADATA	L3-MAP-GAS	L3-STAT-GAS-IP,L3-STAT-AS-XW-EXT,L3-STAT-AS-XW-OPCODES,L3-STAT-AS-CUSTOM32,L3-STAT-AS-ATTR	COMPLETE-TILING	L3-112	pair_id=AS-WCH-P2;file_id=AS-WCH;file_size=1501008;interval_sha256=a3fdf0da365a377842bd4e39ba20dc11e9e504cc493367b2b0b5b36aa050dea0
L3-REG-AS-WCH-P2-WCH-013	BINUTILS-GAS	WCH	ref/gcc/darwin-arm64/15.2.0/bin/riscv32-wch-elf-as	c958f65900a07d867c9321745990f2a9e83fbd7fa10a956e61cdb3735fb38152	1736	1752	16	load-command[12]:0x2a	SIGNATURE/UUID/BUILD-METADATA	L3-MAP-GAS	L3-STAT-GAS-IP,L3-STAT-AS-XW-EXT,L3-STAT-AS-XW-OPCODES,L3-STAT-AS-CUSTOM32,L3-STAT-AS-ATTR	COMPLETE-TILING	L3-112	pair_id=AS-WCH-P2;file_id=AS-WCH;file_size=1501008;interval_sha256=01a60f1db7db041298aa3e269ff5ebea951aa6977963e4ab563905da906d2b82
L3-REG-AS-WCH-P2-WCH-014	BINUTILS-GAS	WCH	ref/gcc/darwin-arm64/15.2.0/bin/riscv32-wch-elf-as	c958f65900a07d867c9321745990f2a9e83fbd7fa10a956e61cdb3735fb38152	1752	1776	24	load-command[13]:0x80000028	LINK-LAYOUT	L3-MAP-GAS	L3-STAT-GAS-IP,L3-STAT-AS-XW-EXT,L3-STAT-AS-XW-OPCODES,L3-STAT-AS-CUSTOM32,L3-STAT-AS-ATTR	COMPLETE-TILING	L3-112	pair_id=AS-WCH-P2;file_id=AS-WCH;file_size=1501008;interval_sha256=22f3e90d3c137816f649e08fd7e28229bb48c34395b961a8da8149ac6a95fac1
L3-REG-AS-WCH-P2-WCH-015	BINUTILS-GAS	WCH	ref/gcc/darwin-arm64/15.2.0/bin/riscv32-wch-elf-as	c958f65900a07d867c9321745990f2a9e83fbd7fa10a956e61cdb3735fb38152	1776	1832	56	load-command[14]:0xc	LINK-LAYOUT	L3-MAP-GAS	L3-STAT-GAS-IP,L3-STAT-AS-XW-EXT,L3-STAT-AS-XW-OPCODES,L3-STAT-AS-CUSTOM32,L3-STAT-AS-ATTR	COMPLETE-TILING	L3-112	pair_id=AS-WCH-P2;file_id=AS-WCH;file_size=1501008;interval_sha256=a76b7338642dddfaa1e767a899cb39b4dc80160890ae1724febfe7e40d40b735
L3-REG-AS-WCH-P2-WCH-016	BINUTILS-GAS	WCH	ref/gcc/darwin-arm64/15.2.0/bin/riscv32-wch-elf-as	c958f65900a07d867c9321745990f2a9e83fbd7fa10a956e61cdb3735fb38152	1832	1888	56	load-command[15]:0xc	LINK-LAYOUT	L3-MAP-GAS	L3-STAT-GAS-IP,L3-STAT-AS-XW-EXT,L3-STAT-AS-XW-OPCODES,L3-STAT-AS-CUSTOM32,L3-STAT-AS-ATTR	COMPLETE-TILING	L3-112	pair_id=AS-WCH-P2;file_id=AS-WCH;file_size=1501008;interval_sha256=cc8acbe3e146f3621079d1d71e9c46626788f505132abe123f041ead9ba5490a
L3-REG-AS-WCH-P2-WCH-017	BINUTILS-GAS	WCH	ref/gcc/darwin-arm64/15.2.0/bin/riscv32-wch-elf-as	c958f65900a07d867c9321745990f2a9e83fbd7fa10a956e61cdb3735fb38152	1888	1904	16	load-command[16]:0x26	LINK-LAYOUT	L3-MAP-GAS	L3-STAT-GAS-IP,L3-STAT-AS-XW-EXT,L3-STAT-AS-XW-OPCODES,L3-STAT-AS-CUSTOM32,L3-STAT-AS-ATTR	COMPLETE-TILING	L3-112	pair_id=AS-WCH-P2;file_id=AS-WCH;file_size=1501008;interval_sha256=3612a6d6f3441c9d6f923765482758c55634aaf175729b0b6471ef6fe00fb3a0
L3-REG-AS-WCH-P2-WCH-018	BINUTILS-GAS	WCH	ref/gcc/darwin-arm64/15.2.0/bin/riscv32-wch-elf-as	c958f65900a07d867c9321745990f2a9e83fbd7fa10a956e61cdb3735fb38152	1904	1920	16	load-command[17]:0x29	LINK-LAYOUT	L3-MAP-GAS	L3-STAT-GAS-IP,L3-STAT-AS-XW-EXT,L3-STAT-AS-XW-OPCODES,L3-STAT-AS-CUSTOM32,L3-STAT-AS-ATTR	COMPLETE-TILING	L3-112	pair_id=AS-WCH-P2;file_id=AS-WCH;file_size=1501008;interval_sha256=dc4d86e3201257dc45a4ee409a1af0bcb63b9f6fac427032c1a640732b794d50
L3-REG-AS-WCH-P2-WCH-019	BINUTILS-GAS	WCH	ref/gcc/darwin-arm64/15.2.0/bin/riscv32-wch-elf-as	c958f65900a07d867c9321745990f2a9e83fbd7fa10a956e61cdb3735fb38152	1920	1936	16	load-command[18]:0x1d	SIGNATURE/UUID/BUILD-METADATA	L3-MAP-GAS	L3-STAT-GAS-IP,L3-STAT-AS-XW-EXT,L3-STAT-AS-XW-OPCODES,L3-STAT-AS-CUSTOM32,L3-STAT-AS-ATTR	COMPLETE-TILING	L3-112	pair_id=AS-WCH-P2;file_id=AS-WCH;file_size=1501008;interval_sha256=c271cde56fcc6826deaa1aa675dcfea092f47c98650315a4f863212df5a4577e
L3-REG-AS-WCH-P2-WCH-020	BINUTILS-GAS	WCH	ref/gcc/darwin-arm64/15.2.0/bin/riscv32-wch-elf-as	c958f65900a07d867c9321745990f2a9e83fbd7fa10a956e61cdb3735fb38152	1936	13684	11748	segment:__TEXT	PADDING/ALIGNMENT	L3-MAP-GAS	L3-STAT-GAS-IP,L3-STAT-AS-XW-EXT,L3-STAT-AS-XW-OPCODES,L3-STAT-AS-CUSTOM32,L3-STAT-AS-ATTR	COMPLETE-TILING	L3-112	pair_id=AS-WCH-P2;file_id=AS-WCH;file_size=1501008;interval_sha256=b02206965de76acbf65b62d74ee841eca45c8ae894a01bd95a63c11b75ae5acc
L3-REG-AS-WCH-P2-WCH-021	BINUTILS-GAS	WCH	ref/gcc/darwin-arm64/15.2.0/bin/riscv32-wch-elf-as	c958f65900a07d867c9321745990f2a9e83fbd7fa10a956e61cdb3735fb38152	13684	934248	920564	section:__TEXT,__text	FUNCTIONAL-CODE	L3-MAP-GAS	L3-STAT-GAS-IP,L3-STAT-AS-XW-EXT,L3-STAT-AS-XW-OPCODES,L3-STAT-AS-CUSTOM32,L3-STAT-AS-ATTR	COMPLETE-TILING	L3-112	pair_id=AS-WCH-P2;file_id=AS-WCH;file_size=1501008;interval_sha256=583b15c7dd5e443194cbc6b1a7ecd8428523ae87069440f030e8c013bde278d1
L3-REG-AS-WCH-P2-WCH-022	BINUTILS-GAS	WCH	ref/gcc/darwin-arm64/15.2.0/bin/riscv32-wch-elf-as	c958f65900a07d867c9321745990f2a9e83fbd7fa10a956e61cdb3735fb38152	934248	935772	1524	section:__TEXT,__stubs	PACKAGING/DEPENDENCY	L3-MAP-GAS	L3-STAT-GAS-IP,L3-STAT-AS-XW-EXT,L3-STAT-AS-XW-OPCODES,L3-STAT-AS-CUSTOM32,L3-STAT-AS-ATTR	COMPLETE-TILING	L3-112	pair_id=AS-WCH-P2;file_id=AS-WCH;file_size=1501008;interval_sha256=160ea5c2bcc3c0fff5e0d00cb697f185a7b7e35e96e13444418a6189614423f0
L3-REG-AS-WCH-P2-WCH-023	BINUTILS-GAS	WCH	ref/gcc/darwin-arm64/15.2.0/bin/riscv32-wch-elf-as	c958f65900a07d867c9321745990f2a9e83fbd7fa10a956e61cdb3735fb38152	935772	935776	4	section:__TEXT,__init_offsets	FUNCTIONAL-DATA-TABLE	L3-MAP-GAS	L3-STAT-GAS-IP,L3-STAT-AS-XW-EXT,L3-STAT-AS-XW-OPCODES,L3-STAT-AS-CUSTOM32,L3-STAT-AS-ATTR	COMPLETE-TILING	L3-112	pair_id=AS-WCH-P2;file_id=AS-WCH;file_size=1501008;interval_sha256=1b98d5bfc3153cde7bcccb5bfc2840d477b8d13e48dcb25b6c4151b3cb0444e6
L3-REG-AS-WCH-P2-WCH-024	BINUTILS-GAS	WCH	ref/gcc/darwin-arm64/15.2.0/bin/riscv32-wch-elf-as	c958f65900a07d867c9321745990f2a9e83fbd7fa10a956e61cdb3735fb38152	935776	962432	26656	section:__TEXT,__const	FUNCTIONAL-DATA-TABLE	L3-MAP-GAS	L3-STAT-GAS-IP,L3-STAT-AS-XW-EXT,L3-STAT-AS-XW-OPCODES,L3-STAT-AS-CUSTOM32,L3-STAT-AS-ATTR	COMPLETE-TILING	L3-112	pair_id=AS-WCH-P2;file_id=AS-WCH;file_size=1501008;interval_sha256=aa0067e968d6abf2ad7e2715c02407d859ad09c929e616f46be38f903e19e722
L3-REG-AS-WCH-P2-WCH-025	BINUTILS-GAS	WCH	ref/gcc/darwin-arm64/15.2.0/bin/riscv32-wch-elf-as	c958f65900a07d867c9321745990f2a9e83fbd7fa10a956e61cdb3735fb38152	962432	1156527	194095	section:__TEXT,__cstring	FUNCTIONAL-DATA-TABLE	L3-MAP-GAS	L3-STAT-GAS-IP,L3-STAT-AS-XW-EXT,L3-STAT-AS-XW-OPCODES,L3-STAT-AS-CUSTOM32,L3-STAT-AS-ATTR	COMPLETE-TILING	L3-112	pair_id=AS-WCH-P2;file_id=AS-WCH;file_size=1501008;interval_sha256=d5264462abd63e390293638d62c76197e1eb5c4de5b891f4428392081d968df9
L3-REG-AS-WCH-P2-WCH-026	BINUTILS-GAS	WCH	ref/gcc/darwin-arm64/15.2.0/bin/riscv32-wch-elf-as	c958f65900a07d867c9321745990f2a9e83fbd7fa10a956e61cdb3735fb38152	1156527	1156528	1	segment:__TEXT	PADDING/ALIGNMENT	L3-MAP-GAS	L3-STAT-GAS-IP,L3-STAT-AS-XW-EXT,L3-STAT-AS-XW-OPCODES,L3-STAT-AS-CUSTOM32,L3-STAT-AS-ATTR	COMPLETE-TILING	L3-112	pair_id=AS-WCH-P2;file_id=AS-WCH;file_size=1501008;interval_sha256=6e340b9cffb37a989ca544e6bb780a2c78901d3fb33738768511a30617afa01d
L3-REG-AS-WCH-P2-WCH-027	BINUTILS-GAS	WCH	ref/gcc/darwin-arm64/15.2.0/bin/riscv32-wch-elf-as	c958f65900a07d867c9321745990f2a9e83fbd7fa10a956e61cdb3735fb38152	1156528	1163176	6648	section:__TEXT,__unwind_info	FUNCTIONAL-DATA-TABLE	L3-MAP-GAS	L3-STAT-GAS-IP,L3-STAT-AS-XW-EXT,L3-STAT-AS-XW-OPCODES,L3-STAT-AS-CUSTOM32,L3-STAT-AS-ATTR	COMPLETE-TILING	L3-112	pair_id=AS-WCH-P2;file_id=AS-WCH;file_size=1501008;interval_sha256=2f0592f1125f3a966a00bf60fd7ed8e75b9a17bc7799e0b6e10a6cafebc6eccf
L3-REG-AS-WCH-P2-WCH-028	BINUTILS-GAS	WCH	ref/gcc/darwin-arm64/15.2.0/bin/riscv32-wch-elf-as	c958f65900a07d867c9321745990f2a9e83fbd7fa10a956e61cdb3735fb38152	1163176	1163256	80	section:__TEXT,__eh_frame	FUNCTIONAL-DATA-TABLE	L3-MAP-GAS	L3-STAT-GAS-IP,L3-STAT-AS-XW-EXT,L3-STAT-AS-XW-OPCODES,L3-STAT-AS-CUSTOM32,L3-STAT-AS-ATTR	COMPLETE-TILING	L3-112	pair_id=AS-WCH-P2;file_id=AS-WCH;file_size=1501008;interval_sha256=a441c84f0986db5891b94e808f17115ae35120403e5a4878906ac038ba14841f
L3-REG-AS-WCH-P2-WCH-029	BINUTILS-GAS	WCH	ref/gcc/darwin-arm64/15.2.0/bin/riscv32-wch-elf-as	c958f65900a07d867c9321745990f2a9e83fbd7fa10a956e61cdb3735fb38152	1163256	1163264	8	segment:__TEXT	PADDING/ALIGNMENT	L3-MAP-GAS	L3-STAT-GAS-IP,L3-STAT-AS-XW-EXT,L3-STAT-AS-XW-OPCODES,L3-STAT-AS-CUSTOM32,L3-STAT-AS-ATTR	COMPLETE-TILING	L3-112	pair_id=AS-WCH-P2;file_id=AS-WCH;file_size=1501008;interval_sha256=af5570f5a1810b7af78caf4bc70a660f0df51e42baf91d4de5b2328de0e83dfc
L3-REG-AS-WCH-P2-WCH-030	BINUTILS-GAS	WCH	ref/gcc/darwin-arm64/15.2.0/bin/riscv32-wch-elf-as	c958f65900a07d867c9321745990f2a9e83fbd7fa10a956e61cdb3735fb38152	1163264	1164336	1072	section:__DATA_CONST,__got	PACKAGING/DEPENDENCY	L3-MAP-GAS	L3-STAT-GAS-IP,L3-STAT-AS-XW-EXT,L3-STAT-AS-XW-OPCODES,L3-STAT-AS-CUSTOM32,L3-STAT-AS-ATTR	COMPLETE-TILING	L3-112	pair_id=AS-WCH-P2;file_id=AS-WCH;file_size=1501008;interval_sha256=e78bd089ca272116212c9ab82d1cb330bccdb5538221956f504081f953779fba
L3-REG-AS-WCH-P2-WCH-031	BINUTILS-GAS	WCH	ref/gcc/darwin-arm64/15.2.0/bin/riscv32-wch-elf-as	c958f65900a07d867c9321745990f2a9e83fbd7fa10a956e61cdb3735fb38152	1164336	1398480	234144	section:__DATA_CONST,__const	FUNCTIONAL-DATA-TABLE	L3-MAP-GAS	L3-STAT-GAS-IP,L3-STAT-AS-XW-EXT,L3-STAT-AS-XW-OPCODES,L3-STAT-AS-CUSTOM32,L3-STAT-AS-ATTR	COMPLETE-TILING	L3-112	pair_id=AS-WCH-P2;file_id=AS-WCH;file_size=1501008;interval_sha256=f77fbc5c4277d3f72542e76f904628e807bc0c8a5e0589e1f88e8c6839e3df48
L3-REG-AS-WCH-P2-WCH-032	BINUTILS-GAS	WCH	ref/gcc/darwin-arm64/15.2.0/bin/riscv32-wch-elf-as	c958f65900a07d867c9321745990f2a9e83fbd7fa10a956e61cdb3735fb38152	1398480	1409024	10544	segment:__DATA_CONST	PADDING/ALIGNMENT	L3-MAP-GAS	L3-STAT-GAS-IP,L3-STAT-AS-XW-EXT,L3-STAT-AS-XW-OPCODES,L3-STAT-AS-CUSTOM32,L3-STAT-AS-ATTR	COMPLETE-TILING	L3-112	pair_id=AS-WCH-P2;file_id=AS-WCH;file_size=1501008;interval_sha256=21634d5ecb9a208e5192112b48c7f533c90f8fb668787a01660a883efdcd485d
L3-REG-AS-WCH-P2-WCH-033	BINUTILS-GAS	WCH	ref/gcc/darwin-arm64/15.2.0/bin/riscv32-wch-elf-as	c958f65900a07d867c9321745990f2a9e83fbd7fa10a956e61cdb3735fb38152	1409024	1419112	10088	section:__DATA,__data	FUNCTIONAL-DATA-TABLE	L3-MAP-GAS	L3-STAT-GAS-IP,L3-STAT-AS-XW-EXT,L3-STAT-AS-XW-OPCODES,L3-STAT-AS-CUSTOM32,L3-STAT-AS-ATTR	COMPLETE-TILING	L3-112	pair_id=AS-WCH-P2;file_id=AS-WCH;file_size=1501008;interval_sha256=18d449d51d76aa5256a7e40af9db9e19ea2ee8e9f9e8008dd08be2eb497b1724
L3-REG-AS-WCH-P2-WCH-034	BINUTILS-GAS	WCH	ref/gcc/darwin-arm64/15.2.0/bin/riscv32-wch-elf-as	c958f65900a07d867c9321745990f2a9e83fbd7fa10a956e61cdb3735fb38152	1419112	1419184	72	section:__DATA,__thread_vars	PACKAGING/DEPENDENCY	L3-MAP-GAS	L3-STAT-GAS-IP,L3-STAT-AS-XW-EXT,L3-STAT-AS-XW-OPCODES,L3-STAT-AS-CUSTOM32,L3-STAT-AS-ATTR	COMPLETE-TILING	L3-112	pair_id=AS-WCH-P2;file_id=AS-WCH;file_size=1501008;interval_sha256=6c66ae6fa913580e29a84e40e6a7567f0607eb1c70e26d24d7edf3fc39254f91
L3-REG-AS-WCH-P2-WCH-035	BINUTILS-GAS	WCH	ref/gcc/darwin-arm64/15.2.0/bin/riscv32-wch-elf-as	c958f65900a07d867c9321745990f2a9e83fbd7fa10a956e61cdb3735fb38152	1419184	1425408	6224	segment:__DATA	PADDING/ALIGNMENT	L3-MAP-GAS	L3-STAT-GAS-IP,L3-STAT-AS-XW-EXT,L3-STAT-AS-XW-OPCODES,L3-STAT-AS-CUSTOM32,L3-STAT-AS-ATTR	COMPLETE-TILING	L3-112	pair_id=AS-WCH-P2;file_id=AS-WCH;file_size=1501008;interval_sha256=7ca2ae4f419a78538eb2bba02ccfb3ac409c604d88a9f731efa3fcc135ce1962
L3-REG-AS-WCH-P2-WCH-036	BINUTILS-GAS	WCH	ref/gcc/darwin-arm64/15.2.0/bin/riscv32-wch-elf-as	c958f65900a07d867c9321745990f2a9e83fbd7fa10a956e61cdb3735fb38152	1425408	1427384	1976	LC_DYLD_CHAINED_FIXUPS-data	PACKAGING/DEPENDENCY	L3-MAP-GAS	L3-STAT-GAS-IP,L3-STAT-AS-XW-EXT,L3-STAT-AS-XW-OPCODES,L3-STAT-AS-CUSTOM32,L3-STAT-AS-ATTR	COMPLETE-TILING	L3-112	pair_id=AS-WCH-P2;file_id=AS-WCH;file_size=1501008;interval_sha256=518829c8fec9308af8329ffcef0d43823af0a19906eb542db2e88e82245222d7
L3-REG-AS-WCH-P2-WCH-037	BINUTILS-GAS	WCH	ref/gcc/darwin-arm64/15.2.0/bin/riscv32-wch-elf-as	c958f65900a07d867c9321745990f2a9e83fbd7fa10a956e61cdb3735fb38152	1427384	1461992	34608	LC_DYLD_EXPORTS_TRIE-data	PACKAGING/DEPENDENCY	L3-MAP-GAS	L3-STAT-GAS-IP,L3-STAT-AS-XW-EXT,L3-STAT-AS-XW-OPCODES,L3-STAT-AS-CUSTOM32,L3-STAT-AS-ATTR	COMPLETE-TILING	L3-112	pair_id=AS-WCH-P2;file_id=AS-WCH;file_size=1501008;interval_sha256=a2c386c58ec6e78fa92483ead9ad7e7507557f3c9ca7b9f79d948ffb6cb6d705
L3-REG-AS-WCH-P2-WCH-038	BINUTILS-GAS	WCH	ref/gcc/darwin-arm64/15.2.0/bin/riscv32-wch-elf-as	c958f65900a07d867c9321745990f2a9e83fbd7fa10a956e61cdb3735fb38152	1461992	1465712	3720	LC_FUNCTION_STARTS-data	LINK-LAYOUT	L3-MAP-GAS	L3-STAT-GAS-IP,L3-STAT-AS-XW-EXT,L3-STAT-AS-XW-OPCODES,L3-STAT-AS-CUSTOM32,L3-STAT-AS-ATTR	COMPLETE-TILING	L3-112	pair_id=AS-WCH-P2;file_id=AS-WCH;file_size=1501008;interval_sha256=e97a3852df26d64d5ba66bd8f5c108bab62644e07feae903cffc2db9cc116937
L3-REG-AS-WCH-P2-WCH-039	BINUTILS-GAS	WCH	ref/gcc/darwin-arm64/15.2.0/bin/riscv32-wch-elf-as	c958f65900a07d867c9321745990f2a9e83fbd7fa10a956e61cdb3735fb38152	1465712	1467904	2192	LC_SYMTAB-symbols	STRIP/DEBUG/SYMBOL-LAYOUT	L3-MAP-GAS	L3-STAT-GAS-IP,L3-STAT-AS-XW-EXT,L3-STAT-AS-XW-OPCODES,L3-STAT-AS-CUSTOM32,L3-STAT-AS-ATTR	COMPLETE-TILING	L3-112	pair_id=AS-WCH-P2;file_id=AS-WCH;file_size=1501008;interval_sha256=a30d66c9f65e9c6f3df3c0b0c4c9b391e6228371a67579b47659616482acb319
L3-REG-AS-WCH-P2-WCH-040	BINUTILS-GAS	WCH	ref/gcc/darwin-arm64/15.2.0/bin/riscv32-wch-elf-as	c958f65900a07d867c9321745990f2a9e83fbd7fa10a956e61cdb3735fb38152	1467904	1468948	1044	LC_DYSYMTAB-indirect-symbols	STRIP/DEBUG/SYMBOL-LAYOUT	L3-MAP-GAS	L3-STAT-GAS-IP,L3-STAT-AS-XW-EXT,L3-STAT-AS-XW-OPCODES,L3-STAT-AS-CUSTOM32,L3-STAT-AS-ATTR	COMPLETE-TILING	L3-112	pair_id=AS-WCH-P2;file_id=AS-WCH;file_size=1501008;interval_sha256=c84266b336868218f85a460e135964c5b747d3a8f0e25e4d9bed40f87b15e73d
L3-REG-AS-WCH-P2-WCH-041	BINUTILS-GAS	WCH	ref/gcc/darwin-arm64/15.2.0/bin/riscv32-wch-elf-as	c958f65900a07d867c9321745990f2a9e83fbd7fa10a956e61cdb3735fb38152	1468948	1468952	4	segment:__LINKEDIT	LINK-LAYOUT	L3-MAP-GAS	L3-STAT-GAS-IP,L3-STAT-AS-XW-EXT,L3-STAT-AS-XW-OPCODES,L3-STAT-AS-CUSTOM32,L3-STAT-AS-ATTR	COMPLETE-TILING	L3-112	pair_id=AS-WCH-P2;file_id=AS-WCH;file_size=1501008;interval_sha256=df3f619804a92fdb4057192dc43dd748ea778adc52bc498ce80524c014b81119
L3-REG-AS-WCH-P2-WCH-042	BINUTILS-GAS	WCH	ref/gcc/darwin-arm64/15.2.0/bin/riscv32-wch-elf-as	c958f65900a07d867c9321745990f2a9e83fbd7fa10a956e61cdb3735fb38152	1468952	1470288	1336	LC_SYMTAB-strings	STRIP/DEBUG/SYMBOL-LAYOUT	L3-MAP-GAS	L3-STAT-GAS-IP,L3-STAT-AS-XW-EXT,L3-STAT-AS-XW-OPCODES,L3-STAT-AS-CUSTOM32,L3-STAT-AS-ATTR	COMPLETE-TILING	L3-112	pair_id=AS-WCH-P2;file_id=AS-WCH;file_size=1501008;interval_sha256=b707a21a22eb1be0d7659ee19e434c3b3d45545d122f35e01e21144054cbbb34
L3-REG-AS-WCH-P2-WCH-043	BINUTILS-GAS	WCH	ref/gcc/darwin-arm64/15.2.0/bin/riscv32-wch-elf-as	c958f65900a07d867c9321745990f2a9e83fbd7fa10a956e61cdb3735fb38152	1470288	1501008	30720	LC_CODE_SIGNATURE-data	SIGNATURE/UUID/BUILD-METADATA	L3-MAP-GAS	L3-STAT-GAS-IP,L3-STAT-AS-XW-EXT,L3-STAT-AS-XW-OPCODES,L3-STAT-AS-CUSTOM32,L3-STAT-AS-ATTR	COMPLETE-TILING	L3-112	pair_id=AS-WCH-P2;file_id=AS-WCH;file_size=1501008;interval_sha256=6fdf2e41e3cf795e0a09d905d3514dfbabc15dc6e735505d9790657e9f6a3af8
L3-REG-AS-WCH-REPLAY-OURS-PROVEN-REPLAY-000	BINUTILS-GAS	OURS-PROVEN-REPLAY	tmp/phase3c-gas/frozen-ours-replay/bin/riscv32-wch-elf-as	caf4a1f58e03cb27b692fc79833ec4f2d096663740be923a9ab5a0f6bb6152b2	0	32	32	mach_header_64	LINK-LAYOUT	L3-MAP-GAS	L3-STAT-GAS-IP,L3-STAT-AS-XW-EXT,L3-STAT-AS-XW-OPCODES,L3-STAT-AS-CUSTOM32,L3-STAT-AS-ATTR	COMPLETE-TILING	L3-112	pair_id=AS-WCH-REPLAY;file_id=AS-REPLAY;file_size=1728168;interval_sha256=76797436490ec9dfa648349f424e587b4b4a44e9f0603265cd5d2e15bb70f38e
L3-REG-AS-WCH-REPLAY-OURS-PROVEN-REPLAY-001	BINUTILS-GAS	OURS-PROVEN-REPLAY	tmp/phase3c-gas/frozen-ours-replay/bin/riscv32-wch-elf-as	caf4a1f58e03cb27b692fc79833ec4f2d096663740be923a9ab5a0f6bb6152b2	32	104	72	load-command[0]:0x19	LINK-LAYOUT	L3-MAP-GAS	L3-STAT-GAS-IP,L3-STAT-AS-XW-EXT,L3-STAT-AS-XW-OPCODES,L3-STAT-AS-CUSTOM32,L3-STAT-AS-ATTR	COMPLETE-TILING	L3-112	pair_id=AS-WCH-REPLAY;file_id=AS-REPLAY;file_size=1728168;interval_sha256=38432a8fbcbe1ae9fdf9263fe1e4e948de98131833cc5e5333f375dcf5f6333f
L3-REG-AS-WCH-REPLAY-OURS-PROVEN-REPLAY-002	BINUTILS-GAS	OURS-PROVEN-REPLAY	tmp/phase3c-gas/frozen-ours-replay/bin/riscv32-wch-elf-as	caf4a1f58e03cb27b692fc79833ec4f2d096663740be923a9ab5a0f6bb6152b2	104	576	472	load-command[1]:0x19	LINK-LAYOUT	L3-MAP-GAS	L3-STAT-GAS-IP,L3-STAT-AS-XW-EXT,L3-STAT-AS-XW-OPCODES,L3-STAT-AS-CUSTOM32,L3-STAT-AS-ATTR	COMPLETE-TILING	L3-112	pair_id=AS-WCH-REPLAY;file_id=AS-REPLAY;file_size=1728168;interval_sha256=65f3ba31742b57b1c8876c25a182f3ca4daf58aa5d343b20f9c9decd3562f659
L3-REG-AS-WCH-REPLAY-OURS-PROVEN-REPLAY-003	BINUTILS-GAS	OURS-PROVEN-REPLAY	tmp/phase3c-gas/frozen-ours-replay/bin/riscv32-wch-elf-as	caf4a1f58e03cb27b692fc79833ec4f2d096663740be923a9ab5a0f6bb6152b2	576	808	232	load-command[2]:0x19	LINK-LAYOUT	L3-MAP-GAS	L3-STAT-GAS-IP,L3-STAT-AS-XW-EXT,L3-STAT-AS-XW-OPCODES,L3-STAT-AS-CUSTOM32,L3-STAT-AS-ATTR	COMPLETE-TILING	L3-112	pair_id=AS-WCH-REPLAY;file_id=AS-REPLAY;file_size=1728168;interval_sha256=43d7842afc4187ce4376ca1089948fff1bf620a1ca143880f6fd327f19a4ebc7
L3-REG-AS-WCH-REPLAY-OURS-PROVEN-REPLAY-004	BINUTILS-GAS	OURS-PROVEN-REPLAY	tmp/phase3c-gas/frozen-ours-replay/bin/riscv32-wch-elf-as	caf4a1f58e03cb27b692fc79833ec4f2d096663740be923a9ab5a0f6bb6152b2	808	1280	472	load-command[3]:0x19	LINK-LAYOUT	L3-MAP-GAS	L3-STAT-GAS-IP,L3-STAT-AS-XW-EXT,L3-STAT-AS-XW-OPCODES,L3-STAT-AS-CUSTOM32,L3-STAT-AS-ATTR	COMPLETE-TILING	L3-112	pair_id=AS-WCH-REPLAY;file_id=AS-REPLAY;file_size=1728168;interval_sha256=51ab88b2ec4476fcc0fcda8607148f0dd77daeb6f87b4090b767453336a2602d
L3-REG-AS-WCH-REPLAY-OURS-PROVEN-REPLAY-005	BINUTILS-GAS	OURS-PROVEN-REPLAY	tmp/phase3c-gas/frozen-ours-replay/bin/riscv32-wch-elf-as	caf4a1f58e03cb27b692fc79833ec4f2d096663740be923a9ab5a0f6bb6152b2	1280	1352	72	load-command[4]:0x19	LINK-LAYOUT	L3-MAP-GAS	L3-STAT-GAS-IP,L3-STAT-AS-XW-EXT,L3-STAT-AS-XW-OPCODES,L3-STAT-AS-CUSTOM32,L3-STAT-AS-ATTR	COMPLETE-TILING	L3-112	pair_id=AS-WCH-REPLAY;file_id=AS-REPLAY;file_size=1728168;interval_sha256=5e71dce11b6bc4e03e60c13d170c5ca2ea60d33d170d2e1376f7c11c37923cee
L3-REG-AS-WCH-REPLAY-OURS-PROVEN-REPLAY-006	BINUTILS-GAS	OURS-PROVEN-REPLAY	tmp/phase3c-gas/frozen-ours-replay/bin/riscv32-wch-elf-as	caf4a1f58e03cb27b692fc79833ec4f2d096663740be923a9ab5a0f6bb6152b2	1352	1368	16	load-command[5]:0x80000034	LINK-LAYOUT	L3-MAP-GAS	L3-STAT-GAS-IP,L3-STAT-AS-XW-EXT,L3-STAT-AS-XW-OPCODES,L3-STAT-AS-CUSTOM32,L3-STAT-AS-ATTR	COMPLETE-TILING	L3-112	pair_id=AS-WCH-REPLAY;file_id=AS-REPLAY;file_size=1728168;interval_sha256=69e5462296eeeb9c190d3724dad5ae4d7f06973a41f555379a6a77a2460852ec
L3-REG-AS-WCH-REPLAY-OURS-PROVEN-REPLAY-007	BINUTILS-GAS	OURS-PROVEN-REPLAY	tmp/phase3c-gas/frozen-ours-replay/bin/riscv32-wch-elf-as	caf4a1f58e03cb27b692fc79833ec4f2d096663740be923a9ab5a0f6bb6152b2	1368	1384	16	load-command[6]:0x80000033	LINK-LAYOUT	L3-MAP-GAS	L3-STAT-GAS-IP,L3-STAT-AS-XW-EXT,L3-STAT-AS-XW-OPCODES,L3-STAT-AS-CUSTOM32,L3-STAT-AS-ATTR	COMPLETE-TILING	L3-112	pair_id=AS-WCH-REPLAY;file_id=AS-REPLAY;file_size=1728168;interval_sha256=cc0cde381e8b9c9f90f2e992b8cd618d8a4e35365db7b1899b572a8e146d6e47
L3-REG-AS-WCH-REPLAY-OURS-PROVEN-REPLAY-008	BINUTILS-GAS	OURS-PROVEN-REPLAY	tmp/phase3c-gas/frozen-ours-replay/bin/riscv32-wch-elf-as	caf4a1f58e03cb27b692fc79833ec4f2d096663740be923a9ab5a0f6bb6152b2	1384	1408	24	load-command[7]:0x2	LINK-LAYOUT	L3-MAP-GAS	L3-STAT-GAS-IP,L3-STAT-AS-XW-EXT,L3-STAT-AS-XW-OPCODES,L3-STAT-AS-CUSTOM32,L3-STAT-AS-ATTR	COMPLETE-TILING	L3-112	pair_id=AS-WCH-REPLAY;file_id=AS-REPLAY;file_size=1728168;interval_sha256=19fa78f285a18ea86b6f780c3216f8ad0a0a48bcf51c70b1f0974e9cbb01f362
L3-REG-AS-WCH-REPLAY-OURS-PROVEN-REPLAY-009	BINUTILS-GAS	OURS-PROVEN-REPLAY	tmp/phase3c-gas/frozen-ours-replay/bin/riscv32-wch-elf-as	caf4a1f58e03cb27b692fc79833ec4f2d096663740be923a9ab5a0f6bb6152b2	1408	1488	80	load-command[8]:0xb	LINK-LAYOUT	L3-MAP-GAS	L3-STAT-GAS-IP,L3-STAT-AS-XW-EXT,L3-STAT-AS-XW-OPCODES,L3-STAT-AS-CUSTOM32,L3-STAT-AS-ATTR	COMPLETE-TILING	L3-112	pair_id=AS-WCH-REPLAY;file_id=AS-REPLAY;file_size=1728168;interval_sha256=1417dfb6c298749b6655c8a66a7d2c8d8808de9a8b2feca7cc32accf344a4418
L3-REG-AS-WCH-REPLAY-OURS-PROVEN-REPLAY-010	BINUTILS-GAS	OURS-PROVEN-REPLAY	tmp/phase3c-gas/frozen-ours-replay/bin/riscv32-wch-elf-as	caf4a1f58e03cb27b692fc79833ec4f2d096663740be923a9ab5a0f6bb6152b2	1488	1520	32	load-command[9]:0xe	LINK-LAYOUT	L3-MAP-GAS	L3-STAT-GAS-IP,L3-STAT-AS-XW-EXT,L3-STAT-AS-XW-OPCODES,L3-STAT-AS-CUSTOM32,L3-STAT-AS-ATTR	COMPLETE-TILING	L3-112	pair_id=AS-WCH-REPLAY;file_id=AS-REPLAY;file_size=1728168;interval_sha256=44316cf4f366f41aa06996613c44af75e34479362928faf61a168c2a203b5999
L3-REG-AS-WCH-REPLAY-OURS-PROVEN-REPLAY-011	BINUTILS-GAS	OURS-PROVEN-REPLAY	tmp/phase3c-gas/frozen-ours-replay/bin/riscv32-wch-elf-as	caf4a1f58e03cb27b692fc79833ec4f2d096663740be923a9ab5a0f6bb6152b2	1520	1544	24	load-command[10]:0x1b	SIGNATURE/UUID/BUILD-METADATA	L3-MAP-GAS	L3-STAT-GAS-IP,L3-STAT-AS-XW-EXT,L3-STAT-AS-XW-OPCODES,L3-STAT-AS-CUSTOM32,L3-STAT-AS-ATTR	COMPLETE-TILING	L3-112	pair_id=AS-WCH-REPLAY;file_id=AS-REPLAY;file_size=1728168;interval_sha256=5ebb9a42bbaf3498afd0593a866e089a617ce5c7e84c1fe3719a504db8837f00
L3-REG-AS-WCH-REPLAY-OURS-PROVEN-REPLAY-012	BINUTILS-GAS	OURS-PROVEN-REPLAY	tmp/phase3c-gas/frozen-ours-replay/bin/riscv32-wch-elf-as	caf4a1f58e03cb27b692fc79833ec4f2d096663740be923a9ab5a0f6bb6152b2	1544	1576	32	load-command[11]:0x32	SIGNATURE/UUID/BUILD-METADATA	L3-MAP-GAS	L3-STAT-GAS-IP,L3-STAT-AS-XW-EXT,L3-STAT-AS-XW-OPCODES,L3-STAT-AS-CUSTOM32,L3-STAT-AS-ATTR	COMPLETE-TILING	L3-112	pair_id=AS-WCH-REPLAY;file_id=AS-REPLAY;file_size=1728168;interval_sha256=06be0acc3151d0cb3a5720312a0ae05bf2376d394c98194de6f77801b59ab2e0
L3-REG-AS-WCH-REPLAY-OURS-PROVEN-REPLAY-013	BINUTILS-GAS	OURS-PROVEN-REPLAY	tmp/phase3c-gas/frozen-ours-replay/bin/riscv32-wch-elf-as	caf4a1f58e03cb27b692fc79833ec4f2d096663740be923a9ab5a0f6bb6152b2	1576	1592	16	load-command[12]:0x2a	SIGNATURE/UUID/BUILD-METADATA	L3-MAP-GAS	L3-STAT-GAS-IP,L3-STAT-AS-XW-EXT,L3-STAT-AS-XW-OPCODES,L3-STAT-AS-CUSTOM32,L3-STAT-AS-ATTR	COMPLETE-TILING	L3-112	pair_id=AS-WCH-REPLAY;file_id=AS-REPLAY;file_size=1728168;interval_sha256=01a60f1db7db041298aa3e269ff5ebea951aa6977963e4ab563905da906d2b82
L3-REG-AS-WCH-REPLAY-OURS-PROVEN-REPLAY-014	BINUTILS-GAS	OURS-PROVEN-REPLAY	tmp/phase3c-gas/frozen-ours-replay/bin/riscv32-wch-elf-as	caf4a1f58e03cb27b692fc79833ec4f2d096663740be923a9ab5a0f6bb6152b2	1592	1616	24	load-command[13]:0x80000028	LINK-LAYOUT	L3-MAP-GAS	L3-STAT-GAS-IP,L3-STAT-AS-XW-EXT,L3-STAT-AS-XW-OPCODES,L3-STAT-AS-CUSTOM32,L3-STAT-AS-ATTR	COMPLETE-TILING	L3-112	pair_id=AS-WCH-REPLAY;file_id=AS-REPLAY;file_size=1728168;interval_sha256=fca28d6d60573e286c86962bac07a1a9e5baeac441215286f6c31ecb1bf89bc6
L3-REG-AS-WCH-REPLAY-OURS-PROVEN-REPLAY-015	BINUTILS-GAS	OURS-PROVEN-REPLAY	tmp/phase3c-gas/frozen-ours-replay/bin/riscv32-wch-elf-as	caf4a1f58e03cb27b692fc79833ec4f2d096663740be923a9ab5a0f6bb6152b2	1616	1672	56	load-command[14]:0xc	LINK-LAYOUT	L3-MAP-GAS	L3-STAT-GAS-IP,L3-STAT-AS-XW-EXT,L3-STAT-AS-XW-OPCODES,L3-STAT-AS-CUSTOM32,L3-STAT-AS-ATTR	COMPLETE-TILING	L3-112	pair_id=AS-WCH-REPLAY;file_id=AS-REPLAY;file_size=1728168;interval_sha256=ffa45af4ce6b7780727be9b2f2f9ca0b35932363e311b247d840ef9da1bdc1f5
L3-REG-AS-WCH-REPLAY-OURS-PROVEN-REPLAY-016	BINUTILS-GAS	OURS-PROVEN-REPLAY	tmp/phase3c-gas/frozen-ours-replay/bin/riscv32-wch-elf-as	caf4a1f58e03cb27b692fc79833ec4f2d096663740be923a9ab5a0f6bb6152b2	1672	1720	48	load-command[15]:0xc	LINK-LAYOUT	L3-MAP-GAS	L3-STAT-GAS-IP,L3-STAT-AS-XW-EXT,L3-STAT-AS-XW-OPCODES,L3-STAT-AS-CUSTOM32,L3-STAT-AS-ATTR	COMPLETE-TILING	L3-112	pair_id=AS-WCH-REPLAY;file_id=AS-REPLAY;file_size=1728168;interval_sha256=70ad563e95ac2bc9fefdc6ffaf87d87d18272d013bc98f6d4fc78e85e28a9111
L3-REG-AS-WCH-REPLAY-OURS-PROVEN-REPLAY-017	BINUTILS-GAS	OURS-PROVEN-REPLAY	tmp/phase3c-gas/frozen-ours-replay/bin/riscv32-wch-elf-as	caf4a1f58e03cb27b692fc79833ec4f2d096663740be923a9ab5a0f6bb6152b2	1720	1736	16	load-command[16]:0x26	LINK-LAYOUT	L3-MAP-GAS	L3-STAT-GAS-IP,L3-STAT-AS-XW-EXT,L3-STAT-AS-XW-OPCODES,L3-STAT-AS-CUSTOM32,L3-STAT-AS-ATTR	COMPLETE-TILING	L3-112	pair_id=AS-WCH-REPLAY;file_id=AS-REPLAY;file_size=1728168;interval_sha256=f963d09913fecf24670899b721c9942877ac3ee888957a7d42d5d448a49cedbb
L3-REG-AS-WCH-REPLAY-OURS-PROVEN-REPLAY-018	BINUTILS-GAS	OURS-PROVEN-REPLAY	tmp/phase3c-gas/frozen-ours-replay/bin/riscv32-wch-elf-as	caf4a1f58e03cb27b692fc79833ec4f2d096663740be923a9ab5a0f6bb6152b2	1736	1752	16	load-command[17]:0x29	LINK-LAYOUT	L3-MAP-GAS	L3-STAT-GAS-IP,L3-STAT-AS-XW-EXT,L3-STAT-AS-XW-OPCODES,L3-STAT-AS-CUSTOM32,L3-STAT-AS-ATTR	COMPLETE-TILING	L3-112	pair_id=AS-WCH-REPLAY;file_id=AS-REPLAY;file_size=1728168;interval_sha256=3fd1d5ace230414cde561bcbb6371fa5fab0793270222f127543830c22537c92
L3-REG-AS-WCH-REPLAY-OURS-PROVEN-REPLAY-019	BINUTILS-GAS	OURS-PROVEN-REPLAY	tmp/phase3c-gas/frozen-ours-replay/bin/riscv32-wch-elf-as	caf4a1f58e03cb27b692fc79833ec4f2d096663740be923a9ab5a0f6bb6152b2	1752	1768	16	load-command[18]:0x1d	SIGNATURE/UUID/BUILD-METADATA	L3-MAP-GAS	L3-STAT-GAS-IP,L3-STAT-AS-XW-EXT,L3-STAT-AS-XW-OPCODES,L3-STAT-AS-CUSTOM32,L3-STAT-AS-ATTR	COMPLETE-TILING	L3-112	pair_id=AS-WCH-REPLAY;file_id=AS-REPLAY;file_size=1728168;interval_sha256=7a16924f68296b2bc735a9485dffd5629af47c7bf7ec74b6286dd10d5046178d
L3-REG-AS-WCH-REPLAY-OURS-PROVEN-REPLAY-020	BINUTILS-GAS	OURS-PROVEN-REPLAY	tmp/phase3c-gas/frozen-ours-replay/bin/riscv32-wch-elf-as	caf4a1f58e03cb27b692fc79833ec4f2d096663740be923a9ab5a0f6bb6152b2	1768	1808	40	segment:__TEXT	PADDING/ALIGNMENT	L3-MAP-GAS	L3-STAT-GAS-IP,L3-STAT-AS-XW-EXT,L3-STAT-AS-XW-OPCODES,L3-STAT-AS-CUSTOM32,L3-STAT-AS-ATTR	COMPLETE-TILING	L3-112	pair_id=AS-WCH-REPLAY;file_id=AS-REPLAY;file_size=1728168;interval_sha256=2c34ce1df23b838c5abf2a7f6437cca3d3067ed509ff25f11df6b11b582b51eb
L3-REG-AS-WCH-REPLAY-OURS-PROVEN-REPLAY-021	BINUTILS-GAS	OURS-PROVEN-REPLAY	tmp/phase3c-gas/frozen-ours-replay/bin/riscv32-wch-elf-as	caf4a1f58e03cb27b692fc79833ec4f2d096663740be923a9ab5a0f6bb6152b2	1808	885128	883320	section:__TEXT,__text	FUNCTIONAL-CODE	L3-MAP-GAS	L3-STAT-GAS-IP,L3-STAT-AS-XW-EXT,L3-STAT-AS-XW-OPCODES,L3-STAT-AS-CUSTOM32,L3-STAT-AS-ATTR	COMPLETE-TILING	L3-112	pair_id=AS-WCH-REPLAY;file_id=AS-REPLAY;file_size=1728168;interval_sha256=57df229a1c06ee749ca1d2805ab518b769abc92ea156a8311a9e564bc6ff5572
L3-REG-AS-WCH-REPLAY-OURS-PROVEN-REPLAY-022	BINUTILS-GAS	OURS-PROVEN-REPLAY	tmp/phase3c-gas/frozen-ours-replay/bin/riscv32-wch-elf-as	caf4a1f58e03cb27b692fc79833ec4f2d096663740be923a9ab5a0f6bb6152b2	885128	886616	1488	section:__TEXT,__stubs	PACKAGING/DEPENDENCY	L3-MAP-GAS	L3-STAT-GAS-IP,L3-STAT-AS-XW-EXT,L3-STAT-AS-XW-OPCODES,L3-STAT-AS-CUSTOM32,L3-STAT-AS-ATTR	COMPLETE-TILING	L3-112	pair_id=AS-WCH-REPLAY;file_id=AS-REPLAY;file_size=1728168;interval_sha256=fcd0e2670a7f157c85516ed387ac95a7d1c3088c8afbfe9645617e22b1f323a6
L3-REG-AS-WCH-REPLAY-OURS-PROVEN-REPLAY-023	BINUTILS-GAS	OURS-PROVEN-REPLAY	tmp/phase3c-gas/frozen-ours-replay/bin/riscv32-wch-elf-as	caf4a1f58e03cb27b692fc79833ec4f2d096663740be923a9ab5a0f6bb6152b2	886616	886624	8	segment:__TEXT	PADDING/ALIGNMENT	L3-MAP-GAS	L3-STAT-GAS-IP,L3-STAT-AS-XW-EXT,L3-STAT-AS-XW-OPCODES,L3-STAT-AS-CUSTOM32,L3-STAT-AS-ATTR	COMPLETE-TILING	L3-112	pair_id=AS-WCH-REPLAY;file_id=AS-REPLAY;file_size=1728168;interval_sha256=af5570f5a1810b7af78caf4bc70a660f0df51e42baf91d4de5b2328de0e83dfc
L3-REG-AS-WCH-REPLAY-OURS-PROVEN-REPLAY-024	BINUTILS-GAS	OURS-PROVEN-REPLAY	tmp/phase3c-gas/frozen-ours-replay/bin/riscv32-wch-elf-as	caf4a1f58e03cb27b692fc79833ec4f2d096663740be923a9ab5a0f6bb6152b2	886624	903232	16608	section:__TEXT,__const	FUNCTIONAL-DATA-TABLE	L3-MAP-GAS	L3-STAT-GAS-IP,L3-STAT-AS-XW-EXT,L3-STAT-AS-XW-OPCODES,L3-STAT-AS-CUSTOM32,L3-STAT-AS-ATTR	COMPLETE-TILING	L3-112	pair_id=AS-WCH-REPLAY;file_id=AS-REPLAY;file_size=1728168;interval_sha256=3960398cbd44d77bc0d7b8ea616b9b6c7ed8e81a74ad43f4907385d222f94fcc
L3-REG-AS-WCH-REPLAY-OURS-PROVEN-REPLAY-025	BINUTILS-GAS	OURS-PROVEN-REPLAY	tmp/phase3c-gas/frozen-ours-replay/bin/riscv32-wch-elf-as	caf4a1f58e03cb27b692fc79833ec4f2d096663740be923a9ab5a0f6bb6152b2	903232	1096058	192826	section:__TEXT,__cstring	FUNCTIONAL-DATA-TABLE	L3-MAP-GAS	L3-STAT-GAS-IP,L3-STAT-AS-XW-EXT,L3-STAT-AS-XW-OPCODES,L3-STAT-AS-CUSTOM32,L3-STAT-AS-ATTR	COMPLETE-TILING	L3-112	pair_id=AS-WCH-REPLAY;file_id=AS-REPLAY;file_size=1728168;interval_sha256=f65b378b36eb50930dde3c37d3fcc51706010772fe92fd58dab570fd74fe2596
L3-REG-AS-WCH-REPLAY-OURS-PROVEN-REPLAY-026	BINUTILS-GAS	OURS-PROVEN-REPLAY	tmp/phase3c-gas/frozen-ours-replay/bin/riscv32-wch-elf-as	caf4a1f58e03cb27b692fc79833ec4f2d096663740be923a9ab5a0f6bb6152b2	1096058	1096060	2	segment:__TEXT	PADDING/ALIGNMENT	L3-MAP-GAS	L3-STAT-GAS-IP,L3-STAT-AS-XW-EXT,L3-STAT-AS-XW-OPCODES,L3-STAT-AS-CUSTOM32,L3-STAT-AS-ATTR	COMPLETE-TILING	L3-112	pair_id=AS-WCH-REPLAY;file_id=AS-REPLAY;file_size=1728168;interval_sha256=96a296d224f285c67bee93c30f8a309157f0daa35dc5b87e410b78630a09cfc7
L3-REG-AS-WCH-REPLAY-OURS-PROVEN-REPLAY-027	BINUTILS-GAS	OURS-PROVEN-REPLAY	tmp/phase3c-gas/frozen-ours-replay/bin/riscv32-wch-elf-as	caf4a1f58e03cb27b692fc79833ec4f2d096663740be923a9ab5a0f6bb6152b2	1096060	1102460	6400	section:__TEXT,__unwind_info	FUNCTIONAL-DATA-TABLE	L3-MAP-GAS	L3-STAT-GAS-IP,L3-STAT-AS-XW-EXT,L3-STAT-AS-XW-OPCODES,L3-STAT-AS-CUSTOM32,L3-STAT-AS-ATTR	COMPLETE-TILING	L3-112	pair_id=AS-WCH-REPLAY;file_id=AS-REPLAY;file_size=1728168;interval_sha256=cdb1b40f1d8c13e6b4d14e01e94f24dd870dad66480511e51ffc2c824f40199e
L3-REG-AS-WCH-REPLAY-OURS-PROVEN-REPLAY-028	BINUTILS-GAS	OURS-PROVEN-REPLAY	tmp/phase3c-gas/frozen-ours-replay/bin/riscv32-wch-elf-as	caf4a1f58e03cb27b692fc79833ec4f2d096663740be923a9ab5a0f6bb6152b2	1102460	1114112	11652	segment:__TEXT	PADDING/ALIGNMENT	L3-MAP-GAS	L3-STAT-GAS-IP,L3-STAT-AS-XW-EXT,L3-STAT-AS-XW-OPCODES,L3-STAT-AS-CUSTOM32,L3-STAT-AS-ATTR	COMPLETE-TILING	L3-112	pair_id=AS-WCH-REPLAY;file_id=AS-REPLAY;file_size=1728168;interval_sha256=26de854a26859cb4daa97433006f059e059ce9cc0202e14b69343f656663ef50
L3-REG-AS-WCH-REPLAY-OURS-PROVEN-REPLAY-029	BINUTILS-GAS	OURS-PROVEN-REPLAY	tmp/phase3c-gas/frozen-ours-replay/bin/riscv32-wch-elf-as	caf4a1f58e03cb27b692fc79833ec4f2d096663740be923a9ab5a0f6bb6152b2	1114112	1115160	1048	section:__DATA_CONST,__got	PACKAGING/DEPENDENCY	L3-MAP-GAS	L3-STAT-GAS-IP,L3-STAT-AS-XW-EXT,L3-STAT-AS-XW-OPCODES,L3-STAT-AS-CUSTOM32,L3-STAT-AS-ATTR	COMPLETE-TILING	L3-112	pair_id=AS-WCH-REPLAY;file_id=AS-REPLAY;file_size=1728168;interval_sha256=6db4322ef9e105a86bc14791ec3f81d73f1ffc8d748025b4dd67dd3e00008f89
L3-REG-AS-WCH-REPLAY-OURS-PROVEN-REPLAY-030	BINUTILS-GAS	OURS-PROVEN-REPLAY	tmp/phase3c-gas/frozen-ours-replay/bin/riscv32-wch-elf-as	caf4a1f58e03cb27b692fc79833ec4f2d096663740be923a9ab5a0f6bb6152b2	1115160	1348960	233800	section:__DATA_CONST,__const	FUNCTIONAL-DATA-TABLE	L3-MAP-GAS	L3-STAT-GAS-IP,L3-STAT-AS-XW-EXT,L3-STAT-AS-XW-OPCODES,L3-STAT-AS-CUSTOM32,L3-STAT-AS-ATTR	COMPLETE-TILING	L3-112	pair_id=AS-WCH-REPLAY;file_id=AS-REPLAY;file_size=1728168;interval_sha256=c792a8862f56038775c0af6824ab2266e02484211cd5f1ecf82e90ac2b8fb5d6
L3-REG-AS-WCH-REPLAY-OURS-PROVEN-REPLAY-031	BINUTILS-GAS	OURS-PROVEN-REPLAY	tmp/phase3c-gas/frozen-ours-replay/bin/riscv32-wch-elf-as	caf4a1f58e03cb27b692fc79833ec4f2d096663740be923a9ab5a0f6bb6152b2	1348960	1359872	10912	segment:__DATA_CONST	PADDING/ALIGNMENT	L3-MAP-GAS	L3-STAT-GAS-IP,L3-STAT-AS-XW-EXT,L3-STAT-AS-XW-OPCODES,L3-STAT-AS-CUSTOM32,L3-STAT-AS-ATTR	COMPLETE-TILING	L3-112	pair_id=AS-WCH-REPLAY;file_id=AS-REPLAY;file_size=1728168;interval_sha256=ae126617e9b2c2a95b504dd5ebe0d61784c9a13917ae5d96a084c6315f749f8f
L3-REG-AS-WCH-REPLAY-OURS-PROVEN-REPLAY-032	BINUTILS-GAS	OURS-PROVEN-REPLAY	tmp/phase3c-gas/frozen-ours-replay/bin/riscv32-wch-elf-as	caf4a1f58e03cb27b692fc79833ec4f2d096663740be923a9ab5a0f6bb6152b2	1359872	1369944	10072	section:__DATA,__data	FUNCTIONAL-DATA-TABLE	L3-MAP-GAS	L3-STAT-GAS-IP,L3-STAT-AS-XW-EXT,L3-STAT-AS-XW-OPCODES,L3-STAT-AS-CUSTOM32,L3-STAT-AS-ATTR	COMPLETE-TILING	L3-112	pair_id=AS-WCH-REPLAY;file_id=AS-REPLAY;file_size=1728168;interval_sha256=f8a2e1085980d4022f4a94e5be2f4482655d6249ac8f93fb7433e60988a18ea8
L3-REG-AS-WCH-REPLAY-OURS-PROVEN-REPLAY-033	BINUTILS-GAS	OURS-PROVEN-REPLAY	tmp/phase3c-gas/frozen-ours-replay/bin/riscv32-wch-elf-as	caf4a1f58e03cb27b692fc79833ec4f2d096663740be923a9ab5a0f6bb6152b2	1369944	1370016	72	section:__DATA,__thread_vars	PACKAGING/DEPENDENCY	L3-MAP-GAS	L3-STAT-GAS-IP,L3-STAT-AS-XW-EXT,L3-STAT-AS-XW-OPCODES,L3-STAT-AS-CUSTOM32,L3-STAT-AS-ATTR	COMPLETE-TILING	L3-112	pair_id=AS-WCH-REPLAY;file_id=AS-REPLAY;file_size=1728168;interval_sha256=728eae6229f693a6d1597d1223732d007d8aba51824c686f5ac7033ade177b72
L3-REG-AS-WCH-REPLAY-OURS-PROVEN-REPLAY-034	BINUTILS-GAS	OURS-PROVEN-REPLAY	tmp/phase3c-gas/frozen-ours-replay/bin/riscv32-wch-elf-as	caf4a1f58e03cb27b692fc79833ec4f2d096663740be923a9ab5a0f6bb6152b2	1370016	1376256	6240	segment:__DATA	PADDING/ALIGNMENT	L3-MAP-GAS	L3-STAT-GAS-IP,L3-STAT-AS-XW-EXT,L3-STAT-AS-XW-OPCODES,L3-STAT-AS-CUSTOM32,L3-STAT-AS-ATTR	COMPLETE-TILING	L3-112	pair_id=AS-WCH-REPLAY;file_id=AS-REPLAY;file_size=1728168;interval_sha256=180729b9da7f6458d7f0a143ba9502b01373f10501f0e6272fdd059b2611fdef
L3-REG-AS-WCH-REPLAY-OURS-PROVEN-REPLAY-035	BINUTILS-GAS	OURS-PROVEN-REPLAY	tmp/phase3c-gas/frozen-ours-replay/bin/riscv32-wch-elf-as	caf4a1f58e03cb27b692fc79833ec4f2d096663740be923a9ab5a0f6bb6152b2	1376256	1378160	1904	LC_DYLD_CHAINED_FIXUPS-data	PACKAGING/DEPENDENCY	L3-MAP-GAS	L3-STAT-GAS-IP,L3-STAT-AS-XW-EXT,L3-STAT-AS-XW-OPCODES,L3-STAT-AS-CUSTOM32,L3-STAT-AS-ATTR	COMPLETE-TILING	L3-112	pair_id=AS-WCH-REPLAY;file_id=AS-REPLAY;file_size=1728168;interval_sha256=b6514d9560c5b756617e443dac2f4f8e42f998928b876a7c205daa8f81cf0abd
L3-REG-AS-WCH-REPLAY-OURS-PROVEN-REPLAY-036	BINUTILS-GAS	OURS-PROVEN-REPLAY	tmp/phase3c-gas/frozen-ours-replay/bin/riscv32-wch-elf-as	caf4a1f58e03cb27b692fc79833ec4f2d096663740be923a9ab5a0f6bb6152b2	1378160	1411512	33352	LC_DYLD_EXPORTS_TRIE-data	PACKAGING/DEPENDENCY	L3-MAP-GAS	L3-STAT-GAS-IP,L3-STAT-AS-XW-EXT,L3-STAT-AS-XW-OPCODES,L3-STAT-AS-CUSTOM32,L3-STAT-AS-ATTR	COMPLETE-TILING	L3-112	pair_id=AS-WCH-REPLAY;file_id=AS-REPLAY;file_size=1728168;interval_sha256=67f94195ccedb214485c7f81cc5651c5eea1cd1bc8a632cd851bf0e5519ead70
L3-REG-AS-WCH-REPLAY-OURS-PROVEN-REPLAY-037	BINUTILS-GAS	OURS-PROVEN-REPLAY	tmp/phase3c-gas/frozen-ours-replay/bin/riscv32-wch-elf-as	caf4a1f58e03cb27b692fc79833ec4f2d096663740be923a9ab5a0f6bb6152b2	1411512	1415056	3544	LC_FUNCTION_STARTS-data	LINK-LAYOUT	L3-MAP-GAS	L3-STAT-GAS-IP,L3-STAT-AS-XW-EXT,L3-STAT-AS-XW-OPCODES,L3-STAT-AS-CUSTOM32,L3-STAT-AS-ATTR	COMPLETE-TILING	L3-112	pair_id=AS-WCH-REPLAY;file_id=AS-REPLAY;file_size=1728168;interval_sha256=9ba102bb3f85849804eb5e086198ee13a75892e0c687b002e19d71f226952894
L3-REG-AS-WCH-REPLAY-OURS-PROVEN-REPLAY-038	BINUTILS-GAS	OURS-PROVEN-REPLAY	tmp/phase3c-gas/frozen-ours-replay/bin/riscv32-wch-elf-as	caf4a1f58e03cb27b692fc79833ec4f2d096663740be923a9ab5a0f6bb6152b2	1415056	1628576	213520	LC_SYMTAB-symbols	STRIP/DEBUG/SYMBOL-LAYOUT	L3-MAP-GAS	L3-STAT-GAS-IP,L3-STAT-AS-XW-EXT,L3-STAT-AS-XW-OPCODES,L3-STAT-AS-CUSTOM32,L3-STAT-AS-ATTR	COMPLETE-TILING	L3-112	pair_id=AS-WCH-REPLAY;file_id=AS-REPLAY;file_size=1728168;interval_sha256=15e0e8c7b4b370eae8506397081d83590e51ad70aaa98b2658b2dba905a9fe16
L3-REG-AS-WCH-REPLAY-OURS-PROVEN-REPLAY-039	BINUTILS-GAS	OURS-PROVEN-REPLAY	tmp/phase3c-gas/frozen-ours-replay/bin/riscv32-wch-elf-as	caf4a1f58e03cb27b692fc79833ec4f2d096663740be923a9ab5a0f6bb6152b2	1628576	1629596	1020	LC_DYSYMTAB-indirect-symbols	STRIP/DEBUG/SYMBOL-LAYOUT	L3-MAP-GAS	L3-STAT-GAS-IP,L3-STAT-AS-XW-EXT,L3-STAT-AS-XW-OPCODES,L3-STAT-AS-CUSTOM32,L3-STAT-AS-ATTR	COMPLETE-TILING	L3-112	pair_id=AS-WCH-REPLAY;file_id=AS-REPLAY;file_size=1728168;interval_sha256=a5a9c609101207814ae214656fdb8b6477be4fc5b549fbfc7f571f0e8e36f3bb
L3-REG-AS-WCH-REPLAY-OURS-PROVEN-REPLAY-040	BINUTILS-GAS	OURS-PROVEN-REPLAY	tmp/phase3c-gas/frozen-ours-replay/bin/riscv32-wch-elf-as	caf4a1f58e03cb27b692fc79833ec4f2d096663740be923a9ab5a0f6bb6152b2	1629596	1629600	4	segment:__LINKEDIT	LINK-LAYOUT	L3-MAP-GAS	L3-STAT-GAS-IP,L3-STAT-AS-XW-EXT,L3-STAT-AS-XW-OPCODES,L3-STAT-AS-CUSTOM32,L3-STAT-AS-ATTR	COMPLETE-TILING	L3-112	pair_id=AS-WCH-REPLAY;file_id=AS-REPLAY;file_size=1728168;interval_sha256=df3f619804a92fdb4057192dc43dd748ea778adc52bc498ce80524c014b81119
L3-REG-AS-WCH-REPLAY-OURS-PROVEN-REPLAY-041	BINUTILS-GAS	OURS-PROVEN-REPLAY	tmp/phase3c-gas/frozen-ours-replay/bin/riscv32-wch-elf-as	caf4a1f58e03cb27b692fc79833ec4f2d096663740be923a9ab5a0f6bb6152b2	1629600	1714632	85032	LC_SYMTAB-strings	STRIP/DEBUG/SYMBOL-LAYOUT	L3-MAP-GAS	L3-STAT-GAS-IP,L3-STAT-AS-XW-EXT,L3-STAT-AS-XW-OPCODES,L3-STAT-AS-CUSTOM32,L3-STAT-AS-ATTR	COMPLETE-TILING	L3-112	pair_id=AS-WCH-REPLAY;file_id=AS-REPLAY;file_size=1728168;interval_sha256=2084c39fcd44c1c09e73e6c858daf2bc0cab174b42b46112955158832fa9d0da
L3-REG-AS-WCH-REPLAY-OURS-PROVEN-REPLAY-042	BINUTILS-GAS	OURS-PROVEN-REPLAY	tmp/phase3c-gas/frozen-ours-replay/bin/riscv32-wch-elf-as	caf4a1f58e03cb27b692fc79833ec4f2d096663740be923a9ab5a0f6bb6152b2	1714632	1714640	8	segment:__LINKEDIT	LINK-LAYOUT	L3-MAP-GAS	L3-STAT-GAS-IP,L3-STAT-AS-XW-EXT,L3-STAT-AS-XW-OPCODES,L3-STAT-AS-CUSTOM32,L3-STAT-AS-ATTR	COMPLETE-TILING	L3-112	pair_id=AS-WCH-REPLAY;file_id=AS-REPLAY;file_size=1728168;interval_sha256=af5570f5a1810b7af78caf4bc70a660f0df51e42baf91d4de5b2328de0e83dfc
L3-REG-AS-WCH-REPLAY-OURS-PROVEN-REPLAY-043	BINUTILS-GAS	OURS-PROVEN-REPLAY	tmp/phase3c-gas/frozen-ours-replay/bin/riscv32-wch-elf-as	caf4a1f58e03cb27b692fc79833ec4f2d096663740be923a9ab5a0f6bb6152b2	1714640	1728168	13528	LC_CODE_SIGNATURE-data	SIGNATURE/UUID/BUILD-METADATA	L3-MAP-GAS	L3-STAT-GAS-IP,L3-STAT-AS-XW-EXT,L3-STAT-AS-XW-OPCODES,L3-STAT-AS-CUSTOM32,L3-STAT-AS-ATTR	COMPLETE-TILING	L3-112	pair_id=AS-WCH-REPLAY;file_id=AS-REPLAY;file_size=1728168;interval_sha256=72bf466570cab81b51255caecc37f9bb7e351d885cda39058c496367a972da8b
L3-REG-MANIFEST-OURS-000	BINUTILS-GAS	OURS	bin/riscv32-wch-elf-as	6af37017ed541c4754b507b08c21be8dc0058917a2e31265256854a0eb3a5aca	0	1727096	1727096	manifest-bound-whole-file	UNRESOLVED	-	-	MANIFEST-BOUND-BYTES-NOT-AVAILABLE	T0-016,T0-018,L3-045,L3-053,L3-158-poststate-audit	file_id=FILE-000006; exact T0 bytes unavailable after concurrent overwrite; replay hash is not substituted
L3-REG-MANIFEST-OURS-001	BINUTILS-GAS	OURS	riscv32-wch-elf/bin/as	6af37017ed541c4754b507b08c21be8dc0058917a2e31265256854a0eb3a5aca	0	1727096	1727096	manifest-bound-whole-file	UNRESOLVED	-	-	MANIFEST-BOUND-BYTES-NOT-AVAILABLE	T0-016,T0-018,L3-045,L3-053,L3-158-poststate-audit	file_id=FILE-000846; exact T0 bytes unavailable after concurrent overwrite; replay hash is not substituted
L3-REG-MANIFEST-OURS-002	BINUTILS-OBJDUMP	OURS	bin/riscv32-wch-elf-objdump	bf30bc4f55d5bd3d5cff3fcbe1d895a152f8092d430b152440582c3f2fb7bf3d	0	1959320	1959320	manifest-bound-whole-file	UNRESOLVED	-	-	MANIFEST-BOUND-BYTES-NOT-AVAILABLE	T0-016,T0-018,L3-045,L3-053,L3-158-poststate-audit	file_id=FILE-000029; exact T0 bytes unavailable after concurrent overwrite; replay hash is not substituted
L3-REG-MANIFEST-OURS-003	BINUTILS-OBJDUMP	OURS	riscv32-wch-elf/bin/objdump	bf30bc4f55d5bd3d5cff3fcbe1d895a152f8092d430b152440582c3f2fb7bf3d	0	1959320	1959320	manifest-bound-whole-file	UNRESOLVED	-	-	MANIFEST-BOUND-BYTES-NOT-AVAILABLE	T0-016,T0-018,L3-045,L3-053,L3-158-poststate-audit	file_id=FILE-000852; exact T0 bytes unavailable after concurrent overwrite; replay hash is not substituted
L3-REG-OD-ALIAS-WCH-MATCHED-UPSTREAM-MATCHED-000	BINUTILS-OBJDUMP	UPSTREAM-MATCHED	tmp/phase3c-driver/upstream-matched-zstd-r3/output/riscv32-wch-elf/bin/objdump	9458d7a07c42c7970131595c984f7b3c587c0a1f1127fff345b435f0bd6cea8a	0	32	32	mach_header_64	LINK-LAYOUT	L3-MAP-OBJDUMP	L3-STAT-OBJDUMP-FUNC,L3-STAT-OBJDUMP-XW,L3-STAT-OBJDUMP-CUSTOM32,L3-STAT-OBJDUMP-PRIORITY	COMPLETE-TILING	L3-190-alias-intervals	pair_id=OD-ALIAS-WCH-MATCHED;file_id=OD-ALIAS-MATCHED;file_size=1970984;interval_sha256=9244e1e363dd23fc8a4d22f3d657b033048b1b86c4645b9afa95fad8c269f225
L3-REG-OD-ALIAS-WCH-MATCHED-UPSTREAM-MATCHED-001	BINUTILS-OBJDUMP	UPSTREAM-MATCHED	tmp/phase3c-driver/upstream-matched-zstd-r3/output/riscv32-wch-elf/bin/objdump	9458d7a07c42c7970131595c984f7b3c587c0a1f1127fff345b435f0bd6cea8a	32	104	72	load-command[0]:0x19	LINK-LAYOUT	L3-MAP-OBJDUMP	L3-STAT-OBJDUMP-FUNC,L3-STAT-OBJDUMP-XW,L3-STAT-OBJDUMP-CUSTOM32,L3-STAT-OBJDUMP-PRIORITY	COMPLETE-TILING	L3-190-alias-intervals	pair_id=OD-ALIAS-WCH-MATCHED;file_id=OD-ALIAS-MATCHED;file_size=1970984;interval_sha256=38432a8fbcbe1ae9fdf9263fe1e4e948de98131833cc5e5333f375dcf5f6333f
L3-REG-OD-ALIAS-WCH-MATCHED-UPSTREAM-MATCHED-002	BINUTILS-OBJDUMP	UPSTREAM-MATCHED	tmp/phase3c-driver/upstream-matched-zstd-r3/output/riscv32-wch-elf/bin/objdump	9458d7a07c42c7970131595c984f7b3c587c0a1f1127fff345b435f0bd6cea8a	104	656	552	load-command[1]:0x19	LINK-LAYOUT	L3-MAP-OBJDUMP	L3-STAT-OBJDUMP-FUNC,L3-STAT-OBJDUMP-XW,L3-STAT-OBJDUMP-CUSTOM32,L3-STAT-OBJDUMP-PRIORITY	COMPLETE-TILING	L3-190-alias-intervals	pair_id=OD-ALIAS-WCH-MATCHED;file_id=OD-ALIAS-MATCHED;file_size=1970984;interval_sha256=9df06df3cc42133a7794277fbed9383afadf27582a0a95c026c0472a622331f7
L3-REG-OD-ALIAS-WCH-MATCHED-UPSTREAM-MATCHED-003	BINUTILS-OBJDUMP	UPSTREAM-MATCHED	tmp/phase3c-driver/upstream-matched-zstd-r3/output/riscv32-wch-elf/bin/objdump	9458d7a07c42c7970131595c984f7b3c587c0a1f1127fff345b435f0bd6cea8a	656	888	232	load-command[2]:0x19	LINK-LAYOUT	L3-MAP-OBJDUMP	L3-STAT-OBJDUMP-FUNC,L3-STAT-OBJDUMP-XW,L3-STAT-OBJDUMP-CUSTOM32,L3-STAT-OBJDUMP-PRIORITY	COMPLETE-TILING	L3-190-alias-intervals	pair_id=OD-ALIAS-WCH-MATCHED;file_id=OD-ALIAS-MATCHED;file_size=1970984;interval_sha256=2f6615f208aadd35c221ac0ca3b46265cae5cd3bd9efdf0c5302907d3b3c977f
L3-REG-OD-ALIAS-WCH-MATCHED-UPSTREAM-MATCHED-004	BINUTILS-OBJDUMP	UPSTREAM-MATCHED	tmp/phase3c-driver/upstream-matched-zstd-r3/output/riscv32-wch-elf/bin/objdump	9458d7a07c42c7970131595c984f7b3c587c0a1f1127fff345b435f0bd6cea8a	888	1360	472	load-command[3]:0x19	LINK-LAYOUT	L3-MAP-OBJDUMP	L3-STAT-OBJDUMP-FUNC,L3-STAT-OBJDUMP-XW,L3-STAT-OBJDUMP-CUSTOM32,L3-STAT-OBJDUMP-PRIORITY	COMPLETE-TILING	L3-190-alias-intervals	pair_id=OD-ALIAS-WCH-MATCHED;file_id=OD-ALIAS-MATCHED;file_size=1970984;interval_sha256=3c9cc9536341a0eb3a037f1a4c55de1df48b33a580cdf8a48cab8e70a456e124
L3-REG-OD-ALIAS-WCH-MATCHED-UPSTREAM-MATCHED-005	BINUTILS-OBJDUMP	UPSTREAM-MATCHED	tmp/phase3c-driver/upstream-matched-zstd-r3/output/riscv32-wch-elf/bin/objdump	9458d7a07c42c7970131595c984f7b3c587c0a1f1127fff345b435f0bd6cea8a	1360	1432	72	load-command[4]:0x19	LINK-LAYOUT	L3-MAP-OBJDUMP	L3-STAT-OBJDUMP-FUNC,L3-STAT-OBJDUMP-XW,L3-STAT-OBJDUMP-CUSTOM32,L3-STAT-OBJDUMP-PRIORITY	COMPLETE-TILING	L3-190-alias-intervals	pair_id=OD-ALIAS-WCH-MATCHED;file_id=OD-ALIAS-MATCHED;file_size=1970984;interval_sha256=589fffa4c2c174b41c0259f85fb187762d1f806c75bf3dc3ca4ad839d13b05d5
L3-REG-OD-ALIAS-WCH-MATCHED-UPSTREAM-MATCHED-006	BINUTILS-OBJDUMP	UPSTREAM-MATCHED	tmp/phase3c-driver/upstream-matched-zstd-r3/output/riscv32-wch-elf/bin/objdump	9458d7a07c42c7970131595c984f7b3c587c0a1f1127fff345b435f0bd6cea8a	1432	1448	16	load-command[5]:0x80000034	LINK-LAYOUT	L3-MAP-OBJDUMP	L3-STAT-OBJDUMP-FUNC,L3-STAT-OBJDUMP-XW,L3-STAT-OBJDUMP-CUSTOM32,L3-STAT-OBJDUMP-PRIORITY	COMPLETE-TILING	L3-190-alias-intervals	pair_id=OD-ALIAS-WCH-MATCHED;file_id=OD-ALIAS-MATCHED;file_size=1970984;interval_sha256=5506d3151a4d34bc76722caf268f8574192c2def3ca4db936d5a8d002a692b5b
L3-REG-OD-ALIAS-WCH-MATCHED-UPSTREAM-MATCHED-007	BINUTILS-OBJDUMP	UPSTREAM-MATCHED	tmp/phase3c-driver/upstream-matched-zstd-r3/output/riscv32-wch-elf/bin/objdump	9458d7a07c42c7970131595c984f7b3c587c0a1f1127fff345b435f0bd6cea8a	1448	1464	16	load-command[6]:0x80000033	LINK-LAYOUT	L3-MAP-OBJDUMP	L3-STAT-OBJDUMP-FUNC,L3-STAT-OBJDUMP-XW,L3-STAT-OBJDUMP-CUSTOM32,L3-STAT-OBJDUMP-PRIORITY	COMPLETE-TILING	L3-190-alias-intervals	pair_id=OD-ALIAS-WCH-MATCHED;file_id=OD-ALIAS-MATCHED;file_size=1970984;interval_sha256=fd434e2a2c9f7c13ee71070011761d31532ffa413206b48968d059b13afcbcc1
L3-REG-OD-ALIAS-WCH-MATCHED-UPSTREAM-MATCHED-008	BINUTILS-OBJDUMP	UPSTREAM-MATCHED	tmp/phase3c-driver/upstream-matched-zstd-r3/output/riscv32-wch-elf/bin/objdump	9458d7a07c42c7970131595c984f7b3c587c0a1f1127fff345b435f0bd6cea8a	1464	1488	24	load-command[7]:0x2	LINK-LAYOUT	L3-MAP-OBJDUMP	L3-STAT-OBJDUMP-FUNC,L3-STAT-OBJDUMP-XW,L3-STAT-OBJDUMP-CUSTOM32,L3-STAT-OBJDUMP-PRIORITY	COMPLETE-TILING	L3-190-alias-intervals	pair_id=OD-ALIAS-WCH-MATCHED;file_id=OD-ALIAS-MATCHED;file_size=1970984;interval_sha256=7bd23179fcf19cf83b82c7136a3db17a374f13e2079c2b9d042307cd56043889
L3-REG-OD-ALIAS-WCH-MATCHED-UPSTREAM-MATCHED-009	BINUTILS-OBJDUMP	UPSTREAM-MATCHED	tmp/phase3c-driver/upstream-matched-zstd-r3/output/riscv32-wch-elf/bin/objdump	9458d7a07c42c7970131595c984f7b3c587c0a1f1127fff345b435f0bd6cea8a	1488	1568	80	load-command[8]:0xb	LINK-LAYOUT	L3-MAP-OBJDUMP	L3-STAT-OBJDUMP-FUNC,L3-STAT-OBJDUMP-XW,L3-STAT-OBJDUMP-CUSTOM32,L3-STAT-OBJDUMP-PRIORITY	COMPLETE-TILING	L3-190-alias-intervals	pair_id=OD-ALIAS-WCH-MATCHED;file_id=OD-ALIAS-MATCHED;file_size=1970984;interval_sha256=1d5d5401826177e18d56a96afaefec083baf2da20219304e985a04e0b01df94d
L3-REG-OD-ALIAS-WCH-MATCHED-UPSTREAM-MATCHED-010	BINUTILS-OBJDUMP	UPSTREAM-MATCHED	tmp/phase3c-driver/upstream-matched-zstd-r3/output/riscv32-wch-elf/bin/objdump	9458d7a07c42c7970131595c984f7b3c587c0a1f1127fff345b435f0bd6cea8a	1568	1600	32	load-command[9]:0xe	LINK-LAYOUT	L3-MAP-OBJDUMP	L3-STAT-OBJDUMP-FUNC,L3-STAT-OBJDUMP-XW,L3-STAT-OBJDUMP-CUSTOM32,L3-STAT-OBJDUMP-PRIORITY	COMPLETE-TILING	L3-190-alias-intervals	pair_id=OD-ALIAS-WCH-MATCHED;file_id=OD-ALIAS-MATCHED;file_size=1970984;interval_sha256=44316cf4f366f41aa06996613c44af75e34479362928faf61a168c2a203b5999
L3-REG-OD-ALIAS-WCH-MATCHED-UPSTREAM-MATCHED-011	BINUTILS-OBJDUMP	UPSTREAM-MATCHED	tmp/phase3c-driver/upstream-matched-zstd-r3/output/riscv32-wch-elf/bin/objdump	9458d7a07c42c7970131595c984f7b3c587c0a1f1127fff345b435f0bd6cea8a	1600	1624	24	load-command[10]:0x1b	SIGNATURE/UUID/BUILD-METADATA	L3-MAP-OBJDUMP	L3-STAT-OBJDUMP-FUNC,L3-STAT-OBJDUMP-XW,L3-STAT-OBJDUMP-CUSTOM32,L3-STAT-OBJDUMP-PRIORITY	COMPLETE-TILING	L3-190-alias-intervals	pair_id=OD-ALIAS-WCH-MATCHED;file_id=OD-ALIAS-MATCHED;file_size=1970984;interval_sha256=1e448d9a6e4c2e333ef6526337726aa9efbce1f33c38f4d1e8eb951e4485620f
L3-REG-OD-ALIAS-WCH-MATCHED-UPSTREAM-MATCHED-012	BINUTILS-OBJDUMP	UPSTREAM-MATCHED	tmp/phase3c-driver/upstream-matched-zstd-r3/output/riscv32-wch-elf/bin/objdump	9458d7a07c42c7970131595c984f7b3c587c0a1f1127fff345b435f0bd6cea8a	1624	1656	32	load-command[11]:0x32	SIGNATURE/UUID/BUILD-METADATA	L3-MAP-OBJDUMP	L3-STAT-OBJDUMP-FUNC,L3-STAT-OBJDUMP-XW,L3-STAT-OBJDUMP-CUSTOM32,L3-STAT-OBJDUMP-PRIORITY	COMPLETE-TILING	L3-190-alias-intervals	pair_id=OD-ALIAS-WCH-MATCHED;file_id=OD-ALIAS-MATCHED;file_size=1970984;interval_sha256=06be0acc3151d0cb3a5720312a0ae05bf2376d394c98194de6f77801b59ab2e0
L3-REG-OD-ALIAS-WCH-MATCHED-UPSTREAM-MATCHED-013	BINUTILS-OBJDUMP	UPSTREAM-MATCHED	tmp/phase3c-driver/upstream-matched-zstd-r3/output/riscv32-wch-elf/bin/objdump	9458d7a07c42c7970131595c984f7b3c587c0a1f1127fff345b435f0bd6cea8a	1656	1672	16	load-command[12]:0x2a	SIGNATURE/UUID/BUILD-METADATA	L3-MAP-OBJDUMP	L3-STAT-OBJDUMP-FUNC,L3-STAT-OBJDUMP-XW,L3-STAT-OBJDUMP-CUSTOM32,L3-STAT-OBJDUMP-PRIORITY	COMPLETE-TILING	L3-190-alias-intervals	pair_id=OD-ALIAS-WCH-MATCHED;file_id=OD-ALIAS-MATCHED;file_size=1970984;interval_sha256=01a60f1db7db041298aa3e269ff5ebea951aa6977963e4ab563905da906d2b82
L3-REG-OD-ALIAS-WCH-MATCHED-UPSTREAM-MATCHED-014	BINUTILS-OBJDUMP	UPSTREAM-MATCHED	tmp/phase3c-driver/upstream-matched-zstd-r3/output/riscv32-wch-elf/bin/objdump	9458d7a07c42c7970131595c984f7b3c587c0a1f1127fff345b435f0bd6cea8a	1672	1696	24	load-command[13]:0x80000028	LINK-LAYOUT	L3-MAP-OBJDUMP	L3-STAT-OBJDUMP-FUNC,L3-STAT-OBJDUMP-XW,L3-STAT-OBJDUMP-CUSTOM32,L3-STAT-OBJDUMP-PRIORITY	COMPLETE-TILING	L3-190-alias-intervals	pair_id=OD-ALIAS-WCH-MATCHED;file_id=OD-ALIAS-MATCHED;file_size=1970984;interval_sha256=c6511cf58263464f22ac46f1b9f5389980debaa6b8edc691cfa5b77215aebcd0
L3-REG-OD-ALIAS-WCH-MATCHED-UPSTREAM-MATCHED-015	BINUTILS-OBJDUMP	UPSTREAM-MATCHED	tmp/phase3c-driver/upstream-matched-zstd-r3/output/riscv32-wch-elf/bin/objdump	9458d7a07c42c7970131595c984f7b3c587c0a1f1127fff345b435f0bd6cea8a	1696	1752	56	load-command[14]:0xc	LINK-LAYOUT	L3-MAP-OBJDUMP	L3-STAT-OBJDUMP-FUNC,L3-STAT-OBJDUMP-XW,L3-STAT-OBJDUMP-CUSTOM32,L3-STAT-OBJDUMP-PRIORITY	COMPLETE-TILING	L3-190-alias-intervals	pair_id=OD-ALIAS-WCH-MATCHED;file_id=OD-ALIAS-MATCHED;file_size=1970984;interval_sha256=ffa45af4ce6b7780727be9b2f2f9ca0b35932363e311b247d840ef9da1bdc1f5
L3-REG-OD-ALIAS-WCH-MATCHED-UPSTREAM-MATCHED-016	BINUTILS-OBJDUMP	UPSTREAM-MATCHED	tmp/phase3c-driver/upstream-matched-zstd-r3/output/riscv32-wch-elf/bin/objdump	9458d7a07c42c7970131595c984f7b3c587c0a1f1127fff345b435f0bd6cea8a	1752	1800	48	load-command[15]:0xc	LINK-LAYOUT	L3-MAP-OBJDUMP	L3-STAT-OBJDUMP-FUNC,L3-STAT-OBJDUMP-XW,L3-STAT-OBJDUMP-CUSTOM32,L3-STAT-OBJDUMP-PRIORITY	COMPLETE-TILING	L3-190-alias-intervals	pair_id=OD-ALIAS-WCH-MATCHED;file_id=OD-ALIAS-MATCHED;file_size=1970984;interval_sha256=70ad563e95ac2bc9fefdc6ffaf87d87d18272d013bc98f6d4fc78e85e28a9111
L3-REG-OD-ALIAS-WCH-MATCHED-UPSTREAM-MATCHED-017	BINUTILS-OBJDUMP	UPSTREAM-MATCHED	tmp/phase3c-driver/upstream-matched-zstd-r3/output/riscv32-wch-elf/bin/objdump	9458d7a07c42c7970131595c984f7b3c587c0a1f1127fff345b435f0bd6cea8a	1800	1816	16	load-command[16]:0x26	LINK-LAYOUT	L3-MAP-OBJDUMP	L3-STAT-OBJDUMP-FUNC,L3-STAT-OBJDUMP-XW,L3-STAT-OBJDUMP-CUSTOM32,L3-STAT-OBJDUMP-PRIORITY	COMPLETE-TILING	L3-190-alias-intervals	pair_id=OD-ALIAS-WCH-MATCHED;file_id=OD-ALIAS-MATCHED;file_size=1970984;interval_sha256=bea58e2e537a4b338ed9775fe989c1be3845c3c53e03ee678c178cd60543ff8e
L3-REG-OD-ALIAS-WCH-MATCHED-UPSTREAM-MATCHED-018	BINUTILS-OBJDUMP	UPSTREAM-MATCHED	tmp/phase3c-driver/upstream-matched-zstd-r3/output/riscv32-wch-elf/bin/objdump	9458d7a07c42c7970131595c984f7b3c587c0a1f1127fff345b435f0bd6cea8a	1816	1832	16	load-command[17]:0x29	LINK-LAYOUT	L3-MAP-OBJDUMP	L3-STAT-OBJDUMP-FUNC,L3-STAT-OBJDUMP-XW,L3-STAT-OBJDUMP-CUSTOM32,L3-STAT-OBJDUMP-PRIORITY	COMPLETE-TILING	L3-190-alias-intervals	pair_id=OD-ALIAS-WCH-MATCHED;file_id=OD-ALIAS-MATCHED;file_size=1970984;interval_sha256=22ed472e840e11b4e41bacb94dd6f026ea0107c6c061f12721b86fb621e34b30
L3-REG-OD-ALIAS-WCH-MATCHED-UPSTREAM-MATCHED-019	BINUTILS-OBJDUMP	UPSTREAM-MATCHED	tmp/phase3c-driver/upstream-matched-zstd-r3/output/riscv32-wch-elf/bin/objdump	9458d7a07c42c7970131595c984f7b3c587c0a1f1127fff345b435f0bd6cea8a	1832	1848	16	load-command[18]:0x1d	SIGNATURE/UUID/BUILD-METADATA	L3-MAP-OBJDUMP	L3-STAT-OBJDUMP-FUNC,L3-STAT-OBJDUMP-XW,L3-STAT-OBJDUMP-CUSTOM32,L3-STAT-OBJDUMP-PRIORITY	COMPLETE-TILING	L3-190-alias-intervals	pair_id=OD-ALIAS-WCH-MATCHED;file_id=OD-ALIAS-MATCHED;file_size=1970984;interval_sha256=4fc35a577583aa0fd2abc05ab80d2061ab98e01eaa54fef65a9cf0ef0fa24be1
L3-REG-OD-ALIAS-WCH-MATCHED-UPSTREAM-MATCHED-020	BINUTILS-OBJDUMP	UPSTREAM-MATCHED	tmp/phase3c-driver/upstream-matched-zstd-r3/output/riscv32-wch-elf/bin/objdump	9458d7a07c42c7970131595c984f7b3c587c0a1f1127fff345b435f0bd6cea8a	1848	1888	40	segment:__TEXT	PADDING/ALIGNMENT	L3-MAP-OBJDUMP	L3-STAT-OBJDUMP-FUNC,L3-STAT-OBJDUMP-XW,L3-STAT-OBJDUMP-CUSTOM32,L3-STAT-OBJDUMP-PRIORITY	COMPLETE-TILING	L3-190-alias-intervals	pair_id=OD-ALIAS-WCH-MATCHED;file_id=OD-ALIAS-MATCHED;file_size=1970984;interval_sha256=2c34ce1df23b838c5abf2a7f6437cca3d3067ed509ff25f11df6b11b582b51eb
L3-REG-OD-ALIAS-WCH-MATCHED-UPSTREAM-MATCHED-021	BINUTILS-OBJDUMP	UPSTREAM-MATCHED	tmp/phase3c-driver/upstream-matched-zstd-r3/output/riscv32-wch-elf/bin/objdump	9458d7a07c42c7970131595c984f7b3c587c0a1f1127fff345b435f0bd6cea8a	1888	1029852	1027964	section:__TEXT,__text	FUNCTIONAL-CODE	L3-MAP-OBJDUMP	L3-STAT-OBJDUMP-FUNC,L3-STAT-OBJDUMP-XW,L3-STAT-OBJDUMP-CUSTOM32,L3-STAT-OBJDUMP-PRIORITY	COMPLETE-TILING	L3-190-alias-intervals	pair_id=OD-ALIAS-WCH-MATCHED;file_id=OD-ALIAS-MATCHED;file_size=1970984;interval_sha256=6fd000bb3e3bd652e603a1f184139f7761748998021e862cf4221b881d5b4dd3
L3-REG-OD-ALIAS-WCH-MATCHED-UPSTREAM-MATCHED-022	BINUTILS-OBJDUMP	UPSTREAM-MATCHED	tmp/phase3c-driver/upstream-matched-zstd-r3/output/riscv32-wch-elf/bin/objdump	9458d7a07c42c7970131595c984f7b3c587c0a1f1127fff345b435f0bd6cea8a	1029852	1031352	1500	section:__TEXT,__stubs	PACKAGING/DEPENDENCY	L3-MAP-OBJDUMP	L3-STAT-OBJDUMP-FUNC,L3-STAT-OBJDUMP-XW,L3-STAT-OBJDUMP-CUSTOM32,L3-STAT-OBJDUMP-PRIORITY	COMPLETE-TILING	L3-190-alias-intervals	pair_id=OD-ALIAS-WCH-MATCHED;file_id=OD-ALIAS-MATCHED;file_size=1970984;interval_sha256=7d5c90b2bc68363ebcfad0c64162a4fa457ae0687fc885356a2664ad0c1462d9
L3-REG-OD-ALIAS-WCH-MATCHED-UPSTREAM-MATCHED-023	BINUTILS-OBJDUMP	UPSTREAM-MATCHED	tmp/phase3c-driver/upstream-matched-zstd-r3/output/riscv32-wch-elf/bin/objdump	9458d7a07c42c7970131595c984f7b3c587c0a1f1127fff345b435f0bd6cea8a	1031352	1031360	8	segment:__TEXT	PADDING/ALIGNMENT	L3-MAP-OBJDUMP	L3-STAT-OBJDUMP-FUNC,L3-STAT-OBJDUMP-XW,L3-STAT-OBJDUMP-CUSTOM32,L3-STAT-OBJDUMP-PRIORITY	COMPLETE-TILING	L3-190-alias-intervals	pair_id=OD-ALIAS-WCH-MATCHED;file_id=OD-ALIAS-MATCHED;file_size=1970984;interval_sha256=af5570f5a1810b7af78caf4bc70a660f0df51e42baf91d4de5b2328de0e83dfc
L3-REG-OD-ALIAS-WCH-MATCHED-UPSTREAM-MATCHED-024	BINUTILS-OBJDUMP	UPSTREAM-MATCHED	tmp/phase3c-driver/upstream-matched-zstd-r3/output/riscv32-wch-elf/bin/objdump	9458d7a07c42c7970131595c984f7b3c587c0a1f1127fff345b435f0bd6cea8a	1031360	1061784	30424	section:__TEXT,__const	FUNCTIONAL-DATA-TABLE	L3-MAP-OBJDUMP	L3-STAT-OBJDUMP-FUNC,L3-STAT-OBJDUMP-XW,L3-STAT-OBJDUMP-CUSTOM32,L3-STAT-OBJDUMP-PRIORITY	COMPLETE-TILING	L3-190-alias-intervals	pair_id=OD-ALIAS-WCH-MATCHED;file_id=OD-ALIAS-MATCHED;file_size=1970984;interval_sha256=954f52d0bc7758e198841d041f905250ea4ba65593f695c9748f825fe7a71e3e
L3-REG-OD-ALIAS-WCH-MATCHED-UPSTREAM-MATCHED-025	BINUTILS-OBJDUMP	UPSTREAM-MATCHED	tmp/phase3c-driver/upstream-matched-zstd-r3/output/riscv32-wch-elf/bin/objdump	9458d7a07c42c7970131595c984f7b3c587c0a1f1127fff345b435f0bd6cea8a	1061784	1295252	233468	section:__TEXT,__cstring	FUNCTIONAL-DATA-TABLE	L3-MAP-OBJDUMP	L3-STAT-OBJDUMP-FUNC,L3-STAT-OBJDUMP-XW,L3-STAT-OBJDUMP-CUSTOM32,L3-STAT-OBJDUMP-PRIORITY	COMPLETE-TILING	L3-190-alias-intervals	pair_id=OD-ALIAS-WCH-MATCHED;file_id=OD-ALIAS-MATCHED;file_size=1970984;interval_sha256=ffb862f33059ade569b982dbd14a9ed66724448db7464bf2aae61ad3993ee5c5
L3-REG-OD-ALIAS-WCH-MATCHED-UPSTREAM-MATCHED-026	BINUTILS-OBJDUMP	UPSTREAM-MATCHED	tmp/phase3c-driver/upstream-matched-zstd-r3/output/riscv32-wch-elf/bin/objdump	9458d7a07c42c7970131595c984f7b3c587c0a1f1127fff345b435f0bd6cea8a	1295252	1301940	6688	section:__TEXT,__unwind_info	FUNCTIONAL-DATA-TABLE	L3-MAP-OBJDUMP	L3-STAT-OBJDUMP-FUNC,L3-STAT-OBJDUMP-XW,L3-STAT-OBJDUMP-CUSTOM32,L3-STAT-OBJDUMP-PRIORITY	COMPLETE-TILING	L3-190-alias-intervals	pair_id=OD-ALIAS-WCH-MATCHED;file_id=OD-ALIAS-MATCHED;file_size=1970984;interval_sha256=52d8cf236a9e6bd77cd50ad0199ecaad16ad20667112eb5e41a2626dafb7fc85
L3-REG-OD-ALIAS-WCH-MATCHED-UPSTREAM-MATCHED-027	BINUTILS-OBJDUMP	UPSTREAM-MATCHED	tmp/phase3c-driver/upstream-matched-zstd-r3/output/riscv32-wch-elf/bin/objdump	9458d7a07c42c7970131595c984f7b3c587c0a1f1127fff345b435f0bd6cea8a	1301940	1301944	4	segment:__TEXT	PADDING/ALIGNMENT	L3-MAP-OBJDUMP	L3-STAT-OBJDUMP-FUNC,L3-STAT-OBJDUMP-XW,L3-STAT-OBJDUMP-CUSTOM32,L3-STAT-OBJDUMP-PRIORITY	COMPLETE-TILING	L3-190-alias-intervals	pair_id=OD-ALIAS-WCH-MATCHED;file_id=OD-ALIAS-MATCHED;file_size=1970984;interval_sha256=df3f619804a92fdb4057192dc43dd748ea778adc52bc498ce80524c014b81119
L3-REG-OD-ALIAS-WCH-MATCHED-UPSTREAM-MATCHED-028	BINUTILS-OBJDUMP	UPSTREAM-MATCHED	tmp/phase3c-driver/upstream-matched-zstd-r3/output/riscv32-wch-elf/bin/objdump	9458d7a07c42c7970131595c984f7b3c587c0a1f1127fff345b435f0bd6cea8a	1301944	1302024	80	section:__TEXT,__eh_frame	FUNCTIONAL-DATA-TABLE	L3-MAP-OBJDUMP	L3-STAT-OBJDUMP-FUNC,L3-STAT-OBJDUMP-XW,L3-STAT-OBJDUMP-CUSTOM32,L3-STAT-OBJDUMP-PRIORITY	COMPLETE-TILING	L3-190-alias-intervals	pair_id=OD-ALIAS-WCH-MATCHED;file_id=OD-ALIAS-MATCHED;file_size=1970984;interval_sha256=bce26545dd4cc3ee86f9278c1b58d0433d1354c4ad57b561888c1435d53d2660
L3-REG-OD-ALIAS-WCH-MATCHED-UPSTREAM-MATCHED-029	BINUTILS-OBJDUMP	UPSTREAM-MATCHED	tmp/phase3c-driver/upstream-matched-zstd-r3/output/riscv32-wch-elf/bin/objdump	9458d7a07c42c7970131595c984f7b3c587c0a1f1127fff345b435f0bd6cea8a	1302024	1310720	8696	segment:__TEXT	PADDING/ALIGNMENT	L3-MAP-OBJDUMP	L3-STAT-OBJDUMP-FUNC,L3-STAT-OBJDUMP-XW,L3-STAT-OBJDUMP-CUSTOM32,L3-STAT-OBJDUMP-PRIORITY	COMPLETE-TILING	L3-190-alias-intervals	pair_id=OD-ALIAS-WCH-MATCHED;file_id=OD-ALIAS-MATCHED;file_size=1970984;interval_sha256=9ed51a42463e35e80af9f33f588b675c17d12511769bad4aaadb6483591b4e0e
L3-REG-OD-ALIAS-WCH-MATCHED-UPSTREAM-MATCHED-030	BINUTILS-OBJDUMP	UPSTREAM-MATCHED	tmp/phase3c-driver/upstream-matched-zstd-r3/output/riscv32-wch-elf/bin/objdump	9458d7a07c42c7970131595c984f7b3c587c0a1f1127fff345b435f0bd6cea8a	1310720	1311760	1040	section:__DATA_CONST,__got	PACKAGING/DEPENDENCY	L3-MAP-OBJDUMP	L3-STAT-OBJDUMP-FUNC,L3-STAT-OBJDUMP-XW,L3-STAT-OBJDUMP-CUSTOM32,L3-STAT-OBJDUMP-PRIORITY	COMPLETE-TILING	L3-190-alias-intervals	pair_id=OD-ALIAS-WCH-MATCHED;file_id=OD-ALIAS-MATCHED;file_size=1970984;interval_sha256=cab4c94b5083714d476f9addcb5ae438ca5072271b5a87401e68690ae00f0cf2
L3-REG-OD-ALIAS-WCH-MATCHED-UPSTREAM-MATCHED-031	BINUTILS-OBJDUMP	UPSTREAM-MATCHED	tmp/phase3c-driver/upstream-matched-zstd-r3/output/riscv32-wch-elf/bin/objdump	9458d7a07c42c7970131595c984f7b3c587c0a1f1127fff345b435f0bd6cea8a	1311760	1546064	234304	section:__DATA_CONST,__const	FUNCTIONAL-DATA-TABLE	L3-MAP-OBJDUMP	L3-STAT-OBJDUMP-FUNC,L3-STAT-OBJDUMP-XW,L3-STAT-OBJDUMP-CUSTOM32,L3-STAT-OBJDUMP-PRIORITY	COMPLETE-TILING	L3-190-alias-intervals	pair_id=OD-ALIAS-WCH-MATCHED;file_id=OD-ALIAS-MATCHED;file_size=1970984;interval_sha256=73440b9f256dbc01f20592a33ea79111fdd5705f0ff7b825a9f65d35a86ceb38
L3-REG-OD-ALIAS-WCH-MATCHED-UPSTREAM-MATCHED-032	BINUTILS-OBJDUMP	UPSTREAM-MATCHED	tmp/phase3c-driver/upstream-matched-zstd-r3/output/riscv32-wch-elf/bin/objdump	9458d7a07c42c7970131595c984f7b3c587c0a1f1127fff345b435f0bd6cea8a	1546064	1556480	10416	segment:__DATA_CONST	PADDING/ALIGNMENT	L3-MAP-OBJDUMP	L3-STAT-OBJDUMP-FUNC,L3-STAT-OBJDUMP-XW,L3-STAT-OBJDUMP-CUSTOM32,L3-STAT-OBJDUMP-PRIORITY	COMPLETE-TILING	L3-190-alias-intervals	pair_id=OD-ALIAS-WCH-MATCHED;file_id=OD-ALIAS-MATCHED;file_size=1970984;interval_sha256=da72947c2ee39d9c7940e80d4f63544ea1354f9cbaf2f298825178818adb8591
L3-REG-OD-ALIAS-WCH-MATCHED-UPSTREAM-MATCHED-033	BINUTILS-OBJDUMP	UPSTREAM-MATCHED	tmp/phase3c-driver/upstream-matched-zstd-r3/output/riscv32-wch-elf/bin/objdump	9458d7a07c42c7970131595c984f7b3c587c0a1f1127fff345b435f0bd6cea8a	1556480	1573384	16904	section:__DATA,__data	FUNCTIONAL-DATA-TABLE	L3-MAP-OBJDUMP	L3-STAT-OBJDUMP-FUNC,L3-STAT-OBJDUMP-XW,L3-STAT-OBJDUMP-CUSTOM32,L3-STAT-OBJDUMP-PRIORITY	COMPLETE-TILING	L3-190-alias-intervals	pair_id=OD-ALIAS-WCH-MATCHED;file_id=OD-ALIAS-MATCHED;file_size=1970984;interval_sha256=383f773784e76a776b900a835650d3b6b34ac4ef5ebceeca5490ded6bf7c133d
L3-REG-OD-ALIAS-WCH-MATCHED-UPSTREAM-MATCHED-034	BINUTILS-OBJDUMP	UPSTREAM-MATCHED	tmp/phase3c-driver/upstream-matched-zstd-r3/output/riscv32-wch-elf/bin/objdump	9458d7a07c42c7970131595c984f7b3c587c0a1f1127fff345b435f0bd6cea8a	1573384	1573456	72	section:__DATA,__thread_vars	PACKAGING/DEPENDENCY	L3-MAP-OBJDUMP	L3-STAT-OBJDUMP-FUNC,L3-STAT-OBJDUMP-XW,L3-STAT-OBJDUMP-CUSTOM32,L3-STAT-OBJDUMP-PRIORITY	COMPLETE-TILING	L3-190-alias-intervals	pair_id=OD-ALIAS-WCH-MATCHED;file_id=OD-ALIAS-MATCHED;file_size=1970984;interval_sha256=8e04a5ce007105c6d75917e084092eb9ead1413b51183136e6b207e19a2ecb55
L3-REG-OD-ALIAS-WCH-MATCHED-UPSTREAM-MATCHED-035	BINUTILS-OBJDUMP	UPSTREAM-MATCHED	tmp/phase3c-driver/upstream-matched-zstd-r3/output/riscv32-wch-elf/bin/objdump	9458d7a07c42c7970131595c984f7b3c587c0a1f1127fff345b435f0bd6cea8a	1573456	1589248	15792	segment:__DATA	PADDING/ALIGNMENT	L3-MAP-OBJDUMP	L3-STAT-OBJDUMP-FUNC,L3-STAT-OBJDUMP-XW,L3-STAT-OBJDUMP-CUSTOM32,L3-STAT-OBJDUMP-PRIORITY	COMPLETE-TILING	L3-190-alias-intervals	pair_id=OD-ALIAS-WCH-MATCHED;file_id=OD-ALIAS-MATCHED;file_size=1970984;interval_sha256=8d81657a80d43227cf12c2520a9c58f2160bbb6c9b983a3cf26f99a4fc498a34
L3-REG-OD-ALIAS-WCH-MATCHED-UPSTREAM-MATCHED-036	BINUTILS-OBJDUMP	UPSTREAM-MATCHED	tmp/phase3c-driver/upstream-matched-zstd-r3/output/riscv32-wch-elf/bin/objdump	9458d7a07c42c7970131595c984f7b3c587c0a1f1127fff345b435f0bd6cea8a	1589248	1591128	1880	LC_DYLD_CHAINED_FIXUPS-data	PACKAGING/DEPENDENCY	L3-MAP-OBJDUMP	L3-STAT-OBJDUMP-FUNC,L3-STAT-OBJDUMP-XW,L3-STAT-OBJDUMP-CUSTOM32,L3-STAT-OBJDUMP-PRIORITY	COMPLETE-TILING	L3-190-alias-intervals	pair_id=OD-ALIAS-WCH-MATCHED;file_id=OD-ALIAS-MATCHED;file_size=1970984;interval_sha256=2bda07e24a324828c9db4c917eae495036eea01b72ad003bf23e5b12174d17f0
L3-REG-OD-ALIAS-WCH-MATCHED-UPSTREAM-MATCHED-037	BINUTILS-OBJDUMP	UPSTREAM-MATCHED	tmp/phase3c-driver/upstream-matched-zstd-r3/output/riscv32-wch-elf/bin/objdump	9458d7a07c42c7970131595c984f7b3c587c0a1f1127fff345b435f0bd6cea8a	1591128	1620728	29600	LC_DYLD_EXPORTS_TRIE-data	PACKAGING/DEPENDENCY	L3-MAP-OBJDUMP	L3-STAT-OBJDUMP-FUNC,L3-STAT-OBJDUMP-XW,L3-STAT-OBJDUMP-CUSTOM32,L3-STAT-OBJDUMP-PRIORITY	COMPLETE-TILING	L3-190-alias-intervals	pair_id=OD-ALIAS-WCH-MATCHED;file_id=OD-ALIAS-MATCHED;file_size=1970984;interval_sha256=6a34d79de819af45ecb7338479691d52968062cc2a732dedeb8e2f45f6923dc8
L3-REG-OD-ALIAS-WCH-MATCHED-UPSTREAM-MATCHED-038	BINUTILS-OBJDUMP	UPSTREAM-MATCHED	tmp/phase3c-driver/upstream-matched-zstd-r3/output/riscv32-wch-elf/bin/objdump	9458d7a07c42c7970131595c984f7b3c587c0a1f1127fff345b435f0bd6cea8a	1620728	1624552	3824	LC_FUNCTION_STARTS-data	LINK-LAYOUT	L3-MAP-OBJDUMP	L3-STAT-OBJDUMP-FUNC,L3-STAT-OBJDUMP-XW,L3-STAT-OBJDUMP-CUSTOM32,L3-STAT-OBJDUMP-PRIORITY	COMPLETE-TILING	L3-190-alias-intervals	pair_id=OD-ALIAS-WCH-MATCHED;file_id=OD-ALIAS-MATCHED;file_size=1970984;interval_sha256=fdd71c07cd0378d30fada1bbcbaefe49d689572b3b669b16f2f6d8f2ad32ae4b
L3-REG-OD-ALIAS-WCH-MATCHED-UPSTREAM-MATCHED-039	BINUTILS-OBJDUMP	UPSTREAM-MATCHED	tmp/phase3c-driver/upstream-matched-zstd-r3/output/riscv32-wch-elf/bin/objdump	9458d7a07c42c7970131595c984f7b3c587c0a1f1127fff345b435f0bd6cea8a	1624552	1851640	227088	LC_SYMTAB-symbols	STRIP/DEBUG/SYMBOL-LAYOUT	L3-MAP-OBJDUMP	L3-STAT-OBJDUMP-FUNC,L3-STAT-OBJDUMP-XW,L3-STAT-OBJDUMP-CUSTOM32,L3-STAT-OBJDUMP-PRIORITY	COMPLETE-TILING	L3-190-alias-intervals	pair_id=OD-ALIAS-WCH-MATCHED;file_id=OD-ALIAS-MATCHED;file_size=1970984;interval_sha256=26d5a2c445006213469c63635108c7fb2f0feb62db46250acbab47f37295ede3
L3-REG-OD-ALIAS-WCH-MATCHED-UPSTREAM-MATCHED-040	BINUTILS-OBJDUMP	UPSTREAM-MATCHED	tmp/phase3c-driver/upstream-matched-zstd-r3/output/riscv32-wch-elf/bin/objdump	9458d7a07c42c7970131595c984f7b3c587c0a1f1127fff345b435f0bd6cea8a	1851640	1852660	1020	LC_DYSYMTAB-indirect-symbols	STRIP/DEBUG/SYMBOL-LAYOUT	L3-MAP-OBJDUMP	L3-STAT-OBJDUMP-FUNC,L3-STAT-OBJDUMP-XW,L3-STAT-OBJDUMP-CUSTOM32,L3-STAT-OBJDUMP-PRIORITY	COMPLETE-TILING	L3-190-alias-intervals	pair_id=OD-ALIAS-WCH-MATCHED;file_id=OD-ALIAS-MATCHED;file_size=1970984;interval_sha256=c60bd7c53d0c376db38ce32abe49a0da0a7c046db36c79df470832d8dce355c9
L3-REG-OD-ALIAS-WCH-MATCHED-UPSTREAM-MATCHED-041	BINUTILS-OBJDUMP	UPSTREAM-MATCHED	tmp/phase3c-driver/upstream-matched-zstd-r3/output/riscv32-wch-elf/bin/objdump	9458d7a07c42c7970131595c984f7b3c587c0a1f1127fff345b435f0bd6cea8a	1852660	1852664	4	segment:__LINKEDIT	LINK-LAYOUT	L3-MAP-OBJDUMP	L3-STAT-OBJDUMP-FUNC,L3-STAT-OBJDUMP-XW,L3-STAT-OBJDUMP-CUSTOM32,L3-STAT-OBJDUMP-PRIORITY	COMPLETE-TILING	L3-190-alias-intervals	pair_id=OD-ALIAS-WCH-MATCHED;file_id=OD-ALIAS-MATCHED;file_size=1970984;interval_sha256=df3f619804a92fdb4057192dc43dd748ea778adc52bc498ce80524c014b81119
L3-REG-OD-ALIAS-WCH-MATCHED-UPSTREAM-MATCHED-042	BINUTILS-OBJDUMP	UPSTREAM-MATCHED	tmp/phase3c-driver/upstream-matched-zstd-r3/output/riscv32-wch-elf/bin/objdump	9458d7a07c42c7970131595c984f7b3c587c0a1f1127fff345b435f0bd6cea8a	1852664	1955568	102904	LC_SYMTAB-strings	STRIP/DEBUG/SYMBOL-LAYOUT	L3-MAP-OBJDUMP	L3-STAT-OBJDUMP-FUNC,L3-STAT-OBJDUMP-XW,L3-STAT-OBJDUMP-CUSTOM32,L3-STAT-OBJDUMP-PRIORITY	COMPLETE-TILING	L3-190-alias-intervals	pair_id=OD-ALIAS-WCH-MATCHED;file_id=OD-ALIAS-MATCHED;file_size=1970984;interval_sha256=28bf5cabf49181759631fd7a316aab0eeeb6eb2b9d789c24bfbb782342162ad7
L3-REG-OD-ALIAS-WCH-MATCHED-UPSTREAM-MATCHED-043	BINUTILS-OBJDUMP	UPSTREAM-MATCHED	tmp/phase3c-driver/upstream-matched-zstd-r3/output/riscv32-wch-elf/bin/objdump	9458d7a07c42c7970131595c984f7b3c587c0a1f1127fff345b435f0bd6cea8a	1955568	1970984	15416	LC_CODE_SIGNATURE-data	SIGNATURE/UUID/BUILD-METADATA	L3-MAP-OBJDUMP	L3-STAT-OBJDUMP-FUNC,L3-STAT-OBJDUMP-XW,L3-STAT-OBJDUMP-CUSTOM32,L3-STAT-OBJDUMP-PRIORITY	COMPLETE-TILING	L3-190-alias-intervals	pair_id=OD-ALIAS-WCH-MATCHED;file_id=OD-ALIAS-MATCHED;file_size=1970984;interval_sha256=65ae83f59362f4187b32c89899d67d64059116b7405db5daa3c7fbd97e2e2952
L3-REG-OD-ALIAS-WCH-P2-UPSTREAM-P2-000	BINUTILS-OBJDUMP	UPSTREAM-P2	tmp/phase2-evidence/literal-clean/quarantine-toolchain_15.2.0-run1/riscv-gnu-toolchain/output/riscv32-wch-elf/bin/objdump	74ccd23e5f9d64ce7132c37f9ebdd807cf8d7082463fd9da9e355d9c285afea0	0	32	32	mach_header_64	LINK-LAYOUT	L3-MAP-OBJDUMP	L3-STAT-OBJDUMP-FUNC,L3-STAT-OBJDUMP-XW,L3-STAT-OBJDUMP-CUSTOM32,L3-STAT-OBJDUMP-PRIORITY	COMPLETE-TILING	L3-190-alias-intervals	pair_id=OD-ALIAS-WCH-P2;file_id=OD-ALIAS-P2;file_size=1959240;interval_sha256=9244e1e363dd23fc8a4d22f3d657b033048b1b86c4645b9afa95fad8c269f225
L3-REG-OD-ALIAS-WCH-P2-UPSTREAM-P2-001	BINUTILS-OBJDUMP	UPSTREAM-P2	tmp/phase2-evidence/literal-clean/quarantine-toolchain_15.2.0-run1/riscv-gnu-toolchain/output/riscv32-wch-elf/bin/objdump	74ccd23e5f9d64ce7132c37f9ebdd807cf8d7082463fd9da9e355d9c285afea0	32	104	72	load-command[0]:0x19	LINK-LAYOUT	L3-MAP-OBJDUMP	L3-STAT-OBJDUMP-FUNC,L3-STAT-OBJDUMP-XW,L3-STAT-OBJDUMP-CUSTOM32,L3-STAT-OBJDUMP-PRIORITY	COMPLETE-TILING	L3-190-alias-intervals	pair_id=OD-ALIAS-WCH-P2;file_id=OD-ALIAS-P2;file_size=1959240;interval_sha256=38432a8fbcbe1ae9fdf9263fe1e4e948de98131833cc5e5333f375dcf5f6333f
L3-REG-OD-ALIAS-WCH-P2-UPSTREAM-P2-002	BINUTILS-OBJDUMP	UPSTREAM-P2	tmp/phase2-evidence/literal-clean/quarantine-toolchain_15.2.0-run1/riscv-gnu-toolchain/output/riscv32-wch-elf/bin/objdump	74ccd23e5f9d64ce7132c37f9ebdd807cf8d7082463fd9da9e355d9c285afea0	104	656	552	load-command[1]:0x19	LINK-LAYOUT	L3-MAP-OBJDUMP	L3-STAT-OBJDUMP-FUNC,L3-STAT-OBJDUMP-XW,L3-STAT-OBJDUMP-CUSTOM32,L3-STAT-OBJDUMP-PRIORITY	COMPLETE-TILING	L3-190-alias-intervals	pair_id=OD-ALIAS-WCH-P2;file_id=OD-ALIAS-P2;file_size=1959240;interval_sha256=d93e434de4861c15beefd2b7ed0c7a7d5d5863d7ea5edfca47fe818646ff65d6
L3-REG-OD-ALIAS-WCH-P2-UPSTREAM-P2-003	BINUTILS-OBJDUMP	UPSTREAM-P2	tmp/phase2-evidence/literal-clean/quarantine-toolchain_15.2.0-run1/riscv-gnu-toolchain/output/riscv32-wch-elf/bin/objdump	74ccd23e5f9d64ce7132c37f9ebdd807cf8d7082463fd9da9e355d9c285afea0	656	888	232	load-command[2]:0x19	LINK-LAYOUT	L3-MAP-OBJDUMP	L3-STAT-OBJDUMP-FUNC,L3-STAT-OBJDUMP-XW,L3-STAT-OBJDUMP-CUSTOM32,L3-STAT-OBJDUMP-PRIORITY	COMPLETE-TILING	L3-190-alias-intervals	pair_id=OD-ALIAS-WCH-P2;file_id=OD-ALIAS-P2;file_size=1959240;interval_sha256=2f6615f208aadd35c221ac0ca3b46265cae5cd3bd9efdf0c5302907d3b3c977f
L3-REG-OD-ALIAS-WCH-P2-UPSTREAM-P2-004	BINUTILS-OBJDUMP	UPSTREAM-P2	tmp/phase2-evidence/literal-clean/quarantine-toolchain_15.2.0-run1/riscv-gnu-toolchain/output/riscv32-wch-elf/bin/objdump	74ccd23e5f9d64ce7132c37f9ebdd807cf8d7082463fd9da9e355d9c285afea0	888	1360	472	load-command[3]:0x19	LINK-LAYOUT	L3-MAP-OBJDUMP	L3-STAT-OBJDUMP-FUNC,L3-STAT-OBJDUMP-XW,L3-STAT-OBJDUMP-CUSTOM32,L3-STAT-OBJDUMP-PRIORITY	COMPLETE-TILING	L3-190-alias-intervals	pair_id=OD-ALIAS-WCH-P2;file_id=OD-ALIAS-P2;file_size=1959240;interval_sha256=3c9cc9536341a0eb3a037f1a4c55de1df48b33a580cdf8a48cab8e70a456e124
L3-REG-OD-ALIAS-WCH-P2-UPSTREAM-P2-005	BINUTILS-OBJDUMP	UPSTREAM-P2	tmp/phase2-evidence/literal-clean/quarantine-toolchain_15.2.0-run1/riscv-gnu-toolchain/output/riscv32-wch-elf/bin/objdump	74ccd23e5f9d64ce7132c37f9ebdd807cf8d7082463fd9da9e355d9c285afea0	1360	1432	72	load-command[4]:0x19	LINK-LAYOUT	L3-MAP-OBJDUMP	L3-STAT-OBJDUMP-FUNC,L3-STAT-OBJDUMP-XW,L3-STAT-OBJDUMP-CUSTOM32,L3-STAT-OBJDUMP-PRIORITY	COMPLETE-TILING	L3-190-alias-intervals	pair_id=OD-ALIAS-WCH-P2;file_id=OD-ALIAS-P2;file_size=1959240;interval_sha256=226dc0c3eb72cefe22af56712e817359db8f80346885d2283d18a422c75a5fb6
L3-REG-OD-ALIAS-WCH-P2-UPSTREAM-P2-006	BINUTILS-OBJDUMP	UPSTREAM-P2	tmp/phase2-evidence/literal-clean/quarantine-toolchain_15.2.0-run1/riscv-gnu-toolchain/output/riscv32-wch-elf/bin/objdump	74ccd23e5f9d64ce7132c37f9ebdd807cf8d7082463fd9da9e355d9c285afea0	1432	1448	16	load-command[5]:0x80000034	LINK-LAYOUT	L3-MAP-OBJDUMP	L3-STAT-OBJDUMP-FUNC,L3-STAT-OBJDUMP-XW,L3-STAT-OBJDUMP-CUSTOM32,L3-STAT-OBJDUMP-PRIORITY	COMPLETE-TILING	L3-190-alias-intervals	pair_id=OD-ALIAS-WCH-P2;file_id=OD-ALIAS-P2;file_size=1959240;interval_sha256=5506d3151a4d34bc76722caf268f8574192c2def3ca4db936d5a8d002a692b5b
L3-REG-OD-ALIAS-WCH-P2-UPSTREAM-P2-007	BINUTILS-OBJDUMP	UPSTREAM-P2	tmp/phase2-evidence/literal-clean/quarantine-toolchain_15.2.0-run1/riscv-gnu-toolchain/output/riscv32-wch-elf/bin/objdump	74ccd23e5f9d64ce7132c37f9ebdd807cf8d7082463fd9da9e355d9c285afea0	1448	1464	16	load-command[6]:0x80000033	LINK-LAYOUT	L3-MAP-OBJDUMP	L3-STAT-OBJDUMP-FUNC,L3-STAT-OBJDUMP-XW,L3-STAT-OBJDUMP-CUSTOM32,L3-STAT-OBJDUMP-PRIORITY	COMPLETE-TILING	L3-190-alias-intervals	pair_id=OD-ALIAS-WCH-P2;file_id=OD-ALIAS-P2;file_size=1959240;interval_sha256=fd434e2a2c9f7c13ee71070011761d31532ffa413206b48968d059b13afcbcc1
L3-REG-OD-ALIAS-WCH-P2-UPSTREAM-P2-008	BINUTILS-OBJDUMP	UPSTREAM-P2	tmp/phase2-evidence/literal-clean/quarantine-toolchain_15.2.0-run1/riscv-gnu-toolchain/output/riscv32-wch-elf/bin/objdump	74ccd23e5f9d64ce7132c37f9ebdd807cf8d7082463fd9da9e355d9c285afea0	1464	1488	24	load-command[7]:0x2	LINK-LAYOUT	L3-MAP-OBJDUMP	L3-STAT-OBJDUMP-FUNC,L3-STAT-OBJDUMP-XW,L3-STAT-OBJDUMP-CUSTOM32,L3-STAT-OBJDUMP-PRIORITY	COMPLETE-TILING	L3-190-alias-intervals	pair_id=OD-ALIAS-WCH-P2;file_id=OD-ALIAS-P2;file_size=1959240;interval_sha256=ee175a80038e802d4a91599fac18610149860593889d3220b9eeb7671a6af81d
L3-REG-OD-ALIAS-WCH-P2-UPSTREAM-P2-009	BINUTILS-OBJDUMP	UPSTREAM-P2	tmp/phase2-evidence/literal-clean/quarantine-toolchain_15.2.0-run1/riscv-gnu-toolchain/output/riscv32-wch-elf/bin/objdump	74ccd23e5f9d64ce7132c37f9ebdd807cf8d7082463fd9da9e355d9c285afea0	1488	1568	80	load-command[8]:0xb	LINK-LAYOUT	L3-MAP-OBJDUMP	L3-STAT-OBJDUMP-FUNC,L3-STAT-OBJDUMP-XW,L3-STAT-OBJDUMP-CUSTOM32,L3-STAT-OBJDUMP-PRIORITY	COMPLETE-TILING	L3-190-alias-intervals	pair_id=OD-ALIAS-WCH-P2;file_id=OD-ALIAS-P2;file_size=1959240;interval_sha256=1d5d5401826177e18d56a96afaefec083baf2da20219304e985a04e0b01df94d
L3-REG-OD-ALIAS-WCH-P2-UPSTREAM-P2-010	BINUTILS-OBJDUMP	UPSTREAM-P2	tmp/phase2-evidence/literal-clean/quarantine-toolchain_15.2.0-run1/riscv-gnu-toolchain/output/riscv32-wch-elf/bin/objdump	74ccd23e5f9d64ce7132c37f9ebdd807cf8d7082463fd9da9e355d9c285afea0	1568	1600	32	load-command[9]:0xe	LINK-LAYOUT	L3-MAP-OBJDUMP	L3-STAT-OBJDUMP-FUNC,L3-STAT-OBJDUMP-XW,L3-STAT-OBJDUMP-CUSTOM32,L3-STAT-OBJDUMP-PRIORITY	COMPLETE-TILING	L3-190-alias-intervals	pair_id=OD-ALIAS-WCH-P2;file_id=OD-ALIAS-P2;file_size=1959240;interval_sha256=44316cf4f366f41aa06996613c44af75e34479362928faf61a168c2a203b5999
L3-REG-OD-ALIAS-WCH-P2-UPSTREAM-P2-011	BINUTILS-OBJDUMP	UPSTREAM-P2	tmp/phase2-evidence/literal-clean/quarantine-toolchain_15.2.0-run1/riscv-gnu-toolchain/output/riscv32-wch-elf/bin/objdump	74ccd23e5f9d64ce7132c37f9ebdd807cf8d7082463fd9da9e355d9c285afea0	1600	1624	24	load-command[10]:0x1b	SIGNATURE/UUID/BUILD-METADATA	L3-MAP-OBJDUMP	L3-STAT-OBJDUMP-FUNC,L3-STAT-OBJDUMP-XW,L3-STAT-OBJDUMP-CUSTOM32,L3-STAT-OBJDUMP-PRIORITY	COMPLETE-TILING	L3-190-alias-intervals	pair_id=OD-ALIAS-WCH-P2;file_id=OD-ALIAS-P2;file_size=1959240;interval_sha256=2c93832417d8cb25b26f2e6659d7aa280de869a5bb89ae7e8a2662308f929620
L3-REG-OD-ALIAS-WCH-P2-UPSTREAM-P2-012	BINUTILS-OBJDUMP	UPSTREAM-P2	tmp/phase2-evidence/literal-clean/quarantine-toolchain_15.2.0-run1/riscv-gnu-toolchain/output/riscv32-wch-elf/bin/objdump	74ccd23e5f9d64ce7132c37f9ebdd807cf8d7082463fd9da9e355d9c285afea0	1624	1656	32	load-command[11]:0x32	SIGNATURE/UUID/BUILD-METADATA	L3-MAP-OBJDUMP	L3-STAT-OBJDUMP-FUNC,L3-STAT-OBJDUMP-XW,L3-STAT-OBJDUMP-CUSTOM32,L3-STAT-OBJDUMP-PRIORITY	COMPLETE-TILING	L3-190-alias-intervals	pair_id=OD-ALIAS-WCH-P2;file_id=OD-ALIAS-P2;file_size=1959240;interval_sha256=06be0acc3151d0cb3a5720312a0ae05bf2376d394c98194de6f77801b59ab2e0
L3-REG-OD-ALIAS-WCH-P2-UPSTREAM-P2-013	BINUTILS-OBJDUMP	UPSTREAM-P2	tmp/phase2-evidence/literal-clean/quarantine-toolchain_15.2.0-run1/riscv-gnu-toolchain/output/riscv32-wch-elf/bin/objdump	74ccd23e5f9d64ce7132c37f9ebdd807cf8d7082463fd9da9e355d9c285afea0	1656	1672	16	load-command[12]:0x2a	SIGNATURE/UUID/BUILD-METADATA	L3-MAP-OBJDUMP	L3-STAT-OBJDUMP-FUNC,L3-STAT-OBJDUMP-XW,L3-STAT-OBJDUMP-CUSTOM32,L3-STAT-OBJDUMP-PRIORITY	COMPLETE-TILING	L3-190-alias-intervals	pair_id=OD-ALIAS-WCH-P2;file_id=OD-ALIAS-P2;file_size=1959240;interval_sha256=01a60f1db7db041298aa3e269ff5ebea951aa6977963e4ab563905da906d2b82
L3-REG-OD-ALIAS-WCH-P2-UPSTREAM-P2-014	BINUTILS-OBJDUMP	UPSTREAM-P2	tmp/phase2-evidence/literal-clean/quarantine-toolchain_15.2.0-run1/riscv-gnu-toolchain/output/riscv32-wch-elf/bin/objdump	74ccd23e5f9d64ce7132c37f9ebdd807cf8d7082463fd9da9e355d9c285afea0	1672	1696	24	load-command[13]:0x80000028	LINK-LAYOUT	L3-MAP-OBJDUMP	L3-STAT-OBJDUMP-FUNC,L3-STAT-OBJDUMP-XW,L3-STAT-OBJDUMP-CUSTOM32,L3-STAT-OBJDUMP-PRIORITY	COMPLETE-TILING	L3-190-alias-intervals	pair_id=OD-ALIAS-WCH-P2;file_id=OD-ALIAS-P2;file_size=1959240;interval_sha256=c6511cf58263464f22ac46f1b9f5389980debaa6b8edc691cfa5b77215aebcd0
L3-REG-OD-ALIAS-WCH-P2-UPSTREAM-P2-015	BINUTILS-OBJDUMP	UPSTREAM-P2	tmp/phase2-evidence/literal-clean/quarantine-toolchain_15.2.0-run1/riscv-gnu-toolchain/output/riscv32-wch-elf/bin/objdump	74ccd23e5f9d64ce7132c37f9ebdd807cf8d7082463fd9da9e355d9c285afea0	1696	1752	56	load-command[14]:0xc	LINK-LAYOUT	L3-MAP-OBJDUMP	L3-STAT-OBJDUMP-FUNC,L3-STAT-OBJDUMP-XW,L3-STAT-OBJDUMP-CUSTOM32,L3-STAT-OBJDUMP-PRIORITY	COMPLETE-TILING	L3-190-alias-intervals	pair_id=OD-ALIAS-WCH-P2;file_id=OD-ALIAS-P2;file_size=1959240;interval_sha256=ffa45af4ce6b7780727be9b2f2f9ca0b35932363e311b247d840ef9da1bdc1f5
L3-REG-OD-ALIAS-WCH-P2-UPSTREAM-P2-016	BINUTILS-OBJDUMP	UPSTREAM-P2	tmp/phase2-evidence/literal-clean/quarantine-toolchain_15.2.0-run1/riscv-gnu-toolchain/output/riscv32-wch-elf/bin/objdump	74ccd23e5f9d64ce7132c37f9ebdd807cf8d7082463fd9da9e355d9c285afea0	1752	1800	48	load-command[15]:0xc	LINK-LAYOUT	L3-MAP-OBJDUMP	L3-STAT-OBJDUMP-FUNC,L3-STAT-OBJDUMP-XW,L3-STAT-OBJDUMP-CUSTOM32,L3-STAT-OBJDUMP-PRIORITY	COMPLETE-TILING	L3-190-alias-intervals	pair_id=OD-ALIAS-WCH-P2;file_id=OD-ALIAS-P2;file_size=1959240;interval_sha256=70ad563e95ac2bc9fefdc6ffaf87d87d18272d013bc98f6d4fc78e85e28a9111
L3-REG-OD-ALIAS-WCH-P2-UPSTREAM-P2-017	BINUTILS-OBJDUMP	UPSTREAM-P2	tmp/phase2-evidence/literal-clean/quarantine-toolchain_15.2.0-run1/riscv-gnu-toolchain/output/riscv32-wch-elf/bin/objdump	74ccd23e5f9d64ce7132c37f9ebdd807cf8d7082463fd9da9e355d9c285afea0	1800	1816	16	load-command[16]:0x26	LINK-LAYOUT	L3-MAP-OBJDUMP	L3-STAT-OBJDUMP-FUNC,L3-STAT-OBJDUMP-XW,L3-STAT-OBJDUMP-CUSTOM32,L3-STAT-OBJDUMP-PRIORITY	COMPLETE-TILING	L3-190-alias-intervals	pair_id=OD-ALIAS-WCH-P2;file_id=OD-ALIAS-P2;file_size=1959240;interval_sha256=bea58e2e537a4b338ed9775fe989c1be3845c3c53e03ee678c178cd60543ff8e
L3-REG-OD-ALIAS-WCH-P2-UPSTREAM-P2-018	BINUTILS-OBJDUMP	UPSTREAM-P2	tmp/phase2-evidence/literal-clean/quarantine-toolchain_15.2.0-run1/riscv-gnu-toolchain/output/riscv32-wch-elf/bin/objdump	74ccd23e5f9d64ce7132c37f9ebdd807cf8d7082463fd9da9e355d9c285afea0	1816	1832	16	load-command[17]:0x29	LINK-LAYOUT	L3-MAP-OBJDUMP	L3-STAT-OBJDUMP-FUNC,L3-STAT-OBJDUMP-XW,L3-STAT-OBJDUMP-CUSTOM32,L3-STAT-OBJDUMP-PRIORITY	COMPLETE-TILING	L3-190-alias-intervals	pair_id=OD-ALIAS-WCH-P2;file_id=OD-ALIAS-P2;file_size=1959240;interval_sha256=22ed472e840e11b4e41bacb94dd6f026ea0107c6c061f12721b86fb621e34b30
L3-REG-OD-ALIAS-WCH-P2-UPSTREAM-P2-019	BINUTILS-OBJDUMP	UPSTREAM-P2	tmp/phase2-evidence/literal-clean/quarantine-toolchain_15.2.0-run1/riscv-gnu-toolchain/output/riscv32-wch-elf/bin/objdump	74ccd23e5f9d64ce7132c37f9ebdd807cf8d7082463fd9da9e355d9c285afea0	1832	1848	16	load-command[18]:0x1d	SIGNATURE/UUID/BUILD-METADATA	L3-MAP-OBJDUMP	L3-STAT-OBJDUMP-FUNC,L3-STAT-OBJDUMP-XW,L3-STAT-OBJDUMP-CUSTOM32,L3-STAT-OBJDUMP-PRIORITY	COMPLETE-TILING	L3-190-alias-intervals	pair_id=OD-ALIAS-WCH-P2;file_id=OD-ALIAS-P2;file_size=1959240;interval_sha256=87907229eb41e0c3403aebd5591422b2ff9ebdb7b6bddb223460dcd85fa160e4
L3-REG-OD-ALIAS-WCH-P2-UPSTREAM-P2-020	BINUTILS-OBJDUMP	UPSTREAM-P2	tmp/phase2-evidence/literal-clean/quarantine-toolchain_15.2.0-run1/riscv-gnu-toolchain/output/riscv32-wch-elf/bin/objdump	74ccd23e5f9d64ce7132c37f9ebdd807cf8d7082463fd9da9e355d9c285afea0	1848	1888	40	segment:__TEXT	PADDING/ALIGNMENT	L3-MAP-OBJDUMP	L3-STAT-OBJDUMP-FUNC,L3-STAT-OBJDUMP-XW,L3-STAT-OBJDUMP-CUSTOM32,L3-STAT-OBJDUMP-PRIORITY	COMPLETE-TILING	L3-190-alias-intervals	pair_id=OD-ALIAS-WCH-P2;file_id=OD-ALIAS-P2;file_size=1959240;interval_sha256=2c34ce1df23b838c5abf2a7f6437cca3d3067ed509ff25f11df6b11b582b51eb
L3-REG-OD-ALIAS-WCH-P2-UPSTREAM-P2-021	BINUTILS-OBJDUMP	UPSTREAM-P2	tmp/phase2-evidence/literal-clean/quarantine-toolchain_15.2.0-run1/riscv-gnu-toolchain/output/riscv32-wch-elf/bin/objdump	74ccd23e5f9d64ce7132c37f9ebdd807cf8d7082463fd9da9e355d9c285afea0	1888	1029852	1027964	section:__TEXT,__text	FUNCTIONAL-CODE	L3-MAP-OBJDUMP	L3-STAT-OBJDUMP-FUNC,L3-STAT-OBJDUMP-XW,L3-STAT-OBJDUMP-CUSTOM32,L3-STAT-OBJDUMP-PRIORITY	COMPLETE-TILING	L3-190-alias-intervals	pair_id=OD-ALIAS-WCH-P2;file_id=OD-ALIAS-P2;file_size=1959240;interval_sha256=858e769c92c2c6e307258228ac8592378a4fcec8eb5884a72474a5f0e0df950f
L3-REG-OD-ALIAS-WCH-P2-UPSTREAM-P2-022	BINUTILS-OBJDUMP	UPSTREAM-P2	tmp/phase2-evidence/literal-clean/quarantine-toolchain_15.2.0-run1/riscv-gnu-toolchain/output/riscv32-wch-elf/bin/objdump	74ccd23e5f9d64ce7132c37f9ebdd807cf8d7082463fd9da9e355d9c285afea0	1029852	1031352	1500	section:__TEXT,__stubs	PACKAGING/DEPENDENCY	L3-MAP-OBJDUMP	L3-STAT-OBJDUMP-FUNC,L3-STAT-OBJDUMP-XW,L3-STAT-OBJDUMP-CUSTOM32,L3-STAT-OBJDUMP-PRIORITY	COMPLETE-TILING	L3-190-alias-intervals	pair_id=OD-ALIAS-WCH-P2;file_id=OD-ALIAS-P2;file_size=1959240;interval_sha256=7d5c90b2bc68363ebcfad0c64162a4fa457ae0687fc885356a2664ad0c1462d9
L3-REG-OD-ALIAS-WCH-P2-UPSTREAM-P2-023	BINUTILS-OBJDUMP	UPSTREAM-P2	tmp/phase2-evidence/literal-clean/quarantine-toolchain_15.2.0-run1/riscv-gnu-toolchain/output/riscv32-wch-elf/bin/objdump	74ccd23e5f9d64ce7132c37f9ebdd807cf8d7082463fd9da9e355d9c285afea0	1031352	1031360	8	segment:__TEXT	PADDING/ALIGNMENT	L3-MAP-OBJDUMP	L3-STAT-OBJDUMP-FUNC,L3-STAT-OBJDUMP-XW,L3-STAT-OBJDUMP-CUSTOM32,L3-STAT-OBJDUMP-PRIORITY	COMPLETE-TILING	L3-190-alias-intervals	pair_id=OD-ALIAS-WCH-P2;file_id=OD-ALIAS-P2;file_size=1959240;interval_sha256=af5570f5a1810b7af78caf4bc70a660f0df51e42baf91d4de5b2328de0e83dfc
L3-REG-OD-ALIAS-WCH-P2-UPSTREAM-P2-024	BINUTILS-OBJDUMP	UPSTREAM-P2	tmp/phase2-evidence/literal-clean/quarantine-toolchain_15.2.0-run1/riscv-gnu-toolchain/output/riscv32-wch-elf/bin/objdump	74ccd23e5f9d64ce7132c37f9ebdd807cf8d7082463fd9da9e355d9c285afea0	1031360	1061784	30424	section:__TEXT,__const	FUNCTIONAL-DATA-TABLE	L3-MAP-OBJDUMP	L3-STAT-OBJDUMP-FUNC,L3-STAT-OBJDUMP-XW,L3-STAT-OBJDUMP-CUSTOM32,L3-STAT-OBJDUMP-PRIORITY	COMPLETE-TILING	L3-190-alias-intervals	pair_id=OD-ALIAS-WCH-P2;file_id=OD-ALIAS-P2;file_size=1959240;interval_sha256=954f52d0bc7758e198841d041f905250ea4ba65593f695c9748f825fe7a71e3e
L3-REG-OD-ALIAS-WCH-P2-UPSTREAM-P2-025	BINUTILS-OBJDUMP	UPSTREAM-P2	tmp/phase2-evidence/literal-clean/quarantine-toolchain_15.2.0-run1/riscv-gnu-toolchain/output/riscv32-wch-elf/bin/objdump	74ccd23e5f9d64ce7132c37f9ebdd807cf8d7082463fd9da9e355d9c285afea0	1061784	1291500	229716	section:__TEXT,__cstring	FUNCTIONAL-DATA-TABLE	L3-MAP-OBJDUMP	L3-STAT-OBJDUMP-FUNC,L3-STAT-OBJDUMP-XW,L3-STAT-OBJDUMP-CUSTOM32,L3-STAT-OBJDUMP-PRIORITY	COMPLETE-TILING	L3-190-alias-intervals	pair_id=OD-ALIAS-WCH-P2;file_id=OD-ALIAS-P2;file_size=1959240;interval_sha256=6ae40ac342c70c541dafe566da4604b1d90b10e43c63057a054a350b88be64a0
L3-REG-OD-ALIAS-WCH-P2-UPSTREAM-P2-026	BINUTILS-OBJDUMP	UPSTREAM-P2	tmp/phase2-evidence/literal-clean/quarantine-toolchain_15.2.0-run1/riscv-gnu-toolchain/output/riscv32-wch-elf/bin/objdump	74ccd23e5f9d64ce7132c37f9ebdd807cf8d7082463fd9da9e355d9c285afea0	1291500	1298188	6688	section:__TEXT,__unwind_info	FUNCTIONAL-DATA-TABLE	L3-MAP-OBJDUMP	L3-STAT-OBJDUMP-FUNC,L3-STAT-OBJDUMP-XW,L3-STAT-OBJDUMP-CUSTOM32,L3-STAT-OBJDUMP-PRIORITY	COMPLETE-TILING	L3-190-alias-intervals	pair_id=OD-ALIAS-WCH-P2;file_id=OD-ALIAS-P2;file_size=1959240;interval_sha256=52d8cf236a9e6bd77cd50ad0199ecaad16ad20667112eb5e41a2626dafb7fc85
L3-REG-OD-ALIAS-WCH-P2-UPSTREAM-P2-027	BINUTILS-OBJDUMP	UPSTREAM-P2	tmp/phase2-evidence/literal-clean/quarantine-toolchain_15.2.0-run1/riscv-gnu-toolchain/output/riscv32-wch-elf/bin/objdump	74ccd23e5f9d64ce7132c37f9ebdd807cf8d7082463fd9da9e355d9c285afea0	1298188	1298192	4	segment:__TEXT	PADDING/ALIGNMENT	L3-MAP-OBJDUMP	L3-STAT-OBJDUMP-FUNC,L3-STAT-OBJDUMP-XW,L3-STAT-OBJDUMP-CUSTOM32,L3-STAT-OBJDUMP-PRIORITY	COMPLETE-TILING	L3-190-alias-intervals	pair_id=OD-ALIAS-WCH-P2;file_id=OD-ALIAS-P2;file_size=1959240;interval_sha256=df3f619804a92fdb4057192dc43dd748ea778adc52bc498ce80524c014b81119
L3-REG-OD-ALIAS-WCH-P2-UPSTREAM-P2-028	BINUTILS-OBJDUMP	UPSTREAM-P2	tmp/phase2-evidence/literal-clean/quarantine-toolchain_15.2.0-run1/riscv-gnu-toolchain/output/riscv32-wch-elf/bin/objdump	74ccd23e5f9d64ce7132c37f9ebdd807cf8d7082463fd9da9e355d9c285afea0	1298192	1298272	80	section:__TEXT,__eh_frame	FUNCTIONAL-DATA-TABLE	L3-MAP-OBJDUMP	L3-STAT-OBJDUMP-FUNC,L3-STAT-OBJDUMP-XW,L3-STAT-OBJDUMP-CUSTOM32,L3-STAT-OBJDUMP-PRIORITY	COMPLETE-TILING	L3-190-alias-intervals	pair_id=OD-ALIAS-WCH-P2;file_id=OD-ALIAS-P2;file_size=1959240;interval_sha256=b34f0e84132776c8139b24711118385788910982531bd393ccc9e2eff3fc1f90
L3-REG-OD-ALIAS-WCH-P2-UPSTREAM-P2-029	BINUTILS-OBJDUMP	UPSTREAM-P2	tmp/phase2-evidence/literal-clean/quarantine-toolchain_15.2.0-run1/riscv-gnu-toolchain/output/riscv32-wch-elf/bin/objdump	74ccd23e5f9d64ce7132c37f9ebdd807cf8d7082463fd9da9e355d9c285afea0	1298272	1310720	12448	segment:__TEXT	PADDING/ALIGNMENT	L3-MAP-OBJDUMP	L3-STAT-OBJDUMP-FUNC,L3-STAT-OBJDUMP-XW,L3-STAT-OBJDUMP-CUSTOM32,L3-STAT-OBJDUMP-PRIORITY	COMPLETE-TILING	L3-190-alias-intervals	pair_id=OD-ALIAS-WCH-P2;file_id=OD-ALIAS-P2;file_size=1959240;interval_sha256=ddb5b9d16704eff0520abd7d1b5e3253814cfd74c26d8a4e68ebcc5cd258098b
L3-REG-OD-ALIAS-WCH-P2-UPSTREAM-P2-030	BINUTILS-OBJDUMP	UPSTREAM-P2	tmp/phase2-evidence/literal-clean/quarantine-toolchain_15.2.0-run1/riscv-gnu-toolchain/output/riscv32-wch-elf/bin/objdump	74ccd23e5f9d64ce7132c37f9ebdd807cf8d7082463fd9da9e355d9c285afea0	1310720	1311760	1040	section:__DATA_CONST,__got	PACKAGING/DEPENDENCY	L3-MAP-OBJDUMP	L3-STAT-OBJDUMP-FUNC,L3-STAT-OBJDUMP-XW,L3-STAT-OBJDUMP-CUSTOM32,L3-STAT-OBJDUMP-PRIORITY	COMPLETE-TILING	L3-190-alias-intervals	pair_id=OD-ALIAS-WCH-P2;file_id=OD-ALIAS-P2;file_size=1959240;interval_sha256=cab4c94b5083714d476f9addcb5ae438ca5072271b5a87401e68690ae00f0cf2
L3-REG-OD-ALIAS-WCH-P2-UPSTREAM-P2-031	BINUTILS-OBJDUMP	UPSTREAM-P2	tmp/phase2-evidence/literal-clean/quarantine-toolchain_15.2.0-run1/riscv-gnu-toolchain/output/riscv32-wch-elf/bin/objdump	74ccd23e5f9d64ce7132c37f9ebdd807cf8d7082463fd9da9e355d9c285afea0	1311760	1546064	234304	section:__DATA_CONST,__const	FUNCTIONAL-DATA-TABLE	L3-MAP-OBJDUMP	L3-STAT-OBJDUMP-FUNC,L3-STAT-OBJDUMP-XW,L3-STAT-OBJDUMP-CUSTOM32,L3-STAT-OBJDUMP-PRIORITY	COMPLETE-TILING	L3-190-alias-intervals	pair_id=OD-ALIAS-WCH-P2;file_id=OD-ALIAS-P2;file_size=1959240;interval_sha256=106950063dddcf429d5a815acdfabd2bb80297fb008b48465177174ef66eb245
L3-REG-OD-ALIAS-WCH-P2-UPSTREAM-P2-032	BINUTILS-OBJDUMP	UPSTREAM-P2	tmp/phase2-evidence/literal-clean/quarantine-toolchain_15.2.0-run1/riscv-gnu-toolchain/output/riscv32-wch-elf/bin/objdump	74ccd23e5f9d64ce7132c37f9ebdd807cf8d7082463fd9da9e355d9c285afea0	1546064	1556480	10416	segment:__DATA_CONST	PADDING/ALIGNMENT	L3-MAP-OBJDUMP	L3-STAT-OBJDUMP-FUNC,L3-STAT-OBJDUMP-XW,L3-STAT-OBJDUMP-CUSTOM32,L3-STAT-OBJDUMP-PRIORITY	COMPLETE-TILING	L3-190-alias-intervals	pair_id=OD-ALIAS-WCH-P2;file_id=OD-ALIAS-P2;file_size=1959240;interval_sha256=da72947c2ee39d9c7940e80d4f63544ea1354f9cbaf2f298825178818adb8591
L3-REG-OD-ALIAS-WCH-P2-UPSTREAM-P2-033	BINUTILS-OBJDUMP	UPSTREAM-P2	tmp/phase2-evidence/literal-clean/quarantine-toolchain_15.2.0-run1/riscv-gnu-toolchain/output/riscv32-wch-elf/bin/objdump	74ccd23e5f9d64ce7132c37f9ebdd807cf8d7082463fd9da9e355d9c285afea0	1556480	1573384	16904	section:__DATA,__data	FUNCTIONAL-DATA-TABLE	L3-MAP-OBJDUMP	L3-STAT-OBJDUMP-FUNC,L3-STAT-OBJDUMP-XW,L3-STAT-OBJDUMP-CUSTOM32,L3-STAT-OBJDUMP-PRIORITY	COMPLETE-TILING	L3-190-alias-intervals	pair_id=OD-ALIAS-WCH-P2;file_id=OD-ALIAS-P2;file_size=1959240;interval_sha256=1e95bf4e3e297d2ca849e9e1cb2f4db08fea0940feb202dd5002f0b1754b424d
L3-REG-OD-ALIAS-WCH-P2-UPSTREAM-P2-034	BINUTILS-OBJDUMP	UPSTREAM-P2	tmp/phase2-evidence/literal-clean/quarantine-toolchain_15.2.0-run1/riscv-gnu-toolchain/output/riscv32-wch-elf/bin/objdump	74ccd23e5f9d64ce7132c37f9ebdd807cf8d7082463fd9da9e355d9c285afea0	1573384	1573456	72	section:__DATA,__thread_vars	PACKAGING/DEPENDENCY	L3-MAP-OBJDUMP	L3-STAT-OBJDUMP-FUNC,L3-STAT-OBJDUMP-XW,L3-STAT-OBJDUMP-CUSTOM32,L3-STAT-OBJDUMP-PRIORITY	COMPLETE-TILING	L3-190-alias-intervals	pair_id=OD-ALIAS-WCH-P2;file_id=OD-ALIAS-P2;file_size=1959240;interval_sha256=8e04a5ce007105c6d75917e084092eb9ead1413b51183136e6b207e19a2ecb55
L3-REG-OD-ALIAS-WCH-P2-UPSTREAM-P2-035	BINUTILS-OBJDUMP	UPSTREAM-P2	tmp/phase2-evidence/literal-clean/quarantine-toolchain_15.2.0-run1/riscv-gnu-toolchain/output/riscv32-wch-elf/bin/objdump	74ccd23e5f9d64ce7132c37f9ebdd807cf8d7082463fd9da9e355d9c285afea0	1573456	1589248	15792	segment:__DATA	PADDING/ALIGNMENT	L3-MAP-OBJDUMP	L3-STAT-OBJDUMP-FUNC,L3-STAT-OBJDUMP-XW,L3-STAT-OBJDUMP-CUSTOM32,L3-STAT-OBJDUMP-PRIORITY	COMPLETE-TILING	L3-190-alias-intervals	pair_id=OD-ALIAS-WCH-P2;file_id=OD-ALIAS-P2;file_size=1959240;interval_sha256=8d81657a80d43227cf12c2520a9c58f2160bbb6c9b983a3cf26f99a4fc498a34
L3-REG-OD-ALIAS-WCH-P2-UPSTREAM-P2-036	BINUTILS-OBJDUMP	UPSTREAM-P2	tmp/phase2-evidence/literal-clean/quarantine-toolchain_15.2.0-run1/riscv-gnu-toolchain/output/riscv32-wch-elf/bin/objdump	74ccd23e5f9d64ce7132c37f9ebdd807cf8d7082463fd9da9e355d9c285afea0	1589248	1591128	1880	LC_DYLD_CHAINED_FIXUPS-data	PACKAGING/DEPENDENCY	L3-MAP-OBJDUMP	L3-STAT-OBJDUMP-FUNC,L3-STAT-OBJDUMP-XW,L3-STAT-OBJDUMP-CUSTOM32,L3-STAT-OBJDUMP-PRIORITY	COMPLETE-TILING	L3-190-alias-intervals	pair_id=OD-ALIAS-WCH-P2;file_id=OD-ALIAS-P2;file_size=1959240;interval_sha256=2bda07e24a324828c9db4c917eae495036eea01b72ad003bf23e5b12174d17f0
L3-REG-OD-ALIAS-WCH-P2-UPSTREAM-P2-037	BINUTILS-OBJDUMP	UPSTREAM-P2	tmp/phase2-evidence/literal-clean/quarantine-toolchain_15.2.0-run1/riscv-gnu-toolchain/output/riscv32-wch-elf/bin/objdump	74ccd23e5f9d64ce7132c37f9ebdd807cf8d7082463fd9da9e355d9c285afea0	1591128	1620728	29600	LC_DYLD_EXPORTS_TRIE-data	PACKAGING/DEPENDENCY	L3-MAP-OBJDUMP	L3-STAT-OBJDUMP-FUNC,L3-STAT-OBJDUMP-XW,L3-STAT-OBJDUMP-CUSTOM32,L3-STAT-OBJDUMP-PRIORITY	COMPLETE-TILING	L3-190-alias-intervals	pair_id=OD-ALIAS-WCH-P2;file_id=OD-ALIAS-P2;file_size=1959240;interval_sha256=6a34d79de819af45ecb7338479691d52968062cc2a732dedeb8e2f45f6923dc8
L3-REG-OD-ALIAS-WCH-P2-UPSTREAM-P2-038	BINUTILS-OBJDUMP	UPSTREAM-P2	tmp/phase2-evidence/literal-clean/quarantine-toolchain_15.2.0-run1/riscv-gnu-toolchain/output/riscv32-wch-elf/bin/objdump	74ccd23e5f9d64ce7132c37f9ebdd807cf8d7082463fd9da9e355d9c285afea0	1620728	1624552	3824	LC_FUNCTION_STARTS-data	LINK-LAYOUT	L3-MAP-OBJDUMP	L3-STAT-OBJDUMP-FUNC,L3-STAT-OBJDUMP-XW,L3-STAT-OBJDUMP-CUSTOM32,L3-STAT-OBJDUMP-PRIORITY	COMPLETE-TILING	L3-190-alias-intervals	pair_id=OD-ALIAS-WCH-P2;file_id=OD-ALIAS-P2;file_size=1959240;interval_sha256=fdd71c07cd0378d30fada1bbcbaefe49d689572b3b669b16f2f6d8f2ad32ae4b
L3-REG-OD-ALIAS-WCH-P2-UPSTREAM-P2-039	BINUTILS-OBJDUMP	UPSTREAM-P2	tmp/phase2-evidence/literal-clean/quarantine-toolchain_15.2.0-run1/riscv-gnu-toolchain/output/riscv32-wch-elf/bin/objdump	74ccd23e5f9d64ce7132c37f9ebdd807cf8d7082463fd9da9e355d9c285afea0	1624552	1851640	227088	LC_SYMTAB-symbols	STRIP/DEBUG/SYMBOL-LAYOUT	L3-MAP-OBJDUMP	L3-STAT-OBJDUMP-FUNC,L3-STAT-OBJDUMP-XW,L3-STAT-OBJDUMP-CUSTOM32,L3-STAT-OBJDUMP-PRIORITY	COMPLETE-TILING	L3-190-alias-intervals	pair_id=OD-ALIAS-WCH-P2;file_id=OD-ALIAS-P2;file_size=1959240;interval_sha256=c0956b952e296b6c9943019a66b8a1dfa7cf9b4c5ad63fadb8bba4f4afbd1e18
L3-REG-OD-ALIAS-WCH-P2-UPSTREAM-P2-040	BINUTILS-OBJDUMP	UPSTREAM-P2	tmp/phase2-evidence/literal-clean/quarantine-toolchain_15.2.0-run1/riscv-gnu-toolchain/output/riscv32-wch-elf/bin/objdump	74ccd23e5f9d64ce7132c37f9ebdd807cf8d7082463fd9da9e355d9c285afea0	1851640	1852660	1020	LC_DYSYMTAB-indirect-symbols	STRIP/DEBUG/SYMBOL-LAYOUT	L3-MAP-OBJDUMP	L3-STAT-OBJDUMP-FUNC,L3-STAT-OBJDUMP-XW,L3-STAT-OBJDUMP-CUSTOM32,L3-STAT-OBJDUMP-PRIORITY	COMPLETE-TILING	L3-190-alias-intervals	pair_id=OD-ALIAS-WCH-P2;file_id=OD-ALIAS-P2;file_size=1959240;interval_sha256=c60bd7c53d0c376db38ce32abe49a0da0a7c046db36c79df470832d8dce355c9
L3-REG-OD-ALIAS-WCH-P2-UPSTREAM-P2-041	BINUTILS-OBJDUMP	UPSTREAM-P2	tmp/phase2-evidence/literal-clean/quarantine-toolchain_15.2.0-run1/riscv-gnu-toolchain/output/riscv32-wch-elf/bin/objdump	74ccd23e5f9d64ce7132c37f9ebdd807cf8d7082463fd9da9e355d9c285afea0	1852660	1852664	4	segment:__LINKEDIT	LINK-LAYOUT	L3-MAP-OBJDUMP	L3-STAT-OBJDUMP-FUNC,L3-STAT-OBJDUMP-XW,L3-STAT-OBJDUMP-CUSTOM32,L3-STAT-OBJDUMP-PRIORITY	COMPLETE-TILING	L3-190-alias-intervals	pair_id=OD-ALIAS-WCH-P2;file_id=OD-ALIAS-P2;file_size=1959240;interval_sha256=df3f619804a92fdb4057192dc43dd748ea778adc52bc498ce80524c014b81119
L3-REG-OD-ALIAS-WCH-P2-UPSTREAM-P2-042	BINUTILS-OBJDUMP	UPSTREAM-P2	tmp/phase2-evidence/literal-clean/quarantine-toolchain_15.2.0-run1/riscv-gnu-toolchain/output/riscv32-wch-elf/bin/objdump	74ccd23e5f9d64ce7132c37f9ebdd807cf8d7082463fd9da9e355d9c285afea0	1852664	1943920	91256	LC_SYMTAB-strings	STRIP/DEBUG/SYMBOL-LAYOUT	L3-MAP-OBJDUMP	L3-STAT-OBJDUMP-FUNC,L3-STAT-OBJDUMP-XW,L3-STAT-OBJDUMP-CUSTOM32,L3-STAT-OBJDUMP-PRIORITY	COMPLETE-TILING	L3-190-alias-intervals	pair_id=OD-ALIAS-WCH-P2;file_id=OD-ALIAS-P2;file_size=1959240;interval_sha256=a01ccb0d74f2eaa7b21b4fff271f09f740f75210c4fdb6729b4f82c1b594890b
L3-REG-OD-ALIAS-WCH-P2-UPSTREAM-P2-043	BINUTILS-OBJDUMP	UPSTREAM-P2	tmp/phase2-evidence/literal-clean/quarantine-toolchain_15.2.0-run1/riscv-gnu-toolchain/output/riscv32-wch-elf/bin/objdump	74ccd23e5f9d64ce7132c37f9ebdd807cf8d7082463fd9da9e355d9c285afea0	1943920	1959240	15320	LC_CODE_SIGNATURE-data	SIGNATURE/UUID/BUILD-METADATA	L3-MAP-OBJDUMP	L3-STAT-OBJDUMP-FUNC,L3-STAT-OBJDUMP-XW,L3-STAT-OBJDUMP-CUSTOM32,L3-STAT-OBJDUMP-PRIORITY	COMPLETE-TILING	L3-190-alias-intervals	pair_id=OD-ALIAS-WCH-P2;file_id=OD-ALIAS-P2;file_size=1959240;interval_sha256=702b96ebc3c3ca95077344076fa8e1ff91554f5fdfca75d42dc1e2c95b355a33
L3-REG-OD-ALIAS-WCH-P2-WCH-000	BINUTILS-OBJDUMP	WCH	ref/gcc/darwin-arm64/15.2.0/riscv32-wch-elf/bin/objdump	143031a0839159e793c96ef0cd0e612639b5356e2b364e8ef32ecae3addbb313	0	32	32	mach_header_64	LINK-LAYOUT	L3-MAP-OBJDUMP	L3-STAT-OBJDUMP-FUNC,L3-STAT-OBJDUMP-XW,L3-STAT-OBJDUMP-CUSTOM32,L3-STAT-OBJDUMP-PRIORITY	COMPLETE-TILING	L3-190-alias-intervals	pair_id=OD-ALIAS-WCH-P2;file_id=OD-ALIAS-WCH;file_size=1712288;interval_sha256=f8e22d64c4b4cd9b6d079cc8b71c3e759694d8e768699ed2691b4c8cd5047451
L3-REG-OD-ALIAS-WCH-P2-WCH-001	BINUTILS-OBJDUMP	WCH	ref/gcc/darwin-arm64/15.2.0/riscv32-wch-elf/bin/objdump	143031a0839159e793c96ef0cd0e612639b5356e2b364e8ef32ecae3addbb313	32	104	72	load-command[0]:0x19	LINK-LAYOUT	L3-MAP-OBJDUMP	L3-STAT-OBJDUMP-FUNC,L3-STAT-OBJDUMP-XW,L3-STAT-OBJDUMP-CUSTOM32,L3-STAT-OBJDUMP-PRIORITY	COMPLETE-TILING	L3-190-alias-intervals	pair_id=OD-ALIAS-WCH-P2;file_id=OD-ALIAS-WCH;file_size=1712288;interval_sha256=38432a8fbcbe1ae9fdf9263fe1e4e948de98131833cc5e5333f375dcf5f6333f
L3-REG-OD-ALIAS-WCH-P2-WCH-002	BINUTILS-OBJDUMP	WCH	ref/gcc/darwin-arm64/15.2.0/riscv32-wch-elf/bin/objdump	143031a0839159e793c96ef0cd0e612639b5356e2b364e8ef32ecae3addbb313	104	736	632	load-command[1]:0x19	LINK-LAYOUT	L3-MAP-OBJDUMP	L3-STAT-OBJDUMP-FUNC,L3-STAT-OBJDUMP-XW,L3-STAT-OBJDUMP-CUSTOM32,L3-STAT-OBJDUMP-PRIORITY	COMPLETE-TILING	L3-190-alias-intervals	pair_id=OD-ALIAS-WCH-P2;file_id=OD-ALIAS-WCH;file_size=1712288;interval_sha256=4ede0ea541b4827ca73085162368358f8a7c1abe3f656235b4b3bf783b28dbb0
L3-REG-OD-ALIAS-WCH-P2-WCH-003	BINUTILS-OBJDUMP	WCH	ref/gcc/darwin-arm64/15.2.0/riscv32-wch-elf/bin/objdump	143031a0839159e793c96ef0cd0e612639b5356e2b364e8ef32ecae3addbb313	736	968	232	load-command[2]:0x19	LINK-LAYOUT	L3-MAP-OBJDUMP	L3-STAT-OBJDUMP-FUNC,L3-STAT-OBJDUMP-XW,L3-STAT-OBJDUMP-CUSTOM32,L3-STAT-OBJDUMP-PRIORITY	COMPLETE-TILING	L3-190-alias-intervals	pair_id=OD-ALIAS-WCH-P2;file_id=OD-ALIAS-WCH;file_size=1712288;interval_sha256=6c2b5f7c46075ef7cb1b41d8234fd20b37199a9b6989f763384ec716e1b83395
L3-REG-OD-ALIAS-WCH-P2-WCH-004	BINUTILS-OBJDUMP	WCH	ref/gcc/darwin-arm64/15.2.0/riscv32-wch-elf/bin/objdump	143031a0839159e793c96ef0cd0e612639b5356e2b364e8ef32ecae3addbb313	968	1440	472	load-command[3]:0x19	LINK-LAYOUT	L3-MAP-OBJDUMP	L3-STAT-OBJDUMP-FUNC,L3-STAT-OBJDUMP-XW,L3-STAT-OBJDUMP-CUSTOM32,L3-STAT-OBJDUMP-PRIORITY	COMPLETE-TILING	L3-190-alias-intervals	pair_id=OD-ALIAS-WCH-P2;file_id=OD-ALIAS-WCH;file_size=1712288;interval_sha256=c052f0218f86d03e9f9a9f81848d972fecafe2048fee559c2ee3faf86d8eeba8
L3-REG-OD-ALIAS-WCH-P2-WCH-005	BINUTILS-OBJDUMP	WCH	ref/gcc/darwin-arm64/15.2.0/riscv32-wch-elf/bin/objdump	143031a0839159e793c96ef0cd0e612639b5356e2b364e8ef32ecae3addbb313	1440	1512	72	load-command[4]:0x19	LINK-LAYOUT	L3-MAP-OBJDUMP	L3-STAT-OBJDUMP-FUNC,L3-STAT-OBJDUMP-XW,L3-STAT-OBJDUMP-CUSTOM32,L3-STAT-OBJDUMP-PRIORITY	COMPLETE-TILING	L3-190-alias-intervals	pair_id=OD-ALIAS-WCH-P2;file_id=OD-ALIAS-WCH;file_size=1712288;interval_sha256=d41f88fcfaaf597967836cb22237404c712209cc76c9e167843423e61c37095e
L3-REG-OD-ALIAS-WCH-P2-WCH-006	BINUTILS-OBJDUMP	WCH	ref/gcc/darwin-arm64/15.2.0/riscv32-wch-elf/bin/objdump	143031a0839159e793c96ef0cd0e612639b5356e2b364e8ef32ecae3addbb313	1512	1528	16	load-command[5]:0x80000034	LINK-LAYOUT	L3-MAP-OBJDUMP	L3-STAT-OBJDUMP-FUNC,L3-STAT-OBJDUMP-XW,L3-STAT-OBJDUMP-CUSTOM32,L3-STAT-OBJDUMP-PRIORITY	COMPLETE-TILING	L3-190-alias-intervals	pair_id=OD-ALIAS-WCH-P2;file_id=OD-ALIAS-WCH;file_size=1712288;interval_sha256=8ed1acc13a554f96d963d2365ebaa5513e025a5f9464b2eacde04e4f34c91bc2
L3-REG-OD-ALIAS-WCH-P2-WCH-007	BINUTILS-OBJDUMP	WCH	ref/gcc/darwin-arm64/15.2.0/riscv32-wch-elf/bin/objdump	143031a0839159e793c96ef0cd0e612639b5356e2b364e8ef32ecae3addbb313	1528	1544	16	load-command[6]:0x80000033	LINK-LAYOUT	L3-MAP-OBJDUMP	L3-STAT-OBJDUMP-FUNC,L3-STAT-OBJDUMP-XW,L3-STAT-OBJDUMP-CUSTOM32,L3-STAT-OBJDUMP-PRIORITY	COMPLETE-TILING	L3-190-alias-intervals	pair_id=OD-ALIAS-WCH-P2;file_id=OD-ALIAS-WCH;file_size=1712288;interval_sha256=4445e0e9a6a09529f5b64b53f62287f5271189474d64457bdc59258dc13e26b0
L3-REG-OD-ALIAS-WCH-P2-WCH-008	BINUTILS-OBJDUMP	WCH	ref/gcc/darwin-arm64/15.2.0/riscv32-wch-elf/bin/objdump	143031a0839159e793c96ef0cd0e612639b5356e2b364e8ef32ecae3addbb313	1544	1568	24	load-command[7]:0x2	LINK-LAYOUT	L3-MAP-OBJDUMP	L3-STAT-OBJDUMP-FUNC,L3-STAT-OBJDUMP-XW,L3-STAT-OBJDUMP-CUSTOM32,L3-STAT-OBJDUMP-PRIORITY	COMPLETE-TILING	L3-190-alias-intervals	pair_id=OD-ALIAS-WCH-P2;file_id=OD-ALIAS-WCH;file_size=1712288;interval_sha256=ee5690d8add27c0d8dd20c8eacd4fdcabd3da1e5b0910cb83f9d227655ee83ac
L3-REG-OD-ALIAS-WCH-P2-WCH-009	BINUTILS-OBJDUMP	WCH	ref/gcc/darwin-arm64/15.2.0/riscv32-wch-elf/bin/objdump	143031a0839159e793c96ef0cd0e612639b5356e2b364e8ef32ecae3addbb313	1568	1648	80	load-command[8]:0xb	LINK-LAYOUT	L3-MAP-OBJDUMP	L3-STAT-OBJDUMP-FUNC,L3-STAT-OBJDUMP-XW,L3-STAT-OBJDUMP-CUSTOM32,L3-STAT-OBJDUMP-PRIORITY	COMPLETE-TILING	L3-190-alias-intervals	pair_id=OD-ALIAS-WCH-P2;file_id=OD-ALIAS-WCH;file_size=1712288;interval_sha256=c43de02f804a1ad6042f00eadacdf7d75c27d19e49dda5ddec2b85a7c9704f57
L3-REG-OD-ALIAS-WCH-P2-WCH-010	BINUTILS-OBJDUMP	WCH	ref/gcc/darwin-arm64/15.2.0/riscv32-wch-elf/bin/objdump	143031a0839159e793c96ef0cd0e612639b5356e2b364e8ef32ecae3addbb313	1648	1680	32	load-command[9]:0xe	LINK-LAYOUT	L3-MAP-OBJDUMP	L3-STAT-OBJDUMP-FUNC,L3-STAT-OBJDUMP-XW,L3-STAT-OBJDUMP-CUSTOM32,L3-STAT-OBJDUMP-PRIORITY	COMPLETE-TILING	L3-190-alias-intervals	pair_id=OD-ALIAS-WCH-P2;file_id=OD-ALIAS-WCH;file_size=1712288;interval_sha256=44316cf4f366f41aa06996613c44af75e34479362928faf61a168c2a203b5999
L3-REG-OD-ALIAS-WCH-P2-WCH-011	BINUTILS-OBJDUMP	WCH	ref/gcc/darwin-arm64/15.2.0/riscv32-wch-elf/bin/objdump	143031a0839159e793c96ef0cd0e612639b5356e2b364e8ef32ecae3addbb313	1680	1704	24	load-command[10]:0x1b	SIGNATURE/UUID/BUILD-METADATA	L3-MAP-OBJDUMP	L3-STAT-OBJDUMP-FUNC,L3-STAT-OBJDUMP-XW,L3-STAT-OBJDUMP-CUSTOM32,L3-STAT-OBJDUMP-PRIORITY	COMPLETE-TILING	L3-190-alias-intervals	pair_id=OD-ALIAS-WCH-P2;file_id=OD-ALIAS-WCH;file_size=1712288;interval_sha256=85249e4224b8bad195d25f3c1f456b31514e958e27da1fd7e95900ad1e06a254
L3-REG-OD-ALIAS-WCH-P2-WCH-012	BINUTILS-OBJDUMP	WCH	ref/gcc/darwin-arm64/15.2.0/riscv32-wch-elf/bin/objdump	143031a0839159e793c96ef0cd0e612639b5356e2b364e8ef32ecae3addbb313	1704	1736	32	load-command[11]:0x32	SIGNATURE/UUID/BUILD-METADATA	L3-MAP-OBJDUMP	L3-STAT-OBJDUMP-FUNC,L3-STAT-OBJDUMP-XW,L3-STAT-OBJDUMP-CUSTOM32,L3-STAT-OBJDUMP-PRIORITY	COMPLETE-TILING	L3-190-alias-intervals	pair_id=OD-ALIAS-WCH-P2;file_id=OD-ALIAS-WCH;file_size=1712288;interval_sha256=a3fdf0da365a377842bd4e39ba20dc11e9e504cc493367b2b0b5b36aa050dea0
L3-REG-OD-ALIAS-WCH-P2-WCH-013	BINUTILS-OBJDUMP	WCH	ref/gcc/darwin-arm64/15.2.0/riscv32-wch-elf/bin/objdump	143031a0839159e793c96ef0cd0e612639b5356e2b364e8ef32ecae3addbb313	1736	1752	16	load-command[12]:0x2a	SIGNATURE/UUID/BUILD-METADATA	L3-MAP-OBJDUMP	L3-STAT-OBJDUMP-FUNC,L3-STAT-OBJDUMP-XW,L3-STAT-OBJDUMP-CUSTOM32,L3-STAT-OBJDUMP-PRIORITY	COMPLETE-TILING	L3-190-alias-intervals	pair_id=OD-ALIAS-WCH-P2;file_id=OD-ALIAS-WCH;file_size=1712288;interval_sha256=01a60f1db7db041298aa3e269ff5ebea951aa6977963e4ab563905da906d2b82
L3-REG-OD-ALIAS-WCH-P2-WCH-014	BINUTILS-OBJDUMP	WCH	ref/gcc/darwin-arm64/15.2.0/riscv32-wch-elf/bin/objdump	143031a0839159e793c96ef0cd0e612639b5356e2b364e8ef32ecae3addbb313	1752	1776	24	load-command[13]:0x80000028	LINK-LAYOUT	L3-MAP-OBJDUMP	L3-STAT-OBJDUMP-FUNC,L3-STAT-OBJDUMP-XW,L3-STAT-OBJDUMP-CUSTOM32,L3-STAT-OBJDUMP-PRIORITY	COMPLETE-TILING	L3-190-alias-intervals	pair_id=OD-ALIAS-WCH-P2;file_id=OD-ALIAS-WCH;file_size=1712288;interval_sha256=94c15d337c04d8f3799d0162d53980db4f8f6e27698b10dc68d2f4a1e99b9cda
L3-REG-OD-ALIAS-WCH-P2-WCH-015	BINUTILS-OBJDUMP	WCH	ref/gcc/darwin-arm64/15.2.0/riscv32-wch-elf/bin/objdump	143031a0839159e793c96ef0cd0e612639b5356e2b364e8ef32ecae3addbb313	1776	1832	56	load-command[14]:0xc	LINK-LAYOUT	L3-MAP-OBJDUMP	L3-STAT-OBJDUMP-FUNC,L3-STAT-OBJDUMP-XW,L3-STAT-OBJDUMP-CUSTOM32,L3-STAT-OBJDUMP-PRIORITY	COMPLETE-TILING	L3-190-alias-intervals	pair_id=OD-ALIAS-WCH-P2;file_id=OD-ALIAS-WCH;file_size=1712288;interval_sha256=a76b7338642dddfaa1e767a899cb39b4dc80160890ae1724febfe7e40d40b735
L3-REG-OD-ALIAS-WCH-P2-WCH-016	BINUTILS-OBJDUMP	WCH	ref/gcc/darwin-arm64/15.2.0/riscv32-wch-elf/bin/objdump	143031a0839159e793c96ef0cd0e612639b5356e2b364e8ef32ecae3addbb313	1832	1888	56	load-command[15]:0xc	LINK-LAYOUT	L3-MAP-OBJDUMP	L3-STAT-OBJDUMP-FUNC,L3-STAT-OBJDUMP-XW,L3-STAT-OBJDUMP-CUSTOM32,L3-STAT-OBJDUMP-PRIORITY	COMPLETE-TILING	L3-190-alias-intervals	pair_id=OD-ALIAS-WCH-P2;file_id=OD-ALIAS-WCH;file_size=1712288;interval_sha256=cc8acbe3e146f3621079d1d71e9c46626788f505132abe123f041ead9ba5490a
L3-REG-OD-ALIAS-WCH-P2-WCH-017	BINUTILS-OBJDUMP	WCH	ref/gcc/darwin-arm64/15.2.0/riscv32-wch-elf/bin/objdump	143031a0839159e793c96ef0cd0e612639b5356e2b364e8ef32ecae3addbb313	1888	1904	16	load-command[16]:0x26	LINK-LAYOUT	L3-MAP-OBJDUMP	L3-STAT-OBJDUMP-FUNC,L3-STAT-OBJDUMP-XW,L3-STAT-OBJDUMP-CUSTOM32,L3-STAT-OBJDUMP-PRIORITY	COMPLETE-TILING	L3-190-alias-intervals	pair_id=OD-ALIAS-WCH-P2;file_id=OD-ALIAS-WCH;file_size=1712288;interval_sha256=e6e52a5e417009f82ca7e6b3dd0ea89c435de81262383139f5fadd84e178f8c9
L3-REG-OD-ALIAS-WCH-P2-WCH-018	BINUTILS-OBJDUMP	WCH	ref/gcc/darwin-arm64/15.2.0/riscv32-wch-elf/bin/objdump	143031a0839159e793c96ef0cd0e612639b5356e2b364e8ef32ecae3addbb313	1904	1920	16	load-command[17]:0x29	LINK-LAYOUT	L3-MAP-OBJDUMP	L3-STAT-OBJDUMP-FUNC,L3-STAT-OBJDUMP-XW,L3-STAT-OBJDUMP-CUSTOM32,L3-STAT-OBJDUMP-PRIORITY	COMPLETE-TILING	L3-190-alias-intervals	pair_id=OD-ALIAS-WCH-P2;file_id=OD-ALIAS-WCH;file_size=1712288;interval_sha256=1d4038489687de4cd8791b4a9fb140ccacd3e6161bf42ce3d5d6080fcad1695b
L3-REG-OD-ALIAS-WCH-P2-WCH-019	BINUTILS-OBJDUMP	WCH	ref/gcc/darwin-arm64/15.2.0/riscv32-wch-elf/bin/objdump	143031a0839159e793c96ef0cd0e612639b5356e2b364e8ef32ecae3addbb313	1920	1936	16	load-command[18]:0x1d	SIGNATURE/UUID/BUILD-METADATA	L3-MAP-OBJDUMP	L3-STAT-OBJDUMP-FUNC,L3-STAT-OBJDUMP-XW,L3-STAT-OBJDUMP-CUSTOM32,L3-STAT-OBJDUMP-PRIORITY	COMPLETE-TILING	L3-190-alias-intervals	pair_id=OD-ALIAS-WCH-P2;file_id=OD-ALIAS-WCH;file_size=1712288;interval_sha256=32d8ddc25f0cd2fe8f4b229b73f18f65d24f83d0f0a0535163a3b5b0dcb55e56
L3-REG-OD-ALIAS-WCH-P2-WCH-020	BINUTILS-OBJDUMP	WCH	ref/gcc/darwin-arm64/15.2.0/riscv32-wch-elf/bin/objdump	143031a0839159e793c96ef0cd0e612639b5356e2b364e8ef32ecae3addbb313	1936	15908	13972	segment:__TEXT	PADDING/ALIGNMENT	L3-MAP-OBJDUMP	L3-STAT-OBJDUMP-FUNC,L3-STAT-OBJDUMP-XW,L3-STAT-OBJDUMP-CUSTOM32,L3-STAT-OBJDUMP-PRIORITY	COMPLETE-TILING	L3-190-alias-intervals	pair_id=OD-ALIAS-WCH-P2;file_id=OD-ALIAS-WCH;file_size=1712288;interval_sha256=c9ed7a7705d4a35df81d724ce8caae9ffb9f7fe07bd2819db586b1ab9681ea5c
L3-REG-OD-ALIAS-WCH-P2-WCH-021	BINUTILS-OBJDUMP	WCH	ref/gcc/darwin-arm64/15.2.0/riscv32-wch-elf/bin/objdump	143031a0839159e793c96ef0cd0e612639b5356e2b364e8ef32ecae3addbb313	15908	1079252	1063344	section:__TEXT,__text	FUNCTIONAL-CODE	L3-MAP-OBJDUMP	L3-STAT-OBJDUMP-FUNC,L3-STAT-OBJDUMP-XW,L3-STAT-OBJDUMP-CUSTOM32,L3-STAT-OBJDUMP-PRIORITY	COMPLETE-TILING	L3-190-alias-intervals	pair_id=OD-ALIAS-WCH-P2;file_id=OD-ALIAS-WCH;file_size=1712288;interval_sha256=2ad4476b9403072e2cbed3b516b25cd57a8ee4e6047af7f0ea2835fb4ba090a6
L3-REG-OD-ALIAS-WCH-P2-WCH-022	BINUTILS-OBJDUMP	WCH	ref/gcc/darwin-arm64/15.2.0/riscv32-wch-elf/bin/objdump	143031a0839159e793c96ef0cd0e612639b5356e2b364e8ef32ecae3addbb313	1079252	1080764	1512	section:__TEXT,__stubs	PACKAGING/DEPENDENCY	L3-MAP-OBJDUMP	L3-STAT-OBJDUMP-FUNC,L3-STAT-OBJDUMP-XW,L3-STAT-OBJDUMP-CUSTOM32,L3-STAT-OBJDUMP-PRIORITY	COMPLETE-TILING	L3-190-alias-intervals	pair_id=OD-ALIAS-WCH-P2;file_id=OD-ALIAS-WCH;file_size=1712288;interval_sha256=330137ca41f63e3a461960e02f564d11fbd756de9943c09ea4d2c2835c41d878
L3-REG-OD-ALIAS-WCH-P2-WCH-023	BINUTILS-OBJDUMP	WCH	ref/gcc/darwin-arm64/15.2.0/riscv32-wch-elf/bin/objdump	143031a0839159e793c96ef0cd0e612639b5356e2b364e8ef32ecae3addbb313	1080764	1080768	4	section:__TEXT,__init_offsets	FUNCTIONAL-DATA-TABLE	L3-MAP-OBJDUMP	L3-STAT-OBJDUMP-FUNC,L3-STAT-OBJDUMP-XW,L3-STAT-OBJDUMP-CUSTOM32,L3-STAT-OBJDUMP-PRIORITY	COMPLETE-TILING	L3-190-alias-intervals	pair_id=OD-ALIAS-WCH-P2;file_id=OD-ALIAS-WCH;file_size=1712288;interval_sha256=a0f338d81af40ec28eb7b7a444cfacab2b9f457c8d1b32ff04db824738fea13d
L3-REG-OD-ALIAS-WCH-P2-WCH-024	BINUTILS-OBJDUMP	WCH	ref/gcc/darwin-arm64/15.2.0/riscv32-wch-elf/bin/objdump	143031a0839159e793c96ef0cd0e612639b5356e2b364e8ef32ecae3addbb313	1080768	1121608	40840	section:__TEXT,__const	FUNCTIONAL-DATA-TABLE	L3-MAP-OBJDUMP	L3-STAT-OBJDUMP-FUNC,L3-STAT-OBJDUMP-XW,L3-STAT-OBJDUMP-CUSTOM32,L3-STAT-OBJDUMP-PRIORITY	COMPLETE-TILING	L3-190-alias-intervals	pair_id=OD-ALIAS-WCH-P2;file_id=OD-ALIAS-WCH;file_size=1712288;interval_sha256=97d9e2dd00de489accba4b6ad909781403396cff0a5adb6f0b9276fdd872f235
L3-REG-OD-ALIAS-WCH-P2-WCH-025	BINUTILS-OBJDUMP	WCH	ref/gcc/darwin-arm64/15.2.0/riscv32-wch-elf/bin/objdump	143031a0839159e793c96ef0cd0e612639b5356e2b364e8ef32ecae3addbb313	1121608	1352799	231191	section:__TEXT,__cstring	FUNCTIONAL-DATA-TABLE	L3-MAP-OBJDUMP	L3-STAT-OBJDUMP-FUNC,L3-STAT-OBJDUMP-XW,L3-STAT-OBJDUMP-CUSTOM32,L3-STAT-OBJDUMP-PRIORITY	COMPLETE-TILING	L3-190-alias-intervals	pair_id=OD-ALIAS-WCH-P2;file_id=OD-ALIAS-WCH;file_size=1712288;interval_sha256=48f3cf83ec54be2360bed641ca39600ffe90896c764086f8a3c10f31ab2a59cd
L3-REG-OD-ALIAS-WCH-P2-WCH-026	BINUTILS-OBJDUMP	WCH	ref/gcc/darwin-arm64/15.2.0/riscv32-wch-elf/bin/objdump	143031a0839159e793c96ef0cd0e612639b5356e2b364e8ef32ecae3addbb313	1352799	1352800	1	segment:__TEXT	PADDING/ALIGNMENT	L3-MAP-OBJDUMP	L3-STAT-OBJDUMP-FUNC,L3-STAT-OBJDUMP-XW,L3-STAT-OBJDUMP-CUSTOM32,L3-STAT-OBJDUMP-PRIORITY	COMPLETE-TILING	L3-190-alias-intervals	pair_id=OD-ALIAS-WCH-P2;file_id=OD-ALIAS-WCH;file_size=1712288;interval_sha256=6e340b9cffb37a989ca544e6bb780a2c78901d3fb33738768511a30617afa01d
L3-REG-OD-ALIAS-WCH-P2-WCH-027	BINUTILS-OBJDUMP	WCH	ref/gcc/darwin-arm64/15.2.0/riscv32-wch-elf/bin/objdump	143031a0839159e793c96ef0cd0e612639b5356e2b364e8ef32ecae3addbb313	1352800	1359712	6912	section:__TEXT,__unwind_info	FUNCTIONAL-DATA-TABLE	L3-MAP-OBJDUMP	L3-STAT-OBJDUMP-FUNC,L3-STAT-OBJDUMP-XW,L3-STAT-OBJDUMP-CUSTOM32,L3-STAT-OBJDUMP-PRIORITY	COMPLETE-TILING	L3-190-alias-intervals	pair_id=OD-ALIAS-WCH-P2;file_id=OD-ALIAS-WCH;file_size=1712288;interval_sha256=a048eef993448da2b053e2d11667152abe8e603d2ce14a6dad83f5419213e28d
L3-REG-OD-ALIAS-WCH-P2-WCH-028	BINUTILS-OBJDUMP	WCH	ref/gcc/darwin-arm64/15.2.0/riscv32-wch-elf/bin/objdump	143031a0839159e793c96ef0cd0e612639b5356e2b364e8ef32ecae3addbb313	1359712	1359872	160	section:__TEXT,__eh_frame	FUNCTIONAL-DATA-TABLE	L3-MAP-OBJDUMP	L3-STAT-OBJDUMP-FUNC,L3-STAT-OBJDUMP-XW,L3-STAT-OBJDUMP-CUSTOM32,L3-STAT-OBJDUMP-PRIORITY	COMPLETE-TILING	L3-190-alias-intervals	pair_id=OD-ALIAS-WCH-P2;file_id=OD-ALIAS-WCH;file_size=1712288;interval_sha256=f17e7a1df67453ce68fcfdc7334e1bfef16848c0758214568a9e9f79423caac9
L3-REG-OD-ALIAS-WCH-P2-WCH-029	BINUTILS-OBJDUMP	WCH	ref/gcc/darwin-arm64/15.2.0/riscv32-wch-elf/bin/objdump	143031a0839159e793c96ef0cd0e612639b5356e2b364e8ef32ecae3addbb313	1359872	1360920	1048	section:__DATA_CONST,__got	PACKAGING/DEPENDENCY	L3-MAP-OBJDUMP	L3-STAT-OBJDUMP-FUNC,L3-STAT-OBJDUMP-XW,L3-STAT-OBJDUMP-CUSTOM32,L3-STAT-OBJDUMP-PRIORITY	COMPLETE-TILING	L3-190-alias-intervals	pair_id=OD-ALIAS-WCH-P2;file_id=OD-ALIAS-WCH;file_size=1712288;interval_sha256=6db4322ef9e105a86bc14791ec3f81d73f1ffc8d748025b4dd67dd3e00008f89
L3-REG-OD-ALIAS-WCH-P2-WCH-030	BINUTILS-OBJDUMP	WCH	ref/gcc/darwin-arm64/15.2.0/riscv32-wch-elf/bin/objdump	143031a0839159e793c96ef0cd0e612639b5356e2b364e8ef32ecae3addbb313	1360920	1596624	235704	section:__DATA_CONST,__const	FUNCTIONAL-DATA-TABLE	L3-MAP-OBJDUMP	L3-STAT-OBJDUMP-FUNC,L3-STAT-OBJDUMP-XW,L3-STAT-OBJDUMP-CUSTOM32,L3-STAT-OBJDUMP-PRIORITY	COMPLETE-TILING	L3-190-alias-intervals	pair_id=OD-ALIAS-WCH-P2;file_id=OD-ALIAS-WCH;file_size=1712288;interval_sha256=9ede877357f4fb76d74408af4c4b327fdce651e324767388cc752920f1e228e2
L3-REG-OD-ALIAS-WCH-P2-WCH-031	BINUTILS-OBJDUMP	WCH	ref/gcc/darwin-arm64/15.2.0/riscv32-wch-elf/bin/objdump	143031a0839159e793c96ef0cd0e612639b5356e2b364e8ef32ecae3addbb313	1596624	1605632	9008	segment:__DATA_CONST	PADDING/ALIGNMENT	L3-MAP-OBJDUMP	L3-STAT-OBJDUMP-FUNC,L3-STAT-OBJDUMP-XW,L3-STAT-OBJDUMP-CUSTOM32,L3-STAT-OBJDUMP-PRIORITY	COMPLETE-TILING	L3-190-alias-intervals	pair_id=OD-ALIAS-WCH-P2;file_id=OD-ALIAS-WCH;file_size=1712288;interval_sha256=b8d134a6720c9d7395875ed2c2951fb9b5fce458f00170b79477b65e30c82f2e
L3-REG-OD-ALIAS-WCH-P2-WCH-032	BINUTILS-OBJDUMP	WCH	ref/gcc/darwin-arm64/15.2.0/riscv32-wch-elf/bin/objdump	143031a0839159e793c96ef0cd0e612639b5356e2b364e8ef32ecae3addbb313	1605632	1622568	16936	section:__DATA,__data	FUNCTIONAL-DATA-TABLE	L3-MAP-OBJDUMP	L3-STAT-OBJDUMP-FUNC,L3-STAT-OBJDUMP-XW,L3-STAT-OBJDUMP-CUSTOM32,L3-STAT-OBJDUMP-PRIORITY	COMPLETE-TILING	L3-190-alias-intervals	pair_id=OD-ALIAS-WCH-P2;file_id=OD-ALIAS-WCH;file_size=1712288;interval_sha256=0d7b727e6dae3fa7e1dd4fdd22dae1b068501ea37cc35ad393449e63d99679fd
L3-REG-OD-ALIAS-WCH-P2-WCH-033	BINUTILS-OBJDUMP	WCH	ref/gcc/darwin-arm64/15.2.0/riscv32-wch-elf/bin/objdump	143031a0839159e793c96ef0cd0e612639b5356e2b364e8ef32ecae3addbb313	1622568	1622640	72	section:__DATA,__thread_vars	PACKAGING/DEPENDENCY	L3-MAP-OBJDUMP	L3-STAT-OBJDUMP-FUNC,L3-STAT-OBJDUMP-XW,L3-STAT-OBJDUMP-CUSTOM32,L3-STAT-OBJDUMP-PRIORITY	COMPLETE-TILING	L3-190-alias-intervals	pair_id=OD-ALIAS-WCH-P2;file_id=OD-ALIAS-WCH;file_size=1712288;interval_sha256=728eae6229f693a6d1597d1223732d007d8aba51824c686f5ac7033ade177b72
L3-REG-OD-ALIAS-WCH-P2-WCH-034	BINUTILS-OBJDUMP	WCH	ref/gcc/darwin-arm64/15.2.0/riscv32-wch-elf/bin/objdump	143031a0839159e793c96ef0cd0e612639b5356e2b364e8ef32ecae3addbb313	1622640	1638400	15760	segment:__DATA	PADDING/ALIGNMENT	L3-MAP-OBJDUMP	L3-STAT-OBJDUMP-FUNC,L3-STAT-OBJDUMP-XW,L3-STAT-OBJDUMP-CUSTOM32,L3-STAT-OBJDUMP-PRIORITY	COMPLETE-TILING	L3-190-alias-intervals	pair_id=OD-ALIAS-WCH-P2;file_id=OD-ALIAS-WCH;file_size=1712288;interval_sha256=768aec3aee2a8161a702fcb65a6021782b396b94b864c9f52af6f1f9de02d6bf
L3-REG-OD-ALIAS-WCH-P2-WCH-035	BINUTILS-OBJDUMP	WCH	ref/gcc/darwin-arm64/15.2.0/riscv32-wch-elf/bin/objdump	143031a0839159e793c96ef0cd0e612639b5356e2b364e8ef32ecae3addbb313	1638400	1640296	1896	LC_DYLD_CHAINED_FIXUPS-data	PACKAGING/DEPENDENCY	L3-MAP-OBJDUMP	L3-STAT-OBJDUMP-FUNC,L3-STAT-OBJDUMP-XW,L3-STAT-OBJDUMP-CUSTOM32,L3-STAT-OBJDUMP-PRIORITY	COMPLETE-TILING	L3-190-alias-intervals	pair_id=OD-ALIAS-WCH-P2;file_id=OD-ALIAS-WCH;file_size=1712288;interval_sha256=249ed717ea52f87c0fa3a255c7ad0794fa247dd9cd7fba319141179b69c9b9de
L3-REG-OD-ALIAS-WCH-P2-WCH-036	BINUTILS-OBJDUMP	WCH	ref/gcc/darwin-arm64/15.2.0/riscv32-wch-elf/bin/objdump	143031a0839159e793c96ef0cd0e612639b5356e2b364e8ef32ecae3addbb313	1640296	1671512	31216	LC_DYLD_EXPORTS_TRIE-data	PACKAGING/DEPENDENCY	L3-MAP-OBJDUMP	L3-STAT-OBJDUMP-FUNC,L3-STAT-OBJDUMP-XW,L3-STAT-OBJDUMP-CUSTOM32,L3-STAT-OBJDUMP-PRIORITY	COMPLETE-TILING	L3-190-alias-intervals	pair_id=OD-ALIAS-WCH-P2;file_id=OD-ALIAS-WCH;file_size=1712288;interval_sha256=669ac4a037267f2b74ec9e7cb1d42fe45032c586ec83df501e94ad31486a3bbd
L3-REG-OD-ALIAS-WCH-P2-WCH-037	BINUTILS-OBJDUMP	WCH	ref/gcc/darwin-arm64/15.2.0/riscv32-wch-elf/bin/objdump	143031a0839159e793c96ef0cd0e612639b5356e2b364e8ef32ecae3addbb313	1671512	1675488	3976	LC_FUNCTION_STARTS-data	LINK-LAYOUT	L3-MAP-OBJDUMP	L3-STAT-OBJDUMP-FUNC,L3-STAT-OBJDUMP-XW,L3-STAT-OBJDUMP-CUSTOM32,L3-STAT-OBJDUMP-PRIORITY	COMPLETE-TILING	L3-190-alias-intervals	pair_id=OD-ALIAS-WCH-P2;file_id=OD-ALIAS-WCH;file_size=1712288;interval_sha256=5c70660425047e00d76f1fee60c0947e5daa7778b340bc6f71a32ac7030d2fd2
L3-REG-OD-ALIAS-WCH-P2-WCH-038	BINUTILS-OBJDUMP	WCH	ref/gcc/darwin-arm64/15.2.0/riscv32-wch-elf/bin/objdump	143031a0839159e793c96ef0cd0e612639b5356e2b364e8ef32ecae3addbb313	1675488	1677632	2144	LC_SYMTAB-symbols	STRIP/DEBUG/SYMBOL-LAYOUT	L3-MAP-OBJDUMP	L3-STAT-OBJDUMP-FUNC,L3-STAT-OBJDUMP-XW,L3-STAT-OBJDUMP-CUSTOM32,L3-STAT-OBJDUMP-PRIORITY	COMPLETE-TILING	L3-190-alias-intervals	pair_id=OD-ALIAS-WCH-P2;file_id=OD-ALIAS-WCH;file_size=1712288;interval_sha256=a7616c183c3c7d2d3720b425044dbdbb5634a31fca62400a1068476ed2ccb161
L3-REG-OD-ALIAS-WCH-P2-WCH-039	BINUTILS-OBJDUMP	WCH	ref/gcc/darwin-arm64/15.2.0/riscv32-wch-elf/bin/objdump	143031a0839159e793c96ef0cd0e612639b5356e2b364e8ef32ecae3addbb313	1677632	1678660	1028	LC_DYSYMTAB-indirect-symbols	STRIP/DEBUG/SYMBOL-LAYOUT	L3-MAP-OBJDUMP	L3-STAT-OBJDUMP-FUNC,L3-STAT-OBJDUMP-XW,L3-STAT-OBJDUMP-CUSTOM32,L3-STAT-OBJDUMP-PRIORITY	COMPLETE-TILING	L3-190-alias-intervals	pair_id=OD-ALIAS-WCH-P2;file_id=OD-ALIAS-WCH;file_size=1712288;interval_sha256=21928f354356e45a25521e3c689a1364ec1bb17bc42ebe006629b16f7fa326d7
L3-REG-OD-ALIAS-WCH-P2-WCH-040	BINUTILS-OBJDUMP	WCH	ref/gcc/darwin-arm64/15.2.0/riscv32-wch-elf/bin/objdump	143031a0839159e793c96ef0cd0e612639b5356e2b364e8ef32ecae3addbb313	1678660	1678664	4	segment:__LINKEDIT	LINK-LAYOUT	L3-MAP-OBJDUMP	L3-STAT-OBJDUMP-FUNC,L3-STAT-OBJDUMP-XW,L3-STAT-OBJDUMP-CUSTOM32,L3-STAT-OBJDUMP-PRIORITY	COMPLETE-TILING	L3-190-alias-intervals	pair_id=OD-ALIAS-WCH-P2;file_id=OD-ALIAS-WCH;file_size=1712288;interval_sha256=df3f619804a92fdb4057192dc43dd748ea778adc52bc498ce80524c014b81119
L3-REG-OD-ALIAS-WCH-P2-WCH-041	BINUTILS-OBJDUMP	WCH	ref/gcc/darwin-arm64/15.2.0/riscv32-wch-elf/bin/objdump	143031a0839159e793c96ef0cd0e612639b5356e2b364e8ef32ecae3addbb313	1678664	1679928	1264	LC_SYMTAB-strings	STRIP/DEBUG/SYMBOL-LAYOUT	L3-MAP-OBJDUMP	L3-STAT-OBJDUMP-FUNC,L3-STAT-OBJDUMP-XW,L3-STAT-OBJDUMP-CUSTOM32,L3-STAT-OBJDUMP-PRIORITY	COMPLETE-TILING	L3-190-alias-intervals	pair_id=OD-ALIAS-WCH-P2;file_id=OD-ALIAS-WCH;file_size=1712288;interval_sha256=1340acba7e13f533476414f183ef7ba7c34a2ddabec469461547f1c7eb6abfca
L3-REG-OD-ALIAS-WCH-P2-WCH-042	BINUTILS-OBJDUMP	WCH	ref/gcc/darwin-arm64/15.2.0/riscv32-wch-elf/bin/objdump	143031a0839159e793c96ef0cd0e612639b5356e2b364e8ef32ecae3addbb313	1679928	1679936	8	segment:__LINKEDIT	LINK-LAYOUT	L3-MAP-OBJDUMP	L3-STAT-OBJDUMP-FUNC,L3-STAT-OBJDUMP-XW,L3-STAT-OBJDUMP-CUSTOM32,L3-STAT-OBJDUMP-PRIORITY	COMPLETE-TILING	L3-190-alias-intervals	pair_id=OD-ALIAS-WCH-P2;file_id=OD-ALIAS-WCH;file_size=1712288;interval_sha256=af5570f5a1810b7af78caf4bc70a660f0df51e42baf91d4de5b2328de0e83dfc
L3-REG-OD-ALIAS-WCH-P2-WCH-043	BINUTILS-OBJDUMP	WCH	ref/gcc/darwin-arm64/15.2.0/riscv32-wch-elf/bin/objdump	143031a0839159e793c96ef0cd0e612639b5356e2b364e8ef32ecae3addbb313	1679936	1712288	32352	LC_CODE_SIGNATURE-data	SIGNATURE/UUID/BUILD-METADATA	L3-MAP-OBJDUMP	L3-STAT-OBJDUMP-FUNC,L3-STAT-OBJDUMP-XW,L3-STAT-OBJDUMP-CUSTOM32,L3-STAT-OBJDUMP-PRIORITY	COMPLETE-TILING	L3-190-alias-intervals	pair_id=OD-ALIAS-WCH-P2;file_id=OD-ALIAS-WCH;file_size=1712288;interval_sha256=2408d36b0e0e1241c14e3063c459ef225c689fe48ef3e254a89f497a151da221
L3-REG-OD-WCH-MATCHED-UPSTREAM-MATCHED-000	BINUTILS-OBJDUMP	UPSTREAM-MATCHED	tmp/phase3c-driver/upstream-matched-zstd-r3/output/bin/riscv32-wch-elf-objdump	9458d7a07c42c7970131595c984f7b3c587c0a1f1127fff345b435f0bd6cea8a	0	32	32	mach_header_64	LINK-LAYOUT	L3-MAP-OBJDUMP	L3-STAT-OBJDUMP-FUNC,L3-STAT-OBJDUMP-XW,L3-STAT-OBJDUMP-CUSTOM32,L3-STAT-OBJDUMP-PRIORITY	COMPLETE-TILING	L3-177-matched-intervals	pair_id=OD-WCH-MATCHED;file_id=OD-MATCHED;file_size=1970984;interval_sha256=9244e1e363dd23fc8a4d22f3d657b033048b1b86c4645b9afa95fad8c269f225
L3-REG-OD-WCH-MATCHED-UPSTREAM-MATCHED-001	BINUTILS-OBJDUMP	UPSTREAM-MATCHED	tmp/phase3c-driver/upstream-matched-zstd-r3/output/bin/riscv32-wch-elf-objdump	9458d7a07c42c7970131595c984f7b3c587c0a1f1127fff345b435f0bd6cea8a	32	104	72	load-command[0]:0x19	LINK-LAYOUT	L3-MAP-OBJDUMP	L3-STAT-OBJDUMP-FUNC,L3-STAT-OBJDUMP-XW,L3-STAT-OBJDUMP-CUSTOM32,L3-STAT-OBJDUMP-PRIORITY	COMPLETE-TILING	L3-177-matched-intervals	pair_id=OD-WCH-MATCHED;file_id=OD-MATCHED;file_size=1970984;interval_sha256=38432a8fbcbe1ae9fdf9263fe1e4e948de98131833cc5e5333f375dcf5f6333f
L3-REG-OD-WCH-MATCHED-UPSTREAM-MATCHED-002	BINUTILS-OBJDUMP	UPSTREAM-MATCHED	tmp/phase3c-driver/upstream-matched-zstd-r3/output/bin/riscv32-wch-elf-objdump	9458d7a07c42c7970131595c984f7b3c587c0a1f1127fff345b435f0bd6cea8a	104	656	552	load-command[1]:0x19	LINK-LAYOUT	L3-MAP-OBJDUMP	L3-STAT-OBJDUMP-FUNC,L3-STAT-OBJDUMP-XW,L3-STAT-OBJDUMP-CUSTOM32,L3-STAT-OBJDUMP-PRIORITY	COMPLETE-TILING	L3-177-matched-intervals	pair_id=OD-WCH-MATCHED;file_id=OD-MATCHED;file_size=1970984;interval_sha256=9df06df3cc42133a7794277fbed9383afadf27582a0a95c026c0472a622331f7
L3-REG-OD-WCH-MATCHED-UPSTREAM-MATCHED-003	BINUTILS-OBJDUMP	UPSTREAM-MATCHED	tmp/phase3c-driver/upstream-matched-zstd-r3/output/bin/riscv32-wch-elf-objdump	9458d7a07c42c7970131595c984f7b3c587c0a1f1127fff345b435f0bd6cea8a	656	888	232	load-command[2]:0x19	LINK-LAYOUT	L3-MAP-OBJDUMP	L3-STAT-OBJDUMP-FUNC,L3-STAT-OBJDUMP-XW,L3-STAT-OBJDUMP-CUSTOM32,L3-STAT-OBJDUMP-PRIORITY	COMPLETE-TILING	L3-177-matched-intervals	pair_id=OD-WCH-MATCHED;file_id=OD-MATCHED;file_size=1970984;interval_sha256=2f6615f208aadd35c221ac0ca3b46265cae5cd3bd9efdf0c5302907d3b3c977f
L3-REG-OD-WCH-MATCHED-UPSTREAM-MATCHED-004	BINUTILS-OBJDUMP	UPSTREAM-MATCHED	tmp/phase3c-driver/upstream-matched-zstd-r3/output/bin/riscv32-wch-elf-objdump	9458d7a07c42c7970131595c984f7b3c587c0a1f1127fff345b435f0bd6cea8a	888	1360	472	load-command[3]:0x19	LINK-LAYOUT	L3-MAP-OBJDUMP	L3-STAT-OBJDUMP-FUNC,L3-STAT-OBJDUMP-XW,L3-STAT-OBJDUMP-CUSTOM32,L3-STAT-OBJDUMP-PRIORITY	COMPLETE-TILING	L3-177-matched-intervals	pair_id=OD-WCH-MATCHED;file_id=OD-MATCHED;file_size=1970984;interval_sha256=3c9cc9536341a0eb3a037f1a4c55de1df48b33a580cdf8a48cab8e70a456e124
L3-REG-OD-WCH-MATCHED-UPSTREAM-MATCHED-005	BINUTILS-OBJDUMP	UPSTREAM-MATCHED	tmp/phase3c-driver/upstream-matched-zstd-r3/output/bin/riscv32-wch-elf-objdump	9458d7a07c42c7970131595c984f7b3c587c0a1f1127fff345b435f0bd6cea8a	1360	1432	72	load-command[4]:0x19	LINK-LAYOUT	L3-MAP-OBJDUMP	L3-STAT-OBJDUMP-FUNC,L3-STAT-OBJDUMP-XW,L3-STAT-OBJDUMP-CUSTOM32,L3-STAT-OBJDUMP-PRIORITY	COMPLETE-TILING	L3-177-matched-intervals	pair_id=OD-WCH-MATCHED;file_id=OD-MATCHED;file_size=1970984;interval_sha256=589fffa4c2c174b41c0259f85fb187762d1f806c75bf3dc3ca4ad839d13b05d5
L3-REG-OD-WCH-MATCHED-UPSTREAM-MATCHED-006	BINUTILS-OBJDUMP	UPSTREAM-MATCHED	tmp/phase3c-driver/upstream-matched-zstd-r3/output/bin/riscv32-wch-elf-objdump	9458d7a07c42c7970131595c984f7b3c587c0a1f1127fff345b435f0bd6cea8a	1432	1448	16	load-command[5]:0x80000034	LINK-LAYOUT	L3-MAP-OBJDUMP	L3-STAT-OBJDUMP-FUNC,L3-STAT-OBJDUMP-XW,L3-STAT-OBJDUMP-CUSTOM32,L3-STAT-OBJDUMP-PRIORITY	COMPLETE-TILING	L3-177-matched-intervals	pair_id=OD-WCH-MATCHED;file_id=OD-MATCHED;file_size=1970984;interval_sha256=5506d3151a4d34bc76722caf268f8574192c2def3ca4db936d5a8d002a692b5b
L3-REG-OD-WCH-MATCHED-UPSTREAM-MATCHED-007	BINUTILS-OBJDUMP	UPSTREAM-MATCHED	tmp/phase3c-driver/upstream-matched-zstd-r3/output/bin/riscv32-wch-elf-objdump	9458d7a07c42c7970131595c984f7b3c587c0a1f1127fff345b435f0bd6cea8a	1448	1464	16	load-command[6]:0x80000033	LINK-LAYOUT	L3-MAP-OBJDUMP	L3-STAT-OBJDUMP-FUNC,L3-STAT-OBJDUMP-XW,L3-STAT-OBJDUMP-CUSTOM32,L3-STAT-OBJDUMP-PRIORITY	COMPLETE-TILING	L3-177-matched-intervals	pair_id=OD-WCH-MATCHED;file_id=OD-MATCHED;file_size=1970984;interval_sha256=fd434e2a2c9f7c13ee71070011761d31532ffa413206b48968d059b13afcbcc1
L3-REG-OD-WCH-MATCHED-UPSTREAM-MATCHED-008	BINUTILS-OBJDUMP	UPSTREAM-MATCHED	tmp/phase3c-driver/upstream-matched-zstd-r3/output/bin/riscv32-wch-elf-objdump	9458d7a07c42c7970131595c984f7b3c587c0a1f1127fff345b435f0bd6cea8a	1464	1488	24	load-command[7]:0x2	LINK-LAYOUT	L3-MAP-OBJDUMP	L3-STAT-OBJDUMP-FUNC,L3-STAT-OBJDUMP-XW,L3-STAT-OBJDUMP-CUSTOM32,L3-STAT-OBJDUMP-PRIORITY	COMPLETE-TILING	L3-177-matched-intervals	pair_id=OD-WCH-MATCHED;file_id=OD-MATCHED;file_size=1970984;interval_sha256=7bd23179fcf19cf83b82c7136a3db17a374f13e2079c2b9d042307cd56043889
L3-REG-OD-WCH-MATCHED-UPSTREAM-MATCHED-009	BINUTILS-OBJDUMP	UPSTREAM-MATCHED	tmp/phase3c-driver/upstream-matched-zstd-r3/output/bin/riscv32-wch-elf-objdump	9458d7a07c42c7970131595c984f7b3c587c0a1f1127fff345b435f0bd6cea8a	1488	1568	80	load-command[8]:0xb	LINK-LAYOUT	L3-MAP-OBJDUMP	L3-STAT-OBJDUMP-FUNC,L3-STAT-OBJDUMP-XW,L3-STAT-OBJDUMP-CUSTOM32,L3-STAT-OBJDUMP-PRIORITY	COMPLETE-TILING	L3-177-matched-intervals	pair_id=OD-WCH-MATCHED;file_id=OD-MATCHED;file_size=1970984;interval_sha256=1d5d5401826177e18d56a96afaefec083baf2da20219304e985a04e0b01df94d
L3-REG-OD-WCH-MATCHED-UPSTREAM-MATCHED-010	BINUTILS-OBJDUMP	UPSTREAM-MATCHED	tmp/phase3c-driver/upstream-matched-zstd-r3/output/bin/riscv32-wch-elf-objdump	9458d7a07c42c7970131595c984f7b3c587c0a1f1127fff345b435f0bd6cea8a	1568	1600	32	load-command[9]:0xe	LINK-LAYOUT	L3-MAP-OBJDUMP	L3-STAT-OBJDUMP-FUNC,L3-STAT-OBJDUMP-XW,L3-STAT-OBJDUMP-CUSTOM32,L3-STAT-OBJDUMP-PRIORITY	COMPLETE-TILING	L3-177-matched-intervals	pair_id=OD-WCH-MATCHED;file_id=OD-MATCHED;file_size=1970984;interval_sha256=44316cf4f366f41aa06996613c44af75e34479362928faf61a168c2a203b5999
L3-REG-OD-WCH-MATCHED-UPSTREAM-MATCHED-011	BINUTILS-OBJDUMP	UPSTREAM-MATCHED	tmp/phase3c-driver/upstream-matched-zstd-r3/output/bin/riscv32-wch-elf-objdump	9458d7a07c42c7970131595c984f7b3c587c0a1f1127fff345b435f0bd6cea8a	1600	1624	24	load-command[10]:0x1b	SIGNATURE/UUID/BUILD-METADATA	L3-MAP-OBJDUMP	L3-STAT-OBJDUMP-FUNC,L3-STAT-OBJDUMP-XW,L3-STAT-OBJDUMP-CUSTOM32,L3-STAT-OBJDUMP-PRIORITY	COMPLETE-TILING	L3-177-matched-intervals	pair_id=OD-WCH-MATCHED;file_id=OD-MATCHED;file_size=1970984;interval_sha256=1e448d9a6e4c2e333ef6526337726aa9efbce1f33c38f4d1e8eb951e4485620f
L3-REG-OD-WCH-MATCHED-UPSTREAM-MATCHED-012	BINUTILS-OBJDUMP	UPSTREAM-MATCHED	tmp/phase3c-driver/upstream-matched-zstd-r3/output/bin/riscv32-wch-elf-objdump	9458d7a07c42c7970131595c984f7b3c587c0a1f1127fff345b435f0bd6cea8a	1624	1656	32	load-command[11]:0x32	SIGNATURE/UUID/BUILD-METADATA	L3-MAP-OBJDUMP	L3-STAT-OBJDUMP-FUNC,L3-STAT-OBJDUMP-XW,L3-STAT-OBJDUMP-CUSTOM32,L3-STAT-OBJDUMP-PRIORITY	COMPLETE-TILING	L3-177-matched-intervals	pair_id=OD-WCH-MATCHED;file_id=OD-MATCHED;file_size=1970984;interval_sha256=06be0acc3151d0cb3a5720312a0ae05bf2376d394c98194de6f77801b59ab2e0
L3-REG-OD-WCH-MATCHED-UPSTREAM-MATCHED-013	BINUTILS-OBJDUMP	UPSTREAM-MATCHED	tmp/phase3c-driver/upstream-matched-zstd-r3/output/bin/riscv32-wch-elf-objdump	9458d7a07c42c7970131595c984f7b3c587c0a1f1127fff345b435f0bd6cea8a	1656	1672	16	load-command[12]:0x2a	SIGNATURE/UUID/BUILD-METADATA	L3-MAP-OBJDUMP	L3-STAT-OBJDUMP-FUNC,L3-STAT-OBJDUMP-XW,L3-STAT-OBJDUMP-CUSTOM32,L3-STAT-OBJDUMP-PRIORITY	COMPLETE-TILING	L3-177-matched-intervals	pair_id=OD-WCH-MATCHED;file_id=OD-MATCHED;file_size=1970984;interval_sha256=01a60f1db7db041298aa3e269ff5ebea951aa6977963e4ab563905da906d2b82
L3-REG-OD-WCH-MATCHED-UPSTREAM-MATCHED-014	BINUTILS-OBJDUMP	UPSTREAM-MATCHED	tmp/phase3c-driver/upstream-matched-zstd-r3/output/bin/riscv32-wch-elf-objdump	9458d7a07c42c7970131595c984f7b3c587c0a1f1127fff345b435f0bd6cea8a	1672	1696	24	load-command[13]:0x80000028	LINK-LAYOUT	L3-MAP-OBJDUMP	L3-STAT-OBJDUMP-FUNC,L3-STAT-OBJDUMP-XW,L3-STAT-OBJDUMP-CUSTOM32,L3-STAT-OBJDUMP-PRIORITY	COMPLETE-TILING	L3-177-matched-intervals	pair_id=OD-WCH-MATCHED;file_id=OD-MATCHED;file_size=1970984;interval_sha256=c6511cf58263464f22ac46f1b9f5389980debaa6b8edc691cfa5b77215aebcd0
L3-REG-OD-WCH-MATCHED-UPSTREAM-MATCHED-015	BINUTILS-OBJDUMP	UPSTREAM-MATCHED	tmp/phase3c-driver/upstream-matched-zstd-r3/output/bin/riscv32-wch-elf-objdump	9458d7a07c42c7970131595c984f7b3c587c0a1f1127fff345b435f0bd6cea8a	1696	1752	56	load-command[14]:0xc	LINK-LAYOUT	L3-MAP-OBJDUMP	L3-STAT-OBJDUMP-FUNC,L3-STAT-OBJDUMP-XW,L3-STAT-OBJDUMP-CUSTOM32,L3-STAT-OBJDUMP-PRIORITY	COMPLETE-TILING	L3-177-matched-intervals	pair_id=OD-WCH-MATCHED;file_id=OD-MATCHED;file_size=1970984;interval_sha256=ffa45af4ce6b7780727be9b2f2f9ca0b35932363e311b247d840ef9da1bdc1f5
L3-REG-OD-WCH-MATCHED-UPSTREAM-MATCHED-016	BINUTILS-OBJDUMP	UPSTREAM-MATCHED	tmp/phase3c-driver/upstream-matched-zstd-r3/output/bin/riscv32-wch-elf-objdump	9458d7a07c42c7970131595c984f7b3c587c0a1f1127fff345b435f0bd6cea8a	1752	1800	48	load-command[15]:0xc	LINK-LAYOUT	L3-MAP-OBJDUMP	L3-STAT-OBJDUMP-FUNC,L3-STAT-OBJDUMP-XW,L3-STAT-OBJDUMP-CUSTOM32,L3-STAT-OBJDUMP-PRIORITY	COMPLETE-TILING	L3-177-matched-intervals	pair_id=OD-WCH-MATCHED;file_id=OD-MATCHED;file_size=1970984;interval_sha256=70ad563e95ac2bc9fefdc6ffaf87d87d18272d013bc98f6d4fc78e85e28a9111
L3-REG-OD-WCH-MATCHED-UPSTREAM-MATCHED-017	BINUTILS-OBJDUMP	UPSTREAM-MATCHED	tmp/phase3c-driver/upstream-matched-zstd-r3/output/bin/riscv32-wch-elf-objdump	9458d7a07c42c7970131595c984f7b3c587c0a1f1127fff345b435f0bd6cea8a	1800	1816	16	load-command[16]:0x26	LINK-LAYOUT	L3-MAP-OBJDUMP	L3-STAT-OBJDUMP-FUNC,L3-STAT-OBJDUMP-XW,L3-STAT-OBJDUMP-CUSTOM32,L3-STAT-OBJDUMP-PRIORITY	COMPLETE-TILING	L3-177-matched-intervals	pair_id=OD-WCH-MATCHED;file_id=OD-MATCHED;file_size=1970984;interval_sha256=bea58e2e537a4b338ed9775fe989c1be3845c3c53e03ee678c178cd60543ff8e
L3-REG-OD-WCH-MATCHED-UPSTREAM-MATCHED-018	BINUTILS-OBJDUMP	UPSTREAM-MATCHED	tmp/phase3c-driver/upstream-matched-zstd-r3/output/bin/riscv32-wch-elf-objdump	9458d7a07c42c7970131595c984f7b3c587c0a1f1127fff345b435f0bd6cea8a	1816	1832	16	load-command[17]:0x29	LINK-LAYOUT	L3-MAP-OBJDUMP	L3-STAT-OBJDUMP-FUNC,L3-STAT-OBJDUMP-XW,L3-STAT-OBJDUMP-CUSTOM32,L3-STAT-OBJDUMP-PRIORITY	COMPLETE-TILING	L3-177-matched-intervals	pair_id=OD-WCH-MATCHED;file_id=OD-MATCHED;file_size=1970984;interval_sha256=22ed472e840e11b4e41bacb94dd6f026ea0107c6c061f12721b86fb621e34b30
L3-REG-OD-WCH-MATCHED-UPSTREAM-MATCHED-019	BINUTILS-OBJDUMP	UPSTREAM-MATCHED	tmp/phase3c-driver/upstream-matched-zstd-r3/output/bin/riscv32-wch-elf-objdump	9458d7a07c42c7970131595c984f7b3c587c0a1f1127fff345b435f0bd6cea8a	1832	1848	16	load-command[18]:0x1d	SIGNATURE/UUID/BUILD-METADATA	L3-MAP-OBJDUMP	L3-STAT-OBJDUMP-FUNC,L3-STAT-OBJDUMP-XW,L3-STAT-OBJDUMP-CUSTOM32,L3-STAT-OBJDUMP-PRIORITY	COMPLETE-TILING	L3-177-matched-intervals	pair_id=OD-WCH-MATCHED;file_id=OD-MATCHED;file_size=1970984;interval_sha256=4fc35a577583aa0fd2abc05ab80d2061ab98e01eaa54fef65a9cf0ef0fa24be1
L3-REG-OD-WCH-MATCHED-UPSTREAM-MATCHED-020	BINUTILS-OBJDUMP	UPSTREAM-MATCHED	tmp/phase3c-driver/upstream-matched-zstd-r3/output/bin/riscv32-wch-elf-objdump	9458d7a07c42c7970131595c984f7b3c587c0a1f1127fff345b435f0bd6cea8a	1848	1888	40	segment:__TEXT	PADDING/ALIGNMENT	L3-MAP-OBJDUMP	L3-STAT-OBJDUMP-FUNC,L3-STAT-OBJDUMP-XW,L3-STAT-OBJDUMP-CUSTOM32,L3-STAT-OBJDUMP-PRIORITY	COMPLETE-TILING	L3-177-matched-intervals	pair_id=OD-WCH-MATCHED;file_id=OD-MATCHED;file_size=1970984;interval_sha256=2c34ce1df23b838c5abf2a7f6437cca3d3067ed509ff25f11df6b11b582b51eb
L3-REG-OD-WCH-MATCHED-UPSTREAM-MATCHED-021	BINUTILS-OBJDUMP	UPSTREAM-MATCHED	tmp/phase3c-driver/upstream-matched-zstd-r3/output/bin/riscv32-wch-elf-objdump	9458d7a07c42c7970131595c984f7b3c587c0a1f1127fff345b435f0bd6cea8a	1888	1029852	1027964	section:__TEXT,__text	FUNCTIONAL-CODE	L3-MAP-OBJDUMP	L3-STAT-OBJDUMP-FUNC,L3-STAT-OBJDUMP-XW,L3-STAT-OBJDUMP-CUSTOM32,L3-STAT-OBJDUMP-PRIORITY	COMPLETE-TILING	L3-177-matched-intervals	pair_id=OD-WCH-MATCHED;file_id=OD-MATCHED;file_size=1970984;interval_sha256=6fd000bb3e3bd652e603a1f184139f7761748998021e862cf4221b881d5b4dd3
L3-REG-OD-WCH-MATCHED-UPSTREAM-MATCHED-022	BINUTILS-OBJDUMP	UPSTREAM-MATCHED	tmp/phase3c-driver/upstream-matched-zstd-r3/output/bin/riscv32-wch-elf-objdump	9458d7a07c42c7970131595c984f7b3c587c0a1f1127fff345b435f0bd6cea8a	1029852	1031352	1500	section:__TEXT,__stubs	PACKAGING/DEPENDENCY	L3-MAP-OBJDUMP	L3-STAT-OBJDUMP-FUNC,L3-STAT-OBJDUMP-XW,L3-STAT-OBJDUMP-CUSTOM32,L3-STAT-OBJDUMP-PRIORITY	COMPLETE-TILING	L3-177-matched-intervals	pair_id=OD-WCH-MATCHED;file_id=OD-MATCHED;file_size=1970984;interval_sha256=7d5c90b2bc68363ebcfad0c64162a4fa457ae0687fc885356a2664ad0c1462d9
L3-REG-OD-WCH-MATCHED-UPSTREAM-MATCHED-023	BINUTILS-OBJDUMP	UPSTREAM-MATCHED	tmp/phase3c-driver/upstream-matched-zstd-r3/output/bin/riscv32-wch-elf-objdump	9458d7a07c42c7970131595c984f7b3c587c0a1f1127fff345b435f0bd6cea8a	1031352	1031360	8	segment:__TEXT	PADDING/ALIGNMENT	L3-MAP-OBJDUMP	L3-STAT-OBJDUMP-FUNC,L3-STAT-OBJDUMP-XW,L3-STAT-OBJDUMP-CUSTOM32,L3-STAT-OBJDUMP-PRIORITY	COMPLETE-TILING	L3-177-matched-intervals	pair_id=OD-WCH-MATCHED;file_id=OD-MATCHED;file_size=1970984;interval_sha256=af5570f5a1810b7af78caf4bc70a660f0df51e42baf91d4de5b2328de0e83dfc
L3-REG-OD-WCH-MATCHED-UPSTREAM-MATCHED-024	BINUTILS-OBJDUMP	UPSTREAM-MATCHED	tmp/phase3c-driver/upstream-matched-zstd-r3/output/bin/riscv32-wch-elf-objdump	9458d7a07c42c7970131595c984f7b3c587c0a1f1127fff345b435f0bd6cea8a	1031360	1061784	30424	section:__TEXT,__const	FUNCTIONAL-DATA-TABLE	L3-MAP-OBJDUMP	L3-STAT-OBJDUMP-FUNC,L3-STAT-OBJDUMP-XW,L3-STAT-OBJDUMP-CUSTOM32,L3-STAT-OBJDUMP-PRIORITY	COMPLETE-TILING	L3-177-matched-intervals	pair_id=OD-WCH-MATCHED;file_id=OD-MATCHED;file_size=1970984;interval_sha256=954f52d0bc7758e198841d041f905250ea4ba65593f695c9748f825fe7a71e3e
L3-REG-OD-WCH-MATCHED-UPSTREAM-MATCHED-025	BINUTILS-OBJDUMP	UPSTREAM-MATCHED	tmp/phase3c-driver/upstream-matched-zstd-r3/output/bin/riscv32-wch-elf-objdump	9458d7a07c42c7970131595c984f7b3c587c0a1f1127fff345b435f0bd6cea8a	1061784	1295252	233468	section:__TEXT,__cstring	FUNCTIONAL-DATA-TABLE	L3-MAP-OBJDUMP	L3-STAT-OBJDUMP-FUNC,L3-STAT-OBJDUMP-XW,L3-STAT-OBJDUMP-CUSTOM32,L3-STAT-OBJDUMP-PRIORITY	COMPLETE-TILING	L3-177-matched-intervals	pair_id=OD-WCH-MATCHED;file_id=OD-MATCHED;file_size=1970984;interval_sha256=ffb862f33059ade569b982dbd14a9ed66724448db7464bf2aae61ad3993ee5c5
L3-REG-OD-WCH-MATCHED-UPSTREAM-MATCHED-026	BINUTILS-OBJDUMP	UPSTREAM-MATCHED	tmp/phase3c-driver/upstream-matched-zstd-r3/output/bin/riscv32-wch-elf-objdump	9458d7a07c42c7970131595c984f7b3c587c0a1f1127fff345b435f0bd6cea8a	1295252	1301940	6688	section:__TEXT,__unwind_info	FUNCTIONAL-DATA-TABLE	L3-MAP-OBJDUMP	L3-STAT-OBJDUMP-FUNC,L3-STAT-OBJDUMP-XW,L3-STAT-OBJDUMP-CUSTOM32,L3-STAT-OBJDUMP-PRIORITY	COMPLETE-TILING	L3-177-matched-intervals	pair_id=OD-WCH-MATCHED;file_id=OD-MATCHED;file_size=1970984;interval_sha256=52d8cf236a9e6bd77cd50ad0199ecaad16ad20667112eb5e41a2626dafb7fc85
L3-REG-OD-WCH-MATCHED-UPSTREAM-MATCHED-027	BINUTILS-OBJDUMP	UPSTREAM-MATCHED	tmp/phase3c-driver/upstream-matched-zstd-r3/output/bin/riscv32-wch-elf-objdump	9458d7a07c42c7970131595c984f7b3c587c0a1f1127fff345b435f0bd6cea8a	1301940	1301944	4	segment:__TEXT	PADDING/ALIGNMENT	L3-MAP-OBJDUMP	L3-STAT-OBJDUMP-FUNC,L3-STAT-OBJDUMP-XW,L3-STAT-OBJDUMP-CUSTOM32,L3-STAT-OBJDUMP-PRIORITY	COMPLETE-TILING	L3-177-matched-intervals	pair_id=OD-WCH-MATCHED;file_id=OD-MATCHED;file_size=1970984;interval_sha256=df3f619804a92fdb4057192dc43dd748ea778adc52bc498ce80524c014b81119
L3-REG-OD-WCH-MATCHED-UPSTREAM-MATCHED-028	BINUTILS-OBJDUMP	UPSTREAM-MATCHED	tmp/phase3c-driver/upstream-matched-zstd-r3/output/bin/riscv32-wch-elf-objdump	9458d7a07c42c7970131595c984f7b3c587c0a1f1127fff345b435f0bd6cea8a	1301944	1302024	80	section:__TEXT,__eh_frame	FUNCTIONAL-DATA-TABLE	L3-MAP-OBJDUMP	L3-STAT-OBJDUMP-FUNC,L3-STAT-OBJDUMP-XW,L3-STAT-OBJDUMP-CUSTOM32,L3-STAT-OBJDUMP-PRIORITY	COMPLETE-TILING	L3-177-matched-intervals	pair_id=OD-WCH-MATCHED;file_id=OD-MATCHED;file_size=1970984;interval_sha256=bce26545dd4cc3ee86f9278c1b58d0433d1354c4ad57b561888c1435d53d2660
L3-REG-OD-WCH-MATCHED-UPSTREAM-MATCHED-029	BINUTILS-OBJDUMP	UPSTREAM-MATCHED	tmp/phase3c-driver/upstream-matched-zstd-r3/output/bin/riscv32-wch-elf-objdump	9458d7a07c42c7970131595c984f7b3c587c0a1f1127fff345b435f0bd6cea8a	1302024	1310720	8696	segment:__TEXT	PADDING/ALIGNMENT	L3-MAP-OBJDUMP	L3-STAT-OBJDUMP-FUNC,L3-STAT-OBJDUMP-XW,L3-STAT-OBJDUMP-CUSTOM32,L3-STAT-OBJDUMP-PRIORITY	COMPLETE-TILING	L3-177-matched-intervals	pair_id=OD-WCH-MATCHED;file_id=OD-MATCHED;file_size=1970984;interval_sha256=9ed51a42463e35e80af9f33f588b675c17d12511769bad4aaadb6483591b4e0e
L3-REG-OD-WCH-MATCHED-UPSTREAM-MATCHED-030	BINUTILS-OBJDUMP	UPSTREAM-MATCHED	tmp/phase3c-driver/upstream-matched-zstd-r3/output/bin/riscv32-wch-elf-objdump	9458d7a07c42c7970131595c984f7b3c587c0a1f1127fff345b435f0bd6cea8a	1310720	1311760	1040	section:__DATA_CONST,__got	PACKAGING/DEPENDENCY	L3-MAP-OBJDUMP	L3-STAT-OBJDUMP-FUNC,L3-STAT-OBJDUMP-XW,L3-STAT-OBJDUMP-CUSTOM32,L3-STAT-OBJDUMP-PRIORITY	COMPLETE-TILING	L3-177-matched-intervals	pair_id=OD-WCH-MATCHED;file_id=OD-MATCHED;file_size=1970984;interval_sha256=cab4c94b5083714d476f9addcb5ae438ca5072271b5a87401e68690ae00f0cf2
L3-REG-OD-WCH-MATCHED-UPSTREAM-MATCHED-031	BINUTILS-OBJDUMP	UPSTREAM-MATCHED	tmp/phase3c-driver/upstream-matched-zstd-r3/output/bin/riscv32-wch-elf-objdump	9458d7a07c42c7970131595c984f7b3c587c0a1f1127fff345b435f0bd6cea8a	1311760	1546064	234304	section:__DATA_CONST,__const	FUNCTIONAL-DATA-TABLE	L3-MAP-OBJDUMP	L3-STAT-OBJDUMP-FUNC,L3-STAT-OBJDUMP-XW,L3-STAT-OBJDUMP-CUSTOM32,L3-STAT-OBJDUMP-PRIORITY	COMPLETE-TILING	L3-177-matched-intervals	pair_id=OD-WCH-MATCHED;file_id=OD-MATCHED;file_size=1970984;interval_sha256=73440b9f256dbc01f20592a33ea79111fdd5705f0ff7b825a9f65d35a86ceb38
L3-REG-OD-WCH-MATCHED-UPSTREAM-MATCHED-032	BINUTILS-OBJDUMP	UPSTREAM-MATCHED	tmp/phase3c-driver/upstream-matched-zstd-r3/output/bin/riscv32-wch-elf-objdump	9458d7a07c42c7970131595c984f7b3c587c0a1f1127fff345b435f0bd6cea8a	1546064	1556480	10416	segment:__DATA_CONST	PADDING/ALIGNMENT	L3-MAP-OBJDUMP	L3-STAT-OBJDUMP-FUNC,L3-STAT-OBJDUMP-XW,L3-STAT-OBJDUMP-CUSTOM32,L3-STAT-OBJDUMP-PRIORITY	COMPLETE-TILING	L3-177-matched-intervals	pair_id=OD-WCH-MATCHED;file_id=OD-MATCHED;file_size=1970984;interval_sha256=da72947c2ee39d9c7940e80d4f63544ea1354f9cbaf2f298825178818adb8591
L3-REG-OD-WCH-MATCHED-UPSTREAM-MATCHED-033	BINUTILS-OBJDUMP	UPSTREAM-MATCHED	tmp/phase3c-driver/upstream-matched-zstd-r3/output/bin/riscv32-wch-elf-objdump	9458d7a07c42c7970131595c984f7b3c587c0a1f1127fff345b435f0bd6cea8a	1556480	1573384	16904	section:__DATA,__data	FUNCTIONAL-DATA-TABLE	L3-MAP-OBJDUMP	L3-STAT-OBJDUMP-FUNC,L3-STAT-OBJDUMP-XW,L3-STAT-OBJDUMP-CUSTOM32,L3-STAT-OBJDUMP-PRIORITY	COMPLETE-TILING	L3-177-matched-intervals	pair_id=OD-WCH-MATCHED;file_id=OD-MATCHED;file_size=1970984;interval_sha256=383f773784e76a776b900a835650d3b6b34ac4ef5ebceeca5490ded6bf7c133d
L3-REG-OD-WCH-MATCHED-UPSTREAM-MATCHED-034	BINUTILS-OBJDUMP	UPSTREAM-MATCHED	tmp/phase3c-driver/upstream-matched-zstd-r3/output/bin/riscv32-wch-elf-objdump	9458d7a07c42c7970131595c984f7b3c587c0a1f1127fff345b435f0bd6cea8a	1573384	1573456	72	section:__DATA,__thread_vars	PACKAGING/DEPENDENCY	L3-MAP-OBJDUMP	L3-STAT-OBJDUMP-FUNC,L3-STAT-OBJDUMP-XW,L3-STAT-OBJDUMP-CUSTOM32,L3-STAT-OBJDUMP-PRIORITY	COMPLETE-TILING	L3-177-matched-intervals	pair_id=OD-WCH-MATCHED;file_id=OD-MATCHED;file_size=1970984;interval_sha256=8e04a5ce007105c6d75917e084092eb9ead1413b51183136e6b207e19a2ecb55
L3-REG-OD-WCH-MATCHED-UPSTREAM-MATCHED-035	BINUTILS-OBJDUMP	UPSTREAM-MATCHED	tmp/phase3c-driver/upstream-matched-zstd-r3/output/bin/riscv32-wch-elf-objdump	9458d7a07c42c7970131595c984f7b3c587c0a1f1127fff345b435f0bd6cea8a	1573456	1589248	15792	segment:__DATA	PADDING/ALIGNMENT	L3-MAP-OBJDUMP	L3-STAT-OBJDUMP-FUNC,L3-STAT-OBJDUMP-XW,L3-STAT-OBJDUMP-CUSTOM32,L3-STAT-OBJDUMP-PRIORITY	COMPLETE-TILING	L3-177-matched-intervals	pair_id=OD-WCH-MATCHED;file_id=OD-MATCHED;file_size=1970984;interval_sha256=8d81657a80d43227cf12c2520a9c58f2160bbb6c9b983a3cf26f99a4fc498a34
L3-REG-OD-WCH-MATCHED-UPSTREAM-MATCHED-036	BINUTILS-OBJDUMP	UPSTREAM-MATCHED	tmp/phase3c-driver/upstream-matched-zstd-r3/output/bin/riscv32-wch-elf-objdump	9458d7a07c42c7970131595c984f7b3c587c0a1f1127fff345b435f0bd6cea8a	1589248	1591128	1880	LC_DYLD_CHAINED_FIXUPS-data	PACKAGING/DEPENDENCY	L3-MAP-OBJDUMP	L3-STAT-OBJDUMP-FUNC,L3-STAT-OBJDUMP-XW,L3-STAT-OBJDUMP-CUSTOM32,L3-STAT-OBJDUMP-PRIORITY	COMPLETE-TILING	L3-177-matched-intervals	pair_id=OD-WCH-MATCHED;file_id=OD-MATCHED;file_size=1970984;interval_sha256=2bda07e24a324828c9db4c917eae495036eea01b72ad003bf23e5b12174d17f0
L3-REG-OD-WCH-MATCHED-UPSTREAM-MATCHED-037	BINUTILS-OBJDUMP	UPSTREAM-MATCHED	tmp/phase3c-driver/upstream-matched-zstd-r3/output/bin/riscv32-wch-elf-objdump	9458d7a07c42c7970131595c984f7b3c587c0a1f1127fff345b435f0bd6cea8a	1591128	1620728	29600	LC_DYLD_EXPORTS_TRIE-data	PACKAGING/DEPENDENCY	L3-MAP-OBJDUMP	L3-STAT-OBJDUMP-FUNC,L3-STAT-OBJDUMP-XW,L3-STAT-OBJDUMP-CUSTOM32,L3-STAT-OBJDUMP-PRIORITY	COMPLETE-TILING	L3-177-matched-intervals	pair_id=OD-WCH-MATCHED;file_id=OD-MATCHED;file_size=1970984;interval_sha256=6a34d79de819af45ecb7338479691d52968062cc2a732dedeb8e2f45f6923dc8
L3-REG-OD-WCH-MATCHED-UPSTREAM-MATCHED-038	BINUTILS-OBJDUMP	UPSTREAM-MATCHED	tmp/phase3c-driver/upstream-matched-zstd-r3/output/bin/riscv32-wch-elf-objdump	9458d7a07c42c7970131595c984f7b3c587c0a1f1127fff345b435f0bd6cea8a	1620728	1624552	3824	LC_FUNCTION_STARTS-data	LINK-LAYOUT	L3-MAP-OBJDUMP	L3-STAT-OBJDUMP-FUNC,L3-STAT-OBJDUMP-XW,L3-STAT-OBJDUMP-CUSTOM32,L3-STAT-OBJDUMP-PRIORITY	COMPLETE-TILING	L3-177-matched-intervals	pair_id=OD-WCH-MATCHED;file_id=OD-MATCHED;file_size=1970984;interval_sha256=fdd71c07cd0378d30fada1bbcbaefe49d689572b3b669b16f2f6d8f2ad32ae4b
L3-REG-OD-WCH-MATCHED-UPSTREAM-MATCHED-039	BINUTILS-OBJDUMP	UPSTREAM-MATCHED	tmp/phase3c-driver/upstream-matched-zstd-r3/output/bin/riscv32-wch-elf-objdump	9458d7a07c42c7970131595c984f7b3c587c0a1f1127fff345b435f0bd6cea8a	1624552	1851640	227088	LC_SYMTAB-symbols	STRIP/DEBUG/SYMBOL-LAYOUT	L3-MAP-OBJDUMP	L3-STAT-OBJDUMP-FUNC,L3-STAT-OBJDUMP-XW,L3-STAT-OBJDUMP-CUSTOM32,L3-STAT-OBJDUMP-PRIORITY	COMPLETE-TILING	L3-177-matched-intervals	pair_id=OD-WCH-MATCHED;file_id=OD-MATCHED;file_size=1970984;interval_sha256=26d5a2c445006213469c63635108c7fb2f0feb62db46250acbab47f37295ede3
L3-REG-OD-WCH-MATCHED-UPSTREAM-MATCHED-040	BINUTILS-OBJDUMP	UPSTREAM-MATCHED	tmp/phase3c-driver/upstream-matched-zstd-r3/output/bin/riscv32-wch-elf-objdump	9458d7a07c42c7970131595c984f7b3c587c0a1f1127fff345b435f0bd6cea8a	1851640	1852660	1020	LC_DYSYMTAB-indirect-symbols	STRIP/DEBUG/SYMBOL-LAYOUT	L3-MAP-OBJDUMP	L3-STAT-OBJDUMP-FUNC,L3-STAT-OBJDUMP-XW,L3-STAT-OBJDUMP-CUSTOM32,L3-STAT-OBJDUMP-PRIORITY	COMPLETE-TILING	L3-177-matched-intervals	pair_id=OD-WCH-MATCHED;file_id=OD-MATCHED;file_size=1970984;interval_sha256=c60bd7c53d0c376db38ce32abe49a0da0a7c046db36c79df470832d8dce355c9
L3-REG-OD-WCH-MATCHED-UPSTREAM-MATCHED-041	BINUTILS-OBJDUMP	UPSTREAM-MATCHED	tmp/phase3c-driver/upstream-matched-zstd-r3/output/bin/riscv32-wch-elf-objdump	9458d7a07c42c7970131595c984f7b3c587c0a1f1127fff345b435f0bd6cea8a	1852660	1852664	4	segment:__LINKEDIT	LINK-LAYOUT	L3-MAP-OBJDUMP	L3-STAT-OBJDUMP-FUNC,L3-STAT-OBJDUMP-XW,L3-STAT-OBJDUMP-CUSTOM32,L3-STAT-OBJDUMP-PRIORITY	COMPLETE-TILING	L3-177-matched-intervals	pair_id=OD-WCH-MATCHED;file_id=OD-MATCHED;file_size=1970984;interval_sha256=df3f619804a92fdb4057192dc43dd748ea778adc52bc498ce80524c014b81119
L3-REG-OD-WCH-MATCHED-UPSTREAM-MATCHED-042	BINUTILS-OBJDUMP	UPSTREAM-MATCHED	tmp/phase3c-driver/upstream-matched-zstd-r3/output/bin/riscv32-wch-elf-objdump	9458d7a07c42c7970131595c984f7b3c587c0a1f1127fff345b435f0bd6cea8a	1852664	1955568	102904	LC_SYMTAB-strings	STRIP/DEBUG/SYMBOL-LAYOUT	L3-MAP-OBJDUMP	L3-STAT-OBJDUMP-FUNC,L3-STAT-OBJDUMP-XW,L3-STAT-OBJDUMP-CUSTOM32,L3-STAT-OBJDUMP-PRIORITY	COMPLETE-TILING	L3-177-matched-intervals	pair_id=OD-WCH-MATCHED;file_id=OD-MATCHED;file_size=1970984;interval_sha256=28bf5cabf49181759631fd7a316aab0eeeb6eb2b9d789c24bfbb782342162ad7
L3-REG-OD-WCH-MATCHED-UPSTREAM-MATCHED-043	BINUTILS-OBJDUMP	UPSTREAM-MATCHED	tmp/phase3c-driver/upstream-matched-zstd-r3/output/bin/riscv32-wch-elf-objdump	9458d7a07c42c7970131595c984f7b3c587c0a1f1127fff345b435f0bd6cea8a	1955568	1970984	15416	LC_CODE_SIGNATURE-data	SIGNATURE/UUID/BUILD-METADATA	L3-MAP-OBJDUMP	L3-STAT-OBJDUMP-FUNC,L3-STAT-OBJDUMP-XW,L3-STAT-OBJDUMP-CUSTOM32,L3-STAT-OBJDUMP-PRIORITY	COMPLETE-TILING	L3-177-matched-intervals	pair_id=OD-WCH-MATCHED;file_id=OD-MATCHED;file_size=1970984;interval_sha256=65ae83f59362f4187b32c89899d67d64059116b7405db5daa3c7fbd97e2e2952
L3-REG-OD-WCH-P2-UPSTREAM-P2-000	BINUTILS-OBJDUMP	UPSTREAM-P2	tmp/phase2-evidence/literal-clean/quarantine-toolchain_15.2.0-run1/riscv-gnu-toolchain/output/bin/riscv32-wch-elf-objdump	74ccd23e5f9d64ce7132c37f9ebdd807cf8d7082463fd9da9e355d9c285afea0	0	32	32	mach_header_64	LINK-LAYOUT	L3-MAP-OBJDUMP	L3-STAT-OBJDUMP-FUNC,L3-STAT-OBJDUMP-XW,L3-STAT-OBJDUMP-CUSTOM32,L3-STAT-OBJDUMP-PRIORITY	COMPLETE-TILING	L3-112	pair_id=OD-WCH-P2;file_id=OD-P2;file_size=1959240;interval_sha256=9244e1e363dd23fc8a4d22f3d657b033048b1b86c4645b9afa95fad8c269f225
L3-REG-OD-WCH-P2-UPSTREAM-P2-001	BINUTILS-OBJDUMP	UPSTREAM-P2	tmp/phase2-evidence/literal-clean/quarantine-toolchain_15.2.0-run1/riscv-gnu-toolchain/output/bin/riscv32-wch-elf-objdump	74ccd23e5f9d64ce7132c37f9ebdd807cf8d7082463fd9da9e355d9c285afea0	32	104	72	load-command[0]:0x19	LINK-LAYOUT	L3-MAP-OBJDUMP	L3-STAT-OBJDUMP-FUNC,L3-STAT-OBJDUMP-XW,L3-STAT-OBJDUMP-CUSTOM32,L3-STAT-OBJDUMP-PRIORITY	COMPLETE-TILING	L3-112	pair_id=OD-WCH-P2;file_id=OD-P2;file_size=1959240;interval_sha256=38432a8fbcbe1ae9fdf9263fe1e4e948de98131833cc5e5333f375dcf5f6333f
L3-REG-OD-WCH-P2-UPSTREAM-P2-002	BINUTILS-OBJDUMP	UPSTREAM-P2	tmp/phase2-evidence/literal-clean/quarantine-toolchain_15.2.0-run1/riscv-gnu-toolchain/output/bin/riscv32-wch-elf-objdump	74ccd23e5f9d64ce7132c37f9ebdd807cf8d7082463fd9da9e355d9c285afea0	104	656	552	load-command[1]:0x19	LINK-LAYOUT	L3-MAP-OBJDUMP	L3-STAT-OBJDUMP-FUNC,L3-STAT-OBJDUMP-XW,L3-STAT-OBJDUMP-CUSTOM32,L3-STAT-OBJDUMP-PRIORITY	COMPLETE-TILING	L3-112	pair_id=OD-WCH-P2;file_id=OD-P2;file_size=1959240;interval_sha256=d93e434de4861c15beefd2b7ed0c7a7d5d5863d7ea5edfca47fe818646ff65d6
L3-REG-OD-WCH-P2-UPSTREAM-P2-003	BINUTILS-OBJDUMP	UPSTREAM-P2	tmp/phase2-evidence/literal-clean/quarantine-toolchain_15.2.0-run1/riscv-gnu-toolchain/output/bin/riscv32-wch-elf-objdump	74ccd23e5f9d64ce7132c37f9ebdd807cf8d7082463fd9da9e355d9c285afea0	656	888	232	load-command[2]:0x19	LINK-LAYOUT	L3-MAP-OBJDUMP	L3-STAT-OBJDUMP-FUNC,L3-STAT-OBJDUMP-XW,L3-STAT-OBJDUMP-CUSTOM32,L3-STAT-OBJDUMP-PRIORITY	COMPLETE-TILING	L3-112	pair_id=OD-WCH-P2;file_id=OD-P2;file_size=1959240;interval_sha256=2f6615f208aadd35c221ac0ca3b46265cae5cd3bd9efdf0c5302907d3b3c977f
L3-REG-OD-WCH-P2-UPSTREAM-P2-004	BINUTILS-OBJDUMP	UPSTREAM-P2	tmp/phase2-evidence/literal-clean/quarantine-toolchain_15.2.0-run1/riscv-gnu-toolchain/output/bin/riscv32-wch-elf-objdump	74ccd23e5f9d64ce7132c37f9ebdd807cf8d7082463fd9da9e355d9c285afea0	888	1360	472	load-command[3]:0x19	LINK-LAYOUT	L3-MAP-OBJDUMP	L3-STAT-OBJDUMP-FUNC,L3-STAT-OBJDUMP-XW,L3-STAT-OBJDUMP-CUSTOM32,L3-STAT-OBJDUMP-PRIORITY	COMPLETE-TILING	L3-112	pair_id=OD-WCH-P2;file_id=OD-P2;file_size=1959240;interval_sha256=3c9cc9536341a0eb3a037f1a4c55de1df48b33a580cdf8a48cab8e70a456e124
L3-REG-OD-WCH-P2-UPSTREAM-P2-005	BINUTILS-OBJDUMP	UPSTREAM-P2	tmp/phase2-evidence/literal-clean/quarantine-toolchain_15.2.0-run1/riscv-gnu-toolchain/output/bin/riscv32-wch-elf-objdump	74ccd23e5f9d64ce7132c37f9ebdd807cf8d7082463fd9da9e355d9c285afea0	1360	1432	72	load-command[4]:0x19	LINK-LAYOUT	L3-MAP-OBJDUMP	L3-STAT-OBJDUMP-FUNC,L3-STAT-OBJDUMP-XW,L3-STAT-OBJDUMP-CUSTOM32,L3-STAT-OBJDUMP-PRIORITY	COMPLETE-TILING	L3-112	pair_id=OD-WCH-P2;file_id=OD-P2;file_size=1959240;interval_sha256=226dc0c3eb72cefe22af56712e817359db8f80346885d2283d18a422c75a5fb6
L3-REG-OD-WCH-P2-UPSTREAM-P2-006	BINUTILS-OBJDUMP	UPSTREAM-P2	tmp/phase2-evidence/literal-clean/quarantine-toolchain_15.2.0-run1/riscv-gnu-toolchain/output/bin/riscv32-wch-elf-objdump	74ccd23e5f9d64ce7132c37f9ebdd807cf8d7082463fd9da9e355d9c285afea0	1432	1448	16	load-command[5]:0x80000034	LINK-LAYOUT	L3-MAP-OBJDUMP	L3-STAT-OBJDUMP-FUNC,L3-STAT-OBJDUMP-XW,L3-STAT-OBJDUMP-CUSTOM32,L3-STAT-OBJDUMP-PRIORITY	COMPLETE-TILING	L3-112	pair_id=OD-WCH-P2;file_id=OD-P2;file_size=1959240;interval_sha256=5506d3151a4d34bc76722caf268f8574192c2def3ca4db936d5a8d002a692b5b
L3-REG-OD-WCH-P2-UPSTREAM-P2-007	BINUTILS-OBJDUMP	UPSTREAM-P2	tmp/phase2-evidence/literal-clean/quarantine-toolchain_15.2.0-run1/riscv-gnu-toolchain/output/bin/riscv32-wch-elf-objdump	74ccd23e5f9d64ce7132c37f9ebdd807cf8d7082463fd9da9e355d9c285afea0	1448	1464	16	load-command[6]:0x80000033	LINK-LAYOUT	L3-MAP-OBJDUMP	L3-STAT-OBJDUMP-FUNC,L3-STAT-OBJDUMP-XW,L3-STAT-OBJDUMP-CUSTOM32,L3-STAT-OBJDUMP-PRIORITY	COMPLETE-TILING	L3-112	pair_id=OD-WCH-P2;file_id=OD-P2;file_size=1959240;interval_sha256=fd434e2a2c9f7c13ee71070011761d31532ffa413206b48968d059b13afcbcc1
L3-REG-OD-WCH-P2-UPSTREAM-P2-008	BINUTILS-OBJDUMP	UPSTREAM-P2	tmp/phase2-evidence/literal-clean/quarantine-toolchain_15.2.0-run1/riscv-gnu-toolchain/output/bin/riscv32-wch-elf-objdump	74ccd23e5f9d64ce7132c37f9ebdd807cf8d7082463fd9da9e355d9c285afea0	1464	1488	24	load-command[7]:0x2	LINK-LAYOUT	L3-MAP-OBJDUMP	L3-STAT-OBJDUMP-FUNC,L3-STAT-OBJDUMP-XW,L3-STAT-OBJDUMP-CUSTOM32,L3-STAT-OBJDUMP-PRIORITY	COMPLETE-TILING	L3-112	pair_id=OD-WCH-P2;file_id=OD-P2;file_size=1959240;interval_sha256=ee175a80038e802d4a91599fac18610149860593889d3220b9eeb7671a6af81d
L3-REG-OD-WCH-P2-UPSTREAM-P2-009	BINUTILS-OBJDUMP	UPSTREAM-P2	tmp/phase2-evidence/literal-clean/quarantine-toolchain_15.2.0-run1/riscv-gnu-toolchain/output/bin/riscv32-wch-elf-objdump	74ccd23e5f9d64ce7132c37f9ebdd807cf8d7082463fd9da9e355d9c285afea0	1488	1568	80	load-command[8]:0xb	LINK-LAYOUT	L3-MAP-OBJDUMP	L3-STAT-OBJDUMP-FUNC,L3-STAT-OBJDUMP-XW,L3-STAT-OBJDUMP-CUSTOM32,L3-STAT-OBJDUMP-PRIORITY	COMPLETE-TILING	L3-112	pair_id=OD-WCH-P2;file_id=OD-P2;file_size=1959240;interval_sha256=1d5d5401826177e18d56a96afaefec083baf2da20219304e985a04e0b01df94d
L3-REG-OD-WCH-P2-UPSTREAM-P2-010	BINUTILS-OBJDUMP	UPSTREAM-P2	tmp/phase2-evidence/literal-clean/quarantine-toolchain_15.2.0-run1/riscv-gnu-toolchain/output/bin/riscv32-wch-elf-objdump	74ccd23e5f9d64ce7132c37f9ebdd807cf8d7082463fd9da9e355d9c285afea0	1568	1600	32	load-command[9]:0xe	LINK-LAYOUT	L3-MAP-OBJDUMP	L3-STAT-OBJDUMP-FUNC,L3-STAT-OBJDUMP-XW,L3-STAT-OBJDUMP-CUSTOM32,L3-STAT-OBJDUMP-PRIORITY	COMPLETE-TILING	L3-112	pair_id=OD-WCH-P2;file_id=OD-P2;file_size=1959240;interval_sha256=44316cf4f366f41aa06996613c44af75e34479362928faf61a168c2a203b5999
L3-REG-OD-WCH-P2-UPSTREAM-P2-011	BINUTILS-OBJDUMP	UPSTREAM-P2	tmp/phase2-evidence/literal-clean/quarantine-toolchain_15.2.0-run1/riscv-gnu-toolchain/output/bin/riscv32-wch-elf-objdump	74ccd23e5f9d64ce7132c37f9ebdd807cf8d7082463fd9da9e355d9c285afea0	1600	1624	24	load-command[10]:0x1b	SIGNATURE/UUID/BUILD-METADATA	L3-MAP-OBJDUMP	L3-STAT-OBJDUMP-FUNC,L3-STAT-OBJDUMP-XW,L3-STAT-OBJDUMP-CUSTOM32,L3-STAT-OBJDUMP-PRIORITY	COMPLETE-TILING	L3-112	pair_id=OD-WCH-P2;file_id=OD-P2;file_size=1959240;interval_sha256=2c93832417d8cb25b26f2e6659d7aa280de869a5bb89ae7e8a2662308f929620
L3-REG-OD-WCH-P2-UPSTREAM-P2-012	BINUTILS-OBJDUMP	UPSTREAM-P2	tmp/phase2-evidence/literal-clean/quarantine-toolchain_15.2.0-run1/riscv-gnu-toolchain/output/bin/riscv32-wch-elf-objdump	74ccd23e5f9d64ce7132c37f9ebdd807cf8d7082463fd9da9e355d9c285afea0	1624	1656	32	load-command[11]:0x32	SIGNATURE/UUID/BUILD-METADATA	L3-MAP-OBJDUMP	L3-STAT-OBJDUMP-FUNC,L3-STAT-OBJDUMP-XW,L3-STAT-OBJDUMP-CUSTOM32,L3-STAT-OBJDUMP-PRIORITY	COMPLETE-TILING	L3-112	pair_id=OD-WCH-P2;file_id=OD-P2;file_size=1959240;interval_sha256=06be0acc3151d0cb3a5720312a0ae05bf2376d394c98194de6f77801b59ab2e0
L3-REG-OD-WCH-P2-UPSTREAM-P2-013	BINUTILS-OBJDUMP	UPSTREAM-P2	tmp/phase2-evidence/literal-clean/quarantine-toolchain_15.2.0-run1/riscv-gnu-toolchain/output/bin/riscv32-wch-elf-objdump	74ccd23e5f9d64ce7132c37f9ebdd807cf8d7082463fd9da9e355d9c285afea0	1656	1672	16	load-command[12]:0x2a	SIGNATURE/UUID/BUILD-METADATA	L3-MAP-OBJDUMP	L3-STAT-OBJDUMP-FUNC,L3-STAT-OBJDUMP-XW,L3-STAT-OBJDUMP-CUSTOM32,L3-STAT-OBJDUMP-PRIORITY	COMPLETE-TILING	L3-112	pair_id=OD-WCH-P2;file_id=OD-P2;file_size=1959240;interval_sha256=01a60f1db7db041298aa3e269ff5ebea951aa6977963e4ab563905da906d2b82
L3-REG-OD-WCH-P2-UPSTREAM-P2-014	BINUTILS-OBJDUMP	UPSTREAM-P2	tmp/phase2-evidence/literal-clean/quarantine-toolchain_15.2.0-run1/riscv-gnu-toolchain/output/bin/riscv32-wch-elf-objdump	74ccd23e5f9d64ce7132c37f9ebdd807cf8d7082463fd9da9e355d9c285afea0	1672	1696	24	load-command[13]:0x80000028	LINK-LAYOUT	L3-MAP-OBJDUMP	L3-STAT-OBJDUMP-FUNC,L3-STAT-OBJDUMP-XW,L3-STAT-OBJDUMP-CUSTOM32,L3-STAT-OBJDUMP-PRIORITY	COMPLETE-TILING	L3-112	pair_id=OD-WCH-P2;file_id=OD-P2;file_size=1959240;interval_sha256=c6511cf58263464f22ac46f1b9f5389980debaa6b8edc691cfa5b77215aebcd0
L3-REG-OD-WCH-P2-UPSTREAM-P2-015	BINUTILS-OBJDUMP	UPSTREAM-P2	tmp/phase2-evidence/literal-clean/quarantine-toolchain_15.2.0-run1/riscv-gnu-toolchain/output/bin/riscv32-wch-elf-objdump	74ccd23e5f9d64ce7132c37f9ebdd807cf8d7082463fd9da9e355d9c285afea0	1696	1752	56	load-command[14]:0xc	LINK-LAYOUT	L3-MAP-OBJDUMP	L3-STAT-OBJDUMP-FUNC,L3-STAT-OBJDUMP-XW,L3-STAT-OBJDUMP-CUSTOM32,L3-STAT-OBJDUMP-PRIORITY	COMPLETE-TILING	L3-112	pair_id=OD-WCH-P2;file_id=OD-P2;file_size=1959240;interval_sha256=ffa45af4ce6b7780727be9b2f2f9ca0b35932363e311b247d840ef9da1bdc1f5
L3-REG-OD-WCH-P2-UPSTREAM-P2-016	BINUTILS-OBJDUMP	UPSTREAM-P2	tmp/phase2-evidence/literal-clean/quarantine-toolchain_15.2.0-run1/riscv-gnu-toolchain/output/bin/riscv32-wch-elf-objdump	74ccd23e5f9d64ce7132c37f9ebdd807cf8d7082463fd9da9e355d9c285afea0	1752	1800	48	load-command[15]:0xc	LINK-LAYOUT	L3-MAP-OBJDUMP	L3-STAT-OBJDUMP-FUNC,L3-STAT-OBJDUMP-XW,L3-STAT-OBJDUMP-CUSTOM32,L3-STAT-OBJDUMP-PRIORITY	COMPLETE-TILING	L3-112	pair_id=OD-WCH-P2;file_id=OD-P2;file_size=1959240;interval_sha256=70ad563e95ac2bc9fefdc6ffaf87d87d18272d013bc98f6d4fc78e85e28a9111
L3-REG-OD-WCH-P2-UPSTREAM-P2-017	BINUTILS-OBJDUMP	UPSTREAM-P2	tmp/phase2-evidence/literal-clean/quarantine-toolchain_15.2.0-run1/riscv-gnu-toolchain/output/bin/riscv32-wch-elf-objdump	74ccd23e5f9d64ce7132c37f9ebdd807cf8d7082463fd9da9e355d9c285afea0	1800	1816	16	load-command[16]:0x26	LINK-LAYOUT	L3-MAP-OBJDUMP	L3-STAT-OBJDUMP-FUNC,L3-STAT-OBJDUMP-XW,L3-STAT-OBJDUMP-CUSTOM32,L3-STAT-OBJDUMP-PRIORITY	COMPLETE-TILING	L3-112	pair_id=OD-WCH-P2;file_id=OD-P2;file_size=1959240;interval_sha256=bea58e2e537a4b338ed9775fe989c1be3845c3c53e03ee678c178cd60543ff8e
L3-REG-OD-WCH-P2-UPSTREAM-P2-018	BINUTILS-OBJDUMP	UPSTREAM-P2	tmp/phase2-evidence/literal-clean/quarantine-toolchain_15.2.0-run1/riscv-gnu-toolchain/output/bin/riscv32-wch-elf-objdump	74ccd23e5f9d64ce7132c37f9ebdd807cf8d7082463fd9da9e355d9c285afea0	1816	1832	16	load-command[17]:0x29	LINK-LAYOUT	L3-MAP-OBJDUMP	L3-STAT-OBJDUMP-FUNC,L3-STAT-OBJDUMP-XW,L3-STAT-OBJDUMP-CUSTOM32,L3-STAT-OBJDUMP-PRIORITY	COMPLETE-TILING	L3-112	pair_id=OD-WCH-P2;file_id=OD-P2;file_size=1959240;interval_sha256=22ed472e840e11b4e41bacb94dd6f026ea0107c6c061f12721b86fb621e34b30
L3-REG-OD-WCH-P2-UPSTREAM-P2-019	BINUTILS-OBJDUMP	UPSTREAM-P2	tmp/phase2-evidence/literal-clean/quarantine-toolchain_15.2.0-run1/riscv-gnu-toolchain/output/bin/riscv32-wch-elf-objdump	74ccd23e5f9d64ce7132c37f9ebdd807cf8d7082463fd9da9e355d9c285afea0	1832	1848	16	load-command[18]:0x1d	SIGNATURE/UUID/BUILD-METADATA	L3-MAP-OBJDUMP	L3-STAT-OBJDUMP-FUNC,L3-STAT-OBJDUMP-XW,L3-STAT-OBJDUMP-CUSTOM32,L3-STAT-OBJDUMP-PRIORITY	COMPLETE-TILING	L3-112	pair_id=OD-WCH-P2;file_id=OD-P2;file_size=1959240;interval_sha256=87907229eb41e0c3403aebd5591422b2ff9ebdb7b6bddb223460dcd85fa160e4
L3-REG-OD-WCH-P2-UPSTREAM-P2-020	BINUTILS-OBJDUMP	UPSTREAM-P2	tmp/phase2-evidence/literal-clean/quarantine-toolchain_15.2.0-run1/riscv-gnu-toolchain/output/bin/riscv32-wch-elf-objdump	74ccd23e5f9d64ce7132c37f9ebdd807cf8d7082463fd9da9e355d9c285afea0	1848	1888	40	segment:__TEXT	PADDING/ALIGNMENT	L3-MAP-OBJDUMP	L3-STAT-OBJDUMP-FUNC,L3-STAT-OBJDUMP-XW,L3-STAT-OBJDUMP-CUSTOM32,L3-STAT-OBJDUMP-PRIORITY	COMPLETE-TILING	L3-112	pair_id=OD-WCH-P2;file_id=OD-P2;file_size=1959240;interval_sha256=2c34ce1df23b838c5abf2a7f6437cca3d3067ed509ff25f11df6b11b582b51eb
L3-REG-OD-WCH-P2-UPSTREAM-P2-021	BINUTILS-OBJDUMP	UPSTREAM-P2	tmp/phase2-evidence/literal-clean/quarantine-toolchain_15.2.0-run1/riscv-gnu-toolchain/output/bin/riscv32-wch-elf-objdump	74ccd23e5f9d64ce7132c37f9ebdd807cf8d7082463fd9da9e355d9c285afea0	1888	1029852	1027964	section:__TEXT,__text	FUNCTIONAL-CODE	L3-MAP-OBJDUMP	L3-STAT-OBJDUMP-FUNC,L3-STAT-OBJDUMP-XW,L3-STAT-OBJDUMP-CUSTOM32,L3-STAT-OBJDUMP-PRIORITY	COMPLETE-TILING	L3-112	pair_id=OD-WCH-P2;file_id=OD-P2;file_size=1959240;interval_sha256=858e769c92c2c6e307258228ac8592378a4fcec8eb5884a72474a5f0e0df950f
L3-REG-OD-WCH-P2-UPSTREAM-P2-022	BINUTILS-OBJDUMP	UPSTREAM-P2	tmp/phase2-evidence/literal-clean/quarantine-toolchain_15.2.0-run1/riscv-gnu-toolchain/output/bin/riscv32-wch-elf-objdump	74ccd23e5f9d64ce7132c37f9ebdd807cf8d7082463fd9da9e355d9c285afea0	1029852	1031352	1500	section:__TEXT,__stubs	PACKAGING/DEPENDENCY	L3-MAP-OBJDUMP	L3-STAT-OBJDUMP-FUNC,L3-STAT-OBJDUMP-XW,L3-STAT-OBJDUMP-CUSTOM32,L3-STAT-OBJDUMP-PRIORITY	COMPLETE-TILING	L3-112	pair_id=OD-WCH-P2;file_id=OD-P2;file_size=1959240;interval_sha256=7d5c90b2bc68363ebcfad0c64162a4fa457ae0687fc885356a2664ad0c1462d9
L3-REG-OD-WCH-P2-UPSTREAM-P2-023	BINUTILS-OBJDUMP	UPSTREAM-P2	tmp/phase2-evidence/literal-clean/quarantine-toolchain_15.2.0-run1/riscv-gnu-toolchain/output/bin/riscv32-wch-elf-objdump	74ccd23e5f9d64ce7132c37f9ebdd807cf8d7082463fd9da9e355d9c285afea0	1031352	1031360	8	segment:__TEXT	PADDING/ALIGNMENT	L3-MAP-OBJDUMP	L3-STAT-OBJDUMP-FUNC,L3-STAT-OBJDUMP-XW,L3-STAT-OBJDUMP-CUSTOM32,L3-STAT-OBJDUMP-PRIORITY	COMPLETE-TILING	L3-112	pair_id=OD-WCH-P2;file_id=OD-P2;file_size=1959240;interval_sha256=af5570f5a1810b7af78caf4bc70a660f0df51e42baf91d4de5b2328de0e83dfc
L3-REG-OD-WCH-P2-UPSTREAM-P2-024	BINUTILS-OBJDUMP	UPSTREAM-P2	tmp/phase2-evidence/literal-clean/quarantine-toolchain_15.2.0-run1/riscv-gnu-toolchain/output/bin/riscv32-wch-elf-objdump	74ccd23e5f9d64ce7132c37f9ebdd807cf8d7082463fd9da9e355d9c285afea0	1031360	1061784	30424	section:__TEXT,__const	FUNCTIONAL-DATA-TABLE	L3-MAP-OBJDUMP	L3-STAT-OBJDUMP-FUNC,L3-STAT-OBJDUMP-XW,L3-STAT-OBJDUMP-CUSTOM32,L3-STAT-OBJDUMP-PRIORITY	COMPLETE-TILING	L3-112	pair_id=OD-WCH-P2;file_id=OD-P2;file_size=1959240;interval_sha256=954f52d0bc7758e198841d041f905250ea4ba65593f695c9748f825fe7a71e3e
L3-REG-OD-WCH-P2-UPSTREAM-P2-025	BINUTILS-OBJDUMP	UPSTREAM-P2	tmp/phase2-evidence/literal-clean/quarantine-toolchain_15.2.0-run1/riscv-gnu-toolchain/output/bin/riscv32-wch-elf-objdump	74ccd23e5f9d64ce7132c37f9ebdd807cf8d7082463fd9da9e355d9c285afea0	1061784	1291500	229716	section:__TEXT,__cstring	FUNCTIONAL-DATA-TABLE	L3-MAP-OBJDUMP	L3-STAT-OBJDUMP-FUNC,L3-STAT-OBJDUMP-XW,L3-STAT-OBJDUMP-CUSTOM32,L3-STAT-OBJDUMP-PRIORITY	COMPLETE-TILING	L3-112	pair_id=OD-WCH-P2;file_id=OD-P2;file_size=1959240;interval_sha256=6ae40ac342c70c541dafe566da4604b1d90b10e43c63057a054a350b88be64a0
L3-REG-OD-WCH-P2-UPSTREAM-P2-026	BINUTILS-OBJDUMP	UPSTREAM-P2	tmp/phase2-evidence/literal-clean/quarantine-toolchain_15.2.0-run1/riscv-gnu-toolchain/output/bin/riscv32-wch-elf-objdump	74ccd23e5f9d64ce7132c37f9ebdd807cf8d7082463fd9da9e355d9c285afea0	1291500	1298188	6688	section:__TEXT,__unwind_info	FUNCTIONAL-DATA-TABLE	L3-MAP-OBJDUMP	L3-STAT-OBJDUMP-FUNC,L3-STAT-OBJDUMP-XW,L3-STAT-OBJDUMP-CUSTOM32,L3-STAT-OBJDUMP-PRIORITY	COMPLETE-TILING	L3-112	pair_id=OD-WCH-P2;file_id=OD-P2;file_size=1959240;interval_sha256=52d8cf236a9e6bd77cd50ad0199ecaad16ad20667112eb5e41a2626dafb7fc85
L3-REG-OD-WCH-P2-UPSTREAM-P2-027	BINUTILS-OBJDUMP	UPSTREAM-P2	tmp/phase2-evidence/literal-clean/quarantine-toolchain_15.2.0-run1/riscv-gnu-toolchain/output/bin/riscv32-wch-elf-objdump	74ccd23e5f9d64ce7132c37f9ebdd807cf8d7082463fd9da9e355d9c285afea0	1298188	1298192	4	segment:__TEXT	PADDING/ALIGNMENT	L3-MAP-OBJDUMP	L3-STAT-OBJDUMP-FUNC,L3-STAT-OBJDUMP-XW,L3-STAT-OBJDUMP-CUSTOM32,L3-STAT-OBJDUMP-PRIORITY	COMPLETE-TILING	L3-112	pair_id=OD-WCH-P2;file_id=OD-P2;file_size=1959240;interval_sha256=df3f619804a92fdb4057192dc43dd748ea778adc52bc498ce80524c014b81119
L3-REG-OD-WCH-P2-UPSTREAM-P2-028	BINUTILS-OBJDUMP	UPSTREAM-P2	tmp/phase2-evidence/literal-clean/quarantine-toolchain_15.2.0-run1/riscv-gnu-toolchain/output/bin/riscv32-wch-elf-objdump	74ccd23e5f9d64ce7132c37f9ebdd807cf8d7082463fd9da9e355d9c285afea0	1298192	1298272	80	section:__TEXT,__eh_frame	FUNCTIONAL-DATA-TABLE	L3-MAP-OBJDUMP	L3-STAT-OBJDUMP-FUNC,L3-STAT-OBJDUMP-XW,L3-STAT-OBJDUMP-CUSTOM32,L3-STAT-OBJDUMP-PRIORITY	COMPLETE-TILING	L3-112	pair_id=OD-WCH-P2;file_id=OD-P2;file_size=1959240;interval_sha256=b34f0e84132776c8139b24711118385788910982531bd393ccc9e2eff3fc1f90
L3-REG-OD-WCH-P2-UPSTREAM-P2-029	BINUTILS-OBJDUMP	UPSTREAM-P2	tmp/phase2-evidence/literal-clean/quarantine-toolchain_15.2.0-run1/riscv-gnu-toolchain/output/bin/riscv32-wch-elf-objdump	74ccd23e5f9d64ce7132c37f9ebdd807cf8d7082463fd9da9e355d9c285afea0	1298272	1310720	12448	segment:__TEXT	PADDING/ALIGNMENT	L3-MAP-OBJDUMP	L3-STAT-OBJDUMP-FUNC,L3-STAT-OBJDUMP-XW,L3-STAT-OBJDUMP-CUSTOM32,L3-STAT-OBJDUMP-PRIORITY	COMPLETE-TILING	L3-112	pair_id=OD-WCH-P2;file_id=OD-P2;file_size=1959240;interval_sha256=ddb5b9d16704eff0520abd7d1b5e3253814cfd74c26d8a4e68ebcc5cd258098b
L3-REG-OD-WCH-P2-UPSTREAM-P2-030	BINUTILS-OBJDUMP	UPSTREAM-P2	tmp/phase2-evidence/literal-clean/quarantine-toolchain_15.2.0-run1/riscv-gnu-toolchain/output/bin/riscv32-wch-elf-objdump	74ccd23e5f9d64ce7132c37f9ebdd807cf8d7082463fd9da9e355d9c285afea0	1310720	1311760	1040	section:__DATA_CONST,__got	PACKAGING/DEPENDENCY	L3-MAP-OBJDUMP	L3-STAT-OBJDUMP-FUNC,L3-STAT-OBJDUMP-XW,L3-STAT-OBJDUMP-CUSTOM32,L3-STAT-OBJDUMP-PRIORITY	COMPLETE-TILING	L3-112	pair_id=OD-WCH-P2;file_id=OD-P2;file_size=1959240;interval_sha256=cab4c94b5083714d476f9addcb5ae438ca5072271b5a87401e68690ae00f0cf2
L3-REG-OD-WCH-P2-UPSTREAM-P2-031	BINUTILS-OBJDUMP	UPSTREAM-P2	tmp/phase2-evidence/literal-clean/quarantine-toolchain_15.2.0-run1/riscv-gnu-toolchain/output/bin/riscv32-wch-elf-objdump	74ccd23e5f9d64ce7132c37f9ebdd807cf8d7082463fd9da9e355d9c285afea0	1311760	1546064	234304	section:__DATA_CONST,__const	FUNCTIONAL-DATA-TABLE	L3-MAP-OBJDUMP	L3-STAT-OBJDUMP-FUNC,L3-STAT-OBJDUMP-XW,L3-STAT-OBJDUMP-CUSTOM32,L3-STAT-OBJDUMP-PRIORITY	COMPLETE-TILING	L3-112	pair_id=OD-WCH-P2;file_id=OD-P2;file_size=1959240;interval_sha256=106950063dddcf429d5a815acdfabd2bb80297fb008b48465177174ef66eb245
L3-REG-OD-WCH-P2-UPSTREAM-P2-032	BINUTILS-OBJDUMP	UPSTREAM-P2	tmp/phase2-evidence/literal-clean/quarantine-toolchain_15.2.0-run1/riscv-gnu-toolchain/output/bin/riscv32-wch-elf-objdump	74ccd23e5f9d64ce7132c37f9ebdd807cf8d7082463fd9da9e355d9c285afea0	1546064	1556480	10416	segment:__DATA_CONST	PADDING/ALIGNMENT	L3-MAP-OBJDUMP	L3-STAT-OBJDUMP-FUNC,L3-STAT-OBJDUMP-XW,L3-STAT-OBJDUMP-CUSTOM32,L3-STAT-OBJDUMP-PRIORITY	COMPLETE-TILING	L3-112	pair_id=OD-WCH-P2;file_id=OD-P2;file_size=1959240;interval_sha256=da72947c2ee39d9c7940e80d4f63544ea1354f9cbaf2f298825178818adb8591
L3-REG-OD-WCH-P2-UPSTREAM-P2-033	BINUTILS-OBJDUMP	UPSTREAM-P2	tmp/phase2-evidence/literal-clean/quarantine-toolchain_15.2.0-run1/riscv-gnu-toolchain/output/bin/riscv32-wch-elf-objdump	74ccd23e5f9d64ce7132c37f9ebdd807cf8d7082463fd9da9e355d9c285afea0	1556480	1573384	16904	section:__DATA,__data	FUNCTIONAL-DATA-TABLE	L3-MAP-OBJDUMP	L3-STAT-OBJDUMP-FUNC,L3-STAT-OBJDUMP-XW,L3-STAT-OBJDUMP-CUSTOM32,L3-STAT-OBJDUMP-PRIORITY	COMPLETE-TILING	L3-112	pair_id=OD-WCH-P2;file_id=OD-P2;file_size=1959240;interval_sha256=1e95bf4e3e297d2ca849e9e1cb2f4db08fea0940feb202dd5002f0b1754b424d
L3-REG-OD-WCH-P2-UPSTREAM-P2-034	BINUTILS-OBJDUMP	UPSTREAM-P2	tmp/phase2-evidence/literal-clean/quarantine-toolchain_15.2.0-run1/riscv-gnu-toolchain/output/bin/riscv32-wch-elf-objdump	74ccd23e5f9d64ce7132c37f9ebdd807cf8d7082463fd9da9e355d9c285afea0	1573384	1573456	72	section:__DATA,__thread_vars	PACKAGING/DEPENDENCY	L3-MAP-OBJDUMP	L3-STAT-OBJDUMP-FUNC,L3-STAT-OBJDUMP-XW,L3-STAT-OBJDUMP-CUSTOM32,L3-STAT-OBJDUMP-PRIORITY	COMPLETE-TILING	L3-112	pair_id=OD-WCH-P2;file_id=OD-P2;file_size=1959240;interval_sha256=8e04a5ce007105c6d75917e084092eb9ead1413b51183136e6b207e19a2ecb55
L3-REG-OD-WCH-P2-UPSTREAM-P2-035	BINUTILS-OBJDUMP	UPSTREAM-P2	tmp/phase2-evidence/literal-clean/quarantine-toolchain_15.2.0-run1/riscv-gnu-toolchain/output/bin/riscv32-wch-elf-objdump	74ccd23e5f9d64ce7132c37f9ebdd807cf8d7082463fd9da9e355d9c285afea0	1573456	1589248	15792	segment:__DATA	PADDING/ALIGNMENT	L3-MAP-OBJDUMP	L3-STAT-OBJDUMP-FUNC,L3-STAT-OBJDUMP-XW,L3-STAT-OBJDUMP-CUSTOM32,L3-STAT-OBJDUMP-PRIORITY	COMPLETE-TILING	L3-112	pair_id=OD-WCH-P2;file_id=OD-P2;file_size=1959240;interval_sha256=8d81657a80d43227cf12c2520a9c58f2160bbb6c9b983a3cf26f99a4fc498a34
L3-REG-OD-WCH-P2-UPSTREAM-P2-036	BINUTILS-OBJDUMP	UPSTREAM-P2	tmp/phase2-evidence/literal-clean/quarantine-toolchain_15.2.0-run1/riscv-gnu-toolchain/output/bin/riscv32-wch-elf-objdump	74ccd23e5f9d64ce7132c37f9ebdd807cf8d7082463fd9da9e355d9c285afea0	1589248	1591128	1880	LC_DYLD_CHAINED_FIXUPS-data	PACKAGING/DEPENDENCY	L3-MAP-OBJDUMP	L3-STAT-OBJDUMP-FUNC,L3-STAT-OBJDUMP-XW,L3-STAT-OBJDUMP-CUSTOM32,L3-STAT-OBJDUMP-PRIORITY	COMPLETE-TILING	L3-112	pair_id=OD-WCH-P2;file_id=OD-P2;file_size=1959240;interval_sha256=2bda07e24a324828c9db4c917eae495036eea01b72ad003bf23e5b12174d17f0
L3-REG-OD-WCH-P2-UPSTREAM-P2-037	BINUTILS-OBJDUMP	UPSTREAM-P2	tmp/phase2-evidence/literal-clean/quarantine-toolchain_15.2.0-run1/riscv-gnu-toolchain/output/bin/riscv32-wch-elf-objdump	74ccd23e5f9d64ce7132c37f9ebdd807cf8d7082463fd9da9e355d9c285afea0	1591128	1620728	29600	LC_DYLD_EXPORTS_TRIE-data	PACKAGING/DEPENDENCY	L3-MAP-OBJDUMP	L3-STAT-OBJDUMP-FUNC,L3-STAT-OBJDUMP-XW,L3-STAT-OBJDUMP-CUSTOM32,L3-STAT-OBJDUMP-PRIORITY	COMPLETE-TILING	L3-112	pair_id=OD-WCH-P2;file_id=OD-P2;file_size=1959240;interval_sha256=6a34d79de819af45ecb7338479691d52968062cc2a732dedeb8e2f45f6923dc8
L3-REG-OD-WCH-P2-UPSTREAM-P2-038	BINUTILS-OBJDUMP	UPSTREAM-P2	tmp/phase2-evidence/literal-clean/quarantine-toolchain_15.2.0-run1/riscv-gnu-toolchain/output/bin/riscv32-wch-elf-objdump	74ccd23e5f9d64ce7132c37f9ebdd807cf8d7082463fd9da9e355d9c285afea0	1620728	1624552	3824	LC_FUNCTION_STARTS-data	LINK-LAYOUT	L3-MAP-OBJDUMP	L3-STAT-OBJDUMP-FUNC,L3-STAT-OBJDUMP-XW,L3-STAT-OBJDUMP-CUSTOM32,L3-STAT-OBJDUMP-PRIORITY	COMPLETE-TILING	L3-112	pair_id=OD-WCH-P2;file_id=OD-P2;file_size=1959240;interval_sha256=fdd71c07cd0378d30fada1bbcbaefe49d689572b3b669b16f2f6d8f2ad32ae4b
L3-REG-OD-WCH-P2-UPSTREAM-P2-039	BINUTILS-OBJDUMP	UPSTREAM-P2	tmp/phase2-evidence/literal-clean/quarantine-toolchain_15.2.0-run1/riscv-gnu-toolchain/output/bin/riscv32-wch-elf-objdump	74ccd23e5f9d64ce7132c37f9ebdd807cf8d7082463fd9da9e355d9c285afea0	1624552	1851640	227088	LC_SYMTAB-symbols	STRIP/DEBUG/SYMBOL-LAYOUT	L3-MAP-OBJDUMP	L3-STAT-OBJDUMP-FUNC,L3-STAT-OBJDUMP-XW,L3-STAT-OBJDUMP-CUSTOM32,L3-STAT-OBJDUMP-PRIORITY	COMPLETE-TILING	L3-112	pair_id=OD-WCH-P2;file_id=OD-P2;file_size=1959240;interval_sha256=c0956b952e296b6c9943019a66b8a1dfa7cf9b4c5ad63fadb8bba4f4afbd1e18
L3-REG-OD-WCH-P2-UPSTREAM-P2-040	BINUTILS-OBJDUMP	UPSTREAM-P2	tmp/phase2-evidence/literal-clean/quarantine-toolchain_15.2.0-run1/riscv-gnu-toolchain/output/bin/riscv32-wch-elf-objdump	74ccd23e5f9d64ce7132c37f9ebdd807cf8d7082463fd9da9e355d9c285afea0	1851640	1852660	1020	LC_DYSYMTAB-indirect-symbols	STRIP/DEBUG/SYMBOL-LAYOUT	L3-MAP-OBJDUMP	L3-STAT-OBJDUMP-FUNC,L3-STAT-OBJDUMP-XW,L3-STAT-OBJDUMP-CUSTOM32,L3-STAT-OBJDUMP-PRIORITY	COMPLETE-TILING	L3-112	pair_id=OD-WCH-P2;file_id=OD-P2;file_size=1959240;interval_sha256=c60bd7c53d0c376db38ce32abe49a0da0a7c046db36c79df470832d8dce355c9
L3-REG-OD-WCH-P2-UPSTREAM-P2-041	BINUTILS-OBJDUMP	UPSTREAM-P2	tmp/phase2-evidence/literal-clean/quarantine-toolchain_15.2.0-run1/riscv-gnu-toolchain/output/bin/riscv32-wch-elf-objdump	74ccd23e5f9d64ce7132c37f9ebdd807cf8d7082463fd9da9e355d9c285afea0	1852660	1852664	4	segment:__LINKEDIT	LINK-LAYOUT	L3-MAP-OBJDUMP	L3-STAT-OBJDUMP-FUNC,L3-STAT-OBJDUMP-XW,L3-STAT-OBJDUMP-CUSTOM32,L3-STAT-OBJDUMP-PRIORITY	COMPLETE-TILING	L3-112	pair_id=OD-WCH-P2;file_id=OD-P2;file_size=1959240;interval_sha256=df3f619804a92fdb4057192dc43dd748ea778adc52bc498ce80524c014b81119
L3-REG-OD-WCH-P2-UPSTREAM-P2-042	BINUTILS-OBJDUMP	UPSTREAM-P2	tmp/phase2-evidence/literal-clean/quarantine-toolchain_15.2.0-run1/riscv-gnu-toolchain/output/bin/riscv32-wch-elf-objdump	74ccd23e5f9d64ce7132c37f9ebdd807cf8d7082463fd9da9e355d9c285afea0	1852664	1943920	91256	LC_SYMTAB-strings	STRIP/DEBUG/SYMBOL-LAYOUT	L3-MAP-OBJDUMP	L3-STAT-OBJDUMP-FUNC,L3-STAT-OBJDUMP-XW,L3-STAT-OBJDUMP-CUSTOM32,L3-STAT-OBJDUMP-PRIORITY	COMPLETE-TILING	L3-112	pair_id=OD-WCH-P2;file_id=OD-P2;file_size=1959240;interval_sha256=a01ccb0d74f2eaa7b21b4fff271f09f740f75210c4fdb6729b4f82c1b594890b
L3-REG-OD-WCH-P2-UPSTREAM-P2-043	BINUTILS-OBJDUMP	UPSTREAM-P2	tmp/phase2-evidence/literal-clean/quarantine-toolchain_15.2.0-run1/riscv-gnu-toolchain/output/bin/riscv32-wch-elf-objdump	74ccd23e5f9d64ce7132c37f9ebdd807cf8d7082463fd9da9e355d9c285afea0	1943920	1959240	15320	LC_CODE_SIGNATURE-data	SIGNATURE/UUID/BUILD-METADATA	L3-MAP-OBJDUMP	L3-STAT-OBJDUMP-FUNC,L3-STAT-OBJDUMP-XW,L3-STAT-OBJDUMP-CUSTOM32,L3-STAT-OBJDUMP-PRIORITY	COMPLETE-TILING	L3-112	pair_id=OD-WCH-P2;file_id=OD-P2;file_size=1959240;interval_sha256=702b96ebc3c3ca95077344076fa8e1ff91554f5fdfca75d42dc1e2c95b355a33
L3-REG-OD-WCH-P2-WCH-000	BINUTILS-OBJDUMP	WCH	ref/gcc/darwin-arm64/15.2.0/bin/riscv32-wch-elf-objdump	8e236c7426f9a4de96365a20f5644d71129a1ba547dd693755b47a0eb4795dd9	0	32	32	mach_header_64	LINK-LAYOUT	L3-MAP-OBJDUMP	L3-STAT-OBJDUMP-FUNC,L3-STAT-OBJDUMP-XW,L3-STAT-OBJDUMP-CUSTOM32,L3-STAT-OBJDUMP-PRIORITY	COMPLETE-TILING	L3-112	pair_id=OD-WCH-P2;file_id=OD-WCH;file_size=1712320;interval_sha256=f8e22d64c4b4cd9b6d079cc8b71c3e759694d8e768699ed2691b4c8cd5047451
L3-REG-OD-WCH-P2-WCH-001	BINUTILS-OBJDUMP	WCH	ref/gcc/darwin-arm64/15.2.0/bin/riscv32-wch-elf-objdump	8e236c7426f9a4de96365a20f5644d71129a1ba547dd693755b47a0eb4795dd9	32	104	72	load-command[0]:0x19	LINK-LAYOUT	L3-MAP-OBJDUMP	L3-STAT-OBJDUMP-FUNC,L3-STAT-OBJDUMP-XW,L3-STAT-OBJDUMP-CUSTOM32,L3-STAT-OBJDUMP-PRIORITY	COMPLETE-TILING	L3-112	pair_id=OD-WCH-P2;file_id=OD-WCH;file_size=1712320;interval_sha256=38432a8fbcbe1ae9fdf9263fe1e4e948de98131833cc5e5333f375dcf5f6333f
L3-REG-OD-WCH-P2-WCH-002	BINUTILS-OBJDUMP	WCH	ref/gcc/darwin-arm64/15.2.0/bin/riscv32-wch-elf-objdump	8e236c7426f9a4de96365a20f5644d71129a1ba547dd693755b47a0eb4795dd9	104	736	632	load-command[1]:0x19	LINK-LAYOUT	L3-MAP-OBJDUMP	L3-STAT-OBJDUMP-FUNC,L3-STAT-OBJDUMP-XW,L3-STAT-OBJDUMP-CUSTOM32,L3-STAT-OBJDUMP-PRIORITY	COMPLETE-TILING	L3-112	pair_id=OD-WCH-P2;file_id=OD-WCH;file_size=1712320;interval_sha256=4ede0ea541b4827ca73085162368358f8a7c1abe3f656235b4b3bf783b28dbb0
L3-REG-OD-WCH-P2-WCH-003	BINUTILS-OBJDUMP	WCH	ref/gcc/darwin-arm64/15.2.0/bin/riscv32-wch-elf-objdump	8e236c7426f9a4de96365a20f5644d71129a1ba547dd693755b47a0eb4795dd9	736	968	232	load-command[2]:0x19	LINK-LAYOUT	L3-MAP-OBJDUMP	L3-STAT-OBJDUMP-FUNC,L3-STAT-OBJDUMP-XW,L3-STAT-OBJDUMP-CUSTOM32,L3-STAT-OBJDUMP-PRIORITY	COMPLETE-TILING	L3-112	pair_id=OD-WCH-P2;file_id=OD-WCH;file_size=1712320;interval_sha256=6c2b5f7c46075ef7cb1b41d8234fd20b37199a9b6989f763384ec716e1b83395
L3-REG-OD-WCH-P2-WCH-004	BINUTILS-OBJDUMP	WCH	ref/gcc/darwin-arm64/15.2.0/bin/riscv32-wch-elf-objdump	8e236c7426f9a4de96365a20f5644d71129a1ba547dd693755b47a0eb4795dd9	968	1440	472	load-command[3]:0x19	LINK-LAYOUT	L3-MAP-OBJDUMP	L3-STAT-OBJDUMP-FUNC,L3-STAT-OBJDUMP-XW,L3-STAT-OBJDUMP-CUSTOM32,L3-STAT-OBJDUMP-PRIORITY	COMPLETE-TILING	L3-112	pair_id=OD-WCH-P2;file_id=OD-WCH;file_size=1712320;interval_sha256=c052f0218f86d03e9f9a9f81848d972fecafe2048fee559c2ee3faf86d8eeba8
L3-REG-OD-WCH-P2-WCH-005	BINUTILS-OBJDUMP	WCH	ref/gcc/darwin-arm64/15.2.0/bin/riscv32-wch-elf-objdump	8e236c7426f9a4de96365a20f5644d71129a1ba547dd693755b47a0eb4795dd9	1440	1512	72	load-command[4]:0x19	LINK-LAYOUT	L3-MAP-OBJDUMP	L3-STAT-OBJDUMP-FUNC,L3-STAT-OBJDUMP-XW,L3-STAT-OBJDUMP-CUSTOM32,L3-STAT-OBJDUMP-PRIORITY	COMPLETE-TILING	L3-112	pair_id=OD-WCH-P2;file_id=OD-WCH;file_size=1712320;interval_sha256=47e89fab525fc0c1e21215fc72ccd1dad2e422edd9e71440c0c7c882fa30cb18
L3-REG-OD-WCH-P2-WCH-006	BINUTILS-OBJDUMP	WCH	ref/gcc/darwin-arm64/15.2.0/bin/riscv32-wch-elf-objdump	8e236c7426f9a4de96365a20f5644d71129a1ba547dd693755b47a0eb4795dd9	1512	1528	16	load-command[5]:0x80000034	LINK-LAYOUT	L3-MAP-OBJDUMP	L3-STAT-OBJDUMP-FUNC,L3-STAT-OBJDUMP-XW,L3-STAT-OBJDUMP-CUSTOM32,L3-STAT-OBJDUMP-PRIORITY	COMPLETE-TILING	L3-112	pair_id=OD-WCH-P2;file_id=OD-WCH;file_size=1712320;interval_sha256=8ed1acc13a554f96d963d2365ebaa5513e025a5f9464b2eacde04e4f34c91bc2
L3-REG-OD-WCH-P2-WCH-007	BINUTILS-OBJDUMP	WCH	ref/gcc/darwin-arm64/15.2.0/bin/riscv32-wch-elf-objdump	8e236c7426f9a4de96365a20f5644d71129a1ba547dd693755b47a0eb4795dd9	1528	1544	16	load-command[6]:0x80000033	LINK-LAYOUT	L3-MAP-OBJDUMP	L3-STAT-OBJDUMP-FUNC,L3-STAT-OBJDUMP-XW,L3-STAT-OBJDUMP-CUSTOM32,L3-STAT-OBJDUMP-PRIORITY	COMPLETE-TILING	L3-112	pair_id=OD-WCH-P2;file_id=OD-WCH;file_size=1712320;interval_sha256=4445e0e9a6a09529f5b64b53f62287f5271189474d64457bdc59258dc13e26b0
L3-REG-OD-WCH-P2-WCH-008	BINUTILS-OBJDUMP	WCH	ref/gcc/darwin-arm64/15.2.0/bin/riscv32-wch-elf-objdump	8e236c7426f9a4de96365a20f5644d71129a1ba547dd693755b47a0eb4795dd9	1544	1568	24	load-command[7]:0x2	LINK-LAYOUT	L3-MAP-OBJDUMP	L3-STAT-OBJDUMP-FUNC,L3-STAT-OBJDUMP-XW,L3-STAT-OBJDUMP-CUSTOM32,L3-STAT-OBJDUMP-PRIORITY	COMPLETE-TILING	L3-112	pair_id=OD-WCH-P2;file_id=OD-WCH;file_size=1712320;interval_sha256=ee5690d8add27c0d8dd20c8eacd4fdcabd3da1e5b0910cb83f9d227655ee83ac
L3-REG-OD-WCH-P2-WCH-009	BINUTILS-OBJDUMP	WCH	ref/gcc/darwin-arm64/15.2.0/bin/riscv32-wch-elf-objdump	8e236c7426f9a4de96365a20f5644d71129a1ba547dd693755b47a0eb4795dd9	1568	1648	80	load-command[8]:0xb	LINK-LAYOUT	L3-MAP-OBJDUMP	L3-STAT-OBJDUMP-FUNC,L3-STAT-OBJDUMP-XW,L3-STAT-OBJDUMP-CUSTOM32,L3-STAT-OBJDUMP-PRIORITY	COMPLETE-TILING	L3-112	pair_id=OD-WCH-P2;file_id=OD-WCH;file_size=1712320;interval_sha256=c43de02f804a1ad6042f00eadacdf7d75c27d19e49dda5ddec2b85a7c9704f57
L3-REG-OD-WCH-P2-WCH-010	BINUTILS-OBJDUMP	WCH	ref/gcc/darwin-arm64/15.2.0/bin/riscv32-wch-elf-objdump	8e236c7426f9a4de96365a20f5644d71129a1ba547dd693755b47a0eb4795dd9	1648	1680	32	load-command[9]:0xe	LINK-LAYOUT	L3-MAP-OBJDUMP	L3-STAT-OBJDUMP-FUNC,L3-STAT-OBJDUMP-XW,L3-STAT-OBJDUMP-CUSTOM32,L3-STAT-OBJDUMP-PRIORITY	COMPLETE-TILING	L3-112	pair_id=OD-WCH-P2;file_id=OD-WCH;file_size=1712320;interval_sha256=44316cf4f366f41aa06996613c44af75e34479362928faf61a168c2a203b5999
L3-REG-OD-WCH-P2-WCH-011	BINUTILS-OBJDUMP	WCH	ref/gcc/darwin-arm64/15.2.0/bin/riscv32-wch-elf-objdump	8e236c7426f9a4de96365a20f5644d71129a1ba547dd693755b47a0eb4795dd9	1680	1704	24	load-command[10]:0x1b	SIGNATURE/UUID/BUILD-METADATA	L3-MAP-OBJDUMP	L3-STAT-OBJDUMP-FUNC,L3-STAT-OBJDUMP-XW,L3-STAT-OBJDUMP-CUSTOM32,L3-STAT-OBJDUMP-PRIORITY	COMPLETE-TILING	L3-112	pair_id=OD-WCH-P2;file_id=OD-WCH;file_size=1712320;interval_sha256=85249e4224b8bad195d25f3c1f456b31514e958e27da1fd7e95900ad1e06a254
L3-REG-OD-WCH-P2-WCH-012	BINUTILS-OBJDUMP	WCH	ref/gcc/darwin-arm64/15.2.0/bin/riscv32-wch-elf-objdump	8e236c7426f9a4de96365a20f5644d71129a1ba547dd693755b47a0eb4795dd9	1704	1736	32	load-command[11]:0x32	SIGNATURE/UUID/BUILD-METADATA	L3-MAP-OBJDUMP	L3-STAT-OBJDUMP-FUNC,L3-STAT-OBJDUMP-XW,L3-STAT-OBJDUMP-CUSTOM32,L3-STAT-OBJDUMP-PRIORITY	COMPLETE-TILING	L3-112	pair_id=OD-WCH-P2;file_id=OD-WCH;file_size=1712320;interval_sha256=a3fdf0da365a377842bd4e39ba20dc11e9e504cc493367b2b0b5b36aa050dea0
L3-REG-OD-WCH-P2-WCH-013	BINUTILS-OBJDUMP	WCH	ref/gcc/darwin-arm64/15.2.0/bin/riscv32-wch-elf-objdump	8e236c7426f9a4de96365a20f5644d71129a1ba547dd693755b47a0eb4795dd9	1736	1752	16	load-command[12]:0x2a	SIGNATURE/UUID/BUILD-METADATA	L3-MAP-OBJDUMP	L3-STAT-OBJDUMP-FUNC,L3-STAT-OBJDUMP-XW,L3-STAT-OBJDUMP-CUSTOM32,L3-STAT-OBJDUMP-PRIORITY	COMPLETE-TILING	L3-112	pair_id=OD-WCH-P2;file_id=OD-WCH;file_size=1712320;interval_sha256=01a60f1db7db041298aa3e269ff5ebea951aa6977963e4ab563905da906d2b82
L3-REG-OD-WCH-P2-WCH-014	BINUTILS-OBJDUMP	WCH	ref/gcc/darwin-arm64/15.2.0/bin/riscv32-wch-elf-objdump	8e236c7426f9a4de96365a20f5644d71129a1ba547dd693755b47a0eb4795dd9	1752	1776	24	load-command[13]:0x80000028	LINK-LAYOUT	L3-MAP-OBJDUMP	L3-STAT-OBJDUMP-FUNC,L3-STAT-OBJDUMP-XW,L3-STAT-OBJDUMP-CUSTOM32,L3-STAT-OBJDUMP-PRIORITY	COMPLETE-TILING	L3-112	pair_id=OD-WCH-P2;file_id=OD-WCH;file_size=1712320;interval_sha256=94c15d337c04d8f3799d0162d53980db4f8f6e27698b10dc68d2f4a1e99b9cda
L3-REG-OD-WCH-P2-WCH-015	BINUTILS-OBJDUMP	WCH	ref/gcc/darwin-arm64/15.2.0/bin/riscv32-wch-elf-objdump	8e236c7426f9a4de96365a20f5644d71129a1ba547dd693755b47a0eb4795dd9	1776	1832	56	load-command[14]:0xc	LINK-LAYOUT	L3-MAP-OBJDUMP	L3-STAT-OBJDUMP-FUNC,L3-STAT-OBJDUMP-XW,L3-STAT-OBJDUMP-CUSTOM32,L3-STAT-OBJDUMP-PRIORITY	COMPLETE-TILING	L3-112	pair_id=OD-WCH-P2;file_id=OD-WCH;file_size=1712320;interval_sha256=a76b7338642dddfaa1e767a899cb39b4dc80160890ae1724febfe7e40d40b735
L3-REG-OD-WCH-P2-WCH-016	BINUTILS-OBJDUMP	WCH	ref/gcc/darwin-arm64/15.2.0/bin/riscv32-wch-elf-objdump	8e236c7426f9a4de96365a20f5644d71129a1ba547dd693755b47a0eb4795dd9	1832	1888	56	load-command[15]:0xc	LINK-LAYOUT	L3-MAP-OBJDUMP	L3-STAT-OBJDUMP-FUNC,L3-STAT-OBJDUMP-XW,L3-STAT-OBJDUMP-CUSTOM32,L3-STAT-OBJDUMP-PRIORITY	COMPLETE-TILING	L3-112	pair_id=OD-WCH-P2;file_id=OD-WCH;file_size=1712320;interval_sha256=cc8acbe3e146f3621079d1d71e9c46626788f505132abe123f041ead9ba5490a
L3-REG-OD-WCH-P2-WCH-017	BINUTILS-OBJDUMP	WCH	ref/gcc/darwin-arm64/15.2.0/bin/riscv32-wch-elf-objdump	8e236c7426f9a4de96365a20f5644d71129a1ba547dd693755b47a0eb4795dd9	1888	1904	16	load-command[16]:0x26	LINK-LAYOUT	L3-MAP-OBJDUMP	L3-STAT-OBJDUMP-FUNC,L3-STAT-OBJDUMP-XW,L3-STAT-OBJDUMP-CUSTOM32,L3-STAT-OBJDUMP-PRIORITY	COMPLETE-TILING	L3-112	pair_id=OD-WCH-P2;file_id=OD-WCH;file_size=1712320;interval_sha256=e6e52a5e417009f82ca7e6b3dd0ea89c435de81262383139f5fadd84e178f8c9
L3-REG-OD-WCH-P2-WCH-018	BINUTILS-OBJDUMP	WCH	ref/gcc/darwin-arm64/15.2.0/bin/riscv32-wch-elf-objdump	8e236c7426f9a4de96365a20f5644d71129a1ba547dd693755b47a0eb4795dd9	1904	1920	16	load-command[17]:0x29	LINK-LAYOUT	L3-MAP-OBJDUMP	L3-STAT-OBJDUMP-FUNC,L3-STAT-OBJDUMP-XW,L3-STAT-OBJDUMP-CUSTOM32,L3-STAT-OBJDUMP-PRIORITY	COMPLETE-TILING	L3-112	pair_id=OD-WCH-P2;file_id=OD-WCH;file_size=1712320;interval_sha256=1d4038489687de4cd8791b4a9fb140ccacd3e6161bf42ce3d5d6080fcad1695b
L3-REG-OD-WCH-P2-WCH-019	BINUTILS-OBJDUMP	WCH	ref/gcc/darwin-arm64/15.2.0/bin/riscv32-wch-elf-objdump	8e236c7426f9a4de96365a20f5644d71129a1ba547dd693755b47a0eb4795dd9	1920	1936	16	load-command[18]:0x1d	SIGNATURE/UUID/BUILD-METADATA	L3-MAP-OBJDUMP	L3-STAT-OBJDUMP-FUNC,L3-STAT-OBJDUMP-XW,L3-STAT-OBJDUMP-CUSTOM32,L3-STAT-OBJDUMP-PRIORITY	COMPLETE-TILING	L3-112	pair_id=OD-WCH-P2;file_id=OD-WCH;file_size=1712320;interval_sha256=15927b82d4d21220d2c171217e5ab2a3039f8b6b755161938ee4ae3c205e47b6
L3-REG-OD-WCH-P2-WCH-020	BINUTILS-OBJDUMP	WCH	ref/gcc/darwin-arm64/15.2.0/bin/riscv32-wch-elf-objdump	8e236c7426f9a4de96365a20f5644d71129a1ba547dd693755b47a0eb4795dd9	1936	15908	13972	segment:__TEXT	PADDING/ALIGNMENT	L3-MAP-OBJDUMP	L3-STAT-OBJDUMP-FUNC,L3-STAT-OBJDUMP-XW,L3-STAT-OBJDUMP-CUSTOM32,L3-STAT-OBJDUMP-PRIORITY	COMPLETE-TILING	L3-112	pair_id=OD-WCH-P2;file_id=OD-WCH;file_size=1712320;interval_sha256=c9ed7a7705d4a35df81d724ce8caae9ffb9f7fe07bd2819db586b1ab9681ea5c
L3-REG-OD-WCH-P2-WCH-021	BINUTILS-OBJDUMP	WCH	ref/gcc/darwin-arm64/15.2.0/bin/riscv32-wch-elf-objdump	8e236c7426f9a4de96365a20f5644d71129a1ba547dd693755b47a0eb4795dd9	15908	1079252	1063344	section:__TEXT,__text	FUNCTIONAL-CODE	L3-MAP-OBJDUMP	L3-STAT-OBJDUMP-FUNC,L3-STAT-OBJDUMP-XW,L3-STAT-OBJDUMP-CUSTOM32,L3-STAT-OBJDUMP-PRIORITY	COMPLETE-TILING	L3-112	pair_id=OD-WCH-P2;file_id=OD-WCH;file_size=1712320;interval_sha256=2ad4476b9403072e2cbed3b516b25cd57a8ee4e6047af7f0ea2835fb4ba090a6
L3-REG-OD-WCH-P2-WCH-022	BINUTILS-OBJDUMP	WCH	ref/gcc/darwin-arm64/15.2.0/bin/riscv32-wch-elf-objdump	8e236c7426f9a4de96365a20f5644d71129a1ba547dd693755b47a0eb4795dd9	1079252	1080764	1512	section:__TEXT,__stubs	PACKAGING/DEPENDENCY	L3-MAP-OBJDUMP	L3-STAT-OBJDUMP-FUNC,L3-STAT-OBJDUMP-XW,L3-STAT-OBJDUMP-CUSTOM32,L3-STAT-OBJDUMP-PRIORITY	COMPLETE-TILING	L3-112	pair_id=OD-WCH-P2;file_id=OD-WCH;file_size=1712320;interval_sha256=330137ca41f63e3a461960e02f564d11fbd756de9943c09ea4d2c2835c41d878
L3-REG-OD-WCH-P2-WCH-023	BINUTILS-OBJDUMP	WCH	ref/gcc/darwin-arm64/15.2.0/bin/riscv32-wch-elf-objdump	8e236c7426f9a4de96365a20f5644d71129a1ba547dd693755b47a0eb4795dd9	1080764	1080768	4	section:__TEXT,__init_offsets	FUNCTIONAL-DATA-TABLE	L3-MAP-OBJDUMP	L3-STAT-OBJDUMP-FUNC,L3-STAT-OBJDUMP-XW,L3-STAT-OBJDUMP-CUSTOM32,L3-STAT-OBJDUMP-PRIORITY	COMPLETE-TILING	L3-112	pair_id=OD-WCH-P2;file_id=OD-WCH;file_size=1712320;interval_sha256=a0f338d81af40ec28eb7b7a444cfacab2b9f457c8d1b32ff04db824738fea13d
L3-REG-OD-WCH-P2-WCH-024	BINUTILS-OBJDUMP	WCH	ref/gcc/darwin-arm64/15.2.0/bin/riscv32-wch-elf-objdump	8e236c7426f9a4de96365a20f5644d71129a1ba547dd693755b47a0eb4795dd9	1080768	1121608	40840	section:__TEXT,__const	FUNCTIONAL-DATA-TABLE	L3-MAP-OBJDUMP	L3-STAT-OBJDUMP-FUNC,L3-STAT-OBJDUMP-XW,L3-STAT-OBJDUMP-CUSTOM32,L3-STAT-OBJDUMP-PRIORITY	COMPLETE-TILING	L3-112	pair_id=OD-WCH-P2;file_id=OD-WCH;file_size=1712320;interval_sha256=97d9e2dd00de489accba4b6ad909781403396cff0a5adb6f0b9276fdd872f235
L3-REG-OD-WCH-P2-WCH-025	BINUTILS-OBJDUMP	WCH	ref/gcc/darwin-arm64/15.2.0/bin/riscv32-wch-elf-objdump	8e236c7426f9a4de96365a20f5644d71129a1ba547dd693755b47a0eb4795dd9	1121608	1352799	231191	section:__TEXT,__cstring	FUNCTIONAL-DATA-TABLE	L3-MAP-OBJDUMP	L3-STAT-OBJDUMP-FUNC,L3-STAT-OBJDUMP-XW,L3-STAT-OBJDUMP-CUSTOM32,L3-STAT-OBJDUMP-PRIORITY	COMPLETE-TILING	L3-112	pair_id=OD-WCH-P2;file_id=OD-WCH;file_size=1712320;interval_sha256=48f3cf83ec54be2360bed641ca39600ffe90896c764086f8a3c10f31ab2a59cd
L3-REG-OD-WCH-P2-WCH-026	BINUTILS-OBJDUMP	WCH	ref/gcc/darwin-arm64/15.2.0/bin/riscv32-wch-elf-objdump	8e236c7426f9a4de96365a20f5644d71129a1ba547dd693755b47a0eb4795dd9	1352799	1352800	1	segment:__TEXT	PADDING/ALIGNMENT	L3-MAP-OBJDUMP	L3-STAT-OBJDUMP-FUNC,L3-STAT-OBJDUMP-XW,L3-STAT-OBJDUMP-CUSTOM32,L3-STAT-OBJDUMP-PRIORITY	COMPLETE-TILING	L3-112	pair_id=OD-WCH-P2;file_id=OD-WCH;file_size=1712320;interval_sha256=6e340b9cffb37a989ca544e6bb780a2c78901d3fb33738768511a30617afa01d
L3-REG-OD-WCH-P2-WCH-027	BINUTILS-OBJDUMP	WCH	ref/gcc/darwin-arm64/15.2.0/bin/riscv32-wch-elf-objdump	8e236c7426f9a4de96365a20f5644d71129a1ba547dd693755b47a0eb4795dd9	1352800	1359712	6912	section:__TEXT,__unwind_info	FUNCTIONAL-DATA-TABLE	L3-MAP-OBJDUMP	L3-STAT-OBJDUMP-FUNC,L3-STAT-OBJDUMP-XW,L3-STAT-OBJDUMP-CUSTOM32,L3-STAT-OBJDUMP-PRIORITY	COMPLETE-TILING	L3-112	pair_id=OD-WCH-P2;file_id=OD-WCH;file_size=1712320;interval_sha256=a048eef993448da2b053e2d11667152abe8e603d2ce14a6dad83f5419213e28d
L3-REG-OD-WCH-P2-WCH-028	BINUTILS-OBJDUMP	WCH	ref/gcc/darwin-arm64/15.2.0/bin/riscv32-wch-elf-objdump	8e236c7426f9a4de96365a20f5644d71129a1ba547dd693755b47a0eb4795dd9	1359712	1359872	160	section:__TEXT,__eh_frame	FUNCTIONAL-DATA-TABLE	L3-MAP-OBJDUMP	L3-STAT-OBJDUMP-FUNC,L3-STAT-OBJDUMP-XW,L3-STAT-OBJDUMP-CUSTOM32,L3-STAT-OBJDUMP-PRIORITY	COMPLETE-TILING	L3-112	pair_id=OD-WCH-P2;file_id=OD-WCH;file_size=1712320;interval_sha256=f17e7a1df67453ce68fcfdc7334e1bfef16848c0758214568a9e9f79423caac9
L3-REG-OD-WCH-P2-WCH-029	BINUTILS-OBJDUMP	WCH	ref/gcc/darwin-arm64/15.2.0/bin/riscv32-wch-elf-objdump	8e236c7426f9a4de96365a20f5644d71129a1ba547dd693755b47a0eb4795dd9	1359872	1360920	1048	section:__DATA_CONST,__got	PACKAGING/DEPENDENCY	L3-MAP-OBJDUMP	L3-STAT-OBJDUMP-FUNC,L3-STAT-OBJDUMP-XW,L3-STAT-OBJDUMP-CUSTOM32,L3-STAT-OBJDUMP-PRIORITY	COMPLETE-TILING	L3-112	pair_id=OD-WCH-P2;file_id=OD-WCH;file_size=1712320;interval_sha256=6db4322ef9e105a86bc14791ec3f81d73f1ffc8d748025b4dd67dd3e00008f89
L3-REG-OD-WCH-P2-WCH-030	BINUTILS-OBJDUMP	WCH	ref/gcc/darwin-arm64/15.2.0/bin/riscv32-wch-elf-objdump	8e236c7426f9a4de96365a20f5644d71129a1ba547dd693755b47a0eb4795dd9	1360920	1596624	235704	section:__DATA_CONST,__const	FUNCTIONAL-DATA-TABLE	L3-MAP-OBJDUMP	L3-STAT-OBJDUMP-FUNC,L3-STAT-OBJDUMP-XW,L3-STAT-OBJDUMP-CUSTOM32,L3-STAT-OBJDUMP-PRIORITY	COMPLETE-TILING	L3-112	pair_id=OD-WCH-P2;file_id=OD-WCH;file_size=1712320;interval_sha256=9ede877357f4fb76d74408af4c4b327fdce651e324767388cc752920f1e228e2
L3-REG-OD-WCH-P2-WCH-031	BINUTILS-OBJDUMP	WCH	ref/gcc/darwin-arm64/15.2.0/bin/riscv32-wch-elf-objdump	8e236c7426f9a4de96365a20f5644d71129a1ba547dd693755b47a0eb4795dd9	1596624	1605632	9008	segment:__DATA_CONST	PADDING/ALIGNMENT	L3-MAP-OBJDUMP	L3-STAT-OBJDUMP-FUNC,L3-STAT-OBJDUMP-XW,L3-STAT-OBJDUMP-CUSTOM32,L3-STAT-OBJDUMP-PRIORITY	COMPLETE-TILING	L3-112	pair_id=OD-WCH-P2;file_id=OD-WCH;file_size=1712320;interval_sha256=b8d134a6720c9d7395875ed2c2951fb9b5fce458f00170b79477b65e30c82f2e
L3-REG-OD-WCH-P2-WCH-032	BINUTILS-OBJDUMP	WCH	ref/gcc/darwin-arm64/15.2.0/bin/riscv32-wch-elf-objdump	8e236c7426f9a4de96365a20f5644d71129a1ba547dd693755b47a0eb4795dd9	1605632	1622568	16936	section:__DATA,__data	FUNCTIONAL-DATA-TABLE	L3-MAP-OBJDUMP	L3-STAT-OBJDUMP-FUNC,L3-STAT-OBJDUMP-XW,L3-STAT-OBJDUMP-CUSTOM32,L3-STAT-OBJDUMP-PRIORITY	COMPLETE-TILING	L3-112	pair_id=OD-WCH-P2;file_id=OD-WCH;file_size=1712320;interval_sha256=0d7b727e6dae3fa7e1dd4fdd22dae1b068501ea37cc35ad393449e63d99679fd
L3-REG-OD-WCH-P2-WCH-033	BINUTILS-OBJDUMP	WCH	ref/gcc/darwin-arm64/15.2.0/bin/riscv32-wch-elf-objdump	8e236c7426f9a4de96365a20f5644d71129a1ba547dd693755b47a0eb4795dd9	1622568	1622640	72	section:__DATA,__thread_vars	PACKAGING/DEPENDENCY	L3-MAP-OBJDUMP	L3-STAT-OBJDUMP-FUNC,L3-STAT-OBJDUMP-XW,L3-STAT-OBJDUMP-CUSTOM32,L3-STAT-OBJDUMP-PRIORITY	COMPLETE-TILING	L3-112	pair_id=OD-WCH-P2;file_id=OD-WCH;file_size=1712320;interval_sha256=728eae6229f693a6d1597d1223732d007d8aba51824c686f5ac7033ade177b72
L3-REG-OD-WCH-P2-WCH-034	BINUTILS-OBJDUMP	WCH	ref/gcc/darwin-arm64/15.2.0/bin/riscv32-wch-elf-objdump	8e236c7426f9a4de96365a20f5644d71129a1ba547dd693755b47a0eb4795dd9	1622640	1638400	15760	segment:__DATA	PADDING/ALIGNMENT	L3-MAP-OBJDUMP	L3-STAT-OBJDUMP-FUNC,L3-STAT-OBJDUMP-XW,L3-STAT-OBJDUMP-CUSTOM32,L3-STAT-OBJDUMP-PRIORITY	COMPLETE-TILING	L3-112	pair_id=OD-WCH-P2;file_id=OD-WCH;file_size=1712320;interval_sha256=768aec3aee2a8161a702fcb65a6021782b396b94b864c9f52af6f1f9de02d6bf
L3-REG-OD-WCH-P2-WCH-035	BINUTILS-OBJDUMP	WCH	ref/gcc/darwin-arm64/15.2.0/bin/riscv32-wch-elf-objdump	8e236c7426f9a4de96365a20f5644d71129a1ba547dd693755b47a0eb4795dd9	1638400	1640296	1896	LC_DYLD_CHAINED_FIXUPS-data	PACKAGING/DEPENDENCY	L3-MAP-OBJDUMP	L3-STAT-OBJDUMP-FUNC,L3-STAT-OBJDUMP-XW,L3-STAT-OBJDUMP-CUSTOM32,L3-STAT-OBJDUMP-PRIORITY	COMPLETE-TILING	L3-112	pair_id=OD-WCH-P2;file_id=OD-WCH;file_size=1712320;interval_sha256=249ed717ea52f87c0fa3a255c7ad0794fa247dd9cd7fba319141179b69c9b9de
L3-REG-OD-WCH-P2-WCH-036	BINUTILS-OBJDUMP	WCH	ref/gcc/darwin-arm64/15.2.0/bin/riscv32-wch-elf-objdump	8e236c7426f9a4de96365a20f5644d71129a1ba547dd693755b47a0eb4795dd9	1640296	1671512	31216	LC_DYLD_EXPORTS_TRIE-data	PACKAGING/DEPENDENCY	L3-MAP-OBJDUMP	L3-STAT-OBJDUMP-FUNC,L3-STAT-OBJDUMP-XW,L3-STAT-OBJDUMP-CUSTOM32,L3-STAT-OBJDUMP-PRIORITY	COMPLETE-TILING	L3-112	pair_id=OD-WCH-P2;file_id=OD-WCH;file_size=1712320;interval_sha256=669ac4a037267f2b74ec9e7cb1d42fe45032c586ec83df501e94ad31486a3bbd
L3-REG-OD-WCH-P2-WCH-037	BINUTILS-OBJDUMP	WCH	ref/gcc/darwin-arm64/15.2.0/bin/riscv32-wch-elf-objdump	8e236c7426f9a4de96365a20f5644d71129a1ba547dd693755b47a0eb4795dd9	1671512	1675488	3976	LC_FUNCTION_STARTS-data	LINK-LAYOUT	L3-MAP-OBJDUMP	L3-STAT-OBJDUMP-FUNC,L3-STAT-OBJDUMP-XW,L3-STAT-OBJDUMP-CUSTOM32,L3-STAT-OBJDUMP-PRIORITY	COMPLETE-TILING	L3-112	pair_id=OD-WCH-P2;file_id=OD-WCH;file_size=1712320;interval_sha256=5c70660425047e00d76f1fee60c0947e5daa7778b340bc6f71a32ac7030d2fd2
L3-REG-OD-WCH-P2-WCH-038	BINUTILS-OBJDUMP	WCH	ref/gcc/darwin-arm64/15.2.0/bin/riscv32-wch-elf-objdump	8e236c7426f9a4de96365a20f5644d71129a1ba547dd693755b47a0eb4795dd9	1675488	1677632	2144	LC_SYMTAB-symbols	STRIP/DEBUG/SYMBOL-LAYOUT	L3-MAP-OBJDUMP	L3-STAT-OBJDUMP-FUNC,L3-STAT-OBJDUMP-XW,L3-STAT-OBJDUMP-CUSTOM32,L3-STAT-OBJDUMP-PRIORITY	COMPLETE-TILING	L3-112	pair_id=OD-WCH-P2;file_id=OD-WCH;file_size=1712320;interval_sha256=a7616c183c3c7d2d3720b425044dbdbb5634a31fca62400a1068476ed2ccb161
L3-REG-OD-WCH-P2-WCH-039	BINUTILS-OBJDUMP	WCH	ref/gcc/darwin-arm64/15.2.0/bin/riscv32-wch-elf-objdump	8e236c7426f9a4de96365a20f5644d71129a1ba547dd693755b47a0eb4795dd9	1677632	1678660	1028	LC_DYSYMTAB-indirect-symbols	STRIP/DEBUG/SYMBOL-LAYOUT	L3-MAP-OBJDUMP	L3-STAT-OBJDUMP-FUNC,L3-STAT-OBJDUMP-XW,L3-STAT-OBJDUMP-CUSTOM32,L3-STAT-OBJDUMP-PRIORITY	COMPLETE-TILING	L3-112	pair_id=OD-WCH-P2;file_id=OD-WCH;file_size=1712320;interval_sha256=21928f354356e45a25521e3c689a1364ec1bb17bc42ebe006629b16f7fa326d7
L3-REG-OD-WCH-P2-WCH-040	BINUTILS-OBJDUMP	WCH	ref/gcc/darwin-arm64/15.2.0/bin/riscv32-wch-elf-objdump	8e236c7426f9a4de96365a20f5644d71129a1ba547dd693755b47a0eb4795dd9	1678660	1678664	4	segment:__LINKEDIT	LINK-LAYOUT	L3-MAP-OBJDUMP	L3-STAT-OBJDUMP-FUNC,L3-STAT-OBJDUMP-XW,L3-STAT-OBJDUMP-CUSTOM32,L3-STAT-OBJDUMP-PRIORITY	COMPLETE-TILING	L3-112	pair_id=OD-WCH-P2;file_id=OD-WCH;file_size=1712320;interval_sha256=df3f619804a92fdb4057192dc43dd748ea778adc52bc498ce80524c014b81119
L3-REG-OD-WCH-P2-WCH-041	BINUTILS-OBJDUMP	WCH	ref/gcc/darwin-arm64/15.2.0/bin/riscv32-wch-elf-objdump	8e236c7426f9a4de96365a20f5644d71129a1ba547dd693755b47a0eb4795dd9	1678664	1679928	1264	LC_SYMTAB-strings	STRIP/DEBUG/SYMBOL-LAYOUT	L3-MAP-OBJDUMP	L3-STAT-OBJDUMP-FUNC,L3-STAT-OBJDUMP-XW,L3-STAT-OBJDUMP-CUSTOM32,L3-STAT-OBJDUMP-PRIORITY	COMPLETE-TILING	L3-112	pair_id=OD-WCH-P2;file_id=OD-WCH;file_size=1712320;interval_sha256=1340acba7e13f533476414f183ef7ba7c34a2ddabec469461547f1c7eb6abfca
L3-REG-OD-WCH-P2-WCH-042	BINUTILS-OBJDUMP	WCH	ref/gcc/darwin-arm64/15.2.0/bin/riscv32-wch-elf-objdump	8e236c7426f9a4de96365a20f5644d71129a1ba547dd693755b47a0eb4795dd9	1679928	1679936	8	segment:__LINKEDIT	LINK-LAYOUT	L3-MAP-OBJDUMP	L3-STAT-OBJDUMP-FUNC,L3-STAT-OBJDUMP-XW,L3-STAT-OBJDUMP-CUSTOM32,L3-STAT-OBJDUMP-PRIORITY	COMPLETE-TILING	L3-112	pair_id=OD-WCH-P2;file_id=OD-WCH;file_size=1712320;interval_sha256=af5570f5a1810b7af78caf4bc70a660f0df51e42baf91d4de5b2328de0e83dfc
L3-REG-OD-WCH-P2-WCH-043	BINUTILS-OBJDUMP	WCH	ref/gcc/darwin-arm64/15.2.0/bin/riscv32-wch-elf-objdump	8e236c7426f9a4de96365a20f5644d71129a1ba547dd693755b47a0eb4795dd9	1679936	1712320	32384	LC_CODE_SIGNATURE-data	SIGNATURE/UUID/BUILD-METADATA	L3-MAP-OBJDUMP	L3-STAT-OBJDUMP-FUNC,L3-STAT-OBJDUMP-XW,L3-STAT-OBJDUMP-CUSTOM32,L3-STAT-OBJDUMP-PRIORITY	COMPLETE-TILING	L3-112	pair_id=OD-WCH-P2;file_id=OD-WCH;file_size=1712320;interval_sha256=a0dfccbcb0ba3601ab26145827168ed141b8ced67107d856b39663fe96dfee14
L3-REG-OD-WCH-REPLAY-OURS-PROVEN-REPLAY-000	BINUTILS-OBJDUMP	OURS-PROVEN-REPLAY	tmp/phase3c-gas/frozen-ours-replay/bin/riscv32-wch-elf-objdump	876178cc8860bd3ae24db82f48183af66e1639d2e11bf5fe5069ed9cf57612b9	0	32	32	mach_header_64	LINK-LAYOUT	L3-MAP-OBJDUMP	L3-STAT-OBJDUMP-FUNC,L3-STAT-OBJDUMP-XW,L3-STAT-OBJDUMP-CUSTOM32,L3-STAT-OBJDUMP-PRIORITY	COMPLETE-TILING	L3-112	pair_id=OD-WCH-REPLAY;file_id=OD-REPLAY;file_size=1959928;interval_sha256=9244e1e363dd23fc8a4d22f3d657b033048b1b86c4645b9afa95fad8c269f225
L3-REG-OD-WCH-REPLAY-OURS-PROVEN-REPLAY-001	BINUTILS-OBJDUMP	OURS-PROVEN-REPLAY	tmp/phase3c-gas/frozen-ours-replay/bin/riscv32-wch-elf-objdump	876178cc8860bd3ae24db82f48183af66e1639d2e11bf5fe5069ed9cf57612b9	32	104	72	load-command[0]:0x19	LINK-LAYOUT	L3-MAP-OBJDUMP	L3-STAT-OBJDUMP-FUNC,L3-STAT-OBJDUMP-XW,L3-STAT-OBJDUMP-CUSTOM32,L3-STAT-OBJDUMP-PRIORITY	COMPLETE-TILING	L3-112	pair_id=OD-WCH-REPLAY;file_id=OD-REPLAY;file_size=1959928;interval_sha256=38432a8fbcbe1ae9fdf9263fe1e4e948de98131833cc5e5333f375dcf5f6333f
L3-REG-OD-WCH-REPLAY-OURS-PROVEN-REPLAY-002	BINUTILS-OBJDUMP	OURS-PROVEN-REPLAY	tmp/phase3c-gas/frozen-ours-replay/bin/riscv32-wch-elf-objdump	876178cc8860bd3ae24db82f48183af66e1639d2e11bf5fe5069ed9cf57612b9	104	656	552	load-command[1]:0x19	LINK-LAYOUT	L3-MAP-OBJDUMP	L3-STAT-OBJDUMP-FUNC,L3-STAT-OBJDUMP-XW,L3-STAT-OBJDUMP-CUSTOM32,L3-STAT-OBJDUMP-PRIORITY	COMPLETE-TILING	L3-112	pair_id=OD-WCH-REPLAY;file_id=OD-REPLAY;file_size=1959928;interval_sha256=309bd7f9e09c56c44bc8a3121df7e8149667c207a0ab461d3c57d073384c63f1
L3-REG-OD-WCH-REPLAY-OURS-PROVEN-REPLAY-003	BINUTILS-OBJDUMP	OURS-PROVEN-REPLAY	tmp/phase3c-gas/frozen-ours-replay/bin/riscv32-wch-elf-objdump	876178cc8860bd3ae24db82f48183af66e1639d2e11bf5fe5069ed9cf57612b9	656	888	232	load-command[2]:0x19	LINK-LAYOUT	L3-MAP-OBJDUMP	L3-STAT-OBJDUMP-FUNC,L3-STAT-OBJDUMP-XW,L3-STAT-OBJDUMP-CUSTOM32,L3-STAT-OBJDUMP-PRIORITY	COMPLETE-TILING	L3-112	pair_id=OD-WCH-REPLAY;file_id=OD-REPLAY;file_size=1959928;interval_sha256=0cc3fe87733fa27418405736ae7f55a61ad1a1747a5705ad1348ccebd836f938
L3-REG-OD-WCH-REPLAY-OURS-PROVEN-REPLAY-004	BINUTILS-OBJDUMP	OURS-PROVEN-REPLAY	tmp/phase3c-gas/frozen-ours-replay/bin/riscv32-wch-elf-objdump	876178cc8860bd3ae24db82f48183af66e1639d2e11bf5fe5069ed9cf57612b9	888	1360	472	load-command[3]:0x19	LINK-LAYOUT	L3-MAP-OBJDUMP	L3-STAT-OBJDUMP-FUNC,L3-STAT-OBJDUMP-XW,L3-STAT-OBJDUMP-CUSTOM32,L3-STAT-OBJDUMP-PRIORITY	COMPLETE-TILING	L3-112	pair_id=OD-WCH-REPLAY;file_id=OD-REPLAY;file_size=1959928;interval_sha256=793ca11c33dea2bf7e13858c50ac36ab0ae382a86738a1bbbba0772a87ee012a
L3-REG-OD-WCH-REPLAY-OURS-PROVEN-REPLAY-005	BINUTILS-OBJDUMP	OURS-PROVEN-REPLAY	tmp/phase3c-gas/frozen-ours-replay/bin/riscv32-wch-elf-objdump	876178cc8860bd3ae24db82f48183af66e1639d2e11bf5fe5069ed9cf57612b9	1360	1432	72	load-command[4]:0x19	LINK-LAYOUT	L3-MAP-OBJDUMP	L3-STAT-OBJDUMP-FUNC,L3-STAT-OBJDUMP-XW,L3-STAT-OBJDUMP-CUSTOM32,L3-STAT-OBJDUMP-PRIORITY	COMPLETE-TILING	L3-112	pair_id=OD-WCH-REPLAY;file_id=OD-REPLAY;file_size=1959928;interval_sha256=5dcbd5b1079644e8ceeda2bf52a1b557ff61c90e02da461bd5be5bb1f171f935
L3-REG-OD-WCH-REPLAY-OURS-PROVEN-REPLAY-006	BINUTILS-OBJDUMP	OURS-PROVEN-REPLAY	tmp/phase3c-gas/frozen-ours-replay/bin/riscv32-wch-elf-objdump	876178cc8860bd3ae24db82f48183af66e1639d2e11bf5fe5069ed9cf57612b9	1432	1448	16	load-command[5]:0x80000034	LINK-LAYOUT	L3-MAP-OBJDUMP	L3-STAT-OBJDUMP-FUNC,L3-STAT-OBJDUMP-XW,L3-STAT-OBJDUMP-CUSTOM32,L3-STAT-OBJDUMP-PRIORITY	COMPLETE-TILING	L3-112	pair_id=OD-WCH-REPLAY;file_id=OD-REPLAY;file_size=1959928;interval_sha256=5506d3151a4d34bc76722caf268f8574192c2def3ca4db936d5a8d002a692b5b
L3-REG-OD-WCH-REPLAY-OURS-PROVEN-REPLAY-007	BINUTILS-OBJDUMP	OURS-PROVEN-REPLAY	tmp/phase3c-gas/frozen-ours-replay/bin/riscv32-wch-elf-objdump	876178cc8860bd3ae24db82f48183af66e1639d2e11bf5fe5069ed9cf57612b9	1448	1464	16	load-command[6]:0x80000033	LINK-LAYOUT	L3-MAP-OBJDUMP	L3-STAT-OBJDUMP-FUNC,L3-STAT-OBJDUMP-XW,L3-STAT-OBJDUMP-CUSTOM32,L3-STAT-OBJDUMP-PRIORITY	COMPLETE-TILING	L3-112	pair_id=OD-WCH-REPLAY;file_id=OD-REPLAY;file_size=1959928;interval_sha256=fd434e2a2c9f7c13ee71070011761d31532ffa413206b48968d059b13afcbcc1
L3-REG-OD-WCH-REPLAY-OURS-PROVEN-REPLAY-008	BINUTILS-OBJDUMP	OURS-PROVEN-REPLAY	tmp/phase3c-gas/frozen-ours-replay/bin/riscv32-wch-elf-objdump	876178cc8860bd3ae24db82f48183af66e1639d2e11bf5fe5069ed9cf57612b9	1464	1488	24	load-command[7]:0x2	LINK-LAYOUT	L3-MAP-OBJDUMP	L3-STAT-OBJDUMP-FUNC,L3-STAT-OBJDUMP-XW,L3-STAT-OBJDUMP-CUSTOM32,L3-STAT-OBJDUMP-PRIORITY	COMPLETE-TILING	L3-112	pair_id=OD-WCH-REPLAY;file_id=OD-REPLAY;file_size=1959928;interval_sha256=02ac0d538ee2846f524b9e9feccd118aefb3b2aa61396c5c16d7448cbdb6a670
L3-REG-OD-WCH-REPLAY-OURS-PROVEN-REPLAY-009	BINUTILS-OBJDUMP	OURS-PROVEN-REPLAY	tmp/phase3c-gas/frozen-ours-replay/bin/riscv32-wch-elf-objdump	876178cc8860bd3ae24db82f48183af66e1639d2e11bf5fe5069ed9cf57612b9	1488	1568	80	load-command[8]:0xb	LINK-LAYOUT	L3-MAP-OBJDUMP	L3-STAT-OBJDUMP-FUNC,L3-STAT-OBJDUMP-XW,L3-STAT-OBJDUMP-CUSTOM32,L3-STAT-OBJDUMP-PRIORITY	COMPLETE-TILING	L3-112	pair_id=OD-WCH-REPLAY;file_id=OD-REPLAY;file_size=1959928;interval_sha256=1d5d5401826177e18d56a96afaefec083baf2da20219304e985a04e0b01df94d
L3-REG-OD-WCH-REPLAY-OURS-PROVEN-REPLAY-010	BINUTILS-OBJDUMP	OURS-PROVEN-REPLAY	tmp/phase3c-gas/frozen-ours-replay/bin/riscv32-wch-elf-objdump	876178cc8860bd3ae24db82f48183af66e1639d2e11bf5fe5069ed9cf57612b9	1568	1600	32	load-command[9]:0xe	LINK-LAYOUT	L3-MAP-OBJDUMP	L3-STAT-OBJDUMP-FUNC,L3-STAT-OBJDUMP-XW,L3-STAT-OBJDUMP-CUSTOM32,L3-STAT-OBJDUMP-PRIORITY	COMPLETE-TILING	L3-112	pair_id=OD-WCH-REPLAY;file_id=OD-REPLAY;file_size=1959928;interval_sha256=44316cf4f366f41aa06996613c44af75e34479362928faf61a168c2a203b5999
L3-REG-OD-WCH-REPLAY-OURS-PROVEN-REPLAY-011	BINUTILS-OBJDUMP	OURS-PROVEN-REPLAY	tmp/phase3c-gas/frozen-ours-replay/bin/riscv32-wch-elf-objdump	876178cc8860bd3ae24db82f48183af66e1639d2e11bf5fe5069ed9cf57612b9	1600	1624	24	load-command[10]:0x1b	SIGNATURE/UUID/BUILD-METADATA	L3-MAP-OBJDUMP	L3-STAT-OBJDUMP-FUNC,L3-STAT-OBJDUMP-XW,L3-STAT-OBJDUMP-CUSTOM32,L3-STAT-OBJDUMP-PRIORITY	COMPLETE-TILING	L3-112	pair_id=OD-WCH-REPLAY;file_id=OD-REPLAY;file_size=1959928;interval_sha256=004e9cc0fc934b7a81cf80b3495d38081c4a2c122abeceaafd852a6cfcc760e7
L3-REG-OD-WCH-REPLAY-OURS-PROVEN-REPLAY-012	BINUTILS-OBJDUMP	OURS-PROVEN-REPLAY	tmp/phase3c-gas/frozen-ours-replay/bin/riscv32-wch-elf-objdump	876178cc8860bd3ae24db82f48183af66e1639d2e11bf5fe5069ed9cf57612b9	1624	1656	32	load-command[11]:0x32	SIGNATURE/UUID/BUILD-METADATA	L3-MAP-OBJDUMP	L3-STAT-OBJDUMP-FUNC,L3-STAT-OBJDUMP-XW,L3-STAT-OBJDUMP-CUSTOM32,L3-STAT-OBJDUMP-PRIORITY	COMPLETE-TILING	L3-112	pair_id=OD-WCH-REPLAY;file_id=OD-REPLAY;file_size=1959928;interval_sha256=06be0acc3151d0cb3a5720312a0ae05bf2376d394c98194de6f77801b59ab2e0
L3-REG-OD-WCH-REPLAY-OURS-PROVEN-REPLAY-013	BINUTILS-OBJDUMP	OURS-PROVEN-REPLAY	tmp/phase3c-gas/frozen-ours-replay/bin/riscv32-wch-elf-objdump	876178cc8860bd3ae24db82f48183af66e1639d2e11bf5fe5069ed9cf57612b9	1656	1672	16	load-command[12]:0x2a	SIGNATURE/UUID/BUILD-METADATA	L3-MAP-OBJDUMP	L3-STAT-OBJDUMP-FUNC,L3-STAT-OBJDUMP-XW,L3-STAT-OBJDUMP-CUSTOM32,L3-STAT-OBJDUMP-PRIORITY	COMPLETE-TILING	L3-112	pair_id=OD-WCH-REPLAY;file_id=OD-REPLAY;file_size=1959928;interval_sha256=01a60f1db7db041298aa3e269ff5ebea951aa6977963e4ab563905da906d2b82
L3-REG-OD-WCH-REPLAY-OURS-PROVEN-REPLAY-014	BINUTILS-OBJDUMP	OURS-PROVEN-REPLAY	tmp/phase3c-gas/frozen-ours-replay/bin/riscv32-wch-elf-objdump	876178cc8860bd3ae24db82f48183af66e1639d2e11bf5fe5069ed9cf57612b9	1672	1696	24	load-command[13]:0x80000028	LINK-LAYOUT	L3-MAP-OBJDUMP	L3-STAT-OBJDUMP-FUNC,L3-STAT-OBJDUMP-XW,L3-STAT-OBJDUMP-CUSTOM32,L3-STAT-OBJDUMP-PRIORITY	COMPLETE-TILING	L3-112	pair_id=OD-WCH-REPLAY;file_id=OD-REPLAY;file_size=1959928;interval_sha256=c6511cf58263464f22ac46f1b9f5389980debaa6b8edc691cfa5b77215aebcd0
L3-REG-OD-WCH-REPLAY-OURS-PROVEN-REPLAY-015	BINUTILS-OBJDUMP	OURS-PROVEN-REPLAY	tmp/phase3c-gas/frozen-ours-replay/bin/riscv32-wch-elf-objdump	876178cc8860bd3ae24db82f48183af66e1639d2e11bf5fe5069ed9cf57612b9	1696	1752	56	load-command[14]:0xc	LINK-LAYOUT	L3-MAP-OBJDUMP	L3-STAT-OBJDUMP-FUNC,L3-STAT-OBJDUMP-XW,L3-STAT-OBJDUMP-CUSTOM32,L3-STAT-OBJDUMP-PRIORITY	COMPLETE-TILING	L3-112	pair_id=OD-WCH-REPLAY;file_id=OD-REPLAY;file_size=1959928;interval_sha256=ffa45af4ce6b7780727be9b2f2f9ca0b35932363e311b247d840ef9da1bdc1f5
L3-REG-OD-WCH-REPLAY-OURS-PROVEN-REPLAY-016	BINUTILS-OBJDUMP	OURS-PROVEN-REPLAY	tmp/phase3c-gas/frozen-ours-replay/bin/riscv32-wch-elf-objdump	876178cc8860bd3ae24db82f48183af66e1639d2e11bf5fe5069ed9cf57612b9	1752	1800	48	load-command[15]:0xc	LINK-LAYOUT	L3-MAP-OBJDUMP	L3-STAT-OBJDUMP-FUNC,L3-STAT-OBJDUMP-XW,L3-STAT-OBJDUMP-CUSTOM32,L3-STAT-OBJDUMP-PRIORITY	COMPLETE-TILING	L3-112	pair_id=OD-WCH-REPLAY;file_id=OD-REPLAY;file_size=1959928;interval_sha256=70ad563e95ac2bc9fefdc6ffaf87d87d18272d013bc98f6d4fc78e85e28a9111
L3-REG-OD-WCH-REPLAY-OURS-PROVEN-REPLAY-017	BINUTILS-OBJDUMP	OURS-PROVEN-REPLAY	tmp/phase3c-gas/frozen-ours-replay/bin/riscv32-wch-elf-objdump	876178cc8860bd3ae24db82f48183af66e1639d2e11bf5fe5069ed9cf57612b9	1800	1816	16	load-command[16]:0x26	LINK-LAYOUT	L3-MAP-OBJDUMP	L3-STAT-OBJDUMP-FUNC,L3-STAT-OBJDUMP-XW,L3-STAT-OBJDUMP-CUSTOM32,L3-STAT-OBJDUMP-PRIORITY	COMPLETE-TILING	L3-112	pair_id=OD-WCH-REPLAY;file_id=OD-REPLAY;file_size=1959928;interval_sha256=bea58e2e537a4b338ed9775fe989c1be3845c3c53e03ee678c178cd60543ff8e
L3-REG-OD-WCH-REPLAY-OURS-PROVEN-REPLAY-018	BINUTILS-OBJDUMP	OURS-PROVEN-REPLAY	tmp/phase3c-gas/frozen-ours-replay/bin/riscv32-wch-elf-objdump	876178cc8860bd3ae24db82f48183af66e1639d2e11bf5fe5069ed9cf57612b9	1816	1832	16	load-command[17]:0x29	LINK-LAYOUT	L3-MAP-OBJDUMP	L3-STAT-OBJDUMP-FUNC,L3-STAT-OBJDUMP-XW,L3-STAT-OBJDUMP-CUSTOM32,L3-STAT-OBJDUMP-PRIORITY	COMPLETE-TILING	L3-112	pair_id=OD-WCH-REPLAY;file_id=OD-REPLAY;file_size=1959928;interval_sha256=22ed472e840e11b4e41bacb94dd6f026ea0107c6c061f12721b86fb621e34b30
L3-REG-OD-WCH-REPLAY-OURS-PROVEN-REPLAY-019	BINUTILS-OBJDUMP	OURS-PROVEN-REPLAY	tmp/phase3c-gas/frozen-ours-replay/bin/riscv32-wch-elf-objdump	876178cc8860bd3ae24db82f48183af66e1639d2e11bf5fe5069ed9cf57612b9	1832	1848	16	load-command[18]:0x1d	SIGNATURE/UUID/BUILD-METADATA	L3-MAP-OBJDUMP	L3-STAT-OBJDUMP-FUNC,L3-STAT-OBJDUMP-XW,L3-STAT-OBJDUMP-CUSTOM32,L3-STAT-OBJDUMP-PRIORITY	COMPLETE-TILING	L3-112	pair_id=OD-WCH-REPLAY;file_id=OD-REPLAY;file_size=1959928;interval_sha256=0d7ba652e846e86a3ccbcf6f5a36c7319105143ab84e2ac6b065480908e99798
L3-REG-OD-WCH-REPLAY-OURS-PROVEN-REPLAY-020	BINUTILS-OBJDUMP	OURS-PROVEN-REPLAY	tmp/phase3c-gas/frozen-ours-replay/bin/riscv32-wch-elf-objdump	876178cc8860bd3ae24db82f48183af66e1639d2e11bf5fe5069ed9cf57612b9	1848	1888	40	segment:__TEXT	PADDING/ALIGNMENT	L3-MAP-OBJDUMP	L3-STAT-OBJDUMP-FUNC,L3-STAT-OBJDUMP-XW,L3-STAT-OBJDUMP-CUSTOM32,L3-STAT-OBJDUMP-PRIORITY	COMPLETE-TILING	L3-112	pair_id=OD-WCH-REPLAY;file_id=OD-REPLAY;file_size=1959928;interval_sha256=2c34ce1df23b838c5abf2a7f6437cca3d3067ed509ff25f11df6b11b582b51eb
L3-REG-OD-WCH-REPLAY-OURS-PROVEN-REPLAY-021	BINUTILS-OBJDUMP	OURS-PROVEN-REPLAY	tmp/phase3c-gas/frozen-ours-replay/bin/riscv32-wch-elf-objdump	876178cc8860bd3ae24db82f48183af66e1639d2e11bf5fe5069ed9cf57612b9	1888	1029996	1028108	section:__TEXT,__text	FUNCTIONAL-CODE	L3-MAP-OBJDUMP	L3-STAT-OBJDUMP-FUNC,L3-STAT-OBJDUMP-XW,L3-STAT-OBJDUMP-CUSTOM32,L3-STAT-OBJDUMP-PRIORITY	COMPLETE-TILING	L3-112	pair_id=OD-WCH-REPLAY;file_id=OD-REPLAY;file_size=1959928;interval_sha256=9732c54ec5694b51dafc0930f6047a52c646131a1fec0b1121eefbca7c891b74
L3-REG-OD-WCH-REPLAY-OURS-PROVEN-REPLAY-022	BINUTILS-OBJDUMP	OURS-PROVEN-REPLAY	tmp/phase3c-gas/frozen-ours-replay/bin/riscv32-wch-elf-objdump	876178cc8860bd3ae24db82f48183af66e1639d2e11bf5fe5069ed9cf57612b9	1029996	1031496	1500	section:__TEXT,__stubs	PACKAGING/DEPENDENCY	L3-MAP-OBJDUMP	L3-STAT-OBJDUMP-FUNC,L3-STAT-OBJDUMP-XW,L3-STAT-OBJDUMP-CUSTOM32,L3-STAT-OBJDUMP-PRIORITY	COMPLETE-TILING	L3-112	pair_id=OD-WCH-REPLAY;file_id=OD-REPLAY;file_size=1959928;interval_sha256=7d5c90b2bc68363ebcfad0c64162a4fa457ae0687fc885356a2664ad0c1462d9
L3-REG-OD-WCH-REPLAY-OURS-PROVEN-REPLAY-023	BINUTILS-OBJDUMP	OURS-PROVEN-REPLAY	tmp/phase3c-gas/frozen-ours-replay/bin/riscv32-wch-elf-objdump	876178cc8860bd3ae24db82f48183af66e1639d2e11bf5fe5069ed9cf57612b9	1031496	1031504	8	segment:__TEXT	PADDING/ALIGNMENT	L3-MAP-OBJDUMP	L3-STAT-OBJDUMP-FUNC,L3-STAT-OBJDUMP-XW,L3-STAT-OBJDUMP-CUSTOM32,L3-STAT-OBJDUMP-PRIORITY	COMPLETE-TILING	L3-112	pair_id=OD-WCH-REPLAY;file_id=OD-REPLAY;file_size=1959928;interval_sha256=af5570f5a1810b7af78caf4bc70a660f0df51e42baf91d4de5b2328de0e83dfc
L3-REG-OD-WCH-REPLAY-OURS-PROVEN-REPLAY-024	BINUTILS-OBJDUMP	OURS-PROVEN-REPLAY	tmp/phase3c-gas/frozen-ours-replay/bin/riscv32-wch-elf-objdump	876178cc8860bd3ae24db82f48183af66e1639d2e11bf5fe5069ed9cf57612b9	1031504	1061944	30440	section:__TEXT,__const	FUNCTIONAL-DATA-TABLE	L3-MAP-OBJDUMP	L3-STAT-OBJDUMP-FUNC,L3-STAT-OBJDUMP-XW,L3-STAT-OBJDUMP-CUSTOM32,L3-STAT-OBJDUMP-PRIORITY	COMPLETE-TILING	L3-112	pair_id=OD-WCH-REPLAY;file_id=OD-REPLAY;file_size=1959928;interval_sha256=6ff6922e8a9f9c4bea1a2142feafcf04c61fa54c6f5baff8c37e70a4f36abcb0
L3-REG-OD-WCH-REPLAY-OURS-PROVEN-REPLAY-025	BINUTILS-OBJDUMP	OURS-PROVEN-REPLAY	tmp/phase3c-gas/frozen-ours-replay/bin/riscv32-wch-elf-objdump	876178cc8860bd3ae24db82f48183af66e1639d2e11bf5fe5069ed9cf57612b9	1061944	1291774	229830	section:__TEXT,__cstring	FUNCTIONAL-DATA-TABLE	L3-MAP-OBJDUMP	L3-STAT-OBJDUMP-FUNC,L3-STAT-OBJDUMP-XW,L3-STAT-OBJDUMP-CUSTOM32,L3-STAT-OBJDUMP-PRIORITY	COMPLETE-TILING	L3-112	pair_id=OD-WCH-REPLAY;file_id=OD-REPLAY;file_size=1959928;interval_sha256=48f2321334dc9adc2dfbc98ed40118beac6af83b9a56bb4e6c3ea2d53a9c95ea
L3-REG-OD-WCH-REPLAY-OURS-PROVEN-REPLAY-026	BINUTILS-OBJDUMP	OURS-PROVEN-REPLAY	tmp/phase3c-gas/frozen-ours-replay/bin/riscv32-wch-elf-objdump	876178cc8860bd3ae24db82f48183af66e1639d2e11bf5fe5069ed9cf57612b9	1291774	1291776	2	segment:__TEXT	PADDING/ALIGNMENT	L3-MAP-OBJDUMP	L3-STAT-OBJDUMP-FUNC,L3-STAT-OBJDUMP-XW,L3-STAT-OBJDUMP-CUSTOM32,L3-STAT-OBJDUMP-PRIORITY	COMPLETE-TILING	L3-112	pair_id=OD-WCH-REPLAY;file_id=OD-REPLAY;file_size=1959928;interval_sha256=96a296d224f285c67bee93c30f8a309157f0daa35dc5b87e410b78630a09cfc7
L3-REG-OD-WCH-REPLAY-OURS-PROVEN-REPLAY-027	BINUTILS-OBJDUMP	OURS-PROVEN-REPLAY	tmp/phase3c-gas/frozen-ours-replay/bin/riscv32-wch-elf-objdump	876178cc8860bd3ae24db82f48183af66e1639d2e11bf5fe5069ed9cf57612b9	1291776	1298464	6688	section:__TEXT,__unwind_info	FUNCTIONAL-DATA-TABLE	L3-MAP-OBJDUMP	L3-STAT-OBJDUMP-FUNC,L3-STAT-OBJDUMP-XW,L3-STAT-OBJDUMP-CUSTOM32,L3-STAT-OBJDUMP-PRIORITY	COMPLETE-TILING	L3-112	pair_id=OD-WCH-REPLAY;file_id=OD-REPLAY;file_size=1959928;interval_sha256=fac7ff07860e5a2c717d31d4ed4d90b73088862972aa2756d370db9a82e1cc97
L3-REG-OD-WCH-REPLAY-OURS-PROVEN-REPLAY-028	BINUTILS-OBJDUMP	OURS-PROVEN-REPLAY	tmp/phase3c-gas/frozen-ours-replay/bin/riscv32-wch-elf-objdump	876178cc8860bd3ae24db82f48183af66e1639d2e11bf5fe5069ed9cf57612b9	1298464	1298544	80	section:__TEXT,__eh_frame	FUNCTIONAL-DATA-TABLE	L3-MAP-OBJDUMP	L3-STAT-OBJDUMP-FUNC,L3-STAT-OBJDUMP-XW,L3-STAT-OBJDUMP-CUSTOM32,L3-STAT-OBJDUMP-PRIORITY	COMPLETE-TILING	L3-112	pair_id=OD-WCH-REPLAY;file_id=OD-REPLAY;file_size=1959928;interval_sha256=6458c73db1a00b447a71a0fdeed99761ebb2acf8be254a5f47a902e1fc691439
L3-REG-OD-WCH-REPLAY-OURS-PROVEN-REPLAY-029	BINUTILS-OBJDUMP	OURS-PROVEN-REPLAY	tmp/phase3c-gas/frozen-ours-replay/bin/riscv32-wch-elf-objdump	876178cc8860bd3ae24db82f48183af66e1639d2e11bf5fe5069ed9cf57612b9	1298544	1310720	12176	segment:__TEXT	PADDING/ALIGNMENT	L3-MAP-OBJDUMP	L3-STAT-OBJDUMP-FUNC,L3-STAT-OBJDUMP-XW,L3-STAT-OBJDUMP-CUSTOM32,L3-STAT-OBJDUMP-PRIORITY	COMPLETE-TILING	L3-112	pair_id=OD-WCH-REPLAY;file_id=OD-REPLAY;file_size=1959928;interval_sha256=946642769bebf26119daf9cff5e644bfdfc83c0c5a9601befdb688cad3a66826
L3-REG-OD-WCH-REPLAY-OURS-PROVEN-REPLAY-030	BINUTILS-OBJDUMP	OURS-PROVEN-REPLAY	tmp/phase3c-gas/frozen-ours-replay/bin/riscv32-wch-elf-objdump	876178cc8860bd3ae24db82f48183af66e1639d2e11bf5fe5069ed9cf57612b9	1310720	1311760	1040	section:__DATA_CONST,__got	PACKAGING/DEPENDENCY	L3-MAP-OBJDUMP	L3-STAT-OBJDUMP-FUNC,L3-STAT-OBJDUMP-XW,L3-STAT-OBJDUMP-CUSTOM32,L3-STAT-OBJDUMP-PRIORITY	COMPLETE-TILING	L3-112	pair_id=OD-WCH-REPLAY;file_id=OD-REPLAY;file_size=1959928;interval_sha256=cab4c94b5083714d476f9addcb5ae438ca5072271b5a87401e68690ae00f0cf2
L3-REG-OD-WCH-REPLAY-OURS-PROVEN-REPLAY-031	BINUTILS-OBJDUMP	OURS-PROVEN-REPLAY	tmp/phase3c-gas/frozen-ours-replay/bin/riscv32-wch-elf-objdump	876178cc8860bd3ae24db82f48183af66e1639d2e11bf5fe5069ed9cf57612b9	1311760	1547184	235424	section:__DATA_CONST,__const	FUNCTIONAL-DATA-TABLE	L3-MAP-OBJDUMP	L3-STAT-OBJDUMP-FUNC,L3-STAT-OBJDUMP-XW,L3-STAT-OBJDUMP-CUSTOM32,L3-STAT-OBJDUMP-PRIORITY	COMPLETE-TILING	L3-112	pair_id=OD-WCH-REPLAY;file_id=OD-REPLAY;file_size=1959928;interval_sha256=db2ef3c3037c4f318259fe7f04d88fcacf6d6db751456539714719510a23bee1
L3-REG-OD-WCH-REPLAY-OURS-PROVEN-REPLAY-032	BINUTILS-OBJDUMP	OURS-PROVEN-REPLAY	tmp/phase3c-gas/frozen-ours-replay/bin/riscv32-wch-elf-objdump	876178cc8860bd3ae24db82f48183af66e1639d2e11bf5fe5069ed9cf57612b9	1547184	1556480	9296	segment:__DATA_CONST	PADDING/ALIGNMENT	L3-MAP-OBJDUMP	L3-STAT-OBJDUMP-FUNC,L3-STAT-OBJDUMP-XW,L3-STAT-OBJDUMP-CUSTOM32,L3-STAT-OBJDUMP-PRIORITY	COMPLETE-TILING	L3-112	pair_id=OD-WCH-REPLAY;file_id=OD-REPLAY;file_size=1959928;interval_sha256=d4914695d9cdd58babcbdd279b98b0051b3999d7bf718a2b077ba83fdbabf4a7
L3-REG-OD-WCH-REPLAY-OURS-PROVEN-REPLAY-033	BINUTILS-OBJDUMP	OURS-PROVEN-REPLAY	tmp/phase3c-gas/frozen-ours-replay/bin/riscv32-wch-elf-objdump	876178cc8860bd3ae24db82f48183af66e1639d2e11bf5fe5069ed9cf57612b9	1556480	1573416	16936	section:__DATA,__data	FUNCTIONAL-DATA-TABLE	L3-MAP-OBJDUMP	L3-STAT-OBJDUMP-FUNC,L3-STAT-OBJDUMP-XW,L3-STAT-OBJDUMP-CUSTOM32,L3-STAT-OBJDUMP-PRIORITY	COMPLETE-TILING	L3-112	pair_id=OD-WCH-REPLAY;file_id=OD-REPLAY;file_size=1959928;interval_sha256=08d2b5d7be19027541f3e87b9c0602af988ee73da053c206532aa5acdfcb158f
L3-REG-OD-WCH-REPLAY-OURS-PROVEN-REPLAY-034	BINUTILS-OBJDUMP	OURS-PROVEN-REPLAY	tmp/phase3c-gas/frozen-ours-replay/bin/riscv32-wch-elf-objdump	876178cc8860bd3ae24db82f48183af66e1639d2e11bf5fe5069ed9cf57612b9	1573416	1573488	72	section:__DATA,__thread_vars	PACKAGING/DEPENDENCY	L3-MAP-OBJDUMP	L3-STAT-OBJDUMP-FUNC,L3-STAT-OBJDUMP-XW,L3-STAT-OBJDUMP-CUSTOM32,L3-STAT-OBJDUMP-PRIORITY	COMPLETE-TILING	L3-112	pair_id=OD-WCH-REPLAY;file_id=OD-REPLAY;file_size=1959928;interval_sha256=8e04a5ce007105c6d75917e084092eb9ead1413b51183136e6b207e19a2ecb55
L3-REG-OD-WCH-REPLAY-OURS-PROVEN-REPLAY-035	BINUTILS-OBJDUMP	OURS-PROVEN-REPLAY	tmp/phase3c-gas/frozen-ours-replay/bin/riscv32-wch-elf-objdump	876178cc8860bd3ae24db82f48183af66e1639d2e11bf5fe5069ed9cf57612b9	1573488	1589248	15760	segment:__DATA	PADDING/ALIGNMENT	L3-MAP-OBJDUMP	L3-STAT-OBJDUMP-FUNC,L3-STAT-OBJDUMP-XW,L3-STAT-OBJDUMP-CUSTOM32,L3-STAT-OBJDUMP-PRIORITY	COMPLETE-TILING	L3-112	pair_id=OD-WCH-REPLAY;file_id=OD-REPLAY;file_size=1959928;interval_sha256=768aec3aee2a8161a702fcb65a6021782b396b94b864c9f52af6f1f9de02d6bf
L3-REG-OD-WCH-REPLAY-OURS-PROVEN-REPLAY-036	BINUTILS-OBJDUMP	OURS-PROVEN-REPLAY	tmp/phase3c-gas/frozen-ours-replay/bin/riscv32-wch-elf-objdump	876178cc8860bd3ae24db82f48183af66e1639d2e11bf5fe5069ed9cf57612b9	1589248	1591128	1880	LC_DYLD_CHAINED_FIXUPS-data	PACKAGING/DEPENDENCY	L3-MAP-OBJDUMP	L3-STAT-OBJDUMP-FUNC,L3-STAT-OBJDUMP-XW,L3-STAT-OBJDUMP-CUSTOM32,L3-STAT-OBJDUMP-PRIORITY	COMPLETE-TILING	L3-112	pair_id=OD-WCH-REPLAY;file_id=OD-REPLAY;file_size=1959928;interval_sha256=5cee2e229a798c75f86554d36e98200aef2dac4334ef9072e3326f300b1f1a38
L3-REG-OD-WCH-REPLAY-OURS-PROVEN-REPLAY-037	BINUTILS-OBJDUMP	OURS-PROVEN-REPLAY	tmp/phase3c-gas/frozen-ours-replay/bin/riscv32-wch-elf-objdump	876178cc8860bd3ae24db82f48183af66e1639d2e11bf5fe5069ed9cf57612b9	1591128	1620728	29600	LC_DYLD_EXPORTS_TRIE-data	PACKAGING/DEPENDENCY	L3-MAP-OBJDUMP	L3-STAT-OBJDUMP-FUNC,L3-STAT-OBJDUMP-XW,L3-STAT-OBJDUMP-CUSTOM32,L3-STAT-OBJDUMP-PRIORITY	COMPLETE-TILING	L3-112	pair_id=OD-WCH-REPLAY;file_id=OD-REPLAY;file_size=1959928;interval_sha256=1357bb8c02891a5c0d29dbdfd4270b10ada9cfb9df3d7d63626e31c8a9be4605
L3-REG-OD-WCH-REPLAY-OURS-PROVEN-REPLAY-038	BINUTILS-OBJDUMP	OURS-PROVEN-REPLAY	tmp/phase3c-gas/frozen-ours-replay/bin/riscv32-wch-elf-objdump	876178cc8860bd3ae24db82f48183af66e1639d2e11bf5fe5069ed9cf57612b9	1620728	1624552	3824	LC_FUNCTION_STARTS-data	LINK-LAYOUT	L3-MAP-OBJDUMP	L3-STAT-OBJDUMP-FUNC,L3-STAT-OBJDUMP-XW,L3-STAT-OBJDUMP-CUSTOM32,L3-STAT-OBJDUMP-PRIORITY	COMPLETE-TILING	L3-112	pair_id=OD-WCH-REPLAY;file_id=OD-REPLAY;file_size=1959928;interval_sha256=95f3d78798e72e307df08d793a20d79f827d66d0f54dd919d89b1988daa86bb1
L3-REG-OD-WCH-REPLAY-OURS-PROVEN-REPLAY-039	BINUTILS-OBJDUMP	OURS-PROVEN-REPLAY	tmp/phase3c-gas/frozen-ours-replay/bin/riscv32-wch-elf-objdump	876178cc8860bd3ae24db82f48183af66e1639d2e11bf5fe5069ed9cf57612b9	1624552	1851640	227088	LC_SYMTAB-symbols	STRIP/DEBUG/SYMBOL-LAYOUT	L3-MAP-OBJDUMP	L3-STAT-OBJDUMP-FUNC,L3-STAT-OBJDUMP-XW,L3-STAT-OBJDUMP-CUSTOM32,L3-STAT-OBJDUMP-PRIORITY	COMPLETE-TILING	L3-112	pair_id=OD-WCH-REPLAY;file_id=OD-REPLAY;file_size=1959928;interval_sha256=6e6d4b5e3b151fa873a4a02474f027e85e57dbca46c75fc09a8890499957cd51
L3-REG-OD-WCH-REPLAY-OURS-PROVEN-REPLAY-040	BINUTILS-OBJDUMP	OURS-PROVEN-REPLAY	tmp/phase3c-gas/frozen-ours-replay/bin/riscv32-wch-elf-objdump	876178cc8860bd3ae24db82f48183af66e1639d2e11bf5fe5069ed9cf57612b9	1851640	1852660	1020	LC_DYSYMTAB-indirect-symbols	STRIP/DEBUG/SYMBOL-LAYOUT	L3-MAP-OBJDUMP	L3-STAT-OBJDUMP-FUNC,L3-STAT-OBJDUMP-XW,L3-STAT-OBJDUMP-CUSTOM32,L3-STAT-OBJDUMP-PRIORITY	COMPLETE-TILING	L3-112	pair_id=OD-WCH-REPLAY;file_id=OD-REPLAY;file_size=1959928;interval_sha256=c60bd7c53d0c376db38ce32abe49a0da0a7c046db36c79df470832d8dce355c9
L3-REG-OD-WCH-REPLAY-OURS-PROVEN-REPLAY-041	BINUTILS-OBJDUMP	OURS-PROVEN-REPLAY	tmp/phase3c-gas/frozen-ours-replay/bin/riscv32-wch-elf-objdump	876178cc8860bd3ae24db82f48183af66e1639d2e11bf5fe5069ed9cf57612b9	1852660	1852664	4	segment:__LINKEDIT	LINK-LAYOUT	L3-MAP-OBJDUMP	L3-STAT-OBJDUMP-FUNC,L3-STAT-OBJDUMP-XW,L3-STAT-OBJDUMP-CUSTOM32,L3-STAT-OBJDUMP-PRIORITY	COMPLETE-TILING	L3-112	pair_id=OD-WCH-REPLAY;file_id=OD-REPLAY;file_size=1959928;interval_sha256=df3f619804a92fdb4057192dc43dd748ea778adc52bc498ce80524c014b81119
L3-REG-OD-WCH-REPLAY-OURS-PROVEN-REPLAY-042	BINUTILS-OBJDUMP	OURS-PROVEN-REPLAY	tmp/phase3c-gas/frozen-ours-replay/bin/riscv32-wch-elf-objdump	876178cc8860bd3ae24db82f48183af66e1639d2e11bf5fe5069ed9cf57612b9	1852664	1944600	91936	LC_SYMTAB-strings	STRIP/DEBUG/SYMBOL-LAYOUT	L3-MAP-OBJDUMP	L3-STAT-OBJDUMP-FUNC,L3-STAT-OBJDUMP-XW,L3-STAT-OBJDUMP-CUSTOM32,L3-STAT-OBJDUMP-PRIORITY	COMPLETE-TILING	L3-112	pair_id=OD-WCH-REPLAY;file_id=OD-REPLAY;file_size=1959928;interval_sha256=65a77e2c99480da071f2d4191ecdd57aef1b3ad4182881193024777881deb623
L3-REG-OD-WCH-REPLAY-OURS-PROVEN-REPLAY-043	BINUTILS-OBJDUMP	OURS-PROVEN-REPLAY	tmp/phase3c-gas/frozen-ours-replay/bin/riscv32-wch-elf-objdump	876178cc8860bd3ae24db82f48183af66e1639d2e11bf5fe5069ed9cf57612b9	1944600	1944608	8	segment:__LINKEDIT	LINK-LAYOUT	L3-MAP-OBJDUMP	L3-STAT-OBJDUMP-FUNC,L3-STAT-OBJDUMP-XW,L3-STAT-OBJDUMP-CUSTOM32,L3-STAT-OBJDUMP-PRIORITY	COMPLETE-TILING	L3-112	pair_id=OD-WCH-REPLAY;file_id=OD-REPLAY;file_size=1959928;interval_sha256=af5570f5a1810b7af78caf4bc70a660f0df51e42baf91d4de5b2328de0e83dfc
L3-REG-OD-WCH-REPLAY-OURS-PROVEN-REPLAY-044	BINUTILS-OBJDUMP	OURS-PROVEN-REPLAY	tmp/phase3c-gas/frozen-ours-replay/bin/riscv32-wch-elf-objdump	876178cc8860bd3ae24db82f48183af66e1639d2e11bf5fe5069ed9cf57612b9	1944608	1959928	15320	LC_CODE_SIGNATURE-data	SIGNATURE/UUID/BUILD-METADATA	L3-MAP-OBJDUMP	L3-STAT-OBJDUMP-FUNC,L3-STAT-OBJDUMP-XW,L3-STAT-OBJDUMP-CUSTOM32,L3-STAT-OBJDUMP-PRIORITY	COMPLETE-TILING	L3-112	pair_id=OD-WCH-REPLAY;file_id=OD-REPLAY;file_size=1959928;interval_sha256=9043bc7b687f3873a89d1836b72512258d1070cf1d26e0e80d6bdb409cf8718e
L4-REG-02620258102E7A1D	BINUTILS-ARCHIVE	OURS	bin/riscv32-wch-elf-ar	387fb971e26ff74125a383e265d7a14d9a3d73a1bb71a2ad9003a78ff6c6564d	0	1138704	1138704	0..EOF-WHOLE-FILE	UNRESOLVED	-	L4-STAT-MACHO-STRUCTURE	COMPLETE-TILING-UNRESOLVED	L4-044,L4-077,L4-078	whole-file conservative tiling; manifest_type=FILE; actual_status=MANIFEST-BOUND-NOT-AVAILABLE; UUID=-; segments=-; sections=-; signature=-; imports=-; rpaths=-; exports=-; undefined=-; function_starts=-; T0 original bytes NOT-AVAILABLE after external drift; range and hash are authoritative frozen manifest facts only
L4-REG-0451309D6228153E	BINUTILS-STRIP	UPSTREAM-P2	riscv32-wch-elf/bin/strip	f1c2ccedac6c1a8b0a330ff207606f587984679ab5522665eddf7ab919d135f9	0	1214616	1214616	0..EOF-WHOLE-FILE	UNRESOLVED	-	L4-STAT-MACHO-STRUCTURE	COMPLETE-TILING-UNRESOLVED	L4-044,L4-077,L4-078	whole-file conservative tiling; manifest_type=FILE; actual_status=PRESENT-HASH-VERIFIED; UUID=1AFE993E-B614-3FEF-B47C-81DC723B0EA2; segments=5; sections=12; signature=PRESENT; imports=/usr/lib/libSystem.B.dylib;/usr/lib/libz.1.dylib; rpaths=-; exports=950; undefined=122; function_starts=PRESENT
L4-REG-04A01192811F43AE	BINUTILS-SIZE	UPSTREAM-P2	bin/riscv32-wch-elf-size	c3cbaaa5aeec9d53d4ff060bd15b6493709c97a1ae2fdcbf7a62d701c5bc4a01	0	1109192	1109192	0..EOF-WHOLE-FILE	UNRESOLVED	-	L4-STAT-MACHO-STRUCTURE	COMPLETE-TILING-UNRESOLVED	L4-044,L4-077,L4-078	whole-file conservative tiling; manifest_type=FILE; actual_status=PRESENT-HASH-VERIFIED; UUID=6BD784E3-4799-3650-BFAD-2E32D5983F0C; segments=5; sections=12; signature=PRESENT; imports=/usr/lib/libSystem.B.dylib;/usr/lib/libz.1.dylib; rpaths=-; exports=876; undefined=114; function_starts=PRESENT
L4-REG-075359D20374690F	BINUTILS-GPROF	OURS	bin/riscv32-wch-elf-gprof	7b8b217cc917d6485838b9c6805ac3895711430f642d562189bca841fbb71ae8	0	1173144	1173144	0..EOF-WHOLE-FILE	UNRESOLVED	-	L4-STAT-MACHO-STRUCTURE	COMPLETE-TILING-UNRESOLVED	L4-044,L4-077,L4-078	whole-file conservative tiling; manifest_type=FILE; actual_status=MANIFEST-BOUND-NOT-AVAILABLE; UUID=-; segments=-; sections=-; signature=-; imports=-; rpaths=-; exports=-; undefined=-; function_starts=-; T0 original bytes NOT-AVAILABLE after external drift; range and hash are authoritative frozen manifest facts only
L4-REG-090966E31690C776	BINUTILS-GPROF	UPSTREAM-MATCHED	bin/riscv32-wch-elf-gprof	0326e1cc2d6d42678fb05d1138dd9ecf1558c278e89996ac4fbda973ef927531	0	1180408	1180408	0..EOF-WHOLE-FILE	UNRESOLVED	-	L4-STAT-MACHO-STRUCTURE	COMPLETE-TILING-UNRESOLVED	L4-044,L4-077,L4-078	whole-file conservative tiling; manifest_type=FILE; actual_status=PRESENT-HASH-VERIFIED; UUID=8788652C-18C0-3716-B0ED-7157588739D0; segments=5; sections=12; signature=PRESENT; imports=/usr/lib/libSystem.B.dylib;/usr/lib/libz.1.dylib; rpaths=-; exports=962; undefined=120; function_starts=PRESENT
L4-REG-09A7F83248E17AEC	BINUTILS-NM	UPSTREAM-P2	riscv32-wch-elf/bin/nm	319616d2b6d753ba7efb0ad32aa50a1adbcd596cca7744aaf622e8f7a65bafb0	0	1113688	1113688	0..EOF-WHOLE-FILE	UNRESOLVED	-	L4-STAT-MACHO-STRUCTURE	COMPLETE-TILING-UNRESOLVED	L4-044,L4-077,L4-078	whole-file conservative tiling; manifest_type=FILE; actual_status=PRESENT-HASH-VERIFIED; UUID=2A8BA197-673F-3D9E-AB4B-51BDE635A384; segments=5; sections=12; signature=PRESENT; imports=/usr/lib/libSystem.B.dylib;/usr/lib/libz.1.dylib; rpaths=-; exports=876; undefined=116; function_starts=PRESENT
L4-REG-0A17B782782836AA	GCC-GCOV	UPSTREAM-MATCHED	bin/riscv32-wch-elf-gcov	46d573eaf4507bd86e23af54544ed9c12264f81797c195e0ed399a049cdd3db4	0	1564424	1564424	0..EOF-WHOLE-FILE	UNRESOLVED	-	L4-STAT-MACHO-STRUCTURE	COMPLETE-TILING-UNRESOLVED	L4-044,L4-077,L4-078	whole-file conservative tiling; manifest_type=FILE; actual_status=PRESENT-HASH-VERIFIED; UUID=85166824-D437-3C83-9C92-E5F74C46CD87; segments=5; sections=12; signature=PRESENT; imports=/usr/lib/libiconv.2.dylib;/usr/lib/libc++.1.dylib;/usr/lib/libSystem.B.dylib; rpaths=-; exports=1356; undefined=111; function_starts=PRESENT
L4-REG-0BBEA1372BAF0640	GCC-LTO-PLUGIN	WCH	libexec/gcc/riscv32-wch-elf/15.2.0/liblto_plugin.so	6bbecaf15cf99d1d9da098034698695c1ff2293405b595dd2813477176df2137	0	122000	122000	0..EOF-WHOLE-FILE	UNRESOLVED	-	L4-STAT-MACHO-STRUCTURE	COMPLETE-TILING-UNRESOLVED	L4-044,L4-077,L4-078	whole-file conservative tiling; manifest_type=FILE; actual_status=PRESENT-HASH-VERIFIED; UUID=E8B38203-226A-32D1-9F63-DCF001046807; segments=4; sections=10; signature=PRESENT; imports=/usr/lib/libSystem.B.dylib; rpaths=-; exports=1; undefined=70; function_starts=PRESENT
L4-REG-105C84F3E149A2D2	GCC-COLLECT2	OURS	libexec/gcc/riscv32-wch-elf/15.2.0/collect2	d3bef2d1b2a0c1051f848856fc82943b7510cf0ca24ad072f68d5d1b12344bea	0	1303560	1303560	0..EOF-WHOLE-FILE	UNRESOLVED	-	L4-STAT-MACHO-STRUCTURE	COMPLETE-TILING-UNRESOLVED	L4-044,L4-077,L4-078	whole-file conservative tiling; manifest_type=FILE; actual_status=MANIFEST-BOUND-NOT-AVAILABLE; UUID=-; segments=-; sections=-; signature=-; imports=-; rpaths=-; exports=-; undefined=-; function_starts=-; T0 original bytes NOT-AVAILABLE after external drift; range and hash are authoritative frozen manifest facts only
L4-REG-13050A0BF83E749A	GCC-PLUGIN-TOOLS	UPSTREAM-MATCHED	libexec/gcc/riscv32-wch-elf/15.2.0/plugin/gengtype	36922f8784e9fd5eab443da1387b3146876645b70d6594ea1862707c97ad342c	0	285544	285544	0..EOF-WHOLE-FILE	UNRESOLVED	-	L4-STAT-MACHO-STRUCTURE	COMPLETE-TILING-UNRESOLVED	L4-044,L4-077,L4-078	whole-file conservative tiling; manifest_type=FILE; actual_status=PRESENT-HASH-VERIFIED; UUID=FA7E8049-2D70-30C9-A05E-9509A6DC28E5; segments=5; sections=11; signature=PRESENT; imports=/usr/lib/libiconv.2.dylib;/usr/lib/libc++.1.dylib;/usr/lib/libSystem.B.dylib; rpaths=-; exports=237; undefined=64; function_starts=PRESENT
L4-REG-1488550D99BC86BA	BINUTILS-LD	UPSTREAM-P2	riscv32-wch-elf/bin/ld	0d0ca5410d2f2bfd3f6abfff4b75fda0b71b29aae908bcdc65f88035c634bcc5	0	2131400	2131400	0..EOF-WHOLE-FILE	UNRESOLVED	-	L4-STAT-MACHO-STRUCTURE	COMPLETE-TILING-UNRESOLVED	L4-044,L4-077,L4-078	whole-file conservative tiling; manifest_type=FILE; actual_status=PRESENT-HASH-VERIFIED; UUID=EC175193-2037-3338-94B2-9D0150211B6D; segments=5; sections=13; signature=PRESENT; imports=/usr/lib/libSystem.B.dylib;/usr/lib/libz.1.dylib; rpaths=-; exports=1503; undefined=156; function_starts=PRESENT
L4-REG-149555BCEC1B4194	BINUTILS-NM	WCH	riscv32-wch-elf/bin/nm	266bbba0b68ae932031eedac8d303286389242bf62fbdfafd2e80231a7ca926e	0	973696	973696	0..EOF-WHOLE-FILE	UNRESOLVED	-	L4-STAT-MACHO-STRUCTURE	COMPLETE-TILING-UNRESOLVED	L4-044,L4-077,L4-078	whole-file conservative tiling; manifest_type=FILE; actual_status=PRESENT-HASH-VERIFIED; UUID=EDA3A5A6-A05D-36D6-98AB-CFF826B36A6E; segments=5; sections=14; signature=PRESENT; imports=/usr/lib/libSystem.B.dylib;@loader_path/libzstd.1.dylib; rpaths=-; exports=1; undefined=119; function_starts=PRESENT
L4-REG-1738BED3CACD9207	BINUTILS-OBJCOPY	UPSTREAM-P2	riscv32-wch-elf/bin/objcopy	ca250261c88d33dc4f3b296a9c540449d816d928814c75d1fdfe4be2186abb2e	0	1251512	1251512	0..EOF-WHOLE-FILE	UNRESOLVED	-	L4-STAT-MACHO-STRUCTURE	COMPLETE-TILING-UNRESOLVED	L4-044,L4-077,L4-078	whole-file conservative tiling; manifest_type=FILE; actual_status=PRESENT-HASH-VERIFIED; UUID=D459E36D-0645-3362-9A3B-570A85AE7F6A; segments=5; sections=12; signature=PRESENT; imports=/usr/lib/libSystem.B.dylib;/usr/lib/libz.1.dylib; rpaths=-; exports=951; undefined=124; function_starts=PRESENT
L4-REG-1968516461B8007B	GCC-PLUGIN-TOOLS	OURS	libexec/gcc/riscv32-wch-elf/15.2.0/plugin/gengtype	f509548c0bfdb0de103f7b799555c335c420bd95b3d6a422a6278c7a97df971b	0	284408	284408	0..EOF-WHOLE-FILE	UNRESOLVED	-	L4-STAT-MACHO-STRUCTURE	COMPLETE-TILING-UNRESOLVED	L4-044,L4-077,L4-078	whole-file conservative tiling; manifest_type=FILE; actual_status=MANIFEST-BOUND-NOT-AVAILABLE; UUID=-; segments=-; sections=-; signature=-; imports=-; rpaths=-; exports=-; undefined=-; function_starts=-; T0 original bytes NOT-AVAILABLE after external drift; range and hash are authoritative frozen manifest facts only
L4-REG-1B435C8108D7E87F	GCC-LTO-DUMP	UPSTREAM-MATCHED	bin/riscv32-wch-elf-lto-dump	56d3ab58f1b773729f14b33011a4c249f4dd7d4a4cea1874343babb1660e92a1	0	68475864	68475864	0..EOF-WHOLE-FILE	UNRESOLVED	-	L4-STAT-MACHO-STRUCTURE	COMPLETE-TILING-UNRESOLVED	L4-044,L4-077,L4-078	whole-file conservative tiling; manifest_type=FILE; actual_status=PRESENT-HASH-VERIFIED; UUID=C79EEB1B-10AA-3345-8C25-81243FA5FD5B; segments=5; sections=15; signature=PRESENT; imports=/usr/lib/libiconv.2.dylib;/usr/lib/libc++.1.dylib;/usr/lib/libSystem.B.dylib; rpaths=-; exports=72113; undefined=174; function_starts=PRESENT
L4-REG-1BDAA7E2A3022D28	BINUTILS-GPROF	WCH	bin/riscv32-wch-elf-gprof	e2253d35d23d129fae9e76b8dcdb35c99d96aa15329bf8b48a4634be5041f588	0	1025344	1025344	0..EOF-WHOLE-FILE	UNRESOLVED	-	L4-STAT-MACHO-STRUCTURE	COMPLETE-TILING-UNRESOLVED	L4-044,L4-077,L4-078	whole-file conservative tiling; manifest_type=FILE; actual_status=PRESENT-HASH-VERIFIED; UUID=F596D370-1757-3566-8D33-EA06CB6DB1A9; segments=5; sections=14; signature=PRESENT; imports=/usr/lib/libSystem.B.dylib;@loader_path/libzstd.1.dylib; rpaths=-; exports=1; undefined=123; function_starts=PRESENT
L4-REG-1E2BF2E1FA9823DD	BINUTILS-C++FILT	OURS	bin/riscv32-wch-elf-c++filt	2689cf4f91e2fa049694feedb160c62e52573833fb11b8d6b478c0a7d2512143	0	1106888	1106888	0..EOF-WHOLE-FILE	UNRESOLVED	-	L4-STAT-MACHO-STRUCTURE	COMPLETE-TILING-UNRESOLVED	L4-044,L4-077,L4-078	whole-file conservative tiling; manifest_type=FILE; actual_status=MANIFEST-BOUND-NOT-AVAILABLE; UUID=-; segments=-; sections=-; signature=-; imports=-; rpaths=-; exports=-; undefined=-; function_starts=-; T0 original bytes NOT-AVAILABLE after external drift; range and hash are authoritative frozen manifest facts only
L4-REG-2124D9EB209780BD	BINUTILS-C++FILT	WCH	bin/riscv32-wch-elf-c++filt	02c007aa377a9c60718ce89128f3d74b69e6aab86c0d62411dade0a166eb99fb	0	956880	956880	0..EOF-WHOLE-FILE	UNRESOLVED	-	L4-STAT-MACHO-STRUCTURE	COMPLETE-TILING-UNRESOLVED	L4-044,L4-077,L4-078	whole-file conservative tiling; manifest_type=FILE; actual_status=PRESENT-HASH-VERIFIED; UUID=43A32590-D98E-3401-8FBF-01BC89EA9D75; segments=5; sections=14; signature=PRESENT; imports=/usr/lib/libSystem.B.dylib;@loader_path/libzstd.1.dylib; rpaths=-; exports=1; undefined=116; function_starts=PRESENT
L4-REG-22C3014886ACB644	BINUTILS-LD	UPSTREAM-MATCHED	riscv32-wch-elf/bin/ld.bfd	d1b42aeb089b9c723d0457b48edcee6c74947895cc0d9bc904d916f0d8b47ea8	0	2140936	2140936	0..EOF-WHOLE-FILE	UNRESOLVED	-	L4-STAT-MACHO-STRUCTURE	COMPLETE-TILING-UNRESOLVED	L4-044,L4-077,L4-078	whole-file conservative tiling; manifest_type=FILE; actual_status=PRESENT-HASH-VERIFIED; UUID=B7158AEE-4F54-3A72-BFEE-06551DACF5E5; segments=5; sections=13; signature=PRESENT; imports=/usr/lib/libSystem.B.dylib;/usr/lib/libz.1.dylib; rpaths=-; exports=1503; undefined=156; function_starts=PRESENT
L4-REG-27D65B494A4BBD8C	BINUTILS-OBJCOPY	UPSTREAM-MATCHED	riscv32-wch-elf/bin/objcopy	3dba0a759c8b1a8f2b25674f58410ef7eddfabe64318a1dc3ab637ccbf3eaa0f	0	1259160	1259160	0..EOF-WHOLE-FILE	UNRESOLVED	-	L4-STAT-MACHO-STRUCTURE	COMPLETE-TILING-UNRESOLVED	L4-044,L4-077,L4-078	whole-file conservative tiling; manifest_type=FILE; actual_status=PRESENT-HASH-VERIFIED; UUID=B2F2CA9C-A016-34F5-BC51-0B4A7E13EC9A; segments=5; sections=12; signature=PRESENT; imports=@loader_path/libzstd.1.dylib;/usr/lib/libSystem.B.dylib;/usr/lib/libz.1.dylib; rpaths=-; exports=951; undefined=127; function_starts=PRESENT
L4-REG-295EAFE832E4AB2B	GCC-LTO-TOOL-WRAPPERS	OURS	bin/riscv32-wch-elf-gcc-ranlib	fa8e72861d2bb5b7a7efb7aeccbe5e30ff95562162712ce9feb9a14bbbb1d0a4	0	83240	83240	0..EOF-WHOLE-FILE	UNRESOLVED	-	L4-STAT-MACHO-STRUCTURE	COMPLETE-TILING-UNRESOLVED	L4-044,L4-077,L4-078	whole-file conservative tiling; manifest_type=FILE; actual_status=MANIFEST-BOUND-NOT-AVAILABLE; UUID=-; segments=-; sections=-; signature=-; imports=-; rpaths=-; exports=-; undefined=-; function_starts=-; T0 original bytes NOT-AVAILABLE after external drift; range and hash are authoritative frozen manifest facts only
L4-REG-2A0C8358565E4781	BINUTILS-LD	UPSTREAM-P2	bin/riscv32-wch-elf-ld.bfd	0d0ca5410d2f2bfd3f6abfff4b75fda0b71b29aae908bcdc65f88035c634bcc5	0	2131400	2131400	0..EOF-WHOLE-FILE	UNRESOLVED	-	L4-STAT-MACHO-STRUCTURE	COMPLETE-TILING-UNRESOLVED	L4-044,L4-077,L4-078	whole-file conservative tiling; manifest_type=FILE; actual_status=PRESENT-HASH-VERIFIED; UUID=EC175193-2037-3338-94B2-9D0150211B6D; segments=5; sections=13; signature=PRESENT; imports=/usr/lib/libSystem.B.dylib;/usr/lib/libz.1.dylib; rpaths=-; exports=1503; undefined=156; function_starts=PRESENT
L4-REG-2ADC047D2DCE6D24	GCC-LTO-TOOL-WRAPPERS	WCH	bin/riscv32-wch-elf-gcc-nm	b25ac52a8375e0cf2dd90831715070add2076241be9bafe795a37af143e2df2b	0	89920	89920	0..EOF-WHOLE-FILE	UNRESOLVED	-	L4-STAT-MACHO-STRUCTURE	COMPLETE-TILING-UNRESOLVED	L4-044,L4-077,L4-078	whole-file conservative tiling; manifest_type=FILE; actual_status=PRESENT-HASH-VERIFIED; UUID=46CB3D2E-AE98-346E-8ECB-BCF9DD6DF60B; segments=5; sections=11; signature=PRESENT; imports=/usr/lib/libiconv.2.dylib;/usr/lib/libc++.1.dylib;/usr/lib/libSystem.B.dylib; rpaths=-; exports=1; undefined=59; function_starts=PRESENT
L4-REG-2C740D0315DB92E5	GCC-PLUGIN-TOOLS	UPSTREAM-P2	libexec/gcc/riscv32-wch-elf/15.2.0/plugin/gengtype	fc1f86406a290a78a0a7646be0a5d94e9fd5e147792ed637732a1ac0bfe0de46	0	284408	284408	0..EOF-WHOLE-FILE	UNRESOLVED	-	L4-STAT-MACHO-STRUCTURE	COMPLETE-TILING-UNRESOLVED	L4-044,L4-077,L4-078	whole-file conservative tiling; manifest_type=FILE; actual_status=PRESENT-HASH-VERIFIED; UUID=21CA631E-82DD-3E40-A035-6B786AA6112A; segments=5; sections=11; signature=PRESENT; imports=/usr/lib/libiconv.2.dylib;/usr/lib/libc++.1.dylib;/usr/lib/libSystem.B.dylib; rpaths=-; exports=237; undefined=64; function_starts=PRESENT
L4-REG-32F5A1BE62E9AD0F	BINUTILS-LD	UPSTREAM-MATCHED	bin/riscv32-wch-elf-ld	804c550cd96c6b25666b15f3a4c9f1f153db25b238fd1165ba3d852f0c941ca8	0	2142048	2142048	0..EOF-WHOLE-FILE	UNRESOLVED	-	L4-STAT-MACHO-STRUCTURE	COMPLETE-TILING-UNRESOLVED	L4-044,L4-077,L4-078	whole-file conservative tiling; manifest_type=FILE; actual_status=PRESENT-HASH-VERIFIED; UUID=3F15CA51-4EA7-3CA6-AC88-82AC51BF2807; segments=5; sections=13; signature=PRESENT; imports=@loader_path/libzstd.1.dylib;/usr/lib/libSystem.B.dylib;/usr/lib/libz.1.dylib; rpaths=-; exports=1503; undefined=159; function_starts=PRESENT
L4-REG-347ADF635F714BA9	BINUTILS-NM	WCH	bin/riscv32-wch-elf-nm	e1d7cbe60353911f1ef929912479b748f39396d3cc6c14b0e92fd1c06d323023	0	973728	973728	0..EOF-WHOLE-FILE	UNRESOLVED	-	L4-STAT-MACHO-STRUCTURE	COMPLETE-TILING-UNRESOLVED	L4-044,L4-077,L4-078	whole-file conservative tiling; manifest_type=FILE; actual_status=PRESENT-HASH-VERIFIED; UUID=EDA3A5A6-A05D-36D6-98AB-CFF826B36A6E; segments=5; sections=14; signature=PRESENT; imports=/usr/lib/libSystem.B.dylib;@loader_path/libzstd.1.dylib; rpaths=-; exports=1; undefined=119; function_starts=PRESENT
L4-REG-36CEF96482F37E8F	GCC-GCOV	UPSTREAM-P2	bin/riscv32-wch-elf-gcov-dump	e63e285eef58d629ef1c6d74f971d3ef4dfae2a4b2604167c3ebb01866c5050a	0	1249112	1249112	0..EOF-WHOLE-FILE	UNRESOLVED	-	L4-STAT-MACHO-STRUCTURE	COMPLETE-TILING-UNRESOLVED	L4-044,L4-077,L4-078	whole-file conservative tiling; manifest_type=FILE; actual_status=PRESENT-HASH-VERIFIED; UUID=9451E181-DA42-3814-9306-2C814F7C3FB6; segments=5; sections=12; signature=PRESENT; imports=/usr/lib/libiconv.2.dylib;/usr/lib/libc++.1.dylib;/usr/lib/libSystem.B.dylib; rpaths=-; exports=1148; undefined=98; function_starts=PRESENT
L4-REG-36DC7198D195020B	BINUTILS-ARCHIVE	UPSTREAM-MATCHED	riscv32-wch-elf/bin/ar	36d25ca5fa4273e6c054023858ba76d57be488973a5a629abbf0b6512e2c5573	0	1144992	1144992	0..EOF-WHOLE-FILE	UNRESOLVED	-	L4-STAT-MACHO-STRUCTURE	COMPLETE-TILING-UNRESOLVED	L4-044,L4-077,L4-078	whole-file conservative tiling; manifest_type=FILE; actual_status=PRESENT-HASH-VERIFIED; UUID=0B42080B-056C-3319-B8B4-EC189774E452; segments=5; sections=12; signature=PRESENT; imports=/usr/lib/libSystem.B.dylib;/usr/lib/libz.1.dylib; rpaths=-; exports=949; undefined=123; function_starts=PRESENT
L4-REG-3AC1C493BA91E3C9	GCC-GCOV	WCH	bin/riscv32-wch-elf-gcov-dump	938a80b88705ff1a8cb277729aed8edeff90c36c9fce85954f5e145dfb286e28	0	1035520	1035520	0..EOF-WHOLE-FILE	UNRESOLVED	-	L4-STAT-MACHO-STRUCTURE	COMPLETE-TILING-UNRESOLVED	L4-044,L4-077,L4-078	whole-file conservative tiling; manifest_type=FILE; actual_status=PRESENT-HASH-VERIFIED; UUID=A2567C37-D8B1-3B17-BE58-EE32E8DFC49C; segments=5; sections=12; signature=PRESENT; imports=/usr/lib/libiconv.2.dylib;/usr/lib/libc++.1.dylib;/usr/lib/libSystem.B.dylib; rpaths=-; exports=33; undefined=98; function_starts=PRESENT
L4-REG-3C0F63396B5A12CA	GCC-LTO-TOOL-WRAPPERS	UPSTREAM-P2	bin/riscv32-wch-elf-gcc-nm	13a6e6030add7922ee72c15f18c544d90e7d7a6d860c5f22765f1ceb1f803c70	0	83240	83240	0..EOF-WHOLE-FILE	UNRESOLVED	-	L4-STAT-MACHO-STRUCTURE	COMPLETE-TILING-UNRESOLVED	L4-044,L4-077,L4-078	whole-file conservative tiling; manifest_type=FILE; actual_status=PRESENT-HASH-VERIFIED; UUID=C196D06B-8801-3AB6-A351-3D6BB32D64E0; segments=5; sections=11; signature=PRESENT; imports=/usr/lib/libiconv.2.dylib;/usr/lib/libc++.1.dylib;/usr/lib/libSystem.B.dylib; rpaths=-; exports=59; undefined=58; function_starts=PRESENT
L4-REG-3C46463F34ACF250	BINUTILS-BFD-PLUGINS	UPSTREAM-MATCHED	lib/bfd-plugins/libdep.so	eb626d6a109e53ac983593e105c52f4e031bdcf5b51d0421cdd2c88b27be3d96	0	51656	51656	0..EOF-WHOLE-FILE	UNRESOLVED	-	L4-STAT-MACHO-STRUCTURE	COMPLETE-TILING-UNRESOLVED	L4-044,L4-077,L4-078	whole-file conservative tiling; manifest_type=FILE; actual_status=PRESENT-HASH-VERIFIED; UUID=B2DC3DAF-67DC-3824-9414-912C3D2FA042; segments=4; sections=8; signature=PRESENT; imports=/usr/lib/libSystem.B.dylib; rpaths=-; exports=1; undefined=13; function_starts=PRESENT
L4-REG-3D3E3B3C52DBAB2F	BINUTILS-LD	WCH	riscv32-wch-elf/bin/ld	927f18372f54dcdafebcb241371ef3a53a05cfbf26c7c9b17b15ddc788f7c775	0	1882704	1882704	0..EOF-WHOLE-FILE	UNRESOLVED	-	L4-STAT-MACHO-STRUCTURE	COMPLETE-TILING-UNRESOLVED	L4-044,L4-077,L4-078	whole-file conservative tiling; manifest_type=FILE; actual_status=PRESENT-HASH-VERIFIED; UUID=F0FB1EDC-9B3D-3722-8D12-2F08DDFD382E; segments=5; sections=14; signature=PRESENT; imports=/usr/lib/libSystem.B.dylib;@loader_path/libzstd.1.dylib; rpaths=-; exports=1; undefined=157; function_starts=PRESENT
L4-REG-3D8F911AB60AD1C0	GCC-PLUGIN-TOOLS	WCH	libexec/gcc/riscv32-wch-elf/15.2.0/plugin/gengtype	0e0f7aab06d284b78201a9123945b99ebf13f13c6c7496ae006328a9f3b1ed59	0	260096	260096	0..EOF-WHOLE-FILE	UNRESOLVED	-	L4-STAT-MACHO-STRUCTURE	COMPLETE-TILING-UNRESOLVED	L4-044,L4-077,L4-078	whole-file conservative tiling; manifest_type=FILE; actual_status=PRESENT-HASH-VERIFIED; UUID=B46E9548-2287-3CDF-94DB-FA05E7AA5871; segments=5; sections=11; signature=PRESENT; imports=/usr/lib/libiconv.2.dylib;/usr/lib/libc++.1.dylib;/usr/lib/libSystem.B.dylib; rpaths=-; exports=1; undefined=64; function_starts=PRESENT
L4-REG-3E6B8D21EE42F37A	BINUTILS-NM	UPSTREAM-P2	bin/riscv32-wch-elf-nm	319616d2b6d753ba7efb0ad32aa50a1adbcd596cca7744aaf622e8f7a65bafb0	0	1113688	1113688	0..EOF-WHOLE-FILE	UNRESOLVED	-	L4-STAT-MACHO-STRUCTURE	COMPLETE-TILING-UNRESOLVED	L4-044,L4-077,L4-078	whole-file conservative tiling; manifest_type=FILE; actual_status=PRESENT-HASH-VERIFIED; UUID=2A8BA197-673F-3D9E-AB4B-51BDE635A384; segments=5; sections=12; signature=PRESENT; imports=/usr/lib/libSystem.B.dylib;/usr/lib/libz.1.dylib; rpaths=-; exports=876; undefined=116; function_starts=PRESENT
L4-REG-4044AF0AB4151E17	BINUTILS-ADDR2LINE	WCH	bin/riscv32-wch-elf-addr2line	4eb6c7a7e1fa8951cb0e8dd8bc5602922c5563323741ea10bbc5bef76526c635	0	956976	956976	0..EOF-WHOLE-FILE	UNRESOLVED	-	L4-STAT-MACHO-STRUCTURE	COMPLETE-TILING-UNRESOLVED	L4-044,L4-077,L4-078	whole-file conservative tiling; manifest_type=FILE; actual_status=PRESENT-HASH-VERIFIED; UUID=77323195-6554-3500-A758-4A28086F214F; segments=5; sections=14; signature=PRESENT; imports=/usr/lib/libSystem.B.dylib;@loader_path/libzstd.1.dylib; rpaths=-; exports=1; undefined=118; function_starts=PRESENT
L4-REG-450758898CD63DEA	BINUTILS-READELF	UPSTREAM-P2	riscv32-wch-elf/bin/readelf	71cda344fb0efb97d729472ff602cb1830bcda924ebeee952cce16f210e22758	0	1013160	1013160	0..EOF-WHOLE-FILE	UNRESOLVED	-	L4-STAT-MACHO-STRUCTURE	COMPLETE-TILING-UNRESOLVED	L4-044,L4-077,L4-078	whole-file conservative tiling; manifest_type=FILE; actual_status=PRESENT-HASH-VERIFIED; UUID=423AC12B-2738-3125-9B12-4F930B855400; segments=5; sections=11; signature=PRESENT; imports=/usr/lib/libz.1.dylib;/usr/lib/libSystem.B.dylib; rpaths=-; exports=472; undefined=92; function_starts=PRESENT
L4-REG-4634C4A116B9B1A6	BINUTILS-OBJCOPY	WCH	riscv32-wch-elf/bin/objcopy	f4ee50a26329115eac8c16fb148cad7ee7fb1e94828259868376b34296d210ae	0	1075008	1075008	0..EOF-WHOLE-FILE	UNRESOLVED	-	L4-STAT-MACHO-STRUCTURE	COMPLETE-TILING-UNRESOLVED	L4-044,L4-077,L4-078	whole-file conservative tiling; manifest_type=FILE; actual_status=PRESENT-HASH-VERIFIED; UUID=6B5C64DB-1824-320F-A0EB-86DBF90D64CA; segments=5; sections=14; signature=PRESENT; imports=/usr/lib/libSystem.B.dylib;@loader_path/libzstd.1.dylib; rpaths=-; exports=1; undefined=127; function_starts=PRESENT
L4-REG-496482A3AB1630B0	BINUTILS-LD	WCH	bin/riscv32-wch-elf-ld	335ad12cc78f7bdba0bdba0fa6be2c51b783b9942e16a97e8a01573140683165	0	1882736	1882736	0..EOF-WHOLE-FILE	UNRESOLVED	-	L4-STAT-MACHO-STRUCTURE	COMPLETE-TILING-UNRESOLVED	L4-044,L4-077,L4-078	whole-file conservative tiling; manifest_type=FILE; actual_status=PRESENT-HASH-VERIFIED; UUID=F0FB1EDC-9B3D-3722-8D12-2F08DDFD382E; segments=5; sections=14; signature=PRESENT; imports=/usr/lib/libSystem.B.dylib;@loader_path/libzstd.1.dylib; rpaths=-; exports=1; undefined=157; function_starts=PRESENT
L4-REG-4A6342C72D86033D	GCC-LTO-DUMP	WCH	bin/riscv32-wch-elf-lto-dump	d21ddfb5b9f09bafde31b802c90ed905e57042967a67788ffded7beebf76d86d	0	55654304	55654304	0..EOF-WHOLE-FILE	UNRESOLVED	-	L4-STAT-MACHO-STRUCTURE	COMPLETE-TILING-UNRESOLVED	L4-044,L4-077,L4-078	whole-file conservative tiling; manifest_type=FILE; actual_status=PRESENT-HASH-VERIFIED; UUID=61D56B59-E704-3C89-9529-2854054D05E3; segments=5; sections=15; signature=PRESENT; imports=/usr/lib/libiconv.2.dylib;/usr/lib/libc++.1.dylib;/usr/lib/libSystem.B.dylib; rpaths=-; exports=860; undefined=175; function_starts=PRESENT
L4-REG-4C1B9B90AD27F7A2	BINUTILS-SIZE	WCH	bin/riscv32-wch-elf-size	94c1adf4229f27e892f9cf088eb2be739ddd0c64f6580ecd034c5fbf8278c0fe	0	957024	957024	0..EOF-WHOLE-FILE	UNRESOLVED	-	L4-STAT-MACHO-STRUCTURE	COMPLETE-TILING-UNRESOLVED	L4-044,L4-077,L4-078	whole-file conservative tiling; manifest_type=FILE; actual_status=PRESENT-HASH-VERIFIED; UUID=B6D416DA-6405-3E85-91A1-C3E1A976CEB3; segments=5; sections=14; signature=PRESENT; imports=/usr/lib/libSystem.B.dylib;@loader_path/libzstd.1.dylib; rpaths=-; exports=1; undefined=117; function_starts=PRESENT
L4-REG-4C4F4A667C9F416C	BINUTILS-READELF	WCH	bin/riscv32-wch-elf-readelf	e095515be58833f761db1b43c8ea8e8e17933138652e4e29f6908069892c0076	0	960416	960416	0..EOF-WHOLE-FILE	UNRESOLVED	-	L4-STAT-MACHO-STRUCTURE	COMPLETE-TILING-UNRESOLVED	L4-044,L4-077,L4-078	whole-file conservative tiling; manifest_type=FILE; actual_status=PRESENT-HASH-VERIFIED; UUID=802CC4D9-5B22-381E-8E55-01E73F35DCAF; segments=5; sections=11; signature=PRESENT; imports=@loader_path/libzstd.1.dylib;/usr/lib/libSystem.B.dylib; rpaths=-; exports=1; undefined=89; function_starts=PRESENT
L4-REG-4E8EB7BAC3EA366A	GCC-LTO-WRAPPER	UPSTREAM-MATCHED	libexec/gcc/riscv32-wch-elf/15.2.0/lto-wrapper	bdc4cfe35a6fd587d9c5b0b802cb602b36f54a3e12fa62dad9f9e160b0146dd0	0	2094800	2094800	0..EOF-WHOLE-FILE	UNRESOLVED	-	L4-STAT-MACHO-STRUCTURE	COMPLETE-TILING-UNRESOLVED	L4-044,L4-077,L4-078	whole-file conservative tiling; manifest_type=FILE; actual_status=PRESENT-HASH-VERIFIED; UUID=4CC31AAE-738A-3C8D-8547-CC6440F151D4; segments=5; sections=12; signature=PRESENT; imports=/usr/lib/libiconv.2.dylib;/usr/lib/libc++.1.dylib;/usr/lib/libSystem.B.dylib; rpaths=-; exports=1476; undefined=162; function_starts=PRESENT
L4-REG-4F0BBC74AC18923B	GCC-LTO-TOOL-WRAPPERS	WCH	bin/riscv32-wch-elf-gcc-ranlib	b49f4ffdad17607cdeccfb0adb964485a8aee4189d2c603369d59b34d0a3b976	0	89936	89936	0..EOF-WHOLE-FILE	UNRESOLVED	-	L4-STAT-MACHO-STRUCTURE	COMPLETE-TILING-UNRESOLVED	L4-044,L4-077,L4-078	whole-file conservative tiling; manifest_type=FILE; actual_status=PRESENT-HASH-VERIFIED; UUID=76ADA62B-E775-3972-B601-F5F3E86DB484; segments=5; sections=11; signature=PRESENT; imports=/usr/lib/libiconv.2.dylib;/usr/lib/libc++.1.dylib;/usr/lib/libSystem.B.dylib; rpaths=-; exports=1; undefined=59; function_starts=PRESENT
L4-REG-54EDD1C43C3FDD44	BINUTILS-READELF	UPSTREAM-MATCHED	riscv32-wch-elf/bin/readelf	ff53c8f6ac78d05c231875ec3cb4ecb66fe0bebc5c734c3414d6ef074e68deb7	0	1017576	1017576	0..EOF-WHOLE-FILE	UNRESOLVED	-	L4-STAT-MACHO-STRUCTURE	COMPLETE-TILING-UNRESOLVED	L4-044,L4-077,L4-078	whole-file conservative tiling; manifest_type=FILE; actual_status=PRESENT-HASH-VERIFIED; UUID=348AB1E5-64B2-33C5-AEF8-066712A9C641; segments=5; sections=11; signature=PRESENT; imports=@loader_path/libzstd.1.dylib;/usr/lib/libz.1.dylib;/usr/lib/libSystem.B.dylib; rpaths=-; exports=472; undefined=94; function_starts=PRESENT
L4-REG-57AE20224E2B1D5A	BINUTILS-ARCHIVE	UPSTREAM-MATCHED	bin/riscv32-wch-elf-ar	36d25ca5fa4273e6c054023858ba76d57be488973a5a629abbf0b6512e2c5573	0	1144992	1144992	0..EOF-WHOLE-FILE	UNRESOLVED	-	L4-STAT-MACHO-STRUCTURE	COMPLETE-TILING-UNRESOLVED	L4-044,L4-077,L4-078	whole-file conservative tiling; manifest_type=FILE; actual_status=PRESENT-HASH-VERIFIED; UUID=0B42080B-056C-3319-B8B4-EC189774E452; segments=5; sections=12; signature=PRESENT; imports=/usr/lib/libSystem.B.dylib;/usr/lib/libz.1.dylib; rpaths=-; exports=949; undefined=123; function_starts=PRESENT
L4-REG-5A814797DCEBAF9A	BINUTILS-ARCHIVE	WCH	riscv32-wch-elf/bin/ranlib	969f9c324491489f282e16189d19e139c1aad95a597f19810c56abf9f961994c	0	975424	975424	0..EOF-WHOLE-FILE	UNRESOLVED	-	L4-STAT-MACHO-STRUCTURE	COMPLETE-TILING-UNRESOLVED	L4-044,L4-077,L4-078	whole-file conservative tiling; manifest_type=FILE; actual_status=PRESENT-HASH-VERIFIED; UUID=10CF8EEF-5CCD-31E2-A216-EB3545B28BB1; segments=5; sections=14; signature=PRESENT; imports=/usr/lib/libSystem.B.dylib;@loader_path/libzstd.1.dylib; rpaths=-; exports=1; undefined=126; function_starts=PRESENT
L4-REG-5E1EAAC0A54D99ED	GCC-LTO-PLUGIN	OURS	libexec/gcc/riscv32-wch-elf/15.2.0/liblto_plugin.so	37a116b585844118b4f97ccb8642e499bc0077bfa42448aff719eeeaad8f4fa1	0	135664	135664	0..EOF-WHOLE-FILE	UNRESOLVED	-	L4-STAT-MACHO-STRUCTURE	COMPLETE-TILING-UNRESOLVED	L4-044,L4-077,L4-078	whole-file conservative tiling; manifest_type=FILE; actual_status=MANIFEST-BOUND-NOT-AVAILABLE; UUID=-; segments=-; sections=-; signature=-; imports=-; rpaths=-; exports=-; undefined=-; function_starts=-; T0 original bytes NOT-AVAILABLE after external drift; range and hash are authoritative frozen manifest facts only
L4-REG-6049C2A837EE5B11	GCC-GCOV	UPSTREAM-MATCHED	bin/riscv32-wch-elf-gcov-dump	98a4fd0cbf05ed1bdce2fb29f518a0b95d029279b2f73ba0124a3d50854a50c2	0	1252456	1252456	0..EOF-WHOLE-FILE	UNRESOLVED	-	L4-STAT-MACHO-STRUCTURE	COMPLETE-TILING-UNRESOLVED	L4-044,L4-077,L4-078	whole-file conservative tiling; manifest_type=FILE; actual_status=PRESENT-HASH-VERIFIED; UUID=4E4A4681-F8E3-3344-8956-A6A463F56A9D; segments=5; sections=12; signature=PRESENT; imports=/usr/lib/libiconv.2.dylib;/usr/lib/libc++.1.dylib;/usr/lib/libSystem.B.dylib; rpaths=-; exports=1148; undefined=98; function_starts=PRESENT
L4-REG-60F255DF70D2E805	BINUTILS-ARCHIVE	WCH	bin/riscv32-wch-elf-ar	49d5fe7d7e2a9be2cb2fc7b0f9e0cccffffd0f222654f0fa0b79ed264b9200b7	0	992016	992016	0..EOF-WHOLE-FILE	UNRESOLVED	-	L4-STAT-MACHO-STRUCTURE	COMPLETE-TILING-UNRESOLVED	L4-044,L4-077,L4-078	whole-file conservative tiling; manifest_type=FILE; actual_status=PRESENT-HASH-VERIFIED; UUID=F27EFF88-84F7-3FC1-A84F-F3EDA47BBC86; segments=5; sections=14; signature=PRESENT; imports=/usr/lib/libSystem.B.dylib;@loader_path/libzstd.1.dylib; rpaths=-; exports=1; undefined=126; function_starts=PRESENT
L4-REG-64D3B24B8678871E	GCC-COLLECT2	WCH	libexec/gcc/riscv32-wch-elf/15.2.0/collect2	02ebbcd6ba770f0c26a986dc652d6929935e971074810d3feff4e597ce401f57	0	1088352	1088352	0..EOF-WHOLE-FILE	UNRESOLVED	-	L4-STAT-MACHO-STRUCTURE	COMPLETE-TILING-UNRESOLVED	L4-044,L4-077,L4-078	whole-file conservative tiling; manifest_type=FILE; actual_status=PRESENT-HASH-VERIFIED; UUID=88526FE0-2621-35E9-8D33-D82091251727; segments=5; sections=12; signature=PRESENT; imports=/usr/lib/libiconv.2.dylib;/usr/lib/libc++.1.dylib;/usr/lib/libSystem.B.dylib; rpaths=-; exports=33; undefined=127; function_starts=PRESENT
L4-REG-6775DDA0B1C13229	BINUTILS-READELF	WCH	riscv32-wch-elf/bin/readelf	f54ab6f35e66638ae264db6283aa48af0a11609f2b73e7f5df4a9d76ec820fe5	0	960384	960384	0..EOF-WHOLE-FILE	UNRESOLVED	-	L4-STAT-MACHO-STRUCTURE	COMPLETE-TILING-UNRESOLVED	L4-044,L4-077,L4-078	whole-file conservative tiling; manifest_type=FILE; actual_status=PRESENT-HASH-VERIFIED; UUID=802CC4D9-5B22-381E-8E55-01E73F35DCAF; segments=5; sections=11; signature=PRESENT; imports=@loader_path/libzstd.1.dylib;/usr/lib/libSystem.B.dylib; rpaths=-; exports=1; undefined=89; function_starts=PRESENT
L4-REG-69ECFDDF88B9567B	BINUTILS-LD	OURS	riscv32-wch-elf/bin/ld.bfd	76b47acebfd93513067f6a101d319d1d94549fe6ba257856c24e1938d3f7aaf2	0	2131640	2131640	0..EOF-WHOLE-FILE	UNRESOLVED	-	L4-STAT-MACHO-STRUCTURE	COMPLETE-TILING-UNRESOLVED	L4-044,L4-077,L4-078	whole-file conservative tiling; manifest_type=FILE; actual_status=MANIFEST-BOUND-NOT-AVAILABLE; UUID=-; segments=-; sections=-; signature=-; imports=-; rpaths=-; exports=-; undefined=-; function_starts=-; T0 original bytes NOT-AVAILABLE after external drift; range and hash are authoritative frozen manifest facts only
L4-REG-6B327B1EB6AC1CDA	BINUTILS-STRINGS	OURS	bin/riscv32-wch-elf-strings	6ea0784c3d96c0ad2d2fc4b1041ed4ba1cdc64ad0317f68e75ab995b5cb83cfc	0	1108152	1108152	0..EOF-WHOLE-FILE	UNRESOLVED	-	L4-STAT-MACHO-STRUCTURE	COMPLETE-TILING-UNRESOLVED	L4-044,L4-077,L4-078	whole-file conservative tiling; manifest_type=FILE; actual_status=MANIFEST-BOUND-NOT-AVAILABLE; UUID=-; segments=-; sections=-; signature=-; imports=-; rpaths=-; exports=-; undefined=-; function_starts=-; T0 original bytes NOT-AVAILABLE after external drift; range and hash are authoritative frozen manifest facts only
L4-REG-6D39BD205528048D	BINUTILS-BFD-PLUGINS	UPSTREAM-P2	lib/bfd-plugins/libdep.so	5242a0892468342200e38ca3c720ad9a7b4b20a7bd794f3815a51aa8382e751b	0	51576	51576	0..EOF-WHOLE-FILE	UNRESOLVED	-	L4-STAT-MACHO-STRUCTURE	COMPLETE-TILING-UNRESOLVED	L4-044,L4-077,L4-078	whole-file conservative tiling; manifest_type=FILE; actual_status=PRESENT-HASH-VERIFIED; UUID=392585AE-1E2B-32CA-9F5A-46DD1421FBA9; segments=4; sections=8; signature=PRESENT; imports=/usr/lib/libSystem.B.dylib; rpaths=-; exports=1; undefined=13; function_starts=PRESENT
L4-REG-70B210EECDA1B9A1	BINUTILS-GPROF	UPSTREAM-P2	bin/riscv32-wch-elf-gprof	14b5a18e2af28c43ed7b054ac62fa7dc8aec98c748578da26d5131cbbadffd30	0	1173064	1173064	0..EOF-WHOLE-FILE	UNRESOLVED	-	L4-STAT-MACHO-STRUCTURE	COMPLETE-TILING-UNRESOLVED	L4-044,L4-077,L4-078	whole-file conservative tiling; manifest_type=FILE; actual_status=PRESENT-HASH-VERIFIED; UUID=6A474754-5E09-3313-BA60-4E90BA33CE75; segments=5; sections=12; signature=PRESENT; imports=/usr/lib/libSystem.B.dylib;/usr/lib/libz.1.dylib; rpaths=-; exports=962; undefined=120; function_starts=PRESENT
L4-REG-76090F8D6236CF2E	BINUTILS-LD	OURS	bin/riscv32-wch-elf-ld	76b47acebfd93513067f6a101d319d1d94549fe6ba257856c24e1938d3f7aaf2	0	2131640	2131640	0..EOF-WHOLE-FILE	UNRESOLVED	-	L4-STAT-MACHO-STRUCTURE	COMPLETE-TILING-UNRESOLVED	L4-044,L4-077,L4-078	whole-file conservative tiling; manifest_type=FILE; actual_status=MANIFEST-BOUND-NOT-AVAILABLE; UUID=-; segments=-; sections=-; signature=-; imports=-; rpaths=-; exports=-; undefined=-; function_starts=-; T0 original bytes NOT-AVAILABLE after external drift; range and hash are authoritative frozen manifest facts only
L4-REG-772EFC1778D17CAE	BINUTILS-ARCHIVE	UPSTREAM-MATCHED	riscv32-wch-elf/bin/ranlib	8aa0a2fa846bde59cfd61b7f80d562d9dc753c493409af020e48c86aea885d2f	0	1143880	1143880	0..EOF-WHOLE-FILE	UNRESOLVED	-	L4-STAT-MACHO-STRUCTURE	COMPLETE-TILING-UNRESOLVED	L4-044,L4-077,L4-078	whole-file conservative tiling; manifest_type=FILE; actual_status=PRESENT-HASH-VERIFIED; UUID=00D8E7AD-465D-3E6E-9BBE-D764D4C3DD0F; segments=5; sections=12; signature=PRESENT; imports=/usr/lib/libSystem.B.dylib;/usr/lib/libz.1.dylib; rpaths=-; exports=949; undefined=123; function_starts=PRESENT
L4-REG-7B76506125CBA38E	BINUTILS-SIZE	UPSTREAM-MATCHED	bin/riscv32-wch-elf-size	f764a7ea23bed2fad18ef9c2bf54be7f7f59973bdfd2fb304a515ab2ffb04b4b	0	1115096	1115096	0..EOF-WHOLE-FILE	UNRESOLVED	-	L4-STAT-MACHO-STRUCTURE	COMPLETE-TILING-UNRESOLVED	L4-044,L4-077,L4-078	whole-file conservative tiling; manifest_type=FILE; actual_status=PRESENT-HASH-VERIFIED; UUID=71CE6129-8612-37F9-B438-28252C2137E8; segments=5; sections=12; signature=PRESENT; imports=/usr/lib/libSystem.B.dylib;/usr/lib/libz.1.dylib; rpaths=-; exports=876; undefined=114; function_starts=PRESENT
L4-REG-7C3E28847F4CEE24	BINUTILS-NM	OURS	bin/riscv32-wch-elf-nm	0a3bd1e107b6dae151d75cec0a9189540224a46d9635c497ecac02ea34993145	0	1113768	1113768	0..EOF-WHOLE-FILE	UNRESOLVED	-	L4-STAT-MACHO-STRUCTURE	COMPLETE-TILING-UNRESOLVED	L4-044,L4-077,L4-078	whole-file conservative tiling; manifest_type=FILE; actual_status=MANIFEST-BOUND-NOT-AVAILABLE; UUID=-; segments=-; sections=-; signature=-; imports=-; rpaths=-; exports=-; undefined=-; function_starts=-; T0 original bytes NOT-AVAILABLE after external drift; range and hash are authoritative frozen manifest facts only
L4-REG-7EB2DE3612BF472C	GCC-LTO-WRAPPER	UPSTREAM-P2	libexec/gcc/riscv32-wch-elf/15.2.0/lto-wrapper	fda9a831ffee94d8a38d9c133bce65db1350f0aa3cd0f11010ce22d34370a135	0	2090400	2090400	0..EOF-WHOLE-FILE	UNRESOLVED	-	L4-STAT-MACHO-STRUCTURE	COMPLETE-TILING-UNRESOLVED	L4-044,L4-077,L4-078	whole-file conservative tiling; manifest_type=FILE; actual_status=PRESENT-HASH-VERIFIED; UUID=2510EF38-3C55-3ABE-AD27-C1015CEB225D; segments=5; sections=12; signature=PRESENT; imports=/usr/lib/libiconv.2.dylib;/usr/lib/libc++.1.dylib;/usr/lib/libSystem.B.dylib; rpaths=-; exports=1476; undefined=162; function_starts=PRESENT
L4-REG-7ECAA765982FD767	BINUTILS-OBJCOPY	OURS	bin/riscv32-wch-elf-objcopy	0365488704f6c451b1e6cbe18bbb2601802c80b395948c90aa170a69df2f084e	0	1251592	1251592	0..EOF-WHOLE-FILE	UNRESOLVED	-	L4-STAT-MACHO-STRUCTURE	COMPLETE-TILING-UNRESOLVED	L4-044,L4-077,L4-078	whole-file conservative tiling; manifest_type=FILE; actual_status=MANIFEST-BOUND-NOT-AVAILABLE; UUID=-; segments=-; sections=-; signature=-; imports=-; rpaths=-; exports=-; undefined=-; function_starts=-; T0 original bytes NOT-AVAILABLE after external drift; range and hash are authoritative frozen manifest facts only
L4-REG-86925662A54793B0	BINUTILS-STRIP	WCH	bin/riscv32-wch-elf-strip	b5e537cf3b070a01b2cd13a4ee1081d71233a8d236134c97d4bfdfc917f8adcf	0	1058432	1058432	0..EOF-WHOLE-FILE	UNRESOLVED	-	L4-STAT-MACHO-STRUCTURE	COMPLETE-TILING-UNRESOLVED	L4-044,L4-077,L4-078	whole-file conservative tiling; manifest_type=FILE; actual_status=PRESENT-HASH-VERIFIED; UUID=2F3F8683-BDDD-333C-9B3B-6572182FA141; segments=5; sections=14; signature=PRESENT; imports=/usr/lib/libSystem.B.dylib;@loader_path/libzstd.1.dylib; rpaths=-; exports=1; undefined=125; function_starts=PRESENT
L4-REG-8967B7122CDAE689	BINUTILS-OBJCOPY	WCH	bin/riscv32-wch-elf-objcopy	0bc871581c7ffe56bc8cb1e28f405af25bef4989b9def9dea699de56f38f8166	0	1075040	1075040	0..EOF-WHOLE-FILE	UNRESOLVED	-	L4-STAT-MACHO-STRUCTURE	COMPLETE-TILING-UNRESOLVED	L4-044,L4-077,L4-078	whole-file conservative tiling; manifest_type=FILE; actual_status=PRESENT-HASH-VERIFIED; UUID=6B5C64DB-1824-320F-A0EB-86DBF90D64CA; segments=5; sections=14; signature=PRESENT; imports=/usr/lib/libSystem.B.dylib;@loader_path/libzstd.1.dylib; rpaths=-; exports=1; undefined=127; function_starts=PRESENT
L4-REG-89EFE8DB56070D90	BINUTILS-READELF	OURS	bin/riscv32-wch-elf-readelf	174213bd5f441bc1b38515d492bd84c88cd56c1bb80796574f8ff509366c80ae	0	1013160	1013160	0..EOF-WHOLE-FILE	UNRESOLVED	-	L4-STAT-MACHO-STRUCTURE	COMPLETE-TILING-UNRESOLVED	L4-044,L4-077,L4-078	whole-file conservative tiling; manifest_type=FILE; actual_status=MANIFEST-BOUND-NOT-AVAILABLE; UUID=-; segments=-; sections=-; signature=-; imports=-; rpaths=-; exports=-; undefined=-; function_starts=-; T0 original bytes NOT-AVAILABLE after external drift; range and hash are authoritative frozen manifest facts only
L4-REG-8A1AFECF6C70E63D	BINUTILS-ARCHIVE	UPSTREAM-P2	riscv32-wch-elf/bin/ar	374af498253a2da2e8fc0565321ae0655fbbf5e1c4c579602154fcffc796e21a	0	1138624	1138624	0..EOF-WHOLE-FILE	UNRESOLVED	-	L4-STAT-MACHO-STRUCTURE	COMPLETE-TILING-UNRESOLVED	L4-044,L4-077,L4-078	whole-file conservative tiling; manifest_type=FILE; actual_status=PRESENT-HASH-VERIFIED; UUID=5C6F6578-7AC7-328D-B2A4-ED86782C3383; segments=5; sections=12; signature=PRESENT; imports=/usr/lib/libSystem.B.dylib;/usr/lib/libz.1.dylib; rpaths=-; exports=949; undefined=123; function_starts=PRESENT
L4-REG-8A56E5B4BD217568	BINUTILS-ARCHIVE	UPSTREAM-MATCHED	bin/riscv32-wch-elf-ranlib	8aa0a2fa846bde59cfd61b7f80d562d9dc753c493409af020e48c86aea885d2f	0	1143880	1143880	0..EOF-WHOLE-FILE	UNRESOLVED	-	L4-STAT-MACHO-STRUCTURE	COMPLETE-TILING-UNRESOLVED	L4-044,L4-077,L4-078	whole-file conservative tiling; manifest_type=FILE; actual_status=PRESENT-HASH-VERIFIED; UUID=00D8E7AD-465D-3E6E-9BBE-D764D4C3DD0F; segments=5; sections=12; signature=PRESENT; imports=/usr/lib/libSystem.B.dylib;/usr/lib/libz.1.dylib; rpaths=-; exports=949; undefined=123; function_starts=PRESENT
L4-REG-8A94EEFA02E4A51F	GCC-GCOV	OURS	bin/riscv32-wch-elf-gcov-dump	0cada0e149c62cc9ef7e5a9e4610b945cc10944f1556dd4a810d7a6ca3eaac8d	0	1249112	1249112	0..EOF-WHOLE-FILE	UNRESOLVED	-	L4-STAT-MACHO-STRUCTURE	COMPLETE-TILING-UNRESOLVED	L4-044,L4-077,L4-078	whole-file conservative tiling; manifest_type=FILE; actual_status=MANIFEST-BOUND-NOT-AVAILABLE; UUID=-; segments=-; sections=-; signature=-; imports=-; rpaths=-; exports=-; undefined=-; function_starts=-; T0 original bytes NOT-AVAILABLE after external drift; range and hash are authoritative frozen manifest facts only
L4-REG-8BC344FB0C99E0E9	GCC-LTO-TOOL-WRAPPERS	UPSTREAM-P2	bin/riscv32-wch-elf-gcc-ar	bf41969b5dc530389190014e9f5487faa8a16f89c90c511d1c0b94c42cf935ae	0	83256	83256	0..EOF-WHOLE-FILE	UNRESOLVED	-	L4-STAT-MACHO-STRUCTURE	COMPLETE-TILING-UNRESOLVED	L4-044,L4-077,L4-078	whole-file conservative tiling; manifest_type=FILE; actual_status=PRESENT-HASH-VERIFIED; UUID=11F84F66-C1A3-32BF-85CE-72D7961D6C7F; segments=5; sections=11; signature=PRESENT; imports=/usr/lib/libiconv.2.dylib;/usr/lib/libc++.1.dylib;/usr/lib/libSystem.B.dylib; rpaths=-; exports=59; undefined=58; function_starts=PRESENT
L4-REG-8C94C8853CDE59B5	GCC-COLLECT2	UPSTREAM-MATCHED	libexec/gcc/riscv32-wch-elf/15.2.0/collect2	206040db23d1441c8783fa8525b2952fbe82a2e2b86f4596e1b1120ac5ba2a40	0	1307304	1307304	0..EOF-WHOLE-FILE	UNRESOLVED	-	L4-STAT-MACHO-STRUCTURE	COMPLETE-TILING-UNRESOLVED	L4-044,L4-077,L4-078	whole-file conservative tiling; manifest_type=FILE; actual_status=PRESENT-HASH-VERIFIED; UUID=9C0DFCEF-D9C7-3028-8BDF-4DC597A3A375; segments=5; sections=12; signature=PRESENT; imports=/usr/lib/libiconv.2.dylib;/usr/lib/libc++.1.dylib;/usr/lib/libSystem.B.dylib; rpaths=-; exports=1204; undefined=127; function_starts=PRESENT
L4-REG-90BC8135797BA429	BINUTILS-ELFEDIT	WCH	bin/riscv32-wch-elf-elfedit	7e4ad068aeefe5d025035ea9040015e2cbf2ebd5c0d963ca5eaf7fc57928262d	0	88720	88720	0..EOF-WHOLE-FILE	UNRESOLVED	-	L4-STAT-MACHO-STRUCTURE	COMPLETE-TILING-UNRESOLVED	L4-044,L4-077,L4-078	whole-file conservative tiling; manifest_type=FILE; actual_status=PRESENT-HASH-VERIFIED; UUID=CDECDEAD-E119-34FB-9CEF-FC861025D8A8; segments=5; sections=10; signature=PRESENT; imports=/usr/lib/libSystem.B.dylib; rpaths=-; exports=1; undefined=45; function_starts=PRESENT
L4-REG-9170642100812CC7	BINUTILS-LD	UPSTREAM-P2	riscv32-wch-elf/bin/ld.bfd	0d0ca5410d2f2bfd3f6abfff4b75fda0b71b29aae908bcdc65f88035c634bcc5	0	2131400	2131400	0..EOF-WHOLE-FILE	UNRESOLVED	-	L4-STAT-MACHO-STRUCTURE	COMPLETE-TILING-UNRESOLVED	L4-044,L4-077,L4-078	whole-file conservative tiling; manifest_type=FILE; actual_status=PRESENT-HASH-VERIFIED; UUID=EC175193-2037-3338-94B2-9D0150211B6D; segments=5; sections=13; signature=PRESENT; imports=/usr/lib/libSystem.B.dylib;/usr/lib/libz.1.dylib; rpaths=-; exports=1503; undefined=156; function_starts=PRESENT
L4-REG-918D39E95F6D8332	GCC-GCOV	UPSTREAM-P2	bin/riscv32-wch-elf-gcov-tool	9bfe984a9f41af9c195a7b56d919dea86a4d3ae3e1c96aa7f9bf66c3102001f8	0	1275176	1275176	0..EOF-WHOLE-FILE	UNRESOLVED	-	L4-STAT-MACHO-STRUCTURE	COMPLETE-TILING-UNRESOLVED	L4-044,L4-077,L4-078	whole-file conservative tiling; manifest_type=FILE; actual_status=PRESENT-HASH-VERIFIED; UUID=C50F89B3-6D55-3C7F-B94C-EA402339F65A; segments=5; sections=12; signature=PRESENT; imports=/usr/lib/libiconv.2.dylib;/usr/lib/libc++.1.dylib;/usr/lib/libSystem.B.dylib; rpaths=-; exports=1171; undefined=109; function_starts=PRESENT
L4-REG-92AE86384D4F49B0	GCC-LTO-WRAPPER	WCH	libexec/gcc/riscv32-wch-elf/15.2.0/lto-wrapper	22188f555b73655cde640d8e406e307dcf9e5e2b9beead7a15bc30310e719a72	0	1783280	1783280	0..EOF-WHOLE-FILE	UNRESOLVED	-	L4-STAT-MACHO-STRUCTURE	COMPLETE-TILING-UNRESOLVED	L4-044,L4-077,L4-078	whole-file conservative tiling; manifest_type=FILE; actual_status=PRESENT-HASH-VERIFIED; UUID=96DBBF67-95BE-32B7-AC37-4114B7E848EA; segments=5; sections=12; signature=PRESENT; imports=/usr/lib/libiconv.2.dylib;/usr/lib/libc++.1.dylib;/usr/lib/libSystem.B.dylib; rpaths=-; exports=33; undefined=162; function_starts=PRESENT
L4-REG-948EAE61F537033F	GCC-COLLECT2	UPSTREAM-P2	libexec/gcc/riscv32-wch-elf/15.2.0/collect2	6192d9b7623c0999a2fb35b3fad18e7c731a5c4c0b1ab8af09f5a7ba574f34d3	0	1303560	1303560	0..EOF-WHOLE-FILE	UNRESOLVED	-	L4-STAT-MACHO-STRUCTURE	COMPLETE-TILING-UNRESOLVED	L4-044,L4-077,L4-078	whole-file conservative tiling; manifest_type=FILE; actual_status=PRESENT-HASH-VERIFIED; UUID=1918C713-4EC5-3EB8-A70F-04C66B19B2A9; segments=5; sections=12; signature=PRESENT; imports=/usr/lib/libiconv.2.dylib;/usr/lib/libc++.1.dylib;/usr/lib/libSystem.B.dylib; rpaths=-; exports=1204; undefined=127; function_starts=PRESENT
L4-REG-94B2D256DA25EF85	BINUTILS-OBJCOPY	UPSTREAM-P2	bin/riscv32-wch-elf-objcopy	ca250261c88d33dc4f3b296a9c540449d816d928814c75d1fdfe4be2186abb2e	0	1251512	1251512	0..EOF-WHOLE-FILE	UNRESOLVED	-	L4-STAT-MACHO-STRUCTURE	COMPLETE-TILING-UNRESOLVED	L4-044,L4-077,L4-078	whole-file conservative tiling; manifest_type=FILE; actual_status=PRESENT-HASH-VERIFIED; UUID=D459E36D-0645-3362-9A3B-570A85AE7F6A; segments=5; sections=12; signature=PRESENT; imports=/usr/lib/libSystem.B.dylib;/usr/lib/libz.1.dylib; rpaths=-; exports=951; undefined=124; function_starts=PRESENT
L4-REG-9683429B334D21CA	BINUTILS-LD	UPSTREAM-MATCHED	bin/riscv32-wch-elf-ld.bfd	832509b1abcc69b1fde25dc94542634dd84e546b57a4e39b58bc1039cc8f1afa	0	2142056	2142056	0..EOF-WHOLE-FILE	UNRESOLVED	-	L4-STAT-MACHO-STRUCTURE	COMPLETE-TILING-UNRESOLVED	L4-044,L4-077,L4-078	whole-file conservative tiling; manifest_type=FILE; actual_status=PRESENT-HASH-VERIFIED; UUID=3F15CA51-4EA7-3CA6-AC88-82AC51BF2807; segments=5; sections=13; signature=PRESENT; imports=@loader_path/libzstd.1.dylib;/usr/lib/libSystem.B.dylib;/usr/lib/libz.1.dylib; rpaths=-; exports=1503; undefined=159; function_starts=PRESENT
L4-REG-96A546392A61399A	BINUTILS-OBJCOPY	UPSTREAM-MATCHED	bin/riscv32-wch-elf-objcopy	270e87512ffe2b98c3d6bbf4ee49a0871817cd954ae47e7f3ba2cfb0891cf0a6	0	1259176	1259176	0..EOF-WHOLE-FILE	UNRESOLVED	-	L4-STAT-MACHO-STRUCTURE	COMPLETE-TILING-UNRESOLVED	L4-044,L4-077,L4-078	whole-file conservative tiling; manifest_type=FILE; actual_status=PRESENT-HASH-VERIFIED; UUID=B2F2CA9C-A016-34F5-BC51-0B4A7E13EC9A; segments=5; sections=12; signature=PRESENT; imports=@loader_path/libzstd.1.dylib;/usr/lib/libSystem.B.dylib;/usr/lib/libz.1.dylib; rpaths=-; exports=951; undefined=127; function_starts=PRESENT
L4-REG-975E24049B885BF5	BINUTILS-ARCHIVE	UPSTREAM-P2	bin/riscv32-wch-elf-ar	374af498253a2da2e8fc0565321ae0655fbbf5e1c4c579602154fcffc796e21a	0	1138624	1138624	0..EOF-WHOLE-FILE	UNRESOLVED	-	L4-STAT-MACHO-STRUCTURE	COMPLETE-TILING-UNRESOLVED	L4-044,L4-077,L4-078	whole-file conservative tiling; manifest_type=FILE; actual_status=PRESENT-HASH-VERIFIED; UUID=5C6F6578-7AC7-328D-B2A4-ED86782C3383; segments=5; sections=12; signature=PRESENT; imports=/usr/lib/libSystem.B.dylib;/usr/lib/libz.1.dylib; rpaths=-; exports=949; undefined=123; function_starts=PRESENT
L4-REG-9A0D8BE9980906C0	BINUTILS-NM	OURS	riscv32-wch-elf/bin/nm	0a3bd1e107b6dae151d75cec0a9189540224a46d9635c497ecac02ea34993145	0	1113768	1113768	0..EOF-WHOLE-FILE	UNRESOLVED	-	L4-STAT-MACHO-STRUCTURE	COMPLETE-TILING-UNRESOLVED	L4-044,L4-077,L4-078	whole-file conservative tiling; manifest_type=FILE; actual_status=MANIFEST-BOUND-NOT-AVAILABLE; UUID=-; segments=-; sections=-; signature=-; imports=-; rpaths=-; exports=-; undefined=-; function_starts=-; T0 original bytes NOT-AVAILABLE after external drift; range and hash are authoritative frozen manifest facts only
L4-REG-9DE6587747EA8C3B	BINUTILS-BFD-PLUGINS	WCH	lib/bfd-plugins/libdep.so	3a71e733df6831eb101dab8eaa661263d2692c79d9635d2fd475939de685b7ce	0	69360	69360	0..EOF-WHOLE-FILE	UNRESOLVED	-	L4-STAT-MACHO-STRUCTURE	COMPLETE-TILING-UNRESOLVED	L4-044,L4-077,L4-078	whole-file conservative tiling; manifest_type=FILE; actual_status=PRESENT-HASH-VERIFIED; UUID=D8A42083-8F21-354A-B280-776A057E18E9; segments=4; sections=8; signature=PRESENT; imports=/usr/lib/libSystem.B.dylib; rpaths=-; exports=1; undefined=13; function_starts=PRESENT
L4-REG-A12B30AD38AEE379	BINUTILS-STRINGS	UPSTREAM-MATCHED	bin/riscv32-wch-elf-strings	16f552847ae8b7e4b4f73113a87c7e66e09f4998cf09f4a85b923157ad29f28a	0	1113960	1113960	0..EOF-WHOLE-FILE	UNRESOLVED	-	L4-STAT-MACHO-STRUCTURE	COMPLETE-TILING-UNRESOLVED	L4-044,L4-077,L4-078	whole-file conservative tiling; manifest_type=FILE; actual_status=PRESENT-HASH-VERIFIED; UUID=B37EC11B-31A2-3B37-A328-EDF1127FC12E; segments=5; sections=12; signature=PRESENT; imports=/usr/lib/libSystem.B.dylib;/usr/lib/libz.1.dylib; rpaths=-; exports=871; undefined=117; function_starts=PRESENT
L4-REG-A22E7CFC55E6198B	BINUTILS-ELFEDIT	UPSTREAM-P2	bin/riscv32-wch-elf-elfedit	ac3fecb35f9044f2b60ca4555ddbd8e4a688ad0aec2412b5efa15a1ea028950f	0	78728	78728	0..EOF-WHOLE-FILE	UNRESOLVED	-	L4-STAT-MACHO-STRUCTURE	COMPLETE-TILING-UNRESOLVED	L4-044,L4-077,L4-078	whole-file conservative tiling; manifest_type=FILE; actual_status=PRESENT-HASH-VERIFIED; UUID=F9136A0F-4F9B-33F1-8746-4D45113D2497; segments=5; sections=10; signature=PRESENT; imports=/usr/lib/libSystem.B.dylib; rpaths=-; exports=56; undefined=43; function_starts=PRESENT
L4-REG-A380DFF9DE237F5A	BINUTILS-READELF	UPSTREAM-MATCHED	bin/riscv32-wch-elf-readelf	5c5717e52b9a222666f60b62fd61f36cab243cdd30b0eb7e6f6d899561432e4a	0	1017592	1017592	0..EOF-WHOLE-FILE	UNRESOLVED	-	L4-STAT-MACHO-STRUCTURE	COMPLETE-TILING-UNRESOLVED	L4-044,L4-077,L4-078	whole-file conservative tiling; manifest_type=FILE; actual_status=PRESENT-HASH-VERIFIED; UUID=348AB1E5-64B2-33C5-AEF8-066712A9C641; segments=5; sections=11; signature=PRESENT; imports=@loader_path/libzstd.1.dylib;/usr/lib/libz.1.dylib;/usr/lib/libSystem.B.dylib; rpaths=-; exports=472; undefined=94; function_starts=PRESENT
L4-REG-A3877AAA7EEF661A	BINUTILS-C++FILT	UPSTREAM-P2	bin/riscv32-wch-elf-c++filt	e01d897499914161cb0d4a24116bcc179375e4869529b0367eb615933c9a07f9	0	1106808	1106808	0..EOF-WHOLE-FILE	UNRESOLVED	-	L4-STAT-MACHO-STRUCTURE	COMPLETE-TILING-UNRESOLVED	L4-044,L4-077,L4-078	whole-file conservative tiling; manifest_type=FILE; actual_status=PRESENT-HASH-VERIFIED; UUID=4211C885-DD68-3CF4-BD04-A36AD25466DF; segments=5; sections=12; signature=PRESENT; imports=/usr/lib/libSystem.B.dylib;/usr/lib/libz.1.dylib; rpaths=-; exports=871; undefined=113; function_starts=PRESENT
L4-REG-A4791A938FF6F636	BINUTILS-LD	WCH	bin/riscv32-wch-elf-ld.bfd	469680028c17425e40863cb592b0010a21c934aa8c36a4760caaecdb34f9c939	0	1882736	1882736	0..EOF-WHOLE-FILE	UNRESOLVED	-	L4-STAT-MACHO-STRUCTURE	COMPLETE-TILING-UNRESOLVED	L4-044,L4-077,L4-078	whole-file conservative tiling; manifest_type=FILE; actual_status=PRESENT-HASH-VERIFIED; UUID=F0FB1EDC-9B3D-3722-8D12-2F08DDFD382E; segments=5; sections=14; signature=PRESENT; imports=/usr/lib/libSystem.B.dylib;@loader_path/libzstd.1.dylib; rpaths=-; exports=1; undefined=157; function_starts=PRESENT
L4-REG-A94965F0FC543990	BINUTILS-ELFEDIT	UPSTREAM-MATCHED	bin/riscv32-wch-elf-elfedit	7244e812fea487a7321846ae609a1ded98032e986ff0bf1a477b320bdfd74b38	0	79704	79704	0..EOF-WHOLE-FILE	UNRESOLVED	-	L4-STAT-MACHO-STRUCTURE	COMPLETE-TILING-UNRESOLVED	L4-044,L4-077,L4-078	whole-file conservative tiling; manifest_type=FILE; actual_status=PRESENT-HASH-VERIFIED; UUID=5848BAF5-FDFE-323E-9B51-95A32483F248; segments=5; sections=10; signature=PRESENT; imports=/usr/lib/libSystem.B.dylib; rpaths=-; exports=56; undefined=43; function_starts=PRESENT
L4-REG-A96100CCBEDBFEE5	GCC-LTO-TOOL-WRAPPERS	UPSTREAM-P2	bin/riscv32-wch-elf-gcc-ranlib	4f113e7b3ab13d9b6defafc23e33c384c92f5d21dfc94ff7de5b75213f9a95fd	0	83240	83240	0..EOF-WHOLE-FILE	UNRESOLVED	-	L4-STAT-MACHO-STRUCTURE	COMPLETE-TILING-UNRESOLVED	L4-044,L4-077,L4-078	whole-file conservative tiling; manifest_type=FILE; actual_status=PRESENT-HASH-VERIFIED; UUID=4C49EEA8-524D-337A-91D3-32B7FC09C9D9; segments=5; sections=11; signature=PRESENT; imports=/usr/lib/libiconv.2.dylib;/usr/lib/libc++.1.dylib;/usr/lib/libSystem.B.dylib; rpaths=-; exports=59; undefined=58; function_starts=PRESENT
L4-REG-AAE2AEA31D4836AC	BINUTILS-ARCHIVE	WCH	bin/riscv32-wch-elf-ranlib	cd0306b521c35ef93d2325c70f4462f5ab051ae4547d37b0955b332ea3bce19e	0	975456	975456	0..EOF-WHOLE-FILE	UNRESOLVED	-	L4-STAT-MACHO-STRUCTURE	COMPLETE-TILING-UNRESOLVED	L4-044,L4-077,L4-078	whole-file conservative tiling; manifest_type=FILE; actual_status=PRESENT-HASH-VERIFIED; UUID=10CF8EEF-5CCD-31E2-A216-EB3545B28BB1; segments=5; sections=14; signature=PRESENT; imports=/usr/lib/libSystem.B.dylib;@loader_path/libzstd.1.dylib; rpaths=-; exports=1; undefined=126; function_starts=PRESENT
L4-REG-AB0935419A79041C	BINUTILS-STRINGS	UPSTREAM-P2	bin/riscv32-wch-elf-strings	d00846435ba16e5e626b9c607a749e33bb4fb5ded9c712af43670eaf9ab79c95	0	1108072	1108072	0..EOF-WHOLE-FILE	UNRESOLVED	-	L4-STAT-MACHO-STRUCTURE	COMPLETE-TILING-UNRESOLVED	L4-044,L4-077,L4-078	whole-file conservative tiling; manifest_type=FILE; actual_status=PRESENT-HASH-VERIFIED; UUID=F8F7A614-9FEE-3EB9-90BD-63E3F0874F1F; segments=5; sections=12; signature=PRESENT; imports=/usr/lib/libSystem.B.dylib;/usr/lib/libz.1.dylib; rpaths=-; exports=871; undefined=117; function_starts=PRESENT
L4-REG-AD5C75DE8149E6E0	GCC-LTO-TOOL-WRAPPERS	UPSTREAM-MATCHED	bin/riscv32-wch-elf-gcc-ranlib	3af61dde46897821f0798c314dade04d4015ab5e3c311b619f65811fd37c393c	0	83976	83976	0..EOF-WHOLE-FILE	UNRESOLVED	-	L4-STAT-MACHO-STRUCTURE	COMPLETE-TILING-UNRESOLVED	L4-044,L4-077,L4-078	whole-file conservative tiling; manifest_type=FILE; actual_status=PRESENT-HASH-VERIFIED; UUID=1BEE3626-2BC9-3FEE-9E04-6D3CF7BD9A36; segments=5; sections=11; signature=PRESENT; imports=/usr/lib/libiconv.2.dylib;/usr/lib/libc++.1.dylib;/usr/lib/libSystem.B.dylib; rpaths=-; exports=59; undefined=58; function_starts=PRESENT
L4-REG-AE522E9AE8172FA9	GCC-LTO-TOOL-WRAPPERS	OURS	bin/riscv32-wch-elf-gcc-ar	9182ab7dec8773f41ec220751d102049131344a0217d77854346737887466d39	0	83256	83256	0..EOF-WHOLE-FILE	UNRESOLVED	-	L4-STAT-MACHO-STRUCTURE	COMPLETE-TILING-UNRESOLVED	L4-044,L4-077,L4-078	whole-file conservative tiling; manifest_type=FILE; actual_status=MANIFEST-BOUND-NOT-AVAILABLE; UUID=-; segments=-; sections=-; signature=-; imports=-; rpaths=-; exports=-; undefined=-; function_starts=-; T0 original bytes NOT-AVAILABLE after external drift; range and hash are authoritative frozen manifest facts only
L4-REG-AEDDB35EB0C46C66	BINUTILS-STRINGS	WCH	bin/riscv32-wch-elf-strings	6e693de24622f9d8ba2e3ff0cbcaab9a37c92457cb87bfa84f678a6c05de5b68	0	973600	973600	0..EOF-WHOLE-FILE	UNRESOLVED	-	L4-STAT-MACHO-STRUCTURE	COMPLETE-TILING-UNRESOLVED	L4-044,L4-077,L4-078	whole-file conservative tiling; manifest_type=FILE; actual_status=PRESENT-HASH-VERIFIED; UUID=5A8A0920-860B-3263-B76A-5894AF628A7F; segments=5; sections=14; signature=PRESENT; imports=/usr/lib/libSystem.B.dylib;@loader_path/libzstd.1.dylib; rpaths=-; exports=1; undefined=120; function_starts=PRESENT
L4-REG-B1ABEDE083AA143D	GCC-GCOV	WCH	bin/riscv32-wch-elf-gcov	96af33a2480f6a3a9cbda05ebe51d72735baf991bd0c13cd4501857ccac73cbf	0	1308608	1308608	0..EOF-WHOLE-FILE	UNRESOLVED	-	L4-STAT-MACHO-STRUCTURE	COMPLETE-TILING-UNRESOLVED	L4-044,L4-077,L4-078	whole-file conservative tiling; manifest_type=FILE; actual_status=PRESENT-HASH-VERIFIED; UUID=D3025498-4D75-3228-8E21-2A1E0D9E9B7C; segments=5; sections=12; signature=PRESENT; imports=/usr/lib/libiconv.2.dylib;/usr/lib/libc++.1.dylib;/usr/lib/libSystem.B.dylib; rpaths=-; exports=38; undefined=112; function_starts=PRESENT
L4-REG-B79609D9FEC90E70	BINUTILS-READELF	OURS	riscv32-wch-elf/bin/readelf	174213bd5f441bc1b38515d492bd84c88cd56c1bb80796574f8ff509366c80ae	0	1013160	1013160	0..EOF-WHOLE-FILE	UNRESOLVED	-	L4-STAT-MACHO-STRUCTURE	COMPLETE-TILING-UNRESOLVED	L4-044,L4-077,L4-078	whole-file conservative tiling; manifest_type=FILE; actual_status=MANIFEST-BOUND-NOT-AVAILABLE; UUID=-; segments=-; sections=-; signature=-; imports=-; rpaths=-; exports=-; undefined=-; function_starts=-; T0 original bytes NOT-AVAILABLE after external drift; range and hash are authoritative frozen manifest facts only
L4-REG-B8D9DB869E390283	BINUTILS-STRIP	UPSTREAM-MATCHED	riscv32-wch-elf/bin/strip	079ffe890fa5352f4c98acefb487fbbf6a6d5545516fa9eaced75dbfd49944f9	0	1221304	1221304	0..EOF-WHOLE-FILE	UNRESOLVED	-	L4-STAT-MACHO-STRUCTURE	COMPLETE-TILING-UNRESOLVED	L4-044,L4-077,L4-078	whole-file conservative tiling; manifest_type=FILE; actual_status=PRESENT-HASH-VERIFIED; UUID=5EE44EE4-6BA2-3857-9C6A-5A23766CE54C; segments=5; sections=12; signature=PRESENT; imports=/usr/lib/libSystem.B.dylib;/usr/lib/libz.1.dylib; rpaths=-; exports=950; undefined=122; function_starts=PRESENT
L4-REG-BA73E7231ECEE931	BINUTILS-NM	UPSTREAM-MATCHED	bin/riscv32-wch-elf-nm	041a8bb3ad231579daca8866586d3ead8fc841dae75bc53efa0195137ec3d680	0	1136424	1136424	0..EOF-WHOLE-FILE	UNRESOLVED	-	L4-STAT-MACHO-STRUCTURE	COMPLETE-TILING-UNRESOLVED	L4-044,L4-077,L4-078	whole-file conservative tiling; manifest_type=FILE; actual_status=PRESENT-HASH-VERIFIED; UUID=7D316036-3B93-39D8-9C9C-B806FD2E8FFD; segments=5; sections=12; signature=PRESENT; imports=/usr/lib/libSystem.B.dylib;/usr/lib/libz.1.dylib; rpaths=-; exports=876; undefined=116; function_starts=PRESENT
L4-REG-BDB9F1532FD20386	BINUTILS-LD	UPSTREAM-P2	bin/riscv32-wch-elf-ld	0d0ca5410d2f2bfd3f6abfff4b75fda0b71b29aae908bcdc65f88035c634bcc5	0	2131400	2131400	0..EOF-WHOLE-FILE	UNRESOLVED	-	L4-STAT-MACHO-STRUCTURE	COMPLETE-TILING-UNRESOLVED	L4-044,L4-077,L4-078	whole-file conservative tiling; manifest_type=FILE; actual_status=PRESENT-HASH-VERIFIED; UUID=EC175193-2037-3338-94B2-9D0150211B6D; segments=5; sections=13; signature=PRESENT; imports=/usr/lib/libSystem.B.dylib;/usr/lib/libz.1.dylib; rpaths=-; exports=1503; undefined=156; function_starts=PRESENT
L4-REG-BF83486D79B2CF86	BINUTILS-ELFEDIT	OURS	bin/riscv32-wch-elf-elfedit	bc1816768d692b7aa47d5b77f0df6ebfab88f87bca6746bb811d7d6a93b1c5fd	0	78728	78728	0..EOF-WHOLE-FILE	UNRESOLVED	-	L4-STAT-MACHO-STRUCTURE	COMPLETE-TILING-UNRESOLVED	L4-044,L4-077,L4-078	whole-file conservative tiling; manifest_type=FILE; actual_status=MANIFEST-BOUND-NOT-AVAILABLE; UUID=-; segments=-; sections=-; signature=-; imports=-; rpaths=-; exports=-; undefined=-; function_starts=-; T0 original bytes NOT-AVAILABLE after external drift; range and hash are authoritative frozen manifest facts only
L4-REG-C1F59737848D9017	BINUTILS-LD	UPSTREAM-MATCHED	riscv32-wch-elf/bin/ld	2dc5a007e4c02d920377ee6cc95558c2240cd3736a9160412f061c8bd569bdd2	0	2142032	2142032	0..EOF-WHOLE-FILE	UNRESOLVED	-	L4-STAT-MACHO-STRUCTURE	COMPLETE-TILING-UNRESOLVED	L4-044,L4-077,L4-078	whole-file conservative tiling; manifest_type=FILE; actual_status=PRESENT-HASH-VERIFIED; UUID=3F15CA51-4EA7-3CA6-AC88-82AC51BF2807; segments=5; sections=13; signature=PRESENT; imports=@loader_path/libzstd.1.dylib;/usr/lib/libSystem.B.dylib;/usr/lib/libz.1.dylib; rpaths=-; exports=1503; undefined=159; function_starts=PRESENT
L4-REG-C7164876CD077777	BINUTILS-C++FILT	UPSTREAM-MATCHED	bin/riscv32-wch-elf-c++filt	0ba280d6e4d4ee4c623fb7111cae4aada4e6ccdd3aa9d290f02b58c66856b1eb	0	1112680	1112680	0..EOF-WHOLE-FILE	UNRESOLVED	-	L4-STAT-MACHO-STRUCTURE	COMPLETE-TILING-UNRESOLVED	L4-044,L4-077,L4-078	whole-file conservative tiling; manifest_type=FILE; actual_status=PRESENT-HASH-VERIFIED; UUID=A547CD37-E8E0-34DA-9EBA-9502689B15D0; segments=5; sections=12; signature=PRESENT; imports=/usr/lib/libSystem.B.dylib;/usr/lib/libz.1.dylib; rpaths=-; exports=871; undefined=113; function_starts=PRESENT
L4-REG-C718F1163CE69435	GCC-LTO-PLUGIN	UPSTREAM-P2	libexec/gcc/riscv32-wch-elf/15.2.0/liblto_plugin.so	8c132be66b35f8edb069485d7f2a693d8a5b80dfa800e0d62b7b3e1d2ef3a6c4	0	135664	135664	0..EOF-WHOLE-FILE	UNRESOLVED	-	L4-STAT-MACHO-STRUCTURE	COMPLETE-TILING-UNRESOLVED	L4-044,L4-077,L4-078	whole-file conservative tiling; manifest_type=FILE; actual_status=PRESENT-HASH-VERIFIED; UUID=4C34FA30-DB59-31E2-B341-6BB3BE912290; segments=4; sections=10; signature=PRESENT; imports=/usr/lib/libSystem.B.dylib; rpaths=-; exports=1; undefined=70; function_starts=PRESENT
L4-REG-C7322F8A2E05B0B0	GCC-GCOV	OURS	bin/riscv32-wch-elf-gcov	150f529401d38c138548a04750898142c689f48183bf634f44561b1e9089115a	0	1560200	1560200	0..EOF-WHOLE-FILE	UNRESOLVED	-	L4-STAT-MACHO-STRUCTURE	COMPLETE-TILING-UNRESOLVED	L4-044,L4-077,L4-078	whole-file conservative tiling; manifest_type=FILE; actual_status=MANIFEST-BOUND-NOT-AVAILABLE; UUID=-; segments=-; sections=-; signature=-; imports=-; rpaths=-; exports=-; undefined=-; function_starts=-; T0 original bytes NOT-AVAILABLE after external drift; range and hash are authoritative frozen manifest facts only
L4-REG-C7B2259AD9E50888	GCC-GCOV	UPSTREAM-MATCHED	bin/riscv32-wch-elf-gcov-tool	0ae890d0d629ce4a1834576ae6b1ef32be1e1b17f640c4b017038cec1846ea25	0	1278664	1278664	0..EOF-WHOLE-FILE	UNRESOLVED	-	L4-STAT-MACHO-STRUCTURE	COMPLETE-TILING-UNRESOLVED	L4-044,L4-077,L4-078	whole-file conservative tiling; manifest_type=FILE; actual_status=PRESENT-HASH-VERIFIED; UUID=4642A510-8E79-3926-8FE0-9C3B42EC53A7; segments=5; sections=12; signature=PRESENT; imports=/usr/lib/libiconv.2.dylib;/usr/lib/libc++.1.dylib;/usr/lib/libSystem.B.dylib; rpaths=-; exports=1171; undefined=109; function_starts=PRESENT
L4-REG-CE4EAF61F1C898C5	GCC-GCOV	WCH	bin/riscv32-wch-elf-gcov-tool	86cb5fae63016d68a505c2e35465c91e369b1a26f28022b336f6aebae8d079a6	0	1069856	1069856	0..EOF-WHOLE-FILE	UNRESOLVED	-	L4-STAT-MACHO-STRUCTURE	COMPLETE-TILING-UNRESOLVED	L4-044,L4-077,L4-078	whole-file conservative tiling; manifest_type=FILE; actual_status=PRESENT-HASH-VERIFIED; UUID=49ED6071-A585-337B-A531-6832F07F2654; segments=5; sections=12; signature=PRESENT; imports=/usr/lib/libiconv.2.dylib;/usr/lib/libc++.1.dylib;/usr/lib/libSystem.B.dylib; rpaths=-; exports=33; undefined=109; function_starts=PRESENT
L4-REG-D0F8AB4BF1DDDB85	BINUTILS-READELF	UPSTREAM-P2	bin/riscv32-wch-elf-readelf	71cda344fb0efb97d729472ff602cb1830bcda924ebeee952cce16f210e22758	0	1013160	1013160	0..EOF-WHOLE-FILE	UNRESOLVED	-	L4-STAT-MACHO-STRUCTURE	COMPLETE-TILING-UNRESOLVED	L4-044,L4-077,L4-078	whole-file conservative tiling; manifest_type=FILE; actual_status=PRESENT-HASH-VERIFIED; UUID=423AC12B-2738-3125-9B12-4F930B855400; segments=5; sections=11; signature=PRESENT; imports=/usr/lib/libz.1.dylib;/usr/lib/libSystem.B.dylib; rpaths=-; exports=472; undefined=92; function_starts=PRESENT
L4-REG-D0FC23B0DA83319F	BINUTILS-STRIP	UPSTREAM-P2	bin/riscv32-wch-elf-strip	f1c2ccedac6c1a8b0a330ff207606f587984679ab5522665eddf7ab919d135f9	0	1214616	1214616	0..EOF-WHOLE-FILE	UNRESOLVED	-	L4-STAT-MACHO-STRUCTURE	COMPLETE-TILING-UNRESOLVED	L4-044,L4-077,L4-078	whole-file conservative tiling; manifest_type=FILE; actual_status=PRESENT-HASH-VERIFIED; UUID=1AFE993E-B614-3FEF-B47C-81DC723B0EA2; segments=5; sections=12; signature=PRESENT; imports=/usr/lib/libSystem.B.dylib;/usr/lib/libz.1.dylib; rpaths=-; exports=950; undefined=122; function_starts=PRESENT
L4-REG-D5E43662A4BB7C64	BINUTILS-ADDR2LINE	OURS	bin/riscv32-wch-elf-addr2line	cca084cbaa62465dc67c780a031973e999a2b70e0a66eca5e62cb6f10e9b1be9	0	1107736	1107736	0..EOF-WHOLE-FILE	UNRESOLVED	-	L4-STAT-MACHO-STRUCTURE	COMPLETE-TILING-UNRESOLVED	L4-044,L4-077,L4-078	whole-file conservative tiling; manifest_type=FILE; actual_status=MANIFEST-BOUND-NOT-AVAILABLE; UUID=-; segments=-; sections=-; signature=-; imports=-; rpaths=-; exports=-; undefined=-; function_starts=-; T0 original bytes NOT-AVAILABLE after external drift; range and hash are authoritative frozen manifest facts only
L4-REG-D652F3D7E2E6BC4E	GCC-GCOV	OURS	bin/riscv32-wch-elf-gcov-tool	46c21df8a767f797bc6f97aadcb3e31f16cec55308ee1621ae45286d5cf3dcd0	0	1275176	1275176	0..EOF-WHOLE-FILE	UNRESOLVED	-	L4-STAT-MACHO-STRUCTURE	COMPLETE-TILING-UNRESOLVED	L4-044,L4-077,L4-078	whole-file conservative tiling; manifest_type=FILE; actual_status=MANIFEST-BOUND-NOT-AVAILABLE; UUID=-; segments=-; sections=-; signature=-; imports=-; rpaths=-; exports=-; undefined=-; function_starts=-; T0 original bytes NOT-AVAILABLE after external drift; range and hash are authoritative frozen manifest facts only
L4-REG-D77198142E8F5D70	GCC-LTO-TOOL-WRAPPERS	UPSTREAM-MATCHED	bin/riscv32-wch-elf-gcc-ar	1150fbbd8ce989570463a4d5b3066a3ebde46ebf789111e38014120c012fe8c2	0	83992	83992	0..EOF-WHOLE-FILE	UNRESOLVED	-	L4-STAT-MACHO-STRUCTURE	COMPLETE-TILING-UNRESOLVED	L4-044,L4-077,L4-078	whole-file conservative tiling; manifest_type=FILE; actual_status=PRESENT-HASH-VERIFIED; UUID=4182992C-B89F-37ED-AC49-BE1CCF9F90CB; segments=5; sections=11; signature=PRESENT; imports=/usr/lib/libiconv.2.dylib;/usr/lib/libc++.1.dylib;/usr/lib/libSystem.B.dylib; rpaths=-; exports=59; undefined=58; function_starts=PRESENT
L4-REG-D7F24D69D218DBF7	BINUTILS-STRIP	OURS	bin/riscv32-wch-elf-strip	c99fffc8ce40eca3aaa3632bb8a35de73ea1e1b89ff6cf730f848613c74f8785	0	1214696	1214696	0..EOF-WHOLE-FILE	UNRESOLVED	-	L4-STAT-MACHO-STRUCTURE	COMPLETE-TILING-UNRESOLVED	L4-044,L4-077,L4-078	whole-file conservative tiling; manifest_type=FILE; actual_status=MANIFEST-BOUND-NOT-AVAILABLE; UUID=-; segments=-; sections=-; signature=-; imports=-; rpaths=-; exports=-; undefined=-; function_starts=-; T0 original bytes NOT-AVAILABLE after external drift; range and hash are authoritative frozen manifest facts only
L4-REG-D8086F8278061ABB	GCC-LTO-TOOL-WRAPPERS	OURS	bin/riscv32-wch-elf-gcc-nm	6bffd03a4e1c8058092f2be03802150cb89fb33b044ebd595a08d954ae4b1c22	0	83240	83240	0..EOF-WHOLE-FILE	UNRESOLVED	-	L4-STAT-MACHO-STRUCTURE	COMPLETE-TILING-UNRESOLVED	L4-044,L4-077,L4-078	whole-file conservative tiling; manifest_type=FILE; actual_status=MANIFEST-BOUND-NOT-AVAILABLE; UUID=-; segments=-; sections=-; signature=-; imports=-; rpaths=-; exports=-; undefined=-; function_starts=-; T0 original bytes NOT-AVAILABLE after external drift; range and hash are authoritative frozen manifest facts only
L4-REG-D8E06426E188E07E	BINUTILS-SIZE	OURS	bin/riscv32-wch-elf-size	717207cc46400b7c50617f149674cb4a81599629ea20092fa04f30952babec27	0	1109272	1109272	0..EOF-WHOLE-FILE	UNRESOLVED	-	L4-STAT-MACHO-STRUCTURE	COMPLETE-TILING-UNRESOLVED	L4-044,L4-077,L4-078	whole-file conservative tiling; manifest_type=FILE; actual_status=MANIFEST-BOUND-NOT-AVAILABLE; UUID=-; segments=-; sections=-; signature=-; imports=-; rpaths=-; exports=-; undefined=-; function_starts=-; T0 original bytes NOT-AVAILABLE after external drift; range and hash are authoritative frozen manifest facts only
L4-REG-D9751CFF40A04764	BINUTILS-STRIP	WCH	riscv32-wch-elf/bin/strip	735c69cec16209b666c7387580509d3d0842f42eea180b2af1d48ab805b5c3c0	0	1058400	1058400	0..EOF-WHOLE-FILE	UNRESOLVED	-	L4-STAT-MACHO-STRUCTURE	COMPLETE-TILING-UNRESOLVED	L4-044,L4-077,L4-078	whole-file conservative tiling; manifest_type=FILE; actual_status=PRESENT-HASH-VERIFIED; UUID=2F3F8683-BDDD-333C-9B3B-6572182FA141; segments=5; sections=14; signature=PRESENT; imports=/usr/lib/libSystem.B.dylib;@loader_path/libzstd.1.dylib; rpaths=-; exports=1; undefined=125; function_starts=PRESENT
L4-REG-DADA548A145A6665	BINUTILS-ARCHIVE	OURS	bin/riscv32-wch-elf-ranlib	fbb1298cd318fd1ddb39782fd0c9ae6edc517a909d8de09a3318c21d62f19f91	0	1137592	1137592	0..EOF-WHOLE-FILE	UNRESOLVED	-	L4-STAT-MACHO-STRUCTURE	COMPLETE-TILING-UNRESOLVED	L4-044,L4-077,L4-078	whole-file conservative tiling; manifest_type=FILE; actual_status=MANIFEST-BOUND-NOT-AVAILABLE; UUID=-; segments=-; sections=-; signature=-; imports=-; rpaths=-; exports=-; undefined=-; function_starts=-; T0 original bytes NOT-AVAILABLE after external drift; range and hash are authoritative frozen manifest facts only
L4-REG-DBDC3A21F221E5CD	BINUTILS-ADDR2LINE	UPSTREAM-P2	bin/riscv32-wch-elf-addr2line	2e03f12eb0f97db01df308be178bec09a0c568b73bd1209717b23af1e37caca7	0	1107656	1107656	0..EOF-WHOLE-FILE	UNRESOLVED	-	L4-STAT-MACHO-STRUCTURE	COMPLETE-TILING-UNRESOLVED	L4-044,L4-077,L4-078	whole-file conservative tiling; manifest_type=FILE; actual_status=PRESENT-HASH-VERIFIED; UUID=13853F99-8C56-3F78-95E6-74531326798B; segments=5; sections=12; signature=PRESENT; imports=/usr/lib/libSystem.B.dylib;/usr/lib/libz.1.dylib; rpaths=-; exports=871; undefined=115; function_starts=PRESENT
L4-REG-DC3D5F8264722BD7	BINUTILS-LD	OURS	bin/riscv32-wch-elf-ld.bfd	76b47acebfd93513067f6a101d319d1d94549fe6ba257856c24e1938d3f7aaf2	0	2131640	2131640	0..EOF-WHOLE-FILE	UNRESOLVED	-	L4-STAT-MACHO-STRUCTURE	COMPLETE-TILING-UNRESOLVED	L4-044,L4-077,L4-078	whole-file conservative tiling; manifest_type=FILE; actual_status=MANIFEST-BOUND-NOT-AVAILABLE; UUID=-; segments=-; sections=-; signature=-; imports=-; rpaths=-; exports=-; undefined=-; function_starts=-; T0 original bytes NOT-AVAILABLE after external drift; range and hash are authoritative frozen manifest facts only
L4-REG-DD10E07561D66996	GCC-LTO-DUMP	OURS	bin/riscv32-wch-elf-lto-dump	72b6288358b6e1971a80ec0599d749c897bbd83a9aa37e912759bde91feda7a9	0	68403176	68403176	0..EOF-WHOLE-FILE	UNRESOLVED	-	L4-STAT-MACHO-STRUCTURE	COMPLETE-TILING-UNRESOLVED	L4-044,L4-077,L4-078	whole-file conservative tiling; manifest_type=FILE; actual_status=MANIFEST-BOUND-NOT-AVAILABLE; UUID=-; segments=-; sections=-; signature=-; imports=-; rpaths=-; exports=-; undefined=-; function_starts=-; T0 original bytes NOT-AVAILABLE after external drift; range and hash are authoritative frozen manifest facts only
L4-REG-DE0E52B4F49BA07A	GCC-LTO-TOOL-WRAPPERS	UPSTREAM-MATCHED	bin/riscv32-wch-elf-gcc-nm	3eaf346826157e7879ce61b3eaaddf08616c40ac9fc376cd3a6ed9f91f100516	0	83976	83976	0..EOF-WHOLE-FILE	UNRESOLVED	-	L4-STAT-MACHO-STRUCTURE	COMPLETE-TILING-UNRESOLVED	L4-044,L4-077,L4-078	whole-file conservative tiling; manifest_type=FILE; actual_status=PRESENT-HASH-VERIFIED; UUID=29D901D8-1BAB-3B39-BE6C-738864ABAACC; segments=5; sections=11; signature=PRESENT; imports=/usr/lib/libiconv.2.dylib;/usr/lib/libc++.1.dylib;/usr/lib/libSystem.B.dylib; rpaths=-; exports=59; undefined=58; function_starts=PRESENT
L4-REG-E20953025A11D2BB	GCC-GCOV	UPSTREAM-P2	bin/riscv32-wch-elf-gcov	fb7ea994188e301996f3c194f0094ad121496e7820a966c594b47371517216f8	0	1560200	1560200	0..EOF-WHOLE-FILE	UNRESOLVED	-	L4-STAT-MACHO-STRUCTURE	COMPLETE-TILING-UNRESOLVED	L4-044,L4-077,L4-078	whole-file conservative tiling; manifest_type=FILE; actual_status=PRESENT-HASH-VERIFIED; UUID=3988932A-9957-357A-A5D5-02E920DE4D19; segments=5; sections=12; signature=PRESENT; imports=/usr/lib/libiconv.2.dylib;/usr/lib/libc++.1.dylib;/usr/lib/libSystem.B.dylib; rpaths=-; exports=1356; undefined=111; function_starts=PRESENT
L4-REG-E31B3797B3AEDBBD	GCC-LTO-DUMP	UPSTREAM-P2	bin/riscv32-wch-elf-lto-dump	e4f36db78f4cabb1afd0d190889b407b930159e85ec548beb3c82aefbeff0e11	0	68403160	68403160	0..EOF-WHOLE-FILE	UNRESOLVED	-	L4-STAT-MACHO-STRUCTURE	COMPLETE-TILING-UNRESOLVED	L4-044,L4-077,L4-078	whole-file conservative tiling; manifest_type=FILE; actual_status=PRESENT-HASH-VERIFIED; UUID=4ED7552C-D616-3941-A6D1-CC46A8DE05DF; segments=5; sections=15; signature=PRESENT; imports=/usr/lib/libiconv.2.dylib;/usr/lib/libc++.1.dylib;/usr/lib/libSystem.B.dylib; rpaths=-; exports=72113; undefined=174; function_starts=PRESENT
L4-REG-E47CEFC4461A2645	BINUTILS-ARCHIVE	UPSTREAM-P2	bin/riscv32-wch-elf-ranlib	d6cdc2023e6d682e48ec8415a4a142f2ca42b09ebcd175654f703ef72cabc757	0	1137512	1137512	0..EOF-WHOLE-FILE	UNRESOLVED	-	L4-STAT-MACHO-STRUCTURE	COMPLETE-TILING-UNRESOLVED	L4-044,L4-077,L4-078	whole-file conservative tiling; manifest_type=FILE; actual_status=PRESENT-HASH-VERIFIED; UUID=22324283-0F45-3868-9E0F-1E0AEB01BF49; segments=5; sections=12; signature=PRESENT; imports=/usr/lib/libSystem.B.dylib;/usr/lib/libz.1.dylib; rpaths=-; exports=949; undefined=123; function_starts=PRESENT
L4-REG-E51186D2690928DD	BINUTILS-ADDR2LINE	UPSTREAM-MATCHED	bin/riscv32-wch-elf-addr2line	8c263a01e0bf06eaed3e557e4aa7c2c5c11b5f1c3203d259face2e29b1ec88c5	0	1113528	1113528	0..EOF-WHOLE-FILE	UNRESOLVED	-	L4-STAT-MACHO-STRUCTURE	COMPLETE-TILING-UNRESOLVED	L4-044,L4-077,L4-078	whole-file conservative tiling; manifest_type=FILE; actual_status=PRESENT-HASH-VERIFIED; UUID=04DD7F10-6002-38CE-B0B7-184F5F3713B2; segments=5; sections=12; signature=PRESENT; imports=/usr/lib/libSystem.B.dylib;/usr/lib/libz.1.dylib; rpaths=-; exports=871; undefined=115; function_starts=PRESENT
L4-REG-E54FF16822DFCBDB	BINUTILS-ARCHIVE	OURS	riscv32-wch-elf/bin/ranlib	fbb1298cd318fd1ddb39782fd0c9ae6edc517a909d8de09a3318c21d62f19f91	0	1137592	1137592	0..EOF-WHOLE-FILE	UNRESOLVED	-	L4-STAT-MACHO-STRUCTURE	COMPLETE-TILING-UNRESOLVED	L4-044,L4-077,L4-078	whole-file conservative tiling; manifest_type=FILE; actual_status=MANIFEST-BOUND-NOT-AVAILABLE; UUID=-; segments=-; sections=-; signature=-; imports=-; rpaths=-; exports=-; undefined=-; function_starts=-; T0 original bytes NOT-AVAILABLE after external drift; range and hash are authoritative frozen manifest facts only
L4-REG-E6DA86B25E1973B5	BINUTILS-LD	OURS	riscv32-wch-elf/bin/ld	76b47acebfd93513067f6a101d319d1d94549fe6ba257856c24e1938d3f7aaf2	0	2131640	2131640	0..EOF-WHOLE-FILE	UNRESOLVED	-	L4-STAT-MACHO-STRUCTURE	COMPLETE-TILING-UNRESOLVED	L4-044,L4-077,L4-078	whole-file conservative tiling; manifest_type=FILE; actual_status=MANIFEST-BOUND-NOT-AVAILABLE; UUID=-; segments=-; sections=-; signature=-; imports=-; rpaths=-; exports=-; undefined=-; function_starts=-; T0 original bytes NOT-AVAILABLE after external drift; range and hash are authoritative frozen manifest facts only
L4-REG-E9316E68344A6119	BINUTILS-ARCHIVE	OURS	riscv32-wch-elf/bin/ar	387fb971e26ff74125a383e265d7a14d9a3d73a1bb71a2ad9003a78ff6c6564d	0	1138704	1138704	0..EOF-WHOLE-FILE	UNRESOLVED	-	L4-STAT-MACHO-STRUCTURE	COMPLETE-TILING-UNRESOLVED	L4-044,L4-077,L4-078	whole-file conservative tiling; manifest_type=FILE; actual_status=MANIFEST-BOUND-NOT-AVAILABLE; UUID=-; segments=-; sections=-; signature=-; imports=-; rpaths=-; exports=-; undefined=-; function_starts=-; T0 original bytes NOT-AVAILABLE after external drift; range and hash are authoritative frozen manifest facts only
L4-REG-EA404B7F8F4885B7	BINUTILS-OBJCOPY	OURS	riscv32-wch-elf/bin/objcopy	0365488704f6c451b1e6cbe18bbb2601802c80b395948c90aa170a69df2f084e	0	1251592	1251592	0..EOF-WHOLE-FILE	UNRESOLVED	-	L4-STAT-MACHO-STRUCTURE	COMPLETE-TILING-UNRESOLVED	L4-044,L4-077,L4-078	whole-file conservative tiling; manifest_type=FILE; actual_status=MANIFEST-BOUND-NOT-AVAILABLE; UUID=-; segments=-; sections=-; signature=-; imports=-; rpaths=-; exports=-; undefined=-; function_starts=-; T0 original bytes NOT-AVAILABLE after external drift; range and hash are authoritative frozen manifest facts only
L4-REG-EA78373E9C179F14	GCC-LTO-PLUGIN	UPSTREAM-MATCHED	libexec/gcc/riscv32-wch-elf/15.2.0/liblto_plugin.so	17cf5ca039fbccfe4401dcc89b0c2b196e0967a20ae6d5e13e06d888386b23b7	0	136656	136656	0..EOF-WHOLE-FILE	UNRESOLVED	-	L4-STAT-MACHO-STRUCTURE	COMPLETE-TILING-UNRESOLVED	L4-044,L4-077,L4-078	whole-file conservative tiling; manifest_type=FILE; actual_status=PRESENT-HASH-VERIFIED; UUID=B8383381-97C2-3976-B7C1-EA28E4A6319F; segments=4; sections=10; signature=PRESENT; imports=/usr/lib/libSystem.B.dylib; rpaths=-; exports=1; undefined=70; function_starts=PRESENT
L4-REG-ED51072ACE603966	GCC-LTO-WRAPPER	OURS	libexec/gcc/riscv32-wch-elf/15.2.0/lto-wrapper	a1c6ec85ed02c633e35ee7535aa51a81ab05bdf8e6c5b4b8bd86d7e17738b72d	0	2090400	2090400	0..EOF-WHOLE-FILE	UNRESOLVED	-	L4-STAT-MACHO-STRUCTURE	COMPLETE-TILING-UNRESOLVED	L4-044,L4-077,L4-078	whole-file conservative tiling; manifest_type=FILE; actual_status=MANIFEST-BOUND-NOT-AVAILABLE; UUID=-; segments=-; sections=-; signature=-; imports=-; rpaths=-; exports=-; undefined=-; function_starts=-; T0 original bytes NOT-AVAILABLE after external drift; range and hash are authoritative frozen manifest facts only
L4-REG-F4EF81B5807CBEA8	BINUTILS-NM	UPSTREAM-MATCHED	riscv32-wch-elf/bin/nm	041a8bb3ad231579daca8866586d3ead8fc841dae75bc53efa0195137ec3d680	0	1136424	1136424	0..EOF-WHOLE-FILE	UNRESOLVED	-	L4-STAT-MACHO-STRUCTURE	COMPLETE-TILING-UNRESOLVED	L4-044,L4-077,L4-078	whole-file conservative tiling; manifest_type=FILE; actual_status=PRESENT-HASH-VERIFIED; UUID=7D316036-3B93-39D8-9C9C-B806FD2E8FFD; segments=5; sections=12; signature=PRESENT; imports=/usr/lib/libSystem.B.dylib;/usr/lib/libz.1.dylib; rpaths=-; exports=876; undefined=116; function_starts=PRESENT
L4-REG-F54AFA5E90DC80A1	BINUTILS-STRIP	OURS	riscv32-wch-elf/bin/strip	c99fffc8ce40eca3aaa3632bb8a35de73ea1e1b89ff6cf730f848613c74f8785	0	1214696	1214696	0..EOF-WHOLE-FILE	UNRESOLVED	-	L4-STAT-MACHO-STRUCTURE	COMPLETE-TILING-UNRESOLVED	L4-044,L4-077,L4-078	whole-file conservative tiling; manifest_type=FILE; actual_status=MANIFEST-BOUND-NOT-AVAILABLE; UUID=-; segments=-; sections=-; signature=-; imports=-; rpaths=-; exports=-; undefined=-; function_starts=-; T0 original bytes NOT-AVAILABLE after external drift; range and hash are authoritative frozen manifest facts only
L4-REG-F69EB462713754C4	BINUTILS-ARCHIVE	WCH	riscv32-wch-elf/bin/ar	da53302d412f9ea99a649ed005519969f8d47d123f25c40fe3339c581c962ac2	0	991984	991984	0..EOF-WHOLE-FILE	UNRESOLVED	-	L4-STAT-MACHO-STRUCTURE	COMPLETE-TILING-UNRESOLVED	L4-044,L4-077,L4-078	whole-file conservative tiling; manifest_type=FILE; actual_status=PRESENT-HASH-VERIFIED; UUID=F27EFF88-84F7-3FC1-A84F-F3EDA47BBC86; segments=5; sections=14; signature=PRESENT; imports=/usr/lib/libSystem.B.dylib;@loader_path/libzstd.1.dylib; rpaths=-; exports=1; undefined=126; function_starts=PRESENT
L4-REG-FB8383E366F2BCAA	BINUTILS-LD	WCH	riscv32-wch-elf/bin/ld.bfd	999be214b413a94849b989e68db72e923a59ceeda28b10cc83e6ef7d31d91b25	0	1882704	1882704	0..EOF-WHOLE-FILE	UNRESOLVED	-	L4-STAT-MACHO-STRUCTURE	COMPLETE-TILING-UNRESOLVED	L4-044,L4-077,L4-078	whole-file conservative tiling; manifest_type=FILE; actual_status=PRESENT-HASH-VERIFIED; UUID=F0FB1EDC-9B3D-3722-8D12-2F08DDFD382E; segments=5; sections=14; signature=PRESENT; imports=/usr/lib/libSystem.B.dylib;/opt/homebrew/opt/zstd/lib/libzstd.1.dylib; rpaths=-; exports=1; undefined=157; function_starts=PRESENT
L4-REG-FC2BC2D558ACA27F	BINUTILS-BFD-PLUGINS	OURS	lib/bfd-plugins/libdep.so	7f2f161d34a49f39e1daa7d08e7dc4fb1dfda19f0729a2b00137cb7c3f6fae12	0	51576	51576	0..EOF-WHOLE-FILE	UNRESOLVED	-	L4-STAT-MACHO-STRUCTURE	COMPLETE-TILING-UNRESOLVED	L4-044,L4-077,L4-078	whole-file conservative tiling; manifest_type=FILE; actual_status=MANIFEST-BOUND-NOT-AVAILABLE; UUID=-; segments=-; sections=-; signature=-; imports=-; rpaths=-; exports=-; undefined=-; function_starts=-; T0 original bytes NOT-AVAILABLE after external drift; range and hash are authoritative frozen manifest facts only
L4-REG-FD49800279BB1DC4	BINUTILS-ARCHIVE	UPSTREAM-P2	riscv32-wch-elf/bin/ranlib	d6cdc2023e6d682e48ec8415a4a142f2ca42b09ebcd175654f703ef72cabc757	0	1137512	1137512	0..EOF-WHOLE-FILE	UNRESOLVED	-	L4-STAT-MACHO-STRUCTURE	COMPLETE-TILING-UNRESOLVED	L4-044,L4-077,L4-078	whole-file conservative tiling; manifest_type=FILE; actual_status=PRESENT-HASH-VERIFIED; UUID=22324283-0F45-3868-9E0F-1E0AEB01BF49; segments=5; sections=12; signature=PRESENT; imports=/usr/lib/libSystem.B.dylib;/usr/lib/libz.1.dylib; rpaths=-; exports=949; undefined=123; function_starts=PRESENT
L4-REG-FDE110050F4C39FA	GCC-LTO-TOOL-WRAPPERS	WCH	bin/riscv32-wch-elf-gcc-ar	5a6261e0be599de68ba89a812f3b99c21724b648e605ba6cc94099744dc9a4cf	0	89920	89920	0..EOF-WHOLE-FILE	UNRESOLVED	-	L4-STAT-MACHO-STRUCTURE	COMPLETE-TILING-UNRESOLVED	L4-044,L4-077,L4-078	whole-file conservative tiling; manifest_type=FILE; actual_status=PRESENT-HASH-VERIFIED; UUID=5F07B36A-3050-3E91-A833-86102F25F853; segments=5; sections=11; signature=PRESENT; imports=/usr/lib/libiconv.2.dylib;/usr/lib/libc++.1.dylib;/usr/lib/libSystem.B.dylib; rpaths=-; exports=1; undefined=59; function_starts=PRESENT
L4-REG-FF23AB20E8417B3D	BINUTILS-STRIP	UPSTREAM-MATCHED	bin/riscv32-wch-elf-strip	079ffe890fa5352f4c98acefb487fbbf6a6d5545516fa9eaced75dbfd49944f9	0	1221304	1221304	0..EOF-WHOLE-FILE	UNRESOLVED	-	L4-STAT-MACHO-STRUCTURE	COMPLETE-TILING-UNRESOLVED	L4-044,L4-077,L4-078	whole-file conservative tiling; manifest_type=FILE; actual_status=PRESENT-HASH-VERIFIED; UUID=5EE44EE4-6BA2-3857-9C6A-5A23766CE54C; segments=5; sections=12; signature=PRESENT; imports=/usr/lib/libSystem.B.dylib;/usr/lib/libz.1.dylib; rpaths=-; exports=950; undefined=122; function_starts=PRESENT
ROOT-REG-MATCHED-GCC-CC1	GCC-CC1	UPSTREAM-MATCHED	/Users/apple/Projects/openwch/tmp/phase3c-driver/upstream-matched-zstd-r3/output/libexec/gcc/riscv32-wch-elf/15.2.0/cc1	6e87dcfa4a9d928d611af1d5c89d85c2a03beb1668c4bdf1b0429896fafca6c1	0	69880672	69880672	0..EOF-WHOLE-FILE	UNRESOLVED	-	L2-UNR-MATCHED	COMPLETE-TILING-UNRESOLVED-LATE-CONTROL	L1-final-matched-manifest,L2-UNR-MATCHED	late-available exact-source matched control; conservative whole-file interval; no semantic attribution inferred
ROOT-REG-MATCHED-GCC-CC1PLUS	GCC-CC1PLUS	UPSTREAM-MATCHED	/Users/apple/Projects/openwch/tmp/phase3c-driver/upstream-matched-zstd-r3/output/libexec/gcc/riscv32-wch-elf/15.2.0/cc1plus	8f26e44e258df617e91a2e00bb12005540c2bbae9b52f5afa2e61acc3a9c858f	0	72631096	72631096	0..EOF-WHOLE-FILE	UNRESOLVED	-	L2-UNR-MATCHED	COMPLETE-TILING-UNRESOLVED-LATE-CONTROL	L1-final-matched-manifest,L2-UNR-MATCHED	late-available exact-source matched control; conservative whole-file interval; no semantic attribution inferred
ROOT-REG-MATCHED-GCC-LTO1	GCC-LTO1	UPSTREAM-MATCHED	/Users/apple/Projects/openwch/tmp/phase3c-driver/upstream-matched-zstd-r3/output/libexec/gcc/riscv32-wch-elf/15.2.0/lto1	914ee6f4638f3776c86c5a551054e3ac57969caba8ffef85f60f66957d28871e	0	68474424	68474424	0..EOF-WHOLE-FILE	UNRESOLVED	-	L2-UNR-MATCHED	COMPLETE-TILING-UNRESOLVED-LATE-CONTROL	L1-final-matched-manifest,L2-UNR-MATCHED	late-available exact-source matched control; conservative whole-file interval; no semantic attribution inferred
