closure_row_id	phase3c_row_id	source_kind	source_file	obligation_classes	blocking_reason	target_disposition_path	disposition	v2_row_pointer	evidence	notes
P3F-CLOSURE-0001	L1-UNRES-DRIVER-REGIONS	UNRESOLVED-LEDGER	tmp/phase3c-evidence/unresolved.tsv	unresolved-ledger	Stripped WCH host executable and compiler/SDK/link/signature deltas make whole-host-binary attribution disproportionate and outside target artifact gate.	Use bounded disassembly/xrefs for a concrete future driver feature; do not infer target-gate mismatch from host bytes.	RULED-OUT-OF-GATE	tmp/phase3f-evidence/agents/binary-analysis/host-t5/decision-record.tsv::P3F-T5-HOST-MACHO	tmp/phase3f-evidence/agents/binary-analysis/host-t5/decision-record.tsv::P3F-T5-HOST-MACHO	phase3c_status=OPEN;subject=GCC-DRIVER;closure_event=P3F-EVENT-0001;V2 driver functional regions and negative-space candidates map terminal; remaining host bytes are outside the gate.;Historical obligation terminally adjudicated against the frozen V2 snapshot; any referenced GAP remains forwarded.
P3F-CLOSURE-0002	L1-UNRES-LTO-OBJECT	UNRESOLVED-LEDGER	tmp/phase3c-evidence/unresolved.tsv	unresolved-ledger	Serialization/metadata divergence not attributed in driver lane.	Backend/LTO owner should attribute sections and expand corpus.	STILL-UNRESOLVED	tmp/phase3f-evidence/agents/binary-analysis/lto-v2/analysis/unresolved-ledger.tsv::unresolved_id=DECL-MAIN-NODE-FIELD-OR-ORDER	tmp/phase3f-evidence/agents/binary-analysis/lto-v2/analysis/unresolved-ledger.tsv::unresolved_id=DECL-MAIN-NODE-FIELD-OR-ORDER;tmp/phase3f-evidence/agents/binary-analysis/lto-v2/analysis/unresolved-ledger.tsv::unresolved_id=ICF-HASH-INPUT-CAUSE;tmp/phase3f-evidence/agents/binary-analysis/lto-v2/analysis/unresolved-ledger.tsv::unresolved_id=DEBUG-STATEMENT-FRONTIER-ORIGIN	phase3c_status=OPEN;subject=L1-FEAT-LTO-OBJECT;closure_event=P3F-EVENT-2046;Three bounded slim-LTO attribution questions remain unresolved; no terminal container-only conclusion is projected.;Historical obligation terminally adjudicated against the frozen V2 snapshot; any referenced GAP remains forwarded.
P3F-CLOSURE-0003	L1-UNRES-SECONDARY-DRIFT	UNRESOLVED-LEDGER	tmp/phase3c-evidence/unresolved.tsv	unresolved-ledger	No byte copies of the four frozen prestate binaries were found.	Primary owner may use its pre-drift snapshot; otherwise preserve unresolved.	SUPERSEDED-BY-V2	tmp/phase3f-evidence/poststate/current/audit.tsv::finding_id=PS-FROZEN-OURS	tmp/phase3f-evidence/poststate/current/audit.tsv::finding_id=PS-FROZEN-OURS;tmp/phase3f-evidence/poststate/current/audit.tsv::finding_id=PS-CONTROL-WCH;tmp/phase3f-evidence/poststate/current/audit.tsv::finding_id=PS-CONTROL-UPSTREAM-P2;tmp/phase3f-evidence/poststate/current/audit.tsv::finding_id=PS-CONTROL-UPSTREAM-MATCHED	phase3c_status=OPEN;subject=BINUTILS-AS/LD/OBJCOPY/READELF:OURS;closure_event=P3F-EVENT-2110;Immutable V2 and all controls are rehashed exact; historical missing originals are not reused.;Historical obligation terminally adjudicated against the frozen V2 snapshot; any referenced GAP remains forwarded.
P3F-CLOSURE-0004	L1-UNRES-ZSTD-GAP	UNRESOLVED-LEDGER	tmp/phase3c-evidence/unresolved.tsv	unresolved-ledger	Build configuration and packaging omitted upstream-supported capability.	Enable binutils with exported zstd flags, propagate ZSTD_LIBS to BFD consumers, rebuild GCC against that assembler, package both dylibs loader-relatively.	RECLASSIFIED-GAP	analysis/toolchain/phase3f-feature-coverage-v2.tsv::L1-FEAT-ZSTD	analysis/toolchain/phase3f-feature-coverage-v2.tsv::L1-FEAT-ZSTD	phase3c_status=OPEN;subject=L1-FEAT-ZSTD;closure_event=P3F-EVENT-0004;V2 terminal feature and driver/L4 reruns confirm the carried zstd GAP.;Historical obligation terminally adjudicated against the frozen V2 snapshot; any referenced GAP remains forwarded.
P3F-CLOSURE-0005	L2-UNR-ERRATA-UNIVERSAL	UNRESOLVED-LEDGER	tmp/phase3c-evidence/unresolved.tsv	unresolved-ledger	Only bounded generic peripheral/mask/DMA/poll forms were compiled	Create one minimal clean input per finding where semantics permit	RESOLVED-EXPLAINED	analysis/toolchain/phase3f-errata-audit-v2.tsv	analysis/toolchain/phase3f-errata-audit-v2.tsv;tmp/phase3f-evidence/agents/binary-analysis/errata/v2-audit/summary.json	phase3c_status=UNRESOLVED;subject=44-SEMANTIC-FINDINGS;closure_event=P3F-EVENT-0005;All 44 semantic findings are individually adjudicated; one positive fastirq/vector GAP remains explicit.;Historical obligation terminally adjudicated against the frozen V2 snapshot; any referenced GAP remains forwarded.
P3F-CLOSURE-0006	L2-UNR-HOST-REGIONS	UNRESOLVED-LEDGER	tmp/phase3c-evidence/unresolved.tsv	unresolved-ledger	WCH binaries stripped and host compiler/linker/signature differences dominate	Function-level matching only if required beyond target-artifact gate	RULED-OUT-OF-GATE	tmp/phase3f-evidence/agents/binary-analysis/host-t5/decision-record.tsv::P3F-T5-HOST-MACHO	tmp/phase3f-evidence/agents/binary-analysis/host-t5/decision-record.tsv::P3F-T5-HOST-MACHO	phase3c_status=UNRESOLVED;subject=GCC-CC1,GCC-CC1PLUS,GCC-LTO1;closure_event=P3F-EVENT-0006;V2 cc1/cc1plus/lto1 functional mappings are terminal; remaining pure host bytes are outside the gate.;Historical obligation terminally adjudicated against the frozen V2 snapshot; any referenced GAP remains forwarded.
P3F-CLOSURE-0007	L2-UNR-HPE-GENERATIONS	UNRESOLVED-LEDGER	tmp/phase3c-evidence/unresolved.tsv	unresolved-ledger	Research documents V2 versus V3/V4/V5 hardware save/storage differences and compiler exposes no WCH CPU selector	Run on-device per HPE generation with caller/callee/FPR/FCSR liveness	RESOLVED-EXPLAINED	tmp/phase3f-evidence/agents/binary-analysis/tuning/full-static-summary.json	tmp/phase3f-evidence/agents/binary-analysis/tuning/full-static-summary.json;tmp/phase3f-evidence/agents/binary-analysis/tuning/wch-tune-pointer-fields-ledger.tsv;tmp/phase3f-evidence/agents/binary-analysis/tuning/wch-tune-table-ledger.tsv;tmp/phase3f-evidence/agents/binary-analysis/tuning/wch-vector-cost-ledger.tsv;tmp/phase3f-evidence/agents/binary-analysis/tuning/wch-pipeline-model-ledger.tsv;tmp/phase3f-evidence/agents/binary-analysis/tuning/wch-pipeline-generated-summary.json;tmp/phase3f-evidence/agents/binary-analysis/errata/v2-audit/finding-comparison-ledger.tsv::L2-ERR-039;tmp/phase3f-evidence/agents/binary-analysis/errata/v2-audit/comparison-ledger.tsv::L2-ERR-039;tmp/phase3f-evidence/agents/binary-analysis/errata/v2-audit/residual-risk-ledger.tsv::RR-VECTOR-HPE-NESTING	phase3c_status=UNRESOLVED;subject=L2-BE-FASTIRQ-HPE-VARIANTS;closure_event=P3F-EVENT-0992;Bounded selectable tune/pipeline table, full tune-param/vector/alignment graph, and generated reservation vocabulary find no implicit QingKe generation profile; this does not assert whole DFA byte equality. L2-ERR-039 is exact at O0/O2/Os, while hardware nesting safety remains an out-of-gate residual risk.;Historical obligation terminally adjudicated against the frozen V2 snapshot; any referenced GAP remains forwarded.
P3F-CLOSURE-0008	L2-UNR-LTO-SLIM	UNRESOLVED-LEDGER	tmp/phase3c-evidence/unresolved.tsv	unresolved-ledger	Compressed .gnu.lto_.decls payload changes not semantically attributed	Decode GCC LTO stream or produce deterministic semantic dump	STILL-UNRESOLVED	tmp/phase3f-evidence/agents/binary-analysis/lto-v2/analysis/unresolved-ledger.tsv::unresolved_id=DECL-MAIN-NODE-FIELD-OR-ORDER	tmp/phase3f-evidence/agents/binary-analysis/lto-v2/analysis/unresolved-ledger.tsv::unresolved_id=DECL-MAIN-NODE-FIELD-OR-ORDER;tmp/phase3f-evidence/agents/binary-analysis/lto-v2/analysis/unresolved-ledger.tsv::unresolved_id=ICF-HASH-INPUT-CAUSE;tmp/phase3f-evidence/agents/binary-analysis/lto-v2/analysis/unresolved-ledger.tsv::unresolved_id=DEBUG-STATEMENT-FRONTIER-ORIGIN	phase3c_status=UNRESOLVED;subject=L2-FEAT-LTO;closure_event=P3F-EVENT-2047;Three bounded slim-LTO attribution questions remain unresolved; the .o byte GAP remains forwarded but is not fully attributed.;Historical obligation terminally adjudicated against the frozen V2 snapshot; any referenced GAP remains forwarded.
P3F-CLOSURE-0009	L2-UNR-MATCHED	UNRESOLVED-LEDGER	tmp/phase3c-evidence/unresolved.tsv	unresolved-ledger,matched-backend-control	Late availability and instruction to prioritize immutable completion	Future run against frozen copied matched toolchain	RESOLVED-EXACT	tmp/phase3f-evidence/matrix/backend/direct/comparisons.tsv	tmp/phase3f-evidence/matrix/backend/direct/comparisons.tsv	phase3c_status=NOT-RUN;subject=UPSTREAM-MATCHED-BACKEND;closure_event=P3F-EVENT-0009;Previously unavailable matched cc1/cc1plus/lto1 controls ran and are 12/12 exact across four sides.;Historical obligation terminally adjudicated against the frozen V2 snapshot; any referenced GAP remains forwarded.
P3F-CLOSURE-0010	L2-UNR-OBJCOPY-DRIFT	UNRESOLVED-LEDGER	tmp/phase3c-evidence/unresolved.tsv	unresolved-ledger	Frozen manifest hash no longer equals active path	Rerun .bin comparisons only from immutable copied toolchain after phase freeze	SUPERSEDED-BY-V2	tmp/phase3f-evidence/poststate/current/audit.tsv::finding_id=PS-FROZEN-OURS	tmp/phase3f-evidence/poststate/current/audit.tsv::finding_id=PS-FROZEN-OURS;tmp/phase3f-evidence/matrix/backend/matrix/comparisons.tsv	phase3c_status=UNRESOLVED;subject=L2-BE-DRIFT-OBJCOPY;closure_event=P3F-EVENT-2111;V2 comparisons use the immutable copied toolchain and three final ELF/BIN pairs are exact.;Historical obligation terminally adjudicated against the frozen V2 snapshot; any referenced GAP remains forwarded.
P3F-CLOSURE-0011	L2-UNR-P2-DRIVER	UNRESOLVED-LEDGER	tmp/phase3c-evidence/unresolved.tsv	unresolved-ledger	Unpatched upstream rejects XW in configured multilib generator	Retain direct controls; do not alias them to driver behavior	RESOLVED-EXPLAINED	tmp/phase3f-evidence/agents/binary-analysis/lto-v2/analysis/summary.json	tmp/phase3f-evidence/agents/binary-analysis/lto-v2/analysis/summary.json	phase3c_status=OBSERVED-GAP;subject=UPSTREAM-P2-DRIVER;closure_event=P3F-EVENT-0011;P2/matched driver failure is explicitly retained as configured-multilib XW rejection; direct controls are not aliased to driver behavior.;Historical obligation terminally adjudicated against the frozen V2 snapshot; any referenced GAP remains forwarded.
P3F-CLOSURE-0012	L3-UNR-001	UNRESOLVED-LEDGER	tmp/phase3c-evidence/unresolved.tsv	unresolved-ledger	Active output was concurrently overwritten after L3-053; replay sha256 caf4a1f5... is source-proven but not the same Mach-O.	Rebuild or recover exact frozen T0 as bytes, verify hash 6af37017..., then run macho_intervals.py without using the post-drift active path.	SUPERSEDED-BY-V2	tmp/phase3f-evidence/agents/binary-analysis/host-t5/path-denominator-ledger.tsv::bin/riscv32-wch-elf-as	tmp/phase3f-evidence/agents/binary-analysis/host-t5/path-denominator-ledger.tsv::bin/riscv32-wch-elf-as	phase3c_status=UNRESOLVED;subject=FILE-000006;closure_event=P3F-EVENT-0012;The missing V1 assembler original is replaced by a dynamically rehashed/four-side-tiled V2 path.;Historical obligation terminally adjudicated against the frozen V2 snapshot; any referenced GAP remains forwarded.
P3F-CLOSURE-0013	L3-UNR-002	UNRESOLVED-LEDGER	tmp/phase3c-evidence/unresolved.tsv	unresolved-ledger	Active output was concurrently overwritten after L3-053; replay sha256 876178cc... is source-proven but not the same Mach-O.	Rebuild or recover exact frozen T0 objdump bytes, verify hash bf30bc4f..., then run macho_intervals.py.	SUPERSEDED-BY-V2	tmp/phase3f-evidence/agents/binary-analysis/host-t5/path-denominator-ledger.tsv::bin/riscv32-wch-elf-objdump	tmp/phase3f-evidence/agents/binary-analysis/host-t5/path-denominator-ledger.tsv::bin/riscv32-wch-elf-objdump	phase3c_status=UNRESOLVED;subject=FILE-000029;closure_event=P3F-EVENT-0013;The missing V1 objdump original is replaced by a dynamically rehashed/four-side-tiled V2 path.;Historical obligation terminally adjudicated against the frozen V2 snapshot; any referenced GAP remains forwarded.
P3F-CLOSURE-0014	L3-UNR-003	UNRESOLVED-LEDGER	tmp/phase3c-evidence/unresolved.tsv	unresolved-ledger	Prestate HEAD 258634dd/index 61232555 became HEAD 169c561d/index 918ab266; patch series grew 5 to 6 lines; active binary hashes changed.	Coordinator must freeze a new phase input or restore via a separately authorized workflow; do not reinterpret this lane as audit of the post-drift tree.	SUPERSEDED-BY-V2	tmp/phase3f-evidence/provenance/summary.txt	tmp/phase3f-evidence/provenance/summary.txt;tmp/phase3f-evidence/poststate/current/audit.tsv::finding_id=PS-FROZEN-OURS	phase3c_status=UNRESOLVED;subject=OURS-T0;closure_event=P3F-EVENT-2112;V1 drift is not reinterpreted; a new immutable GCC3+binutils6 V2 snapshot is proven exact.;Historical obligation terminally adjudicated against the frozen V2 snapshot; any referenced GAP remains forwarded.
P3F-CLOSURE-0015	L3-UNR-004	UNRESOLVED-LEDGER	tmp/phase3c-evidence/unresolved.tsv	unresolved-ledger	Absolute source paths are embedded in diagnostic stderr, so raw stderr SHA is not a valid cross-run byte comparator.	If raw matched diagnostic equality is needed, rerun WCH/P2/MATCHED/replay sequentially in one frozen absolute work directory.	RESOLVED-EXPLAINED	analysis/toolchain/phase3f-feature-coverage-v2.tsv::L3-FEAT-XW-DIAGNOSTICS	analysis/toolchain/phase3f-feature-coverage-v2.tsv::L3-FEAT-XW-DIAGNOSTICS;tmp/phase3f-evidence/matrix/gas/surface-matrix/probe-results.tsv::norvc-explicit	phase3c_status=UNRESOLVED;subject=UPSTREAM-MATCHED-DIAGNOSTICS;closure_event=P3F-EVENT-0015;Same absolute work-directory rerun restores comparability and leaves one terminal norvc diagnostic GAP.;Historical obligation terminally adjudicated against the frozen V2 snapshot; any referenced GAP remains forwarded.
P3F-CLOSURE-0016	L4-GAP-ELF-ZSTD	UNRESOLVED-LEDGER	tmp/phase3c-evidence/unresolved.tsv	unresolved-ledger	HAVE_ZSTD disabled and libzstd packaging/imports absent	enable binutils zstd and package matching dylibs/import paths; rebuild immutable control	SUPERSEDED-BY-V2	analysis/toolchain/phase3f-feature-coverage-v2.tsv::L1-FEAT-ZSTD	analysis/toolchain/phase3f-feature-coverage-v2.tsv::L1-FEAT-ZSTD;tmp/phase3f-evidence/matrix/l4/probe-results.tsv	phase3c_status=OPEN-GAP;subject=L4-FEAT-ELF-ZSTD;closure_event=P3F-EVENT-0016;V2 equivalent rows supersede the old OPEN-GAP and forward the same terminal zstd GAP.;Historical obligation terminally adjudicated against the frozen V2 snapshot; any referenced GAP remains forwarded.
P3F-CLOSURE-0017	L4-GAP-ELFEDIT-MMAP	UNRESOLVED-LEDGER	tmp/phase3c-evidence/unresolved.tsv	unresolved-ledger	HAVE_MMAP undefined in P2/matched/replay config	configure host mmap capability and re-probe on a minimal x86 ELF GNU-property corpus	SUPERSEDED-BY-V2	analysis/toolchain/phase3f-feature-coverage-v2.tsv::L4-FEAT-ELFEDIT-MMAP	analysis/toolchain/phase3f-feature-coverage-v2.tsv::L4-FEAT-ELFEDIT-MMAP;tmp/phase3f-evidence/matrix/l4/probe-results.tsv	phase3c_status=OPEN-GAP;subject=L4-FEAT-ELFEDIT-MMAP;closure_event=P3F-EVENT-0017;V2 equivalent rows supersede the old OPEN-GAP and forward the same terminal mmap-gated elfedit GAP.;Historical obligation terminally adjudicated against the frozen V2 snapshot; any referenced GAP remains forwarded.
P3F-CLOSURE-0018	L4-UNRES-LTO-OBJECT	UNRESOLVED-LEDGER	tmp/phase3c-evidence/unresolved.tsv	unresolved-ledger	full T0 original dynamic handoff not available and target serialization belongs cross-lane	feature-directed LTO section/metadata attribution using preserved originals	STILL-UNRESOLVED	tmp/phase3f-evidence/agents/binary-analysis/lto-v2/analysis/unresolved-ledger.tsv::unresolved_id=DECL-MAIN-NODE-FIELD-OR-ORDER	tmp/phase3f-evidence/agents/binary-analysis/lto-v2/analysis/unresolved-ledger.tsv::unresolved_id=DECL-MAIN-NODE-FIELD-OR-ORDER;tmp/phase3f-evidence/agents/binary-analysis/lto-v2/analysis/unresolved-ledger.tsv::unresolved_id=ICF-HASH-INPUT-CAUSE;tmp/phase3f-evidence/agents/binary-analysis/lto-v2/analysis/unresolved-ledger.tsv::unresolved_id=DEBUG-STATEMENT-FRONTIER-ORIGIN	phase3c_status=OPEN;subject=L1-FEAT-LTO-OBJECT;closure_event=P3F-EVENT-2048;Three bounded slim-LTO attribution questions remain unresolved; the .o byte GAP remains forwarded but is not fully attributed.;Historical obligation terminally adjudicated against the frozen V2 snapshot; any referenced GAP remains forwarded.
P3F-CLOSURE-0019	L4-UNRES-MACHO-SEMANTICS	UNRESOLVED-LEDGER	tmp/phase3c-evidence/unresolved.tsv	unresolved-ledger	stripped/different host builds and T0 OURS originals unavailable	feature-directed function/table matching only if host semantics become gate-relevant	RULED-OUT-OF-GATE	tmp/phase3f-evidence/agents/binary-analysis/host-t5/decision-record.tsv::P3F-T5-HOST-MACHO	tmp/phase3f-evidence/agents/binary-analysis/host-t5/decision-record.tsv::P3F-T5-HOST-MACHO	phase3c_status=OPEN;subject=34-L4-BYTE-DIFF-PATHS;closure_event=P3F-EVENT-0019;V2 functional layer is closed; full remaining host attribution is outside the project gate.;Historical obligation terminally adjudicated against the frozen V2 snapshot; any referenced GAP remains forwarded.
P3F-CLOSURE-0020	L4-UNRES-OURS-ORIGINALS	UNRESOLVED-LEDGER	tmp/phase3c-evidence/unresolved.tsv	unresolved-ledger	active output cannot be trusted; replay cannot substitute	rerun from immutable T0 sources as OURS-PROVEN-REPLAY if policy permits, never alias original	SUPERSEDED-BY-V2	tmp/phase3f-evidence/poststate/current/audit.tsv::finding_id=PS-FROZEN-OURS	tmp/phase3f-evidence/poststate/current/audit.tsv::finding_id=PS-FROZEN-OURS;tmp/phase3f-evidence/agents/binary-analysis/host-t5/path-denominator-ledger.tsv	phase3c_status=OPEN;subject=T0-OURS-34-PATHS-AND-DYNAMIC;closure_event=P3F-EVENT-2113;Historical missing originals are replaced, never aliased, by the manifest-exact V2 four-side denominator.;Historical obligation terminally adjudicated against the frozen V2 snapshot; any referenced GAP remains forwarded.
P3F-CLOSURE-0021	ROOT-UNRES-IDENTITY-INVOKED-PATH	UNRESOLVED-LEDGER	tmp/phase3c-evidence/unresolved.tsv	unresolved-ledger	No sequential same-absolute-executable-path control was captured; raw path-bearing output cannot be normalized under the phase rules.	Run WCH and OURS sequentially through the same absolute executable pathname without output normalization.	RESOLVED-EXACT	tmp/phase3f-evidence/matrix/identity-physical/results.tsv::OURS-V2	tmp/phase3f-evidence/matrix/identity-physical/results.tsv::OURS-V2	phase3c_status=UNRESOLVED;subject=L1-FEAT-IDENTITY;closure_event=P3F-EVENT-0021;Same absolute executable path control is raw-byte exact without normalization.;Historical obligation terminally adjudicated against the frozen V2 snapshot; any referenced GAP remains forwarded.
P3F-CLOSURE-0022	L1-FEAT-IDENTITY	UNRESOLVED-FEATURE	analysis/toolchain/phase3c-feature-coverage.tsv	unresolved-feature	Raw mandatory identity output is path-dependent; no same-absolute-executable-path sequential control exists, so exact behavior is not established	rerun equivalent four-side mandatory probes; publish final Phase 3f feature row	RECLASSIFIED-COVERED	analysis/toolchain/phase3f-feature-coverage-v2.tsv::L1-FEAT-IDENTITY	tmp/phase3f-evidence/matrix/identity-physical/results.tsv;tmp/phase3f-evidence/matrix/identity-physical/summary.json	mandatory=0/1;closure_event=P3F-EVENT-0022;The canonical V2 feature row is terminal with status COVERED-BEHAVIOR-EXACT and mandatory count 1/1.;A terminal GAP closes uncertainty but remains a byte-gate failure for later repair.
P3F-CLOSURE-0023	L2-FEAT-LTO	UNRESOLVED-FEATURE	analysis/toolchain/phase3c-feature-coverage.tsv	unresolved-feature	intermediate LTO serialization divergence not attributed; BIN comparison captured before external objcopy drift || L1-FEAT-LTO-OBJECT: serialization/metadata divergence handed to L2/L4; no broad claim	rerun equivalent four-side mandatory probes; publish final Phase 3f feature row	RECLASSIFIED-GAP	analysis/toolchain/phase3f-feature-coverage-v2.tsv::L2-FEAT-LTO	tmp/phase3f-evidence/agents/binary-analysis/lto-v2/README.md;tmp/phase3f-evidence/agents/binary-analysis/lto-v2/analysis/summary.json;tmp/phase3f-evidence/agents/binary-analysis/lto-v2/analysis/decl-main-diff-ledger.tsv;tmp/phase3f-evidence/agents/binary-analysis/lto-v2/analysis/icf-field-ledger.tsv;tmp/phase3f-evidence/agents/binary-analysis/lto-v2/analysis/unresolved-ledger.tsv;tmp/phase3f-evidence/agents/binary-analysis/lto-v2/validation.json	mandatory=6/13;closure_event=P3F-EVENT-0642;The canonical V2 feature row is terminal with status GAP and mandatory count 6/13.;A terminal GAP closes uncertainty but remains a byte-gate failure for later repair.
P3F-CLOSURE-0024	L2-FEAT-QINGKE-CPU	UNRESOLVED-FEATURE	analysis/toolchain/phase3c-feature-coverage.tsv	unresolved-feature	visible help surface is identical but possible implicit tuning is not statically closed	rerun equivalent four-side mandatory probes; publish final Phase 3f feature row	RECLASSIFIED-COVERED	analysis/toolchain/phase3f-feature-coverage-v2.tsv::L2-FEAT-QINGKE-CPU	tmp/phase3f-evidence/agents/binary-analysis/tuning/formal-v1/summary.json;tmp/phase3f-evidence/agents/binary-analysis/tuning/formal-v1/comparisons.tsv;tmp/phase3f-evidence/agents/binary-analysis/tuning/formal-v1/surfaces.tsv;tmp/phase3f-evidence/agents/binary-analysis/tuning/full-static-summary.json;tmp/phase3f-evidence/agents/binary-analysis/tuning/wch-tune-table-ledger.tsv;tmp/phase3f-evidence/agents/binary-analysis/tuning/wch-tune-pointer-fields-ledger.tsv;tmp/phase3f-evidence/agents/binary-analysis/tuning/wch-vector-cost-ledger.tsv;tmp/phase3f-evidence/agents/binary-analysis/tuning/wch-pipeline-model-ledger.tsv;tmp/phase3f-evidence/agents/binary-analysis/tuning/wch-pipeline-generated-summary.json	mandatory=0/1;closure_event=P3F-EVENT-0993;The canonical V2 feature row is terminal with status COVERED-BEHAVIOR-EXACT and mandatory count 276/276.;A terminal GAP closes uncertainty but remains a byte-gate failure for later repair.
P3F-CLOSURE-0025	L4-FEAT-ARCHIVE	UNRESOLVED-FEATURE	analysis/toolchain/phase3c-feature-coverage.tsv	unresolved-feature	T0 OURS mandatory dynamic rows NOT-RUN	rerun equivalent four-side mandatory probes; publish final Phase 3f feature row	RECLASSIFIED-COVERED	analysis/toolchain/phase3f-feature-coverage-v2.tsv::L4-FEAT-ARCHIVE	tmp/phase3f-evidence/matrix/l4/probe-results.tsv;tmp/phase3f-evidence/matrix/l4-physical/attempts/attempt-1/probe-results.tsv	mandatory=0/3;closure_event=P3F-EVENT-0025;The canonical V2 feature row is terminal with status COVERED-BYTE-EXACT and mandatory count 3/3.;A terminal GAP closes uncertainty but remains a byte-gate failure for later repair.
P3F-CLOSURE-0026	L4-FEAT-ATTRIBUTES	UNRESOLVED-FEATURE	analysis/toolchain/phase3c-feature-coverage.tsv	unresolved-feature	T0 OURS mandatory dynamic rows NOT-RUN	rerun equivalent four-side mandatory probes; publish final Phase 3f feature row	RECLASSIFIED-COVERED	analysis/toolchain/phase3f-feature-coverage-v2.tsv::L4-FEAT-ATTRIBUTES	tmp/phase3f-evidence/matrix/l4/probe-results.tsv;tmp/phase3f-evidence/matrix/l4-physical/attempts/attempt-1/probe-results.tsv	mandatory=0/6;closure_event=P3F-EVENT-0026;The canonical V2 feature row is terminal with status COVERED-BYTE-EXACT and mandatory count 6/6.;A terminal GAP closes uncertainty but remains a byte-gate failure for later repair.
P3F-CLOSURE-0027	L4-FEAT-GCC-AUX	UNRESOLVED-FEATURE	analysis/toolchain/phase3c-feature-coverage.tsv	unresolved-feature	T0 OURS mandatory dynamic rows NOT-RUN	rerun equivalent four-side mandatory probes; publish final Phase 3f feature row	RECLASSIFIED-COVERED	analysis/toolchain/phase3f-feature-coverage-v2.tsv::L4-FEAT-GCC-AUX	tmp/phase3f-evidence/matrix/l4/probe-results.tsv;tmp/phase3f-evidence/matrix/l4-physical/attempts/attempt-1/probe-results.tsv	mandatory=0/3;closure_event=P3F-EVENT-0027;The canonical V2 feature row is terminal with status COVERED-BEHAVIOR-EXACT and mandatory count 3/3.;A terminal GAP closes uncertainty but remains a byte-gate failure for later repair.
P3F-CLOSURE-0028	L4-FEAT-LD-CORE	UNRESOLVED-FEATURE	analysis/toolchain/phase3c-feature-coverage.tsv	unresolved-feature	T0 OURS mandatory dynamic rows NOT-RUN	rerun equivalent four-side mandatory probes; publish final Phase 3f feature row	RECLASSIFIED-COVERED	analysis/toolchain/phase3f-feature-coverage-v2.tsv::L4-FEAT-LD-CORE	tmp/phase3f-evidence/matrix/l4/probe-results.tsv;tmp/phase3f-evidence/matrix/l4-physical/attempts/attempt-1/probe-results.tsv	mandatory=0/2;closure_event=P3F-EVENT-0028;The canonical V2 feature row is terminal with status COVERED-BYTE-EXACT and mandatory count 2/2.;A terminal GAP closes uncertainty but remains a byte-gate failure for later repair.
P3F-CLOSURE-0029	L4-FEAT-LTO-PLUGIN	UNRESOLVED-FEATURE	analysis/toolchain/phase3c-feature-coverage.tsv	unresolved-feature	T0 OURS mandatory dynamic rows NOT-RUN; full LTO object mismatch remains cross-lane	rerun equivalent four-side mandatory probes; publish final Phase 3f feature row	RECLASSIFIED-COVERED	analysis/toolchain/phase3f-feature-coverage-v2.tsv::L4-FEAT-LTO-PLUGIN	tmp/phase3f-evidence/matrix/l4/probe-results.tsv;tmp/phase3f-evidence/matrix/l4-physical/attempts/attempt-1/probe-results.tsv	mandatory=0/4;closure_event=P3F-EVENT-0029;The canonical V2 feature row is terminal with status COVERED-BYTE-EXACT and mandatory count 4/4.;A terminal GAP closes uncertainty but remains a byte-gate failure for later repair.
P3F-CLOSURE-0030	L4-FEAT-PACKAGING	UNRESOLVED-FEATURE	analysis/toolchain/phase3c-feature-coverage.tsv	unresolved-feature	dynamic T0 alias rows NOT-RUN despite static SDK closure	rerun equivalent four-side mandatory probes; publish final Phase 3f feature row	RECLASSIFIED-COVERED	analysis/toolchain/phase3f-feature-coverage-v2.tsv::L4-FEAT-PACKAGING	tmp/phase3f-evidence/matrix/l4/probe-results.tsv;tmp/phase3f-evidence/matrix/l4-physical/attempts/attempt-1/probe-results.tsv	mandatory=0/9;closure_event=P3F-EVENT-0030;The canonical V2 feature row is terminal with status COVERED-BYTE-EXACT and mandatory count 9/9.;A terminal GAP closes uncertainty but remains a byte-gate failure for later repair.
P3F-CLOSURE-0031	L4-FEAT-TOOLS	UNRESOLVED-FEATURE	analysis/toolchain/phase3c-feature-coverage.tsv	unresolved-feature	T0 OURS mandatory dynamic rows NOT-RUN	rerun equivalent four-side mandatory probes; publish final Phase 3f feature row	RECLASSIFIED-COVERED	analysis/toolchain/phase3f-feature-coverage-v2.tsv::L4-FEAT-TOOLS	tmp/phase3f-evidence/matrix/l4/probe-results.tsv;tmp/phase3f-evidence/matrix/l4-physical/attempts/attempt-1/probe-results.tsv	mandatory=0/12;closure_event=P3F-EVENT-0031;The canonical V2 feature row is terminal with status COVERED-BYTE-EXACT and mandatory count 12/12.;A terminal GAP closes uncertainty but remains a byte-gate failure for later repair.
P3F-CLOSURE-0032	L4-FEAT-TOOLS-NEGSPACE	UNRESOLVED-FEATURE	analysis/toolchain/phase3c-feature-coverage.tsv	unresolved-feature	T0 OURS mandatory dynamic rows NOT-RUN; elfedit gap split above	rerun equivalent four-side mandatory probes; publish final Phase 3f feature row	RECLASSIFIED-COVERED	analysis/toolchain/phase3f-feature-coverage-v2.tsv::L4-FEAT-TOOLS-NEGSPACE	tmp/phase3f-evidence/matrix/l4/probe-results.tsv;tmp/phase3f-evidence/matrix/l4-physical/attempts/attempt-1/probe-results.tsv	mandatory=0/4;closure_event=P3F-EVENT-0032;The canonical V2 feature row is terminal with status COVERED-BEHAVIOR-EXACT and mandatory count 3/4.;A terminal GAP closes uncertainty but remains a byte-gate failure for later repair.
P3F-CLOSURE-0033	L4-PROBE-0004	UNAVAILABLE-MANDATORY-PROBE	tmp/phase3c-evidence/probe-results.tsv	unavailable-mandatory-probe	T0 OURS original executable bytes unavailable after external drift; replay is separate	run the identical mandatory probe on frozen OURS-V2 and compare raw observables to WCH	RESOLVED-EXACT	tmp/phase3f-evidence/matrix/l4/probe-results.tsv::probe_id=LD-VERSION&side_id=OURS-V2	tmp/phase3f-evidence/matrix/l4/probe-results.tsv::probe_id=LD-VERSION&side_id=OURS-V2;analysis/toolchain/phase3f-feature-coverage-v2.tsv::L4-FEAT-LD-CORE	ordinal=1/57;probe_id=LD-VERSION;feature=L4-FEAT-LD-CORE;closure_event=P3F-EVENT-2049;The formerly unavailable mandatory row ran on frozen OURS-V2 and its raw observables/artifact are byte-exact to WCH.;Equivalent V2 row joined mechanically by probe_id.
P3F-CLOSURE-0034	L4-PROBE-0009	UNAVAILABLE-MANDATORY-PROBE	tmp/phase3c-evidence/probe-results.tsv	unavailable-mandatory-probe	T0 OURS original executable bytes unavailable after external drift; replay is separate	run the identical mandatory probe on frozen OURS-V2 and compare raw observables to WCH	RESOLVED-EXACT	tmp/phase3f-evidence/matrix/l4-physical/attempts/attempt-1/probe-results.tsv::probe_id=LD-HELP&side_id=OURS-V2	tmp/phase3f-evidence/matrix/l4-physical/attempts/attempt-1/probe-results.tsv::probe_id=LD-HELP&side_id=OURS-V2	ordinal=2/57;probe_id=LD-HELP;feature=L4-FEAT-LD-NEGSPACE;closure_event=P3F-EVENT-2050;The formerly unavailable row ran sequentially through one physical install path and its raw observables are byte-exact to WCH.;No normalization; copied executable and inputs were unchanged pre/post.
P3F-CLOSURE-0035	L4-PROBE-0014	UNAVAILABLE-MANDATORY-PROBE	tmp/phase3c-evidence/probe-results.tsv	unavailable-mandatory-probe	T0 OURS original executable bytes unavailable after external drift; replay is separate	run the identical mandatory probe on frozen OURS-V2 and compare raw observables to WCH	RESOLVED-EXACT	tmp/phase3f-evidence/matrix/l4/probe-results.tsv::probe_id=LD-VERBOSE&side_id=OURS-V2	tmp/phase3f-evidence/matrix/l4/probe-results.tsv::probe_id=LD-VERBOSE&side_id=OURS-V2;analysis/toolchain/phase3f-feature-coverage-v2.tsv::L4-FEAT-LD-CORE	ordinal=3/57;probe_id=LD-VERBOSE;feature=L4-FEAT-LD-SCRIPT;closure_event=P3F-EVENT-2051;The formerly unavailable mandatory row ran on frozen OURS-V2 and its raw observables/artifact are byte-exact to WCH.;Equivalent V2 row joined mechanically by probe_id.
P3F-CLOSURE-0036	L4-PROBE-0019	UNAVAILABLE-MANDATORY-PROBE	tmp/phase3c-evidence/probe-results.tsv	unavailable-mandatory-probe	T0 OURS original executable bytes unavailable after external drift; replay is separate	run the identical mandatory probe on frozen OURS-V2 and compare raw observables to WCH	RESOLVED-EXACT	tmp/phase3f-evidence/matrix/l4/probe-results.tsv::probe_id=LD-EMULATION&side_id=OURS-V2	tmp/phase3f-evidence/matrix/l4/probe-results.tsv::probe_id=LD-EMULATION&side_id=OURS-V2;analysis/toolchain/phase3f-feature-coverage-v2.tsv::L4-FEAT-LD-CORE	ordinal=4/57;probe_id=LD-EMULATION;feature=L4-FEAT-LD-SCRIPT;closure_event=P3F-EVENT-2052;The formerly unavailable mandatory row ran on frozen OURS-V2 and its raw observables/artifact are byte-exact to WCH.;Equivalent V2 row joined mechanically by probe_id.
P3F-CLOSURE-0037	L4-PROBE-0024	UNAVAILABLE-MANDATORY-PROBE	tmp/phase3c-evidence/probe-results.tsv	unavailable-mandatory-probe	T0 OURS original executable bytes unavailable after external drift; replay is separate	run the identical mandatory probe on frozen OURS-V2 and compare raw observables to WCH	RESOLVED-EXACT	tmp/phase3f-evidence/matrix/l4/probe-results.tsv::probe_id=LD-LINK-GC&side_id=OURS-V2	tmp/phase3f-evidence/matrix/l4/probe-results.tsv::probe_id=LD-LINK-GC&side_id=OURS-V2;analysis/toolchain/phase3f-feature-coverage-v2.tsv::L4-FEAT-LD-CORE	ordinal=5/57;probe_id=LD-LINK-GC;feature=L4-FEAT-LD-LAYOUT;closure_event=P3F-EVENT-2053;The formerly unavailable mandatory row ran on frozen OURS-V2 and its raw observables/artifact are byte-exact to WCH.;Equivalent V2 row joined mechanically by probe_id.
P3F-CLOSURE-0038	L4-PROBE-0029	UNAVAILABLE-MANDATORY-PROBE	tmp/phase3c-evidence/probe-results.tsv	unavailable-mandatory-probe	T0 OURS original executable bytes unavailable after external drift; replay is separate	run the identical mandatory probe on frozen OURS-V2 and compare raw observables to WCH	RESOLVED-EXACT	tmp/phase3f-evidence/matrix/l4/probe-results.tsv::probe_id=LD-LINK-RELAX&side_id=OURS-V2	tmp/phase3f-evidence/matrix/l4/probe-results.tsv::probe_id=LD-LINK-RELAX&side_id=OURS-V2;analysis/toolchain/phase3f-feature-coverage-v2.tsv::L4-FEAT-LD-CORE	ordinal=6/57;probe_id=LD-LINK-RELAX;feature=L4-FEAT-LD-RELAX;closure_event=P3F-EVENT-2054;The formerly unavailable mandatory row ran on frozen OURS-V2 and its raw observables/artifact are byte-exact to WCH.;Equivalent V2 row joined mechanically by probe_id.
P3F-CLOSURE-0039	L4-PROBE-0034	UNAVAILABLE-MANDATORY-PROBE	tmp/phase3c-evidence/probe-results.tsv	unavailable-mandatory-probe	T0 OURS original executable bytes unavailable after external drift; replay is separate	run the identical mandatory probe on frozen OURS-V2 and compare raw observables to WCH	RESOLVED-EXACT	tmp/phase3f-evidence/matrix/l4/probe-results.tsv::probe_id=LD-LINK-NORELAX&side_id=OURS-V2	tmp/phase3f-evidence/matrix/l4/probe-results.tsv::probe_id=LD-LINK-NORELAX&side_id=OURS-V2;analysis/toolchain/phase3f-feature-coverage-v2.tsv::L4-FEAT-LD-CORE	ordinal=7/57;probe_id=LD-LINK-NORELAX;feature=L4-FEAT-LD-RELAX;closure_event=P3F-EVENT-2055;The formerly unavailable mandatory row ran on frozen OURS-V2 and its raw observables/artifact are byte-exact to WCH.;Equivalent V2 row joined mechanically by probe_id.
P3F-CLOSURE-0040	L4-PROBE-0039	UNAVAILABLE-MANDATORY-PROBE	tmp/phase3c-evidence/probe-results.tsv	unavailable-mandatory-probe	T0 OURS original executable bytes unavailable after external drift; replay is separate	run the identical mandatory probe on frozen OURS-V2 and compare raw observables to WCH	RESOLVED-EXACT	tmp/phase3f-evidence/matrix/l4/probe-results.tsv::probe_id=LD-ARCHIVE-GROUP&side_id=OURS-V2	tmp/phase3f-evidence/matrix/l4/probe-results.tsv::probe_id=LD-ARCHIVE-GROUP&side_id=OURS-V2;analysis/toolchain/phase3f-feature-coverage-v2.tsv::L4-FEAT-LD-CORE	ordinal=8/57;probe_id=LD-ARCHIVE-GROUP;feature=L4-FEAT-LD-ARCHIVE;closure_event=P3F-EVENT-2056;The formerly unavailable mandatory row ran on frozen OURS-V2 and its raw observables/artifact are byte-exact to WCH.;Equivalent V2 row joined mechanically by probe_id.
P3F-CLOSURE-0041	L4-PROBE-0044	UNAVAILABLE-MANDATORY-PROBE	tmp/phase3c-evidence/probe-results.tsv	unavailable-mandatory-probe	T0 OURS original executable bytes unavailable after external drift; replay is separate	run the identical mandatory probe on frozen OURS-V2 and compare raw observables to WCH	RESOLVED-EXACT	tmp/phase3f-evidence/matrix/l4/probe-results.tsv::probe_id=LD-RELOCATABLE&side_id=OURS-V2	tmp/phase3f-evidence/matrix/l4/probe-results.tsv::probe_id=LD-RELOCATABLE&side_id=OURS-V2;analysis/toolchain/phase3f-feature-coverage-v2.tsv::L4-FEAT-LD-CORE	ordinal=9/57;probe_id=LD-RELOCATABLE;feature=L4-FEAT-LD-CORE;closure_event=P3F-EVENT-2057;The formerly unavailable mandatory row ran on frozen OURS-V2 and its raw observables/artifact are byte-exact to WCH.;Equivalent V2 row joined mechanically by probe_id.
P3F-CLOSURE-0042	L4-PROBE-0049	UNAVAILABLE-MANDATORY-PROBE	tmp/phase3c-evidence/probe-results.tsv	unavailable-mandatory-probe	T0 OURS original executable bytes unavailable after external drift; replay is separate	run the identical mandatory probe on frozen OURS-V2 and compare raw observables to WCH	RECLASSIFIED-GAP	analysis/toolchain/phase3f-feature-coverage-v2.tsv::L1-FEAT-ZSTD	tmp/phase3f-evidence/matrix/l4/probe-results.tsv::probe_id=LD-ZSTD-RELOC&side_id=OURS-V2	ordinal=10/57;probe_id=LD-ZSTD-RELOC;feature=L4-FEAT-ELF-ZSTD;closure_event=P3F-EVENT-2058;The formerly unavailable OURS row ran on frozen V2 and is a terminal carried L1-FEAT-ZSTD GAP.;GAP is forwarded, not consumed by closure accounting.
P3F-CLOSURE-0043	L4-PROBE-0054	UNAVAILABLE-MANDATORY-PROBE	tmp/phase3c-evidence/probe-results.tsv	unavailable-mandatory-probe	T0 OURS original executable bytes unavailable after external drift; replay is separate	run the identical mandatory probe on frozen OURS-V2 and compare raw observables to WCH	RESOLVED-EXACT	tmp/phase3f-evidence/matrix/l4/probe-results.tsv::probe_id=LD-ATTR-XW-COPY&side_id=OURS-V2	tmp/phase3f-evidence/matrix/l4/probe-results.tsv::probe_id=LD-ATTR-XW-COPY&side_id=OURS-V2;analysis/toolchain/phase3f-feature-coverage-v2.tsv::L4-FEAT-ATTRIBUTES	ordinal=11/57;probe_id=LD-ATTR-XW-COPY;feature=L4-FEAT-ATTRIBUTES;closure_event=P3F-EVENT-2059;The formerly unavailable mandatory row ran on frozen OURS-V2 and its raw observables/artifact are byte-exact to WCH.;Equivalent V2 row joined mechanically by probe_id.
P3F-CLOSURE-0044	L4-PROBE-0059	UNAVAILABLE-MANDATORY-PROBE	tmp/phase3c-evidence/probe-results.tsv	unavailable-mandatory-probe	T0 OURS original executable bytes unavailable after external drift; replay is separate	run the identical mandatory probe on frozen OURS-V2 and compare raw observables to WCH	RESOLVED-EXACT	tmp/phase3f-evidence/matrix/l4/probe-results.tsv::probe_id=LD-ATTR-XW-MERGE&side_id=OURS-V2	tmp/phase3f-evidence/matrix/l4/probe-results.tsv::probe_id=LD-ATTR-XW-MERGE&side_id=OURS-V2;analysis/toolchain/phase3f-feature-coverage-v2.tsv::L4-FEAT-ATTRIBUTES	ordinal=12/57;probe_id=LD-ATTR-XW-MERGE;feature=L4-FEAT-ATTRIBUTES;closure_event=P3F-EVENT-2060;The formerly unavailable mandatory row ran on frozen OURS-V2 and its raw observables/artifact are byte-exact to WCH.;Equivalent V2 row joined mechanically by probe_id.
P3F-CLOSURE-0045	L4-PROBE-0064	UNAVAILABLE-MANDATORY-PROBE	tmp/phase3c-evidence/probe-results.tsv	unavailable-mandatory-probe	T0 OURS original executable bytes unavailable after external drift; replay is separate	run the identical mandatory probe on frozen OURS-V2 and compare raw observables to WCH	RESOLVED-EXACT	tmp/phase3f-evidence/matrix/l4/probe-results.tsv::probe_id=LD-ATTR-XW-MERGE-REVERSE&side_id=OURS-V2	tmp/phase3f-evidence/matrix/l4/probe-results.tsv::probe_id=LD-ATTR-XW-MERGE-REVERSE&side_id=OURS-V2;analysis/toolchain/phase3f-feature-coverage-v2.tsv::L4-FEAT-ATTRIBUTES	ordinal=13/57;probe_id=LD-ATTR-XW-MERGE-REVERSE;feature=L4-FEAT-ATTRIBUTES;closure_event=P3F-EVENT-2061;The formerly unavailable mandatory row ran on frozen OURS-V2 and its raw observables/artifact are byte-exact to WCH.;Equivalent V2 row joined mechanically by probe_id.
P3F-CLOSURE-0046	L4-PROBE-0069	UNAVAILABLE-MANDATORY-PROBE	tmp/phase3c-evidence/probe-results.tsv	unavailable-mandatory-probe	T0 OURS original executable bytes unavailable after external drift; replay is separate	run the identical mandatory probe on frozen OURS-V2 and compare raw observables to WCH	RESOLVED-EXACT	tmp/phase3f-evidence/matrix/l4/probe-results.tsv::probe_id=LD-ATTR-XW-VERSION-MERGE&side_id=OURS-V2	tmp/phase3f-evidence/matrix/l4/probe-results.tsv::probe_id=LD-ATTR-XW-VERSION-MERGE&side_id=OURS-V2;analysis/toolchain/phase3f-feature-coverage-v2.tsv::L4-FEAT-ATTRIBUTES	ordinal=14/57;probe_id=LD-ATTR-XW-VERSION-MERGE;feature=L4-FEAT-ATTRIBUTES;closure_event=P3F-EVENT-2062;The formerly unavailable mandatory row ran on frozen OURS-V2 and its raw observables/artifact are byte-exact to WCH.;Equivalent V2 row joined mechanically by probe_id.
P3F-CLOSURE-0047	L4-PROBE-0074	UNAVAILABLE-MANDATORY-PROBE	tmp/phase3c-evidence/probe-results.tsv	unavailable-mandatory-probe	T0 OURS original executable bytes unavailable after external drift; replay is separate	run the identical mandatory probe on frozen OURS-V2 and compare raw observables to WCH	RESOLVED-EXACT	tmp/phase3f-evidence/matrix/l4-physical/attempts/attempt-1/probe-results.tsv::probe_id=LD-ORPHAN-ERROR&side_id=OURS-V2	tmp/phase3f-evidence/matrix/l4-physical/attempts/attempt-1/probe-results.tsv::probe_id=LD-ORPHAN-ERROR&side_id=OURS-V2	ordinal=15/57;probe_id=LD-ORPHAN-ERROR;feature=L4-FEAT-LD-NEGSPACE;closure_event=P3F-EVENT-2063;The formerly unavailable row ran sequentially through one physical install path and its raw observables are byte-exact to WCH.;No normalization; copied executable and inputs were unchanged pre/post.
P3F-CLOSURE-0048	L4-PROBE-0079	UNAVAILABLE-MANDATORY-PROBE	tmp/phase3c-evidence/probe-results.tsv	unavailable-mandatory-probe	T0 OURS original executable bytes unavailable after external drift; replay is separate	run the identical mandatory probe on frozen OURS-V2 and compare raw observables to WCH	RESOLVED-EXACT	tmp/phase3f-evidence/matrix/l4-physical/attempts/attempt-1/probe-results.tsv::probe_id=LD-MISSING-SYMBOL&side_id=OURS-V2	tmp/phase3f-evidence/matrix/l4-physical/attempts/attempt-1/probe-results.tsv::probe_id=LD-MISSING-SYMBOL&side_id=OURS-V2	ordinal=16/57;probe_id=LD-MISSING-SYMBOL;feature=L4-FEAT-LD-NEGSPACE;closure_event=P3F-EVENT-2064;The formerly unavailable row ran sequentially through one physical install path and its raw observables are byte-exact to WCH.;No normalization; copied executable and inputs were unchanged pre/post.
P3F-CLOSURE-0049	L4-PROBE-0089	UNAVAILABLE-MANDATORY-PROBE	tmp/phase3c-evidence/probe-results.tsv	unavailable-mandatory-probe	T0 OURS original executable bytes unavailable after external drift; replay is separate	run the identical mandatory probe on frozen OURS-V2 and compare raw observables to WCH	RESOLVED-EXACT	tmp/phase3f-evidence/matrix/l4/probe-results.tsv::probe_id=LD-BFD-VERSION&side_id=OURS-V2	tmp/phase3f-evidence/matrix/l4/probe-results.tsv::probe_id=LD-BFD-VERSION&side_id=OURS-V2;analysis/toolchain/phase3f-feature-coverage-v2.tsv::L4-FEAT-PACKAGING	ordinal=17/57;probe_id=LD-BFD-VERSION;feature=L4-FEAT-PACKAGING;closure_event=P3F-EVENT-2065;The formerly unavailable mandatory row ran on frozen OURS-V2 and its raw observables/artifact are byte-exact to WCH.;Equivalent V2 row joined mechanically by probe_id.
P3F-CLOSURE-0050	L4-PROBE-0094	UNAVAILABLE-MANDATORY-PROBE	tmp/phase3c-evidence/probe-results.tsv	unavailable-mandatory-probe	T0 OURS original executable bytes unavailable after external drift; replay is separate	run the identical mandatory probe on frozen OURS-V2 and compare raw observables to WCH	RESOLVED-EXACT	tmp/phase3f-evidence/matrix/l4/probe-results.tsv::probe_id=TARGET-LD-VERSION&side_id=OURS-V2	tmp/phase3f-evidence/matrix/l4/probe-results.tsv::probe_id=TARGET-LD-VERSION&side_id=OURS-V2;analysis/toolchain/phase3f-feature-coverage-v2.tsv::L4-FEAT-PACKAGING	ordinal=18/57;probe_id=TARGET-LD-VERSION;feature=L4-FEAT-PACKAGING;closure_event=P3F-EVENT-2066;The formerly unavailable mandatory row ran on frozen OURS-V2 and its raw observables/artifact are byte-exact to WCH.;Equivalent V2 row joined mechanically by probe_id.
P3F-CLOSURE-0051	L4-PROBE-0099	UNAVAILABLE-MANDATORY-PROBE	tmp/phase3c-evidence/probe-results.tsv	unavailable-mandatory-probe	T0 OURS original executable bytes unavailable after external drift; replay is separate	run the identical mandatory probe on frozen OURS-V2 and compare raw observables to WCH	RESOLVED-EXACT	tmp/phase3f-evidence/matrix/l4/probe-results.tsv::probe_id=TARGET-LD-BFD-VERSION&side_id=OURS-V2	tmp/phase3f-evidence/matrix/l4/probe-results.tsv::probe_id=TARGET-LD-BFD-VERSION&side_id=OURS-V2;analysis/toolchain/phase3f-feature-coverage-v2.tsv::L4-FEAT-PACKAGING	ordinal=19/57;probe_id=TARGET-LD-BFD-VERSION;feature=L4-FEAT-PACKAGING;closure_event=P3F-EVENT-2067;The formerly unavailable mandatory row ran on frozen OURS-V2 and its raw observables/artifact are byte-exact to WCH.;Equivalent V2 row joined mechanically by probe_id.
P3F-CLOSURE-0052	L4-PROBE-0104	UNAVAILABLE-MANDATORY-PROBE	tmp/phase3c-evidence/probe-results.tsv	unavailable-mandatory-probe	T0 OURS original executable bytes unavailable after external drift; replay is separate	run the identical mandatory probe on frozen OURS-V2 and compare raw observables to WCH	RESOLVED-EXACT	tmp/phase3f-evidence/matrix/l4/probe-results.tsv::probe_id=READELF-ALL&side_id=OURS-V2	tmp/phase3f-evidence/matrix/l4/probe-results.tsv::probe_id=READELF-ALL&side_id=OURS-V2;analysis/toolchain/phase3f-feature-coverage-v2.tsv::L4-FEAT-TOOLS	ordinal=20/57;probe_id=READELF-ALL;feature=L4-FEAT-TOOLS;closure_event=P3F-EVENT-2068;The formerly unavailable mandatory row ran on frozen OURS-V2 and its raw observables/artifact are byte-exact to WCH.;Equivalent V2 row joined mechanically by probe_id.
P3F-CLOSURE-0053	L4-PROBE-0109	UNAVAILABLE-MANDATORY-PROBE	tmp/phase3c-evidence/probe-results.tsv	unavailable-mandatory-probe	T0 OURS original executable bytes unavailable after external drift; replay is separate	run the identical mandatory probe on frozen OURS-V2 and compare raw observables to WCH	RESOLVED-EXACT	tmp/phase3f-evidence/matrix/l4/probe-results.tsv::probe_id=READELF-ATTRS&side_id=OURS-V2	tmp/phase3f-evidence/matrix/l4/probe-results.tsv::probe_id=READELF-ATTRS&side_id=OURS-V2;analysis/toolchain/phase3f-feature-coverage-v2.tsv::L4-FEAT-ATTRIBUTES	ordinal=21/57;probe_id=READELF-ATTRS;feature=L4-FEAT-ATTRIBUTES;closure_event=P3F-EVENT-2069;The formerly unavailable mandatory row ran on frozen OURS-V2 and its raw observables/artifact are byte-exact to WCH.;Equivalent V2 row joined mechanically by probe_id.
P3F-CLOSURE-0054	L4-PROBE-0114	UNAVAILABLE-MANDATORY-PROBE	tmp/phase3c-evidence/probe-results.tsv	unavailable-mandatory-probe	T0 OURS original executable bytes unavailable after external drift; replay is separate	run the identical mandatory probe on frozen OURS-V2 and compare raw observables to WCH	RESOLVED-EXACT	tmp/phase3f-evidence/matrix/l4/probe-results.tsv::probe_id=READELF-XW-ATTRS&side_id=OURS-V2	tmp/phase3f-evidence/matrix/l4/probe-results.tsv::probe_id=READELF-XW-ATTRS&side_id=OURS-V2;analysis/toolchain/phase3f-feature-coverage-v2.tsv::L4-FEAT-ATTRIBUTES	ordinal=22/57;probe_id=READELF-XW-ATTRS;feature=L4-FEAT-ATTRIBUTES;closure_event=P3F-EVENT-2070;The formerly unavailable mandatory row ran on frozen OURS-V2 and its raw observables/artifact are byte-exact to WCH.;Equivalent V2 row joined mechanically by probe_id.
P3F-CLOSURE-0055	L4-PROBE-0119	UNAVAILABLE-MANDATORY-PROBE	tmp/phase3c-evidence/probe-results.tsv	unavailable-mandatory-probe	T0 OURS original executable bytes unavailable after external drift; replay is separate	run the identical mandatory probe on frozen OURS-V2 and compare raw observables to WCH	RECLASSIFIED-GAP	analysis/toolchain/phase3f-feature-coverage-v2.tsv::L1-FEAT-ZSTD	tmp/phase3f-evidence/matrix/l4/probe-results.tsv::probe_id=READELF-ZSTD-DEBUG&side_id=OURS-V2	ordinal=23/57;probe_id=READELF-ZSTD-DEBUG;feature=L4-FEAT-ELF-ZSTD;closure_event=P3F-EVENT-2071;The formerly unavailable OURS row ran on frozen V2 and is a terminal carried L1-FEAT-ZSTD GAP.;GAP is forwarded, not consumed by closure accounting.
P3F-CLOSURE-0056	L4-PROBE-0124	UNAVAILABLE-MANDATORY-PROBE	tmp/phase3c-evidence/probe-results.tsv	unavailable-mandatory-probe	T0 OURS original executable bytes unavailable after external drift; replay is separate	run the identical mandatory probe on frozen OURS-V2 and compare raw observables to WCH	RESOLVED-EXACT	tmp/phase3f-evidence/matrix/l4/probe-results.tsv::probe_id=READELF-HELP&side_id=OURS-V2	tmp/phase3f-evidence/matrix/l4/probe-results.tsv::probe_id=READELF-HELP&side_id=OURS-V2;analysis/toolchain/phase3f-feature-coverage-v2.tsv::L4-FEAT-TOOLS-NEGSPACE	ordinal=24/57;probe_id=READELF-HELP;feature=L4-FEAT-TOOLS-NEGSPACE;closure_event=P3F-EVENT-2072;The formerly unavailable mandatory row ran on frozen OURS-V2 and its raw observables/artifact are byte-exact to WCH.;Equivalent V2 row joined mechanically by probe_id.
P3F-CLOSURE-0057	L4-PROBE-0134	UNAVAILABLE-MANDATORY-PROBE	tmp/phase3c-evidence/probe-results.tsv	unavailable-mandatory-probe	T0 OURS original executable bytes unavailable after external drift; replay is separate	run the identical mandatory probe on frozen OURS-V2 and compare raw observables to WCH	RESOLVED-EXACT	tmp/phase3f-evidence/matrix/l4/probe-results.tsv::probe_id=TARGET-READELF-ATTRS&side_id=OURS-V2	tmp/phase3f-evidence/matrix/l4/probe-results.tsv::probe_id=TARGET-READELF-ATTRS&side_id=OURS-V2;analysis/toolchain/phase3f-feature-coverage-v2.tsv::L4-FEAT-PACKAGING	ordinal=25/57;probe_id=TARGET-READELF-ATTRS;feature=L4-FEAT-PACKAGING;closure_event=P3F-EVENT-2073;The formerly unavailable mandatory row ran on frozen OURS-V2 and its raw observables/artifact are byte-exact to WCH.;Equivalent V2 row joined mechanically by probe_id.
P3F-CLOSURE-0058	L4-PROBE-0139	UNAVAILABLE-MANDATORY-PROBE	tmp/phase3c-evidence/probe-results.tsv	unavailable-mandatory-probe	T0 OURS original executable bytes unavailable after external drift; replay is separate	run the identical mandatory probe on frozen OURS-V2 and compare raw observables to WCH	RESOLVED-EXACT	tmp/phase3f-evidence/matrix/l4/probe-results.tsv::probe_id=OBJCOPY-COPY&side_id=OURS-V2	tmp/phase3f-evidence/matrix/l4/probe-results.tsv::probe_id=OBJCOPY-COPY&side_id=OURS-V2;analysis/toolchain/phase3f-feature-coverage-v2.tsv::L4-FEAT-TOOLS	ordinal=26/57;probe_id=OBJCOPY-COPY;feature=L4-FEAT-TOOLS;closure_event=P3F-EVENT-2074;The formerly unavailable mandatory row ran on frozen OURS-V2 and its raw observables/artifact are byte-exact to WCH.;Equivalent V2 row joined mechanically by probe_id.
P3F-CLOSURE-0059	L4-PROBE-0144	UNAVAILABLE-MANDATORY-PROBE	tmp/phase3c-evidence/probe-results.tsv	unavailable-mandatory-probe	T0 OURS original executable bytes unavailable after external drift; replay is separate	run the identical mandatory probe on frozen OURS-V2 and compare raw observables to WCH	RESOLVED-EXACT	tmp/phase3f-evidence/matrix/l4-physical/attempts/attempt-1/probe-results.tsv::probe_id=OBJCOPY-ONLY-TEXT&side_id=OURS-V2	tmp/phase3f-evidence/matrix/l4-physical/attempts/attempt-1/probe-results.tsv::probe_id=OBJCOPY-ONLY-TEXT&side_id=OURS-V2	ordinal=27/57;probe_id=OBJCOPY-ONLY-TEXT;feature=L4-FEAT-TOOLS;closure_event=P3F-EVENT-2075;The formerly unavailable row ran sequentially through one physical install path and its raw observables are byte-exact to WCH.;No normalization; copied executable and inputs were unchanged pre/post.
P3F-CLOSURE-0060	L4-PROBE-0149	UNAVAILABLE-MANDATORY-PROBE	tmp/phase3c-evidence/probe-results.tsv	unavailable-mandatory-probe	T0 OURS original executable bytes unavailable after external drift; replay is separate	run the identical mandatory probe on frozen OURS-V2 and compare raw observables to WCH	RECLASSIFIED-GAP	analysis/toolchain/phase3f-feature-coverage-v2.tsv::L1-FEAT-ZSTD	tmp/phase3f-evidence/matrix/l4/probe-results.tsv::probe_id=OBJCOPY-ZSTD-DECOMP&side_id=OURS-V2	ordinal=28/57;probe_id=OBJCOPY-ZSTD-DECOMP;feature=L4-FEAT-ELF-ZSTD;closure_event=P3F-EVENT-2076;The formerly unavailable OURS row ran on frozen V2 and is a terminal carried L1-FEAT-ZSTD GAP.;GAP is forwarded, not consumed by closure accounting.
P3F-CLOSURE-0061	L4-PROBE-0154	UNAVAILABLE-MANDATORY-PROBE	tmp/phase3c-evidence/probe-results.tsv	unavailable-mandatory-probe	T0 OURS original executable bytes unavailable after external drift; replay is separate	run the identical mandatory probe on frozen OURS-V2 and compare raw observables to WCH	RECLASSIFIED-GAP	analysis/toolchain/phase3f-feature-coverage-v2.tsv::L1-FEAT-ZSTD	tmp/phase3f-evidence/matrix/l4/probe-results.tsv::probe_id=OBJCOPY-ZSTD-COMP&side_id=OURS-V2	ordinal=29/57;probe_id=OBJCOPY-ZSTD-COMP;feature=L4-FEAT-ELF-ZSTD;closure_event=P3F-EVENT-2077;The formerly unavailable OURS row ran on frozen V2 and is a terminal carried L1-FEAT-ZSTD GAP.;GAP is forwarded, not consumed by closure accounting.
P3F-CLOSURE-0062	L4-PROBE-0159	UNAVAILABLE-MANDATORY-PROBE	tmp/phase3c-evidence/probe-results.tsv	unavailable-mandatory-probe	T0 OURS original executable bytes unavailable after external drift; replay is separate	run the identical mandatory probe on frozen OURS-V2 and compare raw observables to WCH	RESOLVED-EXACT	tmp/phase3f-evidence/matrix/l4-physical/attempts/attempt-1/probe-results.tsv::probe_id=OBJCOPY-HELP&side_id=OURS-V2	tmp/phase3f-evidence/matrix/l4-physical/attempts/attempt-1/probe-results.tsv::probe_id=OBJCOPY-HELP&side_id=OURS-V2	ordinal=30/57;probe_id=OBJCOPY-HELP;feature=L4-FEAT-TOOLS-NEGSPACE;closure_event=P3F-EVENT-2078;The formerly unavailable row ran sequentially through one physical install path and its raw observables are byte-exact to WCH.;No normalization; copied executable and inputs were unchanged pre/post.
P3F-CLOSURE-0063	L4-PROBE-0169	UNAVAILABLE-MANDATORY-PROBE	tmp/phase3c-evidence/probe-results.tsv	unavailable-mandatory-probe	T0 OURS original executable bytes unavailable after external drift; replay is separate	run the identical mandatory probe on frozen OURS-V2 and compare raw observables to WCH	RESOLVED-EXACT	tmp/phase3f-evidence/matrix/l4/probe-results.tsv::probe_id=TARGET-OBJCOPY-COPY&side_id=OURS-V2	tmp/phase3f-evidence/matrix/l4/probe-results.tsv::probe_id=TARGET-OBJCOPY-COPY&side_id=OURS-V2;analysis/toolchain/phase3f-feature-coverage-v2.tsv::L4-FEAT-PACKAGING	ordinal=31/57;probe_id=TARGET-OBJCOPY-COPY;feature=L4-FEAT-PACKAGING;closure_event=P3F-EVENT-2079;The formerly unavailable mandatory row ran on frozen OURS-V2 and its raw observables/artifact are byte-exact to WCH.;Equivalent V2 row joined mechanically by probe_id.
P3F-CLOSURE-0064	L4-PROBE-0174	UNAVAILABLE-MANDATORY-PROBE	tmp/phase3c-evidence/probe-results.tsv	unavailable-mandatory-probe	T0 OURS original executable bytes unavailable after external drift; replay is separate	run the identical mandatory probe on frozen OURS-V2 and compare raw observables to WCH	RESOLVED-EXACT	tmp/phase3f-evidence/matrix/l4/probe-results.tsv::probe_id=NM-OBJECT&side_id=OURS-V2	tmp/phase3f-evidence/matrix/l4/probe-results.tsv::probe_id=NM-OBJECT&side_id=OURS-V2;analysis/toolchain/phase3f-feature-coverage-v2.tsv::L4-FEAT-TOOLS	ordinal=32/57;probe_id=NM-OBJECT;feature=L4-FEAT-TOOLS;closure_event=P3F-EVENT-2080;The formerly unavailable mandatory row ran on frozen OURS-V2 and its raw observables/artifact are byte-exact to WCH.;Equivalent V2 row joined mechanically by probe_id.
P3F-CLOSURE-0065	L4-PROBE-0179	UNAVAILABLE-MANDATORY-PROBE	tmp/phase3c-evidence/probe-results.tsv	unavailable-mandatory-probe	T0 OURS original executable bytes unavailable after external drift; replay is separate	run the identical mandatory probe on frozen OURS-V2 and compare raw observables to WCH	RESOLVED-EXACT	tmp/phase3f-evidence/matrix/l4/probe-results.tsv::probe_id=NM-ARCHIVE&side_id=OURS-V2	tmp/phase3f-evidence/matrix/l4/probe-results.tsv::probe_id=NM-ARCHIVE&side_id=OURS-V2;analysis/toolchain/phase3f-feature-coverage-v2.tsv::L4-FEAT-TOOLS	ordinal=33/57;probe_id=NM-ARCHIVE;feature=L4-FEAT-TOOLS;closure_event=P3F-EVENT-2081;The formerly unavailable mandatory row ran on frozen OURS-V2 and its raw observables/artifact are byte-exact to WCH.;Equivalent V2 row joined mechanically by probe_id.
P3F-CLOSURE-0066	L4-PROBE-0184	UNAVAILABLE-MANDATORY-PROBE	tmp/phase3c-evidence/probe-results.tsv	unavailable-mandatory-probe	T0 OURS original executable bytes unavailable after external drift; replay is separate	run the identical mandatory probe on frozen OURS-V2 and compare raw observables to WCH	RESOLVED-EXACT	tmp/phase3f-evidence/matrix/l4/probe-results.tsv::probe_id=TARGET-NM&side_id=OURS-V2	tmp/phase3f-evidence/matrix/l4/probe-results.tsv::probe_id=TARGET-NM&side_id=OURS-V2;analysis/toolchain/phase3f-feature-coverage-v2.tsv::L4-FEAT-PACKAGING	ordinal=34/57;probe_id=TARGET-NM;feature=L4-FEAT-PACKAGING;closure_event=P3F-EVENT-2082;The formerly unavailable mandatory row ran on frozen OURS-V2 and its raw observables/artifact are byte-exact to WCH.;Equivalent V2 row joined mechanically by probe_id.
P3F-CLOSURE-0067	L4-PROBE-0189	UNAVAILABLE-MANDATORY-PROBE	tmp/phase3c-evidence/probe-results.tsv	unavailable-mandatory-probe	T0 OURS original executable bytes unavailable after external drift; replay is separate	run the identical mandatory probe on frozen OURS-V2 and compare raw observables to WCH	RESOLVED-EXACT	tmp/phase3f-evidence/matrix/l4/probe-results.tsv::probe_id=AR-TABLE&side_id=OURS-V2	tmp/phase3f-evidence/matrix/l4/probe-results.tsv::probe_id=AR-TABLE&side_id=OURS-V2;analysis/toolchain/phase3f-feature-coverage-v2.tsv::L4-FEAT-ARCHIVE	ordinal=35/57;probe_id=AR-TABLE;feature=L4-FEAT-ARCHIVE;closure_event=P3F-EVENT-2083;The formerly unavailable mandatory row ran on frozen OURS-V2 and its raw observables/artifact are byte-exact to WCH.;Equivalent V2 row joined mechanically by probe_id.
P3F-CLOSURE-0068	L4-PROBE-0194	UNAVAILABLE-MANDATORY-PROBE	tmp/phase3c-evidence/probe-results.tsv	unavailable-mandatory-probe	T0 OURS original executable bytes unavailable after external drift; replay is separate	run the identical mandatory probe on frozen OURS-V2 and compare raw observables to WCH	RESOLVED-EXACT	tmp/phase3f-evidence/matrix/l4/probe-results.tsv::probe_id=AR-REBUILD&side_id=OURS-V2	tmp/phase3f-evidence/matrix/l4/probe-results.tsv::probe_id=AR-REBUILD&side_id=OURS-V2;analysis/toolchain/phase3f-feature-coverage-v2.tsv::L4-FEAT-ARCHIVE	ordinal=36/57;probe_id=AR-REBUILD;feature=L4-FEAT-ARCHIVE;closure_event=P3F-EVENT-2084;The formerly unavailable mandatory row ran on frozen OURS-V2 and its raw observables/artifact are byte-exact to WCH.;Equivalent V2 row joined mechanically by probe_id.
P3F-CLOSURE-0069	L4-PROBE-0199	UNAVAILABLE-MANDATORY-PROBE	tmp/phase3c-evidence/probe-results.tsv	unavailable-mandatory-probe	T0 OURS original executable bytes unavailable after external drift; replay is separate	run the identical mandatory probe on frozen OURS-V2 and compare raw observables to WCH	RESOLVED-EXACT	tmp/phase3f-evidence/matrix/l4/probe-results.tsv::probe_id=TARGET-AR-TABLE&side_id=OURS-V2	tmp/phase3f-evidence/matrix/l4/probe-results.tsv::probe_id=TARGET-AR-TABLE&side_id=OURS-V2;analysis/toolchain/phase3f-feature-coverage-v2.tsv::L4-FEAT-PACKAGING	ordinal=37/57;probe_id=TARGET-AR-TABLE;feature=L4-FEAT-PACKAGING;closure_event=P3F-EVENT-2085;The formerly unavailable mandatory row ran on frozen OURS-V2 and its raw observables/artifact are byte-exact to WCH.;Equivalent V2 row joined mechanically by probe_id.
P3F-CLOSURE-0070	L4-PROBE-0204	UNAVAILABLE-MANDATORY-PROBE	tmp/phase3c-evidence/probe-results.tsv	unavailable-mandatory-probe	T0 OURS original executable bytes unavailable after external drift; replay is separate	run the identical mandatory probe on frozen OURS-V2 and compare raw observables to WCH	RESOLVED-EXACT	tmp/phase3f-evidence/matrix/l4/probe-results.tsv::probe_id=RANLIB-INDEX&side_id=OURS-V2	tmp/phase3f-evidence/matrix/l4/probe-results.tsv::probe_id=RANLIB-INDEX&side_id=OURS-V2;analysis/toolchain/phase3f-feature-coverage-v2.tsv::L4-FEAT-ARCHIVE	ordinal=38/57;probe_id=RANLIB-INDEX;feature=L4-FEAT-ARCHIVE;closure_event=P3F-EVENT-2086;The formerly unavailable mandatory row ran on frozen OURS-V2 and its raw observables/artifact are byte-exact to WCH.;Equivalent V2 row joined mechanically by probe_id.
P3F-CLOSURE-0071	L4-PROBE-0209	UNAVAILABLE-MANDATORY-PROBE	tmp/phase3c-evidence/probe-results.tsv	unavailable-mandatory-probe	T0 OURS original executable bytes unavailable after external drift; replay is separate	run the identical mandatory probe on frozen OURS-V2 and compare raw observables to WCH	RESOLVED-EXACT	tmp/phase3f-evidence/matrix/l4/probe-results.tsv::probe_id=TARGET-RANLIB-INDEX&side_id=OURS-V2	tmp/phase3f-evidence/matrix/l4/probe-results.tsv::probe_id=TARGET-RANLIB-INDEX&side_id=OURS-V2;analysis/toolchain/phase3f-feature-coverage-v2.tsv::L4-FEAT-PACKAGING	ordinal=39/57;probe_id=TARGET-RANLIB-INDEX;feature=L4-FEAT-PACKAGING;closure_event=P3F-EVENT-2087;The formerly unavailable mandatory row ran on frozen OURS-V2 and its raw observables/artifact are byte-exact to WCH.;Equivalent V2 row joined mechanically by probe_id.
P3F-CLOSURE-0072	L4-PROBE-0214	UNAVAILABLE-MANDATORY-PROBE	tmp/phase3c-evidence/probe-results.tsv	unavailable-mandatory-probe	T0 OURS original executable bytes unavailable after external drift; replay is separate	run the identical mandatory probe on frozen OURS-V2 and compare raw observables to WCH	RESOLVED-EXACT	tmp/phase3f-evidence/matrix/l4/probe-results.tsv::probe_id=STRIP-DEBUG&side_id=OURS-V2	tmp/phase3f-evidence/matrix/l4/probe-results.tsv::probe_id=STRIP-DEBUG&side_id=OURS-V2;analysis/toolchain/phase3f-feature-coverage-v2.tsv::L4-FEAT-TOOLS	ordinal=40/57;probe_id=STRIP-DEBUG;feature=L4-FEAT-TOOLS;closure_event=P3F-EVENT-2088;The formerly unavailable mandatory row ran on frozen OURS-V2 and its raw observables/artifact are byte-exact to WCH.;Equivalent V2 row joined mechanically by probe_id.
P3F-CLOSURE-0073	L4-PROBE-0219	UNAVAILABLE-MANDATORY-PROBE	tmp/phase3c-evidence/probe-results.tsv	unavailable-mandatory-probe	T0 OURS original executable bytes unavailable after external drift; replay is separate	run the identical mandatory probe on frozen OURS-V2 and compare raw observables to WCH	RESOLVED-EXACT	tmp/phase3f-evidence/matrix/l4/probe-results.tsv::probe_id=TARGET-STRIP-DEBUG&side_id=OURS-V2	tmp/phase3f-evidence/matrix/l4/probe-results.tsv::probe_id=TARGET-STRIP-DEBUG&side_id=OURS-V2;analysis/toolchain/phase3f-feature-coverage-v2.tsv::L4-FEAT-PACKAGING	ordinal=41/57;probe_id=TARGET-STRIP-DEBUG;feature=L4-FEAT-PACKAGING;closure_event=P3F-EVENT-2089;The formerly unavailable mandatory row ran on frozen OURS-V2 and its raw observables/artifact are byte-exact to WCH.;Equivalent V2 row joined mechanically by probe_id.
P3F-CLOSURE-0074	L4-PROBE-0224	UNAVAILABLE-MANDATORY-PROBE	tmp/phase3c-evidence/probe-results.tsv	unavailable-mandatory-probe	T0 OURS original executable bytes unavailable after external drift; replay is separate	run the identical mandatory probe on frozen OURS-V2 and compare raw observables to WCH	RESOLVED-EXACT	tmp/phase3f-evidence/matrix/l4/probe-results.tsv::probe_id=SIZE-OBJECT&side_id=OURS-V2	tmp/phase3f-evidence/matrix/l4/probe-results.tsv::probe_id=SIZE-OBJECT&side_id=OURS-V2;analysis/toolchain/phase3f-feature-coverage-v2.tsv::L4-FEAT-TOOLS	ordinal=42/57;probe_id=SIZE-OBJECT;feature=L4-FEAT-TOOLS;closure_event=P3F-EVENT-2090;The formerly unavailable mandatory row ran on frozen OURS-V2 and its raw observables/artifact are byte-exact to WCH.;Equivalent V2 row joined mechanically by probe_id.
P3F-CLOSURE-0075	L4-PROBE-0229	UNAVAILABLE-MANDATORY-PROBE	tmp/phase3c-evidence/probe-results.tsv	unavailable-mandatory-probe	T0 OURS original executable bytes unavailable after external drift; replay is separate	run the identical mandatory probe on frozen OURS-V2 and compare raw observables to WCH	RESOLVED-EXACT	tmp/phase3f-evidence/matrix/l4/probe-results.tsv::probe_id=STRINGS-OBJECT&side_id=OURS-V2	tmp/phase3f-evidence/matrix/l4/probe-results.tsv::probe_id=STRINGS-OBJECT&side_id=OURS-V2;analysis/toolchain/phase3f-feature-coverage-v2.tsv::L4-FEAT-TOOLS	ordinal=43/57;probe_id=STRINGS-OBJECT;feature=L4-FEAT-TOOLS;closure_event=P3F-EVENT-2091;The formerly unavailable mandatory row ran on frozen OURS-V2 and its raw observables/artifact are byte-exact to WCH.;Equivalent V2 row joined mechanically by probe_id.
P3F-CLOSURE-0076	L4-PROBE-0234	UNAVAILABLE-MANDATORY-PROBE	tmp/phase3c-evidence/probe-results.tsv	unavailable-mandatory-probe	T0 OURS original executable bytes unavailable after external drift; replay is separate	run the identical mandatory probe on frozen OURS-V2 and compare raw observables to WCH	RESOLVED-EXACT	tmp/phase3f-evidence/matrix/l4/probe-results.tsv::probe_id=ADDR2LINE-ELF&side_id=OURS-V2	tmp/phase3f-evidence/matrix/l4/probe-results.tsv::probe_id=ADDR2LINE-ELF&side_id=OURS-V2;analysis/toolchain/phase3f-feature-coverage-v2.tsv::L4-FEAT-TOOLS	ordinal=44/57;probe_id=ADDR2LINE-ELF;feature=L4-FEAT-TOOLS;closure_event=P3F-EVENT-2092;The formerly unavailable mandatory row ran on frozen OURS-V2 and its raw observables/artifact are byte-exact to WCH.;Equivalent V2 row joined mechanically by probe_id.
P3F-CLOSURE-0077	L4-PROBE-0239	UNAVAILABLE-MANDATORY-PROBE	tmp/phase3c-evidence/probe-results.tsv	unavailable-mandatory-probe	T0 OURS original executable bytes unavailable after external drift; replay is separate	run the identical mandatory probe on frozen OURS-V2 and compare raw observables to WCH	RESOLVED-EXACT	tmp/phase3f-evidence/matrix/l4/probe-results.tsv::probe_id=CXXFILT-STDIN&side_id=OURS-V2	tmp/phase3f-evidence/matrix/l4/probe-results.tsv::probe_id=CXXFILT-STDIN&side_id=OURS-V2;analysis/toolchain/phase3f-feature-coverage-v2.tsv::L4-FEAT-TOOLS	ordinal=45/57;probe_id=CXXFILT-STDIN;feature=L4-FEAT-TOOLS;closure_event=P3F-EVENT-2093;The formerly unavailable mandatory row ran on frozen OURS-V2 and its raw observables/artifact are byte-exact to WCH.;Equivalent V2 row joined mechanically by probe_id.
P3F-CLOSURE-0078	L4-PROBE-0244	UNAVAILABLE-MANDATORY-PROBE	tmp/phase3c-evidence/probe-results.tsv	unavailable-mandatory-probe	T0 OURS original executable bytes unavailable after external drift; replay is separate	run the identical mandatory probe on frozen OURS-V2 and compare raw observables to WCH	RESOLVED-EXACT	tmp/phase3f-evidence/matrix/l4/probe-results.tsv::probe_id=ELFEDIT-OSABI&side_id=OURS-V2	tmp/phase3f-evidence/matrix/l4/probe-results.tsv::probe_id=ELFEDIT-OSABI&side_id=OURS-V2;analysis/toolchain/phase3f-feature-coverage-v2.tsv::L4-FEAT-TOOLS	ordinal=46/57;probe_id=ELFEDIT-OSABI;feature=L4-FEAT-TOOLS;closure_event=P3F-EVENT-2094;The formerly unavailable mandatory row ran on frozen OURS-V2 and its raw observables/artifact are byte-exact to WCH.;Equivalent V2 row joined mechanically by probe_id.
P3F-CLOSURE-0079	L4-PROBE-0249	UNAVAILABLE-MANDATORY-PROBE	tmp/phase3c-evidence/probe-results.tsv	unavailable-mandatory-probe	T0 OURS original executable bytes unavailable after external drift; replay is separate	run the identical mandatory probe on frozen OURS-V2 and compare raw observables to WCH	RECLASSIFIED-GAP	analysis/toolchain/phase3f-feature-coverage-v2.tsv::L4-FEAT-ELFEDIT-MMAP	tmp/phase3f-evidence/matrix/l4/probe-results.tsv::probe_id=ELFEDIT-X86-FEATURE&side_id=OURS-V2	ordinal=47/57;probe_id=ELFEDIT-X86-FEATURE;feature=L4-FEAT-ELFEDIT-MMAP;closure_event=P3F-EVENT-2095;The formerly unavailable OURS row ran on frozen V2 and is a terminal carried L4-FEAT-ELFEDIT-MMAP GAP.;GAP is forwarded, not consumed by closure accounting.
P3F-CLOSURE-0080	L4-PROBE-0254	UNAVAILABLE-MANDATORY-PROBE	tmp/phase3c-evidence/probe-results.tsv	unavailable-mandatory-probe	T0 OURS original executable bytes unavailable after external drift; replay is separate	run the identical mandatory probe on frozen OURS-V2 and compare raw observables to WCH	RECLASSIFIED-GAP	analysis/toolchain/phase3f-feature-coverage-v2.tsv::L4-FEAT-ELFEDIT-MMAP	tmp/phase3f-evidence/matrix/l4/probe-results.tsv::probe_id=ELFEDIT-HELP&side_id=OURS-V2	ordinal=48/57;probe_id=ELFEDIT-HELP;feature=L4-FEAT-TOOLS-NEGSPACE;closure_event=P3F-EVENT-2096;The WCH-only mmap-gated elfedit help surface corroborates the terminal ELFEDIT-MMAP GAP.;The canonical L4 tools negative-space row remains covered; only this probe is assigned to the mmap GAP.
P3F-CLOSURE-0081	L4-PROBE-0259	UNAVAILABLE-MANDATORY-PROBE	tmp/phase3c-evidence/probe-results.tsv	unavailable-mandatory-probe	T0 OURS original executable bytes unavailable after external drift; replay is separate	run the identical mandatory probe on frozen OURS-V2 and compare raw observables to WCH	RESOLVED-EXACT	tmp/phase3f-evidence/matrix/l4/probe-results.tsv::probe_id=GPROF-VERSION&side_id=OURS-V2	tmp/phase3f-evidence/matrix/l4/probe-results.tsv::probe_id=GPROF-VERSION&side_id=OURS-V2;analysis/toolchain/phase3f-feature-coverage-v2.tsv::L4-FEAT-TOOLS	ordinal=49/57;probe_id=GPROF-VERSION;feature=L4-FEAT-TOOLS;closure_event=P3F-EVENT-2097;The formerly unavailable mandatory row ran on frozen OURS-V2 and its raw observables/artifact are byte-exact to WCH.;Equivalent V2 row joined mechanically by probe_id.
P3F-CLOSURE-0082	L4-PROBE-0264	UNAVAILABLE-MANDATORY-PROBE	tmp/phase3c-evidence/probe-results.tsv	unavailable-mandatory-probe	T0 OURS original executable bytes unavailable after external drift; replay is separate	run the identical mandatory probe on frozen OURS-V2 and compare raw observables to WCH	RESOLVED-EXACT	tmp/phase3f-evidence/matrix/l4-physical/attempts/attempt-1/probe-results.tsv::probe_id=GPROF-HELP&side_id=OURS-V2	tmp/phase3f-evidence/matrix/l4-physical/attempts/attempt-1/probe-results.tsv::probe_id=GPROF-HELP&side_id=OURS-V2	ordinal=50/57;probe_id=GPROF-HELP;feature=L4-FEAT-TOOLS-NEGSPACE;closure_event=P3F-EVENT-2098;The formerly unavailable row ran sequentially through one physical install path and its raw observables are byte-exact to WCH.;No normalization; copied executable and inputs were unchanged pre/post.
P3F-CLOSURE-0083	L4-PROBE-0269	UNAVAILABLE-MANDATORY-PROBE	tmp/phase3c-evidence/probe-results.tsv	unavailable-mandatory-probe	T0 OURS original executable bytes unavailable after external drift; replay is separate	run the identical mandatory probe on frozen OURS-V2 and compare raw observables to WCH	RESOLVED-EXACT	tmp/phase3f-evidence/matrix/l4/probe-results.tsv::probe_id=GCOV-VERSION&side_id=OURS-V2	tmp/phase3f-evidence/matrix/l4/probe-results.tsv::probe_id=GCOV-VERSION&side_id=OURS-V2;analysis/toolchain/phase3f-feature-coverage-v2.tsv::L4-FEAT-GCC-AUX	ordinal=51/57;probe_id=GCOV-VERSION;feature=L4-FEAT-GCC-AUX;closure_event=P3F-EVENT-2099;The formerly unavailable mandatory row ran on frozen OURS-V2 and its raw observables/artifact are byte-exact to WCH.;Equivalent V2 row joined mechanically by probe_id.
P3F-CLOSURE-0084	L4-PROBE-0274	UNAVAILABLE-MANDATORY-PROBE	tmp/phase3c-evidence/probe-results.tsv	unavailable-mandatory-probe	T0 OURS original executable bytes unavailable after external drift; replay is separate	run the identical mandatory probe on frozen OURS-V2 and compare raw observables to WCH	RESOLVED-EXACT	tmp/phase3f-evidence/matrix/l4/probe-results.tsv::probe_id=GCOV-DUMP-VERSION&side_id=OURS-V2	tmp/phase3f-evidence/matrix/l4/probe-results.tsv::probe_id=GCOV-DUMP-VERSION&side_id=OURS-V2;analysis/toolchain/phase3f-feature-coverage-v2.tsv::L4-FEAT-GCC-AUX	ordinal=52/57;probe_id=GCOV-DUMP-VERSION;feature=L4-FEAT-GCC-AUX;closure_event=P3F-EVENT-2100;The formerly unavailable mandatory row ran on frozen OURS-V2 and its raw observables/artifact are byte-exact to WCH.;Equivalent V2 row joined mechanically by probe_id.
P3F-CLOSURE-0085	L4-PROBE-0279	UNAVAILABLE-MANDATORY-PROBE	tmp/phase3c-evidence/probe-results.tsv	unavailable-mandatory-probe	T0 OURS original executable bytes unavailable after external drift; replay is separate	run the identical mandatory probe on frozen OURS-V2 and compare raw observables to WCH	RESOLVED-EXACT	tmp/phase3f-evidence/matrix/l4/probe-results.tsv::probe_id=GCOV-TOOL-VERSION&side_id=OURS-V2	tmp/phase3f-evidence/matrix/l4/probe-results.tsv::probe_id=GCOV-TOOL-VERSION&side_id=OURS-V2;analysis/toolchain/phase3f-feature-coverage-v2.tsv::L4-FEAT-GCC-AUX	ordinal=53/57;probe_id=GCOV-TOOL-VERSION;feature=L4-FEAT-GCC-AUX;closure_event=P3F-EVENT-2101;The formerly unavailable mandatory row ran on frozen OURS-V2 and its raw observables/artifact are byte-exact to WCH.;Equivalent V2 row joined mechanically by probe_id.
P3F-CLOSURE-0086	L4-PROBE-0284	UNAVAILABLE-MANDATORY-PROBE	tmp/phase3c-evidence/probe-results.tsv	unavailable-mandatory-probe	T0 OURS original executable bytes unavailable after external drift; replay is separate	run the identical mandatory probe on frozen OURS-V2 and compare raw observables to WCH	RESOLVED-EXACT	tmp/phase3f-evidence/matrix/l4/probe-results.tsv::probe_id=LTO-DUMP-VERSION&side_id=OURS-V2	tmp/phase3f-evidence/matrix/l4/probe-results.tsv::probe_id=LTO-DUMP-VERSION&side_id=OURS-V2;analysis/toolchain/phase3f-feature-coverage-v2.tsv::L4-FEAT-LTO-PLUGIN	ordinal=54/57;probe_id=LTO-DUMP-VERSION;feature=L4-FEAT-LTO-PLUGIN;closure_event=P3F-EVENT-2102;The formerly unavailable mandatory row ran on frozen OURS-V2 and its raw observables/artifact are byte-exact to WCH.;Equivalent V2 row joined mechanically by probe_id.
P3F-CLOSURE-0087	L4-PROBE-0289	UNAVAILABLE-MANDATORY-PROBE	tmp/phase3c-evidence/probe-results.tsv	unavailable-mandatory-probe	T0 OURS original executable bytes unavailable after external drift; replay is separate	run the identical mandatory probe on frozen OURS-V2 and compare raw observables to WCH	RESOLVED-EXACT	tmp/phase3f-evidence/matrix/l4/probe-results.tsv::probe_id=GCC-AR-TABLE&side_id=OURS-V2	tmp/phase3f-evidence/matrix/l4/probe-results.tsv::probe_id=GCC-AR-TABLE&side_id=OURS-V2;analysis/toolchain/phase3f-feature-coverage-v2.tsv::L4-FEAT-LTO-PLUGIN	ordinal=55/57;probe_id=GCC-AR-TABLE;feature=L4-FEAT-LTO-PLUGIN;closure_event=P3F-EVENT-2103;The formerly unavailable mandatory row ran on frozen OURS-V2 and its raw observables/artifact are byte-exact to WCH.;Equivalent V2 row joined mechanically by probe_id.
P3F-CLOSURE-0088	L4-PROBE-0294	UNAVAILABLE-MANDATORY-PROBE	tmp/phase3c-evidence/probe-results.tsv	unavailable-mandatory-probe	T0 OURS original executable bytes unavailable after external drift; replay is separate	run the identical mandatory probe on frozen OURS-V2 and compare raw observables to WCH	RESOLVED-EXACT	tmp/phase3f-evidence/matrix/l4/probe-results.tsv::probe_id=GCC-NM-OBJECT&side_id=OURS-V2	tmp/phase3f-evidence/matrix/l4/probe-results.tsv::probe_id=GCC-NM-OBJECT&side_id=OURS-V2;analysis/toolchain/phase3f-feature-coverage-v2.tsv::L4-FEAT-LTO-PLUGIN	ordinal=56/57;probe_id=GCC-NM-OBJECT;feature=L4-FEAT-LTO-PLUGIN;closure_event=P3F-EVENT-2104;The formerly unavailable mandatory row ran on frozen OURS-V2 and its raw observables/artifact are byte-exact to WCH.;Equivalent V2 row joined mechanically by probe_id.
P3F-CLOSURE-0089	L4-PROBE-0299	UNAVAILABLE-MANDATORY-PROBE	tmp/phase3c-evidence/probe-results.tsv	unavailable-mandatory-probe	T0 OURS original executable bytes unavailable after external drift; replay is separate	run the identical mandatory probe on frozen OURS-V2 and compare raw observables to WCH	RESOLVED-EXACT	tmp/phase3f-evidence/matrix/l4/probe-results.tsv::probe_id=GCC-RANLIB-INDEX&side_id=OURS-V2	tmp/phase3f-evidence/matrix/l4/probe-results.tsv::probe_id=GCC-RANLIB-INDEX&side_id=OURS-V2;analysis/toolchain/phase3f-feature-coverage-v2.tsv::L4-FEAT-LTO-PLUGIN	ordinal=57/57;probe_id=GCC-RANLIB-INDEX;feature=L4-FEAT-LTO-PLUGIN;closure_event=P3F-EVENT-2105;The formerly unavailable mandatory row ran on frozen OURS-V2 and its raw observables/artifact are byte-exact to WCH.;Equivalent V2 row joined mechanically by probe_id.
P3F-CLOSURE-0090	L1-PROBE-0166	MANDATORY-MISMATCH	tmp/phase3c-evidence/probe-results.tsv	mandatory-mismatch	BEHAVIOR-DIFF	rerun the identical mandatory probe on frozen OURS-V2 and classify exact, explained, or gap	RECLASSIFIED-COVERED	analysis/toolchain/phase3f-feature-coverage-v2.tsv::L1-FEAT-IDENTITY	tmp/phase3f-evidence/matrix/identity-physical/results.tsv::OURS-V2;tmp/phase3f-evidence/matrix/identity-physical/summary.json	ordinal=1/18;probe_id=ID-VERBOSE;feature=L1-FEAT-IDENTITY;closure_event=P3F-EVENT-0090;Same-physical-path sequential control makes WCH versus V2 raw gcc -v output byte-exact.;No normalization; the historical raw diff was install-path-bearing.
P3F-CLOSURE-0091	L1-PROBE-0180	MANDATORY-MISMATCH	tmp/phase3c-evidence/probe-results.tsv	mandatory-mismatch	BEHAVIOR-DIFF	rerun the identical mandatory probe on frozen OURS-V2 and classify exact, explained, or gap	RECLASSIFIED-GAP	analysis/toolchain/phase3f-feature-coverage-v2.tsv::L1-FEAT-ZSTD	tmp/phase3f-evidence/matrix/driver/ours-v2-mismatch-summary.tsv::probe_id=ID-DUMPSPECS	ordinal=2/18;probe_id=ID-DUMPSPECS;feature=L1-FEAT-ZSTD;closure_event=P3F-EVENT-0091;V2 rerun confirms the historical mismatch as the terminal zstd capability/packaging GAP.;Carried GAP remains forwarded with configure/link/packaging repair surface.
P3F-CLOSURE-0092	L1-PROBE-0194	MANDATORY-MISMATCH	tmp/phase3c-evidence/probe-results.tsv	mandatory-mismatch	BEHAVIOR-DIFF	rerun the identical mandatory probe on frozen OURS-V2 and classify exact, explained, or gap	RECLASSIFIED-GAP	analysis/toolchain/phase3f-feature-coverage-v2.tsv::L1-FEAT-ZSTD	tmp/phase3f-evidence/matrix/driver/ours-v2-mismatch-summary.tsv::probe_id=HASH-GZ-ZSTD	ordinal=3/18;probe_id=HASH-GZ-ZSTD;feature=L1-FEAT-ZSTD;closure_event=P3F-EVENT-0092;V2 rerun confirms the historical mismatch as the terminal zstd capability/packaging GAP.;Carried GAP remains forwarded with configure/link/packaging repair surface.
P3F-CLOSURE-0093	L1-PROBE-0199	MANDATORY-MISMATCH	tmp/phase3c-evidence/probe-results.tsv	mandatory-mismatch	BYTE-DIFF	rerun the identical mandatory probe on frozen OURS-V2 and classify exact, explained, or gap	RECLASSIFIED-GAP	analysis/toolchain/phase3f-feature-coverage-v2.tsv::L2-FEAT-LTO	tmp/phase3f-evidence/agents/binary-analysis/lto-v2/analysis/summary.json;tmp/phase3f-evidence/agents/binary-analysis/lto-v2/validation.json	ordinal=4/18;probe_id=BUILD-LTO;feature=L1-FEAT-LTO-OBJECT;closure_event=P3F-EVENT-0093;V2 confirms six slim-LTO .o byte diffs: container/serialization for no-debug and statement-frontier debug markers for O2+g3; final ELF/BIN remain exact.;The .o gate remains GAP despite exact final artifacts.
P3F-CLOSURE-0094	L1-PROBE-0238	MANDATORY-MISMATCH	tmp/phase3c-evidence/probe-results.tsv	mandatory-mismatch	BYTE-DIFF	rerun the identical mandatory probe on frozen OURS-V2 and classify exact, explained, or gap	RECLASSIFIED-GAP	analysis/toolchain/phase3f-feature-coverage-v2.tsv::L1-FEAT-ZSTD	tmp/phase3f-evidence/matrix/driver/ours-v2-mismatch-summary.tsv::probe_id=ZSTD-GCC	ordinal=5/18;probe_id=ZSTD-GCC;feature=L1-FEAT-ZSTD;closure_event=P3F-EVENT-0094;V2 rerun confirms the historical mismatch as the terminal zstd capability/packaging GAP.;Carried GAP remains forwarded with configure/link/packaging repair surface.
P3F-CLOSURE-0095	L1-PROBE-0239	MANDATORY-MISMATCH	tmp/phase3c-evidence/probe-results.tsv	mandatory-mismatch	BEHAVIOR-DIFF	rerun the identical mandatory probe on frozen OURS-V2 and classify exact, explained, or gap	RECLASSIFIED-GAP	analysis/toolchain/phase3f-feature-coverage-v2.tsv::L1-FEAT-ZSTD	tmp/phase3f-evidence/matrix/driver/ours-v2-mismatch-summary.tsv::probe_id=ZSTD-AS	ordinal=6/18;probe_id=ZSTD-AS;feature=L1-FEAT-ZSTD;closure_event=P3F-EVENT-0095;V2 rerun confirms the historical mismatch as the terminal zstd capability/packaging GAP.;Carried GAP remains forwarded with configure/link/packaging repair surface.
P3F-CLOSURE-0096	L1-PROBE-0240	MANDATORY-MISMATCH	tmp/phase3c-evidence/probe-results.tsv	mandatory-mismatch	BEHAVIOR-DIFF	rerun the identical mandatory probe on frozen OURS-V2 and classify exact, explained, or gap	RECLASSIFIED-GAP	analysis/toolchain/phase3f-feature-coverage-v2.tsv::L1-FEAT-ZSTD	tmp/phase3f-evidence/matrix/driver/ours-v2-mismatch-summary.tsv::probe_id=ZSTD-LD-CANON	ordinal=7/18;probe_id=ZSTD-LD-CANON;feature=L1-FEAT-ZSTD;closure_event=P3F-EVENT-0096;V2 rerun confirms the historical mismatch as the terminal zstd capability/packaging GAP.;Carried GAP remains forwarded with configure/link/packaging repair surface.
P3F-CLOSURE-0097	L1-PROBE-0242	MANDATORY-MISMATCH	tmp/phase3c-evidence/probe-results.tsv	mandatory-mismatch	BEHAVIOR-DIFF	rerun the identical mandatory probe on frozen OURS-V2 and classify exact, explained, or gap	RECLASSIFIED-GAP	analysis/toolchain/phase3f-feature-coverage-v2.tsv::L1-FEAT-ZSTD	tmp/phase3f-evidence/matrix/driver/ours-v2-mismatch-summary.tsv::probe_id=ZSTD-READELF-DEBUG	ordinal=8/18;probe_id=ZSTD-READELF-DEBUG;feature=L1-FEAT-ZSTD;closure_event=P3F-EVENT-0097;V2 rerun confirms the historical mismatch as the terminal zstd capability/packaging GAP.;Carried GAP remains forwarded with configure/link/packaging repair surface.
P3F-CLOSURE-0098	L1-PROBE-0244	MANDATORY-MISMATCH	tmp/phase3c-evidence/probe-results.tsv	mandatory-mismatch	BEHAVIOR-DIFF	rerun the identical mandatory probe on frozen OURS-V2 and classify exact, explained, or gap	RECLASSIFIED-GAP	analysis/toolchain/phase3f-feature-coverage-v2.tsv::L1-FEAT-ZSTD	tmp/phase3f-evidence/matrix/driver/ours-v2-mismatch-summary.tsv::probe_id=ZSTD-OBJCOPY-DECOMP	ordinal=9/18;probe_id=ZSTD-OBJCOPY-DECOMP;feature=L1-FEAT-ZSTD;closure_event=P3F-EVENT-0098;V2 rerun confirms the historical mismatch as the terminal zstd capability/packaging GAP.;Carried GAP remains forwarded with configure/link/packaging repair surface.
P3F-CLOSURE-0099	L1-PROBE-0245	MANDATORY-MISMATCH	tmp/phase3c-evidence/probe-results.tsv	mandatory-mismatch	BEHAVIOR-DIFF	rerun the identical mandatory probe on frozen OURS-V2 and classify exact, explained, or gap	RECLASSIFIED-GAP	analysis/toolchain/phase3f-feature-coverage-v2.tsv::L1-FEAT-ZSTD	tmp/phase3f-evidence/matrix/driver/ours-v2-mismatch-summary.tsv::probe_id=ZSTD-OBJCOPY-COMP	ordinal=10/18;probe_id=ZSTD-OBJCOPY-COMP;feature=L1-FEAT-ZSTD;closure_event=P3F-EVENT-0099;V2 rerun confirms the historical mismatch as the terminal zstd capability/packaging GAP.;Carried GAP remains forwarded with configure/link/packaging repair surface.
P3F-CLOSURE-0100	L2-MATRIX-0180	MANDATORY-MISMATCH	tmp/phase3c-evidence/probe-results.tsv	mandatory-mismatch	BYTE-DIFF	rerun the identical mandatory probe on frozen OURS-V2 and classify exact, explained, or gap	RECLASSIFIED-GAP	analysis/toolchain/phase3f-feature-coverage-v2.tsv::L2-FEAT-LTO	tmp/phase3f-evidence/agents/binary-analysis/lto-v2/analysis/summary.json;tmp/phase3f-evidence/agents/binary-analysis/lto-v2/validation.json	ordinal=11/18;probe_id=lto_O0;feature=L2-BE-LTO-SLIM-DIFF;closure_event=P3F-EVENT-0100;V2 confirms six slim-LTO .o byte diffs: container/serialization for no-debug and statement-frontier debug markers for O2+g3; final ELF/BIN remain exact.;The .o gate remains GAP despite exact final artifacts.
P3F-CLOSURE-0101	L2-MATRIX-0181	MANDATORY-MISMATCH	tmp/phase3c-evidence/probe-results.tsv	mandatory-mismatch	BYTE-DIFF	rerun the identical mandatory probe on frozen OURS-V2 and classify exact, explained, or gap	RECLASSIFIED-GAP	analysis/toolchain/phase3f-feature-coverage-v2.tsv::L2-FEAT-LTO	tmp/phase3f-evidence/agents/binary-analysis/lto-v2/analysis/summary.json;tmp/phase3f-evidence/agents/binary-analysis/lto-v2/validation.json	ordinal=12/18;probe_id=lto_O0;feature=L2-BE-LTO-SLIM-DIFF;closure_event=P3F-EVENT-0101;V2 confirms six slim-LTO .o byte diffs: container/serialization for no-debug and statement-frontier debug markers for O2+g3; final ELF/BIN remain exact.;The .o gate remains GAP despite exact final artifacts.
P3F-CLOSURE-0102	L2-MATRIX-0192	MANDATORY-MISMATCH	tmp/phase3c-evidence/probe-results.tsv	mandatory-mismatch	BYTE-DIFF	rerun the identical mandatory probe on frozen OURS-V2 and classify exact, explained, or gap	RECLASSIFIED-GAP	analysis/toolchain/phase3f-feature-coverage-v2.tsv::L2-FEAT-LTO	tmp/phase3f-evidence/agents/binary-analysis/lto-v2/analysis/summary.json;tmp/phase3f-evidence/agents/binary-analysis/lto-v2/validation.json	ordinal=13/18;probe_id=lto_O2;feature=L2-BE-LTO-SLIM-DIFF;closure_event=P3F-EVENT-0102;V2 confirms six slim-LTO .o byte diffs: container/serialization for no-debug and statement-frontier debug markers for O2+g3; final ELF/BIN remain exact.;The .o gate remains GAP despite exact final artifacts.
P3F-CLOSURE-0103	L2-MATRIX-0193	MANDATORY-MISMATCH	tmp/phase3c-evidence/probe-results.tsv	mandatory-mismatch	BYTE-DIFF	rerun the identical mandatory probe on frozen OURS-V2 and classify exact, explained, or gap	RECLASSIFIED-GAP	analysis/toolchain/phase3f-feature-coverage-v2.tsv::L2-FEAT-LTO	tmp/phase3f-evidence/agents/binary-analysis/lto-v2/analysis/summary.json;tmp/phase3f-evidence/agents/binary-analysis/lto-v2/validation.json	ordinal=14/18;probe_id=lto_O2;feature=L2-BE-LTO-SLIM-DIFF;closure_event=P3F-EVENT-0103;V2 confirms six slim-LTO .o byte diffs: container/serialization for no-debug and statement-frontier debug markers for O2+g3; final ELF/BIN remain exact.;The .o gate remains GAP despite exact final artifacts.
P3F-CLOSURE-0104	L2-MATRIX-0204	MANDATORY-MISMATCH	tmp/phase3c-evidence/probe-results.tsv	mandatory-mismatch	BYTE-DIFF	rerun the identical mandatory probe on frozen OURS-V2 and classify exact, explained, or gap	RECLASSIFIED-GAP	analysis/toolchain/phase3f-feature-coverage-v2.tsv::L2-FEAT-LTO	tmp/phase3f-evidence/agents/binary-analysis/lto-v2/analysis/summary.json;tmp/phase3f-evidence/agents/binary-analysis/lto-v2/validation.json	ordinal=15/18;probe_id=lto_O2_debug;feature=L2-BE-LTO-SLIM-DIFF;closure_event=P3F-EVENT-0104;V2 confirms six slim-LTO .o byte diffs: container/serialization for no-debug and statement-frontier debug markers for O2+g3; final ELF/BIN remain exact.;The .o gate remains GAP despite exact final artifacts.
P3F-CLOSURE-0105	L2-MATRIX-0205	MANDATORY-MISMATCH	tmp/phase3c-evidence/probe-results.tsv	mandatory-mismatch	BYTE-DIFF	rerun the identical mandatory probe on frozen OURS-V2 and classify exact, explained, or gap	RECLASSIFIED-GAP	analysis/toolchain/phase3f-feature-coverage-v2.tsv::L2-FEAT-LTO	tmp/phase3f-evidence/agents/binary-analysis/lto-v2/analysis/summary.json;tmp/phase3f-evidence/agents/binary-analysis/lto-v2/validation.json	ordinal=16/18;probe_id=lto_O2_debug;feature=L2-BE-LTO-SLIM-DIFF;closure_event=P3F-EVENT-0105;V2 confirms six slim-LTO .o byte diffs: container/serialization for no-debug and statement-frontier debug markers for O2+g3; final ELF/BIN remain exact.;The .o gate remains GAP despite exact final artifacts.
P3F-CLOSURE-0106	L3-HW-d-c-xw-default-OURS	MANDATORY-MISMATCH	tmp/phase3c-evidence/probe-results.tsv	mandatory-mismatch	DIFF:8192/65536	rerun the identical mandatory probe on frozen OURS-V2 and classify exact, explained, or gap	RECLASSIFIED-COVERED	analysis/toolchain/phase3f-feature-coverage-v2.tsv::L3-FEAT-DCXW-PRIORITY	tmp/phase3f-evidence/matrix/gas/halfword-objdump/summary.json;tmp/phase3f-evidence/matrix/gas/summary.json	ordinal=17/18;probe_id=L3-PROBE-HALFWORD-EXHAUSTIVE;feature=L3-FEAT-DCXW-PRIORITY;closure_event=P3F-EVENT-0106;The V2 halfword exhaustive rerun is exact for all 65,536 halfwords across four profiles and both alias modes.;Binutils patch 0006/configure V2 supersedes the historical priority mismatch.
P3F-CLOSURE-0107	L3-HW-d-c-xw-no-aliases-OURS	MANDATORY-MISMATCH	tmp/phase3c-evidence/probe-results.tsv	mandatory-mismatch	DIFF:8192/65536	rerun the identical mandatory probe on frozen OURS-V2 and classify exact, explained, or gap	RECLASSIFIED-COVERED	analysis/toolchain/phase3f-feature-coverage-v2.tsv::L3-FEAT-DCXW-PRIORITY	tmp/phase3f-evidence/matrix/gas/halfword-objdump/summary.json;tmp/phase3f-evidence/matrix/gas/summary.json	ordinal=18/18;probe_id=L3-PROBE-HALFWORD-EXHAUSTIVE;feature=L3-FEAT-DCXW-PRIORITY;closure_event=P3F-EVENT-0107;The V2 halfword exhaustive rerun is exact for all 65,536 halfwords across four profiles and both alias modes.;Binutils patch 0006/configure V2 supersedes the historical priority mismatch.
P3F-CLOSURE-0108	L2-ERR-038	UNRESOLVED-ERRATA	tmp/phase3c-evidence/errata-gcc-audit.tsv	unresolved-errata	nested interrupt/calling ABI/on-device vector state	close toolchain evidence; rule hardware runtime ABI safety out of byte gate with explicit residual risk	RECLASSIFIED-GAP	analysis/toolchain/phase3f-errata-audit-v2.tsv::L2-ERR-038	analysis/toolchain/phase3f-feature-coverage-v2.tsv::L2-FEAT-FASTIRQ;tmp/phase3f-evidence/agents/binary-analysis/errata/v2-audit/finding-comparison-ledger.tsv::L2-ERR-038;tmp/phase3f-evidence/agents/binary-analysis/errata/v2-audit/residual-risk-ledger.tsv::RR-VECTOR-HPE-NESTING	semantic_finding_id=SEM-PROC-VECTOR;closure_event=P3F-EVENT-0637;WCH omits vector saves while V2 saves/restores v0-v31 in all O0/O2/Os cells; exact O2 GIMPLE localizes the GAP to backend fast-interrupt frame handling.;Compiler GAP retained. On-device vector/HPE nesting safety is a separate RULED-OUT-OF-GATE residual risk and does not override it.
P3F-CLOSURE-0109	RF-LIMIT-001	REVIEWER-FINAL-LIMITATION	tmp/phase3c-evidence/agents/reviewer-final/REPORT.md	reviewer-final-limitation	matched-side manifest size/SHA stored in manifest_status	parse special encoding and publish normal V2 manifest fields	RESOLVED-EXPLAINED	tmp/phase3f-evidence/agents/binary-analysis/host-t5/audit-inputs.tsv	tmp/phase3f-evidence/agents/binary-analysis/host-t5/audit-inputs.tsv	closure_event=P3F-EVENT-0109;V2 manifests and file-side hashes/sizes are normal fields in dynamic path/tiling ledgers.;This closes the historical reviewer limitation only; it does not change the independent Phase-3f poststate verdict.
P3F-CLOSURE-0110	RF-LIMIT-002	REVIEWER-FINAL-LIMITATION	tmp/phase3c-evidence/agents/reviewer-final/REPORT.md	reviewer-final-limitation	lane reports predate merged interval rows and contain denominator caveats	recompute all V2 denominators from final machine ledgers	RESOLVED-EXACT	tmp/phase3f-evidence/agents/binary-analysis/host-t5/summary.json	tmp/phase3f-evidence/agents/binary-analysis/host-t5/summary.json	closure_event=P3F-EVENT-0110;V2 denominators were recomputed from final ledgers: 47 paths, 188 file sides and 8,166 intervals.;This closes the historical reviewer limitation only; it does not change the independent Phase-3f poststate verdict.
P3F-CLOSURE-0111	RF-LIMIT-003	REVIEWER-FINAL-LIMITATION	tmp/phase3c-evidence/agents/reviewer-final/REPORT.md	reviewer-final-limitation	81/81 mapped included nonfunctional targets with weak referential closure	publish explicit canonical/nonfunctional mapping denominator	RESOLVED-EXPLAINED	tmp/phase3f-evidence/agents/binary-analysis/host-t5/functional-feature-mapping.tsv	tmp/phase3f-evidence/agents/binary-analysis/host-t5/functional-feature-mapping.tsv	closure_event=P3F-EVENT-0994;Exactly 1,340 V2 functional rows are terminally adjudicated: 748 map to canonical features, 388 host-ABI rows and 204 generic host-data rows are separately reclassified; historical broad IDs are hint-only.;This closes the historical reviewer limitation only; it does not change the independent Phase-3f poststate verdict.
P3F-CLOSURE-0112	RF-LIMIT-004	REVIEWER-FINAL-LIMITATION	tmp/phase3c-evidence/agents/reviewer-final/REPORT.md	reviewer-final-limitation	original strict-validation command omitted declared I/O hashes	run Phase 3f validators through the command wrapper	RESOLVED-EXACT	tmp/phase3f-evidence/validation/wrapper-coverage.json	tmp/phase3f-evidence/validation/wrapper-coverage.json;tmp/phase3f-evidence/command-ledger.tsv;tmp/phase3f-evidence/agents/binary-analysis/host-t5/audit-inputs.tsv	closure_event=P3F-EVENT-2117;The complete non-self-referential final leaf-validator set ran through the declared-I/O wrapper; the independent coverage attestation SHA-256 is f44689baf7fb4343cb090e7b39d1be05a8a39851f65a82ba59716d098e0db806 and checks exact command specs, present closed-world inputs, stable before/after snapshots, current input re-hashes, and current output hashes. T5 additionally hashes its declared inputs.;This closes the historical reviewer limitation only; it does not change the independent Phase-3f poststate verdict.
P3F-CLOSURE-0113	RF-LIMIT-005	REVIEWER-FINAL-LIMITATION	tmp/phase3c-evidence/agents/reviewer-final/REPORT.md	reviewer-final-limitation	reviewer did not reparse every full Mach-O original; semantic closure remained unresolved	map functional regions to terminal V2 features and decide pure host bytes by gate rule	RULED-OUT-OF-GATE	tmp/phase3f-evidence/agents/binary-analysis/host-t5/decision-record.tsv::P3F-T5-HOST-MACHO	tmp/phase3f-evidence/agents/binary-analysis/host-t5/decision-record.tsv::P3F-T5-HOST-MACHO;tmp/phase3f-evidence/agents/binary-analysis/host-t5/host-byte-disposition.tsv;tmp/phase3f-evidence/agents/binary-analysis/host-t5/negative-space-candidates.tsv	closure_event=P3F-EVENT-1516;Functional regions map terminal and 6,826 remaining pure-host intervals are outside the gate.;This closes the historical reviewer limitation only; it does not change the independent Phase-3f poststate verdict.
P3F-CLOSURE-0114	RF-LIMIT-006	REVIEWER-FINAL-LIMITATION	tmp/phase3c-evidence/agents/reviewer-final/REPORT.md	reviewer-final-limitation	errata negatives were bounded and vector ABI remained unresolved	run per-finding bounded negatives and report vector ABI residual risk	RESOLVED-EXPLAINED	tmp/phase3f-evidence/agents/binary-analysis/errata/v2-audit/summary.json	tmp/phase3f-evidence/agents/binary-analysis/errata/v2-audit/summary.json;tmp/phase3f-evidence/agents/binary-analysis/errata/v2-audit/residual-risk-ledger.tsv	closure_event=P3F-EVENT-0114;All 44 findings were individually adjudicated; the vector compiler GAP and hardware residual risk remain explicit.;This closes the historical reviewer limitation only; it does not change the independent Phase-3f poststate verdict.
P3F-CLOSURE-0115	PHASE3C-VERDICT-INVALID	INVALID-VERDICT	analysis/toolchain/phase3c-wch-deep-diff.md	invalid-verdict	immutable boundary was broken by concurrent Phase 3b work and frozen OURS originals disappeared	prove a quiescent pristine OURS-V2 provenance/freeze boundary and record any invalid attempts separately	SUPERSEDED-BY-V2	tmp/phase3f-evidence/provenance/summary.txt;tmp/phase3f-evidence/manifests/OURS-V2.tsv	tmp/phase3f-evidence/poststate/current/audit.tsv::finding_id=PS-FROZEN-OURS;tmp/phase3f-evidence/poststate/current/audit.tsv::finding_id=PS-PROVENANCE-FREEZE;tmp/phase3f-evidence/poststate/current/audit.tsv::finding_id=PS-VALIDITY-INVALID	closure_event=P3F-EVENT-2115;The Phase-3c invalid original is replaced for analysis by a separately proven, immutable GCC3+binutils6 V2 snapshot.;This does not declare Phase 3f valid. Phase 3f has a new independent INVALID finding (the protected GCC series advanced after freeze, with active drift and golden-alias non-restoration) in poststate PS-VALIDITY-INVALID.
P3F-CLOSURE-0116	BIN-COV-0001	HOST-MACHO-SEMANTIC-OBLIGATION	tmp/phase3c-evidence/binary-coverage-obligations.tsv	host-macho-semantic-obligation	Phase 3c semantic_status=UNRESOLVED	map the equivalent V2 functional code/data to a terminal canonical feature; then classify remaining pure host bytes out of gate	SUPERSEDED-BY-V2	tmp/phase3f-evidence/agents/binary-analysis/host-t5/closure-obligation-projection.tsv::P3F-CLOSURE-0116	tmp/phase3f-evidence/agents/binary-analysis/host-t5/obligation-supersession.tsv::BIN-COV-0001;tmp/phase3f-evidence/agents/binary-analysis/host-t5/functional-feature-mapping.tsv;tmp/phase3f-evidence/agents/binary-analysis/host-t5/path-denominator-ledger.tsv;tmp/phase3f-evidence/agents/binary-analysis/host-t5/tiling-validation.tsv	group=BINUTILS-ADDR2LINE;side=WCH;path=bin/riscv32-wch-elf-addr2line;closure_event=P3F-EVENT-1517;The historical file-side semantic obligation is replaced by its exact path/side V2 obligation; all 1,340 V2 functional intervals are terminally adjudicated (748 feature-mapped, 388 host-ABI, 204 host-data).;Terminal feature mappings retain all target-facing GAP states; supersession does not assert host-binary byte equality.
P3F-CLOSURE-0117	BIN-COV-0002	HOST-MACHO-SEMANTIC-OBLIGATION	tmp/phase3c-evidence/binary-coverage-obligations.tsv	host-macho-semantic-obligation	Phase 3c semantic_status=UNRESOLVED	map the equivalent V2 functional code/data to a terminal canonical feature; then classify remaining pure host bytes out of gate	SUPERSEDED-BY-V2	tmp/phase3f-evidence/agents/binary-analysis/host-t5/closure-obligation-projection.tsv::P3F-CLOSURE-0117	tmp/phase3f-evidence/agents/binary-analysis/host-t5/obligation-supersession.tsv::BIN-COV-0002;tmp/phase3f-evidence/agents/binary-analysis/host-t5/functional-feature-mapping.tsv;tmp/phase3f-evidence/agents/binary-analysis/host-t5/path-denominator-ledger.tsv;tmp/phase3f-evidence/agents/binary-analysis/host-t5/tiling-validation.tsv	group=BINUTILS-ADDR2LINE;side=UPSTREAM-P2;path=bin/riscv32-wch-elf-addr2line;closure_event=P3F-EVENT-1518;The historical file-side semantic obligation is replaced by its exact path/side V2 obligation; all 1,340 V2 functional intervals are terminally adjudicated (748 feature-mapped, 388 host-ABI, 204 host-data).;Terminal feature mappings retain all target-facing GAP states; supersession does not assert host-binary byte equality.
P3F-CLOSURE-0118	BIN-COV-0003	HOST-MACHO-SEMANTIC-OBLIGATION	tmp/phase3c-evidence/binary-coverage-obligations.tsv	host-macho-semantic-obligation	Phase 3c semantic_status=UNRESOLVED	map the equivalent V2 functional code/data to a terminal canonical feature; then classify remaining pure host bytes out of gate	SUPERSEDED-BY-V2	tmp/phase3f-evidence/agents/binary-analysis/host-t5/closure-obligation-projection.tsv::P3F-CLOSURE-0118	tmp/phase3f-evidence/agents/binary-analysis/host-t5/obligation-supersession.tsv::BIN-COV-0003;tmp/phase3f-evidence/agents/binary-analysis/host-t5/functional-feature-mapping.tsv;tmp/phase3f-evidence/agents/binary-analysis/host-t5/path-denominator-ledger.tsv;tmp/phase3f-evidence/agents/binary-analysis/host-t5/tiling-validation.tsv	group=BINUTILS-ADDR2LINE;side=UPSTREAM-MATCHED;path=bin/riscv32-wch-elf-addr2line;closure_event=P3F-EVENT-1519;The historical file-side semantic obligation is replaced by its exact path/side V2 obligation; all 1,340 V2 functional intervals are terminally adjudicated (748 feature-mapped, 388 host-ABI, 204 host-data).;Terminal feature mappings retain all target-facing GAP states; supersession does not assert host-binary byte equality.
P3F-CLOSURE-0119	BIN-COV-0004	HOST-MACHO-SEMANTIC-OBLIGATION	tmp/phase3c-evidence/binary-coverage-obligations.tsv	host-macho-semantic-obligation	Phase 3c semantic_status=UNRESOLVED	map the equivalent V2 functional code/data to a terminal canonical feature; then classify remaining pure host bytes out of gate	SUPERSEDED-BY-V2	tmp/phase3f-evidence/agents/binary-analysis/host-t5/closure-obligation-projection.tsv::P3F-CLOSURE-0119	tmp/phase3f-evidence/agents/binary-analysis/host-t5/obligation-supersession.tsv::BIN-COV-0004;tmp/phase3f-evidence/agents/binary-analysis/host-t5/functional-feature-mapping.tsv;tmp/phase3f-evidence/agents/binary-analysis/host-t5/path-denominator-ledger.tsv;tmp/phase3f-evidence/agents/binary-analysis/host-t5/tiling-validation.tsv	group=BINUTILS-ADDR2LINE;side=OURS;path=bin/riscv32-wch-elf-addr2line;closure_event=P3F-EVENT-1520;The historical file-side semantic obligation is replaced by its exact path/side V2 obligation; all 1,340 V2 functional intervals are terminally adjudicated (748 feature-mapped, 388 host-ABI, 204 host-data).;Terminal feature mappings retain all target-facing GAP states; supersession does not assert host-binary byte equality.
P3F-CLOSURE-0120	BIN-COV-0005	HOST-MACHO-SEMANTIC-OBLIGATION	tmp/phase3c-evidence/binary-coverage-obligations.tsv	host-macho-semantic-obligation	Phase 3c semantic_status=UNRESOLVED	map the equivalent V2 functional code/data to a terminal canonical feature; then classify remaining pure host bytes out of gate	SUPERSEDED-BY-V2	tmp/phase3f-evidence/agents/binary-analysis/host-t5/closure-obligation-projection.tsv::P3F-CLOSURE-0120	tmp/phase3f-evidence/agents/binary-analysis/host-t5/obligation-supersession.tsv::BIN-COV-0005;tmp/phase3f-evidence/agents/binary-analysis/host-t5/functional-feature-mapping.tsv;tmp/phase3f-evidence/agents/binary-analysis/host-t5/path-denominator-ledger.tsv;tmp/phase3f-evidence/agents/binary-analysis/host-t5/tiling-validation.tsv	group=BINUTILS-ARCHIVE;side=WCH;path=bin/riscv32-wch-elf-ar;closure_event=P3F-EVENT-1521;The historical file-side semantic obligation is replaced by its exact path/side V2 obligation; all 1,340 V2 functional intervals are terminally adjudicated (748 feature-mapped, 388 host-ABI, 204 host-data).;Terminal feature mappings retain all target-facing GAP states; supersession does not assert host-binary byte equality.
P3F-CLOSURE-0121	BIN-COV-0006	HOST-MACHO-SEMANTIC-OBLIGATION	tmp/phase3c-evidence/binary-coverage-obligations.tsv	host-macho-semantic-obligation	Phase 3c semantic_status=UNRESOLVED	map the equivalent V2 functional code/data to a terminal canonical feature; then classify remaining pure host bytes out of gate	SUPERSEDED-BY-V2	tmp/phase3f-evidence/agents/binary-analysis/host-t5/closure-obligation-projection.tsv::P3F-CLOSURE-0121	tmp/phase3f-evidence/agents/binary-analysis/host-t5/obligation-supersession.tsv::BIN-COV-0006;tmp/phase3f-evidence/agents/binary-analysis/host-t5/functional-feature-mapping.tsv;tmp/phase3f-evidence/agents/binary-analysis/host-t5/path-denominator-ledger.tsv;tmp/phase3f-evidence/agents/binary-analysis/host-t5/tiling-validation.tsv	group=BINUTILS-ARCHIVE;side=UPSTREAM-P2;path=bin/riscv32-wch-elf-ar;closure_event=P3F-EVENT-1522;The historical file-side semantic obligation is replaced by its exact path/side V2 obligation; all 1,340 V2 functional intervals are terminally adjudicated (748 feature-mapped, 388 host-ABI, 204 host-data).;Terminal feature mappings retain all target-facing GAP states; supersession does not assert host-binary byte equality.
P3F-CLOSURE-0122	BIN-COV-0007	HOST-MACHO-SEMANTIC-OBLIGATION	tmp/phase3c-evidence/binary-coverage-obligations.tsv	host-macho-semantic-obligation	Phase 3c semantic_status=UNRESOLVED	map the equivalent V2 functional code/data to a terminal canonical feature; then classify remaining pure host bytes out of gate	SUPERSEDED-BY-V2	tmp/phase3f-evidence/agents/binary-analysis/host-t5/closure-obligation-projection.tsv::P3F-CLOSURE-0122	tmp/phase3f-evidence/agents/binary-analysis/host-t5/obligation-supersession.tsv::BIN-COV-0007;tmp/phase3f-evidence/agents/binary-analysis/host-t5/functional-feature-mapping.tsv;tmp/phase3f-evidence/agents/binary-analysis/host-t5/path-denominator-ledger.tsv;tmp/phase3f-evidence/agents/binary-analysis/host-t5/tiling-validation.tsv	group=BINUTILS-ARCHIVE;side=UPSTREAM-MATCHED;path=bin/riscv32-wch-elf-ar;closure_event=P3F-EVENT-1523;The historical file-side semantic obligation is replaced by its exact path/side V2 obligation; all 1,340 V2 functional intervals are terminally adjudicated (748 feature-mapped, 388 host-ABI, 204 host-data).;Terminal feature mappings retain all target-facing GAP states; supersession does not assert host-binary byte equality.
P3F-CLOSURE-0123	BIN-COV-0008	HOST-MACHO-SEMANTIC-OBLIGATION	tmp/phase3c-evidence/binary-coverage-obligations.tsv	host-macho-semantic-obligation	Phase 3c semantic_status=UNRESOLVED	map the equivalent V2 functional code/data to a terminal canonical feature; then classify remaining pure host bytes out of gate	SUPERSEDED-BY-V2	tmp/phase3f-evidence/agents/binary-analysis/host-t5/closure-obligation-projection.tsv::P3F-CLOSURE-0123	tmp/phase3f-evidence/agents/binary-analysis/host-t5/obligation-supersession.tsv::BIN-COV-0008;tmp/phase3f-evidence/agents/binary-analysis/host-t5/functional-feature-mapping.tsv;tmp/phase3f-evidence/agents/binary-analysis/host-t5/path-denominator-ledger.tsv;tmp/phase3f-evidence/agents/binary-analysis/host-t5/tiling-validation.tsv	group=BINUTILS-ARCHIVE;side=OURS;path=bin/riscv32-wch-elf-ar;closure_event=P3F-EVENT-1524;The historical file-side semantic obligation is replaced by its exact path/side V2 obligation; all 1,340 V2 functional intervals are terminally adjudicated (748 feature-mapped, 388 host-ABI, 204 host-data).;Terminal feature mappings retain all target-facing GAP states; supersession does not assert host-binary byte equality.
P3F-CLOSURE-0124	BIN-COV-0009	HOST-MACHO-SEMANTIC-OBLIGATION	tmp/phase3c-evidence/binary-coverage-obligations.tsv	host-macho-semantic-obligation	Phase 3c semantic_status=UNRESOLVED	map the equivalent V2 functional code/data to a terminal canonical feature; then classify remaining pure host bytes out of gate	SUPERSEDED-BY-V2	tmp/phase3f-evidence/agents/binary-analysis/host-t5/closure-obligation-projection.tsv::P3F-CLOSURE-0124	tmp/phase3f-evidence/agents/binary-analysis/host-t5/obligation-supersession.tsv::BIN-COV-0009;tmp/phase3f-evidence/agents/binary-analysis/host-t5/functional-feature-mapping.tsv;tmp/phase3f-evidence/agents/binary-analysis/host-t5/path-denominator-ledger.tsv;tmp/phase3f-evidence/agents/binary-analysis/host-t5/tiling-validation.tsv	group=BINUTILS-ARCHIVE;side=WCH;path=bin/riscv32-wch-elf-ranlib;closure_event=P3F-EVENT-1525;The historical file-side semantic obligation is replaced by its exact path/side V2 obligation; all 1,340 V2 functional intervals are terminally adjudicated (748 feature-mapped, 388 host-ABI, 204 host-data).;Terminal feature mappings retain all target-facing GAP states; supersession does not assert host-binary byte equality.
P3F-CLOSURE-0125	BIN-COV-0010	HOST-MACHO-SEMANTIC-OBLIGATION	tmp/phase3c-evidence/binary-coverage-obligations.tsv	host-macho-semantic-obligation	Phase 3c semantic_status=UNRESOLVED	map the equivalent V2 functional code/data to a terminal canonical feature; then classify remaining pure host bytes out of gate	SUPERSEDED-BY-V2	tmp/phase3f-evidence/agents/binary-analysis/host-t5/closure-obligation-projection.tsv::P3F-CLOSURE-0125	tmp/phase3f-evidence/agents/binary-analysis/host-t5/obligation-supersession.tsv::BIN-COV-0010;tmp/phase3f-evidence/agents/binary-analysis/host-t5/functional-feature-mapping.tsv;tmp/phase3f-evidence/agents/binary-analysis/host-t5/path-denominator-ledger.tsv;tmp/phase3f-evidence/agents/binary-analysis/host-t5/tiling-validation.tsv	group=BINUTILS-ARCHIVE;side=UPSTREAM-P2;path=bin/riscv32-wch-elf-ranlib;closure_event=P3F-EVENT-1526;The historical file-side semantic obligation is replaced by its exact path/side V2 obligation; all 1,340 V2 functional intervals are terminally adjudicated (748 feature-mapped, 388 host-ABI, 204 host-data).;Terminal feature mappings retain all target-facing GAP states; supersession does not assert host-binary byte equality.
P3F-CLOSURE-0126	BIN-COV-0011	HOST-MACHO-SEMANTIC-OBLIGATION	tmp/phase3c-evidence/binary-coverage-obligations.tsv	host-macho-semantic-obligation	Phase 3c semantic_status=UNRESOLVED	map the equivalent V2 functional code/data to a terminal canonical feature; then classify remaining pure host bytes out of gate	SUPERSEDED-BY-V2	tmp/phase3f-evidence/agents/binary-analysis/host-t5/closure-obligation-projection.tsv::P3F-CLOSURE-0126	tmp/phase3f-evidence/agents/binary-analysis/host-t5/obligation-supersession.tsv::BIN-COV-0011;tmp/phase3f-evidence/agents/binary-analysis/host-t5/functional-feature-mapping.tsv;tmp/phase3f-evidence/agents/binary-analysis/host-t5/path-denominator-ledger.tsv;tmp/phase3f-evidence/agents/binary-analysis/host-t5/tiling-validation.tsv	group=BINUTILS-ARCHIVE;side=UPSTREAM-MATCHED;path=bin/riscv32-wch-elf-ranlib;closure_event=P3F-EVENT-1527;The historical file-side semantic obligation is replaced by its exact path/side V2 obligation; all 1,340 V2 functional intervals are terminally adjudicated (748 feature-mapped, 388 host-ABI, 204 host-data).;Terminal feature mappings retain all target-facing GAP states; supersession does not assert host-binary byte equality.
P3F-CLOSURE-0127	BIN-COV-0012	HOST-MACHO-SEMANTIC-OBLIGATION	tmp/phase3c-evidence/binary-coverage-obligations.tsv	host-macho-semantic-obligation	Phase 3c semantic_status=UNRESOLVED	map the equivalent V2 functional code/data to a terminal canonical feature; then classify remaining pure host bytes out of gate	SUPERSEDED-BY-V2	tmp/phase3f-evidence/agents/binary-analysis/host-t5/closure-obligation-projection.tsv::P3F-CLOSURE-0127	tmp/phase3f-evidence/agents/binary-analysis/host-t5/obligation-supersession.tsv::BIN-COV-0012;tmp/phase3f-evidence/agents/binary-analysis/host-t5/functional-feature-mapping.tsv;tmp/phase3f-evidence/agents/binary-analysis/host-t5/path-denominator-ledger.tsv;tmp/phase3f-evidence/agents/binary-analysis/host-t5/tiling-validation.tsv	group=BINUTILS-ARCHIVE;side=OURS;path=bin/riscv32-wch-elf-ranlib;closure_event=P3F-EVENT-1528;The historical file-side semantic obligation is replaced by its exact path/side V2 obligation; all 1,340 V2 functional intervals are terminally adjudicated (748 feature-mapped, 388 host-ABI, 204 host-data).;Terminal feature mappings retain all target-facing GAP states; supersession does not assert host-binary byte equality.
P3F-CLOSURE-0128	BIN-COV-0013	HOST-MACHO-SEMANTIC-OBLIGATION	tmp/phase3c-evidence/binary-coverage-obligations.tsv	host-macho-semantic-obligation	Phase 3c semantic_status=UNRESOLVED	map the equivalent V2 functional code/data to a terminal canonical feature; then classify remaining pure host bytes out of gate	SUPERSEDED-BY-V2	tmp/phase3f-evidence/agents/binary-analysis/host-t5/closure-obligation-projection.tsv::P3F-CLOSURE-0128	tmp/phase3f-evidence/agents/binary-analysis/host-t5/obligation-supersession.tsv::BIN-COV-0013;tmp/phase3f-evidence/agents/binary-analysis/host-t5/functional-feature-mapping.tsv;tmp/phase3f-evidence/agents/binary-analysis/host-t5/path-denominator-ledger.tsv;tmp/phase3f-evidence/agents/binary-analysis/host-t5/tiling-validation.tsv	group=BINUTILS-ARCHIVE;side=WCH;path=riscv32-wch-elf/bin/ar;closure_event=P3F-EVENT-1529;The historical file-side semantic obligation is replaced by its exact path/side V2 obligation; all 1,340 V2 functional intervals are terminally adjudicated (748 feature-mapped, 388 host-ABI, 204 host-data).;Terminal feature mappings retain all target-facing GAP states; supersession does not assert host-binary byte equality.
P3F-CLOSURE-0129	BIN-COV-0014	HOST-MACHO-SEMANTIC-OBLIGATION	tmp/phase3c-evidence/binary-coverage-obligations.tsv	host-macho-semantic-obligation	Phase 3c semantic_status=UNRESOLVED	map the equivalent V2 functional code/data to a terminal canonical feature; then classify remaining pure host bytes out of gate	SUPERSEDED-BY-V2	tmp/phase3f-evidence/agents/binary-analysis/host-t5/closure-obligation-projection.tsv::P3F-CLOSURE-0129	tmp/phase3f-evidence/agents/binary-analysis/host-t5/obligation-supersession.tsv::BIN-COV-0014;tmp/phase3f-evidence/agents/binary-analysis/host-t5/functional-feature-mapping.tsv;tmp/phase3f-evidence/agents/binary-analysis/host-t5/path-denominator-ledger.tsv;tmp/phase3f-evidence/agents/binary-analysis/host-t5/tiling-validation.tsv	group=BINUTILS-ARCHIVE;side=UPSTREAM-P2;path=riscv32-wch-elf/bin/ar;closure_event=P3F-EVENT-1530;The historical file-side semantic obligation is replaced by its exact path/side V2 obligation; all 1,340 V2 functional intervals are terminally adjudicated (748 feature-mapped, 388 host-ABI, 204 host-data).;Terminal feature mappings retain all target-facing GAP states; supersession does not assert host-binary byte equality.
P3F-CLOSURE-0130	BIN-COV-0015	HOST-MACHO-SEMANTIC-OBLIGATION	tmp/phase3c-evidence/binary-coverage-obligations.tsv	host-macho-semantic-obligation	Phase 3c semantic_status=UNRESOLVED	map the equivalent V2 functional code/data to a terminal canonical feature; then classify remaining pure host bytes out of gate	SUPERSEDED-BY-V2	tmp/phase3f-evidence/agents/binary-analysis/host-t5/closure-obligation-projection.tsv::P3F-CLOSURE-0130	tmp/phase3f-evidence/agents/binary-analysis/host-t5/obligation-supersession.tsv::BIN-COV-0015;tmp/phase3f-evidence/agents/binary-analysis/host-t5/functional-feature-mapping.tsv;tmp/phase3f-evidence/agents/binary-analysis/host-t5/path-denominator-ledger.tsv;tmp/phase3f-evidence/agents/binary-analysis/host-t5/tiling-validation.tsv	group=BINUTILS-ARCHIVE;side=UPSTREAM-MATCHED;path=riscv32-wch-elf/bin/ar;closure_event=P3F-EVENT-1531;The historical file-side semantic obligation is replaced by its exact path/side V2 obligation; all 1,340 V2 functional intervals are terminally adjudicated (748 feature-mapped, 388 host-ABI, 204 host-data).;Terminal feature mappings retain all target-facing GAP states; supersession does not assert host-binary byte equality.
P3F-CLOSURE-0131	BIN-COV-0016	HOST-MACHO-SEMANTIC-OBLIGATION	tmp/phase3c-evidence/binary-coverage-obligations.tsv	host-macho-semantic-obligation	Phase 3c semantic_status=UNRESOLVED	map the equivalent V2 functional code/data to a terminal canonical feature; then classify remaining pure host bytes out of gate	SUPERSEDED-BY-V2	tmp/phase3f-evidence/agents/binary-analysis/host-t5/closure-obligation-projection.tsv::P3F-CLOSURE-0131	tmp/phase3f-evidence/agents/binary-analysis/host-t5/obligation-supersession.tsv::BIN-COV-0016;tmp/phase3f-evidence/agents/binary-analysis/host-t5/functional-feature-mapping.tsv;tmp/phase3f-evidence/agents/binary-analysis/host-t5/path-denominator-ledger.tsv;tmp/phase3f-evidence/agents/binary-analysis/host-t5/tiling-validation.tsv	group=BINUTILS-ARCHIVE;side=OURS;path=riscv32-wch-elf/bin/ar;closure_event=P3F-EVENT-1532;The historical file-side semantic obligation is replaced by its exact path/side V2 obligation; all 1,340 V2 functional intervals are terminally adjudicated (748 feature-mapped, 388 host-ABI, 204 host-data).;Terminal feature mappings retain all target-facing GAP states; supersession does not assert host-binary byte equality.
P3F-CLOSURE-0132	BIN-COV-0017	HOST-MACHO-SEMANTIC-OBLIGATION	tmp/phase3c-evidence/binary-coverage-obligations.tsv	host-macho-semantic-obligation	Phase 3c semantic_status=UNRESOLVED	map the equivalent V2 functional code/data to a terminal canonical feature; then classify remaining pure host bytes out of gate	SUPERSEDED-BY-V2	tmp/phase3f-evidence/agents/binary-analysis/host-t5/closure-obligation-projection.tsv::P3F-CLOSURE-0132	tmp/phase3f-evidence/agents/binary-analysis/host-t5/obligation-supersession.tsv::BIN-COV-0017;tmp/phase3f-evidence/agents/binary-analysis/host-t5/functional-feature-mapping.tsv;tmp/phase3f-evidence/agents/binary-analysis/host-t5/path-denominator-ledger.tsv;tmp/phase3f-evidence/agents/binary-analysis/host-t5/tiling-validation.tsv	group=BINUTILS-ARCHIVE;side=WCH;path=riscv32-wch-elf/bin/ranlib;closure_event=P3F-EVENT-1533;The historical file-side semantic obligation is replaced by its exact path/side V2 obligation; all 1,340 V2 functional intervals are terminally adjudicated (748 feature-mapped, 388 host-ABI, 204 host-data).;Terminal feature mappings retain all target-facing GAP states; supersession does not assert host-binary byte equality.
P3F-CLOSURE-0133	BIN-COV-0018	HOST-MACHO-SEMANTIC-OBLIGATION	tmp/phase3c-evidence/binary-coverage-obligations.tsv	host-macho-semantic-obligation	Phase 3c semantic_status=UNRESOLVED	map the equivalent V2 functional code/data to a terminal canonical feature; then classify remaining pure host bytes out of gate	SUPERSEDED-BY-V2	tmp/phase3f-evidence/agents/binary-analysis/host-t5/closure-obligation-projection.tsv::P3F-CLOSURE-0133	tmp/phase3f-evidence/agents/binary-analysis/host-t5/obligation-supersession.tsv::BIN-COV-0018;tmp/phase3f-evidence/agents/binary-analysis/host-t5/functional-feature-mapping.tsv;tmp/phase3f-evidence/agents/binary-analysis/host-t5/path-denominator-ledger.tsv;tmp/phase3f-evidence/agents/binary-analysis/host-t5/tiling-validation.tsv	group=BINUTILS-ARCHIVE;side=UPSTREAM-P2;path=riscv32-wch-elf/bin/ranlib;closure_event=P3F-EVENT-1534;The historical file-side semantic obligation is replaced by its exact path/side V2 obligation; all 1,340 V2 functional intervals are terminally adjudicated (748 feature-mapped, 388 host-ABI, 204 host-data).;Terminal feature mappings retain all target-facing GAP states; supersession does not assert host-binary byte equality.
P3F-CLOSURE-0134	BIN-COV-0019	HOST-MACHO-SEMANTIC-OBLIGATION	tmp/phase3c-evidence/binary-coverage-obligations.tsv	host-macho-semantic-obligation	Phase 3c semantic_status=UNRESOLVED	map the equivalent V2 functional code/data to a terminal canonical feature; then classify remaining pure host bytes out of gate	SUPERSEDED-BY-V2	tmp/phase3f-evidence/agents/binary-analysis/host-t5/closure-obligation-projection.tsv::P3F-CLOSURE-0134	tmp/phase3f-evidence/agents/binary-analysis/host-t5/obligation-supersession.tsv::BIN-COV-0019;tmp/phase3f-evidence/agents/binary-analysis/host-t5/functional-feature-mapping.tsv;tmp/phase3f-evidence/agents/binary-analysis/host-t5/path-denominator-ledger.tsv;tmp/phase3f-evidence/agents/binary-analysis/host-t5/tiling-validation.tsv	group=BINUTILS-ARCHIVE;side=UPSTREAM-MATCHED;path=riscv32-wch-elf/bin/ranlib;closure_event=P3F-EVENT-1535;The historical file-side semantic obligation is replaced by its exact path/side V2 obligation; all 1,340 V2 functional intervals are terminally adjudicated (748 feature-mapped, 388 host-ABI, 204 host-data).;Terminal feature mappings retain all target-facing GAP states; supersession does not assert host-binary byte equality.
P3F-CLOSURE-0135	BIN-COV-0020	HOST-MACHO-SEMANTIC-OBLIGATION	tmp/phase3c-evidence/binary-coverage-obligations.tsv	host-macho-semantic-obligation	Phase 3c semantic_status=UNRESOLVED	map the equivalent V2 functional code/data to a terminal canonical feature; then classify remaining pure host bytes out of gate	SUPERSEDED-BY-V2	tmp/phase3f-evidence/agents/binary-analysis/host-t5/closure-obligation-projection.tsv::P3F-CLOSURE-0135	tmp/phase3f-evidence/agents/binary-analysis/host-t5/obligation-supersession.tsv::BIN-COV-0020;tmp/phase3f-evidence/agents/binary-analysis/host-t5/functional-feature-mapping.tsv;tmp/phase3f-evidence/agents/binary-analysis/host-t5/path-denominator-ledger.tsv;tmp/phase3f-evidence/agents/binary-analysis/host-t5/tiling-validation.tsv	group=BINUTILS-ARCHIVE;side=OURS;path=riscv32-wch-elf/bin/ranlib;closure_event=P3F-EVENT-1536;The historical file-side semantic obligation is replaced by its exact path/side V2 obligation; all 1,340 V2 functional intervals are terminally adjudicated (748 feature-mapped, 388 host-ABI, 204 host-data).;Terminal feature mappings retain all target-facing GAP states; supersession does not assert host-binary byte equality.
P3F-CLOSURE-0136	BIN-COV-0021	HOST-MACHO-SEMANTIC-OBLIGATION	tmp/phase3c-evidence/binary-coverage-obligations.tsv	host-macho-semantic-obligation	Phase 3c semantic_status=UNRESOLVED	map the equivalent V2 functional code/data to a terminal canonical feature; then classify remaining pure host bytes out of gate	SUPERSEDED-BY-V2	tmp/phase3f-evidence/agents/binary-analysis/host-t5/closure-obligation-projection.tsv::P3F-CLOSURE-0136	tmp/phase3f-evidence/agents/binary-analysis/host-t5/obligation-supersession.tsv::BIN-COV-0021;tmp/phase3f-evidence/agents/binary-analysis/host-t5/functional-feature-mapping.tsv;tmp/phase3f-evidence/agents/binary-analysis/host-t5/path-denominator-ledger.tsv;tmp/phase3f-evidence/agents/binary-analysis/host-t5/tiling-validation.tsv	group=BINUTILS-BFD-PLUGINS;side=WCH;path=lib/bfd-plugins/libdep.so;closure_event=P3F-EVENT-1537;The historical file-side semantic obligation is replaced by its exact path/side V2 obligation; all 1,340 V2 functional intervals are terminally adjudicated (748 feature-mapped, 388 host-ABI, 204 host-data).;Terminal feature mappings retain all target-facing GAP states; supersession does not assert host-binary byte equality.
P3F-CLOSURE-0137	BIN-COV-0022	HOST-MACHO-SEMANTIC-OBLIGATION	tmp/phase3c-evidence/binary-coverage-obligations.tsv	host-macho-semantic-obligation	Phase 3c semantic_status=UNRESOLVED	map the equivalent V2 functional code/data to a terminal canonical feature; then classify remaining pure host bytes out of gate	SUPERSEDED-BY-V2	tmp/phase3f-evidence/agents/binary-analysis/host-t5/closure-obligation-projection.tsv::P3F-CLOSURE-0137	tmp/phase3f-evidence/agents/binary-analysis/host-t5/obligation-supersession.tsv::BIN-COV-0022;tmp/phase3f-evidence/agents/binary-analysis/host-t5/functional-feature-mapping.tsv;tmp/phase3f-evidence/agents/binary-analysis/host-t5/path-denominator-ledger.tsv;tmp/phase3f-evidence/agents/binary-analysis/host-t5/tiling-validation.tsv	group=BINUTILS-BFD-PLUGINS;side=UPSTREAM-P2;path=lib/bfd-plugins/libdep.so;closure_event=P3F-EVENT-1538;The historical file-side semantic obligation is replaced by its exact path/side V2 obligation; all 1,340 V2 functional intervals are terminally adjudicated (748 feature-mapped, 388 host-ABI, 204 host-data).;Terminal feature mappings retain all target-facing GAP states; supersession does not assert host-binary byte equality.
P3F-CLOSURE-0138	BIN-COV-0023	HOST-MACHO-SEMANTIC-OBLIGATION	tmp/phase3c-evidence/binary-coverage-obligations.tsv	host-macho-semantic-obligation	Phase 3c semantic_status=UNRESOLVED	map the equivalent V2 functional code/data to a terminal canonical feature; then classify remaining pure host bytes out of gate	SUPERSEDED-BY-V2	tmp/phase3f-evidence/agents/binary-analysis/host-t5/closure-obligation-projection.tsv::P3F-CLOSURE-0138	tmp/phase3f-evidence/agents/binary-analysis/host-t5/obligation-supersession.tsv::BIN-COV-0023;tmp/phase3f-evidence/agents/binary-analysis/host-t5/functional-feature-mapping.tsv;tmp/phase3f-evidence/agents/binary-analysis/host-t5/path-denominator-ledger.tsv;tmp/phase3f-evidence/agents/binary-analysis/host-t5/tiling-validation.tsv	group=BINUTILS-BFD-PLUGINS;side=UPSTREAM-MATCHED;path=lib/bfd-plugins/libdep.so;closure_event=P3F-EVENT-1539;The historical file-side semantic obligation is replaced by its exact path/side V2 obligation; all 1,340 V2 functional intervals are terminally adjudicated (748 feature-mapped, 388 host-ABI, 204 host-data).;Terminal feature mappings retain all target-facing GAP states; supersession does not assert host-binary byte equality.
P3F-CLOSURE-0139	BIN-COV-0024	HOST-MACHO-SEMANTIC-OBLIGATION	tmp/phase3c-evidence/binary-coverage-obligations.tsv	host-macho-semantic-obligation	Phase 3c semantic_status=UNRESOLVED	map the equivalent V2 functional code/data to a terminal canonical feature; then classify remaining pure host bytes out of gate	SUPERSEDED-BY-V2	tmp/phase3f-evidence/agents/binary-analysis/host-t5/closure-obligation-projection.tsv::P3F-CLOSURE-0139	tmp/phase3f-evidence/agents/binary-analysis/host-t5/obligation-supersession.tsv::BIN-COV-0024;tmp/phase3f-evidence/agents/binary-analysis/host-t5/functional-feature-mapping.tsv;tmp/phase3f-evidence/agents/binary-analysis/host-t5/path-denominator-ledger.tsv;tmp/phase3f-evidence/agents/binary-analysis/host-t5/tiling-validation.tsv	group=BINUTILS-BFD-PLUGINS;side=OURS;path=lib/bfd-plugins/libdep.so;closure_event=P3F-EVENT-1540;The historical file-side semantic obligation is replaced by its exact path/side V2 obligation; all 1,340 V2 functional intervals are terminally adjudicated (748 feature-mapped, 388 host-ABI, 204 host-data).;Terminal feature mappings retain all target-facing GAP states; supersession does not assert host-binary byte equality.
P3F-CLOSURE-0140	BIN-COV-0025	HOST-MACHO-SEMANTIC-OBLIGATION	tmp/phase3c-evidence/binary-coverage-obligations.tsv	host-macho-semantic-obligation	Phase 3c semantic_status=UNRESOLVED	map the equivalent V2 functional code/data to a terminal canonical feature; then classify remaining pure host bytes out of gate	SUPERSEDED-BY-V2	tmp/phase3f-evidence/agents/binary-analysis/host-t5/closure-obligation-projection.tsv::P3F-CLOSURE-0140	tmp/phase3f-evidence/agents/binary-analysis/host-t5/obligation-supersession.tsv::BIN-COV-0025;tmp/phase3f-evidence/agents/binary-analysis/host-t5/functional-feature-mapping.tsv;tmp/phase3f-evidence/agents/binary-analysis/host-t5/path-denominator-ledger.tsv;tmp/phase3f-evidence/agents/binary-analysis/host-t5/tiling-validation.tsv	group=BINUTILS-C++FILT;side=WCH;path=bin/riscv32-wch-elf-c++filt;closure_event=P3F-EVENT-1541;The historical file-side semantic obligation is replaced by its exact path/side V2 obligation; all 1,340 V2 functional intervals are terminally adjudicated (748 feature-mapped, 388 host-ABI, 204 host-data).;Terminal feature mappings retain all target-facing GAP states; supersession does not assert host-binary byte equality.
P3F-CLOSURE-0141	BIN-COV-0026	HOST-MACHO-SEMANTIC-OBLIGATION	tmp/phase3c-evidence/binary-coverage-obligations.tsv	host-macho-semantic-obligation	Phase 3c semantic_status=UNRESOLVED	map the equivalent V2 functional code/data to a terminal canonical feature; then classify remaining pure host bytes out of gate	SUPERSEDED-BY-V2	tmp/phase3f-evidence/agents/binary-analysis/host-t5/closure-obligation-projection.tsv::P3F-CLOSURE-0141	tmp/phase3f-evidence/agents/binary-analysis/host-t5/obligation-supersession.tsv::BIN-COV-0026;tmp/phase3f-evidence/agents/binary-analysis/host-t5/functional-feature-mapping.tsv;tmp/phase3f-evidence/agents/binary-analysis/host-t5/path-denominator-ledger.tsv;tmp/phase3f-evidence/agents/binary-analysis/host-t5/tiling-validation.tsv	group=BINUTILS-C++FILT;side=UPSTREAM-P2;path=bin/riscv32-wch-elf-c++filt;closure_event=P3F-EVENT-1542;The historical file-side semantic obligation is replaced by its exact path/side V2 obligation; all 1,340 V2 functional intervals are terminally adjudicated (748 feature-mapped, 388 host-ABI, 204 host-data).;Terminal feature mappings retain all target-facing GAP states; supersession does not assert host-binary byte equality.
P3F-CLOSURE-0142	BIN-COV-0027	HOST-MACHO-SEMANTIC-OBLIGATION	tmp/phase3c-evidence/binary-coverage-obligations.tsv	host-macho-semantic-obligation	Phase 3c semantic_status=UNRESOLVED	map the equivalent V2 functional code/data to a terminal canonical feature; then classify remaining pure host bytes out of gate	SUPERSEDED-BY-V2	tmp/phase3f-evidence/agents/binary-analysis/host-t5/closure-obligation-projection.tsv::P3F-CLOSURE-0142	tmp/phase3f-evidence/agents/binary-analysis/host-t5/obligation-supersession.tsv::BIN-COV-0027;tmp/phase3f-evidence/agents/binary-analysis/host-t5/functional-feature-mapping.tsv;tmp/phase3f-evidence/agents/binary-analysis/host-t5/path-denominator-ledger.tsv;tmp/phase3f-evidence/agents/binary-analysis/host-t5/tiling-validation.tsv	group=BINUTILS-C++FILT;side=UPSTREAM-MATCHED;path=bin/riscv32-wch-elf-c++filt;closure_event=P3F-EVENT-1543;The historical file-side semantic obligation is replaced by its exact path/side V2 obligation; all 1,340 V2 functional intervals are terminally adjudicated (748 feature-mapped, 388 host-ABI, 204 host-data).;Terminal feature mappings retain all target-facing GAP states; supersession does not assert host-binary byte equality.
P3F-CLOSURE-0143	BIN-COV-0028	HOST-MACHO-SEMANTIC-OBLIGATION	tmp/phase3c-evidence/binary-coverage-obligations.tsv	host-macho-semantic-obligation	Phase 3c semantic_status=UNRESOLVED	map the equivalent V2 functional code/data to a terminal canonical feature; then classify remaining pure host bytes out of gate	SUPERSEDED-BY-V2	tmp/phase3f-evidence/agents/binary-analysis/host-t5/closure-obligation-projection.tsv::P3F-CLOSURE-0143	tmp/phase3f-evidence/agents/binary-analysis/host-t5/obligation-supersession.tsv::BIN-COV-0028;tmp/phase3f-evidence/agents/binary-analysis/host-t5/functional-feature-mapping.tsv;tmp/phase3f-evidence/agents/binary-analysis/host-t5/path-denominator-ledger.tsv;tmp/phase3f-evidence/agents/binary-analysis/host-t5/tiling-validation.tsv	group=BINUTILS-C++FILT;side=OURS;path=bin/riscv32-wch-elf-c++filt;closure_event=P3F-EVENT-1544;The historical file-side semantic obligation is replaced by its exact path/side V2 obligation; all 1,340 V2 functional intervals are terminally adjudicated (748 feature-mapped, 388 host-ABI, 204 host-data).;Terminal feature mappings retain all target-facing GAP states; supersession does not assert host-binary byte equality.
P3F-CLOSURE-0144	BIN-COV-0029	HOST-MACHO-SEMANTIC-OBLIGATION	tmp/phase3c-evidence/binary-coverage-obligations.tsv	host-macho-semantic-obligation	Phase 3c semantic_status=UNRESOLVED	map the equivalent V2 functional code/data to a terminal canonical feature; then classify remaining pure host bytes out of gate	SUPERSEDED-BY-V2	tmp/phase3f-evidence/agents/binary-analysis/host-t5/closure-obligation-projection.tsv::P3F-CLOSURE-0144	tmp/phase3f-evidence/agents/binary-analysis/host-t5/obligation-supersession.tsv::BIN-COV-0029;tmp/phase3f-evidence/agents/binary-analysis/host-t5/functional-feature-mapping.tsv;tmp/phase3f-evidence/agents/binary-analysis/host-t5/path-denominator-ledger.tsv;tmp/phase3f-evidence/agents/binary-analysis/host-t5/tiling-validation.tsv	group=BINUTILS-ELFEDIT;side=WCH;path=bin/riscv32-wch-elf-elfedit;closure_event=P3F-EVENT-1545;The historical file-side semantic obligation is replaced by its exact path/side V2 obligation; all 1,340 V2 functional intervals are terminally adjudicated (748 feature-mapped, 388 host-ABI, 204 host-data).;Terminal feature mappings retain all target-facing GAP states; supersession does not assert host-binary byte equality.
P3F-CLOSURE-0145	BIN-COV-0030	HOST-MACHO-SEMANTIC-OBLIGATION	tmp/phase3c-evidence/binary-coverage-obligations.tsv	host-macho-semantic-obligation	Phase 3c semantic_status=UNRESOLVED	map the equivalent V2 functional code/data to a terminal canonical feature; then classify remaining pure host bytes out of gate	SUPERSEDED-BY-V2	tmp/phase3f-evidence/agents/binary-analysis/host-t5/closure-obligation-projection.tsv::P3F-CLOSURE-0145	tmp/phase3f-evidence/agents/binary-analysis/host-t5/obligation-supersession.tsv::BIN-COV-0030;tmp/phase3f-evidence/agents/binary-analysis/host-t5/functional-feature-mapping.tsv;tmp/phase3f-evidence/agents/binary-analysis/host-t5/path-denominator-ledger.tsv;tmp/phase3f-evidence/agents/binary-analysis/host-t5/tiling-validation.tsv	group=BINUTILS-ELFEDIT;side=UPSTREAM-P2;path=bin/riscv32-wch-elf-elfedit;closure_event=P3F-EVENT-1546;The historical file-side semantic obligation is replaced by its exact path/side V2 obligation; all 1,340 V2 functional intervals are terminally adjudicated (748 feature-mapped, 388 host-ABI, 204 host-data).;Terminal feature mappings retain all target-facing GAP states; supersession does not assert host-binary byte equality.
P3F-CLOSURE-0146	BIN-COV-0031	HOST-MACHO-SEMANTIC-OBLIGATION	tmp/phase3c-evidence/binary-coverage-obligations.tsv	host-macho-semantic-obligation	Phase 3c semantic_status=UNRESOLVED	map the equivalent V2 functional code/data to a terminal canonical feature; then classify remaining pure host bytes out of gate	SUPERSEDED-BY-V2	tmp/phase3f-evidence/agents/binary-analysis/host-t5/closure-obligation-projection.tsv::P3F-CLOSURE-0146	tmp/phase3f-evidence/agents/binary-analysis/host-t5/obligation-supersession.tsv::BIN-COV-0031;tmp/phase3f-evidence/agents/binary-analysis/host-t5/functional-feature-mapping.tsv;tmp/phase3f-evidence/agents/binary-analysis/host-t5/path-denominator-ledger.tsv;tmp/phase3f-evidence/agents/binary-analysis/host-t5/tiling-validation.tsv	group=BINUTILS-ELFEDIT;side=UPSTREAM-MATCHED;path=bin/riscv32-wch-elf-elfedit;closure_event=P3F-EVENT-1547;The historical file-side semantic obligation is replaced by its exact path/side V2 obligation; all 1,340 V2 functional intervals are terminally adjudicated (748 feature-mapped, 388 host-ABI, 204 host-data).;Terminal feature mappings retain all target-facing GAP states; supersession does not assert host-binary byte equality.
P3F-CLOSURE-0147	BIN-COV-0032	HOST-MACHO-SEMANTIC-OBLIGATION	tmp/phase3c-evidence/binary-coverage-obligations.tsv	host-macho-semantic-obligation	Phase 3c semantic_status=UNRESOLVED	map the equivalent V2 functional code/data to a terminal canonical feature; then classify remaining pure host bytes out of gate	SUPERSEDED-BY-V2	tmp/phase3f-evidence/agents/binary-analysis/host-t5/closure-obligation-projection.tsv::P3F-CLOSURE-0147	tmp/phase3f-evidence/agents/binary-analysis/host-t5/obligation-supersession.tsv::BIN-COV-0032;tmp/phase3f-evidence/agents/binary-analysis/host-t5/functional-feature-mapping.tsv;tmp/phase3f-evidence/agents/binary-analysis/host-t5/path-denominator-ledger.tsv;tmp/phase3f-evidence/agents/binary-analysis/host-t5/tiling-validation.tsv	group=BINUTILS-ELFEDIT;side=OURS;path=bin/riscv32-wch-elf-elfedit;closure_event=P3F-EVENT-1548;The historical file-side semantic obligation is replaced by its exact path/side V2 obligation; all 1,340 V2 functional intervals are terminally adjudicated (748 feature-mapped, 388 host-ABI, 204 host-data).;Terminal feature mappings retain all target-facing GAP states; supersession does not assert host-binary byte equality.
P3F-CLOSURE-0148	BIN-COV-0036	HOST-MACHO-SEMANTIC-OBLIGATION	tmp/phase3c-evidence/binary-coverage-obligations.tsv	host-macho-semantic-obligation	Phase 3c semantic_status=UNRESOLVED	map the equivalent V2 functional code/data to a terminal canonical feature; then classify remaining pure host bytes out of gate	SUPERSEDED-BY-V2	tmp/phase3f-evidence/agents/binary-analysis/host-t5/closure-obligation-projection.tsv::P3F-CLOSURE-0148	tmp/phase3f-evidence/agents/binary-analysis/host-t5/obligation-supersession.tsv::BIN-COV-0036;tmp/phase3f-evidence/agents/binary-analysis/host-t5/functional-feature-mapping.tsv;tmp/phase3f-evidence/agents/binary-analysis/host-t5/path-denominator-ledger.tsv;tmp/phase3f-evidence/agents/binary-analysis/host-t5/tiling-validation.tsv	group=BINUTILS-GAS;side=OURS;path=bin/riscv32-wch-elf-as;closure_event=P3F-EVENT-1549;The historical file-side semantic obligation is replaced by its exact path/side V2 obligation; all 1,340 V2 functional intervals are terminally adjudicated (748 feature-mapped, 388 host-ABI, 204 host-data).;Terminal feature mappings retain all target-facing GAP states; supersession does not assert host-binary byte equality.
P3F-CLOSURE-0149	BIN-COV-0040	HOST-MACHO-SEMANTIC-OBLIGATION	tmp/phase3c-evidence/binary-coverage-obligations.tsv	host-macho-semantic-obligation	Phase 3c semantic_status=UNRESOLVED	map the equivalent V2 functional code/data to a terminal canonical feature; then classify remaining pure host bytes out of gate	SUPERSEDED-BY-V2	tmp/phase3f-evidence/agents/binary-analysis/host-t5/closure-obligation-projection.tsv::P3F-CLOSURE-0149	tmp/phase3f-evidence/agents/binary-analysis/host-t5/obligation-supersession.tsv::BIN-COV-0040;tmp/phase3f-evidence/agents/binary-analysis/host-t5/functional-feature-mapping.tsv;tmp/phase3f-evidence/agents/binary-analysis/host-t5/path-denominator-ledger.tsv;tmp/phase3f-evidence/agents/binary-analysis/host-t5/tiling-validation.tsv	group=BINUTILS-GAS;side=OURS;path=riscv32-wch-elf/bin/as;closure_event=P3F-EVENT-1550;The historical file-side semantic obligation is replaced by its exact path/side V2 obligation; all 1,340 V2 functional intervals are terminally adjudicated (748 feature-mapped, 388 host-ABI, 204 host-data).;Terminal feature mappings retain all target-facing GAP states; supersession does not assert host-binary byte equality.
P3F-CLOSURE-0150	BIN-COV-0041	HOST-MACHO-SEMANTIC-OBLIGATION	tmp/phase3c-evidence/binary-coverage-obligations.tsv	host-macho-semantic-obligation	Phase 3c semantic_status=UNRESOLVED	map the equivalent V2 functional code/data to a terminal canonical feature; then classify remaining pure host bytes out of gate	SUPERSEDED-BY-V2	tmp/phase3f-evidence/agents/binary-analysis/host-t5/closure-obligation-projection.tsv::P3F-CLOSURE-0150	tmp/phase3f-evidence/agents/binary-analysis/host-t5/obligation-supersession.tsv::BIN-COV-0041;tmp/phase3f-evidence/agents/binary-analysis/host-t5/functional-feature-mapping.tsv;tmp/phase3f-evidence/agents/binary-analysis/host-t5/path-denominator-ledger.tsv;tmp/phase3f-evidence/agents/binary-analysis/host-t5/tiling-validation.tsv	group=BINUTILS-GPROF;side=WCH;path=bin/riscv32-wch-elf-gprof;closure_event=P3F-EVENT-1551;The historical file-side semantic obligation is replaced by its exact path/side V2 obligation; all 1,340 V2 functional intervals are terminally adjudicated (748 feature-mapped, 388 host-ABI, 204 host-data).;Terminal feature mappings retain all target-facing GAP states; supersession does not assert host-binary byte equality.
P3F-CLOSURE-0151	BIN-COV-0042	HOST-MACHO-SEMANTIC-OBLIGATION	tmp/phase3c-evidence/binary-coverage-obligations.tsv	host-macho-semantic-obligation	Phase 3c semantic_status=UNRESOLVED	map the equivalent V2 functional code/data to a terminal canonical feature; then classify remaining pure host bytes out of gate	SUPERSEDED-BY-V2	tmp/phase3f-evidence/agents/binary-analysis/host-t5/closure-obligation-projection.tsv::P3F-CLOSURE-0151	tmp/phase3f-evidence/agents/binary-analysis/host-t5/obligation-supersession.tsv::BIN-COV-0042;tmp/phase3f-evidence/agents/binary-analysis/host-t5/functional-feature-mapping.tsv;tmp/phase3f-evidence/agents/binary-analysis/host-t5/path-denominator-ledger.tsv;tmp/phase3f-evidence/agents/binary-analysis/host-t5/tiling-validation.tsv	group=BINUTILS-GPROF;side=UPSTREAM-P2;path=bin/riscv32-wch-elf-gprof;closure_event=P3F-EVENT-1552;The historical file-side semantic obligation is replaced by its exact path/side V2 obligation; all 1,340 V2 functional intervals are terminally adjudicated (748 feature-mapped, 388 host-ABI, 204 host-data).;Terminal feature mappings retain all target-facing GAP states; supersession does not assert host-binary byte equality.
P3F-CLOSURE-0152	BIN-COV-0043	HOST-MACHO-SEMANTIC-OBLIGATION	tmp/phase3c-evidence/binary-coverage-obligations.tsv	host-macho-semantic-obligation	Phase 3c semantic_status=UNRESOLVED	map the equivalent V2 functional code/data to a terminal canonical feature; then classify remaining pure host bytes out of gate	SUPERSEDED-BY-V2	tmp/phase3f-evidence/agents/binary-analysis/host-t5/closure-obligation-projection.tsv::P3F-CLOSURE-0152	tmp/phase3f-evidence/agents/binary-analysis/host-t5/obligation-supersession.tsv::BIN-COV-0043;tmp/phase3f-evidence/agents/binary-analysis/host-t5/functional-feature-mapping.tsv;tmp/phase3f-evidence/agents/binary-analysis/host-t5/path-denominator-ledger.tsv;tmp/phase3f-evidence/agents/binary-analysis/host-t5/tiling-validation.tsv	group=BINUTILS-GPROF;side=UPSTREAM-MATCHED;path=bin/riscv32-wch-elf-gprof;closure_event=P3F-EVENT-1553;The historical file-side semantic obligation is replaced by its exact path/side V2 obligation; all 1,340 V2 functional intervals are terminally adjudicated (748 feature-mapped, 388 host-ABI, 204 host-data).;Terminal feature mappings retain all target-facing GAP states; supersession does not assert host-binary byte equality.
P3F-CLOSURE-0153	BIN-COV-0044	HOST-MACHO-SEMANTIC-OBLIGATION	tmp/phase3c-evidence/binary-coverage-obligations.tsv	host-macho-semantic-obligation	Phase 3c semantic_status=UNRESOLVED	map the equivalent V2 functional code/data to a terminal canonical feature; then classify remaining pure host bytes out of gate	SUPERSEDED-BY-V2	tmp/phase3f-evidence/agents/binary-analysis/host-t5/closure-obligation-projection.tsv::P3F-CLOSURE-0153	tmp/phase3f-evidence/agents/binary-analysis/host-t5/obligation-supersession.tsv::BIN-COV-0044;tmp/phase3f-evidence/agents/binary-analysis/host-t5/functional-feature-mapping.tsv;tmp/phase3f-evidence/agents/binary-analysis/host-t5/path-denominator-ledger.tsv;tmp/phase3f-evidence/agents/binary-analysis/host-t5/tiling-validation.tsv	group=BINUTILS-GPROF;side=OURS;path=bin/riscv32-wch-elf-gprof;closure_event=P3F-EVENT-1554;The historical file-side semantic obligation is replaced by its exact path/side V2 obligation; all 1,340 V2 functional intervals are terminally adjudicated (748 feature-mapped, 388 host-ABI, 204 host-data).;Terminal feature mappings retain all target-facing GAP states; supersession does not assert host-binary byte equality.
P3F-CLOSURE-0154	BIN-COV-0045	HOST-MACHO-SEMANTIC-OBLIGATION	tmp/phase3c-evidence/binary-coverage-obligations.tsv	host-macho-semantic-obligation	Phase 3c semantic_status=UNRESOLVED	map the equivalent V2 functional code/data to a terminal canonical feature; then classify remaining pure host bytes out of gate	SUPERSEDED-BY-V2	tmp/phase3f-evidence/agents/binary-analysis/host-t5/closure-obligation-projection.tsv::P3F-CLOSURE-0154	tmp/phase3f-evidence/agents/binary-analysis/host-t5/obligation-supersession.tsv::BIN-COV-0045;tmp/phase3f-evidence/agents/binary-analysis/host-t5/functional-feature-mapping.tsv;tmp/phase3f-evidence/agents/binary-analysis/host-t5/path-denominator-ledger.tsv;tmp/phase3f-evidence/agents/binary-analysis/host-t5/tiling-validation.tsv	group=BINUTILS-LD;side=WCH;path=bin/riscv32-wch-elf-ld;closure_event=P3F-EVENT-1555;The historical file-side semantic obligation is replaced by its exact path/side V2 obligation; all 1,340 V2 functional intervals are terminally adjudicated (748 feature-mapped, 388 host-ABI, 204 host-data).;Terminal feature mappings retain all target-facing GAP states; supersession does not assert host-binary byte equality.
P3F-CLOSURE-0155	BIN-COV-0046	HOST-MACHO-SEMANTIC-OBLIGATION	tmp/phase3c-evidence/binary-coverage-obligations.tsv	host-macho-semantic-obligation	Phase 3c semantic_status=UNRESOLVED	map the equivalent V2 functional code/data to a terminal canonical feature; then classify remaining pure host bytes out of gate	SUPERSEDED-BY-V2	tmp/phase3f-evidence/agents/binary-analysis/host-t5/closure-obligation-projection.tsv::P3F-CLOSURE-0155	tmp/phase3f-evidence/agents/binary-analysis/host-t5/obligation-supersession.tsv::BIN-COV-0046;tmp/phase3f-evidence/agents/binary-analysis/host-t5/functional-feature-mapping.tsv;tmp/phase3f-evidence/agents/binary-analysis/host-t5/path-denominator-ledger.tsv;tmp/phase3f-evidence/agents/binary-analysis/host-t5/tiling-validation.tsv	group=BINUTILS-LD;side=UPSTREAM-P2;path=bin/riscv32-wch-elf-ld;closure_event=P3F-EVENT-1556;The historical file-side semantic obligation is replaced by its exact path/side V2 obligation; all 1,340 V2 functional intervals are terminally adjudicated (748 feature-mapped, 388 host-ABI, 204 host-data).;Terminal feature mappings retain all target-facing GAP states; supersession does not assert host-binary byte equality.
P3F-CLOSURE-0156	BIN-COV-0047	HOST-MACHO-SEMANTIC-OBLIGATION	tmp/phase3c-evidence/binary-coverage-obligations.tsv	host-macho-semantic-obligation	Phase 3c semantic_status=UNRESOLVED	map the equivalent V2 functional code/data to a terminal canonical feature; then classify remaining pure host bytes out of gate	SUPERSEDED-BY-V2	tmp/phase3f-evidence/agents/binary-analysis/host-t5/closure-obligation-projection.tsv::P3F-CLOSURE-0156	tmp/phase3f-evidence/agents/binary-analysis/host-t5/obligation-supersession.tsv::BIN-COV-0047;tmp/phase3f-evidence/agents/binary-analysis/host-t5/functional-feature-mapping.tsv;tmp/phase3f-evidence/agents/binary-analysis/host-t5/path-denominator-ledger.tsv;tmp/phase3f-evidence/agents/binary-analysis/host-t5/tiling-validation.tsv	group=BINUTILS-LD;side=UPSTREAM-MATCHED;path=bin/riscv32-wch-elf-ld;closure_event=P3F-EVENT-1557;The historical file-side semantic obligation is replaced by its exact path/side V2 obligation; all 1,340 V2 functional intervals are terminally adjudicated (748 feature-mapped, 388 host-ABI, 204 host-data).;Terminal feature mappings retain all target-facing GAP states; supersession does not assert host-binary byte equality.
P3F-CLOSURE-0157	BIN-COV-0048	HOST-MACHO-SEMANTIC-OBLIGATION	tmp/phase3c-evidence/binary-coverage-obligations.tsv	host-macho-semantic-obligation	Phase 3c semantic_status=UNRESOLVED	map the equivalent V2 functional code/data to a terminal canonical feature; then classify remaining pure host bytes out of gate	SUPERSEDED-BY-V2	tmp/phase3f-evidence/agents/binary-analysis/host-t5/closure-obligation-projection.tsv::P3F-CLOSURE-0157	tmp/phase3f-evidence/agents/binary-analysis/host-t5/obligation-supersession.tsv::BIN-COV-0048;tmp/phase3f-evidence/agents/binary-analysis/host-t5/functional-feature-mapping.tsv;tmp/phase3f-evidence/agents/binary-analysis/host-t5/path-denominator-ledger.tsv;tmp/phase3f-evidence/agents/binary-analysis/host-t5/tiling-validation.tsv	group=BINUTILS-LD;side=OURS;path=bin/riscv32-wch-elf-ld;closure_event=P3F-EVENT-1558;The historical file-side semantic obligation is replaced by its exact path/side V2 obligation; all 1,340 V2 functional intervals are terminally adjudicated (748 feature-mapped, 388 host-ABI, 204 host-data).;Terminal feature mappings retain all target-facing GAP states; supersession does not assert host-binary byte equality.
P3F-CLOSURE-0158	BIN-COV-0049	HOST-MACHO-SEMANTIC-OBLIGATION	tmp/phase3c-evidence/binary-coverage-obligations.tsv	host-macho-semantic-obligation	Phase 3c semantic_status=UNRESOLVED	map the equivalent V2 functional code/data to a terminal canonical feature; then classify remaining pure host bytes out of gate	SUPERSEDED-BY-V2	tmp/phase3f-evidence/agents/binary-analysis/host-t5/closure-obligation-projection.tsv::P3F-CLOSURE-0158	tmp/phase3f-evidence/agents/binary-analysis/host-t5/obligation-supersession.tsv::BIN-COV-0049;tmp/phase3f-evidence/agents/binary-analysis/host-t5/functional-feature-mapping.tsv;tmp/phase3f-evidence/agents/binary-analysis/host-t5/path-denominator-ledger.tsv;tmp/phase3f-evidence/agents/binary-analysis/host-t5/tiling-validation.tsv	group=BINUTILS-LD;side=WCH;path=bin/riscv32-wch-elf-ld.bfd;closure_event=P3F-EVENT-1559;The historical file-side semantic obligation is replaced by its exact path/side V2 obligation; all 1,340 V2 functional intervals are terminally adjudicated (748 feature-mapped, 388 host-ABI, 204 host-data).;Terminal feature mappings retain all target-facing GAP states; supersession does not assert host-binary byte equality.
P3F-CLOSURE-0159	BIN-COV-0050	HOST-MACHO-SEMANTIC-OBLIGATION	tmp/phase3c-evidence/binary-coverage-obligations.tsv	host-macho-semantic-obligation	Phase 3c semantic_status=UNRESOLVED	map the equivalent V2 functional code/data to a terminal canonical feature; then classify remaining pure host bytes out of gate	SUPERSEDED-BY-V2	tmp/phase3f-evidence/agents/binary-analysis/host-t5/closure-obligation-projection.tsv::P3F-CLOSURE-0159	tmp/phase3f-evidence/agents/binary-analysis/host-t5/obligation-supersession.tsv::BIN-COV-0050;tmp/phase3f-evidence/agents/binary-analysis/host-t5/functional-feature-mapping.tsv;tmp/phase3f-evidence/agents/binary-analysis/host-t5/path-denominator-ledger.tsv;tmp/phase3f-evidence/agents/binary-analysis/host-t5/tiling-validation.tsv	group=BINUTILS-LD;side=UPSTREAM-P2;path=bin/riscv32-wch-elf-ld.bfd;closure_event=P3F-EVENT-1560;The historical file-side semantic obligation is replaced by its exact path/side V2 obligation; all 1,340 V2 functional intervals are terminally adjudicated (748 feature-mapped, 388 host-ABI, 204 host-data).;Terminal feature mappings retain all target-facing GAP states; supersession does not assert host-binary byte equality.
P3F-CLOSURE-0160	BIN-COV-0051	HOST-MACHO-SEMANTIC-OBLIGATION	tmp/phase3c-evidence/binary-coverage-obligations.tsv	host-macho-semantic-obligation	Phase 3c semantic_status=UNRESOLVED	map the equivalent V2 functional code/data to a terminal canonical feature; then classify remaining pure host bytes out of gate	SUPERSEDED-BY-V2	tmp/phase3f-evidence/agents/binary-analysis/host-t5/closure-obligation-projection.tsv::P3F-CLOSURE-0160	tmp/phase3f-evidence/agents/binary-analysis/host-t5/obligation-supersession.tsv::BIN-COV-0051;tmp/phase3f-evidence/agents/binary-analysis/host-t5/functional-feature-mapping.tsv;tmp/phase3f-evidence/agents/binary-analysis/host-t5/path-denominator-ledger.tsv;tmp/phase3f-evidence/agents/binary-analysis/host-t5/tiling-validation.tsv	group=BINUTILS-LD;side=UPSTREAM-MATCHED;path=bin/riscv32-wch-elf-ld.bfd;closure_event=P3F-EVENT-1561;The historical file-side semantic obligation is replaced by its exact path/side V2 obligation; all 1,340 V2 functional intervals are terminally adjudicated (748 feature-mapped, 388 host-ABI, 204 host-data).;Terminal feature mappings retain all target-facing GAP states; supersession does not assert host-binary byte equality.
P3F-CLOSURE-0161	BIN-COV-0052	HOST-MACHO-SEMANTIC-OBLIGATION	tmp/phase3c-evidence/binary-coverage-obligations.tsv	host-macho-semantic-obligation	Phase 3c semantic_status=UNRESOLVED	map the equivalent V2 functional code/data to a terminal canonical feature; then classify remaining pure host bytes out of gate	SUPERSEDED-BY-V2	tmp/phase3f-evidence/agents/binary-analysis/host-t5/closure-obligation-projection.tsv::P3F-CLOSURE-0161	tmp/phase3f-evidence/agents/binary-analysis/host-t5/obligation-supersession.tsv::BIN-COV-0052;tmp/phase3f-evidence/agents/binary-analysis/host-t5/functional-feature-mapping.tsv;tmp/phase3f-evidence/agents/binary-analysis/host-t5/path-denominator-ledger.tsv;tmp/phase3f-evidence/agents/binary-analysis/host-t5/tiling-validation.tsv	group=BINUTILS-LD;side=OURS;path=bin/riscv32-wch-elf-ld.bfd;closure_event=P3F-EVENT-1562;The historical file-side semantic obligation is replaced by its exact path/side V2 obligation; all 1,340 V2 functional intervals are terminally adjudicated (748 feature-mapped, 388 host-ABI, 204 host-data).;Terminal feature mappings retain all target-facing GAP states; supersession does not assert host-binary byte equality.
P3F-CLOSURE-0162	BIN-COV-0053	HOST-MACHO-SEMANTIC-OBLIGATION	tmp/phase3c-evidence/binary-coverage-obligations.tsv	host-macho-semantic-obligation	Phase 3c semantic_status=UNRESOLVED	map the equivalent V2 functional code/data to a terminal canonical feature; then classify remaining pure host bytes out of gate	SUPERSEDED-BY-V2	tmp/phase3f-evidence/agents/binary-analysis/host-t5/closure-obligation-projection.tsv::P3F-CLOSURE-0162	tmp/phase3f-evidence/agents/binary-analysis/host-t5/obligation-supersession.tsv::BIN-COV-0053;tmp/phase3f-evidence/agents/binary-analysis/host-t5/functional-feature-mapping.tsv;tmp/phase3f-evidence/agents/binary-analysis/host-t5/path-denominator-ledger.tsv;tmp/phase3f-evidence/agents/binary-analysis/host-t5/tiling-validation.tsv	group=BINUTILS-LD;side=WCH;path=riscv32-wch-elf/bin/ld;closure_event=P3F-EVENT-1563;The historical file-side semantic obligation is replaced by its exact path/side V2 obligation; all 1,340 V2 functional intervals are terminally adjudicated (748 feature-mapped, 388 host-ABI, 204 host-data).;Terminal feature mappings retain all target-facing GAP states; supersession does not assert host-binary byte equality.
P3F-CLOSURE-0163	BIN-COV-0054	HOST-MACHO-SEMANTIC-OBLIGATION	tmp/phase3c-evidence/binary-coverage-obligations.tsv	host-macho-semantic-obligation	Phase 3c semantic_status=UNRESOLVED	map the equivalent V2 functional code/data to a terminal canonical feature; then classify remaining pure host bytes out of gate	SUPERSEDED-BY-V2	tmp/phase3f-evidence/agents/binary-analysis/host-t5/closure-obligation-projection.tsv::P3F-CLOSURE-0163	tmp/phase3f-evidence/agents/binary-analysis/host-t5/obligation-supersession.tsv::BIN-COV-0054;tmp/phase3f-evidence/agents/binary-analysis/host-t5/functional-feature-mapping.tsv;tmp/phase3f-evidence/agents/binary-analysis/host-t5/path-denominator-ledger.tsv;tmp/phase3f-evidence/agents/binary-analysis/host-t5/tiling-validation.tsv	group=BINUTILS-LD;side=UPSTREAM-P2;path=riscv32-wch-elf/bin/ld;closure_event=P3F-EVENT-1564;The historical file-side semantic obligation is replaced by its exact path/side V2 obligation; all 1,340 V2 functional intervals are terminally adjudicated (748 feature-mapped, 388 host-ABI, 204 host-data).;Terminal feature mappings retain all target-facing GAP states; supersession does not assert host-binary byte equality.
P3F-CLOSURE-0164	BIN-COV-0055	HOST-MACHO-SEMANTIC-OBLIGATION	tmp/phase3c-evidence/binary-coverage-obligations.tsv	host-macho-semantic-obligation	Phase 3c semantic_status=UNRESOLVED	map the equivalent V2 functional code/data to a terminal canonical feature; then classify remaining pure host bytes out of gate	SUPERSEDED-BY-V2	tmp/phase3f-evidence/agents/binary-analysis/host-t5/closure-obligation-projection.tsv::P3F-CLOSURE-0164	tmp/phase3f-evidence/agents/binary-analysis/host-t5/obligation-supersession.tsv::BIN-COV-0055;tmp/phase3f-evidence/agents/binary-analysis/host-t5/functional-feature-mapping.tsv;tmp/phase3f-evidence/agents/binary-analysis/host-t5/path-denominator-ledger.tsv;tmp/phase3f-evidence/agents/binary-analysis/host-t5/tiling-validation.tsv	group=BINUTILS-LD;side=UPSTREAM-MATCHED;path=riscv32-wch-elf/bin/ld;closure_event=P3F-EVENT-1565;The historical file-side semantic obligation is replaced by its exact path/side V2 obligation; all 1,340 V2 functional intervals are terminally adjudicated (748 feature-mapped, 388 host-ABI, 204 host-data).;Terminal feature mappings retain all target-facing GAP states; supersession does not assert host-binary byte equality.
P3F-CLOSURE-0165	BIN-COV-0056	HOST-MACHO-SEMANTIC-OBLIGATION	tmp/phase3c-evidence/binary-coverage-obligations.tsv	host-macho-semantic-obligation	Phase 3c semantic_status=UNRESOLVED	map the equivalent V2 functional code/data to a terminal canonical feature; then classify remaining pure host bytes out of gate	SUPERSEDED-BY-V2	tmp/phase3f-evidence/agents/binary-analysis/host-t5/closure-obligation-projection.tsv::P3F-CLOSURE-0165	tmp/phase3f-evidence/agents/binary-analysis/host-t5/obligation-supersession.tsv::BIN-COV-0056;tmp/phase3f-evidence/agents/binary-analysis/host-t5/functional-feature-mapping.tsv;tmp/phase3f-evidence/agents/binary-analysis/host-t5/path-denominator-ledger.tsv;tmp/phase3f-evidence/agents/binary-analysis/host-t5/tiling-validation.tsv	group=BINUTILS-LD;side=OURS;path=riscv32-wch-elf/bin/ld;closure_event=P3F-EVENT-1566;The historical file-side semantic obligation is replaced by its exact path/side V2 obligation; all 1,340 V2 functional intervals are terminally adjudicated (748 feature-mapped, 388 host-ABI, 204 host-data).;Terminal feature mappings retain all target-facing GAP states; supersession does not assert host-binary byte equality.
P3F-CLOSURE-0166	BIN-COV-0057	HOST-MACHO-SEMANTIC-OBLIGATION	tmp/phase3c-evidence/binary-coverage-obligations.tsv	host-macho-semantic-obligation	Phase 3c semantic_status=UNRESOLVED	map the equivalent V2 functional code/data to a terminal canonical feature; then classify remaining pure host bytes out of gate	SUPERSEDED-BY-V2	tmp/phase3f-evidence/agents/binary-analysis/host-t5/closure-obligation-projection.tsv::P3F-CLOSURE-0166	tmp/phase3f-evidence/agents/binary-analysis/host-t5/obligation-supersession.tsv::BIN-COV-0057;tmp/phase3f-evidence/agents/binary-analysis/host-t5/functional-feature-mapping.tsv;tmp/phase3f-evidence/agents/binary-analysis/host-t5/path-denominator-ledger.tsv;tmp/phase3f-evidence/agents/binary-analysis/host-t5/tiling-validation.tsv	group=BINUTILS-LD;side=WCH;path=riscv32-wch-elf/bin/ld.bfd;closure_event=P3F-EVENT-1567;The historical file-side semantic obligation is replaced by its exact path/side V2 obligation; all 1,340 V2 functional intervals are terminally adjudicated (748 feature-mapped, 388 host-ABI, 204 host-data).;Terminal feature mappings retain all target-facing GAP states; supersession does not assert host-binary byte equality.
P3F-CLOSURE-0167	BIN-COV-0058	HOST-MACHO-SEMANTIC-OBLIGATION	tmp/phase3c-evidence/binary-coverage-obligations.tsv	host-macho-semantic-obligation	Phase 3c semantic_status=UNRESOLVED	map the equivalent V2 functional code/data to a terminal canonical feature; then classify remaining pure host bytes out of gate	SUPERSEDED-BY-V2	tmp/phase3f-evidence/agents/binary-analysis/host-t5/closure-obligation-projection.tsv::P3F-CLOSURE-0167	tmp/phase3f-evidence/agents/binary-analysis/host-t5/obligation-supersession.tsv::BIN-COV-0058;tmp/phase3f-evidence/agents/binary-analysis/host-t5/functional-feature-mapping.tsv;tmp/phase3f-evidence/agents/binary-analysis/host-t5/path-denominator-ledger.tsv;tmp/phase3f-evidence/agents/binary-analysis/host-t5/tiling-validation.tsv	group=BINUTILS-LD;side=UPSTREAM-P2;path=riscv32-wch-elf/bin/ld.bfd;closure_event=P3F-EVENT-1568;The historical file-side semantic obligation is replaced by its exact path/side V2 obligation; all 1,340 V2 functional intervals are terminally adjudicated (748 feature-mapped, 388 host-ABI, 204 host-data).;Terminal feature mappings retain all target-facing GAP states; supersession does not assert host-binary byte equality.
P3F-CLOSURE-0168	BIN-COV-0059	HOST-MACHO-SEMANTIC-OBLIGATION	tmp/phase3c-evidence/binary-coverage-obligations.tsv	host-macho-semantic-obligation	Phase 3c semantic_status=UNRESOLVED	map the equivalent V2 functional code/data to a terminal canonical feature; then classify remaining pure host bytes out of gate	SUPERSEDED-BY-V2	tmp/phase3f-evidence/agents/binary-analysis/host-t5/closure-obligation-projection.tsv::P3F-CLOSURE-0168	tmp/phase3f-evidence/agents/binary-analysis/host-t5/obligation-supersession.tsv::BIN-COV-0059;tmp/phase3f-evidence/agents/binary-analysis/host-t5/functional-feature-mapping.tsv;tmp/phase3f-evidence/agents/binary-analysis/host-t5/path-denominator-ledger.tsv;tmp/phase3f-evidence/agents/binary-analysis/host-t5/tiling-validation.tsv	group=BINUTILS-LD;side=UPSTREAM-MATCHED;path=riscv32-wch-elf/bin/ld.bfd;closure_event=P3F-EVENT-1569;The historical file-side semantic obligation is replaced by its exact path/side V2 obligation; all 1,340 V2 functional intervals are terminally adjudicated (748 feature-mapped, 388 host-ABI, 204 host-data).;Terminal feature mappings retain all target-facing GAP states; supersession does not assert host-binary byte equality.
P3F-CLOSURE-0169	BIN-COV-0060	HOST-MACHO-SEMANTIC-OBLIGATION	tmp/phase3c-evidence/binary-coverage-obligations.tsv	host-macho-semantic-obligation	Phase 3c semantic_status=UNRESOLVED	map the equivalent V2 functional code/data to a terminal canonical feature; then classify remaining pure host bytes out of gate	SUPERSEDED-BY-V2	tmp/phase3f-evidence/agents/binary-analysis/host-t5/closure-obligation-projection.tsv::P3F-CLOSURE-0169	tmp/phase3f-evidence/agents/binary-analysis/host-t5/obligation-supersession.tsv::BIN-COV-0060;tmp/phase3f-evidence/agents/binary-analysis/host-t5/functional-feature-mapping.tsv;tmp/phase3f-evidence/agents/binary-analysis/host-t5/path-denominator-ledger.tsv;tmp/phase3f-evidence/agents/binary-analysis/host-t5/tiling-validation.tsv	group=BINUTILS-LD;side=OURS;path=riscv32-wch-elf/bin/ld.bfd;closure_event=P3F-EVENT-1570;The historical file-side semantic obligation is replaced by its exact path/side V2 obligation; all 1,340 V2 functional intervals are terminally adjudicated (748 feature-mapped, 388 host-ABI, 204 host-data).;Terminal feature mappings retain all target-facing GAP states; supersession does not assert host-binary byte equality.
P3F-CLOSURE-0170	BIN-COV-0061	HOST-MACHO-SEMANTIC-OBLIGATION	tmp/phase3c-evidence/binary-coverage-obligations.tsv	host-macho-semantic-obligation	Phase 3c semantic_status=UNRESOLVED	map the equivalent V2 functional code/data to a terminal canonical feature; then classify remaining pure host bytes out of gate	SUPERSEDED-BY-V2	tmp/phase3f-evidence/agents/binary-analysis/host-t5/closure-obligation-projection.tsv::P3F-CLOSURE-0170	tmp/phase3f-evidence/agents/binary-analysis/host-t5/obligation-supersession.tsv::BIN-COV-0061;tmp/phase3f-evidence/agents/binary-analysis/host-t5/functional-feature-mapping.tsv;tmp/phase3f-evidence/agents/binary-analysis/host-t5/path-denominator-ledger.tsv;tmp/phase3f-evidence/agents/binary-analysis/host-t5/tiling-validation.tsv	group=BINUTILS-NM;side=WCH;path=bin/riscv32-wch-elf-nm;closure_event=P3F-EVENT-1571;The historical file-side semantic obligation is replaced by its exact path/side V2 obligation; all 1,340 V2 functional intervals are terminally adjudicated (748 feature-mapped, 388 host-ABI, 204 host-data).;Terminal feature mappings retain all target-facing GAP states; supersession does not assert host-binary byte equality.
P3F-CLOSURE-0171	BIN-COV-0062	HOST-MACHO-SEMANTIC-OBLIGATION	tmp/phase3c-evidence/binary-coverage-obligations.tsv	host-macho-semantic-obligation	Phase 3c semantic_status=UNRESOLVED	map the equivalent V2 functional code/data to a terminal canonical feature; then classify remaining pure host bytes out of gate	SUPERSEDED-BY-V2	tmp/phase3f-evidence/agents/binary-analysis/host-t5/closure-obligation-projection.tsv::P3F-CLOSURE-0171	tmp/phase3f-evidence/agents/binary-analysis/host-t5/obligation-supersession.tsv::BIN-COV-0062;tmp/phase3f-evidence/agents/binary-analysis/host-t5/functional-feature-mapping.tsv;tmp/phase3f-evidence/agents/binary-analysis/host-t5/path-denominator-ledger.tsv;tmp/phase3f-evidence/agents/binary-analysis/host-t5/tiling-validation.tsv	group=BINUTILS-NM;side=UPSTREAM-P2;path=bin/riscv32-wch-elf-nm;closure_event=P3F-EVENT-1572;The historical file-side semantic obligation is replaced by its exact path/side V2 obligation; all 1,340 V2 functional intervals are terminally adjudicated (748 feature-mapped, 388 host-ABI, 204 host-data).;Terminal feature mappings retain all target-facing GAP states; supersession does not assert host-binary byte equality.
P3F-CLOSURE-0172	BIN-COV-0063	HOST-MACHO-SEMANTIC-OBLIGATION	tmp/phase3c-evidence/binary-coverage-obligations.tsv	host-macho-semantic-obligation	Phase 3c semantic_status=UNRESOLVED	map the equivalent V2 functional code/data to a terminal canonical feature; then classify remaining pure host bytes out of gate	SUPERSEDED-BY-V2	tmp/phase3f-evidence/agents/binary-analysis/host-t5/closure-obligation-projection.tsv::P3F-CLOSURE-0172	tmp/phase3f-evidence/agents/binary-analysis/host-t5/obligation-supersession.tsv::BIN-COV-0063;tmp/phase3f-evidence/agents/binary-analysis/host-t5/functional-feature-mapping.tsv;tmp/phase3f-evidence/agents/binary-analysis/host-t5/path-denominator-ledger.tsv;tmp/phase3f-evidence/agents/binary-analysis/host-t5/tiling-validation.tsv	group=BINUTILS-NM;side=UPSTREAM-MATCHED;path=bin/riscv32-wch-elf-nm;closure_event=P3F-EVENT-1573;The historical file-side semantic obligation is replaced by its exact path/side V2 obligation; all 1,340 V2 functional intervals are terminally adjudicated (748 feature-mapped, 388 host-ABI, 204 host-data).;Terminal feature mappings retain all target-facing GAP states; supersession does not assert host-binary byte equality.
P3F-CLOSURE-0173	BIN-COV-0064	HOST-MACHO-SEMANTIC-OBLIGATION	tmp/phase3c-evidence/binary-coverage-obligations.tsv	host-macho-semantic-obligation	Phase 3c semantic_status=UNRESOLVED	map the equivalent V2 functional code/data to a terminal canonical feature; then classify remaining pure host bytes out of gate	SUPERSEDED-BY-V2	tmp/phase3f-evidence/agents/binary-analysis/host-t5/closure-obligation-projection.tsv::P3F-CLOSURE-0173	tmp/phase3f-evidence/agents/binary-analysis/host-t5/obligation-supersession.tsv::BIN-COV-0064;tmp/phase3f-evidence/agents/binary-analysis/host-t5/functional-feature-mapping.tsv;tmp/phase3f-evidence/agents/binary-analysis/host-t5/path-denominator-ledger.tsv;tmp/phase3f-evidence/agents/binary-analysis/host-t5/tiling-validation.tsv	group=BINUTILS-NM;side=OURS;path=bin/riscv32-wch-elf-nm;closure_event=P3F-EVENT-1574;The historical file-side semantic obligation is replaced by its exact path/side V2 obligation; all 1,340 V2 functional intervals are terminally adjudicated (748 feature-mapped, 388 host-ABI, 204 host-data).;Terminal feature mappings retain all target-facing GAP states; supersession does not assert host-binary byte equality.
P3F-CLOSURE-0174	BIN-COV-0065	HOST-MACHO-SEMANTIC-OBLIGATION	tmp/phase3c-evidence/binary-coverage-obligations.tsv	host-macho-semantic-obligation	Phase 3c semantic_status=UNRESOLVED	map the equivalent V2 functional code/data to a terminal canonical feature; then classify remaining pure host bytes out of gate	SUPERSEDED-BY-V2	tmp/phase3f-evidence/agents/binary-analysis/host-t5/closure-obligation-projection.tsv::P3F-CLOSURE-0174	tmp/phase3f-evidence/agents/binary-analysis/host-t5/obligation-supersession.tsv::BIN-COV-0065;tmp/phase3f-evidence/agents/binary-analysis/host-t5/functional-feature-mapping.tsv;tmp/phase3f-evidence/agents/binary-analysis/host-t5/path-denominator-ledger.tsv;tmp/phase3f-evidence/agents/binary-analysis/host-t5/tiling-validation.tsv	group=BINUTILS-NM;side=WCH;path=riscv32-wch-elf/bin/nm;closure_event=P3F-EVENT-1575;The historical file-side semantic obligation is replaced by its exact path/side V2 obligation; all 1,340 V2 functional intervals are terminally adjudicated (748 feature-mapped, 388 host-ABI, 204 host-data).;Terminal feature mappings retain all target-facing GAP states; supersession does not assert host-binary byte equality.
P3F-CLOSURE-0175	BIN-COV-0066	HOST-MACHO-SEMANTIC-OBLIGATION	tmp/phase3c-evidence/binary-coverage-obligations.tsv	host-macho-semantic-obligation	Phase 3c semantic_status=UNRESOLVED	map the equivalent V2 functional code/data to a terminal canonical feature; then classify remaining pure host bytes out of gate	SUPERSEDED-BY-V2	tmp/phase3f-evidence/agents/binary-analysis/host-t5/closure-obligation-projection.tsv::P3F-CLOSURE-0175	tmp/phase3f-evidence/agents/binary-analysis/host-t5/obligation-supersession.tsv::BIN-COV-0066;tmp/phase3f-evidence/agents/binary-analysis/host-t5/functional-feature-mapping.tsv;tmp/phase3f-evidence/agents/binary-analysis/host-t5/path-denominator-ledger.tsv;tmp/phase3f-evidence/agents/binary-analysis/host-t5/tiling-validation.tsv	group=BINUTILS-NM;side=UPSTREAM-P2;path=riscv32-wch-elf/bin/nm;closure_event=P3F-EVENT-1576;The historical file-side semantic obligation is replaced by its exact path/side V2 obligation; all 1,340 V2 functional intervals are terminally adjudicated (748 feature-mapped, 388 host-ABI, 204 host-data).;Terminal feature mappings retain all target-facing GAP states; supersession does not assert host-binary byte equality.
P3F-CLOSURE-0176	BIN-COV-0067	HOST-MACHO-SEMANTIC-OBLIGATION	tmp/phase3c-evidence/binary-coverage-obligations.tsv	host-macho-semantic-obligation	Phase 3c semantic_status=UNRESOLVED	map the equivalent V2 functional code/data to a terminal canonical feature; then classify remaining pure host bytes out of gate	SUPERSEDED-BY-V2	tmp/phase3f-evidence/agents/binary-analysis/host-t5/closure-obligation-projection.tsv::P3F-CLOSURE-0176	tmp/phase3f-evidence/agents/binary-analysis/host-t5/obligation-supersession.tsv::BIN-COV-0067;tmp/phase3f-evidence/agents/binary-analysis/host-t5/functional-feature-mapping.tsv;tmp/phase3f-evidence/agents/binary-analysis/host-t5/path-denominator-ledger.tsv;tmp/phase3f-evidence/agents/binary-analysis/host-t5/tiling-validation.tsv	group=BINUTILS-NM;side=UPSTREAM-MATCHED;path=riscv32-wch-elf/bin/nm;closure_event=P3F-EVENT-1577;The historical file-side semantic obligation is replaced by its exact path/side V2 obligation; all 1,340 V2 functional intervals are terminally adjudicated (748 feature-mapped, 388 host-ABI, 204 host-data).;Terminal feature mappings retain all target-facing GAP states; supersession does not assert host-binary byte equality.
P3F-CLOSURE-0177	BIN-COV-0068	HOST-MACHO-SEMANTIC-OBLIGATION	tmp/phase3c-evidence/binary-coverage-obligations.tsv	host-macho-semantic-obligation	Phase 3c semantic_status=UNRESOLVED	map the equivalent V2 functional code/data to a terminal canonical feature; then classify remaining pure host bytes out of gate	SUPERSEDED-BY-V2	tmp/phase3f-evidence/agents/binary-analysis/host-t5/closure-obligation-projection.tsv::P3F-CLOSURE-0177	tmp/phase3f-evidence/agents/binary-analysis/host-t5/obligation-supersession.tsv::BIN-COV-0068;tmp/phase3f-evidence/agents/binary-analysis/host-t5/functional-feature-mapping.tsv;tmp/phase3f-evidence/agents/binary-analysis/host-t5/path-denominator-ledger.tsv;tmp/phase3f-evidence/agents/binary-analysis/host-t5/tiling-validation.tsv	group=BINUTILS-NM;side=OURS;path=riscv32-wch-elf/bin/nm;closure_event=P3F-EVENT-1578;The historical file-side semantic obligation is replaced by its exact path/side V2 obligation; all 1,340 V2 functional intervals are terminally adjudicated (748 feature-mapped, 388 host-ABI, 204 host-data).;Terminal feature mappings retain all target-facing GAP states; supersession does not assert host-binary byte equality.
P3F-CLOSURE-0178	BIN-COV-0069	HOST-MACHO-SEMANTIC-OBLIGATION	tmp/phase3c-evidence/binary-coverage-obligations.tsv	host-macho-semantic-obligation	Phase 3c semantic_status=UNRESOLVED	map the equivalent V2 functional code/data to a terminal canonical feature; then classify remaining pure host bytes out of gate	SUPERSEDED-BY-V2	tmp/phase3f-evidence/agents/binary-analysis/host-t5/closure-obligation-projection.tsv::P3F-CLOSURE-0178	tmp/phase3f-evidence/agents/binary-analysis/host-t5/obligation-supersession.tsv::BIN-COV-0069;tmp/phase3f-evidence/agents/binary-analysis/host-t5/functional-feature-mapping.tsv;tmp/phase3f-evidence/agents/binary-analysis/host-t5/path-denominator-ledger.tsv;tmp/phase3f-evidence/agents/binary-analysis/host-t5/tiling-validation.tsv	group=BINUTILS-OBJCOPY;side=WCH;path=bin/riscv32-wch-elf-objcopy;closure_event=P3F-EVENT-1579;The historical file-side semantic obligation is replaced by its exact path/side V2 obligation; all 1,340 V2 functional intervals are terminally adjudicated (748 feature-mapped, 388 host-ABI, 204 host-data).;Terminal feature mappings retain all target-facing GAP states; supersession does not assert host-binary byte equality.
P3F-CLOSURE-0179	BIN-COV-0070	HOST-MACHO-SEMANTIC-OBLIGATION	tmp/phase3c-evidence/binary-coverage-obligations.tsv	host-macho-semantic-obligation	Phase 3c semantic_status=UNRESOLVED	map the equivalent V2 functional code/data to a terminal canonical feature; then classify remaining pure host bytes out of gate	SUPERSEDED-BY-V2	tmp/phase3f-evidence/agents/binary-analysis/host-t5/closure-obligation-projection.tsv::P3F-CLOSURE-0179	tmp/phase3f-evidence/agents/binary-analysis/host-t5/obligation-supersession.tsv::BIN-COV-0070;tmp/phase3f-evidence/agents/binary-analysis/host-t5/functional-feature-mapping.tsv;tmp/phase3f-evidence/agents/binary-analysis/host-t5/path-denominator-ledger.tsv;tmp/phase3f-evidence/agents/binary-analysis/host-t5/tiling-validation.tsv	group=BINUTILS-OBJCOPY;side=UPSTREAM-P2;path=bin/riscv32-wch-elf-objcopy;closure_event=P3F-EVENT-1580;The historical file-side semantic obligation is replaced by its exact path/side V2 obligation; all 1,340 V2 functional intervals are terminally adjudicated (748 feature-mapped, 388 host-ABI, 204 host-data).;Terminal feature mappings retain all target-facing GAP states; supersession does not assert host-binary byte equality.
P3F-CLOSURE-0180	BIN-COV-0071	HOST-MACHO-SEMANTIC-OBLIGATION	tmp/phase3c-evidence/binary-coverage-obligations.tsv	host-macho-semantic-obligation	Phase 3c semantic_status=UNRESOLVED	map the equivalent V2 functional code/data to a terminal canonical feature; then classify remaining pure host bytes out of gate	SUPERSEDED-BY-V2	tmp/phase3f-evidence/agents/binary-analysis/host-t5/closure-obligation-projection.tsv::P3F-CLOSURE-0180	tmp/phase3f-evidence/agents/binary-analysis/host-t5/obligation-supersession.tsv::BIN-COV-0071;tmp/phase3f-evidence/agents/binary-analysis/host-t5/functional-feature-mapping.tsv;tmp/phase3f-evidence/agents/binary-analysis/host-t5/path-denominator-ledger.tsv;tmp/phase3f-evidence/agents/binary-analysis/host-t5/tiling-validation.tsv	group=BINUTILS-OBJCOPY;side=UPSTREAM-MATCHED;path=bin/riscv32-wch-elf-objcopy;closure_event=P3F-EVENT-1581;The historical file-side semantic obligation is replaced by its exact path/side V2 obligation; all 1,340 V2 functional intervals are terminally adjudicated (748 feature-mapped, 388 host-ABI, 204 host-data).;Terminal feature mappings retain all target-facing GAP states; supersession does not assert host-binary byte equality.
P3F-CLOSURE-0181	BIN-COV-0072	HOST-MACHO-SEMANTIC-OBLIGATION	tmp/phase3c-evidence/binary-coverage-obligations.tsv	host-macho-semantic-obligation	Phase 3c semantic_status=UNRESOLVED	map the equivalent V2 functional code/data to a terminal canonical feature; then classify remaining pure host bytes out of gate	SUPERSEDED-BY-V2	tmp/phase3f-evidence/agents/binary-analysis/host-t5/closure-obligation-projection.tsv::P3F-CLOSURE-0181	tmp/phase3f-evidence/agents/binary-analysis/host-t5/obligation-supersession.tsv::BIN-COV-0072;tmp/phase3f-evidence/agents/binary-analysis/host-t5/functional-feature-mapping.tsv;tmp/phase3f-evidence/agents/binary-analysis/host-t5/path-denominator-ledger.tsv;tmp/phase3f-evidence/agents/binary-analysis/host-t5/tiling-validation.tsv	group=BINUTILS-OBJCOPY;side=OURS;path=bin/riscv32-wch-elf-objcopy;closure_event=P3F-EVENT-1582;The historical file-side semantic obligation is replaced by its exact path/side V2 obligation; all 1,340 V2 functional intervals are terminally adjudicated (748 feature-mapped, 388 host-ABI, 204 host-data).;Terminal feature mappings retain all target-facing GAP states; supersession does not assert host-binary byte equality.
P3F-CLOSURE-0182	BIN-COV-0073	HOST-MACHO-SEMANTIC-OBLIGATION	tmp/phase3c-evidence/binary-coverage-obligations.tsv	host-macho-semantic-obligation	Phase 3c semantic_status=UNRESOLVED	map the equivalent V2 functional code/data to a terminal canonical feature; then classify remaining pure host bytes out of gate	SUPERSEDED-BY-V2	tmp/phase3f-evidence/agents/binary-analysis/host-t5/closure-obligation-projection.tsv::P3F-CLOSURE-0182	tmp/phase3f-evidence/agents/binary-analysis/host-t5/obligation-supersession.tsv::BIN-COV-0073;tmp/phase3f-evidence/agents/binary-analysis/host-t5/functional-feature-mapping.tsv;tmp/phase3f-evidence/agents/binary-analysis/host-t5/path-denominator-ledger.tsv;tmp/phase3f-evidence/agents/binary-analysis/host-t5/tiling-validation.tsv	group=BINUTILS-OBJCOPY;side=WCH;path=riscv32-wch-elf/bin/objcopy;closure_event=P3F-EVENT-1583;The historical file-side semantic obligation is replaced by its exact path/side V2 obligation; all 1,340 V2 functional intervals are terminally adjudicated (748 feature-mapped, 388 host-ABI, 204 host-data).;Terminal feature mappings retain all target-facing GAP states; supersession does not assert host-binary byte equality.
P3F-CLOSURE-0183	BIN-COV-0074	HOST-MACHO-SEMANTIC-OBLIGATION	tmp/phase3c-evidence/binary-coverage-obligations.tsv	host-macho-semantic-obligation	Phase 3c semantic_status=UNRESOLVED	map the equivalent V2 functional code/data to a terminal canonical feature; then classify remaining pure host bytes out of gate	SUPERSEDED-BY-V2	tmp/phase3f-evidence/agents/binary-analysis/host-t5/closure-obligation-projection.tsv::P3F-CLOSURE-0183	tmp/phase3f-evidence/agents/binary-analysis/host-t5/obligation-supersession.tsv::BIN-COV-0074;tmp/phase3f-evidence/agents/binary-analysis/host-t5/functional-feature-mapping.tsv;tmp/phase3f-evidence/agents/binary-analysis/host-t5/path-denominator-ledger.tsv;tmp/phase3f-evidence/agents/binary-analysis/host-t5/tiling-validation.tsv	group=BINUTILS-OBJCOPY;side=UPSTREAM-P2;path=riscv32-wch-elf/bin/objcopy;closure_event=P3F-EVENT-1584;The historical file-side semantic obligation is replaced by its exact path/side V2 obligation; all 1,340 V2 functional intervals are terminally adjudicated (748 feature-mapped, 388 host-ABI, 204 host-data).;Terminal feature mappings retain all target-facing GAP states; supersession does not assert host-binary byte equality.
P3F-CLOSURE-0184	BIN-COV-0075	HOST-MACHO-SEMANTIC-OBLIGATION	tmp/phase3c-evidence/binary-coverage-obligations.tsv	host-macho-semantic-obligation	Phase 3c semantic_status=UNRESOLVED	map the equivalent V2 functional code/data to a terminal canonical feature; then classify remaining pure host bytes out of gate	SUPERSEDED-BY-V2	tmp/phase3f-evidence/agents/binary-analysis/host-t5/closure-obligation-projection.tsv::P3F-CLOSURE-0184	tmp/phase3f-evidence/agents/binary-analysis/host-t5/obligation-supersession.tsv::BIN-COV-0075;tmp/phase3f-evidence/agents/binary-analysis/host-t5/functional-feature-mapping.tsv;tmp/phase3f-evidence/agents/binary-analysis/host-t5/path-denominator-ledger.tsv;tmp/phase3f-evidence/agents/binary-analysis/host-t5/tiling-validation.tsv	group=BINUTILS-OBJCOPY;side=UPSTREAM-MATCHED;path=riscv32-wch-elf/bin/objcopy;closure_event=P3F-EVENT-1585;The historical file-side semantic obligation is replaced by its exact path/side V2 obligation; all 1,340 V2 functional intervals are terminally adjudicated (748 feature-mapped, 388 host-ABI, 204 host-data).;Terminal feature mappings retain all target-facing GAP states; supersession does not assert host-binary byte equality.
P3F-CLOSURE-0185	BIN-COV-0076	HOST-MACHO-SEMANTIC-OBLIGATION	tmp/phase3c-evidence/binary-coverage-obligations.tsv	host-macho-semantic-obligation	Phase 3c semantic_status=UNRESOLVED	map the equivalent V2 functional code/data to a terminal canonical feature; then classify remaining pure host bytes out of gate	SUPERSEDED-BY-V2	tmp/phase3f-evidence/agents/binary-analysis/host-t5/closure-obligation-projection.tsv::P3F-CLOSURE-0185	tmp/phase3f-evidence/agents/binary-analysis/host-t5/obligation-supersession.tsv::BIN-COV-0076;tmp/phase3f-evidence/agents/binary-analysis/host-t5/functional-feature-mapping.tsv;tmp/phase3f-evidence/agents/binary-analysis/host-t5/path-denominator-ledger.tsv;tmp/phase3f-evidence/agents/binary-analysis/host-t5/tiling-validation.tsv	group=BINUTILS-OBJCOPY;side=OURS;path=riscv32-wch-elf/bin/objcopy;closure_event=P3F-EVENT-1586;The historical file-side semantic obligation is replaced by its exact path/side V2 obligation; all 1,340 V2 functional intervals are terminally adjudicated (748 feature-mapped, 388 host-ABI, 204 host-data).;Terminal feature mappings retain all target-facing GAP states; supersession does not assert host-binary byte equality.
P3F-CLOSURE-0186	BIN-COV-0080	HOST-MACHO-SEMANTIC-OBLIGATION	tmp/phase3c-evidence/binary-coverage-obligations.tsv	host-macho-semantic-obligation	Phase 3c semantic_status=UNRESOLVED	map the equivalent V2 functional code/data to a terminal canonical feature; then classify remaining pure host bytes out of gate	SUPERSEDED-BY-V2	tmp/phase3f-evidence/agents/binary-analysis/host-t5/closure-obligation-projection.tsv::P3F-CLOSURE-0186	tmp/phase3f-evidence/agents/binary-analysis/host-t5/obligation-supersession.tsv::BIN-COV-0080;tmp/phase3f-evidence/agents/binary-analysis/host-t5/functional-feature-mapping.tsv;tmp/phase3f-evidence/agents/binary-analysis/host-t5/path-denominator-ledger.tsv;tmp/phase3f-evidence/agents/binary-analysis/host-t5/tiling-validation.tsv	group=BINUTILS-OBJDUMP;side=OURS;path=bin/riscv32-wch-elf-objdump;closure_event=P3F-EVENT-1587;The historical file-side semantic obligation is replaced by its exact path/side V2 obligation; all 1,340 V2 functional intervals are terminally adjudicated (748 feature-mapped, 388 host-ABI, 204 host-data).;Terminal feature mappings retain all target-facing GAP states; supersession does not assert host-binary byte equality.
P3F-CLOSURE-0187	BIN-COV-0084	HOST-MACHO-SEMANTIC-OBLIGATION	tmp/phase3c-evidence/binary-coverage-obligations.tsv	host-macho-semantic-obligation	Phase 3c semantic_status=UNRESOLVED	map the equivalent V2 functional code/data to a terminal canonical feature; then classify remaining pure host bytes out of gate	SUPERSEDED-BY-V2	tmp/phase3f-evidence/agents/binary-analysis/host-t5/closure-obligation-projection.tsv::P3F-CLOSURE-0187	tmp/phase3f-evidence/agents/binary-analysis/host-t5/obligation-supersession.tsv::BIN-COV-0084;tmp/phase3f-evidence/agents/binary-analysis/host-t5/functional-feature-mapping.tsv;tmp/phase3f-evidence/agents/binary-analysis/host-t5/path-denominator-ledger.tsv;tmp/phase3f-evidence/agents/binary-analysis/host-t5/tiling-validation.tsv	group=BINUTILS-OBJDUMP;side=OURS;path=riscv32-wch-elf/bin/objdump;closure_event=P3F-EVENT-1588;The historical file-side semantic obligation is replaced by its exact path/side V2 obligation; all 1,340 V2 functional intervals are terminally adjudicated (748 feature-mapped, 388 host-ABI, 204 host-data).;Terminal feature mappings retain all target-facing GAP states; supersession does not assert host-binary byte equality.
P3F-CLOSURE-0188	BIN-COV-0085	HOST-MACHO-SEMANTIC-OBLIGATION	tmp/phase3c-evidence/binary-coverage-obligations.tsv	host-macho-semantic-obligation	Phase 3c semantic_status=UNRESOLVED	map the equivalent V2 functional code/data to a terminal canonical feature; then classify remaining pure host bytes out of gate	SUPERSEDED-BY-V2	tmp/phase3f-evidence/agents/binary-analysis/host-t5/closure-obligation-projection.tsv::P3F-CLOSURE-0188	tmp/phase3f-evidence/agents/binary-analysis/host-t5/obligation-supersession.tsv::BIN-COV-0085;tmp/phase3f-evidence/agents/binary-analysis/host-t5/functional-feature-mapping.tsv;tmp/phase3f-evidence/agents/binary-analysis/host-t5/path-denominator-ledger.tsv;tmp/phase3f-evidence/agents/binary-analysis/host-t5/tiling-validation.tsv	group=BINUTILS-READELF;side=WCH;path=bin/riscv32-wch-elf-readelf;closure_event=P3F-EVENT-1589;The historical file-side semantic obligation is replaced by its exact path/side V2 obligation; all 1,340 V2 functional intervals are terminally adjudicated (748 feature-mapped, 388 host-ABI, 204 host-data).;Terminal feature mappings retain all target-facing GAP states; supersession does not assert host-binary byte equality.
P3F-CLOSURE-0189	BIN-COV-0086	HOST-MACHO-SEMANTIC-OBLIGATION	tmp/phase3c-evidence/binary-coverage-obligations.tsv	host-macho-semantic-obligation	Phase 3c semantic_status=UNRESOLVED	map the equivalent V2 functional code/data to a terminal canonical feature; then classify remaining pure host bytes out of gate	SUPERSEDED-BY-V2	tmp/phase3f-evidence/agents/binary-analysis/host-t5/closure-obligation-projection.tsv::P3F-CLOSURE-0189	tmp/phase3f-evidence/agents/binary-analysis/host-t5/obligation-supersession.tsv::BIN-COV-0086;tmp/phase3f-evidence/agents/binary-analysis/host-t5/functional-feature-mapping.tsv;tmp/phase3f-evidence/agents/binary-analysis/host-t5/path-denominator-ledger.tsv;tmp/phase3f-evidence/agents/binary-analysis/host-t5/tiling-validation.tsv	group=BINUTILS-READELF;side=UPSTREAM-P2;path=bin/riscv32-wch-elf-readelf;closure_event=P3F-EVENT-1590;The historical file-side semantic obligation is replaced by its exact path/side V2 obligation; all 1,340 V2 functional intervals are terminally adjudicated (748 feature-mapped, 388 host-ABI, 204 host-data).;Terminal feature mappings retain all target-facing GAP states; supersession does not assert host-binary byte equality.
P3F-CLOSURE-0190	BIN-COV-0087	HOST-MACHO-SEMANTIC-OBLIGATION	tmp/phase3c-evidence/binary-coverage-obligations.tsv	host-macho-semantic-obligation	Phase 3c semantic_status=UNRESOLVED	map the equivalent V2 functional code/data to a terminal canonical feature; then classify remaining pure host bytes out of gate	SUPERSEDED-BY-V2	tmp/phase3f-evidence/agents/binary-analysis/host-t5/closure-obligation-projection.tsv::P3F-CLOSURE-0190	tmp/phase3f-evidence/agents/binary-analysis/host-t5/obligation-supersession.tsv::BIN-COV-0087;tmp/phase3f-evidence/agents/binary-analysis/host-t5/functional-feature-mapping.tsv;tmp/phase3f-evidence/agents/binary-analysis/host-t5/path-denominator-ledger.tsv;tmp/phase3f-evidence/agents/binary-analysis/host-t5/tiling-validation.tsv	group=BINUTILS-READELF;side=UPSTREAM-MATCHED;path=bin/riscv32-wch-elf-readelf;closure_event=P3F-EVENT-1591;The historical file-side semantic obligation is replaced by its exact path/side V2 obligation; all 1,340 V2 functional intervals are terminally adjudicated (748 feature-mapped, 388 host-ABI, 204 host-data).;Terminal feature mappings retain all target-facing GAP states; supersession does not assert host-binary byte equality.
P3F-CLOSURE-0191	BIN-COV-0088	HOST-MACHO-SEMANTIC-OBLIGATION	tmp/phase3c-evidence/binary-coverage-obligations.tsv	host-macho-semantic-obligation	Phase 3c semantic_status=UNRESOLVED	map the equivalent V2 functional code/data to a terminal canonical feature; then classify remaining pure host bytes out of gate	SUPERSEDED-BY-V2	tmp/phase3f-evidence/agents/binary-analysis/host-t5/closure-obligation-projection.tsv::P3F-CLOSURE-0191	tmp/phase3f-evidence/agents/binary-analysis/host-t5/obligation-supersession.tsv::BIN-COV-0088;tmp/phase3f-evidence/agents/binary-analysis/host-t5/functional-feature-mapping.tsv;tmp/phase3f-evidence/agents/binary-analysis/host-t5/path-denominator-ledger.tsv;tmp/phase3f-evidence/agents/binary-analysis/host-t5/tiling-validation.tsv	group=BINUTILS-READELF;side=OURS;path=bin/riscv32-wch-elf-readelf;closure_event=P3F-EVENT-1592;The historical file-side semantic obligation is replaced by its exact path/side V2 obligation; all 1,340 V2 functional intervals are terminally adjudicated (748 feature-mapped, 388 host-ABI, 204 host-data).;Terminal feature mappings retain all target-facing GAP states; supersession does not assert host-binary byte equality.
P3F-CLOSURE-0192	BIN-COV-0089	HOST-MACHO-SEMANTIC-OBLIGATION	tmp/phase3c-evidence/binary-coverage-obligations.tsv	host-macho-semantic-obligation	Phase 3c semantic_status=UNRESOLVED	map the equivalent V2 functional code/data to a terminal canonical feature; then classify remaining pure host bytes out of gate	SUPERSEDED-BY-V2	tmp/phase3f-evidence/agents/binary-analysis/host-t5/closure-obligation-projection.tsv::P3F-CLOSURE-0192	tmp/phase3f-evidence/agents/binary-analysis/host-t5/obligation-supersession.tsv::BIN-COV-0089;tmp/phase3f-evidence/agents/binary-analysis/host-t5/functional-feature-mapping.tsv;tmp/phase3f-evidence/agents/binary-analysis/host-t5/path-denominator-ledger.tsv;tmp/phase3f-evidence/agents/binary-analysis/host-t5/tiling-validation.tsv	group=BINUTILS-READELF;side=WCH;path=riscv32-wch-elf/bin/readelf;closure_event=P3F-EVENT-1593;The historical file-side semantic obligation is replaced by its exact path/side V2 obligation; all 1,340 V2 functional intervals are terminally adjudicated (748 feature-mapped, 388 host-ABI, 204 host-data).;Terminal feature mappings retain all target-facing GAP states; supersession does not assert host-binary byte equality.
P3F-CLOSURE-0193	BIN-COV-0090	HOST-MACHO-SEMANTIC-OBLIGATION	tmp/phase3c-evidence/binary-coverage-obligations.tsv	host-macho-semantic-obligation	Phase 3c semantic_status=UNRESOLVED	map the equivalent V2 functional code/data to a terminal canonical feature; then classify remaining pure host bytes out of gate	SUPERSEDED-BY-V2	tmp/phase3f-evidence/agents/binary-analysis/host-t5/closure-obligation-projection.tsv::P3F-CLOSURE-0193	tmp/phase3f-evidence/agents/binary-analysis/host-t5/obligation-supersession.tsv::BIN-COV-0090;tmp/phase3f-evidence/agents/binary-analysis/host-t5/functional-feature-mapping.tsv;tmp/phase3f-evidence/agents/binary-analysis/host-t5/path-denominator-ledger.tsv;tmp/phase3f-evidence/agents/binary-analysis/host-t5/tiling-validation.tsv	group=BINUTILS-READELF;side=UPSTREAM-P2;path=riscv32-wch-elf/bin/readelf;closure_event=P3F-EVENT-1594;The historical file-side semantic obligation is replaced by its exact path/side V2 obligation; all 1,340 V2 functional intervals are terminally adjudicated (748 feature-mapped, 388 host-ABI, 204 host-data).;Terminal feature mappings retain all target-facing GAP states; supersession does not assert host-binary byte equality.
P3F-CLOSURE-0194	BIN-COV-0091	HOST-MACHO-SEMANTIC-OBLIGATION	tmp/phase3c-evidence/binary-coverage-obligations.tsv	host-macho-semantic-obligation	Phase 3c semantic_status=UNRESOLVED	map the equivalent V2 functional code/data to a terminal canonical feature; then classify remaining pure host bytes out of gate	SUPERSEDED-BY-V2	tmp/phase3f-evidence/agents/binary-analysis/host-t5/closure-obligation-projection.tsv::P3F-CLOSURE-0194	tmp/phase3f-evidence/agents/binary-analysis/host-t5/obligation-supersession.tsv::BIN-COV-0091;tmp/phase3f-evidence/agents/binary-analysis/host-t5/functional-feature-mapping.tsv;tmp/phase3f-evidence/agents/binary-analysis/host-t5/path-denominator-ledger.tsv;tmp/phase3f-evidence/agents/binary-analysis/host-t5/tiling-validation.tsv	group=BINUTILS-READELF;side=UPSTREAM-MATCHED;path=riscv32-wch-elf/bin/readelf;closure_event=P3F-EVENT-1595;The historical file-side semantic obligation is replaced by its exact path/side V2 obligation; all 1,340 V2 functional intervals are terminally adjudicated (748 feature-mapped, 388 host-ABI, 204 host-data).;Terminal feature mappings retain all target-facing GAP states; supersession does not assert host-binary byte equality.
P3F-CLOSURE-0195	BIN-COV-0092	HOST-MACHO-SEMANTIC-OBLIGATION	tmp/phase3c-evidence/binary-coverage-obligations.tsv	host-macho-semantic-obligation	Phase 3c semantic_status=UNRESOLVED	map the equivalent V2 functional code/data to a terminal canonical feature; then classify remaining pure host bytes out of gate	SUPERSEDED-BY-V2	tmp/phase3f-evidence/agents/binary-analysis/host-t5/closure-obligation-projection.tsv::P3F-CLOSURE-0195	tmp/phase3f-evidence/agents/binary-analysis/host-t5/obligation-supersession.tsv::BIN-COV-0092;tmp/phase3f-evidence/agents/binary-analysis/host-t5/functional-feature-mapping.tsv;tmp/phase3f-evidence/agents/binary-analysis/host-t5/path-denominator-ledger.tsv;tmp/phase3f-evidence/agents/binary-analysis/host-t5/tiling-validation.tsv	group=BINUTILS-READELF;side=OURS;path=riscv32-wch-elf/bin/readelf;closure_event=P3F-EVENT-1596;The historical file-side semantic obligation is replaced by its exact path/side V2 obligation; all 1,340 V2 functional intervals are terminally adjudicated (748 feature-mapped, 388 host-ABI, 204 host-data).;Terminal feature mappings retain all target-facing GAP states; supersession does not assert host-binary byte equality.
P3F-CLOSURE-0196	BIN-COV-0093	HOST-MACHO-SEMANTIC-OBLIGATION	tmp/phase3c-evidence/binary-coverage-obligations.tsv	host-macho-semantic-obligation	Phase 3c semantic_status=UNRESOLVED	map the equivalent V2 functional code/data to a terminal canonical feature; then classify remaining pure host bytes out of gate	SUPERSEDED-BY-V2	tmp/phase3f-evidence/agents/binary-analysis/host-t5/closure-obligation-projection.tsv::P3F-CLOSURE-0196	tmp/phase3f-evidence/agents/binary-analysis/host-t5/obligation-supersession.tsv::BIN-COV-0093;tmp/phase3f-evidence/agents/binary-analysis/host-t5/functional-feature-mapping.tsv;tmp/phase3f-evidence/agents/binary-analysis/host-t5/path-denominator-ledger.tsv;tmp/phase3f-evidence/agents/binary-analysis/host-t5/tiling-validation.tsv	group=BINUTILS-SIZE;side=WCH;path=bin/riscv32-wch-elf-size;closure_event=P3F-EVENT-1597;The historical file-side semantic obligation is replaced by its exact path/side V2 obligation; all 1,340 V2 functional intervals are terminally adjudicated (748 feature-mapped, 388 host-ABI, 204 host-data).;Terminal feature mappings retain all target-facing GAP states; supersession does not assert host-binary byte equality.
P3F-CLOSURE-0197	BIN-COV-0094	HOST-MACHO-SEMANTIC-OBLIGATION	tmp/phase3c-evidence/binary-coverage-obligations.tsv	host-macho-semantic-obligation	Phase 3c semantic_status=UNRESOLVED	map the equivalent V2 functional code/data to a terminal canonical feature; then classify remaining pure host bytes out of gate	SUPERSEDED-BY-V2	tmp/phase3f-evidence/agents/binary-analysis/host-t5/closure-obligation-projection.tsv::P3F-CLOSURE-0197	tmp/phase3f-evidence/agents/binary-analysis/host-t5/obligation-supersession.tsv::BIN-COV-0094;tmp/phase3f-evidence/agents/binary-analysis/host-t5/functional-feature-mapping.tsv;tmp/phase3f-evidence/agents/binary-analysis/host-t5/path-denominator-ledger.tsv;tmp/phase3f-evidence/agents/binary-analysis/host-t5/tiling-validation.tsv	group=BINUTILS-SIZE;side=UPSTREAM-P2;path=bin/riscv32-wch-elf-size;closure_event=P3F-EVENT-1598;The historical file-side semantic obligation is replaced by its exact path/side V2 obligation; all 1,340 V2 functional intervals are terminally adjudicated (748 feature-mapped, 388 host-ABI, 204 host-data).;Terminal feature mappings retain all target-facing GAP states; supersession does not assert host-binary byte equality.
P3F-CLOSURE-0198	BIN-COV-0095	HOST-MACHO-SEMANTIC-OBLIGATION	tmp/phase3c-evidence/binary-coverage-obligations.tsv	host-macho-semantic-obligation	Phase 3c semantic_status=UNRESOLVED	map the equivalent V2 functional code/data to a terminal canonical feature; then classify remaining pure host bytes out of gate	SUPERSEDED-BY-V2	tmp/phase3f-evidence/agents/binary-analysis/host-t5/closure-obligation-projection.tsv::P3F-CLOSURE-0198	tmp/phase3f-evidence/agents/binary-analysis/host-t5/obligation-supersession.tsv::BIN-COV-0095;tmp/phase3f-evidence/agents/binary-analysis/host-t5/functional-feature-mapping.tsv;tmp/phase3f-evidence/agents/binary-analysis/host-t5/path-denominator-ledger.tsv;tmp/phase3f-evidence/agents/binary-analysis/host-t5/tiling-validation.tsv	group=BINUTILS-SIZE;side=UPSTREAM-MATCHED;path=bin/riscv32-wch-elf-size;closure_event=P3F-EVENT-1599;The historical file-side semantic obligation is replaced by its exact path/side V2 obligation; all 1,340 V2 functional intervals are terminally adjudicated (748 feature-mapped, 388 host-ABI, 204 host-data).;Terminal feature mappings retain all target-facing GAP states; supersession does not assert host-binary byte equality.
P3F-CLOSURE-0199	BIN-COV-0096	HOST-MACHO-SEMANTIC-OBLIGATION	tmp/phase3c-evidence/binary-coverage-obligations.tsv	host-macho-semantic-obligation	Phase 3c semantic_status=UNRESOLVED	map the equivalent V2 functional code/data to a terminal canonical feature; then classify remaining pure host bytes out of gate	SUPERSEDED-BY-V2	tmp/phase3f-evidence/agents/binary-analysis/host-t5/closure-obligation-projection.tsv::P3F-CLOSURE-0199	tmp/phase3f-evidence/agents/binary-analysis/host-t5/obligation-supersession.tsv::BIN-COV-0096;tmp/phase3f-evidence/agents/binary-analysis/host-t5/functional-feature-mapping.tsv;tmp/phase3f-evidence/agents/binary-analysis/host-t5/path-denominator-ledger.tsv;tmp/phase3f-evidence/agents/binary-analysis/host-t5/tiling-validation.tsv	group=BINUTILS-SIZE;side=OURS;path=bin/riscv32-wch-elf-size;closure_event=P3F-EVENT-1600;The historical file-side semantic obligation is replaced by its exact path/side V2 obligation; all 1,340 V2 functional intervals are terminally adjudicated (748 feature-mapped, 388 host-ABI, 204 host-data).;Terminal feature mappings retain all target-facing GAP states; supersession does not assert host-binary byte equality.
P3F-CLOSURE-0200	BIN-COV-0097	HOST-MACHO-SEMANTIC-OBLIGATION	tmp/phase3c-evidence/binary-coverage-obligations.tsv	host-macho-semantic-obligation	Phase 3c semantic_status=UNRESOLVED	map the equivalent V2 functional code/data to a terminal canonical feature; then classify remaining pure host bytes out of gate	SUPERSEDED-BY-V2	tmp/phase3f-evidence/agents/binary-analysis/host-t5/closure-obligation-projection.tsv::P3F-CLOSURE-0200	tmp/phase3f-evidence/agents/binary-analysis/host-t5/obligation-supersession.tsv::BIN-COV-0097;tmp/phase3f-evidence/agents/binary-analysis/host-t5/functional-feature-mapping.tsv;tmp/phase3f-evidence/agents/binary-analysis/host-t5/path-denominator-ledger.tsv;tmp/phase3f-evidence/agents/binary-analysis/host-t5/tiling-validation.tsv	group=BINUTILS-STRINGS;side=WCH;path=bin/riscv32-wch-elf-strings;closure_event=P3F-EVENT-1601;The historical file-side semantic obligation is replaced by its exact path/side V2 obligation; all 1,340 V2 functional intervals are terminally adjudicated (748 feature-mapped, 388 host-ABI, 204 host-data).;Terminal feature mappings retain all target-facing GAP states; supersession does not assert host-binary byte equality.
P3F-CLOSURE-0201	BIN-COV-0098	HOST-MACHO-SEMANTIC-OBLIGATION	tmp/phase3c-evidence/binary-coverage-obligations.tsv	host-macho-semantic-obligation	Phase 3c semantic_status=UNRESOLVED	map the equivalent V2 functional code/data to a terminal canonical feature; then classify remaining pure host bytes out of gate	SUPERSEDED-BY-V2	tmp/phase3f-evidence/agents/binary-analysis/host-t5/closure-obligation-projection.tsv::P3F-CLOSURE-0201	tmp/phase3f-evidence/agents/binary-analysis/host-t5/obligation-supersession.tsv::BIN-COV-0098;tmp/phase3f-evidence/agents/binary-analysis/host-t5/functional-feature-mapping.tsv;tmp/phase3f-evidence/agents/binary-analysis/host-t5/path-denominator-ledger.tsv;tmp/phase3f-evidence/agents/binary-analysis/host-t5/tiling-validation.tsv	group=BINUTILS-STRINGS;side=UPSTREAM-P2;path=bin/riscv32-wch-elf-strings;closure_event=P3F-EVENT-1602;The historical file-side semantic obligation is replaced by its exact path/side V2 obligation; all 1,340 V2 functional intervals are terminally adjudicated (748 feature-mapped, 388 host-ABI, 204 host-data).;Terminal feature mappings retain all target-facing GAP states; supersession does not assert host-binary byte equality.
P3F-CLOSURE-0202	BIN-COV-0099	HOST-MACHO-SEMANTIC-OBLIGATION	tmp/phase3c-evidence/binary-coverage-obligations.tsv	host-macho-semantic-obligation	Phase 3c semantic_status=UNRESOLVED	map the equivalent V2 functional code/data to a terminal canonical feature; then classify remaining pure host bytes out of gate	SUPERSEDED-BY-V2	tmp/phase3f-evidence/agents/binary-analysis/host-t5/closure-obligation-projection.tsv::P3F-CLOSURE-0202	tmp/phase3f-evidence/agents/binary-analysis/host-t5/obligation-supersession.tsv::BIN-COV-0099;tmp/phase3f-evidence/agents/binary-analysis/host-t5/functional-feature-mapping.tsv;tmp/phase3f-evidence/agents/binary-analysis/host-t5/path-denominator-ledger.tsv;tmp/phase3f-evidence/agents/binary-analysis/host-t5/tiling-validation.tsv	group=BINUTILS-STRINGS;side=UPSTREAM-MATCHED;path=bin/riscv32-wch-elf-strings;closure_event=P3F-EVENT-1603;The historical file-side semantic obligation is replaced by its exact path/side V2 obligation; all 1,340 V2 functional intervals are terminally adjudicated (748 feature-mapped, 388 host-ABI, 204 host-data).;Terminal feature mappings retain all target-facing GAP states; supersession does not assert host-binary byte equality.
P3F-CLOSURE-0203	BIN-COV-0100	HOST-MACHO-SEMANTIC-OBLIGATION	tmp/phase3c-evidence/binary-coverage-obligations.tsv	host-macho-semantic-obligation	Phase 3c semantic_status=UNRESOLVED	map the equivalent V2 functional code/data to a terminal canonical feature; then classify remaining pure host bytes out of gate	SUPERSEDED-BY-V2	tmp/phase3f-evidence/agents/binary-analysis/host-t5/closure-obligation-projection.tsv::P3F-CLOSURE-0203	tmp/phase3f-evidence/agents/binary-analysis/host-t5/obligation-supersession.tsv::BIN-COV-0100;tmp/phase3f-evidence/agents/binary-analysis/host-t5/functional-feature-mapping.tsv;tmp/phase3f-evidence/agents/binary-analysis/host-t5/path-denominator-ledger.tsv;tmp/phase3f-evidence/agents/binary-analysis/host-t5/tiling-validation.tsv	group=BINUTILS-STRINGS;side=OURS;path=bin/riscv32-wch-elf-strings;closure_event=P3F-EVENT-1604;The historical file-side semantic obligation is replaced by its exact path/side V2 obligation; all 1,340 V2 functional intervals are terminally adjudicated (748 feature-mapped, 388 host-ABI, 204 host-data).;Terminal feature mappings retain all target-facing GAP states; supersession does not assert host-binary byte equality.
P3F-CLOSURE-0204	BIN-COV-0101	HOST-MACHO-SEMANTIC-OBLIGATION	tmp/phase3c-evidence/binary-coverage-obligations.tsv	host-macho-semantic-obligation	Phase 3c semantic_status=UNRESOLVED	map the equivalent V2 functional code/data to a terminal canonical feature; then classify remaining pure host bytes out of gate	SUPERSEDED-BY-V2	tmp/phase3f-evidence/agents/binary-analysis/host-t5/closure-obligation-projection.tsv::P3F-CLOSURE-0204	tmp/phase3f-evidence/agents/binary-analysis/host-t5/obligation-supersession.tsv::BIN-COV-0101;tmp/phase3f-evidence/agents/binary-analysis/host-t5/functional-feature-mapping.tsv;tmp/phase3f-evidence/agents/binary-analysis/host-t5/path-denominator-ledger.tsv;tmp/phase3f-evidence/agents/binary-analysis/host-t5/tiling-validation.tsv	group=BINUTILS-STRIP;side=WCH;path=bin/riscv32-wch-elf-strip;closure_event=P3F-EVENT-1605;The historical file-side semantic obligation is replaced by its exact path/side V2 obligation; all 1,340 V2 functional intervals are terminally adjudicated (748 feature-mapped, 388 host-ABI, 204 host-data).;Terminal feature mappings retain all target-facing GAP states; supersession does not assert host-binary byte equality.
P3F-CLOSURE-0205	BIN-COV-0102	HOST-MACHO-SEMANTIC-OBLIGATION	tmp/phase3c-evidence/binary-coverage-obligations.tsv	host-macho-semantic-obligation	Phase 3c semantic_status=UNRESOLVED	map the equivalent V2 functional code/data to a terminal canonical feature; then classify remaining pure host bytes out of gate	SUPERSEDED-BY-V2	tmp/phase3f-evidence/agents/binary-analysis/host-t5/closure-obligation-projection.tsv::P3F-CLOSURE-0205	tmp/phase3f-evidence/agents/binary-analysis/host-t5/obligation-supersession.tsv::BIN-COV-0102;tmp/phase3f-evidence/agents/binary-analysis/host-t5/functional-feature-mapping.tsv;tmp/phase3f-evidence/agents/binary-analysis/host-t5/path-denominator-ledger.tsv;tmp/phase3f-evidence/agents/binary-analysis/host-t5/tiling-validation.tsv	group=BINUTILS-STRIP;side=UPSTREAM-P2;path=bin/riscv32-wch-elf-strip;closure_event=P3F-EVENT-1606;The historical file-side semantic obligation is replaced by its exact path/side V2 obligation; all 1,340 V2 functional intervals are terminally adjudicated (748 feature-mapped, 388 host-ABI, 204 host-data).;Terminal feature mappings retain all target-facing GAP states; supersession does not assert host-binary byte equality.
P3F-CLOSURE-0206	BIN-COV-0103	HOST-MACHO-SEMANTIC-OBLIGATION	tmp/phase3c-evidence/binary-coverage-obligations.tsv	host-macho-semantic-obligation	Phase 3c semantic_status=UNRESOLVED	map the equivalent V2 functional code/data to a terminal canonical feature; then classify remaining pure host bytes out of gate	SUPERSEDED-BY-V2	tmp/phase3f-evidence/agents/binary-analysis/host-t5/closure-obligation-projection.tsv::P3F-CLOSURE-0206	tmp/phase3f-evidence/agents/binary-analysis/host-t5/obligation-supersession.tsv::BIN-COV-0103;tmp/phase3f-evidence/agents/binary-analysis/host-t5/functional-feature-mapping.tsv;tmp/phase3f-evidence/agents/binary-analysis/host-t5/path-denominator-ledger.tsv;tmp/phase3f-evidence/agents/binary-analysis/host-t5/tiling-validation.tsv	group=BINUTILS-STRIP;side=UPSTREAM-MATCHED;path=bin/riscv32-wch-elf-strip;closure_event=P3F-EVENT-1607;The historical file-side semantic obligation is replaced by its exact path/side V2 obligation; all 1,340 V2 functional intervals are terminally adjudicated (748 feature-mapped, 388 host-ABI, 204 host-data).;Terminal feature mappings retain all target-facing GAP states; supersession does not assert host-binary byte equality.
P3F-CLOSURE-0207	BIN-COV-0104	HOST-MACHO-SEMANTIC-OBLIGATION	tmp/phase3c-evidence/binary-coverage-obligations.tsv	host-macho-semantic-obligation	Phase 3c semantic_status=UNRESOLVED	map the equivalent V2 functional code/data to a terminal canonical feature; then classify remaining pure host bytes out of gate	SUPERSEDED-BY-V2	tmp/phase3f-evidence/agents/binary-analysis/host-t5/closure-obligation-projection.tsv::P3F-CLOSURE-0207	tmp/phase3f-evidence/agents/binary-analysis/host-t5/obligation-supersession.tsv::BIN-COV-0104;tmp/phase3f-evidence/agents/binary-analysis/host-t5/functional-feature-mapping.tsv;tmp/phase3f-evidence/agents/binary-analysis/host-t5/path-denominator-ledger.tsv;tmp/phase3f-evidence/agents/binary-analysis/host-t5/tiling-validation.tsv	group=BINUTILS-STRIP;side=OURS;path=bin/riscv32-wch-elf-strip;closure_event=P3F-EVENT-1608;The historical file-side semantic obligation is replaced by its exact path/side V2 obligation; all 1,340 V2 functional intervals are terminally adjudicated (748 feature-mapped, 388 host-ABI, 204 host-data).;Terminal feature mappings retain all target-facing GAP states; supersession does not assert host-binary byte equality.
P3F-CLOSURE-0208	BIN-COV-0105	HOST-MACHO-SEMANTIC-OBLIGATION	tmp/phase3c-evidence/binary-coverage-obligations.tsv	host-macho-semantic-obligation	Phase 3c semantic_status=UNRESOLVED	map the equivalent V2 functional code/data to a terminal canonical feature; then classify remaining pure host bytes out of gate	SUPERSEDED-BY-V2	tmp/phase3f-evidence/agents/binary-analysis/host-t5/closure-obligation-projection.tsv::P3F-CLOSURE-0208	tmp/phase3f-evidence/agents/binary-analysis/host-t5/obligation-supersession.tsv::BIN-COV-0105;tmp/phase3f-evidence/agents/binary-analysis/host-t5/functional-feature-mapping.tsv;tmp/phase3f-evidence/agents/binary-analysis/host-t5/path-denominator-ledger.tsv;tmp/phase3f-evidence/agents/binary-analysis/host-t5/tiling-validation.tsv	group=BINUTILS-STRIP;side=WCH;path=riscv32-wch-elf/bin/strip;closure_event=P3F-EVENT-1609;The historical file-side semantic obligation is replaced by its exact path/side V2 obligation; all 1,340 V2 functional intervals are terminally adjudicated (748 feature-mapped, 388 host-ABI, 204 host-data).;Terminal feature mappings retain all target-facing GAP states; supersession does not assert host-binary byte equality.
P3F-CLOSURE-0209	BIN-COV-0106	HOST-MACHO-SEMANTIC-OBLIGATION	tmp/phase3c-evidence/binary-coverage-obligations.tsv	host-macho-semantic-obligation	Phase 3c semantic_status=UNRESOLVED	map the equivalent V2 functional code/data to a terminal canonical feature; then classify remaining pure host bytes out of gate	SUPERSEDED-BY-V2	tmp/phase3f-evidence/agents/binary-analysis/host-t5/closure-obligation-projection.tsv::P3F-CLOSURE-0209	tmp/phase3f-evidence/agents/binary-analysis/host-t5/obligation-supersession.tsv::BIN-COV-0106;tmp/phase3f-evidence/agents/binary-analysis/host-t5/functional-feature-mapping.tsv;tmp/phase3f-evidence/agents/binary-analysis/host-t5/path-denominator-ledger.tsv;tmp/phase3f-evidence/agents/binary-analysis/host-t5/tiling-validation.tsv	group=BINUTILS-STRIP;side=UPSTREAM-P2;path=riscv32-wch-elf/bin/strip;closure_event=P3F-EVENT-1610;The historical file-side semantic obligation is replaced by its exact path/side V2 obligation; all 1,340 V2 functional intervals are terminally adjudicated (748 feature-mapped, 388 host-ABI, 204 host-data).;Terminal feature mappings retain all target-facing GAP states; supersession does not assert host-binary byte equality.
P3F-CLOSURE-0210	BIN-COV-0107	HOST-MACHO-SEMANTIC-OBLIGATION	tmp/phase3c-evidence/binary-coverage-obligations.tsv	host-macho-semantic-obligation	Phase 3c semantic_status=UNRESOLVED	map the equivalent V2 functional code/data to a terminal canonical feature; then classify remaining pure host bytes out of gate	SUPERSEDED-BY-V2	tmp/phase3f-evidence/agents/binary-analysis/host-t5/closure-obligation-projection.tsv::P3F-CLOSURE-0210	tmp/phase3f-evidence/agents/binary-analysis/host-t5/obligation-supersession.tsv::BIN-COV-0107;tmp/phase3f-evidence/agents/binary-analysis/host-t5/functional-feature-mapping.tsv;tmp/phase3f-evidence/agents/binary-analysis/host-t5/path-denominator-ledger.tsv;tmp/phase3f-evidence/agents/binary-analysis/host-t5/tiling-validation.tsv	group=BINUTILS-STRIP;side=UPSTREAM-MATCHED;path=riscv32-wch-elf/bin/strip;closure_event=P3F-EVENT-1611;The historical file-side semantic obligation is replaced by its exact path/side V2 obligation; all 1,340 V2 functional intervals are terminally adjudicated (748 feature-mapped, 388 host-ABI, 204 host-data).;Terminal feature mappings retain all target-facing GAP states; supersession does not assert host-binary byte equality.
P3F-CLOSURE-0211	BIN-COV-0108	HOST-MACHO-SEMANTIC-OBLIGATION	tmp/phase3c-evidence/binary-coverage-obligations.tsv	host-macho-semantic-obligation	Phase 3c semantic_status=UNRESOLVED	map the equivalent V2 functional code/data to a terminal canonical feature; then classify remaining pure host bytes out of gate	SUPERSEDED-BY-V2	tmp/phase3f-evidence/agents/binary-analysis/host-t5/closure-obligation-projection.tsv::P3F-CLOSURE-0211	tmp/phase3f-evidence/agents/binary-analysis/host-t5/obligation-supersession.tsv::BIN-COV-0108;tmp/phase3f-evidence/agents/binary-analysis/host-t5/functional-feature-mapping.tsv;tmp/phase3f-evidence/agents/binary-analysis/host-t5/path-denominator-ledger.tsv;tmp/phase3f-evidence/agents/binary-analysis/host-t5/tiling-validation.tsv	group=BINUTILS-STRIP;side=OURS;path=riscv32-wch-elf/bin/strip;closure_event=P3F-EVENT-1612;The historical file-side semantic obligation is replaced by its exact path/side V2 obligation; all 1,340 V2 functional intervals are terminally adjudicated (748 feature-mapped, 388 host-ABI, 204 host-data).;Terminal feature mappings retain all target-facing GAP states; supersession does not assert host-binary byte equality.
P3F-CLOSURE-0212	BIN-COV-0109	HOST-MACHO-SEMANTIC-OBLIGATION	tmp/phase3c-evidence/binary-coverage-obligations.tsv	host-macho-semantic-obligation	Phase 3c semantic_status=UNRESOLVED	map the equivalent V2 functional code/data to a terminal canonical feature; then classify remaining pure host bytes out of gate	SUPERSEDED-BY-V2	tmp/phase3f-evidence/agents/binary-analysis/host-t5/closure-obligation-projection.tsv::P3F-CLOSURE-0212	tmp/phase3f-evidence/agents/binary-analysis/host-t5/obligation-supersession.tsv::BIN-COV-0109;tmp/phase3f-evidence/agents/binary-analysis/host-t5/functional-feature-mapping.tsv;tmp/phase3f-evidence/agents/binary-analysis/host-t5/path-denominator-ledger.tsv;tmp/phase3f-evidence/agents/binary-analysis/host-t5/tiling-validation.tsv	group=GCC-CC1;side=WCH;path=libexec/gcc/riscv32-wch-elf/15.2.0/cc1;closure_event=P3F-EVENT-1613;The historical file-side semantic obligation is replaced by its exact path/side V2 obligation; all 1,340 V2 functional intervals are terminally adjudicated (748 feature-mapped, 388 host-ABI, 204 host-data).;Terminal feature mappings retain all target-facing GAP states; supersession does not assert host-binary byte equality.
P3F-CLOSURE-0213	BIN-COV-0110	HOST-MACHO-SEMANTIC-OBLIGATION	tmp/phase3c-evidence/binary-coverage-obligations.tsv	host-macho-semantic-obligation	Phase 3c semantic_status=UNRESOLVED	map the equivalent V2 functional code/data to a terminal canonical feature; then classify remaining pure host bytes out of gate	SUPERSEDED-BY-V2	tmp/phase3f-evidence/agents/binary-analysis/host-t5/closure-obligation-projection.tsv::P3F-CLOSURE-0213	tmp/phase3f-evidence/agents/binary-analysis/host-t5/obligation-supersession.tsv::BIN-COV-0110;tmp/phase3f-evidence/agents/binary-analysis/host-t5/functional-feature-mapping.tsv;tmp/phase3f-evidence/agents/binary-analysis/host-t5/path-denominator-ledger.tsv;tmp/phase3f-evidence/agents/binary-analysis/host-t5/tiling-validation.tsv	group=GCC-CC1;side=UPSTREAM-P2;path=libexec/gcc/riscv32-wch-elf/15.2.0/cc1;closure_event=P3F-EVENT-1614;The historical file-side semantic obligation is replaced by its exact path/side V2 obligation; all 1,340 V2 functional intervals are terminally adjudicated (748 feature-mapped, 388 host-ABI, 204 host-data).;Terminal feature mappings retain all target-facing GAP states; supersession does not assert host-binary byte equality.
P3F-CLOSURE-0214	BIN-COV-0111	HOST-MACHO-SEMANTIC-OBLIGATION	tmp/phase3c-evidence/binary-coverage-obligations.tsv	host-macho-semantic-obligation	Phase 3c semantic_status=UNRESOLVED	map the equivalent V2 functional code/data to a terminal canonical feature; then classify remaining pure host bytes out of gate	SUPERSEDED-BY-V2	tmp/phase3f-evidence/agents/binary-analysis/host-t5/closure-obligation-projection.tsv::P3F-CLOSURE-0214	tmp/phase3f-evidence/agents/binary-analysis/host-t5/obligation-supersession.tsv::BIN-COV-0111;tmp/phase3f-evidence/agents/binary-analysis/host-t5/functional-feature-mapping.tsv;tmp/phase3f-evidence/agents/binary-analysis/host-t5/path-denominator-ledger.tsv;tmp/phase3f-evidence/agents/binary-analysis/host-t5/tiling-validation.tsv	group=GCC-CC1;side=UPSTREAM-MATCHED;path=libexec/gcc/riscv32-wch-elf/15.2.0/cc1;closure_event=P3F-EVENT-1615;The historical file-side semantic obligation is replaced by its exact path/side V2 obligation; all 1,340 V2 functional intervals are terminally adjudicated (748 feature-mapped, 388 host-ABI, 204 host-data).;Terminal feature mappings retain all target-facing GAP states; supersession does not assert host-binary byte equality.
P3F-CLOSURE-0215	BIN-COV-0112	HOST-MACHO-SEMANTIC-OBLIGATION	tmp/phase3c-evidence/binary-coverage-obligations.tsv	host-macho-semantic-obligation	Phase 3c semantic_status=UNRESOLVED	map the equivalent V2 functional code/data to a terminal canonical feature; then classify remaining pure host bytes out of gate	SUPERSEDED-BY-V2	tmp/phase3f-evidence/agents/binary-analysis/host-t5/closure-obligation-projection.tsv::P3F-CLOSURE-0215	tmp/phase3f-evidence/agents/binary-analysis/host-t5/obligation-supersession.tsv::BIN-COV-0112;tmp/phase3f-evidence/agents/binary-analysis/host-t5/functional-feature-mapping.tsv;tmp/phase3f-evidence/agents/binary-analysis/host-t5/path-denominator-ledger.tsv;tmp/phase3f-evidence/agents/binary-analysis/host-t5/tiling-validation.tsv	group=GCC-CC1;side=OURS;path=libexec/gcc/riscv32-wch-elf/15.2.0/cc1;closure_event=P3F-EVENT-1616;The historical file-side semantic obligation is replaced by its exact path/side V2 obligation; all 1,340 V2 functional intervals are terminally adjudicated (748 feature-mapped, 388 host-ABI, 204 host-data).;Terminal feature mappings retain all target-facing GAP states; supersession does not assert host-binary byte equality.
P3F-CLOSURE-0216	BIN-COV-0113	HOST-MACHO-SEMANTIC-OBLIGATION	tmp/phase3c-evidence/binary-coverage-obligations.tsv	host-macho-semantic-obligation	Phase 3c semantic_status=UNRESOLVED	map the equivalent V2 functional code/data to a terminal canonical feature; then classify remaining pure host bytes out of gate	SUPERSEDED-BY-V2	tmp/phase3f-evidence/agents/binary-analysis/host-t5/closure-obligation-projection.tsv::P3F-CLOSURE-0216	tmp/phase3f-evidence/agents/binary-analysis/host-t5/obligation-supersession.tsv::BIN-COV-0113;tmp/phase3f-evidence/agents/binary-analysis/host-t5/functional-feature-mapping.tsv;tmp/phase3f-evidence/agents/binary-analysis/host-t5/path-denominator-ledger.tsv;tmp/phase3f-evidence/agents/binary-analysis/host-t5/tiling-validation.tsv	group=GCC-CC1PLUS;side=WCH;path=libexec/gcc/riscv32-wch-elf/15.2.0/cc1plus;closure_event=P3F-EVENT-1617;The historical file-side semantic obligation is replaced by its exact path/side V2 obligation; all 1,340 V2 functional intervals are terminally adjudicated (748 feature-mapped, 388 host-ABI, 204 host-data).;Terminal feature mappings retain all target-facing GAP states; supersession does not assert host-binary byte equality.
P3F-CLOSURE-0217	BIN-COV-0114	HOST-MACHO-SEMANTIC-OBLIGATION	tmp/phase3c-evidence/binary-coverage-obligations.tsv	host-macho-semantic-obligation	Phase 3c semantic_status=UNRESOLVED	map the equivalent V2 functional code/data to a terminal canonical feature; then classify remaining pure host bytes out of gate	SUPERSEDED-BY-V2	tmp/phase3f-evidence/agents/binary-analysis/host-t5/closure-obligation-projection.tsv::P3F-CLOSURE-0217	tmp/phase3f-evidence/agents/binary-analysis/host-t5/obligation-supersession.tsv::BIN-COV-0114;tmp/phase3f-evidence/agents/binary-analysis/host-t5/functional-feature-mapping.tsv;tmp/phase3f-evidence/agents/binary-analysis/host-t5/path-denominator-ledger.tsv;tmp/phase3f-evidence/agents/binary-analysis/host-t5/tiling-validation.tsv	group=GCC-CC1PLUS;side=UPSTREAM-P2;path=libexec/gcc/riscv32-wch-elf/15.2.0/cc1plus;closure_event=P3F-EVENT-1618;The historical file-side semantic obligation is replaced by its exact path/side V2 obligation; all 1,340 V2 functional intervals are terminally adjudicated (748 feature-mapped, 388 host-ABI, 204 host-data).;Terminal feature mappings retain all target-facing GAP states; supersession does not assert host-binary byte equality.
P3F-CLOSURE-0218	BIN-COV-0115	HOST-MACHO-SEMANTIC-OBLIGATION	tmp/phase3c-evidence/binary-coverage-obligations.tsv	host-macho-semantic-obligation	Phase 3c semantic_status=UNRESOLVED	map the equivalent V2 functional code/data to a terminal canonical feature; then classify remaining pure host bytes out of gate	SUPERSEDED-BY-V2	tmp/phase3f-evidence/agents/binary-analysis/host-t5/closure-obligation-projection.tsv::P3F-CLOSURE-0218	tmp/phase3f-evidence/agents/binary-analysis/host-t5/obligation-supersession.tsv::BIN-COV-0115;tmp/phase3f-evidence/agents/binary-analysis/host-t5/functional-feature-mapping.tsv;tmp/phase3f-evidence/agents/binary-analysis/host-t5/path-denominator-ledger.tsv;tmp/phase3f-evidence/agents/binary-analysis/host-t5/tiling-validation.tsv	group=GCC-CC1PLUS;side=UPSTREAM-MATCHED;path=libexec/gcc/riscv32-wch-elf/15.2.0/cc1plus;closure_event=P3F-EVENT-1619;The historical file-side semantic obligation is replaced by its exact path/side V2 obligation; all 1,340 V2 functional intervals are terminally adjudicated (748 feature-mapped, 388 host-ABI, 204 host-data).;Terminal feature mappings retain all target-facing GAP states; supersession does not assert host-binary byte equality.
P3F-CLOSURE-0219	BIN-COV-0116	HOST-MACHO-SEMANTIC-OBLIGATION	tmp/phase3c-evidence/binary-coverage-obligations.tsv	host-macho-semantic-obligation	Phase 3c semantic_status=UNRESOLVED	map the equivalent V2 functional code/data to a terminal canonical feature; then classify remaining pure host bytes out of gate	SUPERSEDED-BY-V2	tmp/phase3f-evidence/agents/binary-analysis/host-t5/closure-obligation-projection.tsv::P3F-CLOSURE-0219	tmp/phase3f-evidence/agents/binary-analysis/host-t5/obligation-supersession.tsv::BIN-COV-0116;tmp/phase3f-evidence/agents/binary-analysis/host-t5/functional-feature-mapping.tsv;tmp/phase3f-evidence/agents/binary-analysis/host-t5/path-denominator-ledger.tsv;tmp/phase3f-evidence/agents/binary-analysis/host-t5/tiling-validation.tsv	group=GCC-CC1PLUS;side=OURS;path=libexec/gcc/riscv32-wch-elf/15.2.0/cc1plus;closure_event=P3F-EVENT-1620;The historical file-side semantic obligation is replaced by its exact path/side V2 obligation; all 1,340 V2 functional intervals are terminally adjudicated (748 feature-mapped, 388 host-ABI, 204 host-data).;Terminal feature mappings retain all target-facing GAP states; supersession does not assert host-binary byte equality.
P3F-CLOSURE-0220	BIN-COV-0117	HOST-MACHO-SEMANTIC-OBLIGATION	tmp/phase3c-evidence/binary-coverage-obligations.tsv	host-macho-semantic-obligation	Phase 3c semantic_status=UNRESOLVED	map the equivalent V2 functional code/data to a terminal canonical feature; then classify remaining pure host bytes out of gate	SUPERSEDED-BY-V2	tmp/phase3f-evidence/agents/binary-analysis/host-t5/closure-obligation-projection.tsv::P3F-CLOSURE-0220	tmp/phase3f-evidence/agents/binary-analysis/host-t5/obligation-supersession.tsv::BIN-COV-0117;tmp/phase3f-evidence/agents/binary-analysis/host-t5/functional-feature-mapping.tsv;tmp/phase3f-evidence/agents/binary-analysis/host-t5/path-denominator-ledger.tsv;tmp/phase3f-evidence/agents/binary-analysis/host-t5/tiling-validation.tsv	group=GCC-COLLECT2;side=WCH;path=libexec/gcc/riscv32-wch-elf/15.2.0/collect2;closure_event=P3F-EVENT-1621;The historical file-side semantic obligation is replaced by its exact path/side V2 obligation; all 1,340 V2 functional intervals are terminally adjudicated (748 feature-mapped, 388 host-ABI, 204 host-data).;Terminal feature mappings retain all target-facing GAP states; supersession does not assert host-binary byte equality.
P3F-CLOSURE-0221	BIN-COV-0118	HOST-MACHO-SEMANTIC-OBLIGATION	tmp/phase3c-evidence/binary-coverage-obligations.tsv	host-macho-semantic-obligation	Phase 3c semantic_status=UNRESOLVED	map the equivalent V2 functional code/data to a terminal canonical feature; then classify remaining pure host bytes out of gate	SUPERSEDED-BY-V2	tmp/phase3f-evidence/agents/binary-analysis/host-t5/closure-obligation-projection.tsv::P3F-CLOSURE-0221	tmp/phase3f-evidence/agents/binary-analysis/host-t5/obligation-supersession.tsv::BIN-COV-0118;tmp/phase3f-evidence/agents/binary-analysis/host-t5/functional-feature-mapping.tsv;tmp/phase3f-evidence/agents/binary-analysis/host-t5/path-denominator-ledger.tsv;tmp/phase3f-evidence/agents/binary-analysis/host-t5/tiling-validation.tsv	group=GCC-COLLECT2;side=UPSTREAM-P2;path=libexec/gcc/riscv32-wch-elf/15.2.0/collect2;closure_event=P3F-EVENT-1622;The historical file-side semantic obligation is replaced by its exact path/side V2 obligation; all 1,340 V2 functional intervals are terminally adjudicated (748 feature-mapped, 388 host-ABI, 204 host-data).;Terminal feature mappings retain all target-facing GAP states; supersession does not assert host-binary byte equality.
P3F-CLOSURE-0222	BIN-COV-0119	HOST-MACHO-SEMANTIC-OBLIGATION	tmp/phase3c-evidence/binary-coverage-obligations.tsv	host-macho-semantic-obligation	Phase 3c semantic_status=UNRESOLVED	map the equivalent V2 functional code/data to a terminal canonical feature; then classify remaining pure host bytes out of gate	SUPERSEDED-BY-V2	tmp/phase3f-evidence/agents/binary-analysis/host-t5/closure-obligation-projection.tsv::P3F-CLOSURE-0222	tmp/phase3f-evidence/agents/binary-analysis/host-t5/obligation-supersession.tsv::BIN-COV-0119;tmp/phase3f-evidence/agents/binary-analysis/host-t5/functional-feature-mapping.tsv;tmp/phase3f-evidence/agents/binary-analysis/host-t5/path-denominator-ledger.tsv;tmp/phase3f-evidence/agents/binary-analysis/host-t5/tiling-validation.tsv	group=GCC-COLLECT2;side=UPSTREAM-MATCHED;path=libexec/gcc/riscv32-wch-elf/15.2.0/collect2;closure_event=P3F-EVENT-1623;The historical file-side semantic obligation is replaced by its exact path/side V2 obligation; all 1,340 V2 functional intervals are terminally adjudicated (748 feature-mapped, 388 host-ABI, 204 host-data).;Terminal feature mappings retain all target-facing GAP states; supersession does not assert host-binary byte equality.
P3F-CLOSURE-0223	BIN-COV-0120	HOST-MACHO-SEMANTIC-OBLIGATION	tmp/phase3c-evidence/binary-coverage-obligations.tsv	host-macho-semantic-obligation	Phase 3c semantic_status=UNRESOLVED	map the equivalent V2 functional code/data to a terminal canonical feature; then classify remaining pure host bytes out of gate	SUPERSEDED-BY-V2	tmp/phase3f-evidence/agents/binary-analysis/host-t5/closure-obligation-projection.tsv::P3F-CLOSURE-0223	tmp/phase3f-evidence/agents/binary-analysis/host-t5/obligation-supersession.tsv::BIN-COV-0120;tmp/phase3f-evidence/agents/binary-analysis/host-t5/functional-feature-mapping.tsv;tmp/phase3f-evidence/agents/binary-analysis/host-t5/path-denominator-ledger.tsv;tmp/phase3f-evidence/agents/binary-analysis/host-t5/tiling-validation.tsv	group=GCC-COLLECT2;side=OURS;path=libexec/gcc/riscv32-wch-elf/15.2.0/collect2;closure_event=P3F-EVENT-1624;The historical file-side semantic obligation is replaced by its exact path/side V2 obligation; all 1,340 V2 functional intervals are terminally adjudicated (748 feature-mapped, 388 host-ABI, 204 host-data).;Terminal feature mappings retain all target-facing GAP states; supersession does not assert host-binary byte equality.
P3F-CLOSURE-0224	BIN-COV-0121	HOST-MACHO-SEMANTIC-OBLIGATION	tmp/phase3c-evidence/binary-coverage-obligations.tsv	host-macho-semantic-obligation	Phase 3c semantic_status=UNRESOLVED	map the equivalent V2 functional code/data to a terminal canonical feature; then classify remaining pure host bytes out of gate	SUPERSEDED-BY-V2	tmp/phase3f-evidence/agents/binary-analysis/host-t5/closure-obligation-projection.tsv::P3F-CLOSURE-0224	tmp/phase3f-evidence/agents/binary-analysis/host-t5/obligation-supersession.tsv::BIN-COV-0121;tmp/phase3f-evidence/agents/binary-analysis/host-t5/functional-feature-mapping.tsv;tmp/phase3f-evidence/agents/binary-analysis/host-t5/path-denominator-ledger.tsv;tmp/phase3f-evidence/agents/binary-analysis/host-t5/tiling-validation.tsv	group=GCC-DRIVER;side=WCH;path=bin/riscv32-wch-elf-c++;closure_event=P3F-EVENT-1625;The historical file-side semantic obligation is replaced by its exact path/side V2 obligation; all 1,340 V2 functional intervals are terminally adjudicated (748 feature-mapped, 388 host-ABI, 204 host-data).;Terminal feature mappings retain all target-facing GAP states; supersession does not assert host-binary byte equality.
P3F-CLOSURE-0225	BIN-COV-0122	HOST-MACHO-SEMANTIC-OBLIGATION	tmp/phase3c-evidence/binary-coverage-obligations.tsv	host-macho-semantic-obligation	Phase 3c semantic_status=UNRESOLVED	map the equivalent V2 functional code/data to a terminal canonical feature; then classify remaining pure host bytes out of gate	SUPERSEDED-BY-V2	tmp/phase3f-evidence/agents/binary-analysis/host-t5/closure-obligation-projection.tsv::P3F-CLOSURE-0225	tmp/phase3f-evidence/agents/binary-analysis/host-t5/obligation-supersession.tsv::BIN-COV-0122;tmp/phase3f-evidence/agents/binary-analysis/host-t5/functional-feature-mapping.tsv;tmp/phase3f-evidence/agents/binary-analysis/host-t5/path-denominator-ledger.tsv;tmp/phase3f-evidence/agents/binary-analysis/host-t5/tiling-validation.tsv	group=GCC-DRIVER;side=UPSTREAM-P2;path=bin/riscv32-wch-elf-c++;closure_event=P3F-EVENT-1626;The historical file-side semantic obligation is replaced by its exact path/side V2 obligation; all 1,340 V2 functional intervals are terminally adjudicated (748 feature-mapped, 388 host-ABI, 204 host-data).;Terminal feature mappings retain all target-facing GAP states; supersession does not assert host-binary byte equality.
P3F-CLOSURE-0226	BIN-COV-0123	HOST-MACHO-SEMANTIC-OBLIGATION	tmp/phase3c-evidence/binary-coverage-obligations.tsv	host-macho-semantic-obligation	Phase 3c semantic_status=UNRESOLVED	map the equivalent V2 functional code/data to a terminal canonical feature; then classify remaining pure host bytes out of gate	SUPERSEDED-BY-V2	tmp/phase3f-evidence/agents/binary-analysis/host-t5/closure-obligation-projection.tsv::P3F-CLOSURE-0226	tmp/phase3f-evidence/agents/binary-analysis/host-t5/obligation-supersession.tsv::BIN-COV-0123;tmp/phase3f-evidence/agents/binary-analysis/host-t5/functional-feature-mapping.tsv;tmp/phase3f-evidence/agents/binary-analysis/host-t5/path-denominator-ledger.tsv;tmp/phase3f-evidence/agents/binary-analysis/host-t5/tiling-validation.tsv	group=GCC-DRIVER;side=UPSTREAM-MATCHED;path=bin/riscv32-wch-elf-c++;closure_event=P3F-EVENT-1627;The historical file-side semantic obligation is replaced by its exact path/side V2 obligation; all 1,340 V2 functional intervals are terminally adjudicated (748 feature-mapped, 388 host-ABI, 204 host-data).;Terminal feature mappings retain all target-facing GAP states; supersession does not assert host-binary byte equality.
P3F-CLOSURE-0227	BIN-COV-0124	HOST-MACHO-SEMANTIC-OBLIGATION	tmp/phase3c-evidence/binary-coverage-obligations.tsv	host-macho-semantic-obligation	Phase 3c semantic_status=UNRESOLVED	map the equivalent V2 functional code/data to a terminal canonical feature; then classify remaining pure host bytes out of gate	SUPERSEDED-BY-V2	tmp/phase3f-evidence/agents/binary-analysis/host-t5/closure-obligation-projection.tsv::P3F-CLOSURE-0227	tmp/phase3f-evidence/agents/binary-analysis/host-t5/obligation-supersession.tsv::BIN-COV-0124;tmp/phase3f-evidence/agents/binary-analysis/host-t5/functional-feature-mapping.tsv;tmp/phase3f-evidence/agents/binary-analysis/host-t5/path-denominator-ledger.tsv;tmp/phase3f-evidence/agents/binary-analysis/host-t5/tiling-validation.tsv	group=GCC-DRIVER;side=OURS;path=bin/riscv32-wch-elf-c++;closure_event=P3F-EVENT-1628;The historical file-side semantic obligation is replaced by its exact path/side V2 obligation; all 1,340 V2 functional intervals are terminally adjudicated (748 feature-mapped, 388 host-ABI, 204 host-data).;Terminal feature mappings retain all target-facing GAP states; supersession does not assert host-binary byte equality.
P3F-CLOSURE-0228	BIN-COV-0125	HOST-MACHO-SEMANTIC-OBLIGATION	tmp/phase3c-evidence/binary-coverage-obligations.tsv	host-macho-semantic-obligation	Phase 3c semantic_status=UNRESOLVED	map the equivalent V2 functional code/data to a terminal canonical feature; then classify remaining pure host bytes out of gate	SUPERSEDED-BY-V2	tmp/phase3f-evidence/agents/binary-analysis/host-t5/closure-obligation-projection.tsv::P3F-CLOSURE-0228	tmp/phase3f-evidence/agents/binary-analysis/host-t5/obligation-supersession.tsv::BIN-COV-0125;tmp/phase3f-evidence/agents/binary-analysis/host-t5/functional-feature-mapping.tsv;tmp/phase3f-evidence/agents/binary-analysis/host-t5/path-denominator-ledger.tsv;tmp/phase3f-evidence/agents/binary-analysis/host-t5/tiling-validation.tsv	group=GCC-DRIVER;side=WCH;path=bin/riscv32-wch-elf-cpp;closure_event=P3F-EVENT-1629;The historical file-side semantic obligation is replaced by its exact path/side V2 obligation; all 1,340 V2 functional intervals are terminally adjudicated (748 feature-mapped, 388 host-ABI, 204 host-data).;Terminal feature mappings retain all target-facing GAP states; supersession does not assert host-binary byte equality.
P3F-CLOSURE-0229	BIN-COV-0126	HOST-MACHO-SEMANTIC-OBLIGATION	tmp/phase3c-evidence/binary-coverage-obligations.tsv	host-macho-semantic-obligation	Phase 3c semantic_status=UNRESOLVED	map the equivalent V2 functional code/data to a terminal canonical feature; then classify remaining pure host bytes out of gate	SUPERSEDED-BY-V2	tmp/phase3f-evidence/agents/binary-analysis/host-t5/closure-obligation-projection.tsv::P3F-CLOSURE-0229	tmp/phase3f-evidence/agents/binary-analysis/host-t5/obligation-supersession.tsv::BIN-COV-0126;tmp/phase3f-evidence/agents/binary-analysis/host-t5/functional-feature-mapping.tsv;tmp/phase3f-evidence/agents/binary-analysis/host-t5/path-denominator-ledger.tsv;tmp/phase3f-evidence/agents/binary-analysis/host-t5/tiling-validation.tsv	group=GCC-DRIVER;side=UPSTREAM-P2;path=bin/riscv32-wch-elf-cpp;closure_event=P3F-EVENT-1630;The historical file-side semantic obligation is replaced by its exact path/side V2 obligation; all 1,340 V2 functional intervals are terminally adjudicated (748 feature-mapped, 388 host-ABI, 204 host-data).;Terminal feature mappings retain all target-facing GAP states; supersession does not assert host-binary byte equality.
P3F-CLOSURE-0230	BIN-COV-0127	HOST-MACHO-SEMANTIC-OBLIGATION	tmp/phase3c-evidence/binary-coverage-obligations.tsv	host-macho-semantic-obligation	Phase 3c semantic_status=UNRESOLVED	map the equivalent V2 functional code/data to a terminal canonical feature; then classify remaining pure host bytes out of gate	SUPERSEDED-BY-V2	tmp/phase3f-evidence/agents/binary-analysis/host-t5/closure-obligation-projection.tsv::P3F-CLOSURE-0230	tmp/phase3f-evidence/agents/binary-analysis/host-t5/obligation-supersession.tsv::BIN-COV-0127;tmp/phase3f-evidence/agents/binary-analysis/host-t5/functional-feature-mapping.tsv;tmp/phase3f-evidence/agents/binary-analysis/host-t5/path-denominator-ledger.tsv;tmp/phase3f-evidence/agents/binary-analysis/host-t5/tiling-validation.tsv	group=GCC-DRIVER;side=UPSTREAM-MATCHED;path=bin/riscv32-wch-elf-cpp;closure_event=P3F-EVENT-1631;The historical file-side semantic obligation is replaced by its exact path/side V2 obligation; all 1,340 V2 functional intervals are terminally adjudicated (748 feature-mapped, 388 host-ABI, 204 host-data).;Terminal feature mappings retain all target-facing GAP states; supersession does not assert host-binary byte equality.
P3F-CLOSURE-0231	BIN-COV-0128	HOST-MACHO-SEMANTIC-OBLIGATION	tmp/phase3c-evidence/binary-coverage-obligations.tsv	host-macho-semantic-obligation	Phase 3c semantic_status=UNRESOLVED	map the equivalent V2 functional code/data to a terminal canonical feature; then classify remaining pure host bytes out of gate	SUPERSEDED-BY-V2	tmp/phase3f-evidence/agents/binary-analysis/host-t5/closure-obligation-projection.tsv::P3F-CLOSURE-0231	tmp/phase3f-evidence/agents/binary-analysis/host-t5/obligation-supersession.tsv::BIN-COV-0128;tmp/phase3f-evidence/agents/binary-analysis/host-t5/functional-feature-mapping.tsv;tmp/phase3f-evidence/agents/binary-analysis/host-t5/path-denominator-ledger.tsv;tmp/phase3f-evidence/agents/binary-analysis/host-t5/tiling-validation.tsv	group=GCC-DRIVER;side=OURS;path=bin/riscv32-wch-elf-cpp;closure_event=P3F-EVENT-1632;The historical file-side semantic obligation is replaced by its exact path/side V2 obligation; all 1,340 V2 functional intervals are terminally adjudicated (748 feature-mapped, 388 host-ABI, 204 host-data).;Terminal feature mappings retain all target-facing GAP states; supersession does not assert host-binary byte equality.
P3F-CLOSURE-0232	BIN-COV-0129	HOST-MACHO-SEMANTIC-OBLIGATION	tmp/phase3c-evidence/binary-coverage-obligations.tsv	host-macho-semantic-obligation	Phase 3c semantic_status=UNRESOLVED	map the equivalent V2 functional code/data to a terminal canonical feature; then classify remaining pure host bytes out of gate	SUPERSEDED-BY-V2	tmp/phase3f-evidence/agents/binary-analysis/host-t5/closure-obligation-projection.tsv::P3F-CLOSURE-0232	tmp/phase3f-evidence/agents/binary-analysis/host-t5/obligation-supersession.tsv::BIN-COV-0129;tmp/phase3f-evidence/agents/binary-analysis/host-t5/functional-feature-mapping.tsv;tmp/phase3f-evidence/agents/binary-analysis/host-t5/path-denominator-ledger.tsv;tmp/phase3f-evidence/agents/binary-analysis/host-t5/tiling-validation.tsv	group=GCC-DRIVER;side=WCH;path=bin/riscv32-wch-elf-g++;closure_event=P3F-EVENT-1633;The historical file-side semantic obligation is replaced by its exact path/side V2 obligation; all 1,340 V2 functional intervals are terminally adjudicated (748 feature-mapped, 388 host-ABI, 204 host-data).;Terminal feature mappings retain all target-facing GAP states; supersession does not assert host-binary byte equality.
P3F-CLOSURE-0233	BIN-COV-0130	HOST-MACHO-SEMANTIC-OBLIGATION	tmp/phase3c-evidence/binary-coverage-obligations.tsv	host-macho-semantic-obligation	Phase 3c semantic_status=UNRESOLVED	map the equivalent V2 functional code/data to a terminal canonical feature; then classify remaining pure host bytes out of gate	SUPERSEDED-BY-V2	tmp/phase3f-evidence/agents/binary-analysis/host-t5/closure-obligation-projection.tsv::P3F-CLOSURE-0233	tmp/phase3f-evidence/agents/binary-analysis/host-t5/obligation-supersession.tsv::BIN-COV-0130;tmp/phase3f-evidence/agents/binary-analysis/host-t5/functional-feature-mapping.tsv;tmp/phase3f-evidence/agents/binary-analysis/host-t5/path-denominator-ledger.tsv;tmp/phase3f-evidence/agents/binary-analysis/host-t5/tiling-validation.tsv	group=GCC-DRIVER;side=UPSTREAM-P2;path=bin/riscv32-wch-elf-g++;closure_event=P3F-EVENT-1634;The historical file-side semantic obligation is replaced by its exact path/side V2 obligation; all 1,340 V2 functional intervals are terminally adjudicated (748 feature-mapped, 388 host-ABI, 204 host-data).;Terminal feature mappings retain all target-facing GAP states; supersession does not assert host-binary byte equality.
P3F-CLOSURE-0234	BIN-COV-0131	HOST-MACHO-SEMANTIC-OBLIGATION	tmp/phase3c-evidence/binary-coverage-obligations.tsv	host-macho-semantic-obligation	Phase 3c semantic_status=UNRESOLVED	map the equivalent V2 functional code/data to a terminal canonical feature; then classify remaining pure host bytes out of gate	SUPERSEDED-BY-V2	tmp/phase3f-evidence/agents/binary-analysis/host-t5/closure-obligation-projection.tsv::P3F-CLOSURE-0234	tmp/phase3f-evidence/agents/binary-analysis/host-t5/obligation-supersession.tsv::BIN-COV-0131;tmp/phase3f-evidence/agents/binary-analysis/host-t5/functional-feature-mapping.tsv;tmp/phase3f-evidence/agents/binary-analysis/host-t5/path-denominator-ledger.tsv;tmp/phase3f-evidence/agents/binary-analysis/host-t5/tiling-validation.tsv	group=GCC-DRIVER;side=UPSTREAM-MATCHED;path=bin/riscv32-wch-elf-g++;closure_event=P3F-EVENT-1635;The historical file-side semantic obligation is replaced by its exact path/side V2 obligation; all 1,340 V2 functional intervals are terminally adjudicated (748 feature-mapped, 388 host-ABI, 204 host-data).;Terminal feature mappings retain all target-facing GAP states; supersession does not assert host-binary byte equality.
P3F-CLOSURE-0235	BIN-COV-0132	HOST-MACHO-SEMANTIC-OBLIGATION	tmp/phase3c-evidence/binary-coverage-obligations.tsv	host-macho-semantic-obligation	Phase 3c semantic_status=UNRESOLVED	map the equivalent V2 functional code/data to a terminal canonical feature; then classify remaining pure host bytes out of gate	SUPERSEDED-BY-V2	tmp/phase3f-evidence/agents/binary-analysis/host-t5/closure-obligation-projection.tsv::P3F-CLOSURE-0235	tmp/phase3f-evidence/agents/binary-analysis/host-t5/obligation-supersession.tsv::BIN-COV-0132;tmp/phase3f-evidence/agents/binary-analysis/host-t5/functional-feature-mapping.tsv;tmp/phase3f-evidence/agents/binary-analysis/host-t5/path-denominator-ledger.tsv;tmp/phase3f-evidence/agents/binary-analysis/host-t5/tiling-validation.tsv	group=GCC-DRIVER;side=OURS;path=bin/riscv32-wch-elf-g++;closure_event=P3F-EVENT-1636;The historical file-side semantic obligation is replaced by its exact path/side V2 obligation; all 1,340 V2 functional intervals are terminally adjudicated (748 feature-mapped, 388 host-ABI, 204 host-data).;Terminal feature mappings retain all target-facing GAP states; supersession does not assert host-binary byte equality.
P3F-CLOSURE-0236	BIN-COV-0133	HOST-MACHO-SEMANTIC-OBLIGATION	tmp/phase3c-evidence/binary-coverage-obligations.tsv	host-macho-semantic-obligation	Phase 3c semantic_status=UNRESOLVED	map the equivalent V2 functional code/data to a terminal canonical feature; then classify remaining pure host bytes out of gate	SUPERSEDED-BY-V2	tmp/phase3f-evidence/agents/binary-analysis/host-t5/closure-obligation-projection.tsv::P3F-CLOSURE-0236	tmp/phase3f-evidence/agents/binary-analysis/host-t5/obligation-supersession.tsv::BIN-COV-0133;tmp/phase3f-evidence/agents/binary-analysis/host-t5/functional-feature-mapping.tsv;tmp/phase3f-evidence/agents/binary-analysis/host-t5/path-denominator-ledger.tsv;tmp/phase3f-evidence/agents/binary-analysis/host-t5/tiling-validation.tsv	group=GCC-DRIVER;side=WCH;path=bin/riscv32-wch-elf-gcc;closure_event=P3F-EVENT-1637;The historical file-side semantic obligation is replaced by its exact path/side V2 obligation; all 1,340 V2 functional intervals are terminally adjudicated (748 feature-mapped, 388 host-ABI, 204 host-data).;Terminal feature mappings retain all target-facing GAP states; supersession does not assert host-binary byte equality.
P3F-CLOSURE-0237	BIN-COV-0134	HOST-MACHO-SEMANTIC-OBLIGATION	tmp/phase3c-evidence/binary-coverage-obligations.tsv	host-macho-semantic-obligation	Phase 3c semantic_status=UNRESOLVED	map the equivalent V2 functional code/data to a terminal canonical feature; then classify remaining pure host bytes out of gate	SUPERSEDED-BY-V2	tmp/phase3f-evidence/agents/binary-analysis/host-t5/closure-obligation-projection.tsv::P3F-CLOSURE-0237	tmp/phase3f-evidence/agents/binary-analysis/host-t5/obligation-supersession.tsv::BIN-COV-0134;tmp/phase3f-evidence/agents/binary-analysis/host-t5/functional-feature-mapping.tsv;tmp/phase3f-evidence/agents/binary-analysis/host-t5/path-denominator-ledger.tsv;tmp/phase3f-evidence/agents/binary-analysis/host-t5/tiling-validation.tsv	group=GCC-DRIVER;side=UPSTREAM-P2;path=bin/riscv32-wch-elf-gcc;closure_event=P3F-EVENT-1638;The historical file-side semantic obligation is replaced by its exact path/side V2 obligation; all 1,340 V2 functional intervals are terminally adjudicated (748 feature-mapped, 388 host-ABI, 204 host-data).;Terminal feature mappings retain all target-facing GAP states; supersession does not assert host-binary byte equality.
P3F-CLOSURE-0238	BIN-COV-0135	HOST-MACHO-SEMANTIC-OBLIGATION	tmp/phase3c-evidence/binary-coverage-obligations.tsv	host-macho-semantic-obligation	Phase 3c semantic_status=UNRESOLVED	map the equivalent V2 functional code/data to a terminal canonical feature; then classify remaining pure host bytes out of gate	SUPERSEDED-BY-V2	tmp/phase3f-evidence/agents/binary-analysis/host-t5/closure-obligation-projection.tsv::P3F-CLOSURE-0238	tmp/phase3f-evidence/agents/binary-analysis/host-t5/obligation-supersession.tsv::BIN-COV-0135;tmp/phase3f-evidence/agents/binary-analysis/host-t5/functional-feature-mapping.tsv;tmp/phase3f-evidence/agents/binary-analysis/host-t5/path-denominator-ledger.tsv;tmp/phase3f-evidence/agents/binary-analysis/host-t5/tiling-validation.tsv	group=GCC-DRIVER;side=UPSTREAM-MATCHED;path=bin/riscv32-wch-elf-gcc;closure_event=P3F-EVENT-1639;The historical file-side semantic obligation is replaced by its exact path/side V2 obligation; all 1,340 V2 functional intervals are terminally adjudicated (748 feature-mapped, 388 host-ABI, 204 host-data).;Terminal feature mappings retain all target-facing GAP states; supersession does not assert host-binary byte equality.
P3F-CLOSURE-0239	BIN-COV-0136	HOST-MACHO-SEMANTIC-OBLIGATION	tmp/phase3c-evidence/binary-coverage-obligations.tsv	host-macho-semantic-obligation	Phase 3c semantic_status=UNRESOLVED	map the equivalent V2 functional code/data to a terminal canonical feature; then classify remaining pure host bytes out of gate	SUPERSEDED-BY-V2	tmp/phase3f-evidence/agents/binary-analysis/host-t5/closure-obligation-projection.tsv::P3F-CLOSURE-0239	tmp/phase3f-evidence/agents/binary-analysis/host-t5/obligation-supersession.tsv::BIN-COV-0136;tmp/phase3f-evidence/agents/binary-analysis/host-t5/functional-feature-mapping.tsv;tmp/phase3f-evidence/agents/binary-analysis/host-t5/path-denominator-ledger.tsv;tmp/phase3f-evidence/agents/binary-analysis/host-t5/tiling-validation.tsv	group=GCC-DRIVER;side=OURS;path=bin/riscv32-wch-elf-gcc;closure_event=P3F-EVENT-1640;The historical file-side semantic obligation is replaced by its exact path/side V2 obligation; all 1,340 V2 functional intervals are terminally adjudicated (748 feature-mapped, 388 host-ABI, 204 host-data).;Terminal feature mappings retain all target-facing GAP states; supersession does not assert host-binary byte equality.
P3F-CLOSURE-0240	BIN-COV-0137	HOST-MACHO-SEMANTIC-OBLIGATION	tmp/phase3c-evidence/binary-coverage-obligations.tsv	host-macho-semantic-obligation	Phase 3c semantic_status=UNRESOLVED	map the equivalent V2 functional code/data to a terminal canonical feature; then classify remaining pure host bytes out of gate	SUPERSEDED-BY-V2	tmp/phase3f-evidence/agents/binary-analysis/host-t5/closure-obligation-projection.tsv::P3F-CLOSURE-0240	tmp/phase3f-evidence/agents/binary-analysis/host-t5/obligation-supersession.tsv::BIN-COV-0137;tmp/phase3f-evidence/agents/binary-analysis/host-t5/functional-feature-mapping.tsv;tmp/phase3f-evidence/agents/binary-analysis/host-t5/path-denominator-ledger.tsv;tmp/phase3f-evidence/agents/binary-analysis/host-t5/tiling-validation.tsv	group=GCC-DRIVER;side=WCH;path=bin/riscv32-wch-elf-gcc-15.2.0;closure_event=P3F-EVENT-1641;The historical file-side semantic obligation is replaced by its exact path/side V2 obligation; all 1,340 V2 functional intervals are terminally adjudicated (748 feature-mapped, 388 host-ABI, 204 host-data).;Terminal feature mappings retain all target-facing GAP states; supersession does not assert host-binary byte equality.
P3F-CLOSURE-0241	BIN-COV-0138	HOST-MACHO-SEMANTIC-OBLIGATION	tmp/phase3c-evidence/binary-coverage-obligations.tsv	host-macho-semantic-obligation	Phase 3c semantic_status=UNRESOLVED	map the equivalent V2 functional code/data to a terminal canonical feature; then classify remaining pure host bytes out of gate	SUPERSEDED-BY-V2	tmp/phase3f-evidence/agents/binary-analysis/host-t5/closure-obligation-projection.tsv::P3F-CLOSURE-0241	tmp/phase3f-evidence/agents/binary-analysis/host-t5/obligation-supersession.tsv::BIN-COV-0138;tmp/phase3f-evidence/agents/binary-analysis/host-t5/functional-feature-mapping.tsv;tmp/phase3f-evidence/agents/binary-analysis/host-t5/path-denominator-ledger.tsv;tmp/phase3f-evidence/agents/binary-analysis/host-t5/tiling-validation.tsv	group=GCC-DRIVER;side=UPSTREAM-P2;path=bin/riscv32-wch-elf-gcc-15.2.0;closure_event=P3F-EVENT-1642;The historical file-side semantic obligation is replaced by its exact path/side V2 obligation; all 1,340 V2 functional intervals are terminally adjudicated (748 feature-mapped, 388 host-ABI, 204 host-data).;Terminal feature mappings retain all target-facing GAP states; supersession does not assert host-binary byte equality.
P3F-CLOSURE-0242	BIN-COV-0139	HOST-MACHO-SEMANTIC-OBLIGATION	tmp/phase3c-evidence/binary-coverage-obligations.tsv	host-macho-semantic-obligation	Phase 3c semantic_status=UNRESOLVED	map the equivalent V2 functional code/data to a terminal canonical feature; then classify remaining pure host bytes out of gate	SUPERSEDED-BY-V2	tmp/phase3f-evidence/agents/binary-analysis/host-t5/closure-obligation-projection.tsv::P3F-CLOSURE-0242	tmp/phase3f-evidence/agents/binary-analysis/host-t5/obligation-supersession.tsv::BIN-COV-0139;tmp/phase3f-evidence/agents/binary-analysis/host-t5/functional-feature-mapping.tsv;tmp/phase3f-evidence/agents/binary-analysis/host-t5/path-denominator-ledger.tsv;tmp/phase3f-evidence/agents/binary-analysis/host-t5/tiling-validation.tsv	group=GCC-DRIVER;side=UPSTREAM-MATCHED;path=bin/riscv32-wch-elf-gcc-15.2.0;closure_event=P3F-EVENT-1643;The historical file-side semantic obligation is replaced by its exact path/side V2 obligation; all 1,340 V2 functional intervals are terminally adjudicated (748 feature-mapped, 388 host-ABI, 204 host-data).;Terminal feature mappings retain all target-facing GAP states; supersession does not assert host-binary byte equality.
P3F-CLOSURE-0243	BIN-COV-0140	HOST-MACHO-SEMANTIC-OBLIGATION	tmp/phase3c-evidence/binary-coverage-obligations.tsv	host-macho-semantic-obligation	Phase 3c semantic_status=UNRESOLVED	map the equivalent V2 functional code/data to a terminal canonical feature; then classify remaining pure host bytes out of gate	SUPERSEDED-BY-V2	tmp/phase3f-evidence/agents/binary-analysis/host-t5/closure-obligation-projection.tsv::P3F-CLOSURE-0243	tmp/phase3f-evidence/agents/binary-analysis/host-t5/obligation-supersession.tsv::BIN-COV-0140;tmp/phase3f-evidence/agents/binary-analysis/host-t5/functional-feature-mapping.tsv;tmp/phase3f-evidence/agents/binary-analysis/host-t5/path-denominator-ledger.tsv;tmp/phase3f-evidence/agents/binary-analysis/host-t5/tiling-validation.tsv	group=GCC-DRIVER;side=OURS;path=bin/riscv32-wch-elf-gcc-15.2.0;closure_event=P3F-EVENT-1644;The historical file-side semantic obligation is replaced by its exact path/side V2 obligation; all 1,340 V2 functional intervals are terminally adjudicated (748 feature-mapped, 388 host-ABI, 204 host-data).;Terminal feature mappings retain all target-facing GAP states; supersession does not assert host-binary byte equality.
P3F-CLOSURE-0244	BIN-COV-0141	HOST-MACHO-SEMANTIC-OBLIGATION	tmp/phase3c-evidence/binary-coverage-obligations.tsv	host-macho-semantic-obligation	Phase 3c semantic_status=UNRESOLVED	map the equivalent V2 functional code/data to a terminal canonical feature; then classify remaining pure host bytes out of gate	SUPERSEDED-BY-V2	tmp/phase3f-evidence/agents/binary-analysis/host-t5/closure-obligation-projection.tsv::P3F-CLOSURE-0244	tmp/phase3f-evidence/agents/binary-analysis/host-t5/obligation-supersession.tsv::BIN-COV-0141;tmp/phase3f-evidence/agents/binary-analysis/host-t5/functional-feature-mapping.tsv;tmp/phase3f-evidence/agents/binary-analysis/host-t5/path-denominator-ledger.tsv;tmp/phase3f-evidence/agents/binary-analysis/host-t5/tiling-validation.tsv	group=GCC-GCOV;side=WCH;path=bin/riscv32-wch-elf-gcov;closure_event=P3F-EVENT-1645;The historical file-side semantic obligation is replaced by its exact path/side V2 obligation; all 1,340 V2 functional intervals are terminally adjudicated (748 feature-mapped, 388 host-ABI, 204 host-data).;Terminal feature mappings retain all target-facing GAP states; supersession does not assert host-binary byte equality.
P3F-CLOSURE-0245	BIN-COV-0142	HOST-MACHO-SEMANTIC-OBLIGATION	tmp/phase3c-evidence/binary-coverage-obligations.tsv	host-macho-semantic-obligation	Phase 3c semantic_status=UNRESOLVED	map the equivalent V2 functional code/data to a terminal canonical feature; then classify remaining pure host bytes out of gate	SUPERSEDED-BY-V2	tmp/phase3f-evidence/agents/binary-analysis/host-t5/closure-obligation-projection.tsv::P3F-CLOSURE-0245	tmp/phase3f-evidence/agents/binary-analysis/host-t5/obligation-supersession.tsv::BIN-COV-0142;tmp/phase3f-evidence/agents/binary-analysis/host-t5/functional-feature-mapping.tsv;tmp/phase3f-evidence/agents/binary-analysis/host-t5/path-denominator-ledger.tsv;tmp/phase3f-evidence/agents/binary-analysis/host-t5/tiling-validation.tsv	group=GCC-GCOV;side=UPSTREAM-P2;path=bin/riscv32-wch-elf-gcov;closure_event=P3F-EVENT-1646;The historical file-side semantic obligation is replaced by its exact path/side V2 obligation; all 1,340 V2 functional intervals are terminally adjudicated (748 feature-mapped, 388 host-ABI, 204 host-data).;Terminal feature mappings retain all target-facing GAP states; supersession does not assert host-binary byte equality.
P3F-CLOSURE-0246	BIN-COV-0143	HOST-MACHO-SEMANTIC-OBLIGATION	tmp/phase3c-evidence/binary-coverage-obligations.tsv	host-macho-semantic-obligation	Phase 3c semantic_status=UNRESOLVED	map the equivalent V2 functional code/data to a terminal canonical feature; then classify remaining pure host bytes out of gate	SUPERSEDED-BY-V2	tmp/phase3f-evidence/agents/binary-analysis/host-t5/closure-obligation-projection.tsv::P3F-CLOSURE-0246	tmp/phase3f-evidence/agents/binary-analysis/host-t5/obligation-supersession.tsv::BIN-COV-0143;tmp/phase3f-evidence/agents/binary-analysis/host-t5/functional-feature-mapping.tsv;tmp/phase3f-evidence/agents/binary-analysis/host-t5/path-denominator-ledger.tsv;tmp/phase3f-evidence/agents/binary-analysis/host-t5/tiling-validation.tsv	group=GCC-GCOV;side=UPSTREAM-MATCHED;path=bin/riscv32-wch-elf-gcov;closure_event=P3F-EVENT-1647;The historical file-side semantic obligation is replaced by its exact path/side V2 obligation; all 1,340 V2 functional intervals are terminally adjudicated (748 feature-mapped, 388 host-ABI, 204 host-data).;Terminal feature mappings retain all target-facing GAP states; supersession does not assert host-binary byte equality.
P3F-CLOSURE-0247	BIN-COV-0144	HOST-MACHO-SEMANTIC-OBLIGATION	tmp/phase3c-evidence/binary-coverage-obligations.tsv	host-macho-semantic-obligation	Phase 3c semantic_status=UNRESOLVED	map the equivalent V2 functional code/data to a terminal canonical feature; then classify remaining pure host bytes out of gate	SUPERSEDED-BY-V2	tmp/phase3f-evidence/agents/binary-analysis/host-t5/closure-obligation-projection.tsv::P3F-CLOSURE-0247	tmp/phase3f-evidence/agents/binary-analysis/host-t5/obligation-supersession.tsv::BIN-COV-0144;tmp/phase3f-evidence/agents/binary-analysis/host-t5/functional-feature-mapping.tsv;tmp/phase3f-evidence/agents/binary-analysis/host-t5/path-denominator-ledger.tsv;tmp/phase3f-evidence/agents/binary-analysis/host-t5/tiling-validation.tsv	group=GCC-GCOV;side=OURS;path=bin/riscv32-wch-elf-gcov;closure_event=P3F-EVENT-1648;The historical file-side semantic obligation is replaced by its exact path/side V2 obligation; all 1,340 V2 functional intervals are terminally adjudicated (748 feature-mapped, 388 host-ABI, 204 host-data).;Terminal feature mappings retain all target-facing GAP states; supersession does not assert host-binary byte equality.
P3F-CLOSURE-0248	BIN-COV-0145	HOST-MACHO-SEMANTIC-OBLIGATION	tmp/phase3c-evidence/binary-coverage-obligations.tsv	host-macho-semantic-obligation	Phase 3c semantic_status=UNRESOLVED	map the equivalent V2 functional code/data to a terminal canonical feature; then classify remaining pure host bytes out of gate	SUPERSEDED-BY-V2	tmp/phase3f-evidence/agents/binary-analysis/host-t5/closure-obligation-projection.tsv::P3F-CLOSURE-0248	tmp/phase3f-evidence/agents/binary-analysis/host-t5/obligation-supersession.tsv::BIN-COV-0145;tmp/phase3f-evidence/agents/binary-analysis/host-t5/functional-feature-mapping.tsv;tmp/phase3f-evidence/agents/binary-analysis/host-t5/path-denominator-ledger.tsv;tmp/phase3f-evidence/agents/binary-analysis/host-t5/tiling-validation.tsv	group=GCC-GCOV;side=WCH;path=bin/riscv32-wch-elf-gcov-dump;closure_event=P3F-EVENT-1649;The historical file-side semantic obligation is replaced by its exact path/side V2 obligation; all 1,340 V2 functional intervals are terminally adjudicated (748 feature-mapped, 388 host-ABI, 204 host-data).;Terminal feature mappings retain all target-facing GAP states; supersession does not assert host-binary byte equality.
P3F-CLOSURE-0249	BIN-COV-0146	HOST-MACHO-SEMANTIC-OBLIGATION	tmp/phase3c-evidence/binary-coverage-obligations.tsv	host-macho-semantic-obligation	Phase 3c semantic_status=UNRESOLVED	map the equivalent V2 functional code/data to a terminal canonical feature; then classify remaining pure host bytes out of gate	SUPERSEDED-BY-V2	tmp/phase3f-evidence/agents/binary-analysis/host-t5/closure-obligation-projection.tsv::P3F-CLOSURE-0249	tmp/phase3f-evidence/agents/binary-analysis/host-t5/obligation-supersession.tsv::BIN-COV-0146;tmp/phase3f-evidence/agents/binary-analysis/host-t5/functional-feature-mapping.tsv;tmp/phase3f-evidence/agents/binary-analysis/host-t5/path-denominator-ledger.tsv;tmp/phase3f-evidence/agents/binary-analysis/host-t5/tiling-validation.tsv	group=GCC-GCOV;side=UPSTREAM-P2;path=bin/riscv32-wch-elf-gcov-dump;closure_event=P3F-EVENT-1650;The historical file-side semantic obligation is replaced by its exact path/side V2 obligation; all 1,340 V2 functional intervals are terminally adjudicated (748 feature-mapped, 388 host-ABI, 204 host-data).;Terminal feature mappings retain all target-facing GAP states; supersession does not assert host-binary byte equality.
P3F-CLOSURE-0250	BIN-COV-0147	HOST-MACHO-SEMANTIC-OBLIGATION	tmp/phase3c-evidence/binary-coverage-obligations.tsv	host-macho-semantic-obligation	Phase 3c semantic_status=UNRESOLVED	map the equivalent V2 functional code/data to a terminal canonical feature; then classify remaining pure host bytes out of gate	SUPERSEDED-BY-V2	tmp/phase3f-evidence/agents/binary-analysis/host-t5/closure-obligation-projection.tsv::P3F-CLOSURE-0250	tmp/phase3f-evidence/agents/binary-analysis/host-t5/obligation-supersession.tsv::BIN-COV-0147;tmp/phase3f-evidence/agents/binary-analysis/host-t5/functional-feature-mapping.tsv;tmp/phase3f-evidence/agents/binary-analysis/host-t5/path-denominator-ledger.tsv;tmp/phase3f-evidence/agents/binary-analysis/host-t5/tiling-validation.tsv	group=GCC-GCOV;side=UPSTREAM-MATCHED;path=bin/riscv32-wch-elf-gcov-dump;closure_event=P3F-EVENT-1651;The historical file-side semantic obligation is replaced by its exact path/side V2 obligation; all 1,340 V2 functional intervals are terminally adjudicated (748 feature-mapped, 388 host-ABI, 204 host-data).;Terminal feature mappings retain all target-facing GAP states; supersession does not assert host-binary byte equality.
P3F-CLOSURE-0251	BIN-COV-0148	HOST-MACHO-SEMANTIC-OBLIGATION	tmp/phase3c-evidence/binary-coverage-obligations.tsv	host-macho-semantic-obligation	Phase 3c semantic_status=UNRESOLVED	map the equivalent V2 functional code/data to a terminal canonical feature; then classify remaining pure host bytes out of gate	SUPERSEDED-BY-V2	tmp/phase3f-evidence/agents/binary-analysis/host-t5/closure-obligation-projection.tsv::P3F-CLOSURE-0251	tmp/phase3f-evidence/agents/binary-analysis/host-t5/obligation-supersession.tsv::BIN-COV-0148;tmp/phase3f-evidence/agents/binary-analysis/host-t5/functional-feature-mapping.tsv;tmp/phase3f-evidence/agents/binary-analysis/host-t5/path-denominator-ledger.tsv;tmp/phase3f-evidence/agents/binary-analysis/host-t5/tiling-validation.tsv	group=GCC-GCOV;side=OURS;path=bin/riscv32-wch-elf-gcov-dump;closure_event=P3F-EVENT-1652;The historical file-side semantic obligation is replaced by its exact path/side V2 obligation; all 1,340 V2 functional intervals are terminally adjudicated (748 feature-mapped, 388 host-ABI, 204 host-data).;Terminal feature mappings retain all target-facing GAP states; supersession does not assert host-binary byte equality.
P3F-CLOSURE-0252	BIN-COV-0149	HOST-MACHO-SEMANTIC-OBLIGATION	tmp/phase3c-evidence/binary-coverage-obligations.tsv	host-macho-semantic-obligation	Phase 3c semantic_status=UNRESOLVED	map the equivalent V2 functional code/data to a terminal canonical feature; then classify remaining pure host bytes out of gate	SUPERSEDED-BY-V2	tmp/phase3f-evidence/agents/binary-analysis/host-t5/closure-obligation-projection.tsv::P3F-CLOSURE-0252	tmp/phase3f-evidence/agents/binary-analysis/host-t5/obligation-supersession.tsv::BIN-COV-0149;tmp/phase3f-evidence/agents/binary-analysis/host-t5/functional-feature-mapping.tsv;tmp/phase3f-evidence/agents/binary-analysis/host-t5/path-denominator-ledger.tsv;tmp/phase3f-evidence/agents/binary-analysis/host-t5/tiling-validation.tsv	group=GCC-GCOV;side=WCH;path=bin/riscv32-wch-elf-gcov-tool;closure_event=P3F-EVENT-1653;The historical file-side semantic obligation is replaced by its exact path/side V2 obligation; all 1,340 V2 functional intervals are terminally adjudicated (748 feature-mapped, 388 host-ABI, 204 host-data).;Terminal feature mappings retain all target-facing GAP states; supersession does not assert host-binary byte equality.
P3F-CLOSURE-0253	BIN-COV-0150	HOST-MACHO-SEMANTIC-OBLIGATION	tmp/phase3c-evidence/binary-coverage-obligations.tsv	host-macho-semantic-obligation	Phase 3c semantic_status=UNRESOLVED	map the equivalent V2 functional code/data to a terminal canonical feature; then classify remaining pure host bytes out of gate	SUPERSEDED-BY-V2	tmp/phase3f-evidence/agents/binary-analysis/host-t5/closure-obligation-projection.tsv::P3F-CLOSURE-0253	tmp/phase3f-evidence/agents/binary-analysis/host-t5/obligation-supersession.tsv::BIN-COV-0150;tmp/phase3f-evidence/agents/binary-analysis/host-t5/functional-feature-mapping.tsv;tmp/phase3f-evidence/agents/binary-analysis/host-t5/path-denominator-ledger.tsv;tmp/phase3f-evidence/agents/binary-analysis/host-t5/tiling-validation.tsv	group=GCC-GCOV;side=UPSTREAM-P2;path=bin/riscv32-wch-elf-gcov-tool;closure_event=P3F-EVENT-1654;The historical file-side semantic obligation is replaced by its exact path/side V2 obligation; all 1,340 V2 functional intervals are terminally adjudicated (748 feature-mapped, 388 host-ABI, 204 host-data).;Terminal feature mappings retain all target-facing GAP states; supersession does not assert host-binary byte equality.
P3F-CLOSURE-0254	BIN-COV-0151	HOST-MACHO-SEMANTIC-OBLIGATION	tmp/phase3c-evidence/binary-coverage-obligations.tsv	host-macho-semantic-obligation	Phase 3c semantic_status=UNRESOLVED	map the equivalent V2 functional code/data to a terminal canonical feature; then classify remaining pure host bytes out of gate	SUPERSEDED-BY-V2	tmp/phase3f-evidence/agents/binary-analysis/host-t5/closure-obligation-projection.tsv::P3F-CLOSURE-0254	tmp/phase3f-evidence/agents/binary-analysis/host-t5/obligation-supersession.tsv::BIN-COV-0151;tmp/phase3f-evidence/agents/binary-analysis/host-t5/functional-feature-mapping.tsv;tmp/phase3f-evidence/agents/binary-analysis/host-t5/path-denominator-ledger.tsv;tmp/phase3f-evidence/agents/binary-analysis/host-t5/tiling-validation.tsv	group=GCC-GCOV;side=UPSTREAM-MATCHED;path=bin/riscv32-wch-elf-gcov-tool;closure_event=P3F-EVENT-1655;The historical file-side semantic obligation is replaced by its exact path/side V2 obligation; all 1,340 V2 functional intervals are terminally adjudicated (748 feature-mapped, 388 host-ABI, 204 host-data).;Terminal feature mappings retain all target-facing GAP states; supersession does not assert host-binary byte equality.
P3F-CLOSURE-0255	BIN-COV-0152	HOST-MACHO-SEMANTIC-OBLIGATION	tmp/phase3c-evidence/binary-coverage-obligations.tsv	host-macho-semantic-obligation	Phase 3c semantic_status=UNRESOLVED	map the equivalent V2 functional code/data to a terminal canonical feature; then classify remaining pure host bytes out of gate	SUPERSEDED-BY-V2	tmp/phase3f-evidence/agents/binary-analysis/host-t5/closure-obligation-projection.tsv::P3F-CLOSURE-0255	tmp/phase3f-evidence/agents/binary-analysis/host-t5/obligation-supersession.tsv::BIN-COV-0152;tmp/phase3f-evidence/agents/binary-analysis/host-t5/functional-feature-mapping.tsv;tmp/phase3f-evidence/agents/binary-analysis/host-t5/path-denominator-ledger.tsv;tmp/phase3f-evidence/agents/binary-analysis/host-t5/tiling-validation.tsv	group=GCC-GCOV;side=OURS;path=bin/riscv32-wch-elf-gcov-tool;closure_event=P3F-EVENT-1656;The historical file-side semantic obligation is replaced by its exact path/side V2 obligation; all 1,340 V2 functional intervals are terminally adjudicated (748 feature-mapped, 388 host-ABI, 204 host-data).;Terminal feature mappings retain all target-facing GAP states; supersession does not assert host-binary byte equality.
P3F-CLOSURE-0256	BIN-COV-0153	HOST-MACHO-SEMANTIC-OBLIGATION	tmp/phase3c-evidence/binary-coverage-obligations.tsv	host-macho-semantic-obligation	Phase 3c semantic_status=UNRESOLVED	map the equivalent V2 functional code/data to a terminal canonical feature; then classify remaining pure host bytes out of gate	SUPERSEDED-BY-V2	tmp/phase3f-evidence/agents/binary-analysis/host-t5/closure-obligation-projection.tsv::P3F-CLOSURE-0256	tmp/phase3f-evidence/agents/binary-analysis/host-t5/obligation-supersession.tsv::BIN-COV-0153;tmp/phase3f-evidence/agents/binary-analysis/host-t5/functional-feature-mapping.tsv;tmp/phase3f-evidence/agents/binary-analysis/host-t5/path-denominator-ledger.tsv;tmp/phase3f-evidence/agents/binary-analysis/host-t5/tiling-validation.tsv	group=GCC-LTO-DUMP;side=WCH;path=bin/riscv32-wch-elf-lto-dump;closure_event=P3F-EVENT-1657;The historical file-side semantic obligation is replaced by its exact path/side V2 obligation; all 1,340 V2 functional intervals are terminally adjudicated (748 feature-mapped, 388 host-ABI, 204 host-data).;Terminal feature mappings retain all target-facing GAP states; supersession does not assert host-binary byte equality.
P3F-CLOSURE-0257	BIN-COV-0154	HOST-MACHO-SEMANTIC-OBLIGATION	tmp/phase3c-evidence/binary-coverage-obligations.tsv	host-macho-semantic-obligation	Phase 3c semantic_status=UNRESOLVED	map the equivalent V2 functional code/data to a terminal canonical feature; then classify remaining pure host bytes out of gate	SUPERSEDED-BY-V2	tmp/phase3f-evidence/agents/binary-analysis/host-t5/closure-obligation-projection.tsv::P3F-CLOSURE-0257	tmp/phase3f-evidence/agents/binary-analysis/host-t5/obligation-supersession.tsv::BIN-COV-0154;tmp/phase3f-evidence/agents/binary-analysis/host-t5/functional-feature-mapping.tsv;tmp/phase3f-evidence/agents/binary-analysis/host-t5/path-denominator-ledger.tsv;tmp/phase3f-evidence/agents/binary-analysis/host-t5/tiling-validation.tsv	group=GCC-LTO-DUMP;side=UPSTREAM-P2;path=bin/riscv32-wch-elf-lto-dump;closure_event=P3F-EVENT-1658;The historical file-side semantic obligation is replaced by its exact path/side V2 obligation; all 1,340 V2 functional intervals are terminally adjudicated (748 feature-mapped, 388 host-ABI, 204 host-data).;Terminal feature mappings retain all target-facing GAP states; supersession does not assert host-binary byte equality.
P3F-CLOSURE-0258	BIN-COV-0155	HOST-MACHO-SEMANTIC-OBLIGATION	tmp/phase3c-evidence/binary-coverage-obligations.tsv	host-macho-semantic-obligation	Phase 3c semantic_status=UNRESOLVED	map the equivalent V2 functional code/data to a terminal canonical feature; then classify remaining pure host bytes out of gate	SUPERSEDED-BY-V2	tmp/phase3f-evidence/agents/binary-analysis/host-t5/closure-obligation-projection.tsv::P3F-CLOSURE-0258	tmp/phase3f-evidence/agents/binary-analysis/host-t5/obligation-supersession.tsv::BIN-COV-0155;tmp/phase3f-evidence/agents/binary-analysis/host-t5/functional-feature-mapping.tsv;tmp/phase3f-evidence/agents/binary-analysis/host-t5/path-denominator-ledger.tsv;tmp/phase3f-evidence/agents/binary-analysis/host-t5/tiling-validation.tsv	group=GCC-LTO-DUMP;side=UPSTREAM-MATCHED;path=bin/riscv32-wch-elf-lto-dump;closure_event=P3F-EVENT-1659;The historical file-side semantic obligation is replaced by its exact path/side V2 obligation; all 1,340 V2 functional intervals are terminally adjudicated (748 feature-mapped, 388 host-ABI, 204 host-data).;Terminal feature mappings retain all target-facing GAP states; supersession does not assert host-binary byte equality.
P3F-CLOSURE-0259	BIN-COV-0156	HOST-MACHO-SEMANTIC-OBLIGATION	tmp/phase3c-evidence/binary-coverage-obligations.tsv	host-macho-semantic-obligation	Phase 3c semantic_status=UNRESOLVED	map the equivalent V2 functional code/data to a terminal canonical feature; then classify remaining pure host bytes out of gate	SUPERSEDED-BY-V2	tmp/phase3f-evidence/agents/binary-analysis/host-t5/closure-obligation-projection.tsv::P3F-CLOSURE-0259	tmp/phase3f-evidence/agents/binary-analysis/host-t5/obligation-supersession.tsv::BIN-COV-0156;tmp/phase3f-evidence/agents/binary-analysis/host-t5/functional-feature-mapping.tsv;tmp/phase3f-evidence/agents/binary-analysis/host-t5/path-denominator-ledger.tsv;tmp/phase3f-evidence/agents/binary-analysis/host-t5/tiling-validation.tsv	group=GCC-LTO-DUMP;side=OURS;path=bin/riscv32-wch-elf-lto-dump;closure_event=P3F-EVENT-1660;The historical file-side semantic obligation is replaced by its exact path/side V2 obligation; all 1,340 V2 functional intervals are terminally adjudicated (748 feature-mapped, 388 host-ABI, 204 host-data).;Terminal feature mappings retain all target-facing GAP states; supersession does not assert host-binary byte equality.
P3F-CLOSURE-0260	BIN-COV-0157	HOST-MACHO-SEMANTIC-OBLIGATION	tmp/phase3c-evidence/binary-coverage-obligations.tsv	host-macho-semantic-obligation	Phase 3c semantic_status=UNRESOLVED	map the equivalent V2 functional code/data to a terminal canonical feature; then classify remaining pure host bytes out of gate	SUPERSEDED-BY-V2	tmp/phase3f-evidence/agents/binary-analysis/host-t5/closure-obligation-projection.tsv::P3F-CLOSURE-0260	tmp/phase3f-evidence/agents/binary-analysis/host-t5/obligation-supersession.tsv::BIN-COV-0157;tmp/phase3f-evidence/agents/binary-analysis/host-t5/functional-feature-mapping.tsv;tmp/phase3f-evidence/agents/binary-analysis/host-t5/path-denominator-ledger.tsv;tmp/phase3f-evidence/agents/binary-analysis/host-t5/tiling-validation.tsv	group=GCC-LTO-PLUGIN;side=WCH;path=libexec/gcc/riscv32-wch-elf/15.2.0/liblto_plugin.so;closure_event=P3F-EVENT-1661;The historical file-side semantic obligation is replaced by its exact path/side V2 obligation; all 1,340 V2 functional intervals are terminally adjudicated (748 feature-mapped, 388 host-ABI, 204 host-data).;Terminal feature mappings retain all target-facing GAP states; supersession does not assert host-binary byte equality.
P3F-CLOSURE-0261	BIN-COV-0158	HOST-MACHO-SEMANTIC-OBLIGATION	tmp/phase3c-evidence/binary-coverage-obligations.tsv	host-macho-semantic-obligation	Phase 3c semantic_status=UNRESOLVED	map the equivalent V2 functional code/data to a terminal canonical feature; then classify remaining pure host bytes out of gate	SUPERSEDED-BY-V2	tmp/phase3f-evidence/agents/binary-analysis/host-t5/closure-obligation-projection.tsv::P3F-CLOSURE-0261	tmp/phase3f-evidence/agents/binary-analysis/host-t5/obligation-supersession.tsv::BIN-COV-0158;tmp/phase3f-evidence/agents/binary-analysis/host-t5/functional-feature-mapping.tsv;tmp/phase3f-evidence/agents/binary-analysis/host-t5/path-denominator-ledger.tsv;tmp/phase3f-evidence/agents/binary-analysis/host-t5/tiling-validation.tsv	group=GCC-LTO-PLUGIN;side=UPSTREAM-P2;path=libexec/gcc/riscv32-wch-elf/15.2.0/liblto_plugin.so;closure_event=P3F-EVENT-1662;The historical file-side semantic obligation is replaced by its exact path/side V2 obligation; all 1,340 V2 functional intervals are terminally adjudicated (748 feature-mapped, 388 host-ABI, 204 host-data).;Terminal feature mappings retain all target-facing GAP states; supersession does not assert host-binary byte equality.
P3F-CLOSURE-0262	BIN-COV-0159	HOST-MACHO-SEMANTIC-OBLIGATION	tmp/phase3c-evidence/binary-coverage-obligations.tsv	host-macho-semantic-obligation	Phase 3c semantic_status=UNRESOLVED	map the equivalent V2 functional code/data to a terminal canonical feature; then classify remaining pure host bytes out of gate	SUPERSEDED-BY-V2	tmp/phase3f-evidence/agents/binary-analysis/host-t5/closure-obligation-projection.tsv::P3F-CLOSURE-0262	tmp/phase3f-evidence/agents/binary-analysis/host-t5/obligation-supersession.tsv::BIN-COV-0159;tmp/phase3f-evidence/agents/binary-analysis/host-t5/functional-feature-mapping.tsv;tmp/phase3f-evidence/agents/binary-analysis/host-t5/path-denominator-ledger.tsv;tmp/phase3f-evidence/agents/binary-analysis/host-t5/tiling-validation.tsv	group=GCC-LTO-PLUGIN;side=UPSTREAM-MATCHED;path=libexec/gcc/riscv32-wch-elf/15.2.0/liblto_plugin.so;closure_event=P3F-EVENT-1663;The historical file-side semantic obligation is replaced by its exact path/side V2 obligation; all 1,340 V2 functional intervals are terminally adjudicated (748 feature-mapped, 388 host-ABI, 204 host-data).;Terminal feature mappings retain all target-facing GAP states; supersession does not assert host-binary byte equality.
P3F-CLOSURE-0263	BIN-COV-0160	HOST-MACHO-SEMANTIC-OBLIGATION	tmp/phase3c-evidence/binary-coverage-obligations.tsv	host-macho-semantic-obligation	Phase 3c semantic_status=UNRESOLVED	map the equivalent V2 functional code/data to a terminal canonical feature; then classify remaining pure host bytes out of gate	SUPERSEDED-BY-V2	tmp/phase3f-evidence/agents/binary-analysis/host-t5/closure-obligation-projection.tsv::P3F-CLOSURE-0263	tmp/phase3f-evidence/agents/binary-analysis/host-t5/obligation-supersession.tsv::BIN-COV-0160;tmp/phase3f-evidence/agents/binary-analysis/host-t5/functional-feature-mapping.tsv;tmp/phase3f-evidence/agents/binary-analysis/host-t5/path-denominator-ledger.tsv;tmp/phase3f-evidence/agents/binary-analysis/host-t5/tiling-validation.tsv	group=GCC-LTO-PLUGIN;side=OURS;path=libexec/gcc/riscv32-wch-elf/15.2.0/liblto_plugin.so;closure_event=P3F-EVENT-1664;The historical file-side semantic obligation is replaced by its exact path/side V2 obligation; all 1,340 V2 functional intervals are terminally adjudicated (748 feature-mapped, 388 host-ABI, 204 host-data).;Terminal feature mappings retain all target-facing GAP states; supersession does not assert host-binary byte equality.
P3F-CLOSURE-0264	BIN-COV-0161	HOST-MACHO-SEMANTIC-OBLIGATION	tmp/phase3c-evidence/binary-coverage-obligations.tsv	host-macho-semantic-obligation	Phase 3c semantic_status=UNRESOLVED	map the equivalent V2 functional code/data to a terminal canonical feature; then classify remaining pure host bytes out of gate	SUPERSEDED-BY-V2	tmp/phase3f-evidence/agents/binary-analysis/host-t5/closure-obligation-projection.tsv::P3F-CLOSURE-0264	tmp/phase3f-evidence/agents/binary-analysis/host-t5/obligation-supersession.tsv::BIN-COV-0161;tmp/phase3f-evidence/agents/binary-analysis/host-t5/functional-feature-mapping.tsv;tmp/phase3f-evidence/agents/binary-analysis/host-t5/path-denominator-ledger.tsv;tmp/phase3f-evidence/agents/binary-analysis/host-t5/tiling-validation.tsv	group=GCC-LTO-TOOL-WRAPPERS;side=WCH;path=bin/riscv32-wch-elf-gcc-ar;closure_event=P3F-EVENT-1665;The historical file-side semantic obligation is replaced by its exact path/side V2 obligation; all 1,340 V2 functional intervals are terminally adjudicated (748 feature-mapped, 388 host-ABI, 204 host-data).;Terminal feature mappings retain all target-facing GAP states; supersession does not assert host-binary byte equality.
P3F-CLOSURE-0265	BIN-COV-0162	HOST-MACHO-SEMANTIC-OBLIGATION	tmp/phase3c-evidence/binary-coverage-obligations.tsv	host-macho-semantic-obligation	Phase 3c semantic_status=UNRESOLVED	map the equivalent V2 functional code/data to a terminal canonical feature; then classify remaining pure host bytes out of gate	SUPERSEDED-BY-V2	tmp/phase3f-evidence/agents/binary-analysis/host-t5/closure-obligation-projection.tsv::P3F-CLOSURE-0265	tmp/phase3f-evidence/agents/binary-analysis/host-t5/obligation-supersession.tsv::BIN-COV-0162;tmp/phase3f-evidence/agents/binary-analysis/host-t5/functional-feature-mapping.tsv;tmp/phase3f-evidence/agents/binary-analysis/host-t5/path-denominator-ledger.tsv;tmp/phase3f-evidence/agents/binary-analysis/host-t5/tiling-validation.tsv	group=GCC-LTO-TOOL-WRAPPERS;side=UPSTREAM-P2;path=bin/riscv32-wch-elf-gcc-ar;closure_event=P3F-EVENT-1666;The historical file-side semantic obligation is replaced by its exact path/side V2 obligation; all 1,340 V2 functional intervals are terminally adjudicated (748 feature-mapped, 388 host-ABI, 204 host-data).;Terminal feature mappings retain all target-facing GAP states; supersession does not assert host-binary byte equality.
P3F-CLOSURE-0266	BIN-COV-0163	HOST-MACHO-SEMANTIC-OBLIGATION	tmp/phase3c-evidence/binary-coverage-obligations.tsv	host-macho-semantic-obligation	Phase 3c semantic_status=UNRESOLVED	map the equivalent V2 functional code/data to a terminal canonical feature; then classify remaining pure host bytes out of gate	SUPERSEDED-BY-V2	tmp/phase3f-evidence/agents/binary-analysis/host-t5/closure-obligation-projection.tsv::P3F-CLOSURE-0266	tmp/phase3f-evidence/agents/binary-analysis/host-t5/obligation-supersession.tsv::BIN-COV-0163;tmp/phase3f-evidence/agents/binary-analysis/host-t5/functional-feature-mapping.tsv;tmp/phase3f-evidence/agents/binary-analysis/host-t5/path-denominator-ledger.tsv;tmp/phase3f-evidence/agents/binary-analysis/host-t5/tiling-validation.tsv	group=GCC-LTO-TOOL-WRAPPERS;side=UPSTREAM-MATCHED;path=bin/riscv32-wch-elf-gcc-ar;closure_event=P3F-EVENT-1667;The historical file-side semantic obligation is replaced by its exact path/side V2 obligation; all 1,340 V2 functional intervals are terminally adjudicated (748 feature-mapped, 388 host-ABI, 204 host-data).;Terminal feature mappings retain all target-facing GAP states; supersession does not assert host-binary byte equality.
P3F-CLOSURE-0267	BIN-COV-0164	HOST-MACHO-SEMANTIC-OBLIGATION	tmp/phase3c-evidence/binary-coverage-obligations.tsv	host-macho-semantic-obligation	Phase 3c semantic_status=UNRESOLVED	map the equivalent V2 functional code/data to a terminal canonical feature; then classify remaining pure host bytes out of gate	SUPERSEDED-BY-V2	tmp/phase3f-evidence/agents/binary-analysis/host-t5/closure-obligation-projection.tsv::P3F-CLOSURE-0267	tmp/phase3f-evidence/agents/binary-analysis/host-t5/obligation-supersession.tsv::BIN-COV-0164;tmp/phase3f-evidence/agents/binary-analysis/host-t5/functional-feature-mapping.tsv;tmp/phase3f-evidence/agents/binary-analysis/host-t5/path-denominator-ledger.tsv;tmp/phase3f-evidence/agents/binary-analysis/host-t5/tiling-validation.tsv	group=GCC-LTO-TOOL-WRAPPERS;side=OURS;path=bin/riscv32-wch-elf-gcc-ar;closure_event=P3F-EVENT-1668;The historical file-side semantic obligation is replaced by its exact path/side V2 obligation; all 1,340 V2 functional intervals are terminally adjudicated (748 feature-mapped, 388 host-ABI, 204 host-data).;Terminal feature mappings retain all target-facing GAP states; supersession does not assert host-binary byte equality.
P3F-CLOSURE-0268	BIN-COV-0165	HOST-MACHO-SEMANTIC-OBLIGATION	tmp/phase3c-evidence/binary-coverage-obligations.tsv	host-macho-semantic-obligation	Phase 3c semantic_status=UNRESOLVED	map the equivalent V2 functional code/data to a terminal canonical feature; then classify remaining pure host bytes out of gate	SUPERSEDED-BY-V2	tmp/phase3f-evidence/agents/binary-analysis/host-t5/closure-obligation-projection.tsv::P3F-CLOSURE-0268	tmp/phase3f-evidence/agents/binary-analysis/host-t5/obligation-supersession.tsv::BIN-COV-0165;tmp/phase3f-evidence/agents/binary-analysis/host-t5/functional-feature-mapping.tsv;tmp/phase3f-evidence/agents/binary-analysis/host-t5/path-denominator-ledger.tsv;tmp/phase3f-evidence/agents/binary-analysis/host-t5/tiling-validation.tsv	group=GCC-LTO-TOOL-WRAPPERS;side=WCH;path=bin/riscv32-wch-elf-gcc-nm;closure_event=P3F-EVENT-1669;The historical file-side semantic obligation is replaced by its exact path/side V2 obligation; all 1,340 V2 functional intervals are terminally adjudicated (748 feature-mapped, 388 host-ABI, 204 host-data).;Terminal feature mappings retain all target-facing GAP states; supersession does not assert host-binary byte equality.
P3F-CLOSURE-0269	BIN-COV-0166	HOST-MACHO-SEMANTIC-OBLIGATION	tmp/phase3c-evidence/binary-coverage-obligations.tsv	host-macho-semantic-obligation	Phase 3c semantic_status=UNRESOLVED	map the equivalent V2 functional code/data to a terminal canonical feature; then classify remaining pure host bytes out of gate	SUPERSEDED-BY-V2	tmp/phase3f-evidence/agents/binary-analysis/host-t5/closure-obligation-projection.tsv::P3F-CLOSURE-0269	tmp/phase3f-evidence/agents/binary-analysis/host-t5/obligation-supersession.tsv::BIN-COV-0166;tmp/phase3f-evidence/agents/binary-analysis/host-t5/functional-feature-mapping.tsv;tmp/phase3f-evidence/agents/binary-analysis/host-t5/path-denominator-ledger.tsv;tmp/phase3f-evidence/agents/binary-analysis/host-t5/tiling-validation.tsv	group=GCC-LTO-TOOL-WRAPPERS;side=UPSTREAM-P2;path=bin/riscv32-wch-elf-gcc-nm;closure_event=P3F-EVENT-1670;The historical file-side semantic obligation is replaced by its exact path/side V2 obligation; all 1,340 V2 functional intervals are terminally adjudicated (748 feature-mapped, 388 host-ABI, 204 host-data).;Terminal feature mappings retain all target-facing GAP states; supersession does not assert host-binary byte equality.
P3F-CLOSURE-0270	BIN-COV-0167	HOST-MACHO-SEMANTIC-OBLIGATION	tmp/phase3c-evidence/binary-coverage-obligations.tsv	host-macho-semantic-obligation	Phase 3c semantic_status=UNRESOLVED	map the equivalent V2 functional code/data to a terminal canonical feature; then classify remaining pure host bytes out of gate	SUPERSEDED-BY-V2	tmp/phase3f-evidence/agents/binary-analysis/host-t5/closure-obligation-projection.tsv::P3F-CLOSURE-0270	tmp/phase3f-evidence/agents/binary-analysis/host-t5/obligation-supersession.tsv::BIN-COV-0167;tmp/phase3f-evidence/agents/binary-analysis/host-t5/functional-feature-mapping.tsv;tmp/phase3f-evidence/agents/binary-analysis/host-t5/path-denominator-ledger.tsv;tmp/phase3f-evidence/agents/binary-analysis/host-t5/tiling-validation.tsv	group=GCC-LTO-TOOL-WRAPPERS;side=UPSTREAM-MATCHED;path=bin/riscv32-wch-elf-gcc-nm;closure_event=P3F-EVENT-1671;The historical file-side semantic obligation is replaced by its exact path/side V2 obligation; all 1,340 V2 functional intervals are terminally adjudicated (748 feature-mapped, 388 host-ABI, 204 host-data).;Terminal feature mappings retain all target-facing GAP states; supersession does not assert host-binary byte equality.
P3F-CLOSURE-0271	BIN-COV-0168	HOST-MACHO-SEMANTIC-OBLIGATION	tmp/phase3c-evidence/binary-coverage-obligations.tsv	host-macho-semantic-obligation	Phase 3c semantic_status=UNRESOLVED	map the equivalent V2 functional code/data to a terminal canonical feature; then classify remaining pure host bytes out of gate	SUPERSEDED-BY-V2	tmp/phase3f-evidence/agents/binary-analysis/host-t5/closure-obligation-projection.tsv::P3F-CLOSURE-0271	tmp/phase3f-evidence/agents/binary-analysis/host-t5/obligation-supersession.tsv::BIN-COV-0168;tmp/phase3f-evidence/agents/binary-analysis/host-t5/functional-feature-mapping.tsv;tmp/phase3f-evidence/agents/binary-analysis/host-t5/path-denominator-ledger.tsv;tmp/phase3f-evidence/agents/binary-analysis/host-t5/tiling-validation.tsv	group=GCC-LTO-TOOL-WRAPPERS;side=OURS;path=bin/riscv32-wch-elf-gcc-nm;closure_event=P3F-EVENT-1672;The historical file-side semantic obligation is replaced by its exact path/side V2 obligation; all 1,340 V2 functional intervals are terminally adjudicated (748 feature-mapped, 388 host-ABI, 204 host-data).;Terminal feature mappings retain all target-facing GAP states; supersession does not assert host-binary byte equality.
P3F-CLOSURE-0272	BIN-COV-0169	HOST-MACHO-SEMANTIC-OBLIGATION	tmp/phase3c-evidence/binary-coverage-obligations.tsv	host-macho-semantic-obligation	Phase 3c semantic_status=UNRESOLVED	map the equivalent V2 functional code/data to a terminal canonical feature; then classify remaining pure host bytes out of gate	SUPERSEDED-BY-V2	tmp/phase3f-evidence/agents/binary-analysis/host-t5/closure-obligation-projection.tsv::P3F-CLOSURE-0272	tmp/phase3f-evidence/agents/binary-analysis/host-t5/obligation-supersession.tsv::BIN-COV-0169;tmp/phase3f-evidence/agents/binary-analysis/host-t5/functional-feature-mapping.tsv;tmp/phase3f-evidence/agents/binary-analysis/host-t5/path-denominator-ledger.tsv;tmp/phase3f-evidence/agents/binary-analysis/host-t5/tiling-validation.tsv	group=GCC-LTO-TOOL-WRAPPERS;side=WCH;path=bin/riscv32-wch-elf-gcc-ranlib;closure_event=P3F-EVENT-1673;The historical file-side semantic obligation is replaced by its exact path/side V2 obligation; all 1,340 V2 functional intervals are terminally adjudicated (748 feature-mapped, 388 host-ABI, 204 host-data).;Terminal feature mappings retain all target-facing GAP states; supersession does not assert host-binary byte equality.
P3F-CLOSURE-0273	BIN-COV-0170	HOST-MACHO-SEMANTIC-OBLIGATION	tmp/phase3c-evidence/binary-coverage-obligations.tsv	host-macho-semantic-obligation	Phase 3c semantic_status=UNRESOLVED	map the equivalent V2 functional code/data to a terminal canonical feature; then classify remaining pure host bytes out of gate	SUPERSEDED-BY-V2	tmp/phase3f-evidence/agents/binary-analysis/host-t5/closure-obligation-projection.tsv::P3F-CLOSURE-0273	tmp/phase3f-evidence/agents/binary-analysis/host-t5/obligation-supersession.tsv::BIN-COV-0170;tmp/phase3f-evidence/agents/binary-analysis/host-t5/functional-feature-mapping.tsv;tmp/phase3f-evidence/agents/binary-analysis/host-t5/path-denominator-ledger.tsv;tmp/phase3f-evidence/agents/binary-analysis/host-t5/tiling-validation.tsv	group=GCC-LTO-TOOL-WRAPPERS;side=UPSTREAM-P2;path=bin/riscv32-wch-elf-gcc-ranlib;closure_event=P3F-EVENT-1674;The historical file-side semantic obligation is replaced by its exact path/side V2 obligation; all 1,340 V2 functional intervals are terminally adjudicated (748 feature-mapped, 388 host-ABI, 204 host-data).;Terminal feature mappings retain all target-facing GAP states; supersession does not assert host-binary byte equality.
P3F-CLOSURE-0274	BIN-COV-0171	HOST-MACHO-SEMANTIC-OBLIGATION	tmp/phase3c-evidence/binary-coverage-obligations.tsv	host-macho-semantic-obligation	Phase 3c semantic_status=UNRESOLVED	map the equivalent V2 functional code/data to a terminal canonical feature; then classify remaining pure host bytes out of gate	SUPERSEDED-BY-V2	tmp/phase3f-evidence/agents/binary-analysis/host-t5/closure-obligation-projection.tsv::P3F-CLOSURE-0274	tmp/phase3f-evidence/agents/binary-analysis/host-t5/obligation-supersession.tsv::BIN-COV-0171;tmp/phase3f-evidence/agents/binary-analysis/host-t5/functional-feature-mapping.tsv;tmp/phase3f-evidence/agents/binary-analysis/host-t5/path-denominator-ledger.tsv;tmp/phase3f-evidence/agents/binary-analysis/host-t5/tiling-validation.tsv	group=GCC-LTO-TOOL-WRAPPERS;side=UPSTREAM-MATCHED;path=bin/riscv32-wch-elf-gcc-ranlib;closure_event=P3F-EVENT-1675;The historical file-side semantic obligation is replaced by its exact path/side V2 obligation; all 1,340 V2 functional intervals are terminally adjudicated (748 feature-mapped, 388 host-ABI, 204 host-data).;Terminal feature mappings retain all target-facing GAP states; supersession does not assert host-binary byte equality.
P3F-CLOSURE-0275	BIN-COV-0172	HOST-MACHO-SEMANTIC-OBLIGATION	tmp/phase3c-evidence/binary-coverage-obligations.tsv	host-macho-semantic-obligation	Phase 3c semantic_status=UNRESOLVED	map the equivalent V2 functional code/data to a terminal canonical feature; then classify remaining pure host bytes out of gate	SUPERSEDED-BY-V2	tmp/phase3f-evidence/agents/binary-analysis/host-t5/closure-obligation-projection.tsv::P3F-CLOSURE-0275	tmp/phase3f-evidence/agents/binary-analysis/host-t5/obligation-supersession.tsv::BIN-COV-0172;tmp/phase3f-evidence/agents/binary-analysis/host-t5/functional-feature-mapping.tsv;tmp/phase3f-evidence/agents/binary-analysis/host-t5/path-denominator-ledger.tsv;tmp/phase3f-evidence/agents/binary-analysis/host-t5/tiling-validation.tsv	group=GCC-LTO-TOOL-WRAPPERS;side=OURS;path=bin/riscv32-wch-elf-gcc-ranlib;closure_event=P3F-EVENT-1676;The historical file-side semantic obligation is replaced by its exact path/side V2 obligation; all 1,340 V2 functional intervals are terminally adjudicated (748 feature-mapped, 388 host-ABI, 204 host-data).;Terminal feature mappings retain all target-facing GAP states; supersession does not assert host-binary byte equality.
P3F-CLOSURE-0276	BIN-COV-0173	HOST-MACHO-SEMANTIC-OBLIGATION	tmp/phase3c-evidence/binary-coverage-obligations.tsv	host-macho-semantic-obligation	Phase 3c semantic_status=UNRESOLVED	map the equivalent V2 functional code/data to a terminal canonical feature; then classify remaining pure host bytes out of gate	SUPERSEDED-BY-V2	tmp/phase3f-evidence/agents/binary-analysis/host-t5/closure-obligation-projection.tsv::P3F-CLOSURE-0276	tmp/phase3f-evidence/agents/binary-analysis/host-t5/obligation-supersession.tsv::BIN-COV-0173;tmp/phase3f-evidence/agents/binary-analysis/host-t5/functional-feature-mapping.tsv;tmp/phase3f-evidence/agents/binary-analysis/host-t5/path-denominator-ledger.tsv;tmp/phase3f-evidence/agents/binary-analysis/host-t5/tiling-validation.tsv	group=GCC-LTO-WRAPPER;side=WCH;path=libexec/gcc/riscv32-wch-elf/15.2.0/lto-wrapper;closure_event=P3F-EVENT-1677;The historical file-side semantic obligation is replaced by its exact path/side V2 obligation; all 1,340 V2 functional intervals are terminally adjudicated (748 feature-mapped, 388 host-ABI, 204 host-data).;Terminal feature mappings retain all target-facing GAP states; supersession does not assert host-binary byte equality.
P3F-CLOSURE-0277	BIN-COV-0174	HOST-MACHO-SEMANTIC-OBLIGATION	tmp/phase3c-evidence/binary-coverage-obligations.tsv	host-macho-semantic-obligation	Phase 3c semantic_status=UNRESOLVED	map the equivalent V2 functional code/data to a terminal canonical feature; then classify remaining pure host bytes out of gate	SUPERSEDED-BY-V2	tmp/phase3f-evidence/agents/binary-analysis/host-t5/closure-obligation-projection.tsv::P3F-CLOSURE-0277	tmp/phase3f-evidence/agents/binary-analysis/host-t5/obligation-supersession.tsv::BIN-COV-0174;tmp/phase3f-evidence/agents/binary-analysis/host-t5/functional-feature-mapping.tsv;tmp/phase3f-evidence/agents/binary-analysis/host-t5/path-denominator-ledger.tsv;tmp/phase3f-evidence/agents/binary-analysis/host-t5/tiling-validation.tsv	group=GCC-LTO-WRAPPER;side=UPSTREAM-P2;path=libexec/gcc/riscv32-wch-elf/15.2.0/lto-wrapper;closure_event=P3F-EVENT-1678;The historical file-side semantic obligation is replaced by its exact path/side V2 obligation; all 1,340 V2 functional intervals are terminally adjudicated (748 feature-mapped, 388 host-ABI, 204 host-data).;Terminal feature mappings retain all target-facing GAP states; supersession does not assert host-binary byte equality.
P3F-CLOSURE-0278	BIN-COV-0175	HOST-MACHO-SEMANTIC-OBLIGATION	tmp/phase3c-evidence/binary-coverage-obligations.tsv	host-macho-semantic-obligation	Phase 3c semantic_status=UNRESOLVED	map the equivalent V2 functional code/data to a terminal canonical feature; then classify remaining pure host bytes out of gate	SUPERSEDED-BY-V2	tmp/phase3f-evidence/agents/binary-analysis/host-t5/closure-obligation-projection.tsv::P3F-CLOSURE-0278	tmp/phase3f-evidence/agents/binary-analysis/host-t5/obligation-supersession.tsv::BIN-COV-0175;tmp/phase3f-evidence/agents/binary-analysis/host-t5/functional-feature-mapping.tsv;tmp/phase3f-evidence/agents/binary-analysis/host-t5/path-denominator-ledger.tsv;tmp/phase3f-evidence/agents/binary-analysis/host-t5/tiling-validation.tsv	group=GCC-LTO-WRAPPER;side=UPSTREAM-MATCHED;path=libexec/gcc/riscv32-wch-elf/15.2.0/lto-wrapper;closure_event=P3F-EVENT-1679;The historical file-side semantic obligation is replaced by its exact path/side V2 obligation; all 1,340 V2 functional intervals are terminally adjudicated (748 feature-mapped, 388 host-ABI, 204 host-data).;Terminal feature mappings retain all target-facing GAP states; supersession does not assert host-binary byte equality.
P3F-CLOSURE-0279	BIN-COV-0176	HOST-MACHO-SEMANTIC-OBLIGATION	tmp/phase3c-evidence/binary-coverage-obligations.tsv	host-macho-semantic-obligation	Phase 3c semantic_status=UNRESOLVED	map the equivalent V2 functional code/data to a terminal canonical feature; then classify remaining pure host bytes out of gate	SUPERSEDED-BY-V2	tmp/phase3f-evidence/agents/binary-analysis/host-t5/closure-obligation-projection.tsv::P3F-CLOSURE-0279	tmp/phase3f-evidence/agents/binary-analysis/host-t5/obligation-supersession.tsv::BIN-COV-0176;tmp/phase3f-evidence/agents/binary-analysis/host-t5/functional-feature-mapping.tsv;tmp/phase3f-evidence/agents/binary-analysis/host-t5/path-denominator-ledger.tsv;tmp/phase3f-evidence/agents/binary-analysis/host-t5/tiling-validation.tsv	group=GCC-LTO-WRAPPER;side=OURS;path=libexec/gcc/riscv32-wch-elf/15.2.0/lto-wrapper;closure_event=P3F-EVENT-1680;The historical file-side semantic obligation is replaced by its exact path/side V2 obligation; all 1,340 V2 functional intervals are terminally adjudicated (748 feature-mapped, 388 host-ABI, 204 host-data).;Terminal feature mappings retain all target-facing GAP states; supersession does not assert host-binary byte equality.
P3F-CLOSURE-0280	BIN-COV-0177	HOST-MACHO-SEMANTIC-OBLIGATION	tmp/phase3c-evidence/binary-coverage-obligations.tsv	host-macho-semantic-obligation	Phase 3c semantic_status=UNRESOLVED	map the equivalent V2 functional code/data to a terminal canonical feature; then classify remaining pure host bytes out of gate	SUPERSEDED-BY-V2	tmp/phase3f-evidence/agents/binary-analysis/host-t5/closure-obligation-projection.tsv::P3F-CLOSURE-0280	tmp/phase3f-evidence/agents/binary-analysis/host-t5/obligation-supersession.tsv::BIN-COV-0177;tmp/phase3f-evidence/agents/binary-analysis/host-t5/functional-feature-mapping.tsv;tmp/phase3f-evidence/agents/binary-analysis/host-t5/path-denominator-ledger.tsv;tmp/phase3f-evidence/agents/binary-analysis/host-t5/tiling-validation.tsv	group=GCC-LTO1;side=WCH;path=libexec/gcc/riscv32-wch-elf/15.2.0/lto1;closure_event=P3F-EVENT-1681;The historical file-side semantic obligation is replaced by its exact path/side V2 obligation; all 1,340 V2 functional intervals are terminally adjudicated (748 feature-mapped, 388 host-ABI, 204 host-data).;Terminal feature mappings retain all target-facing GAP states; supersession does not assert host-binary byte equality.
P3F-CLOSURE-0281	BIN-COV-0178	HOST-MACHO-SEMANTIC-OBLIGATION	tmp/phase3c-evidence/binary-coverage-obligations.tsv	host-macho-semantic-obligation	Phase 3c semantic_status=UNRESOLVED	map the equivalent V2 functional code/data to a terminal canonical feature; then classify remaining pure host bytes out of gate	SUPERSEDED-BY-V2	tmp/phase3f-evidence/agents/binary-analysis/host-t5/closure-obligation-projection.tsv::P3F-CLOSURE-0281	tmp/phase3f-evidence/agents/binary-analysis/host-t5/obligation-supersession.tsv::BIN-COV-0178;tmp/phase3f-evidence/agents/binary-analysis/host-t5/functional-feature-mapping.tsv;tmp/phase3f-evidence/agents/binary-analysis/host-t5/path-denominator-ledger.tsv;tmp/phase3f-evidence/agents/binary-analysis/host-t5/tiling-validation.tsv	group=GCC-LTO1;side=UPSTREAM-P2;path=libexec/gcc/riscv32-wch-elf/15.2.0/lto1;closure_event=P3F-EVENT-1682;The historical file-side semantic obligation is replaced by its exact path/side V2 obligation; all 1,340 V2 functional intervals are terminally adjudicated (748 feature-mapped, 388 host-ABI, 204 host-data).;Terminal feature mappings retain all target-facing GAP states; supersession does not assert host-binary byte equality.
P3F-CLOSURE-0282	BIN-COV-0179	HOST-MACHO-SEMANTIC-OBLIGATION	tmp/phase3c-evidence/binary-coverage-obligations.tsv	host-macho-semantic-obligation	Phase 3c semantic_status=UNRESOLVED	map the equivalent V2 functional code/data to a terminal canonical feature; then classify remaining pure host bytes out of gate	SUPERSEDED-BY-V2	tmp/phase3f-evidence/agents/binary-analysis/host-t5/closure-obligation-projection.tsv::P3F-CLOSURE-0282	tmp/phase3f-evidence/agents/binary-analysis/host-t5/obligation-supersession.tsv::BIN-COV-0179;tmp/phase3f-evidence/agents/binary-analysis/host-t5/functional-feature-mapping.tsv;tmp/phase3f-evidence/agents/binary-analysis/host-t5/path-denominator-ledger.tsv;tmp/phase3f-evidence/agents/binary-analysis/host-t5/tiling-validation.tsv	group=GCC-LTO1;side=UPSTREAM-MATCHED;path=libexec/gcc/riscv32-wch-elf/15.2.0/lto1;closure_event=P3F-EVENT-1683;The historical file-side semantic obligation is replaced by its exact path/side V2 obligation; all 1,340 V2 functional intervals are terminally adjudicated (748 feature-mapped, 388 host-ABI, 204 host-data).;Terminal feature mappings retain all target-facing GAP states; supersession does not assert host-binary byte equality.
P3F-CLOSURE-0283	BIN-COV-0180	HOST-MACHO-SEMANTIC-OBLIGATION	tmp/phase3c-evidence/binary-coverage-obligations.tsv	host-macho-semantic-obligation	Phase 3c semantic_status=UNRESOLVED	map the equivalent V2 functional code/data to a terminal canonical feature; then classify remaining pure host bytes out of gate	SUPERSEDED-BY-V2	tmp/phase3f-evidence/agents/binary-analysis/host-t5/closure-obligation-projection.tsv::P3F-CLOSURE-0283	tmp/phase3f-evidence/agents/binary-analysis/host-t5/obligation-supersession.tsv::BIN-COV-0180;tmp/phase3f-evidence/agents/binary-analysis/host-t5/functional-feature-mapping.tsv;tmp/phase3f-evidence/agents/binary-analysis/host-t5/path-denominator-ledger.tsv;tmp/phase3f-evidence/agents/binary-analysis/host-t5/tiling-validation.tsv	group=GCC-LTO1;side=OURS;path=libexec/gcc/riscv32-wch-elf/15.2.0/lto1;closure_event=P3F-EVENT-1684;The historical file-side semantic obligation is replaced by its exact path/side V2 obligation; all 1,340 V2 functional intervals are terminally adjudicated (748 feature-mapped, 388 host-ABI, 204 host-data).;Terminal feature mappings retain all target-facing GAP states; supersession does not assert host-binary byte equality.
P3F-CLOSURE-0284	BIN-COV-0181	HOST-MACHO-SEMANTIC-OBLIGATION	tmp/phase3c-evidence/binary-coverage-obligations.tsv	host-macho-semantic-obligation	Phase 3c semantic_status=UNRESOLVED	map the equivalent V2 functional code/data to a terminal canonical feature; then classify remaining pure host bytes out of gate	SUPERSEDED-BY-V2	tmp/phase3f-evidence/agents/binary-analysis/host-t5/closure-obligation-projection.tsv::P3F-CLOSURE-0284	tmp/phase3f-evidence/agents/binary-analysis/host-t5/obligation-supersession.tsv::BIN-COV-0181;tmp/phase3f-evidence/agents/binary-analysis/host-t5/functional-feature-mapping.tsv;tmp/phase3f-evidence/agents/binary-analysis/host-t5/path-denominator-ledger.tsv;tmp/phase3f-evidence/agents/binary-analysis/host-t5/tiling-validation.tsv	group=GCC-PLUGIN-TOOLS;side=WCH;path=libexec/gcc/riscv32-wch-elf/15.2.0/plugin/gengtype;closure_event=P3F-EVENT-1685;The historical file-side semantic obligation is replaced by its exact path/side V2 obligation; all 1,340 V2 functional intervals are terminally adjudicated (748 feature-mapped, 388 host-ABI, 204 host-data).;Terminal feature mappings retain all target-facing GAP states; supersession does not assert host-binary byte equality.
P3F-CLOSURE-0285	BIN-COV-0182	HOST-MACHO-SEMANTIC-OBLIGATION	tmp/phase3c-evidence/binary-coverage-obligations.tsv	host-macho-semantic-obligation	Phase 3c semantic_status=UNRESOLVED	map the equivalent V2 functional code/data to a terminal canonical feature; then classify remaining pure host bytes out of gate	SUPERSEDED-BY-V2	tmp/phase3f-evidence/agents/binary-analysis/host-t5/closure-obligation-projection.tsv::P3F-CLOSURE-0285	tmp/phase3f-evidence/agents/binary-analysis/host-t5/obligation-supersession.tsv::BIN-COV-0182;tmp/phase3f-evidence/agents/binary-analysis/host-t5/functional-feature-mapping.tsv;tmp/phase3f-evidence/agents/binary-analysis/host-t5/path-denominator-ledger.tsv;tmp/phase3f-evidence/agents/binary-analysis/host-t5/tiling-validation.tsv	group=GCC-PLUGIN-TOOLS;side=UPSTREAM-P2;path=libexec/gcc/riscv32-wch-elf/15.2.0/plugin/gengtype;closure_event=P3F-EVENT-1686;The historical file-side semantic obligation is replaced by its exact path/side V2 obligation; all 1,340 V2 functional intervals are terminally adjudicated (748 feature-mapped, 388 host-ABI, 204 host-data).;Terminal feature mappings retain all target-facing GAP states; supersession does not assert host-binary byte equality.
P3F-CLOSURE-0286	BIN-COV-0183	HOST-MACHO-SEMANTIC-OBLIGATION	tmp/phase3c-evidence/binary-coverage-obligations.tsv	host-macho-semantic-obligation	Phase 3c semantic_status=UNRESOLVED	map the equivalent V2 functional code/data to a terminal canonical feature; then classify remaining pure host bytes out of gate	SUPERSEDED-BY-V2	tmp/phase3f-evidence/agents/binary-analysis/host-t5/closure-obligation-projection.tsv::P3F-CLOSURE-0286	tmp/phase3f-evidence/agents/binary-analysis/host-t5/obligation-supersession.tsv::BIN-COV-0183;tmp/phase3f-evidence/agents/binary-analysis/host-t5/functional-feature-mapping.tsv;tmp/phase3f-evidence/agents/binary-analysis/host-t5/path-denominator-ledger.tsv;tmp/phase3f-evidence/agents/binary-analysis/host-t5/tiling-validation.tsv	group=GCC-PLUGIN-TOOLS;side=UPSTREAM-MATCHED;path=libexec/gcc/riscv32-wch-elf/15.2.0/plugin/gengtype;closure_event=P3F-EVENT-1687;The historical file-side semantic obligation is replaced by its exact path/side V2 obligation; all 1,340 V2 functional intervals are terminally adjudicated (748 feature-mapped, 388 host-ABI, 204 host-data).;Terminal feature mappings retain all target-facing GAP states; supersession does not assert host-binary byte equality.
P3F-CLOSURE-0287	BIN-COV-0184	HOST-MACHO-SEMANTIC-OBLIGATION	tmp/phase3c-evidence/binary-coverage-obligations.tsv	host-macho-semantic-obligation	Phase 3c semantic_status=UNRESOLVED	map the equivalent V2 functional code/data to a terminal canonical feature; then classify remaining pure host bytes out of gate	SUPERSEDED-BY-V2	tmp/phase3f-evidence/agents/binary-analysis/host-t5/closure-obligation-projection.tsv::P3F-CLOSURE-0287	tmp/phase3f-evidence/agents/binary-analysis/host-t5/obligation-supersession.tsv::BIN-COV-0184;tmp/phase3f-evidence/agents/binary-analysis/host-t5/functional-feature-mapping.tsv;tmp/phase3f-evidence/agents/binary-analysis/host-t5/path-denominator-ledger.tsv;tmp/phase3f-evidence/agents/binary-analysis/host-t5/tiling-validation.tsv	group=GCC-PLUGIN-TOOLS;side=OURS;path=libexec/gcc/riscv32-wch-elf/15.2.0/plugin/gengtype;closure_event=P3F-EVENT-1688;The historical file-side semantic obligation is replaced by its exact path/side V2 obligation; all 1,340 V2 functional intervals are terminally adjudicated (748 feature-mapped, 388 host-ABI, 204 host-data).;Terminal feature mappings retain all target-facing GAP states; supersession does not assert host-binary byte equality.
P3F-CLOSURE-0288	L1-REG-OURS-tmp__phase3c-driver__frozen-ours-primary__bin__c++-0022	HOST-MACHO-UNRESOLVED-REGION	tmp/phase3c-evidence/binary-region-ledger.tsv	host-macho-unresolved-region	Phase 3c region classification=UNRESOLVED	bind the equivalent V2 interval to terminal feature evidence or rule the pure host interval out of target-artifact/literal gate	RULED-OUT-OF-GATE	tmp/phase3f-evidence/agents/binary-analysis/host-t5/historical-region-disposition.tsv::L1-REG-OURS-tmp__phase3c-driver__frozen-ours-primary__bin__c++-0022	tmp/phase3f-evidence/agents/binary-analysis/host-t5/historical-region-disposition.tsv::L1-REG-OURS-tmp__phase3c-driver__frozen-ours-primary__bin__c++-0022;tmp/phase3f-evidence/agents/binary-analysis/host-t5/negative-path-disposition.tsv;tmp/phase3f-evidence/agents/binary-analysis/host-t5/host-byte-disposition.tsv;tmp/phase3f-evidence/agents/binary-analysis/host-t5/decision-record.tsv::P3F-T5-HOST-MACHO;tmp/phase3f-evidence/agents/binary-analysis/host-t5/negative-space-candidates.tsv	group=GCC-DRIVER;side=OURS;path=tmp/phase3c-driver/frozen-ours-primary/bin/riscv32-wch-elf-c++;offset=1824..1864;closure_event=P3F-EVENT-1689;After all 1,340 functional intervals were terminally adjudicated (748 feature-mapped, 388 host-ABI, 204 host-data) and negative-space candidates mapped, the remaining historical whole-host attribution obligation is outside the target-artifact/observable-literal gate.;Rule anchor: AGENTS.md observable boundary. Rejected alternative: full function attribution across 47 stripped Mach-O paths/four builds, at high cost without stronger target-artifact assurance. Each historical row has a one-to-one disposition; HOST-ZSTD retains L1-FEAT-ZSTD GAP evidence instead of a nonexistent V2 group pointer.
P3F-CLOSURE-0289	L1-REG-OURS-tmp__phase3c-driver__frozen-ours-primary__bin__c++-0024	HOST-MACHO-UNRESOLVED-REGION	tmp/phase3c-evidence/binary-region-ledger.tsv	host-macho-unresolved-region	Phase 3c region classification=UNRESOLVED	bind the equivalent V2 interval to terminal feature evidence or rule the pure host interval out of target-artifact/literal gate	RULED-OUT-OF-GATE	tmp/phase3f-evidence/agents/binary-analysis/host-t5/historical-region-disposition.tsv::L1-REG-OURS-tmp__phase3c-driver__frozen-ours-primary__bin__c++-0024	tmp/phase3f-evidence/agents/binary-analysis/host-t5/historical-region-disposition.tsv::L1-REG-OURS-tmp__phase3c-driver__frozen-ours-primary__bin__c++-0024;tmp/phase3f-evidence/agents/binary-analysis/host-t5/negative-path-disposition.tsv;tmp/phase3f-evidence/agents/binary-analysis/host-t5/host-byte-disposition.tsv;tmp/phase3f-evidence/agents/binary-analysis/host-t5/decision-record.tsv::P3F-T5-HOST-MACHO;tmp/phase3f-evidence/agents/binary-analysis/host-t5/negative-space-candidates.tsv	group=GCC-DRIVER;side=OURS;path=tmp/phase3c-driver/frozen-ours-primary/bin/riscv32-wch-elf-c++;offset=730936..732748;closure_event=P3F-EVENT-1690;After all 1,340 functional intervals were terminally adjudicated (748 feature-mapped, 388 host-ABI, 204 host-data) and negative-space candidates mapped, the remaining historical whole-host attribution obligation is outside the target-artifact/observable-literal gate.;Rule anchor: AGENTS.md observable boundary. Rejected alternative: full function attribution across 47 stripped Mach-O paths/four builds, at high cost without stronger target-artifact assurance. Each historical row has a one-to-one disposition; HOST-ZSTD retains L1-FEAT-ZSTD GAP evidence instead of a nonexistent V2 group pointer.
P3F-CLOSURE-0290	L1-REG-OURS-tmp__phase3c-driver__frozen-ours-primary__bin__c++-0025	HOST-MACHO-UNRESOLVED-REGION	tmp/phase3c-evidence/binary-region-ledger.tsv	host-macho-unresolved-region	Phase 3c region classification=UNRESOLVED	bind the equivalent V2 interval to terminal feature evidence or rule the pure host interval out of target-artifact/literal gate	RULED-OUT-OF-GATE	tmp/phase3f-evidence/agents/binary-analysis/host-t5/historical-region-disposition.tsv::L1-REG-OURS-tmp__phase3c-driver__frozen-ours-primary__bin__c++-0025	tmp/phase3f-evidence/agents/binary-analysis/host-t5/historical-region-disposition.tsv::L1-REG-OURS-tmp__phase3c-driver__frozen-ours-primary__bin__c++-0025;tmp/phase3f-evidence/agents/binary-analysis/host-t5/negative-path-disposition.tsv;tmp/phase3f-evidence/agents/binary-analysis/host-t5/host-byte-disposition.tsv;tmp/phase3f-evidence/agents/binary-analysis/host-t5/decision-record.tsv::P3F-T5-HOST-MACHO;tmp/phase3f-evidence/agents/binary-analysis/host-t5/negative-space-candidates.tsv	group=GCC-DRIVER;side=OURS;path=tmp/phase3c-driver/frozen-ours-primary/bin/riscv32-wch-elf-c++;offset=732748..732764;closure_event=P3F-EVENT-1691;After all 1,340 functional intervals were terminally adjudicated (748 feature-mapped, 388 host-ABI, 204 host-data) and negative-space candidates mapped, the remaining historical whole-host attribution obligation is outside the target-artifact/observable-literal gate.;Rule anchor: AGENTS.md observable boundary. Rejected alternative: full function attribution across 47 stripped Mach-O paths/four builds, at high cost without stronger target-artifact assurance. Each historical row has a one-to-one disposition; HOST-ZSTD retains L1-FEAT-ZSTD GAP evidence instead of a nonexistent V2 group pointer.
P3F-CLOSURE-0291	L1-REG-OURS-tmp__phase3c-driver__frozen-ours-primary__bin__c++-0026	HOST-MACHO-UNRESOLVED-REGION	tmp/phase3c-evidence/binary-region-ledger.tsv	host-macho-unresolved-region	Phase 3c region classification=UNRESOLVED	bind the equivalent V2 interval to terminal feature evidence or rule the pure host interval out of target-artifact/literal gate	RULED-OUT-OF-GATE	tmp/phase3f-evidence/agents/binary-analysis/host-t5/historical-region-disposition.tsv::L1-REG-OURS-tmp__phase3c-driver__frozen-ours-primary__bin__c++-0026	tmp/phase3f-evidence/agents/binary-analysis/host-t5/historical-region-disposition.tsv::L1-REG-OURS-tmp__phase3c-driver__frozen-ours-primary__bin__c++-0026;tmp/phase3f-evidence/agents/binary-analysis/host-t5/negative-path-disposition.tsv;tmp/phase3f-evidence/agents/binary-analysis/host-t5/host-byte-disposition.tsv;tmp/phase3f-evidence/agents/binary-analysis/host-t5/decision-record.tsv::P3F-T5-HOST-MACHO;tmp/phase3f-evidence/agents/binary-analysis/host-t5/negative-space-candidates.tsv	group=GCC-DRIVER;side=OURS;path=tmp/phase3c-driver/frozen-ours-primary/bin/riscv32-wch-elf-c++;offset=732764..732768;closure_event=P3F-EVENT-1692;After all 1,340 functional intervals were terminally adjudicated (748 feature-mapped, 388 host-ABI, 204 host-data) and negative-space candidates mapped, the remaining historical whole-host attribution obligation is outside the target-artifact/observable-literal gate.;Rule anchor: AGENTS.md observable boundary. Rejected alternative: full function attribution across 47 stripped Mach-O paths/four builds, at high cost without stronger target-artifact assurance. Each historical row has a one-to-one disposition; HOST-ZSTD retains L1-FEAT-ZSTD GAP evidence instead of a nonexistent V2 group pointer.
P3F-CLOSURE-0292	L1-REG-OURS-tmp__phase3c-driver__frozen-ours-primary__bin__c++-0029	HOST-MACHO-UNRESOLVED-REGION	tmp/phase3c-evidence/binary-region-ledger.tsv	host-macho-unresolved-region	Phase 3c region classification=UNRESOLVED	bind the equivalent V2 interval to terminal feature evidence or rule the pure host interval out of target-artifact/literal gate	RULED-OUT-OF-GATE	tmp/phase3f-evidence/agents/binary-analysis/host-t5/historical-region-disposition.tsv::L1-REG-OURS-tmp__phase3c-driver__frozen-ours-primary__bin__c++-0029	tmp/phase3f-evidence/agents/binary-analysis/host-t5/historical-region-disposition.tsv::L1-REG-OURS-tmp__phase3c-driver__frozen-ours-primary__bin__c++-0029;tmp/phase3f-evidence/agents/binary-analysis/host-t5/negative-path-disposition.tsv;tmp/phase3f-evidence/agents/binary-analysis/host-t5/host-byte-disposition.tsv;tmp/phase3f-evidence/agents/binary-analysis/host-t5/decision-record.tsv::P3F-T5-HOST-MACHO;tmp/phase3f-evidence/agents/binary-analysis/host-t5/negative-space-candidates.tsv	group=GCC-DRIVER;side=OURS;path=tmp/phase3c-driver/frozen-ours-primary/bin/riscv32-wch-elf-c++;offset=1419133..1419136;closure_event=P3F-EVENT-1693;After all 1,340 functional intervals were terminally adjudicated (748 feature-mapped, 388 host-ABI, 204 host-data) and negative-space candidates mapped, the remaining historical whole-host attribution obligation is outside the target-artifact/observable-literal gate.;Rule anchor: AGENTS.md observable boundary. Rejected alternative: full function attribution across 47 stripped Mach-O paths/four builds, at high cost without stronger target-artifact assurance. Each historical row has a one-to-one disposition; HOST-ZSTD retains L1-FEAT-ZSTD GAP evidence instead of a nonexistent V2 group pointer.
P3F-CLOSURE-0293	L1-REG-OURS-tmp__phase3c-driver__frozen-ours-primary__bin__c++-0032	HOST-MACHO-UNRESOLVED-REGION	tmp/phase3c-evidence/binary-region-ledger.tsv	host-macho-unresolved-region	Phase 3c region classification=UNRESOLVED	bind the equivalent V2 interval to terminal feature evidence or rule the pure host interval out of target-artifact/literal gate	RULED-OUT-OF-GATE	tmp/phase3f-evidence/agents/binary-analysis/host-t5/historical-region-disposition.tsv::L1-REG-OURS-tmp__phase3c-driver__frozen-ours-primary__bin__c++-0032	tmp/phase3f-evidence/agents/binary-analysis/host-t5/historical-region-disposition.tsv::L1-REG-OURS-tmp__phase3c-driver__frozen-ours-primary__bin__c++-0032;tmp/phase3f-evidence/agents/binary-analysis/host-t5/negative-path-disposition.tsv;tmp/phase3f-evidence/agents/binary-analysis/host-t5/host-byte-disposition.tsv;tmp/phase3f-evidence/agents/binary-analysis/host-t5/decision-record.tsv::P3F-T5-HOST-MACHO;tmp/phase3f-evidence/agents/binary-analysis/host-t5/negative-space-candidates.tsv	group=GCC-DRIVER;side=OURS;path=tmp/phase3c-driver/frozen-ours-primary/bin/riscv32-wch-elf-c++;offset=1488100..1490944;closure_event=P3F-EVENT-1694;After all 1,340 functional intervals were terminally adjudicated (748 feature-mapped, 388 host-ABI, 204 host-data) and negative-space candidates mapped, the remaining historical whole-host attribution obligation is outside the target-artifact/observable-literal gate.;Rule anchor: AGENTS.md observable boundary. Rejected alternative: full function attribution across 47 stripped Mach-O paths/four builds, at high cost without stronger target-artifact assurance. Each historical row has a one-to-one disposition; HOST-ZSTD retains L1-FEAT-ZSTD GAP evidence instead of a nonexistent V2 group pointer.
P3F-CLOSURE-0294	L1-REG-OURS-tmp__phase3c-driver__frozen-ours-primary__bin__c++-0035	HOST-MACHO-UNRESOLVED-REGION	tmp/phase3c-evidence/binary-region-ledger.tsv	host-macho-unresolved-region	Phase 3c region classification=UNRESOLVED	bind the equivalent V2 interval to terminal feature evidence or rule the pure host interval out of target-artifact/literal gate	RULED-OUT-OF-GATE	tmp/phase3f-evidence/agents/binary-analysis/host-t5/historical-region-disposition.tsv::L1-REG-OURS-tmp__phase3c-driver__frozen-ours-primary__bin__c++-0035	tmp/phase3f-evidence/agents/binary-analysis/host-t5/historical-region-disposition.tsv::L1-REG-OURS-tmp__phase3c-driver__frozen-ours-primary__bin__c++-0035;tmp/phase3f-evidence/agents/binary-analysis/host-t5/negative-path-disposition.tsv;tmp/phase3f-evidence/agents/binary-analysis/host-t5/host-byte-disposition.tsv;tmp/phase3f-evidence/agents/binary-analysis/host-t5/decision-record.tsv::P3F-T5-HOST-MACHO;tmp/phase3f-evidence/agents/binary-analysis/host-t5/negative-space-candidates.tsv	group=GCC-DRIVER;side=OURS;path=tmp/phase3c-driver/frozen-ours-primary/bin/riscv32-wch-elf-c++;offset=1745912..1753088;closure_event=P3F-EVENT-1695;After all 1,340 functional intervals were terminally adjudicated (748 feature-mapped, 388 host-ABI, 204 host-data) and negative-space candidates mapped, the remaining historical whole-host attribution obligation is outside the target-artifact/observable-literal gate.;Rule anchor: AGENTS.md observable boundary. Rejected alternative: full function attribution across 47 stripped Mach-O paths/four builds, at high cost without stronger target-artifact assurance. Each historical row has a one-to-one disposition; HOST-ZSTD retains L1-FEAT-ZSTD GAP evidence instead of a nonexistent V2 group pointer.
P3F-CLOSURE-0295	L1-REG-OURS-tmp__phase3c-driver__frozen-ours-primary__bin__c++-0037	HOST-MACHO-UNRESOLVED-REGION	tmp/phase3c-evidence/binary-region-ledger.tsv	host-macho-unresolved-region	Phase 3c region classification=UNRESOLVED	bind the equivalent V2 interval to terminal feature evidence or rule the pure host interval out of target-artifact/literal gate	RULED-OUT-OF-GATE	tmp/phase3f-evidence/agents/binary-analysis/host-t5/historical-region-disposition.tsv::L1-REG-OURS-tmp__phase3c-driver__frozen-ours-primary__bin__c++-0037	tmp/phase3f-evidence/agents/binary-analysis/host-t5/historical-region-disposition.tsv::L1-REG-OURS-tmp__phase3c-driver__frozen-ours-primary__bin__c++-0037;tmp/phase3f-evidence/agents/binary-analysis/host-t5/negative-path-disposition.tsv;tmp/phase3f-evidence/agents/binary-analysis/host-t5/host-byte-disposition.tsv;tmp/phase3f-evidence/agents/binary-analysis/host-t5/decision-record.tsv::P3F-T5-HOST-MACHO;tmp/phase3f-evidence/agents/binary-analysis/host-t5/negative-space-candidates.tsv	group=GCC-DRIVER;side=OURS;path=tmp/phase3c-driver/frozen-ours-primary/bin/riscv32-wch-elf-c++;offset=1755856..1769472;closure_event=P3F-EVENT-1696;After all 1,340 functional intervals were terminally adjudicated (748 feature-mapped, 388 host-ABI, 204 host-data) and negative-space candidates mapped, the remaining historical whole-host attribution obligation is outside the target-artifact/observable-literal gate.;Rule anchor: AGENTS.md observable boundary. Rejected alternative: full function attribution across 47 stripped Mach-O paths/four builds, at high cost without stronger target-artifact assurance. Each historical row has a one-to-one disposition; HOST-ZSTD retains L1-FEAT-ZSTD GAP evidence instead of a nonexistent V2 group pointer.
P3F-CLOSURE-0296	L1-REG-OURS-tmp__phase3c-driver__frozen-ours-primary__bin__cpp-0022	HOST-MACHO-UNRESOLVED-REGION	tmp/phase3c-evidence/binary-region-ledger.tsv	host-macho-unresolved-region	Phase 3c region classification=UNRESOLVED	bind the equivalent V2 interval to terminal feature evidence or rule the pure host interval out of target-artifact/literal gate	RULED-OUT-OF-GATE	tmp/phase3f-evidence/agents/binary-analysis/host-t5/historical-region-disposition.tsv::L1-REG-OURS-tmp__phase3c-driver__frozen-ours-primary__bin__cpp-0022	tmp/phase3f-evidence/agents/binary-analysis/host-t5/historical-region-disposition.tsv::L1-REG-OURS-tmp__phase3c-driver__frozen-ours-primary__bin__cpp-0022;tmp/phase3f-evidence/agents/binary-analysis/host-t5/negative-path-disposition.tsv;tmp/phase3f-evidence/agents/binary-analysis/host-t5/host-byte-disposition.tsv;tmp/phase3f-evidence/agents/binary-analysis/host-t5/decision-record.tsv::P3F-T5-HOST-MACHO;tmp/phase3f-evidence/agents/binary-analysis/host-t5/negative-space-candidates.tsv	group=GCC-DRIVER;side=OURS;path=tmp/phase3c-driver/frozen-ours-primary/bin/riscv32-wch-elf-cpp;offset=1824..1864;closure_event=P3F-EVENT-1697;After all 1,340 functional intervals were terminally adjudicated (748 feature-mapped, 388 host-ABI, 204 host-data) and negative-space candidates mapped, the remaining historical whole-host attribution obligation is outside the target-artifact/observable-literal gate.;Rule anchor: AGENTS.md observable boundary. Rejected alternative: full function attribution across 47 stripped Mach-O paths/four builds, at high cost without stronger target-artifact assurance. Each historical row has a one-to-one disposition; HOST-ZSTD retains L1-FEAT-ZSTD GAP evidence instead of a nonexistent V2 group pointer.
P3F-CLOSURE-0297	L1-REG-OURS-tmp__phase3c-driver__frozen-ours-primary__bin__cpp-0024	HOST-MACHO-UNRESOLVED-REGION	tmp/phase3c-evidence/binary-region-ledger.tsv	host-macho-unresolved-region	Phase 3c region classification=UNRESOLVED	bind the equivalent V2 interval to terminal feature evidence or rule the pure host interval out of target-artifact/literal gate	RULED-OUT-OF-GATE	tmp/phase3f-evidence/agents/binary-analysis/host-t5/historical-region-disposition.tsv::L1-REG-OURS-tmp__phase3c-driver__frozen-ours-primary__bin__cpp-0024	tmp/phase3f-evidence/agents/binary-analysis/host-t5/historical-region-disposition.tsv::L1-REG-OURS-tmp__phase3c-driver__frozen-ours-primary__bin__cpp-0024;tmp/phase3f-evidence/agents/binary-analysis/host-t5/negative-path-disposition.tsv;tmp/phase3f-evidence/agents/binary-analysis/host-t5/host-byte-disposition.tsv;tmp/phase3f-evidence/agents/binary-analysis/host-t5/decision-record.tsv::P3F-T5-HOST-MACHO;tmp/phase3f-evidence/agents/binary-analysis/host-t5/negative-space-candidates.tsv	group=GCC-DRIVER;side=OURS;path=tmp/phase3c-driver/frozen-ours-primary/bin/riscv32-wch-elf-cpp;offset=729596..731408;closure_event=P3F-EVENT-1698;After all 1,340 functional intervals were terminally adjudicated (748 feature-mapped, 388 host-ABI, 204 host-data) and negative-space candidates mapped, the remaining historical whole-host attribution obligation is outside the target-artifact/observable-literal gate.;Rule anchor: AGENTS.md observable boundary. Rejected alternative: full function attribution across 47 stripped Mach-O paths/four builds, at high cost without stronger target-artifact assurance. Each historical row has a one-to-one disposition; HOST-ZSTD retains L1-FEAT-ZSTD GAP evidence instead of a nonexistent V2 group pointer.
P3F-CLOSURE-0298	L1-REG-OURS-tmp__phase3c-driver__frozen-ours-primary__bin__cpp-0025	HOST-MACHO-UNRESOLVED-REGION	tmp/phase3c-evidence/binary-region-ledger.tsv	host-macho-unresolved-region	Phase 3c region classification=UNRESOLVED	bind the equivalent V2 interval to terminal feature evidence or rule the pure host interval out of target-artifact/literal gate	RULED-OUT-OF-GATE	tmp/phase3f-evidence/agents/binary-analysis/host-t5/historical-region-disposition.tsv::L1-REG-OURS-tmp__phase3c-driver__frozen-ours-primary__bin__cpp-0025	tmp/phase3f-evidence/agents/binary-analysis/host-t5/historical-region-disposition.tsv::L1-REG-OURS-tmp__phase3c-driver__frozen-ours-primary__bin__cpp-0025;tmp/phase3f-evidence/agents/binary-analysis/host-t5/negative-path-disposition.tsv;tmp/phase3f-evidence/agents/binary-analysis/host-t5/host-byte-disposition.tsv;tmp/phase3f-evidence/agents/binary-analysis/host-t5/decision-record.tsv::P3F-T5-HOST-MACHO;tmp/phase3f-evidence/agents/binary-analysis/host-t5/negative-space-candidates.tsv	group=GCC-DRIVER;side=OURS;path=tmp/phase3c-driver/frozen-ours-primary/bin/riscv32-wch-elf-cpp;offset=731408..731424;closure_event=P3F-EVENT-1699;After all 1,340 functional intervals were terminally adjudicated (748 feature-mapped, 388 host-ABI, 204 host-data) and negative-space candidates mapped, the remaining historical whole-host attribution obligation is outside the target-artifact/observable-literal gate.;Rule anchor: AGENTS.md observable boundary. Rejected alternative: full function attribution across 47 stripped Mach-O paths/four builds, at high cost without stronger target-artifact assurance. Each historical row has a one-to-one disposition; HOST-ZSTD retains L1-FEAT-ZSTD GAP evidence instead of a nonexistent V2 group pointer.
P3F-CLOSURE-0299	L1-REG-OURS-tmp__phase3c-driver__frozen-ours-primary__bin__cpp-0030	HOST-MACHO-UNRESOLVED-REGION	tmp/phase3c-evidence/binary-region-ledger.tsv	host-macho-unresolved-region	Phase 3c region classification=UNRESOLVED	bind the equivalent V2 interval to terminal feature evidence or rule the pure host interval out of target-artifact/literal gate	RULED-OUT-OF-GATE	tmp/phase3f-evidence/agents/binary-analysis/host-t5/historical-region-disposition.tsv::L1-REG-OURS-tmp__phase3c-driver__frozen-ours-primary__bin__cpp-0030	tmp/phase3f-evidence/agents/binary-analysis/host-t5/historical-region-disposition.tsv::L1-REG-OURS-tmp__phase3c-driver__frozen-ours-primary__bin__cpp-0030;tmp/phase3f-evidence/agents/binary-analysis/host-t5/negative-path-disposition.tsv;tmp/phase3f-evidence/agents/binary-analysis/host-t5/host-byte-disposition.tsv;tmp/phase3f-evidence/agents/binary-analysis/host-t5/decision-record.tsv::P3F-T5-HOST-MACHO;tmp/phase3f-evidence/agents/binary-analysis/host-t5/negative-space-candidates.tsv	group=GCC-DRIVER;side=OURS;path=tmp/phase3c-driver/frozen-ours-primary/bin/riscv32-wch-elf-cpp;offset=1486676..1490944;closure_event=P3F-EVENT-1700;After all 1,340 functional intervals were terminally adjudicated (748 feature-mapped, 388 host-ABI, 204 host-data) and negative-space candidates mapped, the remaining historical whole-host attribution obligation is outside the target-artifact/observable-literal gate.;Rule anchor: AGENTS.md observable boundary. Rejected alternative: full function attribution across 47 stripped Mach-O paths/four builds, at high cost without stronger target-artifact assurance. Each historical row has a one-to-one disposition; HOST-ZSTD retains L1-FEAT-ZSTD GAP evidence instead of a nonexistent V2 group pointer.
P3F-CLOSURE-0300	L1-REG-OURS-tmp__phase3c-driver__frozen-ours-primary__bin__cpp-0033	HOST-MACHO-UNRESOLVED-REGION	tmp/phase3c-evidence/binary-region-ledger.tsv	host-macho-unresolved-region	Phase 3c region classification=UNRESOLVED	bind the equivalent V2 interval to terminal feature evidence or rule the pure host interval out of target-artifact/literal gate	RULED-OUT-OF-GATE	tmp/phase3f-evidence/agents/binary-analysis/host-t5/historical-region-disposition.tsv::L1-REG-OURS-tmp__phase3c-driver__frozen-ours-primary__bin__cpp-0033	tmp/phase3f-evidence/agents/binary-analysis/host-t5/historical-region-disposition.tsv::L1-REG-OURS-tmp__phase3c-driver__frozen-ours-primary__bin__cpp-0033;tmp/phase3f-evidence/agents/binary-analysis/host-t5/negative-path-disposition.tsv;tmp/phase3f-evidence/agents/binary-analysis/host-t5/host-byte-disposition.tsv;tmp/phase3f-evidence/agents/binary-analysis/host-t5/decision-record.tsv::P3F-T5-HOST-MACHO;tmp/phase3f-evidence/agents/binary-analysis/host-t5/negative-space-candidates.tsv	group=GCC-DRIVER;side=OURS;path=tmp/phase3c-driver/frozen-ours-primary/bin/riscv32-wch-elf-cpp;offset=1745912..1753088;closure_event=P3F-EVENT-1701;After all 1,340 functional intervals were terminally adjudicated (748 feature-mapped, 388 host-ABI, 204 host-data) and negative-space candidates mapped, the remaining historical whole-host attribution obligation is outside the target-artifact/observable-literal gate.;Rule anchor: AGENTS.md observable boundary. Rejected alternative: full function attribution across 47 stripped Mach-O paths/four builds, at high cost without stronger target-artifact assurance. Each historical row has a one-to-one disposition; HOST-ZSTD retains L1-FEAT-ZSTD GAP evidence instead of a nonexistent V2 group pointer.
P3F-CLOSURE-0301	L1-REG-OURS-tmp__phase3c-driver__frozen-ours-primary__bin__cpp-0035	HOST-MACHO-UNRESOLVED-REGION	tmp/phase3c-evidence/binary-region-ledger.tsv	host-macho-unresolved-region	Phase 3c region classification=UNRESOLVED	bind the equivalent V2 interval to terminal feature evidence or rule the pure host interval out of target-artifact/literal gate	RULED-OUT-OF-GATE	tmp/phase3f-evidence/agents/binary-analysis/host-t5/historical-region-disposition.tsv::L1-REG-OURS-tmp__phase3c-driver__frozen-ours-primary__bin__cpp-0035	tmp/phase3f-evidence/agents/binary-analysis/host-t5/historical-region-disposition.tsv::L1-REG-OURS-tmp__phase3c-driver__frozen-ours-primary__bin__cpp-0035;tmp/phase3f-evidence/agents/binary-analysis/host-t5/negative-path-disposition.tsv;tmp/phase3f-evidence/agents/binary-analysis/host-t5/host-byte-disposition.tsv;tmp/phase3f-evidence/agents/binary-analysis/host-t5/decision-record.tsv::P3F-T5-HOST-MACHO;tmp/phase3f-evidence/agents/binary-analysis/host-t5/negative-space-candidates.tsv	group=GCC-DRIVER;side=OURS;path=tmp/phase3c-driver/frozen-ours-primary/bin/riscv32-wch-elf-cpp;offset=1755856..1769472;closure_event=P3F-EVENT-1702;After all 1,340 functional intervals were terminally adjudicated (748 feature-mapped, 388 host-ABI, 204 host-data) and negative-space candidates mapped, the remaining historical whole-host attribution obligation is outside the target-artifact/observable-literal gate.;Rule anchor: AGENTS.md observable boundary. Rejected alternative: full function attribution across 47 stripped Mach-O paths/four builds, at high cost without stronger target-artifact assurance. Each historical row has a one-to-one disposition; HOST-ZSTD retains L1-FEAT-ZSTD GAP evidence instead of a nonexistent V2 group pointer.
P3F-CLOSURE-0302	L1-REG-OURS-tmp__phase3c-driver__frozen-ours-primary__bin__g++-0022	HOST-MACHO-UNRESOLVED-REGION	tmp/phase3c-evidence/binary-region-ledger.tsv	host-macho-unresolved-region	Phase 3c region classification=UNRESOLVED	bind the equivalent V2 interval to terminal feature evidence or rule the pure host interval out of target-artifact/literal gate	RULED-OUT-OF-GATE	tmp/phase3f-evidence/agents/binary-analysis/host-t5/historical-region-disposition.tsv::L1-REG-OURS-tmp__phase3c-driver__frozen-ours-primary__bin__g++-0022	tmp/phase3f-evidence/agents/binary-analysis/host-t5/historical-region-disposition.tsv::L1-REG-OURS-tmp__phase3c-driver__frozen-ours-primary__bin__g++-0022;tmp/phase3f-evidence/agents/binary-analysis/host-t5/negative-path-disposition.tsv;tmp/phase3f-evidence/agents/binary-analysis/host-t5/host-byte-disposition.tsv;tmp/phase3f-evidence/agents/binary-analysis/host-t5/decision-record.tsv::P3F-T5-HOST-MACHO;tmp/phase3f-evidence/agents/binary-analysis/host-t5/negative-space-candidates.tsv	group=GCC-DRIVER;side=OURS;path=tmp/phase3c-driver/frozen-ours-primary/bin/riscv32-wch-elf-g++;offset=1824..1864;closure_event=P3F-EVENT-1703;After all 1,340 functional intervals were terminally adjudicated (748 feature-mapped, 388 host-ABI, 204 host-data) and negative-space candidates mapped, the remaining historical whole-host attribution obligation is outside the target-artifact/observable-literal gate.;Rule anchor: AGENTS.md observable boundary. Rejected alternative: full function attribution across 47 stripped Mach-O paths/four builds, at high cost without stronger target-artifact assurance. Each historical row has a one-to-one disposition; HOST-ZSTD retains L1-FEAT-ZSTD GAP evidence instead of a nonexistent V2 group pointer.
P3F-CLOSURE-0303	L1-REG-OURS-tmp__phase3c-driver__frozen-ours-primary__bin__g++-0024	HOST-MACHO-UNRESOLVED-REGION	tmp/phase3c-evidence/binary-region-ledger.tsv	host-macho-unresolved-region	Phase 3c region classification=UNRESOLVED	bind the equivalent V2 interval to terminal feature evidence or rule the pure host interval out of target-artifact/literal gate	RULED-OUT-OF-GATE	tmp/phase3f-evidence/agents/binary-analysis/host-t5/historical-region-disposition.tsv::L1-REG-OURS-tmp__phase3c-driver__frozen-ours-primary__bin__g++-0024	tmp/phase3f-evidence/agents/binary-analysis/host-t5/historical-region-disposition.tsv::L1-REG-OURS-tmp__phase3c-driver__frozen-ours-primary__bin__g++-0024;tmp/phase3f-evidence/agents/binary-analysis/host-t5/negative-path-disposition.tsv;tmp/phase3f-evidence/agents/binary-analysis/host-t5/host-byte-disposition.tsv;tmp/phase3f-evidence/agents/binary-analysis/host-t5/decision-record.tsv::P3F-T5-HOST-MACHO;tmp/phase3f-evidence/agents/binary-analysis/host-t5/negative-space-candidates.tsv	group=GCC-DRIVER;side=OURS;path=tmp/phase3c-driver/frozen-ours-primary/bin/riscv32-wch-elf-g++;offset=730936..732748;closure_event=P3F-EVENT-1704;After all 1,340 functional intervals were terminally adjudicated (748 feature-mapped, 388 host-ABI, 204 host-data) and negative-space candidates mapped, the remaining historical whole-host attribution obligation is outside the target-artifact/observable-literal gate.;Rule anchor: AGENTS.md observable boundary. Rejected alternative: full function attribution across 47 stripped Mach-O paths/four builds, at high cost without stronger target-artifact assurance. Each historical row has a one-to-one disposition; HOST-ZSTD retains L1-FEAT-ZSTD GAP evidence instead of a nonexistent V2 group pointer.
P3F-CLOSURE-0304	L1-REG-OURS-tmp__phase3c-driver__frozen-ours-primary__bin__g++-0025	HOST-MACHO-UNRESOLVED-REGION	tmp/phase3c-evidence/binary-region-ledger.tsv	host-macho-unresolved-region	Phase 3c region classification=UNRESOLVED	bind the equivalent V2 interval to terminal feature evidence or rule the pure host interval out of target-artifact/literal gate	RULED-OUT-OF-GATE	tmp/phase3f-evidence/agents/binary-analysis/host-t5/historical-region-disposition.tsv::L1-REG-OURS-tmp__phase3c-driver__frozen-ours-primary__bin__g++-0025	tmp/phase3f-evidence/agents/binary-analysis/host-t5/historical-region-disposition.tsv::L1-REG-OURS-tmp__phase3c-driver__frozen-ours-primary__bin__g++-0025;tmp/phase3f-evidence/agents/binary-analysis/host-t5/negative-path-disposition.tsv;tmp/phase3f-evidence/agents/binary-analysis/host-t5/host-byte-disposition.tsv;tmp/phase3f-evidence/agents/binary-analysis/host-t5/decision-record.tsv::P3F-T5-HOST-MACHO;tmp/phase3f-evidence/agents/binary-analysis/host-t5/negative-space-candidates.tsv	group=GCC-DRIVER;side=OURS;path=tmp/phase3c-driver/frozen-ours-primary/bin/riscv32-wch-elf-g++;offset=732748..732764;closure_event=P3F-EVENT-1705;After all 1,340 functional intervals were terminally adjudicated (748 feature-mapped, 388 host-ABI, 204 host-data) and negative-space candidates mapped, the remaining historical whole-host attribution obligation is outside the target-artifact/observable-literal gate.;Rule anchor: AGENTS.md observable boundary. Rejected alternative: full function attribution across 47 stripped Mach-O paths/four builds, at high cost without stronger target-artifact assurance. Each historical row has a one-to-one disposition; HOST-ZSTD retains L1-FEAT-ZSTD GAP evidence instead of a nonexistent V2 group pointer.
P3F-CLOSURE-0305	L1-REG-OURS-tmp__phase3c-driver__frozen-ours-primary__bin__g++-0026	HOST-MACHO-UNRESOLVED-REGION	tmp/phase3c-evidence/binary-region-ledger.tsv	host-macho-unresolved-region	Phase 3c region classification=UNRESOLVED	bind the equivalent V2 interval to terminal feature evidence or rule the pure host interval out of target-artifact/literal gate	RULED-OUT-OF-GATE	tmp/phase3f-evidence/agents/binary-analysis/host-t5/historical-region-disposition.tsv::L1-REG-OURS-tmp__phase3c-driver__frozen-ours-primary__bin__g++-0026	tmp/phase3f-evidence/agents/binary-analysis/host-t5/historical-region-disposition.tsv::L1-REG-OURS-tmp__phase3c-driver__frozen-ours-primary__bin__g++-0026;tmp/phase3f-evidence/agents/binary-analysis/host-t5/negative-path-disposition.tsv;tmp/phase3f-evidence/agents/binary-analysis/host-t5/host-byte-disposition.tsv;tmp/phase3f-evidence/agents/binary-analysis/host-t5/decision-record.tsv::P3F-T5-HOST-MACHO;tmp/phase3f-evidence/agents/binary-analysis/host-t5/negative-space-candidates.tsv	group=GCC-DRIVER;side=OURS;path=tmp/phase3c-driver/frozen-ours-primary/bin/riscv32-wch-elf-g++;offset=732764..732768;closure_event=P3F-EVENT-1706;After all 1,340 functional intervals were terminally adjudicated (748 feature-mapped, 388 host-ABI, 204 host-data) and negative-space candidates mapped, the remaining historical whole-host attribution obligation is outside the target-artifact/observable-literal gate.;Rule anchor: AGENTS.md observable boundary. Rejected alternative: full function attribution across 47 stripped Mach-O paths/four builds, at high cost without stronger target-artifact assurance. Each historical row has a one-to-one disposition; HOST-ZSTD retains L1-FEAT-ZSTD GAP evidence instead of a nonexistent V2 group pointer.
P3F-CLOSURE-0306	L1-REG-OURS-tmp__phase3c-driver__frozen-ours-primary__bin__g++-0029	HOST-MACHO-UNRESOLVED-REGION	tmp/phase3c-evidence/binary-region-ledger.tsv	host-macho-unresolved-region	Phase 3c region classification=UNRESOLVED	bind the equivalent V2 interval to terminal feature evidence or rule the pure host interval out of target-artifact/literal gate	RULED-OUT-OF-GATE	tmp/phase3f-evidence/agents/binary-analysis/host-t5/historical-region-disposition.tsv::L1-REG-OURS-tmp__phase3c-driver__frozen-ours-primary__bin__g++-0029	tmp/phase3f-evidence/agents/binary-analysis/host-t5/historical-region-disposition.tsv::L1-REG-OURS-tmp__phase3c-driver__frozen-ours-primary__bin__g++-0029;tmp/phase3f-evidence/agents/binary-analysis/host-t5/negative-path-disposition.tsv;tmp/phase3f-evidence/agents/binary-analysis/host-t5/host-byte-disposition.tsv;tmp/phase3f-evidence/agents/binary-analysis/host-t5/decision-record.tsv::P3F-T5-HOST-MACHO;tmp/phase3f-evidence/agents/binary-analysis/host-t5/negative-space-candidates.tsv	group=GCC-DRIVER;side=OURS;path=tmp/phase3c-driver/frozen-ours-primary/bin/riscv32-wch-elf-g++;offset=1419133..1419136;closure_event=P3F-EVENT-1707;After all 1,340 functional intervals were terminally adjudicated (748 feature-mapped, 388 host-ABI, 204 host-data) and negative-space candidates mapped, the remaining historical whole-host attribution obligation is outside the target-artifact/observable-literal gate.;Rule anchor: AGENTS.md observable boundary. Rejected alternative: full function attribution across 47 stripped Mach-O paths/four builds, at high cost without stronger target-artifact assurance. Each historical row has a one-to-one disposition; HOST-ZSTD retains L1-FEAT-ZSTD GAP evidence instead of a nonexistent V2 group pointer.
P3F-CLOSURE-0307	L1-REG-OURS-tmp__phase3c-driver__frozen-ours-primary__bin__g++-0032	HOST-MACHO-UNRESOLVED-REGION	tmp/phase3c-evidence/binary-region-ledger.tsv	host-macho-unresolved-region	Phase 3c region classification=UNRESOLVED	bind the equivalent V2 interval to terminal feature evidence or rule the pure host interval out of target-artifact/literal gate	RULED-OUT-OF-GATE	tmp/phase3f-evidence/agents/binary-analysis/host-t5/historical-region-disposition.tsv::L1-REG-OURS-tmp__phase3c-driver__frozen-ours-primary__bin__g++-0032	tmp/phase3f-evidence/agents/binary-analysis/host-t5/historical-region-disposition.tsv::L1-REG-OURS-tmp__phase3c-driver__frozen-ours-primary__bin__g++-0032;tmp/phase3f-evidence/agents/binary-analysis/host-t5/negative-path-disposition.tsv;tmp/phase3f-evidence/agents/binary-analysis/host-t5/host-byte-disposition.tsv;tmp/phase3f-evidence/agents/binary-analysis/host-t5/decision-record.tsv::P3F-T5-HOST-MACHO;tmp/phase3f-evidence/agents/binary-analysis/host-t5/negative-space-candidates.tsv	group=GCC-DRIVER;side=OURS;path=tmp/phase3c-driver/frozen-ours-primary/bin/riscv32-wch-elf-g++;offset=1488100..1490944;closure_event=P3F-EVENT-1708;After all 1,340 functional intervals were terminally adjudicated (748 feature-mapped, 388 host-ABI, 204 host-data) and negative-space candidates mapped, the remaining historical whole-host attribution obligation is outside the target-artifact/observable-literal gate.;Rule anchor: AGENTS.md observable boundary. Rejected alternative: full function attribution across 47 stripped Mach-O paths/four builds, at high cost without stronger target-artifact assurance. Each historical row has a one-to-one disposition; HOST-ZSTD retains L1-FEAT-ZSTD GAP evidence instead of a nonexistent V2 group pointer.
P3F-CLOSURE-0308	L1-REG-OURS-tmp__phase3c-driver__frozen-ours-primary__bin__g++-0035	HOST-MACHO-UNRESOLVED-REGION	tmp/phase3c-evidence/binary-region-ledger.tsv	host-macho-unresolved-region	Phase 3c region classification=UNRESOLVED	bind the equivalent V2 interval to terminal feature evidence or rule the pure host interval out of target-artifact/literal gate	RULED-OUT-OF-GATE	tmp/phase3f-evidence/agents/binary-analysis/host-t5/historical-region-disposition.tsv::L1-REG-OURS-tmp__phase3c-driver__frozen-ours-primary__bin__g++-0035	tmp/phase3f-evidence/agents/binary-analysis/host-t5/historical-region-disposition.tsv::L1-REG-OURS-tmp__phase3c-driver__frozen-ours-primary__bin__g++-0035;tmp/phase3f-evidence/agents/binary-analysis/host-t5/negative-path-disposition.tsv;tmp/phase3f-evidence/agents/binary-analysis/host-t5/host-byte-disposition.tsv;tmp/phase3f-evidence/agents/binary-analysis/host-t5/decision-record.tsv::P3F-T5-HOST-MACHO;tmp/phase3f-evidence/agents/binary-analysis/host-t5/negative-space-candidates.tsv	group=GCC-DRIVER;side=OURS;path=tmp/phase3c-driver/frozen-ours-primary/bin/riscv32-wch-elf-g++;offset=1745912..1753088;closure_event=P3F-EVENT-1709;After all 1,340 functional intervals were terminally adjudicated (748 feature-mapped, 388 host-ABI, 204 host-data) and negative-space candidates mapped, the remaining historical whole-host attribution obligation is outside the target-artifact/observable-literal gate.;Rule anchor: AGENTS.md observable boundary. Rejected alternative: full function attribution across 47 stripped Mach-O paths/four builds, at high cost without stronger target-artifact assurance. Each historical row has a one-to-one disposition; HOST-ZSTD retains L1-FEAT-ZSTD GAP evidence instead of a nonexistent V2 group pointer.
P3F-CLOSURE-0309	L1-REG-OURS-tmp__phase3c-driver__frozen-ours-primary__bin__g++-0037	HOST-MACHO-UNRESOLVED-REGION	tmp/phase3c-evidence/binary-region-ledger.tsv	host-macho-unresolved-region	Phase 3c region classification=UNRESOLVED	bind the equivalent V2 interval to terminal feature evidence or rule the pure host interval out of target-artifact/literal gate	RULED-OUT-OF-GATE	tmp/phase3f-evidence/agents/binary-analysis/host-t5/historical-region-disposition.tsv::L1-REG-OURS-tmp__phase3c-driver__frozen-ours-primary__bin__g++-0037	tmp/phase3f-evidence/agents/binary-analysis/host-t5/historical-region-disposition.tsv::L1-REG-OURS-tmp__phase3c-driver__frozen-ours-primary__bin__g++-0037;tmp/phase3f-evidence/agents/binary-analysis/host-t5/negative-path-disposition.tsv;tmp/phase3f-evidence/agents/binary-analysis/host-t5/host-byte-disposition.tsv;tmp/phase3f-evidence/agents/binary-analysis/host-t5/decision-record.tsv::P3F-T5-HOST-MACHO;tmp/phase3f-evidence/agents/binary-analysis/host-t5/negative-space-candidates.tsv	group=GCC-DRIVER;side=OURS;path=tmp/phase3c-driver/frozen-ours-primary/bin/riscv32-wch-elf-g++;offset=1755856..1769472;closure_event=P3F-EVENT-1710;After all 1,340 functional intervals were terminally adjudicated (748 feature-mapped, 388 host-ABI, 204 host-data) and negative-space candidates mapped, the remaining historical whole-host attribution obligation is outside the target-artifact/observable-literal gate.;Rule anchor: AGENTS.md observable boundary. Rejected alternative: full function attribution across 47 stripped Mach-O paths/four builds, at high cost without stronger target-artifact assurance. Each historical row has a one-to-one disposition; HOST-ZSTD retains L1-FEAT-ZSTD GAP evidence instead of a nonexistent V2 group pointer.
P3F-CLOSURE-0310	L1-REG-OURS-tmp__phase3c-driver__frozen-ours-primary__bin__gcc-0022	HOST-MACHO-UNRESOLVED-REGION	tmp/phase3c-evidence/binary-region-ledger.tsv	host-macho-unresolved-region	Phase 3c region classification=UNRESOLVED	bind the equivalent V2 interval to terminal feature evidence or rule the pure host interval out of target-artifact/literal gate	RULED-OUT-OF-GATE	tmp/phase3f-evidence/agents/binary-analysis/host-t5/historical-region-disposition.tsv::L1-REG-OURS-tmp__phase3c-driver__frozen-ours-primary__bin__gcc-0022	tmp/phase3f-evidence/agents/binary-analysis/host-t5/historical-region-disposition.tsv::L1-REG-OURS-tmp__phase3c-driver__frozen-ours-primary__bin__gcc-0022;tmp/phase3f-evidence/agents/binary-analysis/host-t5/negative-path-disposition.tsv;tmp/phase3f-evidence/agents/binary-analysis/host-t5/host-byte-disposition.tsv;tmp/phase3f-evidence/agents/binary-analysis/host-t5/decision-record.tsv::P3F-T5-HOST-MACHO;tmp/phase3f-evidence/agents/binary-analysis/host-t5/negative-space-candidates.tsv	group=GCC-DRIVER;side=OURS;path=tmp/phase3c-driver/frozen-ours-primary/bin/riscv32-wch-elf-gcc;offset=1824..1864;closure_event=P3F-EVENT-1711;After all 1,340 functional intervals were terminally adjudicated (748 feature-mapped, 388 host-ABI, 204 host-data) and negative-space candidates mapped, the remaining historical whole-host attribution obligation is outside the target-artifact/observable-literal gate.;Rule anchor: AGENTS.md observable boundary. Rejected alternative: full function attribution across 47 stripped Mach-O paths/four builds, at high cost without stronger target-artifact assurance. Each historical row has a one-to-one disposition; HOST-ZSTD retains L1-FEAT-ZSTD GAP evidence instead of a nonexistent V2 group pointer.
P3F-CLOSURE-0311	L1-REG-OURS-tmp__phase3c-driver__frozen-ours-primary__bin__gcc-0024	HOST-MACHO-UNRESOLVED-REGION	tmp/phase3c-evidence/binary-region-ledger.tsv	host-macho-unresolved-region	Phase 3c region classification=UNRESOLVED	bind the equivalent V2 interval to terminal feature evidence or rule the pure host interval out of target-artifact/literal gate	RULED-OUT-OF-GATE	tmp/phase3f-evidence/agents/binary-analysis/host-t5/historical-region-disposition.tsv::L1-REG-OURS-tmp__phase3c-driver__frozen-ours-primary__bin__gcc-0024	tmp/phase3f-evidence/agents/binary-analysis/host-t5/historical-region-disposition.tsv::L1-REG-OURS-tmp__phase3c-driver__frozen-ours-primary__bin__gcc-0024;tmp/phase3f-evidence/agents/binary-analysis/host-t5/negative-path-disposition.tsv;tmp/phase3f-evidence/agents/binary-analysis/host-t5/host-byte-disposition.tsv;tmp/phase3f-evidence/agents/binary-analysis/host-t5/decision-record.tsv::P3F-T5-HOST-MACHO;tmp/phase3f-evidence/agents/binary-analysis/host-t5/negative-space-candidates.tsv	group=GCC-DRIVER;side=OURS;path=tmp/phase3c-driver/frozen-ours-primary/bin/riscv32-wch-elf-gcc;offset=728524..730336;closure_event=P3F-EVENT-1712;After all 1,340 functional intervals were terminally adjudicated (748 feature-mapped, 388 host-ABI, 204 host-data) and negative-space candidates mapped, the remaining historical whole-host attribution obligation is outside the target-artifact/observable-literal gate.;Rule anchor: AGENTS.md observable boundary. Rejected alternative: full function attribution across 47 stripped Mach-O paths/four builds, at high cost without stronger target-artifact assurance. Each historical row has a one-to-one disposition; HOST-ZSTD retains L1-FEAT-ZSTD GAP evidence instead of a nonexistent V2 group pointer.
P3F-CLOSURE-0312	L1-REG-OURS-tmp__phase3c-driver__frozen-ours-primary__bin__gcc-0025	HOST-MACHO-UNRESOLVED-REGION	tmp/phase3c-evidence/binary-region-ledger.tsv	host-macho-unresolved-region	Phase 3c region classification=UNRESOLVED	bind the equivalent V2 interval to terminal feature evidence or rule the pure host interval out of target-artifact/literal gate	RULED-OUT-OF-GATE	tmp/phase3f-evidence/agents/binary-analysis/host-t5/historical-region-disposition.tsv::L1-REG-OURS-tmp__phase3c-driver__frozen-ours-primary__bin__gcc-0025	tmp/phase3f-evidence/agents/binary-analysis/host-t5/historical-region-disposition.tsv::L1-REG-OURS-tmp__phase3c-driver__frozen-ours-primary__bin__gcc-0025;tmp/phase3f-evidence/agents/binary-analysis/host-t5/negative-path-disposition.tsv;tmp/phase3f-evidence/agents/binary-analysis/host-t5/host-byte-disposition.tsv;tmp/phase3f-evidence/agents/binary-analysis/host-t5/decision-record.tsv::P3F-T5-HOST-MACHO;tmp/phase3f-evidence/agents/binary-analysis/host-t5/negative-space-candidates.tsv	group=GCC-DRIVER;side=OURS;path=tmp/phase3c-driver/frozen-ours-primary/bin/riscv32-wch-elf-gcc;offset=730336..730352;closure_event=P3F-EVENT-1713;After all 1,340 functional intervals were terminally adjudicated (748 feature-mapped, 388 host-ABI, 204 host-data) and negative-space candidates mapped, the remaining historical whole-host attribution obligation is outside the target-artifact/observable-literal gate.;Rule anchor: AGENTS.md observable boundary. Rejected alternative: full function attribution across 47 stripped Mach-O paths/four builds, at high cost without stronger target-artifact assurance. Each historical row has a one-to-one disposition; HOST-ZSTD retains L1-FEAT-ZSTD GAP evidence instead of a nonexistent V2 group pointer.
P3F-CLOSURE-0313	L1-REG-OURS-tmp__phase3c-driver__frozen-ours-primary__bin__gcc-0028	HOST-MACHO-UNRESOLVED-REGION	tmp/phase3c-evidence/binary-region-ledger.tsv	host-macho-unresolved-region	Phase 3c region classification=UNRESOLVED	bind the equivalent V2 interval to terminal feature evidence or rule the pure host interval out of target-artifact/literal gate	RULED-OUT-OF-GATE	tmp/phase3f-evidence/agents/binary-analysis/host-t5/historical-region-disposition.tsv::L1-REG-OURS-tmp__phase3c-driver__frozen-ours-primary__bin__gcc-0028	tmp/phase3f-evidence/agents/binary-analysis/host-t5/historical-region-disposition.tsv::L1-REG-OURS-tmp__phase3c-driver__frozen-ours-primary__bin__gcc-0028;tmp/phase3f-evidence/agents/binary-analysis/host-t5/negative-path-disposition.tsv;tmp/phase3f-evidence/agents/binary-analysis/host-t5/host-byte-disposition.tsv;tmp/phase3f-evidence/agents/binary-analysis/host-t5/decision-record.tsv::P3F-T5-HOST-MACHO;tmp/phase3f-evidence/agents/binary-analysis/host-t5/negative-space-candidates.tsv	group=GCC-DRIVER;side=OURS;path=tmp/phase3c-driver/frozen-ours-primary/bin/riscv32-wch-elf-gcc;offset=1416554..1416556;closure_event=P3F-EVENT-1714;After all 1,340 functional intervals were terminally adjudicated (748 feature-mapped, 388 host-ABI, 204 host-data) and negative-space candidates mapped, the remaining historical whole-host attribution obligation is outside the target-artifact/observable-literal gate.;Rule anchor: AGENTS.md observable boundary. Rejected alternative: full function attribution across 47 stripped Mach-O paths/four builds, at high cost without stronger target-artifact assurance. Each historical row has a one-to-one disposition; HOST-ZSTD retains L1-FEAT-ZSTD GAP evidence instead of a nonexistent V2 group pointer.
P3F-CLOSURE-0314	L1-REG-OURS-tmp__phase3c-driver__frozen-ours-primary__bin__gcc-0030	HOST-MACHO-UNRESOLVED-REGION	tmp/phase3c-evidence/binary-region-ledger.tsv	host-macho-unresolved-region	Phase 3c region classification=UNRESOLVED	bind the equivalent V2 interval to terminal feature evidence or rule the pure host interval out of target-artifact/literal gate	RULED-OUT-OF-GATE	tmp/phase3f-evidence/agents/binary-analysis/host-t5/historical-region-disposition.tsv::L1-REG-OURS-tmp__phase3c-driver__frozen-ours-primary__bin__gcc-0030	tmp/phase3f-evidence/agents/binary-analysis/host-t5/historical-region-disposition.tsv::L1-REG-OURS-tmp__phase3c-driver__frozen-ours-primary__bin__gcc-0030;tmp/phase3f-evidence/agents/binary-analysis/host-t5/negative-path-disposition.tsv;tmp/phase3f-evidence/agents/binary-analysis/host-t5/host-byte-disposition.tsv;tmp/phase3f-evidence/agents/binary-analysis/host-t5/decision-record.tsv::P3F-T5-HOST-MACHO;tmp/phase3f-evidence/agents/binary-analysis/host-t5/negative-space-candidates.tsv	group=GCC-DRIVER;side=OURS;path=tmp/phase3c-driver/frozen-ours-primary/bin/riscv32-wch-elf-gcc;offset=1425724..1425728;closure_event=P3F-EVENT-1715;After all 1,340 functional intervals were terminally adjudicated (748 feature-mapped, 388 host-ABI, 204 host-data) and negative-space candidates mapped, the remaining historical whole-host attribution obligation is outside the target-artifact/observable-literal gate.;Rule anchor: AGENTS.md observable boundary. Rejected alternative: full function attribution across 47 stripped Mach-O paths/four builds, at high cost without stronger target-artifact assurance. Each historical row has a one-to-one disposition; HOST-ZSTD retains L1-FEAT-ZSTD GAP evidence instead of a nonexistent V2 group pointer.
P3F-CLOSURE-0315	L1-REG-OURS-tmp__phase3c-driver__frozen-ours-primary__bin__gcc-0032	HOST-MACHO-UNRESOLVED-REGION	tmp/phase3c-evidence/binary-region-ledger.tsv	host-macho-unresolved-region	Phase 3c region classification=UNRESOLVED	bind the equivalent V2 interval to terminal feature evidence or rule the pure host interval out of target-artifact/literal gate	RULED-OUT-OF-GATE	tmp/phase3f-evidence/agents/binary-analysis/host-t5/historical-region-disposition.tsv::L1-REG-OURS-tmp__phase3c-driver__frozen-ours-primary__bin__gcc-0032	tmp/phase3f-evidence/agents/binary-analysis/host-t5/historical-region-disposition.tsv::L1-REG-OURS-tmp__phase3c-driver__frozen-ours-primary__bin__gcc-0032;tmp/phase3f-evidence/agents/binary-analysis/host-t5/negative-path-disposition.tsv;tmp/phase3f-evidence/agents/binary-analysis/host-t5/host-byte-disposition.tsv;tmp/phase3f-evidence/agents/binary-analysis/host-t5/decision-record.tsv::P3F-T5-HOST-MACHO;tmp/phase3f-evidence/agents/binary-analysis/host-t5/negative-space-candidates.tsv	group=GCC-DRIVER;side=OURS;path=tmp/phase3c-driver/frozen-ours-primary/bin/riscv32-wch-elf-gcc;offset=1485412..1490944;closure_event=P3F-EVENT-1716;After all 1,340 functional intervals were terminally adjudicated (748 feature-mapped, 388 host-ABI, 204 host-data) and negative-space candidates mapped, the remaining historical whole-host attribution obligation is outside the target-artifact/observable-literal gate.;Rule anchor: AGENTS.md observable boundary. Rejected alternative: full function attribution across 47 stripped Mach-O paths/four builds, at high cost without stronger target-artifact assurance. Each historical row has a one-to-one disposition; HOST-ZSTD retains L1-FEAT-ZSTD GAP evidence instead of a nonexistent V2 group pointer.
P3F-CLOSURE-0316	L1-REG-OURS-tmp__phase3c-driver__frozen-ours-primary__bin__gcc-0035	HOST-MACHO-UNRESOLVED-REGION	tmp/phase3c-evidence/binary-region-ledger.tsv	host-macho-unresolved-region	Phase 3c region classification=UNRESOLVED	bind the equivalent V2 interval to terminal feature evidence or rule the pure host interval out of target-artifact/literal gate	RULED-OUT-OF-GATE	tmp/phase3f-evidence/agents/binary-analysis/host-t5/historical-region-disposition.tsv::L1-REG-OURS-tmp__phase3c-driver__frozen-ours-primary__bin__gcc-0035	tmp/phase3f-evidence/agents/binary-analysis/host-t5/historical-region-disposition.tsv::L1-REG-OURS-tmp__phase3c-driver__frozen-ours-primary__bin__gcc-0035;tmp/phase3f-evidence/agents/binary-analysis/host-t5/negative-path-disposition.tsv;tmp/phase3f-evidence/agents/binary-analysis/host-t5/host-byte-disposition.tsv;tmp/phase3f-evidence/agents/binary-analysis/host-t5/decision-record.tsv::P3F-T5-HOST-MACHO;tmp/phase3f-evidence/agents/binary-analysis/host-t5/negative-space-candidates.tsv	group=GCC-DRIVER;side=OURS;path=tmp/phase3c-driver/frozen-ours-primary/bin/riscv32-wch-elf-gcc;offset=1745912..1753088;closure_event=P3F-EVENT-1717;After all 1,340 functional intervals were terminally adjudicated (748 feature-mapped, 388 host-ABI, 204 host-data) and negative-space candidates mapped, the remaining historical whole-host attribution obligation is outside the target-artifact/observable-literal gate.;Rule anchor: AGENTS.md observable boundary. Rejected alternative: full function attribution across 47 stripped Mach-O paths/four builds, at high cost without stronger target-artifact assurance. Each historical row has a one-to-one disposition; HOST-ZSTD retains L1-FEAT-ZSTD GAP evidence instead of a nonexistent V2 group pointer.
P3F-CLOSURE-0317	L1-REG-OURS-tmp__phase3c-driver__frozen-ours-primary__bin__gcc-0037	HOST-MACHO-UNRESOLVED-REGION	tmp/phase3c-evidence/binary-region-ledger.tsv	host-macho-unresolved-region	Phase 3c region classification=UNRESOLVED	bind the equivalent V2 interval to terminal feature evidence or rule the pure host interval out of target-artifact/literal gate	RULED-OUT-OF-GATE	tmp/phase3f-evidence/agents/binary-analysis/host-t5/historical-region-disposition.tsv::L1-REG-OURS-tmp__phase3c-driver__frozen-ours-primary__bin__gcc-0037	tmp/phase3f-evidence/agents/binary-analysis/host-t5/historical-region-disposition.tsv::L1-REG-OURS-tmp__phase3c-driver__frozen-ours-primary__bin__gcc-0037;tmp/phase3f-evidence/agents/binary-analysis/host-t5/negative-path-disposition.tsv;tmp/phase3f-evidence/agents/binary-analysis/host-t5/host-byte-disposition.tsv;tmp/phase3f-evidence/agents/binary-analysis/host-t5/decision-record.tsv::P3F-T5-HOST-MACHO;tmp/phase3f-evidence/agents/binary-analysis/host-t5/negative-space-candidates.tsv	group=GCC-DRIVER;side=OURS;path=tmp/phase3c-driver/frozen-ours-primary/bin/riscv32-wch-elf-gcc;offset=1755856..1769472;closure_event=P3F-EVENT-1718;After all 1,340 functional intervals were terminally adjudicated (748 feature-mapped, 388 host-ABI, 204 host-data) and negative-space candidates mapped, the remaining historical whole-host attribution obligation is outside the target-artifact/observable-literal gate.;Rule anchor: AGENTS.md observable boundary. Rejected alternative: full function attribution across 47 stripped Mach-O paths/four builds, at high cost without stronger target-artifact assurance. Each historical row has a one-to-one disposition; HOST-ZSTD retains L1-FEAT-ZSTD GAP evidence instead of a nonexistent V2 group pointer.
P3F-CLOSURE-0318	L1-REG-OURS-tmp__phase3c-driver__frozen-ours-primary__bin__gcc-15_2_0-0022	HOST-MACHO-UNRESOLVED-REGION	tmp/phase3c-evidence/binary-region-ledger.tsv	host-macho-unresolved-region	Phase 3c region classification=UNRESOLVED	bind the equivalent V2 interval to terminal feature evidence or rule the pure host interval out of target-artifact/literal gate	RULED-OUT-OF-GATE	tmp/phase3f-evidence/agents/binary-analysis/host-t5/historical-region-disposition.tsv::L1-REG-OURS-tmp__phase3c-driver__frozen-ours-primary__bin__gcc-15_2_0-0022	tmp/phase3f-evidence/agents/binary-analysis/host-t5/historical-region-disposition.tsv::L1-REG-OURS-tmp__phase3c-driver__frozen-ours-primary__bin__gcc-15_2_0-0022;tmp/phase3f-evidence/agents/binary-analysis/host-t5/negative-path-disposition.tsv;tmp/phase3f-evidence/agents/binary-analysis/host-t5/host-byte-disposition.tsv;tmp/phase3f-evidence/agents/binary-analysis/host-t5/decision-record.tsv::P3F-T5-HOST-MACHO;tmp/phase3f-evidence/agents/binary-analysis/host-t5/negative-space-candidates.tsv	group=GCC-DRIVER;side=OURS;path=tmp/phase3c-driver/frozen-ours-primary/bin/riscv32-wch-elf-gcc-15.2.0;offset=1824..1864;closure_event=P3F-EVENT-1719;After all 1,340 functional intervals were terminally adjudicated (748 feature-mapped, 388 host-ABI, 204 host-data) and negative-space candidates mapped, the remaining historical whole-host attribution obligation is outside the target-artifact/observable-literal gate.;Rule anchor: AGENTS.md observable boundary. Rejected alternative: full function attribution across 47 stripped Mach-O paths/four builds, at high cost without stronger target-artifact assurance. Each historical row has a one-to-one disposition; HOST-ZSTD retains L1-FEAT-ZSTD GAP evidence instead of a nonexistent V2 group pointer.
P3F-CLOSURE-0319	L1-REG-OURS-tmp__phase3c-driver__frozen-ours-primary__bin__gcc-15_2_0-0024	HOST-MACHO-UNRESOLVED-REGION	tmp/phase3c-evidence/binary-region-ledger.tsv	host-macho-unresolved-region	Phase 3c region classification=UNRESOLVED	bind the equivalent V2 interval to terminal feature evidence or rule the pure host interval out of target-artifact/literal gate	RULED-OUT-OF-GATE	tmp/phase3f-evidence/agents/binary-analysis/host-t5/historical-region-disposition.tsv::L1-REG-OURS-tmp__phase3c-driver__frozen-ours-primary__bin__gcc-15_2_0-0024	tmp/phase3f-evidence/agents/binary-analysis/host-t5/historical-region-disposition.tsv::L1-REG-OURS-tmp__phase3c-driver__frozen-ours-primary__bin__gcc-15_2_0-0024;tmp/phase3f-evidence/agents/binary-analysis/host-t5/negative-path-disposition.tsv;tmp/phase3f-evidence/agents/binary-analysis/host-t5/host-byte-disposition.tsv;tmp/phase3f-evidence/agents/binary-analysis/host-t5/decision-record.tsv::P3F-T5-HOST-MACHO;tmp/phase3f-evidence/agents/binary-analysis/host-t5/negative-space-candidates.tsv	group=GCC-DRIVER;side=OURS;path=tmp/phase3c-driver/frozen-ours-primary/bin/riscv32-wch-elf-gcc-15.2.0;offset=728524..730336;closure_event=P3F-EVENT-1720;After all 1,340 functional intervals were terminally adjudicated (748 feature-mapped, 388 host-ABI, 204 host-data) and negative-space candidates mapped, the remaining historical whole-host attribution obligation is outside the target-artifact/observable-literal gate.;Rule anchor: AGENTS.md observable boundary. Rejected alternative: full function attribution across 47 stripped Mach-O paths/four builds, at high cost without stronger target-artifact assurance. Each historical row has a one-to-one disposition; HOST-ZSTD retains L1-FEAT-ZSTD GAP evidence instead of a nonexistent V2 group pointer.
P3F-CLOSURE-0320	L1-REG-OURS-tmp__phase3c-driver__frozen-ours-primary__bin__gcc-15_2_0-0025	HOST-MACHO-UNRESOLVED-REGION	tmp/phase3c-evidence/binary-region-ledger.tsv	host-macho-unresolved-region	Phase 3c region classification=UNRESOLVED	bind the equivalent V2 interval to terminal feature evidence or rule the pure host interval out of target-artifact/literal gate	RULED-OUT-OF-GATE	tmp/phase3f-evidence/agents/binary-analysis/host-t5/historical-region-disposition.tsv::L1-REG-OURS-tmp__phase3c-driver__frozen-ours-primary__bin__gcc-15_2_0-0025	tmp/phase3f-evidence/agents/binary-analysis/host-t5/historical-region-disposition.tsv::L1-REG-OURS-tmp__phase3c-driver__frozen-ours-primary__bin__gcc-15_2_0-0025;tmp/phase3f-evidence/agents/binary-analysis/host-t5/negative-path-disposition.tsv;tmp/phase3f-evidence/agents/binary-analysis/host-t5/host-byte-disposition.tsv;tmp/phase3f-evidence/agents/binary-analysis/host-t5/decision-record.tsv::P3F-T5-HOST-MACHO;tmp/phase3f-evidence/agents/binary-analysis/host-t5/negative-space-candidates.tsv	group=GCC-DRIVER;side=OURS;path=tmp/phase3c-driver/frozen-ours-primary/bin/riscv32-wch-elf-gcc-15.2.0;offset=730336..730352;closure_event=P3F-EVENT-1721;After all 1,340 functional intervals were terminally adjudicated (748 feature-mapped, 388 host-ABI, 204 host-data) and negative-space candidates mapped, the remaining historical whole-host attribution obligation is outside the target-artifact/observable-literal gate.;Rule anchor: AGENTS.md observable boundary. Rejected alternative: full function attribution across 47 stripped Mach-O paths/four builds, at high cost without stronger target-artifact assurance. Each historical row has a one-to-one disposition; HOST-ZSTD retains L1-FEAT-ZSTD GAP evidence instead of a nonexistent V2 group pointer.
P3F-CLOSURE-0321	L1-REG-OURS-tmp__phase3c-driver__frozen-ours-primary__bin__gcc-15_2_0-0028	HOST-MACHO-UNRESOLVED-REGION	tmp/phase3c-evidence/binary-region-ledger.tsv	host-macho-unresolved-region	Phase 3c region classification=UNRESOLVED	bind the equivalent V2 interval to terminal feature evidence or rule the pure host interval out of target-artifact/literal gate	RULED-OUT-OF-GATE	tmp/phase3f-evidence/agents/binary-analysis/host-t5/historical-region-disposition.tsv::L1-REG-OURS-tmp__phase3c-driver__frozen-ours-primary__bin__gcc-15_2_0-0028	tmp/phase3f-evidence/agents/binary-analysis/host-t5/historical-region-disposition.tsv::L1-REG-OURS-tmp__phase3c-driver__frozen-ours-primary__bin__gcc-15_2_0-0028;tmp/phase3f-evidence/agents/binary-analysis/host-t5/negative-path-disposition.tsv;tmp/phase3f-evidence/agents/binary-analysis/host-t5/host-byte-disposition.tsv;tmp/phase3f-evidence/agents/binary-analysis/host-t5/decision-record.tsv::P3F-T5-HOST-MACHO;tmp/phase3f-evidence/agents/binary-analysis/host-t5/negative-space-candidates.tsv	group=GCC-DRIVER;side=OURS;path=tmp/phase3c-driver/frozen-ours-primary/bin/riscv32-wch-elf-gcc-15.2.0;offset=1416554..1416556;closure_event=P3F-EVENT-1722;After all 1,340 functional intervals were terminally adjudicated (748 feature-mapped, 388 host-ABI, 204 host-data) and negative-space candidates mapped, the remaining historical whole-host attribution obligation is outside the target-artifact/observable-literal gate.;Rule anchor: AGENTS.md observable boundary. Rejected alternative: full function attribution across 47 stripped Mach-O paths/four builds, at high cost without stronger target-artifact assurance. Each historical row has a one-to-one disposition; HOST-ZSTD retains L1-FEAT-ZSTD GAP evidence instead of a nonexistent V2 group pointer.
P3F-CLOSURE-0322	L1-REG-OURS-tmp__phase3c-driver__frozen-ours-primary__bin__gcc-15_2_0-0030	HOST-MACHO-UNRESOLVED-REGION	tmp/phase3c-evidence/binary-region-ledger.tsv	host-macho-unresolved-region	Phase 3c region classification=UNRESOLVED	bind the equivalent V2 interval to terminal feature evidence or rule the pure host interval out of target-artifact/literal gate	RULED-OUT-OF-GATE	tmp/phase3f-evidence/agents/binary-analysis/host-t5/historical-region-disposition.tsv::L1-REG-OURS-tmp__phase3c-driver__frozen-ours-primary__bin__gcc-15_2_0-0030	tmp/phase3f-evidence/agents/binary-analysis/host-t5/historical-region-disposition.tsv::L1-REG-OURS-tmp__phase3c-driver__frozen-ours-primary__bin__gcc-15_2_0-0030;tmp/phase3f-evidence/agents/binary-analysis/host-t5/negative-path-disposition.tsv;tmp/phase3f-evidence/agents/binary-analysis/host-t5/host-byte-disposition.tsv;tmp/phase3f-evidence/agents/binary-analysis/host-t5/decision-record.tsv::P3F-T5-HOST-MACHO;tmp/phase3f-evidence/agents/binary-analysis/host-t5/negative-space-candidates.tsv	group=GCC-DRIVER;side=OURS;path=tmp/phase3c-driver/frozen-ours-primary/bin/riscv32-wch-elf-gcc-15.2.0;offset=1425724..1425728;closure_event=P3F-EVENT-1723;After all 1,340 functional intervals were terminally adjudicated (748 feature-mapped, 388 host-ABI, 204 host-data) and negative-space candidates mapped, the remaining historical whole-host attribution obligation is outside the target-artifact/observable-literal gate.;Rule anchor: AGENTS.md observable boundary. Rejected alternative: full function attribution across 47 stripped Mach-O paths/four builds, at high cost without stronger target-artifact assurance. Each historical row has a one-to-one disposition; HOST-ZSTD retains L1-FEAT-ZSTD GAP evidence instead of a nonexistent V2 group pointer.
P3F-CLOSURE-0323	L1-REG-OURS-tmp__phase3c-driver__frozen-ours-primary__bin__gcc-15_2_0-0032	HOST-MACHO-UNRESOLVED-REGION	tmp/phase3c-evidence/binary-region-ledger.tsv	host-macho-unresolved-region	Phase 3c region classification=UNRESOLVED	bind the equivalent V2 interval to terminal feature evidence or rule the pure host interval out of target-artifact/literal gate	RULED-OUT-OF-GATE	tmp/phase3f-evidence/agents/binary-analysis/host-t5/historical-region-disposition.tsv::L1-REG-OURS-tmp__phase3c-driver__frozen-ours-primary__bin__gcc-15_2_0-0032	tmp/phase3f-evidence/agents/binary-analysis/host-t5/historical-region-disposition.tsv::L1-REG-OURS-tmp__phase3c-driver__frozen-ours-primary__bin__gcc-15_2_0-0032;tmp/phase3f-evidence/agents/binary-analysis/host-t5/negative-path-disposition.tsv;tmp/phase3f-evidence/agents/binary-analysis/host-t5/host-byte-disposition.tsv;tmp/phase3f-evidence/agents/binary-analysis/host-t5/decision-record.tsv::P3F-T5-HOST-MACHO;tmp/phase3f-evidence/agents/binary-analysis/host-t5/negative-space-candidates.tsv	group=GCC-DRIVER;side=OURS;path=tmp/phase3c-driver/frozen-ours-primary/bin/riscv32-wch-elf-gcc-15.2.0;offset=1485412..1490944;closure_event=P3F-EVENT-1724;After all 1,340 functional intervals were terminally adjudicated (748 feature-mapped, 388 host-ABI, 204 host-data) and negative-space candidates mapped, the remaining historical whole-host attribution obligation is outside the target-artifact/observable-literal gate.;Rule anchor: AGENTS.md observable boundary. Rejected alternative: full function attribution across 47 stripped Mach-O paths/four builds, at high cost without stronger target-artifact assurance. Each historical row has a one-to-one disposition; HOST-ZSTD retains L1-FEAT-ZSTD GAP evidence instead of a nonexistent V2 group pointer.
P3F-CLOSURE-0324	L1-REG-OURS-tmp__phase3c-driver__frozen-ours-primary__bin__gcc-15_2_0-0035	HOST-MACHO-UNRESOLVED-REGION	tmp/phase3c-evidence/binary-region-ledger.tsv	host-macho-unresolved-region	Phase 3c region classification=UNRESOLVED	bind the equivalent V2 interval to terminal feature evidence or rule the pure host interval out of target-artifact/literal gate	RULED-OUT-OF-GATE	tmp/phase3f-evidence/agents/binary-analysis/host-t5/historical-region-disposition.tsv::L1-REG-OURS-tmp__phase3c-driver__frozen-ours-primary__bin__gcc-15_2_0-0035	tmp/phase3f-evidence/agents/binary-analysis/host-t5/historical-region-disposition.tsv::L1-REG-OURS-tmp__phase3c-driver__frozen-ours-primary__bin__gcc-15_2_0-0035;tmp/phase3f-evidence/agents/binary-analysis/host-t5/negative-path-disposition.tsv;tmp/phase3f-evidence/agents/binary-analysis/host-t5/host-byte-disposition.tsv;tmp/phase3f-evidence/agents/binary-analysis/host-t5/decision-record.tsv::P3F-T5-HOST-MACHO;tmp/phase3f-evidence/agents/binary-analysis/host-t5/negative-space-candidates.tsv	group=GCC-DRIVER;side=OURS;path=tmp/phase3c-driver/frozen-ours-primary/bin/riscv32-wch-elf-gcc-15.2.0;offset=1745912..1753088;closure_event=P3F-EVENT-1725;After all 1,340 functional intervals were terminally adjudicated (748 feature-mapped, 388 host-ABI, 204 host-data) and negative-space candidates mapped, the remaining historical whole-host attribution obligation is outside the target-artifact/observable-literal gate.;Rule anchor: AGENTS.md observable boundary. Rejected alternative: full function attribution across 47 stripped Mach-O paths/four builds, at high cost without stronger target-artifact assurance. Each historical row has a one-to-one disposition; HOST-ZSTD retains L1-FEAT-ZSTD GAP evidence instead of a nonexistent V2 group pointer.
P3F-CLOSURE-0325	L1-REG-OURS-tmp__phase3c-driver__frozen-ours-primary__bin__gcc-15_2_0-0037	HOST-MACHO-UNRESOLVED-REGION	tmp/phase3c-evidence/binary-region-ledger.tsv	host-macho-unresolved-region	Phase 3c region classification=UNRESOLVED	bind the equivalent V2 interval to terminal feature evidence or rule the pure host interval out of target-artifact/literal gate	RULED-OUT-OF-GATE	tmp/phase3f-evidence/agents/binary-analysis/host-t5/historical-region-disposition.tsv::L1-REG-OURS-tmp__phase3c-driver__frozen-ours-primary__bin__gcc-15_2_0-0037	tmp/phase3f-evidence/agents/binary-analysis/host-t5/historical-region-disposition.tsv::L1-REG-OURS-tmp__phase3c-driver__frozen-ours-primary__bin__gcc-15_2_0-0037;tmp/phase3f-evidence/agents/binary-analysis/host-t5/negative-path-disposition.tsv;tmp/phase3f-evidence/agents/binary-analysis/host-t5/host-byte-disposition.tsv;tmp/phase3f-evidence/agents/binary-analysis/host-t5/decision-record.tsv::P3F-T5-HOST-MACHO;tmp/phase3f-evidence/agents/binary-analysis/host-t5/negative-space-candidates.tsv	group=GCC-DRIVER;side=OURS;path=tmp/phase3c-driver/frozen-ours-primary/bin/riscv32-wch-elf-gcc-15.2.0;offset=1755856..1769472;closure_event=P3F-EVENT-1726;After all 1,340 functional intervals were terminally adjudicated (748 feature-mapped, 388 host-ABI, 204 host-data) and negative-space candidates mapped, the remaining historical whole-host attribution obligation is outside the target-artifact/observable-literal gate.;Rule anchor: AGENTS.md observable boundary. Rejected alternative: full function attribution across 47 stripped Mach-O paths/four builds, at high cost without stronger target-artifact assurance. Each historical row has a one-to-one disposition; HOST-ZSTD retains L1-FEAT-ZSTD GAP evidence instead of a nonexistent V2 group pointer.
P3F-CLOSURE-0326	L1-REG-UP-MATCHED-tmp__phase3c-driver__upstream-matched-zstd-r3__output__bin__c++-0022	HOST-MACHO-UNRESOLVED-REGION	tmp/phase3c-evidence/binary-region-ledger.tsv	host-macho-unresolved-region	Phase 3c region classification=UNRESOLVED	bind the equivalent V2 interval to terminal feature evidence or rule the pure host interval out of target-artifact/literal gate	RULED-OUT-OF-GATE	tmp/phase3f-evidence/agents/binary-analysis/host-t5/historical-region-disposition.tsv::L1-REG-UP-MATCHED-tmp__phase3c-driver__upstream-matched-zstd-r3__output__bin__c++-0022	tmp/phase3f-evidence/agents/binary-analysis/host-t5/historical-region-disposition.tsv::L1-REG-UP-MATCHED-tmp__phase3c-driver__upstream-matched-zstd-r3__output__bin__c++-0022;tmp/phase3f-evidence/agents/binary-analysis/host-t5/negative-path-disposition.tsv;tmp/phase3f-evidence/agents/binary-analysis/host-t5/host-byte-disposition.tsv;tmp/phase3f-evidence/agents/binary-analysis/host-t5/decision-record.tsv::P3F-T5-HOST-MACHO;tmp/phase3f-evidence/agents/binary-analysis/host-t5/negative-space-candidates.tsv	group=GCC-DRIVER;side=UPSTREAM-MATCHED;path=tmp/phase3c-driver/upstream-matched-zstd-r3/output/bin/riscv32-wch-elf-c++;offset=1824..1864;closure_event=P3F-EVENT-1727;After all 1,340 functional intervals were terminally adjudicated (748 feature-mapped, 388 host-ABI, 204 host-data) and negative-space candidates mapped, the remaining historical whole-host attribution obligation is outside the target-artifact/observable-literal gate.;Rule anchor: AGENTS.md observable boundary. Rejected alternative: full function attribution across 47 stripped Mach-O paths/four builds, at high cost without stronger target-artifact assurance. Each historical row has a one-to-one disposition; HOST-ZSTD retains L1-FEAT-ZSTD GAP evidence instead of a nonexistent V2 group pointer.
P3F-CLOSURE-0327	L1-REG-UP-MATCHED-tmp__phase3c-driver__upstream-matched-zstd-r3__output__bin__c++-0024	HOST-MACHO-UNRESOLVED-REGION	tmp/phase3c-evidence/binary-region-ledger.tsv	host-macho-unresolved-region	Phase 3c region classification=UNRESOLVED	bind the equivalent V2 interval to terminal feature evidence or rule the pure host interval out of target-artifact/literal gate	RULED-OUT-OF-GATE	tmp/phase3f-evidence/agents/binary-analysis/host-t5/historical-region-disposition.tsv::L1-REG-UP-MATCHED-tmp__phase3c-driver__upstream-matched-zstd-r3__output__bin__c++-0024	tmp/phase3f-evidence/agents/binary-analysis/host-t5/historical-region-disposition.tsv::L1-REG-UP-MATCHED-tmp__phase3c-driver__upstream-matched-zstd-r3__output__bin__c++-0024;tmp/phase3f-evidence/agents/binary-analysis/host-t5/negative-path-disposition.tsv;tmp/phase3f-evidence/agents/binary-analysis/host-t5/host-byte-disposition.tsv;tmp/phase3f-evidence/agents/binary-analysis/host-t5/decision-record.tsv::P3F-T5-HOST-MACHO;tmp/phase3f-evidence/agents/binary-analysis/host-t5/negative-space-candidates.tsv	group=GCC-DRIVER;side=UPSTREAM-MATCHED;path=tmp/phase3c-driver/upstream-matched-zstd-r3/output/bin/riscv32-wch-elf-c++;offset=730844..732656;closure_event=P3F-EVENT-1728;After all 1,340 functional intervals were terminally adjudicated (748 feature-mapped, 388 host-ABI, 204 host-data) and negative-space candidates mapped, the remaining historical whole-host attribution obligation is outside the target-artifact/observable-literal gate.;Rule anchor: AGENTS.md observable boundary. Rejected alternative: full function attribution across 47 stripped Mach-O paths/four builds, at high cost without stronger target-artifact assurance. Each historical row has a one-to-one disposition; HOST-ZSTD retains L1-FEAT-ZSTD GAP evidence instead of a nonexistent V2 group pointer.
P3F-CLOSURE-0328	L1-REG-UP-MATCHED-tmp__phase3c-driver__upstream-matched-zstd-r3__output__bin__c++-0025	HOST-MACHO-UNRESOLVED-REGION	tmp/phase3c-evidence/binary-region-ledger.tsv	host-macho-unresolved-region	Phase 3c region classification=UNRESOLVED	bind the equivalent V2 interval to terminal feature evidence or rule the pure host interval out of target-artifact/literal gate	RULED-OUT-OF-GATE	tmp/phase3f-evidence/agents/binary-analysis/host-t5/historical-region-disposition.tsv::L1-REG-UP-MATCHED-tmp__phase3c-driver__upstream-matched-zstd-r3__output__bin__c++-0025	tmp/phase3f-evidence/agents/binary-analysis/host-t5/historical-region-disposition.tsv::L1-REG-UP-MATCHED-tmp__phase3c-driver__upstream-matched-zstd-r3__output__bin__c++-0025;tmp/phase3f-evidence/agents/binary-analysis/host-t5/negative-path-disposition.tsv;tmp/phase3f-evidence/agents/binary-analysis/host-t5/host-byte-disposition.tsv;tmp/phase3f-evidence/agents/binary-analysis/host-t5/decision-record.tsv::P3F-T5-HOST-MACHO;tmp/phase3f-evidence/agents/binary-analysis/host-t5/negative-space-candidates.tsv	group=GCC-DRIVER;side=UPSTREAM-MATCHED;path=tmp/phase3c-driver/upstream-matched-zstd-r3/output/bin/riscv32-wch-elf-c++;offset=732656..732672;closure_event=P3F-EVENT-1729;After all 1,340 functional intervals were terminally adjudicated (748 feature-mapped, 388 host-ABI, 204 host-data) and negative-space candidates mapped, the remaining historical whole-host attribution obligation is outside the target-artifact/observable-literal gate.;Rule anchor: AGENTS.md observable boundary. Rejected alternative: full function attribution across 47 stripped Mach-O paths/four builds, at high cost without stronger target-artifact assurance. Each historical row has a one-to-one disposition; HOST-ZSTD retains L1-FEAT-ZSTD GAP evidence instead of a nonexistent V2 group pointer.
P3F-CLOSURE-0329	L1-REG-UP-MATCHED-tmp__phase3c-driver__upstream-matched-zstd-r3__output__bin__c++-0030	HOST-MACHO-UNRESOLVED-REGION	tmp/phase3c-evidence/binary-region-ledger.tsv	host-macho-unresolved-region	Phase 3c region classification=UNRESOLVED	bind the equivalent V2 interval to terminal feature evidence or rule the pure host interval out of target-artifact/literal gate	RULED-OUT-OF-GATE	tmp/phase3f-evidence/agents/binary-analysis/host-t5/historical-region-disposition.tsv::L1-REG-UP-MATCHED-tmp__phase3c-driver__upstream-matched-zstd-r3__output__bin__c++-0030	tmp/phase3f-evidence/agents/binary-analysis/host-t5/historical-region-disposition.tsv::L1-REG-UP-MATCHED-tmp__phase3c-driver__upstream-matched-zstd-r3__output__bin__c++-0030;tmp/phase3f-evidence/agents/binary-analysis/host-t5/negative-path-disposition.tsv;tmp/phase3f-evidence/agents/binary-analysis/host-t5/host-byte-disposition.tsv;tmp/phase3f-evidence/agents/binary-analysis/host-t5/decision-record.tsv::P3F-T5-HOST-MACHO;tmp/phase3f-evidence/agents/binary-analysis/host-t5/negative-space-candidates.tsv	group=GCC-DRIVER;side=UPSTREAM-MATCHED;path=tmp/phase3c-driver/upstream-matched-zstd-r3/output/bin/riscv32-wch-elf-c++;offset=1488380..1490944;closure_event=P3F-EVENT-1730;After all 1,340 functional intervals were terminally adjudicated (748 feature-mapped, 388 host-ABI, 204 host-data) and negative-space candidates mapped, the remaining historical whole-host attribution obligation is outside the target-artifact/observable-literal gate.;Rule anchor: AGENTS.md observable boundary. Rejected alternative: full function attribution across 47 stripped Mach-O paths/four builds, at high cost without stronger target-artifact assurance. Each historical row has a one-to-one disposition; HOST-ZSTD retains L1-FEAT-ZSTD GAP evidence instead of a nonexistent V2 group pointer.
P3F-CLOSURE-0330	L1-REG-UP-MATCHED-tmp__phase3c-driver__upstream-matched-zstd-r3__output__bin__c++-0033	HOST-MACHO-UNRESOLVED-REGION	tmp/phase3c-evidence/binary-region-ledger.tsv	host-macho-unresolved-region	Phase 3c region classification=UNRESOLVED	bind the equivalent V2 interval to terminal feature evidence or rule the pure host interval out of target-artifact/literal gate	RULED-OUT-OF-GATE	tmp/phase3f-evidence/agents/binary-analysis/host-t5/historical-region-disposition.tsv::L1-REG-UP-MATCHED-tmp__phase3c-driver__upstream-matched-zstd-r3__output__bin__c++-0033	tmp/phase3f-evidence/agents/binary-analysis/host-t5/historical-region-disposition.tsv::L1-REG-UP-MATCHED-tmp__phase3c-driver__upstream-matched-zstd-r3__output__bin__c++-0033;tmp/phase3f-evidence/agents/binary-analysis/host-t5/negative-path-disposition.tsv;tmp/phase3f-evidence/agents/binary-analysis/host-t5/host-byte-disposition.tsv;tmp/phase3f-evidence/agents/binary-analysis/host-t5/decision-record.tsv::P3F-T5-HOST-MACHO;tmp/phase3f-evidence/agents/binary-analysis/host-t5/negative-space-candidates.tsv	group=GCC-DRIVER;side=UPSTREAM-MATCHED;path=tmp/phase3c-driver/upstream-matched-zstd-r3/output/bin/riscv32-wch-elf-c++;offset=1745888..1753088;closure_event=P3F-EVENT-1731;After all 1,340 functional intervals were terminally adjudicated (748 feature-mapped, 388 host-ABI, 204 host-data) and negative-space candidates mapped, the remaining historical whole-host attribution obligation is outside the target-artifact/observable-literal gate.;Rule anchor: AGENTS.md observable boundary. Rejected alternative: full function attribution across 47 stripped Mach-O paths/four builds, at high cost without stronger target-artifact assurance. Each historical row has a one-to-one disposition; HOST-ZSTD retains L1-FEAT-ZSTD GAP evidence instead of a nonexistent V2 group pointer.
P3F-CLOSURE-0331	L1-REG-UP-MATCHED-tmp__phase3c-driver__upstream-matched-zstd-r3__output__bin__c++-0035	HOST-MACHO-UNRESOLVED-REGION	tmp/phase3c-evidence/binary-region-ledger.tsv	host-macho-unresolved-region	Phase 3c region classification=UNRESOLVED	bind the equivalent V2 interval to terminal feature evidence or rule the pure host interval out of target-artifact/literal gate	RULED-OUT-OF-GATE	tmp/phase3f-evidence/agents/binary-analysis/host-t5/historical-region-disposition.tsv::L1-REG-UP-MATCHED-tmp__phase3c-driver__upstream-matched-zstd-r3__output__bin__c++-0035	tmp/phase3f-evidence/agents/binary-analysis/host-t5/historical-region-disposition.tsv::L1-REG-UP-MATCHED-tmp__phase3c-driver__upstream-matched-zstd-r3__output__bin__c++-0035;tmp/phase3f-evidence/agents/binary-analysis/host-t5/negative-path-disposition.tsv;tmp/phase3f-evidence/agents/binary-analysis/host-t5/host-byte-disposition.tsv;tmp/phase3f-evidence/agents/binary-analysis/host-t5/decision-record.tsv::P3F-T5-HOST-MACHO;tmp/phase3f-evidence/agents/binary-analysis/host-t5/negative-space-candidates.tsv	group=GCC-DRIVER;side=UPSTREAM-MATCHED;path=tmp/phase3c-driver/upstream-matched-zstd-r3/output/bin/riscv32-wch-elf-c++;offset=1755856..1769472;closure_event=P3F-EVENT-1732;After all 1,340 functional intervals were terminally adjudicated (748 feature-mapped, 388 host-ABI, 204 host-data) and negative-space candidates mapped, the remaining historical whole-host attribution obligation is outside the target-artifact/observable-literal gate.;Rule anchor: AGENTS.md observable boundary. Rejected alternative: full function attribution across 47 stripped Mach-O paths/four builds, at high cost without stronger target-artifact assurance. Each historical row has a one-to-one disposition; HOST-ZSTD retains L1-FEAT-ZSTD GAP evidence instead of a nonexistent V2 group pointer.
P3F-CLOSURE-0332	L1-REG-UP-MATCHED-tmp__phase3c-driver__upstream-matched-zstd-r3__output__bin__cpp-0022	HOST-MACHO-UNRESOLVED-REGION	tmp/phase3c-evidence/binary-region-ledger.tsv	host-macho-unresolved-region	Phase 3c region classification=UNRESOLVED	bind the equivalent V2 interval to terminal feature evidence or rule the pure host interval out of target-artifact/literal gate	RULED-OUT-OF-GATE	tmp/phase3f-evidence/agents/binary-analysis/host-t5/historical-region-disposition.tsv::L1-REG-UP-MATCHED-tmp__phase3c-driver__upstream-matched-zstd-r3__output__bin__cpp-0022	tmp/phase3f-evidence/agents/binary-analysis/host-t5/historical-region-disposition.tsv::L1-REG-UP-MATCHED-tmp__phase3c-driver__upstream-matched-zstd-r3__output__bin__cpp-0022;tmp/phase3f-evidence/agents/binary-analysis/host-t5/negative-path-disposition.tsv;tmp/phase3f-evidence/agents/binary-analysis/host-t5/host-byte-disposition.tsv;tmp/phase3f-evidence/agents/binary-analysis/host-t5/decision-record.tsv::P3F-T5-HOST-MACHO;tmp/phase3f-evidence/agents/binary-analysis/host-t5/negative-space-candidates.tsv	group=GCC-DRIVER;side=UPSTREAM-MATCHED;path=tmp/phase3c-driver/upstream-matched-zstd-r3/output/bin/riscv32-wch-elf-cpp;offset=1824..1864;closure_event=P3F-EVENT-1733;After all 1,340 functional intervals were terminally adjudicated (748 feature-mapped, 388 host-ABI, 204 host-data) and negative-space candidates mapped, the remaining historical whole-host attribution obligation is outside the target-artifact/observable-literal gate.;Rule anchor: AGENTS.md observable boundary. Rejected alternative: full function attribution across 47 stripped Mach-O paths/four builds, at high cost without stronger target-artifact assurance. Each historical row has a one-to-one disposition; HOST-ZSTD retains L1-FEAT-ZSTD GAP evidence instead of a nonexistent V2 group pointer.
P3F-CLOSURE-0333	L1-REG-UP-MATCHED-tmp__phase3c-driver__upstream-matched-zstd-r3__output__bin__cpp-0024	HOST-MACHO-UNRESOLVED-REGION	tmp/phase3c-evidence/binary-region-ledger.tsv	host-macho-unresolved-region	Phase 3c region classification=UNRESOLVED	bind the equivalent V2 interval to terminal feature evidence or rule the pure host interval out of target-artifact/literal gate	RULED-OUT-OF-GATE	tmp/phase3f-evidence/agents/binary-analysis/host-t5/historical-region-disposition.tsv::L1-REG-UP-MATCHED-tmp__phase3c-driver__upstream-matched-zstd-r3__output__bin__cpp-0024	tmp/phase3f-evidence/agents/binary-analysis/host-t5/historical-region-disposition.tsv::L1-REG-UP-MATCHED-tmp__phase3c-driver__upstream-matched-zstd-r3__output__bin__cpp-0024;tmp/phase3f-evidence/agents/binary-analysis/host-t5/negative-path-disposition.tsv;tmp/phase3f-evidence/agents/binary-analysis/host-t5/host-byte-disposition.tsv;tmp/phase3f-evidence/agents/binary-analysis/host-t5/decision-record.tsv::P3F-T5-HOST-MACHO;tmp/phase3f-evidence/agents/binary-analysis/host-t5/negative-space-candidates.tsv	group=GCC-DRIVER;side=UPSTREAM-MATCHED;path=tmp/phase3c-driver/upstream-matched-zstd-r3/output/bin/riscv32-wch-elf-cpp;offset=729504..731316;closure_event=P3F-EVENT-1734;After all 1,340 functional intervals were terminally adjudicated (748 feature-mapped, 388 host-ABI, 204 host-data) and negative-space candidates mapped, the remaining historical whole-host attribution obligation is outside the target-artifact/observable-literal gate.;Rule anchor: AGENTS.md observable boundary. Rejected alternative: full function attribution across 47 stripped Mach-O paths/four builds, at high cost without stronger target-artifact assurance. Each historical row has a one-to-one disposition; HOST-ZSTD retains L1-FEAT-ZSTD GAP evidence instead of a nonexistent V2 group pointer.
P3F-CLOSURE-0334	L1-REG-UP-MATCHED-tmp__phase3c-driver__upstream-matched-zstd-r3__output__bin__cpp-0025	HOST-MACHO-UNRESOLVED-REGION	tmp/phase3c-evidence/binary-region-ledger.tsv	host-macho-unresolved-region	Phase 3c region classification=UNRESOLVED	bind the equivalent V2 interval to terminal feature evidence or rule the pure host interval out of target-artifact/literal gate	RULED-OUT-OF-GATE	tmp/phase3f-evidence/agents/binary-analysis/host-t5/historical-region-disposition.tsv::L1-REG-UP-MATCHED-tmp__phase3c-driver__upstream-matched-zstd-r3__output__bin__cpp-0025	tmp/phase3f-evidence/agents/binary-analysis/host-t5/historical-region-disposition.tsv::L1-REG-UP-MATCHED-tmp__phase3c-driver__upstream-matched-zstd-r3__output__bin__cpp-0025;tmp/phase3f-evidence/agents/binary-analysis/host-t5/negative-path-disposition.tsv;tmp/phase3f-evidence/agents/binary-analysis/host-t5/host-byte-disposition.tsv;tmp/phase3f-evidence/agents/binary-analysis/host-t5/decision-record.tsv::P3F-T5-HOST-MACHO;tmp/phase3f-evidence/agents/binary-analysis/host-t5/negative-space-candidates.tsv	group=GCC-DRIVER;side=UPSTREAM-MATCHED;path=tmp/phase3c-driver/upstream-matched-zstd-r3/output/bin/riscv32-wch-elf-cpp;offset=731316..731332;closure_event=P3F-EVENT-1735;After all 1,340 functional intervals were terminally adjudicated (748 feature-mapped, 388 host-ABI, 204 host-data) and negative-space candidates mapped, the remaining historical whole-host attribution obligation is outside the target-artifact/observable-literal gate.;Rule anchor: AGENTS.md observable boundary. Rejected alternative: full function attribution across 47 stripped Mach-O paths/four builds, at high cost without stronger target-artifact assurance. Each historical row has a one-to-one disposition; HOST-ZSTD retains L1-FEAT-ZSTD GAP evidence instead of a nonexistent V2 group pointer.
P3F-CLOSURE-0335	L1-REG-UP-MATCHED-tmp__phase3c-driver__upstream-matched-zstd-r3__output__bin__cpp-0026	HOST-MACHO-UNRESOLVED-REGION	tmp/phase3c-evidence/binary-region-ledger.tsv	host-macho-unresolved-region	Phase 3c region classification=UNRESOLVED	bind the equivalent V2 interval to terminal feature evidence or rule the pure host interval out of target-artifact/literal gate	RULED-OUT-OF-GATE	tmp/phase3f-evidence/agents/binary-analysis/host-t5/historical-region-disposition.tsv::L1-REG-UP-MATCHED-tmp__phase3c-driver__upstream-matched-zstd-r3__output__bin__cpp-0026	tmp/phase3f-evidence/agents/binary-analysis/host-t5/historical-region-disposition.tsv::L1-REG-UP-MATCHED-tmp__phase3c-driver__upstream-matched-zstd-r3__output__bin__cpp-0026;tmp/phase3f-evidence/agents/binary-analysis/host-t5/negative-path-disposition.tsv;tmp/phase3f-evidence/agents/binary-analysis/host-t5/host-byte-disposition.tsv;tmp/phase3f-evidence/agents/binary-analysis/host-t5/decision-record.tsv::P3F-T5-HOST-MACHO;tmp/phase3f-evidence/agents/binary-analysis/host-t5/negative-space-candidates.tsv	group=GCC-DRIVER;side=UPSTREAM-MATCHED;path=tmp/phase3c-driver/upstream-matched-zstd-r3/output/bin/riscv32-wch-elf-cpp;offset=731332..731344;closure_event=P3F-EVENT-1736;After all 1,340 functional intervals were terminally adjudicated (748 feature-mapped, 388 host-ABI, 204 host-data) and negative-space candidates mapped, the remaining historical whole-host attribution obligation is outside the target-artifact/observable-literal gate.;Rule anchor: AGENTS.md observable boundary. Rejected alternative: full function attribution across 47 stripped Mach-O paths/four builds, at high cost without stronger target-artifact assurance. Each historical row has a one-to-one disposition; HOST-ZSTD retains L1-FEAT-ZSTD GAP evidence instead of a nonexistent V2 group pointer.
P3F-CLOSURE-0336	L1-REG-UP-MATCHED-tmp__phase3c-driver__upstream-matched-zstd-r3__output__bin__cpp-0029	HOST-MACHO-UNRESOLVED-REGION	tmp/phase3c-evidence/binary-region-ledger.tsv	host-macho-unresolved-region	Phase 3c region classification=UNRESOLVED	bind the equivalent V2 interval to terminal feature evidence or rule the pure host interval out of target-artifact/literal gate	RULED-OUT-OF-GATE	tmp/phase3f-evidence/agents/binary-analysis/host-t5/historical-region-disposition.tsv::L1-REG-UP-MATCHED-tmp__phase3c-driver__upstream-matched-zstd-r3__output__bin__cpp-0029	tmp/phase3f-evidence/agents/binary-analysis/host-t5/historical-region-disposition.tsv::L1-REG-UP-MATCHED-tmp__phase3c-driver__upstream-matched-zstd-r3__output__bin__cpp-0029;tmp/phase3f-evidence/agents/binary-analysis/host-t5/negative-path-disposition.tsv;tmp/phase3f-evidence/agents/binary-analysis/host-t5/host-byte-disposition.tsv;tmp/phase3f-evidence/agents/binary-analysis/host-t5/decision-record.tsv::P3F-T5-HOST-MACHO;tmp/phase3f-evidence/agents/binary-analysis/host-t5/negative-space-candidates.tsv	group=GCC-DRIVER;side=UPSTREAM-MATCHED;path=tmp/phase3c-driver/upstream-matched-zstd-r3/output/bin/riscv32-wch-elf-cpp;offset=1418011..1418012;closure_event=P3F-EVENT-1737;After all 1,340 functional intervals were terminally adjudicated (748 feature-mapped, 388 host-ABI, 204 host-data) and negative-space candidates mapped, the remaining historical whole-host attribution obligation is outside the target-artifact/observable-literal gate.;Rule anchor: AGENTS.md observable boundary. Rejected alternative: full function attribution across 47 stripped Mach-O paths/four builds, at high cost without stronger target-artifact assurance. Each historical row has a one-to-one disposition; HOST-ZSTD retains L1-FEAT-ZSTD GAP evidence instead of a nonexistent V2 group pointer.
P3F-CLOSURE-0337	L1-REG-UP-MATCHED-tmp__phase3c-driver__upstream-matched-zstd-r3__output__bin__cpp-0031	HOST-MACHO-UNRESOLVED-REGION	tmp/phase3c-evidence/binary-region-ledger.tsv	host-macho-unresolved-region	Phase 3c region classification=UNRESOLVED	bind the equivalent V2 interval to terminal feature evidence or rule the pure host interval out of target-artifact/literal gate	RULED-OUT-OF-GATE	tmp/phase3f-evidence/agents/binary-analysis/host-t5/historical-region-disposition.tsv::L1-REG-UP-MATCHED-tmp__phase3c-driver__upstream-matched-zstd-r3__output__bin__cpp-0031	tmp/phase3f-evidence/agents/binary-analysis/host-t5/historical-region-disposition.tsv::L1-REG-UP-MATCHED-tmp__phase3c-driver__upstream-matched-zstd-r3__output__bin__cpp-0031;tmp/phase3f-evidence/agents/binary-analysis/host-t5/negative-path-disposition.tsv;tmp/phase3f-evidence/agents/binary-analysis/host-t5/host-byte-disposition.tsv;tmp/phase3f-evidence/agents/binary-analysis/host-t5/decision-record.tsv::P3F-T5-HOST-MACHO;tmp/phase3f-evidence/agents/binary-analysis/host-t5/negative-space-candidates.tsv	group=GCC-DRIVER;side=UPSTREAM-MATCHED;path=tmp/phase3c-driver/upstream-matched-zstd-r3/output/bin/riscv32-wch-elf-cpp;offset=1427188..1427192;closure_event=P3F-EVENT-1738;After all 1,340 functional intervals were terminally adjudicated (748 feature-mapped, 388 host-ABI, 204 host-data) and negative-space candidates mapped, the remaining historical whole-host attribution obligation is outside the target-artifact/observable-literal gate.;Rule anchor: AGENTS.md observable boundary. Rejected alternative: full function attribution across 47 stripped Mach-O paths/four builds, at high cost without stronger target-artifact assurance. Each historical row has a one-to-one disposition; HOST-ZSTD retains L1-FEAT-ZSTD GAP evidence instead of a nonexistent V2 group pointer.
P3F-CLOSURE-0338	L1-REG-UP-MATCHED-tmp__phase3c-driver__upstream-matched-zstd-r3__output__bin__cpp-0033	HOST-MACHO-UNRESOLVED-REGION	tmp/phase3c-evidence/binary-region-ledger.tsv	host-macho-unresolved-region	Phase 3c region classification=UNRESOLVED	bind the equivalent V2 interval to terminal feature evidence or rule the pure host interval out of target-artifact/literal gate	RULED-OUT-OF-GATE	tmp/phase3f-evidence/agents/binary-analysis/host-t5/historical-region-disposition.tsv::L1-REG-UP-MATCHED-tmp__phase3c-driver__upstream-matched-zstd-r3__output__bin__cpp-0033	tmp/phase3f-evidence/agents/binary-analysis/host-t5/historical-region-disposition.tsv::L1-REG-UP-MATCHED-tmp__phase3c-driver__upstream-matched-zstd-r3__output__bin__cpp-0033;tmp/phase3f-evidence/agents/binary-analysis/host-t5/negative-path-disposition.tsv;tmp/phase3f-evidence/agents/binary-analysis/host-t5/host-byte-disposition.tsv;tmp/phase3f-evidence/agents/binary-analysis/host-t5/decision-record.tsv::P3F-T5-HOST-MACHO;tmp/phase3f-evidence/agents/binary-analysis/host-t5/negative-space-candidates.tsv	group=GCC-DRIVER;side=UPSTREAM-MATCHED;path=tmp/phase3c-driver/upstream-matched-zstd-r3/output/bin/riscv32-wch-elf-cpp;offset=1486980..1490944;closure_event=P3F-EVENT-1739;After all 1,340 functional intervals were terminally adjudicated (748 feature-mapped, 388 host-ABI, 204 host-data) and negative-space candidates mapped, the remaining historical whole-host attribution obligation is outside the target-artifact/observable-literal gate.;Rule anchor: AGENTS.md observable boundary. Rejected alternative: full function attribution across 47 stripped Mach-O paths/four builds, at high cost without stronger target-artifact assurance. Each historical row has a one-to-one disposition; HOST-ZSTD retains L1-FEAT-ZSTD GAP evidence instead of a nonexistent V2 group pointer.
P3F-CLOSURE-0339	L1-REG-UP-MATCHED-tmp__phase3c-driver__upstream-matched-zstd-r3__output__bin__cpp-0036	HOST-MACHO-UNRESOLVED-REGION	tmp/phase3c-evidence/binary-region-ledger.tsv	host-macho-unresolved-region	Phase 3c region classification=UNRESOLVED	bind the equivalent V2 interval to terminal feature evidence or rule the pure host interval out of target-artifact/literal gate	RULED-OUT-OF-GATE	tmp/phase3f-evidence/agents/binary-analysis/host-t5/historical-region-disposition.tsv::L1-REG-UP-MATCHED-tmp__phase3c-driver__upstream-matched-zstd-r3__output__bin__cpp-0036	tmp/phase3f-evidence/agents/binary-analysis/host-t5/historical-region-disposition.tsv::L1-REG-UP-MATCHED-tmp__phase3c-driver__upstream-matched-zstd-r3__output__bin__cpp-0036;tmp/phase3f-evidence/agents/binary-analysis/host-t5/negative-path-disposition.tsv;tmp/phase3f-evidence/agents/binary-analysis/host-t5/host-byte-disposition.tsv;tmp/phase3f-evidence/agents/binary-analysis/host-t5/decision-record.tsv::P3F-T5-HOST-MACHO;tmp/phase3f-evidence/agents/binary-analysis/host-t5/negative-space-candidates.tsv	group=GCC-DRIVER;side=UPSTREAM-MATCHED;path=tmp/phase3c-driver/upstream-matched-zstd-r3/output/bin/riscv32-wch-elf-cpp;offset=1745888..1753088;closure_event=P3F-EVENT-1740;After all 1,340 functional intervals were terminally adjudicated (748 feature-mapped, 388 host-ABI, 204 host-data) and negative-space candidates mapped, the remaining historical whole-host attribution obligation is outside the target-artifact/observable-literal gate.;Rule anchor: AGENTS.md observable boundary. Rejected alternative: full function attribution across 47 stripped Mach-O paths/four builds, at high cost without stronger target-artifact assurance. Each historical row has a one-to-one disposition; HOST-ZSTD retains L1-FEAT-ZSTD GAP evidence instead of a nonexistent V2 group pointer.
P3F-CLOSURE-0340	L1-REG-UP-MATCHED-tmp__phase3c-driver__upstream-matched-zstd-r3__output__bin__cpp-0038	HOST-MACHO-UNRESOLVED-REGION	tmp/phase3c-evidence/binary-region-ledger.tsv	host-macho-unresolved-region	Phase 3c region classification=UNRESOLVED	bind the equivalent V2 interval to terminal feature evidence or rule the pure host interval out of target-artifact/literal gate	RULED-OUT-OF-GATE	tmp/phase3f-evidence/agents/binary-analysis/host-t5/historical-region-disposition.tsv::L1-REG-UP-MATCHED-tmp__phase3c-driver__upstream-matched-zstd-r3__output__bin__cpp-0038	tmp/phase3f-evidence/agents/binary-analysis/host-t5/historical-region-disposition.tsv::L1-REG-UP-MATCHED-tmp__phase3c-driver__upstream-matched-zstd-r3__output__bin__cpp-0038;tmp/phase3f-evidence/agents/binary-analysis/host-t5/negative-path-disposition.tsv;tmp/phase3f-evidence/agents/binary-analysis/host-t5/host-byte-disposition.tsv;tmp/phase3f-evidence/agents/binary-analysis/host-t5/decision-record.tsv::P3F-T5-HOST-MACHO;tmp/phase3f-evidence/agents/binary-analysis/host-t5/negative-space-candidates.tsv	group=GCC-DRIVER;side=UPSTREAM-MATCHED;path=tmp/phase3c-driver/upstream-matched-zstd-r3/output/bin/riscv32-wch-elf-cpp;offset=1755856..1769472;closure_event=P3F-EVENT-1741;After all 1,340 functional intervals were terminally adjudicated (748 feature-mapped, 388 host-ABI, 204 host-data) and negative-space candidates mapped, the remaining historical whole-host attribution obligation is outside the target-artifact/observable-literal gate.;Rule anchor: AGENTS.md observable boundary. Rejected alternative: full function attribution across 47 stripped Mach-O paths/four builds, at high cost without stronger target-artifact assurance. Each historical row has a one-to-one disposition; HOST-ZSTD retains L1-FEAT-ZSTD GAP evidence instead of a nonexistent V2 group pointer.
P3F-CLOSURE-0341	L1-REG-UP-MATCHED-tmp__phase3c-driver__upstream-matched-zstd-r3__output__bin__g++-0022	HOST-MACHO-UNRESOLVED-REGION	tmp/phase3c-evidence/binary-region-ledger.tsv	host-macho-unresolved-region	Phase 3c region classification=UNRESOLVED	bind the equivalent V2 interval to terminal feature evidence or rule the pure host interval out of target-artifact/literal gate	RULED-OUT-OF-GATE	tmp/phase3f-evidence/agents/binary-analysis/host-t5/historical-region-disposition.tsv::L1-REG-UP-MATCHED-tmp__phase3c-driver__upstream-matched-zstd-r3__output__bin__g++-0022	tmp/phase3f-evidence/agents/binary-analysis/host-t5/historical-region-disposition.tsv::L1-REG-UP-MATCHED-tmp__phase3c-driver__upstream-matched-zstd-r3__output__bin__g++-0022;tmp/phase3f-evidence/agents/binary-analysis/host-t5/negative-path-disposition.tsv;tmp/phase3f-evidence/agents/binary-analysis/host-t5/host-byte-disposition.tsv;tmp/phase3f-evidence/agents/binary-analysis/host-t5/decision-record.tsv::P3F-T5-HOST-MACHO;tmp/phase3f-evidence/agents/binary-analysis/host-t5/negative-space-candidates.tsv	group=GCC-DRIVER;side=UPSTREAM-MATCHED;path=tmp/phase3c-driver/upstream-matched-zstd-r3/output/bin/riscv32-wch-elf-g++;offset=1824..1864;closure_event=P3F-EVENT-1742;After all 1,340 functional intervals were terminally adjudicated (748 feature-mapped, 388 host-ABI, 204 host-data) and negative-space candidates mapped, the remaining historical whole-host attribution obligation is outside the target-artifact/observable-literal gate.;Rule anchor: AGENTS.md observable boundary. Rejected alternative: full function attribution across 47 stripped Mach-O paths/four builds, at high cost without stronger target-artifact assurance. Each historical row has a one-to-one disposition; HOST-ZSTD retains L1-FEAT-ZSTD GAP evidence instead of a nonexistent V2 group pointer.
P3F-CLOSURE-0342	L1-REG-UP-MATCHED-tmp__phase3c-driver__upstream-matched-zstd-r3__output__bin__g++-0024	HOST-MACHO-UNRESOLVED-REGION	tmp/phase3c-evidence/binary-region-ledger.tsv	host-macho-unresolved-region	Phase 3c region classification=UNRESOLVED	bind the equivalent V2 interval to terminal feature evidence or rule the pure host interval out of target-artifact/literal gate	RULED-OUT-OF-GATE	tmp/phase3f-evidence/agents/binary-analysis/host-t5/historical-region-disposition.tsv::L1-REG-UP-MATCHED-tmp__phase3c-driver__upstream-matched-zstd-r3__output__bin__g++-0024	tmp/phase3f-evidence/agents/binary-analysis/host-t5/historical-region-disposition.tsv::L1-REG-UP-MATCHED-tmp__phase3c-driver__upstream-matched-zstd-r3__output__bin__g++-0024;tmp/phase3f-evidence/agents/binary-analysis/host-t5/negative-path-disposition.tsv;tmp/phase3f-evidence/agents/binary-analysis/host-t5/host-byte-disposition.tsv;tmp/phase3f-evidence/agents/binary-analysis/host-t5/decision-record.tsv::P3F-T5-HOST-MACHO;tmp/phase3f-evidence/agents/binary-analysis/host-t5/negative-space-candidates.tsv	group=GCC-DRIVER;side=UPSTREAM-MATCHED;path=tmp/phase3c-driver/upstream-matched-zstd-r3/output/bin/riscv32-wch-elf-g++;offset=730844..732656;closure_event=P3F-EVENT-1743;After all 1,340 functional intervals were terminally adjudicated (748 feature-mapped, 388 host-ABI, 204 host-data) and negative-space candidates mapped, the remaining historical whole-host attribution obligation is outside the target-artifact/observable-literal gate.;Rule anchor: AGENTS.md observable boundary. Rejected alternative: full function attribution across 47 stripped Mach-O paths/four builds, at high cost without stronger target-artifact assurance. Each historical row has a one-to-one disposition; HOST-ZSTD retains L1-FEAT-ZSTD GAP evidence instead of a nonexistent V2 group pointer.
P3F-CLOSURE-0343	L1-REG-UP-MATCHED-tmp__phase3c-driver__upstream-matched-zstd-r3__output__bin__g++-0025	HOST-MACHO-UNRESOLVED-REGION	tmp/phase3c-evidence/binary-region-ledger.tsv	host-macho-unresolved-region	Phase 3c region classification=UNRESOLVED	bind the equivalent V2 interval to terminal feature evidence or rule the pure host interval out of target-artifact/literal gate	RULED-OUT-OF-GATE	tmp/phase3f-evidence/agents/binary-analysis/host-t5/historical-region-disposition.tsv::L1-REG-UP-MATCHED-tmp__phase3c-driver__upstream-matched-zstd-r3__output__bin__g++-0025	tmp/phase3f-evidence/agents/binary-analysis/host-t5/historical-region-disposition.tsv::L1-REG-UP-MATCHED-tmp__phase3c-driver__upstream-matched-zstd-r3__output__bin__g++-0025;tmp/phase3f-evidence/agents/binary-analysis/host-t5/negative-path-disposition.tsv;tmp/phase3f-evidence/agents/binary-analysis/host-t5/host-byte-disposition.tsv;tmp/phase3f-evidence/agents/binary-analysis/host-t5/decision-record.tsv::P3F-T5-HOST-MACHO;tmp/phase3f-evidence/agents/binary-analysis/host-t5/negative-space-candidates.tsv	group=GCC-DRIVER;side=UPSTREAM-MATCHED;path=tmp/phase3c-driver/upstream-matched-zstd-r3/output/bin/riscv32-wch-elf-g++;offset=732656..732672;closure_event=P3F-EVENT-1744;After all 1,340 functional intervals were terminally adjudicated (748 feature-mapped, 388 host-ABI, 204 host-data) and negative-space candidates mapped, the remaining historical whole-host attribution obligation is outside the target-artifact/observable-literal gate.;Rule anchor: AGENTS.md observable boundary. Rejected alternative: full function attribution across 47 stripped Mach-O paths/four builds, at high cost without stronger target-artifact assurance. Each historical row has a one-to-one disposition; HOST-ZSTD retains L1-FEAT-ZSTD GAP evidence instead of a nonexistent V2 group pointer.
P3F-CLOSURE-0344	L1-REG-UP-MATCHED-tmp__phase3c-driver__upstream-matched-zstd-r3__output__bin__g++-0030	HOST-MACHO-UNRESOLVED-REGION	tmp/phase3c-evidence/binary-region-ledger.tsv	host-macho-unresolved-region	Phase 3c region classification=UNRESOLVED	bind the equivalent V2 interval to terminal feature evidence or rule the pure host interval out of target-artifact/literal gate	RULED-OUT-OF-GATE	tmp/phase3f-evidence/agents/binary-analysis/host-t5/historical-region-disposition.tsv::L1-REG-UP-MATCHED-tmp__phase3c-driver__upstream-matched-zstd-r3__output__bin__g++-0030	tmp/phase3f-evidence/agents/binary-analysis/host-t5/historical-region-disposition.tsv::L1-REG-UP-MATCHED-tmp__phase3c-driver__upstream-matched-zstd-r3__output__bin__g++-0030;tmp/phase3f-evidence/agents/binary-analysis/host-t5/negative-path-disposition.tsv;tmp/phase3f-evidence/agents/binary-analysis/host-t5/host-byte-disposition.tsv;tmp/phase3f-evidence/agents/binary-analysis/host-t5/decision-record.tsv::P3F-T5-HOST-MACHO;tmp/phase3f-evidence/agents/binary-analysis/host-t5/negative-space-candidates.tsv	group=GCC-DRIVER;side=UPSTREAM-MATCHED;path=tmp/phase3c-driver/upstream-matched-zstd-r3/output/bin/riscv32-wch-elf-g++;offset=1488380..1490944;closure_event=P3F-EVENT-1745;After all 1,340 functional intervals were terminally adjudicated (748 feature-mapped, 388 host-ABI, 204 host-data) and negative-space candidates mapped, the remaining historical whole-host attribution obligation is outside the target-artifact/observable-literal gate.;Rule anchor: AGENTS.md observable boundary. Rejected alternative: full function attribution across 47 stripped Mach-O paths/four builds, at high cost without stronger target-artifact assurance. Each historical row has a one-to-one disposition; HOST-ZSTD retains L1-FEAT-ZSTD GAP evidence instead of a nonexistent V2 group pointer.
P3F-CLOSURE-0345	L1-REG-UP-MATCHED-tmp__phase3c-driver__upstream-matched-zstd-r3__output__bin__g++-0033	HOST-MACHO-UNRESOLVED-REGION	tmp/phase3c-evidence/binary-region-ledger.tsv	host-macho-unresolved-region	Phase 3c region classification=UNRESOLVED	bind the equivalent V2 interval to terminal feature evidence or rule the pure host interval out of target-artifact/literal gate	RULED-OUT-OF-GATE	tmp/phase3f-evidence/agents/binary-analysis/host-t5/historical-region-disposition.tsv::L1-REG-UP-MATCHED-tmp__phase3c-driver__upstream-matched-zstd-r3__output__bin__g++-0033	tmp/phase3f-evidence/agents/binary-analysis/host-t5/historical-region-disposition.tsv::L1-REG-UP-MATCHED-tmp__phase3c-driver__upstream-matched-zstd-r3__output__bin__g++-0033;tmp/phase3f-evidence/agents/binary-analysis/host-t5/negative-path-disposition.tsv;tmp/phase3f-evidence/agents/binary-analysis/host-t5/host-byte-disposition.tsv;tmp/phase3f-evidence/agents/binary-analysis/host-t5/decision-record.tsv::P3F-T5-HOST-MACHO;tmp/phase3f-evidence/agents/binary-analysis/host-t5/negative-space-candidates.tsv	group=GCC-DRIVER;side=UPSTREAM-MATCHED;path=tmp/phase3c-driver/upstream-matched-zstd-r3/output/bin/riscv32-wch-elf-g++;offset=1745888..1753088;closure_event=P3F-EVENT-1746;After all 1,340 functional intervals were terminally adjudicated (748 feature-mapped, 388 host-ABI, 204 host-data) and negative-space candidates mapped, the remaining historical whole-host attribution obligation is outside the target-artifact/observable-literal gate.;Rule anchor: AGENTS.md observable boundary. Rejected alternative: full function attribution across 47 stripped Mach-O paths/four builds, at high cost without stronger target-artifact assurance. Each historical row has a one-to-one disposition; HOST-ZSTD retains L1-FEAT-ZSTD GAP evidence instead of a nonexistent V2 group pointer.
P3F-CLOSURE-0346	L1-REG-UP-MATCHED-tmp__phase3c-driver__upstream-matched-zstd-r3__output__bin__g++-0035	HOST-MACHO-UNRESOLVED-REGION	tmp/phase3c-evidence/binary-region-ledger.tsv	host-macho-unresolved-region	Phase 3c region classification=UNRESOLVED	bind the equivalent V2 interval to terminal feature evidence or rule the pure host interval out of target-artifact/literal gate	RULED-OUT-OF-GATE	tmp/phase3f-evidence/agents/binary-analysis/host-t5/historical-region-disposition.tsv::L1-REG-UP-MATCHED-tmp__phase3c-driver__upstream-matched-zstd-r3__output__bin__g++-0035	tmp/phase3f-evidence/agents/binary-analysis/host-t5/historical-region-disposition.tsv::L1-REG-UP-MATCHED-tmp__phase3c-driver__upstream-matched-zstd-r3__output__bin__g++-0035;tmp/phase3f-evidence/agents/binary-analysis/host-t5/negative-path-disposition.tsv;tmp/phase3f-evidence/agents/binary-analysis/host-t5/host-byte-disposition.tsv;tmp/phase3f-evidence/agents/binary-analysis/host-t5/decision-record.tsv::P3F-T5-HOST-MACHO;tmp/phase3f-evidence/agents/binary-analysis/host-t5/negative-space-candidates.tsv	group=GCC-DRIVER;side=UPSTREAM-MATCHED;path=tmp/phase3c-driver/upstream-matched-zstd-r3/output/bin/riscv32-wch-elf-g++;offset=1755856..1769472;closure_event=P3F-EVENT-1747;After all 1,340 functional intervals were terminally adjudicated (748 feature-mapped, 388 host-ABI, 204 host-data) and negative-space candidates mapped, the remaining historical whole-host attribution obligation is outside the target-artifact/observable-literal gate.;Rule anchor: AGENTS.md observable boundary. Rejected alternative: full function attribution across 47 stripped Mach-O paths/four builds, at high cost without stronger target-artifact assurance. Each historical row has a one-to-one disposition; HOST-ZSTD retains L1-FEAT-ZSTD GAP evidence instead of a nonexistent V2 group pointer.
P3F-CLOSURE-0347	L1-REG-UP-MATCHED-tmp__phase3c-driver__upstream-matched-zstd-r3__output__bin__gcc-0022	HOST-MACHO-UNRESOLVED-REGION	tmp/phase3c-evidence/binary-region-ledger.tsv	host-macho-unresolved-region	Phase 3c region classification=UNRESOLVED	bind the equivalent V2 interval to terminal feature evidence or rule the pure host interval out of target-artifact/literal gate	RULED-OUT-OF-GATE	tmp/phase3f-evidence/agents/binary-analysis/host-t5/historical-region-disposition.tsv::L1-REG-UP-MATCHED-tmp__phase3c-driver__upstream-matched-zstd-r3__output__bin__gcc-0022	tmp/phase3f-evidence/agents/binary-analysis/host-t5/historical-region-disposition.tsv::L1-REG-UP-MATCHED-tmp__phase3c-driver__upstream-matched-zstd-r3__output__bin__gcc-0022;tmp/phase3f-evidence/agents/binary-analysis/host-t5/negative-path-disposition.tsv;tmp/phase3f-evidence/agents/binary-analysis/host-t5/host-byte-disposition.tsv;tmp/phase3f-evidence/agents/binary-analysis/host-t5/decision-record.tsv::P3F-T5-HOST-MACHO;tmp/phase3f-evidence/agents/binary-analysis/host-t5/negative-space-candidates.tsv	group=GCC-DRIVER;side=UPSTREAM-MATCHED;path=tmp/phase3c-driver/upstream-matched-zstd-r3/output/bin/riscv32-wch-elf-gcc;offset=1824..1864;closure_event=P3F-EVENT-1748;After all 1,340 functional intervals were terminally adjudicated (748 feature-mapped, 388 host-ABI, 204 host-data) and negative-space candidates mapped, the remaining historical whole-host attribution obligation is outside the target-artifact/observable-literal gate.;Rule anchor: AGENTS.md observable boundary. Rejected alternative: full function attribution across 47 stripped Mach-O paths/four builds, at high cost without stronger target-artifact assurance. Each historical row has a one-to-one disposition; HOST-ZSTD retains L1-FEAT-ZSTD GAP evidence instead of a nonexistent V2 group pointer.
P3F-CLOSURE-0348	L1-REG-UP-MATCHED-tmp__phase3c-driver__upstream-matched-zstd-r3__output__bin__gcc-0024	HOST-MACHO-UNRESOLVED-REGION	tmp/phase3c-evidence/binary-region-ledger.tsv	host-macho-unresolved-region	Phase 3c region classification=UNRESOLVED	bind the equivalent V2 interval to terminal feature evidence or rule the pure host interval out of target-artifact/literal gate	RULED-OUT-OF-GATE	tmp/phase3f-evidence/agents/binary-analysis/host-t5/historical-region-disposition.tsv::L1-REG-UP-MATCHED-tmp__phase3c-driver__upstream-matched-zstd-r3__output__bin__gcc-0024	tmp/phase3f-evidence/agents/binary-analysis/host-t5/historical-region-disposition.tsv::L1-REG-UP-MATCHED-tmp__phase3c-driver__upstream-matched-zstd-r3__output__bin__gcc-0024;tmp/phase3f-evidence/agents/binary-analysis/host-t5/negative-path-disposition.tsv;tmp/phase3f-evidence/agents/binary-analysis/host-t5/host-byte-disposition.tsv;tmp/phase3f-evidence/agents/binary-analysis/host-t5/decision-record.tsv::P3F-T5-HOST-MACHO;tmp/phase3f-evidence/agents/binary-analysis/host-t5/negative-space-candidates.tsv	group=GCC-DRIVER;side=UPSTREAM-MATCHED;path=tmp/phase3c-driver/upstream-matched-zstd-r3/output/bin/riscv32-wch-elf-gcc;offset=728432..730244;closure_event=P3F-EVENT-1749;After all 1,340 functional intervals were terminally adjudicated (748 feature-mapped, 388 host-ABI, 204 host-data) and negative-space candidates mapped, the remaining historical whole-host attribution obligation is outside the target-artifact/observable-literal gate.;Rule anchor: AGENTS.md observable boundary. Rejected alternative: full function attribution across 47 stripped Mach-O paths/four builds, at high cost without stronger target-artifact assurance. Each historical row has a one-to-one disposition; HOST-ZSTD retains L1-FEAT-ZSTD GAP evidence instead of a nonexistent V2 group pointer.
P3F-CLOSURE-0349	L1-REG-UP-MATCHED-tmp__phase3c-driver__upstream-matched-zstd-r3__output__bin__gcc-0025	HOST-MACHO-UNRESOLVED-REGION	tmp/phase3c-evidence/binary-region-ledger.tsv	host-macho-unresolved-region	Phase 3c region classification=UNRESOLVED	bind the equivalent V2 interval to terminal feature evidence or rule the pure host interval out of target-artifact/literal gate	RULED-OUT-OF-GATE	tmp/phase3f-evidence/agents/binary-analysis/host-t5/historical-region-disposition.tsv::L1-REG-UP-MATCHED-tmp__phase3c-driver__upstream-matched-zstd-r3__output__bin__gcc-0025	tmp/phase3f-evidence/agents/binary-analysis/host-t5/historical-region-disposition.tsv::L1-REG-UP-MATCHED-tmp__phase3c-driver__upstream-matched-zstd-r3__output__bin__gcc-0025;tmp/phase3f-evidence/agents/binary-analysis/host-t5/negative-path-disposition.tsv;tmp/phase3f-evidence/agents/binary-analysis/host-t5/host-byte-disposition.tsv;tmp/phase3f-evidence/agents/binary-analysis/host-t5/decision-record.tsv::P3F-T5-HOST-MACHO;tmp/phase3f-evidence/agents/binary-analysis/host-t5/negative-space-candidates.tsv	group=GCC-DRIVER;side=UPSTREAM-MATCHED;path=tmp/phase3c-driver/upstream-matched-zstd-r3/output/bin/riscv32-wch-elf-gcc;offset=730244..730260;closure_event=P3F-EVENT-1750;After all 1,340 functional intervals were terminally adjudicated (748 feature-mapped, 388 host-ABI, 204 host-data) and negative-space candidates mapped, the remaining historical whole-host attribution obligation is outside the target-artifact/observable-literal gate.;Rule anchor: AGENTS.md observable boundary. Rejected alternative: full function attribution across 47 stripped Mach-O paths/four builds, at high cost without stronger target-artifact assurance. Each historical row has a one-to-one disposition; HOST-ZSTD retains L1-FEAT-ZSTD GAP evidence instead of a nonexistent V2 group pointer.
P3F-CLOSURE-0350	L1-REG-UP-MATCHED-tmp__phase3c-driver__upstream-matched-zstd-r3__output__bin__gcc-0026	HOST-MACHO-UNRESOLVED-REGION	tmp/phase3c-evidence/binary-region-ledger.tsv	host-macho-unresolved-region	Phase 3c region classification=UNRESOLVED	bind the equivalent V2 interval to terminal feature evidence or rule the pure host interval out of target-artifact/literal gate	RULED-OUT-OF-GATE	tmp/phase3f-evidence/agents/binary-analysis/host-t5/historical-region-disposition.tsv::L1-REG-UP-MATCHED-tmp__phase3c-driver__upstream-matched-zstd-r3__output__bin__gcc-0026	tmp/phase3f-evidence/agents/binary-analysis/host-t5/historical-region-disposition.tsv::L1-REG-UP-MATCHED-tmp__phase3c-driver__upstream-matched-zstd-r3__output__bin__gcc-0026;tmp/phase3f-evidence/agents/binary-analysis/host-t5/negative-path-disposition.tsv;tmp/phase3f-evidence/agents/binary-analysis/host-t5/host-byte-disposition.tsv;tmp/phase3f-evidence/agents/binary-analysis/host-t5/decision-record.tsv::P3F-T5-HOST-MACHO;tmp/phase3f-evidence/agents/binary-analysis/host-t5/negative-space-candidates.tsv	group=GCC-DRIVER;side=UPSTREAM-MATCHED;path=tmp/phase3c-driver/upstream-matched-zstd-r3/output/bin/riscv32-wch-elf-gcc;offset=730260..730272;closure_event=P3F-EVENT-1751;After all 1,340 functional intervals were terminally adjudicated (748 feature-mapped, 388 host-ABI, 204 host-data) and negative-space candidates mapped, the remaining historical whole-host attribution obligation is outside the target-artifact/observable-literal gate.;Rule anchor: AGENTS.md observable boundary. Rejected alternative: full function attribution across 47 stripped Mach-O paths/four builds, at high cost without stronger target-artifact assurance. Each historical row has a one-to-one disposition; HOST-ZSTD retains L1-FEAT-ZSTD GAP evidence instead of a nonexistent V2 group pointer.
P3F-CLOSURE-0351	L1-REG-UP-MATCHED-tmp__phase3c-driver__upstream-matched-zstd-r3__output__bin__gcc-0029	HOST-MACHO-UNRESOLVED-REGION	tmp/phase3c-evidence/binary-region-ledger.tsv	host-macho-unresolved-region	Phase 3c region classification=UNRESOLVED	bind the equivalent V2 interval to terminal feature evidence or rule the pure host interval out of target-artifact/literal gate	RULED-OUT-OF-GATE	tmp/phase3f-evidence/agents/binary-analysis/host-t5/historical-region-disposition.tsv::L1-REG-UP-MATCHED-tmp__phase3c-driver__upstream-matched-zstd-r3__output__bin__gcc-0029	tmp/phase3f-evidence/agents/binary-analysis/host-t5/historical-region-disposition.tsv::L1-REG-UP-MATCHED-tmp__phase3c-driver__upstream-matched-zstd-r3__output__bin__gcc-0029;tmp/phase3f-evidence/agents/binary-analysis/host-t5/negative-path-disposition.tsv;tmp/phase3f-evidence/agents/binary-analysis/host-t5/host-byte-disposition.tsv;tmp/phase3f-evidence/agents/binary-analysis/host-t5/decision-record.tsv::P3F-T5-HOST-MACHO;tmp/phase3f-evidence/agents/binary-analysis/host-t5/negative-space-candidates.tsv	group=GCC-DRIVER;side=UPSTREAM-MATCHED;path=tmp/phase3c-driver/upstream-matched-zstd-r3/output/bin/riscv32-wch-elf-gcc;offset=1416853..1416856;closure_event=P3F-EVENT-1752;After all 1,340 functional intervals were terminally adjudicated (748 feature-mapped, 388 host-ABI, 204 host-data) and negative-space candidates mapped, the remaining historical whole-host attribution obligation is outside the target-artifact/observable-literal gate.;Rule anchor: AGENTS.md observable boundary. Rejected alternative: full function attribution across 47 stripped Mach-O paths/four builds, at high cost without stronger target-artifact assurance. Each historical row has a one-to-one disposition; HOST-ZSTD retains L1-FEAT-ZSTD GAP evidence instead of a nonexistent V2 group pointer.
P3F-CLOSURE-0352	L1-REG-UP-MATCHED-tmp__phase3c-driver__upstream-matched-zstd-r3__output__bin__gcc-0032	HOST-MACHO-UNRESOLVED-REGION	tmp/phase3c-evidence/binary-region-ledger.tsv	host-macho-unresolved-region	Phase 3c region classification=UNRESOLVED	bind the equivalent V2 interval to terminal feature evidence or rule the pure host interval out of target-artifact/literal gate	RULED-OUT-OF-GATE	tmp/phase3f-evidence/agents/binary-analysis/host-t5/historical-region-disposition.tsv::L1-REG-UP-MATCHED-tmp__phase3c-driver__upstream-matched-zstd-r3__output__bin__gcc-0032	tmp/phase3f-evidence/agents/binary-analysis/host-t5/historical-region-disposition.tsv::L1-REG-UP-MATCHED-tmp__phase3c-driver__upstream-matched-zstd-r3__output__bin__gcc-0032;tmp/phase3f-evidence/agents/binary-analysis/host-t5/negative-path-disposition.tsv;tmp/phase3f-evidence/agents/binary-analysis/host-t5/host-byte-disposition.tsv;tmp/phase3f-evidence/agents/binary-analysis/host-t5/decision-record.tsv::P3F-T5-HOST-MACHO;tmp/phase3f-evidence/agents/binary-analysis/host-t5/negative-space-candidates.tsv	group=GCC-DRIVER;side=UPSTREAM-MATCHED;path=tmp/phase3c-driver/upstream-matched-zstd-r3/output/bin/riscv32-wch-elf-gcc;offset=1485708..1490944;closure_event=P3F-EVENT-1753;After all 1,340 functional intervals were terminally adjudicated (748 feature-mapped, 388 host-ABI, 204 host-data) and negative-space candidates mapped, the remaining historical whole-host attribution obligation is outside the target-artifact/observable-literal gate.;Rule anchor: AGENTS.md observable boundary. Rejected alternative: full function attribution across 47 stripped Mach-O paths/four builds, at high cost without stronger target-artifact assurance. Each historical row has a one-to-one disposition; HOST-ZSTD retains L1-FEAT-ZSTD GAP evidence instead of a nonexistent V2 group pointer.
P3F-CLOSURE-0353	L1-REG-UP-MATCHED-tmp__phase3c-driver__upstream-matched-zstd-r3__output__bin__gcc-0035	HOST-MACHO-UNRESOLVED-REGION	tmp/phase3c-evidence/binary-region-ledger.tsv	host-macho-unresolved-region	Phase 3c region classification=UNRESOLVED	bind the equivalent V2 interval to terminal feature evidence or rule the pure host interval out of target-artifact/literal gate	RULED-OUT-OF-GATE	tmp/phase3f-evidence/agents/binary-analysis/host-t5/historical-region-disposition.tsv::L1-REG-UP-MATCHED-tmp__phase3c-driver__upstream-matched-zstd-r3__output__bin__gcc-0035	tmp/phase3f-evidence/agents/binary-analysis/host-t5/historical-region-disposition.tsv::L1-REG-UP-MATCHED-tmp__phase3c-driver__upstream-matched-zstd-r3__output__bin__gcc-0035;tmp/phase3f-evidence/agents/binary-analysis/host-t5/negative-path-disposition.tsv;tmp/phase3f-evidence/agents/binary-analysis/host-t5/host-byte-disposition.tsv;tmp/phase3f-evidence/agents/binary-analysis/host-t5/decision-record.tsv::P3F-T5-HOST-MACHO;tmp/phase3f-evidence/agents/binary-analysis/host-t5/negative-space-candidates.tsv	group=GCC-DRIVER;side=UPSTREAM-MATCHED;path=tmp/phase3c-driver/upstream-matched-zstd-r3/output/bin/riscv32-wch-elf-gcc;offset=1745888..1753088;closure_event=P3F-EVENT-1754;After all 1,340 functional intervals were terminally adjudicated (748 feature-mapped, 388 host-ABI, 204 host-data) and negative-space candidates mapped, the remaining historical whole-host attribution obligation is outside the target-artifact/observable-literal gate.;Rule anchor: AGENTS.md observable boundary. Rejected alternative: full function attribution across 47 stripped Mach-O paths/four builds, at high cost without stronger target-artifact assurance. Each historical row has a one-to-one disposition; HOST-ZSTD retains L1-FEAT-ZSTD GAP evidence instead of a nonexistent V2 group pointer.
P3F-CLOSURE-0354	L1-REG-UP-MATCHED-tmp__phase3c-driver__upstream-matched-zstd-r3__output__bin__gcc-0037	HOST-MACHO-UNRESOLVED-REGION	tmp/phase3c-evidence/binary-region-ledger.tsv	host-macho-unresolved-region	Phase 3c region classification=UNRESOLVED	bind the equivalent V2 interval to terminal feature evidence or rule the pure host interval out of target-artifact/literal gate	RULED-OUT-OF-GATE	tmp/phase3f-evidence/agents/binary-analysis/host-t5/historical-region-disposition.tsv::L1-REG-UP-MATCHED-tmp__phase3c-driver__upstream-matched-zstd-r3__output__bin__gcc-0037	tmp/phase3f-evidence/agents/binary-analysis/host-t5/historical-region-disposition.tsv::L1-REG-UP-MATCHED-tmp__phase3c-driver__upstream-matched-zstd-r3__output__bin__gcc-0037;tmp/phase3f-evidence/agents/binary-analysis/host-t5/negative-path-disposition.tsv;tmp/phase3f-evidence/agents/binary-analysis/host-t5/host-byte-disposition.tsv;tmp/phase3f-evidence/agents/binary-analysis/host-t5/decision-record.tsv::P3F-T5-HOST-MACHO;tmp/phase3f-evidence/agents/binary-analysis/host-t5/negative-space-candidates.tsv	group=GCC-DRIVER;side=UPSTREAM-MATCHED;path=tmp/phase3c-driver/upstream-matched-zstd-r3/output/bin/riscv32-wch-elf-gcc;offset=1755856..1769472;closure_event=P3F-EVENT-1755;After all 1,340 functional intervals were terminally adjudicated (748 feature-mapped, 388 host-ABI, 204 host-data) and negative-space candidates mapped, the remaining historical whole-host attribution obligation is outside the target-artifact/observable-literal gate.;Rule anchor: AGENTS.md observable boundary. Rejected alternative: full function attribution across 47 stripped Mach-O paths/four builds, at high cost without stronger target-artifact assurance. Each historical row has a one-to-one disposition; HOST-ZSTD retains L1-FEAT-ZSTD GAP evidence instead of a nonexistent V2 group pointer.
P3F-CLOSURE-0355	L1-REG-UP-MATCHED-tmp__phase3c-driver__upstream-matched-zstd-r3__output__bin__gcc-15_2_0-0022	HOST-MACHO-UNRESOLVED-REGION	tmp/phase3c-evidence/binary-region-ledger.tsv	host-macho-unresolved-region	Phase 3c region classification=UNRESOLVED	bind the equivalent V2 interval to terminal feature evidence or rule the pure host interval out of target-artifact/literal gate	RULED-OUT-OF-GATE	tmp/phase3f-evidence/agents/binary-analysis/host-t5/historical-region-disposition.tsv::L1-REG-UP-MATCHED-tmp__phase3c-driver__upstream-matched-zstd-r3__output__bin__gcc-15_2_0-0022	tmp/phase3f-evidence/agents/binary-analysis/host-t5/historical-region-disposition.tsv::L1-REG-UP-MATCHED-tmp__phase3c-driver__upstream-matched-zstd-r3__output__bin__gcc-15_2_0-0022;tmp/phase3f-evidence/agents/binary-analysis/host-t5/negative-path-disposition.tsv;tmp/phase3f-evidence/agents/binary-analysis/host-t5/host-byte-disposition.tsv;tmp/phase3f-evidence/agents/binary-analysis/host-t5/decision-record.tsv::P3F-T5-HOST-MACHO;tmp/phase3f-evidence/agents/binary-analysis/host-t5/negative-space-candidates.tsv	group=GCC-DRIVER;side=UPSTREAM-MATCHED;path=tmp/phase3c-driver/upstream-matched-zstd-r3/output/bin/riscv32-wch-elf-gcc-15.2.0;offset=1824..1864;closure_event=P3F-EVENT-1756;After all 1,340 functional intervals were terminally adjudicated (748 feature-mapped, 388 host-ABI, 204 host-data) and negative-space candidates mapped, the remaining historical whole-host attribution obligation is outside the target-artifact/observable-literal gate.;Rule anchor: AGENTS.md observable boundary. Rejected alternative: full function attribution across 47 stripped Mach-O paths/four builds, at high cost without stronger target-artifact assurance. Each historical row has a one-to-one disposition; HOST-ZSTD retains L1-FEAT-ZSTD GAP evidence instead of a nonexistent V2 group pointer.
P3F-CLOSURE-0356	L1-REG-UP-MATCHED-tmp__phase3c-driver__upstream-matched-zstd-r3__output__bin__gcc-15_2_0-0024	HOST-MACHO-UNRESOLVED-REGION	tmp/phase3c-evidence/binary-region-ledger.tsv	host-macho-unresolved-region	Phase 3c region classification=UNRESOLVED	bind the equivalent V2 interval to terminal feature evidence or rule the pure host interval out of target-artifact/literal gate	RULED-OUT-OF-GATE	tmp/phase3f-evidence/agents/binary-analysis/host-t5/historical-region-disposition.tsv::L1-REG-UP-MATCHED-tmp__phase3c-driver__upstream-matched-zstd-r3__output__bin__gcc-15_2_0-0024	tmp/phase3f-evidence/agents/binary-analysis/host-t5/historical-region-disposition.tsv::L1-REG-UP-MATCHED-tmp__phase3c-driver__upstream-matched-zstd-r3__output__bin__gcc-15_2_0-0024;tmp/phase3f-evidence/agents/binary-analysis/host-t5/negative-path-disposition.tsv;tmp/phase3f-evidence/agents/binary-analysis/host-t5/host-byte-disposition.tsv;tmp/phase3f-evidence/agents/binary-analysis/host-t5/decision-record.tsv::P3F-T5-HOST-MACHO;tmp/phase3f-evidence/agents/binary-analysis/host-t5/negative-space-candidates.tsv	group=GCC-DRIVER;side=UPSTREAM-MATCHED;path=tmp/phase3c-driver/upstream-matched-zstd-r3/output/bin/riscv32-wch-elf-gcc-15.2.0;offset=728432..730244;closure_event=P3F-EVENT-1757;After all 1,340 functional intervals were terminally adjudicated (748 feature-mapped, 388 host-ABI, 204 host-data) and negative-space candidates mapped, the remaining historical whole-host attribution obligation is outside the target-artifact/observable-literal gate.;Rule anchor: AGENTS.md observable boundary. Rejected alternative: full function attribution across 47 stripped Mach-O paths/four builds, at high cost without stronger target-artifact assurance. Each historical row has a one-to-one disposition; HOST-ZSTD retains L1-FEAT-ZSTD GAP evidence instead of a nonexistent V2 group pointer.
P3F-CLOSURE-0357	L1-REG-UP-MATCHED-tmp__phase3c-driver__upstream-matched-zstd-r3__output__bin__gcc-15_2_0-0025	HOST-MACHO-UNRESOLVED-REGION	tmp/phase3c-evidence/binary-region-ledger.tsv	host-macho-unresolved-region	Phase 3c region classification=UNRESOLVED	bind the equivalent V2 interval to terminal feature evidence or rule the pure host interval out of target-artifact/literal gate	RULED-OUT-OF-GATE	tmp/phase3f-evidence/agents/binary-analysis/host-t5/historical-region-disposition.tsv::L1-REG-UP-MATCHED-tmp__phase3c-driver__upstream-matched-zstd-r3__output__bin__gcc-15_2_0-0025	tmp/phase3f-evidence/agents/binary-analysis/host-t5/historical-region-disposition.tsv::L1-REG-UP-MATCHED-tmp__phase3c-driver__upstream-matched-zstd-r3__output__bin__gcc-15_2_0-0025;tmp/phase3f-evidence/agents/binary-analysis/host-t5/negative-path-disposition.tsv;tmp/phase3f-evidence/agents/binary-analysis/host-t5/host-byte-disposition.tsv;tmp/phase3f-evidence/agents/binary-analysis/host-t5/decision-record.tsv::P3F-T5-HOST-MACHO;tmp/phase3f-evidence/agents/binary-analysis/host-t5/negative-space-candidates.tsv	group=GCC-DRIVER;side=UPSTREAM-MATCHED;path=tmp/phase3c-driver/upstream-matched-zstd-r3/output/bin/riscv32-wch-elf-gcc-15.2.0;offset=730244..730260;closure_event=P3F-EVENT-1758;After all 1,340 functional intervals were terminally adjudicated (748 feature-mapped, 388 host-ABI, 204 host-data) and negative-space candidates mapped, the remaining historical whole-host attribution obligation is outside the target-artifact/observable-literal gate.;Rule anchor: AGENTS.md observable boundary. Rejected alternative: full function attribution across 47 stripped Mach-O paths/four builds, at high cost without stronger target-artifact assurance. Each historical row has a one-to-one disposition; HOST-ZSTD retains L1-FEAT-ZSTD GAP evidence instead of a nonexistent V2 group pointer.
P3F-CLOSURE-0358	L1-REG-UP-MATCHED-tmp__phase3c-driver__upstream-matched-zstd-r3__output__bin__gcc-15_2_0-0026	HOST-MACHO-UNRESOLVED-REGION	tmp/phase3c-evidence/binary-region-ledger.tsv	host-macho-unresolved-region	Phase 3c region classification=UNRESOLVED	bind the equivalent V2 interval to terminal feature evidence or rule the pure host interval out of target-artifact/literal gate	RULED-OUT-OF-GATE	tmp/phase3f-evidence/agents/binary-analysis/host-t5/historical-region-disposition.tsv::L1-REG-UP-MATCHED-tmp__phase3c-driver__upstream-matched-zstd-r3__output__bin__gcc-15_2_0-0026	tmp/phase3f-evidence/agents/binary-analysis/host-t5/historical-region-disposition.tsv::L1-REG-UP-MATCHED-tmp__phase3c-driver__upstream-matched-zstd-r3__output__bin__gcc-15_2_0-0026;tmp/phase3f-evidence/agents/binary-analysis/host-t5/negative-path-disposition.tsv;tmp/phase3f-evidence/agents/binary-analysis/host-t5/host-byte-disposition.tsv;tmp/phase3f-evidence/agents/binary-analysis/host-t5/decision-record.tsv::P3F-T5-HOST-MACHO;tmp/phase3f-evidence/agents/binary-analysis/host-t5/negative-space-candidates.tsv	group=GCC-DRIVER;side=UPSTREAM-MATCHED;path=tmp/phase3c-driver/upstream-matched-zstd-r3/output/bin/riscv32-wch-elf-gcc-15.2.0;offset=730260..730272;closure_event=P3F-EVENT-1759;After all 1,340 functional intervals were terminally adjudicated (748 feature-mapped, 388 host-ABI, 204 host-data) and negative-space candidates mapped, the remaining historical whole-host attribution obligation is outside the target-artifact/observable-literal gate.;Rule anchor: AGENTS.md observable boundary. Rejected alternative: full function attribution across 47 stripped Mach-O paths/four builds, at high cost without stronger target-artifact assurance. Each historical row has a one-to-one disposition; HOST-ZSTD retains L1-FEAT-ZSTD GAP evidence instead of a nonexistent V2 group pointer.
P3F-CLOSURE-0359	L1-REG-UP-MATCHED-tmp__phase3c-driver__upstream-matched-zstd-r3__output__bin__gcc-15_2_0-0029	HOST-MACHO-UNRESOLVED-REGION	tmp/phase3c-evidence/binary-region-ledger.tsv	host-macho-unresolved-region	Phase 3c region classification=UNRESOLVED	bind the equivalent V2 interval to terminal feature evidence or rule the pure host interval out of target-artifact/literal gate	RULED-OUT-OF-GATE	tmp/phase3f-evidence/agents/binary-analysis/host-t5/historical-region-disposition.tsv::L1-REG-UP-MATCHED-tmp__phase3c-driver__upstream-matched-zstd-r3__output__bin__gcc-15_2_0-0029	tmp/phase3f-evidence/agents/binary-analysis/host-t5/historical-region-disposition.tsv::L1-REG-UP-MATCHED-tmp__phase3c-driver__upstream-matched-zstd-r3__output__bin__gcc-15_2_0-0029;tmp/phase3f-evidence/agents/binary-analysis/host-t5/negative-path-disposition.tsv;tmp/phase3f-evidence/agents/binary-analysis/host-t5/host-byte-disposition.tsv;tmp/phase3f-evidence/agents/binary-analysis/host-t5/decision-record.tsv::P3F-T5-HOST-MACHO;tmp/phase3f-evidence/agents/binary-analysis/host-t5/negative-space-candidates.tsv	group=GCC-DRIVER;side=UPSTREAM-MATCHED;path=tmp/phase3c-driver/upstream-matched-zstd-r3/output/bin/riscv32-wch-elf-gcc-15.2.0;offset=1416853..1416856;closure_event=P3F-EVENT-1760;After all 1,340 functional intervals were terminally adjudicated (748 feature-mapped, 388 host-ABI, 204 host-data) and negative-space candidates mapped, the remaining historical whole-host attribution obligation is outside the target-artifact/observable-literal gate.;Rule anchor: AGENTS.md observable boundary. Rejected alternative: full function attribution across 47 stripped Mach-O paths/four builds, at high cost without stronger target-artifact assurance. Each historical row has a one-to-one disposition; HOST-ZSTD retains L1-FEAT-ZSTD GAP evidence instead of a nonexistent V2 group pointer.
P3F-CLOSURE-0360	L1-REG-UP-MATCHED-tmp__phase3c-driver__upstream-matched-zstd-r3__output__bin__gcc-15_2_0-0032	HOST-MACHO-UNRESOLVED-REGION	tmp/phase3c-evidence/binary-region-ledger.tsv	host-macho-unresolved-region	Phase 3c region classification=UNRESOLVED	bind the equivalent V2 interval to terminal feature evidence or rule the pure host interval out of target-artifact/literal gate	RULED-OUT-OF-GATE	tmp/phase3f-evidence/agents/binary-analysis/host-t5/historical-region-disposition.tsv::L1-REG-UP-MATCHED-tmp__phase3c-driver__upstream-matched-zstd-r3__output__bin__gcc-15_2_0-0032	tmp/phase3f-evidence/agents/binary-analysis/host-t5/historical-region-disposition.tsv::L1-REG-UP-MATCHED-tmp__phase3c-driver__upstream-matched-zstd-r3__output__bin__gcc-15_2_0-0032;tmp/phase3f-evidence/agents/binary-analysis/host-t5/negative-path-disposition.tsv;tmp/phase3f-evidence/agents/binary-analysis/host-t5/host-byte-disposition.tsv;tmp/phase3f-evidence/agents/binary-analysis/host-t5/decision-record.tsv::P3F-T5-HOST-MACHO;tmp/phase3f-evidence/agents/binary-analysis/host-t5/negative-space-candidates.tsv	group=GCC-DRIVER;side=UPSTREAM-MATCHED;path=tmp/phase3c-driver/upstream-matched-zstd-r3/output/bin/riscv32-wch-elf-gcc-15.2.0;offset=1485708..1490944;closure_event=P3F-EVENT-1761;After all 1,340 functional intervals were terminally adjudicated (748 feature-mapped, 388 host-ABI, 204 host-data) and negative-space candidates mapped, the remaining historical whole-host attribution obligation is outside the target-artifact/observable-literal gate.;Rule anchor: AGENTS.md observable boundary. Rejected alternative: full function attribution across 47 stripped Mach-O paths/four builds, at high cost without stronger target-artifact assurance. Each historical row has a one-to-one disposition; HOST-ZSTD retains L1-FEAT-ZSTD GAP evidence instead of a nonexistent V2 group pointer.
P3F-CLOSURE-0361	L1-REG-UP-MATCHED-tmp__phase3c-driver__upstream-matched-zstd-r3__output__bin__gcc-15_2_0-0035	HOST-MACHO-UNRESOLVED-REGION	tmp/phase3c-evidence/binary-region-ledger.tsv	host-macho-unresolved-region	Phase 3c region classification=UNRESOLVED	bind the equivalent V2 interval to terminal feature evidence or rule the pure host interval out of target-artifact/literal gate	RULED-OUT-OF-GATE	tmp/phase3f-evidence/agents/binary-analysis/host-t5/historical-region-disposition.tsv::L1-REG-UP-MATCHED-tmp__phase3c-driver__upstream-matched-zstd-r3__output__bin__gcc-15_2_0-0035	tmp/phase3f-evidence/agents/binary-analysis/host-t5/historical-region-disposition.tsv::L1-REG-UP-MATCHED-tmp__phase3c-driver__upstream-matched-zstd-r3__output__bin__gcc-15_2_0-0035;tmp/phase3f-evidence/agents/binary-analysis/host-t5/negative-path-disposition.tsv;tmp/phase3f-evidence/agents/binary-analysis/host-t5/host-byte-disposition.tsv;tmp/phase3f-evidence/agents/binary-analysis/host-t5/decision-record.tsv::P3F-T5-HOST-MACHO;tmp/phase3f-evidence/agents/binary-analysis/host-t5/negative-space-candidates.tsv	group=GCC-DRIVER;side=UPSTREAM-MATCHED;path=tmp/phase3c-driver/upstream-matched-zstd-r3/output/bin/riscv32-wch-elf-gcc-15.2.0;offset=1745888..1753088;closure_event=P3F-EVENT-1762;After all 1,340 functional intervals were terminally adjudicated (748 feature-mapped, 388 host-ABI, 204 host-data) and negative-space candidates mapped, the remaining historical whole-host attribution obligation is outside the target-artifact/observable-literal gate.;Rule anchor: AGENTS.md observable boundary. Rejected alternative: full function attribution across 47 stripped Mach-O paths/four builds, at high cost without stronger target-artifact assurance. Each historical row has a one-to-one disposition; HOST-ZSTD retains L1-FEAT-ZSTD GAP evidence instead of a nonexistent V2 group pointer.
P3F-CLOSURE-0362	L1-REG-UP-MATCHED-tmp__phase3c-driver__upstream-matched-zstd-r3__output__bin__gcc-15_2_0-0037	HOST-MACHO-UNRESOLVED-REGION	tmp/phase3c-evidence/binary-region-ledger.tsv	host-macho-unresolved-region	Phase 3c region classification=UNRESOLVED	bind the equivalent V2 interval to terminal feature evidence or rule the pure host interval out of target-artifact/literal gate	RULED-OUT-OF-GATE	tmp/phase3f-evidence/agents/binary-analysis/host-t5/historical-region-disposition.tsv::L1-REG-UP-MATCHED-tmp__phase3c-driver__upstream-matched-zstd-r3__output__bin__gcc-15_2_0-0037	tmp/phase3f-evidence/agents/binary-analysis/host-t5/historical-region-disposition.tsv::L1-REG-UP-MATCHED-tmp__phase3c-driver__upstream-matched-zstd-r3__output__bin__gcc-15_2_0-0037;tmp/phase3f-evidence/agents/binary-analysis/host-t5/negative-path-disposition.tsv;tmp/phase3f-evidence/agents/binary-analysis/host-t5/host-byte-disposition.tsv;tmp/phase3f-evidence/agents/binary-analysis/host-t5/decision-record.tsv::P3F-T5-HOST-MACHO;tmp/phase3f-evidence/agents/binary-analysis/host-t5/negative-space-candidates.tsv	group=GCC-DRIVER;side=UPSTREAM-MATCHED;path=tmp/phase3c-driver/upstream-matched-zstd-r3/output/bin/riscv32-wch-elf-gcc-15.2.0;offset=1755856..1769472;closure_event=P3F-EVENT-1763;After all 1,340 functional intervals were terminally adjudicated (748 feature-mapped, 388 host-ABI, 204 host-data) and negative-space candidates mapped, the remaining historical whole-host attribution obligation is outside the target-artifact/observable-literal gate.;Rule anchor: AGENTS.md observable boundary. Rejected alternative: full function attribution across 47 stripped Mach-O paths/four builds, at high cost without stronger target-artifact assurance. Each historical row has a one-to-one disposition; HOST-ZSTD retains L1-FEAT-ZSTD GAP evidence instead of a nonexistent V2 group pointer.
P3F-CLOSURE-0363	L1-REG-UP-MATCHED-tmp__phase3c-driver__upstream-matched-zstd-r3__output__bin__libzstd_1_dylib-0019	HOST-MACHO-UNRESOLVED-REGION	tmp/phase3c-evidence/binary-region-ledger.tsv	host-macho-unresolved-region	Phase 3c region classification=UNRESOLVED	bind the equivalent V2 interval to terminal feature evidence or rule the pure host interval out of target-artifact/literal gate	RULED-OUT-OF-GATE	tmp/phase3f-evidence/agents/binary-analysis/host-t5/historical-region-disposition.tsv::L1-REG-UP-MATCHED-tmp__phase3c-driver__upstream-matched-zstd-r3__output__bin__libzstd_1_dylib-0019	tmp/phase3f-evidence/agents/binary-analysis/host-t5/historical-region-disposition.tsv::L1-REG-UP-MATCHED-tmp__phase3c-driver__upstream-matched-zstd-r3__output__bin__libzstd_1_dylib-0019;tmp/phase3f-evidence/agents/binary-analysis/host-t5/negative-path-disposition.tsv;tmp/phase3f-evidence/agents/binary-analysis/host-t5/host-byte-disposition.tsv;tmp/phase3f-evidence/agents/binary-analysis/host-t5/decision-record.tsv::P3F-T5-HOST-MACHO;tmp/phase3f-evidence/agents/binary-analysis/host-t5/negative-space-candidates.tsv	group=HOST-ZSTD;side=UPSTREAM-MATCHED;path=tmp/phase3c-driver/upstream-matched-zstd-r3/output/bin/libzstd.1.dylib;offset=1536..17096;closure_event=P3F-EVENT-1764;After all 1,340 functional intervals were terminally adjudicated (748 feature-mapped, 388 host-ABI, 204 host-data) and negative-space candidates mapped, the remaining historical whole-host attribution obligation is outside the target-artifact/observable-literal gate.;Rule anchor: AGENTS.md observable boundary. Rejected alternative: full function attribution across 47 stripped Mach-O paths/four builds, at high cost without stronger target-artifact assurance. Each historical row has a one-to-one disposition; HOST-ZSTD retains L1-FEAT-ZSTD GAP evidence instead of a nonexistent V2 group pointer.
P3F-CLOSURE-0364	L1-REG-UP-MATCHED-tmp__phase3c-driver__upstream-matched-zstd-r3__output__bin__libzstd_1_dylib-0021	HOST-MACHO-UNRESOLVED-REGION	tmp/phase3c-evidence/binary-region-ledger.tsv	host-macho-unresolved-region	Phase 3c region classification=UNRESOLVED	bind the equivalent V2 interval to terminal feature evidence or rule the pure host interval out of target-artifact/literal gate	RULED-OUT-OF-GATE	tmp/phase3f-evidence/agents/binary-analysis/host-t5/historical-region-disposition.tsv::L1-REG-UP-MATCHED-tmp__phase3c-driver__upstream-matched-zstd-r3__output__bin__libzstd_1_dylib-0021	tmp/phase3f-evidence/agents/binary-analysis/host-t5/historical-region-disposition.tsv::L1-REG-UP-MATCHED-tmp__phase3c-driver__upstream-matched-zstd-r3__output__bin__libzstd_1_dylib-0021;tmp/phase3f-evidence/agents/binary-analysis/host-t5/negative-path-disposition.tsv;tmp/phase3f-evidence/agents/binary-analysis/host-t5/host-byte-disposition.tsv;tmp/phase3f-evidence/agents/binary-analysis/host-t5/decision-record.tsv::P3F-T5-HOST-MACHO;tmp/phase3f-evidence/agents/binary-analysis/host-t5/negative-space-candidates.tsv	group=HOST-ZSTD;side=UPSTREAM-MATCHED;path=tmp/phase3c-driver/upstream-matched-zstd-r3/output/bin/libzstd.1.dylib;offset=546192..546528;closure_event=P3F-EVENT-1765;After all 1,340 functional intervals were terminally adjudicated (748 feature-mapped, 388 host-ABI, 204 host-data) and negative-space candidates mapped, the remaining historical whole-host attribution obligation is outside the target-artifact/observable-literal gate.;Rule anchor: AGENTS.md observable boundary. Rejected alternative: full function attribution across 47 stripped Mach-O paths/four builds, at high cost without stronger target-artifact assurance. Each historical row has a one-to-one disposition; HOST-ZSTD retains L1-FEAT-ZSTD GAP evidence instead of a nonexistent V2 group pointer.
P3F-CLOSURE-0365	L1-REG-UP-MATCHED-tmp__phase3c-driver__upstream-matched-zstd-r3__output__bin__libzstd_1_dylib-0024	HOST-MACHO-UNRESOLVED-REGION	tmp/phase3c-evidence/binary-region-ledger.tsv	host-macho-unresolved-region	Phase 3c region classification=UNRESOLVED	bind the equivalent V2 interval to terminal feature evidence or rule the pure host interval out of target-artifact/literal gate	RULED-OUT-OF-GATE	tmp/phase3f-evidence/agents/binary-analysis/host-t5/historical-region-disposition.tsv::L1-REG-UP-MATCHED-tmp__phase3c-driver__upstream-matched-zstd-r3__output__bin__libzstd_1_dylib-0024	tmp/phase3f-evidence/agents/binary-analysis/host-t5/historical-region-disposition.tsv::L1-REG-UP-MATCHED-tmp__phase3c-driver__upstream-matched-zstd-r3__output__bin__libzstd_1_dylib-0024;tmp/phase3f-evidence/agents/binary-analysis/host-t5/negative-path-disposition.tsv;tmp/phase3f-evidence/agents/binary-analysis/host-t5/host-byte-disposition.tsv;tmp/phase3f-evidence/agents/binary-analysis/host-t5/decision-record.tsv::P3F-T5-HOST-MACHO;tmp/phase3f-evidence/agents/binary-analysis/host-t5/negative-space-candidates.tsv	group=HOST-ZSTD;side=UPSTREAM-MATCHED;path=tmp/phase3c-driver/upstream-matched-zstd-r3/output/bin/libzstd.1.dylib;offset=571193..571196;closure_event=P3F-EVENT-1766;After all 1,340 functional intervals were terminally adjudicated (748 feature-mapped, 388 host-ABI, 204 host-data) and negative-space candidates mapped, the remaining historical whole-host attribution obligation is outside the target-artifact/observable-literal gate.;Rule anchor: AGENTS.md observable boundary. Rejected alternative: full function attribution across 47 stripped Mach-O paths/four builds, at high cost without stronger target-artifact assurance. Each historical row has a one-to-one disposition; HOST-ZSTD retains L1-FEAT-ZSTD GAP evidence instead of a nonexistent V2 group pointer.
P3F-CLOSURE-0366	L1-REG-UP-MATCHED-tmp__phase3c-driver__upstream-matched-zstd-r3__output__bin__libzstd_1_dylib-0026	HOST-MACHO-UNRESOLVED-REGION	tmp/phase3c-evidence/binary-region-ledger.tsv	host-macho-unresolved-region	Phase 3c region classification=UNRESOLVED	bind the equivalent V2 interval to terminal feature evidence or rule the pure host interval out of target-artifact/literal gate	RULED-OUT-OF-GATE	tmp/phase3f-evidence/agents/binary-analysis/host-t5/historical-region-disposition.tsv::L1-REG-UP-MATCHED-tmp__phase3c-driver__upstream-matched-zstd-r3__output__bin__libzstd_1_dylib-0026	tmp/phase3f-evidence/agents/binary-analysis/host-t5/historical-region-disposition.tsv::L1-REG-UP-MATCHED-tmp__phase3c-driver__upstream-matched-zstd-r3__output__bin__libzstd_1_dylib-0026;tmp/phase3f-evidence/agents/binary-analysis/host-t5/negative-path-disposition.tsv;tmp/phase3f-evidence/agents/binary-analysis/host-t5/host-byte-disposition.tsv;tmp/phase3f-evidence/agents/binary-analysis/host-t5/decision-record.tsv::P3F-T5-HOST-MACHO;tmp/phase3f-evidence/agents/binary-analysis/host-t5/negative-space-candidates.tsv	group=HOST-ZSTD;side=UPSTREAM-MATCHED;path=tmp/phase3c-driver/upstream-matched-zstd-r3/output/bin/libzstd.1.dylib;offset=573356..573360;closure_event=P3F-EVENT-1767;After all 1,340 functional intervals were terminally adjudicated (748 feature-mapped, 388 host-ABI, 204 host-data) and negative-space candidates mapped, the remaining historical whole-host attribution obligation is outside the target-artifact/observable-literal gate.;Rule anchor: AGENTS.md observable boundary. Rejected alternative: full function attribution across 47 stripped Mach-O paths/four builds, at high cost without stronger target-artifact assurance. Each historical row has a one-to-one disposition; HOST-ZSTD retains L1-FEAT-ZSTD GAP evidence instead of a nonexistent V2 group pointer.
P3F-CLOSURE-0367	L1-REG-UP-MATCHED-tmp__phase3c-driver__upstream-matched-zstd-r3__output__bin__libzstd_1_dylib-0030	HOST-MACHO-UNRESOLVED-REGION	tmp/phase3c-evidence/binary-region-ledger.tsv	host-macho-unresolved-region	Phase 3c region classification=UNRESOLVED	bind the equivalent V2 interval to terminal feature evidence or rule the pure host interval out of target-artifact/literal gate	RULED-OUT-OF-GATE	tmp/phase3f-evidence/agents/binary-analysis/host-t5/historical-region-disposition.tsv::L1-REG-UP-MATCHED-tmp__phase3c-driver__upstream-matched-zstd-r3__output__bin__libzstd_1_dylib-0030	tmp/phase3f-evidence/agents/binary-analysis/host-t5/historical-region-disposition.tsv::L1-REG-UP-MATCHED-tmp__phase3c-driver__upstream-matched-zstd-r3__output__bin__libzstd_1_dylib-0030;tmp/phase3f-evidence/agents/binary-analysis/host-t5/negative-path-disposition.tsv;tmp/phase3f-evidence/agents/binary-analysis/host-t5/host-byte-disposition.tsv;tmp/phase3f-evidence/agents/binary-analysis/host-t5/decision-record.tsv::P3F-T5-HOST-MACHO;tmp/phase3f-evidence/agents/binary-analysis/host-t5/negative-space-candidates.tsv	group=HOST-ZSTD;side=UPSTREAM-MATCHED;path=tmp/phase3c-driver/upstream-matched-zstd-r3/output/bin/libzstd.1.dylib;offset=574392..589824;closure_event=P3F-EVENT-1768;After all 1,340 functional intervals were terminally adjudicated (748 feature-mapped, 388 host-ABI, 204 host-data) and negative-space candidates mapped, the remaining historical whole-host attribution obligation is outside the target-artifact/observable-literal gate.;Rule anchor: AGENTS.md observable boundary. Rejected alternative: full function attribution across 47 stripped Mach-O paths/four builds, at high cost without stronger target-artifact assurance. Each historical row has a one-to-one disposition; HOST-ZSTD retains L1-FEAT-ZSTD GAP evidence instead of a nonexistent V2 group pointer.
P3F-CLOSURE-0368	L1-REG-UP-MATCHED-tmp__phase3c-driver__upstream-matched-zstd-r3__output__riscv32-wch-elf__bin__libzstd_1_dylib-0019	HOST-MACHO-UNRESOLVED-REGION	tmp/phase3c-evidence/binary-region-ledger.tsv	host-macho-unresolved-region	Phase 3c region classification=UNRESOLVED	bind the equivalent V2 interval to terminal feature evidence or rule the pure host interval out of target-artifact/literal gate	RULED-OUT-OF-GATE	tmp/phase3f-evidence/agents/binary-analysis/host-t5/historical-region-disposition.tsv::L1-REG-UP-MATCHED-tmp__phase3c-driver__upstream-matched-zstd-r3__output__riscv32-wch-elf__bin__libzstd_1_dylib-0019	tmp/phase3f-evidence/agents/binary-analysis/host-t5/historical-region-disposition.tsv::L1-REG-UP-MATCHED-tmp__phase3c-driver__upstream-matched-zstd-r3__output__riscv32-wch-elf__bin__libzstd_1_dylib-0019;tmp/phase3f-evidence/agents/binary-analysis/host-t5/negative-path-disposition.tsv;tmp/phase3f-evidence/agents/binary-analysis/host-t5/host-byte-disposition.tsv;tmp/phase3f-evidence/agents/binary-analysis/host-t5/decision-record.tsv::P3F-T5-HOST-MACHO;tmp/phase3f-evidence/agents/binary-analysis/host-t5/negative-space-candidates.tsv	group=HOST-ZSTD;side=UPSTREAM-MATCHED;path=tmp/phase3c-driver/upstream-matched-zstd-r3/output/riscv32-wch-elf/bin/libzstd.1.dylib;offset=1536..17096;closure_event=P3F-EVENT-1769;After all 1,340 functional intervals were terminally adjudicated (748 feature-mapped, 388 host-ABI, 204 host-data) and negative-space candidates mapped, the remaining historical whole-host attribution obligation is outside the target-artifact/observable-literal gate.;Rule anchor: AGENTS.md observable boundary. Rejected alternative: full function attribution across 47 stripped Mach-O paths/four builds, at high cost without stronger target-artifact assurance. Each historical row has a one-to-one disposition; HOST-ZSTD retains L1-FEAT-ZSTD GAP evidence instead of a nonexistent V2 group pointer.
P3F-CLOSURE-0369	L1-REG-UP-MATCHED-tmp__phase3c-driver__upstream-matched-zstd-r3__output__riscv32-wch-elf__bin__libzstd_1_dylib-0021	HOST-MACHO-UNRESOLVED-REGION	tmp/phase3c-evidence/binary-region-ledger.tsv	host-macho-unresolved-region	Phase 3c region classification=UNRESOLVED	bind the equivalent V2 interval to terminal feature evidence or rule the pure host interval out of target-artifact/literal gate	RULED-OUT-OF-GATE	tmp/phase3f-evidence/agents/binary-analysis/host-t5/historical-region-disposition.tsv::L1-REG-UP-MATCHED-tmp__phase3c-driver__upstream-matched-zstd-r3__output__riscv32-wch-elf__bin__libzstd_1_dylib-0021	tmp/phase3f-evidence/agents/binary-analysis/host-t5/historical-region-disposition.tsv::L1-REG-UP-MATCHED-tmp__phase3c-driver__upstream-matched-zstd-r3__output__riscv32-wch-elf__bin__libzstd_1_dylib-0021;tmp/phase3f-evidence/agents/binary-analysis/host-t5/negative-path-disposition.tsv;tmp/phase3f-evidence/agents/binary-analysis/host-t5/host-byte-disposition.tsv;tmp/phase3f-evidence/agents/binary-analysis/host-t5/decision-record.tsv::P3F-T5-HOST-MACHO;tmp/phase3f-evidence/agents/binary-analysis/host-t5/negative-space-candidates.tsv	group=HOST-ZSTD;side=UPSTREAM-MATCHED;path=tmp/phase3c-driver/upstream-matched-zstd-r3/output/riscv32-wch-elf/bin/libzstd.1.dylib;offset=546192..546528;closure_event=P3F-EVENT-1770;After all 1,340 functional intervals were terminally adjudicated (748 feature-mapped, 388 host-ABI, 204 host-data) and negative-space candidates mapped, the remaining historical whole-host attribution obligation is outside the target-artifact/observable-literal gate.;Rule anchor: AGENTS.md observable boundary. Rejected alternative: full function attribution across 47 stripped Mach-O paths/four builds, at high cost without stronger target-artifact assurance. Each historical row has a one-to-one disposition; HOST-ZSTD retains L1-FEAT-ZSTD GAP evidence instead of a nonexistent V2 group pointer.
P3F-CLOSURE-0370	L1-REG-UP-MATCHED-tmp__phase3c-driver__upstream-matched-zstd-r3__output__riscv32-wch-elf__bin__libzstd_1_dylib-0024	HOST-MACHO-UNRESOLVED-REGION	tmp/phase3c-evidence/binary-region-ledger.tsv	host-macho-unresolved-region	Phase 3c region classification=UNRESOLVED	bind the equivalent V2 interval to terminal feature evidence or rule the pure host interval out of target-artifact/literal gate	RULED-OUT-OF-GATE	tmp/phase3f-evidence/agents/binary-analysis/host-t5/historical-region-disposition.tsv::L1-REG-UP-MATCHED-tmp__phase3c-driver__upstream-matched-zstd-r3__output__riscv32-wch-elf__bin__libzstd_1_dylib-0024	tmp/phase3f-evidence/agents/binary-analysis/host-t5/historical-region-disposition.tsv::L1-REG-UP-MATCHED-tmp__phase3c-driver__upstream-matched-zstd-r3__output__riscv32-wch-elf__bin__libzstd_1_dylib-0024;tmp/phase3f-evidence/agents/binary-analysis/host-t5/negative-path-disposition.tsv;tmp/phase3f-evidence/agents/binary-analysis/host-t5/host-byte-disposition.tsv;tmp/phase3f-evidence/agents/binary-analysis/host-t5/decision-record.tsv::P3F-T5-HOST-MACHO;tmp/phase3f-evidence/agents/binary-analysis/host-t5/negative-space-candidates.tsv	group=HOST-ZSTD;side=UPSTREAM-MATCHED;path=tmp/phase3c-driver/upstream-matched-zstd-r3/output/riscv32-wch-elf/bin/libzstd.1.dylib;offset=571193..571196;closure_event=P3F-EVENT-1771;After all 1,340 functional intervals were terminally adjudicated (748 feature-mapped, 388 host-ABI, 204 host-data) and negative-space candidates mapped, the remaining historical whole-host attribution obligation is outside the target-artifact/observable-literal gate.;Rule anchor: AGENTS.md observable boundary. Rejected alternative: full function attribution across 47 stripped Mach-O paths/four builds, at high cost without stronger target-artifact assurance. Each historical row has a one-to-one disposition; HOST-ZSTD retains L1-FEAT-ZSTD GAP evidence instead of a nonexistent V2 group pointer.
P3F-CLOSURE-0371	L1-REG-UP-MATCHED-tmp__phase3c-driver__upstream-matched-zstd-r3__output__riscv32-wch-elf__bin__libzstd_1_dylib-0026	HOST-MACHO-UNRESOLVED-REGION	tmp/phase3c-evidence/binary-region-ledger.tsv	host-macho-unresolved-region	Phase 3c region classification=UNRESOLVED	bind the equivalent V2 interval to terminal feature evidence or rule the pure host interval out of target-artifact/literal gate	RULED-OUT-OF-GATE	tmp/phase3f-evidence/agents/binary-analysis/host-t5/historical-region-disposition.tsv::L1-REG-UP-MATCHED-tmp__phase3c-driver__upstream-matched-zstd-r3__output__riscv32-wch-elf__bin__libzstd_1_dylib-0026	tmp/phase3f-evidence/agents/binary-analysis/host-t5/historical-region-disposition.tsv::L1-REG-UP-MATCHED-tmp__phase3c-driver__upstream-matched-zstd-r3__output__riscv32-wch-elf__bin__libzstd_1_dylib-0026;tmp/phase3f-evidence/agents/binary-analysis/host-t5/negative-path-disposition.tsv;tmp/phase3f-evidence/agents/binary-analysis/host-t5/host-byte-disposition.tsv;tmp/phase3f-evidence/agents/binary-analysis/host-t5/decision-record.tsv::P3F-T5-HOST-MACHO;tmp/phase3f-evidence/agents/binary-analysis/host-t5/negative-space-candidates.tsv	group=HOST-ZSTD;side=UPSTREAM-MATCHED;path=tmp/phase3c-driver/upstream-matched-zstd-r3/output/riscv32-wch-elf/bin/libzstd.1.dylib;offset=573356..573360;closure_event=P3F-EVENT-1772;After all 1,340 functional intervals were terminally adjudicated (748 feature-mapped, 388 host-ABI, 204 host-data) and negative-space candidates mapped, the remaining historical whole-host attribution obligation is outside the target-artifact/observable-literal gate.;Rule anchor: AGENTS.md observable boundary. Rejected alternative: full function attribution across 47 stripped Mach-O paths/four builds, at high cost without stronger target-artifact assurance. Each historical row has a one-to-one disposition; HOST-ZSTD retains L1-FEAT-ZSTD GAP evidence instead of a nonexistent V2 group pointer.
P3F-CLOSURE-0372	L1-REG-UP-MATCHED-tmp__phase3c-driver__upstream-matched-zstd-r3__output__riscv32-wch-elf__bin__libzstd_1_dylib-0030	HOST-MACHO-UNRESOLVED-REGION	tmp/phase3c-evidence/binary-region-ledger.tsv	host-macho-unresolved-region	Phase 3c region classification=UNRESOLVED	bind the equivalent V2 interval to terminal feature evidence or rule the pure host interval out of target-artifact/literal gate	RULED-OUT-OF-GATE	tmp/phase3f-evidence/agents/binary-analysis/host-t5/historical-region-disposition.tsv::L1-REG-UP-MATCHED-tmp__phase3c-driver__upstream-matched-zstd-r3__output__riscv32-wch-elf__bin__libzstd_1_dylib-0030	tmp/phase3f-evidence/agents/binary-analysis/host-t5/historical-region-disposition.tsv::L1-REG-UP-MATCHED-tmp__phase3c-driver__upstream-matched-zstd-r3__output__riscv32-wch-elf__bin__libzstd_1_dylib-0030;tmp/phase3f-evidence/agents/binary-analysis/host-t5/negative-path-disposition.tsv;tmp/phase3f-evidence/agents/binary-analysis/host-t5/host-byte-disposition.tsv;tmp/phase3f-evidence/agents/binary-analysis/host-t5/decision-record.tsv::P3F-T5-HOST-MACHO;tmp/phase3f-evidence/agents/binary-analysis/host-t5/negative-space-candidates.tsv	group=HOST-ZSTD;side=UPSTREAM-MATCHED;path=tmp/phase3c-driver/upstream-matched-zstd-r3/output/riscv32-wch-elf/bin/libzstd.1.dylib;offset=574392..589824;closure_event=P3F-EVENT-1773;After all 1,340 functional intervals were terminally adjudicated (748 feature-mapped, 388 host-ABI, 204 host-data) and negative-space candidates mapped, the remaining historical whole-host attribution obligation is outside the target-artifact/observable-literal gate.;Rule anchor: AGENTS.md observable boundary. Rejected alternative: full function attribution across 47 stripped Mach-O paths/four builds, at high cost without stronger target-artifact assurance. Each historical row has a one-to-one disposition; HOST-ZSTD retains L1-FEAT-ZSTD GAP evidence instead of a nonexistent V2 group pointer.
P3F-CLOSURE-0373	L1-REG-UP-P2-tmp__phase2-evidence__literal-clean__quarantine-toolchain_15_2_0-run1__riscv-gnu-toolchain__output__bin__c++-0022	HOST-MACHO-UNRESOLVED-REGION	tmp/phase3c-evidence/binary-region-ledger.tsv	host-macho-unresolved-region	Phase 3c region classification=UNRESOLVED	bind the equivalent V2 interval to terminal feature evidence or rule the pure host interval out of target-artifact/literal gate	RULED-OUT-OF-GATE	tmp/phase3f-evidence/agents/binary-analysis/host-t5/historical-region-disposition.tsv::L1-REG-UP-P2-tmp__phase2-evidence__literal-clean__quarantine-toolchain_15_2_0-run1__riscv-gnu-toolchain__output__bin__c++-0022	tmp/phase3f-evidence/agents/binary-analysis/host-t5/historical-region-disposition.tsv::L1-REG-UP-P2-tmp__phase2-evidence__literal-clean__quarantine-toolchain_15_2_0-run1__riscv-gnu-toolchain__output__bin__c++-0022;tmp/phase3f-evidence/agents/binary-analysis/host-t5/negative-path-disposition.tsv;tmp/phase3f-evidence/agents/binary-analysis/host-t5/host-byte-disposition.tsv;tmp/phase3f-evidence/agents/binary-analysis/host-t5/decision-record.tsv::P3F-T5-HOST-MACHO;tmp/phase3f-evidence/agents/binary-analysis/host-t5/negative-space-candidates.tsv	group=GCC-DRIVER;side=UPSTREAM-P2;path=tmp/phase2-evidence/literal-clean/quarantine-toolchain_15.2.0-run1/riscv-gnu-toolchain/output/bin/riscv32-wch-elf-c++;offset=1824..1864;closure_event=P3F-EVENT-1774;After all 1,340 functional intervals were terminally adjudicated (748 feature-mapped, 388 host-ABI, 204 host-data) and negative-space candidates mapped, the remaining historical whole-host attribution obligation is outside the target-artifact/observable-literal gate.;Rule anchor: AGENTS.md observable boundary. Rejected alternative: full function attribution across 47 stripped Mach-O paths/four builds, at high cost without stronger target-artifact assurance. Each historical row has a one-to-one disposition; HOST-ZSTD retains L1-FEAT-ZSTD GAP evidence instead of a nonexistent V2 group pointer.
P3F-CLOSURE-0374	L1-REG-UP-P2-tmp__phase2-evidence__literal-clean__quarantine-toolchain_15_2_0-run1__riscv-gnu-toolchain__output__bin__c++-0024	HOST-MACHO-UNRESOLVED-REGION	tmp/phase3c-evidence/binary-region-ledger.tsv	host-macho-unresolved-region	Phase 3c region classification=UNRESOLVED	bind the equivalent V2 interval to terminal feature evidence or rule the pure host interval out of target-artifact/literal gate	RULED-OUT-OF-GATE	tmp/phase3f-evidence/agents/binary-analysis/host-t5/historical-region-disposition.tsv::L1-REG-UP-P2-tmp__phase2-evidence__literal-clean__quarantine-toolchain_15_2_0-run1__riscv-gnu-toolchain__output__bin__c++-0024	tmp/phase3f-evidence/agents/binary-analysis/host-t5/historical-region-disposition.tsv::L1-REG-UP-P2-tmp__phase2-evidence__literal-clean__quarantine-toolchain_15_2_0-run1__riscv-gnu-toolchain__output__bin__c++-0024;tmp/phase3f-evidence/agents/binary-analysis/host-t5/negative-path-disposition.tsv;tmp/phase3f-evidence/agents/binary-analysis/host-t5/host-byte-disposition.tsv;tmp/phase3f-evidence/agents/binary-analysis/host-t5/decision-record.tsv::P3F-T5-HOST-MACHO;tmp/phase3f-evidence/agents/binary-analysis/host-t5/negative-space-candidates.tsv	group=GCC-DRIVER;side=UPSTREAM-P2;path=tmp/phase2-evidence/literal-clean/quarantine-toolchain_15.2.0-run1/riscv-gnu-toolchain/output/bin/riscv32-wch-elf-c++;offset=730936..732748;closure_event=P3F-EVENT-1775;After all 1,340 functional intervals were terminally adjudicated (748 feature-mapped, 388 host-ABI, 204 host-data) and negative-space candidates mapped, the remaining historical whole-host attribution obligation is outside the target-artifact/observable-literal gate.;Rule anchor: AGENTS.md observable boundary. Rejected alternative: full function attribution across 47 stripped Mach-O paths/four builds, at high cost without stronger target-artifact assurance. Each historical row has a one-to-one disposition; HOST-ZSTD retains L1-FEAT-ZSTD GAP evidence instead of a nonexistent V2 group pointer.
P3F-CLOSURE-0375	L1-REG-UP-P2-tmp__phase2-evidence__literal-clean__quarantine-toolchain_15_2_0-run1__riscv-gnu-toolchain__output__bin__c++-0025	HOST-MACHO-UNRESOLVED-REGION	tmp/phase3c-evidence/binary-region-ledger.tsv	host-macho-unresolved-region	Phase 3c region classification=UNRESOLVED	bind the equivalent V2 interval to terminal feature evidence or rule the pure host interval out of target-artifact/literal gate	RULED-OUT-OF-GATE	tmp/phase3f-evidence/agents/binary-analysis/host-t5/historical-region-disposition.tsv::L1-REG-UP-P2-tmp__phase2-evidence__literal-clean__quarantine-toolchain_15_2_0-run1__riscv-gnu-toolchain__output__bin__c++-0025	tmp/phase3f-evidence/agents/binary-analysis/host-t5/historical-region-disposition.tsv::L1-REG-UP-P2-tmp__phase2-evidence__literal-clean__quarantine-toolchain_15_2_0-run1__riscv-gnu-toolchain__output__bin__c++-0025;tmp/phase3f-evidence/agents/binary-analysis/host-t5/negative-path-disposition.tsv;tmp/phase3f-evidence/agents/binary-analysis/host-t5/host-byte-disposition.tsv;tmp/phase3f-evidence/agents/binary-analysis/host-t5/decision-record.tsv::P3F-T5-HOST-MACHO;tmp/phase3f-evidence/agents/binary-analysis/host-t5/negative-space-candidates.tsv	group=GCC-DRIVER;side=UPSTREAM-P2;path=tmp/phase2-evidence/literal-clean/quarantine-toolchain_15.2.0-run1/riscv-gnu-toolchain/output/bin/riscv32-wch-elf-c++;offset=732748..732764;closure_event=P3F-EVENT-1776;After all 1,340 functional intervals were terminally adjudicated (748 feature-mapped, 388 host-ABI, 204 host-data) and negative-space candidates mapped, the remaining historical whole-host attribution obligation is outside the target-artifact/observable-literal gate.;Rule anchor: AGENTS.md observable boundary. Rejected alternative: full function attribution across 47 stripped Mach-O paths/four builds, at high cost without stronger target-artifact assurance. Each historical row has a one-to-one disposition; HOST-ZSTD retains L1-FEAT-ZSTD GAP evidence instead of a nonexistent V2 group pointer.
P3F-CLOSURE-0376	L1-REG-UP-P2-tmp__phase2-evidence__literal-clean__quarantine-toolchain_15_2_0-run1__riscv-gnu-toolchain__output__bin__c++-0026	HOST-MACHO-UNRESOLVED-REGION	tmp/phase3c-evidence/binary-region-ledger.tsv	host-macho-unresolved-region	Phase 3c region classification=UNRESOLVED	bind the equivalent V2 interval to terminal feature evidence or rule the pure host interval out of target-artifact/literal gate	RULED-OUT-OF-GATE	tmp/phase3f-evidence/agents/binary-analysis/host-t5/historical-region-disposition.tsv::L1-REG-UP-P2-tmp__phase2-evidence__literal-clean__quarantine-toolchain_15_2_0-run1__riscv-gnu-toolchain__output__bin__c++-0026	tmp/phase3f-evidence/agents/binary-analysis/host-t5/historical-region-disposition.tsv::L1-REG-UP-P2-tmp__phase2-evidence__literal-clean__quarantine-toolchain_15_2_0-run1__riscv-gnu-toolchain__output__bin__c++-0026;tmp/phase3f-evidence/agents/binary-analysis/host-t5/negative-path-disposition.tsv;tmp/phase3f-evidence/agents/binary-analysis/host-t5/host-byte-disposition.tsv;tmp/phase3f-evidence/agents/binary-analysis/host-t5/decision-record.tsv::P3F-T5-HOST-MACHO;tmp/phase3f-evidence/agents/binary-analysis/host-t5/negative-space-candidates.tsv	group=GCC-DRIVER;side=UPSTREAM-P2;path=tmp/phase2-evidence/literal-clean/quarantine-toolchain_15.2.0-run1/riscv-gnu-toolchain/output/bin/riscv32-wch-elf-c++;offset=732764..732768;closure_event=P3F-EVENT-1777;After all 1,340 functional intervals were terminally adjudicated (748 feature-mapped, 388 host-ABI, 204 host-data) and negative-space candidates mapped, the remaining historical whole-host attribution obligation is outside the target-artifact/observable-literal gate.;Rule anchor: AGENTS.md observable boundary. Rejected alternative: full function attribution across 47 stripped Mach-O paths/four builds, at high cost without stronger target-artifact assurance. Each historical row has a one-to-one disposition; HOST-ZSTD retains L1-FEAT-ZSTD GAP evidence instead of a nonexistent V2 group pointer.
P3F-CLOSURE-0377	L1-REG-UP-P2-tmp__phase2-evidence__literal-clean__quarantine-toolchain_15_2_0-run1__riscv-gnu-toolchain__output__bin__c++-0029	HOST-MACHO-UNRESOLVED-REGION	tmp/phase3c-evidence/binary-region-ledger.tsv	host-macho-unresolved-region	Phase 3c region classification=UNRESOLVED	bind the equivalent V2 interval to terminal feature evidence or rule the pure host interval out of target-artifact/literal gate	RULED-OUT-OF-GATE	tmp/phase3f-evidence/agents/binary-analysis/host-t5/historical-region-disposition.tsv::L1-REG-UP-P2-tmp__phase2-evidence__literal-clean__quarantine-toolchain_15_2_0-run1__riscv-gnu-toolchain__output__bin__c++-0029	tmp/phase3f-evidence/agents/binary-analysis/host-t5/historical-region-disposition.tsv::L1-REG-UP-P2-tmp__phase2-evidence__literal-clean__quarantine-toolchain_15_2_0-run1__riscv-gnu-toolchain__output__bin__c++-0029;tmp/phase3f-evidence/agents/binary-analysis/host-t5/negative-path-disposition.tsv;tmp/phase3f-evidence/agents/binary-analysis/host-t5/host-byte-disposition.tsv;tmp/phase3f-evidence/agents/binary-analysis/host-t5/decision-record.tsv::P3F-T5-HOST-MACHO;tmp/phase3f-evidence/agents/binary-analysis/host-t5/negative-space-candidates.tsv	group=GCC-DRIVER;side=UPSTREAM-P2;path=tmp/phase2-evidence/literal-clean/quarantine-toolchain_15.2.0-run1/riscv-gnu-toolchain/output/bin/riscv32-wch-elf-c++;offset=1419127..1419128;closure_event=P3F-EVENT-1778;After all 1,340 functional intervals were terminally adjudicated (748 feature-mapped, 388 host-ABI, 204 host-data) and negative-space candidates mapped, the remaining historical whole-host attribution obligation is outside the target-artifact/observable-literal gate.;Rule anchor: AGENTS.md observable boundary. Rejected alternative: full function attribution across 47 stripped Mach-O paths/four builds, at high cost without stronger target-artifact assurance. Each historical row has a one-to-one disposition; HOST-ZSTD retains L1-FEAT-ZSTD GAP evidence instead of a nonexistent V2 group pointer.
P3F-CLOSURE-0378	L1-REG-UP-P2-tmp__phase2-evidence__literal-clean__quarantine-toolchain_15_2_0-run1__riscv-gnu-toolchain__output__bin__c++-0032	HOST-MACHO-UNRESOLVED-REGION	tmp/phase3c-evidence/binary-region-ledger.tsv	host-macho-unresolved-region	Phase 3c region classification=UNRESOLVED	bind the equivalent V2 interval to terminal feature evidence or rule the pure host interval out of target-artifact/literal gate	RULED-OUT-OF-GATE	tmp/phase3f-evidence/agents/binary-analysis/host-t5/historical-region-disposition.tsv::L1-REG-UP-P2-tmp__phase2-evidence__literal-clean__quarantine-toolchain_15_2_0-run1__riscv-gnu-toolchain__output__bin__c++-0032	tmp/phase3f-evidence/agents/binary-analysis/host-t5/historical-region-disposition.tsv::L1-REG-UP-P2-tmp__phase2-evidence__literal-clean__quarantine-toolchain_15_2_0-run1__riscv-gnu-toolchain__output__bin__c++-0032;tmp/phase3f-evidence/agents/binary-analysis/host-t5/negative-path-disposition.tsv;tmp/phase3f-evidence/agents/binary-analysis/host-t5/host-byte-disposition.tsv;tmp/phase3f-evidence/agents/binary-analysis/host-t5/decision-record.tsv::P3F-T5-HOST-MACHO;tmp/phase3f-evidence/agents/binary-analysis/host-t5/negative-space-candidates.tsv	group=GCC-DRIVER;side=UPSTREAM-P2;path=tmp/phase2-evidence/literal-clean/quarantine-toolchain_15.2.0-run1/riscv-gnu-toolchain/output/bin/riscv32-wch-elf-c++;offset=1488092..1490944;closure_event=P3F-EVENT-1779;After all 1,340 functional intervals were terminally adjudicated (748 feature-mapped, 388 host-ABI, 204 host-data) and negative-space candidates mapped, the remaining historical whole-host attribution obligation is outside the target-artifact/observable-literal gate.;Rule anchor: AGENTS.md observable boundary. Rejected alternative: full function attribution across 47 stripped Mach-O paths/four builds, at high cost without stronger target-artifact assurance. Each historical row has a one-to-one disposition; HOST-ZSTD retains L1-FEAT-ZSTD GAP evidence instead of a nonexistent V2 group pointer.
P3F-CLOSURE-0379	L1-REG-UP-P2-tmp__phase2-evidence__literal-clean__quarantine-toolchain_15_2_0-run1__riscv-gnu-toolchain__output__bin__c++-0035	HOST-MACHO-UNRESOLVED-REGION	tmp/phase3c-evidence/binary-region-ledger.tsv	host-macho-unresolved-region	Phase 3c region classification=UNRESOLVED	bind the equivalent V2 interval to terminal feature evidence or rule the pure host interval out of target-artifact/literal gate	RULED-OUT-OF-GATE	tmp/phase3f-evidence/agents/binary-analysis/host-t5/historical-region-disposition.tsv::L1-REG-UP-P2-tmp__phase2-evidence__literal-clean__quarantine-toolchain_15_2_0-run1__riscv-gnu-toolchain__output__bin__c++-0035	tmp/phase3f-evidence/agents/binary-analysis/host-t5/historical-region-disposition.tsv::L1-REG-UP-P2-tmp__phase2-evidence__literal-clean__quarantine-toolchain_15_2_0-run1__riscv-gnu-toolchain__output__bin__c++-0035;tmp/phase3f-evidence/agents/binary-analysis/host-t5/negative-path-disposition.tsv;tmp/phase3f-evidence/agents/binary-analysis/host-t5/host-byte-disposition.tsv;tmp/phase3f-evidence/agents/binary-analysis/host-t5/decision-record.tsv::P3F-T5-HOST-MACHO;tmp/phase3f-evidence/agents/binary-analysis/host-t5/negative-space-candidates.tsv	group=GCC-DRIVER;side=UPSTREAM-P2;path=tmp/phase2-evidence/literal-clean/quarantine-toolchain_15.2.0-run1/riscv-gnu-toolchain/output/bin/riscv32-wch-elf-c++;offset=1745888..1753088;closure_event=P3F-EVENT-1780;After all 1,340 functional intervals were terminally adjudicated (748 feature-mapped, 388 host-ABI, 204 host-data) and negative-space candidates mapped, the remaining historical whole-host attribution obligation is outside the target-artifact/observable-literal gate.;Rule anchor: AGENTS.md observable boundary. Rejected alternative: full function attribution across 47 stripped Mach-O paths/four builds, at high cost without stronger target-artifact assurance. Each historical row has a one-to-one disposition; HOST-ZSTD retains L1-FEAT-ZSTD GAP evidence instead of a nonexistent V2 group pointer.
P3F-CLOSURE-0380	L1-REG-UP-P2-tmp__phase2-evidence__literal-clean__quarantine-toolchain_15_2_0-run1__riscv-gnu-toolchain__output__bin__c++-0037	HOST-MACHO-UNRESOLVED-REGION	tmp/phase3c-evidence/binary-region-ledger.tsv	host-macho-unresolved-region	Phase 3c region classification=UNRESOLVED	bind the equivalent V2 interval to terminal feature evidence or rule the pure host interval out of target-artifact/literal gate	RULED-OUT-OF-GATE	tmp/phase3f-evidence/agents/binary-analysis/host-t5/historical-region-disposition.tsv::L1-REG-UP-P2-tmp__phase2-evidence__literal-clean__quarantine-toolchain_15_2_0-run1__riscv-gnu-toolchain__output__bin__c++-0037	tmp/phase3f-evidence/agents/binary-analysis/host-t5/historical-region-disposition.tsv::L1-REG-UP-P2-tmp__phase2-evidence__literal-clean__quarantine-toolchain_15_2_0-run1__riscv-gnu-toolchain__output__bin__c++-0037;tmp/phase3f-evidence/agents/binary-analysis/host-t5/negative-path-disposition.tsv;tmp/phase3f-evidence/agents/binary-analysis/host-t5/host-byte-disposition.tsv;tmp/phase3f-evidence/agents/binary-analysis/host-t5/decision-record.tsv::P3F-T5-HOST-MACHO;tmp/phase3f-evidence/agents/binary-analysis/host-t5/negative-space-candidates.tsv	group=GCC-DRIVER;side=UPSTREAM-P2;path=tmp/phase2-evidence/literal-clean/quarantine-toolchain_15.2.0-run1/riscv-gnu-toolchain/output/bin/riscv32-wch-elf-c++;offset=1755856..1769472;closure_event=P3F-EVENT-1781;After all 1,340 functional intervals were terminally adjudicated (748 feature-mapped, 388 host-ABI, 204 host-data) and negative-space candidates mapped, the remaining historical whole-host attribution obligation is outside the target-artifact/observable-literal gate.;Rule anchor: AGENTS.md observable boundary. Rejected alternative: full function attribution across 47 stripped Mach-O paths/four builds, at high cost without stronger target-artifact assurance. Each historical row has a one-to-one disposition; HOST-ZSTD retains L1-FEAT-ZSTD GAP evidence instead of a nonexistent V2 group pointer.
P3F-CLOSURE-0381	L1-REG-UP-P2-tmp__phase2-evidence__literal-clean__quarantine-toolchain_15_2_0-run1__riscv-gnu-toolchain__output__bin__cpp-0022	HOST-MACHO-UNRESOLVED-REGION	tmp/phase3c-evidence/binary-region-ledger.tsv	host-macho-unresolved-region	Phase 3c region classification=UNRESOLVED	bind the equivalent V2 interval to terminal feature evidence or rule the pure host interval out of target-artifact/literal gate	RULED-OUT-OF-GATE	tmp/phase3f-evidence/agents/binary-analysis/host-t5/historical-region-disposition.tsv::L1-REG-UP-P2-tmp__phase2-evidence__literal-clean__quarantine-toolchain_15_2_0-run1__riscv-gnu-toolchain__output__bin__cpp-0022	tmp/phase3f-evidence/agents/binary-analysis/host-t5/historical-region-disposition.tsv::L1-REG-UP-P2-tmp__phase2-evidence__literal-clean__quarantine-toolchain_15_2_0-run1__riscv-gnu-toolchain__output__bin__cpp-0022;tmp/phase3f-evidence/agents/binary-analysis/host-t5/negative-path-disposition.tsv;tmp/phase3f-evidence/agents/binary-analysis/host-t5/host-byte-disposition.tsv;tmp/phase3f-evidence/agents/binary-analysis/host-t5/decision-record.tsv::P3F-T5-HOST-MACHO;tmp/phase3f-evidence/agents/binary-analysis/host-t5/negative-space-candidates.tsv	group=GCC-DRIVER;side=UPSTREAM-P2;path=tmp/phase2-evidence/literal-clean/quarantine-toolchain_15.2.0-run1/riscv-gnu-toolchain/output/bin/riscv32-wch-elf-cpp;offset=1824..1864;closure_event=P3F-EVENT-1782;After all 1,340 functional intervals were terminally adjudicated (748 feature-mapped, 388 host-ABI, 204 host-data) and negative-space candidates mapped, the remaining historical whole-host attribution obligation is outside the target-artifact/observable-literal gate.;Rule anchor: AGENTS.md observable boundary. Rejected alternative: full function attribution across 47 stripped Mach-O paths/four builds, at high cost without stronger target-artifact assurance. Each historical row has a one-to-one disposition; HOST-ZSTD retains L1-FEAT-ZSTD GAP evidence instead of a nonexistent V2 group pointer.
P3F-CLOSURE-0382	L1-REG-UP-P2-tmp__phase2-evidence__literal-clean__quarantine-toolchain_15_2_0-run1__riscv-gnu-toolchain__output__bin__cpp-0024	HOST-MACHO-UNRESOLVED-REGION	tmp/phase3c-evidence/binary-region-ledger.tsv	host-macho-unresolved-region	Phase 3c region classification=UNRESOLVED	bind the equivalent V2 interval to terminal feature evidence or rule the pure host interval out of target-artifact/literal gate	RULED-OUT-OF-GATE	tmp/phase3f-evidence/agents/binary-analysis/host-t5/historical-region-disposition.tsv::L1-REG-UP-P2-tmp__phase2-evidence__literal-clean__quarantine-toolchain_15_2_0-run1__riscv-gnu-toolchain__output__bin__cpp-0024	tmp/phase3f-evidence/agents/binary-analysis/host-t5/historical-region-disposition.tsv::L1-REG-UP-P2-tmp__phase2-evidence__literal-clean__quarantine-toolchain_15_2_0-run1__riscv-gnu-toolchain__output__bin__cpp-0024;tmp/phase3f-evidence/agents/binary-analysis/host-t5/negative-path-disposition.tsv;tmp/phase3f-evidence/agents/binary-analysis/host-t5/host-byte-disposition.tsv;tmp/phase3f-evidence/agents/binary-analysis/host-t5/decision-record.tsv::P3F-T5-HOST-MACHO;tmp/phase3f-evidence/agents/binary-analysis/host-t5/negative-space-candidates.tsv	group=GCC-DRIVER;side=UPSTREAM-P2;path=tmp/phase2-evidence/literal-clean/quarantine-toolchain_15.2.0-run1/riscv-gnu-toolchain/output/bin/riscv32-wch-elf-cpp;offset=729596..731408;closure_event=P3F-EVENT-1783;After all 1,340 functional intervals were terminally adjudicated (748 feature-mapped, 388 host-ABI, 204 host-data) and negative-space candidates mapped, the remaining historical whole-host attribution obligation is outside the target-artifact/observable-literal gate.;Rule anchor: AGENTS.md observable boundary. Rejected alternative: full function attribution across 47 stripped Mach-O paths/four builds, at high cost without stronger target-artifact assurance. Each historical row has a one-to-one disposition; HOST-ZSTD retains L1-FEAT-ZSTD GAP evidence instead of a nonexistent V2 group pointer.
P3F-CLOSURE-0383	L1-REG-UP-P2-tmp__phase2-evidence__literal-clean__quarantine-toolchain_15_2_0-run1__riscv-gnu-toolchain__output__bin__cpp-0025	HOST-MACHO-UNRESOLVED-REGION	tmp/phase3c-evidence/binary-region-ledger.tsv	host-macho-unresolved-region	Phase 3c region classification=UNRESOLVED	bind the equivalent V2 interval to terminal feature evidence or rule the pure host interval out of target-artifact/literal gate	RULED-OUT-OF-GATE	tmp/phase3f-evidence/agents/binary-analysis/host-t5/historical-region-disposition.tsv::L1-REG-UP-P2-tmp__phase2-evidence__literal-clean__quarantine-toolchain_15_2_0-run1__riscv-gnu-toolchain__output__bin__cpp-0025	tmp/phase3f-evidence/agents/binary-analysis/host-t5/historical-region-disposition.tsv::L1-REG-UP-P2-tmp__phase2-evidence__literal-clean__quarantine-toolchain_15_2_0-run1__riscv-gnu-toolchain__output__bin__cpp-0025;tmp/phase3f-evidence/agents/binary-analysis/host-t5/negative-path-disposition.tsv;tmp/phase3f-evidence/agents/binary-analysis/host-t5/host-byte-disposition.tsv;tmp/phase3f-evidence/agents/binary-analysis/host-t5/decision-record.tsv::P3F-T5-HOST-MACHO;tmp/phase3f-evidence/agents/binary-analysis/host-t5/negative-space-candidates.tsv	group=GCC-DRIVER;side=UPSTREAM-P2;path=tmp/phase2-evidence/literal-clean/quarantine-toolchain_15.2.0-run1/riscv-gnu-toolchain/output/bin/riscv32-wch-elf-cpp;offset=731408..731424;closure_event=P3F-EVENT-1784;After all 1,340 functional intervals were terminally adjudicated (748 feature-mapped, 388 host-ABI, 204 host-data) and negative-space candidates mapped, the remaining historical whole-host attribution obligation is outside the target-artifact/observable-literal gate.;Rule anchor: AGENTS.md observable boundary. Rejected alternative: full function attribution across 47 stripped Mach-O paths/four builds, at high cost without stronger target-artifact assurance. Each historical row has a one-to-one disposition; HOST-ZSTD retains L1-FEAT-ZSTD GAP evidence instead of a nonexistent V2 group pointer.
P3F-CLOSURE-0384	L1-REG-UP-P2-tmp__phase2-evidence__literal-clean__quarantine-toolchain_15_2_0-run1__riscv-gnu-toolchain__output__bin__cpp-0028	HOST-MACHO-UNRESOLVED-REGION	tmp/phase3c-evidence/binary-region-ledger.tsv	host-macho-unresolved-region	Phase 3c region classification=UNRESOLVED	bind the equivalent V2 interval to terminal feature evidence or rule the pure host interval out of target-artifact/literal gate	RULED-OUT-OF-GATE	tmp/phase3f-evidence/agents/binary-analysis/host-t5/historical-region-disposition.tsv::L1-REG-UP-P2-tmp__phase2-evidence__literal-clean__quarantine-toolchain_15_2_0-run1__riscv-gnu-toolchain__output__bin__cpp-0028	tmp/phase3f-evidence/agents/binary-analysis/host-t5/historical-region-disposition.tsv::L1-REG-UP-P2-tmp__phase2-evidence__literal-clean__quarantine-toolchain_15_2_0-run1__riscv-gnu-toolchain__output__bin__cpp-0028;tmp/phase3f-evidence/agents/binary-analysis/host-t5/negative-path-disposition.tsv;tmp/phase3f-evidence/agents/binary-analysis/host-t5/host-byte-disposition.tsv;tmp/phase3f-evidence/agents/binary-analysis/host-t5/decision-record.tsv::P3F-T5-HOST-MACHO;tmp/phase3f-evidence/agents/binary-analysis/host-t5/negative-space-candidates.tsv	group=GCC-DRIVER;side=UPSTREAM-P2;path=tmp/phase2-evidence/literal-clean/quarantine-toolchain_15.2.0-run1/riscv-gnu-toolchain/output/bin/riscv32-wch-elf-cpp;offset=1417706..1417708;closure_event=P3F-EVENT-1785;After all 1,340 functional intervals were terminally adjudicated (748 feature-mapped, 388 host-ABI, 204 host-data) and negative-space candidates mapped, the remaining historical whole-host attribution obligation is outside the target-artifact/observable-literal gate.;Rule anchor: AGENTS.md observable boundary. Rejected alternative: full function attribution across 47 stripped Mach-O paths/four builds, at high cost without stronger target-artifact assurance. Each historical row has a one-to-one disposition; HOST-ZSTD retains L1-FEAT-ZSTD GAP evidence instead of a nonexistent V2 group pointer.
P3F-CLOSURE-0385	L1-REG-UP-P2-tmp__phase2-evidence__literal-clean__quarantine-toolchain_15_2_0-run1__riscv-gnu-toolchain__output__bin__cpp-0030	HOST-MACHO-UNRESOLVED-REGION	tmp/phase3c-evidence/binary-region-ledger.tsv	host-macho-unresolved-region	Phase 3c region classification=UNRESOLVED	bind the equivalent V2 interval to terminal feature evidence or rule the pure host interval out of target-artifact/literal gate	RULED-OUT-OF-GATE	tmp/phase3f-evidence/agents/binary-analysis/host-t5/historical-region-disposition.tsv::L1-REG-UP-P2-tmp__phase2-evidence__literal-clean__quarantine-toolchain_15_2_0-run1__riscv-gnu-toolchain__output__bin__cpp-0030	tmp/phase3f-evidence/agents/binary-analysis/host-t5/historical-region-disposition.tsv::L1-REG-UP-P2-tmp__phase2-evidence__literal-clean__quarantine-toolchain_15_2_0-run1__riscv-gnu-toolchain__output__bin__cpp-0030;tmp/phase3f-evidence/agents/binary-analysis/host-t5/negative-path-disposition.tsv;tmp/phase3f-evidence/agents/binary-analysis/host-t5/host-byte-disposition.tsv;tmp/phase3f-evidence/agents/binary-analysis/host-t5/decision-record.tsv::P3F-T5-HOST-MACHO;tmp/phase3f-evidence/agents/binary-analysis/host-t5/negative-space-candidates.tsv	group=GCC-DRIVER;side=UPSTREAM-P2;path=tmp/phase2-evidence/literal-clean/quarantine-toolchain_15.2.0-run1/riscv-gnu-toolchain/output/bin/riscv32-wch-elf-cpp;offset=1426884..1426888;closure_event=P3F-EVENT-1786;After all 1,340 functional intervals were terminally adjudicated (748 feature-mapped, 388 host-ABI, 204 host-data) and negative-space candidates mapped, the remaining historical whole-host attribution obligation is outside the target-artifact/observable-literal gate.;Rule anchor: AGENTS.md observable boundary. Rejected alternative: full function attribution across 47 stripped Mach-O paths/four builds, at high cost without stronger target-artifact assurance. Each historical row has a one-to-one disposition; HOST-ZSTD retains L1-FEAT-ZSTD GAP evidence instead of a nonexistent V2 group pointer.
P3F-CLOSURE-0386	L1-REG-UP-P2-tmp__phase2-evidence__literal-clean__quarantine-toolchain_15_2_0-run1__riscv-gnu-toolchain__output__bin__cpp-0032	HOST-MACHO-UNRESOLVED-REGION	tmp/phase3c-evidence/binary-region-ledger.tsv	host-macho-unresolved-region	Phase 3c region classification=UNRESOLVED	bind the equivalent V2 interval to terminal feature evidence or rule the pure host interval out of target-artifact/literal gate	RULED-OUT-OF-GATE	tmp/phase3f-evidence/agents/binary-analysis/host-t5/historical-region-disposition.tsv::L1-REG-UP-P2-tmp__phase2-evidence__literal-clean__quarantine-toolchain_15_2_0-run1__riscv-gnu-toolchain__output__bin__cpp-0032	tmp/phase3f-evidence/agents/binary-analysis/host-t5/historical-region-disposition.tsv::L1-REG-UP-P2-tmp__phase2-evidence__literal-clean__quarantine-toolchain_15_2_0-run1__riscv-gnu-toolchain__output__bin__cpp-0032;tmp/phase3f-evidence/agents/binary-analysis/host-t5/negative-path-disposition.tsv;tmp/phase3f-evidence/agents/binary-analysis/host-t5/host-byte-disposition.tsv;tmp/phase3f-evidence/agents/binary-analysis/host-t5/decision-record.tsv::P3F-T5-HOST-MACHO;tmp/phase3f-evidence/agents/binary-analysis/host-t5/negative-space-candidates.tsv	group=GCC-DRIVER;side=UPSTREAM-P2;path=tmp/phase2-evidence/literal-clean/quarantine-toolchain_15.2.0-run1/riscv-gnu-toolchain/output/bin/riscv32-wch-elf-cpp;offset=1486676..1490944;closure_event=P3F-EVENT-1787;After all 1,340 functional intervals were terminally adjudicated (748 feature-mapped, 388 host-ABI, 204 host-data) and negative-space candidates mapped, the remaining historical whole-host attribution obligation is outside the target-artifact/observable-literal gate.;Rule anchor: AGENTS.md observable boundary. Rejected alternative: full function attribution across 47 stripped Mach-O paths/four builds, at high cost without stronger target-artifact assurance. Each historical row has a one-to-one disposition; HOST-ZSTD retains L1-FEAT-ZSTD GAP evidence instead of a nonexistent V2 group pointer.
P3F-CLOSURE-0387	L1-REG-UP-P2-tmp__phase2-evidence__literal-clean__quarantine-toolchain_15_2_0-run1__riscv-gnu-toolchain__output__bin__cpp-0035	HOST-MACHO-UNRESOLVED-REGION	tmp/phase3c-evidence/binary-region-ledger.tsv	host-macho-unresolved-region	Phase 3c region classification=UNRESOLVED	bind the equivalent V2 interval to terminal feature evidence or rule the pure host interval out of target-artifact/literal gate	RULED-OUT-OF-GATE	tmp/phase3f-evidence/agents/binary-analysis/host-t5/historical-region-disposition.tsv::L1-REG-UP-P2-tmp__phase2-evidence__literal-clean__quarantine-toolchain_15_2_0-run1__riscv-gnu-toolchain__output__bin__cpp-0035	tmp/phase3f-evidence/agents/binary-analysis/host-t5/historical-region-disposition.tsv::L1-REG-UP-P2-tmp__phase2-evidence__literal-clean__quarantine-toolchain_15_2_0-run1__riscv-gnu-toolchain__output__bin__cpp-0035;tmp/phase3f-evidence/agents/binary-analysis/host-t5/negative-path-disposition.tsv;tmp/phase3f-evidence/agents/binary-analysis/host-t5/host-byte-disposition.tsv;tmp/phase3f-evidence/agents/binary-analysis/host-t5/decision-record.tsv::P3F-T5-HOST-MACHO;tmp/phase3f-evidence/agents/binary-analysis/host-t5/negative-space-candidates.tsv	group=GCC-DRIVER;side=UPSTREAM-P2;path=tmp/phase2-evidence/literal-clean/quarantine-toolchain_15.2.0-run1/riscv-gnu-toolchain/output/bin/riscv32-wch-elf-cpp;offset=1745888..1753088;closure_event=P3F-EVENT-1788;After all 1,340 functional intervals were terminally adjudicated (748 feature-mapped, 388 host-ABI, 204 host-data) and negative-space candidates mapped, the remaining historical whole-host attribution obligation is outside the target-artifact/observable-literal gate.;Rule anchor: AGENTS.md observable boundary. Rejected alternative: full function attribution across 47 stripped Mach-O paths/four builds, at high cost without stronger target-artifact assurance. Each historical row has a one-to-one disposition; HOST-ZSTD retains L1-FEAT-ZSTD GAP evidence instead of a nonexistent V2 group pointer.
P3F-CLOSURE-0388	L1-REG-UP-P2-tmp__phase2-evidence__literal-clean__quarantine-toolchain_15_2_0-run1__riscv-gnu-toolchain__output__bin__cpp-0037	HOST-MACHO-UNRESOLVED-REGION	tmp/phase3c-evidence/binary-region-ledger.tsv	host-macho-unresolved-region	Phase 3c region classification=UNRESOLVED	bind the equivalent V2 interval to terminal feature evidence or rule the pure host interval out of target-artifact/literal gate	RULED-OUT-OF-GATE	tmp/phase3f-evidence/agents/binary-analysis/host-t5/historical-region-disposition.tsv::L1-REG-UP-P2-tmp__phase2-evidence__literal-clean__quarantine-toolchain_15_2_0-run1__riscv-gnu-toolchain__output__bin__cpp-0037	tmp/phase3f-evidence/agents/binary-analysis/host-t5/historical-region-disposition.tsv::L1-REG-UP-P2-tmp__phase2-evidence__literal-clean__quarantine-toolchain_15_2_0-run1__riscv-gnu-toolchain__output__bin__cpp-0037;tmp/phase3f-evidence/agents/binary-analysis/host-t5/negative-path-disposition.tsv;tmp/phase3f-evidence/agents/binary-analysis/host-t5/host-byte-disposition.tsv;tmp/phase3f-evidence/agents/binary-analysis/host-t5/decision-record.tsv::P3F-T5-HOST-MACHO;tmp/phase3f-evidence/agents/binary-analysis/host-t5/negative-space-candidates.tsv	group=GCC-DRIVER;side=UPSTREAM-P2;path=tmp/phase2-evidence/literal-clean/quarantine-toolchain_15.2.0-run1/riscv-gnu-toolchain/output/bin/riscv32-wch-elf-cpp;offset=1755856..1769472;closure_event=P3F-EVENT-1789;After all 1,340 functional intervals were terminally adjudicated (748 feature-mapped, 388 host-ABI, 204 host-data) and negative-space candidates mapped, the remaining historical whole-host attribution obligation is outside the target-artifact/observable-literal gate.;Rule anchor: AGENTS.md observable boundary. Rejected alternative: full function attribution across 47 stripped Mach-O paths/four builds, at high cost without stronger target-artifact assurance. Each historical row has a one-to-one disposition; HOST-ZSTD retains L1-FEAT-ZSTD GAP evidence instead of a nonexistent V2 group pointer.
P3F-CLOSURE-0389	L1-REG-UP-P2-tmp__phase2-evidence__literal-clean__quarantine-toolchain_15_2_0-run1__riscv-gnu-toolchain__output__bin__g++-0022	HOST-MACHO-UNRESOLVED-REGION	tmp/phase3c-evidence/binary-region-ledger.tsv	host-macho-unresolved-region	Phase 3c region classification=UNRESOLVED	bind the equivalent V2 interval to terminal feature evidence or rule the pure host interval out of target-artifact/literal gate	RULED-OUT-OF-GATE	tmp/phase3f-evidence/agents/binary-analysis/host-t5/historical-region-disposition.tsv::L1-REG-UP-P2-tmp__phase2-evidence__literal-clean__quarantine-toolchain_15_2_0-run1__riscv-gnu-toolchain__output__bin__g++-0022	tmp/phase3f-evidence/agents/binary-analysis/host-t5/historical-region-disposition.tsv::L1-REG-UP-P2-tmp__phase2-evidence__literal-clean__quarantine-toolchain_15_2_0-run1__riscv-gnu-toolchain__output__bin__g++-0022;tmp/phase3f-evidence/agents/binary-analysis/host-t5/negative-path-disposition.tsv;tmp/phase3f-evidence/agents/binary-analysis/host-t5/host-byte-disposition.tsv;tmp/phase3f-evidence/agents/binary-analysis/host-t5/decision-record.tsv::P3F-T5-HOST-MACHO;tmp/phase3f-evidence/agents/binary-analysis/host-t5/negative-space-candidates.tsv	group=GCC-DRIVER;side=UPSTREAM-P2;path=tmp/phase2-evidence/literal-clean/quarantine-toolchain_15.2.0-run1/riscv-gnu-toolchain/output/bin/riscv32-wch-elf-g++;offset=1824..1864;closure_event=P3F-EVENT-1790;After all 1,340 functional intervals were terminally adjudicated (748 feature-mapped, 388 host-ABI, 204 host-data) and negative-space candidates mapped, the remaining historical whole-host attribution obligation is outside the target-artifact/observable-literal gate.;Rule anchor: AGENTS.md observable boundary. Rejected alternative: full function attribution across 47 stripped Mach-O paths/four builds, at high cost without stronger target-artifact assurance. Each historical row has a one-to-one disposition; HOST-ZSTD retains L1-FEAT-ZSTD GAP evidence instead of a nonexistent V2 group pointer.
P3F-CLOSURE-0390	L1-REG-UP-P2-tmp__phase2-evidence__literal-clean__quarantine-toolchain_15_2_0-run1__riscv-gnu-toolchain__output__bin__g++-0024	HOST-MACHO-UNRESOLVED-REGION	tmp/phase3c-evidence/binary-region-ledger.tsv	host-macho-unresolved-region	Phase 3c region classification=UNRESOLVED	bind the equivalent V2 interval to terminal feature evidence or rule the pure host interval out of target-artifact/literal gate	RULED-OUT-OF-GATE	tmp/phase3f-evidence/agents/binary-analysis/host-t5/historical-region-disposition.tsv::L1-REG-UP-P2-tmp__phase2-evidence__literal-clean__quarantine-toolchain_15_2_0-run1__riscv-gnu-toolchain__output__bin__g++-0024	tmp/phase3f-evidence/agents/binary-analysis/host-t5/historical-region-disposition.tsv::L1-REG-UP-P2-tmp__phase2-evidence__literal-clean__quarantine-toolchain_15_2_0-run1__riscv-gnu-toolchain__output__bin__g++-0024;tmp/phase3f-evidence/agents/binary-analysis/host-t5/negative-path-disposition.tsv;tmp/phase3f-evidence/agents/binary-analysis/host-t5/host-byte-disposition.tsv;tmp/phase3f-evidence/agents/binary-analysis/host-t5/decision-record.tsv::P3F-T5-HOST-MACHO;tmp/phase3f-evidence/agents/binary-analysis/host-t5/negative-space-candidates.tsv	group=GCC-DRIVER;side=UPSTREAM-P2;path=tmp/phase2-evidence/literal-clean/quarantine-toolchain_15.2.0-run1/riscv-gnu-toolchain/output/bin/riscv32-wch-elf-g++;offset=730936..732748;closure_event=P3F-EVENT-1791;After all 1,340 functional intervals were terminally adjudicated (748 feature-mapped, 388 host-ABI, 204 host-data) and negative-space candidates mapped, the remaining historical whole-host attribution obligation is outside the target-artifact/observable-literal gate.;Rule anchor: AGENTS.md observable boundary. Rejected alternative: full function attribution across 47 stripped Mach-O paths/four builds, at high cost without stronger target-artifact assurance. Each historical row has a one-to-one disposition; HOST-ZSTD retains L1-FEAT-ZSTD GAP evidence instead of a nonexistent V2 group pointer.
P3F-CLOSURE-0391	L1-REG-UP-P2-tmp__phase2-evidence__literal-clean__quarantine-toolchain_15_2_0-run1__riscv-gnu-toolchain__output__bin__g++-0025	HOST-MACHO-UNRESOLVED-REGION	tmp/phase3c-evidence/binary-region-ledger.tsv	host-macho-unresolved-region	Phase 3c region classification=UNRESOLVED	bind the equivalent V2 interval to terminal feature evidence or rule the pure host interval out of target-artifact/literal gate	RULED-OUT-OF-GATE	tmp/phase3f-evidence/agents/binary-analysis/host-t5/historical-region-disposition.tsv::L1-REG-UP-P2-tmp__phase2-evidence__literal-clean__quarantine-toolchain_15_2_0-run1__riscv-gnu-toolchain__output__bin__g++-0025	tmp/phase3f-evidence/agents/binary-analysis/host-t5/historical-region-disposition.tsv::L1-REG-UP-P2-tmp__phase2-evidence__literal-clean__quarantine-toolchain_15_2_0-run1__riscv-gnu-toolchain__output__bin__g++-0025;tmp/phase3f-evidence/agents/binary-analysis/host-t5/negative-path-disposition.tsv;tmp/phase3f-evidence/agents/binary-analysis/host-t5/host-byte-disposition.tsv;tmp/phase3f-evidence/agents/binary-analysis/host-t5/decision-record.tsv::P3F-T5-HOST-MACHO;tmp/phase3f-evidence/agents/binary-analysis/host-t5/negative-space-candidates.tsv	group=GCC-DRIVER;side=UPSTREAM-P2;path=tmp/phase2-evidence/literal-clean/quarantine-toolchain_15.2.0-run1/riscv-gnu-toolchain/output/bin/riscv32-wch-elf-g++;offset=732748..732764;closure_event=P3F-EVENT-1792;After all 1,340 functional intervals were terminally adjudicated (748 feature-mapped, 388 host-ABI, 204 host-data) and negative-space candidates mapped, the remaining historical whole-host attribution obligation is outside the target-artifact/observable-literal gate.;Rule anchor: AGENTS.md observable boundary. Rejected alternative: full function attribution across 47 stripped Mach-O paths/four builds, at high cost without stronger target-artifact assurance. Each historical row has a one-to-one disposition; HOST-ZSTD retains L1-FEAT-ZSTD GAP evidence instead of a nonexistent V2 group pointer.
P3F-CLOSURE-0392	L1-REG-UP-P2-tmp__phase2-evidence__literal-clean__quarantine-toolchain_15_2_0-run1__riscv-gnu-toolchain__output__bin__g++-0026	HOST-MACHO-UNRESOLVED-REGION	tmp/phase3c-evidence/binary-region-ledger.tsv	host-macho-unresolved-region	Phase 3c region classification=UNRESOLVED	bind the equivalent V2 interval to terminal feature evidence or rule the pure host interval out of target-artifact/literal gate	RULED-OUT-OF-GATE	tmp/phase3f-evidence/agents/binary-analysis/host-t5/historical-region-disposition.tsv::L1-REG-UP-P2-tmp__phase2-evidence__literal-clean__quarantine-toolchain_15_2_0-run1__riscv-gnu-toolchain__output__bin__g++-0026	tmp/phase3f-evidence/agents/binary-analysis/host-t5/historical-region-disposition.tsv::L1-REG-UP-P2-tmp__phase2-evidence__literal-clean__quarantine-toolchain_15_2_0-run1__riscv-gnu-toolchain__output__bin__g++-0026;tmp/phase3f-evidence/agents/binary-analysis/host-t5/negative-path-disposition.tsv;tmp/phase3f-evidence/agents/binary-analysis/host-t5/host-byte-disposition.tsv;tmp/phase3f-evidence/agents/binary-analysis/host-t5/decision-record.tsv::P3F-T5-HOST-MACHO;tmp/phase3f-evidence/agents/binary-analysis/host-t5/negative-space-candidates.tsv	group=GCC-DRIVER;side=UPSTREAM-P2;path=tmp/phase2-evidence/literal-clean/quarantine-toolchain_15.2.0-run1/riscv-gnu-toolchain/output/bin/riscv32-wch-elf-g++;offset=732764..732768;closure_event=P3F-EVENT-1793;After all 1,340 functional intervals were terminally adjudicated (748 feature-mapped, 388 host-ABI, 204 host-data) and negative-space candidates mapped, the remaining historical whole-host attribution obligation is outside the target-artifact/observable-literal gate.;Rule anchor: AGENTS.md observable boundary. Rejected alternative: full function attribution across 47 stripped Mach-O paths/four builds, at high cost without stronger target-artifact assurance. Each historical row has a one-to-one disposition; HOST-ZSTD retains L1-FEAT-ZSTD GAP evidence instead of a nonexistent V2 group pointer.
P3F-CLOSURE-0393	L1-REG-UP-P2-tmp__phase2-evidence__literal-clean__quarantine-toolchain_15_2_0-run1__riscv-gnu-toolchain__output__bin__g++-0029	HOST-MACHO-UNRESOLVED-REGION	tmp/phase3c-evidence/binary-region-ledger.tsv	host-macho-unresolved-region	Phase 3c region classification=UNRESOLVED	bind the equivalent V2 interval to terminal feature evidence or rule the pure host interval out of target-artifact/literal gate	RULED-OUT-OF-GATE	tmp/phase3f-evidence/agents/binary-analysis/host-t5/historical-region-disposition.tsv::L1-REG-UP-P2-tmp__phase2-evidence__literal-clean__quarantine-toolchain_15_2_0-run1__riscv-gnu-toolchain__output__bin__g++-0029	tmp/phase3f-evidence/agents/binary-analysis/host-t5/historical-region-disposition.tsv::L1-REG-UP-P2-tmp__phase2-evidence__literal-clean__quarantine-toolchain_15_2_0-run1__riscv-gnu-toolchain__output__bin__g++-0029;tmp/phase3f-evidence/agents/binary-analysis/host-t5/negative-path-disposition.tsv;tmp/phase3f-evidence/agents/binary-analysis/host-t5/host-byte-disposition.tsv;tmp/phase3f-evidence/agents/binary-analysis/host-t5/decision-record.tsv::P3F-T5-HOST-MACHO;tmp/phase3f-evidence/agents/binary-analysis/host-t5/negative-space-candidates.tsv	group=GCC-DRIVER;side=UPSTREAM-P2;path=tmp/phase2-evidence/literal-clean/quarantine-toolchain_15.2.0-run1/riscv-gnu-toolchain/output/bin/riscv32-wch-elf-g++;offset=1419127..1419128;closure_event=P3F-EVENT-1794;After all 1,340 functional intervals were terminally adjudicated (748 feature-mapped, 388 host-ABI, 204 host-data) and negative-space candidates mapped, the remaining historical whole-host attribution obligation is outside the target-artifact/observable-literal gate.;Rule anchor: AGENTS.md observable boundary. Rejected alternative: full function attribution across 47 stripped Mach-O paths/four builds, at high cost without stronger target-artifact assurance. Each historical row has a one-to-one disposition; HOST-ZSTD retains L1-FEAT-ZSTD GAP evidence instead of a nonexistent V2 group pointer.
P3F-CLOSURE-0394	L1-REG-UP-P2-tmp__phase2-evidence__literal-clean__quarantine-toolchain_15_2_0-run1__riscv-gnu-toolchain__output__bin__g++-0032	HOST-MACHO-UNRESOLVED-REGION	tmp/phase3c-evidence/binary-region-ledger.tsv	host-macho-unresolved-region	Phase 3c region classification=UNRESOLVED	bind the equivalent V2 interval to terminal feature evidence or rule the pure host interval out of target-artifact/literal gate	RULED-OUT-OF-GATE	tmp/phase3f-evidence/agents/binary-analysis/host-t5/historical-region-disposition.tsv::L1-REG-UP-P2-tmp__phase2-evidence__literal-clean__quarantine-toolchain_15_2_0-run1__riscv-gnu-toolchain__output__bin__g++-0032	tmp/phase3f-evidence/agents/binary-analysis/host-t5/historical-region-disposition.tsv::L1-REG-UP-P2-tmp__phase2-evidence__literal-clean__quarantine-toolchain_15_2_0-run1__riscv-gnu-toolchain__output__bin__g++-0032;tmp/phase3f-evidence/agents/binary-analysis/host-t5/negative-path-disposition.tsv;tmp/phase3f-evidence/agents/binary-analysis/host-t5/host-byte-disposition.tsv;tmp/phase3f-evidence/agents/binary-analysis/host-t5/decision-record.tsv::P3F-T5-HOST-MACHO;tmp/phase3f-evidence/agents/binary-analysis/host-t5/negative-space-candidates.tsv	group=GCC-DRIVER;side=UPSTREAM-P2;path=tmp/phase2-evidence/literal-clean/quarantine-toolchain_15.2.0-run1/riscv-gnu-toolchain/output/bin/riscv32-wch-elf-g++;offset=1488092..1490944;closure_event=P3F-EVENT-1795;After all 1,340 functional intervals were terminally adjudicated (748 feature-mapped, 388 host-ABI, 204 host-data) and negative-space candidates mapped, the remaining historical whole-host attribution obligation is outside the target-artifact/observable-literal gate.;Rule anchor: AGENTS.md observable boundary. Rejected alternative: full function attribution across 47 stripped Mach-O paths/four builds, at high cost without stronger target-artifact assurance. Each historical row has a one-to-one disposition; HOST-ZSTD retains L1-FEAT-ZSTD GAP evidence instead of a nonexistent V2 group pointer.
P3F-CLOSURE-0395	L1-REG-UP-P2-tmp__phase2-evidence__literal-clean__quarantine-toolchain_15_2_0-run1__riscv-gnu-toolchain__output__bin__g++-0035	HOST-MACHO-UNRESOLVED-REGION	tmp/phase3c-evidence/binary-region-ledger.tsv	host-macho-unresolved-region	Phase 3c region classification=UNRESOLVED	bind the equivalent V2 interval to terminal feature evidence or rule the pure host interval out of target-artifact/literal gate	RULED-OUT-OF-GATE	tmp/phase3f-evidence/agents/binary-analysis/host-t5/historical-region-disposition.tsv::L1-REG-UP-P2-tmp__phase2-evidence__literal-clean__quarantine-toolchain_15_2_0-run1__riscv-gnu-toolchain__output__bin__g++-0035	tmp/phase3f-evidence/agents/binary-analysis/host-t5/historical-region-disposition.tsv::L1-REG-UP-P2-tmp__phase2-evidence__literal-clean__quarantine-toolchain_15_2_0-run1__riscv-gnu-toolchain__output__bin__g++-0035;tmp/phase3f-evidence/agents/binary-analysis/host-t5/negative-path-disposition.tsv;tmp/phase3f-evidence/agents/binary-analysis/host-t5/host-byte-disposition.tsv;tmp/phase3f-evidence/agents/binary-analysis/host-t5/decision-record.tsv::P3F-T5-HOST-MACHO;tmp/phase3f-evidence/agents/binary-analysis/host-t5/negative-space-candidates.tsv	group=GCC-DRIVER;side=UPSTREAM-P2;path=tmp/phase2-evidence/literal-clean/quarantine-toolchain_15.2.0-run1/riscv-gnu-toolchain/output/bin/riscv32-wch-elf-g++;offset=1745888..1753088;closure_event=P3F-EVENT-1796;After all 1,340 functional intervals were terminally adjudicated (748 feature-mapped, 388 host-ABI, 204 host-data) and negative-space candidates mapped, the remaining historical whole-host attribution obligation is outside the target-artifact/observable-literal gate.;Rule anchor: AGENTS.md observable boundary. Rejected alternative: full function attribution across 47 stripped Mach-O paths/four builds, at high cost without stronger target-artifact assurance. Each historical row has a one-to-one disposition; HOST-ZSTD retains L1-FEAT-ZSTD GAP evidence instead of a nonexistent V2 group pointer.
P3F-CLOSURE-0396	L1-REG-UP-P2-tmp__phase2-evidence__literal-clean__quarantine-toolchain_15_2_0-run1__riscv-gnu-toolchain__output__bin__g++-0037	HOST-MACHO-UNRESOLVED-REGION	tmp/phase3c-evidence/binary-region-ledger.tsv	host-macho-unresolved-region	Phase 3c region classification=UNRESOLVED	bind the equivalent V2 interval to terminal feature evidence or rule the pure host interval out of target-artifact/literal gate	RULED-OUT-OF-GATE	tmp/phase3f-evidence/agents/binary-analysis/host-t5/historical-region-disposition.tsv::L1-REG-UP-P2-tmp__phase2-evidence__literal-clean__quarantine-toolchain_15_2_0-run1__riscv-gnu-toolchain__output__bin__g++-0037	tmp/phase3f-evidence/agents/binary-analysis/host-t5/historical-region-disposition.tsv::L1-REG-UP-P2-tmp__phase2-evidence__literal-clean__quarantine-toolchain_15_2_0-run1__riscv-gnu-toolchain__output__bin__g++-0037;tmp/phase3f-evidence/agents/binary-analysis/host-t5/negative-path-disposition.tsv;tmp/phase3f-evidence/agents/binary-analysis/host-t5/host-byte-disposition.tsv;tmp/phase3f-evidence/agents/binary-analysis/host-t5/decision-record.tsv::P3F-T5-HOST-MACHO;tmp/phase3f-evidence/agents/binary-analysis/host-t5/negative-space-candidates.tsv	group=GCC-DRIVER;side=UPSTREAM-P2;path=tmp/phase2-evidence/literal-clean/quarantine-toolchain_15.2.0-run1/riscv-gnu-toolchain/output/bin/riscv32-wch-elf-g++;offset=1755856..1769472;closure_event=P3F-EVENT-1797;After all 1,340 functional intervals were terminally adjudicated (748 feature-mapped, 388 host-ABI, 204 host-data) and negative-space candidates mapped, the remaining historical whole-host attribution obligation is outside the target-artifact/observable-literal gate.;Rule anchor: AGENTS.md observable boundary. Rejected alternative: full function attribution across 47 stripped Mach-O paths/four builds, at high cost without stronger target-artifact assurance. Each historical row has a one-to-one disposition; HOST-ZSTD retains L1-FEAT-ZSTD GAP evidence instead of a nonexistent V2 group pointer.
P3F-CLOSURE-0397	L1-REG-UP-P2-tmp__phase2-evidence__literal-clean__quarantine-toolchain_15_2_0-run1__riscv-gnu-toolchain__output__bin__gcc-0022	HOST-MACHO-UNRESOLVED-REGION	tmp/phase3c-evidence/binary-region-ledger.tsv	host-macho-unresolved-region	Phase 3c region classification=UNRESOLVED	bind the equivalent V2 interval to terminal feature evidence or rule the pure host interval out of target-artifact/literal gate	RULED-OUT-OF-GATE	tmp/phase3f-evidence/agents/binary-analysis/host-t5/historical-region-disposition.tsv::L1-REG-UP-P2-tmp__phase2-evidence__literal-clean__quarantine-toolchain_15_2_0-run1__riscv-gnu-toolchain__output__bin__gcc-0022	tmp/phase3f-evidence/agents/binary-analysis/host-t5/historical-region-disposition.tsv::L1-REG-UP-P2-tmp__phase2-evidence__literal-clean__quarantine-toolchain_15_2_0-run1__riscv-gnu-toolchain__output__bin__gcc-0022;tmp/phase3f-evidence/agents/binary-analysis/host-t5/negative-path-disposition.tsv;tmp/phase3f-evidence/agents/binary-analysis/host-t5/host-byte-disposition.tsv;tmp/phase3f-evidence/agents/binary-analysis/host-t5/decision-record.tsv::P3F-T5-HOST-MACHO;tmp/phase3f-evidence/agents/binary-analysis/host-t5/negative-space-candidates.tsv	group=GCC-DRIVER;side=UPSTREAM-P2;path=tmp/phase2-evidence/literal-clean/quarantine-toolchain_15.2.0-run1/riscv-gnu-toolchain/output/bin/riscv32-wch-elf-gcc;offset=1824..1864;closure_event=P3F-EVENT-1798;After all 1,340 functional intervals were terminally adjudicated (748 feature-mapped, 388 host-ABI, 204 host-data) and negative-space candidates mapped, the remaining historical whole-host attribution obligation is outside the target-artifact/observable-literal gate.;Rule anchor: AGENTS.md observable boundary. Rejected alternative: full function attribution across 47 stripped Mach-O paths/four builds, at high cost without stronger target-artifact assurance. Each historical row has a one-to-one disposition; HOST-ZSTD retains L1-FEAT-ZSTD GAP evidence instead of a nonexistent V2 group pointer.
P3F-CLOSURE-0398	L1-REG-UP-P2-tmp__phase2-evidence__literal-clean__quarantine-toolchain_15_2_0-run1__riscv-gnu-toolchain__output__bin__gcc-0024	HOST-MACHO-UNRESOLVED-REGION	tmp/phase3c-evidence/binary-region-ledger.tsv	host-macho-unresolved-region	Phase 3c region classification=UNRESOLVED	bind the equivalent V2 interval to terminal feature evidence or rule the pure host interval out of target-artifact/literal gate	RULED-OUT-OF-GATE	tmp/phase3f-evidence/agents/binary-analysis/host-t5/historical-region-disposition.tsv::L1-REG-UP-P2-tmp__phase2-evidence__literal-clean__quarantine-toolchain_15_2_0-run1__riscv-gnu-toolchain__output__bin__gcc-0024	tmp/phase3f-evidence/agents/binary-analysis/host-t5/historical-region-disposition.tsv::L1-REG-UP-P2-tmp__phase2-evidence__literal-clean__quarantine-toolchain_15_2_0-run1__riscv-gnu-toolchain__output__bin__gcc-0024;tmp/phase3f-evidence/agents/binary-analysis/host-t5/negative-path-disposition.tsv;tmp/phase3f-evidence/agents/binary-analysis/host-t5/host-byte-disposition.tsv;tmp/phase3f-evidence/agents/binary-analysis/host-t5/decision-record.tsv::P3F-T5-HOST-MACHO;tmp/phase3f-evidence/agents/binary-analysis/host-t5/negative-space-candidates.tsv	group=GCC-DRIVER;side=UPSTREAM-P2;path=tmp/phase2-evidence/literal-clean/quarantine-toolchain_15.2.0-run1/riscv-gnu-toolchain/output/bin/riscv32-wch-elf-gcc;offset=728524..730336;closure_event=P3F-EVENT-1799;After all 1,340 functional intervals were terminally adjudicated (748 feature-mapped, 388 host-ABI, 204 host-data) and negative-space candidates mapped, the remaining historical whole-host attribution obligation is outside the target-artifact/observable-literal gate.;Rule anchor: AGENTS.md observable boundary. Rejected alternative: full function attribution across 47 stripped Mach-O paths/four builds, at high cost without stronger target-artifact assurance. Each historical row has a one-to-one disposition; HOST-ZSTD retains L1-FEAT-ZSTD GAP evidence instead of a nonexistent V2 group pointer.
P3F-CLOSURE-0399	L1-REG-UP-P2-tmp__phase2-evidence__literal-clean__quarantine-toolchain_15_2_0-run1__riscv-gnu-toolchain__output__bin__gcc-0025	HOST-MACHO-UNRESOLVED-REGION	tmp/phase3c-evidence/binary-region-ledger.tsv	host-macho-unresolved-region	Phase 3c region classification=UNRESOLVED	bind the equivalent V2 interval to terminal feature evidence or rule the pure host interval out of target-artifact/literal gate	RULED-OUT-OF-GATE	tmp/phase3f-evidence/agents/binary-analysis/host-t5/historical-region-disposition.tsv::L1-REG-UP-P2-tmp__phase2-evidence__literal-clean__quarantine-toolchain_15_2_0-run1__riscv-gnu-toolchain__output__bin__gcc-0025	tmp/phase3f-evidence/agents/binary-analysis/host-t5/historical-region-disposition.tsv::L1-REG-UP-P2-tmp__phase2-evidence__literal-clean__quarantine-toolchain_15_2_0-run1__riscv-gnu-toolchain__output__bin__gcc-0025;tmp/phase3f-evidence/agents/binary-analysis/host-t5/negative-path-disposition.tsv;tmp/phase3f-evidence/agents/binary-analysis/host-t5/host-byte-disposition.tsv;tmp/phase3f-evidence/agents/binary-analysis/host-t5/decision-record.tsv::P3F-T5-HOST-MACHO;tmp/phase3f-evidence/agents/binary-analysis/host-t5/negative-space-candidates.tsv	group=GCC-DRIVER;side=UPSTREAM-P2;path=tmp/phase2-evidence/literal-clean/quarantine-toolchain_15.2.0-run1/riscv-gnu-toolchain/output/bin/riscv32-wch-elf-gcc;offset=730336..730352;closure_event=P3F-EVENT-1800;After all 1,340 functional intervals were terminally adjudicated (748 feature-mapped, 388 host-ABI, 204 host-data) and negative-space candidates mapped, the remaining historical whole-host attribution obligation is outside the target-artifact/observable-literal gate.;Rule anchor: AGENTS.md observable boundary. Rejected alternative: full function attribution across 47 stripped Mach-O paths/four builds, at high cost without stronger target-artifact assurance. Each historical row has a one-to-one disposition; HOST-ZSTD retains L1-FEAT-ZSTD GAP evidence instead of a nonexistent V2 group pointer.
P3F-CLOSURE-0400	L1-REG-UP-P2-tmp__phase2-evidence__literal-clean__quarantine-toolchain_15_2_0-run1__riscv-gnu-toolchain__output__bin__gcc-0029	HOST-MACHO-UNRESOLVED-REGION	tmp/phase3c-evidence/binary-region-ledger.tsv	host-macho-unresolved-region	Phase 3c region classification=UNRESOLVED	bind the equivalent V2 interval to terminal feature evidence or rule the pure host interval out of target-artifact/literal gate	RULED-OUT-OF-GATE	tmp/phase3f-evidence/agents/binary-analysis/host-t5/historical-region-disposition.tsv::L1-REG-UP-P2-tmp__phase2-evidence__literal-clean__quarantine-toolchain_15_2_0-run1__riscv-gnu-toolchain__output__bin__gcc-0029	tmp/phase3f-evidence/agents/binary-analysis/host-t5/historical-region-disposition.tsv::L1-REG-UP-P2-tmp__phase2-evidence__literal-clean__quarantine-toolchain_15_2_0-run1__riscv-gnu-toolchain__output__bin__gcc-0029;tmp/phase3f-evidence/agents/binary-analysis/host-t5/negative-path-disposition.tsv;tmp/phase3f-evidence/agents/binary-analysis/host-t5/host-byte-disposition.tsv;tmp/phase3f-evidence/agents/binary-analysis/host-t5/decision-record.tsv::P3F-T5-HOST-MACHO;tmp/phase3f-evidence/agents/binary-analysis/host-t5/negative-space-candidates.tsv	group=GCC-DRIVER;side=UPSTREAM-P2;path=tmp/phase2-evidence/literal-clean/quarantine-toolchain_15.2.0-run1/riscv-gnu-toolchain/output/bin/riscv32-wch-elf-gcc;offset=1425716..1425720;closure_event=P3F-EVENT-1801;After all 1,340 functional intervals were terminally adjudicated (748 feature-mapped, 388 host-ABI, 204 host-data) and negative-space candidates mapped, the remaining historical whole-host attribution obligation is outside the target-artifact/observable-literal gate.;Rule anchor: AGENTS.md observable boundary. Rejected alternative: full function attribution across 47 stripped Mach-O paths/four builds, at high cost without stronger target-artifact assurance. Each historical row has a one-to-one disposition; HOST-ZSTD retains L1-FEAT-ZSTD GAP evidence instead of a nonexistent V2 group pointer.
P3F-CLOSURE-0401	L1-REG-UP-P2-tmp__phase2-evidence__literal-clean__quarantine-toolchain_15_2_0-run1__riscv-gnu-toolchain__output__bin__gcc-0031	HOST-MACHO-UNRESOLVED-REGION	tmp/phase3c-evidence/binary-region-ledger.tsv	host-macho-unresolved-region	Phase 3c region classification=UNRESOLVED	bind the equivalent V2 interval to terminal feature evidence or rule the pure host interval out of target-artifact/literal gate	RULED-OUT-OF-GATE	tmp/phase3f-evidence/agents/binary-analysis/host-t5/historical-region-disposition.tsv::L1-REG-UP-P2-tmp__phase2-evidence__literal-clean__quarantine-toolchain_15_2_0-run1__riscv-gnu-toolchain__output__bin__gcc-0031	tmp/phase3f-evidence/agents/binary-analysis/host-t5/historical-region-disposition.tsv::L1-REG-UP-P2-tmp__phase2-evidence__literal-clean__quarantine-toolchain_15_2_0-run1__riscv-gnu-toolchain__output__bin__gcc-0031;tmp/phase3f-evidence/agents/binary-analysis/host-t5/negative-path-disposition.tsv;tmp/phase3f-evidence/agents/binary-analysis/host-t5/host-byte-disposition.tsv;tmp/phase3f-evidence/agents/binary-analysis/host-t5/decision-record.tsv::P3F-T5-HOST-MACHO;tmp/phase3f-evidence/agents/binary-analysis/host-t5/negative-space-candidates.tsv	group=GCC-DRIVER;side=UPSTREAM-P2;path=tmp/phase2-evidence/literal-clean/quarantine-toolchain_15.2.0-run1/riscv-gnu-toolchain/output/bin/riscv32-wch-elf-gcc;offset=1485404..1490944;closure_event=P3F-EVENT-1802;After all 1,340 functional intervals were terminally adjudicated (748 feature-mapped, 388 host-ABI, 204 host-data) and negative-space candidates mapped, the remaining historical whole-host attribution obligation is outside the target-artifact/observable-literal gate.;Rule anchor: AGENTS.md observable boundary. Rejected alternative: full function attribution across 47 stripped Mach-O paths/four builds, at high cost without stronger target-artifact assurance. Each historical row has a one-to-one disposition; HOST-ZSTD retains L1-FEAT-ZSTD GAP evidence instead of a nonexistent V2 group pointer.
P3F-CLOSURE-0402	L1-REG-UP-P2-tmp__phase2-evidence__literal-clean__quarantine-toolchain_15_2_0-run1__riscv-gnu-toolchain__output__bin__gcc-0034	HOST-MACHO-UNRESOLVED-REGION	tmp/phase3c-evidence/binary-region-ledger.tsv	host-macho-unresolved-region	Phase 3c region classification=UNRESOLVED	bind the equivalent V2 interval to terminal feature evidence or rule the pure host interval out of target-artifact/literal gate	RULED-OUT-OF-GATE	tmp/phase3f-evidence/agents/binary-analysis/host-t5/historical-region-disposition.tsv::L1-REG-UP-P2-tmp__phase2-evidence__literal-clean__quarantine-toolchain_15_2_0-run1__riscv-gnu-toolchain__output__bin__gcc-0034	tmp/phase3f-evidence/agents/binary-analysis/host-t5/historical-region-disposition.tsv::L1-REG-UP-P2-tmp__phase2-evidence__literal-clean__quarantine-toolchain_15_2_0-run1__riscv-gnu-toolchain__output__bin__gcc-0034;tmp/phase3f-evidence/agents/binary-analysis/host-t5/negative-path-disposition.tsv;tmp/phase3f-evidence/agents/binary-analysis/host-t5/host-byte-disposition.tsv;tmp/phase3f-evidence/agents/binary-analysis/host-t5/decision-record.tsv::P3F-T5-HOST-MACHO;tmp/phase3f-evidence/agents/binary-analysis/host-t5/negative-space-candidates.tsv	group=GCC-DRIVER;side=UPSTREAM-P2;path=tmp/phase2-evidence/literal-clean/quarantine-toolchain_15.2.0-run1/riscv-gnu-toolchain/output/bin/riscv32-wch-elf-gcc;offset=1745888..1753088;closure_event=P3F-EVENT-1803;After all 1,340 functional intervals were terminally adjudicated (748 feature-mapped, 388 host-ABI, 204 host-data) and negative-space candidates mapped, the remaining historical whole-host attribution obligation is outside the target-artifact/observable-literal gate.;Rule anchor: AGENTS.md observable boundary. Rejected alternative: full function attribution across 47 stripped Mach-O paths/four builds, at high cost without stronger target-artifact assurance. Each historical row has a one-to-one disposition; HOST-ZSTD retains L1-FEAT-ZSTD GAP evidence instead of a nonexistent V2 group pointer.
P3F-CLOSURE-0403	L1-REG-UP-P2-tmp__phase2-evidence__literal-clean__quarantine-toolchain_15_2_0-run1__riscv-gnu-toolchain__output__bin__gcc-0036	HOST-MACHO-UNRESOLVED-REGION	tmp/phase3c-evidence/binary-region-ledger.tsv	host-macho-unresolved-region	Phase 3c region classification=UNRESOLVED	bind the equivalent V2 interval to terminal feature evidence or rule the pure host interval out of target-artifact/literal gate	RULED-OUT-OF-GATE	tmp/phase3f-evidence/agents/binary-analysis/host-t5/historical-region-disposition.tsv::L1-REG-UP-P2-tmp__phase2-evidence__literal-clean__quarantine-toolchain_15_2_0-run1__riscv-gnu-toolchain__output__bin__gcc-0036	tmp/phase3f-evidence/agents/binary-analysis/host-t5/historical-region-disposition.tsv::L1-REG-UP-P2-tmp__phase2-evidence__literal-clean__quarantine-toolchain_15_2_0-run1__riscv-gnu-toolchain__output__bin__gcc-0036;tmp/phase3f-evidence/agents/binary-analysis/host-t5/negative-path-disposition.tsv;tmp/phase3f-evidence/agents/binary-analysis/host-t5/host-byte-disposition.tsv;tmp/phase3f-evidence/agents/binary-analysis/host-t5/decision-record.tsv::P3F-T5-HOST-MACHO;tmp/phase3f-evidence/agents/binary-analysis/host-t5/negative-space-candidates.tsv	group=GCC-DRIVER;side=UPSTREAM-P2;path=tmp/phase2-evidence/literal-clean/quarantine-toolchain_15.2.0-run1/riscv-gnu-toolchain/output/bin/riscv32-wch-elf-gcc;offset=1755856..1769472;closure_event=P3F-EVENT-1804;After all 1,340 functional intervals were terminally adjudicated (748 feature-mapped, 388 host-ABI, 204 host-data) and negative-space candidates mapped, the remaining historical whole-host attribution obligation is outside the target-artifact/observable-literal gate.;Rule anchor: AGENTS.md observable boundary. Rejected alternative: full function attribution across 47 stripped Mach-O paths/four builds, at high cost without stronger target-artifact assurance. Each historical row has a one-to-one disposition; HOST-ZSTD retains L1-FEAT-ZSTD GAP evidence instead of a nonexistent V2 group pointer.
P3F-CLOSURE-0404	L1-REG-UP-P2-tmp__phase2-evidence__literal-clean__quarantine-toolchain_15_2_0-run1__riscv-gnu-toolchain__output__bin__gcc-15_2_0-0022	HOST-MACHO-UNRESOLVED-REGION	tmp/phase3c-evidence/binary-region-ledger.tsv	host-macho-unresolved-region	Phase 3c region classification=UNRESOLVED	bind the equivalent V2 interval to terminal feature evidence or rule the pure host interval out of target-artifact/literal gate	RULED-OUT-OF-GATE	tmp/phase3f-evidence/agents/binary-analysis/host-t5/historical-region-disposition.tsv::L1-REG-UP-P2-tmp__phase2-evidence__literal-clean__quarantine-toolchain_15_2_0-run1__riscv-gnu-toolchain__output__bin__gcc-15_2_0-0022	tmp/phase3f-evidence/agents/binary-analysis/host-t5/historical-region-disposition.tsv::L1-REG-UP-P2-tmp__phase2-evidence__literal-clean__quarantine-toolchain_15_2_0-run1__riscv-gnu-toolchain__output__bin__gcc-15_2_0-0022;tmp/phase3f-evidence/agents/binary-analysis/host-t5/negative-path-disposition.tsv;tmp/phase3f-evidence/agents/binary-analysis/host-t5/host-byte-disposition.tsv;tmp/phase3f-evidence/agents/binary-analysis/host-t5/decision-record.tsv::P3F-T5-HOST-MACHO;tmp/phase3f-evidence/agents/binary-analysis/host-t5/negative-space-candidates.tsv	group=GCC-DRIVER;side=UPSTREAM-P2;path=tmp/phase2-evidence/literal-clean/quarantine-toolchain_15.2.0-run1/riscv-gnu-toolchain/output/bin/riscv32-wch-elf-gcc-15.2.0;offset=1824..1864;closure_event=P3F-EVENT-1805;After all 1,340 functional intervals were terminally adjudicated (748 feature-mapped, 388 host-ABI, 204 host-data) and negative-space candidates mapped, the remaining historical whole-host attribution obligation is outside the target-artifact/observable-literal gate.;Rule anchor: AGENTS.md observable boundary. Rejected alternative: full function attribution across 47 stripped Mach-O paths/four builds, at high cost without stronger target-artifact assurance. Each historical row has a one-to-one disposition; HOST-ZSTD retains L1-FEAT-ZSTD GAP evidence instead of a nonexistent V2 group pointer.
P3F-CLOSURE-0405	L1-REG-UP-P2-tmp__phase2-evidence__literal-clean__quarantine-toolchain_15_2_0-run1__riscv-gnu-toolchain__output__bin__gcc-15_2_0-0024	HOST-MACHO-UNRESOLVED-REGION	tmp/phase3c-evidence/binary-region-ledger.tsv	host-macho-unresolved-region	Phase 3c region classification=UNRESOLVED	bind the equivalent V2 interval to terminal feature evidence or rule the pure host interval out of target-artifact/literal gate	RULED-OUT-OF-GATE	tmp/phase3f-evidence/agents/binary-analysis/host-t5/historical-region-disposition.tsv::L1-REG-UP-P2-tmp__phase2-evidence__literal-clean__quarantine-toolchain_15_2_0-run1__riscv-gnu-toolchain__output__bin__gcc-15_2_0-0024	tmp/phase3f-evidence/agents/binary-analysis/host-t5/historical-region-disposition.tsv::L1-REG-UP-P2-tmp__phase2-evidence__literal-clean__quarantine-toolchain_15_2_0-run1__riscv-gnu-toolchain__output__bin__gcc-15_2_0-0024;tmp/phase3f-evidence/agents/binary-analysis/host-t5/negative-path-disposition.tsv;tmp/phase3f-evidence/agents/binary-analysis/host-t5/host-byte-disposition.tsv;tmp/phase3f-evidence/agents/binary-analysis/host-t5/decision-record.tsv::P3F-T5-HOST-MACHO;tmp/phase3f-evidence/agents/binary-analysis/host-t5/negative-space-candidates.tsv	group=GCC-DRIVER;side=UPSTREAM-P2;path=tmp/phase2-evidence/literal-clean/quarantine-toolchain_15.2.0-run1/riscv-gnu-toolchain/output/bin/riscv32-wch-elf-gcc-15.2.0;offset=728524..730336;closure_event=P3F-EVENT-1806;After all 1,340 functional intervals were terminally adjudicated (748 feature-mapped, 388 host-ABI, 204 host-data) and negative-space candidates mapped, the remaining historical whole-host attribution obligation is outside the target-artifact/observable-literal gate.;Rule anchor: AGENTS.md observable boundary. Rejected alternative: full function attribution across 47 stripped Mach-O paths/four builds, at high cost without stronger target-artifact assurance. Each historical row has a one-to-one disposition; HOST-ZSTD retains L1-FEAT-ZSTD GAP evidence instead of a nonexistent V2 group pointer.
P3F-CLOSURE-0406	L1-REG-UP-P2-tmp__phase2-evidence__literal-clean__quarantine-toolchain_15_2_0-run1__riscv-gnu-toolchain__output__bin__gcc-15_2_0-0025	HOST-MACHO-UNRESOLVED-REGION	tmp/phase3c-evidence/binary-region-ledger.tsv	host-macho-unresolved-region	Phase 3c region classification=UNRESOLVED	bind the equivalent V2 interval to terminal feature evidence or rule the pure host interval out of target-artifact/literal gate	RULED-OUT-OF-GATE	tmp/phase3f-evidence/agents/binary-analysis/host-t5/historical-region-disposition.tsv::L1-REG-UP-P2-tmp__phase2-evidence__literal-clean__quarantine-toolchain_15_2_0-run1__riscv-gnu-toolchain__output__bin__gcc-15_2_0-0025	tmp/phase3f-evidence/agents/binary-analysis/host-t5/historical-region-disposition.tsv::L1-REG-UP-P2-tmp__phase2-evidence__literal-clean__quarantine-toolchain_15_2_0-run1__riscv-gnu-toolchain__output__bin__gcc-15_2_0-0025;tmp/phase3f-evidence/agents/binary-analysis/host-t5/negative-path-disposition.tsv;tmp/phase3f-evidence/agents/binary-analysis/host-t5/host-byte-disposition.tsv;tmp/phase3f-evidence/agents/binary-analysis/host-t5/decision-record.tsv::P3F-T5-HOST-MACHO;tmp/phase3f-evidence/agents/binary-analysis/host-t5/negative-space-candidates.tsv	group=GCC-DRIVER;side=UPSTREAM-P2;path=tmp/phase2-evidence/literal-clean/quarantine-toolchain_15.2.0-run1/riscv-gnu-toolchain/output/bin/riscv32-wch-elf-gcc-15.2.0;offset=730336..730352;closure_event=P3F-EVENT-1807;After all 1,340 functional intervals were terminally adjudicated (748 feature-mapped, 388 host-ABI, 204 host-data) and negative-space candidates mapped, the remaining historical whole-host attribution obligation is outside the target-artifact/observable-literal gate.;Rule anchor: AGENTS.md observable boundary. Rejected alternative: full function attribution across 47 stripped Mach-O paths/four builds, at high cost without stronger target-artifact assurance. Each historical row has a one-to-one disposition; HOST-ZSTD retains L1-FEAT-ZSTD GAP evidence instead of a nonexistent V2 group pointer.
P3F-CLOSURE-0407	L1-REG-UP-P2-tmp__phase2-evidence__literal-clean__quarantine-toolchain_15_2_0-run1__riscv-gnu-toolchain__output__bin__gcc-15_2_0-0029	HOST-MACHO-UNRESOLVED-REGION	tmp/phase3c-evidence/binary-region-ledger.tsv	host-macho-unresolved-region	Phase 3c region classification=UNRESOLVED	bind the equivalent V2 interval to terminal feature evidence or rule the pure host interval out of target-artifact/literal gate	RULED-OUT-OF-GATE	tmp/phase3f-evidence/agents/binary-analysis/host-t5/historical-region-disposition.tsv::L1-REG-UP-P2-tmp__phase2-evidence__literal-clean__quarantine-toolchain_15_2_0-run1__riscv-gnu-toolchain__output__bin__gcc-15_2_0-0029	tmp/phase3f-evidence/agents/binary-analysis/host-t5/historical-region-disposition.tsv::L1-REG-UP-P2-tmp__phase2-evidence__literal-clean__quarantine-toolchain_15_2_0-run1__riscv-gnu-toolchain__output__bin__gcc-15_2_0-0029;tmp/phase3f-evidence/agents/binary-analysis/host-t5/negative-path-disposition.tsv;tmp/phase3f-evidence/agents/binary-analysis/host-t5/host-byte-disposition.tsv;tmp/phase3f-evidence/agents/binary-analysis/host-t5/decision-record.tsv::P3F-T5-HOST-MACHO;tmp/phase3f-evidence/agents/binary-analysis/host-t5/negative-space-candidates.tsv	group=GCC-DRIVER;side=UPSTREAM-P2;path=tmp/phase2-evidence/literal-clean/quarantine-toolchain_15.2.0-run1/riscv-gnu-toolchain/output/bin/riscv32-wch-elf-gcc-15.2.0;offset=1425716..1425720;closure_event=P3F-EVENT-1808;After all 1,340 functional intervals were terminally adjudicated (748 feature-mapped, 388 host-ABI, 204 host-data) and negative-space candidates mapped, the remaining historical whole-host attribution obligation is outside the target-artifact/observable-literal gate.;Rule anchor: AGENTS.md observable boundary. Rejected alternative: full function attribution across 47 stripped Mach-O paths/four builds, at high cost without stronger target-artifact assurance. Each historical row has a one-to-one disposition; HOST-ZSTD retains L1-FEAT-ZSTD GAP evidence instead of a nonexistent V2 group pointer.
P3F-CLOSURE-0408	L1-REG-UP-P2-tmp__phase2-evidence__literal-clean__quarantine-toolchain_15_2_0-run1__riscv-gnu-toolchain__output__bin__gcc-15_2_0-0031	HOST-MACHO-UNRESOLVED-REGION	tmp/phase3c-evidence/binary-region-ledger.tsv	host-macho-unresolved-region	Phase 3c region classification=UNRESOLVED	bind the equivalent V2 interval to terminal feature evidence or rule the pure host interval out of target-artifact/literal gate	RULED-OUT-OF-GATE	tmp/phase3f-evidence/agents/binary-analysis/host-t5/historical-region-disposition.tsv::L1-REG-UP-P2-tmp__phase2-evidence__literal-clean__quarantine-toolchain_15_2_0-run1__riscv-gnu-toolchain__output__bin__gcc-15_2_0-0031	tmp/phase3f-evidence/agents/binary-analysis/host-t5/historical-region-disposition.tsv::L1-REG-UP-P2-tmp__phase2-evidence__literal-clean__quarantine-toolchain_15_2_0-run1__riscv-gnu-toolchain__output__bin__gcc-15_2_0-0031;tmp/phase3f-evidence/agents/binary-analysis/host-t5/negative-path-disposition.tsv;tmp/phase3f-evidence/agents/binary-analysis/host-t5/host-byte-disposition.tsv;tmp/phase3f-evidence/agents/binary-analysis/host-t5/decision-record.tsv::P3F-T5-HOST-MACHO;tmp/phase3f-evidence/agents/binary-analysis/host-t5/negative-space-candidates.tsv	group=GCC-DRIVER;side=UPSTREAM-P2;path=tmp/phase2-evidence/literal-clean/quarantine-toolchain_15.2.0-run1/riscv-gnu-toolchain/output/bin/riscv32-wch-elf-gcc-15.2.0;offset=1485404..1490944;closure_event=P3F-EVENT-1809;After all 1,340 functional intervals were terminally adjudicated (748 feature-mapped, 388 host-ABI, 204 host-data) and negative-space candidates mapped, the remaining historical whole-host attribution obligation is outside the target-artifact/observable-literal gate.;Rule anchor: AGENTS.md observable boundary. Rejected alternative: full function attribution across 47 stripped Mach-O paths/four builds, at high cost without stronger target-artifact assurance. Each historical row has a one-to-one disposition; HOST-ZSTD retains L1-FEAT-ZSTD GAP evidence instead of a nonexistent V2 group pointer.
P3F-CLOSURE-0409	L1-REG-UP-P2-tmp__phase2-evidence__literal-clean__quarantine-toolchain_15_2_0-run1__riscv-gnu-toolchain__output__bin__gcc-15_2_0-0034	HOST-MACHO-UNRESOLVED-REGION	tmp/phase3c-evidence/binary-region-ledger.tsv	host-macho-unresolved-region	Phase 3c region classification=UNRESOLVED	bind the equivalent V2 interval to terminal feature evidence or rule the pure host interval out of target-artifact/literal gate	RULED-OUT-OF-GATE	tmp/phase3f-evidence/agents/binary-analysis/host-t5/historical-region-disposition.tsv::L1-REG-UP-P2-tmp__phase2-evidence__literal-clean__quarantine-toolchain_15_2_0-run1__riscv-gnu-toolchain__output__bin__gcc-15_2_0-0034	tmp/phase3f-evidence/agents/binary-analysis/host-t5/historical-region-disposition.tsv::L1-REG-UP-P2-tmp__phase2-evidence__literal-clean__quarantine-toolchain_15_2_0-run1__riscv-gnu-toolchain__output__bin__gcc-15_2_0-0034;tmp/phase3f-evidence/agents/binary-analysis/host-t5/negative-path-disposition.tsv;tmp/phase3f-evidence/agents/binary-analysis/host-t5/host-byte-disposition.tsv;tmp/phase3f-evidence/agents/binary-analysis/host-t5/decision-record.tsv::P3F-T5-HOST-MACHO;tmp/phase3f-evidence/agents/binary-analysis/host-t5/negative-space-candidates.tsv	group=GCC-DRIVER;side=UPSTREAM-P2;path=tmp/phase2-evidence/literal-clean/quarantine-toolchain_15.2.0-run1/riscv-gnu-toolchain/output/bin/riscv32-wch-elf-gcc-15.2.0;offset=1745888..1753088;closure_event=P3F-EVENT-1810;After all 1,340 functional intervals were terminally adjudicated (748 feature-mapped, 388 host-ABI, 204 host-data) and negative-space candidates mapped, the remaining historical whole-host attribution obligation is outside the target-artifact/observable-literal gate.;Rule anchor: AGENTS.md observable boundary. Rejected alternative: full function attribution across 47 stripped Mach-O paths/four builds, at high cost without stronger target-artifact assurance. Each historical row has a one-to-one disposition; HOST-ZSTD retains L1-FEAT-ZSTD GAP evidence instead of a nonexistent V2 group pointer.
P3F-CLOSURE-0410	L1-REG-UP-P2-tmp__phase2-evidence__literal-clean__quarantine-toolchain_15_2_0-run1__riscv-gnu-toolchain__output__bin__gcc-15_2_0-0036	HOST-MACHO-UNRESOLVED-REGION	tmp/phase3c-evidence/binary-region-ledger.tsv	host-macho-unresolved-region	Phase 3c region classification=UNRESOLVED	bind the equivalent V2 interval to terminal feature evidence or rule the pure host interval out of target-artifact/literal gate	RULED-OUT-OF-GATE	tmp/phase3f-evidence/agents/binary-analysis/host-t5/historical-region-disposition.tsv::L1-REG-UP-P2-tmp__phase2-evidence__literal-clean__quarantine-toolchain_15_2_0-run1__riscv-gnu-toolchain__output__bin__gcc-15_2_0-0036	tmp/phase3f-evidence/agents/binary-analysis/host-t5/historical-region-disposition.tsv::L1-REG-UP-P2-tmp__phase2-evidence__literal-clean__quarantine-toolchain_15_2_0-run1__riscv-gnu-toolchain__output__bin__gcc-15_2_0-0036;tmp/phase3f-evidence/agents/binary-analysis/host-t5/negative-path-disposition.tsv;tmp/phase3f-evidence/agents/binary-analysis/host-t5/host-byte-disposition.tsv;tmp/phase3f-evidence/agents/binary-analysis/host-t5/decision-record.tsv::P3F-T5-HOST-MACHO;tmp/phase3f-evidence/agents/binary-analysis/host-t5/negative-space-candidates.tsv	group=GCC-DRIVER;side=UPSTREAM-P2;path=tmp/phase2-evidence/literal-clean/quarantine-toolchain_15.2.0-run1/riscv-gnu-toolchain/output/bin/riscv32-wch-elf-gcc-15.2.0;offset=1755856..1769472;closure_event=P3F-EVENT-1811;After all 1,340 functional intervals were terminally adjudicated (748 feature-mapped, 388 host-ABI, 204 host-data) and negative-space candidates mapped, the remaining historical whole-host attribution obligation is outside the target-artifact/observable-literal gate.;Rule anchor: AGENTS.md observable boundary. Rejected alternative: full function attribution across 47 stripped Mach-O paths/four builds, at high cost without stronger target-artifact assurance. Each historical row has a one-to-one disposition; HOST-ZSTD retains L1-FEAT-ZSTD GAP evidence instead of a nonexistent V2 group pointer.
P3F-CLOSURE-0411	L1-REG-WCH-ref__gcc__darwin-arm64__15_2_0__bin__c++-0022	HOST-MACHO-UNRESOLVED-REGION	tmp/phase3c-evidence/binary-region-ledger.tsv	host-macho-unresolved-region	Phase 3c region classification=UNRESOLVED	bind the equivalent V2 interval to terminal feature evidence or rule the pure host interval out of target-artifact/literal gate	RULED-OUT-OF-GATE	tmp/phase3f-evidence/agents/binary-analysis/host-t5/historical-region-disposition.tsv::L1-REG-WCH-ref__gcc__darwin-arm64__15_2_0__bin__c++-0022	tmp/phase3f-evidence/agents/binary-analysis/host-t5/historical-region-disposition.tsv::L1-REG-WCH-ref__gcc__darwin-arm64__15_2_0__bin__c++-0022;tmp/phase3f-evidence/agents/binary-analysis/host-t5/negative-path-disposition.tsv;tmp/phase3f-evidence/agents/binary-analysis/host-t5/host-byte-disposition.tsv;tmp/phase3f-evidence/agents/binary-analysis/host-t5/decision-record.tsv::P3F-T5-HOST-MACHO;tmp/phase3f-evidence/agents/binary-analysis/host-t5/negative-space-candidates.tsv	group=GCC-DRIVER;side=WCH;path=ref/gcc/darwin-arm64/15.2.0/bin/riscv32-wch-elf-c++;offset=1824..15828;closure_event=P3F-EVENT-1812;After all 1,340 functional intervals were terminally adjudicated (748 feature-mapped, 388 host-ABI, 204 host-data) and negative-space candidates mapped, the remaining historical whole-host attribution obligation is outside the target-artifact/observable-literal gate.;Rule anchor: AGENTS.md observable boundary. Rejected alternative: full function attribution across 47 stripped Mach-O paths/four builds, at high cost without stronger target-artifact assurance. Each historical row has a one-to-one disposition; HOST-ZSTD retains L1-FEAT-ZSTD GAP evidence instead of a nonexistent V2 group pointer.
P3F-CLOSURE-0412	L1-REG-WCH-ref__gcc__darwin-arm64__15_2_0__bin__c++-0024	HOST-MACHO-UNRESOLVED-REGION	tmp/phase3c-evidence/binary-region-ledger.tsv	host-macho-unresolved-region	Phase 3c region classification=UNRESOLVED	bind the equivalent V2 interval to terminal feature evidence or rule the pure host interval out of target-artifact/literal gate	RULED-OUT-OF-GATE	tmp/phase3f-evidence/agents/binary-analysis/host-t5/historical-region-disposition.tsv::L1-REG-WCH-ref__gcc__darwin-arm64__15_2_0__bin__c++-0024	tmp/phase3f-evidence/agents/binary-analysis/host-t5/historical-region-disposition.tsv::L1-REG-WCH-ref__gcc__darwin-arm64__15_2_0__bin__c++-0024;tmp/phase3f-evidence/agents/binary-analysis/host-t5/negative-path-disposition.tsv;tmp/phase3f-evidence/agents/binary-analysis/host-t5/host-byte-disposition.tsv;tmp/phase3f-evidence/agents/binary-analysis/host-t5/decision-record.tsv::P3F-T5-HOST-MACHO;tmp/phase3f-evidence/agents/binary-analysis/host-t5/negative-space-candidates.tsv	group=GCC-DRIVER;side=WCH;path=ref/gcc/darwin-arm64/15.2.0/bin/riscv32-wch-elf-c++;offset=735360..737184;closure_event=P3F-EVENT-1813;After all 1,340 functional intervals were terminally adjudicated (748 feature-mapped, 388 host-ABI, 204 host-data) and negative-space candidates mapped, the remaining historical whole-host attribution obligation is outside the target-artifact/observable-literal gate.;Rule anchor: AGENTS.md observable boundary. Rejected alternative: full function attribution across 47 stripped Mach-O paths/four builds, at high cost without stronger target-artifact assurance. Each historical row has a one-to-one disposition; HOST-ZSTD retains L1-FEAT-ZSTD GAP evidence instead of a nonexistent V2 group pointer.
P3F-CLOSURE-0413	L1-REG-WCH-ref__gcc__darwin-arm64__15_2_0__bin__c++-0025	HOST-MACHO-UNRESOLVED-REGION	tmp/phase3c-evidence/binary-region-ledger.tsv	host-macho-unresolved-region	Phase 3c region classification=UNRESOLVED	bind the equivalent V2 interval to terminal feature evidence or rule the pure host interval out of target-artifact/literal gate	RULED-OUT-OF-GATE	tmp/phase3f-evidence/agents/binary-analysis/host-t5/historical-region-disposition.tsv::L1-REG-WCH-ref__gcc__darwin-arm64__15_2_0__bin__c++-0025	tmp/phase3f-evidence/agents/binary-analysis/host-t5/historical-region-disposition.tsv::L1-REG-WCH-ref__gcc__darwin-arm64__15_2_0__bin__c++-0025;tmp/phase3f-evidence/agents/binary-analysis/host-t5/negative-path-disposition.tsv;tmp/phase3f-evidence/agents/binary-analysis/host-t5/host-byte-disposition.tsv;tmp/phase3f-evidence/agents/binary-analysis/host-t5/decision-record.tsv::P3F-T5-HOST-MACHO;tmp/phase3f-evidence/agents/binary-analysis/host-t5/negative-space-candidates.tsv	group=GCC-DRIVER;side=WCH;path=ref/gcc/darwin-arm64/15.2.0/bin/riscv32-wch-elf-c++;offset=737184..737200;closure_event=P3F-EVENT-1814;After all 1,340 functional intervals were terminally adjudicated (748 feature-mapped, 388 host-ABI, 204 host-data) and negative-space candidates mapped, the remaining historical whole-host attribution obligation is outside the target-artifact/observable-literal gate.;Rule anchor: AGENTS.md observable boundary. Rejected alternative: full function attribution across 47 stripped Mach-O paths/four builds, at high cost without stronger target-artifact assurance. Each historical row has a one-to-one disposition; HOST-ZSTD retains L1-FEAT-ZSTD GAP evidence instead of a nonexistent V2 group pointer.
P3F-CLOSURE-0414	L1-REG-WCH-ref__gcc__darwin-arm64__15_2_0__bin__c++-0028	HOST-MACHO-UNRESOLVED-REGION	tmp/phase3c-evidence/binary-region-ledger.tsv	host-macho-unresolved-region	Phase 3c region classification=UNRESOLVED	bind the equivalent V2 interval to terminal feature evidence or rule the pure host interval out of target-artifact/literal gate	RULED-OUT-OF-GATE	tmp/phase3f-evidence/agents/binary-analysis/host-t5/historical-region-disposition.tsv::L1-REG-WCH-ref__gcc__darwin-arm64__15_2_0__bin__c++-0028	tmp/phase3f-evidence/agents/binary-analysis/host-t5/historical-region-disposition.tsv::L1-REG-WCH-ref__gcc__darwin-arm64__15_2_0__bin__c++-0028;tmp/phase3f-evidence/agents/binary-analysis/host-t5/negative-path-disposition.tsv;tmp/phase3f-evidence/agents/binary-analysis/host-t5/host-byte-disposition.tsv;tmp/phase3f-evidence/agents/binary-analysis/host-t5/decision-record.tsv::P3F-T5-HOST-MACHO;tmp/phase3f-evidence/agents/binary-analysis/host-t5/negative-space-candidates.tsv	group=GCC-DRIVER;side=WCH;path=ref/gcc/darwin-arm64/15.2.0/bin/riscv32-wch-elf-c++;offset=1437137..1437140;closure_event=P3F-EVENT-1815;After all 1,340 functional intervals were terminally adjudicated (748 feature-mapped, 388 host-ABI, 204 host-data) and negative-space candidates mapped, the remaining historical whole-host attribution obligation is outside the target-artifact/observable-literal gate.;Rule anchor: AGENTS.md observable boundary. Rejected alternative: full function attribution across 47 stripped Mach-O paths/four builds, at high cost without stronger target-artifact assurance. Each historical row has a one-to-one disposition; HOST-ZSTD retains L1-FEAT-ZSTD GAP evidence instead of a nonexistent V2 group pointer.
P3F-CLOSURE-0415	L1-REG-WCH-ref__gcc__darwin-arm64__15_2_0__bin__c++-0030	HOST-MACHO-UNRESOLVED-REGION	tmp/phase3c-evidence/binary-region-ledger.tsv	host-macho-unresolved-region	Phase 3c region classification=UNRESOLVED	bind the equivalent V2 interval to terminal feature evidence or rule the pure host interval out of target-artifact/literal gate	RULED-OUT-OF-GATE	tmp/phase3f-evidence/agents/binary-analysis/host-t5/historical-region-disposition.tsv::L1-REG-WCH-ref__gcc__darwin-arm64__15_2_0__bin__c++-0030	tmp/phase3f-evidence/agents/binary-analysis/host-t5/historical-region-disposition.tsv::L1-REG-WCH-ref__gcc__darwin-arm64__15_2_0__bin__c++-0030;tmp/phase3f-evidence/agents/binary-analysis/host-t5/negative-path-disposition.tsv;tmp/phase3f-evidence/agents/binary-analysis/host-t5/host-byte-disposition.tsv;tmp/phase3f-evidence/agents/binary-analysis/host-t5/decision-record.tsv::P3F-T5-HOST-MACHO;tmp/phase3f-evidence/agents/binary-analysis/host-t5/negative-space-candidates.tsv	group=GCC-DRIVER;side=WCH;path=ref/gcc/darwin-arm64/15.2.0/bin/riscv32-wch-elf-c++;offset=1446364..1446368;closure_event=P3F-EVENT-1816;After all 1,340 functional intervals were terminally adjudicated (748 feature-mapped, 388 host-ABI, 204 host-data) and negative-space candidates mapped, the remaining historical whole-host attribution obligation is outside the target-artifact/observable-literal gate.;Rule anchor: AGENTS.md observable boundary. Rejected alternative: full function attribution across 47 stripped Mach-O paths/four builds, at high cost without stronger target-artifact assurance. Each historical row has a one-to-one disposition; HOST-ZSTD retains L1-FEAT-ZSTD GAP evidence instead of a nonexistent V2 group pointer.
P3F-CLOSURE-0416	L1-REG-WCH-ref__gcc__darwin-arm64__15_2_0__bin__c++-0032	HOST-MACHO-UNRESOLVED-REGION	tmp/phase3c-evidence/binary-region-ledger.tsv	host-macho-unresolved-region	Phase 3c region classification=UNRESOLVED	bind the equivalent V2 interval to terminal feature evidence or rule the pure host interval out of target-artifact/literal gate	RULED-OUT-OF-GATE	tmp/phase3f-evidence/agents/binary-analysis/host-t5/historical-region-disposition.tsv::L1-REG-WCH-ref__gcc__darwin-arm64__15_2_0__bin__c++-0032	tmp/phase3f-evidence/agents/binary-analysis/host-t5/historical-region-disposition.tsv::L1-REG-WCH-ref__gcc__darwin-arm64__15_2_0__bin__c++-0032;tmp/phase3f-evidence/agents/binary-analysis/host-t5/negative-path-disposition.tsv;tmp/phase3f-evidence/agents/binary-analysis/host-t5/host-byte-disposition.tsv;tmp/phase3f-evidence/agents/binary-analysis/host-t5/decision-record.tsv::P3F-T5-HOST-MACHO;tmp/phase3f-evidence/agents/binary-analysis/host-t5/negative-space-candidates.tsv	group=GCC-DRIVER;side=WCH;path=ref/gcc/darwin-arm64/15.2.0/bin/riscv32-wch-elf-c++;offset=1507316..1507328;closure_event=P3F-EVENT-1817;After all 1,340 functional intervals were terminally adjudicated (748 feature-mapped, 388 host-ABI, 204 host-data) and negative-space candidates mapped, the remaining historical whole-host attribution obligation is outside the target-artifact/observable-literal gate.;Rule anchor: AGENTS.md observable boundary. Rejected alternative: full function attribution across 47 stripped Mach-O paths/four builds, at high cost without stronger target-artifact assurance. Each historical row has a one-to-one disposition; HOST-ZSTD retains L1-FEAT-ZSTD GAP evidence instead of a nonexistent V2 group pointer.
P3F-CLOSURE-0417	L1-REG-WCH-ref__gcc__darwin-arm64__15_2_0__bin__c++-0035	HOST-MACHO-UNRESOLVED-REGION	tmp/phase3c-evidence/binary-region-ledger.tsv	host-macho-unresolved-region	Phase 3c region classification=UNRESOLVED	bind the equivalent V2 interval to terminal feature evidence or rule the pure host interval out of target-artifact/literal gate	RULED-OUT-OF-GATE	tmp/phase3f-evidence/agents/binary-analysis/host-t5/historical-region-disposition.tsv::L1-REG-WCH-ref__gcc__darwin-arm64__15_2_0__bin__c++-0035	tmp/phase3f-evidence/agents/binary-analysis/host-t5/historical-region-disposition.tsv::L1-REG-WCH-ref__gcc__darwin-arm64__15_2_0__bin__c++-0035;tmp/phase3f-evidence/agents/binary-analysis/host-t5/negative-path-disposition.tsv;tmp/phase3f-evidence/agents/binary-analysis/host-t5/host-byte-disposition.tsv;tmp/phase3f-evidence/agents/binary-analysis/host-t5/decision-record.tsv::P3F-T5-HOST-MACHO;tmp/phase3f-evidence/agents/binary-analysis/host-t5/negative-space-candidates.tsv	group=GCC-DRIVER;side=WCH;path=ref/gcc/darwin-arm64/15.2.0/bin/riscv32-wch-elf-c++;offset=1762520..1769472;closure_event=P3F-EVENT-1818;After all 1,340 functional intervals were terminally adjudicated (748 feature-mapped, 388 host-ABI, 204 host-data) and negative-space candidates mapped, the remaining historical whole-host attribution obligation is outside the target-artifact/observable-literal gate.;Rule anchor: AGENTS.md observable boundary. Rejected alternative: full function attribution across 47 stripped Mach-O paths/four builds, at high cost without stronger target-artifact assurance. Each historical row has a one-to-one disposition; HOST-ZSTD retains L1-FEAT-ZSTD GAP evidence instead of a nonexistent V2 group pointer.
P3F-CLOSURE-0418	L1-REG-WCH-ref__gcc__darwin-arm64__15_2_0__bin__c++-0037	HOST-MACHO-UNRESOLVED-REGION	tmp/phase3c-evidence/binary-region-ledger.tsv	host-macho-unresolved-region	Phase 3c region classification=UNRESOLVED	bind the equivalent V2 interval to terminal feature evidence or rule the pure host interval out of target-artifact/literal gate	RULED-OUT-OF-GATE	tmp/phase3f-evidence/agents/binary-analysis/host-t5/historical-region-disposition.tsv::L1-REG-WCH-ref__gcc__darwin-arm64__15_2_0__bin__c++-0037	tmp/phase3f-evidence/agents/binary-analysis/host-t5/historical-region-disposition.tsv::L1-REG-WCH-ref__gcc__darwin-arm64__15_2_0__bin__c++-0037;tmp/phase3f-evidence/agents/binary-analysis/host-t5/negative-path-disposition.tsv;tmp/phase3f-evidence/agents/binary-analysis/host-t5/host-byte-disposition.tsv;tmp/phase3f-evidence/agents/binary-analysis/host-t5/decision-record.tsv::P3F-T5-HOST-MACHO;tmp/phase3f-evidence/agents/binary-analysis/host-t5/negative-space-candidates.tsv	group=GCC-DRIVER;side=WCH;path=ref/gcc/darwin-arm64/15.2.0/bin/riscv32-wch-elf-c++;offset=1772240..1785856;closure_event=P3F-EVENT-1819;After all 1,340 functional intervals were terminally adjudicated (748 feature-mapped, 388 host-ABI, 204 host-data) and negative-space candidates mapped, the remaining historical whole-host attribution obligation is outside the target-artifact/observable-literal gate.;Rule anchor: AGENTS.md observable boundary. Rejected alternative: full function attribution across 47 stripped Mach-O paths/four builds, at high cost without stronger target-artifact assurance. Each historical row has a one-to-one disposition; HOST-ZSTD retains L1-FEAT-ZSTD GAP evidence instead of a nonexistent V2 group pointer.
P3F-CLOSURE-0419	L1-REG-WCH-ref__gcc__darwin-arm64__15_2_0__bin__cpp-0022	HOST-MACHO-UNRESOLVED-REGION	tmp/phase3c-evidence/binary-region-ledger.tsv	host-macho-unresolved-region	Phase 3c region classification=UNRESOLVED	bind the equivalent V2 interval to terminal feature evidence or rule the pure host interval out of target-artifact/literal gate	RULED-OUT-OF-GATE	tmp/phase3f-evidence/agents/binary-analysis/host-t5/historical-region-disposition.tsv::L1-REG-WCH-ref__gcc__darwin-arm64__15_2_0__bin__cpp-0022	tmp/phase3f-evidence/agents/binary-analysis/host-t5/historical-region-disposition.tsv::L1-REG-WCH-ref__gcc__darwin-arm64__15_2_0__bin__cpp-0022;tmp/phase3f-evidence/agents/binary-analysis/host-t5/negative-path-disposition.tsv;tmp/phase3f-evidence/agents/binary-analysis/host-t5/host-byte-disposition.tsv;tmp/phase3f-evidence/agents/binary-analysis/host-t5/decision-record.tsv::P3F-T5-HOST-MACHO;tmp/phase3f-evidence/agents/binary-analysis/host-t5/negative-space-candidates.tsv	group=GCC-DRIVER;side=WCH;path=ref/gcc/darwin-arm64/15.2.0/bin/riscv32-wch-elf-cpp;offset=1824..17336;closure_event=P3F-EVENT-1820;After all 1,340 functional intervals were terminally adjudicated (748 feature-mapped, 388 host-ABI, 204 host-data) and negative-space candidates mapped, the remaining historical whole-host attribution obligation is outside the target-artifact/observable-literal gate.;Rule anchor: AGENTS.md observable boundary. Rejected alternative: full function attribution across 47 stripped Mach-O paths/four builds, at high cost without stronger target-artifact assurance. Each historical row has a one-to-one disposition; HOST-ZSTD retains L1-FEAT-ZSTD GAP evidence instead of a nonexistent V2 group pointer.
P3F-CLOSURE-0420	L1-REG-WCH-ref__gcc__darwin-arm64__15_2_0__bin__cpp-0024	HOST-MACHO-UNRESOLVED-REGION	tmp/phase3c-evidence/binary-region-ledger.tsv	host-macho-unresolved-region	Phase 3c region classification=UNRESOLVED	bind the equivalent V2 interval to terminal feature evidence or rule the pure host interval out of target-artifact/literal gate	RULED-OUT-OF-GATE	tmp/phase3f-evidence/agents/binary-analysis/host-t5/historical-region-disposition.tsv::L1-REG-WCH-ref__gcc__darwin-arm64__15_2_0__bin__cpp-0024	tmp/phase3f-evidence/agents/binary-analysis/host-t5/historical-region-disposition.tsv::L1-REG-WCH-ref__gcc__darwin-arm64__15_2_0__bin__cpp-0024;tmp/phase3f-evidence/agents/binary-analysis/host-t5/negative-path-disposition.tsv;tmp/phase3f-evidence/agents/binary-analysis/host-t5/host-byte-disposition.tsv;tmp/phase3f-evidence/agents/binary-analysis/host-t5/decision-record.tsv::P3F-T5-HOST-MACHO;tmp/phase3f-evidence/agents/binary-analysis/host-t5/negative-space-candidates.tsv	group=GCC-DRIVER;side=WCH;path=ref/gcc/darwin-arm64/15.2.0/bin/riscv32-wch-elf-cpp;offset=735504..737328;closure_event=P3F-EVENT-1821;After all 1,340 functional intervals were terminally adjudicated (748 feature-mapped, 388 host-ABI, 204 host-data) and negative-space candidates mapped, the remaining historical whole-host attribution obligation is outside the target-artifact/observable-literal gate.;Rule anchor: AGENTS.md observable boundary. Rejected alternative: full function attribution across 47 stripped Mach-O paths/four builds, at high cost without stronger target-artifact assurance. Each historical row has a one-to-one disposition; HOST-ZSTD retains L1-FEAT-ZSTD GAP evidence instead of a nonexistent V2 group pointer.
P3F-CLOSURE-0421	L1-REG-WCH-ref__gcc__darwin-arm64__15_2_0__bin__cpp-0025	HOST-MACHO-UNRESOLVED-REGION	tmp/phase3c-evidence/binary-region-ledger.tsv	host-macho-unresolved-region	Phase 3c region classification=UNRESOLVED	bind the equivalent V2 interval to terminal feature evidence or rule the pure host interval out of target-artifact/literal gate	RULED-OUT-OF-GATE	tmp/phase3f-evidence/agents/binary-analysis/host-t5/historical-region-disposition.tsv::L1-REG-WCH-ref__gcc__darwin-arm64__15_2_0__bin__cpp-0025	tmp/phase3f-evidence/agents/binary-analysis/host-t5/historical-region-disposition.tsv::L1-REG-WCH-ref__gcc__darwin-arm64__15_2_0__bin__cpp-0025;tmp/phase3f-evidence/agents/binary-analysis/host-t5/negative-path-disposition.tsv;tmp/phase3f-evidence/agents/binary-analysis/host-t5/host-byte-disposition.tsv;tmp/phase3f-evidence/agents/binary-analysis/host-t5/decision-record.tsv::P3F-T5-HOST-MACHO;tmp/phase3f-evidence/agents/binary-analysis/host-t5/negative-space-candidates.tsv	group=GCC-DRIVER;side=WCH;path=ref/gcc/darwin-arm64/15.2.0/bin/riscv32-wch-elf-cpp;offset=737328..737344;closure_event=P3F-EVENT-1822;After all 1,340 functional intervals were terminally adjudicated (748 feature-mapped, 388 host-ABI, 204 host-data) and negative-space candidates mapped, the remaining historical whole-host attribution obligation is outside the target-artifact/observable-literal gate.;Rule anchor: AGENTS.md observable boundary. Rejected alternative: full function attribution across 47 stripped Mach-O paths/four builds, at high cost without stronger target-artifact assurance. Each historical row has a one-to-one disposition; HOST-ZSTD retains L1-FEAT-ZSTD GAP evidence instead of a nonexistent V2 group pointer.
P3F-CLOSURE-0422	L1-REG-WCH-ref__gcc__darwin-arm64__15_2_0__bin__cpp-0029	HOST-MACHO-UNRESOLVED-REGION	tmp/phase3c-evidence/binary-region-ledger.tsv	host-macho-unresolved-region	Phase 3c region classification=UNRESOLVED	bind the equivalent V2 interval to terminal feature evidence or rule the pure host interval out of target-artifact/literal gate	RULED-OUT-OF-GATE	tmp/phase3f-evidence/agents/binary-analysis/host-t5/historical-region-disposition.tsv::L1-REG-WCH-ref__gcc__darwin-arm64__15_2_0__bin__cpp-0029	tmp/phase3f-evidence/agents/binary-analysis/host-t5/historical-region-disposition.tsv::L1-REG-WCH-ref__gcc__darwin-arm64__15_2_0__bin__cpp-0029;tmp/phase3f-evidence/agents/binary-analysis/host-t5/negative-path-disposition.tsv;tmp/phase3f-evidence/agents/binary-analysis/host-t5/host-byte-disposition.tsv;tmp/phase3f-evidence/agents/binary-analysis/host-t5/decision-record.tsv::P3F-T5-HOST-MACHO;tmp/phase3f-evidence/agents/binary-analysis/host-t5/negative-space-candidates.tsv	group=GCC-DRIVER;side=WCH;path=ref/gcc/darwin-arm64/15.2.0/bin/riscv32-wch-elf-cpp;offset=1446364..1446368;closure_event=P3F-EVENT-1823;After all 1,340 functional intervals were terminally adjudicated (748 feature-mapped, 388 host-ABI, 204 host-data) and negative-space candidates mapped, the remaining historical whole-host attribution obligation is outside the target-artifact/observable-literal gate.;Rule anchor: AGENTS.md observable boundary. Rejected alternative: full function attribution across 47 stripped Mach-O paths/four builds, at high cost without stronger target-artifact assurance. Each historical row has a one-to-one disposition; HOST-ZSTD retains L1-FEAT-ZSTD GAP evidence instead of a nonexistent V2 group pointer.
P3F-CLOSURE-0423	L1-REG-WCH-ref__gcc__darwin-arm64__15_2_0__bin__cpp-0031	HOST-MACHO-UNRESOLVED-REGION	tmp/phase3c-evidence/binary-region-ledger.tsv	host-macho-unresolved-region	Phase 3c region classification=UNRESOLVED	bind the equivalent V2 interval to terminal feature evidence or rule the pure host interval out of target-artifact/literal gate	RULED-OUT-OF-GATE	tmp/phase3f-evidence/agents/binary-analysis/host-t5/historical-region-disposition.tsv::L1-REG-WCH-ref__gcc__darwin-arm64__15_2_0__bin__cpp-0031	tmp/phase3f-evidence/agents/binary-analysis/host-t5/historical-region-disposition.tsv::L1-REG-WCH-ref__gcc__darwin-arm64__15_2_0__bin__cpp-0031;tmp/phase3f-evidence/agents/binary-analysis/host-t5/negative-path-disposition.tsv;tmp/phase3f-evidence/agents/binary-analysis/host-t5/host-byte-disposition.tsv;tmp/phase3f-evidence/agents/binary-analysis/host-t5/decision-record.tsv::P3F-T5-HOST-MACHO;tmp/phase3f-evidence/agents/binary-analysis/host-t5/negative-space-candidates.tsv	group=GCC-DRIVER;side=WCH;path=ref/gcc/darwin-arm64/15.2.0/bin/riscv32-wch-elf-cpp;offset=1507316..1507328;closure_event=P3F-EVENT-1824;After all 1,340 functional intervals were terminally adjudicated (748 feature-mapped, 388 host-ABI, 204 host-data) and negative-space candidates mapped, the remaining historical whole-host attribution obligation is outside the target-artifact/observable-literal gate.;Rule anchor: AGENTS.md observable boundary. Rejected alternative: full function attribution across 47 stripped Mach-O paths/four builds, at high cost without stronger target-artifact assurance. Each historical row has a one-to-one disposition; HOST-ZSTD retains L1-FEAT-ZSTD GAP evidence instead of a nonexistent V2 group pointer.
P3F-CLOSURE-0424	L1-REG-WCH-ref__gcc__darwin-arm64__15_2_0__bin__cpp-0034	HOST-MACHO-UNRESOLVED-REGION	tmp/phase3c-evidence/binary-region-ledger.tsv	host-macho-unresolved-region	Phase 3c region classification=UNRESOLVED	bind the equivalent V2 interval to terminal feature evidence or rule the pure host interval out of target-artifact/literal gate	RULED-OUT-OF-GATE	tmp/phase3f-evidence/agents/binary-analysis/host-t5/historical-region-disposition.tsv::L1-REG-WCH-ref__gcc__darwin-arm64__15_2_0__bin__cpp-0034	tmp/phase3f-evidence/agents/binary-analysis/host-t5/historical-region-disposition.tsv::L1-REG-WCH-ref__gcc__darwin-arm64__15_2_0__bin__cpp-0034;tmp/phase3f-evidence/agents/binary-analysis/host-t5/negative-path-disposition.tsv;tmp/phase3f-evidence/agents/binary-analysis/host-t5/host-byte-disposition.tsv;tmp/phase3f-evidence/agents/binary-analysis/host-t5/decision-record.tsv::P3F-T5-HOST-MACHO;tmp/phase3f-evidence/agents/binary-analysis/host-t5/negative-space-candidates.tsv	group=GCC-DRIVER;side=WCH;path=ref/gcc/darwin-arm64/15.2.0/bin/riscv32-wch-elf-cpp;offset=1762520..1769472;closure_event=P3F-EVENT-1825;After all 1,340 functional intervals were terminally adjudicated (748 feature-mapped, 388 host-ABI, 204 host-data) and negative-space candidates mapped, the remaining historical whole-host attribution obligation is outside the target-artifact/observable-literal gate.;Rule anchor: AGENTS.md observable boundary. Rejected alternative: full function attribution across 47 stripped Mach-O paths/four builds, at high cost without stronger target-artifact assurance. Each historical row has a one-to-one disposition; HOST-ZSTD retains L1-FEAT-ZSTD GAP evidence instead of a nonexistent V2 group pointer.
P3F-CLOSURE-0425	L1-REG-WCH-ref__gcc__darwin-arm64__15_2_0__bin__cpp-0036	HOST-MACHO-UNRESOLVED-REGION	tmp/phase3c-evidence/binary-region-ledger.tsv	host-macho-unresolved-region	Phase 3c region classification=UNRESOLVED	bind the equivalent V2 interval to terminal feature evidence or rule the pure host interval out of target-artifact/literal gate	RULED-OUT-OF-GATE	tmp/phase3f-evidence/agents/binary-analysis/host-t5/historical-region-disposition.tsv::L1-REG-WCH-ref__gcc__darwin-arm64__15_2_0__bin__cpp-0036	tmp/phase3f-evidence/agents/binary-analysis/host-t5/historical-region-disposition.tsv::L1-REG-WCH-ref__gcc__darwin-arm64__15_2_0__bin__cpp-0036;tmp/phase3f-evidence/agents/binary-analysis/host-t5/negative-path-disposition.tsv;tmp/phase3f-evidence/agents/binary-analysis/host-t5/host-byte-disposition.tsv;tmp/phase3f-evidence/agents/binary-analysis/host-t5/decision-record.tsv::P3F-T5-HOST-MACHO;tmp/phase3f-evidence/agents/binary-analysis/host-t5/negative-space-candidates.tsv	group=GCC-DRIVER;side=WCH;path=ref/gcc/darwin-arm64/15.2.0/bin/riscv32-wch-elf-cpp;offset=1772240..1785856;closure_event=P3F-EVENT-1826;After all 1,340 functional intervals were terminally adjudicated (748 feature-mapped, 388 host-ABI, 204 host-data) and negative-space candidates mapped, the remaining historical whole-host attribution obligation is outside the target-artifact/observable-literal gate.;Rule anchor: AGENTS.md observable boundary. Rejected alternative: full function attribution across 47 stripped Mach-O paths/four builds, at high cost without stronger target-artifact assurance. Each historical row has a one-to-one disposition; HOST-ZSTD retains L1-FEAT-ZSTD GAP evidence instead of a nonexistent V2 group pointer.
P3F-CLOSURE-0426	L1-REG-WCH-ref__gcc__darwin-arm64__15_2_0__bin__g++-0022	HOST-MACHO-UNRESOLVED-REGION	tmp/phase3c-evidence/binary-region-ledger.tsv	host-macho-unresolved-region	Phase 3c region classification=UNRESOLVED	bind the equivalent V2 interval to terminal feature evidence or rule the pure host interval out of target-artifact/literal gate	RULED-OUT-OF-GATE	tmp/phase3f-evidence/agents/binary-analysis/host-t5/historical-region-disposition.tsv::L1-REG-WCH-ref__gcc__darwin-arm64__15_2_0__bin__g++-0022	tmp/phase3f-evidence/agents/binary-analysis/host-t5/historical-region-disposition.tsv::L1-REG-WCH-ref__gcc__darwin-arm64__15_2_0__bin__g++-0022;tmp/phase3f-evidence/agents/binary-analysis/host-t5/negative-path-disposition.tsv;tmp/phase3f-evidence/agents/binary-analysis/host-t5/host-byte-disposition.tsv;tmp/phase3f-evidence/agents/binary-analysis/host-t5/decision-record.tsv::P3F-T5-HOST-MACHO;tmp/phase3f-evidence/agents/binary-analysis/host-t5/negative-space-candidates.tsv	group=GCC-DRIVER;side=WCH;path=ref/gcc/darwin-arm64/15.2.0/bin/riscv32-wch-elf-g++;offset=1824..15828;closure_event=P3F-EVENT-1827;After all 1,340 functional intervals were terminally adjudicated (748 feature-mapped, 388 host-ABI, 204 host-data) and negative-space candidates mapped, the remaining historical whole-host attribution obligation is outside the target-artifact/observable-literal gate.;Rule anchor: AGENTS.md observable boundary. Rejected alternative: full function attribution across 47 stripped Mach-O paths/four builds, at high cost without stronger target-artifact assurance. Each historical row has a one-to-one disposition; HOST-ZSTD retains L1-FEAT-ZSTD GAP evidence instead of a nonexistent V2 group pointer.
P3F-CLOSURE-0427	L1-REG-WCH-ref__gcc__darwin-arm64__15_2_0__bin__g++-0024	HOST-MACHO-UNRESOLVED-REGION	tmp/phase3c-evidence/binary-region-ledger.tsv	host-macho-unresolved-region	Phase 3c region classification=UNRESOLVED	bind the equivalent V2 interval to terminal feature evidence or rule the pure host interval out of target-artifact/literal gate	RULED-OUT-OF-GATE	tmp/phase3f-evidence/agents/binary-analysis/host-t5/historical-region-disposition.tsv::L1-REG-WCH-ref__gcc__darwin-arm64__15_2_0__bin__g++-0024	tmp/phase3f-evidence/agents/binary-analysis/host-t5/historical-region-disposition.tsv::L1-REG-WCH-ref__gcc__darwin-arm64__15_2_0__bin__g++-0024;tmp/phase3f-evidence/agents/binary-analysis/host-t5/negative-path-disposition.tsv;tmp/phase3f-evidence/agents/binary-analysis/host-t5/host-byte-disposition.tsv;tmp/phase3f-evidence/agents/binary-analysis/host-t5/decision-record.tsv::P3F-T5-HOST-MACHO;tmp/phase3f-evidence/agents/binary-analysis/host-t5/negative-space-candidates.tsv	group=GCC-DRIVER;side=WCH;path=ref/gcc/darwin-arm64/15.2.0/bin/riscv32-wch-elf-g++;offset=735360..737184;closure_event=P3F-EVENT-1828;After all 1,340 functional intervals were terminally adjudicated (748 feature-mapped, 388 host-ABI, 204 host-data) and negative-space candidates mapped, the remaining historical whole-host attribution obligation is outside the target-artifact/observable-literal gate.;Rule anchor: AGENTS.md observable boundary. Rejected alternative: full function attribution across 47 stripped Mach-O paths/four builds, at high cost without stronger target-artifact assurance. Each historical row has a one-to-one disposition; HOST-ZSTD retains L1-FEAT-ZSTD GAP evidence instead of a nonexistent V2 group pointer.
P3F-CLOSURE-0428	L1-REG-WCH-ref__gcc__darwin-arm64__15_2_0__bin__g++-0025	HOST-MACHO-UNRESOLVED-REGION	tmp/phase3c-evidence/binary-region-ledger.tsv	host-macho-unresolved-region	Phase 3c region classification=UNRESOLVED	bind the equivalent V2 interval to terminal feature evidence or rule the pure host interval out of target-artifact/literal gate	RULED-OUT-OF-GATE	tmp/phase3f-evidence/agents/binary-analysis/host-t5/historical-region-disposition.tsv::L1-REG-WCH-ref__gcc__darwin-arm64__15_2_0__bin__g++-0025	tmp/phase3f-evidence/agents/binary-analysis/host-t5/historical-region-disposition.tsv::L1-REG-WCH-ref__gcc__darwin-arm64__15_2_0__bin__g++-0025;tmp/phase3f-evidence/agents/binary-analysis/host-t5/negative-path-disposition.tsv;tmp/phase3f-evidence/agents/binary-analysis/host-t5/host-byte-disposition.tsv;tmp/phase3f-evidence/agents/binary-analysis/host-t5/decision-record.tsv::P3F-T5-HOST-MACHO;tmp/phase3f-evidence/agents/binary-analysis/host-t5/negative-space-candidates.tsv	group=GCC-DRIVER;side=WCH;path=ref/gcc/darwin-arm64/15.2.0/bin/riscv32-wch-elf-g++;offset=737184..737200;closure_event=P3F-EVENT-1829;After all 1,340 functional intervals were terminally adjudicated (748 feature-mapped, 388 host-ABI, 204 host-data) and negative-space candidates mapped, the remaining historical whole-host attribution obligation is outside the target-artifact/observable-literal gate.;Rule anchor: AGENTS.md observable boundary. Rejected alternative: full function attribution across 47 stripped Mach-O paths/four builds, at high cost without stronger target-artifact assurance. Each historical row has a one-to-one disposition; HOST-ZSTD retains L1-FEAT-ZSTD GAP evidence instead of a nonexistent V2 group pointer.
P3F-CLOSURE-0429	L1-REG-WCH-ref__gcc__darwin-arm64__15_2_0__bin__g++-0028	HOST-MACHO-UNRESOLVED-REGION	tmp/phase3c-evidence/binary-region-ledger.tsv	host-macho-unresolved-region	Phase 3c region classification=UNRESOLVED	bind the equivalent V2 interval to terminal feature evidence or rule the pure host interval out of target-artifact/literal gate	RULED-OUT-OF-GATE	tmp/phase3f-evidence/agents/binary-analysis/host-t5/historical-region-disposition.tsv::L1-REG-WCH-ref__gcc__darwin-arm64__15_2_0__bin__g++-0028	tmp/phase3f-evidence/agents/binary-analysis/host-t5/historical-region-disposition.tsv::L1-REG-WCH-ref__gcc__darwin-arm64__15_2_0__bin__g++-0028;tmp/phase3f-evidence/agents/binary-analysis/host-t5/negative-path-disposition.tsv;tmp/phase3f-evidence/agents/binary-analysis/host-t5/host-byte-disposition.tsv;tmp/phase3f-evidence/agents/binary-analysis/host-t5/decision-record.tsv::P3F-T5-HOST-MACHO;tmp/phase3f-evidence/agents/binary-analysis/host-t5/negative-space-candidates.tsv	group=GCC-DRIVER;side=WCH;path=ref/gcc/darwin-arm64/15.2.0/bin/riscv32-wch-elf-g++;offset=1437137..1437140;closure_event=P3F-EVENT-1830;After all 1,340 functional intervals were terminally adjudicated (748 feature-mapped, 388 host-ABI, 204 host-data) and negative-space candidates mapped, the remaining historical whole-host attribution obligation is outside the target-artifact/observable-literal gate.;Rule anchor: AGENTS.md observable boundary. Rejected alternative: full function attribution across 47 stripped Mach-O paths/four builds, at high cost without stronger target-artifact assurance. Each historical row has a one-to-one disposition; HOST-ZSTD retains L1-FEAT-ZSTD GAP evidence instead of a nonexistent V2 group pointer.
P3F-CLOSURE-0430	L1-REG-WCH-ref__gcc__darwin-arm64__15_2_0__bin__g++-0030	HOST-MACHO-UNRESOLVED-REGION	tmp/phase3c-evidence/binary-region-ledger.tsv	host-macho-unresolved-region	Phase 3c region classification=UNRESOLVED	bind the equivalent V2 interval to terminal feature evidence or rule the pure host interval out of target-artifact/literal gate	RULED-OUT-OF-GATE	tmp/phase3f-evidence/agents/binary-analysis/host-t5/historical-region-disposition.tsv::L1-REG-WCH-ref__gcc__darwin-arm64__15_2_0__bin__g++-0030	tmp/phase3f-evidence/agents/binary-analysis/host-t5/historical-region-disposition.tsv::L1-REG-WCH-ref__gcc__darwin-arm64__15_2_0__bin__g++-0030;tmp/phase3f-evidence/agents/binary-analysis/host-t5/negative-path-disposition.tsv;tmp/phase3f-evidence/agents/binary-analysis/host-t5/host-byte-disposition.tsv;tmp/phase3f-evidence/agents/binary-analysis/host-t5/decision-record.tsv::P3F-T5-HOST-MACHO;tmp/phase3f-evidence/agents/binary-analysis/host-t5/negative-space-candidates.tsv	group=GCC-DRIVER;side=WCH;path=ref/gcc/darwin-arm64/15.2.0/bin/riscv32-wch-elf-g++;offset=1446364..1446368;closure_event=P3F-EVENT-1831;After all 1,340 functional intervals were terminally adjudicated (748 feature-mapped, 388 host-ABI, 204 host-data) and negative-space candidates mapped, the remaining historical whole-host attribution obligation is outside the target-artifact/observable-literal gate.;Rule anchor: AGENTS.md observable boundary. Rejected alternative: full function attribution across 47 stripped Mach-O paths/four builds, at high cost without stronger target-artifact assurance. Each historical row has a one-to-one disposition; HOST-ZSTD retains L1-FEAT-ZSTD GAP evidence instead of a nonexistent V2 group pointer.
P3F-CLOSURE-0431	L1-REG-WCH-ref__gcc__darwin-arm64__15_2_0__bin__g++-0032	HOST-MACHO-UNRESOLVED-REGION	tmp/phase3c-evidence/binary-region-ledger.tsv	host-macho-unresolved-region	Phase 3c region classification=UNRESOLVED	bind the equivalent V2 interval to terminal feature evidence or rule the pure host interval out of target-artifact/literal gate	RULED-OUT-OF-GATE	tmp/phase3f-evidence/agents/binary-analysis/host-t5/historical-region-disposition.tsv::L1-REG-WCH-ref__gcc__darwin-arm64__15_2_0__bin__g++-0032	tmp/phase3f-evidence/agents/binary-analysis/host-t5/historical-region-disposition.tsv::L1-REG-WCH-ref__gcc__darwin-arm64__15_2_0__bin__g++-0032;tmp/phase3f-evidence/agents/binary-analysis/host-t5/negative-path-disposition.tsv;tmp/phase3f-evidence/agents/binary-analysis/host-t5/host-byte-disposition.tsv;tmp/phase3f-evidence/agents/binary-analysis/host-t5/decision-record.tsv::P3F-T5-HOST-MACHO;tmp/phase3f-evidence/agents/binary-analysis/host-t5/negative-space-candidates.tsv	group=GCC-DRIVER;side=WCH;path=ref/gcc/darwin-arm64/15.2.0/bin/riscv32-wch-elf-g++;offset=1507316..1507328;closure_event=P3F-EVENT-1832;After all 1,340 functional intervals were terminally adjudicated (748 feature-mapped, 388 host-ABI, 204 host-data) and negative-space candidates mapped, the remaining historical whole-host attribution obligation is outside the target-artifact/observable-literal gate.;Rule anchor: AGENTS.md observable boundary. Rejected alternative: full function attribution across 47 stripped Mach-O paths/four builds, at high cost without stronger target-artifact assurance. Each historical row has a one-to-one disposition; HOST-ZSTD retains L1-FEAT-ZSTD GAP evidence instead of a nonexistent V2 group pointer.
P3F-CLOSURE-0432	L1-REG-WCH-ref__gcc__darwin-arm64__15_2_0__bin__g++-0035	HOST-MACHO-UNRESOLVED-REGION	tmp/phase3c-evidence/binary-region-ledger.tsv	host-macho-unresolved-region	Phase 3c region classification=UNRESOLVED	bind the equivalent V2 interval to terminal feature evidence or rule the pure host interval out of target-artifact/literal gate	RULED-OUT-OF-GATE	tmp/phase3f-evidence/agents/binary-analysis/host-t5/historical-region-disposition.tsv::L1-REG-WCH-ref__gcc__darwin-arm64__15_2_0__bin__g++-0035	tmp/phase3f-evidence/agents/binary-analysis/host-t5/historical-region-disposition.tsv::L1-REG-WCH-ref__gcc__darwin-arm64__15_2_0__bin__g++-0035;tmp/phase3f-evidence/agents/binary-analysis/host-t5/negative-path-disposition.tsv;tmp/phase3f-evidence/agents/binary-analysis/host-t5/host-byte-disposition.tsv;tmp/phase3f-evidence/agents/binary-analysis/host-t5/decision-record.tsv::P3F-T5-HOST-MACHO;tmp/phase3f-evidence/agents/binary-analysis/host-t5/negative-space-candidates.tsv	group=GCC-DRIVER;side=WCH;path=ref/gcc/darwin-arm64/15.2.0/bin/riscv32-wch-elf-g++;offset=1762520..1769472;closure_event=P3F-EVENT-1833;After all 1,340 functional intervals were terminally adjudicated (748 feature-mapped, 388 host-ABI, 204 host-data) and negative-space candidates mapped, the remaining historical whole-host attribution obligation is outside the target-artifact/observable-literal gate.;Rule anchor: AGENTS.md observable boundary. Rejected alternative: full function attribution across 47 stripped Mach-O paths/four builds, at high cost without stronger target-artifact assurance. Each historical row has a one-to-one disposition; HOST-ZSTD retains L1-FEAT-ZSTD GAP evidence instead of a nonexistent V2 group pointer.
P3F-CLOSURE-0433	L1-REG-WCH-ref__gcc__darwin-arm64__15_2_0__bin__g++-0037	HOST-MACHO-UNRESOLVED-REGION	tmp/phase3c-evidence/binary-region-ledger.tsv	host-macho-unresolved-region	Phase 3c region classification=UNRESOLVED	bind the equivalent V2 interval to terminal feature evidence or rule the pure host interval out of target-artifact/literal gate	RULED-OUT-OF-GATE	tmp/phase3f-evidence/agents/binary-analysis/host-t5/historical-region-disposition.tsv::L1-REG-WCH-ref__gcc__darwin-arm64__15_2_0__bin__g++-0037	tmp/phase3f-evidence/agents/binary-analysis/host-t5/historical-region-disposition.tsv::L1-REG-WCH-ref__gcc__darwin-arm64__15_2_0__bin__g++-0037;tmp/phase3f-evidence/agents/binary-analysis/host-t5/negative-path-disposition.tsv;tmp/phase3f-evidence/agents/binary-analysis/host-t5/host-byte-disposition.tsv;tmp/phase3f-evidence/agents/binary-analysis/host-t5/decision-record.tsv::P3F-T5-HOST-MACHO;tmp/phase3f-evidence/agents/binary-analysis/host-t5/negative-space-candidates.tsv	group=GCC-DRIVER;side=WCH;path=ref/gcc/darwin-arm64/15.2.0/bin/riscv32-wch-elf-g++;offset=1772240..1785856;closure_event=P3F-EVENT-1834;After all 1,340 functional intervals were terminally adjudicated (748 feature-mapped, 388 host-ABI, 204 host-data) and negative-space candidates mapped, the remaining historical whole-host attribution obligation is outside the target-artifact/observable-literal gate.;Rule anchor: AGENTS.md observable boundary. Rejected alternative: full function attribution across 47 stripped Mach-O paths/four builds, at high cost without stronger target-artifact assurance. Each historical row has a one-to-one disposition; HOST-ZSTD retains L1-FEAT-ZSTD GAP evidence instead of a nonexistent V2 group pointer.
P3F-CLOSURE-0434	L1-REG-WCH-ref__gcc__darwin-arm64__15_2_0__bin__gcc-0022	HOST-MACHO-UNRESOLVED-REGION	tmp/phase3c-evidence/binary-region-ledger.tsv	host-macho-unresolved-region	Phase 3c region classification=UNRESOLVED	bind the equivalent V2 interval to terminal feature evidence or rule the pure host interval out of target-artifact/literal gate	RULED-OUT-OF-GATE	tmp/phase3f-evidence/agents/binary-analysis/host-t5/historical-region-disposition.tsv::L1-REG-WCH-ref__gcc__darwin-arm64__15_2_0__bin__gcc-0022	tmp/phase3f-evidence/agents/binary-analysis/host-t5/historical-region-disposition.tsv::L1-REG-WCH-ref__gcc__darwin-arm64__15_2_0__bin__gcc-0022;tmp/phase3f-evidence/agents/binary-analysis/host-t5/negative-path-disposition.tsv;tmp/phase3f-evidence/agents/binary-analysis/host-t5/host-byte-disposition.tsv;tmp/phase3f-evidence/agents/binary-analysis/host-t5/decision-record.tsv::P3F-T5-HOST-MACHO;tmp/phase3f-evidence/agents/binary-analysis/host-t5/negative-space-candidates.tsv	group=GCC-DRIVER;side=WCH;path=ref/gcc/darwin-arm64/15.2.0/bin/riscv32-wch-elf-gcc;offset=1824..2232;closure_event=P3F-EVENT-1835;After all 1,340 functional intervals were terminally adjudicated (748 feature-mapped, 388 host-ABI, 204 host-data) and negative-space candidates mapped, the remaining historical whole-host attribution obligation is outside the target-artifact/observable-literal gate.;Rule anchor: AGENTS.md observable boundary. Rejected alternative: full function attribution across 47 stripped Mach-O paths/four builds, at high cost without stronger target-artifact assurance. Each historical row has a one-to-one disposition; HOST-ZSTD retains L1-FEAT-ZSTD GAP evidence instead of a nonexistent V2 group pointer.
P3F-CLOSURE-0435	L1-REG-WCH-ref__gcc__darwin-arm64__15_2_0__bin__gcc-0024	HOST-MACHO-UNRESOLVED-REGION	tmp/phase3c-evidence/binary-region-ledger.tsv	host-macho-unresolved-region	Phase 3c region classification=UNRESOLVED	bind the equivalent V2 interval to terminal feature evidence or rule the pure host interval out of target-artifact/literal gate	RULED-OUT-OF-GATE	tmp/phase3f-evidence/agents/binary-analysis/host-t5/historical-region-disposition.tsv::L1-REG-WCH-ref__gcc__darwin-arm64__15_2_0__bin__gcc-0024	tmp/phase3f-evidence/agents/binary-analysis/host-t5/historical-region-disposition.tsv::L1-REG-WCH-ref__gcc__darwin-arm64__15_2_0__bin__gcc-0024;tmp/phase3f-evidence/agents/binary-analysis/host-t5/negative-path-disposition.tsv;tmp/phase3f-evidence/agents/binary-analysis/host-t5/host-byte-disposition.tsv;tmp/phase3f-evidence/agents/binary-analysis/host-t5/decision-record.tsv::P3F-T5-HOST-MACHO;tmp/phase3f-evidence/agents/binary-analysis/host-t5/negative-space-candidates.tsv	group=GCC-DRIVER;side=WCH;path=ref/gcc/darwin-arm64/15.2.0/bin/riscv32-wch-elf-gcc;offset=719328..721152;closure_event=P3F-EVENT-1836;After all 1,340 functional intervals were terminally adjudicated (748 feature-mapped, 388 host-ABI, 204 host-data) and negative-space candidates mapped, the remaining historical whole-host attribution obligation is outside the target-artifact/observable-literal gate.;Rule anchor: AGENTS.md observable boundary. Rejected alternative: full function attribution across 47 stripped Mach-O paths/four builds, at high cost without stronger target-artifact assurance. Each historical row has a one-to-one disposition; HOST-ZSTD retains L1-FEAT-ZSTD GAP evidence instead of a nonexistent V2 group pointer.
P3F-CLOSURE-0436	L1-REG-WCH-ref__gcc__darwin-arm64__15_2_0__bin__gcc-0025	HOST-MACHO-UNRESOLVED-REGION	tmp/phase3c-evidence/binary-region-ledger.tsv	host-macho-unresolved-region	Phase 3c region classification=UNRESOLVED	bind the equivalent V2 interval to terminal feature evidence or rule the pure host interval out of target-artifact/literal gate	RULED-OUT-OF-GATE	tmp/phase3f-evidence/agents/binary-analysis/host-t5/historical-region-disposition.tsv::L1-REG-WCH-ref__gcc__darwin-arm64__15_2_0__bin__gcc-0025	tmp/phase3f-evidence/agents/binary-analysis/host-t5/historical-region-disposition.tsv::L1-REG-WCH-ref__gcc__darwin-arm64__15_2_0__bin__gcc-0025;tmp/phase3f-evidence/agents/binary-analysis/host-t5/negative-path-disposition.tsv;tmp/phase3f-evidence/agents/binary-analysis/host-t5/host-byte-disposition.tsv;tmp/phase3f-evidence/agents/binary-analysis/host-t5/decision-record.tsv::P3F-T5-HOST-MACHO;tmp/phase3f-evidence/agents/binary-analysis/host-t5/negative-space-candidates.tsv	group=GCC-DRIVER;side=WCH;path=ref/gcc/darwin-arm64/15.2.0/bin/riscv32-wch-elf-gcc;offset=721152..721168;closure_event=P3F-EVENT-1837;After all 1,340 functional intervals were terminally adjudicated (748 feature-mapped, 388 host-ABI, 204 host-data) and negative-space candidates mapped, the remaining historical whole-host attribution obligation is outside the target-artifact/observable-literal gate.;Rule anchor: AGENTS.md observable boundary. Rejected alternative: full function attribution across 47 stripped Mach-O paths/four builds, at high cost without stronger target-artifact assurance. Each historical row has a one-to-one disposition; HOST-ZSTD retains L1-FEAT-ZSTD GAP evidence instead of a nonexistent V2 group pointer.
P3F-CLOSURE-0437	L1-REG-WCH-ref__gcc__darwin-arm64__15_2_0__bin__gcc-0028	HOST-MACHO-UNRESOLVED-REGION	tmp/phase3c-evidence/binary-region-ledger.tsv	host-macho-unresolved-region	Phase 3c region classification=UNRESOLVED	bind the equivalent V2 interval to terminal feature evidence or rule the pure host interval out of target-artifact/literal gate	RULED-OUT-OF-GATE	tmp/phase3f-evidence/agents/binary-analysis/host-t5/historical-region-disposition.tsv::L1-REG-WCH-ref__gcc__darwin-arm64__15_2_0__bin__gcc-0028	tmp/phase3f-evidence/agents/binary-analysis/host-t5/historical-region-disposition.tsv::L1-REG-WCH-ref__gcc__darwin-arm64__15_2_0__bin__gcc-0028;tmp/phase3f-evidence/agents/binary-analysis/host-t5/negative-path-disposition.tsv;tmp/phase3f-evidence/agents/binary-analysis/host-t5/host-byte-disposition.tsv;tmp/phase3f-evidence/agents/binary-analysis/host-t5/decision-record.tsv::P3F-T5-HOST-MACHO;tmp/phase3f-evidence/agents/binary-analysis/host-t5/negative-space-candidates.tsv	group=GCC-DRIVER;side=WCH;path=ref/gcc/darwin-arm64/15.2.0/bin/riscv32-wch-elf-gcc;offset=1420878..1420880;closure_event=P3F-EVENT-1838;After all 1,340 functional intervals were terminally adjudicated (748 feature-mapped, 388 host-ABI, 204 host-data) and negative-space candidates mapped, the remaining historical whole-host attribution obligation is outside the target-artifact/observable-literal gate.;Rule anchor: AGENTS.md observable boundary. Rejected alternative: full function attribution across 47 stripped Mach-O paths/four builds, at high cost without stronger target-artifact assurance. Each historical row has a one-to-one disposition; HOST-ZSTD retains L1-FEAT-ZSTD GAP evidence instead of a nonexistent V2 group pointer.
P3F-CLOSURE-0438	L1-REG-WCH-ref__gcc__darwin-arm64__15_2_0__bin__gcc-0031	HOST-MACHO-UNRESOLVED-REGION	tmp/phase3c-evidence/binary-region-ledger.tsv	host-macho-unresolved-region	Phase 3c region classification=UNRESOLVED	bind the equivalent V2 interval to terminal feature evidence or rule the pure host interval out of target-artifact/literal gate	RULED-OUT-OF-GATE	tmp/phase3f-evidence/agents/binary-analysis/host-t5/historical-region-disposition.tsv::L1-REG-WCH-ref__gcc__darwin-arm64__15_2_0__bin__gcc-0031	tmp/phase3f-evidence/agents/binary-analysis/host-t5/historical-region-disposition.tsv::L1-REG-WCH-ref__gcc__darwin-arm64__15_2_0__bin__gcc-0031;tmp/phase3f-evidence/agents/binary-analysis/host-t5/negative-path-disposition.tsv;tmp/phase3f-evidence/agents/binary-analysis/host-t5/host-byte-disposition.tsv;tmp/phase3f-evidence/agents/binary-analysis/host-t5/decision-record.tsv::P3F-T5-HOST-MACHO;tmp/phase3f-evidence/agents/binary-analysis/host-t5/negative-space-candidates.tsv	group=GCC-DRIVER;side=WCH;path=ref/gcc/darwin-arm64/15.2.0/bin/riscv32-wch-elf-gcc;offset=1490932..1490944;closure_event=P3F-EVENT-1839;After all 1,340 functional intervals were terminally adjudicated (748 feature-mapped, 388 host-ABI, 204 host-data) and negative-space candidates mapped, the remaining historical whole-host attribution obligation is outside the target-artifact/observable-literal gate.;Rule anchor: AGENTS.md observable boundary. Rejected alternative: full function attribution across 47 stripped Mach-O paths/four builds, at high cost without stronger target-artifact assurance. Each historical row has a one-to-one disposition; HOST-ZSTD retains L1-FEAT-ZSTD GAP evidence instead of a nonexistent V2 group pointer.
P3F-CLOSURE-0439	L1-REG-WCH-ref__gcc__darwin-arm64__15_2_0__bin__gcc-0034	HOST-MACHO-UNRESOLVED-REGION	tmp/phase3c-evidence/binary-region-ledger.tsv	host-macho-unresolved-region	Phase 3c region classification=UNRESOLVED	bind the equivalent V2 interval to terminal feature evidence or rule the pure host interval out of target-artifact/literal gate	RULED-OUT-OF-GATE	tmp/phase3f-evidence/agents/binary-analysis/host-t5/historical-region-disposition.tsv::L1-REG-WCH-ref__gcc__darwin-arm64__15_2_0__bin__gcc-0034	tmp/phase3f-evidence/agents/binary-analysis/host-t5/historical-region-disposition.tsv::L1-REG-WCH-ref__gcc__darwin-arm64__15_2_0__bin__gcc-0034;tmp/phase3f-evidence/agents/binary-analysis/host-t5/negative-path-disposition.tsv;tmp/phase3f-evidence/agents/binary-analysis/host-t5/host-byte-disposition.tsv;tmp/phase3f-evidence/agents/binary-analysis/host-t5/decision-record.tsv::P3F-T5-HOST-MACHO;tmp/phase3f-evidence/agents/binary-analysis/host-t5/negative-space-candidates.tsv	group=GCC-DRIVER;side=WCH;path=ref/gcc/darwin-arm64/15.2.0/bin/riscv32-wch-elf-gcc;offset=1746136..1753088;closure_event=P3F-EVENT-1840;After all 1,340 functional intervals were terminally adjudicated (748 feature-mapped, 388 host-ABI, 204 host-data) and negative-space candidates mapped, the remaining historical whole-host attribution obligation is outside the target-artifact/observable-literal gate.;Rule anchor: AGENTS.md observable boundary. Rejected alternative: full function attribution across 47 stripped Mach-O paths/four builds, at high cost without stronger target-artifact assurance. Each historical row has a one-to-one disposition; HOST-ZSTD retains L1-FEAT-ZSTD GAP evidence instead of a nonexistent V2 group pointer.
P3F-CLOSURE-0440	L1-REG-WCH-ref__gcc__darwin-arm64__15_2_0__bin__gcc-0036	HOST-MACHO-UNRESOLVED-REGION	tmp/phase3c-evidence/binary-region-ledger.tsv	host-macho-unresolved-region	Phase 3c region classification=UNRESOLVED	bind the equivalent V2 interval to terminal feature evidence or rule the pure host interval out of target-artifact/literal gate	RULED-OUT-OF-GATE	tmp/phase3f-evidence/agents/binary-analysis/host-t5/historical-region-disposition.tsv::L1-REG-WCH-ref__gcc__darwin-arm64__15_2_0__bin__gcc-0036	tmp/phase3f-evidence/agents/binary-analysis/host-t5/historical-region-disposition.tsv::L1-REG-WCH-ref__gcc__darwin-arm64__15_2_0__bin__gcc-0036;tmp/phase3f-evidence/agents/binary-analysis/host-t5/negative-path-disposition.tsv;tmp/phase3f-evidence/agents/binary-analysis/host-t5/host-byte-disposition.tsv;tmp/phase3f-evidence/agents/binary-analysis/host-t5/decision-record.tsv::P3F-T5-HOST-MACHO;tmp/phase3f-evidence/agents/binary-analysis/host-t5/negative-space-candidates.tsv	group=GCC-DRIVER;side=WCH;path=ref/gcc/darwin-arm64/15.2.0/bin/riscv32-wch-elf-gcc;offset=1755856..1769472;closure_event=P3F-EVENT-1841;After all 1,340 functional intervals were terminally adjudicated (748 feature-mapped, 388 host-ABI, 204 host-data) and negative-space candidates mapped, the remaining historical whole-host attribution obligation is outside the target-artifact/observable-literal gate.;Rule anchor: AGENTS.md observable boundary. Rejected alternative: full function attribution across 47 stripped Mach-O paths/four builds, at high cost without stronger target-artifact assurance. Each historical row has a one-to-one disposition; HOST-ZSTD retains L1-FEAT-ZSTD GAP evidence instead of a nonexistent V2 group pointer.
P3F-CLOSURE-0441	L1-REG-WCH-ref__gcc__darwin-arm64__15_2_0__bin__gcc-15_2_0-0022	HOST-MACHO-UNRESOLVED-REGION	tmp/phase3c-evidence/binary-region-ledger.tsv	host-macho-unresolved-region	Phase 3c region classification=UNRESOLVED	bind the equivalent V2 interval to terminal feature evidence or rule the pure host interval out of target-artifact/literal gate	RULED-OUT-OF-GATE	tmp/phase3f-evidence/agents/binary-analysis/host-t5/historical-region-disposition.tsv::L1-REG-WCH-ref__gcc__darwin-arm64__15_2_0__bin__gcc-15_2_0-0022	tmp/phase3f-evidence/agents/binary-analysis/host-t5/historical-region-disposition.tsv::L1-REG-WCH-ref__gcc__darwin-arm64__15_2_0__bin__gcc-15_2_0-0022;tmp/phase3f-evidence/agents/binary-analysis/host-t5/negative-path-disposition.tsv;tmp/phase3f-evidence/agents/binary-analysis/host-t5/host-byte-disposition.tsv;tmp/phase3f-evidence/agents/binary-analysis/host-t5/decision-record.tsv::P3F-T5-HOST-MACHO;tmp/phase3f-evidence/agents/binary-analysis/host-t5/negative-space-candidates.tsv	group=GCC-DRIVER;side=WCH;path=ref/gcc/darwin-arm64/15.2.0/bin/riscv32-wch-elf-gcc-15.2.0;offset=1824..2232;closure_event=P3F-EVENT-1842;After all 1,340 functional intervals were terminally adjudicated (748 feature-mapped, 388 host-ABI, 204 host-data) and negative-space candidates mapped, the remaining historical whole-host attribution obligation is outside the target-artifact/observable-literal gate.;Rule anchor: AGENTS.md observable boundary. Rejected alternative: full function attribution across 47 stripped Mach-O paths/four builds, at high cost without stronger target-artifact assurance. Each historical row has a one-to-one disposition; HOST-ZSTD retains L1-FEAT-ZSTD GAP evidence instead of a nonexistent V2 group pointer.
P3F-CLOSURE-0442	L1-REG-WCH-ref__gcc__darwin-arm64__15_2_0__bin__gcc-15_2_0-0024	HOST-MACHO-UNRESOLVED-REGION	tmp/phase3c-evidence/binary-region-ledger.tsv	host-macho-unresolved-region	Phase 3c region classification=UNRESOLVED	bind the equivalent V2 interval to terminal feature evidence or rule the pure host interval out of target-artifact/literal gate	RULED-OUT-OF-GATE	tmp/phase3f-evidence/agents/binary-analysis/host-t5/historical-region-disposition.tsv::L1-REG-WCH-ref__gcc__darwin-arm64__15_2_0__bin__gcc-15_2_0-0024	tmp/phase3f-evidence/agents/binary-analysis/host-t5/historical-region-disposition.tsv::L1-REG-WCH-ref__gcc__darwin-arm64__15_2_0__bin__gcc-15_2_0-0024;tmp/phase3f-evidence/agents/binary-analysis/host-t5/negative-path-disposition.tsv;tmp/phase3f-evidence/agents/binary-analysis/host-t5/host-byte-disposition.tsv;tmp/phase3f-evidence/agents/binary-analysis/host-t5/decision-record.tsv::P3F-T5-HOST-MACHO;tmp/phase3f-evidence/agents/binary-analysis/host-t5/negative-space-candidates.tsv	group=GCC-DRIVER;side=WCH;path=ref/gcc/darwin-arm64/15.2.0/bin/riscv32-wch-elf-gcc-15.2.0;offset=719328..721152;closure_event=P3F-EVENT-1843;After all 1,340 functional intervals were terminally adjudicated (748 feature-mapped, 388 host-ABI, 204 host-data) and negative-space candidates mapped, the remaining historical whole-host attribution obligation is outside the target-artifact/observable-literal gate.;Rule anchor: AGENTS.md observable boundary. Rejected alternative: full function attribution across 47 stripped Mach-O paths/four builds, at high cost without stronger target-artifact assurance. Each historical row has a one-to-one disposition; HOST-ZSTD retains L1-FEAT-ZSTD GAP evidence instead of a nonexistent V2 group pointer.
P3F-CLOSURE-0443	L1-REG-WCH-ref__gcc__darwin-arm64__15_2_0__bin__gcc-15_2_0-0025	HOST-MACHO-UNRESOLVED-REGION	tmp/phase3c-evidence/binary-region-ledger.tsv	host-macho-unresolved-region	Phase 3c region classification=UNRESOLVED	bind the equivalent V2 interval to terminal feature evidence or rule the pure host interval out of target-artifact/literal gate	RULED-OUT-OF-GATE	tmp/phase3f-evidence/agents/binary-analysis/host-t5/historical-region-disposition.tsv::L1-REG-WCH-ref__gcc__darwin-arm64__15_2_0__bin__gcc-15_2_0-0025	tmp/phase3f-evidence/agents/binary-analysis/host-t5/historical-region-disposition.tsv::L1-REG-WCH-ref__gcc__darwin-arm64__15_2_0__bin__gcc-15_2_0-0025;tmp/phase3f-evidence/agents/binary-analysis/host-t5/negative-path-disposition.tsv;tmp/phase3f-evidence/agents/binary-analysis/host-t5/host-byte-disposition.tsv;tmp/phase3f-evidence/agents/binary-analysis/host-t5/decision-record.tsv::P3F-T5-HOST-MACHO;tmp/phase3f-evidence/agents/binary-analysis/host-t5/negative-space-candidates.tsv	group=GCC-DRIVER;side=WCH;path=ref/gcc/darwin-arm64/15.2.0/bin/riscv32-wch-elf-gcc-15.2.0;offset=721152..721168;closure_event=P3F-EVENT-1844;After all 1,340 functional intervals were terminally adjudicated (748 feature-mapped, 388 host-ABI, 204 host-data) and negative-space candidates mapped, the remaining historical whole-host attribution obligation is outside the target-artifact/observable-literal gate.;Rule anchor: AGENTS.md observable boundary. Rejected alternative: full function attribution across 47 stripped Mach-O paths/four builds, at high cost without stronger target-artifact assurance. Each historical row has a one-to-one disposition; HOST-ZSTD retains L1-FEAT-ZSTD GAP evidence instead of a nonexistent V2 group pointer.
P3F-CLOSURE-0444	L1-REG-WCH-ref__gcc__darwin-arm64__15_2_0__bin__gcc-15_2_0-0028	HOST-MACHO-UNRESOLVED-REGION	tmp/phase3c-evidence/binary-region-ledger.tsv	host-macho-unresolved-region	Phase 3c region classification=UNRESOLVED	bind the equivalent V2 interval to terminal feature evidence or rule the pure host interval out of target-artifact/literal gate	RULED-OUT-OF-GATE	tmp/phase3f-evidence/agents/binary-analysis/host-t5/historical-region-disposition.tsv::L1-REG-WCH-ref__gcc__darwin-arm64__15_2_0__bin__gcc-15_2_0-0028	tmp/phase3f-evidence/agents/binary-analysis/host-t5/historical-region-disposition.tsv::L1-REG-WCH-ref__gcc__darwin-arm64__15_2_0__bin__gcc-15_2_0-0028;tmp/phase3f-evidence/agents/binary-analysis/host-t5/negative-path-disposition.tsv;tmp/phase3f-evidence/agents/binary-analysis/host-t5/host-byte-disposition.tsv;tmp/phase3f-evidence/agents/binary-analysis/host-t5/decision-record.tsv::P3F-T5-HOST-MACHO;tmp/phase3f-evidence/agents/binary-analysis/host-t5/negative-space-candidates.tsv	group=GCC-DRIVER;side=WCH;path=ref/gcc/darwin-arm64/15.2.0/bin/riscv32-wch-elf-gcc-15.2.0;offset=1420878..1420880;closure_event=P3F-EVENT-1845;After all 1,340 functional intervals were terminally adjudicated (748 feature-mapped, 388 host-ABI, 204 host-data) and negative-space candidates mapped, the remaining historical whole-host attribution obligation is outside the target-artifact/observable-literal gate.;Rule anchor: AGENTS.md observable boundary. Rejected alternative: full function attribution across 47 stripped Mach-O paths/four builds, at high cost without stronger target-artifact assurance. Each historical row has a one-to-one disposition; HOST-ZSTD retains L1-FEAT-ZSTD GAP evidence instead of a nonexistent V2 group pointer.
P3F-CLOSURE-0445	L1-REG-WCH-ref__gcc__darwin-arm64__15_2_0__bin__gcc-15_2_0-0031	HOST-MACHO-UNRESOLVED-REGION	tmp/phase3c-evidence/binary-region-ledger.tsv	host-macho-unresolved-region	Phase 3c region classification=UNRESOLVED	bind the equivalent V2 interval to terminal feature evidence or rule the pure host interval out of target-artifact/literal gate	RULED-OUT-OF-GATE	tmp/phase3f-evidence/agents/binary-analysis/host-t5/historical-region-disposition.tsv::L1-REG-WCH-ref__gcc__darwin-arm64__15_2_0__bin__gcc-15_2_0-0031	tmp/phase3f-evidence/agents/binary-analysis/host-t5/historical-region-disposition.tsv::L1-REG-WCH-ref__gcc__darwin-arm64__15_2_0__bin__gcc-15_2_0-0031;tmp/phase3f-evidence/agents/binary-analysis/host-t5/negative-path-disposition.tsv;tmp/phase3f-evidence/agents/binary-analysis/host-t5/host-byte-disposition.tsv;tmp/phase3f-evidence/agents/binary-analysis/host-t5/decision-record.tsv::P3F-T5-HOST-MACHO;tmp/phase3f-evidence/agents/binary-analysis/host-t5/negative-space-candidates.tsv	group=GCC-DRIVER;side=WCH;path=ref/gcc/darwin-arm64/15.2.0/bin/riscv32-wch-elf-gcc-15.2.0;offset=1490932..1490944;closure_event=P3F-EVENT-1846;After all 1,340 functional intervals were terminally adjudicated (748 feature-mapped, 388 host-ABI, 204 host-data) and negative-space candidates mapped, the remaining historical whole-host attribution obligation is outside the target-artifact/observable-literal gate.;Rule anchor: AGENTS.md observable boundary. Rejected alternative: full function attribution across 47 stripped Mach-O paths/four builds, at high cost without stronger target-artifact assurance. Each historical row has a one-to-one disposition; HOST-ZSTD retains L1-FEAT-ZSTD GAP evidence instead of a nonexistent V2 group pointer.
P3F-CLOSURE-0446	L1-REG-WCH-ref__gcc__darwin-arm64__15_2_0__bin__gcc-15_2_0-0034	HOST-MACHO-UNRESOLVED-REGION	tmp/phase3c-evidence/binary-region-ledger.tsv	host-macho-unresolved-region	Phase 3c region classification=UNRESOLVED	bind the equivalent V2 interval to terminal feature evidence or rule the pure host interval out of target-artifact/literal gate	RULED-OUT-OF-GATE	tmp/phase3f-evidence/agents/binary-analysis/host-t5/historical-region-disposition.tsv::L1-REG-WCH-ref__gcc__darwin-arm64__15_2_0__bin__gcc-15_2_0-0034	tmp/phase3f-evidence/agents/binary-analysis/host-t5/historical-region-disposition.tsv::L1-REG-WCH-ref__gcc__darwin-arm64__15_2_0__bin__gcc-15_2_0-0034;tmp/phase3f-evidence/agents/binary-analysis/host-t5/negative-path-disposition.tsv;tmp/phase3f-evidence/agents/binary-analysis/host-t5/host-byte-disposition.tsv;tmp/phase3f-evidence/agents/binary-analysis/host-t5/decision-record.tsv::P3F-T5-HOST-MACHO;tmp/phase3f-evidence/agents/binary-analysis/host-t5/negative-space-candidates.tsv	group=GCC-DRIVER;side=WCH;path=ref/gcc/darwin-arm64/15.2.0/bin/riscv32-wch-elf-gcc-15.2.0;offset=1746136..1753088;closure_event=P3F-EVENT-1847;After all 1,340 functional intervals were terminally adjudicated (748 feature-mapped, 388 host-ABI, 204 host-data) and negative-space candidates mapped, the remaining historical whole-host attribution obligation is outside the target-artifact/observable-literal gate.;Rule anchor: AGENTS.md observable boundary. Rejected alternative: full function attribution across 47 stripped Mach-O paths/four builds, at high cost without stronger target-artifact assurance. Each historical row has a one-to-one disposition; HOST-ZSTD retains L1-FEAT-ZSTD GAP evidence instead of a nonexistent V2 group pointer.
P3F-CLOSURE-0447	L1-REG-WCH-ref__gcc__darwin-arm64__15_2_0__bin__gcc-15_2_0-0036	HOST-MACHO-UNRESOLVED-REGION	tmp/phase3c-evidence/binary-region-ledger.tsv	host-macho-unresolved-region	Phase 3c region classification=UNRESOLVED	bind the equivalent V2 interval to terminal feature evidence or rule the pure host interval out of target-artifact/literal gate	RULED-OUT-OF-GATE	tmp/phase3f-evidence/agents/binary-analysis/host-t5/historical-region-disposition.tsv::L1-REG-WCH-ref__gcc__darwin-arm64__15_2_0__bin__gcc-15_2_0-0036	tmp/phase3f-evidence/agents/binary-analysis/host-t5/historical-region-disposition.tsv::L1-REG-WCH-ref__gcc__darwin-arm64__15_2_0__bin__gcc-15_2_0-0036;tmp/phase3f-evidence/agents/binary-analysis/host-t5/negative-path-disposition.tsv;tmp/phase3f-evidence/agents/binary-analysis/host-t5/host-byte-disposition.tsv;tmp/phase3f-evidence/agents/binary-analysis/host-t5/decision-record.tsv::P3F-T5-HOST-MACHO;tmp/phase3f-evidence/agents/binary-analysis/host-t5/negative-space-candidates.tsv	group=GCC-DRIVER;side=WCH;path=ref/gcc/darwin-arm64/15.2.0/bin/riscv32-wch-elf-gcc-15.2.0;offset=1755856..1769472;closure_event=P3F-EVENT-1848;After all 1,340 functional intervals were terminally adjudicated (748 feature-mapped, 388 host-ABI, 204 host-data) and negative-space candidates mapped, the remaining historical whole-host attribution obligation is outside the target-artifact/observable-literal gate.;Rule anchor: AGENTS.md observable boundary. Rejected alternative: full function attribution across 47 stripped Mach-O paths/four builds, at high cost without stronger target-artifact assurance. Each historical row has a one-to-one disposition; HOST-ZSTD retains L1-FEAT-ZSTD GAP evidence instead of a nonexistent V2 group pointer.
P3F-CLOSURE-0448	L1-REG-WCH-ref__gcc__darwin-arm64__15_2_0__bin__libzstd_1_dylib-0019	HOST-MACHO-UNRESOLVED-REGION	tmp/phase3c-evidence/binary-region-ledger.tsv	host-macho-unresolved-region	Phase 3c region classification=UNRESOLVED	bind the equivalent V2 interval to terminal feature evidence or rule the pure host interval out of target-artifact/literal gate	RULED-OUT-OF-GATE	tmp/phase3f-evidence/agents/binary-analysis/host-t5/historical-region-disposition.tsv::L1-REG-WCH-ref__gcc__darwin-arm64__15_2_0__bin__libzstd_1_dylib-0019	tmp/phase3f-evidence/agents/binary-analysis/host-t5/historical-region-disposition.tsv::L1-REG-WCH-ref__gcc__darwin-arm64__15_2_0__bin__libzstd_1_dylib-0019;tmp/phase3f-evidence/agents/binary-analysis/host-t5/negative-path-disposition.tsv;tmp/phase3f-evidence/agents/binary-analysis/host-t5/host-byte-disposition.tsv;tmp/phase3f-evidence/agents/binary-analysis/host-t5/decision-record.tsv::P3F-T5-HOST-MACHO;tmp/phase3f-evidence/agents/binary-analysis/host-t5/negative-space-candidates.tsv	group=HOST-ZSTD;side=WCH;path=ref/gcc/darwin-arm64/15.2.0/bin/libzstd.1.dylib;offset=1536..17096;closure_event=P3F-EVENT-1849;After all 1,340 functional intervals were terminally adjudicated (748 feature-mapped, 388 host-ABI, 204 host-data) and negative-space candidates mapped, the remaining historical whole-host attribution obligation is outside the target-artifact/observable-literal gate.;Rule anchor: AGENTS.md observable boundary. Rejected alternative: full function attribution across 47 stripped Mach-O paths/four builds, at high cost without stronger target-artifact assurance. Each historical row has a one-to-one disposition; HOST-ZSTD retains L1-FEAT-ZSTD GAP evidence instead of a nonexistent V2 group pointer.
P3F-CLOSURE-0449	L1-REG-WCH-ref__gcc__darwin-arm64__15_2_0__bin__libzstd_1_dylib-0021	HOST-MACHO-UNRESOLVED-REGION	tmp/phase3c-evidence/binary-region-ledger.tsv	host-macho-unresolved-region	Phase 3c region classification=UNRESOLVED	bind the equivalent V2 interval to terminal feature evidence or rule the pure host interval out of target-artifact/literal gate	RULED-OUT-OF-GATE	tmp/phase3f-evidence/agents/binary-analysis/host-t5/historical-region-disposition.tsv::L1-REG-WCH-ref__gcc__darwin-arm64__15_2_0__bin__libzstd_1_dylib-0021	tmp/phase3f-evidence/agents/binary-analysis/host-t5/historical-region-disposition.tsv::L1-REG-WCH-ref__gcc__darwin-arm64__15_2_0__bin__libzstd_1_dylib-0021;tmp/phase3f-evidence/agents/binary-analysis/host-t5/negative-path-disposition.tsv;tmp/phase3f-evidence/agents/binary-analysis/host-t5/host-byte-disposition.tsv;tmp/phase3f-evidence/agents/binary-analysis/host-t5/decision-record.tsv::P3F-T5-HOST-MACHO;tmp/phase3f-evidence/agents/binary-analysis/host-t5/negative-space-candidates.tsv	group=HOST-ZSTD;side=WCH;path=ref/gcc/darwin-arm64/15.2.0/bin/libzstd.1.dylib;offset=546192..546528;closure_event=P3F-EVENT-1850;After all 1,340 functional intervals were terminally adjudicated (748 feature-mapped, 388 host-ABI, 204 host-data) and negative-space candidates mapped, the remaining historical whole-host attribution obligation is outside the target-artifact/observable-literal gate.;Rule anchor: AGENTS.md observable boundary. Rejected alternative: full function attribution across 47 stripped Mach-O paths/four builds, at high cost without stronger target-artifact assurance. Each historical row has a one-to-one disposition; HOST-ZSTD retains L1-FEAT-ZSTD GAP evidence instead of a nonexistent V2 group pointer.
P3F-CLOSURE-0450	L1-REG-WCH-ref__gcc__darwin-arm64__15_2_0__bin__libzstd_1_dylib-0024	HOST-MACHO-UNRESOLVED-REGION	tmp/phase3c-evidence/binary-region-ledger.tsv	host-macho-unresolved-region	Phase 3c region classification=UNRESOLVED	bind the equivalent V2 interval to terminal feature evidence or rule the pure host interval out of target-artifact/literal gate	RULED-OUT-OF-GATE	tmp/phase3f-evidence/agents/binary-analysis/host-t5/historical-region-disposition.tsv::L1-REG-WCH-ref__gcc__darwin-arm64__15_2_0__bin__libzstd_1_dylib-0024	tmp/phase3f-evidence/agents/binary-analysis/host-t5/historical-region-disposition.tsv::L1-REG-WCH-ref__gcc__darwin-arm64__15_2_0__bin__libzstd_1_dylib-0024;tmp/phase3f-evidence/agents/binary-analysis/host-t5/negative-path-disposition.tsv;tmp/phase3f-evidence/agents/binary-analysis/host-t5/host-byte-disposition.tsv;tmp/phase3f-evidence/agents/binary-analysis/host-t5/decision-record.tsv::P3F-T5-HOST-MACHO;tmp/phase3f-evidence/agents/binary-analysis/host-t5/negative-space-candidates.tsv	group=HOST-ZSTD;side=WCH;path=ref/gcc/darwin-arm64/15.2.0/bin/libzstd.1.dylib;offset=571193..571196;closure_event=P3F-EVENT-1851;After all 1,340 functional intervals were terminally adjudicated (748 feature-mapped, 388 host-ABI, 204 host-data) and negative-space candidates mapped, the remaining historical whole-host attribution obligation is outside the target-artifact/observable-literal gate.;Rule anchor: AGENTS.md observable boundary. Rejected alternative: full function attribution across 47 stripped Mach-O paths/four builds, at high cost without stronger target-artifact assurance. Each historical row has a one-to-one disposition; HOST-ZSTD retains L1-FEAT-ZSTD GAP evidence instead of a nonexistent V2 group pointer.
P3F-CLOSURE-0451	L1-REG-WCH-ref__gcc__darwin-arm64__15_2_0__bin__libzstd_1_dylib-0026	HOST-MACHO-UNRESOLVED-REGION	tmp/phase3c-evidence/binary-region-ledger.tsv	host-macho-unresolved-region	Phase 3c region classification=UNRESOLVED	bind the equivalent V2 interval to terminal feature evidence or rule the pure host interval out of target-artifact/literal gate	RULED-OUT-OF-GATE	tmp/phase3f-evidence/agents/binary-analysis/host-t5/historical-region-disposition.tsv::L1-REG-WCH-ref__gcc__darwin-arm64__15_2_0__bin__libzstd_1_dylib-0026	tmp/phase3f-evidence/agents/binary-analysis/host-t5/historical-region-disposition.tsv::L1-REG-WCH-ref__gcc__darwin-arm64__15_2_0__bin__libzstd_1_dylib-0026;tmp/phase3f-evidence/agents/binary-analysis/host-t5/negative-path-disposition.tsv;tmp/phase3f-evidence/agents/binary-analysis/host-t5/host-byte-disposition.tsv;tmp/phase3f-evidence/agents/binary-analysis/host-t5/decision-record.tsv::P3F-T5-HOST-MACHO;tmp/phase3f-evidence/agents/binary-analysis/host-t5/negative-space-candidates.tsv	group=HOST-ZSTD;side=WCH;path=ref/gcc/darwin-arm64/15.2.0/bin/libzstd.1.dylib;offset=573356..573360;closure_event=P3F-EVENT-1852;After all 1,340 functional intervals were terminally adjudicated (748 feature-mapped, 388 host-ABI, 204 host-data) and negative-space candidates mapped, the remaining historical whole-host attribution obligation is outside the target-artifact/observable-literal gate.;Rule anchor: AGENTS.md observable boundary. Rejected alternative: full function attribution across 47 stripped Mach-O paths/four builds, at high cost without stronger target-artifact assurance. Each historical row has a one-to-one disposition; HOST-ZSTD retains L1-FEAT-ZSTD GAP evidence instead of a nonexistent V2 group pointer.
P3F-CLOSURE-0452	L1-REG-WCH-ref__gcc__darwin-arm64__15_2_0__bin__libzstd_1_dylib-0030	HOST-MACHO-UNRESOLVED-REGION	tmp/phase3c-evidence/binary-region-ledger.tsv	host-macho-unresolved-region	Phase 3c region classification=UNRESOLVED	bind the equivalent V2 interval to terminal feature evidence or rule the pure host interval out of target-artifact/literal gate	RULED-OUT-OF-GATE	tmp/phase3f-evidence/agents/binary-analysis/host-t5/historical-region-disposition.tsv::L1-REG-WCH-ref__gcc__darwin-arm64__15_2_0__bin__libzstd_1_dylib-0030	tmp/phase3f-evidence/agents/binary-analysis/host-t5/historical-region-disposition.tsv::L1-REG-WCH-ref__gcc__darwin-arm64__15_2_0__bin__libzstd_1_dylib-0030;tmp/phase3f-evidence/agents/binary-analysis/host-t5/negative-path-disposition.tsv;tmp/phase3f-evidence/agents/binary-analysis/host-t5/host-byte-disposition.tsv;tmp/phase3f-evidence/agents/binary-analysis/host-t5/decision-record.tsv::P3F-T5-HOST-MACHO;tmp/phase3f-evidence/agents/binary-analysis/host-t5/negative-space-candidates.tsv	group=HOST-ZSTD;side=WCH;path=ref/gcc/darwin-arm64/15.2.0/bin/libzstd.1.dylib;offset=574392..589824;closure_event=P3F-EVENT-1853;After all 1,340 functional intervals were terminally adjudicated (748 feature-mapped, 388 host-ABI, 204 host-data) and negative-space candidates mapped, the remaining historical whole-host attribution obligation is outside the target-artifact/observable-literal gate.;Rule anchor: AGENTS.md observable boundary. Rejected alternative: full function attribution across 47 stripped Mach-O paths/four builds, at high cost without stronger target-artifact assurance. Each historical row has a one-to-one disposition; HOST-ZSTD retains L1-FEAT-ZSTD GAP evidence instead of a nonexistent V2 group pointer.
P3F-CLOSURE-0453	L1-REG-WCH-ref__gcc__darwin-arm64__15_2_0__riscv32-wch-elf__bin__libzstd_1_dylib-0019	HOST-MACHO-UNRESOLVED-REGION	tmp/phase3c-evidence/binary-region-ledger.tsv	host-macho-unresolved-region	Phase 3c region classification=UNRESOLVED	bind the equivalent V2 interval to terminal feature evidence or rule the pure host interval out of target-artifact/literal gate	RULED-OUT-OF-GATE	tmp/phase3f-evidence/agents/binary-analysis/host-t5/historical-region-disposition.tsv::L1-REG-WCH-ref__gcc__darwin-arm64__15_2_0__riscv32-wch-elf__bin__libzstd_1_dylib-0019	tmp/phase3f-evidence/agents/binary-analysis/host-t5/historical-region-disposition.tsv::L1-REG-WCH-ref__gcc__darwin-arm64__15_2_0__riscv32-wch-elf__bin__libzstd_1_dylib-0019;tmp/phase3f-evidence/agents/binary-analysis/host-t5/negative-path-disposition.tsv;tmp/phase3f-evidence/agents/binary-analysis/host-t5/host-byte-disposition.tsv;tmp/phase3f-evidence/agents/binary-analysis/host-t5/decision-record.tsv::P3F-T5-HOST-MACHO;tmp/phase3f-evidence/agents/binary-analysis/host-t5/negative-space-candidates.tsv	group=HOST-ZSTD;side=WCH;path=ref/gcc/darwin-arm64/15.2.0/riscv32-wch-elf/bin/libzstd.1.dylib;offset=1536..17096;closure_event=P3F-EVENT-1854;After all 1,340 functional intervals were terminally adjudicated (748 feature-mapped, 388 host-ABI, 204 host-data) and negative-space candidates mapped, the remaining historical whole-host attribution obligation is outside the target-artifact/observable-literal gate.;Rule anchor: AGENTS.md observable boundary. Rejected alternative: full function attribution across 47 stripped Mach-O paths/four builds, at high cost without stronger target-artifact assurance. Each historical row has a one-to-one disposition; HOST-ZSTD retains L1-FEAT-ZSTD GAP evidence instead of a nonexistent V2 group pointer.
P3F-CLOSURE-0454	L1-REG-WCH-ref__gcc__darwin-arm64__15_2_0__riscv32-wch-elf__bin__libzstd_1_dylib-0021	HOST-MACHO-UNRESOLVED-REGION	tmp/phase3c-evidence/binary-region-ledger.tsv	host-macho-unresolved-region	Phase 3c region classification=UNRESOLVED	bind the equivalent V2 interval to terminal feature evidence or rule the pure host interval out of target-artifact/literal gate	RULED-OUT-OF-GATE	tmp/phase3f-evidence/agents/binary-analysis/host-t5/historical-region-disposition.tsv::L1-REG-WCH-ref__gcc__darwin-arm64__15_2_0__riscv32-wch-elf__bin__libzstd_1_dylib-0021	tmp/phase3f-evidence/agents/binary-analysis/host-t5/historical-region-disposition.tsv::L1-REG-WCH-ref__gcc__darwin-arm64__15_2_0__riscv32-wch-elf__bin__libzstd_1_dylib-0021;tmp/phase3f-evidence/agents/binary-analysis/host-t5/negative-path-disposition.tsv;tmp/phase3f-evidence/agents/binary-analysis/host-t5/host-byte-disposition.tsv;tmp/phase3f-evidence/agents/binary-analysis/host-t5/decision-record.tsv::P3F-T5-HOST-MACHO;tmp/phase3f-evidence/agents/binary-analysis/host-t5/negative-space-candidates.tsv	group=HOST-ZSTD;side=WCH;path=ref/gcc/darwin-arm64/15.2.0/riscv32-wch-elf/bin/libzstd.1.dylib;offset=546192..546528;closure_event=P3F-EVENT-1855;After all 1,340 functional intervals were terminally adjudicated (748 feature-mapped, 388 host-ABI, 204 host-data) and negative-space candidates mapped, the remaining historical whole-host attribution obligation is outside the target-artifact/observable-literal gate.;Rule anchor: AGENTS.md observable boundary. Rejected alternative: full function attribution across 47 stripped Mach-O paths/four builds, at high cost without stronger target-artifact assurance. Each historical row has a one-to-one disposition; HOST-ZSTD retains L1-FEAT-ZSTD GAP evidence instead of a nonexistent V2 group pointer.
P3F-CLOSURE-0455	L1-REG-WCH-ref__gcc__darwin-arm64__15_2_0__riscv32-wch-elf__bin__libzstd_1_dylib-0024	HOST-MACHO-UNRESOLVED-REGION	tmp/phase3c-evidence/binary-region-ledger.tsv	host-macho-unresolved-region	Phase 3c region classification=UNRESOLVED	bind the equivalent V2 interval to terminal feature evidence or rule the pure host interval out of target-artifact/literal gate	RULED-OUT-OF-GATE	tmp/phase3f-evidence/agents/binary-analysis/host-t5/historical-region-disposition.tsv::L1-REG-WCH-ref__gcc__darwin-arm64__15_2_0__riscv32-wch-elf__bin__libzstd_1_dylib-0024	tmp/phase3f-evidence/agents/binary-analysis/host-t5/historical-region-disposition.tsv::L1-REG-WCH-ref__gcc__darwin-arm64__15_2_0__riscv32-wch-elf__bin__libzstd_1_dylib-0024;tmp/phase3f-evidence/agents/binary-analysis/host-t5/negative-path-disposition.tsv;tmp/phase3f-evidence/agents/binary-analysis/host-t5/host-byte-disposition.tsv;tmp/phase3f-evidence/agents/binary-analysis/host-t5/decision-record.tsv::P3F-T5-HOST-MACHO;tmp/phase3f-evidence/agents/binary-analysis/host-t5/negative-space-candidates.tsv	group=HOST-ZSTD;side=WCH;path=ref/gcc/darwin-arm64/15.2.0/riscv32-wch-elf/bin/libzstd.1.dylib;offset=571193..571196;closure_event=P3F-EVENT-1856;After all 1,340 functional intervals were terminally adjudicated (748 feature-mapped, 388 host-ABI, 204 host-data) and negative-space candidates mapped, the remaining historical whole-host attribution obligation is outside the target-artifact/observable-literal gate.;Rule anchor: AGENTS.md observable boundary. Rejected alternative: full function attribution across 47 stripped Mach-O paths/four builds, at high cost without stronger target-artifact assurance. Each historical row has a one-to-one disposition; HOST-ZSTD retains L1-FEAT-ZSTD GAP evidence instead of a nonexistent V2 group pointer.
P3F-CLOSURE-0456	L1-REG-WCH-ref__gcc__darwin-arm64__15_2_0__riscv32-wch-elf__bin__libzstd_1_dylib-0026	HOST-MACHO-UNRESOLVED-REGION	tmp/phase3c-evidence/binary-region-ledger.tsv	host-macho-unresolved-region	Phase 3c region classification=UNRESOLVED	bind the equivalent V2 interval to terminal feature evidence or rule the pure host interval out of target-artifact/literal gate	RULED-OUT-OF-GATE	tmp/phase3f-evidence/agents/binary-analysis/host-t5/historical-region-disposition.tsv::L1-REG-WCH-ref__gcc__darwin-arm64__15_2_0__riscv32-wch-elf__bin__libzstd_1_dylib-0026	tmp/phase3f-evidence/agents/binary-analysis/host-t5/historical-region-disposition.tsv::L1-REG-WCH-ref__gcc__darwin-arm64__15_2_0__riscv32-wch-elf__bin__libzstd_1_dylib-0026;tmp/phase3f-evidence/agents/binary-analysis/host-t5/negative-path-disposition.tsv;tmp/phase3f-evidence/agents/binary-analysis/host-t5/host-byte-disposition.tsv;tmp/phase3f-evidence/agents/binary-analysis/host-t5/decision-record.tsv::P3F-T5-HOST-MACHO;tmp/phase3f-evidence/agents/binary-analysis/host-t5/negative-space-candidates.tsv	group=HOST-ZSTD;side=WCH;path=ref/gcc/darwin-arm64/15.2.0/riscv32-wch-elf/bin/libzstd.1.dylib;offset=573356..573360;closure_event=P3F-EVENT-1857;After all 1,340 functional intervals were terminally adjudicated (748 feature-mapped, 388 host-ABI, 204 host-data) and negative-space candidates mapped, the remaining historical whole-host attribution obligation is outside the target-artifact/observable-literal gate.;Rule anchor: AGENTS.md observable boundary. Rejected alternative: full function attribution across 47 stripped Mach-O paths/four builds, at high cost without stronger target-artifact assurance. Each historical row has a one-to-one disposition; HOST-ZSTD retains L1-FEAT-ZSTD GAP evidence instead of a nonexistent V2 group pointer.
P3F-CLOSURE-0457	L1-REG-WCH-ref__gcc__darwin-arm64__15_2_0__riscv32-wch-elf__bin__libzstd_1_dylib-0030	HOST-MACHO-UNRESOLVED-REGION	tmp/phase3c-evidence/binary-region-ledger.tsv	host-macho-unresolved-region	Phase 3c region classification=UNRESOLVED	bind the equivalent V2 interval to terminal feature evidence or rule the pure host interval out of target-artifact/literal gate	RULED-OUT-OF-GATE	tmp/phase3f-evidence/agents/binary-analysis/host-t5/historical-region-disposition.tsv::L1-REG-WCH-ref__gcc__darwin-arm64__15_2_0__riscv32-wch-elf__bin__libzstd_1_dylib-0030	tmp/phase3f-evidence/agents/binary-analysis/host-t5/historical-region-disposition.tsv::L1-REG-WCH-ref__gcc__darwin-arm64__15_2_0__riscv32-wch-elf__bin__libzstd_1_dylib-0030;tmp/phase3f-evidence/agents/binary-analysis/host-t5/negative-path-disposition.tsv;tmp/phase3f-evidence/agents/binary-analysis/host-t5/host-byte-disposition.tsv;tmp/phase3f-evidence/agents/binary-analysis/host-t5/decision-record.tsv::P3F-T5-HOST-MACHO;tmp/phase3f-evidence/agents/binary-analysis/host-t5/negative-space-candidates.tsv	group=HOST-ZSTD;side=WCH;path=ref/gcc/darwin-arm64/15.2.0/riscv32-wch-elf/bin/libzstd.1.dylib;offset=574392..589824;closure_event=P3F-EVENT-1858;After all 1,340 functional intervals were terminally adjudicated (748 feature-mapped, 388 host-ABI, 204 host-data) and negative-space candidates mapped, the remaining historical whole-host attribution obligation is outside the target-artifact/observable-literal gate.;Rule anchor: AGENTS.md observable boundary. Rejected alternative: full function attribution across 47 stripped Mach-O paths/four builds, at high cost without stronger target-artifact assurance. Each historical row has a one-to-one disposition; HOST-ZSTD retains L1-FEAT-ZSTD GAP evidence instead of a nonexistent V2 group pointer.
P3F-CLOSURE-0458	L2-REG-CC1-OURS-DATA	HOST-MACHO-UNRESOLVED-REGION	tmp/phase3c-evidence/binary-region-ledger.tsv	host-macho-unresolved-region	Phase 3c region classification=UNRESOLVED	bind the equivalent V2 interval to terminal feature evidence or rule the pure host interval out of target-artifact/literal gate	RULED-OUT-OF-GATE	tmp/phase3f-evidence/agents/binary-analysis/host-t5/historical-region-disposition.tsv::L2-REG-CC1-OURS-DATA	tmp/phase3f-evidence/agents/binary-analysis/host-t5/historical-region-disposition.tsv::L2-REG-CC1-OURS-DATA;tmp/phase3f-evidence/agents/binary-analysis/host-t5/negative-path-disposition.tsv;tmp/phase3f-evidence/agents/binary-analysis/host-t5/host-byte-disposition.tsv;tmp/phase3f-evidence/agents/binary-analysis/host-t5/decision-record.tsv::P3F-T5-HOST-MACHO;tmp/phase3f-evidence/agents/binary-analysis/host-t5/negative-space-candidates.tsv	group=GCC-CC1;side=OURS;path=tmp/toolchain_15.2.0/riscv-gnu-toolchain/output/libexec/gcc/riscv32-wch-elf/15.2.0/cc1;offset=52609024..52707328;closure_event=P3F-EVENT-1859;After all 1,340 functional intervals were terminally adjudicated (748 feature-mapped, 388 host-ABI, 204 host-data) and negative-space candidates mapped, the remaining historical whole-host attribution obligation is outside the target-artifact/observable-literal gate.;Rule anchor: AGENTS.md observable boundary. Rejected alternative: full function attribution across 47 stripped Mach-O paths/four builds, at high cost without stronger target-artifact assurance. Each historical row has a one-to-one disposition; HOST-ZSTD retains L1-FEAT-ZSTD GAP evidence instead of a nonexistent V2 group pointer.
P3F-CLOSURE-0459	L2-REG-CC1-OURS-DATAC	HOST-MACHO-UNRESOLVED-REGION	tmp/phase3c-evidence/binary-region-ledger.tsv	host-macho-unresolved-region	Phase 3c region classification=UNRESOLVED	bind the equivalent V2 interval to terminal feature evidence or rule the pure host interval out of target-artifact/literal gate	RULED-OUT-OF-GATE	tmp/phase3f-evidence/agents/binary-analysis/host-t5/historical-region-disposition.tsv::L2-REG-CC1-OURS-DATAC	tmp/phase3f-evidence/agents/binary-analysis/host-t5/historical-region-disposition.tsv::L2-REG-CC1-OURS-DATAC;tmp/phase3f-evidence/agents/binary-analysis/host-t5/negative-path-disposition.tsv;tmp/phase3f-evidence/agents/binary-analysis/host-t5/host-byte-disposition.tsv;tmp/phase3f-evidence/agents/binary-analysis/host-t5/decision-record.tsv::P3F-T5-HOST-MACHO;tmp/phase3f-evidence/agents/binary-analysis/host-t5/negative-space-candidates.tsv	group=GCC-CC1;side=OURS;path=tmp/toolchain_15.2.0/riscv-gnu-toolchain/output/libexec/gcc/riscv32-wch-elf/15.2.0/cc1;offset=46252032..52609024;closure_event=P3F-EVENT-1860;After all 1,340 functional intervals were terminally adjudicated (748 feature-mapped, 388 host-ABI, 204 host-data) and negative-space candidates mapped, the remaining historical whole-host attribution obligation is outside the target-artifact/observable-literal gate.;Rule anchor: AGENTS.md observable boundary. Rejected alternative: full function attribution across 47 stripped Mach-O paths/four builds, at high cost without stronger target-artifact assurance. Each historical row has a one-to-one disposition; HOST-ZSTD retains L1-FEAT-ZSTD GAP evidence instead of a nonexistent V2 group pointer.
P3F-CLOSURE-0460	L2-REG-CC1-OURS-LINK	HOST-MACHO-UNRESOLVED-REGION	tmp/phase3c-evidence/binary-region-ledger.tsv	host-macho-unresolved-region	Phase 3c region classification=UNRESOLVED	bind the equivalent V2 interval to terminal feature evidence or rule the pure host interval out of target-artifact/literal gate	RULED-OUT-OF-GATE	tmp/phase3f-evidence/agents/binary-analysis/host-t5/historical-region-disposition.tsv::L2-REG-CC1-OURS-LINK	tmp/phase3f-evidence/agents/binary-analysis/host-t5/historical-region-disposition.tsv::L2-REG-CC1-OURS-LINK;tmp/phase3f-evidence/agents/binary-analysis/host-t5/negative-path-disposition.tsv;tmp/phase3f-evidence/agents/binary-analysis/host-t5/host-byte-disposition.tsv;tmp/phase3f-evidence/agents/binary-analysis/host-t5/decision-record.tsv::P3F-T5-HOST-MACHO;tmp/phase3f-evidence/agents/binary-analysis/host-t5/negative-space-candidates.tsv	group=GCC-CC1;side=OURS;path=tmp/toolchain_15.2.0/riscv-gnu-toolchain/output/libexec/gcc/riscv32-wch-elf/15.2.0/cc1;offset=52707328..69806368;closure_event=P3F-EVENT-1861;After all 1,340 functional intervals were terminally adjudicated (748 feature-mapped, 388 host-ABI, 204 host-data) and negative-space candidates mapped, the remaining historical whole-host attribution obligation is outside the target-artifact/observable-literal gate.;Rule anchor: AGENTS.md observable boundary. Rejected alternative: full function attribution across 47 stripped Mach-O paths/four builds, at high cost without stronger target-artifact assurance. Each historical row has a one-to-one disposition; HOST-ZSTD retains L1-FEAT-ZSTD GAP evidence instead of a nonexistent V2 group pointer.
P3F-CLOSURE-0461	L2-REG-CC1-OURS-TEXT	HOST-MACHO-UNRESOLVED-REGION	tmp/phase3c-evidence/binary-region-ledger.tsv	host-macho-unresolved-region	Phase 3c region classification=UNRESOLVED	bind the equivalent V2 interval to terminal feature evidence or rule the pure host interval out of target-artifact/literal gate	RULED-OUT-OF-GATE	tmp/phase3f-evidence/agents/binary-analysis/host-t5/historical-region-disposition.tsv::L2-REG-CC1-OURS-TEXT	tmp/phase3f-evidence/agents/binary-analysis/host-t5/historical-region-disposition.tsv::L2-REG-CC1-OURS-TEXT;tmp/phase3f-evidence/agents/binary-analysis/host-t5/negative-path-disposition.tsv;tmp/phase3f-evidence/agents/binary-analysis/host-t5/host-byte-disposition.tsv;tmp/phase3f-evidence/agents/binary-analysis/host-t5/decision-record.tsv::P3F-T5-HOST-MACHO;tmp/phase3f-evidence/agents/binary-analysis/host-t5/negative-space-candidates.tsv	group=GCC-CC1;side=OURS;path=tmp/toolchain_15.2.0/riscv-gnu-toolchain/output/libexec/gcc/riscv32-wch-elf/15.2.0/cc1;offset=0..46252032;closure_event=P3F-EVENT-1862;After all 1,340 functional intervals were terminally adjudicated (748 feature-mapped, 388 host-ABI, 204 host-data) and negative-space candidates mapped, the remaining historical whole-host attribution obligation is outside the target-artifact/observable-literal gate.;Rule anchor: AGENTS.md observable boundary. Rejected alternative: full function attribution across 47 stripped Mach-O paths/four builds, at high cost without stronger target-artifact assurance. Each historical row has a one-to-one disposition; HOST-ZSTD retains L1-FEAT-ZSTD GAP evidence instead of a nonexistent V2 group pointer.
P3F-CLOSURE-0462	L2-REG-CC1-P2-DATA	HOST-MACHO-UNRESOLVED-REGION	tmp/phase3c-evidence/binary-region-ledger.tsv	host-macho-unresolved-region	Phase 3c region classification=UNRESOLVED	bind the equivalent V2 interval to terminal feature evidence or rule the pure host interval out of target-artifact/literal gate	RULED-OUT-OF-GATE	tmp/phase3f-evidence/agents/binary-analysis/host-t5/historical-region-disposition.tsv::L2-REG-CC1-P2-DATA	tmp/phase3f-evidence/agents/binary-analysis/host-t5/historical-region-disposition.tsv::L2-REG-CC1-P2-DATA;tmp/phase3f-evidence/agents/binary-analysis/host-t5/negative-path-disposition.tsv;tmp/phase3f-evidence/agents/binary-analysis/host-t5/host-byte-disposition.tsv;tmp/phase3f-evidence/agents/binary-analysis/host-t5/decision-record.tsv::P3F-T5-HOST-MACHO;tmp/phase3f-evidence/agents/binary-analysis/host-t5/negative-space-candidates.tsv	group=GCC-CC1;side=UPSTREAM-P2;path=tmp/phase2-evidence/literal-clean/quarantine-toolchain_15.2.0-run1/riscv-gnu-toolchain/output/libexec/gcc/riscv32-wch-elf/15.2.0/cc1;offset=52609024..52707328;closure_event=P3F-EVENT-1863;After all 1,340 functional intervals were terminally adjudicated (748 feature-mapped, 388 host-ABI, 204 host-data) and negative-space candidates mapped, the remaining historical whole-host attribution obligation is outside the target-artifact/observable-literal gate.;Rule anchor: AGENTS.md observable boundary. Rejected alternative: full function attribution across 47 stripped Mach-O paths/four builds, at high cost without stronger target-artifact assurance. Each historical row has a one-to-one disposition; HOST-ZSTD retains L1-FEAT-ZSTD GAP evidence instead of a nonexistent V2 group pointer.
P3F-CLOSURE-0463	L2-REG-CC1-P2-DATAC	HOST-MACHO-UNRESOLVED-REGION	tmp/phase3c-evidence/binary-region-ledger.tsv	host-macho-unresolved-region	Phase 3c region classification=UNRESOLVED	bind the equivalent V2 interval to terminal feature evidence or rule the pure host interval out of target-artifact/literal gate	RULED-OUT-OF-GATE	tmp/phase3f-evidence/agents/binary-analysis/host-t5/historical-region-disposition.tsv::L2-REG-CC1-P2-DATAC	tmp/phase3f-evidence/agents/binary-analysis/host-t5/historical-region-disposition.tsv::L2-REG-CC1-P2-DATAC;tmp/phase3f-evidence/agents/binary-analysis/host-t5/negative-path-disposition.tsv;tmp/phase3f-evidence/agents/binary-analysis/host-t5/host-byte-disposition.tsv;tmp/phase3f-evidence/agents/binary-analysis/host-t5/decision-record.tsv::P3F-T5-HOST-MACHO;tmp/phase3f-evidence/agents/binary-analysis/host-t5/negative-space-candidates.tsv	group=GCC-CC1;side=UPSTREAM-P2;path=tmp/phase2-evidence/literal-clean/quarantine-toolchain_15.2.0-run1/riscv-gnu-toolchain/output/libexec/gcc/riscv32-wch-elf/15.2.0/cc1;offset=46252032..52609024;closure_event=P3F-EVENT-1864;After all 1,340 functional intervals were terminally adjudicated (748 feature-mapped, 388 host-ABI, 204 host-data) and negative-space candidates mapped, the remaining historical whole-host attribution obligation is outside the target-artifact/observable-literal gate.;Rule anchor: AGENTS.md observable boundary. Rejected alternative: full function attribution across 47 stripped Mach-O paths/four builds, at high cost without stronger target-artifact assurance. Each historical row has a one-to-one disposition; HOST-ZSTD retains L1-FEAT-ZSTD GAP evidence instead of a nonexistent V2 group pointer.
P3F-CLOSURE-0464	L2-REG-CC1-P2-LINK	HOST-MACHO-UNRESOLVED-REGION	tmp/phase3c-evidence/binary-region-ledger.tsv	host-macho-unresolved-region	Phase 3c region classification=UNRESOLVED	bind the equivalent V2 interval to terminal feature evidence or rule the pure host interval out of target-artifact/literal gate	RULED-OUT-OF-GATE	tmp/phase3f-evidence/agents/binary-analysis/host-t5/historical-region-disposition.tsv::L2-REG-CC1-P2-LINK	tmp/phase3f-evidence/agents/binary-analysis/host-t5/historical-region-disposition.tsv::L2-REG-CC1-P2-LINK;tmp/phase3f-evidence/agents/binary-analysis/host-t5/negative-path-disposition.tsv;tmp/phase3f-evidence/agents/binary-analysis/host-t5/host-byte-disposition.tsv;tmp/phase3f-evidence/agents/binary-analysis/host-t5/decision-record.tsv::P3F-T5-HOST-MACHO;tmp/phase3f-evidence/agents/binary-analysis/host-t5/negative-space-candidates.tsv	group=GCC-CC1;side=UPSTREAM-P2;path=tmp/phase2-evidence/literal-clean/quarantine-toolchain_15.2.0-run1/riscv-gnu-toolchain/output/libexec/gcc/riscv32-wch-elf/15.2.0/cc1;offset=52707328..69806352;closure_event=P3F-EVENT-1865;After all 1,340 functional intervals were terminally adjudicated (748 feature-mapped, 388 host-ABI, 204 host-data) and negative-space candidates mapped, the remaining historical whole-host attribution obligation is outside the target-artifact/observable-literal gate.;Rule anchor: AGENTS.md observable boundary. Rejected alternative: full function attribution across 47 stripped Mach-O paths/four builds, at high cost without stronger target-artifact assurance. Each historical row has a one-to-one disposition; HOST-ZSTD retains L1-FEAT-ZSTD GAP evidence instead of a nonexistent V2 group pointer.
P3F-CLOSURE-0465	L2-REG-CC1-P2-TEXT	HOST-MACHO-UNRESOLVED-REGION	tmp/phase3c-evidence/binary-region-ledger.tsv	host-macho-unresolved-region	Phase 3c region classification=UNRESOLVED	bind the equivalent V2 interval to terminal feature evidence or rule the pure host interval out of target-artifact/literal gate	RULED-OUT-OF-GATE	tmp/phase3f-evidence/agents/binary-analysis/host-t5/historical-region-disposition.tsv::L2-REG-CC1-P2-TEXT	tmp/phase3f-evidence/agents/binary-analysis/host-t5/historical-region-disposition.tsv::L2-REG-CC1-P2-TEXT;tmp/phase3f-evidence/agents/binary-analysis/host-t5/negative-path-disposition.tsv;tmp/phase3f-evidence/agents/binary-analysis/host-t5/host-byte-disposition.tsv;tmp/phase3f-evidence/agents/binary-analysis/host-t5/decision-record.tsv::P3F-T5-HOST-MACHO;tmp/phase3f-evidence/agents/binary-analysis/host-t5/negative-space-candidates.tsv	group=GCC-CC1;side=UPSTREAM-P2;path=tmp/phase2-evidence/literal-clean/quarantine-toolchain_15.2.0-run1/riscv-gnu-toolchain/output/libexec/gcc/riscv32-wch-elf/15.2.0/cc1;offset=0..46252032;closure_event=P3F-EVENT-1866;After all 1,340 functional intervals were terminally adjudicated (748 feature-mapped, 388 host-ABI, 204 host-data) and negative-space candidates mapped, the remaining historical whole-host attribution obligation is outside the target-artifact/observable-literal gate.;Rule anchor: AGENTS.md observable boundary. Rejected alternative: full function attribution across 47 stripped Mach-O paths/four builds, at high cost without stronger target-artifact assurance. Each historical row has a one-to-one disposition; HOST-ZSTD retains L1-FEAT-ZSTD GAP evidence instead of a nonexistent V2 group pointer.
P3F-CLOSURE-0466	L2-REG-CC1-WCH-DATA	HOST-MACHO-UNRESOLVED-REGION	tmp/phase3c-evidence/binary-region-ledger.tsv	host-macho-unresolved-region	Phase 3c region classification=UNRESOLVED	bind the equivalent V2 interval to terminal feature evidence or rule the pure host interval out of target-artifact/literal gate	RULED-OUT-OF-GATE	tmp/phase3f-evidence/agents/binary-analysis/host-t5/historical-region-disposition.tsv::L2-REG-CC1-WCH-DATA	tmp/phase3f-evidence/agents/binary-analysis/host-t5/historical-region-disposition.tsv::L2-REG-CC1-WCH-DATA;tmp/phase3f-evidence/agents/binary-analysis/host-t5/negative-path-disposition.tsv;tmp/phase3f-evidence/agents/binary-analysis/host-t5/host-byte-disposition.tsv;tmp/phase3f-evidence/agents/binary-analysis/host-t5/decision-record.tsv::P3F-T5-HOST-MACHO;tmp/phase3f-evidence/agents/binary-analysis/host-t5/negative-space-candidates.tsv	group=GCC-CC1;side=WCH;path=ref/gcc/darwin-arm64/15.2.0/libexec/gcc/riscv32-wch-elf/15.2.0/cc1;offset=52936704..53035008;closure_event=P3F-EVENT-1867;After all 1,340 functional intervals were terminally adjudicated (748 feature-mapped, 388 host-ABI, 204 host-data) and negative-space candidates mapped, the remaining historical whole-host attribution obligation is outside the target-artifact/observable-literal gate.;Rule anchor: AGENTS.md observable boundary. Rejected alternative: full function attribution across 47 stripped Mach-O paths/four builds, at high cost without stronger target-artifact assurance. Each historical row has a one-to-one disposition; HOST-ZSTD retains L1-FEAT-ZSTD GAP evidence instead of a nonexistent V2 group pointer.
P3F-CLOSURE-0467	L2-REG-CC1-WCH-DATAC	HOST-MACHO-UNRESOLVED-REGION	tmp/phase3c-evidence/binary-region-ledger.tsv	host-macho-unresolved-region	Phase 3c region classification=UNRESOLVED	bind the equivalent V2 interval to terminal feature evidence or rule the pure host interval out of target-artifact/literal gate	RULED-OUT-OF-GATE	tmp/phase3f-evidence/agents/binary-analysis/host-t5/historical-region-disposition.tsv::L2-REG-CC1-WCH-DATAC	tmp/phase3f-evidence/agents/binary-analysis/host-t5/historical-region-disposition.tsv::L2-REG-CC1-WCH-DATAC;tmp/phase3f-evidence/agents/binary-analysis/host-t5/negative-path-disposition.tsv;tmp/phase3f-evidence/agents/binary-analysis/host-t5/host-byte-disposition.tsv;tmp/phase3f-evidence/agents/binary-analysis/host-t5/decision-record.tsv::P3F-T5-HOST-MACHO;tmp/phase3f-evidence/agents/binary-analysis/host-t5/negative-space-candidates.tsv	group=GCC-CC1;side=WCH;path=ref/gcc/darwin-arm64/15.2.0/libexec/gcc/riscv32-wch-elf/15.2.0/cc1;offset=46579712..52936704;closure_event=P3F-EVENT-1868;After all 1,340 functional intervals were terminally adjudicated (748 feature-mapped, 388 host-ABI, 204 host-data) and negative-space candidates mapped, the remaining historical whole-host attribution obligation is outside the target-artifact/observable-literal gate.;Rule anchor: AGENTS.md observable boundary. Rejected alternative: full function attribution across 47 stripped Mach-O paths/four builds, at high cost without stronger target-artifact assurance. Each historical row has a one-to-one disposition; HOST-ZSTD retains L1-FEAT-ZSTD GAP evidence instead of a nonexistent V2 group pointer.
P3F-CLOSURE-0468	L2-REG-CC1-WCH-LINK	HOST-MACHO-UNRESOLVED-REGION	tmp/phase3c-evidence/binary-region-ledger.tsv	host-macho-unresolved-region	Phase 3c region classification=UNRESOLVED	bind the equivalent V2 interval to terminal feature evidence or rule the pure host interval out of target-artifact/literal gate	RULED-OUT-OF-GATE	tmp/phase3f-evidence/agents/binary-analysis/host-t5/historical-region-disposition.tsv::L2-REG-CC1-WCH-LINK	tmp/phase3f-evidence/agents/binary-analysis/host-t5/historical-region-disposition.tsv::L2-REG-CC1-WCH-LINK;tmp/phase3f-evidence/agents/binary-analysis/host-t5/negative-path-disposition.tsv;tmp/phase3f-evidence/agents/binary-analysis/host-t5/host-byte-disposition.tsv;tmp/phase3f-evidence/agents/binary-analysis/host-t5/decision-record.tsv::P3F-T5-HOST-MACHO;tmp/phase3f-evidence/agents/binary-analysis/host-t5/negative-space-candidates.tsv	group=GCC-CC1;side=WCH;path=ref/gcc/darwin-arm64/15.2.0/libexec/gcc/riscv32-wch-elf/15.2.0/cc1;offset=53035008..56859168;closure_event=P3F-EVENT-1869;After all 1,340 functional intervals were terminally adjudicated (748 feature-mapped, 388 host-ABI, 204 host-data) and negative-space candidates mapped, the remaining historical whole-host attribution obligation is outside the target-artifact/observable-literal gate.;Rule anchor: AGENTS.md observable boundary. Rejected alternative: full function attribution across 47 stripped Mach-O paths/four builds, at high cost without stronger target-artifact assurance. Each historical row has a one-to-one disposition; HOST-ZSTD retains L1-FEAT-ZSTD GAP evidence instead of a nonexistent V2 group pointer.
P3F-CLOSURE-0469	L2-REG-CC1-WCH-TEXT	HOST-MACHO-UNRESOLVED-REGION	tmp/phase3c-evidence/binary-region-ledger.tsv	host-macho-unresolved-region	Phase 3c region classification=UNRESOLVED	bind the equivalent V2 interval to terminal feature evidence or rule the pure host interval out of target-artifact/literal gate	RULED-OUT-OF-GATE	tmp/phase3f-evidence/agents/binary-analysis/host-t5/historical-region-disposition.tsv::L2-REG-CC1-WCH-TEXT	tmp/phase3f-evidence/agents/binary-analysis/host-t5/historical-region-disposition.tsv::L2-REG-CC1-WCH-TEXT;tmp/phase3f-evidence/agents/binary-analysis/host-t5/negative-path-disposition.tsv;tmp/phase3f-evidence/agents/binary-analysis/host-t5/host-byte-disposition.tsv;tmp/phase3f-evidence/agents/binary-analysis/host-t5/decision-record.tsv::P3F-T5-HOST-MACHO;tmp/phase3f-evidence/agents/binary-analysis/host-t5/negative-space-candidates.tsv	group=GCC-CC1;side=WCH;path=ref/gcc/darwin-arm64/15.2.0/libexec/gcc/riscv32-wch-elf/15.2.0/cc1;offset=0..46579712;closure_event=P3F-EVENT-1870;After all 1,340 functional intervals were terminally adjudicated (748 feature-mapped, 388 host-ABI, 204 host-data) and negative-space candidates mapped, the remaining historical whole-host attribution obligation is outside the target-artifact/observable-literal gate.;Rule anchor: AGENTS.md observable boundary. Rejected alternative: full function attribution across 47 stripped Mach-O paths/four builds, at high cost without stronger target-artifact assurance. Each historical row has a one-to-one disposition; HOST-ZSTD retains L1-FEAT-ZSTD GAP evidence instead of a nonexistent V2 group pointer.
P3F-CLOSURE-0470	L2-REG-CC1P-OURS-DATA	HOST-MACHO-UNRESOLVED-REGION	tmp/phase3c-evidence/binary-region-ledger.tsv	host-macho-unresolved-region	Phase 3c region classification=UNRESOLVED	bind the equivalent V2 interval to terminal feature evidence or rule the pure host interval out of target-artifact/literal gate	RULED-OUT-OF-GATE	tmp/phase3f-evidence/agents/binary-analysis/host-t5/historical-region-disposition.tsv::L2-REG-CC1P-OURS-DATA	tmp/phase3f-evidence/agents/binary-analysis/host-t5/historical-region-disposition.tsv::L2-REG-CC1P-OURS-DATA;tmp/phase3f-evidence/agents/binary-analysis/host-t5/negative-path-disposition.tsv;tmp/phase3f-evidence/agents/binary-analysis/host-t5/host-byte-disposition.tsv;tmp/phase3f-evidence/agents/binary-analysis/host-t5/decision-record.tsv::P3F-T5-HOST-MACHO;tmp/phase3f-evidence/agents/binary-analysis/host-t5/negative-space-candidates.tsv	group=GCC-CC1PLUS;side=OURS;path=tmp/toolchain_15.2.0/riscv-gnu-toolchain/output/libexec/gcc/riscv32-wch-elf/15.2.0/cc1plus;offset=54771712..54870016;closure_event=P3F-EVENT-1871;After all 1,340 functional intervals were terminally adjudicated (748 feature-mapped, 388 host-ABI, 204 host-data) and negative-space candidates mapped, the remaining historical whole-host attribution obligation is outside the target-artifact/observable-literal gate.;Rule anchor: AGENTS.md observable boundary. Rejected alternative: full function attribution across 47 stripped Mach-O paths/four builds, at high cost without stronger target-artifact assurance. Each historical row has a one-to-one disposition; HOST-ZSTD retains L1-FEAT-ZSTD GAP evidence instead of a nonexistent V2 group pointer.
P3F-CLOSURE-0471	L2-REG-CC1P-OURS-DATAC	HOST-MACHO-UNRESOLVED-REGION	tmp/phase3c-evidence/binary-region-ledger.tsv	host-macho-unresolved-region	Phase 3c region classification=UNRESOLVED	bind the equivalent V2 interval to terminal feature evidence or rule the pure host interval out of target-artifact/literal gate	RULED-OUT-OF-GATE	tmp/phase3f-evidence/agents/binary-analysis/host-t5/historical-region-disposition.tsv::L2-REG-CC1P-OURS-DATAC	tmp/phase3f-evidence/agents/binary-analysis/host-t5/historical-region-disposition.tsv::L2-REG-CC1P-OURS-DATAC;tmp/phase3f-evidence/agents/binary-analysis/host-t5/negative-path-disposition.tsv;tmp/phase3f-evidence/agents/binary-analysis/host-t5/host-byte-disposition.tsv;tmp/phase3f-evidence/agents/binary-analysis/host-t5/decision-record.tsv::P3F-T5-HOST-MACHO;tmp/phase3f-evidence/agents/binary-analysis/host-t5/negative-space-candidates.tsv	group=GCC-CC1PLUS;side=OURS;path=tmp/toolchain_15.2.0/riscv-gnu-toolchain/output/libexec/gcc/riscv32-wch-elf/15.2.0/cc1plus;offset=48381952..54771712;closure_event=P3F-EVENT-1872;After all 1,340 functional intervals were terminally adjudicated (748 feature-mapped, 388 host-ABI, 204 host-data) and negative-space candidates mapped, the remaining historical whole-host attribution obligation is outside the target-artifact/observable-literal gate.;Rule anchor: AGENTS.md observable boundary. Rejected alternative: full function attribution across 47 stripped Mach-O paths/four builds, at high cost without stronger target-artifact assurance. Each historical row has a one-to-one disposition; HOST-ZSTD retains L1-FEAT-ZSTD GAP evidence instead of a nonexistent V2 group pointer.
P3F-CLOSURE-0472	L2-REG-CC1P-OURS-LINK	HOST-MACHO-UNRESOLVED-REGION	tmp/phase3c-evidence/binary-region-ledger.tsv	host-macho-unresolved-region	Phase 3c region classification=UNRESOLVED	bind the equivalent V2 interval to terminal feature evidence or rule the pure host interval out of target-artifact/literal gate	RULED-OUT-OF-GATE	tmp/phase3f-evidence/agents/binary-analysis/host-t5/historical-region-disposition.tsv::L2-REG-CC1P-OURS-LINK	tmp/phase3f-evidence/agents/binary-analysis/host-t5/historical-region-disposition.tsv::L2-REG-CC1P-OURS-LINK;tmp/phase3f-evidence/agents/binary-analysis/host-t5/negative-path-disposition.tsv;tmp/phase3f-evidence/agents/binary-analysis/host-t5/host-byte-disposition.tsv;tmp/phase3f-evidence/agents/binary-analysis/host-t5/decision-record.tsv::P3F-T5-HOST-MACHO;tmp/phase3f-evidence/agents/binary-analysis/host-t5/negative-space-candidates.tsv	group=GCC-CC1PLUS;side=OURS;path=tmp/toolchain_15.2.0/riscv-gnu-toolchain/output/libexec/gcc/riscv32-wch-elf/15.2.0/cc1plus;offset=54870016..72555176;closure_event=P3F-EVENT-1873;After all 1,340 functional intervals were terminally adjudicated (748 feature-mapped, 388 host-ABI, 204 host-data) and negative-space candidates mapped, the remaining historical whole-host attribution obligation is outside the target-artifact/observable-literal gate.;Rule anchor: AGENTS.md observable boundary. Rejected alternative: full function attribution across 47 stripped Mach-O paths/four builds, at high cost without stronger target-artifact assurance. Each historical row has a one-to-one disposition; HOST-ZSTD retains L1-FEAT-ZSTD GAP evidence instead of a nonexistent V2 group pointer.
P3F-CLOSURE-0473	L2-REG-CC1P-OURS-TEXT	HOST-MACHO-UNRESOLVED-REGION	tmp/phase3c-evidence/binary-region-ledger.tsv	host-macho-unresolved-region	Phase 3c region classification=UNRESOLVED	bind the equivalent V2 interval to terminal feature evidence or rule the pure host interval out of target-artifact/literal gate	RULED-OUT-OF-GATE	tmp/phase3f-evidence/agents/binary-analysis/host-t5/historical-region-disposition.tsv::L2-REG-CC1P-OURS-TEXT	tmp/phase3f-evidence/agents/binary-analysis/host-t5/historical-region-disposition.tsv::L2-REG-CC1P-OURS-TEXT;tmp/phase3f-evidence/agents/binary-analysis/host-t5/negative-path-disposition.tsv;tmp/phase3f-evidence/agents/binary-analysis/host-t5/host-byte-disposition.tsv;tmp/phase3f-evidence/agents/binary-analysis/host-t5/decision-record.tsv::P3F-T5-HOST-MACHO;tmp/phase3f-evidence/agents/binary-analysis/host-t5/negative-space-candidates.tsv	group=GCC-CC1PLUS;side=OURS;path=tmp/toolchain_15.2.0/riscv-gnu-toolchain/output/libexec/gcc/riscv32-wch-elf/15.2.0/cc1plus;offset=0..48381952;closure_event=P3F-EVENT-1874;After all 1,340 functional intervals were terminally adjudicated (748 feature-mapped, 388 host-ABI, 204 host-data) and negative-space candidates mapped, the remaining historical whole-host attribution obligation is outside the target-artifact/observable-literal gate.;Rule anchor: AGENTS.md observable boundary. Rejected alternative: full function attribution across 47 stripped Mach-O paths/four builds, at high cost without stronger target-artifact assurance. Each historical row has a one-to-one disposition; HOST-ZSTD retains L1-FEAT-ZSTD GAP evidence instead of a nonexistent V2 group pointer.
P3F-CLOSURE-0474	L2-REG-CC1P-P2-DATA	HOST-MACHO-UNRESOLVED-REGION	tmp/phase3c-evidence/binary-region-ledger.tsv	host-macho-unresolved-region	Phase 3c region classification=UNRESOLVED	bind the equivalent V2 interval to terminal feature evidence or rule the pure host interval out of target-artifact/literal gate	RULED-OUT-OF-GATE	tmp/phase3f-evidence/agents/binary-analysis/host-t5/historical-region-disposition.tsv::L2-REG-CC1P-P2-DATA	tmp/phase3f-evidence/agents/binary-analysis/host-t5/historical-region-disposition.tsv::L2-REG-CC1P-P2-DATA;tmp/phase3f-evidence/agents/binary-analysis/host-t5/negative-path-disposition.tsv;tmp/phase3f-evidence/agents/binary-analysis/host-t5/host-byte-disposition.tsv;tmp/phase3f-evidence/agents/binary-analysis/host-t5/decision-record.tsv::P3F-T5-HOST-MACHO;tmp/phase3f-evidence/agents/binary-analysis/host-t5/negative-space-candidates.tsv	group=GCC-CC1PLUS;side=UPSTREAM-P2;path=tmp/phase2-evidence/literal-clean/quarantine-toolchain_15.2.0-run1/riscv-gnu-toolchain/output/libexec/gcc/riscv32-wch-elf/15.2.0/cc1plus;offset=54771712..54870016;closure_event=P3F-EVENT-1875;After all 1,340 functional intervals were terminally adjudicated (748 feature-mapped, 388 host-ABI, 204 host-data) and negative-space candidates mapped, the remaining historical whole-host attribution obligation is outside the target-artifact/observable-literal gate.;Rule anchor: AGENTS.md observable boundary. Rejected alternative: full function attribution across 47 stripped Mach-O paths/four builds, at high cost without stronger target-artifact assurance. Each historical row has a one-to-one disposition; HOST-ZSTD retains L1-FEAT-ZSTD GAP evidence instead of a nonexistent V2 group pointer.
P3F-CLOSURE-0475	L2-REG-CC1P-P2-DATAC	HOST-MACHO-UNRESOLVED-REGION	tmp/phase3c-evidence/binary-region-ledger.tsv	host-macho-unresolved-region	Phase 3c region classification=UNRESOLVED	bind the equivalent V2 interval to terminal feature evidence or rule the pure host interval out of target-artifact/literal gate	RULED-OUT-OF-GATE	tmp/phase3f-evidence/agents/binary-analysis/host-t5/historical-region-disposition.tsv::L2-REG-CC1P-P2-DATAC	tmp/phase3f-evidence/agents/binary-analysis/host-t5/historical-region-disposition.tsv::L2-REG-CC1P-P2-DATAC;tmp/phase3f-evidence/agents/binary-analysis/host-t5/negative-path-disposition.tsv;tmp/phase3f-evidence/agents/binary-analysis/host-t5/host-byte-disposition.tsv;tmp/phase3f-evidence/agents/binary-analysis/host-t5/decision-record.tsv::P3F-T5-HOST-MACHO;tmp/phase3f-evidence/agents/binary-analysis/host-t5/negative-space-candidates.tsv	group=GCC-CC1PLUS;side=UPSTREAM-P2;path=tmp/phase2-evidence/literal-clean/quarantine-toolchain_15.2.0-run1/riscv-gnu-toolchain/output/libexec/gcc/riscv32-wch-elf/15.2.0/cc1plus;offset=48381952..54771712;closure_event=P3F-EVENT-1876;After all 1,340 functional intervals were terminally adjudicated (748 feature-mapped, 388 host-ABI, 204 host-data) and negative-space candidates mapped, the remaining historical whole-host attribution obligation is outside the target-artifact/observable-literal gate.;Rule anchor: AGENTS.md observable boundary. Rejected alternative: full function attribution across 47 stripped Mach-O paths/four builds, at high cost without stronger target-artifact assurance. Each historical row has a one-to-one disposition; HOST-ZSTD retains L1-FEAT-ZSTD GAP evidence instead of a nonexistent V2 group pointer.
P3F-CLOSURE-0476	L2-REG-CC1P-P2-LINK	HOST-MACHO-UNRESOLVED-REGION	tmp/phase3c-evidence/binary-region-ledger.tsv	host-macho-unresolved-region	Phase 3c region classification=UNRESOLVED	bind the equivalent V2 interval to terminal feature evidence or rule the pure host interval out of target-artifact/literal gate	RULED-OUT-OF-GATE	tmp/phase3f-evidence/agents/binary-analysis/host-t5/historical-region-disposition.tsv::L2-REG-CC1P-P2-LINK	tmp/phase3f-evidence/agents/binary-analysis/host-t5/historical-region-disposition.tsv::L2-REG-CC1P-P2-LINK;tmp/phase3f-evidence/agents/binary-analysis/host-t5/negative-path-disposition.tsv;tmp/phase3f-evidence/agents/binary-analysis/host-t5/host-byte-disposition.tsv;tmp/phase3f-evidence/agents/binary-analysis/host-t5/decision-record.tsv::P3F-T5-HOST-MACHO;tmp/phase3f-evidence/agents/binary-analysis/host-t5/negative-space-candidates.tsv	group=GCC-CC1PLUS;side=UPSTREAM-P2;path=tmp/phase2-evidence/literal-clean/quarantine-toolchain_15.2.0-run1/riscv-gnu-toolchain/output/libexec/gcc/riscv32-wch-elf/15.2.0/cc1plus;offset=54870016..72555176;closure_event=P3F-EVENT-1877;After all 1,340 functional intervals were terminally adjudicated (748 feature-mapped, 388 host-ABI, 204 host-data) and negative-space candidates mapped, the remaining historical whole-host attribution obligation is outside the target-artifact/observable-literal gate.;Rule anchor: AGENTS.md observable boundary. Rejected alternative: full function attribution across 47 stripped Mach-O paths/four builds, at high cost without stronger target-artifact assurance. Each historical row has a one-to-one disposition; HOST-ZSTD retains L1-FEAT-ZSTD GAP evidence instead of a nonexistent V2 group pointer.
P3F-CLOSURE-0477	L2-REG-CC1P-P2-TEXT	HOST-MACHO-UNRESOLVED-REGION	tmp/phase3c-evidence/binary-region-ledger.tsv	host-macho-unresolved-region	Phase 3c region classification=UNRESOLVED	bind the equivalent V2 interval to terminal feature evidence or rule the pure host interval out of target-artifact/literal gate	RULED-OUT-OF-GATE	tmp/phase3f-evidence/agents/binary-analysis/host-t5/historical-region-disposition.tsv::L2-REG-CC1P-P2-TEXT	tmp/phase3f-evidence/agents/binary-analysis/host-t5/historical-region-disposition.tsv::L2-REG-CC1P-P2-TEXT;tmp/phase3f-evidence/agents/binary-analysis/host-t5/negative-path-disposition.tsv;tmp/phase3f-evidence/agents/binary-analysis/host-t5/host-byte-disposition.tsv;tmp/phase3f-evidence/agents/binary-analysis/host-t5/decision-record.tsv::P3F-T5-HOST-MACHO;tmp/phase3f-evidence/agents/binary-analysis/host-t5/negative-space-candidates.tsv	group=GCC-CC1PLUS;side=UPSTREAM-P2;path=tmp/phase2-evidence/literal-clean/quarantine-toolchain_15.2.0-run1/riscv-gnu-toolchain/output/libexec/gcc/riscv32-wch-elf/15.2.0/cc1plus;offset=0..48381952;closure_event=P3F-EVENT-1878;After all 1,340 functional intervals were terminally adjudicated (748 feature-mapped, 388 host-ABI, 204 host-data) and negative-space candidates mapped, the remaining historical whole-host attribution obligation is outside the target-artifact/observable-literal gate.;Rule anchor: AGENTS.md observable boundary. Rejected alternative: full function attribution across 47 stripped Mach-O paths/four builds, at high cost without stronger target-artifact assurance. Each historical row has a one-to-one disposition; HOST-ZSTD retains L1-FEAT-ZSTD GAP evidence instead of a nonexistent V2 group pointer.
P3F-CLOSURE-0478	L2-REG-CC1P-WCH-DATA	HOST-MACHO-UNRESOLVED-REGION	tmp/phase3c-evidence/binary-region-ledger.tsv	host-macho-unresolved-region	Phase 3c region classification=UNRESOLVED	bind the equivalent V2 interval to terminal feature evidence or rule the pure host interval out of target-artifact/literal gate	RULED-OUT-OF-GATE	tmp/phase3f-evidence/agents/binary-analysis/host-t5/historical-region-disposition.tsv::L2-REG-CC1P-WCH-DATA	tmp/phase3f-evidence/agents/binary-analysis/host-t5/historical-region-disposition.tsv::L2-REG-CC1P-WCH-DATA;tmp/phase3f-evidence/agents/binary-analysis/host-t5/negative-path-disposition.tsv;tmp/phase3f-evidence/agents/binary-analysis/host-t5/host-byte-disposition.tsv;tmp/phase3f-evidence/agents/binary-analysis/host-t5/decision-record.tsv::P3F-T5-HOST-MACHO;tmp/phase3f-evidence/agents/binary-analysis/host-t5/negative-space-candidates.tsv	group=GCC-CC1PLUS;side=WCH;path=ref/gcc/darwin-arm64/15.2.0/libexec/gcc/riscv32-wch-elf/15.2.0/cc1plus;offset=55083008..55181312;closure_event=P3F-EVENT-1879;After all 1,340 functional intervals were terminally adjudicated (748 feature-mapped, 388 host-ABI, 204 host-data) and negative-space candidates mapped, the remaining historical whole-host attribution obligation is outside the target-artifact/observable-literal gate.;Rule anchor: AGENTS.md observable boundary. Rejected alternative: full function attribution across 47 stripped Mach-O paths/four builds, at high cost without stronger target-artifact assurance. Each historical row has a one-to-one disposition; HOST-ZSTD retains L1-FEAT-ZSTD GAP evidence instead of a nonexistent V2 group pointer.
P3F-CLOSURE-0479	L2-REG-CC1P-WCH-DATAC	HOST-MACHO-UNRESOLVED-REGION	tmp/phase3c-evidence/binary-region-ledger.tsv	host-macho-unresolved-region	Phase 3c region classification=UNRESOLVED	bind the equivalent V2 interval to terminal feature evidence or rule the pure host interval out of target-artifact/literal gate	RULED-OUT-OF-GATE	tmp/phase3f-evidence/agents/binary-analysis/host-t5/historical-region-disposition.tsv::L2-REG-CC1P-WCH-DATAC	tmp/phase3f-evidence/agents/binary-analysis/host-t5/historical-region-disposition.tsv::L2-REG-CC1P-WCH-DATAC;tmp/phase3f-evidence/agents/binary-analysis/host-t5/negative-path-disposition.tsv;tmp/phase3f-evidence/agents/binary-analysis/host-t5/host-byte-disposition.tsv;tmp/phase3f-evidence/agents/binary-analysis/host-t5/decision-record.tsv::P3F-T5-HOST-MACHO;tmp/phase3f-evidence/agents/binary-analysis/host-t5/negative-space-candidates.tsv	group=GCC-CC1PLUS;side=WCH;path=ref/gcc/darwin-arm64/15.2.0/libexec/gcc/riscv32-wch-elf/15.2.0/cc1plus;offset=48693248..55083008;closure_event=P3F-EVENT-1880;After all 1,340 functional intervals were terminally adjudicated (748 feature-mapped, 388 host-ABI, 204 host-data) and negative-space candidates mapped, the remaining historical whole-host attribution obligation is outside the target-artifact/observable-literal gate.;Rule anchor: AGENTS.md observable boundary. Rejected alternative: full function attribution across 47 stripped Mach-O paths/four builds, at high cost without stronger target-artifact assurance. Each historical row has a one-to-one disposition; HOST-ZSTD retains L1-FEAT-ZSTD GAP evidence instead of a nonexistent V2 group pointer.
P3F-CLOSURE-0480	L2-REG-CC1P-WCH-LINK	HOST-MACHO-UNRESOLVED-REGION	tmp/phase3c-evidence/binary-region-ledger.tsv	host-macho-unresolved-region	Phase 3c region classification=UNRESOLVED	bind the equivalent V2 interval to terminal feature evidence or rule the pure host interval out of target-artifact/literal gate	RULED-OUT-OF-GATE	tmp/phase3f-evidence/agents/binary-analysis/host-t5/historical-region-disposition.tsv::L2-REG-CC1P-WCH-LINK	tmp/phase3f-evidence/agents/binary-analysis/host-t5/historical-region-disposition.tsv::L2-REG-CC1P-WCH-LINK;tmp/phase3f-evidence/agents/binary-analysis/host-t5/negative-path-disposition.tsv;tmp/phase3f-evidence/agents/binary-analysis/host-t5/host-byte-disposition.tsv;tmp/phase3f-evidence/agents/binary-analysis/host-t5/decision-record.tsv::P3F-T5-HOST-MACHO;tmp/phase3f-evidence/agents/binary-analysis/host-t5/negative-space-candidates.tsv	group=GCC-CC1PLUS;side=WCH;path=ref/gcc/darwin-arm64/15.2.0/libexec/gcc/riscv32-wch-elf/15.2.0/cc1plus;offset=55181312..59140880;closure_event=P3F-EVENT-1881;After all 1,340 functional intervals were terminally adjudicated (748 feature-mapped, 388 host-ABI, 204 host-data) and negative-space candidates mapped, the remaining historical whole-host attribution obligation is outside the target-artifact/observable-literal gate.;Rule anchor: AGENTS.md observable boundary. Rejected alternative: full function attribution across 47 stripped Mach-O paths/four builds, at high cost without stronger target-artifact assurance. Each historical row has a one-to-one disposition; HOST-ZSTD retains L1-FEAT-ZSTD GAP evidence instead of a nonexistent V2 group pointer.
P3F-CLOSURE-0481	L2-REG-CC1P-WCH-TEXT	HOST-MACHO-UNRESOLVED-REGION	tmp/phase3c-evidence/binary-region-ledger.tsv	host-macho-unresolved-region	Phase 3c region classification=UNRESOLVED	bind the equivalent V2 interval to terminal feature evidence or rule the pure host interval out of target-artifact/literal gate	RULED-OUT-OF-GATE	tmp/phase3f-evidence/agents/binary-analysis/host-t5/historical-region-disposition.tsv::L2-REG-CC1P-WCH-TEXT	tmp/phase3f-evidence/agents/binary-analysis/host-t5/historical-region-disposition.tsv::L2-REG-CC1P-WCH-TEXT;tmp/phase3f-evidence/agents/binary-analysis/host-t5/negative-path-disposition.tsv;tmp/phase3f-evidence/agents/binary-analysis/host-t5/host-byte-disposition.tsv;tmp/phase3f-evidence/agents/binary-analysis/host-t5/decision-record.tsv::P3F-T5-HOST-MACHO;tmp/phase3f-evidence/agents/binary-analysis/host-t5/negative-space-candidates.tsv	group=GCC-CC1PLUS;side=WCH;path=ref/gcc/darwin-arm64/15.2.0/libexec/gcc/riscv32-wch-elf/15.2.0/cc1plus;offset=0..48693248;closure_event=P3F-EVENT-1882;After all 1,340 functional intervals were terminally adjudicated (748 feature-mapped, 388 host-ABI, 204 host-data) and negative-space candidates mapped, the remaining historical whole-host attribution obligation is outside the target-artifact/observable-literal gate.;Rule anchor: AGENTS.md observable boundary. Rejected alternative: full function attribution across 47 stripped Mach-O paths/four builds, at high cost without stronger target-artifact assurance. Each historical row has a one-to-one disposition; HOST-ZSTD retains L1-FEAT-ZSTD GAP evidence instead of a nonexistent V2 group pointer.
P3F-CLOSURE-0482	L2-REG-LTO-OURS-DATA	HOST-MACHO-UNRESOLVED-REGION	tmp/phase3c-evidence/binary-region-ledger.tsv	host-macho-unresolved-region	Phase 3c region classification=UNRESOLVED	bind the equivalent V2 interval to terminal feature evidence or rule the pure host interval out of target-artifact/literal gate	RULED-OUT-OF-GATE	tmp/phase3f-evidence/agents/binary-analysis/host-t5/historical-region-disposition.tsv::L2-REG-LTO-OURS-DATA	tmp/phase3f-evidence/agents/binary-analysis/host-t5/historical-region-disposition.tsv::L2-REG-LTO-OURS-DATA;tmp/phase3f-evidence/agents/binary-analysis/host-t5/negative-path-disposition.tsv;tmp/phase3f-evidence/agents/binary-analysis/host-t5/host-byte-disposition.tsv;tmp/phase3f-evidence/agents/binary-analysis/host-t5/decision-record.tsv::P3F-T5-HOST-MACHO;tmp/phase3f-evidence/agents/binary-analysis/host-t5/negative-space-candidates.tsv	group=GCC-LTO1;side=OURS;path=tmp/toolchain_15.2.0/riscv-gnu-toolchain/output/libexec/gcc/riscv32-wch-elf/15.2.0/lto1;offset=51478528..51576832;closure_event=P3F-EVENT-1883;After all 1,340 functional intervals were terminally adjudicated (748 feature-mapped, 388 host-ABI, 204 host-data) and negative-space candidates mapped, the remaining historical whole-host attribution obligation is outside the target-artifact/observable-literal gate.;Rule anchor: AGENTS.md observable boundary. Rejected alternative: full function attribution across 47 stripped Mach-O paths/four builds, at high cost without stronger target-artifact assurance. Each historical row has a one-to-one disposition; HOST-ZSTD retains L1-FEAT-ZSTD GAP evidence instead of a nonexistent V2 group pointer.
P3F-CLOSURE-0483	L2-REG-LTO-OURS-DATAC	HOST-MACHO-UNRESOLVED-REGION	tmp/phase3c-evidence/binary-region-ledger.tsv	host-macho-unresolved-region	Phase 3c region classification=UNRESOLVED	bind the equivalent V2 interval to terminal feature evidence or rule the pure host interval out of target-artifact/literal gate	RULED-OUT-OF-GATE	tmp/phase3f-evidence/agents/binary-analysis/host-t5/historical-region-disposition.tsv::L2-REG-LTO-OURS-DATAC	tmp/phase3f-evidence/agents/binary-analysis/host-t5/historical-region-disposition.tsv::L2-REG-LTO-OURS-DATAC;tmp/phase3f-evidence/agents/binary-analysis/host-t5/negative-path-disposition.tsv;tmp/phase3f-evidence/agents/binary-analysis/host-t5/host-byte-disposition.tsv;tmp/phase3f-evidence/agents/binary-analysis/host-t5/decision-record.tsv::P3F-T5-HOST-MACHO;tmp/phase3f-evidence/agents/binary-analysis/host-t5/negative-space-candidates.tsv	group=GCC-LTO1;side=OURS;path=tmp/toolchain_15.2.0/riscv-gnu-toolchain/output/libexec/gcc/riscv32-wch-elf/15.2.0/lto1;offset=45252608..51478528;closure_event=P3F-EVENT-1884;After all 1,340 functional intervals were terminally adjudicated (748 feature-mapped, 388 host-ABI, 204 host-data) and negative-space candidates mapped, the remaining historical whole-host attribution obligation is outside the target-artifact/observable-literal gate.;Rule anchor: AGENTS.md observable boundary. Rejected alternative: full function attribution across 47 stripped Mach-O paths/four builds, at high cost without stronger target-artifact assurance. Each historical row has a one-to-one disposition; HOST-ZSTD retains L1-FEAT-ZSTD GAP evidence instead of a nonexistent V2 group pointer.
P3F-CLOSURE-0484	L2-REG-LTO-OURS-LINK	HOST-MACHO-UNRESOLVED-REGION	tmp/phase3c-evidence/binary-region-ledger.tsv	host-macho-unresolved-region	Phase 3c region classification=UNRESOLVED	bind the equivalent V2 interval to terminal feature evidence or rule the pure host interval out of target-artifact/literal gate	RULED-OUT-OF-GATE	tmp/phase3f-evidence/agents/binary-analysis/host-t5/historical-region-disposition.tsv::L2-REG-LTO-OURS-LINK	tmp/phase3f-evidence/agents/binary-analysis/host-t5/historical-region-disposition.tsv::L2-REG-LTO-OURS-LINK;tmp/phase3f-evidence/agents/binary-analysis/host-t5/negative-path-disposition.tsv;tmp/phase3f-evidence/agents/binary-analysis/host-t5/host-byte-disposition.tsv;tmp/phase3f-evidence/agents/binary-analysis/host-t5/decision-record.tsv::P3F-T5-HOST-MACHO;tmp/phase3f-evidence/agents/binary-analysis/host-t5/negative-space-candidates.tsv	group=GCC-LTO1;side=OURS;path=tmp/toolchain_15.2.0/riscv-gnu-toolchain/output/libexec/gcc/riscv32-wch-elf/15.2.0/lto1;offset=51576832..68401752;closure_event=P3F-EVENT-1885;After all 1,340 functional intervals were terminally adjudicated (748 feature-mapped, 388 host-ABI, 204 host-data) and negative-space candidates mapped, the remaining historical whole-host attribution obligation is outside the target-artifact/observable-literal gate.;Rule anchor: AGENTS.md observable boundary. Rejected alternative: full function attribution across 47 stripped Mach-O paths/four builds, at high cost without stronger target-artifact assurance. Each historical row has a one-to-one disposition; HOST-ZSTD retains L1-FEAT-ZSTD GAP evidence instead of a nonexistent V2 group pointer.
P3F-CLOSURE-0485	L2-REG-LTO-OURS-TEXT	HOST-MACHO-UNRESOLVED-REGION	tmp/phase3c-evidence/binary-region-ledger.tsv	host-macho-unresolved-region	Phase 3c region classification=UNRESOLVED	bind the equivalent V2 interval to terminal feature evidence or rule the pure host interval out of target-artifact/literal gate	RULED-OUT-OF-GATE	tmp/phase3f-evidence/agents/binary-analysis/host-t5/historical-region-disposition.tsv::L2-REG-LTO-OURS-TEXT	tmp/phase3f-evidence/agents/binary-analysis/host-t5/historical-region-disposition.tsv::L2-REG-LTO-OURS-TEXT;tmp/phase3f-evidence/agents/binary-analysis/host-t5/negative-path-disposition.tsv;tmp/phase3f-evidence/agents/binary-analysis/host-t5/host-byte-disposition.tsv;tmp/phase3f-evidence/agents/binary-analysis/host-t5/decision-record.tsv::P3F-T5-HOST-MACHO;tmp/phase3f-evidence/agents/binary-analysis/host-t5/negative-space-candidates.tsv	group=GCC-LTO1;side=OURS;path=tmp/toolchain_15.2.0/riscv-gnu-toolchain/output/libexec/gcc/riscv32-wch-elf/15.2.0/lto1;offset=0..45252608;closure_event=P3F-EVENT-1886;After all 1,340 functional intervals were terminally adjudicated (748 feature-mapped, 388 host-ABI, 204 host-data) and negative-space candidates mapped, the remaining historical whole-host attribution obligation is outside the target-artifact/observable-literal gate.;Rule anchor: AGENTS.md observable boundary. Rejected alternative: full function attribution across 47 stripped Mach-O paths/four builds, at high cost without stronger target-artifact assurance. Each historical row has a one-to-one disposition; HOST-ZSTD retains L1-FEAT-ZSTD GAP evidence instead of a nonexistent V2 group pointer.
P3F-CLOSURE-0486	L2-REG-LTO-P2-DATA	HOST-MACHO-UNRESOLVED-REGION	tmp/phase3c-evidence/binary-region-ledger.tsv	host-macho-unresolved-region	Phase 3c region classification=UNRESOLVED	bind the equivalent V2 interval to terminal feature evidence or rule the pure host interval out of target-artifact/literal gate	RULED-OUT-OF-GATE	tmp/phase3f-evidence/agents/binary-analysis/host-t5/historical-region-disposition.tsv::L2-REG-LTO-P2-DATA	tmp/phase3f-evidence/agents/binary-analysis/host-t5/historical-region-disposition.tsv::L2-REG-LTO-P2-DATA;tmp/phase3f-evidence/agents/binary-analysis/host-t5/negative-path-disposition.tsv;tmp/phase3f-evidence/agents/binary-analysis/host-t5/host-byte-disposition.tsv;tmp/phase3f-evidence/agents/binary-analysis/host-t5/decision-record.tsv::P3F-T5-HOST-MACHO;tmp/phase3f-evidence/agents/binary-analysis/host-t5/negative-space-candidates.tsv	group=GCC-LTO1;side=UPSTREAM-P2;path=tmp/phase2-evidence/literal-clean/quarantine-toolchain_15.2.0-run1/riscv-gnu-toolchain/output/libexec/gcc/riscv32-wch-elf/15.2.0/lto1;offset=51478528..51576832;closure_event=P3F-EVENT-1887;After all 1,340 functional intervals were terminally adjudicated (748 feature-mapped, 388 host-ABI, 204 host-data) and negative-space candidates mapped, the remaining historical whole-host attribution obligation is outside the target-artifact/observable-literal gate.;Rule anchor: AGENTS.md observable boundary. Rejected alternative: full function attribution across 47 stripped Mach-O paths/four builds, at high cost without stronger target-artifact assurance. Each historical row has a one-to-one disposition; HOST-ZSTD retains L1-FEAT-ZSTD GAP evidence instead of a nonexistent V2 group pointer.
P3F-CLOSURE-0487	L2-REG-LTO-P2-DATAC	HOST-MACHO-UNRESOLVED-REGION	tmp/phase3c-evidence/binary-region-ledger.tsv	host-macho-unresolved-region	Phase 3c region classification=UNRESOLVED	bind the equivalent V2 interval to terminal feature evidence or rule the pure host interval out of target-artifact/literal gate	RULED-OUT-OF-GATE	tmp/phase3f-evidence/agents/binary-analysis/host-t5/historical-region-disposition.tsv::L2-REG-LTO-P2-DATAC	tmp/phase3f-evidence/agents/binary-analysis/host-t5/historical-region-disposition.tsv::L2-REG-LTO-P2-DATAC;tmp/phase3f-evidence/agents/binary-analysis/host-t5/negative-path-disposition.tsv;tmp/phase3f-evidence/agents/binary-analysis/host-t5/host-byte-disposition.tsv;tmp/phase3f-evidence/agents/binary-analysis/host-t5/decision-record.tsv::P3F-T5-HOST-MACHO;tmp/phase3f-evidence/agents/binary-analysis/host-t5/negative-space-candidates.tsv	group=GCC-LTO1;side=UPSTREAM-P2;path=tmp/phase2-evidence/literal-clean/quarantine-toolchain_15.2.0-run1/riscv-gnu-toolchain/output/libexec/gcc/riscv32-wch-elf/15.2.0/lto1;offset=45252608..51478528;closure_event=P3F-EVENT-1888;After all 1,340 functional intervals were terminally adjudicated (748 feature-mapped, 388 host-ABI, 204 host-data) and negative-space candidates mapped, the remaining historical whole-host attribution obligation is outside the target-artifact/observable-literal gate.;Rule anchor: AGENTS.md observable boundary. Rejected alternative: full function attribution across 47 stripped Mach-O paths/four builds, at high cost without stronger target-artifact assurance. Each historical row has a one-to-one disposition; HOST-ZSTD retains L1-FEAT-ZSTD GAP evidence instead of a nonexistent V2 group pointer.
P3F-CLOSURE-0488	L2-REG-LTO-P2-LINK	HOST-MACHO-UNRESOLVED-REGION	tmp/phase3c-evidence/binary-region-ledger.tsv	host-macho-unresolved-region	Phase 3c region classification=UNRESOLVED	bind the equivalent V2 interval to terminal feature evidence or rule the pure host interval out of target-artifact/literal gate	RULED-OUT-OF-GATE	tmp/phase3f-evidence/agents/binary-analysis/host-t5/historical-region-disposition.tsv::L2-REG-LTO-P2-LINK	tmp/phase3f-evidence/agents/binary-analysis/host-t5/historical-region-disposition.tsv::L2-REG-LTO-P2-LINK;tmp/phase3f-evidence/agents/binary-analysis/host-t5/negative-path-disposition.tsv;tmp/phase3f-evidence/agents/binary-analysis/host-t5/host-byte-disposition.tsv;tmp/phase3f-evidence/agents/binary-analysis/host-t5/decision-record.tsv::P3F-T5-HOST-MACHO;tmp/phase3f-evidence/agents/binary-analysis/host-t5/negative-space-candidates.tsv	group=GCC-LTO1;side=UPSTREAM-P2;path=tmp/phase2-evidence/literal-clean/quarantine-toolchain_15.2.0-run1/riscv-gnu-toolchain/output/libexec/gcc/riscv32-wch-elf/15.2.0/lto1;offset=51576832..68401752;closure_event=P3F-EVENT-1889;After all 1,340 functional intervals were terminally adjudicated (748 feature-mapped, 388 host-ABI, 204 host-data) and negative-space candidates mapped, the remaining historical whole-host attribution obligation is outside the target-artifact/observable-literal gate.;Rule anchor: AGENTS.md observable boundary. Rejected alternative: full function attribution across 47 stripped Mach-O paths/four builds, at high cost without stronger target-artifact assurance. Each historical row has a one-to-one disposition; HOST-ZSTD retains L1-FEAT-ZSTD GAP evidence instead of a nonexistent V2 group pointer.
P3F-CLOSURE-0489	L2-REG-LTO-P2-TEXT	HOST-MACHO-UNRESOLVED-REGION	tmp/phase3c-evidence/binary-region-ledger.tsv	host-macho-unresolved-region	Phase 3c region classification=UNRESOLVED	bind the equivalent V2 interval to terminal feature evidence or rule the pure host interval out of target-artifact/literal gate	RULED-OUT-OF-GATE	tmp/phase3f-evidence/agents/binary-analysis/host-t5/historical-region-disposition.tsv::L2-REG-LTO-P2-TEXT	tmp/phase3f-evidence/agents/binary-analysis/host-t5/historical-region-disposition.tsv::L2-REG-LTO-P2-TEXT;tmp/phase3f-evidence/agents/binary-analysis/host-t5/negative-path-disposition.tsv;tmp/phase3f-evidence/agents/binary-analysis/host-t5/host-byte-disposition.tsv;tmp/phase3f-evidence/agents/binary-analysis/host-t5/decision-record.tsv::P3F-T5-HOST-MACHO;tmp/phase3f-evidence/agents/binary-analysis/host-t5/negative-space-candidates.tsv	group=GCC-LTO1;side=UPSTREAM-P2;path=tmp/phase2-evidence/literal-clean/quarantine-toolchain_15.2.0-run1/riscv-gnu-toolchain/output/libexec/gcc/riscv32-wch-elf/15.2.0/lto1;offset=0..45252608;closure_event=P3F-EVENT-1890;After all 1,340 functional intervals were terminally adjudicated (748 feature-mapped, 388 host-ABI, 204 host-data) and negative-space candidates mapped, the remaining historical whole-host attribution obligation is outside the target-artifact/observable-literal gate.;Rule anchor: AGENTS.md observable boundary. Rejected alternative: full function attribution across 47 stripped Mach-O paths/four builds, at high cost without stronger target-artifact assurance. Each historical row has a one-to-one disposition; HOST-ZSTD retains L1-FEAT-ZSTD GAP evidence instead of a nonexistent V2 group pointer.
P3F-CLOSURE-0490	L2-REG-LTO-WCH-DATA	HOST-MACHO-UNRESOLVED-REGION	tmp/phase3c-evidence/binary-region-ledger.tsv	host-macho-unresolved-region	Phase 3c region classification=UNRESOLVED	bind the equivalent V2 interval to terminal feature evidence or rule the pure host interval out of target-artifact/literal gate	RULED-OUT-OF-GATE	tmp/phase3f-evidence/agents/binary-analysis/host-t5/historical-region-disposition.tsv::L2-REG-LTO-WCH-DATA	tmp/phase3f-evidence/agents/binary-analysis/host-t5/historical-region-disposition.tsv::L2-REG-LTO-WCH-DATA;tmp/phase3f-evidence/agents/binary-analysis/host-t5/negative-path-disposition.tsv;tmp/phase3f-evidence/agents/binary-analysis/host-t5/host-byte-disposition.tsv;tmp/phase3f-evidence/agents/binary-analysis/host-t5/decision-record.tsv::P3F-T5-HOST-MACHO;tmp/phase3f-evidence/agents/binary-analysis/host-t5/negative-space-candidates.tsv	group=GCC-LTO1;side=WCH;path=ref/gcc/darwin-arm64/15.2.0/libexec/gcc/riscv32-wch-elf/15.2.0/lto1;offset=51789824..51888128;closure_event=P3F-EVENT-1891;After all 1,340 functional intervals were terminally adjudicated (748 feature-mapped, 388 host-ABI, 204 host-data) and negative-space candidates mapped, the remaining historical whole-host attribution obligation is outside the target-artifact/observable-literal gate.;Rule anchor: AGENTS.md observable boundary. Rejected alternative: full function attribution across 47 stripped Mach-O paths/four builds, at high cost without stronger target-artifact assurance. Each historical row has a one-to-one disposition; HOST-ZSTD retains L1-FEAT-ZSTD GAP evidence instead of a nonexistent V2 group pointer.
P3F-CLOSURE-0491	L2-REG-LTO-WCH-DATAC	HOST-MACHO-UNRESOLVED-REGION	tmp/phase3c-evidence/binary-region-ledger.tsv	host-macho-unresolved-region	Phase 3c region classification=UNRESOLVED	bind the equivalent V2 interval to terminal feature evidence or rule the pure host interval out of target-artifact/literal gate	RULED-OUT-OF-GATE	tmp/phase3f-evidence/agents/binary-analysis/host-t5/historical-region-disposition.tsv::L2-REG-LTO-WCH-DATAC	tmp/phase3f-evidence/agents/binary-analysis/host-t5/historical-region-disposition.tsv::L2-REG-LTO-WCH-DATAC;tmp/phase3f-evidence/agents/binary-analysis/host-t5/negative-path-disposition.tsv;tmp/phase3f-evidence/agents/binary-analysis/host-t5/host-byte-disposition.tsv;tmp/phase3f-evidence/agents/binary-analysis/host-t5/decision-record.tsv::P3F-T5-HOST-MACHO;tmp/phase3f-evidence/agents/binary-analysis/host-t5/negative-space-candidates.tsv	group=GCC-LTO1;side=WCH;path=ref/gcc/darwin-arm64/15.2.0/libexec/gcc/riscv32-wch-elf/15.2.0/lto1;offset=45563904..51789824;closure_event=P3F-EVENT-1892;After all 1,340 functional intervals were terminally adjudicated (748 feature-mapped, 388 host-ABI, 204 host-data) and negative-space candidates mapped, the remaining historical whole-host attribution obligation is outside the target-artifact/observable-literal gate.;Rule anchor: AGENTS.md observable boundary. Rejected alternative: full function attribution across 47 stripped Mach-O paths/four builds, at high cost without stronger target-artifact assurance. Each historical row has a one-to-one disposition; HOST-ZSTD retains L1-FEAT-ZSTD GAP evidence instead of a nonexistent V2 group pointer.
P3F-CLOSURE-0492	L2-REG-LTO-WCH-LINK	HOST-MACHO-UNRESOLVED-REGION	tmp/phase3c-evidence/binary-region-ledger.tsv	host-macho-unresolved-region	Phase 3c region classification=UNRESOLVED	bind the equivalent V2 interval to terminal feature evidence or rule the pure host interval out of target-artifact/literal gate	RULED-OUT-OF-GATE	tmp/phase3f-evidence/agents/binary-analysis/host-t5/historical-region-disposition.tsv::L2-REG-LTO-WCH-LINK	tmp/phase3f-evidence/agents/binary-analysis/host-t5/historical-region-disposition.tsv::L2-REG-LTO-WCH-LINK;tmp/phase3f-evidence/agents/binary-analysis/host-t5/negative-path-disposition.tsv;tmp/phase3f-evidence/agents/binary-analysis/host-t5/host-byte-disposition.tsv;tmp/phase3f-evidence/agents/binary-analysis/host-t5/decision-record.tsv::P3F-T5-HOST-MACHO;tmp/phase3f-evidence/agents/binary-analysis/host-t5/negative-space-candidates.tsv	group=GCC-LTO1;side=WCH;path=ref/gcc/darwin-arm64/15.2.0/libexec/gcc/riscv32-wch-elf/15.2.0/lto1;offset=51888128..55654144;closure_event=P3F-EVENT-1893;After all 1,340 functional intervals were terminally adjudicated (748 feature-mapped, 388 host-ABI, 204 host-data) and negative-space candidates mapped, the remaining historical whole-host attribution obligation is outside the target-artifact/observable-literal gate.;Rule anchor: AGENTS.md observable boundary. Rejected alternative: full function attribution across 47 stripped Mach-O paths/four builds, at high cost without stronger target-artifact assurance. Each historical row has a one-to-one disposition; HOST-ZSTD retains L1-FEAT-ZSTD GAP evidence instead of a nonexistent V2 group pointer.
P3F-CLOSURE-0493	L2-REG-LTO-WCH-TEXT	HOST-MACHO-UNRESOLVED-REGION	tmp/phase3c-evidence/binary-region-ledger.tsv	host-macho-unresolved-region	Phase 3c region classification=UNRESOLVED	bind the equivalent V2 interval to terminal feature evidence or rule the pure host interval out of target-artifact/literal gate	RULED-OUT-OF-GATE	tmp/phase3f-evidence/agents/binary-analysis/host-t5/historical-region-disposition.tsv::L2-REG-LTO-WCH-TEXT	tmp/phase3f-evidence/agents/binary-analysis/host-t5/historical-region-disposition.tsv::L2-REG-LTO-WCH-TEXT;tmp/phase3f-evidence/agents/binary-analysis/host-t5/negative-path-disposition.tsv;tmp/phase3f-evidence/agents/binary-analysis/host-t5/host-byte-disposition.tsv;tmp/phase3f-evidence/agents/binary-analysis/host-t5/decision-record.tsv::P3F-T5-HOST-MACHO;tmp/phase3f-evidence/agents/binary-analysis/host-t5/negative-space-candidates.tsv	group=GCC-LTO1;side=WCH;path=ref/gcc/darwin-arm64/15.2.0/libexec/gcc/riscv32-wch-elf/15.2.0/lto1;offset=0..45563904;closure_event=P3F-EVENT-1894;After all 1,340 functional intervals were terminally adjudicated (748 feature-mapped, 388 host-ABI, 204 host-data) and negative-space candidates mapped, the remaining historical whole-host attribution obligation is outside the target-artifact/observable-literal gate.;Rule anchor: AGENTS.md observable boundary. Rejected alternative: full function attribution across 47 stripped Mach-O paths/four builds, at high cost without stronger target-artifact assurance. Each historical row has a one-to-one disposition; HOST-ZSTD retains L1-FEAT-ZSTD GAP evidence instead of a nonexistent V2 group pointer.
P3F-CLOSURE-0494	L3-REG-MANIFEST-OURS-000	HOST-MACHO-UNRESOLVED-REGION	tmp/phase3c-evidence/binary-region-ledger.tsv	host-macho-unresolved-region	Phase 3c region classification=UNRESOLVED	bind the equivalent V2 interval to terminal feature evidence or rule the pure host interval out of target-artifact/literal gate	RULED-OUT-OF-GATE	tmp/phase3f-evidence/agents/binary-analysis/host-t5/historical-region-disposition.tsv::L3-REG-MANIFEST-OURS-000	tmp/phase3f-evidence/agents/binary-analysis/host-t5/historical-region-disposition.tsv::L3-REG-MANIFEST-OURS-000;tmp/phase3f-evidence/agents/binary-analysis/host-t5/negative-path-disposition.tsv;tmp/phase3f-evidence/agents/binary-analysis/host-t5/host-byte-disposition.tsv;tmp/phase3f-evidence/agents/binary-analysis/host-t5/decision-record.tsv::P3F-T5-HOST-MACHO;tmp/phase3f-evidence/agents/binary-analysis/host-t5/negative-space-candidates.tsv	group=BINUTILS-GAS;side=OURS;path=bin/riscv32-wch-elf-as;offset=0..1727096;closure_event=P3F-EVENT-1895;After all 1,340 functional intervals were terminally adjudicated (748 feature-mapped, 388 host-ABI, 204 host-data) and negative-space candidates mapped, the remaining historical whole-host attribution obligation is outside the target-artifact/observable-literal gate.;Rule anchor: AGENTS.md observable boundary. Rejected alternative: full function attribution across 47 stripped Mach-O paths/four builds, at high cost without stronger target-artifact assurance. Each historical row has a one-to-one disposition; HOST-ZSTD retains L1-FEAT-ZSTD GAP evidence instead of a nonexistent V2 group pointer.
P3F-CLOSURE-0495	L3-REG-MANIFEST-OURS-001	HOST-MACHO-UNRESOLVED-REGION	tmp/phase3c-evidence/binary-region-ledger.tsv	host-macho-unresolved-region	Phase 3c region classification=UNRESOLVED	bind the equivalent V2 interval to terminal feature evidence or rule the pure host interval out of target-artifact/literal gate	RULED-OUT-OF-GATE	tmp/phase3f-evidence/agents/binary-analysis/host-t5/historical-region-disposition.tsv::L3-REG-MANIFEST-OURS-001	tmp/phase3f-evidence/agents/binary-analysis/host-t5/historical-region-disposition.tsv::L3-REG-MANIFEST-OURS-001;tmp/phase3f-evidence/agents/binary-analysis/host-t5/negative-path-disposition.tsv;tmp/phase3f-evidence/agents/binary-analysis/host-t5/host-byte-disposition.tsv;tmp/phase3f-evidence/agents/binary-analysis/host-t5/decision-record.tsv::P3F-T5-HOST-MACHO;tmp/phase3f-evidence/agents/binary-analysis/host-t5/negative-space-candidates.tsv	group=BINUTILS-GAS;side=OURS;path=riscv32-wch-elf/bin/as;offset=0..1727096;closure_event=P3F-EVENT-1896;After all 1,340 functional intervals were terminally adjudicated (748 feature-mapped, 388 host-ABI, 204 host-data) and negative-space candidates mapped, the remaining historical whole-host attribution obligation is outside the target-artifact/observable-literal gate.;Rule anchor: AGENTS.md observable boundary. Rejected alternative: full function attribution across 47 stripped Mach-O paths/four builds, at high cost without stronger target-artifact assurance. Each historical row has a one-to-one disposition; HOST-ZSTD retains L1-FEAT-ZSTD GAP evidence instead of a nonexistent V2 group pointer.
P3F-CLOSURE-0496	L3-REG-MANIFEST-OURS-002	HOST-MACHO-UNRESOLVED-REGION	tmp/phase3c-evidence/binary-region-ledger.tsv	host-macho-unresolved-region	Phase 3c region classification=UNRESOLVED	bind the equivalent V2 interval to terminal feature evidence or rule the pure host interval out of target-artifact/literal gate	RULED-OUT-OF-GATE	tmp/phase3f-evidence/agents/binary-analysis/host-t5/historical-region-disposition.tsv::L3-REG-MANIFEST-OURS-002	tmp/phase3f-evidence/agents/binary-analysis/host-t5/historical-region-disposition.tsv::L3-REG-MANIFEST-OURS-002;tmp/phase3f-evidence/agents/binary-analysis/host-t5/negative-path-disposition.tsv;tmp/phase3f-evidence/agents/binary-analysis/host-t5/host-byte-disposition.tsv;tmp/phase3f-evidence/agents/binary-analysis/host-t5/decision-record.tsv::P3F-T5-HOST-MACHO;tmp/phase3f-evidence/agents/binary-analysis/host-t5/negative-space-candidates.tsv	group=BINUTILS-OBJDUMP;side=OURS;path=bin/riscv32-wch-elf-objdump;offset=0..1959320;closure_event=P3F-EVENT-1897;After all 1,340 functional intervals were terminally adjudicated (748 feature-mapped, 388 host-ABI, 204 host-data) and negative-space candidates mapped, the remaining historical whole-host attribution obligation is outside the target-artifact/observable-literal gate.;Rule anchor: AGENTS.md observable boundary. Rejected alternative: full function attribution across 47 stripped Mach-O paths/four builds, at high cost without stronger target-artifact assurance. Each historical row has a one-to-one disposition; HOST-ZSTD retains L1-FEAT-ZSTD GAP evidence instead of a nonexistent V2 group pointer.
P3F-CLOSURE-0497	L3-REG-MANIFEST-OURS-003	HOST-MACHO-UNRESOLVED-REGION	tmp/phase3c-evidence/binary-region-ledger.tsv	host-macho-unresolved-region	Phase 3c region classification=UNRESOLVED	bind the equivalent V2 interval to terminal feature evidence or rule the pure host interval out of target-artifact/literal gate	RULED-OUT-OF-GATE	tmp/phase3f-evidence/agents/binary-analysis/host-t5/historical-region-disposition.tsv::L3-REG-MANIFEST-OURS-003	tmp/phase3f-evidence/agents/binary-analysis/host-t5/historical-region-disposition.tsv::L3-REG-MANIFEST-OURS-003;tmp/phase3f-evidence/agents/binary-analysis/host-t5/negative-path-disposition.tsv;tmp/phase3f-evidence/agents/binary-analysis/host-t5/host-byte-disposition.tsv;tmp/phase3f-evidence/agents/binary-analysis/host-t5/decision-record.tsv::P3F-T5-HOST-MACHO;tmp/phase3f-evidence/agents/binary-analysis/host-t5/negative-space-candidates.tsv	group=BINUTILS-OBJDUMP;side=OURS;path=riscv32-wch-elf/bin/objdump;offset=0..1959320;closure_event=P3F-EVENT-1898;After all 1,340 functional intervals were terminally adjudicated (748 feature-mapped, 388 host-ABI, 204 host-data) and negative-space candidates mapped, the remaining historical whole-host attribution obligation is outside the target-artifact/observable-literal gate.;Rule anchor: AGENTS.md observable boundary. Rejected alternative: full function attribution across 47 stripped Mach-O paths/four builds, at high cost without stronger target-artifact assurance. Each historical row has a one-to-one disposition; HOST-ZSTD retains L1-FEAT-ZSTD GAP evidence instead of a nonexistent V2 group pointer.
P3F-CLOSURE-0498	L4-REG-02620258102E7A1D	HOST-MACHO-UNRESOLVED-REGION	tmp/phase3c-evidence/binary-region-ledger.tsv	host-macho-unresolved-region	Phase 3c region classification=UNRESOLVED	bind the equivalent V2 interval to terminal feature evidence or rule the pure host interval out of target-artifact/literal gate	RULED-OUT-OF-GATE	tmp/phase3f-evidence/agents/binary-analysis/host-t5/historical-region-disposition.tsv::L4-REG-02620258102E7A1D	tmp/phase3f-evidence/agents/binary-analysis/host-t5/historical-region-disposition.tsv::L4-REG-02620258102E7A1D;tmp/phase3f-evidence/agents/binary-analysis/host-t5/negative-path-disposition.tsv;tmp/phase3f-evidence/agents/binary-analysis/host-t5/host-byte-disposition.tsv;tmp/phase3f-evidence/agents/binary-analysis/host-t5/decision-record.tsv::P3F-T5-HOST-MACHO;tmp/phase3f-evidence/agents/binary-analysis/host-t5/negative-space-candidates.tsv	group=BINUTILS-ARCHIVE;side=OURS;path=bin/riscv32-wch-elf-ar;offset=0..1138704;closure_event=P3F-EVENT-1899;After all 1,340 functional intervals were terminally adjudicated (748 feature-mapped, 388 host-ABI, 204 host-data) and negative-space candidates mapped, the remaining historical whole-host attribution obligation is outside the target-artifact/observable-literal gate.;Rule anchor: AGENTS.md observable boundary. Rejected alternative: full function attribution across 47 stripped Mach-O paths/four builds, at high cost without stronger target-artifact assurance. Each historical row has a one-to-one disposition; HOST-ZSTD retains L1-FEAT-ZSTD GAP evidence instead of a nonexistent V2 group pointer.
P3F-CLOSURE-0499	L4-REG-0451309D6228153E	HOST-MACHO-UNRESOLVED-REGION	tmp/phase3c-evidence/binary-region-ledger.tsv	host-macho-unresolved-region	Phase 3c region classification=UNRESOLVED	bind the equivalent V2 interval to terminal feature evidence or rule the pure host interval out of target-artifact/literal gate	RULED-OUT-OF-GATE	tmp/phase3f-evidence/agents/binary-analysis/host-t5/historical-region-disposition.tsv::L4-REG-0451309D6228153E	tmp/phase3f-evidence/agents/binary-analysis/host-t5/historical-region-disposition.tsv::L4-REG-0451309D6228153E;tmp/phase3f-evidence/agents/binary-analysis/host-t5/negative-path-disposition.tsv;tmp/phase3f-evidence/agents/binary-analysis/host-t5/host-byte-disposition.tsv;tmp/phase3f-evidence/agents/binary-analysis/host-t5/decision-record.tsv::P3F-T5-HOST-MACHO;tmp/phase3f-evidence/agents/binary-analysis/host-t5/negative-space-candidates.tsv	group=BINUTILS-STRIP;side=UPSTREAM-P2;path=riscv32-wch-elf/bin/strip;offset=0..1214616;closure_event=P3F-EVENT-1900;After all 1,340 functional intervals were terminally adjudicated (748 feature-mapped, 388 host-ABI, 204 host-data) and negative-space candidates mapped, the remaining historical whole-host attribution obligation is outside the target-artifact/observable-literal gate.;Rule anchor: AGENTS.md observable boundary. Rejected alternative: full function attribution across 47 stripped Mach-O paths/four builds, at high cost without stronger target-artifact assurance. Each historical row has a one-to-one disposition; HOST-ZSTD retains L1-FEAT-ZSTD GAP evidence instead of a nonexistent V2 group pointer.
P3F-CLOSURE-0500	L4-REG-04A01192811F43AE	HOST-MACHO-UNRESOLVED-REGION	tmp/phase3c-evidence/binary-region-ledger.tsv	host-macho-unresolved-region	Phase 3c region classification=UNRESOLVED	bind the equivalent V2 interval to terminal feature evidence or rule the pure host interval out of target-artifact/literal gate	RULED-OUT-OF-GATE	tmp/phase3f-evidence/agents/binary-analysis/host-t5/historical-region-disposition.tsv::L4-REG-04A01192811F43AE	tmp/phase3f-evidence/agents/binary-analysis/host-t5/historical-region-disposition.tsv::L4-REG-04A01192811F43AE;tmp/phase3f-evidence/agents/binary-analysis/host-t5/negative-path-disposition.tsv;tmp/phase3f-evidence/agents/binary-analysis/host-t5/host-byte-disposition.tsv;tmp/phase3f-evidence/agents/binary-analysis/host-t5/decision-record.tsv::P3F-T5-HOST-MACHO;tmp/phase3f-evidence/agents/binary-analysis/host-t5/negative-space-candidates.tsv	group=BINUTILS-SIZE;side=UPSTREAM-P2;path=bin/riscv32-wch-elf-size;offset=0..1109192;closure_event=P3F-EVENT-1901;After all 1,340 functional intervals were terminally adjudicated (748 feature-mapped, 388 host-ABI, 204 host-data) and negative-space candidates mapped, the remaining historical whole-host attribution obligation is outside the target-artifact/observable-literal gate.;Rule anchor: AGENTS.md observable boundary. Rejected alternative: full function attribution across 47 stripped Mach-O paths/four builds, at high cost without stronger target-artifact assurance. Each historical row has a one-to-one disposition; HOST-ZSTD retains L1-FEAT-ZSTD GAP evidence instead of a nonexistent V2 group pointer.
P3F-CLOSURE-0501	L4-REG-075359D20374690F	HOST-MACHO-UNRESOLVED-REGION	tmp/phase3c-evidence/binary-region-ledger.tsv	host-macho-unresolved-region	Phase 3c region classification=UNRESOLVED	bind the equivalent V2 interval to terminal feature evidence or rule the pure host interval out of target-artifact/literal gate	RULED-OUT-OF-GATE	tmp/phase3f-evidence/agents/binary-analysis/host-t5/historical-region-disposition.tsv::L4-REG-075359D20374690F	tmp/phase3f-evidence/agents/binary-analysis/host-t5/historical-region-disposition.tsv::L4-REG-075359D20374690F;tmp/phase3f-evidence/agents/binary-analysis/host-t5/negative-path-disposition.tsv;tmp/phase3f-evidence/agents/binary-analysis/host-t5/host-byte-disposition.tsv;tmp/phase3f-evidence/agents/binary-analysis/host-t5/decision-record.tsv::P3F-T5-HOST-MACHO;tmp/phase3f-evidence/agents/binary-analysis/host-t5/negative-space-candidates.tsv	group=BINUTILS-GPROF;side=OURS;path=bin/riscv32-wch-elf-gprof;offset=0..1173144;closure_event=P3F-EVENT-1902;After all 1,340 functional intervals were terminally adjudicated (748 feature-mapped, 388 host-ABI, 204 host-data) and negative-space candidates mapped, the remaining historical whole-host attribution obligation is outside the target-artifact/observable-literal gate.;Rule anchor: AGENTS.md observable boundary. Rejected alternative: full function attribution across 47 stripped Mach-O paths/four builds, at high cost without stronger target-artifact assurance. Each historical row has a one-to-one disposition; HOST-ZSTD retains L1-FEAT-ZSTD GAP evidence instead of a nonexistent V2 group pointer.
P3F-CLOSURE-0502	L4-REG-090966E31690C776	HOST-MACHO-UNRESOLVED-REGION	tmp/phase3c-evidence/binary-region-ledger.tsv	host-macho-unresolved-region	Phase 3c region classification=UNRESOLVED	bind the equivalent V2 interval to terminal feature evidence or rule the pure host interval out of target-artifact/literal gate	RULED-OUT-OF-GATE	tmp/phase3f-evidence/agents/binary-analysis/host-t5/historical-region-disposition.tsv::L4-REG-090966E31690C776	tmp/phase3f-evidence/agents/binary-analysis/host-t5/historical-region-disposition.tsv::L4-REG-090966E31690C776;tmp/phase3f-evidence/agents/binary-analysis/host-t5/negative-path-disposition.tsv;tmp/phase3f-evidence/agents/binary-analysis/host-t5/host-byte-disposition.tsv;tmp/phase3f-evidence/agents/binary-analysis/host-t5/decision-record.tsv::P3F-T5-HOST-MACHO;tmp/phase3f-evidence/agents/binary-analysis/host-t5/negative-space-candidates.tsv	group=BINUTILS-GPROF;side=UPSTREAM-MATCHED;path=bin/riscv32-wch-elf-gprof;offset=0..1180408;closure_event=P3F-EVENT-1903;After all 1,340 functional intervals were terminally adjudicated (748 feature-mapped, 388 host-ABI, 204 host-data) and negative-space candidates mapped, the remaining historical whole-host attribution obligation is outside the target-artifact/observable-literal gate.;Rule anchor: AGENTS.md observable boundary. Rejected alternative: full function attribution across 47 stripped Mach-O paths/four builds, at high cost without stronger target-artifact assurance. Each historical row has a one-to-one disposition; HOST-ZSTD retains L1-FEAT-ZSTD GAP evidence instead of a nonexistent V2 group pointer.
P3F-CLOSURE-0503	L4-REG-09A7F83248E17AEC	HOST-MACHO-UNRESOLVED-REGION	tmp/phase3c-evidence/binary-region-ledger.tsv	host-macho-unresolved-region	Phase 3c region classification=UNRESOLVED	bind the equivalent V2 interval to terminal feature evidence or rule the pure host interval out of target-artifact/literal gate	RULED-OUT-OF-GATE	tmp/phase3f-evidence/agents/binary-analysis/host-t5/historical-region-disposition.tsv::L4-REG-09A7F83248E17AEC	tmp/phase3f-evidence/agents/binary-analysis/host-t5/historical-region-disposition.tsv::L4-REG-09A7F83248E17AEC;tmp/phase3f-evidence/agents/binary-analysis/host-t5/negative-path-disposition.tsv;tmp/phase3f-evidence/agents/binary-analysis/host-t5/host-byte-disposition.tsv;tmp/phase3f-evidence/agents/binary-analysis/host-t5/decision-record.tsv::P3F-T5-HOST-MACHO;tmp/phase3f-evidence/agents/binary-analysis/host-t5/negative-space-candidates.tsv	group=BINUTILS-NM;side=UPSTREAM-P2;path=riscv32-wch-elf/bin/nm;offset=0..1113688;closure_event=P3F-EVENT-1904;After all 1,340 functional intervals were terminally adjudicated (748 feature-mapped, 388 host-ABI, 204 host-data) and negative-space candidates mapped, the remaining historical whole-host attribution obligation is outside the target-artifact/observable-literal gate.;Rule anchor: AGENTS.md observable boundary. Rejected alternative: full function attribution across 47 stripped Mach-O paths/four builds, at high cost without stronger target-artifact assurance. Each historical row has a one-to-one disposition; HOST-ZSTD retains L1-FEAT-ZSTD GAP evidence instead of a nonexistent V2 group pointer.
P3F-CLOSURE-0504	L4-REG-0A17B782782836AA	HOST-MACHO-UNRESOLVED-REGION	tmp/phase3c-evidence/binary-region-ledger.tsv	host-macho-unresolved-region	Phase 3c region classification=UNRESOLVED	bind the equivalent V2 interval to terminal feature evidence or rule the pure host interval out of target-artifact/literal gate	RULED-OUT-OF-GATE	tmp/phase3f-evidence/agents/binary-analysis/host-t5/historical-region-disposition.tsv::L4-REG-0A17B782782836AA	tmp/phase3f-evidence/agents/binary-analysis/host-t5/historical-region-disposition.tsv::L4-REG-0A17B782782836AA;tmp/phase3f-evidence/agents/binary-analysis/host-t5/negative-path-disposition.tsv;tmp/phase3f-evidence/agents/binary-analysis/host-t5/host-byte-disposition.tsv;tmp/phase3f-evidence/agents/binary-analysis/host-t5/decision-record.tsv::P3F-T5-HOST-MACHO;tmp/phase3f-evidence/agents/binary-analysis/host-t5/negative-space-candidates.tsv	group=GCC-GCOV;side=UPSTREAM-MATCHED;path=bin/riscv32-wch-elf-gcov;offset=0..1564424;closure_event=P3F-EVENT-1905;After all 1,340 functional intervals were terminally adjudicated (748 feature-mapped, 388 host-ABI, 204 host-data) and negative-space candidates mapped, the remaining historical whole-host attribution obligation is outside the target-artifact/observable-literal gate.;Rule anchor: AGENTS.md observable boundary. Rejected alternative: full function attribution across 47 stripped Mach-O paths/four builds, at high cost without stronger target-artifact assurance. Each historical row has a one-to-one disposition; HOST-ZSTD retains L1-FEAT-ZSTD GAP evidence instead of a nonexistent V2 group pointer.
P3F-CLOSURE-0505	L4-REG-0BBEA1372BAF0640	HOST-MACHO-UNRESOLVED-REGION	tmp/phase3c-evidence/binary-region-ledger.tsv	host-macho-unresolved-region	Phase 3c region classification=UNRESOLVED	bind the equivalent V2 interval to terminal feature evidence or rule the pure host interval out of target-artifact/literal gate	RULED-OUT-OF-GATE	tmp/phase3f-evidence/agents/binary-analysis/host-t5/historical-region-disposition.tsv::L4-REG-0BBEA1372BAF0640	tmp/phase3f-evidence/agents/binary-analysis/host-t5/historical-region-disposition.tsv::L4-REG-0BBEA1372BAF0640;tmp/phase3f-evidence/agents/binary-analysis/host-t5/negative-path-disposition.tsv;tmp/phase3f-evidence/agents/binary-analysis/host-t5/host-byte-disposition.tsv;tmp/phase3f-evidence/agents/binary-analysis/host-t5/decision-record.tsv::P3F-T5-HOST-MACHO;tmp/phase3f-evidence/agents/binary-analysis/host-t5/negative-space-candidates.tsv	group=GCC-LTO-PLUGIN;side=WCH;path=libexec/gcc/riscv32-wch-elf/15.2.0/liblto_plugin.so;offset=0..122000;closure_event=P3F-EVENT-1906;After all 1,340 functional intervals were terminally adjudicated (748 feature-mapped, 388 host-ABI, 204 host-data) and negative-space candidates mapped, the remaining historical whole-host attribution obligation is outside the target-artifact/observable-literal gate.;Rule anchor: AGENTS.md observable boundary. Rejected alternative: full function attribution across 47 stripped Mach-O paths/four builds, at high cost without stronger target-artifact assurance. Each historical row has a one-to-one disposition; HOST-ZSTD retains L1-FEAT-ZSTD GAP evidence instead of a nonexistent V2 group pointer.
P3F-CLOSURE-0506	L4-REG-105C84F3E149A2D2	HOST-MACHO-UNRESOLVED-REGION	tmp/phase3c-evidence/binary-region-ledger.tsv	host-macho-unresolved-region	Phase 3c region classification=UNRESOLVED	bind the equivalent V2 interval to terminal feature evidence or rule the pure host interval out of target-artifact/literal gate	RULED-OUT-OF-GATE	tmp/phase3f-evidence/agents/binary-analysis/host-t5/historical-region-disposition.tsv::L4-REG-105C84F3E149A2D2	tmp/phase3f-evidence/agents/binary-analysis/host-t5/historical-region-disposition.tsv::L4-REG-105C84F3E149A2D2;tmp/phase3f-evidence/agents/binary-analysis/host-t5/negative-path-disposition.tsv;tmp/phase3f-evidence/agents/binary-analysis/host-t5/host-byte-disposition.tsv;tmp/phase3f-evidence/agents/binary-analysis/host-t5/decision-record.tsv::P3F-T5-HOST-MACHO;tmp/phase3f-evidence/agents/binary-analysis/host-t5/negative-space-candidates.tsv	group=GCC-COLLECT2;side=OURS;path=libexec/gcc/riscv32-wch-elf/15.2.0/collect2;offset=0..1303560;closure_event=P3F-EVENT-1907;After all 1,340 functional intervals were terminally adjudicated (748 feature-mapped, 388 host-ABI, 204 host-data) and negative-space candidates mapped, the remaining historical whole-host attribution obligation is outside the target-artifact/observable-literal gate.;Rule anchor: AGENTS.md observable boundary. Rejected alternative: full function attribution across 47 stripped Mach-O paths/four builds, at high cost without stronger target-artifact assurance. Each historical row has a one-to-one disposition; HOST-ZSTD retains L1-FEAT-ZSTD GAP evidence instead of a nonexistent V2 group pointer.
P3F-CLOSURE-0507	L4-REG-13050A0BF83E749A	HOST-MACHO-UNRESOLVED-REGION	tmp/phase3c-evidence/binary-region-ledger.tsv	host-macho-unresolved-region	Phase 3c region classification=UNRESOLVED	bind the equivalent V2 interval to terminal feature evidence or rule the pure host interval out of target-artifact/literal gate	RULED-OUT-OF-GATE	tmp/phase3f-evidence/agents/binary-analysis/host-t5/historical-region-disposition.tsv::L4-REG-13050A0BF83E749A	tmp/phase3f-evidence/agents/binary-analysis/host-t5/historical-region-disposition.tsv::L4-REG-13050A0BF83E749A;tmp/phase3f-evidence/agents/binary-analysis/host-t5/negative-path-disposition.tsv;tmp/phase3f-evidence/agents/binary-analysis/host-t5/host-byte-disposition.tsv;tmp/phase3f-evidence/agents/binary-analysis/host-t5/decision-record.tsv::P3F-T5-HOST-MACHO;tmp/phase3f-evidence/agents/binary-analysis/host-t5/negative-space-candidates.tsv	group=GCC-PLUGIN-TOOLS;side=UPSTREAM-MATCHED;path=libexec/gcc/riscv32-wch-elf/15.2.0/plugin/gengtype;offset=0..285544;closure_event=P3F-EVENT-1908;After all 1,340 functional intervals were terminally adjudicated (748 feature-mapped, 388 host-ABI, 204 host-data) and negative-space candidates mapped, the remaining historical whole-host attribution obligation is outside the target-artifact/observable-literal gate.;Rule anchor: AGENTS.md observable boundary. Rejected alternative: full function attribution across 47 stripped Mach-O paths/four builds, at high cost without stronger target-artifact assurance. Each historical row has a one-to-one disposition; HOST-ZSTD retains L1-FEAT-ZSTD GAP evidence instead of a nonexistent V2 group pointer.
P3F-CLOSURE-0508	L4-REG-1488550D99BC86BA	HOST-MACHO-UNRESOLVED-REGION	tmp/phase3c-evidence/binary-region-ledger.tsv	host-macho-unresolved-region	Phase 3c region classification=UNRESOLVED	bind the equivalent V2 interval to terminal feature evidence or rule the pure host interval out of target-artifact/literal gate	RULED-OUT-OF-GATE	tmp/phase3f-evidence/agents/binary-analysis/host-t5/historical-region-disposition.tsv::L4-REG-1488550D99BC86BA	tmp/phase3f-evidence/agents/binary-analysis/host-t5/historical-region-disposition.tsv::L4-REG-1488550D99BC86BA;tmp/phase3f-evidence/agents/binary-analysis/host-t5/negative-path-disposition.tsv;tmp/phase3f-evidence/agents/binary-analysis/host-t5/host-byte-disposition.tsv;tmp/phase3f-evidence/agents/binary-analysis/host-t5/decision-record.tsv::P3F-T5-HOST-MACHO;tmp/phase3f-evidence/agents/binary-analysis/host-t5/negative-space-candidates.tsv	group=BINUTILS-LD;side=UPSTREAM-P2;path=riscv32-wch-elf/bin/ld;offset=0..2131400;closure_event=P3F-EVENT-1909;After all 1,340 functional intervals were terminally adjudicated (748 feature-mapped, 388 host-ABI, 204 host-data) and negative-space candidates mapped, the remaining historical whole-host attribution obligation is outside the target-artifact/observable-literal gate.;Rule anchor: AGENTS.md observable boundary. Rejected alternative: full function attribution across 47 stripped Mach-O paths/four builds, at high cost without stronger target-artifact assurance. Each historical row has a one-to-one disposition; HOST-ZSTD retains L1-FEAT-ZSTD GAP evidence instead of a nonexistent V2 group pointer.
P3F-CLOSURE-0509	L4-REG-149555BCEC1B4194	HOST-MACHO-UNRESOLVED-REGION	tmp/phase3c-evidence/binary-region-ledger.tsv	host-macho-unresolved-region	Phase 3c region classification=UNRESOLVED	bind the equivalent V2 interval to terminal feature evidence or rule the pure host interval out of target-artifact/literal gate	RULED-OUT-OF-GATE	tmp/phase3f-evidence/agents/binary-analysis/host-t5/historical-region-disposition.tsv::L4-REG-149555BCEC1B4194	tmp/phase3f-evidence/agents/binary-analysis/host-t5/historical-region-disposition.tsv::L4-REG-149555BCEC1B4194;tmp/phase3f-evidence/agents/binary-analysis/host-t5/negative-path-disposition.tsv;tmp/phase3f-evidence/agents/binary-analysis/host-t5/host-byte-disposition.tsv;tmp/phase3f-evidence/agents/binary-analysis/host-t5/decision-record.tsv::P3F-T5-HOST-MACHO;tmp/phase3f-evidence/agents/binary-analysis/host-t5/negative-space-candidates.tsv	group=BINUTILS-NM;side=WCH;path=riscv32-wch-elf/bin/nm;offset=0..973696;closure_event=P3F-EVENT-1910;After all 1,340 functional intervals were terminally adjudicated (748 feature-mapped, 388 host-ABI, 204 host-data) and negative-space candidates mapped, the remaining historical whole-host attribution obligation is outside the target-artifact/observable-literal gate.;Rule anchor: AGENTS.md observable boundary. Rejected alternative: full function attribution across 47 stripped Mach-O paths/four builds, at high cost without stronger target-artifact assurance. Each historical row has a one-to-one disposition; HOST-ZSTD retains L1-FEAT-ZSTD GAP evidence instead of a nonexistent V2 group pointer.
P3F-CLOSURE-0510	L4-REG-1738BED3CACD9207	HOST-MACHO-UNRESOLVED-REGION	tmp/phase3c-evidence/binary-region-ledger.tsv	host-macho-unresolved-region	Phase 3c region classification=UNRESOLVED	bind the equivalent V2 interval to terminal feature evidence or rule the pure host interval out of target-artifact/literal gate	RULED-OUT-OF-GATE	tmp/phase3f-evidence/agents/binary-analysis/host-t5/historical-region-disposition.tsv::L4-REG-1738BED3CACD9207	tmp/phase3f-evidence/agents/binary-analysis/host-t5/historical-region-disposition.tsv::L4-REG-1738BED3CACD9207;tmp/phase3f-evidence/agents/binary-analysis/host-t5/negative-path-disposition.tsv;tmp/phase3f-evidence/agents/binary-analysis/host-t5/host-byte-disposition.tsv;tmp/phase3f-evidence/agents/binary-analysis/host-t5/decision-record.tsv::P3F-T5-HOST-MACHO;tmp/phase3f-evidence/agents/binary-analysis/host-t5/negative-space-candidates.tsv	group=BINUTILS-OBJCOPY;side=UPSTREAM-P2;path=riscv32-wch-elf/bin/objcopy;offset=0..1251512;closure_event=P3F-EVENT-1911;After all 1,340 functional intervals were terminally adjudicated (748 feature-mapped, 388 host-ABI, 204 host-data) and negative-space candidates mapped, the remaining historical whole-host attribution obligation is outside the target-artifact/observable-literal gate.;Rule anchor: AGENTS.md observable boundary. Rejected alternative: full function attribution across 47 stripped Mach-O paths/four builds, at high cost without stronger target-artifact assurance. Each historical row has a one-to-one disposition; HOST-ZSTD retains L1-FEAT-ZSTD GAP evidence instead of a nonexistent V2 group pointer.
P3F-CLOSURE-0511	L4-REG-1968516461B8007B	HOST-MACHO-UNRESOLVED-REGION	tmp/phase3c-evidence/binary-region-ledger.tsv	host-macho-unresolved-region	Phase 3c region classification=UNRESOLVED	bind the equivalent V2 interval to terminal feature evidence or rule the pure host interval out of target-artifact/literal gate	RULED-OUT-OF-GATE	tmp/phase3f-evidence/agents/binary-analysis/host-t5/historical-region-disposition.tsv::L4-REG-1968516461B8007B	tmp/phase3f-evidence/agents/binary-analysis/host-t5/historical-region-disposition.tsv::L4-REG-1968516461B8007B;tmp/phase3f-evidence/agents/binary-analysis/host-t5/negative-path-disposition.tsv;tmp/phase3f-evidence/agents/binary-analysis/host-t5/host-byte-disposition.tsv;tmp/phase3f-evidence/agents/binary-analysis/host-t5/decision-record.tsv::P3F-T5-HOST-MACHO;tmp/phase3f-evidence/agents/binary-analysis/host-t5/negative-space-candidates.tsv	group=GCC-PLUGIN-TOOLS;side=OURS;path=libexec/gcc/riscv32-wch-elf/15.2.0/plugin/gengtype;offset=0..284408;closure_event=P3F-EVENT-1912;After all 1,340 functional intervals were terminally adjudicated (748 feature-mapped, 388 host-ABI, 204 host-data) and negative-space candidates mapped, the remaining historical whole-host attribution obligation is outside the target-artifact/observable-literal gate.;Rule anchor: AGENTS.md observable boundary. Rejected alternative: full function attribution across 47 stripped Mach-O paths/four builds, at high cost without stronger target-artifact assurance. Each historical row has a one-to-one disposition; HOST-ZSTD retains L1-FEAT-ZSTD GAP evidence instead of a nonexistent V2 group pointer.
P3F-CLOSURE-0512	L4-REG-1B435C8108D7E87F	HOST-MACHO-UNRESOLVED-REGION	tmp/phase3c-evidence/binary-region-ledger.tsv	host-macho-unresolved-region	Phase 3c region classification=UNRESOLVED	bind the equivalent V2 interval to terminal feature evidence or rule the pure host interval out of target-artifact/literal gate	RULED-OUT-OF-GATE	tmp/phase3f-evidence/agents/binary-analysis/host-t5/historical-region-disposition.tsv::L4-REG-1B435C8108D7E87F	tmp/phase3f-evidence/agents/binary-analysis/host-t5/historical-region-disposition.tsv::L4-REG-1B435C8108D7E87F;tmp/phase3f-evidence/agents/binary-analysis/host-t5/negative-path-disposition.tsv;tmp/phase3f-evidence/agents/binary-analysis/host-t5/host-byte-disposition.tsv;tmp/phase3f-evidence/agents/binary-analysis/host-t5/decision-record.tsv::P3F-T5-HOST-MACHO;tmp/phase3f-evidence/agents/binary-analysis/host-t5/negative-space-candidates.tsv	group=GCC-LTO-DUMP;side=UPSTREAM-MATCHED;path=bin/riscv32-wch-elf-lto-dump;offset=0..68475864;closure_event=P3F-EVENT-1913;After all 1,340 functional intervals were terminally adjudicated (748 feature-mapped, 388 host-ABI, 204 host-data) and negative-space candidates mapped, the remaining historical whole-host attribution obligation is outside the target-artifact/observable-literal gate.;Rule anchor: AGENTS.md observable boundary. Rejected alternative: full function attribution across 47 stripped Mach-O paths/four builds, at high cost without stronger target-artifact assurance. Each historical row has a one-to-one disposition; HOST-ZSTD retains L1-FEAT-ZSTD GAP evidence instead of a nonexistent V2 group pointer.
P3F-CLOSURE-0513	L4-REG-1BDAA7E2A3022D28	HOST-MACHO-UNRESOLVED-REGION	tmp/phase3c-evidence/binary-region-ledger.tsv	host-macho-unresolved-region	Phase 3c region classification=UNRESOLVED	bind the equivalent V2 interval to terminal feature evidence or rule the pure host interval out of target-artifact/literal gate	RULED-OUT-OF-GATE	tmp/phase3f-evidence/agents/binary-analysis/host-t5/historical-region-disposition.tsv::L4-REG-1BDAA7E2A3022D28	tmp/phase3f-evidence/agents/binary-analysis/host-t5/historical-region-disposition.tsv::L4-REG-1BDAA7E2A3022D28;tmp/phase3f-evidence/agents/binary-analysis/host-t5/negative-path-disposition.tsv;tmp/phase3f-evidence/agents/binary-analysis/host-t5/host-byte-disposition.tsv;tmp/phase3f-evidence/agents/binary-analysis/host-t5/decision-record.tsv::P3F-T5-HOST-MACHO;tmp/phase3f-evidence/agents/binary-analysis/host-t5/negative-space-candidates.tsv	group=BINUTILS-GPROF;side=WCH;path=bin/riscv32-wch-elf-gprof;offset=0..1025344;closure_event=P3F-EVENT-1914;After all 1,340 functional intervals were terminally adjudicated (748 feature-mapped, 388 host-ABI, 204 host-data) and negative-space candidates mapped, the remaining historical whole-host attribution obligation is outside the target-artifact/observable-literal gate.;Rule anchor: AGENTS.md observable boundary. Rejected alternative: full function attribution across 47 stripped Mach-O paths/four builds, at high cost without stronger target-artifact assurance. Each historical row has a one-to-one disposition; HOST-ZSTD retains L1-FEAT-ZSTD GAP evidence instead of a nonexistent V2 group pointer.
P3F-CLOSURE-0514	L4-REG-1E2BF2E1FA9823DD	HOST-MACHO-UNRESOLVED-REGION	tmp/phase3c-evidence/binary-region-ledger.tsv	host-macho-unresolved-region	Phase 3c region classification=UNRESOLVED	bind the equivalent V2 interval to terminal feature evidence or rule the pure host interval out of target-artifact/literal gate	RULED-OUT-OF-GATE	tmp/phase3f-evidence/agents/binary-analysis/host-t5/historical-region-disposition.tsv::L4-REG-1E2BF2E1FA9823DD	tmp/phase3f-evidence/agents/binary-analysis/host-t5/historical-region-disposition.tsv::L4-REG-1E2BF2E1FA9823DD;tmp/phase3f-evidence/agents/binary-analysis/host-t5/negative-path-disposition.tsv;tmp/phase3f-evidence/agents/binary-analysis/host-t5/host-byte-disposition.tsv;tmp/phase3f-evidence/agents/binary-analysis/host-t5/decision-record.tsv::P3F-T5-HOST-MACHO;tmp/phase3f-evidence/agents/binary-analysis/host-t5/negative-space-candidates.tsv	group=BINUTILS-C++FILT;side=OURS;path=bin/riscv32-wch-elf-c++filt;offset=0..1106888;closure_event=P3F-EVENT-1915;After all 1,340 functional intervals were terminally adjudicated (748 feature-mapped, 388 host-ABI, 204 host-data) and negative-space candidates mapped, the remaining historical whole-host attribution obligation is outside the target-artifact/observable-literal gate.;Rule anchor: AGENTS.md observable boundary. Rejected alternative: full function attribution across 47 stripped Mach-O paths/four builds, at high cost without stronger target-artifact assurance. Each historical row has a one-to-one disposition; HOST-ZSTD retains L1-FEAT-ZSTD GAP evidence instead of a nonexistent V2 group pointer.
P3F-CLOSURE-0515	L4-REG-2124D9EB209780BD	HOST-MACHO-UNRESOLVED-REGION	tmp/phase3c-evidence/binary-region-ledger.tsv	host-macho-unresolved-region	Phase 3c region classification=UNRESOLVED	bind the equivalent V2 interval to terminal feature evidence or rule the pure host interval out of target-artifact/literal gate	RULED-OUT-OF-GATE	tmp/phase3f-evidence/agents/binary-analysis/host-t5/historical-region-disposition.tsv::L4-REG-2124D9EB209780BD	tmp/phase3f-evidence/agents/binary-analysis/host-t5/historical-region-disposition.tsv::L4-REG-2124D9EB209780BD;tmp/phase3f-evidence/agents/binary-analysis/host-t5/negative-path-disposition.tsv;tmp/phase3f-evidence/agents/binary-analysis/host-t5/host-byte-disposition.tsv;tmp/phase3f-evidence/agents/binary-analysis/host-t5/decision-record.tsv::P3F-T5-HOST-MACHO;tmp/phase3f-evidence/agents/binary-analysis/host-t5/negative-space-candidates.tsv	group=BINUTILS-C++FILT;side=WCH;path=bin/riscv32-wch-elf-c++filt;offset=0..956880;closure_event=P3F-EVENT-1916;After all 1,340 functional intervals were terminally adjudicated (748 feature-mapped, 388 host-ABI, 204 host-data) and negative-space candidates mapped, the remaining historical whole-host attribution obligation is outside the target-artifact/observable-literal gate.;Rule anchor: AGENTS.md observable boundary. Rejected alternative: full function attribution across 47 stripped Mach-O paths/four builds, at high cost without stronger target-artifact assurance. Each historical row has a one-to-one disposition; HOST-ZSTD retains L1-FEAT-ZSTD GAP evidence instead of a nonexistent V2 group pointer.
P3F-CLOSURE-0516	L4-REG-22C3014886ACB644	HOST-MACHO-UNRESOLVED-REGION	tmp/phase3c-evidence/binary-region-ledger.tsv	host-macho-unresolved-region	Phase 3c region classification=UNRESOLVED	bind the equivalent V2 interval to terminal feature evidence or rule the pure host interval out of target-artifact/literal gate	RULED-OUT-OF-GATE	tmp/phase3f-evidence/agents/binary-analysis/host-t5/historical-region-disposition.tsv::L4-REG-22C3014886ACB644	tmp/phase3f-evidence/agents/binary-analysis/host-t5/historical-region-disposition.tsv::L4-REG-22C3014886ACB644;tmp/phase3f-evidence/agents/binary-analysis/host-t5/negative-path-disposition.tsv;tmp/phase3f-evidence/agents/binary-analysis/host-t5/host-byte-disposition.tsv;tmp/phase3f-evidence/agents/binary-analysis/host-t5/decision-record.tsv::P3F-T5-HOST-MACHO;tmp/phase3f-evidence/agents/binary-analysis/host-t5/negative-space-candidates.tsv	group=BINUTILS-LD;side=UPSTREAM-MATCHED;path=riscv32-wch-elf/bin/ld.bfd;offset=0..2140936;closure_event=P3F-EVENT-1917;After all 1,340 functional intervals were terminally adjudicated (748 feature-mapped, 388 host-ABI, 204 host-data) and negative-space candidates mapped, the remaining historical whole-host attribution obligation is outside the target-artifact/observable-literal gate.;Rule anchor: AGENTS.md observable boundary. Rejected alternative: full function attribution across 47 stripped Mach-O paths/four builds, at high cost without stronger target-artifact assurance. Each historical row has a one-to-one disposition; HOST-ZSTD retains L1-FEAT-ZSTD GAP evidence instead of a nonexistent V2 group pointer.
P3F-CLOSURE-0517	L4-REG-27D65B494A4BBD8C	HOST-MACHO-UNRESOLVED-REGION	tmp/phase3c-evidence/binary-region-ledger.tsv	host-macho-unresolved-region	Phase 3c region classification=UNRESOLVED	bind the equivalent V2 interval to terminal feature evidence or rule the pure host interval out of target-artifact/literal gate	RULED-OUT-OF-GATE	tmp/phase3f-evidence/agents/binary-analysis/host-t5/historical-region-disposition.tsv::L4-REG-27D65B494A4BBD8C	tmp/phase3f-evidence/agents/binary-analysis/host-t5/historical-region-disposition.tsv::L4-REG-27D65B494A4BBD8C;tmp/phase3f-evidence/agents/binary-analysis/host-t5/negative-path-disposition.tsv;tmp/phase3f-evidence/agents/binary-analysis/host-t5/host-byte-disposition.tsv;tmp/phase3f-evidence/agents/binary-analysis/host-t5/decision-record.tsv::P3F-T5-HOST-MACHO;tmp/phase3f-evidence/agents/binary-analysis/host-t5/negative-space-candidates.tsv	group=BINUTILS-OBJCOPY;side=UPSTREAM-MATCHED;path=riscv32-wch-elf/bin/objcopy;offset=0..1259160;closure_event=P3F-EVENT-1918;After all 1,340 functional intervals were terminally adjudicated (748 feature-mapped, 388 host-ABI, 204 host-data) and negative-space candidates mapped, the remaining historical whole-host attribution obligation is outside the target-artifact/observable-literal gate.;Rule anchor: AGENTS.md observable boundary. Rejected alternative: full function attribution across 47 stripped Mach-O paths/four builds, at high cost without stronger target-artifact assurance. Each historical row has a one-to-one disposition; HOST-ZSTD retains L1-FEAT-ZSTD GAP evidence instead of a nonexistent V2 group pointer.
P3F-CLOSURE-0518	L4-REG-295EAFE832E4AB2B	HOST-MACHO-UNRESOLVED-REGION	tmp/phase3c-evidence/binary-region-ledger.tsv	host-macho-unresolved-region	Phase 3c region classification=UNRESOLVED	bind the equivalent V2 interval to terminal feature evidence or rule the pure host interval out of target-artifact/literal gate	RULED-OUT-OF-GATE	tmp/phase3f-evidence/agents/binary-analysis/host-t5/historical-region-disposition.tsv::L4-REG-295EAFE832E4AB2B	tmp/phase3f-evidence/agents/binary-analysis/host-t5/historical-region-disposition.tsv::L4-REG-295EAFE832E4AB2B;tmp/phase3f-evidence/agents/binary-analysis/host-t5/negative-path-disposition.tsv;tmp/phase3f-evidence/agents/binary-analysis/host-t5/host-byte-disposition.tsv;tmp/phase3f-evidence/agents/binary-analysis/host-t5/decision-record.tsv::P3F-T5-HOST-MACHO;tmp/phase3f-evidence/agents/binary-analysis/host-t5/negative-space-candidates.tsv	group=GCC-LTO-TOOL-WRAPPERS;side=OURS;path=bin/riscv32-wch-elf-gcc-ranlib;offset=0..83240;closure_event=P3F-EVENT-1919;After all 1,340 functional intervals were terminally adjudicated (748 feature-mapped, 388 host-ABI, 204 host-data) and negative-space candidates mapped, the remaining historical whole-host attribution obligation is outside the target-artifact/observable-literal gate.;Rule anchor: AGENTS.md observable boundary. Rejected alternative: full function attribution across 47 stripped Mach-O paths/four builds, at high cost without stronger target-artifact assurance. Each historical row has a one-to-one disposition; HOST-ZSTD retains L1-FEAT-ZSTD GAP evidence instead of a nonexistent V2 group pointer.
P3F-CLOSURE-0519	L4-REG-2A0C8358565E4781	HOST-MACHO-UNRESOLVED-REGION	tmp/phase3c-evidence/binary-region-ledger.tsv	host-macho-unresolved-region	Phase 3c region classification=UNRESOLVED	bind the equivalent V2 interval to terminal feature evidence or rule the pure host interval out of target-artifact/literal gate	RULED-OUT-OF-GATE	tmp/phase3f-evidence/agents/binary-analysis/host-t5/historical-region-disposition.tsv::L4-REG-2A0C8358565E4781	tmp/phase3f-evidence/agents/binary-analysis/host-t5/historical-region-disposition.tsv::L4-REG-2A0C8358565E4781;tmp/phase3f-evidence/agents/binary-analysis/host-t5/negative-path-disposition.tsv;tmp/phase3f-evidence/agents/binary-analysis/host-t5/host-byte-disposition.tsv;tmp/phase3f-evidence/agents/binary-analysis/host-t5/decision-record.tsv::P3F-T5-HOST-MACHO;tmp/phase3f-evidence/agents/binary-analysis/host-t5/negative-space-candidates.tsv	group=BINUTILS-LD;side=UPSTREAM-P2;path=bin/riscv32-wch-elf-ld.bfd;offset=0..2131400;closure_event=P3F-EVENT-1920;After all 1,340 functional intervals were terminally adjudicated (748 feature-mapped, 388 host-ABI, 204 host-data) and negative-space candidates mapped, the remaining historical whole-host attribution obligation is outside the target-artifact/observable-literal gate.;Rule anchor: AGENTS.md observable boundary. Rejected alternative: full function attribution across 47 stripped Mach-O paths/four builds, at high cost without stronger target-artifact assurance. Each historical row has a one-to-one disposition; HOST-ZSTD retains L1-FEAT-ZSTD GAP evidence instead of a nonexistent V2 group pointer.
P3F-CLOSURE-0520	L4-REG-2ADC047D2DCE6D24	HOST-MACHO-UNRESOLVED-REGION	tmp/phase3c-evidence/binary-region-ledger.tsv	host-macho-unresolved-region	Phase 3c region classification=UNRESOLVED	bind the equivalent V2 interval to terminal feature evidence or rule the pure host interval out of target-artifact/literal gate	RULED-OUT-OF-GATE	tmp/phase3f-evidence/agents/binary-analysis/host-t5/historical-region-disposition.tsv::L4-REG-2ADC047D2DCE6D24	tmp/phase3f-evidence/agents/binary-analysis/host-t5/historical-region-disposition.tsv::L4-REG-2ADC047D2DCE6D24;tmp/phase3f-evidence/agents/binary-analysis/host-t5/negative-path-disposition.tsv;tmp/phase3f-evidence/agents/binary-analysis/host-t5/host-byte-disposition.tsv;tmp/phase3f-evidence/agents/binary-analysis/host-t5/decision-record.tsv::P3F-T5-HOST-MACHO;tmp/phase3f-evidence/agents/binary-analysis/host-t5/negative-space-candidates.tsv	group=GCC-LTO-TOOL-WRAPPERS;side=WCH;path=bin/riscv32-wch-elf-gcc-nm;offset=0..89920;closure_event=P3F-EVENT-1921;After all 1,340 functional intervals were terminally adjudicated (748 feature-mapped, 388 host-ABI, 204 host-data) and negative-space candidates mapped, the remaining historical whole-host attribution obligation is outside the target-artifact/observable-literal gate.;Rule anchor: AGENTS.md observable boundary. Rejected alternative: full function attribution across 47 stripped Mach-O paths/four builds, at high cost without stronger target-artifact assurance. Each historical row has a one-to-one disposition; HOST-ZSTD retains L1-FEAT-ZSTD GAP evidence instead of a nonexistent V2 group pointer.
P3F-CLOSURE-0521	L4-REG-2C740D0315DB92E5	HOST-MACHO-UNRESOLVED-REGION	tmp/phase3c-evidence/binary-region-ledger.tsv	host-macho-unresolved-region	Phase 3c region classification=UNRESOLVED	bind the equivalent V2 interval to terminal feature evidence or rule the pure host interval out of target-artifact/literal gate	RULED-OUT-OF-GATE	tmp/phase3f-evidence/agents/binary-analysis/host-t5/historical-region-disposition.tsv::L4-REG-2C740D0315DB92E5	tmp/phase3f-evidence/agents/binary-analysis/host-t5/historical-region-disposition.tsv::L4-REG-2C740D0315DB92E5;tmp/phase3f-evidence/agents/binary-analysis/host-t5/negative-path-disposition.tsv;tmp/phase3f-evidence/agents/binary-analysis/host-t5/host-byte-disposition.tsv;tmp/phase3f-evidence/agents/binary-analysis/host-t5/decision-record.tsv::P3F-T5-HOST-MACHO;tmp/phase3f-evidence/agents/binary-analysis/host-t5/negative-space-candidates.tsv	group=GCC-PLUGIN-TOOLS;side=UPSTREAM-P2;path=libexec/gcc/riscv32-wch-elf/15.2.0/plugin/gengtype;offset=0..284408;closure_event=P3F-EVENT-1922;After all 1,340 functional intervals were terminally adjudicated (748 feature-mapped, 388 host-ABI, 204 host-data) and negative-space candidates mapped, the remaining historical whole-host attribution obligation is outside the target-artifact/observable-literal gate.;Rule anchor: AGENTS.md observable boundary. Rejected alternative: full function attribution across 47 stripped Mach-O paths/four builds, at high cost without stronger target-artifact assurance. Each historical row has a one-to-one disposition; HOST-ZSTD retains L1-FEAT-ZSTD GAP evidence instead of a nonexistent V2 group pointer.
P3F-CLOSURE-0522	L4-REG-32F5A1BE62E9AD0F	HOST-MACHO-UNRESOLVED-REGION	tmp/phase3c-evidence/binary-region-ledger.tsv	host-macho-unresolved-region	Phase 3c region classification=UNRESOLVED	bind the equivalent V2 interval to terminal feature evidence or rule the pure host interval out of target-artifact/literal gate	RULED-OUT-OF-GATE	tmp/phase3f-evidence/agents/binary-analysis/host-t5/historical-region-disposition.tsv::L4-REG-32F5A1BE62E9AD0F	tmp/phase3f-evidence/agents/binary-analysis/host-t5/historical-region-disposition.tsv::L4-REG-32F5A1BE62E9AD0F;tmp/phase3f-evidence/agents/binary-analysis/host-t5/negative-path-disposition.tsv;tmp/phase3f-evidence/agents/binary-analysis/host-t5/host-byte-disposition.tsv;tmp/phase3f-evidence/agents/binary-analysis/host-t5/decision-record.tsv::P3F-T5-HOST-MACHO;tmp/phase3f-evidence/agents/binary-analysis/host-t5/negative-space-candidates.tsv	group=BINUTILS-LD;side=UPSTREAM-MATCHED;path=bin/riscv32-wch-elf-ld;offset=0..2142048;closure_event=P3F-EVENT-1923;After all 1,340 functional intervals were terminally adjudicated (748 feature-mapped, 388 host-ABI, 204 host-data) and negative-space candidates mapped, the remaining historical whole-host attribution obligation is outside the target-artifact/observable-literal gate.;Rule anchor: AGENTS.md observable boundary. Rejected alternative: full function attribution across 47 stripped Mach-O paths/four builds, at high cost without stronger target-artifact assurance. Each historical row has a one-to-one disposition; HOST-ZSTD retains L1-FEAT-ZSTD GAP evidence instead of a nonexistent V2 group pointer.
P3F-CLOSURE-0523	L4-REG-347ADF635F714BA9	HOST-MACHO-UNRESOLVED-REGION	tmp/phase3c-evidence/binary-region-ledger.tsv	host-macho-unresolved-region	Phase 3c region classification=UNRESOLVED	bind the equivalent V2 interval to terminal feature evidence or rule the pure host interval out of target-artifact/literal gate	RULED-OUT-OF-GATE	tmp/phase3f-evidence/agents/binary-analysis/host-t5/historical-region-disposition.tsv::L4-REG-347ADF635F714BA9	tmp/phase3f-evidence/agents/binary-analysis/host-t5/historical-region-disposition.tsv::L4-REG-347ADF635F714BA9;tmp/phase3f-evidence/agents/binary-analysis/host-t5/negative-path-disposition.tsv;tmp/phase3f-evidence/agents/binary-analysis/host-t5/host-byte-disposition.tsv;tmp/phase3f-evidence/agents/binary-analysis/host-t5/decision-record.tsv::P3F-T5-HOST-MACHO;tmp/phase3f-evidence/agents/binary-analysis/host-t5/negative-space-candidates.tsv	group=BINUTILS-NM;side=WCH;path=bin/riscv32-wch-elf-nm;offset=0..973728;closure_event=P3F-EVENT-1924;After all 1,340 functional intervals were terminally adjudicated (748 feature-mapped, 388 host-ABI, 204 host-data) and negative-space candidates mapped, the remaining historical whole-host attribution obligation is outside the target-artifact/observable-literal gate.;Rule anchor: AGENTS.md observable boundary. Rejected alternative: full function attribution across 47 stripped Mach-O paths/four builds, at high cost without stronger target-artifact assurance. Each historical row has a one-to-one disposition; HOST-ZSTD retains L1-FEAT-ZSTD GAP evidence instead of a nonexistent V2 group pointer.
P3F-CLOSURE-0524	L4-REG-36CEF96482F37E8F	HOST-MACHO-UNRESOLVED-REGION	tmp/phase3c-evidence/binary-region-ledger.tsv	host-macho-unresolved-region	Phase 3c region classification=UNRESOLVED	bind the equivalent V2 interval to terminal feature evidence or rule the pure host interval out of target-artifact/literal gate	RULED-OUT-OF-GATE	tmp/phase3f-evidence/agents/binary-analysis/host-t5/historical-region-disposition.tsv::L4-REG-36CEF96482F37E8F	tmp/phase3f-evidence/agents/binary-analysis/host-t5/historical-region-disposition.tsv::L4-REG-36CEF96482F37E8F;tmp/phase3f-evidence/agents/binary-analysis/host-t5/negative-path-disposition.tsv;tmp/phase3f-evidence/agents/binary-analysis/host-t5/host-byte-disposition.tsv;tmp/phase3f-evidence/agents/binary-analysis/host-t5/decision-record.tsv::P3F-T5-HOST-MACHO;tmp/phase3f-evidence/agents/binary-analysis/host-t5/negative-space-candidates.tsv	group=GCC-GCOV;side=UPSTREAM-P2;path=bin/riscv32-wch-elf-gcov-dump;offset=0..1249112;closure_event=P3F-EVENT-1925;After all 1,340 functional intervals were terminally adjudicated (748 feature-mapped, 388 host-ABI, 204 host-data) and negative-space candidates mapped, the remaining historical whole-host attribution obligation is outside the target-artifact/observable-literal gate.;Rule anchor: AGENTS.md observable boundary. Rejected alternative: full function attribution across 47 stripped Mach-O paths/four builds, at high cost without stronger target-artifact assurance. Each historical row has a one-to-one disposition; HOST-ZSTD retains L1-FEAT-ZSTD GAP evidence instead of a nonexistent V2 group pointer.
P3F-CLOSURE-0525	L4-REG-36DC7198D195020B	HOST-MACHO-UNRESOLVED-REGION	tmp/phase3c-evidence/binary-region-ledger.tsv	host-macho-unresolved-region	Phase 3c region classification=UNRESOLVED	bind the equivalent V2 interval to terminal feature evidence or rule the pure host interval out of target-artifact/literal gate	RULED-OUT-OF-GATE	tmp/phase3f-evidence/agents/binary-analysis/host-t5/historical-region-disposition.tsv::L4-REG-36DC7198D195020B	tmp/phase3f-evidence/agents/binary-analysis/host-t5/historical-region-disposition.tsv::L4-REG-36DC7198D195020B;tmp/phase3f-evidence/agents/binary-analysis/host-t5/negative-path-disposition.tsv;tmp/phase3f-evidence/agents/binary-analysis/host-t5/host-byte-disposition.tsv;tmp/phase3f-evidence/agents/binary-analysis/host-t5/decision-record.tsv::P3F-T5-HOST-MACHO;tmp/phase3f-evidence/agents/binary-analysis/host-t5/negative-space-candidates.tsv	group=BINUTILS-ARCHIVE;side=UPSTREAM-MATCHED;path=riscv32-wch-elf/bin/ar;offset=0..1144992;closure_event=P3F-EVENT-1926;After all 1,340 functional intervals were terminally adjudicated (748 feature-mapped, 388 host-ABI, 204 host-data) and negative-space candidates mapped, the remaining historical whole-host attribution obligation is outside the target-artifact/observable-literal gate.;Rule anchor: AGENTS.md observable boundary. Rejected alternative: full function attribution across 47 stripped Mach-O paths/four builds, at high cost without stronger target-artifact assurance. Each historical row has a one-to-one disposition; HOST-ZSTD retains L1-FEAT-ZSTD GAP evidence instead of a nonexistent V2 group pointer.
P3F-CLOSURE-0526	L4-REG-3AC1C493BA91E3C9	HOST-MACHO-UNRESOLVED-REGION	tmp/phase3c-evidence/binary-region-ledger.tsv	host-macho-unresolved-region	Phase 3c region classification=UNRESOLVED	bind the equivalent V2 interval to terminal feature evidence or rule the pure host interval out of target-artifact/literal gate	RULED-OUT-OF-GATE	tmp/phase3f-evidence/agents/binary-analysis/host-t5/historical-region-disposition.tsv::L4-REG-3AC1C493BA91E3C9	tmp/phase3f-evidence/agents/binary-analysis/host-t5/historical-region-disposition.tsv::L4-REG-3AC1C493BA91E3C9;tmp/phase3f-evidence/agents/binary-analysis/host-t5/negative-path-disposition.tsv;tmp/phase3f-evidence/agents/binary-analysis/host-t5/host-byte-disposition.tsv;tmp/phase3f-evidence/agents/binary-analysis/host-t5/decision-record.tsv::P3F-T5-HOST-MACHO;tmp/phase3f-evidence/agents/binary-analysis/host-t5/negative-space-candidates.tsv	group=GCC-GCOV;side=WCH;path=bin/riscv32-wch-elf-gcov-dump;offset=0..1035520;closure_event=P3F-EVENT-1927;After all 1,340 functional intervals were terminally adjudicated (748 feature-mapped, 388 host-ABI, 204 host-data) and negative-space candidates mapped, the remaining historical whole-host attribution obligation is outside the target-artifact/observable-literal gate.;Rule anchor: AGENTS.md observable boundary. Rejected alternative: full function attribution across 47 stripped Mach-O paths/four builds, at high cost without stronger target-artifact assurance. Each historical row has a one-to-one disposition; HOST-ZSTD retains L1-FEAT-ZSTD GAP evidence instead of a nonexistent V2 group pointer.
P3F-CLOSURE-0527	L4-REG-3C0F63396B5A12CA	HOST-MACHO-UNRESOLVED-REGION	tmp/phase3c-evidence/binary-region-ledger.tsv	host-macho-unresolved-region	Phase 3c region classification=UNRESOLVED	bind the equivalent V2 interval to terminal feature evidence or rule the pure host interval out of target-artifact/literal gate	RULED-OUT-OF-GATE	tmp/phase3f-evidence/agents/binary-analysis/host-t5/historical-region-disposition.tsv::L4-REG-3C0F63396B5A12CA	tmp/phase3f-evidence/agents/binary-analysis/host-t5/historical-region-disposition.tsv::L4-REG-3C0F63396B5A12CA;tmp/phase3f-evidence/agents/binary-analysis/host-t5/negative-path-disposition.tsv;tmp/phase3f-evidence/agents/binary-analysis/host-t5/host-byte-disposition.tsv;tmp/phase3f-evidence/agents/binary-analysis/host-t5/decision-record.tsv::P3F-T5-HOST-MACHO;tmp/phase3f-evidence/agents/binary-analysis/host-t5/negative-space-candidates.tsv	group=GCC-LTO-TOOL-WRAPPERS;side=UPSTREAM-P2;path=bin/riscv32-wch-elf-gcc-nm;offset=0..83240;closure_event=P3F-EVENT-1928;After all 1,340 functional intervals were terminally adjudicated (748 feature-mapped, 388 host-ABI, 204 host-data) and negative-space candidates mapped, the remaining historical whole-host attribution obligation is outside the target-artifact/observable-literal gate.;Rule anchor: AGENTS.md observable boundary. Rejected alternative: full function attribution across 47 stripped Mach-O paths/four builds, at high cost without stronger target-artifact assurance. Each historical row has a one-to-one disposition; HOST-ZSTD retains L1-FEAT-ZSTD GAP evidence instead of a nonexistent V2 group pointer.
P3F-CLOSURE-0528	L4-REG-3C46463F34ACF250	HOST-MACHO-UNRESOLVED-REGION	tmp/phase3c-evidence/binary-region-ledger.tsv	host-macho-unresolved-region	Phase 3c region classification=UNRESOLVED	bind the equivalent V2 interval to terminal feature evidence or rule the pure host interval out of target-artifact/literal gate	RULED-OUT-OF-GATE	tmp/phase3f-evidence/agents/binary-analysis/host-t5/historical-region-disposition.tsv::L4-REG-3C46463F34ACF250	tmp/phase3f-evidence/agents/binary-analysis/host-t5/historical-region-disposition.tsv::L4-REG-3C46463F34ACF250;tmp/phase3f-evidence/agents/binary-analysis/host-t5/negative-path-disposition.tsv;tmp/phase3f-evidence/agents/binary-analysis/host-t5/host-byte-disposition.tsv;tmp/phase3f-evidence/agents/binary-analysis/host-t5/decision-record.tsv::P3F-T5-HOST-MACHO;tmp/phase3f-evidence/agents/binary-analysis/host-t5/negative-space-candidates.tsv	group=BINUTILS-BFD-PLUGINS;side=UPSTREAM-MATCHED;path=lib/bfd-plugins/libdep.so;offset=0..51656;closure_event=P3F-EVENT-1929;After all 1,340 functional intervals were terminally adjudicated (748 feature-mapped, 388 host-ABI, 204 host-data) and negative-space candidates mapped, the remaining historical whole-host attribution obligation is outside the target-artifact/observable-literal gate.;Rule anchor: AGENTS.md observable boundary. Rejected alternative: full function attribution across 47 stripped Mach-O paths/four builds, at high cost without stronger target-artifact assurance. Each historical row has a one-to-one disposition; HOST-ZSTD retains L1-FEAT-ZSTD GAP evidence instead of a nonexistent V2 group pointer.
P3F-CLOSURE-0529	L4-REG-3D3E3B3C52DBAB2F	HOST-MACHO-UNRESOLVED-REGION	tmp/phase3c-evidence/binary-region-ledger.tsv	host-macho-unresolved-region	Phase 3c region classification=UNRESOLVED	bind the equivalent V2 interval to terminal feature evidence or rule the pure host interval out of target-artifact/literal gate	RULED-OUT-OF-GATE	tmp/phase3f-evidence/agents/binary-analysis/host-t5/historical-region-disposition.tsv::L4-REG-3D3E3B3C52DBAB2F	tmp/phase3f-evidence/agents/binary-analysis/host-t5/historical-region-disposition.tsv::L4-REG-3D3E3B3C52DBAB2F;tmp/phase3f-evidence/agents/binary-analysis/host-t5/negative-path-disposition.tsv;tmp/phase3f-evidence/agents/binary-analysis/host-t5/host-byte-disposition.tsv;tmp/phase3f-evidence/agents/binary-analysis/host-t5/decision-record.tsv::P3F-T5-HOST-MACHO;tmp/phase3f-evidence/agents/binary-analysis/host-t5/negative-space-candidates.tsv	group=BINUTILS-LD;side=WCH;path=riscv32-wch-elf/bin/ld;offset=0..1882704;closure_event=P3F-EVENT-1930;After all 1,340 functional intervals were terminally adjudicated (748 feature-mapped, 388 host-ABI, 204 host-data) and negative-space candidates mapped, the remaining historical whole-host attribution obligation is outside the target-artifact/observable-literal gate.;Rule anchor: AGENTS.md observable boundary. Rejected alternative: full function attribution across 47 stripped Mach-O paths/four builds, at high cost without stronger target-artifact assurance. Each historical row has a one-to-one disposition; HOST-ZSTD retains L1-FEAT-ZSTD GAP evidence instead of a nonexistent V2 group pointer.
P3F-CLOSURE-0530	L4-REG-3D8F911AB60AD1C0	HOST-MACHO-UNRESOLVED-REGION	tmp/phase3c-evidence/binary-region-ledger.tsv	host-macho-unresolved-region	Phase 3c region classification=UNRESOLVED	bind the equivalent V2 interval to terminal feature evidence or rule the pure host interval out of target-artifact/literal gate	RULED-OUT-OF-GATE	tmp/phase3f-evidence/agents/binary-analysis/host-t5/historical-region-disposition.tsv::L4-REG-3D8F911AB60AD1C0	tmp/phase3f-evidence/agents/binary-analysis/host-t5/historical-region-disposition.tsv::L4-REG-3D8F911AB60AD1C0;tmp/phase3f-evidence/agents/binary-analysis/host-t5/negative-path-disposition.tsv;tmp/phase3f-evidence/agents/binary-analysis/host-t5/host-byte-disposition.tsv;tmp/phase3f-evidence/agents/binary-analysis/host-t5/decision-record.tsv::P3F-T5-HOST-MACHO;tmp/phase3f-evidence/agents/binary-analysis/host-t5/negative-space-candidates.tsv	group=GCC-PLUGIN-TOOLS;side=WCH;path=libexec/gcc/riscv32-wch-elf/15.2.0/plugin/gengtype;offset=0..260096;closure_event=P3F-EVENT-1931;After all 1,340 functional intervals were terminally adjudicated (748 feature-mapped, 388 host-ABI, 204 host-data) and negative-space candidates mapped, the remaining historical whole-host attribution obligation is outside the target-artifact/observable-literal gate.;Rule anchor: AGENTS.md observable boundary. Rejected alternative: full function attribution across 47 stripped Mach-O paths/four builds, at high cost without stronger target-artifact assurance. Each historical row has a one-to-one disposition; HOST-ZSTD retains L1-FEAT-ZSTD GAP evidence instead of a nonexistent V2 group pointer.
P3F-CLOSURE-0531	L4-REG-3E6B8D21EE42F37A	HOST-MACHO-UNRESOLVED-REGION	tmp/phase3c-evidence/binary-region-ledger.tsv	host-macho-unresolved-region	Phase 3c region classification=UNRESOLVED	bind the equivalent V2 interval to terminal feature evidence or rule the pure host interval out of target-artifact/literal gate	RULED-OUT-OF-GATE	tmp/phase3f-evidence/agents/binary-analysis/host-t5/historical-region-disposition.tsv::L4-REG-3E6B8D21EE42F37A	tmp/phase3f-evidence/agents/binary-analysis/host-t5/historical-region-disposition.tsv::L4-REG-3E6B8D21EE42F37A;tmp/phase3f-evidence/agents/binary-analysis/host-t5/negative-path-disposition.tsv;tmp/phase3f-evidence/agents/binary-analysis/host-t5/host-byte-disposition.tsv;tmp/phase3f-evidence/agents/binary-analysis/host-t5/decision-record.tsv::P3F-T5-HOST-MACHO;tmp/phase3f-evidence/agents/binary-analysis/host-t5/negative-space-candidates.tsv	group=BINUTILS-NM;side=UPSTREAM-P2;path=bin/riscv32-wch-elf-nm;offset=0..1113688;closure_event=P3F-EVENT-1932;After all 1,340 functional intervals were terminally adjudicated (748 feature-mapped, 388 host-ABI, 204 host-data) and negative-space candidates mapped, the remaining historical whole-host attribution obligation is outside the target-artifact/observable-literal gate.;Rule anchor: AGENTS.md observable boundary. Rejected alternative: full function attribution across 47 stripped Mach-O paths/four builds, at high cost without stronger target-artifact assurance. Each historical row has a one-to-one disposition; HOST-ZSTD retains L1-FEAT-ZSTD GAP evidence instead of a nonexistent V2 group pointer.
P3F-CLOSURE-0532	L4-REG-4044AF0AB4151E17	HOST-MACHO-UNRESOLVED-REGION	tmp/phase3c-evidence/binary-region-ledger.tsv	host-macho-unresolved-region	Phase 3c region classification=UNRESOLVED	bind the equivalent V2 interval to terminal feature evidence or rule the pure host interval out of target-artifact/literal gate	RULED-OUT-OF-GATE	tmp/phase3f-evidence/agents/binary-analysis/host-t5/historical-region-disposition.tsv::L4-REG-4044AF0AB4151E17	tmp/phase3f-evidence/agents/binary-analysis/host-t5/historical-region-disposition.tsv::L4-REG-4044AF0AB4151E17;tmp/phase3f-evidence/agents/binary-analysis/host-t5/negative-path-disposition.tsv;tmp/phase3f-evidence/agents/binary-analysis/host-t5/host-byte-disposition.tsv;tmp/phase3f-evidence/agents/binary-analysis/host-t5/decision-record.tsv::P3F-T5-HOST-MACHO;tmp/phase3f-evidence/agents/binary-analysis/host-t5/negative-space-candidates.tsv	group=BINUTILS-ADDR2LINE;side=WCH;path=bin/riscv32-wch-elf-addr2line;offset=0..956976;closure_event=P3F-EVENT-1933;After all 1,340 functional intervals were terminally adjudicated (748 feature-mapped, 388 host-ABI, 204 host-data) and negative-space candidates mapped, the remaining historical whole-host attribution obligation is outside the target-artifact/observable-literal gate.;Rule anchor: AGENTS.md observable boundary. Rejected alternative: full function attribution across 47 stripped Mach-O paths/four builds, at high cost without stronger target-artifact assurance. Each historical row has a one-to-one disposition; HOST-ZSTD retains L1-FEAT-ZSTD GAP evidence instead of a nonexistent V2 group pointer.
P3F-CLOSURE-0533	L4-REG-450758898CD63DEA	HOST-MACHO-UNRESOLVED-REGION	tmp/phase3c-evidence/binary-region-ledger.tsv	host-macho-unresolved-region	Phase 3c region classification=UNRESOLVED	bind the equivalent V2 interval to terminal feature evidence or rule the pure host interval out of target-artifact/literal gate	RULED-OUT-OF-GATE	tmp/phase3f-evidence/agents/binary-analysis/host-t5/historical-region-disposition.tsv::L4-REG-450758898CD63DEA	tmp/phase3f-evidence/agents/binary-analysis/host-t5/historical-region-disposition.tsv::L4-REG-450758898CD63DEA;tmp/phase3f-evidence/agents/binary-analysis/host-t5/negative-path-disposition.tsv;tmp/phase3f-evidence/agents/binary-analysis/host-t5/host-byte-disposition.tsv;tmp/phase3f-evidence/agents/binary-analysis/host-t5/decision-record.tsv::P3F-T5-HOST-MACHO;tmp/phase3f-evidence/agents/binary-analysis/host-t5/negative-space-candidates.tsv	group=BINUTILS-READELF;side=UPSTREAM-P2;path=riscv32-wch-elf/bin/readelf;offset=0..1013160;closure_event=P3F-EVENT-1934;After all 1,340 functional intervals were terminally adjudicated (748 feature-mapped, 388 host-ABI, 204 host-data) and negative-space candidates mapped, the remaining historical whole-host attribution obligation is outside the target-artifact/observable-literal gate.;Rule anchor: AGENTS.md observable boundary. Rejected alternative: full function attribution across 47 stripped Mach-O paths/four builds, at high cost without stronger target-artifact assurance. Each historical row has a one-to-one disposition; HOST-ZSTD retains L1-FEAT-ZSTD GAP evidence instead of a nonexistent V2 group pointer.
P3F-CLOSURE-0534	L4-REG-4634C4A116B9B1A6	HOST-MACHO-UNRESOLVED-REGION	tmp/phase3c-evidence/binary-region-ledger.tsv	host-macho-unresolved-region	Phase 3c region classification=UNRESOLVED	bind the equivalent V2 interval to terminal feature evidence or rule the pure host interval out of target-artifact/literal gate	RULED-OUT-OF-GATE	tmp/phase3f-evidence/agents/binary-analysis/host-t5/historical-region-disposition.tsv::L4-REG-4634C4A116B9B1A6	tmp/phase3f-evidence/agents/binary-analysis/host-t5/historical-region-disposition.tsv::L4-REG-4634C4A116B9B1A6;tmp/phase3f-evidence/agents/binary-analysis/host-t5/negative-path-disposition.tsv;tmp/phase3f-evidence/agents/binary-analysis/host-t5/host-byte-disposition.tsv;tmp/phase3f-evidence/agents/binary-analysis/host-t5/decision-record.tsv::P3F-T5-HOST-MACHO;tmp/phase3f-evidence/agents/binary-analysis/host-t5/negative-space-candidates.tsv	group=BINUTILS-OBJCOPY;side=WCH;path=riscv32-wch-elf/bin/objcopy;offset=0..1075008;closure_event=P3F-EVENT-1935;After all 1,340 functional intervals were terminally adjudicated (748 feature-mapped, 388 host-ABI, 204 host-data) and negative-space candidates mapped, the remaining historical whole-host attribution obligation is outside the target-artifact/observable-literal gate.;Rule anchor: AGENTS.md observable boundary. Rejected alternative: full function attribution across 47 stripped Mach-O paths/four builds, at high cost without stronger target-artifact assurance. Each historical row has a one-to-one disposition; HOST-ZSTD retains L1-FEAT-ZSTD GAP evidence instead of a nonexistent V2 group pointer.
P3F-CLOSURE-0535	L4-REG-496482A3AB1630B0	HOST-MACHO-UNRESOLVED-REGION	tmp/phase3c-evidence/binary-region-ledger.tsv	host-macho-unresolved-region	Phase 3c region classification=UNRESOLVED	bind the equivalent V2 interval to terminal feature evidence or rule the pure host interval out of target-artifact/literal gate	RULED-OUT-OF-GATE	tmp/phase3f-evidence/agents/binary-analysis/host-t5/historical-region-disposition.tsv::L4-REG-496482A3AB1630B0	tmp/phase3f-evidence/agents/binary-analysis/host-t5/historical-region-disposition.tsv::L4-REG-496482A3AB1630B0;tmp/phase3f-evidence/agents/binary-analysis/host-t5/negative-path-disposition.tsv;tmp/phase3f-evidence/agents/binary-analysis/host-t5/host-byte-disposition.tsv;tmp/phase3f-evidence/agents/binary-analysis/host-t5/decision-record.tsv::P3F-T5-HOST-MACHO;tmp/phase3f-evidence/agents/binary-analysis/host-t5/negative-space-candidates.tsv	group=BINUTILS-LD;side=WCH;path=bin/riscv32-wch-elf-ld;offset=0..1882736;closure_event=P3F-EVENT-1936;After all 1,340 functional intervals were terminally adjudicated (748 feature-mapped, 388 host-ABI, 204 host-data) and negative-space candidates mapped, the remaining historical whole-host attribution obligation is outside the target-artifact/observable-literal gate.;Rule anchor: AGENTS.md observable boundary. Rejected alternative: full function attribution across 47 stripped Mach-O paths/four builds, at high cost without stronger target-artifact assurance. Each historical row has a one-to-one disposition; HOST-ZSTD retains L1-FEAT-ZSTD GAP evidence instead of a nonexistent V2 group pointer.
P3F-CLOSURE-0536	L4-REG-4A6342C72D86033D	HOST-MACHO-UNRESOLVED-REGION	tmp/phase3c-evidence/binary-region-ledger.tsv	host-macho-unresolved-region	Phase 3c region classification=UNRESOLVED	bind the equivalent V2 interval to terminal feature evidence or rule the pure host interval out of target-artifact/literal gate	RULED-OUT-OF-GATE	tmp/phase3f-evidence/agents/binary-analysis/host-t5/historical-region-disposition.tsv::L4-REG-4A6342C72D86033D	tmp/phase3f-evidence/agents/binary-analysis/host-t5/historical-region-disposition.tsv::L4-REG-4A6342C72D86033D;tmp/phase3f-evidence/agents/binary-analysis/host-t5/negative-path-disposition.tsv;tmp/phase3f-evidence/agents/binary-analysis/host-t5/host-byte-disposition.tsv;tmp/phase3f-evidence/agents/binary-analysis/host-t5/decision-record.tsv::P3F-T5-HOST-MACHO;tmp/phase3f-evidence/agents/binary-analysis/host-t5/negative-space-candidates.tsv	group=GCC-LTO-DUMP;side=WCH;path=bin/riscv32-wch-elf-lto-dump;offset=0..55654304;closure_event=P3F-EVENT-1937;After all 1,340 functional intervals were terminally adjudicated (748 feature-mapped, 388 host-ABI, 204 host-data) and negative-space candidates mapped, the remaining historical whole-host attribution obligation is outside the target-artifact/observable-literal gate.;Rule anchor: AGENTS.md observable boundary. Rejected alternative: full function attribution across 47 stripped Mach-O paths/four builds, at high cost without stronger target-artifact assurance. Each historical row has a one-to-one disposition; HOST-ZSTD retains L1-FEAT-ZSTD GAP evidence instead of a nonexistent V2 group pointer.
P3F-CLOSURE-0537	L4-REG-4C1B9B90AD27F7A2	HOST-MACHO-UNRESOLVED-REGION	tmp/phase3c-evidence/binary-region-ledger.tsv	host-macho-unresolved-region	Phase 3c region classification=UNRESOLVED	bind the equivalent V2 interval to terminal feature evidence or rule the pure host interval out of target-artifact/literal gate	RULED-OUT-OF-GATE	tmp/phase3f-evidence/agents/binary-analysis/host-t5/historical-region-disposition.tsv::L4-REG-4C1B9B90AD27F7A2	tmp/phase3f-evidence/agents/binary-analysis/host-t5/historical-region-disposition.tsv::L4-REG-4C1B9B90AD27F7A2;tmp/phase3f-evidence/agents/binary-analysis/host-t5/negative-path-disposition.tsv;tmp/phase3f-evidence/agents/binary-analysis/host-t5/host-byte-disposition.tsv;tmp/phase3f-evidence/agents/binary-analysis/host-t5/decision-record.tsv::P3F-T5-HOST-MACHO;tmp/phase3f-evidence/agents/binary-analysis/host-t5/negative-space-candidates.tsv	group=BINUTILS-SIZE;side=WCH;path=bin/riscv32-wch-elf-size;offset=0..957024;closure_event=P3F-EVENT-1938;After all 1,340 functional intervals were terminally adjudicated (748 feature-mapped, 388 host-ABI, 204 host-data) and negative-space candidates mapped, the remaining historical whole-host attribution obligation is outside the target-artifact/observable-literal gate.;Rule anchor: AGENTS.md observable boundary. Rejected alternative: full function attribution across 47 stripped Mach-O paths/four builds, at high cost without stronger target-artifact assurance. Each historical row has a one-to-one disposition; HOST-ZSTD retains L1-FEAT-ZSTD GAP evidence instead of a nonexistent V2 group pointer.
P3F-CLOSURE-0538	L4-REG-4C4F4A667C9F416C	HOST-MACHO-UNRESOLVED-REGION	tmp/phase3c-evidence/binary-region-ledger.tsv	host-macho-unresolved-region	Phase 3c region classification=UNRESOLVED	bind the equivalent V2 interval to terminal feature evidence or rule the pure host interval out of target-artifact/literal gate	RULED-OUT-OF-GATE	tmp/phase3f-evidence/agents/binary-analysis/host-t5/historical-region-disposition.tsv::L4-REG-4C4F4A667C9F416C	tmp/phase3f-evidence/agents/binary-analysis/host-t5/historical-region-disposition.tsv::L4-REG-4C4F4A667C9F416C;tmp/phase3f-evidence/agents/binary-analysis/host-t5/negative-path-disposition.tsv;tmp/phase3f-evidence/agents/binary-analysis/host-t5/host-byte-disposition.tsv;tmp/phase3f-evidence/agents/binary-analysis/host-t5/decision-record.tsv::P3F-T5-HOST-MACHO;tmp/phase3f-evidence/agents/binary-analysis/host-t5/negative-space-candidates.tsv	group=BINUTILS-READELF;side=WCH;path=bin/riscv32-wch-elf-readelf;offset=0..960416;closure_event=P3F-EVENT-1939;After all 1,340 functional intervals were terminally adjudicated (748 feature-mapped, 388 host-ABI, 204 host-data) and negative-space candidates mapped, the remaining historical whole-host attribution obligation is outside the target-artifact/observable-literal gate.;Rule anchor: AGENTS.md observable boundary. Rejected alternative: full function attribution across 47 stripped Mach-O paths/four builds, at high cost without stronger target-artifact assurance. Each historical row has a one-to-one disposition; HOST-ZSTD retains L1-FEAT-ZSTD GAP evidence instead of a nonexistent V2 group pointer.
P3F-CLOSURE-0539	L4-REG-4E8EB7BAC3EA366A	HOST-MACHO-UNRESOLVED-REGION	tmp/phase3c-evidence/binary-region-ledger.tsv	host-macho-unresolved-region	Phase 3c region classification=UNRESOLVED	bind the equivalent V2 interval to terminal feature evidence or rule the pure host interval out of target-artifact/literal gate	RULED-OUT-OF-GATE	tmp/phase3f-evidence/agents/binary-analysis/host-t5/historical-region-disposition.tsv::L4-REG-4E8EB7BAC3EA366A	tmp/phase3f-evidence/agents/binary-analysis/host-t5/historical-region-disposition.tsv::L4-REG-4E8EB7BAC3EA366A;tmp/phase3f-evidence/agents/binary-analysis/host-t5/negative-path-disposition.tsv;tmp/phase3f-evidence/agents/binary-analysis/host-t5/host-byte-disposition.tsv;tmp/phase3f-evidence/agents/binary-analysis/host-t5/decision-record.tsv::P3F-T5-HOST-MACHO;tmp/phase3f-evidence/agents/binary-analysis/host-t5/negative-space-candidates.tsv	group=GCC-LTO-WRAPPER;side=UPSTREAM-MATCHED;path=libexec/gcc/riscv32-wch-elf/15.2.0/lto-wrapper;offset=0..2094800;closure_event=P3F-EVENT-1940;After all 1,340 functional intervals were terminally adjudicated (748 feature-mapped, 388 host-ABI, 204 host-data) and negative-space candidates mapped, the remaining historical whole-host attribution obligation is outside the target-artifact/observable-literal gate.;Rule anchor: AGENTS.md observable boundary. Rejected alternative: full function attribution across 47 stripped Mach-O paths/four builds, at high cost without stronger target-artifact assurance. Each historical row has a one-to-one disposition; HOST-ZSTD retains L1-FEAT-ZSTD GAP evidence instead of a nonexistent V2 group pointer.
P3F-CLOSURE-0540	L4-REG-4F0BBC74AC18923B	HOST-MACHO-UNRESOLVED-REGION	tmp/phase3c-evidence/binary-region-ledger.tsv	host-macho-unresolved-region	Phase 3c region classification=UNRESOLVED	bind the equivalent V2 interval to terminal feature evidence or rule the pure host interval out of target-artifact/literal gate	RULED-OUT-OF-GATE	tmp/phase3f-evidence/agents/binary-analysis/host-t5/historical-region-disposition.tsv::L4-REG-4F0BBC74AC18923B	tmp/phase3f-evidence/agents/binary-analysis/host-t5/historical-region-disposition.tsv::L4-REG-4F0BBC74AC18923B;tmp/phase3f-evidence/agents/binary-analysis/host-t5/negative-path-disposition.tsv;tmp/phase3f-evidence/agents/binary-analysis/host-t5/host-byte-disposition.tsv;tmp/phase3f-evidence/agents/binary-analysis/host-t5/decision-record.tsv::P3F-T5-HOST-MACHO;tmp/phase3f-evidence/agents/binary-analysis/host-t5/negative-space-candidates.tsv	group=GCC-LTO-TOOL-WRAPPERS;side=WCH;path=bin/riscv32-wch-elf-gcc-ranlib;offset=0..89936;closure_event=P3F-EVENT-1941;After all 1,340 functional intervals were terminally adjudicated (748 feature-mapped, 388 host-ABI, 204 host-data) and negative-space candidates mapped, the remaining historical whole-host attribution obligation is outside the target-artifact/observable-literal gate.;Rule anchor: AGENTS.md observable boundary. Rejected alternative: full function attribution across 47 stripped Mach-O paths/four builds, at high cost without stronger target-artifact assurance. Each historical row has a one-to-one disposition; HOST-ZSTD retains L1-FEAT-ZSTD GAP evidence instead of a nonexistent V2 group pointer.
P3F-CLOSURE-0541	L4-REG-54EDD1C43C3FDD44	HOST-MACHO-UNRESOLVED-REGION	tmp/phase3c-evidence/binary-region-ledger.tsv	host-macho-unresolved-region	Phase 3c region classification=UNRESOLVED	bind the equivalent V2 interval to terminal feature evidence or rule the pure host interval out of target-artifact/literal gate	RULED-OUT-OF-GATE	tmp/phase3f-evidence/agents/binary-analysis/host-t5/historical-region-disposition.tsv::L4-REG-54EDD1C43C3FDD44	tmp/phase3f-evidence/agents/binary-analysis/host-t5/historical-region-disposition.tsv::L4-REG-54EDD1C43C3FDD44;tmp/phase3f-evidence/agents/binary-analysis/host-t5/negative-path-disposition.tsv;tmp/phase3f-evidence/agents/binary-analysis/host-t5/host-byte-disposition.tsv;tmp/phase3f-evidence/agents/binary-analysis/host-t5/decision-record.tsv::P3F-T5-HOST-MACHO;tmp/phase3f-evidence/agents/binary-analysis/host-t5/negative-space-candidates.tsv	group=BINUTILS-READELF;side=UPSTREAM-MATCHED;path=riscv32-wch-elf/bin/readelf;offset=0..1017576;closure_event=P3F-EVENT-1942;After all 1,340 functional intervals were terminally adjudicated (748 feature-mapped, 388 host-ABI, 204 host-data) and negative-space candidates mapped, the remaining historical whole-host attribution obligation is outside the target-artifact/observable-literal gate.;Rule anchor: AGENTS.md observable boundary. Rejected alternative: full function attribution across 47 stripped Mach-O paths/four builds, at high cost without stronger target-artifact assurance. Each historical row has a one-to-one disposition; HOST-ZSTD retains L1-FEAT-ZSTD GAP evidence instead of a nonexistent V2 group pointer.
P3F-CLOSURE-0542	L4-REG-57AE20224E2B1D5A	HOST-MACHO-UNRESOLVED-REGION	tmp/phase3c-evidence/binary-region-ledger.tsv	host-macho-unresolved-region	Phase 3c region classification=UNRESOLVED	bind the equivalent V2 interval to terminal feature evidence or rule the pure host interval out of target-artifact/literal gate	RULED-OUT-OF-GATE	tmp/phase3f-evidence/agents/binary-analysis/host-t5/historical-region-disposition.tsv::L4-REG-57AE20224E2B1D5A	tmp/phase3f-evidence/agents/binary-analysis/host-t5/historical-region-disposition.tsv::L4-REG-57AE20224E2B1D5A;tmp/phase3f-evidence/agents/binary-analysis/host-t5/negative-path-disposition.tsv;tmp/phase3f-evidence/agents/binary-analysis/host-t5/host-byte-disposition.tsv;tmp/phase3f-evidence/agents/binary-analysis/host-t5/decision-record.tsv::P3F-T5-HOST-MACHO;tmp/phase3f-evidence/agents/binary-analysis/host-t5/negative-space-candidates.tsv	group=BINUTILS-ARCHIVE;side=UPSTREAM-MATCHED;path=bin/riscv32-wch-elf-ar;offset=0..1144992;closure_event=P3F-EVENT-1943;After all 1,340 functional intervals were terminally adjudicated (748 feature-mapped, 388 host-ABI, 204 host-data) and negative-space candidates mapped, the remaining historical whole-host attribution obligation is outside the target-artifact/observable-literal gate.;Rule anchor: AGENTS.md observable boundary. Rejected alternative: full function attribution across 47 stripped Mach-O paths/four builds, at high cost without stronger target-artifact assurance. Each historical row has a one-to-one disposition; HOST-ZSTD retains L1-FEAT-ZSTD GAP evidence instead of a nonexistent V2 group pointer.
P3F-CLOSURE-0543	L4-REG-5A814797DCEBAF9A	HOST-MACHO-UNRESOLVED-REGION	tmp/phase3c-evidence/binary-region-ledger.tsv	host-macho-unresolved-region	Phase 3c region classification=UNRESOLVED	bind the equivalent V2 interval to terminal feature evidence or rule the pure host interval out of target-artifact/literal gate	RULED-OUT-OF-GATE	tmp/phase3f-evidence/agents/binary-analysis/host-t5/historical-region-disposition.tsv::L4-REG-5A814797DCEBAF9A	tmp/phase3f-evidence/agents/binary-analysis/host-t5/historical-region-disposition.tsv::L4-REG-5A814797DCEBAF9A;tmp/phase3f-evidence/agents/binary-analysis/host-t5/negative-path-disposition.tsv;tmp/phase3f-evidence/agents/binary-analysis/host-t5/host-byte-disposition.tsv;tmp/phase3f-evidence/agents/binary-analysis/host-t5/decision-record.tsv::P3F-T5-HOST-MACHO;tmp/phase3f-evidence/agents/binary-analysis/host-t5/negative-space-candidates.tsv	group=BINUTILS-ARCHIVE;side=WCH;path=riscv32-wch-elf/bin/ranlib;offset=0..975424;closure_event=P3F-EVENT-1944;After all 1,340 functional intervals were terminally adjudicated (748 feature-mapped, 388 host-ABI, 204 host-data) and negative-space candidates mapped, the remaining historical whole-host attribution obligation is outside the target-artifact/observable-literal gate.;Rule anchor: AGENTS.md observable boundary. Rejected alternative: full function attribution across 47 stripped Mach-O paths/four builds, at high cost without stronger target-artifact assurance. Each historical row has a one-to-one disposition; HOST-ZSTD retains L1-FEAT-ZSTD GAP evidence instead of a nonexistent V2 group pointer.
P3F-CLOSURE-0544	L4-REG-5E1EAAC0A54D99ED	HOST-MACHO-UNRESOLVED-REGION	tmp/phase3c-evidence/binary-region-ledger.tsv	host-macho-unresolved-region	Phase 3c region classification=UNRESOLVED	bind the equivalent V2 interval to terminal feature evidence or rule the pure host interval out of target-artifact/literal gate	RULED-OUT-OF-GATE	tmp/phase3f-evidence/agents/binary-analysis/host-t5/historical-region-disposition.tsv::L4-REG-5E1EAAC0A54D99ED	tmp/phase3f-evidence/agents/binary-analysis/host-t5/historical-region-disposition.tsv::L4-REG-5E1EAAC0A54D99ED;tmp/phase3f-evidence/agents/binary-analysis/host-t5/negative-path-disposition.tsv;tmp/phase3f-evidence/agents/binary-analysis/host-t5/host-byte-disposition.tsv;tmp/phase3f-evidence/agents/binary-analysis/host-t5/decision-record.tsv::P3F-T5-HOST-MACHO;tmp/phase3f-evidence/agents/binary-analysis/host-t5/negative-space-candidates.tsv	group=GCC-LTO-PLUGIN;side=OURS;path=libexec/gcc/riscv32-wch-elf/15.2.0/liblto_plugin.so;offset=0..135664;closure_event=P3F-EVENT-1945;After all 1,340 functional intervals were terminally adjudicated (748 feature-mapped, 388 host-ABI, 204 host-data) and negative-space candidates mapped, the remaining historical whole-host attribution obligation is outside the target-artifact/observable-literal gate.;Rule anchor: AGENTS.md observable boundary. Rejected alternative: full function attribution across 47 stripped Mach-O paths/four builds, at high cost without stronger target-artifact assurance. Each historical row has a one-to-one disposition; HOST-ZSTD retains L1-FEAT-ZSTD GAP evidence instead of a nonexistent V2 group pointer.
P3F-CLOSURE-0545	L4-REG-6049C2A837EE5B11	HOST-MACHO-UNRESOLVED-REGION	tmp/phase3c-evidence/binary-region-ledger.tsv	host-macho-unresolved-region	Phase 3c region classification=UNRESOLVED	bind the equivalent V2 interval to terminal feature evidence or rule the pure host interval out of target-artifact/literal gate	RULED-OUT-OF-GATE	tmp/phase3f-evidence/agents/binary-analysis/host-t5/historical-region-disposition.tsv::L4-REG-6049C2A837EE5B11	tmp/phase3f-evidence/agents/binary-analysis/host-t5/historical-region-disposition.tsv::L4-REG-6049C2A837EE5B11;tmp/phase3f-evidence/agents/binary-analysis/host-t5/negative-path-disposition.tsv;tmp/phase3f-evidence/agents/binary-analysis/host-t5/host-byte-disposition.tsv;tmp/phase3f-evidence/agents/binary-analysis/host-t5/decision-record.tsv::P3F-T5-HOST-MACHO;tmp/phase3f-evidence/agents/binary-analysis/host-t5/negative-space-candidates.tsv	group=GCC-GCOV;side=UPSTREAM-MATCHED;path=bin/riscv32-wch-elf-gcov-dump;offset=0..1252456;closure_event=P3F-EVENT-1946;After all 1,340 functional intervals were terminally adjudicated (748 feature-mapped, 388 host-ABI, 204 host-data) and negative-space candidates mapped, the remaining historical whole-host attribution obligation is outside the target-artifact/observable-literal gate.;Rule anchor: AGENTS.md observable boundary. Rejected alternative: full function attribution across 47 stripped Mach-O paths/four builds, at high cost without stronger target-artifact assurance. Each historical row has a one-to-one disposition; HOST-ZSTD retains L1-FEAT-ZSTD GAP evidence instead of a nonexistent V2 group pointer.
P3F-CLOSURE-0546	L4-REG-60F255DF70D2E805	HOST-MACHO-UNRESOLVED-REGION	tmp/phase3c-evidence/binary-region-ledger.tsv	host-macho-unresolved-region	Phase 3c region classification=UNRESOLVED	bind the equivalent V2 interval to terminal feature evidence or rule the pure host interval out of target-artifact/literal gate	RULED-OUT-OF-GATE	tmp/phase3f-evidence/agents/binary-analysis/host-t5/historical-region-disposition.tsv::L4-REG-60F255DF70D2E805	tmp/phase3f-evidence/agents/binary-analysis/host-t5/historical-region-disposition.tsv::L4-REG-60F255DF70D2E805;tmp/phase3f-evidence/agents/binary-analysis/host-t5/negative-path-disposition.tsv;tmp/phase3f-evidence/agents/binary-analysis/host-t5/host-byte-disposition.tsv;tmp/phase3f-evidence/agents/binary-analysis/host-t5/decision-record.tsv::P3F-T5-HOST-MACHO;tmp/phase3f-evidence/agents/binary-analysis/host-t5/negative-space-candidates.tsv	group=BINUTILS-ARCHIVE;side=WCH;path=bin/riscv32-wch-elf-ar;offset=0..992016;closure_event=P3F-EVENT-1947;After all 1,340 functional intervals were terminally adjudicated (748 feature-mapped, 388 host-ABI, 204 host-data) and negative-space candidates mapped, the remaining historical whole-host attribution obligation is outside the target-artifact/observable-literal gate.;Rule anchor: AGENTS.md observable boundary. Rejected alternative: full function attribution across 47 stripped Mach-O paths/four builds, at high cost without stronger target-artifact assurance. Each historical row has a one-to-one disposition; HOST-ZSTD retains L1-FEAT-ZSTD GAP evidence instead of a nonexistent V2 group pointer.
P3F-CLOSURE-0547	L4-REG-64D3B24B8678871E	HOST-MACHO-UNRESOLVED-REGION	tmp/phase3c-evidence/binary-region-ledger.tsv	host-macho-unresolved-region	Phase 3c region classification=UNRESOLVED	bind the equivalent V2 interval to terminal feature evidence or rule the pure host interval out of target-artifact/literal gate	RULED-OUT-OF-GATE	tmp/phase3f-evidence/agents/binary-analysis/host-t5/historical-region-disposition.tsv::L4-REG-64D3B24B8678871E	tmp/phase3f-evidence/agents/binary-analysis/host-t5/historical-region-disposition.tsv::L4-REG-64D3B24B8678871E;tmp/phase3f-evidence/agents/binary-analysis/host-t5/negative-path-disposition.tsv;tmp/phase3f-evidence/agents/binary-analysis/host-t5/host-byte-disposition.tsv;tmp/phase3f-evidence/agents/binary-analysis/host-t5/decision-record.tsv::P3F-T5-HOST-MACHO;tmp/phase3f-evidence/agents/binary-analysis/host-t5/negative-space-candidates.tsv	group=GCC-COLLECT2;side=WCH;path=libexec/gcc/riscv32-wch-elf/15.2.0/collect2;offset=0..1088352;closure_event=P3F-EVENT-1948;After all 1,340 functional intervals were terminally adjudicated (748 feature-mapped, 388 host-ABI, 204 host-data) and negative-space candidates mapped, the remaining historical whole-host attribution obligation is outside the target-artifact/observable-literal gate.;Rule anchor: AGENTS.md observable boundary. Rejected alternative: full function attribution across 47 stripped Mach-O paths/four builds, at high cost without stronger target-artifact assurance. Each historical row has a one-to-one disposition; HOST-ZSTD retains L1-FEAT-ZSTD GAP evidence instead of a nonexistent V2 group pointer.
P3F-CLOSURE-0548	L4-REG-6775DDA0B1C13229	HOST-MACHO-UNRESOLVED-REGION	tmp/phase3c-evidence/binary-region-ledger.tsv	host-macho-unresolved-region	Phase 3c region classification=UNRESOLVED	bind the equivalent V2 interval to terminal feature evidence or rule the pure host interval out of target-artifact/literal gate	RULED-OUT-OF-GATE	tmp/phase3f-evidence/agents/binary-analysis/host-t5/historical-region-disposition.tsv::L4-REG-6775DDA0B1C13229	tmp/phase3f-evidence/agents/binary-analysis/host-t5/historical-region-disposition.tsv::L4-REG-6775DDA0B1C13229;tmp/phase3f-evidence/agents/binary-analysis/host-t5/negative-path-disposition.tsv;tmp/phase3f-evidence/agents/binary-analysis/host-t5/host-byte-disposition.tsv;tmp/phase3f-evidence/agents/binary-analysis/host-t5/decision-record.tsv::P3F-T5-HOST-MACHO;tmp/phase3f-evidence/agents/binary-analysis/host-t5/negative-space-candidates.tsv	group=BINUTILS-READELF;side=WCH;path=riscv32-wch-elf/bin/readelf;offset=0..960384;closure_event=P3F-EVENT-1949;After all 1,340 functional intervals were terminally adjudicated (748 feature-mapped, 388 host-ABI, 204 host-data) and negative-space candidates mapped, the remaining historical whole-host attribution obligation is outside the target-artifact/observable-literal gate.;Rule anchor: AGENTS.md observable boundary. Rejected alternative: full function attribution across 47 stripped Mach-O paths/four builds, at high cost without stronger target-artifact assurance. Each historical row has a one-to-one disposition; HOST-ZSTD retains L1-FEAT-ZSTD GAP evidence instead of a nonexistent V2 group pointer.
P3F-CLOSURE-0549	L4-REG-69ECFDDF88B9567B	HOST-MACHO-UNRESOLVED-REGION	tmp/phase3c-evidence/binary-region-ledger.tsv	host-macho-unresolved-region	Phase 3c region classification=UNRESOLVED	bind the equivalent V2 interval to terminal feature evidence or rule the pure host interval out of target-artifact/literal gate	RULED-OUT-OF-GATE	tmp/phase3f-evidence/agents/binary-analysis/host-t5/historical-region-disposition.tsv::L4-REG-69ECFDDF88B9567B	tmp/phase3f-evidence/agents/binary-analysis/host-t5/historical-region-disposition.tsv::L4-REG-69ECFDDF88B9567B;tmp/phase3f-evidence/agents/binary-analysis/host-t5/negative-path-disposition.tsv;tmp/phase3f-evidence/agents/binary-analysis/host-t5/host-byte-disposition.tsv;tmp/phase3f-evidence/agents/binary-analysis/host-t5/decision-record.tsv::P3F-T5-HOST-MACHO;tmp/phase3f-evidence/agents/binary-analysis/host-t5/negative-space-candidates.tsv	group=BINUTILS-LD;side=OURS;path=riscv32-wch-elf/bin/ld.bfd;offset=0..2131640;closure_event=P3F-EVENT-1950;After all 1,340 functional intervals were terminally adjudicated (748 feature-mapped, 388 host-ABI, 204 host-data) and negative-space candidates mapped, the remaining historical whole-host attribution obligation is outside the target-artifact/observable-literal gate.;Rule anchor: AGENTS.md observable boundary. Rejected alternative: full function attribution across 47 stripped Mach-O paths/four builds, at high cost without stronger target-artifact assurance. Each historical row has a one-to-one disposition; HOST-ZSTD retains L1-FEAT-ZSTD GAP evidence instead of a nonexistent V2 group pointer.
P3F-CLOSURE-0550	L4-REG-6B327B1EB6AC1CDA	HOST-MACHO-UNRESOLVED-REGION	tmp/phase3c-evidence/binary-region-ledger.tsv	host-macho-unresolved-region	Phase 3c region classification=UNRESOLVED	bind the equivalent V2 interval to terminal feature evidence or rule the pure host interval out of target-artifact/literal gate	RULED-OUT-OF-GATE	tmp/phase3f-evidence/agents/binary-analysis/host-t5/historical-region-disposition.tsv::L4-REG-6B327B1EB6AC1CDA	tmp/phase3f-evidence/agents/binary-analysis/host-t5/historical-region-disposition.tsv::L4-REG-6B327B1EB6AC1CDA;tmp/phase3f-evidence/agents/binary-analysis/host-t5/negative-path-disposition.tsv;tmp/phase3f-evidence/agents/binary-analysis/host-t5/host-byte-disposition.tsv;tmp/phase3f-evidence/agents/binary-analysis/host-t5/decision-record.tsv::P3F-T5-HOST-MACHO;tmp/phase3f-evidence/agents/binary-analysis/host-t5/negative-space-candidates.tsv	group=BINUTILS-STRINGS;side=OURS;path=bin/riscv32-wch-elf-strings;offset=0..1108152;closure_event=P3F-EVENT-1951;After all 1,340 functional intervals were terminally adjudicated (748 feature-mapped, 388 host-ABI, 204 host-data) and negative-space candidates mapped, the remaining historical whole-host attribution obligation is outside the target-artifact/observable-literal gate.;Rule anchor: AGENTS.md observable boundary. Rejected alternative: full function attribution across 47 stripped Mach-O paths/four builds, at high cost without stronger target-artifact assurance. Each historical row has a one-to-one disposition; HOST-ZSTD retains L1-FEAT-ZSTD GAP evidence instead of a nonexistent V2 group pointer.
P3F-CLOSURE-0551	L4-REG-6D39BD205528048D	HOST-MACHO-UNRESOLVED-REGION	tmp/phase3c-evidence/binary-region-ledger.tsv	host-macho-unresolved-region	Phase 3c region classification=UNRESOLVED	bind the equivalent V2 interval to terminal feature evidence or rule the pure host interval out of target-artifact/literal gate	RULED-OUT-OF-GATE	tmp/phase3f-evidence/agents/binary-analysis/host-t5/historical-region-disposition.tsv::L4-REG-6D39BD205528048D	tmp/phase3f-evidence/agents/binary-analysis/host-t5/historical-region-disposition.tsv::L4-REG-6D39BD205528048D;tmp/phase3f-evidence/agents/binary-analysis/host-t5/negative-path-disposition.tsv;tmp/phase3f-evidence/agents/binary-analysis/host-t5/host-byte-disposition.tsv;tmp/phase3f-evidence/agents/binary-analysis/host-t5/decision-record.tsv::P3F-T5-HOST-MACHO;tmp/phase3f-evidence/agents/binary-analysis/host-t5/negative-space-candidates.tsv	group=BINUTILS-BFD-PLUGINS;side=UPSTREAM-P2;path=lib/bfd-plugins/libdep.so;offset=0..51576;closure_event=P3F-EVENT-1952;After all 1,340 functional intervals were terminally adjudicated (748 feature-mapped, 388 host-ABI, 204 host-data) and negative-space candidates mapped, the remaining historical whole-host attribution obligation is outside the target-artifact/observable-literal gate.;Rule anchor: AGENTS.md observable boundary. Rejected alternative: full function attribution across 47 stripped Mach-O paths/four builds, at high cost without stronger target-artifact assurance. Each historical row has a one-to-one disposition; HOST-ZSTD retains L1-FEAT-ZSTD GAP evidence instead of a nonexistent V2 group pointer.
P3F-CLOSURE-0552	L4-REG-70B210EECDA1B9A1	HOST-MACHO-UNRESOLVED-REGION	tmp/phase3c-evidence/binary-region-ledger.tsv	host-macho-unresolved-region	Phase 3c region classification=UNRESOLVED	bind the equivalent V2 interval to terminal feature evidence or rule the pure host interval out of target-artifact/literal gate	RULED-OUT-OF-GATE	tmp/phase3f-evidence/agents/binary-analysis/host-t5/historical-region-disposition.tsv::L4-REG-70B210EECDA1B9A1	tmp/phase3f-evidence/agents/binary-analysis/host-t5/historical-region-disposition.tsv::L4-REG-70B210EECDA1B9A1;tmp/phase3f-evidence/agents/binary-analysis/host-t5/negative-path-disposition.tsv;tmp/phase3f-evidence/agents/binary-analysis/host-t5/host-byte-disposition.tsv;tmp/phase3f-evidence/agents/binary-analysis/host-t5/decision-record.tsv::P3F-T5-HOST-MACHO;tmp/phase3f-evidence/agents/binary-analysis/host-t5/negative-space-candidates.tsv	group=BINUTILS-GPROF;side=UPSTREAM-P2;path=bin/riscv32-wch-elf-gprof;offset=0..1173064;closure_event=P3F-EVENT-1953;After all 1,340 functional intervals were terminally adjudicated (748 feature-mapped, 388 host-ABI, 204 host-data) and negative-space candidates mapped, the remaining historical whole-host attribution obligation is outside the target-artifact/observable-literal gate.;Rule anchor: AGENTS.md observable boundary. Rejected alternative: full function attribution across 47 stripped Mach-O paths/four builds, at high cost without stronger target-artifact assurance. Each historical row has a one-to-one disposition; HOST-ZSTD retains L1-FEAT-ZSTD GAP evidence instead of a nonexistent V2 group pointer.
P3F-CLOSURE-0553	L4-REG-76090F8D6236CF2E	HOST-MACHO-UNRESOLVED-REGION	tmp/phase3c-evidence/binary-region-ledger.tsv	host-macho-unresolved-region	Phase 3c region classification=UNRESOLVED	bind the equivalent V2 interval to terminal feature evidence or rule the pure host interval out of target-artifact/literal gate	RULED-OUT-OF-GATE	tmp/phase3f-evidence/agents/binary-analysis/host-t5/historical-region-disposition.tsv::L4-REG-76090F8D6236CF2E	tmp/phase3f-evidence/agents/binary-analysis/host-t5/historical-region-disposition.tsv::L4-REG-76090F8D6236CF2E;tmp/phase3f-evidence/agents/binary-analysis/host-t5/negative-path-disposition.tsv;tmp/phase3f-evidence/agents/binary-analysis/host-t5/host-byte-disposition.tsv;tmp/phase3f-evidence/agents/binary-analysis/host-t5/decision-record.tsv::P3F-T5-HOST-MACHO;tmp/phase3f-evidence/agents/binary-analysis/host-t5/negative-space-candidates.tsv	group=BINUTILS-LD;side=OURS;path=bin/riscv32-wch-elf-ld;offset=0..2131640;closure_event=P3F-EVENT-1954;After all 1,340 functional intervals were terminally adjudicated (748 feature-mapped, 388 host-ABI, 204 host-data) and negative-space candidates mapped, the remaining historical whole-host attribution obligation is outside the target-artifact/observable-literal gate.;Rule anchor: AGENTS.md observable boundary. Rejected alternative: full function attribution across 47 stripped Mach-O paths/four builds, at high cost without stronger target-artifact assurance. Each historical row has a one-to-one disposition; HOST-ZSTD retains L1-FEAT-ZSTD GAP evidence instead of a nonexistent V2 group pointer.
P3F-CLOSURE-0554	L4-REG-772EFC1778D17CAE	HOST-MACHO-UNRESOLVED-REGION	tmp/phase3c-evidence/binary-region-ledger.tsv	host-macho-unresolved-region	Phase 3c region classification=UNRESOLVED	bind the equivalent V2 interval to terminal feature evidence or rule the pure host interval out of target-artifact/literal gate	RULED-OUT-OF-GATE	tmp/phase3f-evidence/agents/binary-analysis/host-t5/historical-region-disposition.tsv::L4-REG-772EFC1778D17CAE	tmp/phase3f-evidence/agents/binary-analysis/host-t5/historical-region-disposition.tsv::L4-REG-772EFC1778D17CAE;tmp/phase3f-evidence/agents/binary-analysis/host-t5/negative-path-disposition.tsv;tmp/phase3f-evidence/agents/binary-analysis/host-t5/host-byte-disposition.tsv;tmp/phase3f-evidence/agents/binary-analysis/host-t5/decision-record.tsv::P3F-T5-HOST-MACHO;tmp/phase3f-evidence/agents/binary-analysis/host-t5/negative-space-candidates.tsv	group=BINUTILS-ARCHIVE;side=UPSTREAM-MATCHED;path=riscv32-wch-elf/bin/ranlib;offset=0..1143880;closure_event=P3F-EVENT-1955;After all 1,340 functional intervals were terminally adjudicated (748 feature-mapped, 388 host-ABI, 204 host-data) and negative-space candidates mapped, the remaining historical whole-host attribution obligation is outside the target-artifact/observable-literal gate.;Rule anchor: AGENTS.md observable boundary. Rejected alternative: full function attribution across 47 stripped Mach-O paths/four builds, at high cost without stronger target-artifact assurance. Each historical row has a one-to-one disposition; HOST-ZSTD retains L1-FEAT-ZSTD GAP evidence instead of a nonexistent V2 group pointer.
P3F-CLOSURE-0555	L4-REG-7B76506125CBA38E	HOST-MACHO-UNRESOLVED-REGION	tmp/phase3c-evidence/binary-region-ledger.tsv	host-macho-unresolved-region	Phase 3c region classification=UNRESOLVED	bind the equivalent V2 interval to terminal feature evidence or rule the pure host interval out of target-artifact/literal gate	RULED-OUT-OF-GATE	tmp/phase3f-evidence/agents/binary-analysis/host-t5/historical-region-disposition.tsv::L4-REG-7B76506125CBA38E	tmp/phase3f-evidence/agents/binary-analysis/host-t5/historical-region-disposition.tsv::L4-REG-7B76506125CBA38E;tmp/phase3f-evidence/agents/binary-analysis/host-t5/negative-path-disposition.tsv;tmp/phase3f-evidence/agents/binary-analysis/host-t5/host-byte-disposition.tsv;tmp/phase3f-evidence/agents/binary-analysis/host-t5/decision-record.tsv::P3F-T5-HOST-MACHO;tmp/phase3f-evidence/agents/binary-analysis/host-t5/negative-space-candidates.tsv	group=BINUTILS-SIZE;side=UPSTREAM-MATCHED;path=bin/riscv32-wch-elf-size;offset=0..1115096;closure_event=P3F-EVENT-1956;After all 1,340 functional intervals were terminally adjudicated (748 feature-mapped, 388 host-ABI, 204 host-data) and negative-space candidates mapped, the remaining historical whole-host attribution obligation is outside the target-artifact/observable-literal gate.;Rule anchor: AGENTS.md observable boundary. Rejected alternative: full function attribution across 47 stripped Mach-O paths/four builds, at high cost without stronger target-artifact assurance. Each historical row has a one-to-one disposition; HOST-ZSTD retains L1-FEAT-ZSTD GAP evidence instead of a nonexistent V2 group pointer.
P3F-CLOSURE-0556	L4-REG-7C3E28847F4CEE24	HOST-MACHO-UNRESOLVED-REGION	tmp/phase3c-evidence/binary-region-ledger.tsv	host-macho-unresolved-region	Phase 3c region classification=UNRESOLVED	bind the equivalent V2 interval to terminal feature evidence or rule the pure host interval out of target-artifact/literal gate	RULED-OUT-OF-GATE	tmp/phase3f-evidence/agents/binary-analysis/host-t5/historical-region-disposition.tsv::L4-REG-7C3E28847F4CEE24	tmp/phase3f-evidence/agents/binary-analysis/host-t5/historical-region-disposition.tsv::L4-REG-7C3E28847F4CEE24;tmp/phase3f-evidence/agents/binary-analysis/host-t5/negative-path-disposition.tsv;tmp/phase3f-evidence/agents/binary-analysis/host-t5/host-byte-disposition.tsv;tmp/phase3f-evidence/agents/binary-analysis/host-t5/decision-record.tsv::P3F-T5-HOST-MACHO;tmp/phase3f-evidence/agents/binary-analysis/host-t5/negative-space-candidates.tsv	group=BINUTILS-NM;side=OURS;path=bin/riscv32-wch-elf-nm;offset=0..1113768;closure_event=P3F-EVENT-1957;After all 1,340 functional intervals were terminally adjudicated (748 feature-mapped, 388 host-ABI, 204 host-data) and negative-space candidates mapped, the remaining historical whole-host attribution obligation is outside the target-artifact/observable-literal gate.;Rule anchor: AGENTS.md observable boundary. Rejected alternative: full function attribution across 47 stripped Mach-O paths/four builds, at high cost without stronger target-artifact assurance. Each historical row has a one-to-one disposition; HOST-ZSTD retains L1-FEAT-ZSTD GAP evidence instead of a nonexistent V2 group pointer.
P3F-CLOSURE-0557	L4-REG-7EB2DE3612BF472C	HOST-MACHO-UNRESOLVED-REGION	tmp/phase3c-evidence/binary-region-ledger.tsv	host-macho-unresolved-region	Phase 3c region classification=UNRESOLVED	bind the equivalent V2 interval to terminal feature evidence or rule the pure host interval out of target-artifact/literal gate	RULED-OUT-OF-GATE	tmp/phase3f-evidence/agents/binary-analysis/host-t5/historical-region-disposition.tsv::L4-REG-7EB2DE3612BF472C	tmp/phase3f-evidence/agents/binary-analysis/host-t5/historical-region-disposition.tsv::L4-REG-7EB2DE3612BF472C;tmp/phase3f-evidence/agents/binary-analysis/host-t5/negative-path-disposition.tsv;tmp/phase3f-evidence/agents/binary-analysis/host-t5/host-byte-disposition.tsv;tmp/phase3f-evidence/agents/binary-analysis/host-t5/decision-record.tsv::P3F-T5-HOST-MACHO;tmp/phase3f-evidence/agents/binary-analysis/host-t5/negative-space-candidates.tsv	group=GCC-LTO-WRAPPER;side=UPSTREAM-P2;path=libexec/gcc/riscv32-wch-elf/15.2.0/lto-wrapper;offset=0..2090400;closure_event=P3F-EVENT-1958;After all 1,340 functional intervals were terminally adjudicated (748 feature-mapped, 388 host-ABI, 204 host-data) and negative-space candidates mapped, the remaining historical whole-host attribution obligation is outside the target-artifact/observable-literal gate.;Rule anchor: AGENTS.md observable boundary. Rejected alternative: full function attribution across 47 stripped Mach-O paths/four builds, at high cost without stronger target-artifact assurance. Each historical row has a one-to-one disposition; HOST-ZSTD retains L1-FEAT-ZSTD GAP evidence instead of a nonexistent V2 group pointer.
P3F-CLOSURE-0558	L4-REG-7ECAA765982FD767	HOST-MACHO-UNRESOLVED-REGION	tmp/phase3c-evidence/binary-region-ledger.tsv	host-macho-unresolved-region	Phase 3c region classification=UNRESOLVED	bind the equivalent V2 interval to terminal feature evidence or rule the pure host interval out of target-artifact/literal gate	RULED-OUT-OF-GATE	tmp/phase3f-evidence/agents/binary-analysis/host-t5/historical-region-disposition.tsv::L4-REG-7ECAA765982FD767	tmp/phase3f-evidence/agents/binary-analysis/host-t5/historical-region-disposition.tsv::L4-REG-7ECAA765982FD767;tmp/phase3f-evidence/agents/binary-analysis/host-t5/negative-path-disposition.tsv;tmp/phase3f-evidence/agents/binary-analysis/host-t5/host-byte-disposition.tsv;tmp/phase3f-evidence/agents/binary-analysis/host-t5/decision-record.tsv::P3F-T5-HOST-MACHO;tmp/phase3f-evidence/agents/binary-analysis/host-t5/negative-space-candidates.tsv	group=BINUTILS-OBJCOPY;side=OURS;path=bin/riscv32-wch-elf-objcopy;offset=0..1251592;closure_event=P3F-EVENT-1959;After all 1,340 functional intervals were terminally adjudicated (748 feature-mapped, 388 host-ABI, 204 host-data) and negative-space candidates mapped, the remaining historical whole-host attribution obligation is outside the target-artifact/observable-literal gate.;Rule anchor: AGENTS.md observable boundary. Rejected alternative: full function attribution across 47 stripped Mach-O paths/four builds, at high cost without stronger target-artifact assurance. Each historical row has a one-to-one disposition; HOST-ZSTD retains L1-FEAT-ZSTD GAP evidence instead of a nonexistent V2 group pointer.
P3F-CLOSURE-0559	L4-REG-86925662A54793B0	HOST-MACHO-UNRESOLVED-REGION	tmp/phase3c-evidence/binary-region-ledger.tsv	host-macho-unresolved-region	Phase 3c region classification=UNRESOLVED	bind the equivalent V2 interval to terminal feature evidence or rule the pure host interval out of target-artifact/literal gate	RULED-OUT-OF-GATE	tmp/phase3f-evidence/agents/binary-analysis/host-t5/historical-region-disposition.tsv::L4-REG-86925662A54793B0	tmp/phase3f-evidence/agents/binary-analysis/host-t5/historical-region-disposition.tsv::L4-REG-86925662A54793B0;tmp/phase3f-evidence/agents/binary-analysis/host-t5/negative-path-disposition.tsv;tmp/phase3f-evidence/agents/binary-analysis/host-t5/host-byte-disposition.tsv;tmp/phase3f-evidence/agents/binary-analysis/host-t5/decision-record.tsv::P3F-T5-HOST-MACHO;tmp/phase3f-evidence/agents/binary-analysis/host-t5/negative-space-candidates.tsv	group=BINUTILS-STRIP;side=WCH;path=bin/riscv32-wch-elf-strip;offset=0..1058432;closure_event=P3F-EVENT-1960;After all 1,340 functional intervals were terminally adjudicated (748 feature-mapped, 388 host-ABI, 204 host-data) and negative-space candidates mapped, the remaining historical whole-host attribution obligation is outside the target-artifact/observable-literal gate.;Rule anchor: AGENTS.md observable boundary. Rejected alternative: full function attribution across 47 stripped Mach-O paths/four builds, at high cost without stronger target-artifact assurance. Each historical row has a one-to-one disposition; HOST-ZSTD retains L1-FEAT-ZSTD GAP evidence instead of a nonexistent V2 group pointer.
P3F-CLOSURE-0560	L4-REG-8967B7122CDAE689	HOST-MACHO-UNRESOLVED-REGION	tmp/phase3c-evidence/binary-region-ledger.tsv	host-macho-unresolved-region	Phase 3c region classification=UNRESOLVED	bind the equivalent V2 interval to terminal feature evidence or rule the pure host interval out of target-artifact/literal gate	RULED-OUT-OF-GATE	tmp/phase3f-evidence/agents/binary-analysis/host-t5/historical-region-disposition.tsv::L4-REG-8967B7122CDAE689	tmp/phase3f-evidence/agents/binary-analysis/host-t5/historical-region-disposition.tsv::L4-REG-8967B7122CDAE689;tmp/phase3f-evidence/agents/binary-analysis/host-t5/negative-path-disposition.tsv;tmp/phase3f-evidence/agents/binary-analysis/host-t5/host-byte-disposition.tsv;tmp/phase3f-evidence/agents/binary-analysis/host-t5/decision-record.tsv::P3F-T5-HOST-MACHO;tmp/phase3f-evidence/agents/binary-analysis/host-t5/negative-space-candidates.tsv	group=BINUTILS-OBJCOPY;side=WCH;path=bin/riscv32-wch-elf-objcopy;offset=0..1075040;closure_event=P3F-EVENT-1961;After all 1,340 functional intervals were terminally adjudicated (748 feature-mapped, 388 host-ABI, 204 host-data) and negative-space candidates mapped, the remaining historical whole-host attribution obligation is outside the target-artifact/observable-literal gate.;Rule anchor: AGENTS.md observable boundary. Rejected alternative: full function attribution across 47 stripped Mach-O paths/four builds, at high cost without stronger target-artifact assurance. Each historical row has a one-to-one disposition; HOST-ZSTD retains L1-FEAT-ZSTD GAP evidence instead of a nonexistent V2 group pointer.
P3F-CLOSURE-0561	L4-REG-89EFE8DB56070D90	HOST-MACHO-UNRESOLVED-REGION	tmp/phase3c-evidence/binary-region-ledger.tsv	host-macho-unresolved-region	Phase 3c region classification=UNRESOLVED	bind the equivalent V2 interval to terminal feature evidence or rule the pure host interval out of target-artifact/literal gate	RULED-OUT-OF-GATE	tmp/phase3f-evidence/agents/binary-analysis/host-t5/historical-region-disposition.tsv::L4-REG-89EFE8DB56070D90	tmp/phase3f-evidence/agents/binary-analysis/host-t5/historical-region-disposition.tsv::L4-REG-89EFE8DB56070D90;tmp/phase3f-evidence/agents/binary-analysis/host-t5/negative-path-disposition.tsv;tmp/phase3f-evidence/agents/binary-analysis/host-t5/host-byte-disposition.tsv;tmp/phase3f-evidence/agents/binary-analysis/host-t5/decision-record.tsv::P3F-T5-HOST-MACHO;tmp/phase3f-evidence/agents/binary-analysis/host-t5/negative-space-candidates.tsv	group=BINUTILS-READELF;side=OURS;path=bin/riscv32-wch-elf-readelf;offset=0..1013160;closure_event=P3F-EVENT-1962;After all 1,340 functional intervals were terminally adjudicated (748 feature-mapped, 388 host-ABI, 204 host-data) and negative-space candidates mapped, the remaining historical whole-host attribution obligation is outside the target-artifact/observable-literal gate.;Rule anchor: AGENTS.md observable boundary. Rejected alternative: full function attribution across 47 stripped Mach-O paths/four builds, at high cost without stronger target-artifact assurance. Each historical row has a one-to-one disposition; HOST-ZSTD retains L1-FEAT-ZSTD GAP evidence instead of a nonexistent V2 group pointer.
P3F-CLOSURE-0562	L4-REG-8A1AFECF6C70E63D	HOST-MACHO-UNRESOLVED-REGION	tmp/phase3c-evidence/binary-region-ledger.tsv	host-macho-unresolved-region	Phase 3c region classification=UNRESOLVED	bind the equivalent V2 interval to terminal feature evidence or rule the pure host interval out of target-artifact/literal gate	RULED-OUT-OF-GATE	tmp/phase3f-evidence/agents/binary-analysis/host-t5/historical-region-disposition.tsv::L4-REG-8A1AFECF6C70E63D	tmp/phase3f-evidence/agents/binary-analysis/host-t5/historical-region-disposition.tsv::L4-REG-8A1AFECF6C70E63D;tmp/phase3f-evidence/agents/binary-analysis/host-t5/negative-path-disposition.tsv;tmp/phase3f-evidence/agents/binary-analysis/host-t5/host-byte-disposition.tsv;tmp/phase3f-evidence/agents/binary-analysis/host-t5/decision-record.tsv::P3F-T5-HOST-MACHO;tmp/phase3f-evidence/agents/binary-analysis/host-t5/negative-space-candidates.tsv	group=BINUTILS-ARCHIVE;side=UPSTREAM-P2;path=riscv32-wch-elf/bin/ar;offset=0..1138624;closure_event=P3F-EVENT-1963;After all 1,340 functional intervals were terminally adjudicated (748 feature-mapped, 388 host-ABI, 204 host-data) and negative-space candidates mapped, the remaining historical whole-host attribution obligation is outside the target-artifact/observable-literal gate.;Rule anchor: AGENTS.md observable boundary. Rejected alternative: full function attribution across 47 stripped Mach-O paths/four builds, at high cost without stronger target-artifact assurance. Each historical row has a one-to-one disposition; HOST-ZSTD retains L1-FEAT-ZSTD GAP evidence instead of a nonexistent V2 group pointer.
P3F-CLOSURE-0563	L4-REG-8A56E5B4BD217568	HOST-MACHO-UNRESOLVED-REGION	tmp/phase3c-evidence/binary-region-ledger.tsv	host-macho-unresolved-region	Phase 3c region classification=UNRESOLVED	bind the equivalent V2 interval to terminal feature evidence or rule the pure host interval out of target-artifact/literal gate	RULED-OUT-OF-GATE	tmp/phase3f-evidence/agents/binary-analysis/host-t5/historical-region-disposition.tsv::L4-REG-8A56E5B4BD217568	tmp/phase3f-evidence/agents/binary-analysis/host-t5/historical-region-disposition.tsv::L4-REG-8A56E5B4BD217568;tmp/phase3f-evidence/agents/binary-analysis/host-t5/negative-path-disposition.tsv;tmp/phase3f-evidence/agents/binary-analysis/host-t5/host-byte-disposition.tsv;tmp/phase3f-evidence/agents/binary-analysis/host-t5/decision-record.tsv::P3F-T5-HOST-MACHO;tmp/phase3f-evidence/agents/binary-analysis/host-t5/negative-space-candidates.tsv	group=BINUTILS-ARCHIVE;side=UPSTREAM-MATCHED;path=bin/riscv32-wch-elf-ranlib;offset=0..1143880;closure_event=P3F-EVENT-1964;After all 1,340 functional intervals were terminally adjudicated (748 feature-mapped, 388 host-ABI, 204 host-data) and negative-space candidates mapped, the remaining historical whole-host attribution obligation is outside the target-artifact/observable-literal gate.;Rule anchor: AGENTS.md observable boundary. Rejected alternative: full function attribution across 47 stripped Mach-O paths/four builds, at high cost without stronger target-artifact assurance. Each historical row has a one-to-one disposition; HOST-ZSTD retains L1-FEAT-ZSTD GAP evidence instead of a nonexistent V2 group pointer.
P3F-CLOSURE-0564	L4-REG-8A94EEFA02E4A51F	HOST-MACHO-UNRESOLVED-REGION	tmp/phase3c-evidence/binary-region-ledger.tsv	host-macho-unresolved-region	Phase 3c region classification=UNRESOLVED	bind the equivalent V2 interval to terminal feature evidence or rule the pure host interval out of target-artifact/literal gate	RULED-OUT-OF-GATE	tmp/phase3f-evidence/agents/binary-analysis/host-t5/historical-region-disposition.tsv::L4-REG-8A94EEFA02E4A51F	tmp/phase3f-evidence/agents/binary-analysis/host-t5/historical-region-disposition.tsv::L4-REG-8A94EEFA02E4A51F;tmp/phase3f-evidence/agents/binary-analysis/host-t5/negative-path-disposition.tsv;tmp/phase3f-evidence/agents/binary-analysis/host-t5/host-byte-disposition.tsv;tmp/phase3f-evidence/agents/binary-analysis/host-t5/decision-record.tsv::P3F-T5-HOST-MACHO;tmp/phase3f-evidence/agents/binary-analysis/host-t5/negative-space-candidates.tsv	group=GCC-GCOV;side=OURS;path=bin/riscv32-wch-elf-gcov-dump;offset=0..1249112;closure_event=P3F-EVENT-1965;After all 1,340 functional intervals were terminally adjudicated (748 feature-mapped, 388 host-ABI, 204 host-data) and negative-space candidates mapped, the remaining historical whole-host attribution obligation is outside the target-artifact/observable-literal gate.;Rule anchor: AGENTS.md observable boundary. Rejected alternative: full function attribution across 47 stripped Mach-O paths/four builds, at high cost without stronger target-artifact assurance. Each historical row has a one-to-one disposition; HOST-ZSTD retains L1-FEAT-ZSTD GAP evidence instead of a nonexistent V2 group pointer.
P3F-CLOSURE-0565	L4-REG-8BC344FB0C99E0E9	HOST-MACHO-UNRESOLVED-REGION	tmp/phase3c-evidence/binary-region-ledger.tsv	host-macho-unresolved-region	Phase 3c region classification=UNRESOLVED	bind the equivalent V2 interval to terminal feature evidence or rule the pure host interval out of target-artifact/literal gate	RULED-OUT-OF-GATE	tmp/phase3f-evidence/agents/binary-analysis/host-t5/historical-region-disposition.tsv::L4-REG-8BC344FB0C99E0E9	tmp/phase3f-evidence/agents/binary-analysis/host-t5/historical-region-disposition.tsv::L4-REG-8BC344FB0C99E0E9;tmp/phase3f-evidence/agents/binary-analysis/host-t5/negative-path-disposition.tsv;tmp/phase3f-evidence/agents/binary-analysis/host-t5/host-byte-disposition.tsv;tmp/phase3f-evidence/agents/binary-analysis/host-t5/decision-record.tsv::P3F-T5-HOST-MACHO;tmp/phase3f-evidence/agents/binary-analysis/host-t5/negative-space-candidates.tsv	group=GCC-LTO-TOOL-WRAPPERS;side=UPSTREAM-P2;path=bin/riscv32-wch-elf-gcc-ar;offset=0..83256;closure_event=P3F-EVENT-1966;After all 1,340 functional intervals were terminally adjudicated (748 feature-mapped, 388 host-ABI, 204 host-data) and negative-space candidates mapped, the remaining historical whole-host attribution obligation is outside the target-artifact/observable-literal gate.;Rule anchor: AGENTS.md observable boundary. Rejected alternative: full function attribution across 47 stripped Mach-O paths/four builds, at high cost without stronger target-artifact assurance. Each historical row has a one-to-one disposition; HOST-ZSTD retains L1-FEAT-ZSTD GAP evidence instead of a nonexistent V2 group pointer.
P3F-CLOSURE-0566	L4-REG-8C94C8853CDE59B5	HOST-MACHO-UNRESOLVED-REGION	tmp/phase3c-evidence/binary-region-ledger.tsv	host-macho-unresolved-region	Phase 3c region classification=UNRESOLVED	bind the equivalent V2 interval to terminal feature evidence or rule the pure host interval out of target-artifact/literal gate	RULED-OUT-OF-GATE	tmp/phase3f-evidence/agents/binary-analysis/host-t5/historical-region-disposition.tsv::L4-REG-8C94C8853CDE59B5	tmp/phase3f-evidence/agents/binary-analysis/host-t5/historical-region-disposition.tsv::L4-REG-8C94C8853CDE59B5;tmp/phase3f-evidence/agents/binary-analysis/host-t5/negative-path-disposition.tsv;tmp/phase3f-evidence/agents/binary-analysis/host-t5/host-byte-disposition.tsv;tmp/phase3f-evidence/agents/binary-analysis/host-t5/decision-record.tsv::P3F-T5-HOST-MACHO;tmp/phase3f-evidence/agents/binary-analysis/host-t5/negative-space-candidates.tsv	group=GCC-COLLECT2;side=UPSTREAM-MATCHED;path=libexec/gcc/riscv32-wch-elf/15.2.0/collect2;offset=0..1307304;closure_event=P3F-EVENT-1967;After all 1,340 functional intervals were terminally adjudicated (748 feature-mapped, 388 host-ABI, 204 host-data) and negative-space candidates mapped, the remaining historical whole-host attribution obligation is outside the target-artifact/observable-literal gate.;Rule anchor: AGENTS.md observable boundary. Rejected alternative: full function attribution across 47 stripped Mach-O paths/four builds, at high cost without stronger target-artifact assurance. Each historical row has a one-to-one disposition; HOST-ZSTD retains L1-FEAT-ZSTD GAP evidence instead of a nonexistent V2 group pointer.
P3F-CLOSURE-0567	L4-REG-90BC8135797BA429	HOST-MACHO-UNRESOLVED-REGION	tmp/phase3c-evidence/binary-region-ledger.tsv	host-macho-unresolved-region	Phase 3c region classification=UNRESOLVED	bind the equivalent V2 interval to terminal feature evidence or rule the pure host interval out of target-artifact/literal gate	RULED-OUT-OF-GATE	tmp/phase3f-evidence/agents/binary-analysis/host-t5/historical-region-disposition.tsv::L4-REG-90BC8135797BA429	tmp/phase3f-evidence/agents/binary-analysis/host-t5/historical-region-disposition.tsv::L4-REG-90BC8135797BA429;tmp/phase3f-evidence/agents/binary-analysis/host-t5/negative-path-disposition.tsv;tmp/phase3f-evidence/agents/binary-analysis/host-t5/host-byte-disposition.tsv;tmp/phase3f-evidence/agents/binary-analysis/host-t5/decision-record.tsv::P3F-T5-HOST-MACHO;tmp/phase3f-evidence/agents/binary-analysis/host-t5/negative-space-candidates.tsv	group=BINUTILS-ELFEDIT;side=WCH;path=bin/riscv32-wch-elf-elfedit;offset=0..88720;closure_event=P3F-EVENT-1968;After all 1,340 functional intervals were terminally adjudicated (748 feature-mapped, 388 host-ABI, 204 host-data) and negative-space candidates mapped, the remaining historical whole-host attribution obligation is outside the target-artifact/observable-literal gate.;Rule anchor: AGENTS.md observable boundary. Rejected alternative: full function attribution across 47 stripped Mach-O paths/four builds, at high cost without stronger target-artifact assurance. Each historical row has a one-to-one disposition; HOST-ZSTD retains L1-FEAT-ZSTD GAP evidence instead of a nonexistent V2 group pointer.
P3F-CLOSURE-0568	L4-REG-9170642100812CC7	HOST-MACHO-UNRESOLVED-REGION	tmp/phase3c-evidence/binary-region-ledger.tsv	host-macho-unresolved-region	Phase 3c region classification=UNRESOLVED	bind the equivalent V2 interval to terminal feature evidence or rule the pure host interval out of target-artifact/literal gate	RULED-OUT-OF-GATE	tmp/phase3f-evidence/agents/binary-analysis/host-t5/historical-region-disposition.tsv::L4-REG-9170642100812CC7	tmp/phase3f-evidence/agents/binary-analysis/host-t5/historical-region-disposition.tsv::L4-REG-9170642100812CC7;tmp/phase3f-evidence/agents/binary-analysis/host-t5/negative-path-disposition.tsv;tmp/phase3f-evidence/agents/binary-analysis/host-t5/host-byte-disposition.tsv;tmp/phase3f-evidence/agents/binary-analysis/host-t5/decision-record.tsv::P3F-T5-HOST-MACHO;tmp/phase3f-evidence/agents/binary-analysis/host-t5/negative-space-candidates.tsv	group=BINUTILS-LD;side=UPSTREAM-P2;path=riscv32-wch-elf/bin/ld.bfd;offset=0..2131400;closure_event=P3F-EVENT-1969;After all 1,340 functional intervals were terminally adjudicated (748 feature-mapped, 388 host-ABI, 204 host-data) and negative-space candidates mapped, the remaining historical whole-host attribution obligation is outside the target-artifact/observable-literal gate.;Rule anchor: AGENTS.md observable boundary. Rejected alternative: full function attribution across 47 stripped Mach-O paths/four builds, at high cost without stronger target-artifact assurance. Each historical row has a one-to-one disposition; HOST-ZSTD retains L1-FEAT-ZSTD GAP evidence instead of a nonexistent V2 group pointer.
P3F-CLOSURE-0569	L4-REG-918D39E95F6D8332	HOST-MACHO-UNRESOLVED-REGION	tmp/phase3c-evidence/binary-region-ledger.tsv	host-macho-unresolved-region	Phase 3c region classification=UNRESOLVED	bind the equivalent V2 interval to terminal feature evidence or rule the pure host interval out of target-artifact/literal gate	RULED-OUT-OF-GATE	tmp/phase3f-evidence/agents/binary-analysis/host-t5/historical-region-disposition.tsv::L4-REG-918D39E95F6D8332	tmp/phase3f-evidence/agents/binary-analysis/host-t5/historical-region-disposition.tsv::L4-REG-918D39E95F6D8332;tmp/phase3f-evidence/agents/binary-analysis/host-t5/negative-path-disposition.tsv;tmp/phase3f-evidence/agents/binary-analysis/host-t5/host-byte-disposition.tsv;tmp/phase3f-evidence/agents/binary-analysis/host-t5/decision-record.tsv::P3F-T5-HOST-MACHO;tmp/phase3f-evidence/agents/binary-analysis/host-t5/negative-space-candidates.tsv	group=GCC-GCOV;side=UPSTREAM-P2;path=bin/riscv32-wch-elf-gcov-tool;offset=0..1275176;closure_event=P3F-EVENT-1970;After all 1,340 functional intervals were terminally adjudicated (748 feature-mapped, 388 host-ABI, 204 host-data) and negative-space candidates mapped, the remaining historical whole-host attribution obligation is outside the target-artifact/observable-literal gate.;Rule anchor: AGENTS.md observable boundary. Rejected alternative: full function attribution across 47 stripped Mach-O paths/four builds, at high cost without stronger target-artifact assurance. Each historical row has a one-to-one disposition; HOST-ZSTD retains L1-FEAT-ZSTD GAP evidence instead of a nonexistent V2 group pointer.
P3F-CLOSURE-0570	L4-REG-92AE86384D4F49B0	HOST-MACHO-UNRESOLVED-REGION	tmp/phase3c-evidence/binary-region-ledger.tsv	host-macho-unresolved-region	Phase 3c region classification=UNRESOLVED	bind the equivalent V2 interval to terminal feature evidence or rule the pure host interval out of target-artifact/literal gate	RULED-OUT-OF-GATE	tmp/phase3f-evidence/agents/binary-analysis/host-t5/historical-region-disposition.tsv::L4-REG-92AE86384D4F49B0	tmp/phase3f-evidence/agents/binary-analysis/host-t5/historical-region-disposition.tsv::L4-REG-92AE86384D4F49B0;tmp/phase3f-evidence/agents/binary-analysis/host-t5/negative-path-disposition.tsv;tmp/phase3f-evidence/agents/binary-analysis/host-t5/host-byte-disposition.tsv;tmp/phase3f-evidence/agents/binary-analysis/host-t5/decision-record.tsv::P3F-T5-HOST-MACHO;tmp/phase3f-evidence/agents/binary-analysis/host-t5/negative-space-candidates.tsv	group=GCC-LTO-WRAPPER;side=WCH;path=libexec/gcc/riscv32-wch-elf/15.2.0/lto-wrapper;offset=0..1783280;closure_event=P3F-EVENT-1971;After all 1,340 functional intervals were terminally adjudicated (748 feature-mapped, 388 host-ABI, 204 host-data) and negative-space candidates mapped, the remaining historical whole-host attribution obligation is outside the target-artifact/observable-literal gate.;Rule anchor: AGENTS.md observable boundary. Rejected alternative: full function attribution across 47 stripped Mach-O paths/four builds, at high cost without stronger target-artifact assurance. Each historical row has a one-to-one disposition; HOST-ZSTD retains L1-FEAT-ZSTD GAP evidence instead of a nonexistent V2 group pointer.
P3F-CLOSURE-0571	L4-REG-948EAE61F537033F	HOST-MACHO-UNRESOLVED-REGION	tmp/phase3c-evidence/binary-region-ledger.tsv	host-macho-unresolved-region	Phase 3c region classification=UNRESOLVED	bind the equivalent V2 interval to terminal feature evidence or rule the pure host interval out of target-artifact/literal gate	RULED-OUT-OF-GATE	tmp/phase3f-evidence/agents/binary-analysis/host-t5/historical-region-disposition.tsv::L4-REG-948EAE61F537033F	tmp/phase3f-evidence/agents/binary-analysis/host-t5/historical-region-disposition.tsv::L4-REG-948EAE61F537033F;tmp/phase3f-evidence/agents/binary-analysis/host-t5/negative-path-disposition.tsv;tmp/phase3f-evidence/agents/binary-analysis/host-t5/host-byte-disposition.tsv;tmp/phase3f-evidence/agents/binary-analysis/host-t5/decision-record.tsv::P3F-T5-HOST-MACHO;tmp/phase3f-evidence/agents/binary-analysis/host-t5/negative-space-candidates.tsv	group=GCC-COLLECT2;side=UPSTREAM-P2;path=libexec/gcc/riscv32-wch-elf/15.2.0/collect2;offset=0..1303560;closure_event=P3F-EVENT-1972;After all 1,340 functional intervals were terminally adjudicated (748 feature-mapped, 388 host-ABI, 204 host-data) and negative-space candidates mapped, the remaining historical whole-host attribution obligation is outside the target-artifact/observable-literal gate.;Rule anchor: AGENTS.md observable boundary. Rejected alternative: full function attribution across 47 stripped Mach-O paths/four builds, at high cost without stronger target-artifact assurance. Each historical row has a one-to-one disposition; HOST-ZSTD retains L1-FEAT-ZSTD GAP evidence instead of a nonexistent V2 group pointer.
P3F-CLOSURE-0572	L4-REG-94B2D256DA25EF85	HOST-MACHO-UNRESOLVED-REGION	tmp/phase3c-evidence/binary-region-ledger.tsv	host-macho-unresolved-region	Phase 3c region classification=UNRESOLVED	bind the equivalent V2 interval to terminal feature evidence or rule the pure host interval out of target-artifact/literal gate	RULED-OUT-OF-GATE	tmp/phase3f-evidence/agents/binary-analysis/host-t5/historical-region-disposition.tsv::L4-REG-94B2D256DA25EF85	tmp/phase3f-evidence/agents/binary-analysis/host-t5/historical-region-disposition.tsv::L4-REG-94B2D256DA25EF85;tmp/phase3f-evidence/agents/binary-analysis/host-t5/negative-path-disposition.tsv;tmp/phase3f-evidence/agents/binary-analysis/host-t5/host-byte-disposition.tsv;tmp/phase3f-evidence/agents/binary-analysis/host-t5/decision-record.tsv::P3F-T5-HOST-MACHO;tmp/phase3f-evidence/agents/binary-analysis/host-t5/negative-space-candidates.tsv	group=BINUTILS-OBJCOPY;side=UPSTREAM-P2;path=bin/riscv32-wch-elf-objcopy;offset=0..1251512;closure_event=P3F-EVENT-1973;After all 1,340 functional intervals were terminally adjudicated (748 feature-mapped, 388 host-ABI, 204 host-data) and negative-space candidates mapped, the remaining historical whole-host attribution obligation is outside the target-artifact/observable-literal gate.;Rule anchor: AGENTS.md observable boundary. Rejected alternative: full function attribution across 47 stripped Mach-O paths/four builds, at high cost without stronger target-artifact assurance. Each historical row has a one-to-one disposition; HOST-ZSTD retains L1-FEAT-ZSTD GAP evidence instead of a nonexistent V2 group pointer.
P3F-CLOSURE-0573	L4-REG-9683429B334D21CA	HOST-MACHO-UNRESOLVED-REGION	tmp/phase3c-evidence/binary-region-ledger.tsv	host-macho-unresolved-region	Phase 3c region classification=UNRESOLVED	bind the equivalent V2 interval to terminal feature evidence or rule the pure host interval out of target-artifact/literal gate	RULED-OUT-OF-GATE	tmp/phase3f-evidence/agents/binary-analysis/host-t5/historical-region-disposition.tsv::L4-REG-9683429B334D21CA	tmp/phase3f-evidence/agents/binary-analysis/host-t5/historical-region-disposition.tsv::L4-REG-9683429B334D21CA;tmp/phase3f-evidence/agents/binary-analysis/host-t5/negative-path-disposition.tsv;tmp/phase3f-evidence/agents/binary-analysis/host-t5/host-byte-disposition.tsv;tmp/phase3f-evidence/agents/binary-analysis/host-t5/decision-record.tsv::P3F-T5-HOST-MACHO;tmp/phase3f-evidence/agents/binary-analysis/host-t5/negative-space-candidates.tsv	group=BINUTILS-LD;side=UPSTREAM-MATCHED;path=bin/riscv32-wch-elf-ld.bfd;offset=0..2142056;closure_event=P3F-EVENT-1974;After all 1,340 functional intervals were terminally adjudicated (748 feature-mapped, 388 host-ABI, 204 host-data) and negative-space candidates mapped, the remaining historical whole-host attribution obligation is outside the target-artifact/observable-literal gate.;Rule anchor: AGENTS.md observable boundary. Rejected alternative: full function attribution across 47 stripped Mach-O paths/four builds, at high cost without stronger target-artifact assurance. Each historical row has a one-to-one disposition; HOST-ZSTD retains L1-FEAT-ZSTD GAP evidence instead of a nonexistent V2 group pointer.
P3F-CLOSURE-0574	L4-REG-96A546392A61399A	HOST-MACHO-UNRESOLVED-REGION	tmp/phase3c-evidence/binary-region-ledger.tsv	host-macho-unresolved-region	Phase 3c region classification=UNRESOLVED	bind the equivalent V2 interval to terminal feature evidence or rule the pure host interval out of target-artifact/literal gate	RULED-OUT-OF-GATE	tmp/phase3f-evidence/agents/binary-analysis/host-t5/historical-region-disposition.tsv::L4-REG-96A546392A61399A	tmp/phase3f-evidence/agents/binary-analysis/host-t5/historical-region-disposition.tsv::L4-REG-96A546392A61399A;tmp/phase3f-evidence/agents/binary-analysis/host-t5/negative-path-disposition.tsv;tmp/phase3f-evidence/agents/binary-analysis/host-t5/host-byte-disposition.tsv;tmp/phase3f-evidence/agents/binary-analysis/host-t5/decision-record.tsv::P3F-T5-HOST-MACHO;tmp/phase3f-evidence/agents/binary-analysis/host-t5/negative-space-candidates.tsv	group=BINUTILS-OBJCOPY;side=UPSTREAM-MATCHED;path=bin/riscv32-wch-elf-objcopy;offset=0..1259176;closure_event=P3F-EVENT-1975;After all 1,340 functional intervals were terminally adjudicated (748 feature-mapped, 388 host-ABI, 204 host-data) and negative-space candidates mapped, the remaining historical whole-host attribution obligation is outside the target-artifact/observable-literal gate.;Rule anchor: AGENTS.md observable boundary. Rejected alternative: full function attribution across 47 stripped Mach-O paths/four builds, at high cost without stronger target-artifact assurance. Each historical row has a one-to-one disposition; HOST-ZSTD retains L1-FEAT-ZSTD GAP evidence instead of a nonexistent V2 group pointer.
P3F-CLOSURE-0575	L4-REG-975E24049B885BF5	HOST-MACHO-UNRESOLVED-REGION	tmp/phase3c-evidence/binary-region-ledger.tsv	host-macho-unresolved-region	Phase 3c region classification=UNRESOLVED	bind the equivalent V2 interval to terminal feature evidence or rule the pure host interval out of target-artifact/literal gate	RULED-OUT-OF-GATE	tmp/phase3f-evidence/agents/binary-analysis/host-t5/historical-region-disposition.tsv::L4-REG-975E24049B885BF5	tmp/phase3f-evidence/agents/binary-analysis/host-t5/historical-region-disposition.tsv::L4-REG-975E24049B885BF5;tmp/phase3f-evidence/agents/binary-analysis/host-t5/negative-path-disposition.tsv;tmp/phase3f-evidence/agents/binary-analysis/host-t5/host-byte-disposition.tsv;tmp/phase3f-evidence/agents/binary-analysis/host-t5/decision-record.tsv::P3F-T5-HOST-MACHO;tmp/phase3f-evidence/agents/binary-analysis/host-t5/negative-space-candidates.tsv	group=BINUTILS-ARCHIVE;side=UPSTREAM-P2;path=bin/riscv32-wch-elf-ar;offset=0..1138624;closure_event=P3F-EVENT-1976;After all 1,340 functional intervals were terminally adjudicated (748 feature-mapped, 388 host-ABI, 204 host-data) and negative-space candidates mapped, the remaining historical whole-host attribution obligation is outside the target-artifact/observable-literal gate.;Rule anchor: AGENTS.md observable boundary. Rejected alternative: full function attribution across 47 stripped Mach-O paths/four builds, at high cost without stronger target-artifact assurance. Each historical row has a one-to-one disposition; HOST-ZSTD retains L1-FEAT-ZSTD GAP evidence instead of a nonexistent V2 group pointer.
P3F-CLOSURE-0576	L4-REG-9A0D8BE9980906C0	HOST-MACHO-UNRESOLVED-REGION	tmp/phase3c-evidence/binary-region-ledger.tsv	host-macho-unresolved-region	Phase 3c region classification=UNRESOLVED	bind the equivalent V2 interval to terminal feature evidence or rule the pure host interval out of target-artifact/literal gate	RULED-OUT-OF-GATE	tmp/phase3f-evidence/agents/binary-analysis/host-t5/historical-region-disposition.tsv::L4-REG-9A0D8BE9980906C0	tmp/phase3f-evidence/agents/binary-analysis/host-t5/historical-region-disposition.tsv::L4-REG-9A0D8BE9980906C0;tmp/phase3f-evidence/agents/binary-analysis/host-t5/negative-path-disposition.tsv;tmp/phase3f-evidence/agents/binary-analysis/host-t5/host-byte-disposition.tsv;tmp/phase3f-evidence/agents/binary-analysis/host-t5/decision-record.tsv::P3F-T5-HOST-MACHO;tmp/phase3f-evidence/agents/binary-analysis/host-t5/negative-space-candidates.tsv	group=BINUTILS-NM;side=OURS;path=riscv32-wch-elf/bin/nm;offset=0..1113768;closure_event=P3F-EVENT-1977;After all 1,340 functional intervals were terminally adjudicated (748 feature-mapped, 388 host-ABI, 204 host-data) and negative-space candidates mapped, the remaining historical whole-host attribution obligation is outside the target-artifact/observable-literal gate.;Rule anchor: AGENTS.md observable boundary. Rejected alternative: full function attribution across 47 stripped Mach-O paths/four builds, at high cost without stronger target-artifact assurance. Each historical row has a one-to-one disposition; HOST-ZSTD retains L1-FEAT-ZSTD GAP evidence instead of a nonexistent V2 group pointer.
P3F-CLOSURE-0577	L4-REG-9DE6587747EA8C3B	HOST-MACHO-UNRESOLVED-REGION	tmp/phase3c-evidence/binary-region-ledger.tsv	host-macho-unresolved-region	Phase 3c region classification=UNRESOLVED	bind the equivalent V2 interval to terminal feature evidence or rule the pure host interval out of target-artifact/literal gate	RULED-OUT-OF-GATE	tmp/phase3f-evidence/agents/binary-analysis/host-t5/historical-region-disposition.tsv::L4-REG-9DE6587747EA8C3B	tmp/phase3f-evidence/agents/binary-analysis/host-t5/historical-region-disposition.tsv::L4-REG-9DE6587747EA8C3B;tmp/phase3f-evidence/agents/binary-analysis/host-t5/negative-path-disposition.tsv;tmp/phase3f-evidence/agents/binary-analysis/host-t5/host-byte-disposition.tsv;tmp/phase3f-evidence/agents/binary-analysis/host-t5/decision-record.tsv::P3F-T5-HOST-MACHO;tmp/phase3f-evidence/agents/binary-analysis/host-t5/negative-space-candidates.tsv	group=BINUTILS-BFD-PLUGINS;side=WCH;path=lib/bfd-plugins/libdep.so;offset=0..69360;closure_event=P3F-EVENT-1978;After all 1,340 functional intervals were terminally adjudicated (748 feature-mapped, 388 host-ABI, 204 host-data) and negative-space candidates mapped, the remaining historical whole-host attribution obligation is outside the target-artifact/observable-literal gate.;Rule anchor: AGENTS.md observable boundary. Rejected alternative: full function attribution across 47 stripped Mach-O paths/four builds, at high cost without stronger target-artifact assurance. Each historical row has a one-to-one disposition; HOST-ZSTD retains L1-FEAT-ZSTD GAP evidence instead of a nonexistent V2 group pointer.
P3F-CLOSURE-0578	L4-REG-A12B30AD38AEE379	HOST-MACHO-UNRESOLVED-REGION	tmp/phase3c-evidence/binary-region-ledger.tsv	host-macho-unresolved-region	Phase 3c region classification=UNRESOLVED	bind the equivalent V2 interval to terminal feature evidence or rule the pure host interval out of target-artifact/literal gate	RULED-OUT-OF-GATE	tmp/phase3f-evidence/agents/binary-analysis/host-t5/historical-region-disposition.tsv::L4-REG-A12B30AD38AEE379	tmp/phase3f-evidence/agents/binary-analysis/host-t5/historical-region-disposition.tsv::L4-REG-A12B30AD38AEE379;tmp/phase3f-evidence/agents/binary-analysis/host-t5/negative-path-disposition.tsv;tmp/phase3f-evidence/agents/binary-analysis/host-t5/host-byte-disposition.tsv;tmp/phase3f-evidence/agents/binary-analysis/host-t5/decision-record.tsv::P3F-T5-HOST-MACHO;tmp/phase3f-evidence/agents/binary-analysis/host-t5/negative-space-candidates.tsv	group=BINUTILS-STRINGS;side=UPSTREAM-MATCHED;path=bin/riscv32-wch-elf-strings;offset=0..1113960;closure_event=P3F-EVENT-1979;After all 1,340 functional intervals were terminally adjudicated (748 feature-mapped, 388 host-ABI, 204 host-data) and negative-space candidates mapped, the remaining historical whole-host attribution obligation is outside the target-artifact/observable-literal gate.;Rule anchor: AGENTS.md observable boundary. Rejected alternative: full function attribution across 47 stripped Mach-O paths/four builds, at high cost without stronger target-artifact assurance. Each historical row has a one-to-one disposition; HOST-ZSTD retains L1-FEAT-ZSTD GAP evidence instead of a nonexistent V2 group pointer.
P3F-CLOSURE-0579	L4-REG-A22E7CFC55E6198B	HOST-MACHO-UNRESOLVED-REGION	tmp/phase3c-evidence/binary-region-ledger.tsv	host-macho-unresolved-region	Phase 3c region classification=UNRESOLVED	bind the equivalent V2 interval to terminal feature evidence or rule the pure host interval out of target-artifact/literal gate	RULED-OUT-OF-GATE	tmp/phase3f-evidence/agents/binary-analysis/host-t5/historical-region-disposition.tsv::L4-REG-A22E7CFC55E6198B	tmp/phase3f-evidence/agents/binary-analysis/host-t5/historical-region-disposition.tsv::L4-REG-A22E7CFC55E6198B;tmp/phase3f-evidence/agents/binary-analysis/host-t5/negative-path-disposition.tsv;tmp/phase3f-evidence/agents/binary-analysis/host-t5/host-byte-disposition.tsv;tmp/phase3f-evidence/agents/binary-analysis/host-t5/decision-record.tsv::P3F-T5-HOST-MACHO;tmp/phase3f-evidence/agents/binary-analysis/host-t5/negative-space-candidates.tsv	group=BINUTILS-ELFEDIT;side=UPSTREAM-P2;path=bin/riscv32-wch-elf-elfedit;offset=0..78728;closure_event=P3F-EVENT-1980;After all 1,340 functional intervals were terminally adjudicated (748 feature-mapped, 388 host-ABI, 204 host-data) and negative-space candidates mapped, the remaining historical whole-host attribution obligation is outside the target-artifact/observable-literal gate.;Rule anchor: AGENTS.md observable boundary. Rejected alternative: full function attribution across 47 stripped Mach-O paths/four builds, at high cost without stronger target-artifact assurance. Each historical row has a one-to-one disposition; HOST-ZSTD retains L1-FEAT-ZSTD GAP evidence instead of a nonexistent V2 group pointer.
P3F-CLOSURE-0580	L4-REG-A380DFF9DE237F5A	HOST-MACHO-UNRESOLVED-REGION	tmp/phase3c-evidence/binary-region-ledger.tsv	host-macho-unresolved-region	Phase 3c region classification=UNRESOLVED	bind the equivalent V2 interval to terminal feature evidence or rule the pure host interval out of target-artifact/literal gate	RULED-OUT-OF-GATE	tmp/phase3f-evidence/agents/binary-analysis/host-t5/historical-region-disposition.tsv::L4-REG-A380DFF9DE237F5A	tmp/phase3f-evidence/agents/binary-analysis/host-t5/historical-region-disposition.tsv::L4-REG-A380DFF9DE237F5A;tmp/phase3f-evidence/agents/binary-analysis/host-t5/negative-path-disposition.tsv;tmp/phase3f-evidence/agents/binary-analysis/host-t5/host-byte-disposition.tsv;tmp/phase3f-evidence/agents/binary-analysis/host-t5/decision-record.tsv::P3F-T5-HOST-MACHO;tmp/phase3f-evidence/agents/binary-analysis/host-t5/negative-space-candidates.tsv	group=BINUTILS-READELF;side=UPSTREAM-MATCHED;path=bin/riscv32-wch-elf-readelf;offset=0..1017592;closure_event=P3F-EVENT-1981;After all 1,340 functional intervals were terminally adjudicated (748 feature-mapped, 388 host-ABI, 204 host-data) and negative-space candidates mapped, the remaining historical whole-host attribution obligation is outside the target-artifact/observable-literal gate.;Rule anchor: AGENTS.md observable boundary. Rejected alternative: full function attribution across 47 stripped Mach-O paths/four builds, at high cost without stronger target-artifact assurance. Each historical row has a one-to-one disposition; HOST-ZSTD retains L1-FEAT-ZSTD GAP evidence instead of a nonexistent V2 group pointer.
P3F-CLOSURE-0581	L4-REG-A3877AAA7EEF661A	HOST-MACHO-UNRESOLVED-REGION	tmp/phase3c-evidence/binary-region-ledger.tsv	host-macho-unresolved-region	Phase 3c region classification=UNRESOLVED	bind the equivalent V2 interval to terminal feature evidence or rule the pure host interval out of target-artifact/literal gate	RULED-OUT-OF-GATE	tmp/phase3f-evidence/agents/binary-analysis/host-t5/historical-region-disposition.tsv::L4-REG-A3877AAA7EEF661A	tmp/phase3f-evidence/agents/binary-analysis/host-t5/historical-region-disposition.tsv::L4-REG-A3877AAA7EEF661A;tmp/phase3f-evidence/agents/binary-analysis/host-t5/negative-path-disposition.tsv;tmp/phase3f-evidence/agents/binary-analysis/host-t5/host-byte-disposition.tsv;tmp/phase3f-evidence/agents/binary-analysis/host-t5/decision-record.tsv::P3F-T5-HOST-MACHO;tmp/phase3f-evidence/agents/binary-analysis/host-t5/negative-space-candidates.tsv	group=BINUTILS-C++FILT;side=UPSTREAM-P2;path=bin/riscv32-wch-elf-c++filt;offset=0..1106808;closure_event=P3F-EVENT-1982;After all 1,340 functional intervals were terminally adjudicated (748 feature-mapped, 388 host-ABI, 204 host-data) and negative-space candidates mapped, the remaining historical whole-host attribution obligation is outside the target-artifact/observable-literal gate.;Rule anchor: AGENTS.md observable boundary. Rejected alternative: full function attribution across 47 stripped Mach-O paths/four builds, at high cost without stronger target-artifact assurance. Each historical row has a one-to-one disposition; HOST-ZSTD retains L1-FEAT-ZSTD GAP evidence instead of a nonexistent V2 group pointer.
P3F-CLOSURE-0582	L4-REG-A4791A938FF6F636	HOST-MACHO-UNRESOLVED-REGION	tmp/phase3c-evidence/binary-region-ledger.tsv	host-macho-unresolved-region	Phase 3c region classification=UNRESOLVED	bind the equivalent V2 interval to terminal feature evidence or rule the pure host interval out of target-artifact/literal gate	RULED-OUT-OF-GATE	tmp/phase3f-evidence/agents/binary-analysis/host-t5/historical-region-disposition.tsv::L4-REG-A4791A938FF6F636	tmp/phase3f-evidence/agents/binary-analysis/host-t5/historical-region-disposition.tsv::L4-REG-A4791A938FF6F636;tmp/phase3f-evidence/agents/binary-analysis/host-t5/negative-path-disposition.tsv;tmp/phase3f-evidence/agents/binary-analysis/host-t5/host-byte-disposition.tsv;tmp/phase3f-evidence/agents/binary-analysis/host-t5/decision-record.tsv::P3F-T5-HOST-MACHO;tmp/phase3f-evidence/agents/binary-analysis/host-t5/negative-space-candidates.tsv	group=BINUTILS-LD;side=WCH;path=bin/riscv32-wch-elf-ld.bfd;offset=0..1882736;closure_event=P3F-EVENT-1983;After all 1,340 functional intervals were terminally adjudicated (748 feature-mapped, 388 host-ABI, 204 host-data) and negative-space candidates mapped, the remaining historical whole-host attribution obligation is outside the target-artifact/observable-literal gate.;Rule anchor: AGENTS.md observable boundary. Rejected alternative: full function attribution across 47 stripped Mach-O paths/four builds, at high cost without stronger target-artifact assurance. Each historical row has a one-to-one disposition; HOST-ZSTD retains L1-FEAT-ZSTD GAP evidence instead of a nonexistent V2 group pointer.
P3F-CLOSURE-0583	L4-REG-A94965F0FC543990	HOST-MACHO-UNRESOLVED-REGION	tmp/phase3c-evidence/binary-region-ledger.tsv	host-macho-unresolved-region	Phase 3c region classification=UNRESOLVED	bind the equivalent V2 interval to terminal feature evidence or rule the pure host interval out of target-artifact/literal gate	RULED-OUT-OF-GATE	tmp/phase3f-evidence/agents/binary-analysis/host-t5/historical-region-disposition.tsv::L4-REG-A94965F0FC543990	tmp/phase3f-evidence/agents/binary-analysis/host-t5/historical-region-disposition.tsv::L4-REG-A94965F0FC543990;tmp/phase3f-evidence/agents/binary-analysis/host-t5/negative-path-disposition.tsv;tmp/phase3f-evidence/agents/binary-analysis/host-t5/host-byte-disposition.tsv;tmp/phase3f-evidence/agents/binary-analysis/host-t5/decision-record.tsv::P3F-T5-HOST-MACHO;tmp/phase3f-evidence/agents/binary-analysis/host-t5/negative-space-candidates.tsv	group=BINUTILS-ELFEDIT;side=UPSTREAM-MATCHED;path=bin/riscv32-wch-elf-elfedit;offset=0..79704;closure_event=P3F-EVENT-1984;After all 1,340 functional intervals were terminally adjudicated (748 feature-mapped, 388 host-ABI, 204 host-data) and negative-space candidates mapped, the remaining historical whole-host attribution obligation is outside the target-artifact/observable-literal gate.;Rule anchor: AGENTS.md observable boundary. Rejected alternative: full function attribution across 47 stripped Mach-O paths/four builds, at high cost without stronger target-artifact assurance. Each historical row has a one-to-one disposition; HOST-ZSTD retains L1-FEAT-ZSTD GAP evidence instead of a nonexistent V2 group pointer.
P3F-CLOSURE-0584	L4-REG-A96100CCBEDBFEE5	HOST-MACHO-UNRESOLVED-REGION	tmp/phase3c-evidence/binary-region-ledger.tsv	host-macho-unresolved-region	Phase 3c region classification=UNRESOLVED	bind the equivalent V2 interval to terminal feature evidence or rule the pure host interval out of target-artifact/literal gate	RULED-OUT-OF-GATE	tmp/phase3f-evidence/agents/binary-analysis/host-t5/historical-region-disposition.tsv::L4-REG-A96100CCBEDBFEE5	tmp/phase3f-evidence/agents/binary-analysis/host-t5/historical-region-disposition.tsv::L4-REG-A96100CCBEDBFEE5;tmp/phase3f-evidence/agents/binary-analysis/host-t5/negative-path-disposition.tsv;tmp/phase3f-evidence/agents/binary-analysis/host-t5/host-byte-disposition.tsv;tmp/phase3f-evidence/agents/binary-analysis/host-t5/decision-record.tsv::P3F-T5-HOST-MACHO;tmp/phase3f-evidence/agents/binary-analysis/host-t5/negative-space-candidates.tsv	group=GCC-LTO-TOOL-WRAPPERS;side=UPSTREAM-P2;path=bin/riscv32-wch-elf-gcc-ranlib;offset=0..83240;closure_event=P3F-EVENT-1985;After all 1,340 functional intervals were terminally adjudicated (748 feature-mapped, 388 host-ABI, 204 host-data) and negative-space candidates mapped, the remaining historical whole-host attribution obligation is outside the target-artifact/observable-literal gate.;Rule anchor: AGENTS.md observable boundary. Rejected alternative: full function attribution across 47 stripped Mach-O paths/four builds, at high cost without stronger target-artifact assurance. Each historical row has a one-to-one disposition; HOST-ZSTD retains L1-FEAT-ZSTD GAP evidence instead of a nonexistent V2 group pointer.
P3F-CLOSURE-0585	L4-REG-AAE2AEA31D4836AC	HOST-MACHO-UNRESOLVED-REGION	tmp/phase3c-evidence/binary-region-ledger.tsv	host-macho-unresolved-region	Phase 3c region classification=UNRESOLVED	bind the equivalent V2 interval to terminal feature evidence or rule the pure host interval out of target-artifact/literal gate	RULED-OUT-OF-GATE	tmp/phase3f-evidence/agents/binary-analysis/host-t5/historical-region-disposition.tsv::L4-REG-AAE2AEA31D4836AC	tmp/phase3f-evidence/agents/binary-analysis/host-t5/historical-region-disposition.tsv::L4-REG-AAE2AEA31D4836AC;tmp/phase3f-evidence/agents/binary-analysis/host-t5/negative-path-disposition.tsv;tmp/phase3f-evidence/agents/binary-analysis/host-t5/host-byte-disposition.tsv;tmp/phase3f-evidence/agents/binary-analysis/host-t5/decision-record.tsv::P3F-T5-HOST-MACHO;tmp/phase3f-evidence/agents/binary-analysis/host-t5/negative-space-candidates.tsv	group=BINUTILS-ARCHIVE;side=WCH;path=bin/riscv32-wch-elf-ranlib;offset=0..975456;closure_event=P3F-EVENT-1986;After all 1,340 functional intervals were terminally adjudicated (748 feature-mapped, 388 host-ABI, 204 host-data) and negative-space candidates mapped, the remaining historical whole-host attribution obligation is outside the target-artifact/observable-literal gate.;Rule anchor: AGENTS.md observable boundary. Rejected alternative: full function attribution across 47 stripped Mach-O paths/four builds, at high cost without stronger target-artifact assurance. Each historical row has a one-to-one disposition; HOST-ZSTD retains L1-FEAT-ZSTD GAP evidence instead of a nonexistent V2 group pointer.
P3F-CLOSURE-0586	L4-REG-AB0935419A79041C	HOST-MACHO-UNRESOLVED-REGION	tmp/phase3c-evidence/binary-region-ledger.tsv	host-macho-unresolved-region	Phase 3c region classification=UNRESOLVED	bind the equivalent V2 interval to terminal feature evidence or rule the pure host interval out of target-artifact/literal gate	RULED-OUT-OF-GATE	tmp/phase3f-evidence/agents/binary-analysis/host-t5/historical-region-disposition.tsv::L4-REG-AB0935419A79041C	tmp/phase3f-evidence/agents/binary-analysis/host-t5/historical-region-disposition.tsv::L4-REG-AB0935419A79041C;tmp/phase3f-evidence/agents/binary-analysis/host-t5/negative-path-disposition.tsv;tmp/phase3f-evidence/agents/binary-analysis/host-t5/host-byte-disposition.tsv;tmp/phase3f-evidence/agents/binary-analysis/host-t5/decision-record.tsv::P3F-T5-HOST-MACHO;tmp/phase3f-evidence/agents/binary-analysis/host-t5/negative-space-candidates.tsv	group=BINUTILS-STRINGS;side=UPSTREAM-P2;path=bin/riscv32-wch-elf-strings;offset=0..1108072;closure_event=P3F-EVENT-1987;After all 1,340 functional intervals were terminally adjudicated (748 feature-mapped, 388 host-ABI, 204 host-data) and negative-space candidates mapped, the remaining historical whole-host attribution obligation is outside the target-artifact/observable-literal gate.;Rule anchor: AGENTS.md observable boundary. Rejected alternative: full function attribution across 47 stripped Mach-O paths/four builds, at high cost without stronger target-artifact assurance. Each historical row has a one-to-one disposition; HOST-ZSTD retains L1-FEAT-ZSTD GAP evidence instead of a nonexistent V2 group pointer.
P3F-CLOSURE-0587	L4-REG-AD5C75DE8149E6E0	HOST-MACHO-UNRESOLVED-REGION	tmp/phase3c-evidence/binary-region-ledger.tsv	host-macho-unresolved-region	Phase 3c region classification=UNRESOLVED	bind the equivalent V2 interval to terminal feature evidence or rule the pure host interval out of target-artifact/literal gate	RULED-OUT-OF-GATE	tmp/phase3f-evidence/agents/binary-analysis/host-t5/historical-region-disposition.tsv::L4-REG-AD5C75DE8149E6E0	tmp/phase3f-evidence/agents/binary-analysis/host-t5/historical-region-disposition.tsv::L4-REG-AD5C75DE8149E6E0;tmp/phase3f-evidence/agents/binary-analysis/host-t5/negative-path-disposition.tsv;tmp/phase3f-evidence/agents/binary-analysis/host-t5/host-byte-disposition.tsv;tmp/phase3f-evidence/agents/binary-analysis/host-t5/decision-record.tsv::P3F-T5-HOST-MACHO;tmp/phase3f-evidence/agents/binary-analysis/host-t5/negative-space-candidates.tsv	group=GCC-LTO-TOOL-WRAPPERS;side=UPSTREAM-MATCHED;path=bin/riscv32-wch-elf-gcc-ranlib;offset=0..83976;closure_event=P3F-EVENT-1988;After all 1,340 functional intervals were terminally adjudicated (748 feature-mapped, 388 host-ABI, 204 host-data) and negative-space candidates mapped, the remaining historical whole-host attribution obligation is outside the target-artifact/observable-literal gate.;Rule anchor: AGENTS.md observable boundary. Rejected alternative: full function attribution across 47 stripped Mach-O paths/four builds, at high cost without stronger target-artifact assurance. Each historical row has a one-to-one disposition; HOST-ZSTD retains L1-FEAT-ZSTD GAP evidence instead of a nonexistent V2 group pointer.
P3F-CLOSURE-0588	L4-REG-AE522E9AE8172FA9	HOST-MACHO-UNRESOLVED-REGION	tmp/phase3c-evidence/binary-region-ledger.tsv	host-macho-unresolved-region	Phase 3c region classification=UNRESOLVED	bind the equivalent V2 interval to terminal feature evidence or rule the pure host interval out of target-artifact/literal gate	RULED-OUT-OF-GATE	tmp/phase3f-evidence/agents/binary-analysis/host-t5/historical-region-disposition.tsv::L4-REG-AE522E9AE8172FA9	tmp/phase3f-evidence/agents/binary-analysis/host-t5/historical-region-disposition.tsv::L4-REG-AE522E9AE8172FA9;tmp/phase3f-evidence/agents/binary-analysis/host-t5/negative-path-disposition.tsv;tmp/phase3f-evidence/agents/binary-analysis/host-t5/host-byte-disposition.tsv;tmp/phase3f-evidence/agents/binary-analysis/host-t5/decision-record.tsv::P3F-T5-HOST-MACHO;tmp/phase3f-evidence/agents/binary-analysis/host-t5/negative-space-candidates.tsv	group=GCC-LTO-TOOL-WRAPPERS;side=OURS;path=bin/riscv32-wch-elf-gcc-ar;offset=0..83256;closure_event=P3F-EVENT-1989;After all 1,340 functional intervals were terminally adjudicated (748 feature-mapped, 388 host-ABI, 204 host-data) and negative-space candidates mapped, the remaining historical whole-host attribution obligation is outside the target-artifact/observable-literal gate.;Rule anchor: AGENTS.md observable boundary. Rejected alternative: full function attribution across 47 stripped Mach-O paths/four builds, at high cost without stronger target-artifact assurance. Each historical row has a one-to-one disposition; HOST-ZSTD retains L1-FEAT-ZSTD GAP evidence instead of a nonexistent V2 group pointer.
P3F-CLOSURE-0589	L4-REG-AEDDB35EB0C46C66	HOST-MACHO-UNRESOLVED-REGION	tmp/phase3c-evidence/binary-region-ledger.tsv	host-macho-unresolved-region	Phase 3c region classification=UNRESOLVED	bind the equivalent V2 interval to terminal feature evidence or rule the pure host interval out of target-artifact/literal gate	RULED-OUT-OF-GATE	tmp/phase3f-evidence/agents/binary-analysis/host-t5/historical-region-disposition.tsv::L4-REG-AEDDB35EB0C46C66	tmp/phase3f-evidence/agents/binary-analysis/host-t5/historical-region-disposition.tsv::L4-REG-AEDDB35EB0C46C66;tmp/phase3f-evidence/agents/binary-analysis/host-t5/negative-path-disposition.tsv;tmp/phase3f-evidence/agents/binary-analysis/host-t5/host-byte-disposition.tsv;tmp/phase3f-evidence/agents/binary-analysis/host-t5/decision-record.tsv::P3F-T5-HOST-MACHO;tmp/phase3f-evidence/agents/binary-analysis/host-t5/negative-space-candidates.tsv	group=BINUTILS-STRINGS;side=WCH;path=bin/riscv32-wch-elf-strings;offset=0..973600;closure_event=P3F-EVENT-1990;After all 1,340 functional intervals were terminally adjudicated (748 feature-mapped, 388 host-ABI, 204 host-data) and negative-space candidates mapped, the remaining historical whole-host attribution obligation is outside the target-artifact/observable-literal gate.;Rule anchor: AGENTS.md observable boundary. Rejected alternative: full function attribution across 47 stripped Mach-O paths/four builds, at high cost without stronger target-artifact assurance. Each historical row has a one-to-one disposition; HOST-ZSTD retains L1-FEAT-ZSTD GAP evidence instead of a nonexistent V2 group pointer.
P3F-CLOSURE-0590	L4-REG-B1ABEDE083AA143D	HOST-MACHO-UNRESOLVED-REGION	tmp/phase3c-evidence/binary-region-ledger.tsv	host-macho-unresolved-region	Phase 3c region classification=UNRESOLVED	bind the equivalent V2 interval to terminal feature evidence or rule the pure host interval out of target-artifact/literal gate	RULED-OUT-OF-GATE	tmp/phase3f-evidence/agents/binary-analysis/host-t5/historical-region-disposition.tsv::L4-REG-B1ABEDE083AA143D	tmp/phase3f-evidence/agents/binary-analysis/host-t5/historical-region-disposition.tsv::L4-REG-B1ABEDE083AA143D;tmp/phase3f-evidence/agents/binary-analysis/host-t5/negative-path-disposition.tsv;tmp/phase3f-evidence/agents/binary-analysis/host-t5/host-byte-disposition.tsv;tmp/phase3f-evidence/agents/binary-analysis/host-t5/decision-record.tsv::P3F-T5-HOST-MACHO;tmp/phase3f-evidence/agents/binary-analysis/host-t5/negative-space-candidates.tsv	group=GCC-GCOV;side=WCH;path=bin/riscv32-wch-elf-gcov;offset=0..1308608;closure_event=P3F-EVENT-1991;After all 1,340 functional intervals were terminally adjudicated (748 feature-mapped, 388 host-ABI, 204 host-data) and negative-space candidates mapped, the remaining historical whole-host attribution obligation is outside the target-artifact/observable-literal gate.;Rule anchor: AGENTS.md observable boundary. Rejected alternative: full function attribution across 47 stripped Mach-O paths/four builds, at high cost without stronger target-artifact assurance. Each historical row has a one-to-one disposition; HOST-ZSTD retains L1-FEAT-ZSTD GAP evidence instead of a nonexistent V2 group pointer.
P3F-CLOSURE-0591	L4-REG-B79609D9FEC90E70	HOST-MACHO-UNRESOLVED-REGION	tmp/phase3c-evidence/binary-region-ledger.tsv	host-macho-unresolved-region	Phase 3c region classification=UNRESOLVED	bind the equivalent V2 interval to terminal feature evidence or rule the pure host interval out of target-artifact/literal gate	RULED-OUT-OF-GATE	tmp/phase3f-evidence/agents/binary-analysis/host-t5/historical-region-disposition.tsv::L4-REG-B79609D9FEC90E70	tmp/phase3f-evidence/agents/binary-analysis/host-t5/historical-region-disposition.tsv::L4-REG-B79609D9FEC90E70;tmp/phase3f-evidence/agents/binary-analysis/host-t5/negative-path-disposition.tsv;tmp/phase3f-evidence/agents/binary-analysis/host-t5/host-byte-disposition.tsv;tmp/phase3f-evidence/agents/binary-analysis/host-t5/decision-record.tsv::P3F-T5-HOST-MACHO;tmp/phase3f-evidence/agents/binary-analysis/host-t5/negative-space-candidates.tsv	group=BINUTILS-READELF;side=OURS;path=riscv32-wch-elf/bin/readelf;offset=0..1013160;closure_event=P3F-EVENT-1992;After all 1,340 functional intervals were terminally adjudicated (748 feature-mapped, 388 host-ABI, 204 host-data) and negative-space candidates mapped, the remaining historical whole-host attribution obligation is outside the target-artifact/observable-literal gate.;Rule anchor: AGENTS.md observable boundary. Rejected alternative: full function attribution across 47 stripped Mach-O paths/four builds, at high cost without stronger target-artifact assurance. Each historical row has a one-to-one disposition; HOST-ZSTD retains L1-FEAT-ZSTD GAP evidence instead of a nonexistent V2 group pointer.
P3F-CLOSURE-0592	L4-REG-B8D9DB869E390283	HOST-MACHO-UNRESOLVED-REGION	tmp/phase3c-evidence/binary-region-ledger.tsv	host-macho-unresolved-region	Phase 3c region classification=UNRESOLVED	bind the equivalent V2 interval to terminal feature evidence or rule the pure host interval out of target-artifact/literal gate	RULED-OUT-OF-GATE	tmp/phase3f-evidence/agents/binary-analysis/host-t5/historical-region-disposition.tsv::L4-REG-B8D9DB869E390283	tmp/phase3f-evidence/agents/binary-analysis/host-t5/historical-region-disposition.tsv::L4-REG-B8D9DB869E390283;tmp/phase3f-evidence/agents/binary-analysis/host-t5/negative-path-disposition.tsv;tmp/phase3f-evidence/agents/binary-analysis/host-t5/host-byte-disposition.tsv;tmp/phase3f-evidence/agents/binary-analysis/host-t5/decision-record.tsv::P3F-T5-HOST-MACHO;tmp/phase3f-evidence/agents/binary-analysis/host-t5/negative-space-candidates.tsv	group=BINUTILS-STRIP;side=UPSTREAM-MATCHED;path=riscv32-wch-elf/bin/strip;offset=0..1221304;closure_event=P3F-EVENT-1993;After all 1,340 functional intervals were terminally adjudicated (748 feature-mapped, 388 host-ABI, 204 host-data) and negative-space candidates mapped, the remaining historical whole-host attribution obligation is outside the target-artifact/observable-literal gate.;Rule anchor: AGENTS.md observable boundary. Rejected alternative: full function attribution across 47 stripped Mach-O paths/four builds, at high cost without stronger target-artifact assurance. Each historical row has a one-to-one disposition; HOST-ZSTD retains L1-FEAT-ZSTD GAP evidence instead of a nonexistent V2 group pointer.
P3F-CLOSURE-0593	L4-REG-BA73E7231ECEE931	HOST-MACHO-UNRESOLVED-REGION	tmp/phase3c-evidence/binary-region-ledger.tsv	host-macho-unresolved-region	Phase 3c region classification=UNRESOLVED	bind the equivalent V2 interval to terminal feature evidence or rule the pure host interval out of target-artifact/literal gate	RULED-OUT-OF-GATE	tmp/phase3f-evidence/agents/binary-analysis/host-t5/historical-region-disposition.tsv::L4-REG-BA73E7231ECEE931	tmp/phase3f-evidence/agents/binary-analysis/host-t5/historical-region-disposition.tsv::L4-REG-BA73E7231ECEE931;tmp/phase3f-evidence/agents/binary-analysis/host-t5/negative-path-disposition.tsv;tmp/phase3f-evidence/agents/binary-analysis/host-t5/host-byte-disposition.tsv;tmp/phase3f-evidence/agents/binary-analysis/host-t5/decision-record.tsv::P3F-T5-HOST-MACHO;tmp/phase3f-evidence/agents/binary-analysis/host-t5/negative-space-candidates.tsv	group=BINUTILS-NM;side=UPSTREAM-MATCHED;path=bin/riscv32-wch-elf-nm;offset=0..1136424;closure_event=P3F-EVENT-1994;After all 1,340 functional intervals were terminally adjudicated (748 feature-mapped, 388 host-ABI, 204 host-data) and negative-space candidates mapped, the remaining historical whole-host attribution obligation is outside the target-artifact/observable-literal gate.;Rule anchor: AGENTS.md observable boundary. Rejected alternative: full function attribution across 47 stripped Mach-O paths/four builds, at high cost without stronger target-artifact assurance. Each historical row has a one-to-one disposition; HOST-ZSTD retains L1-FEAT-ZSTD GAP evidence instead of a nonexistent V2 group pointer.
P3F-CLOSURE-0594	L4-REG-BDB9F1532FD20386	HOST-MACHO-UNRESOLVED-REGION	tmp/phase3c-evidence/binary-region-ledger.tsv	host-macho-unresolved-region	Phase 3c region classification=UNRESOLVED	bind the equivalent V2 interval to terminal feature evidence or rule the pure host interval out of target-artifact/literal gate	RULED-OUT-OF-GATE	tmp/phase3f-evidence/agents/binary-analysis/host-t5/historical-region-disposition.tsv::L4-REG-BDB9F1532FD20386	tmp/phase3f-evidence/agents/binary-analysis/host-t5/historical-region-disposition.tsv::L4-REG-BDB9F1532FD20386;tmp/phase3f-evidence/agents/binary-analysis/host-t5/negative-path-disposition.tsv;tmp/phase3f-evidence/agents/binary-analysis/host-t5/host-byte-disposition.tsv;tmp/phase3f-evidence/agents/binary-analysis/host-t5/decision-record.tsv::P3F-T5-HOST-MACHO;tmp/phase3f-evidence/agents/binary-analysis/host-t5/negative-space-candidates.tsv	group=BINUTILS-LD;side=UPSTREAM-P2;path=bin/riscv32-wch-elf-ld;offset=0..2131400;closure_event=P3F-EVENT-1995;After all 1,340 functional intervals were terminally adjudicated (748 feature-mapped, 388 host-ABI, 204 host-data) and negative-space candidates mapped, the remaining historical whole-host attribution obligation is outside the target-artifact/observable-literal gate.;Rule anchor: AGENTS.md observable boundary. Rejected alternative: full function attribution across 47 stripped Mach-O paths/four builds, at high cost without stronger target-artifact assurance. Each historical row has a one-to-one disposition; HOST-ZSTD retains L1-FEAT-ZSTD GAP evidence instead of a nonexistent V2 group pointer.
P3F-CLOSURE-0595	L4-REG-BF83486D79B2CF86	HOST-MACHO-UNRESOLVED-REGION	tmp/phase3c-evidence/binary-region-ledger.tsv	host-macho-unresolved-region	Phase 3c region classification=UNRESOLVED	bind the equivalent V2 interval to terminal feature evidence or rule the pure host interval out of target-artifact/literal gate	RULED-OUT-OF-GATE	tmp/phase3f-evidence/agents/binary-analysis/host-t5/historical-region-disposition.tsv::L4-REG-BF83486D79B2CF86	tmp/phase3f-evidence/agents/binary-analysis/host-t5/historical-region-disposition.tsv::L4-REG-BF83486D79B2CF86;tmp/phase3f-evidence/agents/binary-analysis/host-t5/negative-path-disposition.tsv;tmp/phase3f-evidence/agents/binary-analysis/host-t5/host-byte-disposition.tsv;tmp/phase3f-evidence/agents/binary-analysis/host-t5/decision-record.tsv::P3F-T5-HOST-MACHO;tmp/phase3f-evidence/agents/binary-analysis/host-t5/negative-space-candidates.tsv	group=BINUTILS-ELFEDIT;side=OURS;path=bin/riscv32-wch-elf-elfedit;offset=0..78728;closure_event=P3F-EVENT-1996;After all 1,340 functional intervals were terminally adjudicated (748 feature-mapped, 388 host-ABI, 204 host-data) and negative-space candidates mapped, the remaining historical whole-host attribution obligation is outside the target-artifact/observable-literal gate.;Rule anchor: AGENTS.md observable boundary. Rejected alternative: full function attribution across 47 stripped Mach-O paths/four builds, at high cost without stronger target-artifact assurance. Each historical row has a one-to-one disposition; HOST-ZSTD retains L1-FEAT-ZSTD GAP evidence instead of a nonexistent V2 group pointer.
P3F-CLOSURE-0596	L4-REG-C1F59737848D9017	HOST-MACHO-UNRESOLVED-REGION	tmp/phase3c-evidence/binary-region-ledger.tsv	host-macho-unresolved-region	Phase 3c region classification=UNRESOLVED	bind the equivalent V2 interval to terminal feature evidence or rule the pure host interval out of target-artifact/literal gate	RULED-OUT-OF-GATE	tmp/phase3f-evidence/agents/binary-analysis/host-t5/historical-region-disposition.tsv::L4-REG-C1F59737848D9017	tmp/phase3f-evidence/agents/binary-analysis/host-t5/historical-region-disposition.tsv::L4-REG-C1F59737848D9017;tmp/phase3f-evidence/agents/binary-analysis/host-t5/negative-path-disposition.tsv;tmp/phase3f-evidence/agents/binary-analysis/host-t5/host-byte-disposition.tsv;tmp/phase3f-evidence/agents/binary-analysis/host-t5/decision-record.tsv::P3F-T5-HOST-MACHO;tmp/phase3f-evidence/agents/binary-analysis/host-t5/negative-space-candidates.tsv	group=BINUTILS-LD;side=UPSTREAM-MATCHED;path=riscv32-wch-elf/bin/ld;offset=0..2142032;closure_event=P3F-EVENT-1997;After all 1,340 functional intervals were terminally adjudicated (748 feature-mapped, 388 host-ABI, 204 host-data) and negative-space candidates mapped, the remaining historical whole-host attribution obligation is outside the target-artifact/observable-literal gate.;Rule anchor: AGENTS.md observable boundary. Rejected alternative: full function attribution across 47 stripped Mach-O paths/four builds, at high cost without stronger target-artifact assurance. Each historical row has a one-to-one disposition; HOST-ZSTD retains L1-FEAT-ZSTD GAP evidence instead of a nonexistent V2 group pointer.
P3F-CLOSURE-0597	L4-REG-C7164876CD077777	HOST-MACHO-UNRESOLVED-REGION	tmp/phase3c-evidence/binary-region-ledger.tsv	host-macho-unresolved-region	Phase 3c region classification=UNRESOLVED	bind the equivalent V2 interval to terminal feature evidence or rule the pure host interval out of target-artifact/literal gate	RULED-OUT-OF-GATE	tmp/phase3f-evidence/agents/binary-analysis/host-t5/historical-region-disposition.tsv::L4-REG-C7164876CD077777	tmp/phase3f-evidence/agents/binary-analysis/host-t5/historical-region-disposition.tsv::L4-REG-C7164876CD077777;tmp/phase3f-evidence/agents/binary-analysis/host-t5/negative-path-disposition.tsv;tmp/phase3f-evidence/agents/binary-analysis/host-t5/host-byte-disposition.tsv;tmp/phase3f-evidence/agents/binary-analysis/host-t5/decision-record.tsv::P3F-T5-HOST-MACHO;tmp/phase3f-evidence/agents/binary-analysis/host-t5/negative-space-candidates.tsv	group=BINUTILS-C++FILT;side=UPSTREAM-MATCHED;path=bin/riscv32-wch-elf-c++filt;offset=0..1112680;closure_event=P3F-EVENT-1998;After all 1,340 functional intervals were terminally adjudicated (748 feature-mapped, 388 host-ABI, 204 host-data) and negative-space candidates mapped, the remaining historical whole-host attribution obligation is outside the target-artifact/observable-literal gate.;Rule anchor: AGENTS.md observable boundary. Rejected alternative: full function attribution across 47 stripped Mach-O paths/four builds, at high cost without stronger target-artifact assurance. Each historical row has a one-to-one disposition; HOST-ZSTD retains L1-FEAT-ZSTD GAP evidence instead of a nonexistent V2 group pointer.
P3F-CLOSURE-0598	L4-REG-C718F1163CE69435	HOST-MACHO-UNRESOLVED-REGION	tmp/phase3c-evidence/binary-region-ledger.tsv	host-macho-unresolved-region	Phase 3c region classification=UNRESOLVED	bind the equivalent V2 interval to terminal feature evidence or rule the pure host interval out of target-artifact/literal gate	RULED-OUT-OF-GATE	tmp/phase3f-evidence/agents/binary-analysis/host-t5/historical-region-disposition.tsv::L4-REG-C718F1163CE69435	tmp/phase3f-evidence/agents/binary-analysis/host-t5/historical-region-disposition.tsv::L4-REG-C718F1163CE69435;tmp/phase3f-evidence/agents/binary-analysis/host-t5/negative-path-disposition.tsv;tmp/phase3f-evidence/agents/binary-analysis/host-t5/host-byte-disposition.tsv;tmp/phase3f-evidence/agents/binary-analysis/host-t5/decision-record.tsv::P3F-T5-HOST-MACHO;tmp/phase3f-evidence/agents/binary-analysis/host-t5/negative-space-candidates.tsv	group=GCC-LTO-PLUGIN;side=UPSTREAM-P2;path=libexec/gcc/riscv32-wch-elf/15.2.0/liblto_plugin.so;offset=0..135664;closure_event=P3F-EVENT-1999;After all 1,340 functional intervals were terminally adjudicated (748 feature-mapped, 388 host-ABI, 204 host-data) and negative-space candidates mapped, the remaining historical whole-host attribution obligation is outside the target-artifact/observable-literal gate.;Rule anchor: AGENTS.md observable boundary. Rejected alternative: full function attribution across 47 stripped Mach-O paths/four builds, at high cost without stronger target-artifact assurance. Each historical row has a one-to-one disposition; HOST-ZSTD retains L1-FEAT-ZSTD GAP evidence instead of a nonexistent V2 group pointer.
P3F-CLOSURE-0599	L4-REG-C7322F8A2E05B0B0	HOST-MACHO-UNRESOLVED-REGION	tmp/phase3c-evidence/binary-region-ledger.tsv	host-macho-unresolved-region	Phase 3c region classification=UNRESOLVED	bind the equivalent V2 interval to terminal feature evidence or rule the pure host interval out of target-artifact/literal gate	RULED-OUT-OF-GATE	tmp/phase3f-evidence/agents/binary-analysis/host-t5/historical-region-disposition.tsv::L4-REG-C7322F8A2E05B0B0	tmp/phase3f-evidence/agents/binary-analysis/host-t5/historical-region-disposition.tsv::L4-REG-C7322F8A2E05B0B0;tmp/phase3f-evidence/agents/binary-analysis/host-t5/negative-path-disposition.tsv;tmp/phase3f-evidence/agents/binary-analysis/host-t5/host-byte-disposition.tsv;tmp/phase3f-evidence/agents/binary-analysis/host-t5/decision-record.tsv::P3F-T5-HOST-MACHO;tmp/phase3f-evidence/agents/binary-analysis/host-t5/negative-space-candidates.tsv	group=GCC-GCOV;side=OURS;path=bin/riscv32-wch-elf-gcov;offset=0..1560200;closure_event=P3F-EVENT-2000;After all 1,340 functional intervals were terminally adjudicated (748 feature-mapped, 388 host-ABI, 204 host-data) and negative-space candidates mapped, the remaining historical whole-host attribution obligation is outside the target-artifact/observable-literal gate.;Rule anchor: AGENTS.md observable boundary. Rejected alternative: full function attribution across 47 stripped Mach-O paths/four builds, at high cost without stronger target-artifact assurance. Each historical row has a one-to-one disposition; HOST-ZSTD retains L1-FEAT-ZSTD GAP evidence instead of a nonexistent V2 group pointer.
P3F-CLOSURE-0600	L4-REG-C7B2259AD9E50888	HOST-MACHO-UNRESOLVED-REGION	tmp/phase3c-evidence/binary-region-ledger.tsv	host-macho-unresolved-region	Phase 3c region classification=UNRESOLVED	bind the equivalent V2 interval to terminal feature evidence or rule the pure host interval out of target-artifact/literal gate	RULED-OUT-OF-GATE	tmp/phase3f-evidence/agents/binary-analysis/host-t5/historical-region-disposition.tsv::L4-REG-C7B2259AD9E50888	tmp/phase3f-evidence/agents/binary-analysis/host-t5/historical-region-disposition.tsv::L4-REG-C7B2259AD9E50888;tmp/phase3f-evidence/agents/binary-analysis/host-t5/negative-path-disposition.tsv;tmp/phase3f-evidence/agents/binary-analysis/host-t5/host-byte-disposition.tsv;tmp/phase3f-evidence/agents/binary-analysis/host-t5/decision-record.tsv::P3F-T5-HOST-MACHO;tmp/phase3f-evidence/agents/binary-analysis/host-t5/negative-space-candidates.tsv	group=GCC-GCOV;side=UPSTREAM-MATCHED;path=bin/riscv32-wch-elf-gcov-tool;offset=0..1278664;closure_event=P3F-EVENT-2001;After all 1,340 functional intervals were terminally adjudicated (748 feature-mapped, 388 host-ABI, 204 host-data) and negative-space candidates mapped, the remaining historical whole-host attribution obligation is outside the target-artifact/observable-literal gate.;Rule anchor: AGENTS.md observable boundary. Rejected alternative: full function attribution across 47 stripped Mach-O paths/four builds, at high cost without stronger target-artifact assurance. Each historical row has a one-to-one disposition; HOST-ZSTD retains L1-FEAT-ZSTD GAP evidence instead of a nonexistent V2 group pointer.
P3F-CLOSURE-0601	L4-REG-CE4EAF61F1C898C5	HOST-MACHO-UNRESOLVED-REGION	tmp/phase3c-evidence/binary-region-ledger.tsv	host-macho-unresolved-region	Phase 3c region classification=UNRESOLVED	bind the equivalent V2 interval to terminal feature evidence or rule the pure host interval out of target-artifact/literal gate	RULED-OUT-OF-GATE	tmp/phase3f-evidence/agents/binary-analysis/host-t5/historical-region-disposition.tsv::L4-REG-CE4EAF61F1C898C5	tmp/phase3f-evidence/agents/binary-analysis/host-t5/historical-region-disposition.tsv::L4-REG-CE4EAF61F1C898C5;tmp/phase3f-evidence/agents/binary-analysis/host-t5/negative-path-disposition.tsv;tmp/phase3f-evidence/agents/binary-analysis/host-t5/host-byte-disposition.tsv;tmp/phase3f-evidence/agents/binary-analysis/host-t5/decision-record.tsv::P3F-T5-HOST-MACHO;tmp/phase3f-evidence/agents/binary-analysis/host-t5/negative-space-candidates.tsv	group=GCC-GCOV;side=WCH;path=bin/riscv32-wch-elf-gcov-tool;offset=0..1069856;closure_event=P3F-EVENT-2002;After all 1,340 functional intervals were terminally adjudicated (748 feature-mapped, 388 host-ABI, 204 host-data) and negative-space candidates mapped, the remaining historical whole-host attribution obligation is outside the target-artifact/observable-literal gate.;Rule anchor: AGENTS.md observable boundary. Rejected alternative: full function attribution across 47 stripped Mach-O paths/four builds, at high cost without stronger target-artifact assurance. Each historical row has a one-to-one disposition; HOST-ZSTD retains L1-FEAT-ZSTD GAP evidence instead of a nonexistent V2 group pointer.
P3F-CLOSURE-0602	L4-REG-D0F8AB4BF1DDDB85	HOST-MACHO-UNRESOLVED-REGION	tmp/phase3c-evidence/binary-region-ledger.tsv	host-macho-unresolved-region	Phase 3c region classification=UNRESOLVED	bind the equivalent V2 interval to terminal feature evidence or rule the pure host interval out of target-artifact/literal gate	RULED-OUT-OF-GATE	tmp/phase3f-evidence/agents/binary-analysis/host-t5/historical-region-disposition.tsv::L4-REG-D0F8AB4BF1DDDB85	tmp/phase3f-evidence/agents/binary-analysis/host-t5/historical-region-disposition.tsv::L4-REG-D0F8AB4BF1DDDB85;tmp/phase3f-evidence/agents/binary-analysis/host-t5/negative-path-disposition.tsv;tmp/phase3f-evidence/agents/binary-analysis/host-t5/host-byte-disposition.tsv;tmp/phase3f-evidence/agents/binary-analysis/host-t5/decision-record.tsv::P3F-T5-HOST-MACHO;tmp/phase3f-evidence/agents/binary-analysis/host-t5/negative-space-candidates.tsv	group=BINUTILS-READELF;side=UPSTREAM-P2;path=bin/riscv32-wch-elf-readelf;offset=0..1013160;closure_event=P3F-EVENT-2003;After all 1,340 functional intervals were terminally adjudicated (748 feature-mapped, 388 host-ABI, 204 host-data) and negative-space candidates mapped, the remaining historical whole-host attribution obligation is outside the target-artifact/observable-literal gate.;Rule anchor: AGENTS.md observable boundary. Rejected alternative: full function attribution across 47 stripped Mach-O paths/four builds, at high cost without stronger target-artifact assurance. Each historical row has a one-to-one disposition; HOST-ZSTD retains L1-FEAT-ZSTD GAP evidence instead of a nonexistent V2 group pointer.
P3F-CLOSURE-0603	L4-REG-D0FC23B0DA83319F	HOST-MACHO-UNRESOLVED-REGION	tmp/phase3c-evidence/binary-region-ledger.tsv	host-macho-unresolved-region	Phase 3c region classification=UNRESOLVED	bind the equivalent V2 interval to terminal feature evidence or rule the pure host interval out of target-artifact/literal gate	RULED-OUT-OF-GATE	tmp/phase3f-evidence/agents/binary-analysis/host-t5/historical-region-disposition.tsv::L4-REG-D0FC23B0DA83319F	tmp/phase3f-evidence/agents/binary-analysis/host-t5/historical-region-disposition.tsv::L4-REG-D0FC23B0DA83319F;tmp/phase3f-evidence/agents/binary-analysis/host-t5/negative-path-disposition.tsv;tmp/phase3f-evidence/agents/binary-analysis/host-t5/host-byte-disposition.tsv;tmp/phase3f-evidence/agents/binary-analysis/host-t5/decision-record.tsv::P3F-T5-HOST-MACHO;tmp/phase3f-evidence/agents/binary-analysis/host-t5/negative-space-candidates.tsv	group=BINUTILS-STRIP;side=UPSTREAM-P2;path=bin/riscv32-wch-elf-strip;offset=0..1214616;closure_event=P3F-EVENT-2004;After all 1,340 functional intervals were terminally adjudicated (748 feature-mapped, 388 host-ABI, 204 host-data) and negative-space candidates mapped, the remaining historical whole-host attribution obligation is outside the target-artifact/observable-literal gate.;Rule anchor: AGENTS.md observable boundary. Rejected alternative: full function attribution across 47 stripped Mach-O paths/four builds, at high cost without stronger target-artifact assurance. Each historical row has a one-to-one disposition; HOST-ZSTD retains L1-FEAT-ZSTD GAP evidence instead of a nonexistent V2 group pointer.
P3F-CLOSURE-0604	L4-REG-D5E43662A4BB7C64	HOST-MACHO-UNRESOLVED-REGION	tmp/phase3c-evidence/binary-region-ledger.tsv	host-macho-unresolved-region	Phase 3c region classification=UNRESOLVED	bind the equivalent V2 interval to terminal feature evidence or rule the pure host interval out of target-artifact/literal gate	RULED-OUT-OF-GATE	tmp/phase3f-evidence/agents/binary-analysis/host-t5/historical-region-disposition.tsv::L4-REG-D5E43662A4BB7C64	tmp/phase3f-evidence/agents/binary-analysis/host-t5/historical-region-disposition.tsv::L4-REG-D5E43662A4BB7C64;tmp/phase3f-evidence/agents/binary-analysis/host-t5/negative-path-disposition.tsv;tmp/phase3f-evidence/agents/binary-analysis/host-t5/host-byte-disposition.tsv;tmp/phase3f-evidence/agents/binary-analysis/host-t5/decision-record.tsv::P3F-T5-HOST-MACHO;tmp/phase3f-evidence/agents/binary-analysis/host-t5/negative-space-candidates.tsv	group=BINUTILS-ADDR2LINE;side=OURS;path=bin/riscv32-wch-elf-addr2line;offset=0..1107736;closure_event=P3F-EVENT-2005;After all 1,340 functional intervals were terminally adjudicated (748 feature-mapped, 388 host-ABI, 204 host-data) and negative-space candidates mapped, the remaining historical whole-host attribution obligation is outside the target-artifact/observable-literal gate.;Rule anchor: AGENTS.md observable boundary. Rejected alternative: full function attribution across 47 stripped Mach-O paths/four builds, at high cost without stronger target-artifact assurance. Each historical row has a one-to-one disposition; HOST-ZSTD retains L1-FEAT-ZSTD GAP evidence instead of a nonexistent V2 group pointer.
P3F-CLOSURE-0605	L4-REG-D652F3D7E2E6BC4E	HOST-MACHO-UNRESOLVED-REGION	tmp/phase3c-evidence/binary-region-ledger.tsv	host-macho-unresolved-region	Phase 3c region classification=UNRESOLVED	bind the equivalent V2 interval to terminal feature evidence or rule the pure host interval out of target-artifact/literal gate	RULED-OUT-OF-GATE	tmp/phase3f-evidence/agents/binary-analysis/host-t5/historical-region-disposition.tsv::L4-REG-D652F3D7E2E6BC4E	tmp/phase3f-evidence/agents/binary-analysis/host-t5/historical-region-disposition.tsv::L4-REG-D652F3D7E2E6BC4E;tmp/phase3f-evidence/agents/binary-analysis/host-t5/negative-path-disposition.tsv;tmp/phase3f-evidence/agents/binary-analysis/host-t5/host-byte-disposition.tsv;tmp/phase3f-evidence/agents/binary-analysis/host-t5/decision-record.tsv::P3F-T5-HOST-MACHO;tmp/phase3f-evidence/agents/binary-analysis/host-t5/negative-space-candidates.tsv	group=GCC-GCOV;side=OURS;path=bin/riscv32-wch-elf-gcov-tool;offset=0..1275176;closure_event=P3F-EVENT-2006;After all 1,340 functional intervals were terminally adjudicated (748 feature-mapped, 388 host-ABI, 204 host-data) and negative-space candidates mapped, the remaining historical whole-host attribution obligation is outside the target-artifact/observable-literal gate.;Rule anchor: AGENTS.md observable boundary. Rejected alternative: full function attribution across 47 stripped Mach-O paths/four builds, at high cost without stronger target-artifact assurance. Each historical row has a one-to-one disposition; HOST-ZSTD retains L1-FEAT-ZSTD GAP evidence instead of a nonexistent V2 group pointer.
P3F-CLOSURE-0606	L4-REG-D77198142E8F5D70	HOST-MACHO-UNRESOLVED-REGION	tmp/phase3c-evidence/binary-region-ledger.tsv	host-macho-unresolved-region	Phase 3c region classification=UNRESOLVED	bind the equivalent V2 interval to terminal feature evidence or rule the pure host interval out of target-artifact/literal gate	RULED-OUT-OF-GATE	tmp/phase3f-evidence/agents/binary-analysis/host-t5/historical-region-disposition.tsv::L4-REG-D77198142E8F5D70	tmp/phase3f-evidence/agents/binary-analysis/host-t5/historical-region-disposition.tsv::L4-REG-D77198142E8F5D70;tmp/phase3f-evidence/agents/binary-analysis/host-t5/negative-path-disposition.tsv;tmp/phase3f-evidence/agents/binary-analysis/host-t5/host-byte-disposition.tsv;tmp/phase3f-evidence/agents/binary-analysis/host-t5/decision-record.tsv::P3F-T5-HOST-MACHO;tmp/phase3f-evidence/agents/binary-analysis/host-t5/negative-space-candidates.tsv	group=GCC-LTO-TOOL-WRAPPERS;side=UPSTREAM-MATCHED;path=bin/riscv32-wch-elf-gcc-ar;offset=0..83992;closure_event=P3F-EVENT-2007;After all 1,340 functional intervals were terminally adjudicated (748 feature-mapped, 388 host-ABI, 204 host-data) and negative-space candidates mapped, the remaining historical whole-host attribution obligation is outside the target-artifact/observable-literal gate.;Rule anchor: AGENTS.md observable boundary. Rejected alternative: full function attribution across 47 stripped Mach-O paths/four builds, at high cost without stronger target-artifact assurance. Each historical row has a one-to-one disposition; HOST-ZSTD retains L1-FEAT-ZSTD GAP evidence instead of a nonexistent V2 group pointer.
P3F-CLOSURE-0607	L4-REG-D7F24D69D218DBF7	HOST-MACHO-UNRESOLVED-REGION	tmp/phase3c-evidence/binary-region-ledger.tsv	host-macho-unresolved-region	Phase 3c region classification=UNRESOLVED	bind the equivalent V2 interval to terminal feature evidence or rule the pure host interval out of target-artifact/literal gate	RULED-OUT-OF-GATE	tmp/phase3f-evidence/agents/binary-analysis/host-t5/historical-region-disposition.tsv::L4-REG-D7F24D69D218DBF7	tmp/phase3f-evidence/agents/binary-analysis/host-t5/historical-region-disposition.tsv::L4-REG-D7F24D69D218DBF7;tmp/phase3f-evidence/agents/binary-analysis/host-t5/negative-path-disposition.tsv;tmp/phase3f-evidence/agents/binary-analysis/host-t5/host-byte-disposition.tsv;tmp/phase3f-evidence/agents/binary-analysis/host-t5/decision-record.tsv::P3F-T5-HOST-MACHO;tmp/phase3f-evidence/agents/binary-analysis/host-t5/negative-space-candidates.tsv	group=BINUTILS-STRIP;side=OURS;path=bin/riscv32-wch-elf-strip;offset=0..1214696;closure_event=P3F-EVENT-2008;After all 1,340 functional intervals were terminally adjudicated (748 feature-mapped, 388 host-ABI, 204 host-data) and negative-space candidates mapped, the remaining historical whole-host attribution obligation is outside the target-artifact/observable-literal gate.;Rule anchor: AGENTS.md observable boundary. Rejected alternative: full function attribution across 47 stripped Mach-O paths/four builds, at high cost without stronger target-artifact assurance. Each historical row has a one-to-one disposition; HOST-ZSTD retains L1-FEAT-ZSTD GAP evidence instead of a nonexistent V2 group pointer.
P3F-CLOSURE-0608	L4-REG-D8086F8278061ABB	HOST-MACHO-UNRESOLVED-REGION	tmp/phase3c-evidence/binary-region-ledger.tsv	host-macho-unresolved-region	Phase 3c region classification=UNRESOLVED	bind the equivalent V2 interval to terminal feature evidence or rule the pure host interval out of target-artifact/literal gate	RULED-OUT-OF-GATE	tmp/phase3f-evidence/agents/binary-analysis/host-t5/historical-region-disposition.tsv::L4-REG-D8086F8278061ABB	tmp/phase3f-evidence/agents/binary-analysis/host-t5/historical-region-disposition.tsv::L4-REG-D8086F8278061ABB;tmp/phase3f-evidence/agents/binary-analysis/host-t5/negative-path-disposition.tsv;tmp/phase3f-evidence/agents/binary-analysis/host-t5/host-byte-disposition.tsv;tmp/phase3f-evidence/agents/binary-analysis/host-t5/decision-record.tsv::P3F-T5-HOST-MACHO;tmp/phase3f-evidence/agents/binary-analysis/host-t5/negative-space-candidates.tsv	group=GCC-LTO-TOOL-WRAPPERS;side=OURS;path=bin/riscv32-wch-elf-gcc-nm;offset=0..83240;closure_event=P3F-EVENT-2009;After all 1,340 functional intervals were terminally adjudicated (748 feature-mapped, 388 host-ABI, 204 host-data) and negative-space candidates mapped, the remaining historical whole-host attribution obligation is outside the target-artifact/observable-literal gate.;Rule anchor: AGENTS.md observable boundary. Rejected alternative: full function attribution across 47 stripped Mach-O paths/four builds, at high cost without stronger target-artifact assurance. Each historical row has a one-to-one disposition; HOST-ZSTD retains L1-FEAT-ZSTD GAP evidence instead of a nonexistent V2 group pointer.
P3F-CLOSURE-0609	L4-REG-D8E06426E188E07E	HOST-MACHO-UNRESOLVED-REGION	tmp/phase3c-evidence/binary-region-ledger.tsv	host-macho-unresolved-region	Phase 3c region classification=UNRESOLVED	bind the equivalent V2 interval to terminal feature evidence or rule the pure host interval out of target-artifact/literal gate	RULED-OUT-OF-GATE	tmp/phase3f-evidence/agents/binary-analysis/host-t5/historical-region-disposition.tsv::L4-REG-D8E06426E188E07E	tmp/phase3f-evidence/agents/binary-analysis/host-t5/historical-region-disposition.tsv::L4-REG-D8E06426E188E07E;tmp/phase3f-evidence/agents/binary-analysis/host-t5/negative-path-disposition.tsv;tmp/phase3f-evidence/agents/binary-analysis/host-t5/host-byte-disposition.tsv;tmp/phase3f-evidence/agents/binary-analysis/host-t5/decision-record.tsv::P3F-T5-HOST-MACHO;tmp/phase3f-evidence/agents/binary-analysis/host-t5/negative-space-candidates.tsv	group=BINUTILS-SIZE;side=OURS;path=bin/riscv32-wch-elf-size;offset=0..1109272;closure_event=P3F-EVENT-2010;After all 1,340 functional intervals were terminally adjudicated (748 feature-mapped, 388 host-ABI, 204 host-data) and negative-space candidates mapped, the remaining historical whole-host attribution obligation is outside the target-artifact/observable-literal gate.;Rule anchor: AGENTS.md observable boundary. Rejected alternative: full function attribution across 47 stripped Mach-O paths/four builds, at high cost without stronger target-artifact assurance. Each historical row has a one-to-one disposition; HOST-ZSTD retains L1-FEAT-ZSTD GAP evidence instead of a nonexistent V2 group pointer.
P3F-CLOSURE-0610	L4-REG-D9751CFF40A04764	HOST-MACHO-UNRESOLVED-REGION	tmp/phase3c-evidence/binary-region-ledger.tsv	host-macho-unresolved-region	Phase 3c region classification=UNRESOLVED	bind the equivalent V2 interval to terminal feature evidence or rule the pure host interval out of target-artifact/literal gate	RULED-OUT-OF-GATE	tmp/phase3f-evidence/agents/binary-analysis/host-t5/historical-region-disposition.tsv::L4-REG-D9751CFF40A04764	tmp/phase3f-evidence/agents/binary-analysis/host-t5/historical-region-disposition.tsv::L4-REG-D9751CFF40A04764;tmp/phase3f-evidence/agents/binary-analysis/host-t5/negative-path-disposition.tsv;tmp/phase3f-evidence/agents/binary-analysis/host-t5/host-byte-disposition.tsv;tmp/phase3f-evidence/agents/binary-analysis/host-t5/decision-record.tsv::P3F-T5-HOST-MACHO;tmp/phase3f-evidence/agents/binary-analysis/host-t5/negative-space-candidates.tsv	group=BINUTILS-STRIP;side=WCH;path=riscv32-wch-elf/bin/strip;offset=0..1058400;closure_event=P3F-EVENT-2011;After all 1,340 functional intervals were terminally adjudicated (748 feature-mapped, 388 host-ABI, 204 host-data) and negative-space candidates mapped, the remaining historical whole-host attribution obligation is outside the target-artifact/observable-literal gate.;Rule anchor: AGENTS.md observable boundary. Rejected alternative: full function attribution across 47 stripped Mach-O paths/four builds, at high cost without stronger target-artifact assurance. Each historical row has a one-to-one disposition; HOST-ZSTD retains L1-FEAT-ZSTD GAP evidence instead of a nonexistent V2 group pointer.
P3F-CLOSURE-0611	L4-REG-DADA548A145A6665	HOST-MACHO-UNRESOLVED-REGION	tmp/phase3c-evidence/binary-region-ledger.tsv	host-macho-unresolved-region	Phase 3c region classification=UNRESOLVED	bind the equivalent V2 interval to terminal feature evidence or rule the pure host interval out of target-artifact/literal gate	RULED-OUT-OF-GATE	tmp/phase3f-evidence/agents/binary-analysis/host-t5/historical-region-disposition.tsv::L4-REG-DADA548A145A6665	tmp/phase3f-evidence/agents/binary-analysis/host-t5/historical-region-disposition.tsv::L4-REG-DADA548A145A6665;tmp/phase3f-evidence/agents/binary-analysis/host-t5/negative-path-disposition.tsv;tmp/phase3f-evidence/agents/binary-analysis/host-t5/host-byte-disposition.tsv;tmp/phase3f-evidence/agents/binary-analysis/host-t5/decision-record.tsv::P3F-T5-HOST-MACHO;tmp/phase3f-evidence/agents/binary-analysis/host-t5/negative-space-candidates.tsv	group=BINUTILS-ARCHIVE;side=OURS;path=bin/riscv32-wch-elf-ranlib;offset=0..1137592;closure_event=P3F-EVENT-2012;After all 1,340 functional intervals were terminally adjudicated (748 feature-mapped, 388 host-ABI, 204 host-data) and negative-space candidates mapped, the remaining historical whole-host attribution obligation is outside the target-artifact/observable-literal gate.;Rule anchor: AGENTS.md observable boundary. Rejected alternative: full function attribution across 47 stripped Mach-O paths/four builds, at high cost without stronger target-artifact assurance. Each historical row has a one-to-one disposition; HOST-ZSTD retains L1-FEAT-ZSTD GAP evidence instead of a nonexistent V2 group pointer.
P3F-CLOSURE-0612	L4-REG-DBDC3A21F221E5CD	HOST-MACHO-UNRESOLVED-REGION	tmp/phase3c-evidence/binary-region-ledger.tsv	host-macho-unresolved-region	Phase 3c region classification=UNRESOLVED	bind the equivalent V2 interval to terminal feature evidence or rule the pure host interval out of target-artifact/literal gate	RULED-OUT-OF-GATE	tmp/phase3f-evidence/agents/binary-analysis/host-t5/historical-region-disposition.tsv::L4-REG-DBDC3A21F221E5CD	tmp/phase3f-evidence/agents/binary-analysis/host-t5/historical-region-disposition.tsv::L4-REG-DBDC3A21F221E5CD;tmp/phase3f-evidence/agents/binary-analysis/host-t5/negative-path-disposition.tsv;tmp/phase3f-evidence/agents/binary-analysis/host-t5/host-byte-disposition.tsv;tmp/phase3f-evidence/agents/binary-analysis/host-t5/decision-record.tsv::P3F-T5-HOST-MACHO;tmp/phase3f-evidence/agents/binary-analysis/host-t5/negative-space-candidates.tsv	group=BINUTILS-ADDR2LINE;side=UPSTREAM-P2;path=bin/riscv32-wch-elf-addr2line;offset=0..1107656;closure_event=P3F-EVENT-2013;After all 1,340 functional intervals were terminally adjudicated (748 feature-mapped, 388 host-ABI, 204 host-data) and negative-space candidates mapped, the remaining historical whole-host attribution obligation is outside the target-artifact/observable-literal gate.;Rule anchor: AGENTS.md observable boundary. Rejected alternative: full function attribution across 47 stripped Mach-O paths/four builds, at high cost without stronger target-artifact assurance. Each historical row has a one-to-one disposition; HOST-ZSTD retains L1-FEAT-ZSTD GAP evidence instead of a nonexistent V2 group pointer.
P3F-CLOSURE-0613	L4-REG-DC3D5F8264722BD7	HOST-MACHO-UNRESOLVED-REGION	tmp/phase3c-evidence/binary-region-ledger.tsv	host-macho-unresolved-region	Phase 3c region classification=UNRESOLVED	bind the equivalent V2 interval to terminal feature evidence or rule the pure host interval out of target-artifact/literal gate	RULED-OUT-OF-GATE	tmp/phase3f-evidence/agents/binary-analysis/host-t5/historical-region-disposition.tsv::L4-REG-DC3D5F8264722BD7	tmp/phase3f-evidence/agents/binary-analysis/host-t5/historical-region-disposition.tsv::L4-REG-DC3D5F8264722BD7;tmp/phase3f-evidence/agents/binary-analysis/host-t5/negative-path-disposition.tsv;tmp/phase3f-evidence/agents/binary-analysis/host-t5/host-byte-disposition.tsv;tmp/phase3f-evidence/agents/binary-analysis/host-t5/decision-record.tsv::P3F-T5-HOST-MACHO;tmp/phase3f-evidence/agents/binary-analysis/host-t5/negative-space-candidates.tsv	group=BINUTILS-LD;side=OURS;path=bin/riscv32-wch-elf-ld.bfd;offset=0..2131640;closure_event=P3F-EVENT-2014;After all 1,340 functional intervals were terminally adjudicated (748 feature-mapped, 388 host-ABI, 204 host-data) and negative-space candidates mapped, the remaining historical whole-host attribution obligation is outside the target-artifact/observable-literal gate.;Rule anchor: AGENTS.md observable boundary. Rejected alternative: full function attribution across 47 stripped Mach-O paths/four builds, at high cost without stronger target-artifact assurance. Each historical row has a one-to-one disposition; HOST-ZSTD retains L1-FEAT-ZSTD GAP evidence instead of a nonexistent V2 group pointer.
P3F-CLOSURE-0614	L4-REG-DD10E07561D66996	HOST-MACHO-UNRESOLVED-REGION	tmp/phase3c-evidence/binary-region-ledger.tsv	host-macho-unresolved-region	Phase 3c region classification=UNRESOLVED	bind the equivalent V2 interval to terminal feature evidence or rule the pure host interval out of target-artifact/literal gate	RULED-OUT-OF-GATE	tmp/phase3f-evidence/agents/binary-analysis/host-t5/historical-region-disposition.tsv::L4-REG-DD10E07561D66996	tmp/phase3f-evidence/agents/binary-analysis/host-t5/historical-region-disposition.tsv::L4-REG-DD10E07561D66996;tmp/phase3f-evidence/agents/binary-analysis/host-t5/negative-path-disposition.tsv;tmp/phase3f-evidence/agents/binary-analysis/host-t5/host-byte-disposition.tsv;tmp/phase3f-evidence/agents/binary-analysis/host-t5/decision-record.tsv::P3F-T5-HOST-MACHO;tmp/phase3f-evidence/agents/binary-analysis/host-t5/negative-space-candidates.tsv	group=GCC-LTO-DUMP;side=OURS;path=bin/riscv32-wch-elf-lto-dump;offset=0..68403176;closure_event=P3F-EVENT-2015;After all 1,340 functional intervals were terminally adjudicated (748 feature-mapped, 388 host-ABI, 204 host-data) and negative-space candidates mapped, the remaining historical whole-host attribution obligation is outside the target-artifact/observable-literal gate.;Rule anchor: AGENTS.md observable boundary. Rejected alternative: full function attribution across 47 stripped Mach-O paths/four builds, at high cost without stronger target-artifact assurance. Each historical row has a one-to-one disposition; HOST-ZSTD retains L1-FEAT-ZSTD GAP evidence instead of a nonexistent V2 group pointer.
P3F-CLOSURE-0615	L4-REG-DE0E52B4F49BA07A	HOST-MACHO-UNRESOLVED-REGION	tmp/phase3c-evidence/binary-region-ledger.tsv	host-macho-unresolved-region	Phase 3c region classification=UNRESOLVED	bind the equivalent V2 interval to terminal feature evidence or rule the pure host interval out of target-artifact/literal gate	RULED-OUT-OF-GATE	tmp/phase3f-evidence/agents/binary-analysis/host-t5/historical-region-disposition.tsv::L4-REG-DE0E52B4F49BA07A	tmp/phase3f-evidence/agents/binary-analysis/host-t5/historical-region-disposition.tsv::L4-REG-DE0E52B4F49BA07A;tmp/phase3f-evidence/agents/binary-analysis/host-t5/negative-path-disposition.tsv;tmp/phase3f-evidence/agents/binary-analysis/host-t5/host-byte-disposition.tsv;tmp/phase3f-evidence/agents/binary-analysis/host-t5/decision-record.tsv::P3F-T5-HOST-MACHO;tmp/phase3f-evidence/agents/binary-analysis/host-t5/negative-space-candidates.tsv	group=GCC-LTO-TOOL-WRAPPERS;side=UPSTREAM-MATCHED;path=bin/riscv32-wch-elf-gcc-nm;offset=0..83976;closure_event=P3F-EVENT-2016;After all 1,340 functional intervals were terminally adjudicated (748 feature-mapped, 388 host-ABI, 204 host-data) and negative-space candidates mapped, the remaining historical whole-host attribution obligation is outside the target-artifact/observable-literal gate.;Rule anchor: AGENTS.md observable boundary. Rejected alternative: full function attribution across 47 stripped Mach-O paths/four builds, at high cost without stronger target-artifact assurance. Each historical row has a one-to-one disposition; HOST-ZSTD retains L1-FEAT-ZSTD GAP evidence instead of a nonexistent V2 group pointer.
P3F-CLOSURE-0616	L4-REG-E20953025A11D2BB	HOST-MACHO-UNRESOLVED-REGION	tmp/phase3c-evidence/binary-region-ledger.tsv	host-macho-unresolved-region	Phase 3c region classification=UNRESOLVED	bind the equivalent V2 interval to terminal feature evidence or rule the pure host interval out of target-artifact/literal gate	RULED-OUT-OF-GATE	tmp/phase3f-evidence/agents/binary-analysis/host-t5/historical-region-disposition.tsv::L4-REG-E20953025A11D2BB	tmp/phase3f-evidence/agents/binary-analysis/host-t5/historical-region-disposition.tsv::L4-REG-E20953025A11D2BB;tmp/phase3f-evidence/agents/binary-analysis/host-t5/negative-path-disposition.tsv;tmp/phase3f-evidence/agents/binary-analysis/host-t5/host-byte-disposition.tsv;tmp/phase3f-evidence/agents/binary-analysis/host-t5/decision-record.tsv::P3F-T5-HOST-MACHO;tmp/phase3f-evidence/agents/binary-analysis/host-t5/negative-space-candidates.tsv	group=GCC-GCOV;side=UPSTREAM-P2;path=bin/riscv32-wch-elf-gcov;offset=0..1560200;closure_event=P3F-EVENT-2017;After all 1,340 functional intervals were terminally adjudicated (748 feature-mapped, 388 host-ABI, 204 host-data) and negative-space candidates mapped, the remaining historical whole-host attribution obligation is outside the target-artifact/observable-literal gate.;Rule anchor: AGENTS.md observable boundary. Rejected alternative: full function attribution across 47 stripped Mach-O paths/four builds, at high cost without stronger target-artifact assurance. Each historical row has a one-to-one disposition; HOST-ZSTD retains L1-FEAT-ZSTD GAP evidence instead of a nonexistent V2 group pointer.
P3F-CLOSURE-0617	L4-REG-E31B3797B3AEDBBD	HOST-MACHO-UNRESOLVED-REGION	tmp/phase3c-evidence/binary-region-ledger.tsv	host-macho-unresolved-region	Phase 3c region classification=UNRESOLVED	bind the equivalent V2 interval to terminal feature evidence or rule the pure host interval out of target-artifact/literal gate	RULED-OUT-OF-GATE	tmp/phase3f-evidence/agents/binary-analysis/host-t5/historical-region-disposition.tsv::L4-REG-E31B3797B3AEDBBD	tmp/phase3f-evidence/agents/binary-analysis/host-t5/historical-region-disposition.tsv::L4-REG-E31B3797B3AEDBBD;tmp/phase3f-evidence/agents/binary-analysis/host-t5/negative-path-disposition.tsv;tmp/phase3f-evidence/agents/binary-analysis/host-t5/host-byte-disposition.tsv;tmp/phase3f-evidence/agents/binary-analysis/host-t5/decision-record.tsv::P3F-T5-HOST-MACHO;tmp/phase3f-evidence/agents/binary-analysis/host-t5/negative-space-candidates.tsv	group=GCC-LTO-DUMP;side=UPSTREAM-P2;path=bin/riscv32-wch-elf-lto-dump;offset=0..68403160;closure_event=P3F-EVENT-2018;After all 1,340 functional intervals were terminally adjudicated (748 feature-mapped, 388 host-ABI, 204 host-data) and negative-space candidates mapped, the remaining historical whole-host attribution obligation is outside the target-artifact/observable-literal gate.;Rule anchor: AGENTS.md observable boundary. Rejected alternative: full function attribution across 47 stripped Mach-O paths/four builds, at high cost without stronger target-artifact assurance. Each historical row has a one-to-one disposition; HOST-ZSTD retains L1-FEAT-ZSTD GAP evidence instead of a nonexistent V2 group pointer.
P3F-CLOSURE-0618	L4-REG-E47CEFC4461A2645	HOST-MACHO-UNRESOLVED-REGION	tmp/phase3c-evidence/binary-region-ledger.tsv	host-macho-unresolved-region	Phase 3c region classification=UNRESOLVED	bind the equivalent V2 interval to terminal feature evidence or rule the pure host interval out of target-artifact/literal gate	RULED-OUT-OF-GATE	tmp/phase3f-evidence/agents/binary-analysis/host-t5/historical-region-disposition.tsv::L4-REG-E47CEFC4461A2645	tmp/phase3f-evidence/agents/binary-analysis/host-t5/historical-region-disposition.tsv::L4-REG-E47CEFC4461A2645;tmp/phase3f-evidence/agents/binary-analysis/host-t5/negative-path-disposition.tsv;tmp/phase3f-evidence/agents/binary-analysis/host-t5/host-byte-disposition.tsv;tmp/phase3f-evidence/agents/binary-analysis/host-t5/decision-record.tsv::P3F-T5-HOST-MACHO;tmp/phase3f-evidence/agents/binary-analysis/host-t5/negative-space-candidates.tsv	group=BINUTILS-ARCHIVE;side=UPSTREAM-P2;path=bin/riscv32-wch-elf-ranlib;offset=0..1137512;closure_event=P3F-EVENT-2019;After all 1,340 functional intervals were terminally adjudicated (748 feature-mapped, 388 host-ABI, 204 host-data) and negative-space candidates mapped, the remaining historical whole-host attribution obligation is outside the target-artifact/observable-literal gate.;Rule anchor: AGENTS.md observable boundary. Rejected alternative: full function attribution across 47 stripped Mach-O paths/four builds, at high cost without stronger target-artifact assurance. Each historical row has a one-to-one disposition; HOST-ZSTD retains L1-FEAT-ZSTD GAP evidence instead of a nonexistent V2 group pointer.
P3F-CLOSURE-0619	L4-REG-E51186D2690928DD	HOST-MACHO-UNRESOLVED-REGION	tmp/phase3c-evidence/binary-region-ledger.tsv	host-macho-unresolved-region	Phase 3c region classification=UNRESOLVED	bind the equivalent V2 interval to terminal feature evidence or rule the pure host interval out of target-artifact/literal gate	RULED-OUT-OF-GATE	tmp/phase3f-evidence/agents/binary-analysis/host-t5/historical-region-disposition.tsv::L4-REG-E51186D2690928DD	tmp/phase3f-evidence/agents/binary-analysis/host-t5/historical-region-disposition.tsv::L4-REG-E51186D2690928DD;tmp/phase3f-evidence/agents/binary-analysis/host-t5/negative-path-disposition.tsv;tmp/phase3f-evidence/agents/binary-analysis/host-t5/host-byte-disposition.tsv;tmp/phase3f-evidence/agents/binary-analysis/host-t5/decision-record.tsv::P3F-T5-HOST-MACHO;tmp/phase3f-evidence/agents/binary-analysis/host-t5/negative-space-candidates.tsv	group=BINUTILS-ADDR2LINE;side=UPSTREAM-MATCHED;path=bin/riscv32-wch-elf-addr2line;offset=0..1113528;closure_event=P3F-EVENT-2020;After all 1,340 functional intervals were terminally adjudicated (748 feature-mapped, 388 host-ABI, 204 host-data) and negative-space candidates mapped, the remaining historical whole-host attribution obligation is outside the target-artifact/observable-literal gate.;Rule anchor: AGENTS.md observable boundary. Rejected alternative: full function attribution across 47 stripped Mach-O paths/four builds, at high cost without stronger target-artifact assurance. Each historical row has a one-to-one disposition; HOST-ZSTD retains L1-FEAT-ZSTD GAP evidence instead of a nonexistent V2 group pointer.
P3F-CLOSURE-0620	L4-REG-E54FF16822DFCBDB	HOST-MACHO-UNRESOLVED-REGION	tmp/phase3c-evidence/binary-region-ledger.tsv	host-macho-unresolved-region	Phase 3c region classification=UNRESOLVED	bind the equivalent V2 interval to terminal feature evidence or rule the pure host interval out of target-artifact/literal gate	RULED-OUT-OF-GATE	tmp/phase3f-evidence/agents/binary-analysis/host-t5/historical-region-disposition.tsv::L4-REG-E54FF16822DFCBDB	tmp/phase3f-evidence/agents/binary-analysis/host-t5/historical-region-disposition.tsv::L4-REG-E54FF16822DFCBDB;tmp/phase3f-evidence/agents/binary-analysis/host-t5/negative-path-disposition.tsv;tmp/phase3f-evidence/agents/binary-analysis/host-t5/host-byte-disposition.tsv;tmp/phase3f-evidence/agents/binary-analysis/host-t5/decision-record.tsv::P3F-T5-HOST-MACHO;tmp/phase3f-evidence/agents/binary-analysis/host-t5/negative-space-candidates.tsv	group=BINUTILS-ARCHIVE;side=OURS;path=riscv32-wch-elf/bin/ranlib;offset=0..1137592;closure_event=P3F-EVENT-2021;After all 1,340 functional intervals were terminally adjudicated (748 feature-mapped, 388 host-ABI, 204 host-data) and negative-space candidates mapped, the remaining historical whole-host attribution obligation is outside the target-artifact/observable-literal gate.;Rule anchor: AGENTS.md observable boundary. Rejected alternative: full function attribution across 47 stripped Mach-O paths/four builds, at high cost without stronger target-artifact assurance. Each historical row has a one-to-one disposition; HOST-ZSTD retains L1-FEAT-ZSTD GAP evidence instead of a nonexistent V2 group pointer.
P3F-CLOSURE-0621	L4-REG-E6DA86B25E1973B5	HOST-MACHO-UNRESOLVED-REGION	tmp/phase3c-evidence/binary-region-ledger.tsv	host-macho-unresolved-region	Phase 3c region classification=UNRESOLVED	bind the equivalent V2 interval to terminal feature evidence or rule the pure host interval out of target-artifact/literal gate	RULED-OUT-OF-GATE	tmp/phase3f-evidence/agents/binary-analysis/host-t5/historical-region-disposition.tsv::L4-REG-E6DA86B25E1973B5	tmp/phase3f-evidence/agents/binary-analysis/host-t5/historical-region-disposition.tsv::L4-REG-E6DA86B25E1973B5;tmp/phase3f-evidence/agents/binary-analysis/host-t5/negative-path-disposition.tsv;tmp/phase3f-evidence/agents/binary-analysis/host-t5/host-byte-disposition.tsv;tmp/phase3f-evidence/agents/binary-analysis/host-t5/decision-record.tsv::P3F-T5-HOST-MACHO;tmp/phase3f-evidence/agents/binary-analysis/host-t5/negative-space-candidates.tsv	group=BINUTILS-LD;side=OURS;path=riscv32-wch-elf/bin/ld;offset=0..2131640;closure_event=P3F-EVENT-2022;After all 1,340 functional intervals were terminally adjudicated (748 feature-mapped, 388 host-ABI, 204 host-data) and negative-space candidates mapped, the remaining historical whole-host attribution obligation is outside the target-artifact/observable-literal gate.;Rule anchor: AGENTS.md observable boundary. Rejected alternative: full function attribution across 47 stripped Mach-O paths/four builds, at high cost without stronger target-artifact assurance. Each historical row has a one-to-one disposition; HOST-ZSTD retains L1-FEAT-ZSTD GAP evidence instead of a nonexistent V2 group pointer.
P3F-CLOSURE-0622	L4-REG-E9316E68344A6119	HOST-MACHO-UNRESOLVED-REGION	tmp/phase3c-evidence/binary-region-ledger.tsv	host-macho-unresolved-region	Phase 3c region classification=UNRESOLVED	bind the equivalent V2 interval to terminal feature evidence or rule the pure host interval out of target-artifact/literal gate	RULED-OUT-OF-GATE	tmp/phase3f-evidence/agents/binary-analysis/host-t5/historical-region-disposition.tsv::L4-REG-E9316E68344A6119	tmp/phase3f-evidence/agents/binary-analysis/host-t5/historical-region-disposition.tsv::L4-REG-E9316E68344A6119;tmp/phase3f-evidence/agents/binary-analysis/host-t5/negative-path-disposition.tsv;tmp/phase3f-evidence/agents/binary-analysis/host-t5/host-byte-disposition.tsv;tmp/phase3f-evidence/agents/binary-analysis/host-t5/decision-record.tsv::P3F-T5-HOST-MACHO;tmp/phase3f-evidence/agents/binary-analysis/host-t5/negative-space-candidates.tsv	group=BINUTILS-ARCHIVE;side=OURS;path=riscv32-wch-elf/bin/ar;offset=0..1138704;closure_event=P3F-EVENT-2023;After all 1,340 functional intervals were terminally adjudicated (748 feature-mapped, 388 host-ABI, 204 host-data) and negative-space candidates mapped, the remaining historical whole-host attribution obligation is outside the target-artifact/observable-literal gate.;Rule anchor: AGENTS.md observable boundary. Rejected alternative: full function attribution across 47 stripped Mach-O paths/four builds, at high cost without stronger target-artifact assurance. Each historical row has a one-to-one disposition; HOST-ZSTD retains L1-FEAT-ZSTD GAP evidence instead of a nonexistent V2 group pointer.
P3F-CLOSURE-0623	L4-REG-EA404B7F8F4885B7	HOST-MACHO-UNRESOLVED-REGION	tmp/phase3c-evidence/binary-region-ledger.tsv	host-macho-unresolved-region	Phase 3c region classification=UNRESOLVED	bind the equivalent V2 interval to terminal feature evidence or rule the pure host interval out of target-artifact/literal gate	RULED-OUT-OF-GATE	tmp/phase3f-evidence/agents/binary-analysis/host-t5/historical-region-disposition.tsv::L4-REG-EA404B7F8F4885B7	tmp/phase3f-evidence/agents/binary-analysis/host-t5/historical-region-disposition.tsv::L4-REG-EA404B7F8F4885B7;tmp/phase3f-evidence/agents/binary-analysis/host-t5/negative-path-disposition.tsv;tmp/phase3f-evidence/agents/binary-analysis/host-t5/host-byte-disposition.tsv;tmp/phase3f-evidence/agents/binary-analysis/host-t5/decision-record.tsv::P3F-T5-HOST-MACHO;tmp/phase3f-evidence/agents/binary-analysis/host-t5/negative-space-candidates.tsv	group=BINUTILS-OBJCOPY;side=OURS;path=riscv32-wch-elf/bin/objcopy;offset=0..1251592;closure_event=P3F-EVENT-2024;After all 1,340 functional intervals were terminally adjudicated (748 feature-mapped, 388 host-ABI, 204 host-data) and negative-space candidates mapped, the remaining historical whole-host attribution obligation is outside the target-artifact/observable-literal gate.;Rule anchor: AGENTS.md observable boundary. Rejected alternative: full function attribution across 47 stripped Mach-O paths/four builds, at high cost without stronger target-artifact assurance. Each historical row has a one-to-one disposition; HOST-ZSTD retains L1-FEAT-ZSTD GAP evidence instead of a nonexistent V2 group pointer.
P3F-CLOSURE-0624	L4-REG-EA78373E9C179F14	HOST-MACHO-UNRESOLVED-REGION	tmp/phase3c-evidence/binary-region-ledger.tsv	host-macho-unresolved-region	Phase 3c region classification=UNRESOLVED	bind the equivalent V2 interval to terminal feature evidence or rule the pure host interval out of target-artifact/literal gate	RULED-OUT-OF-GATE	tmp/phase3f-evidence/agents/binary-analysis/host-t5/historical-region-disposition.tsv::L4-REG-EA78373E9C179F14	tmp/phase3f-evidence/agents/binary-analysis/host-t5/historical-region-disposition.tsv::L4-REG-EA78373E9C179F14;tmp/phase3f-evidence/agents/binary-analysis/host-t5/negative-path-disposition.tsv;tmp/phase3f-evidence/agents/binary-analysis/host-t5/host-byte-disposition.tsv;tmp/phase3f-evidence/agents/binary-analysis/host-t5/decision-record.tsv::P3F-T5-HOST-MACHO;tmp/phase3f-evidence/agents/binary-analysis/host-t5/negative-space-candidates.tsv	group=GCC-LTO-PLUGIN;side=UPSTREAM-MATCHED;path=libexec/gcc/riscv32-wch-elf/15.2.0/liblto_plugin.so;offset=0..136656;closure_event=P3F-EVENT-2025;After all 1,340 functional intervals were terminally adjudicated (748 feature-mapped, 388 host-ABI, 204 host-data) and negative-space candidates mapped, the remaining historical whole-host attribution obligation is outside the target-artifact/observable-literal gate.;Rule anchor: AGENTS.md observable boundary. Rejected alternative: full function attribution across 47 stripped Mach-O paths/four builds, at high cost without stronger target-artifact assurance. Each historical row has a one-to-one disposition; HOST-ZSTD retains L1-FEAT-ZSTD GAP evidence instead of a nonexistent V2 group pointer.
P3F-CLOSURE-0625	L4-REG-ED51072ACE603966	HOST-MACHO-UNRESOLVED-REGION	tmp/phase3c-evidence/binary-region-ledger.tsv	host-macho-unresolved-region	Phase 3c region classification=UNRESOLVED	bind the equivalent V2 interval to terminal feature evidence or rule the pure host interval out of target-artifact/literal gate	RULED-OUT-OF-GATE	tmp/phase3f-evidence/agents/binary-analysis/host-t5/historical-region-disposition.tsv::L4-REG-ED51072ACE603966	tmp/phase3f-evidence/agents/binary-analysis/host-t5/historical-region-disposition.tsv::L4-REG-ED51072ACE603966;tmp/phase3f-evidence/agents/binary-analysis/host-t5/negative-path-disposition.tsv;tmp/phase3f-evidence/agents/binary-analysis/host-t5/host-byte-disposition.tsv;tmp/phase3f-evidence/agents/binary-analysis/host-t5/decision-record.tsv::P3F-T5-HOST-MACHO;tmp/phase3f-evidence/agents/binary-analysis/host-t5/negative-space-candidates.tsv	group=GCC-LTO-WRAPPER;side=OURS;path=libexec/gcc/riscv32-wch-elf/15.2.0/lto-wrapper;offset=0..2090400;closure_event=P3F-EVENT-2026;After all 1,340 functional intervals were terminally adjudicated (748 feature-mapped, 388 host-ABI, 204 host-data) and negative-space candidates mapped, the remaining historical whole-host attribution obligation is outside the target-artifact/observable-literal gate.;Rule anchor: AGENTS.md observable boundary. Rejected alternative: full function attribution across 47 stripped Mach-O paths/four builds, at high cost without stronger target-artifact assurance. Each historical row has a one-to-one disposition; HOST-ZSTD retains L1-FEAT-ZSTD GAP evidence instead of a nonexistent V2 group pointer.
P3F-CLOSURE-0626	L4-REG-F4EF81B5807CBEA8	HOST-MACHO-UNRESOLVED-REGION	tmp/phase3c-evidence/binary-region-ledger.tsv	host-macho-unresolved-region	Phase 3c region classification=UNRESOLVED	bind the equivalent V2 interval to terminal feature evidence or rule the pure host interval out of target-artifact/literal gate	RULED-OUT-OF-GATE	tmp/phase3f-evidence/agents/binary-analysis/host-t5/historical-region-disposition.tsv::L4-REG-F4EF81B5807CBEA8	tmp/phase3f-evidence/agents/binary-analysis/host-t5/historical-region-disposition.tsv::L4-REG-F4EF81B5807CBEA8;tmp/phase3f-evidence/agents/binary-analysis/host-t5/negative-path-disposition.tsv;tmp/phase3f-evidence/agents/binary-analysis/host-t5/host-byte-disposition.tsv;tmp/phase3f-evidence/agents/binary-analysis/host-t5/decision-record.tsv::P3F-T5-HOST-MACHO;tmp/phase3f-evidence/agents/binary-analysis/host-t5/negative-space-candidates.tsv	group=BINUTILS-NM;side=UPSTREAM-MATCHED;path=riscv32-wch-elf/bin/nm;offset=0..1136424;closure_event=P3F-EVENT-2027;After all 1,340 functional intervals were terminally adjudicated (748 feature-mapped, 388 host-ABI, 204 host-data) and negative-space candidates mapped, the remaining historical whole-host attribution obligation is outside the target-artifact/observable-literal gate.;Rule anchor: AGENTS.md observable boundary. Rejected alternative: full function attribution across 47 stripped Mach-O paths/four builds, at high cost without stronger target-artifact assurance. Each historical row has a one-to-one disposition; HOST-ZSTD retains L1-FEAT-ZSTD GAP evidence instead of a nonexistent V2 group pointer.
P3F-CLOSURE-0627	L4-REG-F54AFA5E90DC80A1	HOST-MACHO-UNRESOLVED-REGION	tmp/phase3c-evidence/binary-region-ledger.tsv	host-macho-unresolved-region	Phase 3c region classification=UNRESOLVED	bind the equivalent V2 interval to terminal feature evidence or rule the pure host interval out of target-artifact/literal gate	RULED-OUT-OF-GATE	tmp/phase3f-evidence/agents/binary-analysis/host-t5/historical-region-disposition.tsv::L4-REG-F54AFA5E90DC80A1	tmp/phase3f-evidence/agents/binary-analysis/host-t5/historical-region-disposition.tsv::L4-REG-F54AFA5E90DC80A1;tmp/phase3f-evidence/agents/binary-analysis/host-t5/negative-path-disposition.tsv;tmp/phase3f-evidence/agents/binary-analysis/host-t5/host-byte-disposition.tsv;tmp/phase3f-evidence/agents/binary-analysis/host-t5/decision-record.tsv::P3F-T5-HOST-MACHO;tmp/phase3f-evidence/agents/binary-analysis/host-t5/negative-space-candidates.tsv	group=BINUTILS-STRIP;side=OURS;path=riscv32-wch-elf/bin/strip;offset=0..1214696;closure_event=P3F-EVENT-2028;After all 1,340 functional intervals were terminally adjudicated (748 feature-mapped, 388 host-ABI, 204 host-data) and negative-space candidates mapped, the remaining historical whole-host attribution obligation is outside the target-artifact/observable-literal gate.;Rule anchor: AGENTS.md observable boundary. Rejected alternative: full function attribution across 47 stripped Mach-O paths/four builds, at high cost without stronger target-artifact assurance. Each historical row has a one-to-one disposition; HOST-ZSTD retains L1-FEAT-ZSTD GAP evidence instead of a nonexistent V2 group pointer.
P3F-CLOSURE-0628	L4-REG-F69EB462713754C4	HOST-MACHO-UNRESOLVED-REGION	tmp/phase3c-evidence/binary-region-ledger.tsv	host-macho-unresolved-region	Phase 3c region classification=UNRESOLVED	bind the equivalent V2 interval to terminal feature evidence or rule the pure host interval out of target-artifact/literal gate	RULED-OUT-OF-GATE	tmp/phase3f-evidence/agents/binary-analysis/host-t5/historical-region-disposition.tsv::L4-REG-F69EB462713754C4	tmp/phase3f-evidence/agents/binary-analysis/host-t5/historical-region-disposition.tsv::L4-REG-F69EB462713754C4;tmp/phase3f-evidence/agents/binary-analysis/host-t5/negative-path-disposition.tsv;tmp/phase3f-evidence/agents/binary-analysis/host-t5/host-byte-disposition.tsv;tmp/phase3f-evidence/agents/binary-analysis/host-t5/decision-record.tsv::P3F-T5-HOST-MACHO;tmp/phase3f-evidence/agents/binary-analysis/host-t5/negative-space-candidates.tsv	group=BINUTILS-ARCHIVE;side=WCH;path=riscv32-wch-elf/bin/ar;offset=0..991984;closure_event=P3F-EVENT-2029;After all 1,340 functional intervals were terminally adjudicated (748 feature-mapped, 388 host-ABI, 204 host-data) and negative-space candidates mapped, the remaining historical whole-host attribution obligation is outside the target-artifact/observable-literal gate.;Rule anchor: AGENTS.md observable boundary. Rejected alternative: full function attribution across 47 stripped Mach-O paths/four builds, at high cost without stronger target-artifact assurance. Each historical row has a one-to-one disposition; HOST-ZSTD retains L1-FEAT-ZSTD GAP evidence instead of a nonexistent V2 group pointer.
P3F-CLOSURE-0629	L4-REG-FB8383E366F2BCAA	HOST-MACHO-UNRESOLVED-REGION	tmp/phase3c-evidence/binary-region-ledger.tsv	host-macho-unresolved-region	Phase 3c region classification=UNRESOLVED	bind the equivalent V2 interval to terminal feature evidence or rule the pure host interval out of target-artifact/literal gate	RULED-OUT-OF-GATE	tmp/phase3f-evidence/agents/binary-analysis/host-t5/historical-region-disposition.tsv::L4-REG-FB8383E366F2BCAA	tmp/phase3f-evidence/agents/binary-analysis/host-t5/historical-region-disposition.tsv::L4-REG-FB8383E366F2BCAA;tmp/phase3f-evidence/agents/binary-analysis/host-t5/negative-path-disposition.tsv;tmp/phase3f-evidence/agents/binary-analysis/host-t5/host-byte-disposition.tsv;tmp/phase3f-evidence/agents/binary-analysis/host-t5/decision-record.tsv::P3F-T5-HOST-MACHO;tmp/phase3f-evidence/agents/binary-analysis/host-t5/negative-space-candidates.tsv	group=BINUTILS-LD;side=WCH;path=riscv32-wch-elf/bin/ld.bfd;offset=0..1882704;closure_event=P3F-EVENT-2030;After all 1,340 functional intervals were terminally adjudicated (748 feature-mapped, 388 host-ABI, 204 host-data) and negative-space candidates mapped, the remaining historical whole-host attribution obligation is outside the target-artifact/observable-literal gate.;Rule anchor: AGENTS.md observable boundary. Rejected alternative: full function attribution across 47 stripped Mach-O paths/four builds, at high cost without stronger target-artifact assurance. Each historical row has a one-to-one disposition; HOST-ZSTD retains L1-FEAT-ZSTD GAP evidence instead of a nonexistent V2 group pointer.
P3F-CLOSURE-0630	L4-REG-FC2BC2D558ACA27F	HOST-MACHO-UNRESOLVED-REGION	tmp/phase3c-evidence/binary-region-ledger.tsv	host-macho-unresolved-region	Phase 3c region classification=UNRESOLVED	bind the equivalent V2 interval to terminal feature evidence or rule the pure host interval out of target-artifact/literal gate	RULED-OUT-OF-GATE	tmp/phase3f-evidence/agents/binary-analysis/host-t5/historical-region-disposition.tsv::L4-REG-FC2BC2D558ACA27F	tmp/phase3f-evidence/agents/binary-analysis/host-t5/historical-region-disposition.tsv::L4-REG-FC2BC2D558ACA27F;tmp/phase3f-evidence/agents/binary-analysis/host-t5/negative-path-disposition.tsv;tmp/phase3f-evidence/agents/binary-analysis/host-t5/host-byte-disposition.tsv;tmp/phase3f-evidence/agents/binary-analysis/host-t5/decision-record.tsv::P3F-T5-HOST-MACHO;tmp/phase3f-evidence/agents/binary-analysis/host-t5/negative-space-candidates.tsv	group=BINUTILS-BFD-PLUGINS;side=OURS;path=lib/bfd-plugins/libdep.so;offset=0..51576;closure_event=P3F-EVENT-2031;After all 1,340 functional intervals were terminally adjudicated (748 feature-mapped, 388 host-ABI, 204 host-data) and negative-space candidates mapped, the remaining historical whole-host attribution obligation is outside the target-artifact/observable-literal gate.;Rule anchor: AGENTS.md observable boundary. Rejected alternative: full function attribution across 47 stripped Mach-O paths/four builds, at high cost without stronger target-artifact assurance. Each historical row has a one-to-one disposition; HOST-ZSTD retains L1-FEAT-ZSTD GAP evidence instead of a nonexistent V2 group pointer.
P3F-CLOSURE-0631	L4-REG-FD49800279BB1DC4	HOST-MACHO-UNRESOLVED-REGION	tmp/phase3c-evidence/binary-region-ledger.tsv	host-macho-unresolved-region	Phase 3c region classification=UNRESOLVED	bind the equivalent V2 interval to terminal feature evidence or rule the pure host interval out of target-artifact/literal gate	RULED-OUT-OF-GATE	tmp/phase3f-evidence/agents/binary-analysis/host-t5/historical-region-disposition.tsv::L4-REG-FD49800279BB1DC4	tmp/phase3f-evidence/agents/binary-analysis/host-t5/historical-region-disposition.tsv::L4-REG-FD49800279BB1DC4;tmp/phase3f-evidence/agents/binary-analysis/host-t5/negative-path-disposition.tsv;tmp/phase3f-evidence/agents/binary-analysis/host-t5/host-byte-disposition.tsv;tmp/phase3f-evidence/agents/binary-analysis/host-t5/decision-record.tsv::P3F-T5-HOST-MACHO;tmp/phase3f-evidence/agents/binary-analysis/host-t5/negative-space-candidates.tsv	group=BINUTILS-ARCHIVE;side=UPSTREAM-P2;path=riscv32-wch-elf/bin/ranlib;offset=0..1137512;closure_event=P3F-EVENT-2032;After all 1,340 functional intervals were terminally adjudicated (748 feature-mapped, 388 host-ABI, 204 host-data) and negative-space candidates mapped, the remaining historical whole-host attribution obligation is outside the target-artifact/observable-literal gate.;Rule anchor: AGENTS.md observable boundary. Rejected alternative: full function attribution across 47 stripped Mach-O paths/four builds, at high cost without stronger target-artifact assurance. Each historical row has a one-to-one disposition; HOST-ZSTD retains L1-FEAT-ZSTD GAP evidence instead of a nonexistent V2 group pointer.
P3F-CLOSURE-0632	L4-REG-FDE110050F4C39FA	HOST-MACHO-UNRESOLVED-REGION	tmp/phase3c-evidence/binary-region-ledger.tsv	host-macho-unresolved-region	Phase 3c region classification=UNRESOLVED	bind the equivalent V2 interval to terminal feature evidence or rule the pure host interval out of target-artifact/literal gate	RULED-OUT-OF-GATE	tmp/phase3f-evidence/agents/binary-analysis/host-t5/historical-region-disposition.tsv::L4-REG-FDE110050F4C39FA	tmp/phase3f-evidence/agents/binary-analysis/host-t5/historical-region-disposition.tsv::L4-REG-FDE110050F4C39FA;tmp/phase3f-evidence/agents/binary-analysis/host-t5/negative-path-disposition.tsv;tmp/phase3f-evidence/agents/binary-analysis/host-t5/host-byte-disposition.tsv;tmp/phase3f-evidence/agents/binary-analysis/host-t5/decision-record.tsv::P3F-T5-HOST-MACHO;tmp/phase3f-evidence/agents/binary-analysis/host-t5/negative-space-candidates.tsv	group=GCC-LTO-TOOL-WRAPPERS;side=WCH;path=bin/riscv32-wch-elf-gcc-ar;offset=0..89920;closure_event=P3F-EVENT-2033;After all 1,340 functional intervals were terminally adjudicated (748 feature-mapped, 388 host-ABI, 204 host-data) and negative-space candidates mapped, the remaining historical whole-host attribution obligation is outside the target-artifact/observable-literal gate.;Rule anchor: AGENTS.md observable boundary. Rejected alternative: full function attribution across 47 stripped Mach-O paths/four builds, at high cost without stronger target-artifact assurance. Each historical row has a one-to-one disposition; HOST-ZSTD retains L1-FEAT-ZSTD GAP evidence instead of a nonexistent V2 group pointer.
P3F-CLOSURE-0633	L4-REG-FF23AB20E8417B3D	HOST-MACHO-UNRESOLVED-REGION	tmp/phase3c-evidence/binary-region-ledger.tsv	host-macho-unresolved-region	Phase 3c region classification=UNRESOLVED	bind the equivalent V2 interval to terminal feature evidence or rule the pure host interval out of target-artifact/literal gate	RULED-OUT-OF-GATE	tmp/phase3f-evidence/agents/binary-analysis/host-t5/historical-region-disposition.tsv::L4-REG-FF23AB20E8417B3D	tmp/phase3f-evidence/agents/binary-analysis/host-t5/historical-region-disposition.tsv::L4-REG-FF23AB20E8417B3D;tmp/phase3f-evidence/agents/binary-analysis/host-t5/negative-path-disposition.tsv;tmp/phase3f-evidence/agents/binary-analysis/host-t5/host-byte-disposition.tsv;tmp/phase3f-evidence/agents/binary-analysis/host-t5/decision-record.tsv::P3F-T5-HOST-MACHO;tmp/phase3f-evidence/agents/binary-analysis/host-t5/negative-space-candidates.tsv	group=BINUTILS-STRIP;side=UPSTREAM-MATCHED;path=bin/riscv32-wch-elf-strip;offset=0..1221304;closure_event=P3F-EVENT-2034;After all 1,340 functional intervals were terminally adjudicated (748 feature-mapped, 388 host-ABI, 204 host-data) and negative-space candidates mapped, the remaining historical whole-host attribution obligation is outside the target-artifact/observable-literal gate.;Rule anchor: AGENTS.md observable boundary. Rejected alternative: full function attribution across 47 stripped Mach-O paths/four builds, at high cost without stronger target-artifact assurance. Each historical row has a one-to-one disposition; HOST-ZSTD retains L1-FEAT-ZSTD GAP evidence instead of a nonexistent V2 group pointer.
P3F-CLOSURE-0634	ROOT-REG-MATCHED-GCC-CC1	HOST-MACHO-UNRESOLVED-REGION	tmp/phase3c-evidence/binary-region-ledger.tsv	host-macho-unresolved-region	Phase 3c region classification=UNRESOLVED	bind the equivalent V2 interval to terminal feature evidence or rule the pure host interval out of target-artifact/literal gate	RULED-OUT-OF-GATE	tmp/phase3f-evidence/agents/binary-analysis/host-t5/historical-region-disposition.tsv::ROOT-REG-MATCHED-GCC-CC1	tmp/phase3f-evidence/agents/binary-analysis/host-t5/historical-region-disposition.tsv::ROOT-REG-MATCHED-GCC-CC1;tmp/phase3f-evidence/agents/binary-analysis/host-t5/negative-path-disposition.tsv;tmp/phase3f-evidence/agents/binary-analysis/host-t5/host-byte-disposition.tsv;tmp/phase3f-evidence/agents/binary-analysis/host-t5/decision-record.tsv::P3F-T5-HOST-MACHO;tmp/phase3f-evidence/agents/binary-analysis/host-t5/negative-space-candidates.tsv	group=GCC-CC1;side=UPSTREAM-MATCHED;path=/Users/apple/Projects/openwch/tmp/phase3c-driver/upstream-matched-zstd-r3/output/libexec/gcc/riscv32-wch-elf/15.2.0/cc1;offset=0..69880672;closure_event=P3F-EVENT-2035;After all 1,340 functional intervals were terminally adjudicated (748 feature-mapped, 388 host-ABI, 204 host-data) and negative-space candidates mapped, the remaining historical whole-host attribution obligation is outside the target-artifact/observable-literal gate.;Rule anchor: AGENTS.md observable boundary. Rejected alternative: full function attribution across 47 stripped Mach-O paths/four builds, at high cost without stronger target-artifact assurance. Each historical row has a one-to-one disposition; HOST-ZSTD retains L1-FEAT-ZSTD GAP evidence instead of a nonexistent V2 group pointer.
P3F-CLOSURE-0635	ROOT-REG-MATCHED-GCC-CC1PLUS	HOST-MACHO-UNRESOLVED-REGION	tmp/phase3c-evidence/binary-region-ledger.tsv	host-macho-unresolved-region	Phase 3c region classification=UNRESOLVED	bind the equivalent V2 interval to terminal feature evidence or rule the pure host interval out of target-artifact/literal gate	RULED-OUT-OF-GATE	tmp/phase3f-evidence/agents/binary-analysis/host-t5/historical-region-disposition.tsv::ROOT-REG-MATCHED-GCC-CC1PLUS	tmp/phase3f-evidence/agents/binary-analysis/host-t5/historical-region-disposition.tsv::ROOT-REG-MATCHED-GCC-CC1PLUS;tmp/phase3f-evidence/agents/binary-analysis/host-t5/negative-path-disposition.tsv;tmp/phase3f-evidence/agents/binary-analysis/host-t5/host-byte-disposition.tsv;tmp/phase3f-evidence/agents/binary-analysis/host-t5/decision-record.tsv::P3F-T5-HOST-MACHO;tmp/phase3f-evidence/agents/binary-analysis/host-t5/negative-space-candidates.tsv	group=GCC-CC1PLUS;side=UPSTREAM-MATCHED;path=/Users/apple/Projects/openwch/tmp/phase3c-driver/upstream-matched-zstd-r3/output/libexec/gcc/riscv32-wch-elf/15.2.0/cc1plus;offset=0..72631096;closure_event=P3F-EVENT-2036;After all 1,340 functional intervals were terminally adjudicated (748 feature-mapped, 388 host-ABI, 204 host-data) and negative-space candidates mapped, the remaining historical whole-host attribution obligation is outside the target-artifact/observable-literal gate.;Rule anchor: AGENTS.md observable boundary. Rejected alternative: full function attribution across 47 stripped Mach-O paths/four builds, at high cost without stronger target-artifact assurance. Each historical row has a one-to-one disposition; HOST-ZSTD retains L1-FEAT-ZSTD GAP evidence instead of a nonexistent V2 group pointer.
P3F-CLOSURE-0636	ROOT-REG-MATCHED-GCC-LTO1	HOST-MACHO-UNRESOLVED-REGION	tmp/phase3c-evidence/binary-region-ledger.tsv	host-macho-unresolved-region	Phase 3c region classification=UNRESOLVED	bind the equivalent V2 interval to terminal feature evidence or rule the pure host interval out of target-artifact/literal gate	RULED-OUT-OF-GATE	tmp/phase3f-evidence/agents/binary-analysis/host-t5/historical-region-disposition.tsv::ROOT-REG-MATCHED-GCC-LTO1	tmp/phase3f-evidence/agents/binary-analysis/host-t5/historical-region-disposition.tsv::ROOT-REG-MATCHED-GCC-LTO1;tmp/phase3f-evidence/agents/binary-analysis/host-t5/negative-path-disposition.tsv;tmp/phase3f-evidence/agents/binary-analysis/host-t5/host-byte-disposition.tsv;tmp/phase3f-evidence/agents/binary-analysis/host-t5/decision-record.tsv::P3F-T5-HOST-MACHO;tmp/phase3f-evidence/agents/binary-analysis/host-t5/negative-space-candidates.tsv	group=GCC-LTO1;side=UPSTREAM-MATCHED;path=/Users/apple/Projects/openwch/tmp/phase3c-driver/upstream-matched-zstd-r3/output/libexec/gcc/riscv32-wch-elf/15.2.0/lto1;offset=0..68474424;closure_event=P3F-EVENT-2037;After all 1,340 functional intervals were terminally adjudicated (748 feature-mapped, 388 host-ABI, 204 host-data) and negative-space candidates mapped, the remaining historical whole-host attribution obligation is outside the target-artifact/observable-literal gate.;Rule anchor: AGENTS.md observable boundary. Rejected alternative: full function attribution across 47 stripped Mach-O paths/four builds, at high cost without stronger target-artifact assurance. Each historical row has a one-to-one disposition; HOST-ZSTD retains L1-FEAT-ZSTD GAP evidence instead of a nonexistent V2 group pointer.
