schema_version	image_path	address	length	classification	first_halfword_hex
2	tmp/wch-evt/evt/QingkeV3C_CH587_EVT/EXAM/BLE/LIB/CH587BLE_ROMx.hex	0x000406f8	6	known-prefix	1f00
2	tmp/wch-evt/evt/QingkeV3C_CH587_EVT/EXAM/BLE/LIB/CH587BLE_ROMx.hex	0x00041216	8	known-prefix	3f82
2	tmp/wch-evt/evt/QingkeV3C_CH587_EVT/EXAM/BLE/LIB/CH587BLE_ROMx.hex	0x00041976	6	known-prefix	1f80
2	tmp/wch-evt/evt/QingkeV3C_CH587_EVT/EXAM/BLE/LIB/CH587BLE_ROMx.hex	0x000419a2	6	known-prefix	df89
2	tmp/wch-evt/evt/QingkeV3C_CH587_EVT/EXAM/BLE/LIB/CH587BLE_ROMx.hex	0x00041bdc	20	known-prefix	7fd8
2	tmp/wch-evt/evt/QingkeV3C_CH587_EVT/EXAM/BLE/LIB/CH587BLE_ROMx.hex	0x00041c7a	6	known-prefix	9fce
2	tmp/wch-evt/evt/QingkeV3C_CH587_EVT/EXAM/BLE/LIB/CH587BLE_ROMx.hex	0x00041d44	18	known-prefix	ffc1
2	tmp/wch-evt/evt/QingkeV3C_CH587_EVT/EXAM/BLE/LIB/CH587BLE_ROMx.hex	0x00041d84	16	known-prefix	ffbd
2	tmp/wch-evt/evt/QingkeV3C_CH587_EVT/EXAM/BLE/LIB/CH587BLE_ROMx.hex	0x0004282a	6	known-prefix	5fe7
2	tmp/wch-evt/evt/QingkeV3C_CH587_EVT/EXAM/BLE/LIB/CH587BLE_ROMx.hex	0x00042906	6	known-prefix	df8c
2	tmp/wch-evt/evt/QingkeV3C_CH587_EVT/EXAM/BLE/LIB/CH587BLE_ROMx.hex	0x00043bd0	8	known-prefix	bf0c
2	tmp/wch-evt/evt/QingkeV3C_CH587_EVT/EXAM/BLE/LIB/CH587BLE_ROMx.hex	0x000449d2	6	known-prefix	1ff9
2	tmp/wch-evt/evt/QingkeV3C_CH587_EVT/EXAM/BLE/LIB/CH587BLE_ROMx.hex	0x00044b12	6	known-prefix	1fe5
2	tmp/wch-evt/evt/QingkeV3C_CH587_EVT/EXAM/BLE/LIB/CH587BLE_ROMx.hex	0x00044bc8	8	known-prefix	bfd9
2	tmp/wch-evt/evt/QingkeV3C_CH587_EVT/EXAM/BLE/LIB/CH587BLE_ROMx.hex	0x00044cd6	6	known-prefix	dfc8
2	tmp/wch-evt/evt/QingkeV3C_CH587_EVT/EXAM/BLE/LIB/CH587BLE_ROMx.hex	0x00044d34	18	known-prefix	ffc2
2	tmp/wch-evt/evt/QingkeV3C_CH587_EVT/EXAM/BLE/LIB/CH587BLE_ROMx.hex	0x00044da8	8	known-prefix	bfbb
2	tmp/wch-evt/evt/QingkeV3C_CH587_EVT/EXAM/BLE/LIB/CH587BLE_ROMx.hex	0x00044e14	16	known-prefix	ffb4
2	tmp/wch-evt/evt/QingkeV3C_CH587_EVT/EXAM/BLE/LIB/CH587BLE_ROMx.hex	0x00044e7a	6	known-prefix	9fae
2	tmp/wch-evt/evt/QingkeV3C_CH587_EVT/EXAM/BLE/LIB/CH587BLE_ROMx.hex	0x00044ece	6	known-prefix	5fa9
2	tmp/wch-evt/evt/QingkeV3C_CH587_EVT/EXAM/BLE/LIB/CH587BLE_ROMx.hex	0x00044efc	14	known-prefix	7fa6
2	tmp/wch-evt/evt/QingkeV3C_CH587_EVT/EXAM/BLE/LIB/CH587BLE_ROMx.hex	0x00044f1e	6	known-prefix	5fa4
2	tmp/wch-evt/evt/QingkeV3C_CH587_EVT/EXAM/BLE/LIB/CH587BLE_ROMx.hex	0x00044f2a	6	known-prefix	9fa3
2	tmp/wch-evt/evt/QingkeV3C_CH587_EVT/EXAM/BLE/LIB/CH587BLE_ROMx.hex	0x00044f90	8	known-prefix	3f9d
2	tmp/wch-evt/evt/QingkeV3C_CH587_EVT/EXAM/BLE/LIB/CH587BLE_ROMx.hex	0x00044fb4	12	known-prefix	ff9a
2	tmp/wch-evt/evt/QingkeV3C_CH587_EVT/EXAM/BLE/LIB/CH587BLE_ROMx.hex	0x0004504a	6	known-prefix	9f91
2	tmp/wch-evt/evt/QingkeV3C_CH587_EVT/EXAM/BLE/LIB/CH587BLE_ROMx.hex	0x0004511a	10	known-prefix	7f85
2	tmp/wch-evt/evt/QingkeV3C_CH587_EVT/EXAM/BLE/LIB/CH587BLE_ROMx.hex	0x00045312	6	known-prefix	df0a
2	tmp/wch-evt/evt/QingkeV3C_CH587_EVT/EXAM/BLE/LIB/CH587BLE_ROMx.hex	0x000459b6	6	known-prefix	1ffe
2	tmp/wch-evt/evt/QingkeV3C_CH587_EVT/EXAM/BLE/LIB/CH587BLE_ROMx.hex	0x00045bb0	14	known-prefix	ffae
2	tmp/wch-evt/evt/QingkeV3C_CH587_EVT/EXAM/BLE/LIB/CH587BLE_ROMx.hex	0x00045c1a	6	known-prefix	9fd4
2	tmp/wch-evt/evt/QingkeV3C_CH587_EVT/EXAM/BLE/LIB/CH587BLE_ROMx.hex	0x00045cfa	6	known-prefix	1fa8
2	tmp/wch-evt/evt/QingkeV3C_CH587_EVT/EXAM/BLE/LIB/CH587BLE_ROMx.hex	0x00045d3a	6	known-prefix	dfc5
2	tmp/wch-evt/evt/QingkeV3C_CH587_EVT/EXAM/BLE/LIB/CH587BLE_ROMx.hex	0x0004633e	8	known-prefix	3fa6
2	tmp/wch-evt/evt/QingkeV3C_CH587_EVT/EXAM/BLE/LIB/CH587BLE_ROMx.hex	0x00046498	10	known-prefix	ff86
2	tmp/wch-evt/evt/QingkeV3C_CH587_EVT/EXAM/BLE/LIB/CH587BLE_ROMx.hex	0x0004661c	8	known-prefix	bfb5
2	tmp/wch-evt/evt/QingkeV3C_CH587_EVT/EXAM/BLE/LIB/CH587BLE_ROMx.hex	0x0004667e	8	known-prefix	3ffb
2	tmp/wch-evt/evt/QingkeV3C_CH587_EVT/EXAM/BLE/LIB/CH587BLE_ROMx.hex	0x000466d0	8	known-prefix	bfe2
2	tmp/wch-evt/evt/QingkeV3C_CH587_EVT/EXAM/BLE/LIB/CH587BLE_ROMx.hex	0x0004670e	6	known-prefix	df9a
2	tmp/wch-evt/evt/QingkeV3C_CH587_EVT/EXAM/BLE/LIB/CH587BLE_ROMx.hex	0x00046712	6	known-prefix	5ff7
2	tmp/wch-evt/evt/QingkeV3C_CH587_EVT/EXAM/BLE/LIB/CH587BLE_ROMx.hex	0x000469c2	6	known-prefix	5ffd
2	tmp/wch-evt/evt/QingkeV3C_CH587_EVT/EXAM/BLE/LIB/CH587BLE_ROMx.hex	0x000469ea	6	known-prefix	dffa
2	tmp/wch-evt/evt/QingkeV3C_CH587_EVT/EXAM/BLE/LIB/CH587BLE_ROMx.hex	0x00046ac0	22	known-prefix	7fed
2	tmp/wch-evt/evt/QingkeV3C_CH587_EVT/EXAM/BLE/LIB/CH587BLE_ROMx.hex	0x00046af2	6	known-prefix	5ff1
2	tmp/wch-evt/evt/QingkeV3C_CH587_EVT/EXAM/BLE/LIB/CH587BLE_ROMx.hex	0x00046b4c	8	known-prefix	bfeb
2	tmp/wch-evt/evt/QingkeV3C_CH587_EVT/EXAM/BLE/LIB/CH587BLE_ROMx.hex	0x00046b80	22	known-prefix	ffe4
2	tmp/wch-evt/evt/QingkeV3C_CH587_EVT/EXAM/BLE/LIB/CH587BLE_ROMx.hex	0x00046b92	6	known-prefix	1fdd
2	tmp/wch-evt/evt/QingkeV3C_CH587_EVT/EXAM/BLE/LIB/CH587BLE_ROMx.hex	0x00046bae	6	known-prefix	5fdb
2	tmp/wch-evt/evt/QingkeV3C_CH587_EVT/EXAM/BLE/LIB/CH587BLE_ROMx.hex	0x00046bb4	20	known-prefix	ffdc
2	tmp/wch-evt/evt/QingkeV3C_CH587_EVT/EXAM/BLE/LIB/CH587BLE_ROMx.hex	0x00046c4c	8	known-prefix	bfd4
2	tmp/wch-evt/evt/QingkeV3C_CH587_EVT/EXAM/BLE/LIB/CH587BLE_ROMx.hex	0x00046c90	20	known-prefix	7fd0
2	tmp/wch-evt/evt/QingkeV3C_CH587_EVT/EXAM/BLE/LIB/CH587BLE_ROMx.hex	0x00046ccc	8	known-prefix	bfcc
2	tmp/wch-evt/evt/QingkeV3C_CH587_EVT/EXAM/BLE/LIB/CH587BLE_ROMx.hex	0x00046cfa	6	known-prefix	dfc0
2	tmp/wch-evt/evt/QingkeV3C_CH587_EVT/EXAM/BLE/LIB/CH587BLE_ROMx.hex	0x00046d1c	18	known-prefix	7fc4
2	tmp/wch-evt/evt/QingkeV3C_CH587_EVT/EXAM/BLE/LIB/CH587BLE_ROMx.hex	0x00046d44	8	known-prefix	bfc8
2	tmp/wch-evt/evt/QingkeV3C_CH587_EVT/EXAM/BLE/LIB/CH587BLE_ROMx.hex	0x00046d98	unknown	reserved-ge-192	fff6
2	tmp/wch-evt/evt/QingkeV3C_CH587_EVT/EXAM/BLE/LIB/CH587BLE_ROMx.hex	0x00046f50	8	known-prefix	3fa1
2	tmp/wch-evt/evt/QingkeV3C_CH587_EVT/EXAM/BLE/LIB/CH587BLE_ROMx.hex	0x00046f86	6	known-prefix	df9d
2	tmp/wch-evt/evt/QingkeV3C_CH587_EVT/EXAM/BLE/LIB/CH587BLE_ROMx.hex	0x000470f8	6	known-prefix	9f87
2	tmp/wch-evt/evt/QingkeV3C_CH587_EVT/EXAM/BLE/LIB/CH587BLE_ROMx.hex	0x000476ae	8	known-prefix	3ff8
2	tmp/wch-evt/evt/QingkeV3C_CH587_EVT/EXAM/BLE/LIB/CH587BLE_ROMx.hex	0x000476c2	18	known-prefix	7fcc
2	tmp/wch-evt/evt/QingkeV3C_CH587_EVT/EXAM/BLE/LIB/CH587BLE_ROMx.hex	0x000477f2	6	known-prefix	9fbe
2	tmp/wch-evt/evt/QingkeV3C_CH587_EVT/EXAM/BLE/LIB/CH587BLE_ROMx.hex	0x0004781e	10	known-prefix	ff86
2	tmp/wch-evt/evt/QingkeV3C_CH587_EVT/EXAM/BLE/LIB/CH587BLE_ROMx.hex	0x000479dc	unknown	reserved-ge-192	7ff8
2	tmp/wch-evt/evt/QingkeV3C_CH587_EVT/EXAM/BLE/LIB/CH587BLE_ROMx.hex	0x00047a52	6	known-prefix	9f98
2	tmp/wch-evt/evt/QingkeV3C_CH587_EVT/EXAM/BLE/LIB/CH587BLE_ROMx.hex	0x00047a86	6	known-prefix	dfed
2	tmp/wch-evt/evt/QingkeV3C_CH587_EVT/EXAM/BLE/LIB/CH587BLE_ROMx.hex	0x00047aec	8	known-prefix	bfea
2	tmp/wch-evt/evt/QingkeV3C_CH587_EVT/EXAM/BLE/LIB/CH587BLE_ROMx.hex	0x00047b0a	6	known-prefix	9fe5
2	tmp/wch-evt/evt/QingkeV3C_CH587_EVT/EXAM/BLE/LIB/CH587BLE_ROMx.hex	0x00047b66	6	known-prefix	dfdf
2	tmp/wch-evt/evt/QingkeV3C_CH587_EVT/EXAM/BLE/LIB/CH587BLE_ROMx.hex	0x00047b90	8	known-prefix	3fdd
2	tmp/wch-evt/evt/QingkeV3C_CH587_EVT/EXAM/BLE/LIB/CH587BLE_ROMx.hex	0x00047c48	14	known-prefix	ffa3
2	tmp/wch-evt/evt/QingkeV3C_CH587_EVT/EXAM/BLE/LIB/CH587BLE_ROMx.hex	0x00047c6a	6	known-prefix	dfa1
2	tmp/wch-evt/evt/QingkeV3C_CH587_EVT/EXAM/BLE/LIB/CH587BLE_ROMx.hex	0x00047c9c	8	known-prefix	bf9e
2	tmp/wch-evt/evt/QingkeV3C_CH587_EVT/EXAM/BLE/LIB/CH587BLE_ROMx.hex	0x00047ce2	6	known-prefix	9f81
2	tmp/wch-evt/evt/QingkeV3C_CH587_EVT/EXAM/BLE/LIB/CH587BLE_ROMx.hex	0x00047dae	8	known-prefix	3f88
2	tmp/wch-evt/evt/QingkeV3C_CH587_EVT/EXAM/BLE/LIB/CH587BLE_ROMx.hex	0x00047ea0	8	known-prefix	3fac
2	tmp/wch-evt/evt/QingkeV3C_CH587_EVT/EXAM/BLE/LIB/CH587BLE_ROMx.hex	0x00047eb2	6	known-prefix	1fab
2	tmp/wch-evt/evt/QingkeV3C_CH587_EVT/EXAM/BLE/LIB/CH587BLE_ROMx.hex	0x00047f10	8	known-prefix	3fa5
2	tmp/wch-evt/evt/QingkeV3C_CH587_EVT/EXAM/BLE/LIB/CH587BLE_ROMx.hex	0x0004807c	10	known-prefix	7f8e
2	tmp/wch-evt/evt/QingkeV3C_CH587_EVT/EXAM/BLE/LIB/CH587BLE_ROMx.hex	0x000480a4	10	known-prefix	ff8b
2	tmp/wch-evt/evt/QingkeV3C_CH587_EVT/EXAM/BLE/LIB/CH587BLE_ROMx.hex	0x000480ea	6	known-prefix	9f87
2	tmp/wch-evt/evt/QingkeV3C_CH587_EVT/EXAM/BLE/LIB/CH587BLE_ROMx.hex	0x00048326	22	known-prefix	7fe7
2	tmp/wch-evt/evt/QingkeV3C_CH587_EVT/EXAM/BLE/LIB/CH587BLE_ROMx.hex	0x0004838c	6	known-prefix	dfff
2	tmp/wch-evt/evt/QingkeV3C_CH587_EVT/EXAM/BLE/LIB/CH587BLE_ROMx.hex	0x00048428	6	known-prefix	9fa9
2	tmp/wch-evt/evt/QingkeV3C_CH587_EVT/EXAM/BLE/LIB/CH587BLE_ROMx.hex	0x00048444	unknown	reserved-ge-192	7ff9
2	tmp/wch-evt/evt/QingkeV3C_CH587_EVT/EXAM/BLE/LIB/CH587BLE_ROMx.hex	0x0004851c	10	known-prefix	ff88
2	tmp/wch-evt/evt/QingkeV3C_CH587_EVT/EXAM/BLE/LIB/CH587BLE_ROMx.hex	0x00048570	8	known-prefix	bf83
2	tmp/wch-evt/evt/QingkeV3C_CH587_EVT/EXAM/BLE/LIB/CH587BLE_ROMx.hex	0x00048588	8	known-prefix	3f82
2	tmp/wch-evt/evt/QingkeV3C_CH587_EVT/EXAM/BLE/LIB/CH587BLE_ROMx.hex	0x000485f6	6	known-prefix	5ff0
2	tmp/wch-evt/evt/QingkeV3C_CH587_EVT/EXAM/BLE/LIB/CH587BLE_ROMx.hex	0x00048602	10	known-prefix	ff8b
2	tmp/wch-evt/evt/QingkeV3C_CH587_EVT/EXAM/BLE/LIB/CH587BLE_ROMx.hex	0x00048714	6	known-prefix	1f8d
2	tmp/wch-evt/evt/QingkeV3C_CH587_EVT/EXAM/BLE/LIB/CH587BLE_ROMx.hex	0x00048804	16	known-prefix	7fbd
2	tmp/wch-evt/evt/QingkeV3C_CH587_EVT/EXAM/BLE/LIB/CH587BLE_ROMx.hex	0x00048828	22	known-prefix	ffe5
2	tmp/wch-evt/evt/QingkeV3C_CH587_EVT/EXAM/BLE/LIB/CH587BLE_ROMx.hex	0x00048890	6	known-prefix	5fd5
2	tmp/wch-evt/evt/QingkeV3C_CH587_EVT/EXAM/BLE/LIB/CH587BLE_ROMx.hex	0x0004891e	8	known-prefix	3f81
2	tmp/wch-evt/evt/QingkeV3C_CH587_EVT/EXAM/BLE/LIB/CH587BLE_ROMx.hex	0x00048946	6	known-prefix	1f81
2	tmp/wch-evt/evt/QingkeV3C_CH587_EVT/EXAM/BLE/LIB/CH587BLE_ROMx.hex	0x0004895a	8	known-prefix	bfc8
2	tmp/wch-evt/evt/QingkeV3C_CH587_EVT/EXAM/BLE/LIB/CH587BLE_ROMx.hex	0x00048982	6	known-prefix	1ffe
2	tmp/wch-evt/evt/QingkeV3C_CH587_EVT/EXAM/BLE/LIB/CH587BLE_ROMx.hex	0x00048a66	6	known-prefix	5f97
2	tmp/wch-evt/evt/QingkeV3C_CH587_EVT/EXAM/BLE/LIB/CH587BLE_ROMx.hex	0x00048a9e	6	known-prefix	9fbe
2	tmp/wch-evt/evt/QingkeV3C_CH587_EVT/EXAM/BLE/LIB/CH587BLE_ROMx.hex	0x00048b82	14	known-prefix	ffaa
2	tmp/wch-evt/evt/QingkeV3C_CH587_EVT/EXAM/BLE/LIB/CH587BLE_ROMx.hex	0x00048c72	6	known-prefix	1fcf
2	tmp/wch-evt/evt/QingkeV3C_CH587_EVT/EXAM/BLE/LIB/CH587BLE_ROMx.hex	0x00048c8e	6	known-prefix	5fcd
2	tmp/wch-evt/evt/QingkeV3C_CH587_EVT/EXAM/BLE/LIB/CH587BLE_ROMx.hex	0x00048e58	10	known-prefix	ff82
2	tmp/wch-evt/evt/QingkeV3C_CH587_EVT/EXAM/BLE/LIB/CH587BLE_ROMx.hex	0x00048f12	unknown	reserved-ge-192	fffa
2	tmp/wch-evt/evt/QingkeV3C_CH587_EVT/EXAM/BLE/LIB/CH587BLE_ROMx.hex	0x00048fdc	12	known-prefix	7f98
2	tmp/wch-evt/evt/QingkeV3C_CH587_EVT/EXAM/BLE/LIB/CH587BLE_ROMx.hex	0x00049022	6	known-prefix	1f94
2	tmp/wch-evt/evt/QingkeV3C_CH587_EVT/EXAM/BLE/LIB/CH587BLE_ROMx.hex	0x00049056	unknown	reserved-ge-192	ffff
2	tmp/wch-evt/evt/QingkeV3C_CH587_EVT/EXAM/BLE/LIB/CH587BLE_ROMx.hex	0x0004905e	8	known-prefix	3fe6
2	tmp/wch-evt/evt/QingkeV3C_CH587_EVT/EXAM/BLE/LIB/CH587BLE_ROMx.hex	0x0004906c	6	known-prefix	5fe5
2	tmp/wch-evt/evt/QingkeV3C_CH587_EVT/EXAM/BLE/LIB/CH587BLE_ROMx.hex	0x000490ac	6	known-prefix	5ff5
2	tmp/wch-evt/evt/QingkeV3C_CH587_EVT/EXAM/BLE/LIB/CH587BLE_ROMx.hex	0x00049104	10	known-prefix	ff85
2	tmp/wch-evt/evt/QingkeV3C_CH587_EVT/EXAM/BLE/LIB/CH587BLE_ROMx.hex	0x0004911e	8	known-prefix	3fb6
2	tmp/wch-evt/evt/QingkeV3C_CH587_EVT/EXAM/BLE/LIB/CH587BLE_ROMx.hex	0x00049212	18	known-prefix	ffca
2	tmp/wch-evt/evt/QingkeV3C_CH587_EVT/EXAM/BLE/LIB/CH587BLE_ROMx.hex	0x000492e4	unknown	reserved-ge-192	ffff
2	tmp/wch-evt/evt/QingkeV3C_CH587_EVT/EXAM/BLE/LIB/CH587BLE_ROMx.hex	0x000492ec	6	known-prefix	5fbd
2	tmp/wch-evt/evt/QingkeV3C_CH587_EVT/EXAM/BLE/LIB/CH587BLE_ROMx.hex	0x00049438	6	known-prefix	9fa8
2	tmp/wch-evt/evt/QingkeV3C_CH587_EVT/EXAM/BLE/LIB/CH587BLE_ROMx.hex	0x0004a204	10	known-prefix	ff02
2	tmp/wch-evt/evt/QingkeV3C_CH587_EVT/EXAM/BLE/LIB/CH587BLE_ROMx.hex	0x0004a5ac	unknown	reserved-ge-192	ffff
2	tmp/wch-evt/evt/QingkeV3C_CH587_EVT/EXAM/BLE/LIB/CH587BLE_ROMx.hex	0x0004a5e8	12	known-prefix	ff1f
2	tmp/wch-evt/evt/QingkeV3C_CH587_EVT/EXAM/BLE/LIB/CH587BLE_ROMx.hex	0x0004a5f0	unknown	reserved-ge-192	ffff
2	tmp/wch-evt/evt/QingkeV3C_CH587_EVT/EXAM/BLE/LIB/CH587BLE_ROMx.hex	0x0004a61c	6	known-prefix	1ff5
2	tmp/wch-evt/evt/QingkeV3C_CH587_EVT/EXAM/BLE/LIB/CH587BLE_ROMx.hex	0x0004b4c0	10	known-prefix	7f00
2	tmp/wch-evt/evt/QingkeV3C_CH587_EVT/EXAM/BLE/LIB/CH587BLE_ROMx.hex	0x0004bf7a	8	known-prefix	3f86
2	tmp/wch-evt/evt/QingkeV3C_CH587_EVT/EXAM/BLE/LIB/CH587BLE_ROMx.hex	0x0004c6f4	8	known-prefix	bfce
2	tmp/wch-evt/evt/QingkeV3C_CH587_EVT/EXAM/BLE/LIB/CH587BLE_ROMx.hex	0x0004c7a0	8	known-prefix	3fc9
2	tmp/wch-evt/evt/QingkeV3C_CH587_EVT/EXAM/BLE/LIB/CH587BLE_ROMx.hex	0x0004cad8	20	known-prefix	ffd3
2	tmp/wch-evt/evt/QingkeV3C_CH587_EVT/EXAM/BLE/LIB/CH587BLE_ROMx.hex	0x0004cb86	6	known-prefix	9f85
2	tmp/wch-evt/evt/QingkeV3C_CH587_EVT/EXAM/BLE/LIB/CH587BLE_ROMx.hex	0x0004cba2	8	known-prefix	3f99
2	tmp/wch-evt/evt/QingkeV3C_CH587_EVT/EXAM/BLE/LIB/CH587BLE_ROMx.hex	0x0004cc82	6	known-prefix	5fb9
2	tmp/wch-evt/evt/QingkeV3C_CH587_EVT/EXAM/BLE/LIB/CH587BLE_ROMx.hex	0x0004ce80	8	known-prefix	3fea
2	tmp/wch-evt/evt/QingkeV3C_CH587_EVT/EXAM/BLE/LIB/CH587BLE_ROMx.hex	0x0004ced0	6	known-prefix	dffe
2	tmp/wch-evt/evt/QingkeV3C_CH587_EVT/EXAM/BLE/LIB/CH587BLE_ROMx.hex	0x0004cf16	6	known-prefix	1fec
2	tmp/wch-evt/evt/QingkeV3C_CH587_EVT/EXAM/BLE/LIB/CH587BLE_ROMx.hex	0x0004cf2c	8	known-prefix	bfef
2	tmp/wch-evt/evt/QingkeV3C_CH587_EVT/EXAM/BLE/LIB/CH587BLE_ROMx.hex	0x0004d280	unknown	reserved-ge-192	fff1
2	tmp/wch-evt/evt/QingkeV3C_CH587_EVT/EXAM/BLE/LIB/CH587BLE_ROMx.hex	0x0004d3c0	20	known-prefix	ffdd
2	tmp/wch-evt/evt/QingkeV3C_CH587_EVT/EXAM/BLE/LIB/CH587BLE_ROMx.hex	0x0004d7dc	8	known-prefix	3f9c
2	tmp/wch-evt/evt/QingkeV3C_CH587_EVT/EXAM/BLE/LIB/CH587BLE_ROMx.hex	0x0004d87a	6	known-prefix	5f92
2	tmp/wch-evt/evt/QingkeV3C_CH587_EVT/EXAM/BLE/LIB/CH587BLE_ROMx.hex	0x0004d974	8	known-prefix	bf82
2	tmp/wch-evt/evt/QingkeV3C_CH587_EVT/EXAM/BLE/LIB/CH587BLE_ROMx.hex	0x0004dcac	6	known-prefix	df9d
2	tmp/wch-evt/evt/QingkeV3C_CH587_EVT/EXAM/BLE/LIB/CH587BLE_ROMx.hex	0x0004dcfc	6	known-prefix	df98
2	tmp/wch-evt/evt/QingkeV3C_CH587_EVT/EXAM/BLE/LIB/CH587BLE_ROMx.hex	0x0004de02	10	known-prefix	7f89
2	tmp/wch-evt/evt/QingkeV3C_CH587_EVT/EXAM/BLE/LIB/CH587BLE_ROMx.hex	0x0004df18	6	known-prefix	5f8c
2	tmp/wch-evt/evt/QingkeV3C_CH587_EVT/EXAM/BLE/LIB/CH587BLE_ROMx.hex	0x0004dff8	unknown	reserved-ge-192	ffff
2	tmp/wch-evt/evt/QingkeV3C_CH587_EVT/EXAM/BLE/LIB/CH587BLE_ROMx.hex	0x0004e00a	unknown	reserved-ge-192	ffff
2	tmp/wch-evt/evt/QingkeV3C_CH587_EVT/EXAM/BLE/LIB/CH587BLE_ROMx.hex	0x0004e014	unknown	reserved-ge-192	ffff
2	tmp/wch-evt/evt/QingkeV3C_CH587_EVT/EXAM/BLE/LIB/CH587BLE_ROMx.hex	0x0004e152	6	known-prefix	1fbd
2	tmp/wch-evt/evt/QingkeV3C_CH587_EVT/EXAM/BLE/LIB/CH587BLE_ROMx.hex	0x0004e19a	6	known-prefix	dfc3
2	tmp/wch-evt/evt/QingkeV3C_CH587_EVT/EXAM/BLE/LIB/CH587BLE_ROMx.hex	0x0004e1b0	18	known-prefix	7fc7
2	tmp/wch-evt/evt/QingkeV3C_CH587_EVT/EXAM/BLE/LIB/CH587BLE_ROMx.hex	0x0004e240	unknown	reserved-ge-192	fff5
2	tmp/wch-evt/evt/QingkeV3C_CH587_EVT/EXAM/BLE/LIB/CH587BLE_ROMx.hex	0x0004e248	unknown	reserved-ge-192	7ff5
2	tmp/wch-evt/evt/QingkeV3C_CH587_EVT/EXAM/BLE/LIB/CH587BLE_ROMx.hex	0x0004e25e	6	known-prefix	1ff4
2	tmp/wch-evt/evt/QingkeV3C_CH587_EVT/EXAM/BLE/LIB/CH587BLE_ROMx.hex	0x0004e266	6	known-prefix	9ff3
2	tmp/wch-evt/evt/QingkeV3C_CH587_EVT/EXAM/BLE/LIB/CH587BLE_ROMx.hex	0x0004e26e	6	known-prefix	1ff3
2	tmp/wch-evt/evt/QingkeV3C_CH587_EVT/EXAM/BLE/LIB/CH587BLE_ROMx.hex	0x0004e276	6	known-prefix	9ff2
2	tmp/wch-evt/evt/QingkeV3C_CH587_EVT/EXAM/BLE/LIB/CH587BLE_ROMx.hex	0x0004e27e	6	known-prefix	1ff2
2	tmp/wch-evt/evt/QingkeV3C_CH587_EVT/EXAM/BLE/LIB/CH587BLE_ROMx.hex	0x0004e286	6	known-prefix	9ff1
2	tmp/wch-evt/evt/QingkeV3C_CH587_EVT/EXAM/BLE/LIB/CH587BLE_ROMx.hex	0x0004e438	8	known-prefix	3fb1
2	tmp/wch-evt/evt/QingkeV3C_CH587_EVT/EXAM/BLE/LIB/CH587BLE_ROMx.hex	0x0004e43e	6	known-prefix	1fd6
2	tmp/wch-evt/evt/QingkeV3C_CH587_EVT/EXAM/BLE/LIB/CH587BLE_ROMx.hex	0x0004e484	8	known-prefix	bfd1
2	tmp/wch-evt/evt/QingkeV3C_CH587_EVT/EXAM/BLE/LIB/CH587BLE_ROMx.hex	0x0004e678	8	known-prefix	bfa4
2	tmp/wch-evt/evt/QingkeV3C_CH587_EVT/EXAM/BLE/LIB/CH587BLE_ROMx.hex	0x0004e69c	6	known-prefix	dfa4
2	tmp/wch-evt/evt/QingkeV3C_CH587_EVT/EXAM/BLE/LIB/CH587BLE_ROMx.hex	0x0004eb6c	14	known-prefix	7fa5
2	tmp/wch-evt/evt/QingkeV3C_CH587_EVT/EXAM/BLE/LIB/CH587BLE_ROMx.hex	0x0004ec64	6	known-prefix	5f95
2	tmp/wch-evt/evt/QingkeV3C_CH587_EVT/EXAM/BLE/LIB/CH587BLE_ROMx.hex	0x0004ec7a	12	known-prefix	ff93
2	tmp/wch-evt/evt/QingkeV3C_CH587_EVT/EXAM/BLE/LIB/CH587BLE_ROMx.hex	0x0004ecd6	unknown	reserved-ge-192	ffff
2	tmp/wch-evt/evt/QingkeV3C_CH587_EVT/EXAM/BLE/LIB/CH587BLE_ROMx.hex	0x0004ece0	unknown	reserved-ge-192	ffff
2	tmp/wch-evt/evt/QingkeV3C_CH587_EVT/EXAM/BLE/LIB/CH587BLE_ROMx.hex	0x0004ecea	unknown	reserved-ge-192	ffff
2	tmp/wch-evt/evt/QingkeV3C_CH587_EVT/EXAM/BLE/LIB/CH587BLE_ROMx.hex	0x0004edd4	6	known-prefix	5f89
2	tmp/wch-evt/evt/QingkeV3C_CH587_EVT/EXAM/BLE/LIB/CH587BLE_ROMx.hex	0x0004f68c	6	known-prefix	1fa0
2	tmp/wch-evt/evt/QingkeV3C_CH587_EVT/EXAM/BLE/LIB/CH587BLE_ROMx.hex	0x0004f732	6	known-prefix	1fd4
2	tmp/wch-evt/evt/QingkeV3C_CH587_EVT/EXAM/BLE/LIB/CH587BLE_ROMx.hex	0x0004fb40	6	known-prefix	9fc4
2	tmp/wch-evt/evt/QingkeV3C_CH587_EVT/EXAM/BLE/LIB/CH587BLE_ROMx.hex	0x0004fb5a	18	known-prefix	ffc2
2	tmp/wch-evt/evt/QingkeV3C_CH587_EVT/EXAM/BLE/LIB/CH587BLE_ROMx.hex	0x0004fb6c	6	known-prefix	dfc1
2	tmp/wch-evt/evt/QingkeV3C_CH587_EVT/EXAM/BLE/LIB/CH587BLE_ROMx.hex	0x0004fb78	8	known-prefix	bfb7
2	tmp/wch-evt/evt/QingkeV3C_CH587_EVT/EXAM/BLE/LIB/CH587BLE_ROMx.hex	0x0004fb8e	8	known-prefix	bfbf
2	tmp/wch-evt/evt/QingkeV3C_CH587_EVT/EXAM/BLE/LIB/CH587BLE_ROMx.hex	0x0004fb9a	6	known-prefix	9fb5
2	tmp/wch-evt/evt/QingkeV3C_CH587_EVT/EXAM/BLE/LIB/CH587BLE_ROMx.hex	0x0004fbb2	16	known-prefix	7fbd
2	tmp/wch-evt/evt/QingkeV3C_CH587_EVT/EXAM/BLE/LIB/CH587BLE_ROMx.hex	0x0004fbbe	6	known-prefix	5fb3
2	tmp/wch-evt/evt/QingkeV3C_CH587_EVT/EXAM/BLE/LIB/CH587BLE_ROMx.hex	0x0004fc02	unknown	reserved-ge-192	ffff
2	tmp/wch-evt/evt/QingkeV3C_CH587_EVT/EXAM/BLE/LIB/CH587BLE_ROMx.hex	0x0004fc80	unknown	reserved-ge-192	ffff
2	tmp/wch-evt/evt/QingkeV3C_CH587_EVT/EXAM/BLE/LIB/CH587BLE_ROMx.hex	0x0004fcce	unknown	reserved-ge-192	ffff
2	tmp/wch-evt/evt/QingkeV3C_CH587_EVT/EXAM/BLE/LIB/CH587BLE_ROMx.hex	0x0004fe78	unknown	reserved-ge-192	ffff
2	tmp/wch-evt/evt/QingkeV3C_CH587_EVT/EXAM/BLE/LIB/CH587BLE_ROMx.hex	0x0004feec	unknown	reserved-ge-192	ffff
2	tmp/wch-evt/evt/QingkeV3C_CH587_EVT/EXAM/BLE/LIB/CH587BLE_ROMx.hex	0x0004ff62	unknown	reserved-ge-192	ffff
2	tmp/wch-evt/evt/QingkeV3C_CH587_EVT/EXAM/BLE/LIB/CH587BLE_ROMx.hex	0x0004ff84	18	known-prefix	ffc9
2	tmp/wch-evt/evt/QingkeV3C_CH587_EVT/EXAM/BLE/LIB/CH587BLE_ROMx.hex	0x0004ffb4	unknown	reserved-ge-192	ffff
2	tmp/wch-evt/evt/QingkeV3C_CH587_EVT/EXAM/BLE/LIB/CH587BLE_ROMx.hex	0x0004ffec	18	known-prefix	7fc3
2	tmp/wch-evt/evt/QingkeV3C_CH587_EVT/EXAM/BLE/LIB/CH587BLE_ROMx.hex	0x00050032	8	known-prefix	bfd0
2	tmp/wch-evt/evt/QingkeV3C_CH587_EVT/EXAM/BLE/LIB/CH587BLE_ROMx.hex	0x0005004e	6	known-prefix	9fb8
2	tmp/wch-evt/evt/QingkeV3C_CH587_EVT/EXAM/BLE/LIB/CH587BLE_ROMx.hex	0x00050052	6	known-prefix	5fb8
2	tmp/wch-evt/evt/QingkeV3C_CH587_EVT/EXAM/BLE/LIB/CH587BLE_ROMx.hex	0x00050056	6	known-prefix	dfc4
2	tmp/wch-evt/evt/QingkeV3C_CH587_EVT/EXAM/BLE/LIB/CH587BLE_ROMx.hex	0x0005005a	6	known-prefix	9fc4
2	tmp/wch-evt/evt/QingkeV3C_CH587_EVT/EXAM/BLE/LIB/CH587BLE_ROMx.hex	0x0005008a	unknown	reserved-ge-192	ffff
2	tmp/wch-evt/evt/QingkeV3C_CH587_EVT/EXAM/BLE/LIB/CH587BLE_ROMx.hex	0x000500ae	6	known-prefix	5fb7
2	tmp/wch-evt/evt/QingkeV3C_CH587_EVT/EXAM/BLE/LIB/CH587BLE_ROMx.hex	0x00050150	6	known-prefix	1fd3
2	tmp/wch-evt/evt/QingkeV3C_CH587_EVT/EXAM/BLE/LIB/CH587BLE_ROMx.hex	0x0005017c	6	known-prefix	1fbc
2	tmp/wch-evt/evt/QingkeV3C_CH587_EVT/EXAM/BLE/LIB/CH587BLE_ROMx.hex	0x00050204	6	known-prefix	9fcb
2	tmp/wch-evt/evt/QingkeV3C_CH587_EVT/EXAM/BLE/LIB/CH587BLE_ROMx.hex	0x000502c6	22	known-prefix	ffe7
2	tmp/wch-evt/evt/QingkeV3C_CH587_EVT/EXAM/BLE/LIB/CH587BLE_ROMx.hex	0x0005033a	unknown	reserved-ge-192	ffff
2	tmp/wch-evt/evt/QingkeV3C_CH587_EVT/EXAM/BLE/LIB/CH587BLE_ROMx.hex	0x00050398	6	known-prefix	5ffc
2	tmp/wch-evt/evt/QingkeV3C_CH587_EVT/EXAM/BLE/LIB/CH587BLE_ROMx.hex	0x000503ec	6	known-prefix	dffa
2	tmp/wch-evt/evt/QingkeV3C_CH587_EVT/EXAM/BLE/LIB/CH587BLE_ROMx.hex	0x00050404	unknown	reserved-ge-192	ffff
2	tmp/wch-evt/evt/QingkeV3C_CH587_EVT/EXAM/BLE/LIB/CH587BLE_ROMx.hex	0x0005047a	unknown	reserved-ge-192	fff1
2	tmp/wch-evt/evt/QingkeV3C_CH587_EVT/EXAM/BLE/LIB/CH587BLE_ROMx.hex	0x000504a2	8	known-prefix	bfa1
2	tmp/wch-evt/evt/QingkeV3C_CH587_EVT/EXAM/BLE/LIB/CH587BLE_ROMx.hex	0x00050508	6	known-prefix	1fe9
2	tmp/wch-evt/evt/QingkeV3C_CH587_EVT/EXAM/BLE/LIB/CH587BLE_ROMx.hex	0x00050520	unknown	reserved-ge-192	ffff
2	tmp/wch-evt/evt/QingkeV3C_CH587_EVT/EXAM/BLE/LIB/CH587BLE_ROMx.hex	0x0005053c	6	known-prefix	dfe5
2	tmp/wch-evt/evt/QingkeV3C_CH587_EVT/EXAM/BLE/LIB/CH587BLE_ROMx.hex	0x0005056e	12	known-prefix	ff94
2	tmp/wch-evt/evt/QingkeV3C_CH587_EVT/EXAM/BLE/LIB/CH587BLE_ROMx.hex	0x000505a4	unknown	reserved-ge-192	ffff
2	tmp/wch-evt/evt/QingkeV3C_CH587_EVT/EXAM/BLE/LIB/CH587BLE_ROMx.hex	0x000505ec	6	known-prefix	1f8d
2	tmp/wch-evt/evt/QingkeV3C_CH587_EVT/EXAM/BLE/LIB/CH587BLE_ROMx.hex	0x00050648	6	known-prefix	1fd1
2	tmp/wch-evt/evt/QingkeV3C_CH587_EVT/EXAM/BLE/LIB/CH587BLE_ROMx.hex	0x00050656	unknown	reserved-ge-192	ffff
2	tmp/wch-evt/evt/QingkeV3C_CH587_EVT/EXAM/BLE/LIB/CH587BLE_ROMx.hex	0x000506d2	6	known-prefix	dfab
2	tmp/wch-evt/evt/QingkeV3C_CH587_EVT/EXAM/BLE/LIB/CH587BLE_ROMx.hex	0x00050988	6	known-prefix	9f82
2	tmp/wch-evt/evt/QingkeV3C_CH587_EVT/EXAM/BLE/LIB/CH587BLE_ROMx.hex	0x00050ee0	6	known-prefix	9fdf
2	tmp/wch-evt/evt/QingkeV3C_CH587_EVT/EXAM/BLE/LIB/CH587BLE_ROMx.hex	0x00050f0c	6	known-prefix	1fe3
2	tmp/wch-evt/evt/QingkeV3C_CH587_EVT/EXAM/BLE/LIB/CH587BLE_ROMx.hex	0x00050f3c	6	known-prefix	1fe0
2	tmp/wch-evt/evt/QingkeV3C_CH587_EVT/EXAM/BLE/LIB/CH587BLE_ROMx.hex	0x00050f48	20	known-prefix	7fda
2	tmp/wch-evt/evt/QingkeV3C_CH587_EVT/EXAM/BLE/LIB/CH587BLE_ROMx.hex	0x00050f9a	8	known-prefix	3fdc
2	tmp/wch-evt/evt/QingkeV3C_CH587_EVT/EXAM/BLE/LIB/CH587BLE_ROMx.hex	0x00050fa6	6	known-prefix	9f95
2	tmp/wch-evt/evt/QingkeV3C_CH587_EVT/EXAM/BLE/LIB/CH587BLE_ROMx.hex	0x00050fb2	6	known-prefix	9fe1
2	tmp/wch-evt/evt/QingkeV3C_CH587_EVT/EXAM/BLE/LIB/CH587BLE_ROMx.hex	0x00050fbe	8	known-prefix	bfe7
2	tmp/wch-evt/evt/QingkeV3C_CH587_EVT/EXAM/BLE/LIB/CH587BLE_ROMx.hex	0x00050fd2	8	known-prefix	bfd6
2	tmp/wch-evt/evt/QingkeV3C_CH587_EVT/EXAM/BLE/LIB/CH587BLE_ROMx.hex	0x00050fde	6	known-prefix	1fd1
2	tmp/wch-evt/evt/QingkeV3C_CH587_EVT/EXAM/BLE/LIB/CH587BLE_ROMx.hex	0x00050ff0	6	known-prefix	9fb1
2	tmp/wch-evt/evt/QingkeV3C_CH587_EVT/EXAM/BLE/LIB/CH587BLE_ROMx.hex	0x0005108e	6	known-prefix	9fd3
2	tmp/wch-evt/evt/QingkeV3C_CH587_EVT/EXAM/BLE/LIB/CH587BLE_ROMx.hex	0x000510be	18	known-prefix	ffc7
2	tmp/wch-evt/evt/QingkeV3C_CH587_EVT/EXAM/BLE/LIB/CH587BLE_ROMx.hex	0x000510ee	6	known-prefix	dfde
2	tmp/wch-evt/evt/QingkeV3C_CH587_EVT/EXAM/BLE/LIB/CH587BLE_ROMx.hex	0x00051128	8	known-prefix	3fd9
2	tmp/wch-evt/evt/QingkeV3C_CH587_EVT/EXAM/BLE/LIB/CH587BLE_ROMx.hex	0x00051162	8	known-prefix	bfbd
2	tmp/wch-evt/evt/QingkeV3C_CH587_EVT/EXAM/BLE/LIB/CH587BLE_ROMx.hex	0x0005116e	6	known-prefix	1fb8
2	tmp/wch-evt/evt/QingkeV3C_CH587_EVT/EXAM/BLE/LIB/CH587BLE_ROMx.hex	0x00051198	6	known-prefix	5ffa
2	tmp/wch-evt/evt/QingkeV3C_CH587_EVT/EXAM/BLE/LIB/CH587BLE_ROMx.hex	0x000511d2	12	known-prefix	7f93
2	tmp/wch-evt/evt/QingkeV3C_CH587_EVT/EXAM/BLE/LIB/CH587BLE_ROMx.hex	0x00051260	6	known-prefix	9fec
2	tmp/wch-evt/evt/QingkeV3C_CH587_EVT/EXAM/BLE/LIB/CH587BLE_ROMx.hex	0x0005126c	6	known-prefix	9fb7
2	tmp/wch-evt/evt/QingkeV3C_CH587_EVT/EXAM/BLE/LIB/CH587BLE_ROMx.hex	0x0005130a	8	known-prefix	3fa3
2	tmp/wch-evt/evt/QingkeV3C_CH587_EVT/EXAM/BLE/LIB/CH587BLE_ROMx.hex	0x0005143a	6	known-prefix	dfe8
2	tmp/wch-evt/evt/QingkeV3C_CH587_EVT/EXAM/BLE/LIB/CH587BLE_ROMx.hex	0x0005145c	8	known-prefix	bfe6
2	tmp/wch-evt/evt/QingkeV3C_CH587_EVT/EXAM/BLE/LIB/CH587BLE_ROMx.hex	0x0005146a	6	known-prefix	dfe5
2	tmp/wch-evt/evt/QingkeV3C_CH587_EVT/EXAM/BLE/LIB/CH587BLE_ROMx.hex	0x00051580	22	known-prefix	7feb
2	tmp/wch-evt/evt/QingkeV3C_CH587_EVT/EXAM/BLE/LIB/CH587BLE_ROMx.hex	0x00051922	8	known-prefix	bff1
2	tmp/wch-evt/evt/QingkeV3C_CH587_EVT/EXAM/BLE/LIB/CH587BLE_ROMx.hex	0x00051ac4	16	known-prefix	ffb5
2	tmp/wch-evt/evt/QingkeV3C_CH587_EVT/EXAM/BLE/LIB/CH587BLE_ROMx.hex	0x00051b18	6	known-prefix	9f9e
2	tmp/wch-evt/evt/QingkeV3C_CH587_EVT/EXAM/BLE/LIB/CH587BLE_ROMx.hex	0x00051b52	14	known-prefix	ffa9
2	tmp/wch-evt/evt/QingkeV3C_CH587_EVT/EXAM/BLE/LIB/CH587BLE_ROMx.hex	0x00051b88	6	known-prefix	dfa1
2	tmp/wch-evt/evt/QingkeV3C_CH587_EVT/EXAM/BLE/LIB/CH587BLE_ROMx.hex	0x00051b9a	6	known-prefix	9fab
2	tmp/wch-evt/evt/QingkeV3C_CH587_EVT/EXAM/BLE/LIB/CH587BLE_ROMx.hex	0x00051bb0	6	known-prefix	1fee
2	tmp/wch-evt/evt/QingkeV3C_CH587_EVT/EXAM/BLE/LIB/CH587BLE_ROMx.hex	0x00051bc2	8	known-prefix	3f9e
2	tmp/wch-evt/evt/QingkeV3C_CH587_EVT/EXAM/BLE/LIB/CH587BLE_ROMx.hex	0x00051bd6	12	known-prefix	ff9c
2	tmp/wch-evt/evt/QingkeV3C_CH587_EVT/EXAM/BLE/LIB/CH587BLE_ROMx.hex	0x00051c0e	8	known-prefix	3fe8
2	tmp/wch-evt/evt/QingkeV3C_CH587_EVT/EXAM/BLE/LIB/CH587BLE_ROMx.hex	0x00051c26	12	known-prefix	ff97
2	tmp/wch-evt/evt/QingkeV3C_CH587_EVT/EXAM/BLE/LIB/CH587BLE_ROMx.hex	0x00051c52	22	known-prefix	ffe3
2	tmp/wch-evt/evt/QingkeV3C_CH587_EVT/EXAM/BLE/LIB/CH587BLE_ROMx.hex	0x00051c86	6	known-prefix	9f9b
2	tmp/wch-evt/evt/QingkeV3C_CH587_EVT/EXAM/BLE/LIB/CH587BLE_ROMx.hex	0x00051cb6	8	known-prefix	bf93
2	tmp/wch-evt/evt/QingkeV3C_CH587_EVT/EXAM/BLE/LIB/CH587BLE_ROMx.hex	0x00051cc0	6	known-prefix	1f93
2	tmp/wch-evt/evt/QingkeV3C_CH587_EVT/EXAM/BLE/LIB/CH587BLE_ROMx.hex	0x00051d86	8	known-prefix	bfd0
2	tmp/wch-evt/evt/QingkeV3C_CH587_EVT/EXAM/BLE/LIB/CH587BLE_ROMx.hex	0x00051dac	8	known-prefix	3f89
2	tmp/wch-evt/evt/QingkeV3C_CH587_EVT/EXAM/BLE/LIB/CH587BLE_ROMx.hex	0x00051e4e	12	known-prefix	ff92
2	tmp/wch-evt/evt/QingkeV3C_CH587_EVT/EXAM/BLE/LIB/CH587BLE_ROMx.hex	0x00051e72	unknown	reserved-ge-192	ffff
2	tmp/wch-evt/evt/QingkeV3C_CH587_EVT/EXAM/BLE/LIB/CH587BLE_ROMx.hex	0x00051e7a	8	known-prefix	3ff9
2	tmp/wch-evt/evt/QingkeV3C_CH587_EVT/EXAM/BLE/LIB/CH587BLE_ROMx.hex	0x00051ee4	6	known-prefix	dfe8
2	tmp/wch-evt/evt/QingkeV3C_CH587_EVT/EXAM/BLE/LIB/CH587BLE_ROMx.hex	0x00051f36	8	known-prefix	bfe3
2	tmp/wch-evt/evt/QingkeV3C_CH587_EVT/EXAM/BLE/LIB/CH587BLE_ROMx.hex	0x00051f48	6	known-prefix	dff3
2	tmp/wch-evt/evt/QingkeV3C_CH587_EVT/EXAM/BLE/LIB/CH587BLE_ROMx.hex	0x00051f78	6	known-prefix	dff0
2	tmp/wch-evt/evt/QingkeV3C_CH587_EVT/EXAM/BLE/LIB/CH587BLE_ROMx.hex	0x00051fa6	22	known-prefix	ffed
2	tmp/wch-evt/evt/QingkeV3C_CH587_EVT/EXAM/BLE/LIB/CH587BLE_ROMx.hex	0x0005200c	6	known-prefix	9fe7
2	tmp/wch-evt/evt/QingkeV3C_CH587_EVT/EXAM/BLE/LIB/CH587BLE_ROMx.hex	0x000520f6	6	known-prefix	1ff0
2	tmp/wch-evt/evt/QingkeV3C_CH587_EVT/EXAM/BLE/LIB/CH587BLE_ROMx.hex	0x000521c6	6	known-prefix	5ff6
2	tmp/wch-evt/evt/QingkeV3C_CH587_EVT/EXAM/BLE/LIB/CH587BLE_ROMx.hex	0x00052266	unknown	reserved-ge-192	fff6
2	tmp/wch-evt/evt/QingkeV3C_CH587_EVT/EXAM/BLE/LIB/CH587BLE_ROMx.hex	0x000522a6	16	known-prefix	ffbd
2	tmp/wch-evt/evt/QingkeV3C_CH587_EVT/EXAM/BLE/LIB/CH587BLE_ROMx.hex	0x000522ba	14	known-prefix	7fab
2	tmp/wch-evt/evt/QingkeV3C_CH587_EVT/EXAM/BLE/LIB/CH587BLE_ROMx.hex	0x000522f8	6	known-prefix	9fa7
2	tmp/wch-evt/evt/QingkeV3C_CH587_EVT/EXAM/BLE/LIB/CH587BLE_ROMx.hex	0x0005230c	6	known-prefix	5fa6
2	tmp/wch-evt/evt/QingkeV3C_CH587_EVT/EXAM/BLE/LIB/CH587BLE_ROMx.hex	0x000524bc	6	known-prefix	9fdb
2	tmp/wch-evt/evt/QingkeV3C_CH587_EVT/EXAM/BLE/LIB/CH587BLE_ROMx.hex	0x000524d0	6	known-prefix	1f8a
2	tmp/wch-evt/evt/QingkeV3C_CH587_EVT/EXAM/BLE/LIB/CH587BLE_ROMx.hex	0x00052592	6	known-prefix	5fea
2	tmp/wch-evt/evt/QingkeV3C_CH587_EVT/EXAM/BLE/LIB/CH587BLE_ROMx.hex	0x00052606	10	known-prefix	7f8b
2	tmp/wch-evt/evt/QingkeV3C_CH587_EVT/EXAM/BLE/LIB/CH587BLE_ROMx.hex	0x000526ba	18	known-prefix	ffc6
2	tmp/wch-evt/evt/QingkeV3C_CH587_EVT/EXAM/BLE/LIB/CH587BLE_ROMx.hex	0x000526e6	6	known-prefix	9faa
2	tmp/wch-evt/evt/QingkeV3C_CH587_EVT/EXAM/BLE/LIB/CH587BLE_ROMx.hex	0x000527bc	6	known-prefix	dfb6
2	tmp/wch-evt/evt/QingkeV3C_CH587_EVT/EXAM/BLE/LIB/CH587BLE_ROMx.hex	0x000527cc	6	known-prefix	9faa
2	tmp/wch-evt/evt/QingkeV3C_CH587_EVT/EXAM/BLE/LIB/CH587BLE_ROMx.hex	0x0005280a	6	known-prefix	5f98
2	tmp/wch-evt/evt/QingkeV3C_CH587_EVT/EXAM/BLE/LIB/CH587BLE_ROMx.hex	0x00052846	14	known-prefix	ffa2
2	tmp/wch-evt/evt/QingkeV3C_CH587_EVT/EXAM/BLE/LIB/CH587BLE_ROMx.hex	0x000528d8	6	known-prefix	5fea
2	tmp/wch-evt/evt/QingkeV3C_CH587_EVT/EXAM/BLE/LIB/CH587BLE_ROMx.hex	0x000528fc	6	known-prefix	1fe8
2	tmp/wch-evt/evt/QingkeV3C_CH587_EVT/EXAM/BLE/LIB/CH587BLE_ROMx.hex	0x00052916	22	known-prefix	7fe6
2	tmp/wch-evt/evt/QingkeV3C_CH587_EVT/EXAM/BLE/LIB/CH587BLE_ROMx.hex	0x000529a6	8	known-prefix	3ff2
2	tmp/wch-evt/evt/QingkeV3C_CH587_EVT/EXAM/BLE/LIB/CH587BLE_ROMx.hex	0x000529ec	6	known-prefix	dfed
2	tmp/wch-evt/evt/QingkeV3C_CH587_EVT/EXAM/BLE/LIB/CH587BLE_ROMx.hex	0x00052a68	6	known-prefix	1fe6
2	tmp/wch-evt/evt/QingkeV3C_CH587_EVT/EXAM/BLE/LIB/CH587BLE_ROMx.hex	0x00052a8c	6	known-prefix	df89
2	tmp/wch-evt/evt/QingkeV3C_CH587_EVT/EXAM/BLE/LIB/CH587BLE_ROMx.hex	0x00052c46	8	known-prefix	3fc8
2	tmp/wch-evt/evt/QingkeV3C_CH587_EVT/EXAM/BLE/LIB/CH587BLE_ROMx.hex	0x00052d78	6	known-prefix	9fff
2	tmp/wch-evt/evt/QingkeV3C_CH587_EVT/EXAM/BLE/LIB/CH587BLE_ROMx.hex	0x00052d9e	8	known-prefix	3ffd
2	tmp/wch-evt/evt/QingkeV3C_CH587_EVT/EXAM/BLE/LIB/CH587BLE_ROMx.hex	0x00052e64	6	known-prefix	5fee
2	tmp/wch-evt/evt/QingkeV3C_CH587_EVT/EXAM/BLE/LIB/CH587BLE_ROMx.hex	0x00052ed6	unknown	reserved-ge-192	7ff6
2	tmp/wch-evt/evt/QingkeV3C_CH587_EVT/EXAM/BLE/LIB/CH587BLE_ROMx.hex	0x00052f3e	unknown	reserved-ge-192	7ff4
2	tmp/wch-evt/evt/QingkeV3C_CH587_EVT/EXAM/BLE/LIB/CH587BLE_ROMx.hex	0x00052f4c	6	known-prefix	dff9
2	tmp/wch-evt/evt/QingkeV3C_CH587_EVT/EXAM/BLE/LIB/CH587BLE_ROMx.hex	0x00053038	unknown	reserved-ge-192	ffff
2	tmp/wch-evt/evt/QingkeV3C_CH587_EVT/EXAM/BLE/LIB/CH587BLE_ROMx.hex	0x00053044	unknown	reserved-ge-192	ffff
2	tmp/wch-evt/evt/QingkeV3C_CH587_EVT/EXAM/BLE/LIB/CH587BLE_ROMx.hex	0x0005304c	8	known-prefix	3fda
2	tmp/wch-evt/evt/QingkeV3C_CH587_EVT/EXAM/BLE/LIB/CH587BLE_ROMx.hex	0x00053050	unknown	reserved-ge-192	ffff
2	tmp/wch-evt/evt/QingkeV3C_CH587_EVT/EXAM/BLE/LIB/CH587BLE_ROMx.hex	0x00053168	6	known-prefix	5ffd
2	tmp/wch-evt/evt/QingkeV3C_CH587_EVT/EXAM/BLE/LIB/CH587BLE_ROMx.hex	0x0005316e	8	known-prefix	bfd2
2	tmp/wch-evt/evt/QingkeV3C_CH587_EVT/EXAM/BLE/LIB/CH587BLE_ROMx.hex	0x000531b2	6	known-prefix	5fe4
2	tmp/wch-evt/evt/QingkeV3C_CH587_EVT/EXAM/BLE/LIB/CH587BLE_ROMx.hex	0x00053210	20	known-prefix	7fde
2	tmp/wch-evt/evt/QingkeV3C_CH587_EVT/EXAM/BLE/LIB/CH587BLE_ROMx.hex	0x00053220	12	known-prefix	ff9a
2	tmp/wch-evt/evt/QingkeV3C_CH587_EVT/EXAM/BLE/LIB/CH587BLE_ROMx.hex	0x00053244	8	known-prefix	bff4
2	tmp/wch-evt/evt/QingkeV3C_CH587_EVT/EXAM/BLE/LIB/CH587BLE_ROMx.hex	0x00053288	20	known-prefix	ffd6
2	tmp/wch-evt/evt/QingkeV3C_CH587_EVT/EXAM/BLE/LIB/CH587BLE_ROMx.hex	0x000532c0	8	known-prefix	3fcb
2	tmp/wch-evt/evt/QingkeV3C_CH587_EVT/EXAM/BLE/LIB/CH587BLE_ROMx.hex	0x000532d0	20	known-prefix	7fd2
2	tmp/wch-evt/evt/QingkeV3C_CH587_EVT/EXAM/BLE/LIB/CH587BLE_ROMx.hex	0x000532fa	6	known-prefix	5fe9
2	tmp/wch-evt/evt/QingkeV3C_CH587_EVT/EXAM/BLE/LIB/CH587BLE_ROMx.hex	0x00053344	8	known-prefix	3fcb
2	tmp/wch-evt/evt/QingkeV3C_CH587_EVT/EXAM/BLE/LIB/CH587BLE_ROMx.hex	0x00053394	12	known-prefix	7f9b
2	tmp/wch-evt/evt/QingkeV3C_CH587_EVT/EXAM/BLE/LIB/CH587BLE_ROMx.hex	0x000533a0	6	known-prefix	df8b
2	tmp/wch-evt/evt/QingkeV3C_CH587_EVT/EXAM/BLE/LIB/CH587BLE_ROMx.hex	0x000535de	8	known-prefix	3ff9
2	tmp/wch-evt/evt/QingkeV3C_CH587_EVT/EXAM/BLE/LIB/CH587BLE_ROMx.hex	0x000535fe	8	known-prefix	3ff7
2	tmp/wch-evt/evt/QingkeV3C_CH587_EVT/EXAM/BLE/LIB/CH587BLE_ROMx.hex	0x000537a0	6	known-prefix	dfe6
2	tmp/wch-evt/evt/QingkeV3C_CH587_EVT/EXAM/BLE/LIB/CH587BLE_ROMx.hex	0x000537ea	20	known-prefix	7fd8
2	tmp/wch-evt/evt/QingkeV3C_CH587_EVT/EXAM/BLE/LIB/CH587BLE_ROMx.hex	0x00053812	6	known-prefix	1ff1
2	tmp/wch-evt/evt/QingkeV3C_CH587_EVT/EXAM/BLE/LIB/CH587BLE_ROMx.hex	0x00053820	6	known-prefix	1fd5
2	tmp/wch-evt/evt/QingkeV3C_CH587_EVT/EXAM/BLE/LIB/CH587BLE_ROMx.hex	0x0005384c	6	known-prefix	5fef
2	tmp/wch-evt/evt/QingkeV3C_CH587_EVT/EXAM/BLE/LIB/CH587BLE_ROMx.hex	0x0005386a	22	known-prefix	7fed
2	tmp/wch-evt/evt/QingkeV3C_CH587_EVT/EXAM/BLE/LIB/CH587BLE_ROMx.hex	0x00053cda	8	known-prefix	bf82
2	tmp/wch-evt/evt/QingkeV3C_CH587_EVT/EXAM/BLE/LIB/CH587BLE_ROMx.hex	0x00053ce2	8	known-prefix	bf9d
2	tmp/wch-evt/evt/QingkeV3C_CH587_EVT/EXAM/BLE/LIB/CH587BLE_ROMx.hex	0x00053d46	12	known-prefix	ff9b
2	tmp/wch-evt/evt/QingkeV3C_CH587_EVT/EXAM/BLE/LIB/CH587BLE_ROMx.hex	0x00053e48	8	known-prefix	3fda
2	tmp/wch-evt/evt/QingkeV3C_CH587_EVT/EXAM/BLE/LIB/CH587BLE_ROMx.hex	0x00053eaa	6	known-prefix	5fd8
2	tmp/wch-evt/evt/QingkeV3C_CH587_EVT/EXAM/BLE/LIB/CH587BLE_ROMx.hex	0x00053ed6	8	known-prefix	bf9c
2	tmp/wch-evt/evt/QingkeV3C_CH587_EVT/EXAM/BLE/LIB/CH587BLE_ROMx.hex	0x00053ee2	8	known-prefix	bfd9
2	tmp/wch-evt/evt/QingkeV3C_CH587_EVT/EXAM/BLE/LIB/CH587BLE_ROMx.hex	0x00053ef2	12	known-prefix	ff9e
2	tmp/wch-evt/evt/QingkeV3C_CH587_EVT/EXAM/BLE/LIB/CH587BLE_ROMx.hex	0x00053f9a	18	known-prefix	ffc0
2	tmp/wch-evt/evt/QingkeV3C_CH587_EVT/EXAM/BLE/LIB/CH587BLE_ROMx.hex	0x00053fb8	6	known-prefix	5fc5
2	tmp/wch-evt/evt/QingkeV3C_CH587_EVT/EXAM/BLE/LIB/CH587BLE_ROMx.hex	0x00053ffa	8	known-prefix	bfc6
2	tmp/wch-evt/evt/QingkeV3C_CH587_EVT/EXAM/BLE/LIB/CH587BLE_ROMx.hex	0x00054016	20	known-prefix	ffd3
2	tmp/wch-evt/evt/QingkeV3C_CH587_EVT/EXAM/BLE/LIB/CH587BLE_ROMx.hex	0x00054088	6	known-prefix	1fd2
2	tmp/wch-evt/evt/QingkeV3C_CH587_EVT/EXAM/BLE/LIB/CH587BLE_ROMx.hex	0x000540ae	18	known-prefix	7fce
2	tmp/wch-evt/evt/QingkeV3C_CH587_EVT/EXAM/BLE/LIB/CH587BLE_ROMx.hex	0x000540ea	8	known-prefix	3fe6
2	tmp/wch-evt/evt/QingkeV3C_CH587_EVT/EXAM/BLE/LIB/CH587BLE_ROMx.hex	0x00054104	6	known-prefix	9fd2
2	tmp/wch-evt/evt/QingkeV3C_CH587_EVT/EXAM/BLE/LIB/CH587BLE_ROMx.hex	0x000542aa	6	known-prefix	9ff1
2	tmp/wch-evt/evt/QingkeV3C_CH587_EVT/EXAM/BLE/LIB/CH587BLE_ROMx.hex	0x000542fe	6	known-prefix	5fec
2	tmp/wch-evt/evt/QingkeV3C_CH587_EVT/EXAM/BLE/LIB/CH587BLE_ROMx.hex	0x0005432e	6	known-prefix	5fe9
2	tmp/wch-evt/evt/QingkeV3C_CH587_EVT/EXAM/BLE/LIB/CH587BLE_ROMx.hex	0x0005435c	22	known-prefix	7fe6
2	tmp/wch-evt/evt/QingkeV3C_CH587_EVT/EXAM/BLE/LIB/CH587BLE_ROMx.hex	0x00054388	8	known-prefix	bfe3
2	tmp/wch-evt/evt/QingkeV3C_CH587_EVT/EXAM/BLE/LIB/CH587BLE_ROMx.hex	0x000543a8	6	known-prefix	5ff3
2	tmp/wch-evt/evt/QingkeV3C_CH587_EVT/EXAM/BLE/LIB/CH587BLE_ROMx.hex	0x000543be	unknown	reserved-ge-192	fff7
2	tmp/wch-evt/evt/QingkeV3C_CH587_EVT/EXAM/BLE/LIB/CH587BLE_ROMx.hex	0x00054438	8	known-prefix	bfd8
2	tmp/wch-evt/evt/QingkeV3C_CH587_EVT/EXAM/BLE/LIB/CH587BLE_ROMx.hex	0x00054470	8	known-prefix	3fd5
2	tmp/wch-evt/evt/QingkeV3C_CH587_EVT/EXAM/BLE/LIB/CH587BLE_ROMx.hex	0x000544cc	6	known-prefix	9fd8
2	tmp/wch-evt/evt/QingkeV3C_CH587_EVT/EXAM/BLE/LIB/CH587BLE_ROMx.hex	0x00054504	6	known-prefix	9fc5
2	tmp/wch-evt/evt/QingkeV3C_CH587_EVT/EXAM/BLE/LIB/CH587BLE_ROMx.hex	0x0005459c	6	known-prefix	1fbc
2	tmp/wch-evt/evt/QingkeV3C_CH587_EVT/EXAM/BLE/LIB/CH587BLE_ROMx.hex	0x000546de	6	known-prefix	dfee
2	tmp/wch-evt/evt/QingkeV3C_CH587_EVT/EXAM/BLE/LIB/CH587BLE_ROMx.hex	0x00054786	6	known-prefix	5fe4
2	tmp/wch-evt/evt/QingkeV3C_CH587_EVT/EXAM/BLE/LIB/CH587BLE_ROMx.hex	0x000547de	18	known-prefix	7fc1
2	tmp/wch-evt/evt/QingkeV3C_CH587_EVT/EXAM/BLE/LIB/CH587BLE_ROMx.hex	0x00054848	6	known-prefix	5fec
2	tmp/wch-evt/evt/QingkeV3C_CH587_EVT/EXAM/BLE/LIB/CH587BLE_ROMx.hex	0x00054888	6	known-prefix	dfb6
2	tmp/wch-evt/evt/QingkeV3C_CH587_EVT/EXAM/BLE/LIB/CH587BLE_ROMx.hex	0x0005489c	6	known-prefix	9f9b
2	tmp/wch-evt/evt/QingkeV3C_CH587_EVT/EXAM/BLE/LIB/CH587BLE_ROMx.hex	0x000548c2	6	known-prefix	5fde
2	tmp/wch-evt/evt/QingkeV3C_CH587_EVT/EXAM/BLE/LIB/CH587BLE_ROMx.hex	0x000548d2	6	known-prefix	5fdd
2	tmp/wch-evt/evt/QingkeV3C_CH587_EVT/EXAM/BLE/LIB/CH587BLE_ROMx.hex	0x000548da	6	known-prefix	dfdc
2	tmp/wch-evt/evt/QingkeV3C_CH587_EVT/EXAM/BLE/LIB/CH587BLE_ROMx.hex	0x000548e2	6	known-prefix	5fdc
2	tmp/wch-evt/evt/QingkeV3C_CH587_EVT/EXAM/BLE/LIB/CH587BLE_ROMx.hex	0x000548f6	22	known-prefix	ffee
2	tmp/wch-evt/evt/QingkeV3C_CH587_EVT/EXAM/BLE/LIB/CH587BLE_ROMx.hex	0x00054958	8	known-prefix	3fc7
2	tmp/wch-evt/evt/QingkeV3C_CH587_EVT/EXAM/BLE/LIB/CH587BLE_ROMx.hex	0x0005497e	6	known-prefix	dfa4
2	tmp/wch-evt/evt/QingkeV3C_CH587_EVT/EXAM/BLE/LIB/CH587BLE_ROMx.hex	0x000549ac	14	known-prefix	7faf
2	tmp/wch-evt/evt/QingkeV3C_CH587_EVT/EXAM/BLE/LIB/CH587BLE_ROMx.hex	0x000549fc	22	known-prefix	ffef
2	tmp/wch-evt/evt/QingkeV3C_CH587_EVT/EXAM/BLE/LIB/CH587BLE_ROMx.hex	0x00054a06	8	known-prefix	bfb6
2	tmp/wch-evt/evt/QingkeV3C_CH587_EVT/EXAM/BLE/LIB/CH587BLE_ROMx.hex	0x00054a12	12	known-prefix	ff9a
2	tmp/wch-evt/evt/QingkeV3C_CH587_EVT/EXAM/BLE/LIB/CH587BLE_ROMx.hex	0x00054a30	6	known-prefix	5fcd
2	tmp/wch-evt/evt/QingkeV3C_CH587_EVT/EXAM/BLE/LIB/CH587BLE_ROMx.hex	0x00054b76	6	known-prefix	5fd8
2	tmp/wch-evt/evt/QingkeV3C_CH587_EVT/EXAM/BLE/LIB/CH587BLE_ROMx.hex	0x00054ba4	6	known-prefix	df9c
2	tmp/wch-evt/evt/QingkeV3C_CH587_EVT/EXAM/BLE/LIB/CH587BLE_ROMx.hex	0x00054bb8	8	known-prefix	3fd4
2	tmp/wch-evt/evt/QingkeV3C_CH587_EVT/EXAM/BLE/LIB/CH587BLE_ROMx.hex	0x00054bda	20	known-prefix	ffda
2	tmp/wch-evt/evt/QingkeV3C_CH587_EVT/EXAM/BLE/LIB/CH587BLE_ROMx.hex	0x00054bf6	8	known-prefix	3fd9
2	tmp/wch-evt/evt/QingkeV3C_CH587_EVT/EXAM/BLE/LIB/CH587BLE_ROMx.hex	0x00054c08	8	known-prefix	3fcf
2	tmp/wch-evt/evt/QingkeV3C_CH587_EVT/EXAM/BLE/LIB/CH587BLE_ROMx.hex	0x00054e9a	8	known-prefix	3fd7
2	tmp/wch-evt/evt/QingkeV3C_CH587_EVT/EXAM/BLE/LIB/CH587BLE_ROMx.hex	0x000550ae	8	known-prefix	3ff3
2	tmp/wch-evt/evt/QingkeV3C_CH587_EVT/EXAM/BLE/LIB/CH587BLE_ROMx.hex	0x000550c0	6	known-prefix	dfb4
2	tmp/wch-evt/evt/QingkeV3C_CH587_EVT/EXAM/BLE/LIB/CH587BLE_ROMx.hex	0x000551d4	8	known-prefix	bffc
2	tmp/wch-evt/evt/QingkeV3C_CH587_EVT/EXAM/BLE/LIB/CH587BLE_ROMx.hex	0x00055360	8	known-prefix	bfeb
2	tmp/wch-evt/evt/QingkeV3C_CH587_EVT/EXAM/BLE/LIB/CH587BLE_ROMx.hex	0x00055366	8	known-prefix	3ff4
2	tmp/wch-evt/evt/QingkeV3C_CH587_EVT/EXAM/BLE/LIB/CH587BLE_ROMx.hex	0x0005536a	8	known-prefix	bfe1
2	tmp/wch-evt/evt/QingkeV3C_CH587_EVT/EXAM/BLE/LIB/CH587BLE_ROMx.hex	0x000553bc	6	known-prefix	dfee
2	tmp/wch-evt/evt/QingkeV3C_CH587_EVT/EXAM/BLE/LIB/CH587BLE_ROMx.hex	0x000553d2	6	known-prefix	5fd4
2	tmp/wch-evt/evt/QingkeV3C_CH587_EVT/EXAM/BLE/LIB/CH587BLE_ROMx.hex	0x0005540a	unknown	reserved-ge-192	fff1
2	tmp/wch-evt/evt/QingkeV3C_CH587_EVT/EXAM/BLE/LIB/CH587BLE_ROMx.hex	0x000554c0	6	known-prefix	9fe6
2	tmp/wch-evt/evt/QingkeV3C_CH587_EVT/EXAM/BLE/LIB/CH587BLE_ROMx.hex	0x00055546	6	known-prefix	5fc8
2	tmp/wch-evt/evt/QingkeV3C_CH587_EVT/EXAM/BLE/LIB/CH587BLE_ROMx.hex	0x00055576	6	known-prefix	dff8
2	tmp/wch-evt/evt/QingkeV3C_CH587_EVT/EXAM/BLE/LIB/CH587BLE_ROMx.hex	0x00055580	6	known-prefix	9fda
2	tmp/wch-evt/evt/QingkeV3C_CH587_EVT/EXAM/BLE/LIB/CH587BLE_ROMx.hex	0x000555be	unknown	reserved-ge-192	fff9
2	tmp/wch-evt/evt/QingkeV3C_CH587_EVT/EXAM/BLE/LIB/CH587BLE_ROMx.hex	0x00055674	6	known-prefix	9ff5
2	tmp/wch-evt/evt/QingkeV3C_CH587_EVT/EXAM/BLE/LIB/CH587BLE_ROMx.hex	0x000557c0	12	known-prefix	ff9d
2	tmp/wch-evt/evt/QingkeV3C_CH587_EVT/EXAM/BLE/LIB/CH587BLE_ROMx.hex	0x000557c8	12	known-prefix	7f9d
2	tmp/wch-evt/evt/QingkeV3C_CH587_EVT/EXAM/BLE/LIB/CH587BLE_ROMx.hex	0x00055916	6	known-prefix	1fe0
2	tmp/wch-evt/evt/QingkeV3C_CH587_EVT/EXAM/BLE/LIB/CH587BLE_ROMx.hex	0x00055928	6	known-prefix	5fc3
2	tmp/wch-evt/evt/QingkeV3C_CH587_EVT/EXAM/BLE/LIB/CH587BLE_ROMx.hex	0x00055938	8	known-prefix	3ff6
2	tmp/wch-evt/evt/QingkeV3C_CH587_EVT/EXAM/BLE/LIB/CH587BLE_ROMx.hex	0x0005596c	8	known-prefix	bfec
2	tmp/wch-evt/evt/QingkeV3C_CH587_EVT/EXAM/BLE/LIB/CH587BLE_ROMx.hex	0x00055978	8	known-prefix	3f85
2	tmp/wch-evt/evt/QingkeV3C_CH587_EVT/EXAM/BLE/LIB/CH587BLE_ROMx.hex	0x00055980	6	known-prefix	5fe8
2	tmp/wch-evt/evt/QingkeV3C_CH587_EVT/EXAM/BLE/LIB/CH587BLE_ROMx.hex	0x00055990	6	known-prefix	5ff2
2	tmp/wch-evt/evt/QingkeV3C_CH587_EVT/EXAM/BLE/LIB/CH587BLE_ROMx.hex	0x00055998	22	known-prefix	7fed
2	tmp/wch-evt/evt/QingkeV3C_CH587_EVT/EXAM/BLE/LIB/CH587BLE_ROMx.hex	0x00055ac6	6	known-prefix	df95
2	tmp/wch-evt/evt/QingkeV3C_CH587_EVT/EXAM/BLE/LIB/CH587BLE_ROMx.hex	0x00055ae0	8	known-prefix	3fe0
2	tmp/wch-evt/evt/QingkeV3C_CH587_EVT/EXAM/BLE/LIB/CH587BLE_ROMx.hex	0x00055b10	8	known-prefix	3fab
2	tmp/wch-evt/evt/QingkeV3C_CH587_EVT/EXAM/BLE/LIB/CH587BLE_ROMx.hex	0x00055b8a	8	known-prefix	3fd4
2	tmp/wch-evt/evt/QingkeV3C_CH587_EVT/EXAM/BLE/LIB/CH587BLE_ROMx.hex	0x00055bc4	18	known-prefix	ffcf
2	tmp/wch-evt/evt/QingkeV3C_CH587_EVT/EXAM/BLE/LIB/CH587BLE_ROMx.hex	0x00055c08	6	known-prefix	1fcd
2	tmp/wch-evt/evt/QingkeV3C_CH587_EVT/EXAM/BLE/LIB/CH587BLE_ROMx.hex	0x00055cba	12	known-prefix	ff98
2	tmp/wch-evt/evt/QingkeV3C_CH587_EVT/EXAM/BLE/LIB/CH587BLE_ROMx.hex	0x00055cd2	6	known-prefix	1f8f
2	tmp/wch-evt/evt/QingkeV3C_CH587_EVT/EXAM/BLE/LIB/CH587BLE_ROMx.hex	0x00056066	12	known-prefix	7f94
2	tmp/wch-evt/evt/QingkeV3C_CH587_EVT/EXAM/BLE/LIB/CH587BLE_ROMx.hex	0x000560be	6	known-prefix	9fd9
2	tmp/wch-evt/evt/QingkeV3C_CH587_EVT/EXAM/BLE/LIB/CH587BLE_ROMx.hex	0x00056120	unknown	reserved-ge-192	ffff
2	tmp/wch-evt/evt/QingkeV3C_CH587_EVT/EXAM/BLE/LIB/CH587BLE_ROMx.hex	0x0005619c	6	known-prefix	1ff5
2	tmp/wch-evt/evt/QingkeV3C_CH587_EVT/EXAM/BLE/LIB/CH587BLE_ROMx.hex	0x000561b2	unknown	reserved-ge-192	ffff
2	tmp/wch-evt/evt/QingkeV3C_CH587_EVT/EXAM/BLE/LIB/CH587BLE_ROMx.hex	0x000561bc	6	known-prefix	5fca
2	tmp/wch-evt/evt/QingkeV3C_CH587_EVT/EXAM/BLE/LIB/CH587BLE_ROMx.hex	0x000563fa	unknown	reserved-ge-192	fffe
2	tmp/wch-evt/evt/QingkeV3C_CH587_EVT/EXAM/BLE/LIB/CH587BLE_ROMx.hex	0x000566d0	20	known-prefix	7fd4
2	tmp/wch-evt/evt/QingkeV3C_CH587_EVT/EXAM/BLE/LIB/CH587BLE_ROMx.hex	0x000566ea	18	known-prefix	ffc3
2	tmp/wch-evt/evt/QingkeV3C_CH587_EVT/EXAM/BLE/LIB/CH587BLE_ROMx.hex	0x0005675a	14	known-prefix	7fa6
2	tmp/wch-evt/evt/QingkeV3C_CH587_EVT/EXAM/BLE/LIB/CH587BLE_ROMx.hex	0x00056896	8	known-prefix	3fdb
2	tmp/wch-evt/evt/QingkeV3C_CH587_EVT/EXAM/BLE/LIB/CH587BLE_ROMx.hex	0x000568c0	6	known-prefix	9fe3
2	tmp/wch-evt/evt/QingkeV3C_CH587_EVT/EXAM/BLE/LIB/CH587BLE_ROMx.hex	0x000568e6	8	known-prefix	3fa4
2	tmp/wch-evt/evt/QingkeV3C_CH587_EVT/EXAM/BLE/LIB/CH587BLE_ROMx.hex	0x00056920	6	known-prefix	9fdd
2	tmp/wch-evt/evt/QingkeV3C_CH587_EVT/EXAM/BLE/LIB/CH587BLE_ROMx.hex	0x000569fe	8	known-prefix	bfc8
2	tmp/wch-evt/evt/QingkeV3C_CH587_EVT/EXAM/BLE/LIB/CH587BLE_ROMx.hex	0x00056a1c	6	known-prefix	1fbf
2	tmp/wch-evt/evt/QingkeV3C_CH587_EVT/EXAM/BLE/LIB/CH587BLE_ROMx.hex	0x00056a88	12	known-prefix	ff9e
2	tmp/wch-evt/evt/QingkeV3C_CH587_EVT/EXAM/BLE/LIB/CH587BLE_ROMx.hex	0x00056ac4	6	known-prefix	5fc3
2	tmp/wch-evt/evt/QingkeV3C_CH587_EVT/EXAM/BLE/LIB/CH587BLE_ROMx.hex	0x00056b96	6	known-prefix	dff6
2	tmp/wch-evt/evt/QingkeV3C_CH587_EVT/EXAM/BLE/LIB/CH587BLE_ROMx.hex	0x00056ba0	8	known-prefix	3ff6
2	tmp/wch-evt/evt/QingkeV3C_CH587_EVT/EXAM/BLE/LIB/CH587BLE_ROMx.hex	0x00056da0	6	known-prefix	df82
2	tmp/wch-evt/evt/QingkeV3C_CH587_EVT/EXAM/BLE/LIB/CH587BLE_ROMx.hex	0x00056f4a	6	known-prefix	5f96
2	tmp/wch-evt/evt/QingkeV3C_CH587_EVT/EXAM/BLE/LIB/CH587BLE_ROMx.hex	0x00056f52	6	known-prefix	5f93
2	tmp/wch-evt/evt/QingkeV3C_CH587_EVT/EXAM/BLE/LIB/CH587BLE_ROMx.hex	0x00056fae	6	known-prefix	1f90
2	tmp/wch-evt/evt/QingkeV3C_CH587_EVT/EXAM/BLE/LIB/CH587BLE_ROMx.hex	0x00056fb6	6	known-prefix	1f8d
2	tmp/wch-evt/evt/QingkeV3C_CH587_EVT/EXAM/BLE/LIB/CH587BLE_ROMx.hex	0x00056ff4	8	known-prefix	bf8b
2	tmp/wch-evt/evt/QingkeV3C_CH587_EVT/EXAM/BLE/LIB/CH587BLE_ROMx.hex	0x00056ffc	8	known-prefix	bf88
2	tmp/wch-evt/evt/QingkeV3C_CH587_EVT/EXAM/BLE/LIB/CH587BLE_ROMx.hex	0x0005704c	8	known-prefix	3f86
2	tmp/wch-evt/evt/QingkeV3C_CH587_EVT/EXAM/BLE/LIB/CH587BLE_ROMx.hex	0x00057054	8	known-prefix	3f83
2	tmp/wch-evt/evt/QingkeV3C_CH587_EVT/EXAM/BLE/LIB/CH587BLE_ROMx.hex	0x000570aa	6	known-prefix	5f80
2	tmp/wch-evt/evt/QingkeV3C_CH587_EVT/EXAM/BLE/LIB/CH587BLE_ROMx.hex	0x00057212	16	known-prefix	ffbd
2	tmp/wch-evt/evt/QingkeV3C_CH587_EVT/EXAM/BLE/LIB/CH587BLE_ROMx.hex	0x000572f2	20	known-prefix	7fdf
2	tmp/wch-evt/evt/QingkeV3C_CH587_EVT/EXAM/BLE/LIB/CH587BLE_ROMx.hex	0x0005736a	6	known-prefix	5fdd
2	tmp/wch-evt/evt/QingkeV3C_CH587_EVT/EXAM/BLE/LIB/CH587BLE_ROMx.hex	0x00057396	6	known-prefix	9fd9
2	tmp/wch-evt/evt/QingkeV3C_CH587_EVT/EXAM/BLE/LIB/CH587BLE_ROMx.hex	0x000573c4	6	known-prefix	5fd3
2	tmp/wch-evt/evt/QingkeV3C_CH587_EVT/EXAM/BLE/LIB/CH587BLE_ROMx.hex	0x000573ee	20	known-prefix	7fd8
2	tmp/wch-evt/evt/QingkeV3C_CH587_EVT/EXAM/BLE/LIB/CH587BLE_ROMx.hex	0x00057804	6	known-prefix	5fbe
2	tmp/wch-evt/evt/QingkeV3C_CH587_EVT/EXAM/BLE/LIB/CH587BLE_ROMx.hex	0x0005787e	6	known-prefix	5fd4
2	tmp/wch-evt/evt/QingkeV3C_CH587_EVT/EXAM/BLE/LIB/CH587BLE_ROMx.hex	0x00057938	8	known-prefix	bfc8
2	tmp/wch-evt/evt/QingkeV3C_CH587_EVT/EXAM/BLE/LIB/CH587BLE_ROMx.hex	0x00057954	6	known-prefix	5fa9
2	tmp/wch-evt/evt/QingkeV3C_CH587_EVT/EXAM/BLE/LIB/CH587BLE_ROMx.hex	0x000579be	8	known-prefix	bfc8
2	tmp/wch-evt/evt/QingkeV3C_CH587_EVT/EXAM/BLE/LIB/CH587BLE_ROMx.hex	0x00057af4	8	known-prefix	3f98
2	tmp/wch-evt/evt/QingkeV3C_CH587_EVT/EXAM/BLE/LIB/CH587BLE_ROMx.hex	0x00057b08	6	known-prefix	1fb4
2	tmp/wch-evt/evt/QingkeV3C_CH587_EVT/EXAM/BLE/LIB/CH587BLE_ROMx.hex	0x00057b68	6	known-prefix	1fb9
2	tmp/wch-evt/evt/QingkeV3C_CH587_EVT/EXAM/BLE/LIB/CH587BLE_ROMx.hex	0x00057c8e	12	known-prefix	ff97
2	tmp/wch-evt/evt/QingkeV3C_CH587_EVT/EXAM/BLE/LIB/CH587BLE_ROMx.hex	0x00057d3e	8	known-prefix	bfe4
2	tmp/wch-evt/evt/QingkeV3C_CH587_EVT/EXAM/BLE/LIB/CH587BLE_ROMx.hex	0x00057e18	8	known-prefix	3ff5
2	tmp/wch-evt/evt/QingkeV3C_CH587_EVT/EXAM/BLE/LIB/CH587BLE_ROMx.hex	0x00057e28	6	known-prefix	dff1
2	tmp/wch-evt/evt/QingkeV3C_CH587_EVT/EXAM/BLE/LIB/CH587BLE_ROMx.hex	0x00057e38	8	known-prefix	3ff3
2	tmp/wch-evt/evt/QingkeV3C_CH587_EVT/EXAM/BLE/LIB/CH587BLE_ROMx.hex	0x00057e48	6	known-prefix	dfef
2	tmp/wch-evt/evt/QingkeV3C_CH587_EVT/EXAM/BLE/LIB/CH587BLE_ROMx.hex	0x00057e66	6	known-prefix	5ff0
2	tmp/wch-evt/evt/QingkeV3C_CH587_EVT/EXAM/BLE/LIB/CH587BLE_ROMx.hex	0x00057e70	8	known-prefix	bfef
2	tmp/wch-evt/evt/QingkeV3C_CH587_EVT/EXAM/BLE/LIB/CH587BLE_ROMx.hex	0x0005801e	6	known-prefix	dfe7
2	tmp/wch-evt/evt/QingkeV3C_CH587_EVT/EXAM/BLE/LIB/CH587BLE_ROMx.hex	0x00058046	6	known-prefix	5fe5
2	tmp/wch-evt/evt/QingkeV3C_CH587_EVT/EXAM/BLE/LIB/CH587BLE_ROMx.hex	0x0005819c	18	known-prefix	ffc1
2	tmp/wch-evt/evt/QingkeV3C_CH587_EVT/EXAM/BLE/LIB/CH587BLE_ROMx.hex	0x00058218	6	known-prefix	dfb2
2	tmp/wch-evt/evt/QingkeV3C_CH587_EVT/EXAM/BLE/LIB/CH587BLE_ROMx.hex	0x00058256	6	known-prefix	9fb3
2	tmp/wch-evt/evt/QingkeV3C_CH587_EVT/EXAM/BLE/LIB/CH587BLE_ROMx.hex	0x0005826c	6	known-prefix	9fad
2	tmp/wch-evt/evt/QingkeV3C_CH587_EVT/EXAM/BLE/LIB/CH587BLE_ROMx.hex	0x00058288	6	known-prefix	dfab
2	tmp/wch-evt/evt/QingkeV3C_CH587_EVT/EXAM/BLE/LIB/CH587BLE_ROMx.hex	0x00059752	6	known-prefix	1ffe
2	tmp/wch-evt/evt/QingkeV3C_CH587_EVT/EXAM/BLE/LIB/CH587BLE_ROMx.hex	0x0005999c	14	known-prefix	ffa5
2	tmp/wch-evt/evt/QingkeV3C_CH587_EVT/EXAM/BLE/LIB/CH587BLE_ROMx.hex	0x000599a2	6	known-prefix	9ff7
2	tmp/wch-evt/evt/QingkeV3C_CH587_EVT/EXAM/BLE/LIB/CH587BLE_ROMx.hex	0x000599f0	8	known-prefix	bff2
2	tmp/wch-evt/evt/QingkeV3C_CH587_EVT/EXAM/BLE/LIB/CH587BLE_ROMx.hex	0x00059a70	8	known-prefix	3f98
2	tmp/wch-evt/evt/QingkeV3C_CH587_EVT/EXAM/BLE/LIB/CH587BLE_ROMx.hex	0x00059cc8	8	known-prefix	3ffc
2	tmp/wch-evt/evt/QingkeV3C_CH587_EVT/EXAM/BLE/LIB/CH587BLE_ROMx.hex	0x00059d70	6	known-prefix	9fa7
2	tmp/wch-evt/evt/QingkeV3C_CH587_EVT/EXAM/BLE/LIB/CH587BLE_ROMx.hex	0x00059e28	8	known-prefix	3feb
2	tmp/wch-evt/evt/QingkeV3C_CH587_EVT/EXAM/BLE/LIB/CH587BLE_ROMx.hex	0x00059f12	unknown	reserved-ge-192	7ff2
2	tmp/wch-evt/evt/QingkeV3C_CH587_EVT/EXAM/BLE/LIB/CH587BLE_ROMx.hex	0x00059fd6	6	known-prefix	5ff9
2	tmp/wch-evt/evt/QingkeV3C_CH587_EVT/EXAM/BLE/LIB/CH587BLE_ROMx.hex	0x0005a670	6	known-prefix	5ff9
2	tmp/wch-evt/evt/QingkeV3C_CH587_EVT/EXAM/BLE/LIB/CH587BLE_ROMx.hex	0x0005a74c	6	known-prefix	9feb
2	tmp/wch-evt/evt/QingkeV3C_CH587_EVT/EXAM/BLE/LIB/CH587BLE_ROMx.hex	0x0005ab5c	6	known-prefix	dfea
2	tmp/wch-evt/evt/QingkeV3C_CH587_EVT/EXAM/BLE/LIB/CH587BLE_ROMx.hex	0x0005af1e	6	known-prefix	1f95
2	tmp/wch-evt/evt/QingkeV3C_CH587_EVT/EXAM/BLE/LIB/CH587BLE_ROMx.hex	0x0005b0ec	6	known-prefix	dfea
2	tmp/wch-evt/evt/QingkeV3C_CH587_EVT/EXAM/BLE/LIB/CH587BLE_ROMx.hex	0x0005b496	8	known-prefix	bfb0
2	tmp/wch-evt/evt/QingkeV3C_CH587_EVT/EXAM/BLE/LIB/CH587BLE_ROMx.hex	0x0005b7c2	unknown	reserved-ge-192	ffff
2	tmp/wch-evt/evt/QingkeV3C_CH587_EVT/EXAM/BLE/LIB/CH587BLE_ROMx.hex	0x0005b87c	6	known-prefix	1fc2
2	tmp/wch-evt/evt/QingkeV3C_CH587_EVT/EXAM/BLE/LIB/CH587BLE_ROMx.hex	0x0005bbd4	unknown	reserved-ge-192	ffff
2	tmp/wch-evt/evt/QingkeV3C_CH587_EVT/EXAM/BLE/LIB/CH587BLE_ROMx.hex	0x0005bc04	unknown	reserved-ge-192	ffff
2	tmp/wch-evt/evt/QingkeV3C_CH587_EVT/EXAM/BLE/LIB/CH587BLE_ROMx.hex	0x0005c23e	6	known-prefix	5ffd
2	tmp/wch-evt/evt/QingkeV3C_CH587_EVT/EXAM/BLE/LIB/CH587BLE_ROMx.hex	0x0005c26a	6	known-prefix	9ffa
2	tmp/wch-evt/evt/QingkeV3C_CH587_EVT/EXAM/BLE/LIB/CH587BLE_ROMx.hex	0x0005c3aa	6	known-prefix	9fe6
2	tmp/wch-evt/evt/QingkeV3C_CH587_EVT/EXAM/BLE/LIB/CH587BLE_ROMx.hex	0x0005c3fc	22	known-prefix	7fe1
2	tmp/wch-evt/evt/QingkeV3C_CH587_EVT/EXAM/BLE/LIB/CH587BLE_ROMx.hex	0x0005c48c	20	known-prefix	7fd8
2	tmp/wch-evt/evt/QingkeV3C_CH587_EVT/EXAM/BLE/LIB/CH587BLE_ROMx.hex	0x0005c6b4	6	known-prefix	1faa
2	tmp/wch-evt/evt/QingkeV3C_CH587_EVT/EXAM/BLE/LIB/CH587BLE_ROMx.hex	0x0005cbae	8	known-prefix	bfc8
2	tmp/wch-evt/evt/QingkeV3C_CH587_EVT/EXAM/BLE/LIB/CH587BLE_ROMx.hex	0x0005cd1c	6	known-prefix	dfb1
2	tmp/wch-evt/evt/QingkeV3C_CH587_EVT/EXAM/BLE/LIB/CH587BLE_ROMx.hex	0x0005cd7a	14	known-prefix	ffab
2	tmp/wch-evt/evt/QingkeV3C_CH587_EVT/EXAM/BLE/LIB/CH587BLE_ROMx.hex	0x0005ce0c	6	known-prefix	dfa2
2	tmp/wch-evt/evt/QingkeV3C_CH587_EVT/EXAM/BLE/LIB/CH587BLE_ROMx.hex	0x0005cffa	unknown	reserved-ge-192	ffff
2	tmp/wch-evt/evt/QingkeV3C_CH587_EVT/EXAM/BLE/LIB/CH587BLE_ROMx.hex	0x0005dbca	6	known-prefix	9fb6
2	tmp/wch-evt/evt/QingkeV3C_CH587_EVT/EXAM/BLE/LIB/CH587BLE_ROMx.hex	0x0005dbd4	20	known-prefix	7fd4
2	tmp/wch-evt/evt/QingkeV3C_CH587_EVT/EXAM/BLE/LIB/CH587BLE_ROMx.hex	0x0005dbdc	6	known-prefix	dfee
2	tmp/wch-evt/evt/QingkeV3C_CH587_EVT/EXAM/BLE/LIB/CH587BLE_ROMx.hex	0x0005e00e	8	known-prefix	3ffe
2	tmp/wch-evt/evt/QingkeV3C_CH587_EVT/EXAM/BLE/LIB/CH587BLE_ROMx.hex	0x0005e8f0	8	known-prefix	3fe4
2	tmp/wch-evt/evt/QingkeV3C_CH587_EVT/EXAM/BLE/LIB/CH587BLE_ROMx.hex	0x0005ea28	8	known-prefix	bfd0
2	tmp/wch-evt/evt/QingkeV3C_CH587_EVT/EXAM/BLE/LIB/CH587BLE_ROMx.hex	0x0005eb16	6	known-prefix	dfc1
2	tmp/wch-evt/evt/QingkeV3C_CH587_EVT/EXAM/BLE/LIB/CH587BLE_ROMx.hex	0x0005ebaa	6	known-prefix	1fa7
2	tmp/wch-evt/evt/QingkeV3C_CH587_EVT/EXAM/BLE/LIB/CH587BLE_ROMx.hex	0x0005ecd0	8	known-prefix	bfc4
2	tmp/wch-evt/evt/QingkeV3C_CH587_EVT/EXAM/BLE/LIB/CH587BLE_ROMx.hex	0x0005ece6	6	known-prefix	5fc3
2	tmp/wch-evt/evt/QingkeV3C_CH587_EVT/EXAM/BLE/LIB/CH587BLE_ROMx.hex	0x0005edf8	8	known-prefix	bf93
2	tmp/wch-evt/evt/QingkeV3C_CH587_EVT/EXAM/BLE/LIB/CH587BLE_ROMx.hex	0x0005ee78	8	known-prefix	bf8b
2	tmp/wch-evt/evt/QingkeV3C_CH587_EVT/EXAM/BLE/LIB/CH587BLE_ROMx.hex	0x0005f18c	6	known-prefix	1ff0
2	tmp/wch-evt/evt/QingkeV3C_CH587_EVT/EXAM/BLE/LIB/CH587BLE_ROMx.hex	0x0005f1d8	22	known-prefix	ffe4
2	tmp/wch-evt/evt/QingkeV3C_CH587_EVT/EXAM/BLE/LIB/CH587BLE_ROMx.hex	0x0005f714	10	known-prefix	ff81
2	tmp/wch-evt/evt/QingkeV3C_CH587_EVT/EXAM/BLE/LIB/CH587BLE_ROMx.hex	0x0005f904	22	known-prefix	ffe2
2	tmp/wch-evt/evt/QingkeV3C_CH587_EVT/EXAM/BLE/LIB/CH587BLE_ROMx.hex	0x0005fb9e	6	known-prefix	5fb9
2	tmp/wch-evt/evt/QingkeV3C_CH587_EVT/EXAM/BLE/LIB/CH587BLE_ROMx.hex	0x0005fc96	6	known-prefix	dfa9
2	tmp/wch-evt/evt/QingkeV3C_CH587_EVT/EXAM/BLE/LIB/CH587BLE_ROMx.hex	0x0005fe04	10	known-prefix	7f81
2	tmp/wch-evt/evt/QingkeV3C_CH587_EVT/EXAM/BLE/LIB/CH587BLE_ROMx.hex	0x0005fe2a	6	known-prefix	1f86
2	tmp/wch-evt/evt/QingkeV3C_CH587_EVT/EXAM/BLE/LIB/CH587BLE_ROMx.hex	0x0005fe52	6	known-prefix	9f83
2	tmp/wch-evt/evt/QingkeV3C_CH587_EVT/EXAM/BLE/LIB/CH587BLE_ROMx.hex	0x0005fe56	6	known-prefix	5f97
2	tmp/wch-evt/evt/QingkeV3C_CH587_EVT/EXAM/BLE/LIB/CH587BLE_ROMx.hex	0x0005fe5a	6	known-prefix	5fa3
2	tmp/wch-evt/evt/QingkeV3C_CH587_EVT/EXAM/BLE/LIB/CH587BLE_ROMx.hex	0x0005fe78	8	known-prefix	bfa7
2	tmp/wch-evt/evt/QingkeV3C_CH587_EVT/EXAM/BLE/LIB/CH587BLE_ROMx.hex	0x0005fe7c	16	known-prefix	7fb7
2	tmp/wch-evt/evt/QingkeV3C_CH587_EVT/EXAM/BLE/LIB/CH587BLE_ROMx.hex	0x0005fe80	8	known-prefix	bfc0
2	tmp/wch-evt/evt/QingkeV3C_CH587_EVT/EXAM/BLE/LIB/CH587BLE_ROMx.hex	0x0005fe84	18	known-prefix	7fcd
2	tmp/wch-evt/evt/QingkeV3C_CH587_EVT/EXAM/BLE/LIB/CH587BLE_ROMx.hex	0x0005fe88	6	known-prefix	5fd1
2	tmp/wch-evt/evt/QingkeV3C_CH587_EVT/EXAM/BLE/LIB/CH587BLE_ROMx.hex	0x0005fe8c	6	known-prefix	dfd4
2	tmp/wch-evt/evt/QingkeV3C_CH587_EVT/EXAM/BLE/LIB/CH587BLE_ROMx.hex	0x0005fe90	6	known-prefix	dfda
2	tmp/wch-evt/evt/QingkeV3C_CH587_EVT/EXAM/BLE/LIB/CH587BLE_ROMx.hex	0x0005fe94	8	known-prefix	bfe1
2	tmp/wch-evt/evt/QingkeV3C_CH587_EVT/EXAM/BLE/LIB/CH587BLE_ROMx.hex	0x0005fe9e	6	known-prefix	dfe5
2	tmp/wch-evt/evt/QingkeV3C_CH587_EVT/EXAM/BLE/LIB/CH587BLE_ROMx.hex	0x0005fea2	8	known-prefix	bfeb
2	tmp/wch-evt/evt/QingkeV3C_CH587_EVT/EXAM/BLE/LIB/CH587BLE_ROMx.hex	0x0005fea6	22	known-prefix	7fee
2	tmp/wch-evt/evt/QingkeV3C_CH587_EVT/EXAM/BLE/LIB/CH587BLE_ROMx.hex	0x0005feaa	8	known-prefix	3ff9
2	tmp/wch-evt/evt/QingkeV3C_CH587_EVT/EXAM/BLE/LIB/CH587BLE_ROMx.hex	0x000604e4	6	known-prefix	dff8
2	tmp/wch-evt/evt/QingkeV3C_CH587_EVT/EXAM/BLE/LIB/CH587BLE_ROMx.hex	0x0006068a	8	known-prefix	3ff8
2	tmp/wch-evt/evt/QingkeV3C_CH587_EVT/EXAM/BLE/LIB/CH587BLE_ROMx.hex	0x0006078e	6	known-prefix	dfa4
2	tmp/wch-evt/evt/QingkeV3C_CH587_EVT/EXAM/BLE/LIB/CH587BLE_ROMx.hex	0x000607d6	6	known-prefix	9fa0
2	tmp/wch-evt/evt/QingkeV3C_CH587_EVT/EXAM/BLE/LIB/CH587BLE_ROMx.hex	0x000607f2	14	known-prefix	ffa1
2	tmp/wch-evt/evt/QingkeV3C_CH587_EVT/EXAM/BLE/LIB/CH587BLE_ROMx.hex	0x00060860	6	known-prefix	df9a
2	tmp/wch-evt/evt/QingkeV3C_CH587_EVT/EXAM/BLE/LIB/CH587BLE_ROMx.hex	0x00060870	6	known-prefix	dfd3
2	tmp/wch-evt/evt/QingkeV3C_CH587_EVT/EXAM/BLE/LIB/CH587BLE_ROMx.hex	0x000608c8	6	known-prefix	9feb
2	tmp/wch-evt/evt/QingkeV3C_CH587_EVT/EXAM/BLE/LIB/CH587BLE_ROMx.hex	0x000608d6	6	known-prefix	dff0
2	tmp/wch-evt/evt/QingkeV3C_CH587_EVT/EXAM/BLE/LIB/CH587BLE_ROMx.hex	0x000608e8	6	known-prefix	5ff8
2	tmp/wch-evt/evt/QingkeV3C_CH587_EVT/EXAM/BLE/LIB/CH587BLE_ROMx.hex	0x00060948	6	known-prefix	5fc2
2	tmp/wch-evt/evt/QingkeV3C_CH587_EVT/EXAM/BLE/LIB/CH587BLE_ROMx.hex	0x00060ba4	6	known-prefix	dff7
2	tmp/wch-evt/evt/QingkeV3C_CH587_EVT/EXAM/BLE/LIB/CH587BLE_ROMx.hex	0x00060d4a	14	known-prefix	7fa3
2	tmp/wch-evt/evt/QingkeV3C_CH587_EVT/EXAM/BLE/LIB/CH587BLE_ROMx.hex	0x00060d58	8	known-prefix	bfa8
2	tmp/wch-evt/evt/QingkeV3C_CH587_EVT/EXAM/BLE/LIB/CH587BLE_ROMx.hex	0x00060d5c	6	known-prefix	1fb1
2	tmp/wch-evt/evt/QingkeV3C_CH587_EVT/EXAM/BLE/LIB/CH587BLE_ROMx.hex	0x00060e00	8	known-prefix	3f85
2	tmp/wch-evt/evt/QingkeV3C_CH587_EVT/EXAM/BLE/LIB/CH587BLE_ROMx.hex	0x0006142e	6	known-prefix	9f9a
2	tmp/wch-evt/evt/QingkeV3C_CH587_EVT/EXAM/BLE/LIB/CH587BLE_ROMx.hex	0x00061574	10	known-prefix	7f89
2	tmp/wch-evt/evt/QingkeV3C_CH587_EVT/EXAM/BLE/LIB/CH587BLE_ROMx.hex	0x000615ae	6	known-prefix	1fed
2	tmp/wch-evt/evt/QingkeV3C_CH587_EVT/EXAM/BLE/LIB/CH587BLE_ROMx.hex	0x000615c0	6	known-prefix	5ffc
2	tmp/wch-evt/evt/QingkeV3C_CH587_EVT/EXAM/BLE/LIB/CH587BLE_ROMx.hex	0x0006162a	6	known-prefix	5fe5
2	tmp/wch-evt/evt/QingkeV3C_CH587_EVT/EXAM/BLE/LIB/CH587BLE_ROMx.hex	0x00061668	unknown	reserved-ge-192	ffff
2	tmp/wch-evt/evt/QingkeV3C_CH587_EVT/EXAM/BLE/LIB/CH587BLE_ROMx.hex	0x00061670	6	known-prefix	df8c
2	tmp/wch-evt/evt/QingkeV3C_CH587_EVT/EXAM/BLE/LIB/CH587BLE_ROMx.hex	0x000616be	6	known-prefix	1fdc
2	tmp/wch-evt/evt/QingkeV3C_CH587_EVT/EXAM/BLE/LIB/CH587BLE_ROMx.hex	0x00061894	8	known-prefix	bfbe
2	tmp/wch-evt/evt/QingkeV3C_CH587_EVT/EXAM/BLE/LIB/CH587BLE_ROMx.hex	0x000618a6	18	known-prefix	ffcd
2	tmp/wch-evt/evt/QingkeV3C_CH587_EVT/EXAM/BLE/LIB/CH587BLE_ROMx.hex	0x0006193a	6	known-prefix	9fc2
2	tmp/wch-evt/evt/QingkeV3C_CH587_EVT/EXAM/BLE/LIB/CH587BLE_ROMx.hex	0x00061980	6	known-prefix	dfed
2	tmp/wch-evt/evt/QingkeV3C_CH587_EVT/EXAM/BLE/LIB/CH587BLE_ROMx.hex	0x000619f6	22	known-prefix	ffe9
2	tmp/wch-evt/evt/QingkeV3C_CH587_EVT/EXAM/BLE/LIB/CH587BLE_ROMx.hex	0x00061a0a	10	known-prefix	7f80
2	tmp/wch-evt/evt/QingkeV3C_CH587_EVT/EXAM/BLE/LIB/CH587BLE_ROMx.hex	0x00061cc6	16	known-prefix	ffbc
2	tmp/wch-evt/evt/QingkeV3C_CH587_EVT/EXAM/BLE/LIB/CH587BLE_ROMx.hex	0x00061d16	6	known-prefix	df93
2	tmp/wch-evt/evt/QingkeV3C_CH587_EVT/EXAM/BLE/LIB/CH587BLE_ROMx.hex	0x00061d1e	16	known-prefix	7fb7
2	tmp/wch-evt/evt/QingkeV3C_CH587_EVT/EXAM/BLE/LIB/CH587BLE_ROMx.hex	0x00061da8	8	known-prefix	3fc5
2	tmp/wch-evt/evt/QingkeV3C_CH587_EVT/EXAM/BLE/LIB/CH587BLE_ROMx.hex	0x00061e16	6	known-prefix	5fbe
2	tmp/wch-evt/evt/QingkeV3C_CH587_EVT/EXAM/BLE/LIB/CH587BLE_ROMx.hex	0x00061f16	12	known-prefix	ff97
2	tmp/wch-evt/evt/QingkeV3C_CH587_EVT/EXAM/BLE/LIB/CH587BLE_ROMx.hex	0x0006220e	8	known-prefix	bff1
2	tmp/wch-evt/evt/QingkeV3C_CH587_EVT/EXAM/BLE/LIB/CH587BLE_ROMx.hex	0x0006222a	6	known-prefix	1f95
2	tmp/wch-evt/evt/QingkeV3C_CH587_EVT/EXAM/BLE/LIB/CH587BLE_ROMx.hex	0x00062264	6	known-prefix	5f87
2	tmp/wch-evt/evt/QingkeV3C_CH587_EVT/EXAM/BLE/LIB/CH587BLE_ROMx.hex	0x0006226e	8	known-prefix	bf86
2	tmp/wch-evt/evt/QingkeV3C_CH587_EVT/EXAM/BLE/LIB/CH587BLE_ROMx.hex	0x00062400	18	known-prefix	7fcc
2	tmp/wch-evt/evt/QingkeV3C_CH587_EVT/EXAM/BLE/LIB/CH587BLE_ROMx.hex	0x0006287e	8	known-prefix	bfff
2	tmp/wch-evt/evt/QingkeV3C_CH587_EVT/EXAM/BLE/LIB/CH587BLE_ROMx.hex	0x000628a8	10	known-prefix	ff81
2	tmp/wch-evt/evt/QingkeV3C_CH587_EVT/EXAM/BLE/LIB/CH587BLE_ROMx.hex	0x00062948	6	known-prefix	5fd4
2	tmp/wch-evt/evt/QingkeV3C_CH587_EVT/EXAM/BLE/LIB/CH587BLE_ROMx.hex	0x0006297e	6	known-prefix	dff7
2	tmp/wch-evt/evt/QingkeV3C_CH587_EVT/EXAM/BLE/LIB/CH587BLE_ROMx.hex	0x000629a8	8	known-prefix	3ff5
2	tmp/wch-evt/evt/QingkeV3C_CH587_EVT/EXAM/BLE/LIB/CH587BLE_ROMx.hex	0x00062ba2	6	known-prefix	5fb7
2	tmp/wch-evt/evt/QingkeV3C_CH587_EVT/EXAM/BLE/LIB/CH587BLE_ROMx.hex	0x00063268	6	known-prefix	1fbb
2	tmp/wch-evt/evt/QingkeV3C_CH587_EVT/EXAM/BLE/LIB/CH587BLE_ROMx.hex	0x00063276	10	known-prefix	ff8f
2	tmp/wch-evt/evt/QingkeV3C_CH587_EVT/EXAM/BLE/LIB/CH587BLE_ROMx.hex	0x0006327a	8	known-prefix	bfab
2	tmp/wch-evt/evt/QingkeV3C_CH587_EVT/EXAM/BLE/LIB/CH587BLE_ROMx.hex	0x0006327e	6	known-prefix	1f9f
2	tmp/wch-evt/evt/QingkeV3C_CH587_EVT/EXAM/BLE/LIB/CH587BLE_ROMx.hex	0x0006328a	unknown	reserved-ge-192	ffff
2	tmp/wch-evt/evt/QingkeV3C_CH587_EVT/EXAM/BLE/LIB/CH587BLE_ROMx.hex	0x000632ba	unknown	reserved-ge-192	ffff
2	tmp/wch-evt/evt/QingkeV3C_CH587_EVT/EXAM/BLE/LIB/CH587BLE_ROMx.hex	0x000632c6	6	known-prefix	1fed
2	tmp/wch-evt/evt/QingkeV3C_CH587_EVT/EXAM/BLE/LIB/CH587BLE_ROMx.hex	0x000632ca	unknown	reserved-ge-192	ffff
2	tmp/wch-evt/evt/QingkeV3C_CH587_EVT/EXAM/BLE/LIB/CH587BLE_ROMx.hex	0x000632da	unknown	reserved-ge-192	ffff
2	tmp/wch-evt/evt/QingkeV3C_CH587_EVT/EXAM/BLE/LIB/CH587BLE_ROMx.hex	0x000632fa	unknown	reserved-ge-192	ffff
2	tmp/wch-evt/evt/QingkeV3C_CH587_EVT/EXAM/BLE/LIB/CH587BLE_ROMx.hex	0x0006332a	unknown	reserved-ge-192	ffff
2	tmp/wch-evt/evt/QingkeV3C_CH587_EVT/EXAM/BLE/LIB/CH587BLE_ROMx.hex	0x00063336	6	known-prefix	1fe6
2	tmp/wch-evt/evt/QingkeV3C_CH587_EVT/EXAM/BLE/LIB/CH587BLE_ROMx.hex	0x0006333a	unknown	reserved-ge-192	ffff
2	tmp/wch-evt/evt/QingkeV3C_CH587_EVT/EXAM/BLE/LIB/CH587BLE_ROMx.hex	0x0006334a	unknown	reserved-ge-192	ffff
2	tmp/wch-evt/evt/QingkeV3C_CH587_EVT/EXAM/BLE/LIB/CH587BLE_ROMx.hex	0x0006335e	6	known-prefix	9fe0
2	tmp/wch-evt/evt/QingkeV3C_CH587_EVT/EXAM/BLE/LIB/CH587BLE_ROMx.hex	0x0006336a	unknown	reserved-ge-192	ffff
2	tmp/wch-evt/evt/QingkeV3C_CH587_EVT/EXAM/BLE/LIB/CH587BLE_ROMx.hex	0x0006339a	unknown	reserved-ge-192	ffff
2	tmp/wch-evt/evt/QingkeV3C_CH587_EVT/EXAM/BLE/LIB/CH587BLE_ROMx.hex	0x000633a6	6	known-prefix	1fdf
2	tmp/wch-evt/evt/QingkeV3C_CH587_EVT/EXAM/BLE/LIB/CH587BLE_ROMx.hex	0x000633aa	unknown	reserved-ge-192	ffff
2	tmp/wch-evt/evt/QingkeV3C_CH587_EVT/EXAM/BLE/LIB/CH587BLE_ROMx.hex	0x000633ba	unknown	reserved-ge-192	ffff
2	tmp/wch-evt/evt/QingkeV3C_CH587_EVT/EXAM/BLE/LIB/CH587BLE_ROMx.hex	0x000633ce	6	known-prefix	1f83
2	tmp/wch-evt/evt/QingkeV3C_CH587_EVT/EXAM/BLE/LIB/CH587BLE_ROMx.hex	0x000633f0	unknown	reserved-ge-192	ffff
2	tmp/wch-evt/evt/QingkeV3C_CH587_EVT/EXAM/BLE/LIB/CH587BLE_ROMx.hex	0x00063420	unknown	reserved-ge-192	ffff
2	tmp/wch-evt/evt/QingkeV3C_CH587_EVT/EXAM/BLE/LIB/CH587BLE_ROMx.hex	0x0006342c	8	known-prefix	bfd6
2	tmp/wch-evt/evt/QingkeV3C_CH587_EVT/EXAM/BLE/LIB/CH587BLE_ROMx.hex	0x00063430	unknown	reserved-ge-192	ffff
2	tmp/wch-evt/evt/QingkeV3C_CH587_EVT/EXAM/BLE/LIB/CH587BLE_ROMx.hex	0x00063440	unknown	reserved-ge-192	ffff
2	tmp/wch-evt/evt/QingkeV3C_CH587_EVT/EXAM/BLE/LIB/CH587BLE_ROMx.hex	0x00063716	8	known-prefix	3fe1
2	tmp/wch-evt/evt/QingkeV3C_CH587_EVT/EXAM/BLE/LIB/CH587BLE_ROMx.hex	0x00063a7e	unknown	reserved-ge-192	fffc
2	tmp/wch-evt/evt/QingkeV3C_CH587_EVT/EXAM/BLE/LIB/CH587BLE_ROMx.hex	0x00063b28	22	known-prefix	ffe1
2	tmp/wch-evt/evt/QingkeV3C_CH587_EVT/EXAM/BLE/LIB/CH587BLE_ROMx.hex	0x00063bc2	6	known-prefix	1fc4
2	tmp/wch-evt/evt/QingkeV3C_CH587_EVT/EXAM/BLE/LIB/CH587BLE_ROMx.hex	0x00064478	8	known-prefix	3fd4
2	tmp/wch-evt/evt/QingkeV3C_CH587_EVT/EXAM/BLE/LIB/CH587BLE_ROMx.hex	0x000644b4	6	known-prefix	5fbd
2	tmp/wch-evt/evt/QingkeV3C_CH587_EVT/EXAM/BLE/LIB/CH587BLE_ROMx.hex	0x000644fe	20	known-prefix	7fd9
2	tmp/wch-evt/evt/QingkeV3C_CH587_EVT/EXAM/BLE/LIB/CH587BLE_ROMx.hex	0x0006465c	6	known-prefix	5fb2
2	tmp/wch-evt/evt/QingkeV3C_CH587_EVT/EXAM/BLE/LIB/CH587BLE_ROMx.hex	0x000646cc	unknown	reserved-ge-192	ffff
2	tmp/wch-evt/evt/QingkeV3C_CH587_EVT/EXAM/BLE/LIB/CH587BLE_ROMx.hex	0x000646e6	unknown	reserved-ge-192	7ffe
2	tmp/wch-evt/evt/QingkeV3C_CH587_EVT/EXAM/BLE/LIB/CH587BLE_ROMx.hex	0x00064700	unknown	reserved-ge-192	ffff
2	tmp/wch-evt/evt/QingkeV3C_CH587_EVT/EXAM/BLE/LIB/CH587BLE_ROMx.hex	0x000650d0	20	known-prefix	ffd8
2	tmp/wch-evt/evt/QingkeV3C_CH587_EVT/EXAM/BLE/LIB/CH587BLE_ROMx.hex	0x00065160	18	known-prefix	ffcf
2	tmp/wch-evt/evt/QingkeV3C_CH587_EVT/EXAM/BLE/LIB/CH587BLE_ROMx.hex	0x00065a22	16	known-prefix	ffb4
2	tmp/wch-evt/evt/QingkeV3C_CH587_EVT/EXAM/BLE/LIB/CH587BLE_ROMx.hex	0x00065e8a	6	known-prefix	9fff
2	tmp/wch-evt/evt/QingkeV3C_CH587_EVT/EXAM/BLE/LIB/CH587BLE_ROMx.hex	0x00066346	8	known-prefix	bfef
2	tmp/wch-evt/evt/QingkeV3C_CH587_EVT/EXAM/BLE/LIB/CH587BLE_ROMx.hex	0x00066650	6	known-prefix	9f83
2	tmp/wch-evt/evt/QingkeV3C_CH587_EVT/EXAM/BLE/LIB/CH587BLE_ROMx.hex	0x00066658	6	known-prefix	9ff0
2	tmp/wch-evt/evt/QingkeV3C_CH587_EVT/EXAM/BLE/LIB/CH587BLE_ROMx.hex	0x0006666e	unknown	reserved-ge-192	ffff
2	tmp/wch-evt/evt/QingkeV3C_CH587_EVT/EXAM/BLE/LIB/CH587BLE_ROMx.hex	0x0006667e	unknown	reserved-ge-192	ffff
2	tmp/wch-evt/evt/QingkeV3C_CH587_EVT/EXAM/BLE/LIB/CH587BLE_ROMx.hex	0x000666b2	unknown	reserved-ge-192	ffff
2	tmp/wch-evt/evt/QingkeV3C_CH587_EVT/EXAM/BLE/LIB/CH587BLE_ROMx.hex	0x00066f0a	unknown	reserved-ge-192	ffff
2	tmp/wch-evt/evt/QingkeV3C_CH587_EVT/EXAM/BLE/LIB/CH587BLE_ROMx.hex	0x00066f0e	unknown	reserved-ge-192	ffff
2	tmp/wch-evt/evt/QingkeV3C_CH587_EVT/EXAM/BLE/LIB/CH587BLE_ROMx.hex	0x00066f12	unknown	reserved-ge-192	ffff
2	tmp/wch-evt/evt/QingkeV3C_CH587_EVT/EXAM/BLE/LIB/CH587BLE_ROMx.hex	0x00066f16	unknown	reserved-ge-192	ffff
2	tmp/wch-evt/evt/QingkeV3C_CH587_EVT/EXAM/BLE/LIB/CH587BLE_ROMx.hex	0x00066f1a	unknown	reserved-ge-192	ffff
2	tmp/wch-evt/evt/QingkeV3C_CH587_EVT/EXAM/BLE/LIB/CH587BLE_ROMx.hex	0x00066f1e	unknown	reserved-ge-192	ffff
2	tmp/wch-evt/evt/QingkeV3C_CH587_EVT/EXAM/BLE/LIB/CH587BLE_ROMx.hex	0x00066f22	unknown	reserved-ge-192	ffff
2	tmp/wch-evt/evt/QingkeV3C_CH587_EVT/EXAM/BLE/LIB/CH587BLE_ROMx.hex	0x00066f26	unknown	reserved-ge-192	ffff
2	tmp/wch-evt/evt/QingkeV3C_CH587_EVT/EXAM/BLE/LIB/CH587BLE_ROMx.hex	0x00066f2a	unknown	reserved-ge-192	ffff
2	tmp/wch-evt/evt/QingkeV3C_CH587_EVT/EXAM/BLE/LIB/CH587BLE_ROMx.hex	0x00066f2e	unknown	reserved-ge-192	ffff
2	tmp/wch-evt/evt/QingkeV3C_CH587_EVT/EXAM/BLE/LIB/CH587BLE_ROMx.hex	0x00066f32	unknown	reserved-ge-192	ffff
2	tmp/wch-evt/evt/QingkeV3C_CH587_EVT/EXAM/BLE/LIB/CH587BLE_ROMx.hex	0x00066f36	unknown	reserved-ge-192	ffff
2	tmp/wch-evt/evt/QingkeV3C_CH587_EVT/EXAM/BLE/LIB/CH587BLE_ROMx.hex	0x00066f3a	unknown	reserved-ge-192	ffff
2	tmp/wch-evt/evt/QingkeV3C_CH587_EVT/EXAM/BLE/LIB/CH587BLE_ROMx.hex	0x00067050	6	known-prefix	5f4c
2	tmp/wch-evt/evt/QingkeV3C_CH587_EVT/EXAM/BLE/LIB/CH587BLE_ROMx.hex	0x00067054	6	known-prefix	5f56
2	tmp/wch-evt/evt/QingkeV3C_CH587_EVT/EXAM/BLE/LIB/CH587BLE_ROMx.hex	0x00067062	unknown	reserved-ge-192	ffff
2	tmp/wch-evt/evt/QingkeV3C_CH587_EVT/EXAM/BLE/LIB/CH587BLE_ROMx.hex	0x00067066	unknown	reserved-ge-192	ffff
2	tmp/wch-evt/evt/QingkeV3C_CH587_EVT/EXAM/BLE/LIB/CH587BLE_ROMx.hex	0x0006706a	unknown	reserved-ge-192	ffff
2	tmp/wch-evt/evt/QingkeV3C_CH587_EVT/EXAM/BLE/LIB/CH587BLE_ROMx.hex	0x0006706e	unknown	reserved-ge-192	ffff
2	tmp/wch-evt/evt/QingkeV3C_CH587_EVT/EXAM/BLE/LIB/CH587BLE_ROMx.hex	0x00067072	unknown	reserved-ge-192	ffff
2	tmp/wch-evt/evt/QingkeV3C_CH587_EVT/EXAM/BLE/LIB/CH587BLE_ROMx.hex	0x00067076	unknown	reserved-ge-192	ffff
2	tmp/wch-evt/evt/QingkeV3C_CH587_EVT/EXAM/BLE/LIB/CH587BLE_ROMx.hex	0x0006707a	unknown	reserved-ge-192	ffff
2	tmp/wch-evt/evt/QingkeV3C_CH587_EVT/EXAM/BLE/LIB/CH587BLE_ROMx.hex	0x0006707e	unknown	reserved-ge-192	ffff
2	tmp/wch-evt/evt/QingkeV3C_CH587_EVT/EXAM/BLE/LIB/CH587BLE_ROMx.hex	0x00067082	unknown	reserved-ge-192	ffff
2	tmp/wch-evt/evt/QingkeV3C_CH587_EVT/EXAM/BLE/LIB/CH587BLE_ROMx.hex	0x00067086	unknown	reserved-ge-192	ffff
2	tmp/wch-evt/evt/QingkeV3C_CH587_EVT/EXAM/BLE/LIB/CH587BLE_ROMx.hex	0x0006708a	unknown	reserved-ge-192	ffff
2	tmp/wch-evt/evt/QingkeV3C_CH587_EVT/EXAM/BLE/LIB/CH587BLE_ROMx.hex	0x0006708e	unknown	reserved-ge-192	ffff
2	tmp/wch-evt/evt/QingkeV3C_CH587_EVT/EXAM/BLE/LIB/CH587BLE_ROMx.hex	0x00067092	unknown	reserved-ge-192	ffff
2	tmp/wch-evt/evt/QingkeV3C_CH587_EVT/EXAM/BLE/LIB/CH587BLE_ROMx.hex	0x00067096	unknown	reserved-ge-192	ffff
2	tmp/wch-evt/evt/QingkeV3C_CH587_EVT/EXAM/BLE/LIB/CH587BLE_ROMx.hex	0x0006709a	unknown	reserved-ge-192	ffff
2	tmp/wch-evt/evt/QingkeV3C_CH587_EVT/EXAM/BLE/LIB/CH587BLE_ROMx.hex	0x0006709e	unknown	reserved-ge-192	ffff
2	tmp/wch-evt/evt/QingkeV3C_CH587_EVT/EXAM/BLE/LIB/CH587BLE_ROMx.hex	0x000670a2	unknown	reserved-ge-192	ffff
2	tmp/wch-evt/evt/QingkeV3C_CH587_EVT/EXAM/BLE/LIB/CH587BLE_ROMx.hex	0x000670a6	unknown	reserved-ge-192	ffff
2	tmp/wch-evt/evt/QingkeV3C_CH587_EVT/EXAM/BLE/LIB/CH587BLE_ROMx.hex	0x000670aa	unknown	reserved-ge-192	ffff
2	tmp/wch-evt/evt/QingkeV3C_CH587_EVT/EXAM/BLE/LIB/CH587BLE_ROMx.hex	0x000670ae	unknown	reserved-ge-192	ffff
2	tmp/wch-evt/evt/QingkeV3C_CH587_EVT/EXAM/BLE/LIB/CH587BLE_ROMx.hex	0x000670b2	unknown	reserved-ge-192	ffff
2	tmp/wch-evt/evt/QingkeV3C_CH587_EVT/EXAM/BLE/LIB/CH587BLE_ROMx.hex	0x000670b6	unknown	reserved-ge-192	ffff
2	tmp/wch-evt/evt/QingkeV3C_CH587_EVT/EXAM/BLE/LIB/CH587BLE_ROMx.hex	0x000670ba	unknown	reserved-ge-192	ffff
2	tmp/wch-evt/evt/QingkeV3C_CH587_EVT/EXAM/BLE/LIB/CH587BLE_ROMx.hex	0x000670be	unknown	reserved-ge-192	ffff
2	tmp/wch-evt/evt/QingkeV3C_CH587_EVT/EXAM/BLE/LIB/CH587BLE_ROMx.hex	0x000670c2	unknown	reserved-ge-192	ffff
2	tmp/wch-evt/evt/QingkeV3C_CH587_EVT/EXAM/BLE/LIB/CH587BLE_ROMx.hex	0x000670c6	unknown	reserved-ge-192	ffff
2	tmp/wch-evt/evt/QingkeV3C_CH587_EVT/EXAM/BLE/LIB/CH587BLE_ROMx.hex	0x000670ca	unknown	reserved-ge-192	ffff
2	tmp/wch-evt/evt/QingkeV3C_CH587_EVT/EXAM/BLE/LIB/CH587BLE_ROMx.hex	0x000670ce	unknown	reserved-ge-192	ffff
2	tmp/wch-evt/evt/QingkeV3C_CH587_EVT/EXAM/BLE/LIB/CH587BLE_ROMx.hex	0x000670d2	unknown	reserved-ge-192	ffff
2	tmp/wch-evt/evt/QingkeV3C_CH587_EVT/EXAM/BLE/LIB/CH587BLE_ROMx.hex	0x000670d6	unknown	reserved-ge-192	ffff
2	tmp/wch-evt/evt/QingkeV3C_CH587_EVT/EXAM/BLE/LIB/CH587BLE_ROMx.hex	0x000670da	unknown	reserved-ge-192	ffff
2	tmp/wch-evt/evt/QingkeV3C_CH587_EVT/EXAM/BLE/LIB/CH587BLE_ROMx.hex	0x000670de	unknown	reserved-ge-192	ffff
2	tmp/wch-evt/evt/QingkeV3C_CH587_EVT/EXAM/BLE/LIB/CH587BLE_ROMx.hex	0x000670e2	unknown	reserved-ge-192	ffff
2	tmp/wch-evt/evt/QingkeV3C_CH587_EVT/EXAM/BLE/LIB/CH587BLE_ROMx.hex	0x000670e6	unknown	reserved-ge-192	ffff
2	tmp/wch-evt/evt/QingkeV3C_CH587_EVT/EXAM/BLE/LIB/CH587BLE_ROMx.hex	0x000670ea	unknown	reserved-ge-192	ffff
2	tmp/wch-evt/evt/QingkeV3C_CH587_EVT/EXAM/BLE/LIB/CH587BLE_ROMx.hex	0x000670ee	unknown	reserved-ge-192	ffff
2	tmp/wch-evt/evt/QingkeV3C_CH587_EVT/EXAM/BLE/LIB/CH587BLE_ROMx.hex	0x000670f2	unknown	reserved-ge-192	ffff
2	tmp/wch-evt/evt/QingkeV3C_CH587_EVT/EXAM/BLE/LIB/CH587BLE_ROMx.hex	0x000670f6	unknown	reserved-ge-192	ffff
2	tmp/wch-evt/evt/QingkeV3C_CH587_EVT/EXAM/BLE/LIB/CH587BLE_ROMx.hex	0x000670fa	unknown	reserved-ge-192	ffff
2	tmp/wch-evt/evt/QingkeV3C_CH587_EVT/EXAM/BLE/LIB/CH587BLE_ROMx.hex	0x000670fe	unknown	reserved-ge-192	ffff
2	tmp/wch-evt/evt/QingkeV3C_CH587_EVT/EXAM/BLE/LIB/CH587BLE_ROMx.hex	0x00067102	unknown	reserved-ge-192	ffff
2	tmp/wch-evt/evt/QingkeV3C_CH587_EVT/EXAM/BLE/LIB/CH587BLE_ROMx.hex	0x00067106	unknown	reserved-ge-192	ffff
2	tmp/wch-evt/evt/QingkeV3C_CH587_EVT/EXAM/BLE/LIB/CH587BLE_ROMx.hex	0x0006710a	unknown	reserved-ge-192	ffff
2	tmp/wch-evt/evt/QingkeV3C_CH587_EVT/EXAM/BLE/LIB/CH587BLE_ROMx.hex	0x0006710e	unknown	reserved-ge-192	ffff
2	tmp/wch-evt/evt/QingkeV3C_CH587_EVT/EXAM/BLE/LIB/CH587BLE_ROMx.hex	0x00067112	unknown	reserved-ge-192	ffff
2	tmp/wch-evt/evt/QingkeV3C_CH587_EVT/EXAM/BLE/LIB/CH587BLE_ROMx.hex	0x00067116	unknown	reserved-ge-192	ffff
2	tmp/wch-evt/evt/QingkeV3C_CH587_EVT/EXAM/BLE/LIB/CH587BLE_ROMx.hex	0x0006711a	unknown	reserved-ge-192	ffff
2	tmp/wch-evt/evt/QingkeV3C_CH587_EVT/EXAM/BLE/LIB/CH587BLE_ROMx.hex	0x0006711e	unknown	reserved-ge-192	ffff
2	tmp/wch-evt/evt/QingkeV3C_CH587_EVT/EXAM/BLE/LIB/CH587BLE_ROMx.hex	0x00067122	unknown	reserved-ge-192	ffff
2	tmp/wch-evt/evt/QingkeV3C_CH587_EVT/EXAM/BLE/LIB/CH587BLE_ROMx.hex	0x00067126	unknown	reserved-ge-192	ffff
2	tmp/wch-evt/evt/QingkeV3C_CH587_EVT/EXAM/BLE/LIB/CH587BLE_ROMx.hex	0x0006712a	unknown	reserved-ge-192	ffff
2	tmp/wch-evt/evt/QingkeV3C_CH587_EVT/EXAM/BLE/LIB/CH587BLE_ROMx.hex	0x0006712e	unknown	reserved-ge-192	ffff
2	tmp/wch-evt/evt/QingkeV3C_CH587_EVT/EXAM/BLE/LIB/CH587BLE_ROMx.hex	0x00067132	unknown	reserved-ge-192	ffff
2	tmp/wch-evt/evt/QingkeV3C_CH587_EVT/EXAM/BLE/LIB/CH587BLE_ROMx.hex	0x00067136	unknown	reserved-ge-192	ffff
2	tmp/wch-evt/evt/QingkeV3C_CH587_EVT/EXAM/BLE/LIB/CH587BLE_ROMx.hex	0x0006713a	unknown	reserved-ge-192	ffff
2	tmp/wch-evt/evt/QingkeV3C_CH587_EVT/EXAM/BLE/LIB/CH587BLE_ROMx.hex	0x0006713e	unknown	reserved-ge-192	ffff
2	tmp/wch-evt/evt/QingkeV3C_CH587_EVT/EXAM/BLE/LIB/CH587BLE_ROMx.hex	0x00067142	unknown	reserved-ge-192	ffff
2	tmp/wch-evt/evt/QingkeV3C_CH587_EVT/EXAM/BLE/LIB/CH587BLE_ROMx.hex	0x00067146	unknown	reserved-ge-192	ffff
2	tmp/wch-evt/evt/QingkeV3C_CH587_EVT/EXAM/BLE/LIB/CH587BLE_ROMx.hex	0x0006714a	unknown	reserved-ge-192	ffff
2	tmp/wch-evt/evt/QingkeV3C_CH587_EVT/EXAM/BLE/LIB/CH587BLE_ROMx.hex	0x0006714e	unknown	reserved-ge-192	ffff
2	tmp/wch-evt/evt/QingkeV3C_CH587_EVT/EXAM/BLE/LIB/CH587BLE_ROMx.hex	0x00067152	unknown	reserved-ge-192	ffff
2	tmp/wch-evt/evt/QingkeV3C_CH587_EVT/EXAM/BLE/LIB/CH587BLE_ROMx.hex	0x00067156	unknown	reserved-ge-192	ffff
2	tmp/wch-evt/evt/QingkeV3C_CH587_EVT/EXAM/BLE/LIB/CH587BLE_ROMx.hex	0x0006715a	unknown	reserved-ge-192	ffff
2	tmp/wch-evt/evt/QingkeV3C_CH587_EVT/EXAM/BLE/LIB/CH587BLE_ROMx.hex	0x0006715e	unknown	reserved-ge-192	ffff
2	tmp/wch-evt/evt/QingkeV3C_CH587_EVT/EXAM/BLE/LIB/CH587BLE_ROMx.hex	0x00067162	unknown	reserved-ge-192	ffff
2	tmp/wch-evt/evt/QingkeV3C_CH587_EVT/EXAM/BLE/LIB/CH587BLE_ROMx.hex	0x00067166	unknown	reserved-ge-192	ffff
2	tmp/wch-evt/evt/QingkeV3C_CH587_EVT/EXAM/BLE/LIB/CH587BLE_ROMx.hex	0x0006716a	unknown	reserved-ge-192	ffff
2	tmp/wch-evt/evt/QingkeV3C_CH587_EVT/EXAM/BLE/LIB/CH587BLE_ROMx.hex	0x0006716e	unknown	reserved-ge-192	ffff
2	tmp/wch-evt/evt/QingkeV3C_CH587_EVT/EXAM/BLE/LIB/CH587BLE_ROMx.hex	0x00067172	unknown	reserved-ge-192	ffff
2	tmp/wch-evt/evt/QingkeV3C_CH587_EVT/EXAM/BLE/LIB/CH587BLE_ROMx.hex	0x00067176	unknown	reserved-ge-192	ffff
2	tmp/wch-evt/evt/QingkeV3C_CH587_EVT/EXAM/BLE/LIB/CH587BLE_ROMx.hex	0x0006717a	unknown	reserved-ge-192	ffff
2	tmp/wch-evt/evt/QingkeV3C_CH587_EVT/EXAM/BLE/LIB/CH587BLE_ROMx.hex	0x0006717e	unknown	reserved-ge-192	ffff
2	tmp/wch-evt/evt/QingkeV3C_CH587_EVT/EXAM/BLE/LIB/CH587BLE_ROMx.hex	0x00067182	unknown	reserved-ge-192	ffff
2	tmp/wch-evt/evt/QingkeV3C_CH587_EVT/EXAM/BLE/LIB/CH587BLE_ROMx.hex	0x00067186	unknown	reserved-ge-192	ffff
2	tmp/wch-evt/evt/QingkeV3C_CH587_EVT/EXAM/BLE/LIB/CH587BLE_ROMx.hex	0x0006718a	unknown	reserved-ge-192	ffff
2	tmp/wch-evt/evt/QingkeV3C_CH587_EVT/EXAM/BLE/LIB/CH587BLE_ROMx.hex	0x0006718e	unknown	reserved-ge-192	ffff
2	tmp/wch-evt/evt/QingkeV3C_CH587_EVT/EXAM/BLE/LIB/CH587BLE_ROMx.hex	0x00067192	unknown	reserved-ge-192	ffff
2	tmp/wch-evt/evt/QingkeV3C_CH587_EVT/EXAM/BLE/LIB/CH587BLE_ROMx.hex	0x00067196	unknown	reserved-ge-192	ffff
2	tmp/wch-evt/evt/QingkeV3C_CH587_EVT/EXAM/BLE/LIB/CH587BLE_ROMx.hex	0x0006719a	unknown	reserved-ge-192	ffff
2	tmp/wch-evt/evt/QingkeV3C_CH587_EVT/EXAM/BLE/LIB/CH587BLE_ROMx.hex	0x0006719e	unknown	reserved-ge-192	ffff
2	tmp/wch-evt/evt/QingkeV3C_CH587_EVT/EXAM/BLE/LIB/CH587BLE_ROMx.hex	0x000671a2	unknown	reserved-ge-192	ffff
2	tmp/wch-evt/evt/QingkeV3C_CH587_EVT/EXAM/BLE/LIB/CH587BLE_ROMx.hex	0x000671a6	unknown	reserved-ge-192	ffff
2	tmp/wch-evt/evt/QingkeV3C_CH587_EVT/EXAM/BLE/LIB/CH587BLE_ROMx.hex	0x000671aa	unknown	reserved-ge-192	ffff
2	tmp/wch-evt/evt/QingkeV3C_CH587_EVT/EXAM/BLE/LIB/CH587BLE_ROMx.hex	0x000671ae	unknown	reserved-ge-192	ffff
2	tmp/wch-evt/evt/QingkeV3C_CH587_EVT/EXAM/BLE/LIB/CH587BLE_ROMx.hex	0x000671b2	unknown	reserved-ge-192	ffff
2	tmp/wch-evt/evt/QingkeV3C_CH587_EVT/EXAM/BLE/LIB/CH587BLE_ROMx.hex	0x000671b6	unknown	reserved-ge-192	ffff
2	tmp/wch-evt/evt/QingkeV3C_CH587_EVT/EXAM/BLE/LIB/CH587BLE_ROMx.hex	0x000671ba	unknown	reserved-ge-192	ffff
2	tmp/wch-evt/evt/QingkeV3C_CH587_EVT/EXAM/BLE/LIB/CH587BLE_ROMx.hex	0x000671be	unknown	reserved-ge-192	ffff
2	tmp/wch-evt/evt/QingkeV3C_CH587_EVT/EXAM/BLE/LIB/CH587BLE_ROMx.hex	0x000671c2	unknown	reserved-ge-192	ffff
2	tmp/wch-evt/evt/QingkeV3C_CH587_EVT/EXAM/BLE/LIB/CH587BLE_ROMx.hex	0x000671c6	unknown	reserved-ge-192	ffff
2	tmp/wch-evt/evt/QingkeV3C_CH587_EVT/EXAM/BLE/LIB/CH587BLE_ROMx.hex	0x000671ca	unknown	reserved-ge-192	ffff
2	tmp/wch-evt/evt/QingkeV3C_CH587_EVT/EXAM/BLE/LIB/CH587BLE_ROMx.hex	0x000671ce	unknown	reserved-ge-192	ffff
2	tmp/wch-evt/evt/QingkeV3C_CH587_EVT/EXAM/BLE/LIB/CH587BLE_ROMx.hex	0x000671d2	unknown	reserved-ge-192	ffff
2	tmp/wch-evt/evt/QingkeV3C_CH587_EVT/EXAM/BLE/LIB/CH587BLE_ROMx.hex	0x000671d6	unknown	reserved-ge-192	ffff
2	tmp/wch-evt/evt/QingkeV3C_CH587_EVT/EXAM/BLE/LIB/CH587BLE_ROMx.hex	0x000671da	unknown	reserved-ge-192	ffff
2	tmp/wch-evt/evt/QingkeV3C_CH587_EVT/EXAM/BLE/LIB/CH587BLE_ROMx.hex	0x000671de	unknown	reserved-ge-192	ffff
2	tmp/wch-evt/evt/QingkeV3C_CH587_EVT/EXAM/BLE/LIB/CH587BLE_ROMx.hex	0x000671e2	unknown	reserved-ge-192	ffff
2	tmp/wch-evt/evt/QingkeV3C_CH587_EVT/EXAM/BLE/LIB/CH587BLE_ROMx.hex	0x000671e6	unknown	reserved-ge-192	ffff
2	tmp/wch-evt/evt/QingkeV3C_CH587_EVT/EXAM/BLE/LIB/CH587BLE_ROMx.hex	0x000671ea	unknown	reserved-ge-192	ffff
2	tmp/wch-evt/evt/QingkeV3C_CH587_EVT/EXAM/BLE/LIB/CH587BLE_ROMx.hex	0x000671ee	unknown	reserved-ge-192	ffff
2	tmp/wch-evt/evt/QingkeV3C_CH587_EVT/EXAM/BLE/LIB/CH587BLE_ROMx.hex	0x000671f2	unknown	reserved-ge-192	ffff
2	tmp/wch-evt/evt/QingkeV3C_CH587_EVT/EXAM/BLE/LIB/CH587BLE_ROMx.hex	0x000671f6	unknown	reserved-ge-192	ffff
2	tmp/wch-evt/evt/QingkeV3C_CH587_EVT/EXAM/BLE/LIB/CH587BLE_ROMx.hex	0x000671fa	unknown	reserved-ge-192	ffff
2	tmp/wch-evt/evt/QingkeV3C_CH587_EVT/EXAM/BLE/LIB/CH587BLE_ROMx.hex	0x000671fe	unknown	reserved-ge-192	ffff
2	tmp/wch-evt/evt/QingkeV3C_CH587_EVT/EXAM/BLE/LIB/CH587BLE_ROMx.hex	0x00067202	unknown	reserved-ge-192	ffff
2	tmp/wch-evt/evt/QingkeV3C_CH587_EVT/EXAM/BLE/LIB/CH587BLE_ROMx.hex	0x00067206	unknown	reserved-ge-192	ffff
2	tmp/wch-evt/evt/QingkeV3C_CH587_EVT/EXAM/BLE/LIB/CH587BLE_ROMx.hex	0x0006720a	unknown	reserved-ge-192	ffff
2	tmp/wch-evt/evt/QingkeV3C_CH587_EVT/EXAM/BLE/LIB/CH587BLE_ROMx.hex	0x0006720e	unknown	reserved-ge-192	ffff
2	tmp/wch-evt/evt/QingkeV3C_CH587_EVT/EXAM/BLE/LIB/CH587BLE_ROMx.hex	0x00067212	unknown	reserved-ge-192	ffff
2	tmp/wch-evt/evt/QingkeV3C_CH587_EVT/EXAM/BLE/LIB/CH587BLE_ROMx.hex	0x00067216	unknown	reserved-ge-192	ffff
2	tmp/wch-evt/evt/QingkeV3C_CH587_EVT/EXAM/BLE/LIB/CH587BLE_ROMx.hex	0x0006721a	unknown	reserved-ge-192	ffff
2	tmp/wch-evt/evt/QingkeV3C_CH587_EVT/EXAM/BLE/LIB/CH587BLE_ROMx.hex	0x0006721e	unknown	reserved-ge-192	ffff
2	tmp/wch-evt/evt/QingkeV3C_CH587_EVT/EXAM/BLE/LIB/CH587BLE_ROMx.hex	0x00067222	unknown	reserved-ge-192	ffff
2	tmp/wch-evt/evt/QingkeV3C_CH587_EVT/EXAM/BLE/LIB/CH587BLE_ROMx.hex	0x00067226	unknown	reserved-ge-192	ffff
2	tmp/wch-evt/evt/QingkeV3C_CH587_EVT/EXAM/BLE/LIB/CH587BLE_ROMx.hex	0x0006722a	unknown	reserved-ge-192	ffff
2	tmp/wch-evt/evt/QingkeV3C_CH587_EVT/EXAM/BLE/LIB/CH587BLE_ROMx.hex	0x0006722e	unknown	reserved-ge-192	ffff
2	tmp/wch-evt/evt/QingkeV3C_CH587_EVT/EXAM/BLE/LIB/CH587BLE_ROMx.hex	0x00067232	unknown	reserved-ge-192	ffff
2	tmp/wch-evt/evt/QingkeV3C_CH587_EVT/EXAM/BLE/LIB/CH587BLE_ROMx.hex	0x00067236	unknown	reserved-ge-192	ffff
2	tmp/wch-evt/evt/QingkeV3C_CH587_EVT/EXAM/BLE/LIB/CH587BLE_ROMx.hex	0x0006723a	unknown	reserved-ge-192	ffff
2	tmp/wch-evt/evt/QingkeV3C_CH587_EVT/EXAM/BLE/LIB/CH587BLE_ROMx.hex	0x0006723e	unknown	reserved-ge-192	ffff
2	tmp/wch-evt/evt/QingkeV3C_CH587_EVT/EXAM/BLE/LIB/CH587BLE_ROMx.hex	0x00067242	unknown	reserved-ge-192	ffff
2	tmp/wch-evt/evt/QingkeV3C_CH587_EVT/EXAM/BLE/LIB/CH587BLE_ROMx.hex	0x00067246	unknown	reserved-ge-192	ffff
2	tmp/wch-evt/evt/QingkeV3C_CH587_EVT/EXAM/BLE/LIB/CH587BLE_ROMx.hex	0x0006724a	unknown	reserved-ge-192	ffff
2	tmp/wch-evt/evt/QingkeV3C_CH587_EVT/EXAM/BLE/LIB/CH587BLE_ROMx.hex	0x0006724e	unknown	reserved-ge-192	ffff
2	tmp/wch-evt/evt/QingkeV3C_CH587_EVT/EXAM/BLE/LIB/CH587BLE_ROMx.hex	0x00067252	unknown	reserved-ge-192	ffff
2	tmp/wch-evt/evt/QingkeV3C_CH587_EVT/EXAM/BLE/LIB/CH587BLE_ROMx.hex	0x00067256	unknown	reserved-ge-192	ffff
2	tmp/wch-evt/evt/QingkeV3C_CH587_EVT/EXAM/BLE/LIB/CH587BLE_ROMx.hex	0x0006725a	unknown	reserved-ge-192	ffff
2	tmp/wch-evt/evt/QingkeV3C_CH587_EVT/EXAM/BLE/LIB/CH587BLE_ROMx.hex	0x0006725e	unknown	reserved-ge-192	ffff
2	tmp/wch-evt/evt/QingkeV3C_CH587_EVT/EXAM/BLE/LIB/CH587BLE_ROMx.hex	0x00067262	unknown	reserved-ge-192	ffff
2	tmp/wch-evt/evt/QingkeV3C_CH587_EVT/EXAM/BLE/LIB/CH587BLE_ROMx.hex	0x00067266	unknown	reserved-ge-192	ffff
2	tmp/wch-evt/evt/QingkeV3C_CH587_EVT/EXAM/BLE/LIB/CH587BLE_ROMx.hex	0x0006726a	unknown	reserved-ge-192	ffff
2	tmp/wch-evt/evt/QingkeV3C_CH587_EVT/EXAM/BLE/LIB/CH587BLE_ROMx.hex	0x0006726e	unknown	reserved-ge-192	ffff
2	tmp/wch-evt/evt/QingkeV3C_CH587_EVT/EXAM/BLE/LIB/CH587BLE_ROMx.hex	0x00067272	unknown	reserved-ge-192	ffff
2	tmp/wch-evt/evt/QingkeV3C_CH587_EVT/EXAM/BLE/LIB/CH587BLE_ROMx.hex	0x00067276	unknown	reserved-ge-192	ffff
2	tmp/wch-evt/evt/QingkeV3C_CH587_EVT/EXAM/BLE/LIB/CH587BLE_ROMx.hex	0x0006727a	unknown	reserved-ge-192	ffff
2	tmp/wch-evt/evt/QingkeV3C_CH587_EVT/EXAM/BLE/LIB/CH587BLE_ROMx.hex	0x0006727e	unknown	reserved-ge-192	ffff
2	tmp/wch-evt/evt/QingkeV3C_CH587_EVT/EXAM/BLE/LIB/CH587BLE_ROMx.hex	0x00067282	unknown	reserved-ge-192	ffff
2	tmp/wch-evt/evt/QingkeV3C_CH587_EVT/EXAM/BLE/LIB/CH587BLE_ROMx.hex	0x00067286	unknown	reserved-ge-192	ffff
2	tmp/wch-evt/evt/QingkeV3C_CH587_EVT/EXAM/BLE/LIB/CH587BLE_ROMx.hex	0x0006728a	unknown	reserved-ge-192	ffff
2	tmp/wch-evt/evt/QingkeV3C_CH587_EVT/EXAM/BLE/LIB/CH587BLE_ROMx.hex	0x0006728e	unknown	reserved-ge-192	ffff
2	tmp/wch-evt/evt/QingkeV3C_CH587_EVT/EXAM/BLE/LIB/CH587BLE_ROMx.hex	0x00067292	unknown	reserved-ge-192	ffff
2	tmp/wch-evt/evt/QingkeV3C_CH587_EVT/EXAM/BLE/LIB/CH587BLE_ROMx.hex	0x00067296	unknown	reserved-ge-192	ffff
2	tmp/wch-evt/evt/QingkeV3C_CH587_EVT/EXAM/BLE/LIB/CH587BLE_ROMx.hex	0x0006729a	unknown	reserved-ge-192	ffff
2	tmp/wch-evt/evt/QingkeV3C_CH587_EVT/EXAM/BLE/LIB/CH587BLE_ROMx.hex	0x0006729e	unknown	reserved-ge-192	ffff
2	tmp/wch-evt/evt/QingkeV3C_CH587_EVT/EXAM/BLE/LIB/CH587BLE_ROMx.hex	0x000672a2	unknown	reserved-ge-192	ffff
2	tmp/wch-evt/evt/QingkeV3C_CH587_EVT/EXAM/BLE/LIB/CH587BLE_ROMx.hex	0x000672a6	unknown	reserved-ge-192	ffff
2	tmp/wch-evt/evt/QingkeV3C_CH587_EVT/EXAM/BLE/LIB/CH587BLE_ROMx.hex	0x000672aa	unknown	reserved-ge-192	ffff
2	tmp/wch-evt/evt/QingkeV3C_CH587_EVT/EXAM/BLE/LIB/CH587BLE_ROMx.hex	0x000672ae	unknown	reserved-ge-192	ffff
2	tmp/wch-evt/evt/QingkeV3C_CH587_EVT/EXAM/BLE/LIB/CH587BLE_ROMx.hex	0x000672b2	unknown	reserved-ge-192	ffff
2	tmp/wch-evt/evt/QingkeV3C_CH587_EVT/EXAM/BLE/LIB/CH587BLE_ROMx.hex	0x000672b6	unknown	reserved-ge-192	ffff
2	tmp/wch-evt/evt/QingkeV3C_CH587_EVT/EXAM/BLE/LIB/CH587BLE_ROMx.hex	0x000672ba	unknown	reserved-ge-192	ffff
2	tmp/wch-evt/evt/QingkeV3C_CH587_EVT/EXAM/BLE/LIB/CH587BLE_ROMx.hex	0x000672be	unknown	reserved-ge-192	ffff
2	tmp/wch-evt/evt/QingkeV3C_CH587_EVT/EXAM/BLE/LIB/CH587BLE_ROMx.hex	0x000672c2	unknown	reserved-ge-192	ffff
2	tmp/wch-evt/evt/QingkeV3C_CH587_EVT/EXAM/BLE/LIB/CH587BLE_ROMx.hex	0x000672c6	unknown	reserved-ge-192	ffff
2	tmp/wch-evt/evt/QingkeV3C_CH587_EVT/EXAM/BLE/LIB/CH587BLE_ROMx.hex	0x000672ca	unknown	reserved-ge-192	ffff
2	tmp/wch-evt/evt/QingkeV3C_CH587_EVT/EXAM/BLE/LIB/CH587BLE_ROMx.hex	0x000672ce	unknown	reserved-ge-192	ffff
2	tmp/wch-evt/evt/QingkeV3C_CH587_EVT/EXAM/BLE/LIB/CH587BLE_ROMx.hex	0x000672d2	unknown	reserved-ge-192	ffff
2	tmp/wch-evt/evt/QingkeV3C_CH587_EVT/EXAM/BLE/LIB/CH587BLE_ROMx.hex	0x000672ea	10	known-prefix	ff00
2	tmp/wch-evt/evt/QingkeV3C_CH587_EVT/EXAM/BLE/LIB/CH587BLE_ROMx.hex	0x000672ee	unknown	reserved-ge-192	ffff
2	tmp/wch-evt/evt/QingkeV3C_CH587_EVT/EXAM/BLE/LIB/CH587BLE_ROMx.hex	0x000672f2	unknown	reserved-ge-192	ffff
2	tmp/wch-evt/evt/QingkeV3C_CH587_EVT/EXAM/BLE/LIB/CH587BLE_ROMx.hex	0x000672f6	unknown	reserved-ge-192	ffff
2	tmp/wch-evt/evt/QingkeV3C_CH587_EVT/EXAM/BLE/LIB/CH587BLE_ROMx.hex	0x000672fa	unknown	reserved-ge-192	ffff
2	tmp/wch-evt/evt/QingkeV3C_CH587_EVT/EXAM/BLE/LIB/CH587BLE_ROMx.hex	0x000672fe	unknown	reserved-ge-192	ffff
2	tmp/wch-evt/evt/QingkeV3C_CH587_EVT/EXAM/BLE/LIB/CH587BLE_ROMx.hex	0x00067302	unknown	reserved-ge-192	ffff
2	tmp/wch-evt/evt/QingkeV3C_CH587_EVT/EXAM/BLE/LIB/CH587BLE_ROMx.hex	0x00067306	unknown	reserved-ge-192	ffff
2	tmp/wch-evt/evt/QingkeV3C_CH587_EVT/EXAM/BLE/LIB/CH587BLE_ROMx.hex	0x000677a8	unknown	reserved-ge-192	ffff
2	tmp/wch-evt/evt/QingkeV3C_CH587_EVT/EXAM/BLE/LIB/CH587BLE_ROMx.hex	0x00067b90	16	known-prefix	ffb8
2	tmp/wch-evt/evt/QingkeV3C_CH587_EVT/EXAM/BLE/LIB/CH587BLE_ROMx.hex	0x00067ce0	14	known-prefix	ffa3
2	tmp/wch-evt/evt/QingkeV3C_CH587_EVT/EXAM/BLE/LIB/CH587BLE_ROMx.hex	0x00067e18	6	known-prefix	5ff8
2	tmp/wch-evt/evt/QingkeV3C_CH587_EVT/EXAM/BLE/LIB/CH587BLE_ROMx.hex	0x00067e32	8	known-prefix	bff6
2	tmp/wch-evt/evt/QingkeV3C_CH587_EVT/EXAM/BLE/LIB/CH587BLE_ROMx.hex	0x00067eb4	6	known-prefix	dff3
2	tmp/wch-evt/evt/QingkeV3C_CH587_EVT/EXAM/BLE/LIB/CH587BLE_ROMx.hex	0x00067f10	6	known-prefix	9fee
2	tmp/wch-evt/evt/QingkeV3C_CH587_EVT/EXAM/BLE/LIB/CH587BLE_ROMx.hex	0x00067f3e	22	known-prefix	ffe9
2	tmp/wch-evt/evt/QingkeV3C_CH587_EVT/EXAM/BLE/LIB/CH587BLE_ROMx.hex	0x00067f92	22	known-prefix	ffe3
2	tmp/wch-evt/evt/QingkeV3C_CH587_EVT/EXAM/BLE/LIB/CH587BLE_ROMx.hex	0x00067fc0	6	known-prefix	5fe3
2	tmp/wch-evt/evt/QingkeV3C_CH587_EVT/EXAM/BLE/LIB/CH587BLE_ROMx.hex	0x00067ff8	6	known-prefix	dfe0
2	tmp/wch-evt/evt/QingkeV3C_CH587_EVT/EXAM/BLE/LIB/CH587BLE_ROMx.hex	0x00068018	6	known-prefix	9fdc
2	tmp/wch-evt/evt/QingkeV3C_CH587_EVT/EXAM/BLE/LIB/CH587BLE_ROMx.hex	0x00068062	6	known-prefix	9fdf
2	tmp/wch-evt/evt/QingkeV3C_CH587_EVT/EXAM/BLE/LIB/CH587BLE_ROMx.hex	0x00068192	8	known-prefix	bfbe
2	tmp/wch-evt/evt/QingkeV3C_CH587_EVT/EXAM/BLE/LIB/CH587BLE_ROMx.hex	0x000681ce	6	known-prefix	9fcd
2	tmp/wch-evt/evt/QingkeV3C_CH587_EVT/EXAM/BLE/LIB/CH587BLE_ROMx.hex	0x00068244	18	known-prefix	7fc5
2	tmp/wch-evt/evt/QingkeV3C_CH587_EVT/EXAM/BLE/LIB/CH587BLE_ROMx.hex	0x00068290	6	known-prefix	dfc0
2	tmp/wch-evt/evt/QingkeV3C_CH587_EVT/EXAM/BLE/LIB/CH587BLE_ROMx.hex	0x000682f0	8	known-prefix	bfbb
2	tmp/wch-evt/evt/QingkeV3C_CH587_EVT/EXAM/BLE/LIB/CH587BLE_ROMx.hex	0x0006832c	16	known-prefix	7fb8
2	tmp/wch-evt/evt/QingkeV3C_CH587_EVT/EXAM/BLE/LIB/CH587BLE_ROMx.hex	0x0006836a	6	known-prefix	dfb4
2	tmp/wch-evt/evt/QingkeV3C_CH587_EVT/EXAM/BLE/LIB/CH587BLE_ROMx.hex	0x00068386	14	known-prefix	7fa1
2	tmp/wch-evt/evt/QingkeV3C_CH587_EVT/EXAM/BLE/LIB/CH587BLE_ROMx.hex	0x000684b4	8	known-prefix	3fb7
2	tmp/wch-evt/evt/QingkeV3C_CH587_EVT/EXAM/BLE/LIB/CH587BLE_ROMx.hex	0x00068598	6	known-prefix	5f83
2	tmp/wch-evt/evt/QingkeV3C_CH587_EVT/EXAM/BLE/LIB/CH587BLE_ROMx.hex	0x00068838	8	known-prefix	3ff8
2	tmp/wch-evt/evt/QingkeV3C_CH587_EVT/EXAM/BLE/LIB/CH587BLE_ROMx.hex	0x000688a6	6	known-prefix	5ff1
2	tmp/wch-evt/evt/QingkeV3C_CH587_EVT/EXAM/BLE/LIB/CH587BLE_ROMx.hex	0x00068a0c	8	known-prefix	3fd1
2	tmp/wch-evt/evt/QingkeV3C_CH587_EVT/EXAM/BLE/LIB/CH587BLE_ROMx.hex	0x00068f6a	18	known-prefix	ffc7
2	tmp/wch-evt/evt/QingkeV3C_CH587_EVT/EXAM/BLE/LIB/CH587BLE_ROMx.hex	0x00068fce	unknown	reserved-ge-192	ffff
2	tmp/wch-evt/evt/QingkeV3C_CH587_EVT/EXAM/BLE/LIB/CH587BLE_ROMx.hex	0x00069168	unknown	reserved-ge-192	fffe
2	tmp/wch-evt/evt/QingkeV3C_CH587_EVT/EXAM/BLE/LIB/CH587BLE_ROMx.hex	0x000693aa	14	known-prefix	ffa5
2	tmp/wch-evt/evt/QingkeV3C_CH587_EVT/EXAM/BLE/LIB/CH587BLE_ROMx.hex	0x000693bc	6	known-prefix	5fdc
2	tmp/wch-evt/evt/QingkeV3C_CH587_EVT/EXAM/BLE/LIB/CH587BLE_ROMx.hex	0x00069426	6	known-prefix	df9b
2	tmp/wch-evt/evt/QingkeV3C_CH587_EVT/EXAM/BLE/LIB/CH587BLE_ROMx.hex	0x0006956e	8	known-prefix	bfb1
2	tmp/wch-evt/evt/QingkeV3C_CH587_EVT/EXAM/BLE/LIB/CH587BLE_ROMx.hex	0x000695aa	8	known-prefix	bfce
2	tmp/wch-evt/evt/QingkeV3C_CH587_EVT/EXAM/BLE/LIB/CH587BLE_ROMx.hex	0x000695fe	unknown	reserved-ge-192	ffff
2	tmp/wch-evt/evt/QingkeV3C_CH587_EVT/EXAM/BLE/LIB/CH587BLE_ROMx.hex	0x0006972a	6	known-prefix	5fff
2	tmp/wch-evt/evt/QingkeV3C_CH587_EVT/EXAM/BLE/LIB/CH587BLE_ROMx.hex	0x000697ac	8	known-prefix	3ff7
2	tmp/wch-evt/evt/QingkeV3C_CH587_EVT/EXAM/BLE/LIB/CH587BLE_ROMx.hex	0x00069936	6	known-prefix	5fec
2	tmp/wch-evt/evt/QingkeV3C_CH587_EVT/EXAM/BLE/LIB/CH587BLE_ROMx.hex	0x000699e2	6	known-prefix	1fcf
2	tmp/wch-evt/evt/QingkeV3C_CH587_EVT/EXAM/BLE/LIB/CH587BLE_ROMx.hex	0x00069a4a	18	known-prefix	ffca
2	tmp/wch-evt/evt/QingkeV3C_CH587_EVT/EXAM/BLE/LIB/CH587BLE_ROMx.hex	0x00069ace	6	known-prefix	1fc5
2	tmp/wch-evt/evt/QingkeV3C_CH587_EVT/EXAM/BLE/LIB/CH587BLE_ROMx.hex	0x00069aec	8	known-prefix	3fc3
2	tmp/wch-evt/evt/QingkeV3C_CH587_EVT/EXAM/BLE/LIB/CH587BLE_ROMx.hex	0x00069b1e	6	known-prefix	1fc0
2	tmp/wch-evt/evt/QingkeV3C_CH587_EVT/EXAM/BLE/LIB/CH587BLE_ROMx.hex	0x00069b54	18	known-prefix	ffce
2	tmp/wch-evt/evt/QingkeV3C_CH587_EVT/EXAM/BLE/LIB/CH587BLE_ROMx.hex	0x00069b5a	6	known-prefix	1fe8
2	tmp/wch-evt/evt/QingkeV3C_CH587_EVT/EXAM/BLE/LIB/CH587BLE_ROMx.hex	0x00069b68	18	known-prefix	7fc9
2	tmp/wch-evt/evt/QingkeV3C_CH587_EVT/EXAM/BLE/LIB/CH587BLE_ROMx.hex	0x00069ee8	16	known-prefix	ffb2
2	tmp/wch-evt/evt/QingkeV3C_CH587_EVT/EXAM/BLE/LIB/CH587BLE_ROMx.hex	0x00069f46	6	known-prefix	5fb1
2	tmp/wch-evt/evt/QingkeV3C_CH587_EVT/EXAM/BLE/LIB/CH587BLE_ROMx.hex	0x0006a006	14	known-prefix	ffad
2	tmp/wch-evt/evt/QingkeV3C_CH587_EVT/EXAM/BLE/LIB/CH587BLE_ROMx.hex	0x0006a02a	6	known-prefix	1fcd
2	tmp/wch-evt/evt/QingkeV3C_CH587_EVT/EXAM/BLE/LIB/CH587BLE_ROMx.hex	0x0006a076	unknown	reserved-ge-192	ffff
2	tmp/wch-evt/evt/QingkeV3C_CH587_EVT/EXAM/BLE/LIB/CH587BLE_ROMx.hex	0x0006a10a	12	known-prefix	ff92
2	tmp/wch-evt/evt/QingkeV3C_CH587_EVT/EXAM/BLE/LIB/CH587BLE_ROMx.hex	0x0006a18c	8	known-prefix	bf91
2	tmp/wch-evt/evt/QingkeV3C_CH587_EVT/EXAM/BLE/LIB/CH587BLE_ROMx.hex	0x0006a5d0	6	known-prefix	1fc7
2	tmp/wch-evt/evt/QingkeV3C_CH587_EVT/EXAM/BLE/LIB/CH587BLE_ROMx.hex	0x0006a7f2	unknown	reserved-ge-192	ffff
2	tmp/wch-evt/evt/QingkeV3C_CH587_EVT/EXAM/BLE/LIB/CH587BLE_ROMx.hex	0x0006a8d8	8	known-prefix	3fe6
2	tmp/wch-evt/evt/QingkeV3C_CH587_EVT/EXAM/BLE/LIB/CH587BLE_ROMx.hex	0x0006a906	8	known-prefix	bfc6
2	tmp/wch-evt/evt/QingkeV3C_CH587_EVT/EXAM/BLE/LIB/CH587BLE_ROMx.hex	0x0006a972	6	known-prefix	1fa3
2	tmp/wch-evt/evt/QingkeV3C_CH587_EVT/EXAM/BLE/LIB/CH587BLE_ROMx.hex	0x0006a97c	6	known-prefix	dfec
2	tmp/wch-evt/evt/QingkeV3C_CH587_EVT/EXAM/BLE/LIB/CH587BLE_ROMx.hex	0x0006aac2	6	known-prefix	9fd3
2	tmp/wch-evt/evt/QingkeV3C_CH587_EVT/EXAM/BLE/LIB/CH587BLE_ROMx.hex	0x0006ac2c	8	known-prefix	bfde
2	tmp/wch-evt/evt/QingkeV3C_CH587_EVT/EXAM/BLE/LIB/CH587BLE_ROMx.hex	0x0006ac94	20	known-prefix	7fdc
2	tmp/wch-evt/evt/QingkeV3C_CH587_EVT/EXAM/BLE/LIB/CH587BLE_ROMx.hex	0x0006ad9c	6	known-prefix	dfc9
2	tmp/wch-evt/evt/QingkeV3C_CH587_EVT/EXAM/BLE/LIB/CH587BLE_ROMx.hex	0x0006aeb8	8	known-prefix	3fe4
2	tmp/wch-evt/evt/QingkeV3C_CH587_EVT/EXAM/BLE/LIB/CH587BLE_ROMx.hex	0x0006af22	6	known-prefix	5fb8
2	tmp/wch-evt/evt/QingkeV3C_CH587_EVT/EXAM/BLE/LIB/CH587BLE_ROMx.hex	0x0006b0bc	6	known-prefix	5fca
2	tmp/wch-evt/evt/QingkeV3C_CH587_EVT/EXAM/BLE/LIB/CH587BLE_ROMx.hex	0x0006b36c	14	known-prefix	ffa3
2	tmp/wch-evt/evt/QingkeV3C_CH587_EVT/EXAM/BLE/LIB/CH587BLE_ROMx.hex	0x0006b774	8	known-prefix	bffa
2	tmp/wch-evt/evt/QingkeV3C_CH587_EVT/EXAM/BLE/LIB/CH587BLE_ROMx.hex	0x0006b7fc	8	known-prefix	3ff2
2	tmp/wch-evt/evt/QingkeV3C_CH587_EVT/EXAM/BLE/LIB/CH587BLE_ROMx.hex	0x0006b868	22	known-prefix	7feb
2	tmp/wch-evt/evt/QingkeV3C_CH587_EVT/EXAM/BLE/LIB/CH587BLE_ROMx.hex	0x0006b8b8	unknown	truncated-or-gap	3fe8
2	tmp/wch-evt/evt/QingkeV3C_CH587_EVT/EXAM/BLE/LIB/CH587BLE_ROMx.hex	0x0006b8d0	12	known-prefix	ff11
2	tmp/wch-evt/evt/QingkeV3C_CH587_EVT/EXAM/BLE/LIB/CH587BLE_ROMx.hex	0x0006b94e	10	known-prefix	ff00
2	tmp/wch-evt/evt/QingkeV3C_CH587_EVT/EXAM/BLE/LIB/CH587BLE_ROMx.hex	0x0006b95a	unknown	reserved-ge-192	ffff
2	tmp/wch-evt/evt/QingkeV3C_CH587_EVT/EXAM/BLE/LIB/CH587BLE_ROMx.hex	0x0006b95c	14	known-prefix	ff20
2	tmp/wch-evt/evt/QingkeV4B_CH32V203_EVT/EXAM/BLE/LIB/wchble_rom.hex	0x00040dce	10	known-prefix	7f81
2	tmp/wch-evt/evt/QingkeV4B_CH32V203_EVT/EXAM/BLE/LIB/wchble_rom.hex	0x00042074	6	known-prefix	9f9c
2	tmp/wch-evt/evt/QingkeV4B_CH32V203_EVT/EXAM/BLE/LIB/wchble_rom.hex	0x00042b02	6	known-prefix	dfb4
2	tmp/wch-evt/evt/QingkeV4B_CH32V203_EVT/EXAM/BLE/LIB/wchble_rom.hex	0x00043126	6	known-prefix	df92
2	tmp/wch-evt/evt/QingkeV4B_CH32V203_EVT/EXAM/BLE/LIB/wchble_rom.hex	0x00043158	8	known-prefix	3fcf
2	tmp/wch-evt/evt/QingkeV4B_CH32V203_EVT/EXAM/BLE/LIB/wchble_rom.hex	0x00043162	8	known-prefix	bfb2
2	tmp/wch-evt/evt/QingkeV4B_CH32V203_EVT/EXAM/BLE/LIB/wchble_rom.hex	0x00045020	8	known-prefix	bf8f
2	tmp/wch-evt/evt/QingkeV4B_CH32V203_EVT/EXAM/BLE/LIB/wchble_rom.hex	0x0004507a	6	known-prefix	1f8a
2	tmp/wch-evt/evt/QingkeV4B_CH32V203_EVT/EXAM/BLE/LIB/wchble_rom.hex	0x000450cc	10	known-prefix	ff84
2	tmp/wch-evt/evt/QingkeV4B_CH32V203_EVT/EXAM/BLE/LIB/wchble_rom.hex	0x00045116	6	known-prefix	5f80
2	tmp/wch-evt/evt/QingkeV4B_CH32V203_EVT/EXAM/BLE/LIB/wchble_rom.hex	0x0004545c	8	known-prefix	bfe3
2	tmp/wch-evt/evt/QingkeV4B_CH32V203_EVT/EXAM/BLE/LIB/wchble_rom.hex	0x000454b6	6	known-prefix	1ff8
2	tmp/wch-evt/evt/QingkeV4B_CH32V203_EVT/EXAM/BLE/LIB/wchble_rom.hex	0x000457c0	6	known-prefix	9fe1
2	tmp/wch-evt/evt/QingkeV4B_CH32V203_EVT/EXAM/BLE/LIB/wchble_rom.hex	0x000459a2	6	known-prefix	5f8f
2	tmp/wch-evt/evt/QingkeV4B_CH32V203_EVT/EXAM/BLE/LIB/wchble_rom.hex	0x00045a38	10	known-prefix	ff85
2	tmp/wch-evt/evt/QingkeV4B_CH32V203_EVT/EXAM/BLE/LIB/wchble_rom.hex	0x00045e02	8	known-prefix	bf8a
2	tmp/wch-evt/evt/QingkeV4B_CH32V203_EVT/EXAM/BLE/LIB/wchble_rom.hex	0x000462be	6	known-prefix	9ffd
2	tmp/wch-evt/evt/QingkeV4B_CH32V203_EVT/EXAM/BLE/LIB/wchble_rom.hex	0x00046366	6	known-prefix	1ff3
2	tmp/wch-evt/evt/QingkeV4B_CH32V203_EVT/EXAM/BLE/LIB/wchble_rom.hex	0x0004640e	6	known-prefix	9fe8
2	tmp/wch-evt/evt/QingkeV4B_CH32V203_EVT/EXAM/BLE/LIB/wchble_rom.hex	0x00046572	6	known-prefix	5fd2
2	tmp/wch-evt/evt/QingkeV4B_CH32V203_EVT/EXAM/BLE/LIB/wchble_rom.hex	0x00046610	18	known-prefix	7fca
2	tmp/wch-evt/evt/QingkeV4B_CH32V203_EVT/EXAM/BLE/LIB/wchble_rom.hex	0x0004670a	16	known-prefix	ffb3
2	tmp/wch-evt/evt/QingkeV4B_CH32V203_EVT/EXAM/BLE/LIB/wchble_rom.hex	0x00046860	14	known-prefix	7fa3
2	tmp/wch-evt/evt/QingkeV4B_CH32V203_EVT/EXAM/BLE/LIB/wchble_rom.hex	0x00046908	8	known-prefix	3fde
2	tmp/wch-evt/evt/QingkeV4B_CH32V203_EVT/EXAM/BLE/LIB/wchble_rom.hex	0x0004699c	6	known-prefix	1f9e
2	tmp/wch-evt/evt/QingkeV4B_CH32V203_EVT/EXAM/BLE/LIB/wchble_rom.hex	0x000469b0	10	known-prefix	7f8e
2	tmp/wch-evt/evt/QingkeV4B_CH32V203_EVT/EXAM/BLE/LIB/wchble_rom.hex	0x000469cc	14	known-prefix	ffa4
2	tmp/wch-evt/evt/QingkeV4B_CH32V203_EVT/EXAM/BLE/LIB/wchble_rom.hex	0x00046a72	6	known-prefix	9fc7
2	tmp/wch-evt/evt/QingkeV4B_CH32V203_EVT/EXAM/BLE/LIB/wchble_rom.hex	0x00046c54	8	known-prefix	3fb6
2	tmp/wch-evt/evt/QingkeV4B_CH32V203_EVT/EXAM/BLE/LIB/wchble_rom.hex	0x00046cb0	6	known-prefix	dff0
2	tmp/wch-evt/evt/QingkeV4B_CH32V203_EVT/EXAM/BLE/LIB/wchble_rom.hex	0x00046d48	6	known-prefix	9ff2
2	tmp/wch-evt/evt/QingkeV4B_CH32V203_EVT/EXAM/BLE/LIB/wchble_rom.hex	0x00046d5e	8	known-prefix	bff5
2	tmp/wch-evt/evt/QingkeV4B_CH32V203_EVT/EXAM/BLE/LIB/wchble_rom.hex	0x00047066	6	known-prefix	1ffd
2	tmp/wch-evt/evt/QingkeV4B_CH32V203_EVT/EXAM/BLE/LIB/wchble_rom.hex	0x00047282	6	known-prefix	5fdb
2	tmp/wch-evt/evt/QingkeV4B_CH32V203_EVT/EXAM/BLE/LIB/wchble_rom.hex	0x000473b4	8	known-prefix	3fee
2	tmp/wch-evt/evt/QingkeV4B_CH32V203_EVT/EXAM/BLE/LIB/wchble_rom.hex	0x0004740a	6	known-prefix	dfe8
2	tmp/wch-evt/evt/QingkeV4B_CH32V203_EVT/EXAM/BLE/LIB/wchble_rom.hex	0x0004756a	6	known-prefix	dfd2
2	tmp/wch-evt/evt/QingkeV4B_CH32V203_EVT/EXAM/BLE/LIB/wchble_rom.hex	0x00047608	14	known-prefix	ffa2
2	tmp/wch-evt/evt/QingkeV4B_CH32V203_EVT/EXAM/BLE/LIB/wchble_rom.hex	0x000476a6	6	known-prefix	1f99
2	tmp/wch-evt/evt/QingkeV4B_CH32V203_EVT/EXAM/BLE/LIB/wchble_rom.hex	0x00047750	16	known-prefix	7fb4
2	tmp/wch-evt/evt/QingkeV4B_CH32V203_EVT/EXAM/BLE/LIB/wchble_rom.hex	0x000477b2	6	known-prefix	5f88
2	tmp/wch-evt/evt/QingkeV4B_CH32V203_EVT/EXAM/BLE/LIB/wchble_rom.hex	0x00047854	8	known-prefix	3fa4
2	tmp/wch-evt/evt/QingkeV4B_CH32V203_EVT/EXAM/BLE/LIB/wchble_rom.hex	0x00047a70	10	known-prefix	7f82
2	tmp/wch-evt/evt/QingkeV4B_CH32V203_EVT/EXAM/BLE/LIB/wchble_rom.hex	0x00047b2e	6	known-prefix	5f99
2	tmp/wch-evt/evt/QingkeV4B_CH32V203_EVT/EXAM/BLE/LIB/wchble_rom.hex	0x00047b74	8	known-prefix	3fec
2	tmp/wch-evt/evt/QingkeV4B_CH32V203_EVT/EXAM/BLE/LIB/wchble_rom.hex	0x00047b7c	12	known-prefix	7f94
2	tmp/wch-evt/evt/QingkeV4B_CH32V203_EVT/EXAM/BLE/LIB/wchble_rom.hex	0x00047ccc	6	known-prefix	5f83
2	tmp/wch-evt/evt/QingkeV4B_CH32V203_EVT/EXAM/BLE/LIB/wchble_rom.hex	0x00047e96	10	known-prefix	7f81
2	tmp/wch-evt/evt/QingkeV4B_CH32V203_EVT/EXAM/BLE/LIB/wchble_rom.hex	0x0004808e	6	known-prefix	9ffa
2	tmp/wch-evt/evt/QingkeV4B_CH32V203_EVT/EXAM/BLE/LIB/wchble_rom.hex	0x00048098	unknown	reserved-ge-192	fff9
2	tmp/wch-evt/evt/QingkeV4B_CH32V203_EVT/EXAM/BLE/LIB/wchble_rom.hex	0x000480a2	6	known-prefix	5ff9
2	tmp/wch-evt/evt/QingkeV4B_CH32V203_EVT/EXAM/BLE/LIB/wchble_rom.hex	0x000480c4	8	known-prefix	3ff7
2	tmp/wch-evt/evt/QingkeV4B_CH32V203_EVT/EXAM/BLE/LIB/wchble_rom.hex	0x000480ce	6	known-prefix	9ff6
2	tmp/wch-evt/evt/QingkeV4B_CH32V203_EVT/EXAM/BLE/LIB/wchble_rom.hex	0x000480d8	unknown	reserved-ge-192	fff5
2	tmp/wch-evt/evt/QingkeV4B_CH32V203_EVT/EXAM/BLE/LIB/wchble_rom.hex	0x000480e2	6	known-prefix	5ff5
2	tmp/wch-evt/evt/QingkeV4B_CH32V203_EVT/EXAM/BLE/LIB/wchble_rom.hex	0x00048178	22	known-prefix	ffeb
2	tmp/wch-evt/evt/QingkeV4B_CH32V203_EVT/EXAM/BLE/LIB/wchble_rom.hex	0x00048180	22	known-prefix	7feb
2	tmp/wch-evt/evt/QingkeV4B_CH32V203_EVT/EXAM/BLE/LIB/wchble_rom.hex	0x00048194	8	known-prefix	3fea
2	tmp/wch-evt/evt/QingkeV4B_CH32V203_EVT/EXAM/BLE/LIB/wchble_rom.hex	0x0004819c	8	known-prefix	bfe9
2	tmp/wch-evt/evt/QingkeV4B_CH32V203_EVT/EXAM/BLE/LIB/wchble_rom.hex	0x000481a4	8	known-prefix	3fe9
2	tmp/wch-evt/evt/QingkeV4B_CH32V203_EVT/EXAM/BLE/LIB/wchble_rom.hex	0x000481ac	8	known-prefix	bfe8
2	tmp/wch-evt/evt/QingkeV4B_CH32V203_EVT/EXAM/BLE/LIB/wchble_rom.hex	0x000481b4	8	known-prefix	3fe8
2	tmp/wch-evt/evt/QingkeV4B_CH32V203_EVT/EXAM/BLE/LIB/wchble_rom.hex	0x000481bc	8	known-prefix	bfe7
2	tmp/wch-evt/evt/QingkeV4B_CH32V203_EVT/EXAM/BLE/LIB/wchble_rom.hex	0x000481c6	6	known-prefix	1fe7
2	tmp/wch-evt/evt/QingkeV4B_CH32V203_EVT/EXAM/BLE/LIB/wchble_rom.hex	0x000481d0	22	known-prefix	7fe6
2	tmp/wch-evt/evt/QingkeV4B_CH32V203_EVT/EXAM/BLE/LIB/wchble_rom.hex	0x00048274	6	known-prefix	9f94
2	tmp/wch-evt/evt/QingkeV4B_CH32V203_EVT/EXAM/BLE/LIB/wchble_rom.hex	0x000482be	8	known-prefix	3f9b
2	tmp/wch-evt/evt/QingkeV4B_CH32V203_EVT/EXAM/BLE/LIB/wchble_rom.hex	0x000482d4	6	known-prefix	5f9e
2	tmp/wch-evt/evt/QingkeV4B_CH32V203_EVT/EXAM/BLE/LIB/wchble_rom.hex	0x00048344	8	known-prefix	3ff5
2	tmp/wch-evt/evt/QingkeV4B_CH32V203_EVT/EXAM/BLE/LIB/wchble_rom.hex	0x0004838a	6	known-prefix	dff0
2	tmp/wch-evt/evt/QingkeV4B_CH32V203_EVT/EXAM/BLE/LIB/wchble_rom.hex	0x00048438	6	known-prefix	df99
2	tmp/wch-evt/evt/QingkeV4B_CH32V203_EVT/EXAM/BLE/LIB/wchble_rom.hex	0x0004843e	6	known-prefix	9fbf
2	tmp/wch-evt/evt/QingkeV4B_CH32V203_EVT/EXAM/BLE/LIB/wchble_rom.hex	0x000484ae	6	known-prefix	9fb8
2	tmp/wch-evt/evt/QingkeV4B_CH32V203_EVT/EXAM/BLE/LIB/wchble_rom.hex	0x000484e8	8	known-prefix	3fc2
2	tmp/wch-evt/evt/QingkeV4B_CH32V203_EVT/EXAM/BLE/LIB/wchble_rom.hex	0x000484f0	8	known-prefix	3fb7
2	tmp/wch-evt/evt/QingkeV4B_CH32V203_EVT/EXAM/BLE/LIB/wchble_rom.hex	0x00048656	6	known-prefix	1fc4
2	tmp/wch-evt/evt/QingkeV4B_CH32V203_EVT/EXAM/BLE/LIB/wchble_rom.hex	0x00048676	6	known-prefix	df9e
2	tmp/wch-evt/evt/QingkeV4B_CH32V203_EVT/EXAM/BLE/LIB/wchble_rom.hex	0x0004869a	6	known-prefix	df9e
2	tmp/wch-evt/evt/QingkeV4B_CH32V203_EVT/EXAM/BLE/LIB/wchble_rom.hex	0x000486cc	8	known-prefix	bf9e
2	tmp/wch-evt/evt/QingkeV4B_CH32V203_EVT/EXAM/BLE/LIB/wchble_rom.hex	0x00048bf6	6	known-prefix	df89
2	tmp/wch-evt/evt/QingkeV4B_CH32V203_EVT/EXAM/BLE/LIB/wchble_rom.hex	0x00048c08	22	known-prefix	ffe2
2	tmp/wch-evt/evt/QingkeV4B_CH32V203_EVT/EXAM/BLE/LIB/wchble_rom.hex	0x00048cb2	20	known-prefix	ffd0
2	tmp/wch-evt/evt/QingkeV4B_CH32V203_EVT/EXAM/BLE/LIB/wchble_rom.hex	0x00048e66	6	known-prefix	1f95
2	tmp/wch-evt/evt/QingkeV4B_CH32V203_EVT/EXAM/BLE/LIB/wchble_rom.hex	0x00048ea6	8	known-prefix	bfb1
2	tmp/wch-evt/evt/QingkeV4B_CH32V203_EVT/EXAM/BLE/LIB/wchble_rom.hex	0x0004903a	6	known-prefix	dfff
2	tmp/wch-evt/evt/QingkeV4B_CH32V203_EVT/EXAM/BLE/LIB/wchble_rom.hex	0x00049044	8	known-prefix	3fff
2	tmp/wch-evt/evt/QingkeV4B_CH32V203_EVT/EXAM/BLE/LIB/wchble_rom.hex	0x00049066	8	known-prefix	bfd1
2	tmp/wch-evt/evt/QingkeV4B_CH32V203_EVT/EXAM/BLE/LIB/wchble_rom.hex	0x00049652	6	known-prefix	1fb4
2	tmp/wch-evt/evt/QingkeV4B_CH32V203_EVT/EXAM/BLE/LIB/wchble_rom.hex	0x00049c64	6	known-prefix	9f9f
2	tmp/wch-evt/evt/QingkeV4B_CH32V203_EVT/EXAM/BLE/LIB/wchble_rom.hex	0x00049c84	6	known-prefix	9f9d
2	tmp/wch-evt/evt/QingkeV4B_CH32V203_EVT/EXAM/BLE/LIB/wchble_rom.hex	0x00049c96	12	known-prefix	7f9c
2	tmp/wch-evt/evt/QingkeV4B_CH32V203_EVT/EXAM/BLE/LIB/wchble_rom.hex	0x00049ca4	12	known-prefix	ff91
2	tmp/wch-evt/evt/QingkeV4B_CH32V203_EVT/EXAM/BLE/LIB/wchble_rom.hex	0x00049cb8	6	known-prefix	5f9a
2	tmp/wch-evt/evt/QingkeV4B_CH32V203_EVT/EXAM/BLE/LIB/wchble_rom.hex	0x00049cc6	6	known-prefix	df8f
2	tmp/wch-evt/evt/QingkeV4B_CH32V203_EVT/EXAM/BLE/LIB/wchble_rom.hex	0x00049cdc	6	known-prefix	1f98
2	tmp/wch-evt/evt/QingkeV4B_CH32V203_EVT/EXAM/BLE/LIB/wchble_rom.hex	0x00049cea	6	known-prefix	9f8d
2	tmp/wch-evt/evt/QingkeV4B_CH32V203_EVT/EXAM/BLE/LIB/wchble_rom.hex	0x00049d22	22	known-prefix	7fea
2	tmp/wch-evt/evt/QingkeV4B_CH32V203_EVT/EXAM/BLE/LIB/wchble_rom.hex	0x00049d6e	8	known-prefix	3ff3
2	tmp/wch-evt/evt/QingkeV4B_CH32V203_EVT/EXAM/BLE/LIB/wchble_rom.hex	0x00049dd8	8	known-prefix	3fdc
2	tmp/wch-evt/evt/QingkeV4B_CH32V203_EVT/EXAM/BLE/LIB/wchble_rom.hex	0x00049e3a	8	known-prefix	bfda
2	tmp/wch-evt/evt/QingkeV4B_CH32V203_EVT/EXAM/BLE/LIB/wchble_rom.hex	0x00049fbc	12	known-prefix	7f94
2	tmp/wch-evt/evt/QingkeV4B_CH32V203_EVT/EXAM/BLE/LIB/wchble_rom.hex	0x00049fdc	14	known-prefix	7fac
2	tmp/wch-evt/evt/QingkeV4B_CH32V203_EVT/EXAM/BLE/LIB/wchble_rom.hex	0x0004a036	14	known-prefix	ffac
2	tmp/wch-evt/evt/QingkeV4B_CH32V203_EVT/EXAM/BLE/LIB/wchble_rom.hex	0x0004a078	8	known-prefix	3fd2
2	tmp/wch-evt/evt/QingkeV4B_CH32V203_EVT/EXAM/BLE/LIB/wchble_rom.hex	0x0004a0ae	16	known-prefix	7fbc
2	tmp/wch-evt/evt/QingkeV4B_CH32V203_EVT/EXAM/BLE/LIB/wchble_rom.hex	0x0004a0dc	18	known-prefix	ffcb
2	tmp/wch-evt/evt/QingkeV4B_CH32V203_EVT/EXAM/BLE/LIB/wchble_rom.hex	0x0004a100	6	known-prefix	1f98
2	tmp/wch-evt/evt/QingkeV4B_CH32V203_EVT/EXAM/BLE/LIB/wchble_rom.hex	0x0004a144	18	known-prefix	7fc5
2	tmp/wch-evt/evt/QingkeV4B_CH32V203_EVT/EXAM/BLE/LIB/wchble_rom.hex	0x0004a18a	8	known-prefix	bfd5
2	tmp/wch-evt/evt/QingkeV4B_CH32V203_EVT/EXAM/BLE/LIB/wchble_rom.hex	0x0004a1a2	6	known-prefix	1fb6
2	tmp/wch-evt/evt/QingkeV4B_CH32V203_EVT/EXAM/BLE/LIB/wchble_rom.hex	0x0004a1a6	6	known-prefix	dfb5
2	tmp/wch-evt/evt/QingkeV4B_CH32V203_EVT/EXAM/BLE/LIB/wchble_rom.hex	0x0004a1aa	6	known-prefix	1fc7
2	tmp/wch-evt/evt/QingkeV4B_CH32V203_EVT/EXAM/BLE/LIB/wchble_rom.hex	0x0004a1ae	6	known-prefix	dfc6
2	tmp/wch-evt/evt/QingkeV4B_CH32V203_EVT/EXAM/BLE/LIB/wchble_rom.hex	0x0004a1d2	14	known-prefix	ffa2
2	tmp/wch-evt/evt/QingkeV4B_CH32V203_EVT/EXAM/BLE/LIB/wchble_rom.hex	0x0004a202	6	known-prefix	9fb9
2	tmp/wch-evt/evt/QingkeV4B_CH32V203_EVT/EXAM/BLE/LIB/wchble_rom.hex	0x0004a228	6	known-prefix	9fa7
2	tmp/wch-evt/evt/QingkeV4B_CH32V203_EVT/EXAM/BLE/LIB/wchble_rom.hex	0x0004a23e	6	known-prefix	1fb1
2	tmp/wch-evt/evt/QingkeV4B_CH32V203_EVT/EXAM/BLE/LIB/wchble_rom.hex	0x0004a274	6	known-prefix	dfa2
2	tmp/wch-evt/evt/QingkeV4B_CH32V203_EVT/EXAM/BLE/LIB/wchble_rom.hex	0x0004a2e2	8	known-prefix	3fc0
2	tmp/wch-evt/evt/QingkeV4B_CH32V203_EVT/EXAM/BLE/LIB/wchble_rom.hex	0x0004a4dc	6	known-prefix	9fe1
2	tmp/wch-evt/evt/QingkeV4B_CH32V203_EVT/EXAM/BLE/LIB/wchble_rom.hex	0x0004a4fe	10	known-prefix	ff83
2	tmp/wch-evt/evt/QingkeV4B_CH32V203_EVT/EXAM/BLE/LIB/wchble_rom.hex	0x0004a542	10	known-prefix	7f83
2	tmp/wch-evt/evt/QingkeV4B_CH32V203_EVT/EXAM/BLE/LIB/wchble_rom.hex	0x0004a628	8	known-prefix	3fe9
2	tmp/wch-evt/evt/QingkeV4B_CH32V203_EVT/EXAM/BLE/LIB/wchble_rom.hex	0x0004a668	6	known-prefix	5fff
2	tmp/wch-evt/evt/QingkeV4B_CH32V203_EVT/EXAM/BLE/LIB/wchble_rom.hex	0x0004a6b6	6	known-prefix	5fe0
2	tmp/wch-evt/evt/QingkeV4B_CH32V203_EVT/EXAM/BLE/LIB/wchble_rom.hex	0x0004a778	8	known-prefix	3fd4
2	tmp/wch-evt/evt/QingkeV4B_CH32V203_EVT/EXAM/BLE/LIB/wchble_rom.hex	0x0004a802	8	known-prefix	3faf
2	tmp/wch-evt/evt/QingkeV4B_CH32V203_EVT/EXAM/BLE/LIB/wchble_rom.hex	0x0004a876	6	known-prefix	5fdf
2	tmp/wch-evt/evt/QingkeV4B_CH32V203_EVT/EXAM/BLE/LIB/wchble_rom.hex	0x0004a8de	22	known-prefix	7fe5
2	tmp/wch-evt/evt/QingkeV4B_CH32V203_EVT/EXAM/BLE/LIB/wchble_rom.hex	0x0004a960	6	known-prefix	9f8e
2	tmp/wch-evt/evt/QingkeV4B_CH32V203_EVT/EXAM/BLE/LIB/wchble_rom.hex	0x0004a9a6	6	known-prefix	dffb
2	tmp/wch-evt/evt/QingkeV4B_CH32V203_EVT/EXAM/BLE/LIB/wchble_rom.hex	0x0004aa8e	16	known-prefix	ffbc
2	tmp/wch-evt/evt/QingkeV4B_CH32V203_EVT/EXAM/BLE/LIB/wchble_rom.hex	0x0004aaaa	6	known-prefix	1fc1
2	tmp/wch-evt/evt/QingkeV4B_CH32V203_EVT/EXAM/BLE/LIB/wchble_rom.hex	0x0004ab18	8	known-prefix	3fba
2	tmp/wch-evt/evt/QingkeV4B_CH32V203_EVT/EXAM/BLE/LIB/wchble_rom.hex	0x0004ab30	8	known-prefix	bfb8
2	tmp/wch-evt/evt/QingkeV4B_CH32V203_EVT/EXAM/BLE/LIB/wchble_rom.hex	0x0004ab44	16	known-prefix	7fb7
2	tmp/wch-evt/evt/QingkeV4B_CH32V203_EVT/EXAM/BLE/LIB/wchble_rom.hex	0x0004ab58	8	known-prefix	3fb6
2	tmp/wch-evt/evt/QingkeV4B_CH32V203_EVT/EXAM/BLE/LIB/wchble_rom.hex	0x0004acd8	6	known-prefix	dff0
2	tmp/wch-evt/evt/QingkeV4B_CH32V203_EVT/EXAM/BLE/LIB/wchble_rom.hex	0x0004ad40	6	known-prefix	5fea
2	tmp/wch-evt/evt/QingkeV4B_CH32V203_EVT/EXAM/BLE/LIB/wchble_rom.hex	0x0004ae10	6	known-prefix	5fcf
2	tmp/wch-evt/evt/QingkeV4B_CH32V203_EVT/EXAM/BLE/LIB/wchble_rom.hex	0x0004ae1c	6	known-prefix	1f84
2	tmp/wch-evt/evt/QingkeV4B_CH32V203_EVT/EXAM/BLE/LIB/wchble_rom.hex	0x0004aed6	12	known-prefix	7f92
2	tmp/wch-evt/evt/QingkeV4B_CH32V203_EVT/EXAM/BLE/LIB/wchble_rom.hex	0x0004aef2	8	known-prefix	3fcf
2	tmp/wch-evt/evt/QingkeV4B_CH32V203_EVT/EXAM/BLE/LIB/wchble_rom.hex	0x0004af74	6	known-prefix	1fd0
2	tmp/wch-evt/evt/QingkeV4B_CH32V203_EVT/EXAM/BLE/LIB/wchble_rom.hex	0x0004afc6	6	known-prefix	5fe0
2	tmp/wch-evt/evt/QingkeV4B_CH32V203_EVT/EXAM/BLE/LIB/wchble_rom.hex	0x0004afe8	6	known-prefix	dfef
2	tmp/wch-evt/evt/QingkeV4B_CH32V203_EVT/EXAM/BLE/LIB/wchble_rom.hex	0x0004aff2	6	known-prefix	5fe7
2	tmp/wch-evt/evt/QingkeV4B_CH32V203_EVT/EXAM/BLE/LIB/wchble_rom.hex	0x0004b004	6	known-prefix	1fee
2	tmp/wch-evt/evt/QingkeV4B_CH32V203_EVT/EXAM/BLE/LIB/wchble_rom.hex	0x0004b00a	8	known-prefix	bfbd
2	tmp/wch-evt/evt/QingkeV4B_CH32V203_EVT/EXAM/BLE/LIB/wchble_rom.hex	0x0004b01c	22	known-prefix	ffe2
2	tmp/wch-evt/evt/QingkeV4B_CH32V203_EVT/EXAM/BLE/LIB/wchble_rom.hex	0x0004b02e	6	known-prefix	df9a
2	tmp/wch-evt/evt/QingkeV4B_CH32V203_EVT/EXAM/BLE/LIB/wchble_rom.hex	0x0004b040	6	known-prefix	9fe7
2	tmp/wch-evt/evt/QingkeV4B_CH32V203_EVT/EXAM/BLE/LIB/wchble_rom.hex	0x0004b052	6	known-prefix	1fed
2	tmp/wch-evt/evt/QingkeV4B_CH32V203_EVT/EXAM/BLE/LIB/wchble_rom.hex	0x0004b0b2	8	known-prefix	3fe3
2	tmp/wch-evt/evt/QingkeV4B_CH32V203_EVT/EXAM/BLE/LIB/wchble_rom.hex	0x0004b0bc	8	known-prefix	bfda
2	tmp/wch-evt/evt/QingkeV4B_CH32V203_EVT/EXAM/BLE/LIB/wchble_rom.hex	0x0004b144	22	known-prefix	7fe2
2	tmp/wch-evt/evt/QingkeV4B_CH32V203_EVT/EXAM/BLE/LIB/wchble_rom.hex	0x0004b162	18	known-prefix	7fc2
2	tmp/wch-evt/evt/QingkeV4B_CH32V203_EVT/EXAM/BLE/LIB/wchble_rom.hex	0x0004b176	20	known-prefix	ffd6
2	tmp/wch-evt/evt/QingkeV4B_CH32V203_EVT/EXAM/BLE/LIB/wchble_rom.hex	0x0004b23e	12	known-prefix	7f9a
2	tmp/wch-evt/evt/QingkeV4B_CH32V203_EVT/EXAM/BLE/LIB/wchble_rom.hex	0x0004b274	20	known-prefix	ffd2
2	tmp/wch-evt/evt/QingkeV4B_CH32V203_EVT/EXAM/BLE/LIB/wchble_rom.hex	0x0004b28c	6	known-prefix	9fc5
2	tmp/wch-evt/evt/QingkeV4B_CH32V203_EVT/EXAM/BLE/LIB/wchble_rom.hex	0x0004b298	16	known-prefix	ffbc
2	tmp/wch-evt/evt/QingkeV4B_CH32V203_EVT/EXAM/BLE/LIB/wchble_rom.hex	0x0004b318	unknown	reserved-ge-192	fff6
2	tmp/wch-evt/evt/QingkeV4B_CH32V203_EVT/EXAM/BLE/LIB/wchble_rom.hex	0x0004b3c4	6	known-prefix	1fb2
2	tmp/wch-evt/evt/QingkeV4B_CH32V203_EVT/EXAM/BLE/LIB/wchble_rom.hex	0x0004b4f4	8	known-prefix	bfe8
2	tmp/wch-evt/evt/QingkeV4B_CH32V203_EVT/EXAM/BLE/LIB/wchble_rom.hex	0x0004b516	6	known-prefix	9fe6
2	tmp/wch-evt/evt/QingkeV4B_CH32V203_EVT/EXAM/BLE/LIB/wchble_rom.hex	0x0004b522	6	known-prefix	dfe5
2	tmp/wch-evt/evt/QingkeV4B_CH32V203_EVT/EXAM/BLE/LIB/wchble_rom.hex	0x0004b568	6	known-prefix	9ff8
2	tmp/wch-evt/evt/QingkeV4B_CH32V203_EVT/EXAM/BLE/LIB/wchble_rom.hex	0x0004b580	unknown	reserved-ge-192	7ff8
2	tmp/wch-evt/evt/QingkeV4B_CH32V203_EVT/EXAM/BLE/LIB/wchble_rom.hex	0x0004b5c6	6	known-prefix	9ff7
2	tmp/wch-evt/evt/QingkeV4B_CH32V203_EVT/EXAM/BLE/LIB/wchble_rom.hex	0x0004b622	6	known-prefix	5fc7
2	tmp/wch-evt/evt/QingkeV4B_CH32V203_EVT/EXAM/BLE/LIB/wchble_rom.hex	0x0004b648	6	known-prefix	9fea
2	tmp/wch-evt/evt/QingkeV4B_CH32V203_EVT/EXAM/BLE/LIB/wchble_rom.hex	0x0004b70a	6	known-prefix	1ffe
2	tmp/wch-evt/evt/QingkeV4B_CH32V203_EVT/EXAM/BLE/LIB/wchble_rom.hex	0x0004b81c	6	known-prefix	dffd
2	tmp/wch-evt/evt/QingkeV4B_CH32V203_EVT/EXAM/BLE/LIB/wchble_rom.hex	0x0004b832	unknown	reserved-ge-192	7ffc
2	tmp/wch-evt/evt/QingkeV4B_CH32V203_EVT/EXAM/BLE/LIB/wchble_rom.hex	0x0004b84e	6	known-prefix	1ffe
2	tmp/wch-evt/evt/QingkeV4B_CH32V203_EVT/EXAM/BLE/LIB/wchble_rom.hex	0x0004b902	6	known-prefix	1ff7
2	tmp/wch-evt/evt/QingkeV4B_CH32V203_EVT/EXAM/BLE/LIB/wchble_rom.hex	0x0004b9b2	6	known-prefix	5ff7
2	tmp/wch-evt/evt/QingkeV4B_CH32V203_EVT/EXAM/BLE/LIB/wchble_rom.hex	0x0004ba42	6	known-prefix	5fee
2	tmp/wch-evt/evt/QingkeV4B_CH32V203_EVT/EXAM/BLE/LIB/wchble_rom.hex	0x0004bb2a	6	known-prefix	9fe3
2	tmp/wch-evt/evt/QingkeV4B_CH32V203_EVT/EXAM/BLE/LIB/wchble_rom.hex	0x0004bbf0	8	known-prefix	bfaf
2	tmp/wch-evt/evt/QingkeV4B_CH32V203_EVT/EXAM/BLE/LIB/wchble_rom.hex	0x0004bc48	12	known-prefix	7f98
2	tmp/wch-evt/evt/QingkeV4B_CH32V203_EVT/EXAM/BLE/LIB/wchble_rom.hex	0x0004bc7e	8	known-prefix	bfa3
2	tmp/wch-evt/evt/QingkeV4B_CH32V203_EVT/EXAM/BLE/LIB/wchble_rom.hex	0x0004bca6	14	known-prefix	7fa7
2	tmp/wch-evt/evt/QingkeV4B_CH32V203_EVT/EXAM/BLE/LIB/wchble_rom.hex	0x0004bcba	8	known-prefix	3ff0
2	tmp/wch-evt/evt/QingkeV4B_CH32V203_EVT/EXAM/BLE/LIB/wchble_rom.hex	0x0004bccc	6	known-prefix	1f9a
2	tmp/wch-evt/evt/QingkeV4B_CH32V203_EVT/EXAM/BLE/LIB/wchble_rom.hex	0x0004bd2c	6	known-prefix	1fe9
2	tmp/wch-evt/evt/QingkeV4B_CH32V203_EVT/EXAM/BLE/LIB/wchble_rom.hex	0x0004bd68	6	known-prefix	5fe5
2	tmp/wch-evt/evt/QingkeV4B_CH32V203_EVT/EXAM/BLE/LIB/wchble_rom.hex	0x0004bd9c	8	known-prefix	bf96
2	tmp/wch-evt/evt/QingkeV4B_CH32V203_EVT/EXAM/BLE/LIB/wchble_rom.hex	0x0004bdcc	6	known-prefix	df8e
2	tmp/wch-evt/evt/QingkeV4B_CH32V203_EVT/EXAM/BLE/LIB/wchble_rom.hex	0x0004bdd6	8	known-prefix	3f8e
2	tmp/wch-evt/evt/QingkeV4B_CH32V203_EVT/EXAM/BLE/LIB/wchble_rom.hex	0x0004be9c	6	known-prefix	1fd2
2	tmp/wch-evt/evt/QingkeV4B_CH32V203_EVT/EXAM/BLE/LIB/wchble_rom.hex	0x0004bec6	6	known-prefix	1f84
2	tmp/wch-evt/evt/QingkeV4B_CH32V203_EVT/EXAM/BLE/LIB/wchble_rom.hex	0x0004bf6a	6	known-prefix	5f8c
2	tmp/wch-evt/evt/QingkeV4B_CH32V203_EVT/EXAM/BLE/LIB/wchble_rom.hex	0x0004c06c	6	known-prefix	5ff3
2	tmp/wch-evt/evt/QingkeV4B_CH32V203_EVT/EXAM/BLE/LIB/wchble_rom.hex	0x0004c09e	8	known-prefix	3ff0
2	tmp/wch-evt/evt/QingkeV4B_CH32V203_EVT/EXAM/BLE/LIB/wchble_rom.hex	0x0004c0cc	6	known-prefix	5fed
2	tmp/wch-evt/evt/QingkeV4B_CH32V203_EVT/EXAM/BLE/LIB/wchble_rom.hex	0x0004c136	8	known-prefix	bfe6
2	tmp/wch-evt/evt/QingkeV4B_CH32V203_EVT/EXAM/BLE/LIB/wchble_rom.hex	0x0004c170	8	known-prefix	bfd3
2	tmp/wch-evt/evt/QingkeV4B_CH32V203_EVT/EXAM/BLE/LIB/wchble_rom.hex	0x0004c17e	6	known-prefix	1ffd
2	tmp/wch-evt/evt/QingkeV4B_CH32V203_EVT/EXAM/BLE/LIB/wchble_rom.hex	0x0004c29a	6	known-prefix	1ff9
2	tmp/wch-evt/evt/QingkeV4B_CH32V203_EVT/EXAM/BLE/LIB/wchble_rom.hex	0x0004c35e	unknown	reserved-ge-192	7ff7
2	tmp/wch-evt/evt/QingkeV4B_CH32V203_EVT/EXAM/BLE/LIB/wchble_rom.hex	0x0004c3e8	unknown	reserved-ge-192	7ff8
2	tmp/wch-evt/evt/QingkeV4B_CH32V203_EVT/EXAM/BLE/LIB/wchble_rom.hex	0x0004c428	6	known-prefix	9fb7
2	tmp/wch-evt/evt/QingkeV4B_CH32V203_EVT/EXAM/BLE/LIB/wchble_rom.hex	0x0004c650	6	known-prefix	9fda
2	tmp/wch-evt/evt/QingkeV4B_CH32V203_EVT/EXAM/BLE/LIB/wchble_rom.hex	0x0004c71c	6	known-prefix	5fdd
2	tmp/wch-evt/evt/QingkeV4B_CH32V203_EVT/EXAM/BLE/LIB/wchble_rom.hex	0x0004c7a2	12	known-prefix	7f94
2	tmp/wch-evt/evt/QingkeV4B_CH32V203_EVT/EXAM/BLE/LIB/wchble_rom.hex	0x0004c81a	6	known-prefix	1fc9
2	tmp/wch-evt/evt/QingkeV4B_CH32V203_EVT/EXAM/BLE/LIB/wchble_rom.hex	0x0004c840	6	known-prefix	5fab
2	tmp/wch-evt/evt/QingkeV4B_CH32V203_EVT/EXAM/BLE/LIB/wchble_rom.hex	0x0004c8b4	6	known-prefix	9ff4
2	tmp/wch-evt/evt/QingkeV4B_CH32V203_EVT/EXAM/BLE/LIB/wchble_rom.hex	0x0004c910	8	known-prefix	bfb9
2	tmp/wch-evt/evt/QingkeV4B_CH32V203_EVT/EXAM/BLE/LIB/wchble_rom.hex	0x0004c922	14	known-prefix	7fad
2	tmp/wch-evt/evt/QingkeV4B_CH32V203_EVT/EXAM/BLE/LIB/wchble_rom.hex	0x0004c966	12	known-prefix	ff98
2	tmp/wch-evt/evt/QingkeV4B_CH32V203_EVT/EXAM/BLE/LIB/wchble_rom.hex	0x0004ca24	8	known-prefix	bfe0
2	tmp/wch-evt/evt/QingkeV4B_CH32V203_EVT/EXAM/BLE/LIB/wchble_rom.hex	0x0004ca48	20	known-prefix	7fde
2	tmp/wch-evt/evt/QingkeV4B_CH32V203_EVT/EXAM/BLE/LIB/wchble_rom.hex	0x0004ca62	6	known-prefix	dfdc
2	tmp/wch-evt/evt/QingkeV4B_CH32V203_EVT/EXAM/BLE/LIB/wchble_rom.hex	0x0004caf0	6	known-prefix	5ff2
2	tmp/wch-evt/evt/QingkeV4B_CH32V203_EVT/EXAM/BLE/LIB/wchble_rom.hex	0x0004cb34	6	known-prefix	1fee
2	tmp/wch-evt/evt/QingkeV4B_CH32V203_EVT/EXAM/BLE/LIB/wchble_rom.hex	0x0004cb66	18	known-prefix	7fc9
2	tmp/wch-evt/evt/QingkeV4B_CH32V203_EVT/EXAM/BLE/LIB/wchble_rom.hex	0x0004cbb4	6	known-prefix	1fe6
2	tmp/wch-evt/evt/QingkeV4B_CH32V203_EVT/EXAM/BLE/LIB/wchble_rom.hex	0x0004cbd6	6	known-prefix	5f8d
2	tmp/wch-evt/evt/QingkeV4B_CH32V203_EVT/EXAM/BLE/LIB/wchble_rom.hex	0x0004cd54	6	known-prefix	9faa
2	tmp/wch-evt/evt/QingkeV4B_CH32V203_EVT/EXAM/BLE/LIB/wchble_rom.hex	0x0004cd9e	18	known-prefix	7fc7
2	tmp/wch-evt/evt/QingkeV4B_CH32V203_EVT/EXAM/BLE/LIB/wchble_rom.hex	0x0004cfe4	6	known-prefix	9fed
2	tmp/wch-evt/evt/QingkeV4B_CH32V203_EVT/EXAM/BLE/LIB/wchble_rom.hex	0x0004d058	6	known-prefix	5ff6
2	tmp/wch-evt/evt/QingkeV4B_CH32V203_EVT/EXAM/BLE/LIB/wchble_rom.hex	0x0004d0c0	6	known-prefix	1fee
2	tmp/wch-evt/evt/QingkeV4B_CH32V203_EVT/EXAM/BLE/LIB/wchble_rom.hex	0x0004d0ce	6	known-prefix	dff9
2	tmp/wch-evt/evt/QingkeV4B_CH32V203_EVT/EXAM/BLE/LIB/wchble_rom.hex	0x0004d2c0	6	known-prefix	9ff8
2	tmp/wch-evt/evt/QingkeV4B_CH32V203_EVT/EXAM/BLE/LIB/wchble_rom.hex	0x0004d310	6	known-prefix	1fb6
2	tmp/wch-evt/evt/QingkeV4B_CH32V203_EVT/EXAM/BLE/LIB/wchble_rom.hex	0x0004d326	6	known-prefix	5ff7
2	tmp/wch-evt/evt/QingkeV4B_CH32V203_EVT/EXAM/BLE/LIB/wchble_rom.hex	0x0004d32c	8	known-prefix	3fcc
2	tmp/wch-evt/evt/QingkeV4B_CH32V203_EVT/EXAM/BLE/LIB/wchble_rom.hex	0x0004d348	22	known-prefix	7fe0
2	tmp/wch-evt/evt/QingkeV4B_CH32V203_EVT/EXAM/BLE/LIB/wchble_rom.hex	0x0004d380	20	known-prefix	ffdc
2	tmp/wch-evt/evt/QingkeV4B_CH32V203_EVT/EXAM/BLE/LIB/wchble_rom.hex	0x0004d396	6	known-prefix	9f99
2	tmp/wch-evt/evt/QingkeV4B_CH32V203_EVT/EXAM/BLE/LIB/wchble_rom.hex	0x0004d3c2	8	known-prefix	3ff3
2	tmp/wch-evt/evt/QingkeV4B_CH32V203_EVT/EXAM/BLE/LIB/wchble_rom.hex	0x0004d3f0	6	known-prefix	9fc5
2	tmp/wch-evt/evt/QingkeV4B_CH32V203_EVT/EXAM/BLE/LIB/wchble_rom.hex	0x0004d400	20	known-prefix	ffd4
2	tmp/wch-evt/evt/QingkeV4B_CH32V203_EVT/EXAM/BLE/LIB/wchble_rom.hex	0x0004d436	22	known-prefix	ffeb
2	tmp/wch-evt/evt/QingkeV4B_CH32V203_EVT/EXAM/BLE/LIB/wchble_rom.hex	0x0004d478	18	known-prefix	7fcd
2	tmp/wch-evt/evt/QingkeV4B_CH32V203_EVT/EXAM/BLE/LIB/wchble_rom.hex	0x0004d4a6	16	known-prefix	7fbf
2	tmp/wch-evt/evt/QingkeV4B_CH32V203_EVT/EXAM/BLE/LIB/wchble_rom.hex	0x0004d4b8	18	known-prefix	7fc9
2	tmp/wch-evt/evt/QingkeV4B_CH32V203_EVT/EXAM/BLE/LIB/wchble_rom.hex	0x0004d51e	8	known-prefix	3f94
2	tmp/wch-evt/evt/QingkeV4B_CH32V203_EVT/EXAM/BLE/LIB/wchble_rom.hex	0x0004d530	8	known-prefix	3f84
2	tmp/wch-evt/evt/QingkeV4B_CH32V203_EVT/EXAM/BLE/LIB/wchble_rom.hex	0x0004d776	8	known-prefix	3ff9
2	tmp/wch-evt/evt/QingkeV4B_CH32V203_EVT/EXAM/BLE/LIB/wchble_rom.hex	0x0004d796	8	known-prefix	3ff7
2	tmp/wch-evt/evt/QingkeV4B_CH32V203_EVT/EXAM/BLE/LIB/wchble_rom.hex	0x0004d928	6	known-prefix	dfe7
2	tmp/wch-evt/evt/QingkeV4B_CH32V203_EVT/EXAM/BLE/LIB/wchble_rom.hex	0x0004d96e	8	known-prefix	bfd9
2	tmp/wch-evt/evt/QingkeV4B_CH32V203_EVT/EXAM/BLE/LIB/wchble_rom.hex	0x0004d996	6	known-prefix	5ff2
2	tmp/wch-evt/evt/QingkeV4B_CH32V203_EVT/EXAM/BLE/LIB/wchble_rom.hex	0x0004d9a4	6	known-prefix	5fd6
2	tmp/wch-evt/evt/QingkeV4B_CH32V203_EVT/EXAM/BLE/LIB/wchble_rom.hex	0x0004d9d0	6	known-prefix	5ff0
2	tmp/wch-evt/evt/QingkeV4B_CH32V203_EVT/EXAM/BLE/LIB/wchble_rom.hex	0x0004d9ee	22	known-prefix	7fee
2	tmp/wch-evt/evt/QingkeV4B_CH32V203_EVT/EXAM/BLE/LIB/wchble_rom.hex	0x0004dcfc	6	known-prefix	df8d
2	tmp/wch-evt/evt/QingkeV4B_CH32V203_EVT/EXAM/BLE/LIB/wchble_rom.hex	0x0004dd5c	6	known-prefix	df87
2	tmp/wch-evt/evt/QingkeV4B_CH32V203_EVT/EXAM/BLE/LIB/wchble_rom.hex	0x0004de9c	6	known-prefix	1f80
2	tmp/wch-evt/evt/QingkeV4B_CH32V203_EVT/EXAM/BLE/LIB/wchble_rom.hex	0x0004dea4	12	known-prefix	7f9b
2	tmp/wch-evt/evt/QingkeV4B_CH32V203_EVT/EXAM/BLE/LIB/wchble_rom.hex	0x0004df08	6	known-prefix	9f99
2	tmp/wch-evt/evt/QingkeV4B_CH32V203_EVT/EXAM/BLE/LIB/wchble_rom.hex	0x0004e00c	6	known-prefix	1fda
2	tmp/wch-evt/evt/QingkeV4B_CH32V203_EVT/EXAM/BLE/LIB/wchble_rom.hex	0x0004e072	20	known-prefix	ffd7
2	tmp/wch-evt/evt/QingkeV4B_CH32V203_EVT/EXAM/BLE/LIB/wchble_rom.hex	0x0004e0a4	6	known-prefix	1f98
2	tmp/wch-evt/evt/QingkeV4B_CH32V203_EVT/EXAM/BLE/LIB/wchble_rom.hex	0x0004e0b2	6	known-prefix	dfd8
2	tmp/wch-evt/evt/QingkeV4B_CH32V203_EVT/EXAM/BLE/LIB/wchble_rom.hex	0x0004e0c2	8	known-prefix	3f9a
2	tmp/wch-evt/evt/QingkeV4B_CH32V203_EVT/EXAM/BLE/LIB/wchble_rom.hex	0x0004e16c	8	known-prefix	bfbf
2	tmp/wch-evt/evt/QingkeV4B_CH32V203_EVT/EXAM/BLE/LIB/wchble_rom.hex	0x0004e18a	6	known-prefix	5fc4
2	tmp/wch-evt/evt/QingkeV4B_CH32V203_EVT/EXAM/BLE/LIB/wchble_rom.hex	0x0004e1cc	8	known-prefix	bfc5
2	tmp/wch-evt/evt/QingkeV4B_CH32V203_EVT/EXAM/BLE/LIB/wchble_rom.hex	0x0004e1e8	20	known-prefix	ffd2
2	tmp/wch-evt/evt/QingkeV4B_CH32V203_EVT/EXAM/BLE/LIB/wchble_rom.hex	0x0004e258	8	known-prefix	3fd1
2	tmp/wch-evt/evt/QingkeV4B_CH32V203_EVT/EXAM/BLE/LIB/wchble_rom.hex	0x0004e27e	6	known-prefix	9fcd
2	tmp/wch-evt/evt/QingkeV4B_CH32V203_EVT/EXAM/BLE/LIB/wchble_rom.hex	0x0004e2ba	6	known-prefix	5fe6
2	tmp/wch-evt/evt/QingkeV4B_CH32V203_EVT/EXAM/BLE/LIB/wchble_rom.hex	0x0004e2d4	8	known-prefix	bfd1
2	tmp/wch-evt/evt/QingkeV4B_CH32V203_EVT/EXAM/BLE/LIB/wchble_rom.hex	0x0004e366	6	known-prefix	1ff3
2	tmp/wch-evt/evt/QingkeV4B_CH32V203_EVT/EXAM/BLE/LIB/wchble_rom.hex	0x0004e3e2	6	known-prefix	5feb
2	tmp/wch-evt/evt/QingkeV4B_CH32V203_EVT/EXAM/BLE/LIB/wchble_rom.hex	0x0004e454	6	known-prefix	5ff3
2	tmp/wch-evt/evt/QingkeV4B_CH32V203_EVT/EXAM/BLE/LIB/wchble_rom.hex	0x0004e4a0	6	known-prefix	9fee
2	tmp/wch-evt/evt/QingkeV4B_CH32V203_EVT/EXAM/BLE/LIB/wchble_rom.hex	0x0004e4fe	8	known-prefix	bfe8
2	tmp/wch-evt/evt/QingkeV4B_CH32V203_EVT/EXAM/BLE/LIB/wchble_rom.hex	0x0004e524	6	known-prefix	5fe6
2	tmp/wch-evt/evt/QingkeV4B_CH32V203_EVT/EXAM/BLE/LIB/wchble_rom.hex	0x0004e544	8	known-prefix	3ff4
2	tmp/wch-evt/evt/QingkeV4B_CH32V203_EVT/EXAM/BLE/LIB/wchble_rom.hex	0x0004e55a	unknown	reserved-ge-192	fff7
2	tmp/wch-evt/evt/QingkeV4B_CH32V203_EVT/EXAM/BLE/LIB/wchble_rom.hex	0x0004e5d4	6	known-prefix	5fdb
2	tmp/wch-evt/evt/QingkeV4B_CH32V203_EVT/EXAM/BLE/LIB/wchble_rom.hex	0x0004e60c	6	known-prefix	dfd7
2	tmp/wch-evt/evt/QingkeV4B_CH32V203_EVT/EXAM/BLE/LIB/wchble_rom.hex	0x0004e664	6	known-prefix	9fd9
2	tmp/wch-evt/evt/QingkeV4B_CH32V203_EVT/EXAM/BLE/LIB/wchble_rom.hex	0x0004e69c	18	known-prefix	ffc8
2	tmp/wch-evt/evt/QingkeV4B_CH32V203_EVT/EXAM/BLE/LIB/wchble_rom.hex	0x0004e738	8	known-prefix	3fbf
2	tmp/wch-evt/evt/QingkeV4B_CH32V203_EVT/EXAM/BLE/LIB/wchble_rom.hex	0x0004e756	unknown	reserved-ge-192	ffff
2	tmp/wch-evt/evt/QingkeV4B_CH32V203_EVT/EXAM/BLE/LIB/wchble_rom.hex	0x0004e7e6	6	known-prefix	1fab
2	tmp/wch-evt/evt/QingkeV4B_CH32V203_EVT/EXAM/BLE/LIB/wchble_rom.hex	0x0004e88a	8	known-prefix	bfed
2	tmp/wch-evt/evt/QingkeV4B_CH32V203_EVT/EXAM/BLE/LIB/wchble_rom.hex	0x0004e93e	22	known-prefix	7fe2
2	tmp/wch-evt/evt/QingkeV4B_CH32V203_EVT/EXAM/BLE/LIB/wchble_rom.hex	0x0004e996	8	known-prefix	bfbf
2	tmp/wch-evt/evt/QingkeV4B_CH32V203_EVT/EXAM/BLE/LIB/wchble_rom.hex	0x0004e9f4	22	known-prefix	7fec
2	tmp/wch-evt/evt/QingkeV4B_CH32V203_EVT/EXAM/BLE/LIB/wchble_rom.hex	0x0004ea30	6	known-prefix	1fb6
2	tmp/wch-evt/evt/QingkeV4B_CH32V203_EVT/EXAM/BLE/LIB/wchble_rom.hex	0x0004ea44	6	known-prefix	9f9b
2	tmp/wch-evt/evt/QingkeV4B_CH32V203_EVT/EXAM/BLE/LIB/wchble_rom.hex	0x0004ea6a	8	known-prefix	3fde
2	tmp/wch-evt/evt/QingkeV4B_CH32V203_EVT/EXAM/BLE/LIB/wchble_rom.hex	0x0004ea7a	8	known-prefix	3fdd
2	tmp/wch-evt/evt/QingkeV4B_CH32V203_EVT/EXAM/BLE/LIB/wchble_rom.hex	0x0004ea82	8	known-prefix	bfdc
2	tmp/wch-evt/evt/QingkeV4B_CH32V203_EVT/EXAM/BLE/LIB/wchble_rom.hex	0x0004ea8a	8	known-prefix	3fdc
2	tmp/wch-evt/evt/QingkeV4B_CH32V203_EVT/EXAM/BLE/LIB/wchble_rom.hex	0x0004ea9e	22	known-prefix	ffef
2	tmp/wch-evt/evt/QingkeV4B_CH32V203_EVT/EXAM/BLE/LIB/wchble_rom.hex	0x0004eb02	8	known-prefix	3fc6
2	tmp/wch-evt/evt/QingkeV4B_CH32V203_EVT/EXAM/BLE/LIB/wchble_rom.hex	0x0004eb0e	6	known-prefix	9fa5
2	tmp/wch-evt/evt/QingkeV4B_CH32V203_EVT/EXAM/BLE/LIB/wchble_rom.hex	0x0004eb40	6	known-prefix	dff9
2	tmp/wch-evt/evt/QingkeV4B_CH32V203_EVT/EXAM/BLE/LIB/wchble_rom.hex	0x0004eb80	6	known-prefix	5fbe
2	tmp/wch-evt/evt/QingkeV4B_CH32V203_EVT/EXAM/BLE/LIB/wchble_rom.hex	0x0004eba2	6	known-prefix	5f9c
2	tmp/wch-evt/evt/QingkeV4B_CH32V203_EVT/EXAM/BLE/LIB/wchble_rom.hex	0x0004ebce	6	known-prefix	dfa6
2	tmp/wch-evt/evt/QingkeV4B_CH32V203_EVT/EXAM/BLE/LIB/wchble_rom.hex	0x0004ec20	unknown	reserved-ge-192	7ff0
2	tmp/wch-evt/evt/QingkeV4B_CH32V203_EVT/EXAM/BLE/LIB/wchble_rom.hex	0x0004ec2a	14	known-prefix	ffad
2	tmp/wch-evt/evt/QingkeV4B_CH32V203_EVT/EXAM/BLE/LIB/wchble_rom.hex	0x0004ec38	12	known-prefix	ff91
2	tmp/wch-evt/evt/QingkeV4B_CH32V203_EVT/EXAM/BLE/LIB/wchble_rom.hex	0x0004ec56	8	known-prefix	bfc4
2	tmp/wch-evt/evt/QingkeV4B_CH32V203_EVT/EXAM/BLE/LIB/wchble_rom.hex	0x0004ed9c	8	known-prefix	bfd8
2	tmp/wch-evt/evt/QingkeV4B_CH32V203_EVT/EXAM/BLE/LIB/wchble_rom.hex	0x0004edca	12	known-prefix	ff93
2	tmp/wch-evt/evt/QingkeV4B_CH32V203_EVT/EXAM/BLE/LIB/wchble_rom.hex	0x0004edde	6	known-prefix	9fd4
2	tmp/wch-evt/evt/QingkeV4B_CH32V203_EVT/EXAM/BLE/LIB/wchble_rom.hex	0x0004ee00	6	known-prefix	dfda
2	tmp/wch-evt/evt/QingkeV4B_CH32V203_EVT/EXAM/BLE/LIB/wchble_rom.hex	0x0004ee1c	6	known-prefix	1fd9
2	tmp/wch-evt/evt/QingkeV4B_CH32V203_EVT/EXAM/BLE/LIB/wchble_rom.hex	0x0004ee2e	6	known-prefix	9fcf
2	tmp/wch-evt/evt/QingkeV4B_CH32V203_EVT/EXAM/BLE/LIB/wchble_rom.hex	0x0004f0bc	20	known-prefix	7fd7
2	tmp/wch-evt/evt/QingkeV4B_CH32V203_EVT/EXAM/BLE/LIB/wchble_rom.hex	0x0004f2de	6	known-prefix	9ff2
2	tmp/wch-evt/evt/QingkeV4B_CH32V203_EVT/EXAM/BLE/LIB/wchble_rom.hex	0x0004f2f0	8	known-prefix	3fb4
2	tmp/wch-evt/evt/QingkeV4B_CH32V203_EVT/EXAM/BLE/LIB/wchble_rom.hex	0x0004f406	6	known-prefix	1fc3
2	tmp/wch-evt/evt/QingkeV4B_CH32V203_EVT/EXAM/BLE/LIB/wchble_rom.hex	0x0004f580	16	known-prefix	7fb3
2	tmp/wch-evt/evt/QingkeV4B_CH32V203_EVT/EXAM/BLE/LIB/wchble_rom.hex	0x0004f586	6	known-prefix	1ff5
2	tmp/wch-evt/evt/QingkeV4B_CH32V203_EVT/EXAM/BLE/LIB/wchble_rom.hex	0x0004f58a	6	known-prefix	dfe2
2	tmp/wch-evt/evt/QingkeV4B_CH32V203_EVT/EXAM/BLE/LIB/wchble_rom.hex	0x0004f5da	6	known-prefix	dfef
2	tmp/wch-evt/evt/QingkeV4B_CH32V203_EVT/EXAM/BLE/LIB/wchble_rom.hex	0x0004f5ee	8	known-prefix	bfd5
2	tmp/wch-evt/evt/QingkeV4B_CH32V203_EVT/EXAM/BLE/LIB/wchble_rom.hex	0x0004f626	6	known-prefix	dff2
2	tmp/wch-evt/evt/QingkeV4B_CH32V203_EVT/EXAM/BLE/LIB/wchble_rom.hex	0x0004f6e0	8	known-prefix	3fe7
2	tmp/wch-evt/evt/QingkeV4B_CH32V203_EVT/EXAM/BLE/LIB/wchble_rom.hex	0x0004f76e	18	known-prefix	ffc8
2	tmp/wch-evt/evt/QingkeV4B_CH32V203_EVT/EXAM/BLE/LIB/wchble_rom.hex	0x0004f798	unknown	reserved-ge-192	fff8
2	tmp/wch-evt/evt/QingkeV4B_CH32V203_EVT/EXAM/BLE/LIB/wchble_rom.hex	0x0004f7a2	6	known-prefix	1fdb
2	tmp/wch-evt/evt/QingkeV4B_CH32V203_EVT/EXAM/BLE/LIB/wchble_rom.hex	0x0004f7e0	unknown	reserved-ge-192	fff9
2	tmp/wch-evt/evt/QingkeV4B_CH32V203_EVT/EXAM/BLE/LIB/wchble_rom.hex	0x0004f89e	6	known-prefix	1ff5
2	tmp/wch-evt/evt/QingkeV4B_CH32V203_EVT/EXAM/BLE/LIB/wchble_rom.hex	0x0004f8aa	6	known-prefix	1fed
2	tmp/wch-evt/evt/QingkeV4B_CH32V203_EVT/EXAM/BLE/LIB/wchble_rom.hex	0x0004f8b6	6	known-prefix	5fea
2	tmp/wch-evt/evt/QingkeV4B_CH32V203_EVT/EXAM/BLE/LIB/wchble_rom.hex	0x0004f8fa	6	known-prefix	1fe8
2	tmp/wch-evt/evt/QingkeV4B_CH32V203_EVT/EXAM/BLE/LIB/wchble_rom.hex	0x0004f906	6	known-prefix	5fe5
2	tmp/wch-evt/evt/QingkeV4B_CH32V203_EVT/EXAM/BLE/LIB/wchble_rom.hex	0x0004fbf2	6	known-prefix	dfd4
2	tmp/wch-evt/evt/QingkeV4B_CH32V203_EVT/EXAM/BLE/LIB/wchble_rom.hex	0x0004fc04	8	known-prefix	bfb7
2	tmp/wch-evt/evt/QingkeV4B_CH32V203_EVT/EXAM/BLE/LIB/wchble_rom.hex	0x0004fc14	6	known-prefix	1fec
2	tmp/wch-evt/evt/QingkeV4B_CH32V203_EVT/EXAM/BLE/LIB/wchble_rom.hex	0x0004fc28	22	known-prefix	ffee
2	tmp/wch-evt/evt/QingkeV4B_CH32V203_EVT/EXAM/BLE/LIB/wchble_rom.hex	0x0004fc30	22	known-prefix	ffec
2	tmp/wch-evt/evt/QingkeV4B_CH32V203_EVT/EXAM/BLE/LIB/wchble_rom.hex	0x0004fc38	8	known-prefix	3fde
2	tmp/wch-evt/evt/QingkeV4B_CH32V203_EVT/EXAM/BLE/LIB/wchble_rom.hex	0x0004fc40	22	known-prefix	ffe5
2	tmp/wch-evt/evt/QingkeV4B_CH32V203_EVT/EXAM/BLE/LIB/wchble_rom.hex	0x0004fc48	6	known-prefix	dfe2
2	tmp/wch-evt/evt/QingkeV4B_CH32V203_EVT/EXAM/BLE/LIB/wchble_rom.hex	0x0004fc50	6	known-prefix	5fdf
2	tmp/wch-evt/evt/QingkeV4B_CH32V203_EVT/EXAM/BLE/LIB/wchble_rom.hex	0x0004fc58	6	known-prefix	9fee
2	tmp/wch-evt/evt/QingkeV4B_CH32V203_EVT/EXAM/BLE/LIB/wchble_rom.hex	0x0004fc96	6	known-prefix	5fed
2	tmp/wch-evt/evt/QingkeV4B_CH32V203_EVT/EXAM/BLE/LIB/wchble_rom.hex	0x0004fc9e	6	known-prefix	9fef
2	tmp/wch-evt/evt/QingkeV4B_CH32V203_EVT/EXAM/BLE/LIB/wchble_rom.hex	0x0004fdce	6	known-prefix	1f87
2	tmp/wch-evt/evt/QingkeV4B_CH32V203_EVT/EXAM/BLE/LIB/wchble_rom.hex	0x0004fdf6	8	known-prefix	bfdc
2	tmp/wch-evt/evt/QingkeV4B_CH32V203_EVT/EXAM/BLE/LIB/wchble_rom.hex	0x0004fe9a	10	known-prefix	ff8f
2	tmp/wch-evt/evt/QingkeV4B_CH32V203_EVT/EXAM/BLE/LIB/wchble_rom.hex	0x0004fed8	10	known-prefix	7f8b
2	tmp/wch-evt/evt/QingkeV4B_CH32V203_EVT/EXAM/BLE/LIB/wchble_rom.hex	0x0004ff1c	6	known-prefix	9f88
2	tmp/wch-evt/evt/QingkeV4B_CH32V203_EVT/EXAM/BLE/LIB/wchble_rom.hex	0x0004ffca	6	known-prefix	5f8a
2	tmp/wch-evt/evt/QingkeV4B_CH32V203_EVT/EXAM/BLE/LIB/wchble_rom.hex	0x0005017e	6	known-prefix	9feb
2	tmp/wch-evt/evt/QingkeV4B_CH32V203_EVT/EXAM/BLE/LIB/wchble_rom.hex	0x00050188	22	known-prefix	ffea
2	tmp/wch-evt/evt/QingkeV4B_CH32V203_EVT/EXAM/BLE/LIB/wchble_rom.hex	0x0005037e	6	known-prefix	5f93
2	tmp/wch-evt/evt/QingkeV4B_CH32V203_EVT/EXAM/BLE/LIB/wchble_rom.hex	0x00050392	22	known-prefix	7feb
2	tmp/wch-evt/evt/QingkeV4B_CH32V203_EVT/EXAM/BLE/LIB/wchble_rom.hex	0x000503a8	22	known-prefix	ffee
2	tmp/wch-evt/evt/QingkeV4B_CH32V203_EVT/EXAM/BLE/LIB/wchble_rom.hex	0x000503ca	6	known-prefix	9fca
2	tmp/wch-evt/evt/QingkeV4B_CH32V203_EVT/EXAM/BLE/LIB/wchble_rom.hex	0x000503e6	6	known-prefix	dff2
2	tmp/wch-evt/evt/QingkeV4B_CH32V203_EVT/EXAM/BLE/LIB/wchble_rom.hex	0x000504b4	6	known-prefix	1ff5
2	tmp/wch-evt/evt/QingkeV4B_CH32V203_EVT/EXAM/BLE/LIB/wchble_rom.hex	0x000504d4	6	known-prefix	9fba
2	tmp/wch-evt/evt/QingkeV4B_CH32V203_EVT/EXAM/BLE/LIB/wchble_rom.hex	0x000505cc	22	known-prefix	7fec
2	tmp/wch-evt/evt/QingkeV4B_CH32V203_EVT/EXAM/BLE/LIB/wchble_rom.hex	0x00050650	6	known-prefix	5fbf
2	tmp/wch-evt/evt/QingkeV4B_CH32V203_EVT/EXAM/BLE/LIB/wchble_rom.hex	0x00050696	6	known-prefix	dfdf
2	tmp/wch-evt/evt/QingkeV4B_CH32V203_EVT/EXAM/BLE/LIB/wchble_rom.hex	0x000506ee	16	known-prefix	7fb5
2	tmp/wch-evt/evt/QingkeV4B_CH32V203_EVT/EXAM/BLE/LIB/wchble_rom.hex	0x0005073c	20	known-prefix	7fd5
2	tmp/wch-evt/evt/QingkeV4B_CH32V203_EVT/EXAM/BLE/LIB/wchble_rom.hex	0x00050820	8	known-prefix	3fc7
2	tmp/wch-evt/evt/QingkeV4B_CH32V203_EVT/EXAM/BLE/LIB/wchble_rom.hex	0x00050824	8	known-prefix	3fc1
2	tmp/wch-evt/evt/QingkeV4B_CH32V203_EVT/EXAM/BLE/LIB/wchble_rom.hex	0x00050832	6	known-prefix	1fc6
2	tmp/wch-evt/evt/QingkeV4B_CH32V203_EVT/EXAM/BLE/LIB/wchble_rom.hex	0x00050866	6	known-prefix	1ff5
2	tmp/wch-evt/evt/QingkeV4B_CH32V203_EVT/EXAM/BLE/LIB/wchble_rom.hex	0x000508d2	8	known-prefix	3feb
2	tmp/wch-evt/evt/QingkeV4B_CH32V203_EVT/EXAM/BLE/LIB/wchble_rom.hex	0x000508ec	22	known-prefix	ffe8
2	tmp/wch-evt/evt/QingkeV4B_CH32V203_EVT/EXAM/BLE/LIB/wchble_rom.hex	0x00050900	8	known-prefix	bfe5
2	tmp/wch-evt/evt/QingkeV4B_CH32V203_EVT/EXAM/BLE/LIB/wchble_rom.hex	0x00050930	22	known-prefix	ffe5
2	tmp/wch-evt/evt/QingkeV4B_CH32V203_EVT/EXAM/BLE/LIB/wchble_rom.hex	0x0005098c	20	known-prefix	ffd7
2	tmp/wch-evt/evt/QingkeV4B_CH32V203_EVT/EXAM/BLE/LIB/wchble_rom.hex	0x000509a6	6	known-prefix	dfba
2	tmp/wch-evt/evt/QingkeV4B_CH32V203_EVT/EXAM/BLE/LIB/wchble_rom.hex	0x00050a18	6	known-prefix	1fac
2	tmp/wch-evt/evt/QingkeV4B_CH32V203_EVT/EXAM/BLE/LIB/wchble_rom.hex	0x00050b06	8	known-prefix	3fad
2	tmp/wch-evt/evt/QingkeV4B_CH32V203_EVT/EXAM/BLE/LIB/wchble_rom.hex	0x00050b28	20	known-prefix	7fd4
2	tmp/wch-evt/evt/QingkeV4B_CH32V203_EVT/EXAM/BLE/LIB/wchble_rom.hex	0x00050b52	6	known-prefix	1fdd
2	tmp/wch-evt/evt/QingkeV4B_CH32V203_EVT/EXAM/BLE/LIB/wchble_rom.hex	0x00050b78	8	known-prefix	bf9d
2	tmp/wch-evt/evt/QingkeV4B_CH32V203_EVT/EXAM/BLE/LIB/wchble_rom.hex	0x00050bb2	6	known-prefix	1fd7
2	tmp/wch-evt/evt/QingkeV4B_CH32V203_EVT/EXAM/BLE/LIB/wchble_rom.hex	0x00050c90	6	known-prefix	5fcb
2	tmp/wch-evt/evt/QingkeV4B_CH32V203_EVT/EXAM/BLE/LIB/wchble_rom.hex	0x00050cae	6	known-prefix	5fb8
2	tmp/wch-evt/evt/QingkeV4B_CH32V203_EVT/EXAM/BLE/LIB/wchble_rom.hex	0x00050cd4	6	known-prefix	5f90
2	tmp/wch-evt/evt/QingkeV4B_CH32V203_EVT/EXAM/BLE/LIB/wchble_rom.hex	0x00050d50	8	known-prefix	3fbd
2	tmp/wch-evt/evt/QingkeV4B_CH32V203_EVT/EXAM/BLE/LIB/wchble_rom.hex	0x00050d84	20	known-prefix	ffd5
2	tmp/wch-evt/evt/QingkeV4B_CH32V203_EVT/EXAM/BLE/LIB/wchble_rom.hex	0x00050e1c	unknown	reserved-ge-192	fff6
2	tmp/wch-evt/evt/QingkeV4B_CH32V203_EVT/EXAM/BLE/LIB/wchble_rom.hex	0x00050e26	6	known-prefix	5ff6
2	tmp/wch-evt/evt/QingkeV4B_CH32V203_EVT/EXAM/BLE/LIB/wchble_rom.hex	0x00051474	6	known-prefix	dfbe
2	tmp/wch-evt/evt/QingkeV4B_CH32V203_EVT/EXAM/BLE/LIB/wchble_rom.hex	0x00051532	6	known-prefix	5ff0
2	tmp/wch-evt/evt/QingkeV4B_CH32V203_EVT/EXAM/BLE/LIB/wchble_rom.hex	0x00051540	8	known-prefix	3ff5
2	tmp/wch-evt/evt/QingkeV4B_CH32V203_EVT/EXAM/BLE/LIB/wchble_rom.hex	0x00051548	6	known-prefix	dfe0
2	tmp/wch-evt/evt/QingkeV4B_CH32V203_EVT/EXAM/BLE/LIB/wchble_rom.hex	0x0005159a	6	known-prefix	9fef
2	tmp/wch-evt/evt/QingkeV4B_CH32V203_EVT/EXAM/BLE/LIB/wchble_rom.hex	0x000515b4	20	known-prefix	7fdf
2	tmp/wch-evt/evt/QingkeV4B_CH32V203_EVT/EXAM/BLE/LIB/wchble_rom.hex	0x000515e0	8	known-prefix	bfdb
2	tmp/wch-evt/evt/QingkeV4B_CH32V203_EVT/EXAM/BLE/LIB/wchble_rom.hex	0x00051608	6	known-prefix	dfd5
2	tmp/wch-evt/evt/QingkeV4B_CH32V203_EVT/EXAM/BLE/LIB/wchble_rom.hex	0x00051638	6	known-prefix	9fda
2	tmp/wch-evt/evt/QingkeV4B_CH32V203_EVT/EXAM/BLE/LIB/wchble_rom.hex	0x00051a34	14	known-prefix	ffa5
2	tmp/wch-evt/evt/QingkeV4B_CH32V203_EVT/EXAM/BLE/LIB/wchble_rom.hex	0x00051af8	8	known-prefix	bf99
2	tmp/wch-evt/evt/QingkeV4B_CH32V203_EVT/EXAM/BLE/LIB/wchble_rom.hex	0x00051b74	6	known-prefix	5fa6
2	tmp/wch-evt/evt/QingkeV4B_CH32V203_EVT/EXAM/BLE/LIB/wchble_rom.hex	0x00051b92	6	known-prefix	dfcd
2	tmp/wch-evt/evt/QingkeV4B_CH32V203_EVT/EXAM/BLE/LIB/wchble_rom.hex	0x00051c94	8	known-prefix	bfbd
2	tmp/wch-evt/evt/QingkeV4B_CH32V203_EVT/EXAM/BLE/LIB/wchble_rom.hex	0x00051cf8	8	known-prefix	bfc2
2	tmp/wch-evt/evt/QingkeV4B_CH32V203_EVT/EXAM/BLE/LIB/wchble_rom.hex	0x00051e20	8	known-prefix	3fa1
2	tmp/wch-evt/evt/QingkeV4B_CH32V203_EVT/EXAM/BLE/LIB/wchble_rom.hex	0x00051e3e	6	known-prefix	9f97
2	tmp/wch-evt/evt/QingkeV4B_CH32V203_EVT/EXAM/BLE/LIB/wchble_rom.hex	0x00051ea4	16	known-prefix	7fba
2	tmp/wch-evt/evt/QingkeV4B_CH32V203_EVT/EXAM/BLE/LIB/wchble_rom.hex	0x00051f90	6	known-prefix	1ff4
2	tmp/wch-evt/evt/QingkeV4B_CH32V203_EVT/EXAM/BLE/LIB/wchble_rom.hex	0x00051fa0	8	known-prefix	bff0
2	tmp/wch-evt/evt/QingkeV4B_CH32V203_EVT/EXAM/BLE/LIB/wchble_rom.hex	0x00051fb0	6	known-prefix	1ff2
2	tmp/wch-evt/evt/QingkeV4B_CH32V203_EVT/EXAM/BLE/LIB/wchble_rom.hex	0x00051fc0	8	known-prefix	bfee
2	tmp/wch-evt/evt/QingkeV4B_CH32V203_EVT/EXAM/BLE/LIB/wchble_rom.hex	0x00051ff2	22	known-prefix	ffed
2	tmp/wch-evt/evt/QingkeV4B_CH32V203_EVT/EXAM/BLE/LIB/wchble_rom.hex	0x00051ffc	6	known-prefix	5fed
2	tmp/wch-evt/evt/QingkeV4B_CH32V203_EVT/EXAM/BLE/LIB/wchble_rom.hex	0x00052186	6	known-prefix	dfe7
2	tmp/wch-evt/evt/QingkeV4B_CH32V203_EVT/EXAM/BLE/LIB/wchble_rom.hex	0x000521ae	6	known-prefix	5fe5
2	tmp/wch-evt/evt/QingkeV4B_CH32V203_EVT/EXAM/BLE/LIB/wchble_rom.hex	0x000522dc	8	known-prefix	3fc5
2	tmp/wch-evt/evt/QingkeV4B_CH32V203_EVT/EXAM/BLE/LIB/wchble_rom.hex	0x0005232a	6	known-prefix	1fb8
2	tmp/wch-evt/evt/QingkeV4B_CH32V203_EVT/EXAM/BLE/LIB/wchble_rom.hex	0x000523a2	6	known-prefix	9fb5
2	tmp/wch-evt/evt/QingkeV4B_CH32V203_EVT/EXAM/BLE/LIB/wchble_rom.hex	0x000523b8	8	known-prefix	3faf
2	tmp/wch-evt/evt/QingkeV4B_CH32V203_EVT/EXAM/BLE/LIB/wchble_rom.hex	0x000523d4	14	known-prefix	7fad
2	tmp/wch-evt/evt/QingkeV4B_CH32V203_EVT/EXAM/BLE/LIB/wchble_rom.hex	0x00052494	8	known-prefix	3fe0
2	tmp/wch-evt/evt/QingkeV4B_CH32V203_EVT/EXAM/BLE/LIB/wchble_rom.hex	0x00052544	8	known-prefix	3fd5
2	tmp/wch-evt/evt/QingkeV4B_CH32V203_EVT/EXAM/BLE/LIB/wchble_rom.hex	0x000525a4	8	known-prefix	3fcf
2	tmp/wch-evt/evt/QingkeV4B_CH32V203_EVT/EXAM/BLE/LIB/wchble_rom.hex	0x00052604	8	known-prefix	3fc9
2	tmp/wch-evt/evt/QingkeV4B_CH32V203_EVT/EXAM/BLE/LIB/wchble_rom.hex	0x00052666	6	known-prefix	1fc3
2	tmp/wch-evt/evt/QingkeV4B_CH32V203_EVT/EXAM/BLE/LIB/wchble_rom.hex	0x000526c0	16	known-prefix	7fbd
2	tmp/wch-evt/evt/QingkeV4B_CH32V203_EVT/EXAM/BLE/LIB/wchble_rom.hex	0x00052754	8	known-prefix	3fb4
2	tmp/wch-evt/evt/QingkeV4B_CH32V203_EVT/EXAM/BLE/LIB/wchble_rom.hex	0x00052850	14	known-prefix	7fa4
2	tmp/wch-evt/evt/QingkeV4B_CH32V203_EVT/EXAM/BLE/LIB/wchble_rom.hex	0x00052944	8	known-prefix	3f95
2	tmp/wch-evt/evt/QingkeV4B_CH32V203_EVT/EXAM/BLE/LIB/wchble_rom.hex	0x000529a4	8	known-prefix	3f8f
2	tmp/wch-evt/evt/QingkeV4B_CH32V203_EVT/EXAM/BLE/LIB/wchble_rom.hex	0x00052a8a	6	known-prefix	df80
2	tmp/wch-evt/evt/QingkeV4B_CH32V203_EVT/EXAM/BLE/LIB/wchble_rom.hex	0x00053ea0	6	known-prefix	dffa
2	tmp/wch-evt/evt/QingkeV4B_CH32V203_EVT/EXAM/BLE/LIB/wchble_rom.hex	0x00053f32	6	known-prefix	dfdd
2	tmp/wch-evt/evt/QingkeV4B_CH32V203_EVT/EXAM/BLE/LIB/wchble_rom.hex	0x0005418c	8	known-prefix	3fb8
2	tmp/wch-evt/evt/QingkeV4B_CH32V203_EVT/EXAM/BLE/LIB/wchble_rom.hex	0x000551bc	6	known-prefix	1fc9
2	tmp/wch-evt/evt/QingkeV4B_CH32V203_EVT/EXAM/BLE/LIB/wchble_rom.hex	0x000551c8	6	known-prefix	dfb0
2	tmp/wch-evt/evt/QingkeV4B_CH32V203_EVT/EXAM/BLE/LIB/wchble_rom.hex	0x000551f8	6	known-prefix	dffd
2	tmp/wch-evt/evt/QingkeV4B_CH32V203_EVT/EXAM/BLE/LIB/wchble_rom.hex	0x0005541c	6	known-prefix	1fa3
2	tmp/wch-evt/evt/QingkeV4B_CH32V203_EVT/EXAM/BLE/LIB/wchble_rom.hex	0x000554ca	6	known-prefix	5f84
2	tmp/wch-evt/evt/QingkeV4B_CH32V203_EVT/EXAM/BLE/LIB/wchble_rom.hex	0x00055510	6	known-prefix	dfee
2	tmp/wch-evt/evt/QingkeV4B_CH32V203_EVT/EXAM/BLE/LIB/wchble_rom.hex	0x00055528	16	known-prefix	ffb0
2	tmp/wch-evt/evt/QingkeV4B_CH32V203_EVT/EXAM/BLE/LIB/wchble_rom.hex	0x000555c4	8	known-prefix	bfe2
2	tmp/wch-evt/evt/QingkeV4B_CH32V203_EVT/EXAM/BLE/LIB/wchble_rom.hex	0x00055606	8	known-prefix	bfe4
2	tmp/wch-evt/evt/QingkeV4B_CH32V203_EVT/EXAM/BLE/LIB/wchble_rom.hex	0x0005561a	6	known-prefix	df87
2	tmp/wch-evt/evt/QingkeV4B_CH32V203_EVT/EXAM/BLE/LIB/wchble_rom.hex	0x0005570e	6	known-prefix	5fa2
2	tmp/wch-evt/evt/QingkeV4B_CH32V203_EVT/EXAM/BLE/LIB/wchble_rom.hex	0x00055834	6	known-prefix	dfa2
2	tmp/wch-evt/evt/QingkeV4B_CH32V203_EVT/EXAM/BLE/LIB/wchble_rom.hex	0x0005593e	8	known-prefix	3f92
2	tmp/wch-evt/evt/QingkeV4B_CH32V203_EVT/EXAM/BLE/LIB/wchble_rom.hex	0x000559d6	14	known-prefix	7fa2
2	tmp/wch-evt/evt/QingkeV4B_CH32V203_EVT/EXAM/BLE/LIB/wchble_rom.hex	0x00055a9e	12	known-prefix	ff95
2	tmp/wch-evt/evt/QingkeV4B_CH32V203_EVT/EXAM/BLE/LIB/wchble_rom.hex	0x00055d3a	6	known-prefix	5f9a
2	tmp/wch-evt/evt/QingkeV4B_CH32V203_EVT/EXAM/BLE/LIB/wchble_rom.hex	0x0005608c	6	known-prefix	1fea
2	tmp/wch-evt/evt/QingkeV4B_CH32V203_EVT/EXAM/BLE/LIB/wchble_rom.hex	0x000560ce	22	known-prefix	ffe5
2	tmp/wch-evt/evt/QingkeV4B_CH32V203_EVT/EXAM/BLE/LIB/wchble_rom.hex	0x0005615e	20	known-prefix	ffdc
2	tmp/wch-evt/evt/QingkeV4B_CH32V203_EVT/EXAM/BLE/LIB/wchble_rom.hex	0x0005672e	6	known-prefix	dfbc
2	tmp/wch-evt/evt/QingkeV4B_CH32V203_EVT/EXAM/BLE/LIB/wchble_rom.hex	0x00056aec	6	known-prefix	dff4
2	tmp/wch-evt/evt/QingkeV4B_CH32V203_EVT/EXAM/BLE/LIB/wchble_rom.hex	0x00056dc6	8	known-prefix	3fc7
2	tmp/wch-evt/evt/QingkeV4B_CH32V203_EVT/EXAM/BLE/LIB/wchble_rom.hex	0x00056e02	18	known-prefix	7fc3
2	tmp/wch-evt/evt/QingkeV4B_CH32V203_EVT/EXAM/BLE/LIB/wchble_rom.hex	0x00056e34	6	known-prefix	5fc0
2	tmp/wch-evt/evt/QingkeV4B_CH32V203_EVT/EXAM/BLE/LIB/wchble_rom.hex	0x00056f8e	8	known-prefix	3fe2
2	tmp/wch-evt/evt/QingkeV4B_CH32V203_EVT/EXAM/BLE/LIB/wchble_rom.hex	0x00057106	22	known-prefix	7fe2
2	tmp/wch-evt/evt/QingkeV4B_CH32V203_EVT/EXAM/BLE/LIB/wchble_rom.hex	0x00057556	6	known-prefix	1f8b
2	tmp/wch-evt/evt/QingkeV4B_CH32V203_EVT/EXAM/BLE/LIB/wchble_rom.hex	0x000575c2	6	known-prefix	5f84
2	tmp/wch-evt/evt/QingkeV4B_CH32V203_EVT/EXAM/BLE/LIB/wchble_rom.hex	0x000576c4	10	known-prefix	7f85
2	tmp/wch-evt/evt/QingkeV4B_CH32V203_EVT/EXAM/BLE/LIB/wchble_rom.hex	0x0005788a	6	known-prefix	5fd5
2	tmp/wch-evt/evt/QingkeV4B_CH32V203_EVT/EXAM/BLE/LIB/wchble_rom.hex	0x00057b1e	6	known-prefix	9fec
2	tmp/wch-evt/evt/QingkeV4B_CH32V203_EVT/EXAM/BLE/LIB/wchble_rom.hex	0x00057bce	8	known-prefix	3ff9
2	tmp/wch-evt/evt/QingkeV4B_CH32V203_EVT/EXAM/BLE/LIB/wchble_rom.hex	0x00058166	8	known-prefix	bfd8
2	tmp/wch-evt/evt/QingkeV4B_CH32V203_EVT/EXAM/BLE/LIB/wchble_rom.hex	0x00058174	20	known-prefix	7fd2
2	tmp/wch-evt/evt/QingkeV4B_CH32V203_EVT/EXAM/BLE/LIB/wchble_rom.hex	0x000581e0	6	known-prefix	1fd1
2	tmp/wch-evt/evt/QingkeV4B_CH32V203_EVT/EXAM/BLE/LIB/wchble_rom.hex	0x000582d0	unknown	reserved-ge-192	7ff1
2	tmp/wch-evt/evt/QingkeV4B_CH32V203_EVT/EXAM/BLE/LIB/wchble_rom.hex	0x000584aa	unknown	reserved-ge-192	fffe
2	tmp/wch-evt/evt/QingkeV4B_CH32V203_EVT/EXAM/BLE/LIB/wchble_rom.hex	0x000586fc	6	known-prefix	9fea
2	tmp/wch-evt/evt/QingkeV4B_CH32V203_EVT/EXAM/BLE/LIB/wchble_rom.hex	0x00058896	8	known-prefix	bfa7
2	tmp/wch-evt/evt/QingkeV4B_CH32V203_EVT/EXAM/BLE/LIB/wchble_rom.hex	0x00058994	20	known-prefix	7fd7
2	tmp/wch-evt/evt/QingkeV4B_CH32V203_EVT/EXAM/BLE/LIB/wchble_rom.hex	0x000589e6	6	known-prefix	9fea
2	tmp/wch-evt/evt/QingkeV4B_CH32V203_EVT/EXAM/BLE/LIB/wchble_rom.hex	0x00058aa0	8	known-prefix	bfc6
2	tmp/wch-evt/evt/QingkeV4B_CH32V203_EVT/EXAM/BLE/LIB/wchble_rom.hex	0x00058aa8	8	known-prefix	3fb3
2	tmp/wch-evt/evt/QingkeV4B_CH32V203_EVT/EXAM/BLE/LIB/wchble_rom.hex	0x00058cb6	6	known-prefix	dfc1
2	tmp/wch-evt/evt/QingkeV4B_CH32V203_EVT/EXAM/BLE/LIB/wchble_rom.hex	0x00058d5c	12	known-prefix	ff9a
2	tmp/wch-evt/evt/QingkeV4B_CH32V203_EVT/EXAM/BLE/LIB/wchble_rom.hex	0x00058d78	16	known-prefix	7fb1
2	tmp/wch-evt/evt/QingkeV4B_CH32V203_EVT/EXAM/BLE/LIB/wchble_rom.hex	0x00058df2	6	known-prefix	1fce
2	tmp/wch-evt/evt/QingkeV4B_CH32V203_EVT/EXAM/BLE/LIB/wchble_rom.hex	0x00058eec	8	known-prefix	3fb1
2	tmp/wch-evt/evt/QingkeV4B_CH32V203_EVT/EXAM/BLE/LIB/wchble_rom.hex	0x00058f28	8	known-prefix	bf9a
2	tmp/wch-evt/evt/QingkeV4B_CH32V203_EVT/EXAM/BLE/LIB/wchble_rom.hex	0x00059098	8	known-prefix	3fb8
2	tmp/wch-evt/evt/QingkeV4B_CH32V203_EVT/EXAM/BLE/LIB/wchble_rom.hex	0x000590dc	16	known-prefix	ffb3
2	tmp/wch-evt/evt/QingkeV4B_CH32V203_EVT/EXAM/BLE/LIB/wchble_rom.hex	0x000597f6	12	known-prefix	7f99
2	tmp/wch-evt/evt/QingkeV4B_CH32V203_EVT/EXAM/BLE/LIB/wchble_rom.hex	0x0005994a	8	known-prefix	bf8a
2	tmp/wch-evt/evt/QingkeV4B_CH32V203_EVT/EXAM/BLE/LIB/wchble_rom.hex	0x000599a4	6	known-prefix	5f89
2	tmp/wch-evt/evt/QingkeV4B_CH32V203_EVT/EXAM/BLE/LIB/wchble_rom.hex	0x00059d1e	8	known-prefix	bfd1
2	tmp/wch-evt/evt/QingkeV4B_CH32V203_EVT/EXAM/BLE/LIB/wchble_rom.hex	0x00059d5e	8	known-prefix	3fba
2	tmp/wch-evt/evt/QingkeV4B_CH32V203_EVT/EXAM/BLE/LIB/wchble_rom.hex	0x00059dcc	6	known-prefix	dfc6
2	tmp/wch-evt/evt/QingkeV4B_CH32V203_EVT/EXAM/BLE/LIB/wchble_rom.hex	0x00059f14	8	known-prefix	bff6
2	tmp/wch-evt/evt/QingkeV4B_CH32V203_EVT/EXAM/BLE/LIB/wchble_rom.hex	0x00059f2a	6	known-prefix	9ff1
2	tmp/wch-evt/evt/QingkeV4B_CH32V203_EVT/EXAM/BLE/LIB/wchble_rom.hex	0x00059f30	8	known-prefix	bfd3
2	tmp/wch-evt/evt/QingkeV4B_CH32V203_EVT/EXAM/BLE/LIB/wchble_rom.hex	0x00059f84	6	known-prefix	5f8d
2	tmp/wch-evt/evt/QingkeV4B_CH32V203_EVT/EXAM/BLE/LIB/wchble_rom.hex	0x00059f92	8	known-prefix	bf9f
2	tmp/wch-evt/evt/QingkeV4B_CH32V203_EVT/EXAM/BLE/LIB/wchble_rom.hex	0x00059f9c	8	known-prefix	bfa7
2	tmp/wch-evt/evt/QingkeV4B_CH32V203_EVT/EXAM/BLE/LIB/wchble_rom.hex	0x00059fba	8	known-prefix	bfae
2	tmp/wch-evt/evt/QingkeV4B_CH32V203_EVT/EXAM/BLE/LIB/wchble_rom.hex	0x00059fc2	8	known-prefix	bf9c
2	tmp/wch-evt/evt/QingkeV4B_CH32V203_EVT/EXAM/BLE/LIB/wchble_rom.hex	0x0005a026	16	known-prefix	7fb6
2	tmp/wch-evt/evt/QingkeV4B_CH32V203_EVT/EXAM/BLE/LIB/wchble_rom.hex	0x0005a156	22	known-prefix	7fee
2	tmp/wch-evt/evt/QingkeV4B_CH32V203_EVT/EXAM/BLE/LIB/wchble_rom.hex	0x0005b17e	6	known-prefix	9fe0
2	tmp/wch-evt/evt/QingkeV4B_CH32V203_EVT/EXAM/BLE/LIB/wchble_rom.hex	0x0005c370	16	known-prefix	ffb4
2	tmp/wch-evt/evt/QingkeV4B_CH32V203_EVT/EXAM/BLE/LIB/wchble_rom.hex	0x0005c3ec	8	known-prefix	3fad
2	tmp/wch-evt/evt/QingkeV4B_CH32V203_EVT/EXAM/BLE/LIB/wchble_rom.hex	0x0005c3fe	6	known-prefix	1fac
2	tmp/wch-evt/evt/QingkeV4B_CH32V203_EVT/EXAM/BLE/LIB/wchble_rom.hex	0x0005c8b4	6	known-prefix	1f85
2	tmp/wch-evt/evt/QingkeV4B_CH32V203_EVT/EXAM/BLE/LIB/wchble_rom.hex	0x0005ca14	6	known-prefix	9ff7
2	tmp/wch-evt/evt/QingkeV4B_CH32V203_EVT/EXAM/BLE/LIB/wchble_rom.hex	0x0005ce38	8	known-prefix	3fb4
2	tmp/wch-evt/evt/QingkeV4B_CH32V203_EVT/EXAM/BLE/LIB/wchble_rom.hex	0x0005d122	6	known-prefix	9fd0
2	tmp/wch-evt/evt/QingkeV4B_CH32V203_EVT/EXAM/BLE/LIB/wchble_rom.hex	0x0005dbb6	20	known-prefix	7fdd
2	tmp/wch-evt/evt/QingkeV4B_CH32V203_EVT/EXAM/BLE/LIB/wchble_rom.hex	0x0005dbc6	6	known-prefix	dffe
2	tmp/wch-evt/evt/QingkeV4B_CH32V203_EVT/EXAM/BLE/LIB/wchble_rom.hex	0x0005dbce	20	known-prefix	ffdb
2	tmp/wch-evt/evt/QingkeV4B_CH32V203_EVT/EXAM/BLE/LIB/wchble_rom.hex	0x0005dbfc	6	known-prefix	1fd9
2	tmp/wch-evt/evt/QingkeV4B_CH32V203_EVT/EXAM/BLE/LIB/wchble_rom.hex	0x0005dc84	6	known-prefix	9fd0
2	tmp/wch-evt/evt/QingkeV4B_CH32V203_EVT/EXAM/BLE/LIB/wchble_rom.hex	0x0005dd6c	6	known-prefix	1fc2
2	tmp/wch-evt/evt/QingkeV4B_CH32V203_EVT/EXAM/BLE/LIB/wchble_rom.hex	0x0005dedc	6	known-prefix	1fab
2	tmp/wch-evt/evt/QingkeV4B_CH32V203_EVT/EXAM/BLE/LIB/wchble_rom.hex	0x0005df3e	14	known-prefix	ffa4
2	tmp/wch-evt/evt/QingkeV4B_CH32V203_EVT/EXAM/BLE/LIB/wchble_rom.hex	0x0005dfb4	6	known-prefix	9f9d
2	tmp/wch-evt/evt/QingkeV4B_CH32V203_EVT/EXAM/BLE/LIB/wchble_rom.hex	0x0005e016	12	known-prefix	7f97
2	tmp/wch-evt/evt/QingkeV4B_CH32V203_EVT/EXAM/BLE/LIB/wchble_rom.hex	0x0005e06e	12	known-prefix	ff91
2	tmp/wch-evt/evt/QingkeV4B_CH32V203_EVT/EXAM/BLE/LIB/wchble_rom.hex	0x0005e138	6	known-prefix	5f85
2	tmp/wch-evt/evt/QingkeV4B_CH32V203_EVT/EXAM/BLE/LIB/wchble_rom.hex	0x0005e174	6	known-prefix	9f81
2	tmp/wch-evt/evt/QingkeV4B_CH32V203_EVT/EXAM/BLE/LIB/wchble_rom.hex	0x0005e26e	unknown	reserved-ge-192	7ff6
2	tmp/wch-evt/evt/QingkeV4B_CH32V203_EVT/EXAM/BLE/LIB/wchble_rom.hex	0x0005e5a4	unknown	reserved-ge-192	fff4
2	tmp/wch-evt/evt/QingkeV4B_CH32V203_EVT/EXAM/BLE/LIB/wchble_rom.hex	0x0005e6ac	unknown	reserved-ge-192	7ff9
2	tmp/wch-evt/evt/QingkeV4B_CH32V203_EVT/EXAM/BLE/LIB/wchble_rom.hex	0x0005e78c	22	known-prefix	7feb
2	tmp/wch-evt/evt/QingkeV4B_CH32V203_EVT/EXAM/BLE/LIB/wchble_rom.hex	0x0005ef34	22	known-prefix	ffea
2	tmp/wch-evt/evt/QingkeV4B_CH32V203_EVT/EXAM/BLE/LIB/wchble_rom.hex	0x0005ef5a	6	known-prefix	dfc5
2	tmp/wch-evt/evt/QingkeV4B_CH32V203_EVT/EXAM/BLE/LIB/wchble_rom.hex	0x0005f29c	6	known-prefix	9fce
2	tmp/wch-evt/evt/QingkeV4B_CH32V203_EVT/EXAM/BLE/LIB/wchble_rom.hex	0x0005fa76	6	known-prefix	dfa7
2	tmp/wch-evt/evt/QingkeV4B_CH32V203_EVT/EXAM/BLE/LIB/wchble_rom.hex	0x0005fbf2	6	known-prefix	5ffc
2	tmp/wch-evt/evt/QingkeV4B_CH32V203_EVT/EXAM/BLE/LIB/wchble_rom.hex	0x0005fd80	8	known-prefix	bff1
2	tmp/wch-evt/evt/QingkeV4B_CH32V203_EVT/EXAM/BLE/LIB/wchble_rom.hex	0x0005ffda	6	known-prefix	dfbd
2	tmp/wch-evt/evt/QingkeV4B_CH32V203_EVT/EXAM/BLE/LIB/wchble_rom.hex	0x0005ffe8	6	known-prefix	5fa5
2	tmp/wch-evt/evt/QingkeV4B_CH32V203_EVT/EXAM/BLE/LIB/wchble_rom.hex	0x0005fff4	8	known-prefix	3fb9
2	tmp/wch-evt/evt/QingkeV4B_CH32V203_EVT/EXAM/BLE/LIB/wchble_rom.hex	0x000600be	6	known-prefix	dfbd
2	tmp/wch-evt/evt/QingkeV4B_CH32V203_EVT/EXAM/BLE/LIB/wchble_rom.hex	0x000601c4	6	known-prefix	9f87
2	tmp/wch-evt/evt/QingkeV4B_CH32V203_EVT/EXAM/BLE/LIB/wchble_rom.hex	0x000601d2	6	known-prefix	5f9b
2	tmp/wch-evt/evt/QingkeV4B_CH32V203_EVT/EXAM/BLE/LIB/wchble_rom.hex	0x00060208	12	known-prefix	ff9a
2	tmp/wch-evt/evt/QingkeV4B_CH32V203_EVT/EXAM/BLE/LIB/wchble_rom.hex	0x00060210	8	known-prefix	3fce
2	tmp/wch-evt/evt/QingkeV4B_CH32V203_EVT/EXAM/BLE/LIB/wchble_rom.hex	0x000602c6	6	known-prefix	1f8f
2	tmp/wch-evt/evt/QingkeV4B_CH32V203_EVT/EXAM/BLE/LIB/wchble_rom.hex	0x00060580	20	known-prefix	7fd7
2	tmp/wch-evt/evt/QingkeV4B_CH32V203_EVT/EXAM/BLE/LIB/wchble_rom.hex	0x0006058e	6	known-prefix	1f80
2	tmp/wch-evt/evt/QingkeV4B_CH32V203_EVT/EXAM/BLE/LIB/wchble_rom.hex	0x000605fc	8	known-prefix	bfcf
2	tmp/wch-evt/evt/QingkeV4B_CH32V203_EVT/EXAM/BLE/LIB/wchble_rom.hex	0x00060698	8	known-prefix	3fba
2	tmp/wch-evt/evt/QingkeV4B_CH32V203_EVT/EXAM/BLE/LIB/wchble_rom.hex	0x000606cc	8	known-prefix	bfc2
2	tmp/wch-evt/evt/QingkeV4B_CH32V203_EVT/EXAM/BLE/LIB/wchble_rom.hex	0x000607a0	14	known-prefix	ffa1
2	tmp/wch-evt/evt/QingkeV4B_CH32V203_EVT/EXAM/BLE/LIB/wchble_rom.hex	0x000607ea	16	known-prefix	7fb3
2	tmp/wch-evt/evt/QingkeV4B_CH32V203_EVT/EXAM/BLE/LIB/wchble_rom.hex	0x000607f4	8	known-prefix	bf9c
2	tmp/wch-evt/evt/QingkeV4B_CH32V203_EVT/EXAM/BLE/LIB/wchble_rom.hex	0x00060936	6	known-prefix	dfbb
2	tmp/wch-evt/evt/QingkeV4B_CH32V203_EVT/EXAM/BLE/LIB/wchble_rom.hex	0x0006093e	8	known-prefix	3ff0
2	tmp/wch-evt/evt/QingkeV4B_CH32V203_EVT/EXAM/BLE/LIB/wchble_rom.hex	0x0006095c	8	known-prefix	3fd8
2	tmp/wch-evt/evt/QingkeV4B_CH32V203_EVT/EXAM/BLE/LIB/wchble_rom.hex	0x0006099a	8	known-prefix	3fff
2	tmp/wch-evt/evt/QingkeV4B_CH32V203_EVT/EXAM/BLE/LIB/wchble_rom.hex	0x00060c04	6	known-prefix	5fc5
2	tmp/wch-evt/evt/QingkeV4B_CH32V203_EVT/EXAM/BLE/LIB/wchble_rom.hex	0x00060c72	6	known-prefix	1fcf
2	tmp/wch-evt/evt/QingkeV4B_CH32V203_EVT/EXAM/BLE/LIB/wchble_rom.hex	0x00060d24	8	known-prefix	bfc2
2	tmp/wch-evt/evt/QingkeV4B_CH32V203_EVT/EXAM/BLE/LIB/wchble_rom.hex	0x00060d38	8	known-prefix	bfd3
2	tmp/wch-evt/evt/QingkeV4B_CH32V203_EVT/EXAM/BLE/LIB/wchble_rom.hex	0x00060da8	8	known-prefix	bf92
2	tmp/wch-evt/evt/QingkeV4B_CH32V203_EVT/EXAM/BLE/LIB/wchble_rom.hex	0x00060dc0	6	known-prefix	9f93
2	tmp/wch-evt/evt/QingkeV4B_CH32V203_EVT/EXAM/BLE/LIB/wchble_rom.hex	0x00060dd8	6	known-prefix	9f9f
2	tmp/wch-evt/evt/QingkeV4B_CH32V203_EVT/EXAM/BLE/LIB/wchble_rom.hex	0x00060e0e	8	known-prefix	bfb8
2	tmp/wch-evt/evt/QingkeV4B_CH32V203_EVT/EXAM/BLE/LIB/wchble_rom.hex	0x00060e28	8	known-prefix	bfbb
2	tmp/wch-evt/evt/QingkeV4B_CH32V203_EVT/EXAM/BLE/LIB/wchble_rom.hex	0x00060e56	22	known-prefix	7feb
2	tmp/wch-evt/evt/QingkeV4B_CH32V203_EVT/EXAM/BLE/LIB/wchble_rom.hex	0x00060ea2	6	known-prefix	5fc5
2	tmp/wch-evt/evt/QingkeV4B_CH32V203_EVT/EXAM/BLE/LIB/wchble_rom.hex	0x00060ed4	8	known-prefix	bf88
2	tmp/wch-evt/evt/QingkeV4B_CH32V203_EVT/EXAM/BLE/LIB/wchble_rom.hex	0x00060eee	6	known-prefix	5ffa
2	tmp/wch-evt/evt/QingkeV4B_CH32V203_EVT/EXAM/BLE/LIB/wchble_rom.hex	0x00060f7a	6	known-prefix	9f9e
2	tmp/wch-evt/evt/QingkeV4B_CH32V203_EVT/EXAM/BLE/LIB/wchble_rom.hex	0x00060fe2	6	known-prefix	1f98
2	tmp/wch-evt/evt/QingkeV4B_CH32V203_EVT/EXAM/BLE/LIB/wchble_rom.hex	0x00061038	8	known-prefix	bfa3
2	tmp/wch-evt/evt/QingkeV4B_CH32V203_EVT/EXAM/BLE/LIB/wchble_rom.hex	0x00061058	8	known-prefix	bf90
2	tmp/wch-evt/evt/QingkeV4B_CH32V203_EVT/EXAM/BLE/LIB/wchble_rom.hex	0x0006106a	6	known-prefix	9f8f
2	tmp/wch-evt/evt/QingkeV4B_CH32V203_EVT/EXAM/BLE/LIB/wchble_rom.hex	0x00061092	6	known-prefix	1f8d
2	tmp/wch-evt/evt/QingkeV4B_CH32V203_EVT/EXAM/BLE/LIB/wchble_rom.hex	0x000611fa	6	known-prefix	5fec
2	tmp/wch-evt/evt/QingkeV4B_CH32V203_EVT/EXAM/BLE/LIB/wchble_rom.hex	0x00061288	8	known-prefix	3f99
2	tmp/wch-evt/evt/QingkeV4B_CH32V203_EVT/EXAM/BLE/LIB/wchble_rom.hex	0x000616c0	6	known-prefix	5fb3
2	tmp/wch-evt/evt/QingkeV4B_CH32V203_EVT/EXAM/BLE/LIB/wchble_rom.hex	0x00061716	8	known-prefix	3fb2
2	tmp/wch-evt/evt/QingkeV4B_CH32V203_EVT/EXAM/BLE/LIB/wchble_rom.hex	0x00061854	8	known-prefix	3f9c
2	tmp/wch-evt/evt/QingkeV4B_CH32V203_EVT/EXAM/BLE/LIB/wchble_rom.hex	0x00061860	6	known-prefix	9f96
2	tmp/wch-evt/evt/QingkeV4B_CH32V203_EVT/EXAM/BLE/LIB/wchble_rom.hex	0x00061894	6	known-prefix	5f9f
2	tmp/wch-evt/evt/QingkeV4B_CH32V203_EVT/EXAM/BLE/LIB/wchble_rom.hex	0x000618c6	8	known-prefix	3fac
2	tmp/wch-evt/evt/QingkeV4B_CH32V203_EVT/EXAM/BLE/LIB/wchble_rom.hex	0x00061a9c	6	known-prefix	5fe6
2	tmp/wch-evt/evt/QingkeV4B_CH32V203_EVT/EXAM/BLE/LIB/wchble_rom.hex	0x00061bd2	22	known-prefix	7fe6
2	tmp/wch-evt/evt/QingkeV4B_CH32V203_EVT/EXAM/BLE/LIB/wchble_rom.hex	0x00061c72	6	known-prefix	1f88
2	tmp/wch-evt/evt/QingkeV4B_CH32V203_EVT/EXAM/BLE/LIB/wchble_rom.hex	0x00061f70	6	known-prefix	dfee
2	tmp/wch-evt/evt/QingkeV4B_CH32V203_EVT/EXAM/BLE/LIB/wchble_rom.hex	0x00062332	8	known-prefix	3f95
2	tmp/wch-evt/evt/QingkeV4B_CH32V203_EVT/EXAM/BLE/LIB/wchble_rom.hex	0x0006250e	6	known-prefix	5ffe
2	tmp/wch-evt/evt/QingkeV4B_CH32V203_EVT/EXAM/BLE/LIB/wchble_rom.hex	0x00062526	6	known-prefix	dffc
2	tmp/wch-evt/evt/QingkeV4B_CH32V203_EVT/EXAM/BLE/LIB/wchble_rom.hex	0x0006284a	6	known-prefix	dfb6
2	tmp/wch-evt/evt/QingkeV4B_CH32V203_EVT/EXAM/BLE/LIB/wchble_rom.hex	0x00062986	6	known-prefix	dfb6
2	tmp/wch-evt/evt/QingkeV4B_CH32V203_EVT/EXAM/BLE/LIB/wchble_rom.hex	0x00062bd2	8	known-prefix	bf95
2	tmp/wch-evt/evt/QingkeV4B_CH32V203_EVT/EXAM/BLE/LIB/wchble_rom.hex	0x00062cde	6	known-prefix	5f81
2	tmp/wch-evt/evt/QingkeV4B_CH32V203_EVT/EXAM/BLE/LIB/wchble_rom.hex	0x00062ea6	8	known-prefix	bf9a
2	tmp/wch-evt/evt/QingkeV4B_CH32V203_EVT/EXAM/BLE/LIB/wchble_rom.hex	0x00062fe4	unknown	reserved-ge-192	7ffe
2	tmp/wch-evt/evt/QingkeV4B_CH32V203_EVT/EXAM/BLE/LIB/wchble_rom.hex	0x000632c6	6	known-prefix	5f95
2	tmp/wch-evt/evt/QingkeV4B_CH32V203_EVT/EXAM/BLE/LIB/wchble_rom.hex	0x0006342c	14	known-prefix	ffa7
2	tmp/wch-evt/evt/QingkeV4B_CH32V203_EVT/EXAM/BLE/LIB/wchble_rom.hex	0x000639b8	8	known-prefix	bfe4
2	tmp/wch-evt/evt/QingkeV4B_CH32V203_EVT/EXAM/BLE/LIB/wchble_rom.hex	0x00063dc0	8	known-prefix	3f00
2	tmp/wch-evt/evt/QingkeV4B_CH32V203_EVT/EXAM/BLE/LIB/wchble_rom.hex	0x00063e1a	8	known-prefix	3f00
2	tmp/wch-evt/evt/QingkeV4B_CH32V203_EVT/EXAM/BLE/LIB/wchble_rom.hex	0x00063f32	unknown	reserved-ge-192	fffb
2	tmp/wch-evt/evt/QingkeV4B_CH32V203_EVT/EXAM/BLE/LIB/wchble_rom.hex	0x0006403e	unknown	reserved-ge-192	7ff0
2	tmp/wch-evt/evt/QingkeV4B_CH32V203_EVT/EXAM/BLE/LIB/wchble_rom.hex	0x0006409c	8	known-prefix	bff2
2	tmp/wch-evt/evt/QingkeV4B_CH32V203_EVT/EXAM/BLE/LIB/wchble_rom.hex	0x000642e4	8	known-prefix	3fce
2	tmp/wch-evt/evt/QingkeV4B_CH32V203_EVT/EXAM/BLE/LIB/wchble_rom.hex	0x000643f6	22	known-prefix	7fea
2	tmp/wch-evt/evt/QingkeV4B_CH32V203_EVT/EXAM/BLE/LIB/wchble_rom.hex	0x00064502	8	known-prefix	3fa4
2	tmp/wch-evt/evt/QingkeV4B_CH32V203_EVT/EXAM/BLE/LIB/wchble_rom.hex	0x00064522	6	known-prefix	5ffd
2	tmp/wch-evt/evt/QingkeV4B_CH32V203_EVT/EXAM/BLE/LIB/wchble_rom.hex	0x0006454c	8	known-prefix	bffa
2	tmp/wch-evt/evt/QingkeV4B_CH32V203_EVT/EXAM/BLE/LIB/wchble_rom.hex	0x00064696	6	known-prefix	1fe6
2	tmp/wch-evt/evt/QingkeV4B_CH32V203_EVT/EXAM/BLE/LIB/wchble_rom.hex	0x000646de	6	known-prefix	9fe1
2	tmp/wch-evt/evt/QingkeV4B_CH32V203_EVT/EXAM/BLE/LIB/wchble_rom.hex	0x0006476a	6	known-prefix	dfd8
2	tmp/wch-evt/evt/QingkeV4B_CH32V203_EVT/EXAM/BLE/LIB/wchble_rom.hex	0x000647be	6	known-prefix	9fc7
2	tmp/wch-evt/evt/QingkeV4B_CH32V203_EVT/EXAM/BLE/LIB/wchble_rom.hex	0x000648f6	6	known-prefix	1fb4
2	tmp/wch-evt/evt/QingkeV4B_CH32V203_EVT/EXAM/BLE/LIB/wchble_rom.hex	0x00064af4	unknown	reserved-ge-192	fff5
2	tmp/wch-evt/evt/QingkeV4B_CH32V203_EVT/EXAM/BLE/LIB/wchble_rom.hex	0x00064b3e	8	known-prefix	3fd4
2	tmp/wch-evt/evt/QingkeV4B_CH32V203_EVT/EXAM/BLE/LIB/wchble_rom.hex	0x00064f66	6	known-prefix	5fc9
2	tmp/wch-evt/evt/QingkeV4B_CH32V203_EVT/EXAM/BLE/LIB/wchble_rom.hex	0x00065176	8	known-prefix	bfbc
2	tmp/wch-evt/evt/QingkeV4B_CH32V203_EVT/EXAM/BLE/LIB/wchble_rom.hex	0x0006538a	18	known-prefix	7fc6
2	tmp/wch-evt/evt/QingkeV4B_CH32V203_EVT/EXAM/BLE/LIB/wchble_rom.hex	0x00065632	8	known-prefix	3f91
2	tmp/wch-evt/evt/QingkeV4B_CH32V203_EVT/EXAM/BLE/LIB/wchble_rom.hex	0x0006565a	12	known-prefix	7f99
2	tmp/wch-evt/evt/QingkeV4B_CH32V203_EVT/EXAM/BLE/LIB/wchble_rom.hex	0x000656ce	6	known-prefix	9fe2
2	tmp/wch-evt/evt/QingkeV4B_CH32V203_EVT/EXAM/BLE/LIB/wchble_rom.hex	0x00065724	8	known-prefix	3fdd
2	tmp/wch-evt/evt/QingkeV4B_CH32V203_EVT/EXAM/BLE/LIB/wchble_rom.hex	0x0006578a	10	known-prefix	7f86
2	tmp/wch-evt/evt/QingkeV4B_CH32V203_EVT/EXAM/BLE/LIB/wchble_rom.hex	0x00065854	unknown	reserved-ge-192	fff5
2	tmp/wch-evt/evt/QingkeV4B_CH32V203_EVT/EXAM/BLE/LIB/wchble_rom.hex	0x00065940	6	known-prefix	1ff4
2	tmp/wch-evt/evt/QingkeV4B_CH32V203_EVT/EXAM/BLE/LIB/wchble_rom.hex	0x00065976	6	known-prefix	1fed
2	tmp/wch-evt/evt/QingkeV4B_CH32V203_EVT/EXAM/BLE/LIB/wchble_rom.hex	0x000659b0	16	known-prefix	7fb4
2	tmp/wch-evt/evt/QingkeV4B_CH32V203_EVT/EXAM/BLE/LIB/wchble_rom.hex	0x000659c2	6	known-prefix	5fb3
2	tmp/wch-evt/evt/QingkeV4B_CH32V203_EVT/EXAM/BLE/LIB/wchble_rom.hex	0x00065aa8	6	known-prefix	dfe1
2	tmp/wch-evt/evt/QingkeV4B_CH32V203_EVT/EXAM/BLE/LIB/wchble_rom.hex	0x00065ac6	6	known-prefix	1fd8
2	tmp/wch-evt/evt/QingkeV4B_CH32V203_EVT/EXAM/BLE/LIB/wchble_rom.hex	0x00065bf6	6	known-prefix	dfe5
2	tmp/wch-evt/evt/QingkeV4B_CH32V203_EVT/EXAM/BLE/LIB/wchble_rom.hex	0x00065c48	6	known-prefix	dfb4
2	tmp/wch-evt/evt/QingkeV4B_CH32V203_EVT/EXAM/BLE/LIB/wchble_rom.hex	0x00065cd8	8	known-prefix	3ff2
2	tmp/wch-evt/evt/QingkeV4B_CH32V203_EVT/EXAM/BLE/LIB/wchble_rom.hex	0x00065d78	8	known-prefix	bfa3
2	tmp/wch-evt/evt/QingkeV4B_CH32V203_EVT/EXAM/BLE/LIB/wchble_rom.hex	0x00065e22	8	known-prefix	3f97
2	tmp/wch-evt/evt/QingkeV4B_CH32V203_EVT/EXAM/BLE/LIB/wchble_rom.hex	0x00065e3c	12	known-prefix	7f97
2	tmp/wch-evt/evt/QingkeV4B_CH32V203_EVT/EXAM/BLE/LIB/wchble_rom.hex	0x00065e66	6	known-prefix	5fdb
2	tmp/wch-evt/evt/QingkeV4B_CH32V203_EVT/EXAM/BLE/LIB/wchble_rom.hex	0x00065ec2	8	known-prefix	3f8d
2	tmp/wch-evt/evt/QingkeV4B_CH32V203_EVT/EXAM/BLE/LIB/wchble_rom.hex	0x00065f0e	8	known-prefix	3fe3
2	tmp/wch-evt/evt/QingkeV4B_CH32V203_EVT/EXAM/BLE/LIB/wchble_rom.hex	0x00065f84	18	known-prefix	7fc7
2	tmp/wch-evt/evt/QingkeV4B_CH32V203_EVT/EXAM/BLE/LIB/wchble_rom.hex	0x00066066	22	known-prefix	ffed
2	tmp/wch-evt/evt/QingkeV4B_CH32V203_EVT/EXAM/BLE/LIB/wchble_rom.hex	0x00066212	unknown	reserved-ge-192	7ffc
2	tmp/wch-evt/evt/QingkeV4B_CH32V203_EVT/EXAM/BLE/LIB/wchble_rom.hex	0x00067218	6	known-prefix	df02
2	tmp/wch-evt/evt/QingkeV4B_CH32V203_EVT/EXAM/BLE/LIB/wchble_rom.hex	0x00067220	10	known-prefix	ff00
2	tmp/wch-evt/evt/QingkeV4B_CH32V203_EVT/EXAM/BLE/LIB/wchble_rom.hex	0x00067252	6	known-prefix	df02
2	tmp/wch-evt/evt/QingkeV4B_CH32V203_EVT/EXAM/BLE/LIB/wchble_rom.hex	0x0006725a	10	known-prefix	ff00
2	tmp/wch-evt/evt/QingkeV4B_CH32V203_EVT/EXAM/BLE/LIB/wchble_rom.hex	0x00067d4a	8	known-prefix	bfeb
2	tmp/wch-evt/evt/QingkeV4B_CH32V203_EVT/EXAM/BLE/LIB/wchble_rom.hex	0x00067dee	6	known-prefix	1fd8
2	tmp/wch-evt/evt/QingkeV4B_CH32V203_EVT/EXAM/BLE/LIB/wchble_rom.hex	0x00067e32	8	known-prefix	3fd8
2	tmp/wch-evt/evt/QingkeV4B_CH32V203_EVT/EXAM/BLE/LIB/wchble_rom.hex	0x00068256	20	known-prefix	ffd6
2	tmp/wch-evt/evt/QingkeV4B_CH32V203_EVT/EXAM/BLE/LIB/wchble_rom.hex	0x00068b54	6	known-prefix	dfb5
2	tmp/wch-evt/evt/QingkeV4B_CH32V203_EVT/EXAM/BLE/LIB/wchble_rom.hex	0x00068b9a	6	known-prefix	9fc5
2	tmp/wch-evt/evt/QingkeV4B_CH32V203_EVT/EXAM/BLE/LIB/wchble_rom.hex	0x00068edc	8	known-prefix	bfbd
2	tmp/wch-evt/evt/QingkeV4B_CH32V203_EVT/EXAM/BLE/LIB/wchble_rom.hex	0x00068ee4	16	known-prefix	ffb6
2	tmp/wch-evt/evt/QingkeV4B_CH32V203_EVT/EXAM/BLE/LIB/wchble_rom.hex	0x000698aa	8	known-prefix	bf91
2	tmp/wch-evt/evt/QingkeV4B_CH32V203_EVT/EXAM/BLE/LIB/wchble_rom.hex	0x00069ada	20	known-prefix	7fd6
2	tmp/wch-evt/evt/QingkeV4B_CH32V203_EVT/EXAM/BLE/LIB/wchble_rom.hex	0x0006a124	6	known-prefix	5f93
2	tmp/wch-evt/evt/QingkeV4B_CH32V203_EVT/EXAM/BLE/LIB/wchble_rom.hex	0x0006a756	14	known-prefix	ffa6
2	tmp/wch-evt/evt/QingkeV4B_CH32V203_EVT/EXAM/BLE/LIB/wchble_rom.hex	0x0006b0b4	6	known-prefix	1ff8
2	tmp/wch-evt/evt/QingkeV4B_CH32V203_EVT/EXAM/BLE/LIB/wchble_rom.hex	0x0006b228	unknown	reserved-ge-192	fff9
2	tmp/wch-evt/evt/QingkeV4B_CH32V203_EVT/EXAM/BLE/LIB/wchble_rom.hex	0x0006b34a	22	known-prefix	ffea
2	tmp/wch-evt/evt/QingkeV4B_CH32V203_EVT/EXAM/BLE/LIB/wchble_rom.hex	0x0006b448	20	known-prefix	7fd2
2	tmp/wch-evt/evt/QingkeV4B_CH32V203_EVT/EXAM/BLE/LIB/wchble_rom.hex	0x0006b490	18	known-prefix	ffcd
2	tmp/wch-evt/evt/QingkeV4B_CH32V203_EVT/EXAM/BLE/LIB/wchble_rom.hex	0x0006b49e	22	known-prefix	7feb
2	tmp/wch-evt/evt/QingkeV4B_CH32V203_EVT/EXAM/BLE/LIB/wchble_rom.hex	0x0006b4ac	unknown	reserved-ge-192	fff0
2	tmp/wch-evt/evt/QingkeV4B_CH32V203_EVT/EXAM/BLE/LIB/wchble_rom.hex	0x0006b4c0	6	known-prefix	5ff8
2	tmp/wch-evt/evt/QingkeV4B_CH32V203_EVT/EXAM/BLE/LIB/wchble_rom.hex	0x0006b770	8	known-prefix	3ff8
2	tmp/wch-evt/evt/QingkeV4B_CH32V203_EVT/EXAM/BLE/LIB/wchble_rom.hex	0x0006b8fe	14	known-prefix	7fa5
2	tmp/wch-evt/evt/QingkeV4B_CH32V203_EVT/EXAM/BLE/LIB/wchble_rom.hex	0x0006b90c	14	known-prefix	ffaa
2	tmp/wch-evt/evt/QingkeV4B_CH32V203_EVT/EXAM/BLE/LIB/wchble_rom.hex	0x0006b910	6	known-prefix	5fb3
2	tmp/wch-evt/evt/QingkeV4B_CH32V203_EVT/EXAM/BLE/LIB/wchble_rom.hex	0x0006c100	10	known-prefix	7f81
2	tmp/wch-evt/evt/QingkeV4B_CH32V203_EVT/EXAM/BLE/LIB/wchble_rom.hex	0x0006c142	6	known-prefix	1fee
2	tmp/wch-evt/evt/QingkeV4B_CH32V203_EVT/EXAM/BLE/LIB/wchble_rom.hex	0x0006c154	unknown	reserved-ge-192	7fff
2	tmp/wch-evt/evt/QingkeV4B_CH32V203_EVT/EXAM/BLE/LIB/wchble_rom.hex	0x0006c1c0	8	known-prefix	3fe6
2	tmp/wch-evt/evt/QingkeV4B_CH32V203_EVT/EXAM/BLE/LIB/wchble_rom.hex	0x0006c258	8	known-prefix	bfdc
2	tmp/wch-evt/evt/QingkeV4B_CH32V203_EVT/EXAM/BLE/LIB/wchble_rom.hex	0x0006c39e	6	known-prefix	5fc8
2	tmp/wch-evt/evt/QingkeV4B_CH32V203_EVT/EXAM/BLE/LIB/wchble_rom.hex	0x0006c3b0	8	known-prefix	bfd9
2	tmp/wch-evt/evt/QingkeV4B_CH32V203_EVT/EXAM/BLE/LIB/wchble_rom.hex	0x0006c44a	18	known-prefix	ffcd
2	tmp/wch-evt/evt/QingkeV4B_CH32V203_EVT/EXAM/BLE/LIB/wchble_rom.hex	0x0006c492	6	known-prefix	5fed
2	tmp/wch-evt/evt/QingkeV4B_CH32V203_EVT/EXAM/BLE/LIB/wchble_rom.hex	0x0006c506	unknown	reserved-ge-192	7ff6
2	tmp/wch-evt/evt/QingkeV4B_CH32V203_EVT/EXAM/BLE/LIB/wchble_rom.hex	0x0006c7ac	16	known-prefix	7fb7
2	tmp/wch-evt/evt/QingkeV4B_CH32V203_EVT/EXAM/BLE/LIB/wchble_rom.hex	0x0006c7b4	6	known-prefix	9fcb
2	tmp/wch-evt/evt/QingkeV4B_CH32V203_EVT/EXAM/BLE/LIB/wchble_rom.hex	0x0006c7e2	6	known-prefix	1f84
2	tmp/wch-evt/evt/QingkeV4B_CH32V203_EVT/EXAM/BLE/LIB/wchble_rom.hex	0x0006c800	6	known-prefix	9f9f
2	tmp/wch-evt/evt/QingkeV4B_CH32V203_EVT/EXAM/BLE/LIB/wchble_rom.hex	0x0006c88a	6	known-prefix	1fc8
2	tmp/wch-evt/evt/QingkeV4B_CH32V203_EVT/EXAM/BLE/LIB/wchble_rom.hex	0x0006c8f8	8	known-prefix	3fc1
2	tmp/wch-evt/evt/QingkeV4B_CH32V203_EVT/EXAM/BLE/LIB/wchble_rom.hex	0x0006c9c8	6	known-prefix	5faa
2	tmp/wch-evt/evt/QingkeV4B_CH32V203_EVT/EXAM/BLE/LIB/wchble_rom.hex	0x0006c9ec	6	known-prefix	1fa8
2	tmp/wch-evt/evt/QingkeV4B_CH32V203_EVT/EXAM/BLE/LIB/wchble_rom.hex	0x0006ccb0	6	known-prefix	5fa9
2	tmp/wch-evt/evt/QingkeV4B_CH32V203_EVT/EXAM/BLE/LIB/wchble_rom.hex	0x0006ccfa	18	known-prefix	7fc6
2	tmp/wch-evt/evt/QingkeV4B_CH32V203_EVT/EXAM/BLE/LIB/wchble_rom.hex	0x0006cd08	6	known-prefix	9fc5
2	tmp/wch-evt/evt/QingkeV4B_CH32V203_EVT/EXAM/BLE/LIB/wchble_rom.hex	0x0006cd44	8	known-prefix	3f85
2	tmp/wch-evt/evt/QingkeV4B_CH32V203_EVT/EXAM/BLE/LIB/wchble_rom.hex	0x0006cd56	10	known-prefix	ff86
2	tmp/wch-evt/evt/QingkeV4B_CH32V203_EVT/EXAM/BLE/LIB/wchble_rom.hex	0x0006ce9e	6	known-prefix	5fcb
2	tmp/wch-evt/evt/QingkeV4B_CH32V203_EVT/EXAM/BLE/LIB/wchble_rom.hex	0x0006cefc	6	known-prefix	9f84
2	tmp/wch-evt/evt/QingkeV4B_CH32V203_EVT/EXAM/BLE/LIB/wchble_rom.hex	0x0006cf74	6	known-prefix	df9e
2	tmp/wch-evt/evt/QingkeV4B_CH32V203_EVT/EXAM/BLE/LIB/wchble_rom.hex	0x0006cf82	12	known-prefix	ff9d
2	tmp/wch-evt/evt/QingkeV4B_CH32V203_EVT/EXAM/BLE/LIB/wchble_rom.hex	0x0006d340	8	known-prefix	3f81
2	tmp/wch-evt/evt/QingkeV4B_CH32V203_EVT/EXAM/BLE/LIB/wchble_rom.hex	0x0006d454	18	known-prefix	ffcc
2	tmp/wch-evt/evt/QingkeV4B_CH32V203_EVT/EXAM/BLE/LIB/wchble_rom.hex	0x0006d48c	unknown	reserved-ge-192	7ff7
2	tmp/wch-evt/evt/QingkeV4B_CH32V203_EVT/EXAM/BLE/LIB/wchble_rom.hex	0x0006d4b2	6	known-prefix	1ff5
2	tmp/wch-evt/evt/QingkeV4B_CH32V203_EVT/EXAM/BLE/LIB/wchble_rom.hex	0x0006d706	16	known-prefix	7fba
2	tmp/wch-evt/evt/QingkeV4B_CH32V203_EVT/EXAM/BLE/LIB/wchble_rom.hex	0x0006de20	6	known-prefix	df95
2	tmp/wch-evt/evt/QingkeV4B_CH32V203_EVT/EXAM/BLE/LIB/wchble_rom.hex	0x0006de24	6	known-prefix	df88
2	tmp/wch-evt/evt/QingkeV4B_CH32V203_EVT/EXAM/BLE/LIB/wchble_rom.hex	0x0006de2c	16	known-prefix	7fb1
2	tmp/wch-evt/evt/QingkeV4B_CH32V203_EVT/EXAM/BLE/LIB/wchble_rom.hex	0x0006df04	8	known-prefix	bfe2
2	tmp/wch-evt/evt/QingkeV4B_CH32V203_EVT/EXAM/BLE/LIB/wchble_rom.hex	0x0006df0c	6	known-prefix	dfcf
2	tmp/wch-evt/evt/QingkeV4B_CH32V203_EVT/EXAM/BLE/LIB/wchble_rom.hex	0x0006e0ac	8	known-prefix	3ff5
2	tmp/wch-evt/evt/QingkeV4B_CH32V203_EVT/EXAM/BLE/LIB/wchble_rom.hex	0x0006e3fa	unknown	reserved-ge-192	ffff
2	tmp/wch-evt/evt/QingkeV4B_CH32V203_EVT/EXAM/BLE/LIB/wchble_rom.hex	0x0006e6fa	10	known-prefix	ff00
2	tmp/wch-evt/evt/QingkeV4B_CH32V203_EVT/EXAM/BLE/LIB/wchble_rom.hex	0x0006e898	6	known-prefix	5f42
2	tmp/wch-evt/evt/QingkeV4B_CH32V203_EVT/EXAM/BLE/LIB/wchble_rom.hex	0x0006e89c	6	known-prefix	5f4c
2	tmp/wch-evt/evt/QingkeV4B_CH32V203_EVT/EXAM/BLE/LIB/wchble_rom.hex	0x0006e8a0	6	known-prefix	5f56
2	tmp/wch-evt/evt/QingkeV4B_CH32V203_EVT/EXAM/BLE/LIB/wchble_rom.hex	0x0006ec5c	unknown	truncated-or-gap	0328
2	tmp/wch-evt/evt/QingkeV4B_CH32V203_EVT/EXAM/BLE/LIB/wchble_rom.hex	0x0006ec88	unknown	truncated-or-gap	032a
2	tmp/wch-evt/evt/QingkeV4B_CH32V203_EVT/EXAM/BLE/LIB/wchble_rom.hex	0x0006ecbc	8	known-prefix	3f2f
2	tmp/wch-evt/evt/QingkeV4B_CH32V203_EVT/EXAM/BLE/LIB/wchble_rom.hex	0x0006ed08	10	known-prefix	ff00
2	tmp/wch-evt/evt/QingkeV4B_CH32V203_EVT/EXAM/BLE/LIB/wchble_rom.hex	0x0006ed16	unknown	truncated-or-gap	ff20
2	tmp/wch-evt/evt/QingkeV4B_CH32V203_EVT/EXAM/BLE/MESH/MESH_LIB/wchble_rom_mesh.hex	0x0004ed8e	10	known-prefix	7f81
2	tmp/wch-evt/evt/QingkeV4B_CH32V203_EVT/EXAM/BLE/MESH/MESH_LIB/wchble_rom_mesh.hex	0x0004fac4	6	known-prefix	1fbf
2	tmp/wch-evt/evt/QingkeV4B_CH32V203_EVT/EXAM/BLE/MESH/MESH_LIB/wchble_rom_mesh.hex	0x0004fb88	6	known-prefix	dfb2
2	tmp/wch-evt/evt/QingkeV4B_CH32V203_EVT/EXAM/BLE/MESH/MESH_LIB/wchble_rom_mesh.hex	0x00050720	6	known-prefix	1fcf
2	tmp/wch-evt/evt/QingkeV4B_CH32V203_EVT/EXAM/BLE/MESH/MESH_LIB/wchble_rom_mesh.hex	0x0005072a	6	known-prefix	9fb2
2	tmp/wch-evt/evt/QingkeV4B_CH32V203_EVT/EXAM/BLE/MESH/MESH_LIB/wchble_rom_mesh.hex	0x000525c0	8	known-prefix	bf8f
2	tmp/wch-evt/evt/QingkeV4B_CH32V203_EVT/EXAM/BLE/MESH/MESH_LIB/wchble_rom_mesh.hex	0x0005261a	6	known-prefix	1f8a
2	tmp/wch-evt/evt/QingkeV4B_CH32V203_EVT/EXAM/BLE/MESH/MESH_LIB/wchble_rom_mesh.hex	0x0005266c	10	known-prefix	ff84
2	tmp/wch-evt/evt/QingkeV4B_CH32V203_EVT/EXAM/BLE/MESH/MESH_LIB/wchble_rom_mesh.hex	0x000526b6	6	known-prefix	5f80
2	tmp/wch-evt/evt/QingkeV4B_CH32V203_EVT/EXAM/BLE/MESH/MESH_LIB/wchble_rom_mesh.hex	0x000529ea	6	known-prefix	dfe4
2	tmp/wch-evt/evt/QingkeV4B_CH32V203_EVT/EXAM/BLE/MESH/MESH_LIB/wchble_rom_mesh.hex	0x00052a30	unknown	reserved-ge-192	7ffa
2	tmp/wch-evt/evt/QingkeV4B_CH32V203_EVT/EXAM/BLE/MESH/MESH_LIB/wchble_rom_mesh.hex	0x00052d3a	22	known-prefix	ffe3
2	tmp/wch-evt/evt/QingkeV4B_CH32V203_EVT/EXAM/BLE/MESH/MESH_LIB/wchble_rom_mesh.hex	0x00052f1c	8	known-prefix	bf91
2	tmp/wch-evt/evt/QingkeV4B_CH32V203_EVT/EXAM/BLE/MESH/MESH_LIB/wchble_rom_mesh.hex	0x00052fb2	6	known-prefix	5f88
2	tmp/wch-evt/evt/QingkeV4B_CH32V203_EVT/EXAM/BLE/MESH/MESH_LIB/wchble_rom_mesh.hex	0x000532ea	6	known-prefix	df93
2	tmp/wch-evt/evt/QingkeV4B_CH32V203_EVT/EXAM/BLE/MESH/MESH_LIB/wchble_rom_mesh.hex	0x00053462	6	known-prefix	9f82
2	tmp/wch-evt/evt/QingkeV4B_CH32V203_EVT/EXAM/BLE/MESH/MESH_LIB/wchble_rom_mesh.hex	0x0005384e	6	known-prefix	9ffe
2	tmp/wch-evt/evt/QingkeV4B_CH32V203_EVT/EXAM/BLE/MESH/MESH_LIB/wchble_rom_mesh.hex	0x000538f6	6	known-prefix	1ff4
2	tmp/wch-evt/evt/QingkeV4B_CH32V203_EVT/EXAM/BLE/MESH/MESH_LIB/wchble_rom_mesh.hex	0x00053a5a	6	known-prefix	dfdd
2	tmp/wch-evt/evt/QingkeV4B_CH32V203_EVT/EXAM/BLE/MESH/MESH_LIB/wchble_rom_mesh.hex	0x00053af8	20	known-prefix	ffd5
2	tmp/wch-evt/evt/QingkeV4B_CH32V203_EVT/EXAM/BLE/MESH/MESH_LIB/wchble_rom_mesh.hex	0x00053bf4	6	known-prefix	5fbf
2	tmp/wch-evt/evt/QingkeV4B_CH32V203_EVT/EXAM/BLE/MESH/MESH_LIB/wchble_rom_mesh.hex	0x00053d52	6	known-prefix	5fae
2	tmp/wch-evt/evt/QingkeV4B_CH32V203_EVT/EXAM/BLE/MESH/MESH_LIB/wchble_rom_mesh.hex	0x00053e04	6	known-prefix	1fe6
2	tmp/wch-evt/evt/QingkeV4B_CH32V203_EVT/EXAM/BLE/MESH/MESH_LIB/wchble_rom_mesh.hex	0x00053eb2	8	known-prefix	3f9b
2	tmp/wch-evt/evt/QingkeV4B_CH32V203_EVT/EXAM/BLE/MESH/MESH_LIB/wchble_rom_mesh.hex	0x00053ec6	6	known-prefix	1f97
2	tmp/wch-evt/evt/QingkeV4B_CH32V203_EVT/EXAM/BLE/MESH/MESH_LIB/wchble_rom_mesh.hex	0x00053ee6	8	known-prefix	3fac
2	tmp/wch-evt/evt/QingkeV4B_CH32V203_EVT/EXAM/BLE/MESH/MESH_LIB/wchble_rom_mesh.hex	0x00053f9c	6	known-prefix	9fcc
2	tmp/wch-evt/evt/QingkeV4B_CH32V203_EVT/EXAM/BLE/MESH/MESH_LIB/wchble_rom_mesh.hex	0x00054152	6	known-prefix	5fc0
2	tmp/wch-evt/evt/QingkeV4B_CH32V203_EVT/EXAM/BLE/MESH/MESH_LIB/wchble_rom_mesh.hex	0x000541de	6	known-prefix	9fa4
2	tmp/wch-evt/evt/QingkeV4B_CH32V203_EVT/EXAM/BLE/MESH/MESH_LIB/wchble_rom_mesh.hex	0x000542ea	6	known-prefix	dfe4
2	tmp/wch-evt/evt/QingkeV4B_CH32V203_EVT/EXAM/BLE/MESH/MESH_LIB/wchble_rom_mesh.hex	0x00054334	22	known-prefix	7feb
2	tmp/wch-evt/evt/QingkeV4B_CH32V203_EVT/EXAM/BLE/MESH/MESH_LIB/wchble_rom_mesh.hex	0x0005448c	8	known-prefix	3f87
2	tmp/wch-evt/evt/QingkeV4B_CH32V203_EVT/EXAM/BLE/MESH/MESH_LIB/wchble_rom_mesh.hex	0x00054498	6	known-prefix	5fe2
2	tmp/wch-evt/evt/QingkeV4B_CH32V203_EVT/EXAM/BLE/MESH/MESH_LIB/wchble_rom_mesh.hex	0x000544b4	8	known-prefix	3f8a
2	tmp/wch-evt/evt/QingkeV4B_CH32V203_EVT/EXAM/BLE/MESH/MESH_LIB/wchble_rom_mesh.hex	0x0005457a	6	known-prefix	dfa5
2	tmp/wch-evt/evt/QingkeV4B_CH32V203_EVT/EXAM/BLE/MESH/MESH_LIB/wchble_rom_mesh.hex	0x0005458c	8	known-prefix	bfa4
2	tmp/wch-evt/evt/QingkeV4B_CH32V203_EVT/EXAM/BLE/MESH/MESH_LIB/wchble_rom_mesh.hex	0x000545f2	6	known-prefix	5f9e
2	tmp/wch-evt/evt/QingkeV4B_CH32V203_EVT/EXAM/BLE/MESH/MESH_LIB/wchble_rom_mesh.hex	0x000546bc	8	known-prefix	bf91
2	tmp/wch-evt/evt/QingkeV4B_CH32V203_EVT/EXAM/BLE/MESH/MESH_LIB/wchble_rom_mesh.hex	0x000546d2	8	known-prefix	bfa8
2	tmp/wch-evt/evt/QingkeV4B_CH32V203_EVT/EXAM/BLE/MESH/MESH_LIB/wchble_rom_mesh.hex	0x00054bb6	22	known-prefix	7fe5
2	tmp/wch-evt/evt/QingkeV4B_CH32V203_EVT/EXAM/BLE/MESH/MESH_LIB/wchble_rom_mesh.hex	0x00054c5a	6	known-prefix	5f8c
2	tmp/wch-evt/evt/QingkeV4B_CH32V203_EVT/EXAM/BLE/MESH/MESH_LIB/wchble_rom_mesh.hex	0x00054c96	6	known-prefix	dfd6
2	tmp/wch-evt/evt/QingkeV4B_CH32V203_EVT/EXAM/BLE/MESH/MESH_LIB/wchble_rom_mesh.hex	0x00054cac	20	known-prefix	7fd5
2	tmp/wch-evt/evt/QingkeV4B_CH32V203_EVT/EXAM/BLE/MESH/MESH_LIB/wchble_rom_mesh.hex	0x00054d58	14	known-prefix	ffad
2	tmp/wch-evt/evt/QingkeV4B_CH32V203_EVT/EXAM/BLE/MESH/MESH_LIB/wchble_rom_mesh.hex	0x00054dcc	8	known-prefix	bfa6
2	tmp/wch-evt/evt/QingkeV4B_CH32V203_EVT/EXAM/BLE/MESH/MESH_LIB/wchble_rom_mesh.hex	0x00054e0a	6	known-prefix	dff4
2	tmp/wch-evt/evt/QingkeV4B_CH32V203_EVT/EXAM/BLE/MESH/MESH_LIB/wchble_rom_mesh.hex	0x00054e1e	18	known-prefix	ffc8
2	tmp/wch-evt/evt/QingkeV4B_CH32V203_EVT/EXAM/BLE/MESH/MESH_LIB/wchble_rom_mesh.hex	0x00054eac	8	known-prefix	bf98
2	tmp/wch-evt/evt/QingkeV4B_CH32V203_EVT/EXAM/BLE/MESH/MESH_LIB/wchble_rom_mesh.hex	0x00054f82	6	known-prefix	5f8b
2	tmp/wch-evt/evt/QingkeV4B_CH32V203_EVT/EXAM/BLE/MESH/MESH_LIB/wchble_rom_mesh.hex	0x00055042	12	known-prefix	7f9b
2	tmp/wch-evt/evt/QingkeV4B_CH32V203_EVT/EXAM/BLE/MESH/MESH_LIB/wchble_rom_mesh.hex	0x00055050	6	known-prefix	9f9a
2	tmp/wch-evt/evt/QingkeV4B_CH32V203_EVT/EXAM/BLE/MESH/MESH_LIB/wchble_rom_mesh.hex	0x00055518	6	known-prefix	1fb4
2	tmp/wch-evt/evt/QingkeV4B_CH32V203_EVT/EXAM/BLE/MESH/MESH_LIB/wchble_rom_mesh.hex	0x00055d88	14	known-prefix	ffaa
2	tmp/wch-evt/evt/QingkeV4B_CH32V203_EVT/EXAM/BLE/MESH/MESH_LIB/wchble_rom_mesh.hex	0x00055f86	8	known-prefix	bfc5
2	tmp/wch-evt/evt/QingkeV4B_CH32V203_EVT/EXAM/BLE/MESH/MESH_LIB/wchble_rom_mesh.hex	0x00055fe2	16	known-prefix	7fb6
2	tmp/wch-evt/evt/QingkeV4B_CH32V203_EVT/EXAM/BLE/MESH/MESH_LIB/wchble_rom_mesh.hex	0x00055fe6	8	known-prefix	3fb6
2	tmp/wch-evt/evt/QingkeV4B_CH32V203_EVT/EXAM/BLE/MESH/MESH_LIB/wchble_rom_mesh.hex	0x00055fea	18	known-prefix	7fc7
2	tmp/wch-evt/evt/QingkeV4B_CH32V203_EVT/EXAM/BLE/MESH/MESH_LIB/wchble_rom_mesh.hex	0x00055fee	8	known-prefix	3fc7
2	tmp/wch-evt/evt/QingkeV4B_CH32V203_EVT/EXAM/BLE/MESH/MESH_LIB/wchble_rom_mesh.hex	0x00056042	16	known-prefix	ffb9
2	tmp/wch-evt/evt/QingkeV4B_CH32V203_EVT/EXAM/BLE/MESH/MESH_LIB/wchble_rom_mesh.hex	0x0005607e	16	known-prefix	7fb1
2	tmp/wch-evt/evt/QingkeV4B_CH32V203_EVT/EXAM/BLE/MESH/MESH_LIB/wchble_rom_mesh.hex	0x000560f2	18	known-prefix	ffc6
2	tmp/wch-evt/evt/QingkeV4B_CH32V203_EVT/EXAM/BLE/MESH/MESH_LIB/wchble_rom_mesh.hex	0x00056122	6	known-prefix	9fc0
2	tmp/wch-evt/evt/QingkeV4B_CH32V203_EVT/EXAM/BLE/MESH/MESH_LIB/wchble_rom_mesh.hex	0x0005616c	6	known-prefix	1fc3
2	tmp/wch-evt/evt/QingkeV4B_CH32V203_EVT/EXAM/BLE/MESH/MESH_LIB/wchble_rom_mesh.hex	0x00056262	6	known-prefix	dfe6
2	tmp/wch-evt/evt/QingkeV4B_CH32V203_EVT/EXAM/BLE/MESH/MESH_LIB/wchble_rom_mesh.hex	0x0005633c	6	known-prefix	1ffa
2	tmp/wch-evt/evt/QingkeV4B_CH32V203_EVT/EXAM/BLE/MESH/MESH_LIB/wchble_rom_mesh.hex	0x00056380	6	known-prefix	9ff9
2	tmp/wch-evt/evt/QingkeV4B_CH32V203_EVT/EXAM/BLE/MESH/MESH_LIB/wchble_rom_mesh.hex	0x00056392	8	known-prefix	bf86
2	tmp/wch-evt/evt/QingkeV4B_CH32V203_EVT/EXAM/BLE/MESH/MESH_LIB/wchble_rom_mesh.hex	0x0005642a	8	known-prefix	3f97
2	tmp/wch-evt/evt/QingkeV4B_CH32V203_EVT/EXAM/BLE/MESH/MESH_LIB/wchble_rom_mesh.hex	0x00056492	22	known-prefix	7fe8
2	tmp/wch-evt/evt/QingkeV4B_CH32V203_EVT/EXAM/BLE/MESH/MESH_LIB/wchble_rom_mesh.hex	0x000564d8	6	known-prefix	5f8c
2	tmp/wch-evt/evt/QingkeV4B_CH32V203_EVT/EXAM/BLE/MESH/MESH_LIB/wchble_rom_mesh.hex	0x00056556	10	known-prefix	7f84
2	tmp/wch-evt/evt/QingkeV4B_CH32V203_EVT/EXAM/BLE/MESH/MESH_LIB/wchble_rom_mesh.hex	0x0005663a	8	known-prefix	bfaf
2	tmp/wch-evt/evt/QingkeV4B_CH32V203_EVT/EXAM/BLE/MESH/MESH_LIB/wchble_rom_mesh.hex	0x000568ba	6	known-prefix	1f88
2	tmp/wch-evt/evt/QingkeV4B_CH32V203_EVT/EXAM/BLE/MESH/MESH_LIB/wchble_rom_mesh.hex	0x00056c50	6	known-prefix	dffa
2	tmp/wch-evt/evt/QingkeV4B_CH32V203_EVT/EXAM/BLE/MESH/MESH_LIB/wchble_rom_mesh.hex	0x00056cc6	unknown	reserved-ge-192	7ff3
2	tmp/wch-evt/evt/QingkeV4B_CH32V203_EVT/EXAM/BLE/MESH/MESH_LIB/wchble_rom_mesh.hex	0x00056d32	8	known-prefix	bfec
2	tmp/wch-evt/evt/QingkeV4B_CH32V203_EVT/EXAM/BLE/MESH/MESH_LIB/wchble_rom_mesh.hex	0x00056db4	6	known-prefix	9fe4
2	tmp/wch-evt/evt/QingkeV4B_CH32V203_EVT/EXAM/BLE/MESH/MESH_LIB/wchble_rom_mesh.hex	0x00056e1a	6	known-prefix	1ff1
2	tmp/wch-evt/evt/QingkeV4B_CH32V203_EVT/EXAM/BLE/MESH/MESH_LIB/wchble_rom_mesh.hex	0x00056e24	6	known-prefix	9fe8
2	tmp/wch-evt/evt/QingkeV4B_CH32V203_EVT/EXAM/BLE/MESH/MESH_LIB/wchble_rom_mesh.hex	0x00056e36	6	known-prefix	5fef
2	tmp/wch-evt/evt/QingkeV4B_CH32V203_EVT/EXAM/BLE/MESH/MESH_LIB/wchble_rom_mesh.hex	0x00056e3c	6	known-prefix	1fbe
2	tmp/wch-evt/evt/QingkeV4B_CH32V203_EVT/EXAM/BLE/MESH/MESH_LIB/wchble_rom_mesh.hex	0x00056e5e	6	known-prefix	5f9b
2	tmp/wch-evt/evt/QingkeV4B_CH32V203_EVT/EXAM/BLE/MESH/MESH_LIB/wchble_rom_mesh.hex	0x00056ede	6	known-prefix	dfe4
2	tmp/wch-evt/evt/QingkeV4B_CH32V203_EVT/EXAM/BLE/MESH/MESH_LIB/wchble_rom_mesh.hex	0x00056ee8	6	known-prefix	5fdc
2	tmp/wch-evt/evt/QingkeV4B_CH32V203_EVT/EXAM/BLE/MESH/MESH_LIB/wchble_rom_mesh.hex	0x00056f70	6	known-prefix	1fe4
2	tmp/wch-evt/evt/QingkeV4B_CH32V203_EVT/EXAM/BLE/MESH/MESH_LIB/wchble_rom_mesh.hex	0x00056fa2	6	known-prefix	9fd8
2	tmp/wch-evt/evt/QingkeV4B_CH32V203_EVT/EXAM/BLE/MESH/MESH_LIB/wchble_rom_mesh.hex	0x00056fdc	20	known-prefix	ffdd
2	tmp/wch-evt/evt/QingkeV4B_CH32V203_EVT/EXAM/BLE/MESH/MESH_LIB/wchble_rom_mesh.hex	0x0005706a	8	known-prefix	3f9b
2	tmp/wch-evt/evt/QingkeV4B_CH32V203_EVT/EXAM/BLE/MESH/MESH_LIB/wchble_rom_mesh.hex	0x000570a0	20	known-prefix	7fd3
2	tmp/wch-evt/evt/QingkeV4B_CH32V203_EVT/EXAM/BLE/MESH/MESH_LIB/wchble_rom_mesh.hex	0x000570b8	8	known-prefix	3fc7
2	tmp/wch-evt/evt/QingkeV4B_CH32V203_EVT/EXAM/BLE/MESH/MESH_LIB/wchble_rom_mesh.hex	0x000570c4	6	known-prefix	9fbe
2	tmp/wch-evt/evt/QingkeV4B_CH32V203_EVT/EXAM/BLE/MESH/MESH_LIB/wchble_rom_mesh.hex	0x00057144	8	known-prefix	3ff8
2	tmp/wch-evt/evt/QingkeV4B_CH32V203_EVT/EXAM/BLE/MESH/MESH_LIB/wchble_rom_mesh.hex	0x00057150	6	known-prefix	1fb7
2	tmp/wch-evt/evt/QingkeV4B_CH32V203_EVT/EXAM/BLE/MESH/MESH_LIB/wchble_rom_mesh.hex	0x000571f0	8	known-prefix	bfb3
2	tmp/wch-evt/evt/QingkeV4B_CH32V203_EVT/EXAM/BLE/MESH/MESH_LIB/wchble_rom_mesh.hex	0x00057a00	6	known-prefix	9fb0
2	tmp/wch-evt/evt/QingkeV4B_CH32V203_EVT/EXAM/BLE/MESH/MESH_LIB/wchble_rom_mesh.hex	0x00057a58	12	known-prefix	7f99
2	tmp/wch-evt/evt/QingkeV4B_CH32V203_EVT/EXAM/BLE/MESH/MESH_LIB/wchble_rom_mesh.hex	0x00057a8e	6	known-prefix	9fa4
2	tmp/wch-evt/evt/QingkeV4B_CH32V203_EVT/EXAM/BLE/MESH/MESH_LIB/wchble_rom_mesh.hex	0x00057a96	6	known-prefix	9fd2
2	tmp/wch-evt/evt/QingkeV4B_CH32V203_EVT/EXAM/BLE/MESH/MESH_LIB/wchble_rom_mesh.hex	0x00057ab6	8	known-prefix	3fa8
2	tmp/wch-evt/evt/QingkeV4B_CH32V203_EVT/EXAM/BLE/MESH/MESH_LIB/wchble_rom_mesh.hex	0x00057ada	6	known-prefix	1f9b
2	tmp/wch-evt/evt/QingkeV4B_CH32V203_EVT/EXAM/BLE/MESH/MESH_LIB/wchble_rom_mesh.hex	0x00057b3a	8	known-prefix	3fe9
2	tmp/wch-evt/evt/QingkeV4B_CH32V203_EVT/EXAM/BLE/MESH/MESH_LIB/wchble_rom_mesh.hex	0x00057b76	22	known-prefix	7fe5
2	tmp/wch-evt/evt/QingkeV4B_CH32V203_EVT/EXAM/BLE/MESH/MESH_LIB/wchble_rom_mesh.hex	0x00057baa	8	known-prefix	bf97
2	tmp/wch-evt/evt/QingkeV4B_CH32V203_EVT/EXAM/BLE/MESH/MESH_LIB/wchble_rom_mesh.hex	0x00057bda	6	known-prefix	df8f
2	tmp/wch-evt/evt/QingkeV4B_CH32V203_EVT/EXAM/BLE/MESH/MESH_LIB/wchble_rom_mesh.hex	0x00057be4	8	known-prefix	3f8f
2	tmp/wch-evt/evt/QingkeV4B_CH32V203_EVT/EXAM/BLE/MESH/MESH_LIB/wchble_rom_mesh.hex	0x00057c54	16	known-prefix	7fb2
2	tmp/wch-evt/evt/QingkeV4B_CH32V203_EVT/EXAM/BLE/MESH/MESH_LIB/wchble_rom_mesh.hex	0x00057caa	8	known-prefix	3fd2
2	tmp/wch-evt/evt/QingkeV4B_CH32V203_EVT/EXAM/BLE/MESH/MESH_LIB/wchble_rom_mesh.hex	0x00057cb8	8	known-prefix	3fa8
2	tmp/wch-evt/evt/QingkeV4B_CH32V203_EVT/EXAM/BLE/MESH/MESH_LIB/wchble_rom_mesh.hex	0x00057cd4	6	known-prefix	1f85
2	tmp/wch-evt/evt/QingkeV4B_CH32V203_EVT/EXAM/BLE/MESH/MESH_LIB/wchble_rom_mesh.hex	0x00057d48	6	known-prefix	9fab
2	tmp/wch-evt/evt/QingkeV4B_CH32V203_EVT/EXAM/BLE/MESH/MESH_LIB/wchble_rom_mesh.hex	0x00057d78	6	known-prefix	1f8d
2	tmp/wch-evt/evt/QingkeV4B_CH32V203_EVT/EXAM/BLE/MESH/MESH_LIB/wchble_rom_mesh.hex	0x00057e16	6	known-prefix	5fe4
2	tmp/wch-evt/evt/QingkeV4B_CH32V203_EVT/EXAM/BLE/MESH/MESH_LIB/wchble_rom_mesh.hex	0x00057e68	8	known-prefix	3fdf
2	tmp/wch-evt/evt/QingkeV4B_CH32V203_EVT/EXAM/BLE/MESH/MESH_LIB/wchble_rom_mesh.hex	0x00057e7a	6	known-prefix	5ff3
2	tmp/wch-evt/evt/QingkeV4B_CH32V203_EVT/EXAM/BLE/MESH/MESH_LIB/wchble_rom_mesh.hex	0x00057eac	8	known-prefix	3ff0
2	tmp/wch-evt/evt/QingkeV4B_CH32V203_EVT/EXAM/BLE/MESH/MESH_LIB/wchble_rom_mesh.hex	0x00057eda	6	known-prefix	5fed
2	tmp/wch-evt/evt/QingkeV4B_CH32V203_EVT/EXAM/BLE/MESH/MESH_LIB/wchble_rom_mesh.hex	0x00057f44	8	known-prefix	bfe6
2	tmp/wch-evt/evt/QingkeV4B_CH32V203_EVT/EXAM/BLE/MESH/MESH_LIB/wchble_rom_mesh.hex	0x00058232	6	known-prefix	dfb7
2	tmp/wch-evt/evt/QingkeV4B_CH32V203_EVT/EXAM/BLE/MESH/MESH_LIB/wchble_rom_mesh.hex	0x00058246	6	known-prefix	5fa1
2	tmp/wch-evt/evt/QingkeV4B_CH32V203_EVT/EXAM/BLE/MESH/MESH_LIB/wchble_rom_mesh.hex	0x00058284	12	known-prefix	7f9d
2	tmp/wch-evt/evt/QingkeV4B_CH32V203_EVT/EXAM/BLE/MESH/MESH_LIB/wchble_rom_mesh.hex	0x00058298	8	known-prefix	3f9c
2	tmp/wch-evt/evt/QingkeV4B_CH32V203_EVT/EXAM/BLE/MESH/MESH_LIB/wchble_rom_mesh.hex	0x0005845a	6	known-prefix	9fda
2	tmp/wch-evt/evt/QingkeV4B_CH32V203_EVT/EXAM/BLE/MESH/MESH_LIB/wchble_rom_mesh.hex	0x00058526	20	known-prefix	7fdf
2	tmp/wch-evt/evt/QingkeV4B_CH32V203_EVT/EXAM/BLE/MESH/MESH_LIB/wchble_rom_mesh.hex	0x00058570	6	known-prefix	df82
2	tmp/wch-evt/evt/QingkeV4B_CH32V203_EVT/EXAM/BLE/MESH/MESH_LIB/wchble_rom_mesh.hex	0x00058624	6	known-prefix	1fc9
2	tmp/wch-evt/evt/QingkeV4B_CH32V203_EVT/EXAM/BLE/MESH/MESH_LIB/wchble_rom_mesh.hex	0x0005864a	8	known-prefix	bfae
2	tmp/wch-evt/evt/QingkeV4B_CH32V203_EVT/EXAM/BLE/MESH/MESH_LIB/wchble_rom_mesh.hex	0x0005871a	8	known-prefix	bfb9
2	tmp/wch-evt/evt/QingkeV4B_CH32V203_EVT/EXAM/BLE/MESH/MESH_LIB/wchble_rom_mesh.hex	0x0005872c	14	known-prefix	7fad
2	tmp/wch-evt/evt/QingkeV4B_CH32V203_EVT/EXAM/BLE/MESH/MESH_LIB/wchble_rom_mesh.hex	0x00058770	6	known-prefix	5f9c
2	tmp/wch-evt/evt/QingkeV4B_CH32V203_EVT/EXAM/BLE/MESH/MESH_LIB/wchble_rom_mesh.hex	0x00058814	18	known-prefix	ffce
2	tmp/wch-evt/evt/QingkeV4B_CH32V203_EVT/EXAM/BLE/MESH/MESH_LIB/wchble_rom_mesh.hex	0x0005882e	8	known-prefix	bfe1
2	tmp/wch-evt/evt/QingkeV4B_CH32V203_EVT/EXAM/BLE/MESH/MESH_LIB/wchble_rom_mesh.hex	0x00058852	20	known-prefix	7fdf
2	tmp/wch-evt/evt/QingkeV4B_CH32V203_EVT/EXAM/BLE/MESH/MESH_LIB/wchble_rom_mesh.hex	0x0005886c	6	known-prefix	dfdd
2	tmp/wch-evt/evt/QingkeV4B_CH32V203_EVT/EXAM/BLE/MESH/MESH_LIB/wchble_rom_mesh.hex	0x000588fa	6	known-prefix	5ff2
2	tmp/wch-evt/evt/QingkeV4B_CH32V203_EVT/EXAM/BLE/MESH/MESH_LIB/wchble_rom_mesh.hex	0x0005893e	6	known-prefix	1fee
2	tmp/wch-evt/evt/QingkeV4B_CH32V203_EVT/EXAM/BLE/MESH/MESH_LIB/wchble_rom_mesh.hex	0x000589be	6	known-prefix	1fe6
2	tmp/wch-evt/evt/QingkeV4B_CH32V203_EVT/EXAM/BLE/MESH/MESH_LIB/wchble_rom_mesh.hex	0x000589e0	6	known-prefix	5f8d
2	tmp/wch-evt/evt/QingkeV4B_CH32V203_EVT/EXAM/BLE/MESH/MESH_LIB/wchble_rom_mesh.hex	0x00058a22	8	known-prefix	3fca
2	tmp/wch-evt/evt/QingkeV4B_CH32V203_EVT/EXAM/BLE/MESH/MESH_LIB/wchble_rom_mesh.hex	0x00058ba8	18	known-prefix	7fc7
2	tmp/wch-evt/evt/QingkeV4B_CH32V203_EVT/EXAM/BLE/MESH/MESH_LIB/wchble_rom_mesh.hex	0x00058bfa	6	known-prefix	5f99
2	tmp/wch-evt/evt/QingkeV4B_CH32V203_EVT/EXAM/BLE/MESH/MESH_LIB/wchble_rom_mesh.hex	0x00058cec	unknown	reserved-ge-192	fff6
2	tmp/wch-evt/evt/QingkeV4B_CH32V203_EVT/EXAM/BLE/MESH/MESH_LIB/wchble_rom_mesh.hex	0x00058d12	6	known-prefix	9ff4
2	tmp/wch-evt/evt/QingkeV4B_CH32V203_EVT/EXAM/BLE/MESH/MESH_LIB/wchble_rom_mesh.hex	0x00058dee	6	known-prefix	9fed
2	tmp/wch-evt/evt/QingkeV4B_CH32V203_EVT/EXAM/BLE/MESH/MESH_LIB/wchble_rom_mesh.hex	0x00058e62	6	known-prefix	5ff6
2	tmp/wch-evt/evt/QingkeV4B_CH32V203_EVT/EXAM/BLE/MESH/MESH_LIB/wchble_rom_mesh.hex	0x00058eca	6	known-prefix	5fee
2	tmp/wch-evt/evt/QingkeV4B_CH32V203_EVT/EXAM/BLE/MESH/MESH_LIB/wchble_rom_mesh.hex	0x00058ed8	6	known-prefix	dff9
2	tmp/wch-evt/evt/QingkeV4B_CH32V203_EVT/EXAM/BLE/MESH/MESH_LIB/wchble_rom_mesh.hex	0x00058fd8	8	known-prefix	3fcf
2	tmp/wch-evt/evt/QingkeV4B_CH32V203_EVT/EXAM/BLE/MESH/MESH_LIB/wchble_rom_mesh.hex	0x00059130	8	known-prefix	bffa
2	tmp/wch-evt/evt/QingkeV4B_CH32V203_EVT/EXAM/BLE/MESH/MESH_LIB/wchble_rom_mesh.hex	0x00059136	18	known-prefix	ffcf
2	tmp/wch-evt/evt/QingkeV4B_CH32V203_EVT/EXAM/BLE/MESH/MESH_LIB/wchble_rom_mesh.hex	0x00059152	22	known-prefix	ffe3
2	tmp/wch-evt/evt/QingkeV4B_CH32V203_EVT/EXAM/BLE/MESH/MESH_LIB/wchble_rom_mesh.hex	0x0005918a	22	known-prefix	7fe0
2	tmp/wch-evt/evt/QingkeV4B_CH32V203_EVT/EXAM/BLE/MESH/MESH_LIB/wchble_rom_mesh.hex	0x000591a0	6	known-prefix	9f99
2	tmp/wch-evt/evt/QingkeV4B_CH32V203_EVT/EXAM/BLE/MESH/MESH_LIB/wchble_rom_mesh.hex	0x000591cc	6	known-prefix	9ff6
2	tmp/wch-evt/evt/QingkeV4B_CH32V203_EVT/EXAM/BLE/MESH/MESH_LIB/wchble_rom_mesh.hex	0x0005920a	20	known-prefix	7fd8
2	tmp/wch-evt/evt/QingkeV4B_CH32V203_EVT/EXAM/BLE/MESH/MESH_LIB/wchble_rom_mesh.hex	0x00059240	6	known-prefix	5fef
2	tmp/wch-evt/evt/QingkeV4B_CH32V203_EVT/EXAM/BLE/MESH/MESH_LIB/wchble_rom_mesh.hex	0x00059270	8	known-prefix	3fc9
2	tmp/wch-evt/evt/QingkeV4B_CH32V203_EVT/EXAM/BLE/MESH/MESH_LIB/wchble_rom_mesh.hex	0x00059282	20	known-prefix	ffd0
2	tmp/wch-evt/evt/QingkeV4B_CH32V203_EVT/EXAM/BLE/MESH/MESH_LIB/wchble_rom_mesh.hex	0x000592c2	18	known-prefix	ffcc
2	tmp/wch-evt/evt/QingkeV4B_CH32V203_EVT/EXAM/BLE/MESH/MESH_LIB/wchble_rom_mesh.hex	0x00059328	12	known-prefix	7f94
2	tmp/wch-evt/evt/QingkeV4B_CH32V203_EVT/EXAM/BLE/MESH/MESH_LIB/wchble_rom_mesh.hex	0x0005933a	10	known-prefix	7f84
2	tmp/wch-evt/evt/QingkeV4B_CH32V203_EVT/EXAM/BLE/MESH/MESH_LIB/wchble_rom_mesh.hex	0x00059580	8	known-prefix	3ff9
2	tmp/wch-evt/evt/QingkeV4B_CH32V203_EVT/EXAM/BLE/MESH/MESH_LIB/wchble_rom_mesh.hex	0x000595a0	8	known-prefix	3ff7
2	tmp/wch-evt/evt/QingkeV4B_CH32V203_EVT/EXAM/BLE/MESH/MESH_LIB/wchble_rom_mesh.hex	0x000596ce	6	known-prefix	5f97
2	tmp/wch-evt/evt/QingkeV4B_CH32V203_EVT/EXAM/BLE/MESH/MESH_LIB/wchble_rom_mesh.hex	0x00059732	6	known-prefix	dfe7
2	tmp/wch-evt/evt/QingkeV4B_CH32V203_EVT/EXAM/BLE/MESH/MESH_LIB/wchble_rom_mesh.hex	0x00059778	8	known-prefix	bfd9
2	tmp/wch-evt/evt/QingkeV4B_CH32V203_EVT/EXAM/BLE/MESH/MESH_LIB/wchble_rom_mesh.hex	0x000597a0	6	known-prefix	5ff2
2	tmp/wch-evt/evt/QingkeV4B_CH32V203_EVT/EXAM/BLE/MESH/MESH_LIB/wchble_rom_mesh.hex	0x000597ae	6	known-prefix	5fd6
2	tmp/wch-evt/evt/QingkeV4B_CH32V203_EVT/EXAM/BLE/MESH/MESH_LIB/wchble_rom_mesh.hex	0x000597da	6	known-prefix	5ff0
2	tmp/wch-evt/evt/QingkeV4B_CH32V203_EVT/EXAM/BLE/MESH/MESH_LIB/wchble_rom_mesh.hex	0x000597f8	22	known-prefix	7fee
2	tmp/wch-evt/evt/QingkeV4B_CH32V203_EVT/EXAM/BLE/MESH/MESH_LIB/wchble_rom_mesh.hex	0x00059b0c	6	known-prefix	dfcd
2	tmp/wch-evt/evt/QingkeV4B_CH32V203_EVT/EXAM/BLE/MESH/MESH_LIB/wchble_rom_mesh.hex	0x00059ca6	6	known-prefix	1f80
2	tmp/wch-evt/evt/QingkeV4B_CH32V203_EVT/EXAM/BLE/MESH/MESH_LIB/wchble_rom_mesh.hex	0x00059cae	12	known-prefix	7f9b
2	tmp/wch-evt/evt/QingkeV4B_CH32V203_EVT/EXAM/BLE/MESH/MESH_LIB/wchble_rom_mesh.hex	0x00059d12	6	known-prefix	9f99
2	tmp/wch-evt/evt/QingkeV4B_CH32V203_EVT/EXAM/BLE/MESH/MESH_LIB/wchble_rom_mesh.hex	0x00059e16	6	known-prefix	1fda
2	tmp/wch-evt/evt/QingkeV4B_CH32V203_EVT/EXAM/BLE/MESH/MESH_LIB/wchble_rom_mesh.hex	0x00059e7c	20	known-prefix	ffd7
2	tmp/wch-evt/evt/QingkeV4B_CH32V203_EVT/EXAM/BLE/MESH/MESH_LIB/wchble_rom_mesh.hex	0x00059eae	6	known-prefix	1f98
2	tmp/wch-evt/evt/QingkeV4B_CH32V203_EVT/EXAM/BLE/MESH/MESH_LIB/wchble_rom_mesh.hex	0x00059ebc	6	known-prefix	dfd8
2	tmp/wch-evt/evt/QingkeV4B_CH32V203_EVT/EXAM/BLE/MESH/MESH_LIB/wchble_rom_mesh.hex	0x00059ecc	8	known-prefix	3f9a
2	tmp/wch-evt/evt/QingkeV4B_CH32V203_EVT/EXAM/BLE/MESH/MESH_LIB/wchble_rom_mesh.hex	0x00059f06	8	known-prefix	3fc7
2	tmp/wch-evt/evt/QingkeV4B_CH32V203_EVT/EXAM/BLE/MESH/MESH_LIB/wchble_rom_mesh.hex	0x00059f76	8	known-prefix	bfbf
2	tmp/wch-evt/evt/QingkeV4B_CH32V203_EVT/EXAM/BLE/MESH/MESH_LIB/wchble_rom_mesh.hex	0x00059f94	6	known-prefix	5fc4
2	tmp/wch-evt/evt/QingkeV4B_CH32V203_EVT/EXAM/BLE/MESH/MESH_LIB/wchble_rom_mesh.hex	0x00059fd6	8	known-prefix	bfc5
2	tmp/wch-evt/evt/QingkeV4B_CH32V203_EVT/EXAM/BLE/MESH/MESH_LIB/wchble_rom_mesh.hex	0x00059ff2	20	known-prefix	ffd2
2	tmp/wch-evt/evt/QingkeV4B_CH32V203_EVT/EXAM/BLE/MESH/MESH_LIB/wchble_rom_mesh.hex	0x0005a062	8	known-prefix	3fd1
2	tmp/wch-evt/evt/QingkeV4B_CH32V203_EVT/EXAM/BLE/MESH/MESH_LIB/wchble_rom_mesh.hex	0x0005a088	6	known-prefix	9fcd
2	tmp/wch-evt/evt/QingkeV4B_CH32V203_EVT/EXAM/BLE/MESH/MESH_LIB/wchble_rom_mesh.hex	0x0005a0c4	6	known-prefix	5fe6
2	tmp/wch-evt/evt/QingkeV4B_CH32V203_EVT/EXAM/BLE/MESH/MESH_LIB/wchble_rom_mesh.hex	0x0005a0de	8	known-prefix	bfd1
2	tmp/wch-evt/evt/QingkeV4B_CH32V203_EVT/EXAM/BLE/MESH/MESH_LIB/wchble_rom_mesh.hex	0x0005a25e	6	known-prefix	5ff3
2	tmp/wch-evt/evt/QingkeV4B_CH32V203_EVT/EXAM/BLE/MESH/MESH_LIB/wchble_rom_mesh.hex	0x0005a2aa	6	known-prefix	9fee
2	tmp/wch-evt/evt/QingkeV4B_CH32V203_EVT/EXAM/BLE/MESH/MESH_LIB/wchble_rom_mesh.hex	0x0005a308	8	known-prefix	bfe8
2	tmp/wch-evt/evt/QingkeV4B_CH32V203_EVT/EXAM/BLE/MESH/MESH_LIB/wchble_rom_mesh.hex	0x0005a32e	6	known-prefix	5fe6
2	tmp/wch-evt/evt/QingkeV4B_CH32V203_EVT/EXAM/BLE/MESH/MESH_LIB/wchble_rom_mesh.hex	0x0005a34e	8	known-prefix	3ff4
2	tmp/wch-evt/evt/QingkeV4B_CH32V203_EVT/EXAM/BLE/MESH/MESH_LIB/wchble_rom_mesh.hex	0x0005a364	unknown	reserved-ge-192	fff7
2	tmp/wch-evt/evt/QingkeV4B_CH32V203_EVT/EXAM/BLE/MESH/MESH_LIB/wchble_rom_mesh.hex	0x0005a3de	6	known-prefix	5fdb
2	tmp/wch-evt/evt/QingkeV4B_CH32V203_EVT/EXAM/BLE/MESH/MESH_LIB/wchble_rom_mesh.hex	0x0005a416	6	known-prefix	dfd7
2	tmp/wch-evt/evt/QingkeV4B_CH32V203_EVT/EXAM/BLE/MESH/MESH_LIB/wchble_rom_mesh.hex	0x0005a46e	6	known-prefix	9fd9
2	tmp/wch-evt/evt/QingkeV4B_CH32V203_EVT/EXAM/BLE/MESH/MESH_LIB/wchble_rom_mesh.hex	0x0005a4a6	18	known-prefix	ffc8
2	tmp/wch-evt/evt/QingkeV4B_CH32V203_EVT/EXAM/BLE/MESH/MESH_LIB/wchble_rom_mesh.hex	0x0005a542	8	known-prefix	3fbf
2	tmp/wch-evt/evt/QingkeV4B_CH32V203_EVT/EXAM/BLE/MESH/MESH_LIB/wchble_rom_mesh.hex	0x0005a560	unknown	reserved-ge-192	ffff
2	tmp/wch-evt/evt/QingkeV4B_CH32V203_EVT/EXAM/BLE/MESH/MESH_LIB/wchble_rom_mesh.hex	0x0005a694	8	known-prefix	bfed
2	tmp/wch-evt/evt/QingkeV4B_CH32V203_EVT/EXAM/BLE/MESH/MESH_LIB/wchble_rom_mesh.hex	0x0005a748	22	known-prefix	7fe2
2	tmp/wch-evt/evt/QingkeV4B_CH32V203_EVT/EXAM/BLE/MESH/MESH_LIB/wchble_rom_mesh.hex	0x0005a7a0	8	known-prefix	bfbf
2	tmp/wch-evt/evt/QingkeV4B_CH32V203_EVT/EXAM/BLE/MESH/MESH_LIB/wchble_rom_mesh.hex	0x0005a7fe	22	known-prefix	7fec
2	tmp/wch-evt/evt/QingkeV4B_CH32V203_EVT/EXAM/BLE/MESH/MESH_LIB/wchble_rom_mesh.hex	0x0005a83a	6	known-prefix	1fb6
2	tmp/wch-evt/evt/QingkeV4B_CH32V203_EVT/EXAM/BLE/MESH/MESH_LIB/wchble_rom_mesh.hex	0x0005a84e	6	known-prefix	9f9b
2	tmp/wch-evt/evt/QingkeV4B_CH32V203_EVT/EXAM/BLE/MESH/MESH_LIB/wchble_rom_mesh.hex	0x0005a874	8	known-prefix	3fde
2	tmp/wch-evt/evt/QingkeV4B_CH32V203_EVT/EXAM/BLE/MESH/MESH_LIB/wchble_rom_mesh.hex	0x0005a884	8	known-prefix	3fdd
2	tmp/wch-evt/evt/QingkeV4B_CH32V203_EVT/EXAM/BLE/MESH/MESH_LIB/wchble_rom_mesh.hex	0x0005a88c	8	known-prefix	bfdc
2	tmp/wch-evt/evt/QingkeV4B_CH32V203_EVT/EXAM/BLE/MESH/MESH_LIB/wchble_rom_mesh.hex	0x0005a894	8	known-prefix	3fdc
2	tmp/wch-evt/evt/QingkeV4B_CH32V203_EVT/EXAM/BLE/MESH/MESH_LIB/wchble_rom_mesh.hex	0x0005a8a8	22	known-prefix	ffef
2	tmp/wch-evt/evt/QingkeV4B_CH32V203_EVT/EXAM/BLE/MESH/MESH_LIB/wchble_rom_mesh.hex	0x0005a90c	8	known-prefix	3fc6
2	tmp/wch-evt/evt/QingkeV4B_CH32V203_EVT/EXAM/BLE/MESH/MESH_LIB/wchble_rom_mesh.hex	0x0005a918	6	known-prefix	9fa5
2	tmp/wch-evt/evt/QingkeV4B_CH32V203_EVT/EXAM/BLE/MESH/MESH_LIB/wchble_rom_mesh.hex	0x0005a94a	6	known-prefix	dff9
2	tmp/wch-evt/evt/QingkeV4B_CH32V203_EVT/EXAM/BLE/MESH/MESH_LIB/wchble_rom_mesh.hex	0x0005a98a	6	known-prefix	5fbe
2	tmp/wch-evt/evt/QingkeV4B_CH32V203_EVT/EXAM/BLE/MESH/MESH_LIB/wchble_rom_mesh.hex	0x0005a9ac	6	known-prefix	5f9c
2	tmp/wch-evt/evt/QingkeV4B_CH32V203_EVT/EXAM/BLE/MESH/MESH_LIB/wchble_rom_mesh.hex	0x0005a9d8	6	known-prefix	dfa6
2	tmp/wch-evt/evt/QingkeV4B_CH32V203_EVT/EXAM/BLE/MESH/MESH_LIB/wchble_rom_mesh.hex	0x0005aa2a	unknown	reserved-ge-192	7ff0
2	tmp/wch-evt/evt/QingkeV4B_CH32V203_EVT/EXAM/BLE/MESH/MESH_LIB/wchble_rom_mesh.hex	0x0005aa34	14	known-prefix	ffad
2	tmp/wch-evt/evt/QingkeV4B_CH32V203_EVT/EXAM/BLE/MESH/MESH_LIB/wchble_rom_mesh.hex	0x0005aa42	12	known-prefix	ff91
2	tmp/wch-evt/evt/QingkeV4B_CH32V203_EVT/EXAM/BLE/MESH/MESH_LIB/wchble_rom_mesh.hex	0x0005aa60	8	known-prefix	bfc4
2	tmp/wch-evt/evt/QingkeV4B_CH32V203_EVT/EXAM/BLE/MESH/MESH_LIB/wchble_rom_mesh.hex	0x0005ab98	6	known-prefix	9fd9
2	tmp/wch-evt/evt/QingkeV4B_CH32V203_EVT/EXAM/BLE/MESH/MESH_LIB/wchble_rom_mesh.hex	0x0005abc6	6	known-prefix	df94
2	tmp/wch-evt/evt/QingkeV4B_CH32V203_EVT/EXAM/BLE/MESH/MESH_LIB/wchble_rom_mesh.hex	0x0005abda	20	known-prefix	7fd5
2	tmp/wch-evt/evt/QingkeV4B_CH32V203_EVT/EXAM/BLE/MESH/MESH_LIB/wchble_rom_mesh.hex	0x0005abfc	8	known-prefix	bfdb
2	tmp/wch-evt/evt/QingkeV4B_CH32V203_EVT/EXAM/BLE/MESH/MESH_LIB/wchble_rom_mesh.hex	0x0005ac18	20	known-prefix	ffd9
2	tmp/wch-evt/evt/QingkeV4B_CH32V203_EVT/EXAM/BLE/MESH/MESH_LIB/wchble_rom_mesh.hex	0x0005aea6	20	known-prefix	7fd7
2	tmp/wch-evt/evt/QingkeV4B_CH32V203_EVT/EXAM/BLE/MESH/MESH_LIB/wchble_rom_mesh.hex	0x0005b0c8	6	known-prefix	9ff2
2	tmp/wch-evt/evt/QingkeV4B_CH32V203_EVT/EXAM/BLE/MESH/MESH_LIB/wchble_rom_mesh.hex	0x0005b0da	8	known-prefix	3fb4
2	tmp/wch-evt/evt/QingkeV4B_CH32V203_EVT/EXAM/BLE/MESH/MESH_LIB/wchble_rom_mesh.hex	0x0005b216	6	known-prefix	1fb4
2	tmp/wch-evt/evt/QingkeV4B_CH32V203_EVT/EXAM/BLE/MESH/MESH_LIB/wchble_rom_mesh.hex	0x0005b338	18	known-prefix	ffc9
2	tmp/wch-evt/evt/QingkeV4B_CH32V203_EVT/EXAM/BLE/MESH/MESH_LIB/wchble_rom_mesh.hex	0x0005b370	6	known-prefix	1ff5
2	tmp/wch-evt/evt/QingkeV4B_CH32V203_EVT/EXAM/BLE/MESH/MESH_LIB/wchble_rom_mesh.hex	0x0005b374	6	known-prefix	dfe2
2	tmp/wch-evt/evt/QingkeV4B_CH32V203_EVT/EXAM/BLE/MESH/MESH_LIB/wchble_rom_mesh.hex	0x0005b3c4	6	known-prefix	dfef
2	tmp/wch-evt/evt/QingkeV4B_CH32V203_EVT/EXAM/BLE/MESH/MESH_LIB/wchble_rom_mesh.hex	0x0005b3d8	8	known-prefix	bfd5
2	tmp/wch-evt/evt/QingkeV4B_CH32V203_EVT/EXAM/BLE/MESH/MESH_LIB/wchble_rom_mesh.hex	0x0005b410	6	known-prefix	dff2
2	tmp/wch-evt/evt/QingkeV4B_CH32V203_EVT/EXAM/BLE/MESH/MESH_LIB/wchble_rom_mesh.hex	0x0005b4ca	8	known-prefix	3fe7
2	tmp/wch-evt/evt/QingkeV4B_CH32V203_EVT/EXAM/BLE/MESH/MESH_LIB/wchble_rom_mesh.hex	0x0005b50a	6	known-prefix	5fa4
2	tmp/wch-evt/evt/QingkeV4B_CH32V203_EVT/EXAM/BLE/MESH/MESH_LIB/wchble_rom_mesh.hex	0x0005b558	18	known-prefix	ffc8
2	tmp/wch-evt/evt/QingkeV4B_CH32V203_EVT/EXAM/BLE/MESH/MESH_LIB/wchble_rom_mesh.hex	0x0005b582	unknown	reserved-ge-192	fff8
2	tmp/wch-evt/evt/QingkeV4B_CH32V203_EVT/EXAM/BLE/MESH/MESH_LIB/wchble_rom_mesh.hex	0x0005b58c	6	known-prefix	1fdb
2	tmp/wch-evt/evt/QingkeV4B_CH32V203_EVT/EXAM/BLE/MESH/MESH_LIB/wchble_rom_mesh.hex	0x0005b5ca	unknown	reserved-ge-192	fff9
2	tmp/wch-evt/evt/QingkeV4B_CH32V203_EVT/EXAM/BLE/MESH/MESH_LIB/wchble_rom_mesh.hex	0x0005b688	6	known-prefix	1ff5
2	tmp/wch-evt/evt/QingkeV4B_CH32V203_EVT/EXAM/BLE/MESH/MESH_LIB/wchble_rom_mesh.hex	0x0005b7c0	20	known-prefix	ffd5
2	tmp/wch-evt/evt/QingkeV4B_CH32V203_EVT/EXAM/BLE/MESH/MESH_LIB/wchble_rom_mesh.hex	0x0005b7c8	20	known-prefix	7fd5
2	tmp/wch-evt/evt/QingkeV4B_CH32V203_EVT/EXAM/BLE/MESH/MESH_LIB/wchble_rom_mesh.hex	0x0005b9dc	6	known-prefix	dfd4
2	tmp/wch-evt/evt/QingkeV4B_CH32V203_EVT/EXAM/BLE/MESH/MESH_LIB/wchble_rom_mesh.hex	0x0005b9ee	8	known-prefix	bfb7
2	tmp/wch-evt/evt/QingkeV4B_CH32V203_EVT/EXAM/BLE/MESH/MESH_LIB/wchble_rom_mesh.hex	0x0005b9fe	6	known-prefix	1fec
2	tmp/wch-evt/evt/QingkeV4B_CH32V203_EVT/EXAM/BLE/MESH/MESH_LIB/wchble_rom_mesh.hex	0x0005ba12	22	known-prefix	ffee
2	tmp/wch-evt/evt/QingkeV4B_CH32V203_EVT/EXAM/BLE/MESH/MESH_LIB/wchble_rom_mesh.hex	0x0005ba1a	22	known-prefix	ffec
2	tmp/wch-evt/evt/QingkeV4B_CH32V203_EVT/EXAM/BLE/MESH/MESH_LIB/wchble_rom_mesh.hex	0x0005ba22	8	known-prefix	3fde
2	tmp/wch-evt/evt/QingkeV4B_CH32V203_EVT/EXAM/BLE/MESH/MESH_LIB/wchble_rom_mesh.hex	0x0005ba2a	22	known-prefix	ffe5
2	tmp/wch-evt/evt/QingkeV4B_CH32V203_EVT/EXAM/BLE/MESH/MESH_LIB/wchble_rom_mesh.hex	0x0005ba32	6	known-prefix	dfe2
2	tmp/wch-evt/evt/QingkeV4B_CH32V203_EVT/EXAM/BLE/MESH/MESH_LIB/wchble_rom_mesh.hex	0x0005ba3a	6	known-prefix	5fdf
2	tmp/wch-evt/evt/QingkeV4B_CH32V203_EVT/EXAM/BLE/MESH/MESH_LIB/wchble_rom_mesh.hex	0x0005ba42	6	known-prefix	9fee
2	tmp/wch-evt/evt/QingkeV4B_CH32V203_EVT/EXAM/BLE/MESH/MESH_LIB/wchble_rom_mesh.hex	0x0005ba80	6	known-prefix	5fed
2	tmp/wch-evt/evt/QingkeV4B_CH32V203_EVT/EXAM/BLE/MESH/MESH_LIB/wchble_rom_mesh.hex	0x0005ba88	6	known-prefix	9fef
2	tmp/wch-evt/evt/QingkeV4B_CH32V203_EVT/EXAM/BLE/MESH/MESH_LIB/wchble_rom_mesh.hex	0x0005bb2a	6	known-prefix	dfd0
2	tmp/wch-evt/evt/QingkeV4B_CH32V203_EVT/EXAM/BLE/MESH/MESH_LIB/wchble_rom_mesh.hex	0x0005bbb8	6	known-prefix	1f87
2	tmp/wch-evt/evt/QingkeV4B_CH32V203_EVT/EXAM/BLE/MESH/MESH_LIB/wchble_rom_mesh.hex	0x0005bbe0	8	known-prefix	bfdc
2	tmp/wch-evt/evt/QingkeV4B_CH32V203_EVT/EXAM/BLE/MESH/MESH_LIB/wchble_rom_mesh.hex	0x0005bc0c	6	known-prefix	1fe0
2	tmp/wch-evt/evt/QingkeV4B_CH32V203_EVT/EXAM/BLE/MESH/MESH_LIB/wchble_rom_mesh.hex	0x0005bda6	18	known-prefix	7fc6
2	tmp/wch-evt/evt/QingkeV4B_CH32V203_EVT/EXAM/BLE/MESH/MESH_LIB/wchble_rom_mesh.hex	0x0005bdb4	6	known-prefix	5f8a
2	tmp/wch-evt/evt/QingkeV4B_CH32V203_EVT/EXAM/BLE/MESH/MESH_LIB/wchble_rom_mesh.hex	0x0005c046	6	known-prefix	5f84
2	tmp/wch-evt/evt/QingkeV4B_CH32V203_EVT/EXAM/BLE/MESH/MESH_LIB/wchble_rom_mesh.hex	0x0005c0ac	6	known-prefix	1f9f
2	tmp/wch-evt/evt/QingkeV4B_CH32V203_EVT/EXAM/BLE/MESH/MESH_LIB/wchble_rom_mesh.hex	0x0005c0f8	6	known-prefix	5fd6
2	tmp/wch-evt/evt/QingkeV4B_CH32V203_EVT/EXAM/BLE/MESH/MESH_LIB/wchble_rom_mesh.hex	0x0005c114	6	known-prefix	9ffe
2	tmp/wch-evt/evt/QingkeV4B_CH32V203_EVT/EXAM/BLE/MESH/MESH_LIB/wchble_rom_mesh.hex	0x0005c1c2	6	known-prefix	1ff7
2	tmp/wch-evt/evt/QingkeV4B_CH32V203_EVT/EXAM/BLE/MESH/MESH_LIB/wchble_rom_mesh.hex	0x0005c1e2	6	known-prefix	5fc8
2	tmp/wch-evt/evt/QingkeV4B_CH32V203_EVT/EXAM/BLE/MESH/MESH_LIB/wchble_rom_mesh.hex	0x0005c69a	20	known-prefix	ffd7
2	tmp/wch-evt/evt/QingkeV4B_CH32V203_EVT/EXAM/BLE/MESH/MESH_LIB/wchble_rom_mesh.hex	0x0005c6b4	6	known-prefix	9fc8
2	tmp/wch-evt/evt/QingkeV4B_CH32V203_EVT/EXAM/BLE/MESH/MESH_LIB/wchble_rom_mesh.hex	0x0005c726	6	known-prefix	1fac
2	tmp/wch-evt/evt/QingkeV4B_CH32V203_EVT/EXAM/BLE/MESH/MESH_LIB/wchble_rom_mesh.hex	0x0005c836	8	known-prefix	3fe2
2	tmp/wch-evt/evt/QingkeV4B_CH32V203_EVT/EXAM/BLE/MESH/MESH_LIB/wchble_rom_mesh.hex	0x0005c860	6	known-prefix	dfea
2	tmp/wch-evt/evt/QingkeV4B_CH32V203_EVT/EXAM/BLE/MESH/MESH_LIB/wchble_rom_mesh.hex	0x0005c886	14	known-prefix	7fab
2	tmp/wch-evt/evt/QingkeV4B_CH32V203_EVT/EXAM/BLE/MESH/MESH_LIB/wchble_rom_mesh.hex	0x0005c8c0	6	known-prefix	dfe4
2	tmp/wch-evt/evt/QingkeV4B_CH32V203_EVT/EXAM/BLE/MESH/MESH_LIB/wchble_rom_mesh.hex	0x0005c99e	6	known-prefix	5fcb
2	tmp/wch-evt/evt/QingkeV4B_CH32V203_EVT/EXAM/BLE/MESH/MESH_LIB/wchble_rom_mesh.hex	0x0005c9bc	6	known-prefix	1fc6
2	tmp/wch-evt/evt/QingkeV4B_CH32V203_EVT/EXAM/BLE/MESH/MESH_LIB/wchble_rom_mesh.hex	0x0005ca22	6	known-prefix	9fd9
2	tmp/wch-evt/evt/QingkeV4B_CH32V203_EVT/EXAM/BLE/MESH/MESH_LIB/wchble_rom_mesh.hex	0x0005ca5e	18	known-prefix	ffca
2	tmp/wch-evt/evt/QingkeV4B_CH32V203_EVT/EXAM/BLE/MESH/MESH_LIB/wchble_rom_mesh.hex	0x0005cb2a	unknown	reserved-ge-192	fff6
2	tmp/wch-evt/evt/QingkeV4B_CH32V203_EVT/EXAM/BLE/MESH/MESH_LIB/wchble_rom_mesh.hex	0x0005cb34	6	known-prefix	5ff6
2	tmp/wch-evt/evt/QingkeV4B_CH32V203_EVT/EXAM/BLE/MESH/MESH_LIB/wchble_rom_mesh.hex	0x0005cd1e	8	known-prefix	bf8b
2	tmp/wch-evt/evt/QingkeV4B_CH32V203_EVT/EXAM/BLE/MESH/MESH_LIB/wchble_rom_mesh.hex	0x0005cd4c	6	known-prefix	df88
2	tmp/wch-evt/evt/QingkeV4B_CH32V203_EVT/EXAM/BLE/MESH/MESH_LIB/wchble_rom_mesh.hex	0x0005ce82	8	known-prefix	bf88
2	tmp/wch-evt/evt/QingkeV4B_CH32V203_EVT/EXAM/BLE/MESH/MESH_LIB/wchble_rom_mesh.hex	0x0005cec4	6	known-prefix	1fe3
2	tmp/wch-evt/evt/QingkeV4B_CH32V203_EVT/EXAM/BLE/MESH/MESH_LIB/wchble_rom_mesh.hex	0x0005cecc	6	known-prefix	9fe0
2	tmp/wch-evt/evt/QingkeV4B_CH32V203_EVT/EXAM/BLE/MESH/MESH_LIB/wchble_rom_mesh.hex	0x0005cf28	6	known-prefix	dfdc
2	tmp/wch-evt/evt/QingkeV4B_CH32V203_EVT/EXAM/BLE/MESH/MESH_LIB/wchble_rom_mesh.hex	0x0005cf30	6	known-prefix	5fda
2	tmp/wch-evt/evt/QingkeV4B_CH32V203_EVT/EXAM/BLE/MESH/MESH_LIB/wchble_rom_mesh.hex	0x0005cf6e	20	known-prefix	7fd8
2	tmp/wch-evt/evt/QingkeV4B_CH32V203_EVT/EXAM/BLE/MESH/MESH_LIB/wchble_rom_mesh.hex	0x0005cf76	20	known-prefix	ffd5
2	tmp/wch-evt/evt/QingkeV4B_CH32V203_EVT/EXAM/BLE/MESH/MESH_LIB/wchble_rom_mesh.hex	0x0005cfc6	20	known-prefix	ffd2
2	tmp/wch-evt/evt/QingkeV4B_CH32V203_EVT/EXAM/BLE/MESH/MESH_LIB/wchble_rom_mesh.hex	0x0005cfce	20	known-prefix	7fd0
2	tmp/wch-evt/evt/QingkeV4B_CH32V203_EVT/EXAM/BLE/MESH/MESH_LIB/wchble_rom_mesh.hex	0x0005d024	6	known-prefix	1fcd
2	tmp/wch-evt/evt/QingkeV4B_CH32V203_EVT/EXAM/BLE/MESH/MESH_LIB/wchble_rom_mesh.hex	0x0005d02c	6	known-prefix	9fca
2	tmp/wch-evt/evt/QingkeV4B_CH32V203_EVT/EXAM/BLE/MESH/MESH_LIB/wchble_rom_mesh.hex	0x0005d142	8	known-prefix	bf8c
2	tmp/wch-evt/evt/QingkeV4B_CH32V203_EVT/EXAM/BLE/MESH/MESH_LIB/wchble_rom_mesh.hex	0x0005d182	6	known-prefix	dfbe
2	tmp/wch-evt/evt/QingkeV4B_CH32V203_EVT/EXAM/BLE/MESH/MESH_LIB/wchble_rom_mesh.hex	0x0005d256	6	known-prefix	dfe0
2	tmp/wch-evt/evt/QingkeV4B_CH32V203_EVT/EXAM/BLE/MESH/MESH_LIB/wchble_rom_mesh.hex	0x0005d27c	8	known-prefix	bfad
2	tmp/wch-evt/evt/QingkeV4B_CH32V203_EVT/EXAM/BLE/MESH/MESH_LIB/wchble_rom_mesh.hex	0x0005d2c2	20	known-prefix	7fdf
2	tmp/wch-evt/evt/QingkeV4B_CH32V203_EVT/EXAM/BLE/MESH/MESH_LIB/wchble_rom_mesh.hex	0x0005d2e6	6	known-prefix	9fa1
2	tmp/wch-evt/evt/QingkeV4B_CH32V203_EVT/EXAM/BLE/MESH/MESH_LIB/wchble_rom_mesh.hex	0x0005d2ee	8	known-prefix	bfdb
2	tmp/wch-evt/evt/QingkeV4B_CH32V203_EVT/EXAM/BLE/MESH/MESH_LIB/wchble_rom_mesh.hex	0x0005d300	6	known-prefix	5f9f
2	tmp/wch-evt/evt/QingkeV4B_CH32V203_EVT/EXAM/BLE/MESH/MESH_LIB/wchble_rom_mesh.hex	0x0005d30c	6	known-prefix	9f9c
2	tmp/wch-evt/evt/QingkeV4B_CH32V203_EVT/EXAM/BLE/MESH/MESH_LIB/wchble_rom_mesh.hex	0x0005d316	6	known-prefix	dfd5
2	tmp/wch-evt/evt/QingkeV4B_CH32V203_EVT/EXAM/BLE/MESH/MESH_LIB/wchble_rom_mesh.hex	0x0005d33e	8	known-prefix	bf9c
2	tmp/wch-evt/evt/QingkeV4B_CH32V203_EVT/EXAM/BLE/MESH/MESH_LIB/wchble_rom_mesh.hex	0x0005d346	6	known-prefix	9fda
2	tmp/wch-evt/evt/QingkeV4B_CH32V203_EVT/EXAM/BLE/MESH/MESH_LIB/wchble_rom_mesh.hex	0x0005d758	6	known-prefix	5ffd
2	tmp/wch-evt/evt/QingkeV4B_CH32V203_EVT/EXAM/BLE/MESH/MESH_LIB/wchble_rom_mesh.hex	0x0005d83a	8	known-prefix	3fef
2	tmp/wch-evt/evt/QingkeV4B_CH32V203_EVT/EXAM/BLE/MESH/MESH_LIB/wchble_rom_mesh.hex	0x0005d8a0	6	known-prefix	9fdb
2	tmp/wch-evt/evt/QingkeV4B_CH32V203_EVT/EXAM/BLE/MESH/MESH_LIB/wchble_rom_mesh.hex	0x0005d98e	6	known-prefix	dfe2
2	tmp/wch-evt/evt/QingkeV4B_CH32V203_EVT/EXAM/BLE/MESH/MESH_LIB/wchble_rom_mesh.hex	0x0005d9a2	18	known-prefix	7fcb
2	tmp/wch-evt/evt/QingkeV4B_CH32V203_EVT/EXAM/BLE/MESH/MESH_LIB/wchble_rom_mesh.hex	0x0005da06	20	known-prefix	7fd0
2	tmp/wch-evt/evt/QingkeV4B_CH32V203_EVT/EXAM/BLE/MESH/MESH_LIB/wchble_rom_mesh.hex	0x0005dafa	8	known-prefix	3f84
2	tmp/wch-evt/evt/QingkeV4B_CH32V203_EVT/EXAM/BLE/MESH/MESH_LIB/wchble_rom_mesh.hex	0x0005db2e	14	known-prefix	ffae
2	tmp/wch-evt/evt/QingkeV4B_CH32V203_EVT/EXAM/BLE/MESH/MESH_LIB/wchble_rom_mesh.hex	0x0005dc9e	6	known-prefix	1ff4
2	tmp/wch-evt/evt/QingkeV4B_CH32V203_EVT/EXAM/BLE/MESH/MESH_LIB/wchble_rom_mesh.hex	0x0005dcae	8	known-prefix	bff0
2	tmp/wch-evt/evt/QingkeV4B_CH32V203_EVT/EXAM/BLE/MESH/MESH_LIB/wchble_rom_mesh.hex	0x0005dcbe	6	known-prefix	1ff2
2	tmp/wch-evt/evt/QingkeV4B_CH32V203_EVT/EXAM/BLE/MESH/MESH_LIB/wchble_rom_mesh.hex	0x0005dcce	8	known-prefix	bfee
2	tmp/wch-evt/evt/QingkeV4B_CH32V203_EVT/EXAM/BLE/MESH/MESH_LIB/wchble_rom_mesh.hex	0x0005dd00	22	known-prefix	ffed
2	tmp/wch-evt/evt/QingkeV4B_CH32V203_EVT/EXAM/BLE/MESH/MESH_LIB/wchble_rom_mesh.hex	0x0005dd0a	6	known-prefix	5fed
2	tmp/wch-evt/evt/QingkeV4B_CH32V203_EVT/EXAM/BLE/MESH/MESH_LIB/wchble_rom_mesh.hex	0x0005de94	6	known-prefix	dfe7
2	tmp/wch-evt/evt/QingkeV4B_CH32V203_EVT/EXAM/BLE/MESH/MESH_LIB/wchble_rom_mesh.hex	0x0005debc	6	known-prefix	5fe5
2	tmp/wch-evt/evt/QingkeV4B_CH32V203_EVT/EXAM/BLE/MESH/MESH_LIB/wchble_rom_mesh.hex	0x0005dfea	8	known-prefix	3fc5
2	tmp/wch-evt/evt/QingkeV4B_CH32V203_EVT/EXAM/BLE/MESH/MESH_LIB/wchble_rom_mesh.hex	0x0005e038	6	known-prefix	1fb8
2	tmp/wch-evt/evt/QingkeV4B_CH32V203_EVT/EXAM/BLE/MESH/MESH_LIB/wchble_rom_mesh.hex	0x0005e0b0	6	known-prefix	9fb5
2	tmp/wch-evt/evt/QingkeV4B_CH32V203_EVT/EXAM/BLE/MESH/MESH_LIB/wchble_rom_mesh.hex	0x0005e0c6	8	known-prefix	3faf
2	tmp/wch-evt/evt/QingkeV4B_CH32V203_EVT/EXAM/BLE/MESH/MESH_LIB/wchble_rom_mesh.hex	0x0005e0e2	14	known-prefix	7fad
2	tmp/wch-evt/evt/QingkeV4B_CH32V203_EVT/EXAM/BLE/MESH/MESH_LIB/wchble_rom_mesh.hex	0x0005e374	8	known-prefix	3f89
2	tmp/wch-evt/evt/QingkeV4B_CH32V203_EVT/EXAM/BLE/MESH/MESH_LIB/wchble_rom_mesh.hex	0x0005e854	8	known-prefix	3ffe
2	tmp/wch-evt/evt/QingkeV4B_CH32V203_EVT/EXAM/BLE/MESH/MESH_LIB/wchble_rom_mesh.hex	0x0005e89a	6	known-prefix	dff9
2	tmp/wch-evt/evt/QingkeV4B_CH32V203_EVT/EXAM/BLE/MESH/MESH_LIB/wchble_rom_mesh.hex	0x0005e8dc	8	known-prefix	bff5
2	tmp/wch-evt/evt/QingkeV4B_CH32V203_EVT/EXAM/BLE/MESH/MESH_LIB/wchble_rom_mesh.hex	0x0005e9c2	6	known-prefix	5fe7
2	tmp/wch-evt/evt/QingkeV4B_CH32V203_EVT/EXAM/BLE/MESH/MESH_LIB/wchble_rom_mesh.hex	0x0005ead2	6	known-prefix	5fd6
2	tmp/wch-evt/evt/QingkeV4B_CH32V203_EVT/EXAM/BLE/MESH/MESH_LIB/wchble_rom_mesh.hex	0x0005ec8e	8	known-prefix	bfb5
2	tmp/wch-evt/evt/QingkeV4B_CH32V203_EVT/EXAM/BLE/MESH/MESH_LIB/wchble_rom_mesh.hex	0x0005f4e0	8	known-prefix	bfbd
2	tmp/wch-evt/evt/QingkeV4B_CH32V203_EVT/EXAM/BLE/MESH/MESH_LIB/wchble_rom_mesh.hex	0x0005f508	6	known-prefix	dffa
2	tmp/wch-evt/evt/QingkeV4B_CH32V203_EVT/EXAM/BLE/MESH/MESH_LIB/wchble_rom_mesh.hex	0x0005f59a	6	known-prefix	dfdd
2	tmp/wch-evt/evt/QingkeV4B_CH32V203_EVT/EXAM/BLE/MESH/MESH_LIB/wchble_rom_mesh.hex	0x0005f5ac	8	known-prefix	3ff7
2	tmp/wch-evt/evt/QingkeV4B_CH32V203_EVT/EXAM/BLE/MESH/MESH_LIB/wchble_rom_mesh.hex	0x0005f72e	6	known-prefix	9fc4
2	tmp/wch-evt/evt/QingkeV4B_CH32V203_EVT/EXAM/BLE/MESH/MESH_LIB/wchble_rom_mesh.hex	0x0006012a	6	known-prefix	dfb2
2	tmp/wch-evt/evt/QingkeV4B_CH32V203_EVT/EXAM/BLE/MESH/MESH_LIB/wchble_rom_mesh.hex	0x0006015a	6	known-prefix	dffd
2	tmp/wch-evt/evt/QingkeV4B_CH32V203_EVT/EXAM/BLE/MESH/MESH_LIB/wchble_rom_mesh.hex	0x000602ea	6	known-prefix	9fd5
2	tmp/wch-evt/evt/QingkeV4B_CH32V203_EVT/EXAM/BLE/MESH/MESH_LIB/wchble_rom_mesh.hex	0x00060306	6	known-prefix	dfb9
2	tmp/wch-evt/evt/QingkeV4B_CH32V203_EVT/EXAM/BLE/MESH/MESH_LIB/wchble_rom_mesh.hex	0x00060314	6	known-prefix	5f86
2	tmp/wch-evt/evt/QingkeV4B_CH32V203_EVT/EXAM/BLE/MESH/MESH_LIB/wchble_rom_mesh.hex	0x0006034a	6	known-prefix	9fcf
2	tmp/wch-evt/evt/QingkeV4B_CH32V203_EVT/EXAM/BLE/MESH/MESH_LIB/wchble_rom_mesh.hex	0x0006038a	6	known-prefix	dfc4
2	tmp/wch-evt/evt/QingkeV4B_CH32V203_EVT/EXAM/BLE/MESH/MESH_LIB/wchble_rom_mesh.hex	0x00060392	6	known-prefix	5fc4
2	tmp/wch-evt/evt/QingkeV4B_CH32V203_EVT/EXAM/BLE/MESH/MESH_LIB/wchble_rom_mesh.hex	0x000603a0	8	known-prefix	3fca
2	tmp/wch-evt/evt/QingkeV4B_CH32V203_EVT/EXAM/BLE/MESH/MESH_LIB/wchble_rom_mesh.hex	0x0006042c	8	known-prefix	bff4
2	tmp/wch-evt/evt/QingkeV4B_CH32V203_EVT/EXAM/BLE/MESH/MESH_LIB/wchble_rom_mesh.hex	0x00060468	20	known-prefix	7fd5
2	tmp/wch-evt/evt/QingkeV4B_CH32V203_EVT/EXAM/BLE/MESH/MESH_LIB/wchble_rom_mesh.hex	0x00060472	6	known-prefix	dfee
2	tmp/wch-evt/evt/QingkeV4B_CH32V203_EVT/EXAM/BLE/MESH/MESH_LIB/wchble_rom_mesh.hex	0x00060498	18	known-prefix	ffcb
2	tmp/wch-evt/evt/QingkeV4B_CH32V203_EVT/EXAM/BLE/MESH/MESH_LIB/wchble_rom_mesh.hex	0x00060566	6	known-prefix	dfe4
2	tmp/wch-evt/evt/QingkeV4B_CH32V203_EVT/EXAM/BLE/MESH/MESH_LIB/wchble_rom_mesh.hex	0x0006057a	6	known-prefix	5ff8
2	tmp/wch-evt/evt/QingkeV4B_CH32V203_EVT/EXAM/BLE/MESH/MESH_LIB/wchble_rom_mesh.hex	0x00060622	8	known-prefix	3fe9
2	tmp/wch-evt/evt/QingkeV4B_CH32V203_EVT/EXAM/BLE/MESH/MESH_LIB/wchble_rom_mesh.hex	0x000606bc	6	known-prefix	9fe7
2	tmp/wch-evt/evt/QingkeV4B_CH32V203_EVT/EXAM/BLE/MESH/MESH_LIB/wchble_rom_mesh.hex	0x00060804	6	known-prefix	1fcb
2	tmp/wch-evt/evt/QingkeV4B_CH32V203_EVT/EXAM/BLE/MESH/MESH_LIB/wchble_rom_mesh.hex	0x00060880	12	known-prefix	ff93
2	tmp/wch-evt/evt/QingkeV4B_CH32V203_EVT/EXAM/BLE/MESH/MESH_LIB/wchble_rom_mesh.hex	0x00060886	6	known-prefix	9fad
2	tmp/wch-evt/evt/QingkeV4B_CH32V203_EVT/EXAM/BLE/MESH/MESH_LIB/wchble_rom_mesh.hex	0x0006090e	6	known-prefix	dfbf
2	tmp/wch-evt/evt/QingkeV4B_CH32V203_EVT/EXAM/BLE/MESH/MESH_LIB/wchble_rom_mesh.hex	0x0006094e	6	known-prefix	1fa1
2	tmp/wch-evt/evt/QingkeV4B_CH32V203_EVT/EXAM/BLE/MESH/MESH_LIB/wchble_rom_mesh.hex	0x0006095e	8	known-prefix	bfb3
2	tmp/wch-evt/evt/QingkeV4B_CH32V203_EVT/EXAM/BLE/MESH/MESH_LIB/wchble_rom_mesh.hex	0x00060a86	8	known-prefix	3fa1
2	tmp/wch-evt/evt/QingkeV4B_CH32V203_EVT/EXAM/BLE/MESH/MESH_LIB/wchble_rom_mesh.hex	0x00060ada	6	known-prefix	5f88
2	tmp/wch-evt/evt/QingkeV4B_CH32V203_EVT/EXAM/BLE/MESH/MESH_LIB/wchble_rom_mesh.hex	0x00060e78	6	known-prefix	1fea
2	tmp/wch-evt/evt/QingkeV4B_CH32V203_EVT/EXAM/BLE/MESH/MESH_LIB/wchble_rom_mesh.hex	0x00060eba	22	known-prefix	ffe5
2	tmp/wch-evt/evt/QingkeV4B_CH32V203_EVT/EXAM/BLE/MESH/MESH_LIB/wchble_rom_mesh.hex	0x00060f4a	20	known-prefix	ffdc
2	tmp/wch-evt/evt/QingkeV4B_CH32V203_EVT/EXAM/BLE/MESH/MESH_LIB/wchble_rom_mesh.hex	0x0006138c	8	known-prefix	3fd4
2	tmp/wch-evt/evt/QingkeV4B_CH32V203_EVT/EXAM/BLE/MESH/MESH_LIB/wchble_rom_mesh.hex	0x0006174a	6	known-prefix	dff4
2	tmp/wch-evt/evt/QingkeV4B_CH32V203_EVT/EXAM/BLE/MESH/MESH_LIB/wchble_rom_mesh.hex	0x00061846	8	known-prefix	bf94
2	tmp/wch-evt/evt/QingkeV4B_CH32V203_EVT/EXAM/BLE/MESH/MESH_LIB/wchble_rom_mesh.hex	0x000619fe	6	known-prefix	9fc9
2	tmp/wch-evt/evt/QingkeV4B_CH32V203_EVT/EXAM/BLE/MESH/MESH_LIB/wchble_rom_mesh.hex	0x00061a3a	6	known-prefix	dfc5
2	tmp/wch-evt/evt/QingkeV4B_CH32V203_EVT/EXAM/BLE/MESH/MESH_LIB/wchble_rom_mesh.hex	0x00061a6c	8	known-prefix	bfc2
2	tmp/wch-evt/evt/QingkeV4B_CH32V203_EVT/EXAM/BLE/MESH/MESH_LIB/wchble_rom_mesh.hex	0x00061d22	unknown	reserved-ge-192	7fff
2	tmp/wch-evt/evt/QingkeV4B_CH32V203_EVT/EXAM/BLE/MESH/MESH_LIB/wchble_rom_mesh.hex	0x00061dc8	10	known-prefix	ff8c
2	tmp/wch-evt/evt/QingkeV4B_CH32V203_EVT/EXAM/BLE/MESH/MESH_LIB/wchble_rom_mesh.hex	0x00061e24	8	known-prefix	3fe0
2	tmp/wch-evt/evt/QingkeV4B_CH32V203_EVT/EXAM/BLE/MESH/MESH_LIB/wchble_rom_mesh.hex	0x00061e90	20	known-prefix	7fd9
2	tmp/wch-evt/evt/QingkeV4B_CH32V203_EVT/EXAM/BLE/MESH/MESH_LIB/wchble_rom_mesh.hex	0x0006223c	6	known-prefix	9fec
2	tmp/wch-evt/evt/QingkeV4B_CH32V203_EVT/EXAM/BLE/MESH/MESH_LIB/wchble_rom_mesh.hex	0x000622ec	8	known-prefix	3ff9
2	tmp/wch-evt/evt/QingkeV4B_CH32V203_EVT/EXAM/BLE/MESH/MESH_LIB/wchble_rom_mesh.hex	0x00063e50	8	known-prefix	3fda
2	tmp/wch-evt/evt/QingkeV4B_CH32V203_EVT/EXAM/BLE/MESH/MESH_LIB/wchble_rom_mesh.hex	0x00063eba	6	known-prefix	9fd3
2	tmp/wch-evt/evt/QingkeV4B_CH32V203_EVT/EXAM/BLE/MESH/MESH_LIB/wchble_rom_mesh.hex	0x00063f4a	6	known-prefix	dffe
2	tmp/wch-evt/evt/QingkeV4B_CH32V203_EVT/EXAM/BLE/MESH/MESH_LIB/wchble_rom_mesh.hex	0x000640e6	6	known-prefix	5ffc
2	tmp/wch-evt/evt/QingkeV4B_CH32V203_EVT/EXAM/BLE/MESH/MESH_LIB/wchble_rom_mesh.hex	0x00064142	6	known-prefix	9ff6
2	tmp/wch-evt/evt/QingkeV4B_CH32V203_EVT/EXAM/BLE/MESH/MESH_LIB/wchble_rom_mesh.hex	0x0006416c	8	known-prefix	bffc
2	tmp/wch-evt/evt/QingkeV4B_CH32V203_EVT/EXAM/BLE/MESH/MESH_LIB/wchble_rom_mesh.hex	0x000641aa	6	known-prefix	1ff0
2	tmp/wch-evt/evt/QingkeV4B_CH32V203_EVT/EXAM/BLE/MESH/MESH_LIB/wchble_rom_mesh.hex	0x000641ec	22	known-prefix	ffeb
2	tmp/wch-evt/evt/QingkeV4B_CH32V203_EVT/EXAM/BLE/MESH/MESH_LIB/wchble_rom_mesh.hex	0x000642ba	6	known-prefix	1fdf
2	tmp/wch-evt/evt/QingkeV4B_CH32V203_EVT/EXAM/BLE/MESH/MESH_LIB/wchble_rom_mesh.hex	0x000642e8	8	known-prefix	3fdc
2	tmp/wch-evt/evt/QingkeV4B_CH32V203_EVT/EXAM/BLE/MESH/MESH_LIB/wchble_rom_mesh.hex	0x00064320	8	known-prefix	bfd8
2	tmp/wch-evt/evt/QingkeV4B_CH32V203_EVT/EXAM/BLE/MESH/MESH_LIB/wchble_rom_mesh.hex	0x0006434e	6	known-prefix	dfd5
2	tmp/wch-evt/evt/QingkeV4B_CH32V203_EVT/EXAM/BLE/MESH/MESH_LIB/wchble_rom_mesh.hex	0x0006437c	20	known-prefix	ffd2
2	tmp/wch-evt/evt/QingkeV4B_CH32V203_EVT/EXAM/BLE/MESH/MESH_LIB/wchble_rom_mesh.hex	0x000643b4	8	known-prefix	3fd8
2	tmp/wch-evt/evt/QingkeV4B_CH32V203_EVT/EXAM/BLE/MESH/MESH_LIB/wchble_rom_mesh.hex	0x0006452c	16	known-prefix	ffb7
2	tmp/wch-evt/evt/QingkeV4B_CH32V203_EVT/EXAM/BLE/MESH/MESH_LIB/wchble_rom_mesh.hex	0x000645a4	8	known-prefix	bfa0
2	tmp/wch-evt/evt/QingkeV4B_CH32V203_EVT/EXAM/BLE/MESH/MESH_LIB/wchble_rom_mesh.hex	0x000645b0	8	known-prefix	bfaf
2	tmp/wch-evt/evt/QingkeV4B_CH32V203_EVT/EXAM/BLE/MESH/MESH_LIB/wchble_rom_mesh.hex	0x000645d2	6	known-prefix	9fad
2	tmp/wch-evt/evt/QingkeV4B_CH32V203_EVT/EXAM/BLE/MESH/MESH_LIB/wchble_rom_mesh.hex	0x000645f4	14	known-prefix	7fab
2	tmp/wch-evt/evt/QingkeV4B_CH32V203_EVT/EXAM/BLE/MESH/MESH_LIB/wchble_rom_mesh.hex	0x00064616	6	known-prefix	5fa9
2	tmp/wch-evt/evt/QingkeV4B_CH32V203_EVT/EXAM/BLE/MESH/MESH_LIB/wchble_rom_mesh.hex	0x0006462a	6	known-prefix	1fa8
2	tmp/wch-evt/evt/QingkeV4B_CH32V203_EVT/EXAM/BLE/MESH/MESH_LIB/wchble_rom_mesh.hex	0x000646c8	8	known-prefix	3f9e
2	tmp/wch-evt/evt/QingkeV4B_CH32V203_EVT/EXAM/BLE/MESH/MESH_LIB/wchble_rom_mesh.hex	0x000646fa	unknown	reserved-ge-192	fff4
2	tmp/wch-evt/evt/QingkeV4B_CH32V203_EVT/EXAM/BLE/MESH/MESH_LIB/wchble_rom_mesh.hex	0x00064802	unknown	reserved-ge-192	7ff9
2	tmp/wch-evt/evt/QingkeV4B_CH32V203_EVT/EXAM/BLE/MESH/MESH_LIB/wchble_rom_mesh.hex	0x000648e2	22	known-prefix	7feb
2	tmp/wch-evt/evt/QingkeV4B_CH32V203_EVT/EXAM/BLE/MESH/MESH_LIB/wchble_rom_mesh.hex	0x000649ba	6	known-prefix	9f80
2	tmp/wch-evt/evt/QingkeV4B_CH32V203_EVT/EXAM/BLE/MESH/MESH_LIB/wchble_rom_mesh.hex	0x00064a26	6	known-prefix	5f88
2	tmp/wch-evt/evt/QingkeV4B_CH32V203_EVT/EXAM/BLE/MESH/MESH_LIB/wchble_rom_mesh.hex	0x00064bea	6	known-prefix	df8c
2	tmp/wch-evt/evt/QingkeV4B_CH32V203_EVT/EXAM/BLE/MESH/MESH_LIB/wchble_rom_mesh.hex	0x00064c74	6	known-prefix	5f98
2	tmp/wch-evt/evt/QingkeV4B_CH32V203_EVT/EXAM/BLE/MESH/MESH_LIB/wchble_rom_mesh.hex	0x00064cc2	12	known-prefix	7f91
2	tmp/wch-evt/evt/QingkeV4B_CH32V203_EVT/EXAM/BLE/MESH/MESH_LIB/wchble_rom_mesh.hex	0x00064d04	6	known-prefix	5fc6
2	tmp/wch-evt/evt/QingkeV4B_CH32V203_EVT/EXAM/BLE/MESH/MESH_LIB/wchble_rom_mesh.hex	0x00064d18	6	known-prefix	5fd7
2	tmp/wch-evt/evt/QingkeV4B_CH32V203_EVT/EXAM/BLE/MESH/MESH_LIB/wchble_rom_mesh.hex	0x00064d2c	12	known-prefix	7f91
2	tmp/wch-evt/evt/QingkeV4B_CH32V203_EVT/EXAM/BLE/MESH/MESH_LIB/wchble_rom_mesh.hex	0x00064d42	14	known-prefix	7fa3
2	tmp/wch-evt/evt/QingkeV4B_CH32V203_EVT/EXAM/BLE/MESH/MESH_LIB/wchble_rom_mesh.hex	0x00064d58	6	known-prefix	1f98
2	tmp/wch-evt/evt/QingkeV4B_CH32V203_EVT/EXAM/BLE/MESH/MESH_LIB/wchble_rom_mesh.hex	0x00064d86	6	known-prefix	9fa3
2	tmp/wch-evt/evt/QingkeV4B_CH32V203_EVT/EXAM/BLE/MESH/MESH_LIB/wchble_rom_mesh.hex	0x00064d9e	14	known-prefix	7fa4
2	tmp/wch-evt/evt/QingkeV4B_CH32V203_EVT/EXAM/BLE/MESH/MESH_LIB/wchble_rom_mesh.hex	0x00064db6	16	known-prefix	7fb0
2	tmp/wch-evt/evt/QingkeV4B_CH32V203_EVT/EXAM/BLE/MESH/MESH_LIB/wchble_rom_mesh.hex	0x00064dec	16	known-prefix	7fbc
2	tmp/wch-evt/evt/QingkeV4B_CH32V203_EVT/EXAM/BLE/MESH/MESH_LIB/wchble_rom_mesh.hex	0x00064e06	16	known-prefix	7fbf
2	tmp/wch-evt/evt/QingkeV4B_CH32V203_EVT/EXAM/BLE/MESH/MESH_LIB/wchble_rom_mesh.hex	0x00064e1a	6	known-prefix	1f80
2	tmp/wch-evt/evt/QingkeV4B_CH32V203_EVT/EXAM/BLE/MESH/MESH_LIB/wchble_rom_mesh.hex	0x00064e34	6	known-prefix	1f89
2	tmp/wch-evt/evt/QingkeV4B_CH32V203_EVT/EXAM/BLE/MESH/MESH_LIB/wchble_rom_mesh.hex	0x00064e50	6	known-prefix	9f80
2	tmp/wch-evt/evt/QingkeV4B_CH32V203_EVT/EXAM/BLE/MESH/MESH_LIB/wchble_rom_mesh.hex	0x00064e68	6	known-prefix	9f8f
2	tmp/wch-evt/evt/QingkeV4B_CH32V203_EVT/EXAM/BLE/MESH/MESH_LIB/wchble_rom_mesh.hex	0x00064e80	12	known-prefix	ff91
2	tmp/wch-evt/evt/QingkeV4B_CH32V203_EVT/EXAM/BLE/MESH/MESH_LIB/wchble_rom_mesh.hex	0x00064e9a	6	known-prefix	1f9b
2	tmp/wch-evt/evt/QingkeV4B_CH32V203_EVT/EXAM/BLE/MESH/MESH_LIB/wchble_rom_mesh.hex	0x00064fba	6	known-prefix	1ff6
2	tmp/wch-evt/evt/QingkeV4B_CH32V203_EVT/EXAM/BLE/MESH/MESH_LIB/wchble_rom_mesh.hex	0x0006505e	6	known-prefix	dfeb
2	tmp/wch-evt/evt/QingkeV4B_CH32V203_EVT/EXAM/BLE/MESH/MESH_LIB/wchble_rom_mesh.hex	0x00065070	6	known-prefix	dfa1
2	tmp/wch-evt/evt/QingkeV4B_CH32V203_EVT/EXAM/BLE/MESH/MESH_LIB/wchble_rom_mesh.hex	0x00065090	8	known-prefix	bfe8
2	tmp/wch-evt/evt/QingkeV4B_CH32V203_EVT/EXAM/BLE/MESH/MESH_LIB/wchble_rom_mesh.hex	0x000650b0	8	known-prefix	bfe6
2	tmp/wch-evt/evt/QingkeV4B_CH32V203_EVT/EXAM/BLE/MESH/MESH_LIB/wchble_rom_mesh.hex	0x000650c6	6	known-prefix	5fe5
2	tmp/wch-evt/evt/QingkeV4B_CH32V203_EVT/EXAM/BLE/MESH/MESH_LIB/wchble_rom_mesh.hex	0x000650d4	8	known-prefix	3f84
2	tmp/wch-evt/evt/QingkeV4B_CH32V203_EVT/EXAM/BLE/MESH/MESH_LIB/wchble_rom_mesh.hex	0x00065472	16	known-prefix	ffb6
2	tmp/wch-evt/evt/QingkeV4B_CH32V203_EVT/EXAM/BLE/MESH/MESH_LIB/wchble_rom_mesh.hex	0x000654c8	6	known-prefix	dfb5
2	tmp/wch-evt/evt/QingkeV4B_CH32V203_EVT/EXAM/BLE/MESH/MESH_LIB/wchble_rom_mesh.hex	0x00065606	6	known-prefix	df9f
2	tmp/wch-evt/evt/QingkeV4B_CH32V203_EVT/EXAM/BLE/MESH/MESH_LIB/wchble_rom_mesh.hex	0x00065612	8	known-prefix	3f9a
2	tmp/wch-evt/evt/QingkeV4B_CH32V203_EVT/EXAM/BLE/MESH/MESH_LIB/wchble_rom_mesh.hex	0x00065646	14	known-prefix	ffa2
2	tmp/wch-evt/evt/QingkeV4B_CH32V203_EVT/EXAM/BLE/MESH/MESH_LIB/wchble_rom_mesh.hex	0x00065678	6	known-prefix	1fec
2	tmp/wch-evt/evt/QingkeV4B_CH32V203_EVT/EXAM/BLE/MESH/MESH_LIB/wchble_rom_mesh.hex	0x00065846	6	known-prefix	9fd1
2	tmp/wch-evt/evt/QingkeV4B_CH32V203_EVT/EXAM/BLE/MESH/MESH_LIB/wchble_rom_mesh.hex	0x00065966	6	known-prefix	1fd3
2	tmp/wch-evt/evt/QingkeV4B_CH32V203_EVT/EXAM/BLE/MESH/MESH_LIB/wchble_rom_mesh.hex	0x00065d1a	8	known-prefix	bfe4
2	tmp/wch-evt/evt/QingkeV4B_CH32V203_EVT/EXAM/BLE/MESH/MESH_LIB/wchble_rom_mesh.hex	0x00065fa2	8	known-prefix	3f00
2	tmp/wch-evt/evt/QingkeV4B_CH32V203_EVT/EXAM/BLE/MESH/MESH_LIB/wchble_rom_mesh.hex	0x00065ffc	8	known-prefix	3f00
2	tmp/wch-evt/evt/QingkeV4B_CH32V203_EVT/EXAM/BLE/MESH/MESH_LIB/wchble_rom_mesh.hex	0x00066186	unknown	reserved-ge-192	7ff0
2	tmp/wch-evt/evt/QingkeV4B_CH32V203_EVT/EXAM/BLE/MESH/MESH_LIB/wchble_rom_mesh.hex	0x000661e4	8	known-prefix	bff2
2	tmp/wch-evt/evt/QingkeV4B_CH32V203_EVT/EXAM/BLE/MESH/MESH_LIB/wchble_rom_mesh.hex	0x0006642c	8	known-prefix	3fce
2	tmp/wch-evt/evt/QingkeV4B_CH32V203_EVT/EXAM/BLE/MESH/MESH_LIB/wchble_rom_mesh.hex	0x00066536	8	known-prefix	3f80
2	tmp/wch-evt/evt/QingkeV4B_CH32V203_EVT/EXAM/BLE/MESH/MESH_LIB/wchble_rom_mesh.hex	0x0006653e	22	known-prefix	7fea
2	tmp/wch-evt/evt/QingkeV4B_CH32V203_EVT/EXAM/BLE/MESH/MESH_LIB/wchble_rom_mesh.hex	0x0006664a	8	known-prefix	3fa4
2	tmp/wch-evt/evt/QingkeV4B_CH32V203_EVT/EXAM/BLE/MESH/MESH_LIB/wchble_rom_mesh.hex	0x0006666a	6	known-prefix	5ffd
2	tmp/wch-evt/evt/QingkeV4B_CH32V203_EVT/EXAM/BLE/MESH/MESH_LIB/wchble_rom_mesh.hex	0x00066694	8	known-prefix	bffa
2	tmp/wch-evt/evt/QingkeV4B_CH32V203_EVT/EXAM/BLE/MESH/MESH_LIB/wchble_rom_mesh.hex	0x000667cc	8	known-prefix	3fe7
2	tmp/wch-evt/evt/QingkeV4B_CH32V203_EVT/EXAM/BLE/MESH/MESH_LIB/wchble_rom_mesh.hex	0x00066814	8	known-prefix	bfe2
2	tmp/wch-evt/evt/QingkeV4B_CH32V203_EVT/EXAM/BLE/MESH/MESH_LIB/wchble_rom_mesh.hex	0x000668a0	20	known-prefix	ffd9
2	tmp/wch-evt/evt/QingkeV4B_CH32V203_EVT/EXAM/BLE/MESH/MESH_LIB/wchble_rom_mesh.hex	0x00066940	18	known-prefix	ffc3
2	tmp/wch-evt/evt/QingkeV4B_CH32V203_EVT/EXAM/BLE/MESH/MESH_LIB/wchble_rom_mesh.hex	0x00066d04	8	known-prefix	bf87
2	tmp/wch-evt/evt/QingkeV4B_CH32V203_EVT/EXAM/BLE/MESH/MESH_LIB/wchble_rom_mesh.hex	0x00066fec	unknown	reserved-ge-192	7ff3
2	tmp/wch-evt/evt/QingkeV4B_CH32V203_EVT/EXAM/BLE/MESH/MESH_LIB/wchble_rom_mesh.hex	0x00067200	18	known-prefix	7fc6
2	tmp/wch-evt/evt/QingkeV4B_CH32V203_EVT/EXAM/BLE/MESH/MESH_LIB/wchble_rom_mesh.hex	0x0006745e	6	known-prefix	dfa1
2	tmp/wch-evt/evt/QingkeV4B_CH32V203_EVT/EXAM/BLE/MESH/MESH_LIB/wchble_rom_mesh.hex	0x000674a8	6	known-prefix	5fbe
2	tmp/wch-evt/evt/QingkeV4B_CH32V203_EVT/EXAM/BLE/MESH/MESH_LIB/wchble_rom_mesh.hex	0x000674d0	12	known-prefix	7f99
2	tmp/wch-evt/evt/QingkeV4B_CH32V203_EVT/EXAM/BLE/MESH/MESH_LIB/wchble_rom_mesh.hex	0x00067600	10	known-prefix	7f86
2	tmp/wch-evt/evt/QingkeV4B_CH32V203_EVT/EXAM/BLE/MESH/MESH_LIB/wchble_rom_mesh.hex	0x00067694	6	known-prefix	9f9f
2	tmp/wch-evt/evt/QingkeV4B_CH32V203_EVT/EXAM/BLE/MESH/MESH_LIB/wchble_rom_mesh.hex	0x000676ca	unknown	reserved-ge-192	fff5
2	tmp/wch-evt/evt/QingkeV4B_CH32V203_EVT/EXAM/BLE/MESH/MESH_LIB/wchble_rom_mesh.hex	0x0006779a	6	known-prefix	5f97
2	tmp/wch-evt/evt/QingkeV4B_CH32V203_EVT/EXAM/BLE/MESH/MESH_LIB/wchble_rom_mesh.hex	0x000677ec	6	known-prefix	1fed
2	tmp/wch-evt/evt/QingkeV4B_CH32V203_EVT/EXAM/BLE/MESH/MESH_LIB/wchble_rom_mesh.hex	0x00067826	6	known-prefix	9fe1
2	tmp/wch-evt/evt/QingkeV4B_CH32V203_EVT/EXAM/BLE/MESH/MESH_LIB/wchble_rom_mesh.hex	0x00067838	22	known-prefix	7fe0
2	tmp/wch-evt/evt/QingkeV4B_CH32V203_EVT/EXAM/BLE/MESH/MESH_LIB/wchble_rom_mesh.hex	0x0006791e	6	known-prefix	dfe1
2	tmp/wch-evt/evt/QingkeV4B_CH32V203_EVT/EXAM/BLE/MESH/MESH_LIB/wchble_rom_mesh.hex	0x0006793c	6	known-prefix	1fd8
2	tmp/wch-evt/evt/QingkeV4B_CH32V203_EVT/EXAM/BLE/MESH/MESH_LIB/wchble_rom_mesh.hex	0x00067a5c	6	known-prefix	dfbc
2	tmp/wch-evt/evt/QingkeV4B_CH32V203_EVT/EXAM/BLE/MESH/MESH_LIB/wchble_rom_mesh.hex	0x00067b7e	6	known-prefix	1fa0
2	tmp/wch-evt/evt/QingkeV4B_CH32V203_EVT/EXAM/BLE/MESH/MESH_LIB/wchble_rom_mesh.hex	0x00067bf0	6	known-prefix	df8d
2	tmp/wch-evt/evt/QingkeV4B_CH32V203_EVT/EXAM/BLE/MESH/MESH_LIB/wchble_rom_mesh.hex	0x00067c66	unknown	reserved-ge-192	7ffc
2	tmp/wch-evt/evt/QingkeV4B_CH32V203_EVT/EXAM/BLE/MESH/MESH_LIB/wchble_rom_mesh.hex	0x00068c6c	6	known-prefix	df02
2	tmp/wch-evt/evt/QingkeV4B_CH32V203_EVT/EXAM/BLE/MESH/MESH_LIB/wchble_rom_mesh.hex	0x00068c74	10	known-prefix	ff00
2	tmp/wch-evt/evt/QingkeV4B_CH32V203_EVT/EXAM/BLE/MESH/MESH_LIB/wchble_rom_mesh.hex	0x00068ca6	6	known-prefix	df02
2	tmp/wch-evt/evt/QingkeV4B_CH32V203_EVT/EXAM/BLE/MESH/MESH_LIB/wchble_rom_mesh.hex	0x00068cae	10	known-prefix	ff00
2	tmp/wch-evt/evt/QingkeV4B_CH32V203_EVT/EXAM/BLE/MESH/MESH_LIB/wchble_rom_mesh.hex	0x00069240	6	known-prefix	5ff9
2	tmp/wch-evt/evt/QingkeV4B_CH32V203_EVT/EXAM/BLE/MESH/MESH_LIB/wchble_rom_mesh.hex	0x00069286	8	known-prefix	bfec
2	tmp/wch-evt/evt/QingkeV4B_CH32V203_EVT/EXAM/BLE/MESH/MESH_LIB/wchble_rom_mesh.hex	0x000692ca	6	known-prefix	dfec
2	tmp/wch-evt/evt/QingkeV4B_CH32V203_EVT/EXAM/BLE/MESH/MESH_LIB/wchble_rom_mesh.hex	0x0006943a	6	known-prefix	1fc7
2	tmp/wch-evt/evt/QingkeV4B_CH32V203_EVT/EXAM/BLE/MESH/MESH_LIB/wchble_rom_mesh.hex	0x00069466	6	known-prefix	5fc4
2	tmp/wch-evt/evt/QingkeV4B_CH32V203_EVT/EXAM/BLE/MESH/MESH_LIB/wchble_rom_mesh.hex	0x000694ae	6	known-prefix	dfbf
2	tmp/wch-evt/evt/QingkeV4B_CH32V203_EVT/EXAM/BLE/MESH/MESH_LIB/wchble_rom_mesh.hex	0x000695c0	16	known-prefix	7fb7
2	tmp/wch-evt/evt/QingkeV4B_CH32V203_EVT/EXAM/BLE/MESH/MESH_LIB/wchble_rom_mesh.hex	0x000695ca	6	known-prefix	5fd9
2	tmp/wch-evt/evt/QingkeV4B_CH32V203_EVT/EXAM/BLE/MESH/MESH_LIB/wchble_rom_mesh.hex	0x0006963a	6	known-prefix	9fa7
2	tmp/wch-evt/evt/QingkeV4B_CH32V203_EVT/EXAM/BLE/MESH/MESH_LIB/wchble_rom_mesh.hex	0x00069690	8	known-prefix	bfa1
2	tmp/wch-evt/evt/QingkeV4B_CH32V203_EVT/EXAM/BLE/MESH/MESH_LIB/wchble_rom_mesh.hex	0x00069724	8	known-prefix	bf9a
2	tmp/wch-evt/evt/QingkeV4B_CH32V203_EVT/EXAM/BLE/MESH/MESH_LIB/wchble_rom_mesh.hex	0x000697be	6	known-prefix	df8e
2	tmp/wch-evt/evt/QingkeV4B_CH32V203_EVT/EXAM/BLE/MESH/MESH_LIB/wchble_rom_mesh.hex	0x000697fc	10	known-prefix	ff8a
2	tmp/wch-evt/evt/QingkeV4B_CH32V203_EVT/EXAM/BLE/MESH/MESH_LIB/wchble_rom_mesh.hex	0x00069aba	8	known-prefix	3ffd
2	tmp/wch-evt/evt/QingkeV4B_CH32V203_EVT/EXAM/BLE/MESH/MESH_LIB/wchble_rom_mesh.hex	0x00069e9c	8	known-prefix	bf96
2	tmp/wch-evt/evt/QingkeV4B_CH32V203_EVT/EXAM/BLE/MESH/MESH_LIB/wchble_rom_mesh.hex	0x00069ee0	6	known-prefix	9fa6
2	tmp/wch-evt/evt/QingkeV4B_CH32V203_EVT/EXAM/BLE/MESH/MESH_LIB/wchble_rom_mesh.hex	0x0006a220	6	known-prefix	9fbf
2	tmp/wch-evt/evt/QingkeV4B_CH32V203_EVT/EXAM/BLE/MESH/MESH_LIB/wchble_rom_mesh.hex	0x0006a228	6	known-prefix	dfb8
2	tmp/wch-evt/evt/QingkeV4B_CH32V203_EVT/EXAM/BLE/MESH/MESH_LIB/wchble_rom_mesh.hex	0x0006a396	6	known-prefix	1fda
2	tmp/wch-evt/evt/QingkeV4B_CH32V203_EVT/EXAM/BLE/MESH/MESH_LIB/wchble_rom_mesh.hex	0x0006a504	8	known-prefix	3fc3
2	tmp/wch-evt/evt/QingkeV4B_CH32V203_EVT/EXAM/BLE/MESH/MESH_LIB/wchble_rom_mesh.hex	0x0006a6ee	6	known-prefix	1fc7
2	tmp/wch-evt/evt/QingkeV4B_CH32V203_EVT/EXAM/BLE/MESH/MESH_LIB/wchble_rom_mesh.hex	0x0006a6fc	8	known-prefix	3fc6
2	tmp/wch-evt/evt/QingkeV4B_CH32V203_EVT/EXAM/BLE/MESH/MESH_LIB/wchble_rom_mesh.hex	0x0006a804	8	known-prefix	3f93
2	tmp/wch-evt/evt/QingkeV4B_CH32V203_EVT/EXAM/BLE/MESH/MESH_LIB/wchble_rom_mesh.hex	0x0006a890	8	known-prefix	bf81
2	tmp/wch-evt/evt/QingkeV4B_CH32V203_EVT/EXAM/BLE/MESH/MESH_LIB/wchble_rom_mesh.hex	0x0006a956	6	known-prefix	9fd4
2	tmp/wch-evt/evt/QingkeV4B_CH32V203_EVT/EXAM/BLE/MESH/MESH_LIB/wchble_rom_mesh.hex	0x0006a95a	6	known-prefix	9fd8
2	tmp/wch-evt/evt/QingkeV4B_CH32V203_EVT/EXAM/BLE/MESH/MESH_LIB/wchble_rom_mesh.hex	0x0006a95e	20	known-prefix	ffdc
2	tmp/wch-evt/evt/QingkeV4B_CH32V203_EVT/EXAM/BLE/MESH/MESH_LIB/wchble_rom_mesh.hex	0x0006a962	6	known-prefix	dfe1
2	tmp/wch-evt/evt/QingkeV4B_CH32V203_EVT/EXAM/BLE/MESH/MESH_LIB/wchble_rom_mesh.hex	0x0006a966	8	known-prefix	bfe7
2	tmp/wch-evt/evt/QingkeV4B_CH32V203_EVT/EXAM/BLE/MESH/MESH_LIB/wchble_rom_mesh.hex	0x0006a96a	6	known-prefix	dff3
2	tmp/wch-evt/evt/QingkeV4B_CH32V203_EVT/EXAM/BLE/MESH/MESH_LIB/wchble_rom_mesh.hex	0x0006a96e	22	known-prefix	7feb
2	tmp/wch-evt/evt/QingkeV4B_CH32V203_EVT/EXAM/BLE/MESH/MESH_LIB/wchble_rom_mesh.hex	0x0006a972	22	known-prefix	ffee
2	tmp/wch-evt/evt/QingkeV4B_CH32V203_EVT/EXAM/BLE/MESH/MESH_LIB/wchble_rom_mesh.hex	0x0006a978	unknown	reserved-ge-192	fff6
2	tmp/wch-evt/evt/QingkeV4B_CH32V203_EVT/EXAM/BLE/MESH/MESH_LIB/wchble_rom_mesh.hex	0x0006a986	8	known-prefix	bf84
2	tmp/wch-evt/evt/QingkeV4B_CH32V203_EVT/EXAM/BLE/MESH/MESH_LIB/wchble_rom_mesh.hex	0x0006a98a	6	known-prefix	df89
2	tmp/wch-evt/evt/QingkeV4B_CH32V203_EVT/EXAM/BLE/MESH/MESH_LIB/wchble_rom_mesh.hex	0x0006a98e	6	known-prefix	df8f
2	tmp/wch-evt/evt/QingkeV4B_CH32V203_EVT/EXAM/BLE/MESH/MESH_LIB/wchble_rom_mesh.hex	0x0006a992	8	known-prefix	bf95
2	tmp/wch-evt/evt/QingkeV4B_CH32V203_EVT/EXAM/BLE/MESH/MESH_LIB/wchble_rom_mesh.hex	0x0006a996	6	known-prefix	df9a
2	tmp/wch-evt/evt/QingkeV4B_CH32V203_EVT/EXAM/BLE/MESH/MESH_LIB/wchble_rom_mesh.hex	0x0006a99a	12	known-prefix	7f9e
2	tmp/wch-evt/evt/QingkeV4B_CH32V203_EVT/EXAM/BLE/MESH/MESH_LIB/wchble_rom_mesh.hex	0x0006a9bc	8	known-prefix	bfa1
2	tmp/wch-evt/evt/QingkeV4B_CH32V203_EVT/EXAM/BLE/MESH/MESH_LIB/wchble_rom_mesh.hex	0x0006a9e4	8	known-prefix	3f9f
2	tmp/wch-evt/evt/QingkeV4B_CH32V203_EVT/EXAM/BLE/MESH/MESH_LIB/wchble_rom_mesh.hex	0x0006a9e8	8	known-prefix	3fb3
2	tmp/wch-evt/evt/QingkeV4B_CH32V203_EVT/EXAM/BLE/MESH/MESH_LIB/wchble_rom_mesh.hex	0x0006a9ec	16	known-prefix	ffb7
2	tmp/wch-evt/evt/QingkeV4B_CH32V203_EVT/EXAM/BLE/MESH/MESH_LIB/wchble_rom_mesh.hex	0x0006a9f0	8	known-prefix	3fbb
2	tmp/wch-evt/evt/QingkeV4B_CH32V203_EVT/EXAM/BLE/MESH/MESH_LIB/wchble_rom_mesh.hex	0x0006a9f4	16	known-prefix	ffbf
2	tmp/wch-evt/evt/QingkeV4B_CH32V203_EVT/EXAM/BLE/MESH/MESH_LIB/wchble_rom_mesh.hex	0x0006a9f8	8	known-prefix	3fc6
2	tmp/wch-evt/evt/QingkeV4B_CH32V203_EVT/EXAM/BLE/MESH/MESH_LIB/wchble_rom_mesh.hex	0x0006ae28	unknown	reserved-ge-192	fff9
2	tmp/wch-evt/evt/QingkeV4B_CH32V203_EVT/EXAM/BLE/MESH/MESH_LIB/wchble_rom_mesh.hex	0x0006af4a	22	known-prefix	ffea
2	tmp/wch-evt/evt/QingkeV4B_CH32V203_EVT/EXAM/BLE/MESH/MESH_LIB/wchble_rom_mesh.hex	0x0006af64	6	known-prefix	dfc0
2	tmp/wch-evt/evt/QingkeV4B_CH32V203_EVT/EXAM/BLE/MESH/MESH_LIB/wchble_rom_mesh.hex	0x0006afae	16	known-prefix	7fbc
2	tmp/wch-evt/evt/QingkeV4B_CH32V203_EVT/EXAM/BLE/MESH/MESH_LIB/wchble_rom_mesh.hex	0x0006afcc	6	known-prefix	9fbd
2	tmp/wch-evt/evt/QingkeV4B_CH32V203_EVT/EXAM/BLE/MESH/MESH_LIB/wchble_rom_mesh.hex	0x0006b038	6	known-prefix	9fb6
2	tmp/wch-evt/evt/QingkeV4B_CH32V203_EVT/EXAM/BLE/MESH/MESH_LIB/wchble_rom_mesh.hex	0x0006b048	20	known-prefix	7fd2
2	tmp/wch-evt/evt/QingkeV4B_CH32V203_EVT/EXAM/BLE/MESH/MESH_LIB/wchble_rom_mesh.hex	0x0006b090	18	known-prefix	ffcd
2	tmp/wch-evt/evt/QingkeV4B_CH32V203_EVT/EXAM/BLE/MESH/MESH_LIB/wchble_rom_mesh.hex	0x0006b09e	22	known-prefix	7feb
2	tmp/wch-evt/evt/QingkeV4B_CH32V203_EVT/EXAM/BLE/MESH/MESH_LIB/wchble_rom_mesh.hex	0x0006b0ac	unknown	reserved-ge-192	fff0
2	tmp/wch-evt/evt/QingkeV4B_CH32V203_EVT/EXAM/BLE/MESH/MESH_LIB/wchble_rom_mesh.hex	0x0006b0c0	6	known-prefix	5ff8
2	tmp/wch-evt/evt/QingkeV4B_CH32V203_EVT/EXAM/BLE/MESH/MESH_LIB/wchble_rom_mesh.hex	0x0006b370	8	known-prefix	3ff8
2	tmp/wch-evt/evt/QingkeV4B_CH32V203_EVT/EXAM/BLE/MESH/MESH_LIB/wchble_rom_mesh.hex	0x0006b4fe	14	known-prefix	7fa5
2	tmp/wch-evt/evt/QingkeV4B_CH32V203_EVT/EXAM/BLE/MESH/MESH_LIB/wchble_rom_mesh.hex	0x0006b50c	14	known-prefix	ffaa
2	tmp/wch-evt/evt/QingkeV4B_CH32V203_EVT/EXAM/BLE/MESH/MESH_LIB/wchble_rom_mesh.hex	0x0006b510	6	known-prefix	5fb3
2	tmp/wch-evt/evt/QingkeV4B_CH32V203_EVT/EXAM/BLE/MESH/MESH_LIB/wchble_rom_mesh.hex	0x0006bd00	10	known-prefix	7f81
2	tmp/wch-evt/evt/QingkeV4B_CH32V203_EVT/EXAM/BLE/MESH/MESH_LIB/wchble_rom_mesh.hex	0x0006bd42	6	known-prefix	1fee
2	tmp/wch-evt/evt/QingkeV4B_CH32V203_EVT/EXAM/BLE/MESH/MESH_LIB/wchble_rom_mesh.hex	0x0006bd54	unknown	reserved-ge-192	7fff
2	tmp/wch-evt/evt/QingkeV4B_CH32V203_EVT/EXAM/BLE/MESH/MESH_LIB/wchble_rom_mesh.hex	0x0006bdc0	8	known-prefix	3fe6
2	tmp/wch-evt/evt/QingkeV4B_CH32V203_EVT/EXAM/BLE/MESH/MESH_LIB/wchble_rom_mesh.hex	0x0006be58	8	known-prefix	bfdc
2	tmp/wch-evt/evt/QingkeV4B_CH32V203_EVT/EXAM/BLE/MESH/MESH_LIB/wchble_rom_mesh.hex	0x0006bf54	18	known-prefix	ffcc
2	tmp/wch-evt/evt/QingkeV4B_CH32V203_EVT/EXAM/BLE/MESH/MESH_LIB/wchble_rom_mesh.hex	0x0006bf66	6	known-prefix	5fde
2	tmp/wch-evt/evt/QingkeV4B_CH32V203_EVT/EXAM/BLE/MESH/MESH_LIB/wchble_rom_mesh.hex	0x0006c000	6	known-prefix	9fd2
2	tmp/wch-evt/evt/QingkeV4B_CH32V203_EVT/EXAM/BLE/MESH/MESH_LIB/wchble_rom_mesh.hex	0x0006c048	6	known-prefix	5fed
2	tmp/wch-evt/evt/QingkeV4B_CH32V203_EVT/EXAM/BLE/MESH/MESH_LIB/wchble_rom_mesh.hex	0x0006c0b2	8	known-prefix	bffb
2	tmp/wch-evt/evt/QingkeV4B_CH32V203_EVT/EXAM/BLE/MESH/MESH_LIB/wchble_rom_mesh.hex	0x0006c0c8	6	known-prefix	dfad
2	tmp/wch-evt/evt/QingkeV4B_CH32V203_EVT/EXAM/BLE/MESH/MESH_LIB/wchble_rom_mesh.hex	0x0006c164	6	known-prefix	dfa3
2	tmp/wch-evt/evt/QingkeV4B_CH32V203_EVT/EXAM/BLE/MESH/MESH_LIB/wchble_rom_mesh.hex	0x0006c358	8	known-prefix	bfbc
2	tmp/wch-evt/evt/QingkeV4B_CH32V203_EVT/EXAM/BLE/MESH/MESH_LIB/wchble_rom_mesh.hex	0x0006c360	6	known-prefix	dfd0
2	tmp/wch-evt/evt/QingkeV4B_CH32V203_EVT/EXAM/BLE/MESH/MESH_LIB/wchble_rom_mesh.hex	0x0006c38e	6	known-prefix	5f89
2	tmp/wch-evt/evt/QingkeV4B_CH32V203_EVT/EXAM/BLE/MESH/MESH_LIB/wchble_rom_mesh.hex	0x0006c3ac	6	known-prefix	dfa4
2	tmp/wch-evt/evt/QingkeV4B_CH32V203_EVT/EXAM/BLE/MESH/MESH_LIB/wchble_rom_mesh.hex	0x0006c3e2	6	known-prefix	1f84
2	tmp/wch-evt/evt/QingkeV4B_CH32V203_EVT/EXAM/BLE/MESH/MESH_LIB/wchble_rom_mesh.hex	0x0006c436	6	known-prefix	1fc8
2	tmp/wch-evt/evt/QingkeV4B_CH32V203_EVT/EXAM/BLE/MESH/MESH_LIB/wchble_rom_mesh.hex	0x0006c4a4	8	known-prefix	3fc1
2	tmp/wch-evt/evt/QingkeV4B_CH32V203_EVT/EXAM/BLE/MESH/MESH_LIB/wchble_rom_mesh.hex	0x0006c574	6	known-prefix	9faf
2	tmp/wch-evt/evt/QingkeV4B_CH32V203_EVT/EXAM/BLE/MESH/MESH_LIB/wchble_rom_mesh.hex	0x0006c598	6	known-prefix	5fad
2	tmp/wch-evt/evt/QingkeV4B_CH32V203_EVT/EXAM/BLE/MESH/MESH_LIB/wchble_rom_mesh.hex	0x0006c85c	6	known-prefix	9fae
2	tmp/wch-evt/evt/QingkeV4B_CH32V203_EVT/EXAM/BLE/MESH/MESH_LIB/wchble_rom_mesh.hex	0x0006c8a6	8	known-prefix	bfcb
2	tmp/wch-evt/evt/QingkeV4B_CH32V203_EVT/EXAM/BLE/MESH/MESH_LIB/wchble_rom_mesh.hex	0x0006c8b4	6	known-prefix	dfca
2	tmp/wch-evt/evt/QingkeV4B_CH32V203_EVT/EXAM/BLE/MESH/MESH_LIB/wchble_rom_mesh.hex	0x0006c8f0	10	known-prefix	7f8a
2	tmp/wch-evt/evt/QingkeV4B_CH32V203_EVT/EXAM/BLE/MESH/MESH_LIB/wchble_rom_mesh.hex	0x0006c902	10	known-prefix	ff86
2	tmp/wch-evt/evt/QingkeV4B_CH32V203_EVT/EXAM/BLE/MESH/MESH_LIB/wchble_rom_mesh.hex	0x0006ca4a	6	known-prefix	5fcb
2	tmp/wch-evt/evt/QingkeV4B_CH32V203_EVT/EXAM/BLE/MESH/MESH_LIB/wchble_rom_mesh.hex	0x0006caa8	6	known-prefix	df89
2	tmp/wch-evt/evt/QingkeV4B_CH32V203_EVT/EXAM/BLE/MESH/MESH_LIB/wchble_rom_mesh.hex	0x0006cb20	6	known-prefix	1fa4
2	tmp/wch-evt/evt/QingkeV4B_CH32V203_EVT/EXAM/BLE/MESH/MESH_LIB/wchble_rom_mesh.hex	0x0006cb2e	8	known-prefix	3fa3
2	tmp/wch-evt/evt/QingkeV4B_CH32V203_EVT/EXAM/BLE/MESH/MESH_LIB/wchble_rom_mesh.hex	0x0006cdce	6	known-prefix	1f93
2	tmp/wch-evt/evt/QingkeV4B_CH32V203_EVT/EXAM/BLE/MESH/MESH_LIB/wchble_rom_mesh.hex	0x0006ce7e	8	known-prefix	3fd3
2	tmp/wch-evt/evt/QingkeV4B_CH32V203_EVT/EXAM/BLE/MESH/MESH_LIB/wchble_rom_mesh.hex	0x0006ceb6	unknown	reserved-ge-192	7ff7
2	tmp/wch-evt/evt/QingkeV4B_CH32V203_EVT/EXAM/BLE/MESH/MESH_LIB/wchble_rom_mesh.hex	0x0006cedc	6	known-prefix	1ff5
2	tmp/wch-evt/evt/QingkeV4B_CH32V203_EVT/EXAM/BLE/MESH/MESH_LIB/wchble_rom_mesh.hex	0x0006d0e6	20	known-prefix	7fdc
2	tmp/wch-evt/evt/QingkeV4B_CH32V203_EVT/EXAM/BLE/MESH/MESH_LIB/wchble_rom_mesh.hex	0x0006d6ca	6	known-prefix	1f9d
2	tmp/wch-evt/evt/QingkeV4B_CH32V203_EVT/EXAM/BLE/MESH/MESH_LIB/wchble_rom_mesh.hex	0x0006d73a	6	known-prefix	1f96
2	tmp/wch-evt/evt/QingkeV4B_CH32V203_EVT/EXAM/BLE/MESH/MESH_LIB/wchble_rom_mesh.hex	0x0006d752	12	known-prefix	ff9e
2	tmp/wch-evt/evt/QingkeV4B_CH32V203_EVT/EXAM/BLE/MESH/MESH_LIB/wchble_rom_mesh.hex	0x0006d804	8	known-prefix	3ff5
2	tmp/wch-evt/evt/QingkeV4B_CH32V203_EVT/EXAM/BLE/MESH/MESH_LIB/wchble_rom_mesh.hex	0x0006db26	unknown	reserved-ge-192	ffff
2	tmp/wch-evt/evt/QingkeV4B_CH32V203_EVT/EXAM/BLE/MESH/MESH_LIB/wchble_rom_mesh.hex	0x0006ddf6	10	known-prefix	ff00
2	tmp/wch-evt/evt/QingkeV4B_CH32V203_EVT/EXAM/BLE/MESH/MESH_LIB/wchble_rom_mesh.hex	0x0006df90	6	known-prefix	5f42
2	tmp/wch-evt/evt/QingkeV4B_CH32V203_EVT/EXAM/BLE/MESH/MESH_LIB/wchble_rom_mesh.hex	0x0006df94	6	known-prefix	5f4c
2	tmp/wch-evt/evt/QingkeV4B_CH32V203_EVT/EXAM/BLE/MESH/MESH_LIB/wchble_rom_mesh.hex	0x0006df98	6	known-prefix	5f56
2	tmp/wch-evt/evt/QingkeV4B_CH32V203_EVT/EXAM/BLE/MESH/MESH_LIB/wchble_rom_mesh.hex	0x0006e314	unknown	truncated-or-gap	0328
2	tmp/wch-evt/evt/QingkeV4B_CH32V203_EVT/EXAM/BLE/MESH/MESH_LIB/wchble_rom_mesh.hex	0x0006e340	unknown	truncated-or-gap	032a
2	tmp/wch-evt/evt/QingkeV4B_CH32V203_EVT/EXAM/BLE/MESH/MESH_LIB/wchble_rom_mesh.hex	0x0006e3c0	10	known-prefix	ff00
2	tmp/wch-evt/evt/QingkeV4B_CH32V203_EVT/EXAM/BLE/MESH/MESH_LIB/wchble_rom_mesh.hex	0x0006e3ce	unknown	truncated-or-gap	ff20
2	tmp/wch-evt/evt/QingkeV4C_CH32V20x_EVT/EXAM/BLE/LIB/wchble_rom.hex	0x00040dce	10	known-prefix	7f81
2	tmp/wch-evt/evt/QingkeV4C_CH32V20x_EVT/EXAM/BLE/LIB/wchble_rom.hex	0x00042074	6	known-prefix	9f9c
2	tmp/wch-evt/evt/QingkeV4C_CH32V20x_EVT/EXAM/BLE/LIB/wchble_rom.hex	0x00042b02	6	known-prefix	dfb4
2	tmp/wch-evt/evt/QingkeV4C_CH32V20x_EVT/EXAM/BLE/LIB/wchble_rom.hex	0x00043126	6	known-prefix	df92
2	tmp/wch-evt/evt/QingkeV4C_CH32V20x_EVT/EXAM/BLE/LIB/wchble_rom.hex	0x00043158	8	known-prefix	3fcf
2	tmp/wch-evt/evt/QingkeV4C_CH32V20x_EVT/EXAM/BLE/LIB/wchble_rom.hex	0x00043162	8	known-prefix	bfb2
2	tmp/wch-evt/evt/QingkeV4C_CH32V20x_EVT/EXAM/BLE/LIB/wchble_rom.hex	0x00045020	8	known-prefix	bf8f
2	tmp/wch-evt/evt/QingkeV4C_CH32V20x_EVT/EXAM/BLE/LIB/wchble_rom.hex	0x0004507a	6	known-prefix	1f8a
2	tmp/wch-evt/evt/QingkeV4C_CH32V20x_EVT/EXAM/BLE/LIB/wchble_rom.hex	0x000450cc	10	known-prefix	ff84
2	tmp/wch-evt/evt/QingkeV4C_CH32V20x_EVT/EXAM/BLE/LIB/wchble_rom.hex	0x00045116	6	known-prefix	5f80
2	tmp/wch-evt/evt/QingkeV4C_CH32V20x_EVT/EXAM/BLE/LIB/wchble_rom.hex	0x0004545c	8	known-prefix	bfe3
2	tmp/wch-evt/evt/QingkeV4C_CH32V20x_EVT/EXAM/BLE/LIB/wchble_rom.hex	0x000454b6	6	known-prefix	1ff8
2	tmp/wch-evt/evt/QingkeV4C_CH32V20x_EVT/EXAM/BLE/LIB/wchble_rom.hex	0x000457c0	6	known-prefix	9fe1
2	tmp/wch-evt/evt/QingkeV4C_CH32V20x_EVT/EXAM/BLE/LIB/wchble_rom.hex	0x000459a2	6	known-prefix	5f8f
2	tmp/wch-evt/evt/QingkeV4C_CH32V20x_EVT/EXAM/BLE/LIB/wchble_rom.hex	0x00045a38	10	known-prefix	ff85
2	tmp/wch-evt/evt/QingkeV4C_CH32V20x_EVT/EXAM/BLE/LIB/wchble_rom.hex	0x00045e02	8	known-prefix	bf8a
2	tmp/wch-evt/evt/QingkeV4C_CH32V20x_EVT/EXAM/BLE/LIB/wchble_rom.hex	0x000462be	6	known-prefix	9ffd
2	tmp/wch-evt/evt/QingkeV4C_CH32V20x_EVT/EXAM/BLE/LIB/wchble_rom.hex	0x00046366	6	known-prefix	1ff3
2	tmp/wch-evt/evt/QingkeV4C_CH32V20x_EVT/EXAM/BLE/LIB/wchble_rom.hex	0x0004640e	6	known-prefix	9fe8
2	tmp/wch-evt/evt/QingkeV4C_CH32V20x_EVT/EXAM/BLE/LIB/wchble_rom.hex	0x00046572	6	known-prefix	5fd2
2	tmp/wch-evt/evt/QingkeV4C_CH32V20x_EVT/EXAM/BLE/LIB/wchble_rom.hex	0x00046610	18	known-prefix	7fca
2	tmp/wch-evt/evt/QingkeV4C_CH32V20x_EVT/EXAM/BLE/LIB/wchble_rom.hex	0x0004670a	16	known-prefix	ffb3
2	tmp/wch-evt/evt/QingkeV4C_CH32V20x_EVT/EXAM/BLE/LIB/wchble_rom.hex	0x00046860	14	known-prefix	7fa3
2	tmp/wch-evt/evt/QingkeV4C_CH32V20x_EVT/EXAM/BLE/LIB/wchble_rom.hex	0x00046908	8	known-prefix	3fde
2	tmp/wch-evt/evt/QingkeV4C_CH32V20x_EVT/EXAM/BLE/LIB/wchble_rom.hex	0x0004699c	6	known-prefix	1f9e
2	tmp/wch-evt/evt/QingkeV4C_CH32V20x_EVT/EXAM/BLE/LIB/wchble_rom.hex	0x000469b0	10	known-prefix	7f8e
2	tmp/wch-evt/evt/QingkeV4C_CH32V20x_EVT/EXAM/BLE/LIB/wchble_rom.hex	0x000469cc	14	known-prefix	ffa4
2	tmp/wch-evt/evt/QingkeV4C_CH32V20x_EVT/EXAM/BLE/LIB/wchble_rom.hex	0x00046a72	6	known-prefix	9fc7
2	tmp/wch-evt/evt/QingkeV4C_CH32V20x_EVT/EXAM/BLE/LIB/wchble_rom.hex	0x00046c54	8	known-prefix	3fb6
2	tmp/wch-evt/evt/QingkeV4C_CH32V20x_EVT/EXAM/BLE/LIB/wchble_rom.hex	0x00046cb0	6	known-prefix	dff0
2	tmp/wch-evt/evt/QingkeV4C_CH32V20x_EVT/EXAM/BLE/LIB/wchble_rom.hex	0x00046d48	6	known-prefix	9ff2
2	tmp/wch-evt/evt/QingkeV4C_CH32V20x_EVT/EXAM/BLE/LIB/wchble_rom.hex	0x00046d5e	8	known-prefix	bff5
2	tmp/wch-evt/evt/QingkeV4C_CH32V20x_EVT/EXAM/BLE/LIB/wchble_rom.hex	0x00047066	6	known-prefix	1ffd
2	tmp/wch-evt/evt/QingkeV4C_CH32V20x_EVT/EXAM/BLE/LIB/wchble_rom.hex	0x00047282	6	known-prefix	5fdb
2	tmp/wch-evt/evt/QingkeV4C_CH32V20x_EVT/EXAM/BLE/LIB/wchble_rom.hex	0x000473b4	8	known-prefix	3fee
2	tmp/wch-evt/evt/QingkeV4C_CH32V20x_EVT/EXAM/BLE/LIB/wchble_rom.hex	0x0004740a	6	known-prefix	dfe8
2	tmp/wch-evt/evt/QingkeV4C_CH32V20x_EVT/EXAM/BLE/LIB/wchble_rom.hex	0x0004756a	6	known-prefix	dfd2
2	tmp/wch-evt/evt/QingkeV4C_CH32V20x_EVT/EXAM/BLE/LIB/wchble_rom.hex	0x00047608	14	known-prefix	ffa2
2	tmp/wch-evt/evt/QingkeV4C_CH32V20x_EVT/EXAM/BLE/LIB/wchble_rom.hex	0x000476a6	6	known-prefix	1f99
2	tmp/wch-evt/evt/QingkeV4C_CH32V20x_EVT/EXAM/BLE/LIB/wchble_rom.hex	0x00047750	16	known-prefix	7fb4
2	tmp/wch-evt/evt/QingkeV4C_CH32V20x_EVT/EXAM/BLE/LIB/wchble_rom.hex	0x000477b2	6	known-prefix	5f88
2	tmp/wch-evt/evt/QingkeV4C_CH32V20x_EVT/EXAM/BLE/LIB/wchble_rom.hex	0x00047854	8	known-prefix	3fa4
2	tmp/wch-evt/evt/QingkeV4C_CH32V20x_EVT/EXAM/BLE/LIB/wchble_rom.hex	0x00047a70	10	known-prefix	7f82
2	tmp/wch-evt/evt/QingkeV4C_CH32V20x_EVT/EXAM/BLE/LIB/wchble_rom.hex	0x00047b2e	6	known-prefix	5f99
2	tmp/wch-evt/evt/QingkeV4C_CH32V20x_EVT/EXAM/BLE/LIB/wchble_rom.hex	0x00047b74	8	known-prefix	3fec
2	tmp/wch-evt/evt/QingkeV4C_CH32V20x_EVT/EXAM/BLE/LIB/wchble_rom.hex	0x00047b7c	12	known-prefix	7f94
2	tmp/wch-evt/evt/QingkeV4C_CH32V20x_EVT/EXAM/BLE/LIB/wchble_rom.hex	0x00047ccc	6	known-prefix	5f83
2	tmp/wch-evt/evt/QingkeV4C_CH32V20x_EVT/EXAM/BLE/LIB/wchble_rom.hex	0x00047e96	10	known-prefix	7f81
2	tmp/wch-evt/evt/QingkeV4C_CH32V20x_EVT/EXAM/BLE/LIB/wchble_rom.hex	0x0004808e	6	known-prefix	9ffa
2	tmp/wch-evt/evt/QingkeV4C_CH32V20x_EVT/EXAM/BLE/LIB/wchble_rom.hex	0x00048098	unknown	reserved-ge-192	fff9
2	tmp/wch-evt/evt/QingkeV4C_CH32V20x_EVT/EXAM/BLE/LIB/wchble_rom.hex	0x000480a2	6	known-prefix	5ff9
2	tmp/wch-evt/evt/QingkeV4C_CH32V20x_EVT/EXAM/BLE/LIB/wchble_rom.hex	0x000480c4	8	known-prefix	3ff7
2	tmp/wch-evt/evt/QingkeV4C_CH32V20x_EVT/EXAM/BLE/LIB/wchble_rom.hex	0x000480ce	6	known-prefix	9ff6
2	tmp/wch-evt/evt/QingkeV4C_CH32V20x_EVT/EXAM/BLE/LIB/wchble_rom.hex	0x000480d8	unknown	reserved-ge-192	fff5
2	tmp/wch-evt/evt/QingkeV4C_CH32V20x_EVT/EXAM/BLE/LIB/wchble_rom.hex	0x000480e2	6	known-prefix	5ff5
2	tmp/wch-evt/evt/QingkeV4C_CH32V20x_EVT/EXAM/BLE/LIB/wchble_rom.hex	0x00048178	22	known-prefix	ffeb
2	tmp/wch-evt/evt/QingkeV4C_CH32V20x_EVT/EXAM/BLE/LIB/wchble_rom.hex	0x00048180	22	known-prefix	7feb
2	tmp/wch-evt/evt/QingkeV4C_CH32V20x_EVT/EXAM/BLE/LIB/wchble_rom.hex	0x00048194	8	known-prefix	3fea
2	tmp/wch-evt/evt/QingkeV4C_CH32V20x_EVT/EXAM/BLE/LIB/wchble_rom.hex	0x0004819c	8	known-prefix	bfe9
2	tmp/wch-evt/evt/QingkeV4C_CH32V20x_EVT/EXAM/BLE/LIB/wchble_rom.hex	0x000481a4	8	known-prefix	3fe9
2	tmp/wch-evt/evt/QingkeV4C_CH32V20x_EVT/EXAM/BLE/LIB/wchble_rom.hex	0x000481ac	8	known-prefix	bfe8
2	tmp/wch-evt/evt/QingkeV4C_CH32V20x_EVT/EXAM/BLE/LIB/wchble_rom.hex	0x000481b4	8	known-prefix	3fe8
2	tmp/wch-evt/evt/QingkeV4C_CH32V20x_EVT/EXAM/BLE/LIB/wchble_rom.hex	0x000481bc	8	known-prefix	bfe7
2	tmp/wch-evt/evt/QingkeV4C_CH32V20x_EVT/EXAM/BLE/LIB/wchble_rom.hex	0x000481c6	6	known-prefix	1fe7
2	tmp/wch-evt/evt/QingkeV4C_CH32V20x_EVT/EXAM/BLE/LIB/wchble_rom.hex	0x000481d0	22	known-prefix	7fe6
2	tmp/wch-evt/evt/QingkeV4C_CH32V20x_EVT/EXAM/BLE/LIB/wchble_rom.hex	0x00048274	6	known-prefix	9f94
2	tmp/wch-evt/evt/QingkeV4C_CH32V20x_EVT/EXAM/BLE/LIB/wchble_rom.hex	0x000482be	8	known-prefix	3f9b
2	tmp/wch-evt/evt/QingkeV4C_CH32V20x_EVT/EXAM/BLE/LIB/wchble_rom.hex	0x000482d4	6	known-prefix	5f9e
2	tmp/wch-evt/evt/QingkeV4C_CH32V20x_EVT/EXAM/BLE/LIB/wchble_rom.hex	0x00048344	8	known-prefix	3ff5
2	tmp/wch-evt/evt/QingkeV4C_CH32V20x_EVT/EXAM/BLE/LIB/wchble_rom.hex	0x0004838a	6	known-prefix	dff0
2	tmp/wch-evt/evt/QingkeV4C_CH32V20x_EVT/EXAM/BLE/LIB/wchble_rom.hex	0x00048438	6	known-prefix	df99
2	tmp/wch-evt/evt/QingkeV4C_CH32V20x_EVT/EXAM/BLE/LIB/wchble_rom.hex	0x0004843e	6	known-prefix	9fbf
2	tmp/wch-evt/evt/QingkeV4C_CH32V20x_EVT/EXAM/BLE/LIB/wchble_rom.hex	0x000484ae	6	known-prefix	9fb8
2	tmp/wch-evt/evt/QingkeV4C_CH32V20x_EVT/EXAM/BLE/LIB/wchble_rom.hex	0x000484e8	8	known-prefix	3fc2
2	tmp/wch-evt/evt/QingkeV4C_CH32V20x_EVT/EXAM/BLE/LIB/wchble_rom.hex	0x000484f0	8	known-prefix	3fb7
2	tmp/wch-evt/evt/QingkeV4C_CH32V20x_EVT/EXAM/BLE/LIB/wchble_rom.hex	0x00048656	6	known-prefix	1fc4
2	tmp/wch-evt/evt/QingkeV4C_CH32V20x_EVT/EXAM/BLE/LIB/wchble_rom.hex	0x00048676	6	known-prefix	df9e
2	tmp/wch-evt/evt/QingkeV4C_CH32V20x_EVT/EXAM/BLE/LIB/wchble_rom.hex	0x0004869a	6	known-prefix	df9e
2	tmp/wch-evt/evt/QingkeV4C_CH32V20x_EVT/EXAM/BLE/LIB/wchble_rom.hex	0x000486cc	8	known-prefix	bf9e
2	tmp/wch-evt/evt/QingkeV4C_CH32V20x_EVT/EXAM/BLE/LIB/wchble_rom.hex	0x00048bf6	6	known-prefix	df89
2	tmp/wch-evt/evt/QingkeV4C_CH32V20x_EVT/EXAM/BLE/LIB/wchble_rom.hex	0x00048c08	22	known-prefix	ffe2
2	tmp/wch-evt/evt/QingkeV4C_CH32V20x_EVT/EXAM/BLE/LIB/wchble_rom.hex	0x00048cb2	20	known-prefix	ffd0
2	tmp/wch-evt/evt/QingkeV4C_CH32V20x_EVT/EXAM/BLE/LIB/wchble_rom.hex	0x00048e66	6	known-prefix	1f95
2	tmp/wch-evt/evt/QingkeV4C_CH32V20x_EVT/EXAM/BLE/LIB/wchble_rom.hex	0x00048ea6	8	known-prefix	bfb1
2	tmp/wch-evt/evt/QingkeV4C_CH32V20x_EVT/EXAM/BLE/LIB/wchble_rom.hex	0x0004903a	6	known-prefix	dfff
2	tmp/wch-evt/evt/QingkeV4C_CH32V20x_EVT/EXAM/BLE/LIB/wchble_rom.hex	0x00049044	8	known-prefix	3fff
2	tmp/wch-evt/evt/QingkeV4C_CH32V20x_EVT/EXAM/BLE/LIB/wchble_rom.hex	0x00049066	8	known-prefix	bfd1
2	tmp/wch-evt/evt/QingkeV4C_CH32V20x_EVT/EXAM/BLE/LIB/wchble_rom.hex	0x00049652	6	known-prefix	1fb4
2	tmp/wch-evt/evt/QingkeV4C_CH32V20x_EVT/EXAM/BLE/LIB/wchble_rom.hex	0x00049c64	6	known-prefix	9f9f
2	tmp/wch-evt/evt/QingkeV4C_CH32V20x_EVT/EXAM/BLE/LIB/wchble_rom.hex	0x00049c84	6	known-prefix	9f9d
2	tmp/wch-evt/evt/QingkeV4C_CH32V20x_EVT/EXAM/BLE/LIB/wchble_rom.hex	0x00049c96	12	known-prefix	7f9c
2	tmp/wch-evt/evt/QingkeV4C_CH32V20x_EVT/EXAM/BLE/LIB/wchble_rom.hex	0x00049ca4	12	known-prefix	ff91
2	tmp/wch-evt/evt/QingkeV4C_CH32V20x_EVT/EXAM/BLE/LIB/wchble_rom.hex	0x00049cb8	6	known-prefix	5f9a
2	tmp/wch-evt/evt/QingkeV4C_CH32V20x_EVT/EXAM/BLE/LIB/wchble_rom.hex	0x00049cc6	6	known-prefix	df8f
2	tmp/wch-evt/evt/QingkeV4C_CH32V20x_EVT/EXAM/BLE/LIB/wchble_rom.hex	0x00049cdc	6	known-prefix	1f98
2	tmp/wch-evt/evt/QingkeV4C_CH32V20x_EVT/EXAM/BLE/LIB/wchble_rom.hex	0x00049cea	6	known-prefix	9f8d
2	tmp/wch-evt/evt/QingkeV4C_CH32V20x_EVT/EXAM/BLE/LIB/wchble_rom.hex	0x00049d22	22	known-prefix	7fea
2	tmp/wch-evt/evt/QingkeV4C_CH32V20x_EVT/EXAM/BLE/LIB/wchble_rom.hex	0x00049d6e	8	known-prefix	3ff3
2	tmp/wch-evt/evt/QingkeV4C_CH32V20x_EVT/EXAM/BLE/LIB/wchble_rom.hex	0x00049dd8	8	known-prefix	3fdc
2	tmp/wch-evt/evt/QingkeV4C_CH32V20x_EVT/EXAM/BLE/LIB/wchble_rom.hex	0x00049e3a	8	known-prefix	bfda
2	tmp/wch-evt/evt/QingkeV4C_CH32V20x_EVT/EXAM/BLE/LIB/wchble_rom.hex	0x00049fbc	12	known-prefix	7f94
2	tmp/wch-evt/evt/QingkeV4C_CH32V20x_EVT/EXAM/BLE/LIB/wchble_rom.hex	0x00049fdc	14	known-prefix	7fac
2	tmp/wch-evt/evt/QingkeV4C_CH32V20x_EVT/EXAM/BLE/LIB/wchble_rom.hex	0x0004a036	14	known-prefix	ffac
2	tmp/wch-evt/evt/QingkeV4C_CH32V20x_EVT/EXAM/BLE/LIB/wchble_rom.hex	0x0004a078	8	known-prefix	3fd2
2	tmp/wch-evt/evt/QingkeV4C_CH32V20x_EVT/EXAM/BLE/LIB/wchble_rom.hex	0x0004a0ae	16	known-prefix	7fbc
2	tmp/wch-evt/evt/QingkeV4C_CH32V20x_EVT/EXAM/BLE/LIB/wchble_rom.hex	0x0004a0dc	18	known-prefix	ffcb
2	tmp/wch-evt/evt/QingkeV4C_CH32V20x_EVT/EXAM/BLE/LIB/wchble_rom.hex	0x0004a100	6	known-prefix	1f98
2	tmp/wch-evt/evt/QingkeV4C_CH32V20x_EVT/EXAM/BLE/LIB/wchble_rom.hex	0x0004a144	18	known-prefix	7fc5
2	tmp/wch-evt/evt/QingkeV4C_CH32V20x_EVT/EXAM/BLE/LIB/wchble_rom.hex	0x0004a18a	8	known-prefix	bfd5
2	tmp/wch-evt/evt/QingkeV4C_CH32V20x_EVT/EXAM/BLE/LIB/wchble_rom.hex	0x0004a1a2	6	known-prefix	1fb6
2	tmp/wch-evt/evt/QingkeV4C_CH32V20x_EVT/EXAM/BLE/LIB/wchble_rom.hex	0x0004a1a6	6	known-prefix	dfb5
2	tmp/wch-evt/evt/QingkeV4C_CH32V20x_EVT/EXAM/BLE/LIB/wchble_rom.hex	0x0004a1aa	6	known-prefix	1fc7
2	tmp/wch-evt/evt/QingkeV4C_CH32V20x_EVT/EXAM/BLE/LIB/wchble_rom.hex	0x0004a1ae	6	known-prefix	dfc6
2	tmp/wch-evt/evt/QingkeV4C_CH32V20x_EVT/EXAM/BLE/LIB/wchble_rom.hex	0x0004a1d2	14	known-prefix	ffa2
2	tmp/wch-evt/evt/QingkeV4C_CH32V20x_EVT/EXAM/BLE/LIB/wchble_rom.hex	0x0004a202	6	known-prefix	9fb9
2	tmp/wch-evt/evt/QingkeV4C_CH32V20x_EVT/EXAM/BLE/LIB/wchble_rom.hex	0x0004a228	6	known-prefix	9fa7
2	tmp/wch-evt/evt/QingkeV4C_CH32V20x_EVT/EXAM/BLE/LIB/wchble_rom.hex	0x0004a23e	6	known-prefix	1fb1
2	tmp/wch-evt/evt/QingkeV4C_CH32V20x_EVT/EXAM/BLE/LIB/wchble_rom.hex	0x0004a274	6	known-prefix	dfa2
2	tmp/wch-evt/evt/QingkeV4C_CH32V20x_EVT/EXAM/BLE/LIB/wchble_rom.hex	0x0004a2e2	8	known-prefix	3fc0
2	tmp/wch-evt/evt/QingkeV4C_CH32V20x_EVT/EXAM/BLE/LIB/wchble_rom.hex	0x0004a4dc	6	known-prefix	9fe1
2	tmp/wch-evt/evt/QingkeV4C_CH32V20x_EVT/EXAM/BLE/LIB/wchble_rom.hex	0x0004a4fe	10	known-prefix	ff83
2	tmp/wch-evt/evt/QingkeV4C_CH32V20x_EVT/EXAM/BLE/LIB/wchble_rom.hex	0x0004a542	10	known-prefix	7f83
2	tmp/wch-evt/evt/QingkeV4C_CH32V20x_EVT/EXAM/BLE/LIB/wchble_rom.hex	0x0004a628	8	known-prefix	3fe9
2	tmp/wch-evt/evt/QingkeV4C_CH32V20x_EVT/EXAM/BLE/LIB/wchble_rom.hex	0x0004a668	6	known-prefix	5fff
2	tmp/wch-evt/evt/QingkeV4C_CH32V20x_EVT/EXAM/BLE/LIB/wchble_rom.hex	0x0004a6b6	6	known-prefix	5fe0
2	tmp/wch-evt/evt/QingkeV4C_CH32V20x_EVT/EXAM/BLE/LIB/wchble_rom.hex	0x0004a778	8	known-prefix	3fd4
2	tmp/wch-evt/evt/QingkeV4C_CH32V20x_EVT/EXAM/BLE/LIB/wchble_rom.hex	0x0004a802	8	known-prefix	3faf
2	tmp/wch-evt/evt/QingkeV4C_CH32V20x_EVT/EXAM/BLE/LIB/wchble_rom.hex	0x0004a876	6	known-prefix	5fdf
2	tmp/wch-evt/evt/QingkeV4C_CH32V20x_EVT/EXAM/BLE/LIB/wchble_rom.hex	0x0004a8de	22	known-prefix	7fe5
2	tmp/wch-evt/evt/QingkeV4C_CH32V20x_EVT/EXAM/BLE/LIB/wchble_rom.hex	0x0004a960	6	known-prefix	9f8e
2	tmp/wch-evt/evt/QingkeV4C_CH32V20x_EVT/EXAM/BLE/LIB/wchble_rom.hex	0x0004a9a6	6	known-prefix	dffb
2	tmp/wch-evt/evt/QingkeV4C_CH32V20x_EVT/EXAM/BLE/LIB/wchble_rom.hex	0x0004aa8e	16	known-prefix	ffbc
2	tmp/wch-evt/evt/QingkeV4C_CH32V20x_EVT/EXAM/BLE/LIB/wchble_rom.hex	0x0004aaaa	6	known-prefix	1fc1
2	tmp/wch-evt/evt/QingkeV4C_CH32V20x_EVT/EXAM/BLE/LIB/wchble_rom.hex	0x0004ab18	8	known-prefix	3fba
2	tmp/wch-evt/evt/QingkeV4C_CH32V20x_EVT/EXAM/BLE/LIB/wchble_rom.hex	0x0004ab30	8	known-prefix	bfb8
2	tmp/wch-evt/evt/QingkeV4C_CH32V20x_EVT/EXAM/BLE/LIB/wchble_rom.hex	0x0004ab44	16	known-prefix	7fb7
2	tmp/wch-evt/evt/QingkeV4C_CH32V20x_EVT/EXAM/BLE/LIB/wchble_rom.hex	0x0004ab58	8	known-prefix	3fb6
2	tmp/wch-evt/evt/QingkeV4C_CH32V20x_EVT/EXAM/BLE/LIB/wchble_rom.hex	0x0004acd8	6	known-prefix	dff0
2	tmp/wch-evt/evt/QingkeV4C_CH32V20x_EVT/EXAM/BLE/LIB/wchble_rom.hex	0x0004ad40	6	known-prefix	5fea
2	tmp/wch-evt/evt/QingkeV4C_CH32V20x_EVT/EXAM/BLE/LIB/wchble_rom.hex	0x0004ae10	6	known-prefix	5fcf
2	tmp/wch-evt/evt/QingkeV4C_CH32V20x_EVT/EXAM/BLE/LIB/wchble_rom.hex	0x0004ae1c	6	known-prefix	1f84
2	tmp/wch-evt/evt/QingkeV4C_CH32V20x_EVT/EXAM/BLE/LIB/wchble_rom.hex	0x0004aed6	12	known-prefix	7f92
2	tmp/wch-evt/evt/QingkeV4C_CH32V20x_EVT/EXAM/BLE/LIB/wchble_rom.hex	0x0004aef2	8	known-prefix	3fcf
2	tmp/wch-evt/evt/QingkeV4C_CH32V20x_EVT/EXAM/BLE/LIB/wchble_rom.hex	0x0004af74	6	known-prefix	1fd0
2	tmp/wch-evt/evt/QingkeV4C_CH32V20x_EVT/EXAM/BLE/LIB/wchble_rom.hex	0x0004afc6	6	known-prefix	5fe0
2	tmp/wch-evt/evt/QingkeV4C_CH32V20x_EVT/EXAM/BLE/LIB/wchble_rom.hex	0x0004afe8	6	known-prefix	dfef
2	tmp/wch-evt/evt/QingkeV4C_CH32V20x_EVT/EXAM/BLE/LIB/wchble_rom.hex	0x0004aff2	6	known-prefix	5fe7
2	tmp/wch-evt/evt/QingkeV4C_CH32V20x_EVT/EXAM/BLE/LIB/wchble_rom.hex	0x0004b004	6	known-prefix	1fee
2	tmp/wch-evt/evt/QingkeV4C_CH32V20x_EVT/EXAM/BLE/LIB/wchble_rom.hex	0x0004b00a	8	known-prefix	bfbd
2	tmp/wch-evt/evt/QingkeV4C_CH32V20x_EVT/EXAM/BLE/LIB/wchble_rom.hex	0x0004b01c	22	known-prefix	ffe2
2	tmp/wch-evt/evt/QingkeV4C_CH32V20x_EVT/EXAM/BLE/LIB/wchble_rom.hex	0x0004b02e	6	known-prefix	df9a
2	tmp/wch-evt/evt/QingkeV4C_CH32V20x_EVT/EXAM/BLE/LIB/wchble_rom.hex	0x0004b040	6	known-prefix	9fe7
2	tmp/wch-evt/evt/QingkeV4C_CH32V20x_EVT/EXAM/BLE/LIB/wchble_rom.hex	0x0004b052	6	known-prefix	1fed
2	tmp/wch-evt/evt/QingkeV4C_CH32V20x_EVT/EXAM/BLE/LIB/wchble_rom.hex	0x0004b0b2	8	known-prefix	3fe3
2	tmp/wch-evt/evt/QingkeV4C_CH32V20x_EVT/EXAM/BLE/LIB/wchble_rom.hex	0x0004b0bc	8	known-prefix	bfda
2	tmp/wch-evt/evt/QingkeV4C_CH32V20x_EVT/EXAM/BLE/LIB/wchble_rom.hex	0x0004b144	22	known-prefix	7fe2
2	tmp/wch-evt/evt/QingkeV4C_CH32V20x_EVT/EXAM/BLE/LIB/wchble_rom.hex	0x0004b162	18	known-prefix	7fc2
2	tmp/wch-evt/evt/QingkeV4C_CH32V20x_EVT/EXAM/BLE/LIB/wchble_rom.hex	0x0004b176	20	known-prefix	ffd6
2	tmp/wch-evt/evt/QingkeV4C_CH32V20x_EVT/EXAM/BLE/LIB/wchble_rom.hex	0x0004b23e	12	known-prefix	7f9a
2	tmp/wch-evt/evt/QingkeV4C_CH32V20x_EVT/EXAM/BLE/LIB/wchble_rom.hex	0x0004b274	20	known-prefix	ffd2
2	tmp/wch-evt/evt/QingkeV4C_CH32V20x_EVT/EXAM/BLE/LIB/wchble_rom.hex	0x0004b28c	6	known-prefix	9fc5
2	tmp/wch-evt/evt/QingkeV4C_CH32V20x_EVT/EXAM/BLE/LIB/wchble_rom.hex	0x0004b298	16	known-prefix	ffbc
2	tmp/wch-evt/evt/QingkeV4C_CH32V20x_EVT/EXAM/BLE/LIB/wchble_rom.hex	0x0004b318	unknown	reserved-ge-192	fff6
2	tmp/wch-evt/evt/QingkeV4C_CH32V20x_EVT/EXAM/BLE/LIB/wchble_rom.hex	0x0004b3c4	6	known-prefix	1fb2
2	tmp/wch-evt/evt/QingkeV4C_CH32V20x_EVT/EXAM/BLE/LIB/wchble_rom.hex	0x0004b4f4	8	known-prefix	bfe8
2	tmp/wch-evt/evt/QingkeV4C_CH32V20x_EVT/EXAM/BLE/LIB/wchble_rom.hex	0x0004b516	6	known-prefix	9fe6
2	tmp/wch-evt/evt/QingkeV4C_CH32V20x_EVT/EXAM/BLE/LIB/wchble_rom.hex	0x0004b522	6	known-prefix	dfe5
2	tmp/wch-evt/evt/QingkeV4C_CH32V20x_EVT/EXAM/BLE/LIB/wchble_rom.hex	0x0004b568	6	known-prefix	9ff8
2	tmp/wch-evt/evt/QingkeV4C_CH32V20x_EVT/EXAM/BLE/LIB/wchble_rom.hex	0x0004b580	unknown	reserved-ge-192	7ff8
2	tmp/wch-evt/evt/QingkeV4C_CH32V20x_EVT/EXAM/BLE/LIB/wchble_rom.hex	0x0004b5c6	6	known-prefix	9ff7
2	tmp/wch-evt/evt/QingkeV4C_CH32V20x_EVT/EXAM/BLE/LIB/wchble_rom.hex	0x0004b622	6	known-prefix	5fc7
2	tmp/wch-evt/evt/QingkeV4C_CH32V20x_EVT/EXAM/BLE/LIB/wchble_rom.hex	0x0004b648	6	known-prefix	9fea
2	tmp/wch-evt/evt/QingkeV4C_CH32V20x_EVT/EXAM/BLE/LIB/wchble_rom.hex	0x0004b70a	6	known-prefix	1ffe
2	tmp/wch-evt/evt/QingkeV4C_CH32V20x_EVT/EXAM/BLE/LIB/wchble_rom.hex	0x0004b81c	6	known-prefix	dffd
2	tmp/wch-evt/evt/QingkeV4C_CH32V20x_EVT/EXAM/BLE/LIB/wchble_rom.hex	0x0004b832	unknown	reserved-ge-192	7ffc
2	tmp/wch-evt/evt/QingkeV4C_CH32V20x_EVT/EXAM/BLE/LIB/wchble_rom.hex	0x0004b84e	6	known-prefix	1ffe
2	tmp/wch-evt/evt/QingkeV4C_CH32V20x_EVT/EXAM/BLE/LIB/wchble_rom.hex	0x0004b902	6	known-prefix	1ff7
2	tmp/wch-evt/evt/QingkeV4C_CH32V20x_EVT/EXAM/BLE/LIB/wchble_rom.hex	0x0004b9b2	6	known-prefix	5ff7
2	tmp/wch-evt/evt/QingkeV4C_CH32V20x_EVT/EXAM/BLE/LIB/wchble_rom.hex	0x0004ba42	6	known-prefix	5fee
2	tmp/wch-evt/evt/QingkeV4C_CH32V20x_EVT/EXAM/BLE/LIB/wchble_rom.hex	0x0004bb2a	6	known-prefix	9fe3
2	tmp/wch-evt/evt/QingkeV4C_CH32V20x_EVT/EXAM/BLE/LIB/wchble_rom.hex	0x0004bbf0	8	known-prefix	bfaf
2	tmp/wch-evt/evt/QingkeV4C_CH32V20x_EVT/EXAM/BLE/LIB/wchble_rom.hex	0x0004bc48	12	known-prefix	7f98
2	tmp/wch-evt/evt/QingkeV4C_CH32V20x_EVT/EXAM/BLE/LIB/wchble_rom.hex	0x0004bc7e	8	known-prefix	bfa3
2	tmp/wch-evt/evt/QingkeV4C_CH32V20x_EVT/EXAM/BLE/LIB/wchble_rom.hex	0x0004bca6	14	known-prefix	7fa7
2	tmp/wch-evt/evt/QingkeV4C_CH32V20x_EVT/EXAM/BLE/LIB/wchble_rom.hex	0x0004bcba	8	known-prefix	3ff0
2	tmp/wch-evt/evt/QingkeV4C_CH32V20x_EVT/EXAM/BLE/LIB/wchble_rom.hex	0x0004bccc	6	known-prefix	1f9a
2	tmp/wch-evt/evt/QingkeV4C_CH32V20x_EVT/EXAM/BLE/LIB/wchble_rom.hex	0x0004bd2c	6	known-prefix	1fe9
2	tmp/wch-evt/evt/QingkeV4C_CH32V20x_EVT/EXAM/BLE/LIB/wchble_rom.hex	0x0004bd68	6	known-prefix	5fe5
2	tmp/wch-evt/evt/QingkeV4C_CH32V20x_EVT/EXAM/BLE/LIB/wchble_rom.hex	0x0004bd9c	8	known-prefix	bf96
2	tmp/wch-evt/evt/QingkeV4C_CH32V20x_EVT/EXAM/BLE/LIB/wchble_rom.hex	0x0004bdcc	6	known-prefix	df8e
2	tmp/wch-evt/evt/QingkeV4C_CH32V20x_EVT/EXAM/BLE/LIB/wchble_rom.hex	0x0004bdd6	8	known-prefix	3f8e
2	tmp/wch-evt/evt/QingkeV4C_CH32V20x_EVT/EXAM/BLE/LIB/wchble_rom.hex	0x0004be9c	6	known-prefix	1fd2
2	tmp/wch-evt/evt/QingkeV4C_CH32V20x_EVT/EXAM/BLE/LIB/wchble_rom.hex	0x0004bec6	6	known-prefix	1f84
2	tmp/wch-evt/evt/QingkeV4C_CH32V20x_EVT/EXAM/BLE/LIB/wchble_rom.hex	0x0004bf6a	6	known-prefix	5f8c
2	tmp/wch-evt/evt/QingkeV4C_CH32V20x_EVT/EXAM/BLE/LIB/wchble_rom.hex	0x0004c06c	6	known-prefix	5ff3
2	tmp/wch-evt/evt/QingkeV4C_CH32V20x_EVT/EXAM/BLE/LIB/wchble_rom.hex	0x0004c09e	8	known-prefix	3ff0
2	tmp/wch-evt/evt/QingkeV4C_CH32V20x_EVT/EXAM/BLE/LIB/wchble_rom.hex	0x0004c0cc	6	known-prefix	5fed
2	tmp/wch-evt/evt/QingkeV4C_CH32V20x_EVT/EXAM/BLE/LIB/wchble_rom.hex	0x0004c136	8	known-prefix	bfe6
2	tmp/wch-evt/evt/QingkeV4C_CH32V20x_EVT/EXAM/BLE/LIB/wchble_rom.hex	0x0004c170	8	known-prefix	bfd3
2	tmp/wch-evt/evt/QingkeV4C_CH32V20x_EVT/EXAM/BLE/LIB/wchble_rom.hex	0x0004c17e	6	known-prefix	1ffd
2	tmp/wch-evt/evt/QingkeV4C_CH32V20x_EVT/EXAM/BLE/LIB/wchble_rom.hex	0x0004c29a	6	known-prefix	1ff9
2	tmp/wch-evt/evt/QingkeV4C_CH32V20x_EVT/EXAM/BLE/LIB/wchble_rom.hex	0x0004c35e	unknown	reserved-ge-192	7ff7
2	tmp/wch-evt/evt/QingkeV4C_CH32V20x_EVT/EXAM/BLE/LIB/wchble_rom.hex	0x0004c3e8	unknown	reserved-ge-192	7ff8
2	tmp/wch-evt/evt/QingkeV4C_CH32V20x_EVT/EXAM/BLE/LIB/wchble_rom.hex	0x0004c428	6	known-prefix	9fb7
2	tmp/wch-evt/evt/QingkeV4C_CH32V20x_EVT/EXAM/BLE/LIB/wchble_rom.hex	0x0004c650	6	known-prefix	9fda
2	tmp/wch-evt/evt/QingkeV4C_CH32V20x_EVT/EXAM/BLE/LIB/wchble_rom.hex	0x0004c71c	6	known-prefix	5fdd
2	tmp/wch-evt/evt/QingkeV4C_CH32V20x_EVT/EXAM/BLE/LIB/wchble_rom.hex	0x0004c7a2	12	known-prefix	7f94
2	tmp/wch-evt/evt/QingkeV4C_CH32V20x_EVT/EXAM/BLE/LIB/wchble_rom.hex	0x0004c81a	6	known-prefix	1fc9
2	tmp/wch-evt/evt/QingkeV4C_CH32V20x_EVT/EXAM/BLE/LIB/wchble_rom.hex	0x0004c840	6	known-prefix	5fab
2	tmp/wch-evt/evt/QingkeV4C_CH32V20x_EVT/EXAM/BLE/LIB/wchble_rom.hex	0x0004c8b4	6	known-prefix	9ff4
2	tmp/wch-evt/evt/QingkeV4C_CH32V20x_EVT/EXAM/BLE/LIB/wchble_rom.hex	0x0004c910	8	known-prefix	bfb9
2	tmp/wch-evt/evt/QingkeV4C_CH32V20x_EVT/EXAM/BLE/LIB/wchble_rom.hex	0x0004c922	14	known-prefix	7fad
2	tmp/wch-evt/evt/QingkeV4C_CH32V20x_EVT/EXAM/BLE/LIB/wchble_rom.hex	0x0004c966	12	known-prefix	ff98
2	tmp/wch-evt/evt/QingkeV4C_CH32V20x_EVT/EXAM/BLE/LIB/wchble_rom.hex	0x0004ca24	8	known-prefix	bfe0
2	tmp/wch-evt/evt/QingkeV4C_CH32V20x_EVT/EXAM/BLE/LIB/wchble_rom.hex	0x0004ca48	20	known-prefix	7fde
2	tmp/wch-evt/evt/QingkeV4C_CH32V20x_EVT/EXAM/BLE/LIB/wchble_rom.hex	0x0004ca62	6	known-prefix	dfdc
2	tmp/wch-evt/evt/QingkeV4C_CH32V20x_EVT/EXAM/BLE/LIB/wchble_rom.hex	0x0004caf0	6	known-prefix	5ff2
2	tmp/wch-evt/evt/QingkeV4C_CH32V20x_EVT/EXAM/BLE/LIB/wchble_rom.hex	0x0004cb34	6	known-prefix	1fee
2	tmp/wch-evt/evt/QingkeV4C_CH32V20x_EVT/EXAM/BLE/LIB/wchble_rom.hex	0x0004cb66	18	known-prefix	7fc9
2	tmp/wch-evt/evt/QingkeV4C_CH32V20x_EVT/EXAM/BLE/LIB/wchble_rom.hex	0x0004cbb4	6	known-prefix	1fe6
2	tmp/wch-evt/evt/QingkeV4C_CH32V20x_EVT/EXAM/BLE/LIB/wchble_rom.hex	0x0004cbd6	6	known-prefix	5f8d
2	tmp/wch-evt/evt/QingkeV4C_CH32V20x_EVT/EXAM/BLE/LIB/wchble_rom.hex	0x0004cd54	6	known-prefix	9faa
2	tmp/wch-evt/evt/QingkeV4C_CH32V20x_EVT/EXAM/BLE/LIB/wchble_rom.hex	0x0004cd9e	18	known-prefix	7fc7
2	tmp/wch-evt/evt/QingkeV4C_CH32V20x_EVT/EXAM/BLE/LIB/wchble_rom.hex	0x0004cfe4	6	known-prefix	9fed
2	tmp/wch-evt/evt/QingkeV4C_CH32V20x_EVT/EXAM/BLE/LIB/wchble_rom.hex	0x0004d058	6	known-prefix	5ff6
2	tmp/wch-evt/evt/QingkeV4C_CH32V20x_EVT/EXAM/BLE/LIB/wchble_rom.hex	0x0004d0c0	6	known-prefix	1fee
2	tmp/wch-evt/evt/QingkeV4C_CH32V20x_EVT/EXAM/BLE/LIB/wchble_rom.hex	0x0004d0ce	6	known-prefix	dff9
2	tmp/wch-evt/evt/QingkeV4C_CH32V20x_EVT/EXAM/BLE/LIB/wchble_rom.hex	0x0004d2c0	6	known-prefix	9ff8
2	tmp/wch-evt/evt/QingkeV4C_CH32V20x_EVT/EXAM/BLE/LIB/wchble_rom.hex	0x0004d310	6	known-prefix	1fb6
2	tmp/wch-evt/evt/QingkeV4C_CH32V20x_EVT/EXAM/BLE/LIB/wchble_rom.hex	0x0004d326	6	known-prefix	5ff7
2	tmp/wch-evt/evt/QingkeV4C_CH32V20x_EVT/EXAM/BLE/LIB/wchble_rom.hex	0x0004d32c	8	known-prefix	3fcc
2	tmp/wch-evt/evt/QingkeV4C_CH32V20x_EVT/EXAM/BLE/LIB/wchble_rom.hex	0x0004d348	22	known-prefix	7fe0
2	tmp/wch-evt/evt/QingkeV4C_CH32V20x_EVT/EXAM/BLE/LIB/wchble_rom.hex	0x0004d380	20	known-prefix	ffdc
2	tmp/wch-evt/evt/QingkeV4C_CH32V20x_EVT/EXAM/BLE/LIB/wchble_rom.hex	0x0004d396	6	known-prefix	9f99
2	tmp/wch-evt/evt/QingkeV4C_CH32V20x_EVT/EXAM/BLE/LIB/wchble_rom.hex	0x0004d3c2	8	known-prefix	3ff3
2	tmp/wch-evt/evt/QingkeV4C_CH32V20x_EVT/EXAM/BLE/LIB/wchble_rom.hex	0x0004d3f0	6	known-prefix	9fc5
2	tmp/wch-evt/evt/QingkeV4C_CH32V20x_EVT/EXAM/BLE/LIB/wchble_rom.hex	0x0004d400	20	known-prefix	ffd4
2	tmp/wch-evt/evt/QingkeV4C_CH32V20x_EVT/EXAM/BLE/LIB/wchble_rom.hex	0x0004d436	22	known-prefix	ffeb
2	tmp/wch-evt/evt/QingkeV4C_CH32V20x_EVT/EXAM/BLE/LIB/wchble_rom.hex	0x0004d478	18	known-prefix	7fcd
2	tmp/wch-evt/evt/QingkeV4C_CH32V20x_EVT/EXAM/BLE/LIB/wchble_rom.hex	0x0004d4a6	16	known-prefix	7fbf
2	tmp/wch-evt/evt/QingkeV4C_CH32V20x_EVT/EXAM/BLE/LIB/wchble_rom.hex	0x0004d4b8	18	known-prefix	7fc9
2	tmp/wch-evt/evt/QingkeV4C_CH32V20x_EVT/EXAM/BLE/LIB/wchble_rom.hex	0x0004d51e	8	known-prefix	3f94
2	tmp/wch-evt/evt/QingkeV4C_CH32V20x_EVT/EXAM/BLE/LIB/wchble_rom.hex	0x0004d530	8	known-prefix	3f84
2	tmp/wch-evt/evt/QingkeV4C_CH32V20x_EVT/EXAM/BLE/LIB/wchble_rom.hex	0x0004d776	8	known-prefix	3ff9
2	tmp/wch-evt/evt/QingkeV4C_CH32V20x_EVT/EXAM/BLE/LIB/wchble_rom.hex	0x0004d796	8	known-prefix	3ff7
2	tmp/wch-evt/evt/QingkeV4C_CH32V20x_EVT/EXAM/BLE/LIB/wchble_rom.hex	0x0004d928	6	known-prefix	dfe7
2	tmp/wch-evt/evt/QingkeV4C_CH32V20x_EVT/EXAM/BLE/LIB/wchble_rom.hex	0x0004d96e	8	known-prefix	bfd9
2	tmp/wch-evt/evt/QingkeV4C_CH32V20x_EVT/EXAM/BLE/LIB/wchble_rom.hex	0x0004d996	6	known-prefix	5ff2
2	tmp/wch-evt/evt/QingkeV4C_CH32V20x_EVT/EXAM/BLE/LIB/wchble_rom.hex	0x0004d9a4	6	known-prefix	5fd6
2	tmp/wch-evt/evt/QingkeV4C_CH32V20x_EVT/EXAM/BLE/LIB/wchble_rom.hex	0x0004d9d0	6	known-prefix	5ff0
2	tmp/wch-evt/evt/QingkeV4C_CH32V20x_EVT/EXAM/BLE/LIB/wchble_rom.hex	0x0004d9ee	22	known-prefix	7fee
2	tmp/wch-evt/evt/QingkeV4C_CH32V20x_EVT/EXAM/BLE/LIB/wchble_rom.hex	0x0004dcfc	6	known-prefix	df8d
2	tmp/wch-evt/evt/QingkeV4C_CH32V20x_EVT/EXAM/BLE/LIB/wchble_rom.hex	0x0004dd5c	6	known-prefix	df87
2	tmp/wch-evt/evt/QingkeV4C_CH32V20x_EVT/EXAM/BLE/LIB/wchble_rom.hex	0x0004de9c	6	known-prefix	1f80
2	tmp/wch-evt/evt/QingkeV4C_CH32V20x_EVT/EXAM/BLE/LIB/wchble_rom.hex	0x0004dea4	12	known-prefix	7f9b
2	tmp/wch-evt/evt/QingkeV4C_CH32V20x_EVT/EXAM/BLE/LIB/wchble_rom.hex	0x0004df08	6	known-prefix	9f99
2	tmp/wch-evt/evt/QingkeV4C_CH32V20x_EVT/EXAM/BLE/LIB/wchble_rom.hex	0x0004e00c	6	known-prefix	1fda
2	tmp/wch-evt/evt/QingkeV4C_CH32V20x_EVT/EXAM/BLE/LIB/wchble_rom.hex	0x0004e072	20	known-prefix	ffd7
2	tmp/wch-evt/evt/QingkeV4C_CH32V20x_EVT/EXAM/BLE/LIB/wchble_rom.hex	0x0004e0a4	6	known-prefix	1f98
2	tmp/wch-evt/evt/QingkeV4C_CH32V20x_EVT/EXAM/BLE/LIB/wchble_rom.hex	0x0004e0b2	6	known-prefix	dfd8
2	tmp/wch-evt/evt/QingkeV4C_CH32V20x_EVT/EXAM/BLE/LIB/wchble_rom.hex	0x0004e0c2	8	known-prefix	3f9a
2	tmp/wch-evt/evt/QingkeV4C_CH32V20x_EVT/EXAM/BLE/LIB/wchble_rom.hex	0x0004e16c	8	known-prefix	bfbf
2	tmp/wch-evt/evt/QingkeV4C_CH32V20x_EVT/EXAM/BLE/LIB/wchble_rom.hex	0x0004e18a	6	known-prefix	5fc4
2	tmp/wch-evt/evt/QingkeV4C_CH32V20x_EVT/EXAM/BLE/LIB/wchble_rom.hex	0x0004e1cc	8	known-prefix	bfc5
2	tmp/wch-evt/evt/QingkeV4C_CH32V20x_EVT/EXAM/BLE/LIB/wchble_rom.hex	0x0004e1e8	20	known-prefix	ffd2
2	tmp/wch-evt/evt/QingkeV4C_CH32V20x_EVT/EXAM/BLE/LIB/wchble_rom.hex	0x0004e258	8	known-prefix	3fd1
2	tmp/wch-evt/evt/QingkeV4C_CH32V20x_EVT/EXAM/BLE/LIB/wchble_rom.hex	0x0004e27e	6	known-prefix	9fcd
2	tmp/wch-evt/evt/QingkeV4C_CH32V20x_EVT/EXAM/BLE/LIB/wchble_rom.hex	0x0004e2ba	6	known-prefix	5fe6
2	tmp/wch-evt/evt/QingkeV4C_CH32V20x_EVT/EXAM/BLE/LIB/wchble_rom.hex	0x0004e2d4	8	known-prefix	bfd1
2	tmp/wch-evt/evt/QingkeV4C_CH32V20x_EVT/EXAM/BLE/LIB/wchble_rom.hex	0x0004e366	6	known-prefix	1ff3
2	tmp/wch-evt/evt/QingkeV4C_CH32V20x_EVT/EXAM/BLE/LIB/wchble_rom.hex	0x0004e3e2	6	known-prefix	5feb
2	tmp/wch-evt/evt/QingkeV4C_CH32V20x_EVT/EXAM/BLE/LIB/wchble_rom.hex	0x0004e454	6	known-prefix	5ff3
2	tmp/wch-evt/evt/QingkeV4C_CH32V20x_EVT/EXAM/BLE/LIB/wchble_rom.hex	0x0004e4a0	6	known-prefix	9fee
2	tmp/wch-evt/evt/QingkeV4C_CH32V20x_EVT/EXAM/BLE/LIB/wchble_rom.hex	0x0004e4fe	8	known-prefix	bfe8
2	tmp/wch-evt/evt/QingkeV4C_CH32V20x_EVT/EXAM/BLE/LIB/wchble_rom.hex	0x0004e524	6	known-prefix	5fe6
2	tmp/wch-evt/evt/QingkeV4C_CH32V20x_EVT/EXAM/BLE/LIB/wchble_rom.hex	0x0004e544	8	known-prefix	3ff4
2	tmp/wch-evt/evt/QingkeV4C_CH32V20x_EVT/EXAM/BLE/LIB/wchble_rom.hex	0x0004e55a	unknown	reserved-ge-192	fff7
2	tmp/wch-evt/evt/QingkeV4C_CH32V20x_EVT/EXAM/BLE/LIB/wchble_rom.hex	0x0004e5d4	6	known-prefix	5fdb
2	tmp/wch-evt/evt/QingkeV4C_CH32V20x_EVT/EXAM/BLE/LIB/wchble_rom.hex	0x0004e60c	6	known-prefix	dfd7
2	tmp/wch-evt/evt/QingkeV4C_CH32V20x_EVT/EXAM/BLE/LIB/wchble_rom.hex	0x0004e664	6	known-prefix	9fd9
2	tmp/wch-evt/evt/QingkeV4C_CH32V20x_EVT/EXAM/BLE/LIB/wchble_rom.hex	0x0004e69c	18	known-prefix	ffc8
2	tmp/wch-evt/evt/QingkeV4C_CH32V20x_EVT/EXAM/BLE/LIB/wchble_rom.hex	0x0004e738	8	known-prefix	3fbf
2	tmp/wch-evt/evt/QingkeV4C_CH32V20x_EVT/EXAM/BLE/LIB/wchble_rom.hex	0x0004e756	unknown	reserved-ge-192	ffff
2	tmp/wch-evt/evt/QingkeV4C_CH32V20x_EVT/EXAM/BLE/LIB/wchble_rom.hex	0x0004e7e6	6	known-prefix	1fab
2	tmp/wch-evt/evt/QingkeV4C_CH32V20x_EVT/EXAM/BLE/LIB/wchble_rom.hex	0x0004e88a	8	known-prefix	bfed
2	tmp/wch-evt/evt/QingkeV4C_CH32V20x_EVT/EXAM/BLE/LIB/wchble_rom.hex	0x0004e93e	22	known-prefix	7fe2
2	tmp/wch-evt/evt/QingkeV4C_CH32V20x_EVT/EXAM/BLE/LIB/wchble_rom.hex	0x0004e996	8	known-prefix	bfbf
2	tmp/wch-evt/evt/QingkeV4C_CH32V20x_EVT/EXAM/BLE/LIB/wchble_rom.hex	0x0004e9f4	22	known-prefix	7fec
2	tmp/wch-evt/evt/QingkeV4C_CH32V20x_EVT/EXAM/BLE/LIB/wchble_rom.hex	0x0004ea30	6	known-prefix	1fb6
2	tmp/wch-evt/evt/QingkeV4C_CH32V20x_EVT/EXAM/BLE/LIB/wchble_rom.hex	0x0004ea44	6	known-prefix	9f9b
2	tmp/wch-evt/evt/QingkeV4C_CH32V20x_EVT/EXAM/BLE/LIB/wchble_rom.hex	0x0004ea6a	8	known-prefix	3fde
2	tmp/wch-evt/evt/QingkeV4C_CH32V20x_EVT/EXAM/BLE/LIB/wchble_rom.hex	0x0004ea7a	8	known-prefix	3fdd
2	tmp/wch-evt/evt/QingkeV4C_CH32V20x_EVT/EXAM/BLE/LIB/wchble_rom.hex	0x0004ea82	8	known-prefix	bfdc
2	tmp/wch-evt/evt/QingkeV4C_CH32V20x_EVT/EXAM/BLE/LIB/wchble_rom.hex	0x0004ea8a	8	known-prefix	3fdc
2	tmp/wch-evt/evt/QingkeV4C_CH32V20x_EVT/EXAM/BLE/LIB/wchble_rom.hex	0x0004ea9e	22	known-prefix	ffef
2	tmp/wch-evt/evt/QingkeV4C_CH32V20x_EVT/EXAM/BLE/LIB/wchble_rom.hex	0x0004eb02	8	known-prefix	3fc6
2	tmp/wch-evt/evt/QingkeV4C_CH32V20x_EVT/EXAM/BLE/LIB/wchble_rom.hex	0x0004eb0e	6	known-prefix	9fa5
2	tmp/wch-evt/evt/QingkeV4C_CH32V20x_EVT/EXAM/BLE/LIB/wchble_rom.hex	0x0004eb40	6	known-prefix	dff9
2	tmp/wch-evt/evt/QingkeV4C_CH32V20x_EVT/EXAM/BLE/LIB/wchble_rom.hex	0x0004eb80	6	known-prefix	5fbe
2	tmp/wch-evt/evt/QingkeV4C_CH32V20x_EVT/EXAM/BLE/LIB/wchble_rom.hex	0x0004eba2	6	known-prefix	5f9c
2	tmp/wch-evt/evt/QingkeV4C_CH32V20x_EVT/EXAM/BLE/LIB/wchble_rom.hex	0x0004ebce	6	known-prefix	dfa6
2	tmp/wch-evt/evt/QingkeV4C_CH32V20x_EVT/EXAM/BLE/LIB/wchble_rom.hex	0x0004ec20	unknown	reserved-ge-192	7ff0
2	tmp/wch-evt/evt/QingkeV4C_CH32V20x_EVT/EXAM/BLE/LIB/wchble_rom.hex	0x0004ec2a	14	known-prefix	ffad
2	tmp/wch-evt/evt/QingkeV4C_CH32V20x_EVT/EXAM/BLE/LIB/wchble_rom.hex	0x0004ec38	12	known-prefix	ff91
2	tmp/wch-evt/evt/QingkeV4C_CH32V20x_EVT/EXAM/BLE/LIB/wchble_rom.hex	0x0004ec56	8	known-prefix	bfc4
2	tmp/wch-evt/evt/QingkeV4C_CH32V20x_EVT/EXAM/BLE/LIB/wchble_rom.hex	0x0004ed9c	8	known-prefix	bfd8
2	tmp/wch-evt/evt/QingkeV4C_CH32V20x_EVT/EXAM/BLE/LIB/wchble_rom.hex	0x0004edca	12	known-prefix	ff93
2	tmp/wch-evt/evt/QingkeV4C_CH32V20x_EVT/EXAM/BLE/LIB/wchble_rom.hex	0x0004edde	6	known-prefix	9fd4
2	tmp/wch-evt/evt/QingkeV4C_CH32V20x_EVT/EXAM/BLE/LIB/wchble_rom.hex	0x0004ee00	6	known-prefix	dfda
2	tmp/wch-evt/evt/QingkeV4C_CH32V20x_EVT/EXAM/BLE/LIB/wchble_rom.hex	0x0004ee1c	6	known-prefix	1fd9
2	tmp/wch-evt/evt/QingkeV4C_CH32V20x_EVT/EXAM/BLE/LIB/wchble_rom.hex	0x0004ee2e	6	known-prefix	9fcf
2	tmp/wch-evt/evt/QingkeV4C_CH32V20x_EVT/EXAM/BLE/LIB/wchble_rom.hex	0x0004f0bc	20	known-prefix	7fd7
2	tmp/wch-evt/evt/QingkeV4C_CH32V20x_EVT/EXAM/BLE/LIB/wchble_rom.hex	0x0004f2de	6	known-prefix	9ff2
2	tmp/wch-evt/evt/QingkeV4C_CH32V20x_EVT/EXAM/BLE/LIB/wchble_rom.hex	0x0004f2f0	8	known-prefix	3fb4
2	tmp/wch-evt/evt/QingkeV4C_CH32V20x_EVT/EXAM/BLE/LIB/wchble_rom.hex	0x0004f406	6	known-prefix	1fc3
2	tmp/wch-evt/evt/QingkeV4C_CH32V20x_EVT/EXAM/BLE/LIB/wchble_rom.hex	0x0004f580	16	known-prefix	7fb3
2	tmp/wch-evt/evt/QingkeV4C_CH32V20x_EVT/EXAM/BLE/LIB/wchble_rom.hex	0x0004f586	6	known-prefix	1ff5
2	tmp/wch-evt/evt/QingkeV4C_CH32V20x_EVT/EXAM/BLE/LIB/wchble_rom.hex	0x0004f58a	6	known-prefix	dfe2
2	tmp/wch-evt/evt/QingkeV4C_CH32V20x_EVT/EXAM/BLE/LIB/wchble_rom.hex	0x0004f5da	6	known-prefix	dfef
2	tmp/wch-evt/evt/QingkeV4C_CH32V20x_EVT/EXAM/BLE/LIB/wchble_rom.hex	0x0004f5ee	8	known-prefix	bfd5
2	tmp/wch-evt/evt/QingkeV4C_CH32V20x_EVT/EXAM/BLE/LIB/wchble_rom.hex	0x0004f626	6	known-prefix	dff2
2	tmp/wch-evt/evt/QingkeV4C_CH32V20x_EVT/EXAM/BLE/LIB/wchble_rom.hex	0x0004f6e0	8	known-prefix	3fe7
2	tmp/wch-evt/evt/QingkeV4C_CH32V20x_EVT/EXAM/BLE/LIB/wchble_rom.hex	0x0004f76e	18	known-prefix	ffc8
2	tmp/wch-evt/evt/QingkeV4C_CH32V20x_EVT/EXAM/BLE/LIB/wchble_rom.hex	0x0004f798	unknown	reserved-ge-192	fff8
2	tmp/wch-evt/evt/QingkeV4C_CH32V20x_EVT/EXAM/BLE/LIB/wchble_rom.hex	0x0004f7a2	6	known-prefix	1fdb
2	tmp/wch-evt/evt/QingkeV4C_CH32V20x_EVT/EXAM/BLE/LIB/wchble_rom.hex	0x0004f7e0	unknown	reserved-ge-192	fff9
2	tmp/wch-evt/evt/QingkeV4C_CH32V20x_EVT/EXAM/BLE/LIB/wchble_rom.hex	0x0004f89e	6	known-prefix	1ff5
2	tmp/wch-evt/evt/QingkeV4C_CH32V20x_EVT/EXAM/BLE/LIB/wchble_rom.hex	0x0004f8aa	6	known-prefix	1fed
2	tmp/wch-evt/evt/QingkeV4C_CH32V20x_EVT/EXAM/BLE/LIB/wchble_rom.hex	0x0004f8b6	6	known-prefix	5fea
2	tmp/wch-evt/evt/QingkeV4C_CH32V20x_EVT/EXAM/BLE/LIB/wchble_rom.hex	0x0004f8fa	6	known-prefix	1fe8
2	tmp/wch-evt/evt/QingkeV4C_CH32V20x_EVT/EXAM/BLE/LIB/wchble_rom.hex	0x0004f906	6	known-prefix	5fe5
2	tmp/wch-evt/evt/QingkeV4C_CH32V20x_EVT/EXAM/BLE/LIB/wchble_rom.hex	0x0004fbf2	6	known-prefix	dfd4
2	tmp/wch-evt/evt/QingkeV4C_CH32V20x_EVT/EXAM/BLE/LIB/wchble_rom.hex	0x0004fc04	8	known-prefix	bfb7
2	tmp/wch-evt/evt/QingkeV4C_CH32V20x_EVT/EXAM/BLE/LIB/wchble_rom.hex	0x0004fc14	6	known-prefix	1fec
2	tmp/wch-evt/evt/QingkeV4C_CH32V20x_EVT/EXAM/BLE/LIB/wchble_rom.hex	0x0004fc28	22	known-prefix	ffee
2	tmp/wch-evt/evt/QingkeV4C_CH32V20x_EVT/EXAM/BLE/LIB/wchble_rom.hex	0x0004fc30	22	known-prefix	ffec
2	tmp/wch-evt/evt/QingkeV4C_CH32V20x_EVT/EXAM/BLE/LIB/wchble_rom.hex	0x0004fc38	8	known-prefix	3fde
2	tmp/wch-evt/evt/QingkeV4C_CH32V20x_EVT/EXAM/BLE/LIB/wchble_rom.hex	0x0004fc40	22	known-prefix	ffe5
2	tmp/wch-evt/evt/QingkeV4C_CH32V20x_EVT/EXAM/BLE/LIB/wchble_rom.hex	0x0004fc48	6	known-prefix	dfe2
2	tmp/wch-evt/evt/QingkeV4C_CH32V20x_EVT/EXAM/BLE/LIB/wchble_rom.hex	0x0004fc50	6	known-prefix	5fdf
2	tmp/wch-evt/evt/QingkeV4C_CH32V20x_EVT/EXAM/BLE/LIB/wchble_rom.hex	0x0004fc58	6	known-prefix	9fee
2	tmp/wch-evt/evt/QingkeV4C_CH32V20x_EVT/EXAM/BLE/LIB/wchble_rom.hex	0x0004fc96	6	known-prefix	5fed
2	tmp/wch-evt/evt/QingkeV4C_CH32V20x_EVT/EXAM/BLE/LIB/wchble_rom.hex	0x0004fc9e	6	known-prefix	9fef
2	tmp/wch-evt/evt/QingkeV4C_CH32V20x_EVT/EXAM/BLE/LIB/wchble_rom.hex	0x0004fdce	6	known-prefix	1f87
2	tmp/wch-evt/evt/QingkeV4C_CH32V20x_EVT/EXAM/BLE/LIB/wchble_rom.hex	0x0004fdf6	8	known-prefix	bfdc
2	tmp/wch-evt/evt/QingkeV4C_CH32V20x_EVT/EXAM/BLE/LIB/wchble_rom.hex	0x0004fe9a	10	known-prefix	ff8f
2	tmp/wch-evt/evt/QingkeV4C_CH32V20x_EVT/EXAM/BLE/LIB/wchble_rom.hex	0x0004fed8	10	known-prefix	7f8b
2	tmp/wch-evt/evt/QingkeV4C_CH32V20x_EVT/EXAM/BLE/LIB/wchble_rom.hex	0x0004ff1c	6	known-prefix	9f88
2	tmp/wch-evt/evt/QingkeV4C_CH32V20x_EVT/EXAM/BLE/LIB/wchble_rom.hex	0x0004ffca	6	known-prefix	5f8a
2	tmp/wch-evt/evt/QingkeV4C_CH32V20x_EVT/EXAM/BLE/LIB/wchble_rom.hex	0x0005017e	6	known-prefix	9feb
2	tmp/wch-evt/evt/QingkeV4C_CH32V20x_EVT/EXAM/BLE/LIB/wchble_rom.hex	0x00050188	22	known-prefix	ffea
2	tmp/wch-evt/evt/QingkeV4C_CH32V20x_EVT/EXAM/BLE/LIB/wchble_rom.hex	0x0005037e	6	known-prefix	5f93
2	tmp/wch-evt/evt/QingkeV4C_CH32V20x_EVT/EXAM/BLE/LIB/wchble_rom.hex	0x00050392	22	known-prefix	7feb
2	tmp/wch-evt/evt/QingkeV4C_CH32V20x_EVT/EXAM/BLE/LIB/wchble_rom.hex	0x000503a8	22	known-prefix	ffee
2	tmp/wch-evt/evt/QingkeV4C_CH32V20x_EVT/EXAM/BLE/LIB/wchble_rom.hex	0x000503ca	6	known-prefix	9fca
2	tmp/wch-evt/evt/QingkeV4C_CH32V20x_EVT/EXAM/BLE/LIB/wchble_rom.hex	0x000503e6	6	known-prefix	dff2
2	tmp/wch-evt/evt/QingkeV4C_CH32V20x_EVT/EXAM/BLE/LIB/wchble_rom.hex	0x000504b4	6	known-prefix	1ff5
2	tmp/wch-evt/evt/QingkeV4C_CH32V20x_EVT/EXAM/BLE/LIB/wchble_rom.hex	0x000504d4	6	known-prefix	9fba
2	tmp/wch-evt/evt/QingkeV4C_CH32V20x_EVT/EXAM/BLE/LIB/wchble_rom.hex	0x000505cc	22	known-prefix	7fec
2	tmp/wch-evt/evt/QingkeV4C_CH32V20x_EVT/EXAM/BLE/LIB/wchble_rom.hex	0x00050650	6	known-prefix	5fbf
2	tmp/wch-evt/evt/QingkeV4C_CH32V20x_EVT/EXAM/BLE/LIB/wchble_rom.hex	0x00050696	6	known-prefix	dfdf
2	tmp/wch-evt/evt/QingkeV4C_CH32V20x_EVT/EXAM/BLE/LIB/wchble_rom.hex	0x000506ee	16	known-prefix	7fb5
2	tmp/wch-evt/evt/QingkeV4C_CH32V20x_EVT/EXAM/BLE/LIB/wchble_rom.hex	0x0005073c	20	known-prefix	7fd5
2	tmp/wch-evt/evt/QingkeV4C_CH32V20x_EVT/EXAM/BLE/LIB/wchble_rom.hex	0x00050820	8	known-prefix	3fc7
2	tmp/wch-evt/evt/QingkeV4C_CH32V20x_EVT/EXAM/BLE/LIB/wchble_rom.hex	0x00050824	8	known-prefix	3fc1
2	tmp/wch-evt/evt/QingkeV4C_CH32V20x_EVT/EXAM/BLE/LIB/wchble_rom.hex	0x00050832	6	known-prefix	1fc6
2	tmp/wch-evt/evt/QingkeV4C_CH32V20x_EVT/EXAM/BLE/LIB/wchble_rom.hex	0x00050866	6	known-prefix	1ff5
2	tmp/wch-evt/evt/QingkeV4C_CH32V20x_EVT/EXAM/BLE/LIB/wchble_rom.hex	0x000508d2	8	known-prefix	3feb
2	tmp/wch-evt/evt/QingkeV4C_CH32V20x_EVT/EXAM/BLE/LIB/wchble_rom.hex	0x000508ec	22	known-prefix	ffe8
2	tmp/wch-evt/evt/QingkeV4C_CH32V20x_EVT/EXAM/BLE/LIB/wchble_rom.hex	0x00050900	8	known-prefix	bfe5
2	tmp/wch-evt/evt/QingkeV4C_CH32V20x_EVT/EXAM/BLE/LIB/wchble_rom.hex	0x00050930	22	known-prefix	ffe5
2	tmp/wch-evt/evt/QingkeV4C_CH32V20x_EVT/EXAM/BLE/LIB/wchble_rom.hex	0x0005098c	20	known-prefix	ffd7
2	tmp/wch-evt/evt/QingkeV4C_CH32V20x_EVT/EXAM/BLE/LIB/wchble_rom.hex	0x000509a6	6	known-prefix	dfba
2	tmp/wch-evt/evt/QingkeV4C_CH32V20x_EVT/EXAM/BLE/LIB/wchble_rom.hex	0x00050a18	6	known-prefix	1fac
2	tmp/wch-evt/evt/QingkeV4C_CH32V20x_EVT/EXAM/BLE/LIB/wchble_rom.hex	0x00050b06	8	known-prefix	3fad
2	tmp/wch-evt/evt/QingkeV4C_CH32V20x_EVT/EXAM/BLE/LIB/wchble_rom.hex	0x00050b28	20	known-prefix	7fd4
2	tmp/wch-evt/evt/QingkeV4C_CH32V20x_EVT/EXAM/BLE/LIB/wchble_rom.hex	0x00050b52	6	known-prefix	1fdd
2	tmp/wch-evt/evt/QingkeV4C_CH32V20x_EVT/EXAM/BLE/LIB/wchble_rom.hex	0x00050b78	8	known-prefix	bf9d
2	tmp/wch-evt/evt/QingkeV4C_CH32V20x_EVT/EXAM/BLE/LIB/wchble_rom.hex	0x00050bb2	6	known-prefix	1fd7
2	tmp/wch-evt/evt/QingkeV4C_CH32V20x_EVT/EXAM/BLE/LIB/wchble_rom.hex	0x00050c90	6	known-prefix	5fcb
2	tmp/wch-evt/evt/QingkeV4C_CH32V20x_EVT/EXAM/BLE/LIB/wchble_rom.hex	0x00050cae	6	known-prefix	5fb8
2	tmp/wch-evt/evt/QingkeV4C_CH32V20x_EVT/EXAM/BLE/LIB/wchble_rom.hex	0x00050cd4	6	known-prefix	5f90
2	tmp/wch-evt/evt/QingkeV4C_CH32V20x_EVT/EXAM/BLE/LIB/wchble_rom.hex	0x00050d50	8	known-prefix	3fbd
2	tmp/wch-evt/evt/QingkeV4C_CH32V20x_EVT/EXAM/BLE/LIB/wchble_rom.hex	0x00050d84	20	known-prefix	ffd5
2	tmp/wch-evt/evt/QingkeV4C_CH32V20x_EVT/EXAM/BLE/LIB/wchble_rom.hex	0x00050e1c	unknown	reserved-ge-192	fff6
2	tmp/wch-evt/evt/QingkeV4C_CH32V20x_EVT/EXAM/BLE/LIB/wchble_rom.hex	0x00050e26	6	known-prefix	5ff6
2	tmp/wch-evt/evt/QingkeV4C_CH32V20x_EVT/EXAM/BLE/LIB/wchble_rom.hex	0x00051474	6	known-prefix	dfbe
2	tmp/wch-evt/evt/QingkeV4C_CH32V20x_EVT/EXAM/BLE/LIB/wchble_rom.hex	0x00051532	6	known-prefix	5ff0
2	tmp/wch-evt/evt/QingkeV4C_CH32V20x_EVT/EXAM/BLE/LIB/wchble_rom.hex	0x00051540	8	known-prefix	3ff5
2	tmp/wch-evt/evt/QingkeV4C_CH32V20x_EVT/EXAM/BLE/LIB/wchble_rom.hex	0x00051548	6	known-prefix	dfe0
2	tmp/wch-evt/evt/QingkeV4C_CH32V20x_EVT/EXAM/BLE/LIB/wchble_rom.hex	0x0005159a	6	known-prefix	9fef
2	tmp/wch-evt/evt/QingkeV4C_CH32V20x_EVT/EXAM/BLE/LIB/wchble_rom.hex	0x000515b4	20	known-prefix	7fdf
2	tmp/wch-evt/evt/QingkeV4C_CH32V20x_EVT/EXAM/BLE/LIB/wchble_rom.hex	0x000515e0	8	known-prefix	bfdb
2	tmp/wch-evt/evt/QingkeV4C_CH32V20x_EVT/EXAM/BLE/LIB/wchble_rom.hex	0x00051608	6	known-prefix	dfd5
2	tmp/wch-evt/evt/QingkeV4C_CH32V20x_EVT/EXAM/BLE/LIB/wchble_rom.hex	0x00051638	6	known-prefix	9fda
2	tmp/wch-evt/evt/QingkeV4C_CH32V20x_EVT/EXAM/BLE/LIB/wchble_rom.hex	0x00051a34	14	known-prefix	ffa5
2	tmp/wch-evt/evt/QingkeV4C_CH32V20x_EVT/EXAM/BLE/LIB/wchble_rom.hex	0x00051af8	8	known-prefix	bf99
2	tmp/wch-evt/evt/QingkeV4C_CH32V20x_EVT/EXAM/BLE/LIB/wchble_rom.hex	0x00051b74	6	known-prefix	5fa6
2	tmp/wch-evt/evt/QingkeV4C_CH32V20x_EVT/EXAM/BLE/LIB/wchble_rom.hex	0x00051b92	6	known-prefix	dfcd
2	tmp/wch-evt/evt/QingkeV4C_CH32V20x_EVT/EXAM/BLE/LIB/wchble_rom.hex	0x00051c94	8	known-prefix	bfbd
2	tmp/wch-evt/evt/QingkeV4C_CH32V20x_EVT/EXAM/BLE/LIB/wchble_rom.hex	0x00051cf8	8	known-prefix	bfc2
2	tmp/wch-evt/evt/QingkeV4C_CH32V20x_EVT/EXAM/BLE/LIB/wchble_rom.hex	0x00051e20	8	known-prefix	3fa1
2	tmp/wch-evt/evt/QingkeV4C_CH32V20x_EVT/EXAM/BLE/LIB/wchble_rom.hex	0x00051e3e	6	known-prefix	9f97
2	tmp/wch-evt/evt/QingkeV4C_CH32V20x_EVT/EXAM/BLE/LIB/wchble_rom.hex	0x00051ea4	16	known-prefix	7fba
2	tmp/wch-evt/evt/QingkeV4C_CH32V20x_EVT/EXAM/BLE/LIB/wchble_rom.hex	0x00051f90	6	known-prefix	1ff4
2	tmp/wch-evt/evt/QingkeV4C_CH32V20x_EVT/EXAM/BLE/LIB/wchble_rom.hex	0x00051fa0	8	known-prefix	bff0
2	tmp/wch-evt/evt/QingkeV4C_CH32V20x_EVT/EXAM/BLE/LIB/wchble_rom.hex	0x00051fb0	6	known-prefix	1ff2
2	tmp/wch-evt/evt/QingkeV4C_CH32V20x_EVT/EXAM/BLE/LIB/wchble_rom.hex	0x00051fc0	8	known-prefix	bfee
2	tmp/wch-evt/evt/QingkeV4C_CH32V20x_EVT/EXAM/BLE/LIB/wchble_rom.hex	0x00051ff2	22	known-prefix	ffed
2	tmp/wch-evt/evt/QingkeV4C_CH32V20x_EVT/EXAM/BLE/LIB/wchble_rom.hex	0x00051ffc	6	known-prefix	5fed
2	tmp/wch-evt/evt/QingkeV4C_CH32V20x_EVT/EXAM/BLE/LIB/wchble_rom.hex	0x00052186	6	known-prefix	dfe7
2	tmp/wch-evt/evt/QingkeV4C_CH32V20x_EVT/EXAM/BLE/LIB/wchble_rom.hex	0x000521ae	6	known-prefix	5fe5
2	tmp/wch-evt/evt/QingkeV4C_CH32V20x_EVT/EXAM/BLE/LIB/wchble_rom.hex	0x000522dc	8	known-prefix	3fc5
2	tmp/wch-evt/evt/QingkeV4C_CH32V20x_EVT/EXAM/BLE/LIB/wchble_rom.hex	0x0005232a	6	known-prefix	1fb8
2	tmp/wch-evt/evt/QingkeV4C_CH32V20x_EVT/EXAM/BLE/LIB/wchble_rom.hex	0x000523a2	6	known-prefix	9fb5
2	tmp/wch-evt/evt/QingkeV4C_CH32V20x_EVT/EXAM/BLE/LIB/wchble_rom.hex	0x000523b8	8	known-prefix	3faf
2	tmp/wch-evt/evt/QingkeV4C_CH32V20x_EVT/EXAM/BLE/LIB/wchble_rom.hex	0x000523d4	14	known-prefix	7fad
2	tmp/wch-evt/evt/QingkeV4C_CH32V20x_EVT/EXAM/BLE/LIB/wchble_rom.hex	0x00052494	8	known-prefix	3fe0
2	tmp/wch-evt/evt/QingkeV4C_CH32V20x_EVT/EXAM/BLE/LIB/wchble_rom.hex	0x00052544	8	known-prefix	3fd5
2	tmp/wch-evt/evt/QingkeV4C_CH32V20x_EVT/EXAM/BLE/LIB/wchble_rom.hex	0x000525a4	8	known-prefix	3fcf
2	tmp/wch-evt/evt/QingkeV4C_CH32V20x_EVT/EXAM/BLE/LIB/wchble_rom.hex	0x00052604	8	known-prefix	3fc9
2	tmp/wch-evt/evt/QingkeV4C_CH32V20x_EVT/EXAM/BLE/LIB/wchble_rom.hex	0x00052666	6	known-prefix	1fc3
2	tmp/wch-evt/evt/QingkeV4C_CH32V20x_EVT/EXAM/BLE/LIB/wchble_rom.hex	0x000526c0	16	known-prefix	7fbd
2	tmp/wch-evt/evt/QingkeV4C_CH32V20x_EVT/EXAM/BLE/LIB/wchble_rom.hex	0x00052754	8	known-prefix	3fb4
2	tmp/wch-evt/evt/QingkeV4C_CH32V20x_EVT/EXAM/BLE/LIB/wchble_rom.hex	0x00052850	14	known-prefix	7fa4
2	tmp/wch-evt/evt/QingkeV4C_CH32V20x_EVT/EXAM/BLE/LIB/wchble_rom.hex	0x00052944	8	known-prefix	3f95
2	tmp/wch-evt/evt/QingkeV4C_CH32V20x_EVT/EXAM/BLE/LIB/wchble_rom.hex	0x000529a4	8	known-prefix	3f8f
2	tmp/wch-evt/evt/QingkeV4C_CH32V20x_EVT/EXAM/BLE/LIB/wchble_rom.hex	0x00052a8a	6	known-prefix	df80
2	tmp/wch-evt/evt/QingkeV4C_CH32V20x_EVT/EXAM/BLE/LIB/wchble_rom.hex	0x00053ea0	6	known-prefix	dffa
2	tmp/wch-evt/evt/QingkeV4C_CH32V20x_EVT/EXAM/BLE/LIB/wchble_rom.hex	0x00053f32	6	known-prefix	dfdd
2	tmp/wch-evt/evt/QingkeV4C_CH32V20x_EVT/EXAM/BLE/LIB/wchble_rom.hex	0x0005418c	8	known-prefix	3fb8
2	tmp/wch-evt/evt/QingkeV4C_CH32V20x_EVT/EXAM/BLE/LIB/wchble_rom.hex	0x000551bc	6	known-prefix	1fc9
2	tmp/wch-evt/evt/QingkeV4C_CH32V20x_EVT/EXAM/BLE/LIB/wchble_rom.hex	0x000551c8	6	known-prefix	dfb0
2	tmp/wch-evt/evt/QingkeV4C_CH32V20x_EVT/EXAM/BLE/LIB/wchble_rom.hex	0x000551f8	6	known-prefix	dffd
2	tmp/wch-evt/evt/QingkeV4C_CH32V20x_EVT/EXAM/BLE/LIB/wchble_rom.hex	0x0005541c	6	known-prefix	1fa3
2	tmp/wch-evt/evt/QingkeV4C_CH32V20x_EVT/EXAM/BLE/LIB/wchble_rom.hex	0x000554ca	6	known-prefix	5f84
2	tmp/wch-evt/evt/QingkeV4C_CH32V20x_EVT/EXAM/BLE/LIB/wchble_rom.hex	0x00055510	6	known-prefix	dfee
2	tmp/wch-evt/evt/QingkeV4C_CH32V20x_EVT/EXAM/BLE/LIB/wchble_rom.hex	0x00055528	16	known-prefix	ffb0
2	tmp/wch-evt/evt/QingkeV4C_CH32V20x_EVT/EXAM/BLE/LIB/wchble_rom.hex	0x000555c4	8	known-prefix	bfe2
2	tmp/wch-evt/evt/QingkeV4C_CH32V20x_EVT/EXAM/BLE/LIB/wchble_rom.hex	0x00055606	8	known-prefix	bfe4
2	tmp/wch-evt/evt/QingkeV4C_CH32V20x_EVT/EXAM/BLE/LIB/wchble_rom.hex	0x0005561a	6	known-prefix	df87
2	tmp/wch-evt/evt/QingkeV4C_CH32V20x_EVT/EXAM/BLE/LIB/wchble_rom.hex	0x0005570e	6	known-prefix	5fa2
2	tmp/wch-evt/evt/QingkeV4C_CH32V20x_EVT/EXAM/BLE/LIB/wchble_rom.hex	0x00055834	6	known-prefix	dfa2
2	tmp/wch-evt/evt/QingkeV4C_CH32V20x_EVT/EXAM/BLE/LIB/wchble_rom.hex	0x0005593e	8	known-prefix	3f92
2	tmp/wch-evt/evt/QingkeV4C_CH32V20x_EVT/EXAM/BLE/LIB/wchble_rom.hex	0x000559d6	14	known-prefix	7fa2
2	tmp/wch-evt/evt/QingkeV4C_CH32V20x_EVT/EXAM/BLE/LIB/wchble_rom.hex	0x00055a9e	12	known-prefix	ff95
2	tmp/wch-evt/evt/QingkeV4C_CH32V20x_EVT/EXAM/BLE/LIB/wchble_rom.hex	0x00055d3a	6	known-prefix	5f9a
2	tmp/wch-evt/evt/QingkeV4C_CH32V20x_EVT/EXAM/BLE/LIB/wchble_rom.hex	0x0005608c	6	known-prefix	1fea
2	tmp/wch-evt/evt/QingkeV4C_CH32V20x_EVT/EXAM/BLE/LIB/wchble_rom.hex	0x000560ce	22	known-prefix	ffe5
2	tmp/wch-evt/evt/QingkeV4C_CH32V20x_EVT/EXAM/BLE/LIB/wchble_rom.hex	0x0005615e	20	known-prefix	ffdc
2	tmp/wch-evt/evt/QingkeV4C_CH32V20x_EVT/EXAM/BLE/LIB/wchble_rom.hex	0x0005672e	6	known-prefix	dfbc
2	tmp/wch-evt/evt/QingkeV4C_CH32V20x_EVT/EXAM/BLE/LIB/wchble_rom.hex	0x00056aec	6	known-prefix	dff4
2	tmp/wch-evt/evt/QingkeV4C_CH32V20x_EVT/EXAM/BLE/LIB/wchble_rom.hex	0x00056dc6	8	known-prefix	3fc7
2	tmp/wch-evt/evt/QingkeV4C_CH32V20x_EVT/EXAM/BLE/LIB/wchble_rom.hex	0x00056e02	18	known-prefix	7fc3
2	tmp/wch-evt/evt/QingkeV4C_CH32V20x_EVT/EXAM/BLE/LIB/wchble_rom.hex	0x00056e34	6	known-prefix	5fc0
2	tmp/wch-evt/evt/QingkeV4C_CH32V20x_EVT/EXAM/BLE/LIB/wchble_rom.hex	0x00056f8e	8	known-prefix	3fe2
2	tmp/wch-evt/evt/QingkeV4C_CH32V20x_EVT/EXAM/BLE/LIB/wchble_rom.hex	0x00057106	22	known-prefix	7fe2
2	tmp/wch-evt/evt/QingkeV4C_CH32V20x_EVT/EXAM/BLE/LIB/wchble_rom.hex	0x00057556	6	known-prefix	1f8b
2	tmp/wch-evt/evt/QingkeV4C_CH32V20x_EVT/EXAM/BLE/LIB/wchble_rom.hex	0x000575c2	6	known-prefix	5f84
2	tmp/wch-evt/evt/QingkeV4C_CH32V20x_EVT/EXAM/BLE/LIB/wchble_rom.hex	0x000576c4	10	known-prefix	7f85
2	tmp/wch-evt/evt/QingkeV4C_CH32V20x_EVT/EXAM/BLE/LIB/wchble_rom.hex	0x0005788a	6	known-prefix	5fd5
2	tmp/wch-evt/evt/QingkeV4C_CH32V20x_EVT/EXAM/BLE/LIB/wchble_rom.hex	0x00057b1e	6	known-prefix	9fec
2	tmp/wch-evt/evt/QingkeV4C_CH32V20x_EVT/EXAM/BLE/LIB/wchble_rom.hex	0x00057bce	8	known-prefix	3ff9
2	tmp/wch-evt/evt/QingkeV4C_CH32V20x_EVT/EXAM/BLE/LIB/wchble_rom.hex	0x00058166	8	known-prefix	bfd8
2	tmp/wch-evt/evt/QingkeV4C_CH32V20x_EVT/EXAM/BLE/LIB/wchble_rom.hex	0x00058174	20	known-prefix	7fd2
2	tmp/wch-evt/evt/QingkeV4C_CH32V20x_EVT/EXAM/BLE/LIB/wchble_rom.hex	0x000581e0	6	known-prefix	1fd1
2	tmp/wch-evt/evt/QingkeV4C_CH32V20x_EVT/EXAM/BLE/LIB/wchble_rom.hex	0x000582d0	unknown	reserved-ge-192	7ff1
2	tmp/wch-evt/evt/QingkeV4C_CH32V20x_EVT/EXAM/BLE/LIB/wchble_rom.hex	0x000584aa	unknown	reserved-ge-192	fffe
2	tmp/wch-evt/evt/QingkeV4C_CH32V20x_EVT/EXAM/BLE/LIB/wchble_rom.hex	0x000586fc	6	known-prefix	9fea
2	tmp/wch-evt/evt/QingkeV4C_CH32V20x_EVT/EXAM/BLE/LIB/wchble_rom.hex	0x00058896	8	known-prefix	bfa7
2	tmp/wch-evt/evt/QingkeV4C_CH32V20x_EVT/EXAM/BLE/LIB/wchble_rom.hex	0x00058994	20	known-prefix	7fd7
2	tmp/wch-evt/evt/QingkeV4C_CH32V20x_EVT/EXAM/BLE/LIB/wchble_rom.hex	0x000589e6	6	known-prefix	9fea
2	tmp/wch-evt/evt/QingkeV4C_CH32V20x_EVT/EXAM/BLE/LIB/wchble_rom.hex	0x00058aa0	8	known-prefix	bfc6
2	tmp/wch-evt/evt/QingkeV4C_CH32V20x_EVT/EXAM/BLE/LIB/wchble_rom.hex	0x00058aa8	8	known-prefix	3fb3
2	tmp/wch-evt/evt/QingkeV4C_CH32V20x_EVT/EXAM/BLE/LIB/wchble_rom.hex	0x00058cb6	6	known-prefix	dfc1
2	tmp/wch-evt/evt/QingkeV4C_CH32V20x_EVT/EXAM/BLE/LIB/wchble_rom.hex	0x00058d5c	12	known-prefix	ff9a
2	tmp/wch-evt/evt/QingkeV4C_CH32V20x_EVT/EXAM/BLE/LIB/wchble_rom.hex	0x00058d78	16	known-prefix	7fb1
2	tmp/wch-evt/evt/QingkeV4C_CH32V20x_EVT/EXAM/BLE/LIB/wchble_rom.hex	0x00058df2	6	known-prefix	1fce
2	tmp/wch-evt/evt/QingkeV4C_CH32V20x_EVT/EXAM/BLE/LIB/wchble_rom.hex	0x00058eec	8	known-prefix	3fb1
2	tmp/wch-evt/evt/QingkeV4C_CH32V20x_EVT/EXAM/BLE/LIB/wchble_rom.hex	0x00058f28	8	known-prefix	bf9a
2	tmp/wch-evt/evt/QingkeV4C_CH32V20x_EVT/EXAM/BLE/LIB/wchble_rom.hex	0x00059098	8	known-prefix	3fb8
2	tmp/wch-evt/evt/QingkeV4C_CH32V20x_EVT/EXAM/BLE/LIB/wchble_rom.hex	0x000590dc	16	known-prefix	ffb3
2	tmp/wch-evt/evt/QingkeV4C_CH32V20x_EVT/EXAM/BLE/LIB/wchble_rom.hex	0x000597f6	12	known-prefix	7f99
2	tmp/wch-evt/evt/QingkeV4C_CH32V20x_EVT/EXAM/BLE/LIB/wchble_rom.hex	0x0005994a	8	known-prefix	bf8a
2	tmp/wch-evt/evt/QingkeV4C_CH32V20x_EVT/EXAM/BLE/LIB/wchble_rom.hex	0x000599a4	6	known-prefix	5f89
2	tmp/wch-evt/evt/QingkeV4C_CH32V20x_EVT/EXAM/BLE/LIB/wchble_rom.hex	0x00059d1e	8	known-prefix	bfd1
2	tmp/wch-evt/evt/QingkeV4C_CH32V20x_EVT/EXAM/BLE/LIB/wchble_rom.hex	0x00059d5e	8	known-prefix	3fba
2	tmp/wch-evt/evt/QingkeV4C_CH32V20x_EVT/EXAM/BLE/LIB/wchble_rom.hex	0x00059dcc	6	known-prefix	dfc6
2	tmp/wch-evt/evt/QingkeV4C_CH32V20x_EVT/EXAM/BLE/LIB/wchble_rom.hex	0x00059f14	8	known-prefix	bff6
2	tmp/wch-evt/evt/QingkeV4C_CH32V20x_EVT/EXAM/BLE/LIB/wchble_rom.hex	0x00059f2a	6	known-prefix	9ff1
2	tmp/wch-evt/evt/QingkeV4C_CH32V20x_EVT/EXAM/BLE/LIB/wchble_rom.hex	0x00059f30	8	known-prefix	bfd3
2	tmp/wch-evt/evt/QingkeV4C_CH32V20x_EVT/EXAM/BLE/LIB/wchble_rom.hex	0x00059f84	6	known-prefix	5f8d
2	tmp/wch-evt/evt/QingkeV4C_CH32V20x_EVT/EXAM/BLE/LIB/wchble_rom.hex	0x00059f92	8	known-prefix	bf9f
2	tmp/wch-evt/evt/QingkeV4C_CH32V20x_EVT/EXAM/BLE/LIB/wchble_rom.hex	0x00059f9c	8	known-prefix	bfa7
2	tmp/wch-evt/evt/QingkeV4C_CH32V20x_EVT/EXAM/BLE/LIB/wchble_rom.hex	0x00059fba	8	known-prefix	bfae
2	tmp/wch-evt/evt/QingkeV4C_CH32V20x_EVT/EXAM/BLE/LIB/wchble_rom.hex	0x00059fc2	8	known-prefix	bf9c
2	tmp/wch-evt/evt/QingkeV4C_CH32V20x_EVT/EXAM/BLE/LIB/wchble_rom.hex	0x0005a026	16	known-prefix	7fb6
2	tmp/wch-evt/evt/QingkeV4C_CH32V20x_EVT/EXAM/BLE/LIB/wchble_rom.hex	0x0005a156	22	known-prefix	7fee
2	tmp/wch-evt/evt/QingkeV4C_CH32V20x_EVT/EXAM/BLE/LIB/wchble_rom.hex	0x0005b17e	6	known-prefix	9fe0
2	tmp/wch-evt/evt/QingkeV4C_CH32V20x_EVT/EXAM/BLE/LIB/wchble_rom.hex	0x0005c370	16	known-prefix	ffb4
2	tmp/wch-evt/evt/QingkeV4C_CH32V20x_EVT/EXAM/BLE/LIB/wchble_rom.hex	0x0005c3ec	8	known-prefix	3fad
2	tmp/wch-evt/evt/QingkeV4C_CH32V20x_EVT/EXAM/BLE/LIB/wchble_rom.hex	0x0005c3fe	6	known-prefix	1fac
2	tmp/wch-evt/evt/QingkeV4C_CH32V20x_EVT/EXAM/BLE/LIB/wchble_rom.hex	0x0005c8b4	6	known-prefix	1f85
2	tmp/wch-evt/evt/QingkeV4C_CH32V20x_EVT/EXAM/BLE/LIB/wchble_rom.hex	0x0005ca14	6	known-prefix	9ff7
2	tmp/wch-evt/evt/QingkeV4C_CH32V20x_EVT/EXAM/BLE/LIB/wchble_rom.hex	0x0005ce38	8	known-prefix	3fb4
2	tmp/wch-evt/evt/QingkeV4C_CH32V20x_EVT/EXAM/BLE/LIB/wchble_rom.hex	0x0005d122	6	known-prefix	9fd0
2	tmp/wch-evt/evt/QingkeV4C_CH32V20x_EVT/EXAM/BLE/LIB/wchble_rom.hex	0x0005dbb6	20	known-prefix	7fdd
2	tmp/wch-evt/evt/QingkeV4C_CH32V20x_EVT/EXAM/BLE/LIB/wchble_rom.hex	0x0005dbc6	6	known-prefix	dffe
2	tmp/wch-evt/evt/QingkeV4C_CH32V20x_EVT/EXAM/BLE/LIB/wchble_rom.hex	0x0005dbce	20	known-prefix	ffdb
2	tmp/wch-evt/evt/QingkeV4C_CH32V20x_EVT/EXAM/BLE/LIB/wchble_rom.hex	0x0005dbfc	6	known-prefix	1fd9
2	tmp/wch-evt/evt/QingkeV4C_CH32V20x_EVT/EXAM/BLE/LIB/wchble_rom.hex	0x0005dc84	6	known-prefix	9fd0
2	tmp/wch-evt/evt/QingkeV4C_CH32V20x_EVT/EXAM/BLE/LIB/wchble_rom.hex	0x0005dd6c	6	known-prefix	1fc2
2	tmp/wch-evt/evt/QingkeV4C_CH32V20x_EVT/EXAM/BLE/LIB/wchble_rom.hex	0x0005dedc	6	known-prefix	1fab
2	tmp/wch-evt/evt/QingkeV4C_CH32V20x_EVT/EXAM/BLE/LIB/wchble_rom.hex	0x0005df3e	14	known-prefix	ffa4
2	tmp/wch-evt/evt/QingkeV4C_CH32V20x_EVT/EXAM/BLE/LIB/wchble_rom.hex	0x0005dfb4	6	known-prefix	9f9d
2	tmp/wch-evt/evt/QingkeV4C_CH32V20x_EVT/EXAM/BLE/LIB/wchble_rom.hex	0x0005e016	12	known-prefix	7f97
2	tmp/wch-evt/evt/QingkeV4C_CH32V20x_EVT/EXAM/BLE/LIB/wchble_rom.hex	0x0005e06e	12	known-prefix	ff91
2	tmp/wch-evt/evt/QingkeV4C_CH32V20x_EVT/EXAM/BLE/LIB/wchble_rom.hex	0x0005e138	6	known-prefix	5f85
2	tmp/wch-evt/evt/QingkeV4C_CH32V20x_EVT/EXAM/BLE/LIB/wchble_rom.hex	0x0005e174	6	known-prefix	9f81
2	tmp/wch-evt/evt/QingkeV4C_CH32V20x_EVT/EXAM/BLE/LIB/wchble_rom.hex	0x0005e26e	unknown	reserved-ge-192	7ff6
2	tmp/wch-evt/evt/QingkeV4C_CH32V20x_EVT/EXAM/BLE/LIB/wchble_rom.hex	0x0005e5a4	unknown	reserved-ge-192	fff4
2	tmp/wch-evt/evt/QingkeV4C_CH32V20x_EVT/EXAM/BLE/LIB/wchble_rom.hex	0x0005e6ac	unknown	reserved-ge-192	7ff9
2	tmp/wch-evt/evt/QingkeV4C_CH32V20x_EVT/EXAM/BLE/LIB/wchble_rom.hex	0x0005e78c	22	known-prefix	7feb
2	tmp/wch-evt/evt/QingkeV4C_CH32V20x_EVT/EXAM/BLE/LIB/wchble_rom.hex	0x0005ef34	22	known-prefix	ffea
2	tmp/wch-evt/evt/QingkeV4C_CH32V20x_EVT/EXAM/BLE/LIB/wchble_rom.hex	0x0005ef5a	6	known-prefix	dfc5
2	tmp/wch-evt/evt/QingkeV4C_CH32V20x_EVT/EXAM/BLE/LIB/wchble_rom.hex	0x0005f29c	6	known-prefix	9fce
2	tmp/wch-evt/evt/QingkeV4C_CH32V20x_EVT/EXAM/BLE/LIB/wchble_rom.hex	0x0005fa76	6	known-prefix	dfa7
2	tmp/wch-evt/evt/QingkeV4C_CH32V20x_EVT/EXAM/BLE/LIB/wchble_rom.hex	0x0005fbf2	6	known-prefix	5ffc
2	tmp/wch-evt/evt/QingkeV4C_CH32V20x_EVT/EXAM/BLE/LIB/wchble_rom.hex	0x0005fd80	8	known-prefix	bff1
2	tmp/wch-evt/evt/QingkeV4C_CH32V20x_EVT/EXAM/BLE/LIB/wchble_rom.hex	0x0005ffda	6	known-prefix	dfbd
2	tmp/wch-evt/evt/QingkeV4C_CH32V20x_EVT/EXAM/BLE/LIB/wchble_rom.hex	0x0005ffe8	6	known-prefix	5fa5
2	tmp/wch-evt/evt/QingkeV4C_CH32V20x_EVT/EXAM/BLE/LIB/wchble_rom.hex	0x0005fff4	8	known-prefix	3fb9
2	tmp/wch-evt/evt/QingkeV4C_CH32V20x_EVT/EXAM/BLE/LIB/wchble_rom.hex	0x000600be	6	known-prefix	dfbd
2	tmp/wch-evt/evt/QingkeV4C_CH32V20x_EVT/EXAM/BLE/LIB/wchble_rom.hex	0x000601c4	6	known-prefix	9f87
2	tmp/wch-evt/evt/QingkeV4C_CH32V20x_EVT/EXAM/BLE/LIB/wchble_rom.hex	0x000601d2	6	known-prefix	5f9b
2	tmp/wch-evt/evt/QingkeV4C_CH32V20x_EVT/EXAM/BLE/LIB/wchble_rom.hex	0x00060208	12	known-prefix	ff9a
2	tmp/wch-evt/evt/QingkeV4C_CH32V20x_EVT/EXAM/BLE/LIB/wchble_rom.hex	0x00060210	8	known-prefix	3fce
2	tmp/wch-evt/evt/QingkeV4C_CH32V20x_EVT/EXAM/BLE/LIB/wchble_rom.hex	0x000602c6	6	known-prefix	1f8f
2	tmp/wch-evt/evt/QingkeV4C_CH32V20x_EVT/EXAM/BLE/LIB/wchble_rom.hex	0x00060580	20	known-prefix	7fd7
2	tmp/wch-evt/evt/QingkeV4C_CH32V20x_EVT/EXAM/BLE/LIB/wchble_rom.hex	0x0006058e	6	known-prefix	1f80
2	tmp/wch-evt/evt/QingkeV4C_CH32V20x_EVT/EXAM/BLE/LIB/wchble_rom.hex	0x000605fc	8	known-prefix	bfcf
2	tmp/wch-evt/evt/QingkeV4C_CH32V20x_EVT/EXAM/BLE/LIB/wchble_rom.hex	0x00060698	8	known-prefix	3fba
2	tmp/wch-evt/evt/QingkeV4C_CH32V20x_EVT/EXAM/BLE/LIB/wchble_rom.hex	0x000606cc	8	known-prefix	bfc2
2	tmp/wch-evt/evt/QingkeV4C_CH32V20x_EVT/EXAM/BLE/LIB/wchble_rom.hex	0x000607a0	14	known-prefix	ffa1
2	tmp/wch-evt/evt/QingkeV4C_CH32V20x_EVT/EXAM/BLE/LIB/wchble_rom.hex	0x000607ea	16	known-prefix	7fb3
2	tmp/wch-evt/evt/QingkeV4C_CH32V20x_EVT/EXAM/BLE/LIB/wchble_rom.hex	0x000607f4	8	known-prefix	bf9c
2	tmp/wch-evt/evt/QingkeV4C_CH32V20x_EVT/EXAM/BLE/LIB/wchble_rom.hex	0x00060936	6	known-prefix	dfbb
2	tmp/wch-evt/evt/QingkeV4C_CH32V20x_EVT/EXAM/BLE/LIB/wchble_rom.hex	0x0006093e	8	known-prefix	3ff0
2	tmp/wch-evt/evt/QingkeV4C_CH32V20x_EVT/EXAM/BLE/LIB/wchble_rom.hex	0x0006095c	8	known-prefix	3fd8
2	tmp/wch-evt/evt/QingkeV4C_CH32V20x_EVT/EXAM/BLE/LIB/wchble_rom.hex	0x0006099a	8	known-prefix	3fff
2	tmp/wch-evt/evt/QingkeV4C_CH32V20x_EVT/EXAM/BLE/LIB/wchble_rom.hex	0x00060c04	6	known-prefix	5fc5
2	tmp/wch-evt/evt/QingkeV4C_CH32V20x_EVT/EXAM/BLE/LIB/wchble_rom.hex	0x00060c72	6	known-prefix	1fcf
2	tmp/wch-evt/evt/QingkeV4C_CH32V20x_EVT/EXAM/BLE/LIB/wchble_rom.hex	0x00060d24	8	known-prefix	bfc2
2	tmp/wch-evt/evt/QingkeV4C_CH32V20x_EVT/EXAM/BLE/LIB/wchble_rom.hex	0x00060d38	8	known-prefix	bfd3
2	tmp/wch-evt/evt/QingkeV4C_CH32V20x_EVT/EXAM/BLE/LIB/wchble_rom.hex	0x00060da8	8	known-prefix	bf92
2	tmp/wch-evt/evt/QingkeV4C_CH32V20x_EVT/EXAM/BLE/LIB/wchble_rom.hex	0x00060dc0	6	known-prefix	9f93
2	tmp/wch-evt/evt/QingkeV4C_CH32V20x_EVT/EXAM/BLE/LIB/wchble_rom.hex	0x00060dd8	6	known-prefix	9f9f
2	tmp/wch-evt/evt/QingkeV4C_CH32V20x_EVT/EXAM/BLE/LIB/wchble_rom.hex	0x00060e0e	8	known-prefix	bfb8
2	tmp/wch-evt/evt/QingkeV4C_CH32V20x_EVT/EXAM/BLE/LIB/wchble_rom.hex	0x00060e28	8	known-prefix	bfbb
2	tmp/wch-evt/evt/QingkeV4C_CH32V20x_EVT/EXAM/BLE/LIB/wchble_rom.hex	0x00060e56	22	known-prefix	7feb
2	tmp/wch-evt/evt/QingkeV4C_CH32V20x_EVT/EXAM/BLE/LIB/wchble_rom.hex	0x00060ea2	6	known-prefix	5fc5
2	tmp/wch-evt/evt/QingkeV4C_CH32V20x_EVT/EXAM/BLE/LIB/wchble_rom.hex	0x00060ed4	8	known-prefix	bf88
2	tmp/wch-evt/evt/QingkeV4C_CH32V20x_EVT/EXAM/BLE/LIB/wchble_rom.hex	0x00060eee	6	known-prefix	5ffa
2	tmp/wch-evt/evt/QingkeV4C_CH32V20x_EVT/EXAM/BLE/LIB/wchble_rom.hex	0x00060f7a	6	known-prefix	9f9e
2	tmp/wch-evt/evt/QingkeV4C_CH32V20x_EVT/EXAM/BLE/LIB/wchble_rom.hex	0x00060fe2	6	known-prefix	1f98
2	tmp/wch-evt/evt/QingkeV4C_CH32V20x_EVT/EXAM/BLE/LIB/wchble_rom.hex	0x00061038	8	known-prefix	bfa3
2	tmp/wch-evt/evt/QingkeV4C_CH32V20x_EVT/EXAM/BLE/LIB/wchble_rom.hex	0x00061058	8	known-prefix	bf90
2	tmp/wch-evt/evt/QingkeV4C_CH32V20x_EVT/EXAM/BLE/LIB/wchble_rom.hex	0x0006106a	6	known-prefix	9f8f
2	tmp/wch-evt/evt/QingkeV4C_CH32V20x_EVT/EXAM/BLE/LIB/wchble_rom.hex	0x00061092	6	known-prefix	1f8d
2	tmp/wch-evt/evt/QingkeV4C_CH32V20x_EVT/EXAM/BLE/LIB/wchble_rom.hex	0x000611fa	6	known-prefix	5fec
2	tmp/wch-evt/evt/QingkeV4C_CH32V20x_EVT/EXAM/BLE/LIB/wchble_rom.hex	0x00061288	8	known-prefix	3f99
2	tmp/wch-evt/evt/QingkeV4C_CH32V20x_EVT/EXAM/BLE/LIB/wchble_rom.hex	0x000616c0	6	known-prefix	5fb3
2	tmp/wch-evt/evt/QingkeV4C_CH32V20x_EVT/EXAM/BLE/LIB/wchble_rom.hex	0x00061716	8	known-prefix	3fb2
2	tmp/wch-evt/evt/QingkeV4C_CH32V20x_EVT/EXAM/BLE/LIB/wchble_rom.hex	0x00061854	8	known-prefix	3f9c
2	tmp/wch-evt/evt/QingkeV4C_CH32V20x_EVT/EXAM/BLE/LIB/wchble_rom.hex	0x00061860	6	known-prefix	9f96
2	tmp/wch-evt/evt/QingkeV4C_CH32V20x_EVT/EXAM/BLE/LIB/wchble_rom.hex	0x00061894	6	known-prefix	5f9f
2	tmp/wch-evt/evt/QingkeV4C_CH32V20x_EVT/EXAM/BLE/LIB/wchble_rom.hex	0x000618c6	8	known-prefix	3fac
2	tmp/wch-evt/evt/QingkeV4C_CH32V20x_EVT/EXAM/BLE/LIB/wchble_rom.hex	0x00061a9c	6	known-prefix	5fe6
2	tmp/wch-evt/evt/QingkeV4C_CH32V20x_EVT/EXAM/BLE/LIB/wchble_rom.hex	0x00061bd2	22	known-prefix	7fe6
2	tmp/wch-evt/evt/QingkeV4C_CH32V20x_EVT/EXAM/BLE/LIB/wchble_rom.hex	0x00061c72	6	known-prefix	1f88
2	tmp/wch-evt/evt/QingkeV4C_CH32V20x_EVT/EXAM/BLE/LIB/wchble_rom.hex	0x00061f70	6	known-prefix	dfee
2	tmp/wch-evt/evt/QingkeV4C_CH32V20x_EVT/EXAM/BLE/LIB/wchble_rom.hex	0x00062332	8	known-prefix	3f95
2	tmp/wch-evt/evt/QingkeV4C_CH32V20x_EVT/EXAM/BLE/LIB/wchble_rom.hex	0x0006250e	6	known-prefix	5ffe
2	tmp/wch-evt/evt/QingkeV4C_CH32V20x_EVT/EXAM/BLE/LIB/wchble_rom.hex	0x00062526	6	known-prefix	dffc
2	tmp/wch-evt/evt/QingkeV4C_CH32V20x_EVT/EXAM/BLE/LIB/wchble_rom.hex	0x0006284a	6	known-prefix	dfb6
2	tmp/wch-evt/evt/QingkeV4C_CH32V20x_EVT/EXAM/BLE/LIB/wchble_rom.hex	0x00062986	6	known-prefix	dfb6
2	tmp/wch-evt/evt/QingkeV4C_CH32V20x_EVT/EXAM/BLE/LIB/wchble_rom.hex	0x00062bd2	8	known-prefix	bf95
2	tmp/wch-evt/evt/QingkeV4C_CH32V20x_EVT/EXAM/BLE/LIB/wchble_rom.hex	0x00062cde	6	known-prefix	5f81
2	tmp/wch-evt/evt/QingkeV4C_CH32V20x_EVT/EXAM/BLE/LIB/wchble_rom.hex	0x00062ea6	8	known-prefix	bf9a
2	tmp/wch-evt/evt/QingkeV4C_CH32V20x_EVT/EXAM/BLE/LIB/wchble_rom.hex	0x00062fe4	unknown	reserved-ge-192	7ffe
2	tmp/wch-evt/evt/QingkeV4C_CH32V20x_EVT/EXAM/BLE/LIB/wchble_rom.hex	0x000632c6	6	known-prefix	5f95
2	tmp/wch-evt/evt/QingkeV4C_CH32V20x_EVT/EXAM/BLE/LIB/wchble_rom.hex	0x0006342c	14	known-prefix	ffa7
2	tmp/wch-evt/evt/QingkeV4C_CH32V20x_EVT/EXAM/BLE/LIB/wchble_rom.hex	0x000639b8	8	known-prefix	bfe4
2	tmp/wch-evt/evt/QingkeV4C_CH32V20x_EVT/EXAM/BLE/LIB/wchble_rom.hex	0x00063dc0	8	known-prefix	3f00
2	tmp/wch-evt/evt/QingkeV4C_CH32V20x_EVT/EXAM/BLE/LIB/wchble_rom.hex	0x00063e1a	8	known-prefix	3f00
2	tmp/wch-evt/evt/QingkeV4C_CH32V20x_EVT/EXAM/BLE/LIB/wchble_rom.hex	0x00063f32	unknown	reserved-ge-192	fffb
2	tmp/wch-evt/evt/QingkeV4C_CH32V20x_EVT/EXAM/BLE/LIB/wchble_rom.hex	0x0006403e	unknown	reserved-ge-192	7ff0
2	tmp/wch-evt/evt/QingkeV4C_CH32V20x_EVT/EXAM/BLE/LIB/wchble_rom.hex	0x0006409c	8	known-prefix	bff2
2	tmp/wch-evt/evt/QingkeV4C_CH32V20x_EVT/EXAM/BLE/LIB/wchble_rom.hex	0x000642e4	8	known-prefix	3fce
2	tmp/wch-evt/evt/QingkeV4C_CH32V20x_EVT/EXAM/BLE/LIB/wchble_rom.hex	0x000643f6	22	known-prefix	7fea
2	tmp/wch-evt/evt/QingkeV4C_CH32V20x_EVT/EXAM/BLE/LIB/wchble_rom.hex	0x00064502	8	known-prefix	3fa4
2	tmp/wch-evt/evt/QingkeV4C_CH32V20x_EVT/EXAM/BLE/LIB/wchble_rom.hex	0x00064522	6	known-prefix	5ffd
2	tmp/wch-evt/evt/QingkeV4C_CH32V20x_EVT/EXAM/BLE/LIB/wchble_rom.hex	0x0006454c	8	known-prefix	bffa
2	tmp/wch-evt/evt/QingkeV4C_CH32V20x_EVT/EXAM/BLE/LIB/wchble_rom.hex	0x00064696	6	known-prefix	1fe6
2	tmp/wch-evt/evt/QingkeV4C_CH32V20x_EVT/EXAM/BLE/LIB/wchble_rom.hex	0x000646de	6	known-prefix	9fe1
2	tmp/wch-evt/evt/QingkeV4C_CH32V20x_EVT/EXAM/BLE/LIB/wchble_rom.hex	0x0006476a	6	known-prefix	dfd8
2	tmp/wch-evt/evt/QingkeV4C_CH32V20x_EVT/EXAM/BLE/LIB/wchble_rom.hex	0x000647be	6	known-prefix	9fc7
2	tmp/wch-evt/evt/QingkeV4C_CH32V20x_EVT/EXAM/BLE/LIB/wchble_rom.hex	0x000648f6	6	known-prefix	1fb4
2	tmp/wch-evt/evt/QingkeV4C_CH32V20x_EVT/EXAM/BLE/LIB/wchble_rom.hex	0x00064af4	unknown	reserved-ge-192	fff5
2	tmp/wch-evt/evt/QingkeV4C_CH32V20x_EVT/EXAM/BLE/LIB/wchble_rom.hex	0x00064b3e	8	known-prefix	3fd4
2	tmp/wch-evt/evt/QingkeV4C_CH32V20x_EVT/EXAM/BLE/LIB/wchble_rom.hex	0x00064f66	6	known-prefix	5fc9
2	tmp/wch-evt/evt/QingkeV4C_CH32V20x_EVT/EXAM/BLE/LIB/wchble_rom.hex	0x00065176	8	known-prefix	bfbc
2	tmp/wch-evt/evt/QingkeV4C_CH32V20x_EVT/EXAM/BLE/LIB/wchble_rom.hex	0x0006538a	18	known-prefix	7fc6
2	tmp/wch-evt/evt/QingkeV4C_CH32V20x_EVT/EXAM/BLE/LIB/wchble_rom.hex	0x00065632	8	known-prefix	3f91
2	tmp/wch-evt/evt/QingkeV4C_CH32V20x_EVT/EXAM/BLE/LIB/wchble_rom.hex	0x0006565a	12	known-prefix	7f99
2	tmp/wch-evt/evt/QingkeV4C_CH32V20x_EVT/EXAM/BLE/LIB/wchble_rom.hex	0x000656ce	6	known-prefix	9fe2
2	tmp/wch-evt/evt/QingkeV4C_CH32V20x_EVT/EXAM/BLE/LIB/wchble_rom.hex	0x00065724	8	known-prefix	3fdd
2	tmp/wch-evt/evt/QingkeV4C_CH32V20x_EVT/EXAM/BLE/LIB/wchble_rom.hex	0x0006578a	10	known-prefix	7f86
2	tmp/wch-evt/evt/QingkeV4C_CH32V20x_EVT/EXAM/BLE/LIB/wchble_rom.hex	0x00065854	unknown	reserved-ge-192	fff5
2	tmp/wch-evt/evt/QingkeV4C_CH32V20x_EVT/EXAM/BLE/LIB/wchble_rom.hex	0x00065940	6	known-prefix	1ff4
2	tmp/wch-evt/evt/QingkeV4C_CH32V20x_EVT/EXAM/BLE/LIB/wchble_rom.hex	0x00065976	6	known-prefix	1fed
2	tmp/wch-evt/evt/QingkeV4C_CH32V20x_EVT/EXAM/BLE/LIB/wchble_rom.hex	0x000659b0	16	known-prefix	7fb4
2	tmp/wch-evt/evt/QingkeV4C_CH32V20x_EVT/EXAM/BLE/LIB/wchble_rom.hex	0x000659c2	6	known-prefix	5fb3
2	tmp/wch-evt/evt/QingkeV4C_CH32V20x_EVT/EXAM/BLE/LIB/wchble_rom.hex	0x00065aa8	6	known-prefix	dfe1
2	tmp/wch-evt/evt/QingkeV4C_CH32V20x_EVT/EXAM/BLE/LIB/wchble_rom.hex	0x00065ac6	6	known-prefix	1fd8
2	tmp/wch-evt/evt/QingkeV4C_CH32V20x_EVT/EXAM/BLE/LIB/wchble_rom.hex	0x00065bf6	6	known-prefix	dfe5
2	tmp/wch-evt/evt/QingkeV4C_CH32V20x_EVT/EXAM/BLE/LIB/wchble_rom.hex	0x00065c48	6	known-prefix	dfb4
2	tmp/wch-evt/evt/QingkeV4C_CH32V20x_EVT/EXAM/BLE/LIB/wchble_rom.hex	0x00065cd8	8	known-prefix	3ff2
2	tmp/wch-evt/evt/QingkeV4C_CH32V20x_EVT/EXAM/BLE/LIB/wchble_rom.hex	0x00065d78	8	known-prefix	bfa3
2	tmp/wch-evt/evt/QingkeV4C_CH32V20x_EVT/EXAM/BLE/LIB/wchble_rom.hex	0x00065e22	8	known-prefix	3f97
2	tmp/wch-evt/evt/QingkeV4C_CH32V20x_EVT/EXAM/BLE/LIB/wchble_rom.hex	0x00065e3c	12	known-prefix	7f97
2	tmp/wch-evt/evt/QingkeV4C_CH32V20x_EVT/EXAM/BLE/LIB/wchble_rom.hex	0x00065e66	6	known-prefix	5fdb
2	tmp/wch-evt/evt/QingkeV4C_CH32V20x_EVT/EXAM/BLE/LIB/wchble_rom.hex	0x00065ec2	8	known-prefix	3f8d
2	tmp/wch-evt/evt/QingkeV4C_CH32V20x_EVT/EXAM/BLE/LIB/wchble_rom.hex	0x00065f0e	8	known-prefix	3fe3
2	tmp/wch-evt/evt/QingkeV4C_CH32V20x_EVT/EXAM/BLE/LIB/wchble_rom.hex	0x00065f84	18	known-prefix	7fc7
2	tmp/wch-evt/evt/QingkeV4C_CH32V20x_EVT/EXAM/BLE/LIB/wchble_rom.hex	0x00066066	22	known-prefix	ffed
2	tmp/wch-evt/evt/QingkeV4C_CH32V20x_EVT/EXAM/BLE/LIB/wchble_rom.hex	0x00066212	unknown	reserved-ge-192	7ffc
2	tmp/wch-evt/evt/QingkeV4C_CH32V20x_EVT/EXAM/BLE/LIB/wchble_rom.hex	0x00067218	6	known-prefix	df02
2	tmp/wch-evt/evt/QingkeV4C_CH32V20x_EVT/EXAM/BLE/LIB/wchble_rom.hex	0x00067220	10	known-prefix	ff00
2	tmp/wch-evt/evt/QingkeV4C_CH32V20x_EVT/EXAM/BLE/LIB/wchble_rom.hex	0x00067252	6	known-prefix	df02
2	tmp/wch-evt/evt/QingkeV4C_CH32V20x_EVT/EXAM/BLE/LIB/wchble_rom.hex	0x0006725a	10	known-prefix	ff00
2	tmp/wch-evt/evt/QingkeV4C_CH32V20x_EVT/EXAM/BLE/LIB/wchble_rom.hex	0x00067d4a	8	known-prefix	bfeb
2	tmp/wch-evt/evt/QingkeV4C_CH32V20x_EVT/EXAM/BLE/LIB/wchble_rom.hex	0x00067dee	6	known-prefix	1fd8
2	tmp/wch-evt/evt/QingkeV4C_CH32V20x_EVT/EXAM/BLE/LIB/wchble_rom.hex	0x00067e32	8	known-prefix	3fd8
2	tmp/wch-evt/evt/QingkeV4C_CH32V20x_EVT/EXAM/BLE/LIB/wchble_rom.hex	0x00068256	20	known-prefix	ffd6
2	tmp/wch-evt/evt/QingkeV4C_CH32V20x_EVT/EXAM/BLE/LIB/wchble_rom.hex	0x00068b54	6	known-prefix	dfb5
2	tmp/wch-evt/evt/QingkeV4C_CH32V20x_EVT/EXAM/BLE/LIB/wchble_rom.hex	0x00068b9a	6	known-prefix	9fc5
2	tmp/wch-evt/evt/QingkeV4C_CH32V20x_EVT/EXAM/BLE/LIB/wchble_rom.hex	0x00068edc	8	known-prefix	bfbd
2	tmp/wch-evt/evt/QingkeV4C_CH32V20x_EVT/EXAM/BLE/LIB/wchble_rom.hex	0x00068ee4	16	known-prefix	ffb6
2	tmp/wch-evt/evt/QingkeV4C_CH32V20x_EVT/EXAM/BLE/LIB/wchble_rom.hex	0x000698aa	8	known-prefix	bf91
2	tmp/wch-evt/evt/QingkeV4C_CH32V20x_EVT/EXAM/BLE/LIB/wchble_rom.hex	0x00069ada	20	known-prefix	7fd6
2	tmp/wch-evt/evt/QingkeV4C_CH32V20x_EVT/EXAM/BLE/LIB/wchble_rom.hex	0x0006a124	6	known-prefix	5f93
2	tmp/wch-evt/evt/QingkeV4C_CH32V20x_EVT/EXAM/BLE/LIB/wchble_rom.hex	0x0006a756	14	known-prefix	ffa6
2	tmp/wch-evt/evt/QingkeV4C_CH32V20x_EVT/EXAM/BLE/LIB/wchble_rom.hex	0x0006b0b4	6	known-prefix	1ff8
2	tmp/wch-evt/evt/QingkeV4C_CH32V20x_EVT/EXAM/BLE/LIB/wchble_rom.hex	0x0006b228	unknown	reserved-ge-192	fff9
2	tmp/wch-evt/evt/QingkeV4C_CH32V20x_EVT/EXAM/BLE/LIB/wchble_rom.hex	0x0006b34a	22	known-prefix	ffea
2	tmp/wch-evt/evt/QingkeV4C_CH32V20x_EVT/EXAM/BLE/LIB/wchble_rom.hex	0x0006b448	20	known-prefix	7fd2
2	tmp/wch-evt/evt/QingkeV4C_CH32V20x_EVT/EXAM/BLE/LIB/wchble_rom.hex	0x0006b490	18	known-prefix	ffcd
2	tmp/wch-evt/evt/QingkeV4C_CH32V20x_EVT/EXAM/BLE/LIB/wchble_rom.hex	0x0006b49e	22	known-prefix	7feb
2	tmp/wch-evt/evt/QingkeV4C_CH32V20x_EVT/EXAM/BLE/LIB/wchble_rom.hex	0x0006b4ac	unknown	reserved-ge-192	fff0
2	tmp/wch-evt/evt/QingkeV4C_CH32V20x_EVT/EXAM/BLE/LIB/wchble_rom.hex	0x0006b4c0	6	known-prefix	5ff8
2	tmp/wch-evt/evt/QingkeV4C_CH32V20x_EVT/EXAM/BLE/LIB/wchble_rom.hex	0x0006b770	8	known-prefix	3ff8
2	tmp/wch-evt/evt/QingkeV4C_CH32V20x_EVT/EXAM/BLE/LIB/wchble_rom.hex	0x0006b8fe	14	known-prefix	7fa5
2	tmp/wch-evt/evt/QingkeV4C_CH32V20x_EVT/EXAM/BLE/LIB/wchble_rom.hex	0x0006b90c	14	known-prefix	ffaa
2	tmp/wch-evt/evt/QingkeV4C_CH32V20x_EVT/EXAM/BLE/LIB/wchble_rom.hex	0x0006b910	6	known-prefix	5fb3
2	tmp/wch-evt/evt/QingkeV4C_CH32V20x_EVT/EXAM/BLE/LIB/wchble_rom.hex	0x0006c100	10	known-prefix	7f81
2	tmp/wch-evt/evt/QingkeV4C_CH32V20x_EVT/EXAM/BLE/LIB/wchble_rom.hex	0x0006c142	6	known-prefix	1fee
2	tmp/wch-evt/evt/QingkeV4C_CH32V20x_EVT/EXAM/BLE/LIB/wchble_rom.hex	0x0006c154	unknown	reserved-ge-192	7fff
2	tmp/wch-evt/evt/QingkeV4C_CH32V20x_EVT/EXAM/BLE/LIB/wchble_rom.hex	0x0006c1c0	8	known-prefix	3fe6
2	tmp/wch-evt/evt/QingkeV4C_CH32V20x_EVT/EXAM/BLE/LIB/wchble_rom.hex	0x0006c258	8	known-prefix	bfdc
2	tmp/wch-evt/evt/QingkeV4C_CH32V20x_EVT/EXAM/BLE/LIB/wchble_rom.hex	0x0006c39e	6	known-prefix	5fc8
2	tmp/wch-evt/evt/QingkeV4C_CH32V20x_EVT/EXAM/BLE/LIB/wchble_rom.hex	0x0006c3b0	8	known-prefix	bfd9
2	tmp/wch-evt/evt/QingkeV4C_CH32V20x_EVT/EXAM/BLE/LIB/wchble_rom.hex	0x0006c44a	18	known-prefix	ffcd
2	tmp/wch-evt/evt/QingkeV4C_CH32V20x_EVT/EXAM/BLE/LIB/wchble_rom.hex	0x0006c492	6	known-prefix	5fed
2	tmp/wch-evt/evt/QingkeV4C_CH32V20x_EVT/EXAM/BLE/LIB/wchble_rom.hex	0x0006c506	unknown	reserved-ge-192	7ff6
2	tmp/wch-evt/evt/QingkeV4C_CH32V20x_EVT/EXAM/BLE/LIB/wchble_rom.hex	0x0006c7ac	16	known-prefix	7fb7
2	tmp/wch-evt/evt/QingkeV4C_CH32V20x_EVT/EXAM/BLE/LIB/wchble_rom.hex	0x0006c7b4	6	known-prefix	9fcb
2	tmp/wch-evt/evt/QingkeV4C_CH32V20x_EVT/EXAM/BLE/LIB/wchble_rom.hex	0x0006c7e2	6	known-prefix	1f84
2	tmp/wch-evt/evt/QingkeV4C_CH32V20x_EVT/EXAM/BLE/LIB/wchble_rom.hex	0x0006c800	6	known-prefix	9f9f
2	tmp/wch-evt/evt/QingkeV4C_CH32V20x_EVT/EXAM/BLE/LIB/wchble_rom.hex	0x0006c88a	6	known-prefix	1fc8
2	tmp/wch-evt/evt/QingkeV4C_CH32V20x_EVT/EXAM/BLE/LIB/wchble_rom.hex	0x0006c8f8	8	known-prefix	3fc1
2	tmp/wch-evt/evt/QingkeV4C_CH32V20x_EVT/EXAM/BLE/LIB/wchble_rom.hex	0x0006c9c8	6	known-prefix	5faa
2	tmp/wch-evt/evt/QingkeV4C_CH32V20x_EVT/EXAM/BLE/LIB/wchble_rom.hex	0x0006c9ec	6	known-prefix	1fa8
2	tmp/wch-evt/evt/QingkeV4C_CH32V20x_EVT/EXAM/BLE/LIB/wchble_rom.hex	0x0006ccb0	6	known-prefix	5fa9
2	tmp/wch-evt/evt/QingkeV4C_CH32V20x_EVT/EXAM/BLE/LIB/wchble_rom.hex	0x0006ccfa	18	known-prefix	7fc6
2	tmp/wch-evt/evt/QingkeV4C_CH32V20x_EVT/EXAM/BLE/LIB/wchble_rom.hex	0x0006cd08	6	known-prefix	9fc5
2	tmp/wch-evt/evt/QingkeV4C_CH32V20x_EVT/EXAM/BLE/LIB/wchble_rom.hex	0x0006cd44	8	known-prefix	3f85
2	tmp/wch-evt/evt/QingkeV4C_CH32V20x_EVT/EXAM/BLE/LIB/wchble_rom.hex	0x0006cd56	10	known-prefix	ff86
2	tmp/wch-evt/evt/QingkeV4C_CH32V20x_EVT/EXAM/BLE/LIB/wchble_rom.hex	0x0006ce9e	6	known-prefix	5fcb
2	tmp/wch-evt/evt/QingkeV4C_CH32V20x_EVT/EXAM/BLE/LIB/wchble_rom.hex	0x0006cefc	6	known-prefix	9f84
2	tmp/wch-evt/evt/QingkeV4C_CH32V20x_EVT/EXAM/BLE/LIB/wchble_rom.hex	0x0006cf74	6	known-prefix	df9e
2	tmp/wch-evt/evt/QingkeV4C_CH32V20x_EVT/EXAM/BLE/LIB/wchble_rom.hex	0x0006cf82	12	known-prefix	ff9d
2	tmp/wch-evt/evt/QingkeV4C_CH32V20x_EVT/EXAM/BLE/LIB/wchble_rom.hex	0x0006d340	8	known-prefix	3f81
2	tmp/wch-evt/evt/QingkeV4C_CH32V20x_EVT/EXAM/BLE/LIB/wchble_rom.hex	0x0006d454	18	known-prefix	ffcc
2	tmp/wch-evt/evt/QingkeV4C_CH32V20x_EVT/EXAM/BLE/LIB/wchble_rom.hex	0x0006d48c	unknown	reserved-ge-192	7ff7
2	tmp/wch-evt/evt/QingkeV4C_CH32V20x_EVT/EXAM/BLE/LIB/wchble_rom.hex	0x0006d4b2	6	known-prefix	1ff5
2	tmp/wch-evt/evt/QingkeV4C_CH32V20x_EVT/EXAM/BLE/LIB/wchble_rom.hex	0x0006d706	16	known-prefix	7fba
2	tmp/wch-evt/evt/QingkeV4C_CH32V20x_EVT/EXAM/BLE/LIB/wchble_rom.hex	0x0006de20	6	known-prefix	df95
2	tmp/wch-evt/evt/QingkeV4C_CH32V20x_EVT/EXAM/BLE/LIB/wchble_rom.hex	0x0006de24	6	known-prefix	df88
2	tmp/wch-evt/evt/QingkeV4C_CH32V20x_EVT/EXAM/BLE/LIB/wchble_rom.hex	0x0006de2c	16	known-prefix	7fb1
2	tmp/wch-evt/evt/QingkeV4C_CH32V20x_EVT/EXAM/BLE/LIB/wchble_rom.hex	0x0006df04	8	known-prefix	bfe2
2	tmp/wch-evt/evt/QingkeV4C_CH32V20x_EVT/EXAM/BLE/LIB/wchble_rom.hex	0x0006df0c	6	known-prefix	dfcf
2	tmp/wch-evt/evt/QingkeV4C_CH32V20x_EVT/EXAM/BLE/LIB/wchble_rom.hex	0x0006e0ac	8	known-prefix	3ff5
2	tmp/wch-evt/evt/QingkeV4C_CH32V20x_EVT/EXAM/BLE/LIB/wchble_rom.hex	0x0006e3fa	unknown	reserved-ge-192	ffff
2	tmp/wch-evt/evt/QingkeV4C_CH32V20x_EVT/EXAM/BLE/LIB/wchble_rom.hex	0x0006e6fa	10	known-prefix	ff00
2	tmp/wch-evt/evt/QingkeV4C_CH32V20x_EVT/EXAM/BLE/LIB/wchble_rom.hex	0x0006e898	6	known-prefix	5f42
2	tmp/wch-evt/evt/QingkeV4C_CH32V20x_EVT/EXAM/BLE/LIB/wchble_rom.hex	0x0006e89c	6	known-prefix	5f4c
2	tmp/wch-evt/evt/QingkeV4C_CH32V20x_EVT/EXAM/BLE/LIB/wchble_rom.hex	0x0006e8a0	6	known-prefix	5f56
2	tmp/wch-evt/evt/QingkeV4C_CH32V20x_EVT/EXAM/BLE/LIB/wchble_rom.hex	0x0006ec5c	unknown	truncated-or-gap	0328
2	tmp/wch-evt/evt/QingkeV4C_CH32V20x_EVT/EXAM/BLE/LIB/wchble_rom.hex	0x0006ec88	unknown	truncated-or-gap	032a
2	tmp/wch-evt/evt/QingkeV4C_CH32V20x_EVT/EXAM/BLE/LIB/wchble_rom.hex	0x0006ecbc	8	known-prefix	3f2f
2	tmp/wch-evt/evt/QingkeV4C_CH32V20x_EVT/EXAM/BLE/LIB/wchble_rom.hex	0x0006ed08	10	known-prefix	ff00
2	tmp/wch-evt/evt/QingkeV4C_CH32V20x_EVT/EXAM/BLE/LIB/wchble_rom.hex	0x0006ed16	unknown	truncated-or-gap	ff20
2	tmp/wch-evt/evt/QingkeV4C_CH32V20x_EVT/EXAM/BLE/MESH/MESH_LIB/wchble_rom_mesh.hex	0x0004ed8e	10	known-prefix	7f81
2	tmp/wch-evt/evt/QingkeV4C_CH32V20x_EVT/EXAM/BLE/MESH/MESH_LIB/wchble_rom_mesh.hex	0x0004fac4	6	known-prefix	1fbf
2	tmp/wch-evt/evt/QingkeV4C_CH32V20x_EVT/EXAM/BLE/MESH/MESH_LIB/wchble_rom_mesh.hex	0x0004fb88	6	known-prefix	dfb2
2	tmp/wch-evt/evt/QingkeV4C_CH32V20x_EVT/EXAM/BLE/MESH/MESH_LIB/wchble_rom_mesh.hex	0x00050720	6	known-prefix	1fcf
2	tmp/wch-evt/evt/QingkeV4C_CH32V20x_EVT/EXAM/BLE/MESH/MESH_LIB/wchble_rom_mesh.hex	0x0005072a	6	known-prefix	9fb2
2	tmp/wch-evt/evt/QingkeV4C_CH32V20x_EVT/EXAM/BLE/MESH/MESH_LIB/wchble_rom_mesh.hex	0x000525c0	8	known-prefix	bf8f
2	tmp/wch-evt/evt/QingkeV4C_CH32V20x_EVT/EXAM/BLE/MESH/MESH_LIB/wchble_rom_mesh.hex	0x0005261a	6	known-prefix	1f8a
2	tmp/wch-evt/evt/QingkeV4C_CH32V20x_EVT/EXAM/BLE/MESH/MESH_LIB/wchble_rom_mesh.hex	0x0005266c	10	known-prefix	ff84
2	tmp/wch-evt/evt/QingkeV4C_CH32V20x_EVT/EXAM/BLE/MESH/MESH_LIB/wchble_rom_mesh.hex	0x000526b6	6	known-prefix	5f80
2	tmp/wch-evt/evt/QingkeV4C_CH32V20x_EVT/EXAM/BLE/MESH/MESH_LIB/wchble_rom_mesh.hex	0x000529ea	6	known-prefix	dfe4
2	tmp/wch-evt/evt/QingkeV4C_CH32V20x_EVT/EXAM/BLE/MESH/MESH_LIB/wchble_rom_mesh.hex	0x00052a30	unknown	reserved-ge-192	7ffa
2	tmp/wch-evt/evt/QingkeV4C_CH32V20x_EVT/EXAM/BLE/MESH/MESH_LIB/wchble_rom_mesh.hex	0x00052d3a	22	known-prefix	ffe3
2	tmp/wch-evt/evt/QingkeV4C_CH32V20x_EVT/EXAM/BLE/MESH/MESH_LIB/wchble_rom_mesh.hex	0x00052f1c	8	known-prefix	bf91
2	tmp/wch-evt/evt/QingkeV4C_CH32V20x_EVT/EXAM/BLE/MESH/MESH_LIB/wchble_rom_mesh.hex	0x00052fb2	6	known-prefix	5f88
2	tmp/wch-evt/evt/QingkeV4C_CH32V20x_EVT/EXAM/BLE/MESH/MESH_LIB/wchble_rom_mesh.hex	0x000532ea	6	known-prefix	df93
2	tmp/wch-evt/evt/QingkeV4C_CH32V20x_EVT/EXAM/BLE/MESH/MESH_LIB/wchble_rom_mesh.hex	0x00053462	6	known-prefix	9f82
2	tmp/wch-evt/evt/QingkeV4C_CH32V20x_EVT/EXAM/BLE/MESH/MESH_LIB/wchble_rom_mesh.hex	0x0005384e	6	known-prefix	9ffe
2	tmp/wch-evt/evt/QingkeV4C_CH32V20x_EVT/EXAM/BLE/MESH/MESH_LIB/wchble_rom_mesh.hex	0x000538f6	6	known-prefix	1ff4
2	tmp/wch-evt/evt/QingkeV4C_CH32V20x_EVT/EXAM/BLE/MESH/MESH_LIB/wchble_rom_mesh.hex	0x00053a5a	6	known-prefix	dfdd
2	tmp/wch-evt/evt/QingkeV4C_CH32V20x_EVT/EXAM/BLE/MESH/MESH_LIB/wchble_rom_mesh.hex	0x00053af8	20	known-prefix	ffd5
2	tmp/wch-evt/evt/QingkeV4C_CH32V20x_EVT/EXAM/BLE/MESH/MESH_LIB/wchble_rom_mesh.hex	0x00053bf4	6	known-prefix	5fbf
2	tmp/wch-evt/evt/QingkeV4C_CH32V20x_EVT/EXAM/BLE/MESH/MESH_LIB/wchble_rom_mesh.hex	0x00053d52	6	known-prefix	5fae
2	tmp/wch-evt/evt/QingkeV4C_CH32V20x_EVT/EXAM/BLE/MESH/MESH_LIB/wchble_rom_mesh.hex	0x00053e04	6	known-prefix	1fe6
2	tmp/wch-evt/evt/QingkeV4C_CH32V20x_EVT/EXAM/BLE/MESH/MESH_LIB/wchble_rom_mesh.hex	0x00053eb2	8	known-prefix	3f9b
2	tmp/wch-evt/evt/QingkeV4C_CH32V20x_EVT/EXAM/BLE/MESH/MESH_LIB/wchble_rom_mesh.hex	0x00053ec6	6	known-prefix	1f97
2	tmp/wch-evt/evt/QingkeV4C_CH32V20x_EVT/EXAM/BLE/MESH/MESH_LIB/wchble_rom_mesh.hex	0x00053ee6	8	known-prefix	3fac
2	tmp/wch-evt/evt/QingkeV4C_CH32V20x_EVT/EXAM/BLE/MESH/MESH_LIB/wchble_rom_mesh.hex	0x00053f9c	6	known-prefix	9fcc
2	tmp/wch-evt/evt/QingkeV4C_CH32V20x_EVT/EXAM/BLE/MESH/MESH_LIB/wchble_rom_mesh.hex	0x00054152	6	known-prefix	5fc0
2	tmp/wch-evt/evt/QingkeV4C_CH32V20x_EVT/EXAM/BLE/MESH/MESH_LIB/wchble_rom_mesh.hex	0x000541de	6	known-prefix	9fa4
2	tmp/wch-evt/evt/QingkeV4C_CH32V20x_EVT/EXAM/BLE/MESH/MESH_LIB/wchble_rom_mesh.hex	0x000542ea	6	known-prefix	dfe4
2	tmp/wch-evt/evt/QingkeV4C_CH32V20x_EVT/EXAM/BLE/MESH/MESH_LIB/wchble_rom_mesh.hex	0x00054334	22	known-prefix	7feb
2	tmp/wch-evt/evt/QingkeV4C_CH32V20x_EVT/EXAM/BLE/MESH/MESH_LIB/wchble_rom_mesh.hex	0x0005448c	8	known-prefix	3f87
2	tmp/wch-evt/evt/QingkeV4C_CH32V20x_EVT/EXAM/BLE/MESH/MESH_LIB/wchble_rom_mesh.hex	0x00054498	6	known-prefix	5fe2
2	tmp/wch-evt/evt/QingkeV4C_CH32V20x_EVT/EXAM/BLE/MESH/MESH_LIB/wchble_rom_mesh.hex	0x000544b4	8	known-prefix	3f8a
2	tmp/wch-evt/evt/QingkeV4C_CH32V20x_EVT/EXAM/BLE/MESH/MESH_LIB/wchble_rom_mesh.hex	0x0005457a	6	known-prefix	dfa5
2	tmp/wch-evt/evt/QingkeV4C_CH32V20x_EVT/EXAM/BLE/MESH/MESH_LIB/wchble_rom_mesh.hex	0x0005458c	8	known-prefix	bfa4
2	tmp/wch-evt/evt/QingkeV4C_CH32V20x_EVT/EXAM/BLE/MESH/MESH_LIB/wchble_rom_mesh.hex	0x000545f2	6	known-prefix	5f9e
2	tmp/wch-evt/evt/QingkeV4C_CH32V20x_EVT/EXAM/BLE/MESH/MESH_LIB/wchble_rom_mesh.hex	0x000546bc	8	known-prefix	bf91
2	tmp/wch-evt/evt/QingkeV4C_CH32V20x_EVT/EXAM/BLE/MESH/MESH_LIB/wchble_rom_mesh.hex	0x000546d2	8	known-prefix	bfa8
2	tmp/wch-evt/evt/QingkeV4C_CH32V20x_EVT/EXAM/BLE/MESH/MESH_LIB/wchble_rom_mesh.hex	0x00054bb6	22	known-prefix	7fe5
2	tmp/wch-evt/evt/QingkeV4C_CH32V20x_EVT/EXAM/BLE/MESH/MESH_LIB/wchble_rom_mesh.hex	0x00054c5a	6	known-prefix	5f8c
2	tmp/wch-evt/evt/QingkeV4C_CH32V20x_EVT/EXAM/BLE/MESH/MESH_LIB/wchble_rom_mesh.hex	0x00054c96	6	known-prefix	dfd6
2	tmp/wch-evt/evt/QingkeV4C_CH32V20x_EVT/EXAM/BLE/MESH/MESH_LIB/wchble_rom_mesh.hex	0x00054cac	20	known-prefix	7fd5
2	tmp/wch-evt/evt/QingkeV4C_CH32V20x_EVT/EXAM/BLE/MESH/MESH_LIB/wchble_rom_mesh.hex	0x00054d58	14	known-prefix	ffad
2	tmp/wch-evt/evt/QingkeV4C_CH32V20x_EVT/EXAM/BLE/MESH/MESH_LIB/wchble_rom_mesh.hex	0x00054dcc	8	known-prefix	bfa6
2	tmp/wch-evt/evt/QingkeV4C_CH32V20x_EVT/EXAM/BLE/MESH/MESH_LIB/wchble_rom_mesh.hex	0x00054e0a	6	known-prefix	dff4
2	tmp/wch-evt/evt/QingkeV4C_CH32V20x_EVT/EXAM/BLE/MESH/MESH_LIB/wchble_rom_mesh.hex	0x00054e1e	18	known-prefix	ffc8
2	tmp/wch-evt/evt/QingkeV4C_CH32V20x_EVT/EXAM/BLE/MESH/MESH_LIB/wchble_rom_mesh.hex	0x00054eac	8	known-prefix	bf98
2	tmp/wch-evt/evt/QingkeV4C_CH32V20x_EVT/EXAM/BLE/MESH/MESH_LIB/wchble_rom_mesh.hex	0x00054f82	6	known-prefix	5f8b
2	tmp/wch-evt/evt/QingkeV4C_CH32V20x_EVT/EXAM/BLE/MESH/MESH_LIB/wchble_rom_mesh.hex	0x00055042	12	known-prefix	7f9b
2	tmp/wch-evt/evt/QingkeV4C_CH32V20x_EVT/EXAM/BLE/MESH/MESH_LIB/wchble_rom_mesh.hex	0x00055050	6	known-prefix	9f9a
2	tmp/wch-evt/evt/QingkeV4C_CH32V20x_EVT/EXAM/BLE/MESH/MESH_LIB/wchble_rom_mesh.hex	0x00055518	6	known-prefix	1fb4
2	tmp/wch-evt/evt/QingkeV4C_CH32V20x_EVT/EXAM/BLE/MESH/MESH_LIB/wchble_rom_mesh.hex	0x00055d88	14	known-prefix	ffaa
2	tmp/wch-evt/evt/QingkeV4C_CH32V20x_EVT/EXAM/BLE/MESH/MESH_LIB/wchble_rom_mesh.hex	0x00055f86	8	known-prefix	bfc5
2	tmp/wch-evt/evt/QingkeV4C_CH32V20x_EVT/EXAM/BLE/MESH/MESH_LIB/wchble_rom_mesh.hex	0x00055fe2	16	known-prefix	7fb6
2	tmp/wch-evt/evt/QingkeV4C_CH32V20x_EVT/EXAM/BLE/MESH/MESH_LIB/wchble_rom_mesh.hex	0x00055fe6	8	known-prefix	3fb6
2	tmp/wch-evt/evt/QingkeV4C_CH32V20x_EVT/EXAM/BLE/MESH/MESH_LIB/wchble_rom_mesh.hex	0x00055fea	18	known-prefix	7fc7
2	tmp/wch-evt/evt/QingkeV4C_CH32V20x_EVT/EXAM/BLE/MESH/MESH_LIB/wchble_rom_mesh.hex	0x00055fee	8	known-prefix	3fc7
2	tmp/wch-evt/evt/QingkeV4C_CH32V20x_EVT/EXAM/BLE/MESH/MESH_LIB/wchble_rom_mesh.hex	0x00056042	16	known-prefix	ffb9
2	tmp/wch-evt/evt/QingkeV4C_CH32V20x_EVT/EXAM/BLE/MESH/MESH_LIB/wchble_rom_mesh.hex	0x0005607e	16	known-prefix	7fb1
2	tmp/wch-evt/evt/QingkeV4C_CH32V20x_EVT/EXAM/BLE/MESH/MESH_LIB/wchble_rom_mesh.hex	0x000560f2	18	known-prefix	ffc6
2	tmp/wch-evt/evt/QingkeV4C_CH32V20x_EVT/EXAM/BLE/MESH/MESH_LIB/wchble_rom_mesh.hex	0x00056122	6	known-prefix	9fc0
2	tmp/wch-evt/evt/QingkeV4C_CH32V20x_EVT/EXAM/BLE/MESH/MESH_LIB/wchble_rom_mesh.hex	0x0005616c	6	known-prefix	1fc3
2	tmp/wch-evt/evt/QingkeV4C_CH32V20x_EVT/EXAM/BLE/MESH/MESH_LIB/wchble_rom_mesh.hex	0x00056262	6	known-prefix	dfe6
2	tmp/wch-evt/evt/QingkeV4C_CH32V20x_EVT/EXAM/BLE/MESH/MESH_LIB/wchble_rom_mesh.hex	0x0005633c	6	known-prefix	1ffa
2	tmp/wch-evt/evt/QingkeV4C_CH32V20x_EVT/EXAM/BLE/MESH/MESH_LIB/wchble_rom_mesh.hex	0x00056380	6	known-prefix	9ff9
2	tmp/wch-evt/evt/QingkeV4C_CH32V20x_EVT/EXAM/BLE/MESH/MESH_LIB/wchble_rom_mesh.hex	0x00056392	8	known-prefix	bf86
2	tmp/wch-evt/evt/QingkeV4C_CH32V20x_EVT/EXAM/BLE/MESH/MESH_LIB/wchble_rom_mesh.hex	0x0005642a	8	known-prefix	3f97
2	tmp/wch-evt/evt/QingkeV4C_CH32V20x_EVT/EXAM/BLE/MESH/MESH_LIB/wchble_rom_mesh.hex	0x00056492	22	known-prefix	7fe8
2	tmp/wch-evt/evt/QingkeV4C_CH32V20x_EVT/EXAM/BLE/MESH/MESH_LIB/wchble_rom_mesh.hex	0x000564d8	6	known-prefix	5f8c
2	tmp/wch-evt/evt/QingkeV4C_CH32V20x_EVT/EXAM/BLE/MESH/MESH_LIB/wchble_rom_mesh.hex	0x00056556	10	known-prefix	7f84
2	tmp/wch-evt/evt/QingkeV4C_CH32V20x_EVT/EXAM/BLE/MESH/MESH_LIB/wchble_rom_mesh.hex	0x0005663a	8	known-prefix	bfaf
2	tmp/wch-evt/evt/QingkeV4C_CH32V20x_EVT/EXAM/BLE/MESH/MESH_LIB/wchble_rom_mesh.hex	0x000568ba	6	known-prefix	1f88
2	tmp/wch-evt/evt/QingkeV4C_CH32V20x_EVT/EXAM/BLE/MESH/MESH_LIB/wchble_rom_mesh.hex	0x00056c50	6	known-prefix	dffa
2	tmp/wch-evt/evt/QingkeV4C_CH32V20x_EVT/EXAM/BLE/MESH/MESH_LIB/wchble_rom_mesh.hex	0x00056cc6	unknown	reserved-ge-192	7ff3
2	tmp/wch-evt/evt/QingkeV4C_CH32V20x_EVT/EXAM/BLE/MESH/MESH_LIB/wchble_rom_mesh.hex	0x00056d32	8	known-prefix	bfec
2	tmp/wch-evt/evt/QingkeV4C_CH32V20x_EVT/EXAM/BLE/MESH/MESH_LIB/wchble_rom_mesh.hex	0x00056db4	6	known-prefix	9fe4
2	tmp/wch-evt/evt/QingkeV4C_CH32V20x_EVT/EXAM/BLE/MESH/MESH_LIB/wchble_rom_mesh.hex	0x00056e1a	6	known-prefix	1ff1
2	tmp/wch-evt/evt/QingkeV4C_CH32V20x_EVT/EXAM/BLE/MESH/MESH_LIB/wchble_rom_mesh.hex	0x00056e24	6	known-prefix	9fe8
2	tmp/wch-evt/evt/QingkeV4C_CH32V20x_EVT/EXAM/BLE/MESH/MESH_LIB/wchble_rom_mesh.hex	0x00056e36	6	known-prefix	5fef
2	tmp/wch-evt/evt/QingkeV4C_CH32V20x_EVT/EXAM/BLE/MESH/MESH_LIB/wchble_rom_mesh.hex	0x00056e3c	6	known-prefix	1fbe
2	tmp/wch-evt/evt/QingkeV4C_CH32V20x_EVT/EXAM/BLE/MESH/MESH_LIB/wchble_rom_mesh.hex	0x00056e5e	6	known-prefix	5f9b
2	tmp/wch-evt/evt/QingkeV4C_CH32V20x_EVT/EXAM/BLE/MESH/MESH_LIB/wchble_rom_mesh.hex	0x00056ede	6	known-prefix	dfe4
2	tmp/wch-evt/evt/QingkeV4C_CH32V20x_EVT/EXAM/BLE/MESH/MESH_LIB/wchble_rom_mesh.hex	0x00056ee8	6	known-prefix	5fdc
2	tmp/wch-evt/evt/QingkeV4C_CH32V20x_EVT/EXAM/BLE/MESH/MESH_LIB/wchble_rom_mesh.hex	0x00056f70	6	known-prefix	1fe4
2	tmp/wch-evt/evt/QingkeV4C_CH32V20x_EVT/EXAM/BLE/MESH/MESH_LIB/wchble_rom_mesh.hex	0x00056fa2	6	known-prefix	9fd8
2	tmp/wch-evt/evt/QingkeV4C_CH32V20x_EVT/EXAM/BLE/MESH/MESH_LIB/wchble_rom_mesh.hex	0x00056fdc	20	known-prefix	ffdd
2	tmp/wch-evt/evt/QingkeV4C_CH32V20x_EVT/EXAM/BLE/MESH/MESH_LIB/wchble_rom_mesh.hex	0x0005706a	8	known-prefix	3f9b
2	tmp/wch-evt/evt/QingkeV4C_CH32V20x_EVT/EXAM/BLE/MESH/MESH_LIB/wchble_rom_mesh.hex	0x000570a0	20	known-prefix	7fd3
2	tmp/wch-evt/evt/QingkeV4C_CH32V20x_EVT/EXAM/BLE/MESH/MESH_LIB/wchble_rom_mesh.hex	0x000570b8	8	known-prefix	3fc7
2	tmp/wch-evt/evt/QingkeV4C_CH32V20x_EVT/EXAM/BLE/MESH/MESH_LIB/wchble_rom_mesh.hex	0x000570c4	6	known-prefix	9fbe
2	tmp/wch-evt/evt/QingkeV4C_CH32V20x_EVT/EXAM/BLE/MESH/MESH_LIB/wchble_rom_mesh.hex	0x00057144	8	known-prefix	3ff8
2	tmp/wch-evt/evt/QingkeV4C_CH32V20x_EVT/EXAM/BLE/MESH/MESH_LIB/wchble_rom_mesh.hex	0x00057150	6	known-prefix	1fb7
2	tmp/wch-evt/evt/QingkeV4C_CH32V20x_EVT/EXAM/BLE/MESH/MESH_LIB/wchble_rom_mesh.hex	0x000571f0	8	known-prefix	bfb3
2	tmp/wch-evt/evt/QingkeV4C_CH32V20x_EVT/EXAM/BLE/MESH/MESH_LIB/wchble_rom_mesh.hex	0x00057a00	6	known-prefix	9fb0
2	tmp/wch-evt/evt/QingkeV4C_CH32V20x_EVT/EXAM/BLE/MESH/MESH_LIB/wchble_rom_mesh.hex	0x00057a58	12	known-prefix	7f99
2	tmp/wch-evt/evt/QingkeV4C_CH32V20x_EVT/EXAM/BLE/MESH/MESH_LIB/wchble_rom_mesh.hex	0x00057a8e	6	known-prefix	9fa4
2	tmp/wch-evt/evt/QingkeV4C_CH32V20x_EVT/EXAM/BLE/MESH/MESH_LIB/wchble_rom_mesh.hex	0x00057a96	6	known-prefix	9fd2
2	tmp/wch-evt/evt/QingkeV4C_CH32V20x_EVT/EXAM/BLE/MESH/MESH_LIB/wchble_rom_mesh.hex	0x00057ab6	8	known-prefix	3fa8
2	tmp/wch-evt/evt/QingkeV4C_CH32V20x_EVT/EXAM/BLE/MESH/MESH_LIB/wchble_rom_mesh.hex	0x00057ada	6	known-prefix	1f9b
2	tmp/wch-evt/evt/QingkeV4C_CH32V20x_EVT/EXAM/BLE/MESH/MESH_LIB/wchble_rom_mesh.hex	0x00057b3a	8	known-prefix	3fe9
2	tmp/wch-evt/evt/QingkeV4C_CH32V20x_EVT/EXAM/BLE/MESH/MESH_LIB/wchble_rom_mesh.hex	0x00057b76	22	known-prefix	7fe5
2	tmp/wch-evt/evt/QingkeV4C_CH32V20x_EVT/EXAM/BLE/MESH/MESH_LIB/wchble_rom_mesh.hex	0x00057baa	8	known-prefix	bf97
2	tmp/wch-evt/evt/QingkeV4C_CH32V20x_EVT/EXAM/BLE/MESH/MESH_LIB/wchble_rom_mesh.hex	0x00057bda	6	known-prefix	df8f
2	tmp/wch-evt/evt/QingkeV4C_CH32V20x_EVT/EXAM/BLE/MESH/MESH_LIB/wchble_rom_mesh.hex	0x00057be4	8	known-prefix	3f8f
2	tmp/wch-evt/evt/QingkeV4C_CH32V20x_EVT/EXAM/BLE/MESH/MESH_LIB/wchble_rom_mesh.hex	0x00057c54	16	known-prefix	7fb2
2	tmp/wch-evt/evt/QingkeV4C_CH32V20x_EVT/EXAM/BLE/MESH/MESH_LIB/wchble_rom_mesh.hex	0x00057caa	8	known-prefix	3fd2
2	tmp/wch-evt/evt/QingkeV4C_CH32V20x_EVT/EXAM/BLE/MESH/MESH_LIB/wchble_rom_mesh.hex	0x00057cb8	8	known-prefix	3fa8
2	tmp/wch-evt/evt/QingkeV4C_CH32V20x_EVT/EXAM/BLE/MESH/MESH_LIB/wchble_rom_mesh.hex	0x00057cd4	6	known-prefix	1f85
2	tmp/wch-evt/evt/QingkeV4C_CH32V20x_EVT/EXAM/BLE/MESH/MESH_LIB/wchble_rom_mesh.hex	0x00057d48	6	known-prefix	9fab
2	tmp/wch-evt/evt/QingkeV4C_CH32V20x_EVT/EXAM/BLE/MESH/MESH_LIB/wchble_rom_mesh.hex	0x00057d78	6	known-prefix	1f8d
2	tmp/wch-evt/evt/QingkeV4C_CH32V20x_EVT/EXAM/BLE/MESH/MESH_LIB/wchble_rom_mesh.hex	0x00057e16	6	known-prefix	5fe4
2	tmp/wch-evt/evt/QingkeV4C_CH32V20x_EVT/EXAM/BLE/MESH/MESH_LIB/wchble_rom_mesh.hex	0x00057e68	8	known-prefix	3fdf
2	tmp/wch-evt/evt/QingkeV4C_CH32V20x_EVT/EXAM/BLE/MESH/MESH_LIB/wchble_rom_mesh.hex	0x00057e7a	6	known-prefix	5ff3
2	tmp/wch-evt/evt/QingkeV4C_CH32V20x_EVT/EXAM/BLE/MESH/MESH_LIB/wchble_rom_mesh.hex	0x00057eac	8	known-prefix	3ff0
2	tmp/wch-evt/evt/QingkeV4C_CH32V20x_EVT/EXAM/BLE/MESH/MESH_LIB/wchble_rom_mesh.hex	0x00057eda	6	known-prefix	5fed
2	tmp/wch-evt/evt/QingkeV4C_CH32V20x_EVT/EXAM/BLE/MESH/MESH_LIB/wchble_rom_mesh.hex	0x00057f44	8	known-prefix	bfe6
2	tmp/wch-evt/evt/QingkeV4C_CH32V20x_EVT/EXAM/BLE/MESH/MESH_LIB/wchble_rom_mesh.hex	0x00058232	6	known-prefix	dfb7
2	tmp/wch-evt/evt/QingkeV4C_CH32V20x_EVT/EXAM/BLE/MESH/MESH_LIB/wchble_rom_mesh.hex	0x00058246	6	known-prefix	5fa1
2	tmp/wch-evt/evt/QingkeV4C_CH32V20x_EVT/EXAM/BLE/MESH/MESH_LIB/wchble_rom_mesh.hex	0x00058284	12	known-prefix	7f9d
2	tmp/wch-evt/evt/QingkeV4C_CH32V20x_EVT/EXAM/BLE/MESH/MESH_LIB/wchble_rom_mesh.hex	0x00058298	8	known-prefix	3f9c
2	tmp/wch-evt/evt/QingkeV4C_CH32V20x_EVT/EXAM/BLE/MESH/MESH_LIB/wchble_rom_mesh.hex	0x0005845a	6	known-prefix	9fda
2	tmp/wch-evt/evt/QingkeV4C_CH32V20x_EVT/EXAM/BLE/MESH/MESH_LIB/wchble_rom_mesh.hex	0x00058526	20	known-prefix	7fdf
2	tmp/wch-evt/evt/QingkeV4C_CH32V20x_EVT/EXAM/BLE/MESH/MESH_LIB/wchble_rom_mesh.hex	0x00058570	6	known-prefix	df82
2	tmp/wch-evt/evt/QingkeV4C_CH32V20x_EVT/EXAM/BLE/MESH/MESH_LIB/wchble_rom_mesh.hex	0x00058624	6	known-prefix	1fc9
2	tmp/wch-evt/evt/QingkeV4C_CH32V20x_EVT/EXAM/BLE/MESH/MESH_LIB/wchble_rom_mesh.hex	0x0005864a	8	known-prefix	bfae
2	tmp/wch-evt/evt/QingkeV4C_CH32V20x_EVT/EXAM/BLE/MESH/MESH_LIB/wchble_rom_mesh.hex	0x0005871a	8	known-prefix	bfb9
2	tmp/wch-evt/evt/QingkeV4C_CH32V20x_EVT/EXAM/BLE/MESH/MESH_LIB/wchble_rom_mesh.hex	0x0005872c	14	known-prefix	7fad
2	tmp/wch-evt/evt/QingkeV4C_CH32V20x_EVT/EXAM/BLE/MESH/MESH_LIB/wchble_rom_mesh.hex	0x00058770	6	known-prefix	5f9c
2	tmp/wch-evt/evt/QingkeV4C_CH32V20x_EVT/EXAM/BLE/MESH/MESH_LIB/wchble_rom_mesh.hex	0x00058814	18	known-prefix	ffce
2	tmp/wch-evt/evt/QingkeV4C_CH32V20x_EVT/EXAM/BLE/MESH/MESH_LIB/wchble_rom_mesh.hex	0x0005882e	8	known-prefix	bfe1
2	tmp/wch-evt/evt/QingkeV4C_CH32V20x_EVT/EXAM/BLE/MESH/MESH_LIB/wchble_rom_mesh.hex	0x00058852	20	known-prefix	7fdf
2	tmp/wch-evt/evt/QingkeV4C_CH32V20x_EVT/EXAM/BLE/MESH/MESH_LIB/wchble_rom_mesh.hex	0x0005886c	6	known-prefix	dfdd
2	tmp/wch-evt/evt/QingkeV4C_CH32V20x_EVT/EXAM/BLE/MESH/MESH_LIB/wchble_rom_mesh.hex	0x000588fa	6	known-prefix	5ff2
2	tmp/wch-evt/evt/QingkeV4C_CH32V20x_EVT/EXAM/BLE/MESH/MESH_LIB/wchble_rom_mesh.hex	0x0005893e	6	known-prefix	1fee
2	tmp/wch-evt/evt/QingkeV4C_CH32V20x_EVT/EXAM/BLE/MESH/MESH_LIB/wchble_rom_mesh.hex	0x000589be	6	known-prefix	1fe6
2	tmp/wch-evt/evt/QingkeV4C_CH32V20x_EVT/EXAM/BLE/MESH/MESH_LIB/wchble_rom_mesh.hex	0x000589e0	6	known-prefix	5f8d
2	tmp/wch-evt/evt/QingkeV4C_CH32V20x_EVT/EXAM/BLE/MESH/MESH_LIB/wchble_rom_mesh.hex	0x00058a22	8	known-prefix	3fca
2	tmp/wch-evt/evt/QingkeV4C_CH32V20x_EVT/EXAM/BLE/MESH/MESH_LIB/wchble_rom_mesh.hex	0x00058ba8	18	known-prefix	7fc7
2	tmp/wch-evt/evt/QingkeV4C_CH32V20x_EVT/EXAM/BLE/MESH/MESH_LIB/wchble_rom_mesh.hex	0x00058bfa	6	known-prefix	5f99
2	tmp/wch-evt/evt/QingkeV4C_CH32V20x_EVT/EXAM/BLE/MESH/MESH_LIB/wchble_rom_mesh.hex	0x00058cec	unknown	reserved-ge-192	fff6
2	tmp/wch-evt/evt/QingkeV4C_CH32V20x_EVT/EXAM/BLE/MESH/MESH_LIB/wchble_rom_mesh.hex	0x00058d12	6	known-prefix	9ff4
2	tmp/wch-evt/evt/QingkeV4C_CH32V20x_EVT/EXAM/BLE/MESH/MESH_LIB/wchble_rom_mesh.hex	0x00058dee	6	known-prefix	9fed
2	tmp/wch-evt/evt/QingkeV4C_CH32V20x_EVT/EXAM/BLE/MESH/MESH_LIB/wchble_rom_mesh.hex	0x00058e62	6	known-prefix	5ff6
2	tmp/wch-evt/evt/QingkeV4C_CH32V20x_EVT/EXAM/BLE/MESH/MESH_LIB/wchble_rom_mesh.hex	0x00058eca	6	known-prefix	5fee
2	tmp/wch-evt/evt/QingkeV4C_CH32V20x_EVT/EXAM/BLE/MESH/MESH_LIB/wchble_rom_mesh.hex	0x00058ed8	6	known-prefix	dff9
2	tmp/wch-evt/evt/QingkeV4C_CH32V20x_EVT/EXAM/BLE/MESH/MESH_LIB/wchble_rom_mesh.hex	0x00058fd8	8	known-prefix	3fcf
2	tmp/wch-evt/evt/QingkeV4C_CH32V20x_EVT/EXAM/BLE/MESH/MESH_LIB/wchble_rom_mesh.hex	0x00059130	8	known-prefix	bffa
2	tmp/wch-evt/evt/QingkeV4C_CH32V20x_EVT/EXAM/BLE/MESH/MESH_LIB/wchble_rom_mesh.hex	0x00059136	18	known-prefix	ffcf
2	tmp/wch-evt/evt/QingkeV4C_CH32V20x_EVT/EXAM/BLE/MESH/MESH_LIB/wchble_rom_mesh.hex	0x00059152	22	known-prefix	ffe3
2	tmp/wch-evt/evt/QingkeV4C_CH32V20x_EVT/EXAM/BLE/MESH/MESH_LIB/wchble_rom_mesh.hex	0x0005918a	22	known-prefix	7fe0
2	tmp/wch-evt/evt/QingkeV4C_CH32V20x_EVT/EXAM/BLE/MESH/MESH_LIB/wchble_rom_mesh.hex	0x000591a0	6	known-prefix	9f99
2	tmp/wch-evt/evt/QingkeV4C_CH32V20x_EVT/EXAM/BLE/MESH/MESH_LIB/wchble_rom_mesh.hex	0x000591cc	6	known-prefix	9ff6
2	tmp/wch-evt/evt/QingkeV4C_CH32V20x_EVT/EXAM/BLE/MESH/MESH_LIB/wchble_rom_mesh.hex	0x0005920a	20	known-prefix	7fd8
2	tmp/wch-evt/evt/QingkeV4C_CH32V20x_EVT/EXAM/BLE/MESH/MESH_LIB/wchble_rom_mesh.hex	0x00059240	6	known-prefix	5fef
2	tmp/wch-evt/evt/QingkeV4C_CH32V20x_EVT/EXAM/BLE/MESH/MESH_LIB/wchble_rom_mesh.hex	0x00059270	8	known-prefix	3fc9
2	tmp/wch-evt/evt/QingkeV4C_CH32V20x_EVT/EXAM/BLE/MESH/MESH_LIB/wchble_rom_mesh.hex	0x00059282	20	known-prefix	ffd0
2	tmp/wch-evt/evt/QingkeV4C_CH32V20x_EVT/EXAM/BLE/MESH/MESH_LIB/wchble_rom_mesh.hex	0x000592c2	18	known-prefix	ffcc
2	tmp/wch-evt/evt/QingkeV4C_CH32V20x_EVT/EXAM/BLE/MESH/MESH_LIB/wchble_rom_mesh.hex	0x00059328	12	known-prefix	7f94
2	tmp/wch-evt/evt/QingkeV4C_CH32V20x_EVT/EXAM/BLE/MESH/MESH_LIB/wchble_rom_mesh.hex	0x0005933a	10	known-prefix	7f84
2	tmp/wch-evt/evt/QingkeV4C_CH32V20x_EVT/EXAM/BLE/MESH/MESH_LIB/wchble_rom_mesh.hex	0x00059580	8	known-prefix	3ff9
2	tmp/wch-evt/evt/QingkeV4C_CH32V20x_EVT/EXAM/BLE/MESH/MESH_LIB/wchble_rom_mesh.hex	0x000595a0	8	known-prefix	3ff7
2	tmp/wch-evt/evt/QingkeV4C_CH32V20x_EVT/EXAM/BLE/MESH/MESH_LIB/wchble_rom_mesh.hex	0x000596ce	6	known-prefix	5f97
2	tmp/wch-evt/evt/QingkeV4C_CH32V20x_EVT/EXAM/BLE/MESH/MESH_LIB/wchble_rom_mesh.hex	0x00059732	6	known-prefix	dfe7
2	tmp/wch-evt/evt/QingkeV4C_CH32V20x_EVT/EXAM/BLE/MESH/MESH_LIB/wchble_rom_mesh.hex	0x00059778	8	known-prefix	bfd9
2	tmp/wch-evt/evt/QingkeV4C_CH32V20x_EVT/EXAM/BLE/MESH/MESH_LIB/wchble_rom_mesh.hex	0x000597a0	6	known-prefix	5ff2
2	tmp/wch-evt/evt/QingkeV4C_CH32V20x_EVT/EXAM/BLE/MESH/MESH_LIB/wchble_rom_mesh.hex	0x000597ae	6	known-prefix	5fd6
2	tmp/wch-evt/evt/QingkeV4C_CH32V20x_EVT/EXAM/BLE/MESH/MESH_LIB/wchble_rom_mesh.hex	0x000597da	6	known-prefix	5ff0
2	tmp/wch-evt/evt/QingkeV4C_CH32V20x_EVT/EXAM/BLE/MESH/MESH_LIB/wchble_rom_mesh.hex	0x000597f8	22	known-prefix	7fee
2	tmp/wch-evt/evt/QingkeV4C_CH32V20x_EVT/EXAM/BLE/MESH/MESH_LIB/wchble_rom_mesh.hex	0x00059b0c	6	known-prefix	dfcd
2	tmp/wch-evt/evt/QingkeV4C_CH32V20x_EVT/EXAM/BLE/MESH/MESH_LIB/wchble_rom_mesh.hex	0x00059ca6	6	known-prefix	1f80
2	tmp/wch-evt/evt/QingkeV4C_CH32V20x_EVT/EXAM/BLE/MESH/MESH_LIB/wchble_rom_mesh.hex	0x00059cae	12	known-prefix	7f9b
2	tmp/wch-evt/evt/QingkeV4C_CH32V20x_EVT/EXAM/BLE/MESH/MESH_LIB/wchble_rom_mesh.hex	0x00059d12	6	known-prefix	9f99
2	tmp/wch-evt/evt/QingkeV4C_CH32V20x_EVT/EXAM/BLE/MESH/MESH_LIB/wchble_rom_mesh.hex	0x00059e16	6	known-prefix	1fda
2	tmp/wch-evt/evt/QingkeV4C_CH32V20x_EVT/EXAM/BLE/MESH/MESH_LIB/wchble_rom_mesh.hex	0x00059e7c	20	known-prefix	ffd7
2	tmp/wch-evt/evt/QingkeV4C_CH32V20x_EVT/EXAM/BLE/MESH/MESH_LIB/wchble_rom_mesh.hex	0x00059eae	6	known-prefix	1f98
2	tmp/wch-evt/evt/QingkeV4C_CH32V20x_EVT/EXAM/BLE/MESH/MESH_LIB/wchble_rom_mesh.hex	0x00059ebc	6	known-prefix	dfd8
2	tmp/wch-evt/evt/QingkeV4C_CH32V20x_EVT/EXAM/BLE/MESH/MESH_LIB/wchble_rom_mesh.hex	0x00059ecc	8	known-prefix	3f9a
2	tmp/wch-evt/evt/QingkeV4C_CH32V20x_EVT/EXAM/BLE/MESH/MESH_LIB/wchble_rom_mesh.hex	0x00059f06	8	known-prefix	3fc7
2	tmp/wch-evt/evt/QingkeV4C_CH32V20x_EVT/EXAM/BLE/MESH/MESH_LIB/wchble_rom_mesh.hex	0x00059f76	8	known-prefix	bfbf
2	tmp/wch-evt/evt/QingkeV4C_CH32V20x_EVT/EXAM/BLE/MESH/MESH_LIB/wchble_rom_mesh.hex	0x00059f94	6	known-prefix	5fc4
2	tmp/wch-evt/evt/QingkeV4C_CH32V20x_EVT/EXAM/BLE/MESH/MESH_LIB/wchble_rom_mesh.hex	0x00059fd6	8	known-prefix	bfc5
2	tmp/wch-evt/evt/QingkeV4C_CH32V20x_EVT/EXAM/BLE/MESH/MESH_LIB/wchble_rom_mesh.hex	0x00059ff2	20	known-prefix	ffd2
2	tmp/wch-evt/evt/QingkeV4C_CH32V20x_EVT/EXAM/BLE/MESH/MESH_LIB/wchble_rom_mesh.hex	0x0005a062	8	known-prefix	3fd1
2	tmp/wch-evt/evt/QingkeV4C_CH32V20x_EVT/EXAM/BLE/MESH/MESH_LIB/wchble_rom_mesh.hex	0x0005a088	6	known-prefix	9fcd
2	tmp/wch-evt/evt/QingkeV4C_CH32V20x_EVT/EXAM/BLE/MESH/MESH_LIB/wchble_rom_mesh.hex	0x0005a0c4	6	known-prefix	5fe6
2	tmp/wch-evt/evt/QingkeV4C_CH32V20x_EVT/EXAM/BLE/MESH/MESH_LIB/wchble_rom_mesh.hex	0x0005a0de	8	known-prefix	bfd1
2	tmp/wch-evt/evt/QingkeV4C_CH32V20x_EVT/EXAM/BLE/MESH/MESH_LIB/wchble_rom_mesh.hex	0x0005a25e	6	known-prefix	5ff3
2	tmp/wch-evt/evt/QingkeV4C_CH32V20x_EVT/EXAM/BLE/MESH/MESH_LIB/wchble_rom_mesh.hex	0x0005a2aa	6	known-prefix	9fee
2	tmp/wch-evt/evt/QingkeV4C_CH32V20x_EVT/EXAM/BLE/MESH/MESH_LIB/wchble_rom_mesh.hex	0x0005a308	8	known-prefix	bfe8
2	tmp/wch-evt/evt/QingkeV4C_CH32V20x_EVT/EXAM/BLE/MESH/MESH_LIB/wchble_rom_mesh.hex	0x0005a32e	6	known-prefix	5fe6
2	tmp/wch-evt/evt/QingkeV4C_CH32V20x_EVT/EXAM/BLE/MESH/MESH_LIB/wchble_rom_mesh.hex	0x0005a34e	8	known-prefix	3ff4
2	tmp/wch-evt/evt/QingkeV4C_CH32V20x_EVT/EXAM/BLE/MESH/MESH_LIB/wchble_rom_mesh.hex	0x0005a364	unknown	reserved-ge-192	fff7
2	tmp/wch-evt/evt/QingkeV4C_CH32V20x_EVT/EXAM/BLE/MESH/MESH_LIB/wchble_rom_mesh.hex	0x0005a3de	6	known-prefix	5fdb
2	tmp/wch-evt/evt/QingkeV4C_CH32V20x_EVT/EXAM/BLE/MESH/MESH_LIB/wchble_rom_mesh.hex	0x0005a416	6	known-prefix	dfd7
2	tmp/wch-evt/evt/QingkeV4C_CH32V20x_EVT/EXAM/BLE/MESH/MESH_LIB/wchble_rom_mesh.hex	0x0005a46e	6	known-prefix	9fd9
2	tmp/wch-evt/evt/QingkeV4C_CH32V20x_EVT/EXAM/BLE/MESH/MESH_LIB/wchble_rom_mesh.hex	0x0005a4a6	18	known-prefix	ffc8
2	tmp/wch-evt/evt/QingkeV4C_CH32V20x_EVT/EXAM/BLE/MESH/MESH_LIB/wchble_rom_mesh.hex	0x0005a542	8	known-prefix	3fbf
2	tmp/wch-evt/evt/QingkeV4C_CH32V20x_EVT/EXAM/BLE/MESH/MESH_LIB/wchble_rom_mesh.hex	0x0005a560	unknown	reserved-ge-192	ffff
2	tmp/wch-evt/evt/QingkeV4C_CH32V20x_EVT/EXAM/BLE/MESH/MESH_LIB/wchble_rom_mesh.hex	0x0005a694	8	known-prefix	bfed
2	tmp/wch-evt/evt/QingkeV4C_CH32V20x_EVT/EXAM/BLE/MESH/MESH_LIB/wchble_rom_mesh.hex	0x0005a748	22	known-prefix	7fe2
2	tmp/wch-evt/evt/QingkeV4C_CH32V20x_EVT/EXAM/BLE/MESH/MESH_LIB/wchble_rom_mesh.hex	0x0005a7a0	8	known-prefix	bfbf
2	tmp/wch-evt/evt/QingkeV4C_CH32V20x_EVT/EXAM/BLE/MESH/MESH_LIB/wchble_rom_mesh.hex	0x0005a7fe	22	known-prefix	7fec
2	tmp/wch-evt/evt/QingkeV4C_CH32V20x_EVT/EXAM/BLE/MESH/MESH_LIB/wchble_rom_mesh.hex	0x0005a83a	6	known-prefix	1fb6
2	tmp/wch-evt/evt/QingkeV4C_CH32V20x_EVT/EXAM/BLE/MESH/MESH_LIB/wchble_rom_mesh.hex	0x0005a84e	6	known-prefix	9f9b
2	tmp/wch-evt/evt/QingkeV4C_CH32V20x_EVT/EXAM/BLE/MESH/MESH_LIB/wchble_rom_mesh.hex	0x0005a874	8	known-prefix	3fde
2	tmp/wch-evt/evt/QingkeV4C_CH32V20x_EVT/EXAM/BLE/MESH/MESH_LIB/wchble_rom_mesh.hex	0x0005a884	8	known-prefix	3fdd
2	tmp/wch-evt/evt/QingkeV4C_CH32V20x_EVT/EXAM/BLE/MESH/MESH_LIB/wchble_rom_mesh.hex	0x0005a88c	8	known-prefix	bfdc
2	tmp/wch-evt/evt/QingkeV4C_CH32V20x_EVT/EXAM/BLE/MESH/MESH_LIB/wchble_rom_mesh.hex	0x0005a894	8	known-prefix	3fdc
2	tmp/wch-evt/evt/QingkeV4C_CH32V20x_EVT/EXAM/BLE/MESH/MESH_LIB/wchble_rom_mesh.hex	0x0005a8a8	22	known-prefix	ffef
2	tmp/wch-evt/evt/QingkeV4C_CH32V20x_EVT/EXAM/BLE/MESH/MESH_LIB/wchble_rom_mesh.hex	0x0005a90c	8	known-prefix	3fc6
2	tmp/wch-evt/evt/QingkeV4C_CH32V20x_EVT/EXAM/BLE/MESH/MESH_LIB/wchble_rom_mesh.hex	0x0005a918	6	known-prefix	9fa5
2	tmp/wch-evt/evt/QingkeV4C_CH32V20x_EVT/EXAM/BLE/MESH/MESH_LIB/wchble_rom_mesh.hex	0x0005a94a	6	known-prefix	dff9
2	tmp/wch-evt/evt/QingkeV4C_CH32V20x_EVT/EXAM/BLE/MESH/MESH_LIB/wchble_rom_mesh.hex	0x0005a98a	6	known-prefix	5fbe
2	tmp/wch-evt/evt/QingkeV4C_CH32V20x_EVT/EXAM/BLE/MESH/MESH_LIB/wchble_rom_mesh.hex	0x0005a9ac	6	known-prefix	5f9c
2	tmp/wch-evt/evt/QingkeV4C_CH32V20x_EVT/EXAM/BLE/MESH/MESH_LIB/wchble_rom_mesh.hex	0x0005a9d8	6	known-prefix	dfa6
2	tmp/wch-evt/evt/QingkeV4C_CH32V20x_EVT/EXAM/BLE/MESH/MESH_LIB/wchble_rom_mesh.hex	0x0005aa2a	unknown	reserved-ge-192	7ff0
2	tmp/wch-evt/evt/QingkeV4C_CH32V20x_EVT/EXAM/BLE/MESH/MESH_LIB/wchble_rom_mesh.hex	0x0005aa34	14	known-prefix	ffad
2	tmp/wch-evt/evt/QingkeV4C_CH32V20x_EVT/EXAM/BLE/MESH/MESH_LIB/wchble_rom_mesh.hex	0x0005aa42	12	known-prefix	ff91
2	tmp/wch-evt/evt/QingkeV4C_CH32V20x_EVT/EXAM/BLE/MESH/MESH_LIB/wchble_rom_mesh.hex	0x0005aa60	8	known-prefix	bfc4
2	tmp/wch-evt/evt/QingkeV4C_CH32V20x_EVT/EXAM/BLE/MESH/MESH_LIB/wchble_rom_mesh.hex	0x0005ab98	6	known-prefix	9fd9
2	tmp/wch-evt/evt/QingkeV4C_CH32V20x_EVT/EXAM/BLE/MESH/MESH_LIB/wchble_rom_mesh.hex	0x0005abc6	6	known-prefix	df94
2	tmp/wch-evt/evt/QingkeV4C_CH32V20x_EVT/EXAM/BLE/MESH/MESH_LIB/wchble_rom_mesh.hex	0x0005abda	20	known-prefix	7fd5
2	tmp/wch-evt/evt/QingkeV4C_CH32V20x_EVT/EXAM/BLE/MESH/MESH_LIB/wchble_rom_mesh.hex	0x0005abfc	8	known-prefix	bfdb
2	tmp/wch-evt/evt/QingkeV4C_CH32V20x_EVT/EXAM/BLE/MESH/MESH_LIB/wchble_rom_mesh.hex	0x0005ac18	20	known-prefix	ffd9
2	tmp/wch-evt/evt/QingkeV4C_CH32V20x_EVT/EXAM/BLE/MESH/MESH_LIB/wchble_rom_mesh.hex	0x0005aea6	20	known-prefix	7fd7
2	tmp/wch-evt/evt/QingkeV4C_CH32V20x_EVT/EXAM/BLE/MESH/MESH_LIB/wchble_rom_mesh.hex	0x0005b0c8	6	known-prefix	9ff2
2	tmp/wch-evt/evt/QingkeV4C_CH32V20x_EVT/EXAM/BLE/MESH/MESH_LIB/wchble_rom_mesh.hex	0x0005b0da	8	known-prefix	3fb4
2	tmp/wch-evt/evt/QingkeV4C_CH32V20x_EVT/EXAM/BLE/MESH/MESH_LIB/wchble_rom_mesh.hex	0x0005b216	6	known-prefix	1fb4
2	tmp/wch-evt/evt/QingkeV4C_CH32V20x_EVT/EXAM/BLE/MESH/MESH_LIB/wchble_rom_mesh.hex	0x0005b338	18	known-prefix	ffc9
2	tmp/wch-evt/evt/QingkeV4C_CH32V20x_EVT/EXAM/BLE/MESH/MESH_LIB/wchble_rom_mesh.hex	0x0005b370	6	known-prefix	1ff5
2	tmp/wch-evt/evt/QingkeV4C_CH32V20x_EVT/EXAM/BLE/MESH/MESH_LIB/wchble_rom_mesh.hex	0x0005b374	6	known-prefix	dfe2
2	tmp/wch-evt/evt/QingkeV4C_CH32V20x_EVT/EXAM/BLE/MESH/MESH_LIB/wchble_rom_mesh.hex	0x0005b3c4	6	known-prefix	dfef
2	tmp/wch-evt/evt/QingkeV4C_CH32V20x_EVT/EXAM/BLE/MESH/MESH_LIB/wchble_rom_mesh.hex	0x0005b3d8	8	known-prefix	bfd5
2	tmp/wch-evt/evt/QingkeV4C_CH32V20x_EVT/EXAM/BLE/MESH/MESH_LIB/wchble_rom_mesh.hex	0x0005b410	6	known-prefix	dff2
2	tmp/wch-evt/evt/QingkeV4C_CH32V20x_EVT/EXAM/BLE/MESH/MESH_LIB/wchble_rom_mesh.hex	0x0005b4ca	8	known-prefix	3fe7
2	tmp/wch-evt/evt/QingkeV4C_CH32V20x_EVT/EXAM/BLE/MESH/MESH_LIB/wchble_rom_mesh.hex	0x0005b50a	6	known-prefix	5fa4
2	tmp/wch-evt/evt/QingkeV4C_CH32V20x_EVT/EXAM/BLE/MESH/MESH_LIB/wchble_rom_mesh.hex	0x0005b558	18	known-prefix	ffc8
2	tmp/wch-evt/evt/QingkeV4C_CH32V20x_EVT/EXAM/BLE/MESH/MESH_LIB/wchble_rom_mesh.hex	0x0005b582	unknown	reserved-ge-192	fff8
2	tmp/wch-evt/evt/QingkeV4C_CH32V20x_EVT/EXAM/BLE/MESH/MESH_LIB/wchble_rom_mesh.hex	0x0005b58c	6	known-prefix	1fdb
2	tmp/wch-evt/evt/QingkeV4C_CH32V20x_EVT/EXAM/BLE/MESH/MESH_LIB/wchble_rom_mesh.hex	0x0005b5ca	unknown	reserved-ge-192	fff9
2	tmp/wch-evt/evt/QingkeV4C_CH32V20x_EVT/EXAM/BLE/MESH/MESH_LIB/wchble_rom_mesh.hex	0x0005b688	6	known-prefix	1ff5
2	tmp/wch-evt/evt/QingkeV4C_CH32V20x_EVT/EXAM/BLE/MESH/MESH_LIB/wchble_rom_mesh.hex	0x0005b7c0	20	known-prefix	ffd5
2	tmp/wch-evt/evt/QingkeV4C_CH32V20x_EVT/EXAM/BLE/MESH/MESH_LIB/wchble_rom_mesh.hex	0x0005b7c8	20	known-prefix	7fd5
2	tmp/wch-evt/evt/QingkeV4C_CH32V20x_EVT/EXAM/BLE/MESH/MESH_LIB/wchble_rom_mesh.hex	0x0005b9dc	6	known-prefix	dfd4
2	tmp/wch-evt/evt/QingkeV4C_CH32V20x_EVT/EXAM/BLE/MESH/MESH_LIB/wchble_rom_mesh.hex	0x0005b9ee	8	known-prefix	bfb7
2	tmp/wch-evt/evt/QingkeV4C_CH32V20x_EVT/EXAM/BLE/MESH/MESH_LIB/wchble_rom_mesh.hex	0x0005b9fe	6	known-prefix	1fec
2	tmp/wch-evt/evt/QingkeV4C_CH32V20x_EVT/EXAM/BLE/MESH/MESH_LIB/wchble_rom_mesh.hex	0x0005ba12	22	known-prefix	ffee
2	tmp/wch-evt/evt/QingkeV4C_CH32V20x_EVT/EXAM/BLE/MESH/MESH_LIB/wchble_rom_mesh.hex	0x0005ba1a	22	known-prefix	ffec
2	tmp/wch-evt/evt/QingkeV4C_CH32V20x_EVT/EXAM/BLE/MESH/MESH_LIB/wchble_rom_mesh.hex	0x0005ba22	8	known-prefix	3fde
2	tmp/wch-evt/evt/QingkeV4C_CH32V20x_EVT/EXAM/BLE/MESH/MESH_LIB/wchble_rom_mesh.hex	0x0005ba2a	22	known-prefix	ffe5
2	tmp/wch-evt/evt/QingkeV4C_CH32V20x_EVT/EXAM/BLE/MESH/MESH_LIB/wchble_rom_mesh.hex	0x0005ba32	6	known-prefix	dfe2
2	tmp/wch-evt/evt/QingkeV4C_CH32V20x_EVT/EXAM/BLE/MESH/MESH_LIB/wchble_rom_mesh.hex	0x0005ba3a	6	known-prefix	5fdf
2	tmp/wch-evt/evt/QingkeV4C_CH32V20x_EVT/EXAM/BLE/MESH/MESH_LIB/wchble_rom_mesh.hex	0x0005ba42	6	known-prefix	9fee
2	tmp/wch-evt/evt/QingkeV4C_CH32V20x_EVT/EXAM/BLE/MESH/MESH_LIB/wchble_rom_mesh.hex	0x0005ba80	6	known-prefix	5fed
2	tmp/wch-evt/evt/QingkeV4C_CH32V20x_EVT/EXAM/BLE/MESH/MESH_LIB/wchble_rom_mesh.hex	0x0005ba88	6	known-prefix	9fef
2	tmp/wch-evt/evt/QingkeV4C_CH32V20x_EVT/EXAM/BLE/MESH/MESH_LIB/wchble_rom_mesh.hex	0x0005bb2a	6	known-prefix	dfd0
2	tmp/wch-evt/evt/QingkeV4C_CH32V20x_EVT/EXAM/BLE/MESH/MESH_LIB/wchble_rom_mesh.hex	0x0005bbb8	6	known-prefix	1f87
2	tmp/wch-evt/evt/QingkeV4C_CH32V20x_EVT/EXAM/BLE/MESH/MESH_LIB/wchble_rom_mesh.hex	0x0005bbe0	8	known-prefix	bfdc
2	tmp/wch-evt/evt/QingkeV4C_CH32V20x_EVT/EXAM/BLE/MESH/MESH_LIB/wchble_rom_mesh.hex	0x0005bc0c	6	known-prefix	1fe0
2	tmp/wch-evt/evt/QingkeV4C_CH32V20x_EVT/EXAM/BLE/MESH/MESH_LIB/wchble_rom_mesh.hex	0x0005bda6	18	known-prefix	7fc6
2	tmp/wch-evt/evt/QingkeV4C_CH32V20x_EVT/EXAM/BLE/MESH/MESH_LIB/wchble_rom_mesh.hex	0x0005bdb4	6	known-prefix	5f8a
2	tmp/wch-evt/evt/QingkeV4C_CH32V20x_EVT/EXAM/BLE/MESH/MESH_LIB/wchble_rom_mesh.hex	0x0005c046	6	known-prefix	5f84
2	tmp/wch-evt/evt/QingkeV4C_CH32V20x_EVT/EXAM/BLE/MESH/MESH_LIB/wchble_rom_mesh.hex	0x0005c0ac	6	known-prefix	1f9f
2	tmp/wch-evt/evt/QingkeV4C_CH32V20x_EVT/EXAM/BLE/MESH/MESH_LIB/wchble_rom_mesh.hex	0x0005c0f8	6	known-prefix	5fd6
2	tmp/wch-evt/evt/QingkeV4C_CH32V20x_EVT/EXAM/BLE/MESH/MESH_LIB/wchble_rom_mesh.hex	0x0005c114	6	known-prefix	9ffe
2	tmp/wch-evt/evt/QingkeV4C_CH32V20x_EVT/EXAM/BLE/MESH/MESH_LIB/wchble_rom_mesh.hex	0x0005c1c2	6	known-prefix	1ff7
2	tmp/wch-evt/evt/QingkeV4C_CH32V20x_EVT/EXAM/BLE/MESH/MESH_LIB/wchble_rom_mesh.hex	0x0005c1e2	6	known-prefix	5fc8
2	tmp/wch-evt/evt/QingkeV4C_CH32V20x_EVT/EXAM/BLE/MESH/MESH_LIB/wchble_rom_mesh.hex	0x0005c69a	20	known-prefix	ffd7
2	tmp/wch-evt/evt/QingkeV4C_CH32V20x_EVT/EXAM/BLE/MESH/MESH_LIB/wchble_rom_mesh.hex	0x0005c6b4	6	known-prefix	9fc8
2	tmp/wch-evt/evt/QingkeV4C_CH32V20x_EVT/EXAM/BLE/MESH/MESH_LIB/wchble_rom_mesh.hex	0x0005c726	6	known-prefix	1fac
2	tmp/wch-evt/evt/QingkeV4C_CH32V20x_EVT/EXAM/BLE/MESH/MESH_LIB/wchble_rom_mesh.hex	0x0005c836	8	known-prefix	3fe2
2	tmp/wch-evt/evt/QingkeV4C_CH32V20x_EVT/EXAM/BLE/MESH/MESH_LIB/wchble_rom_mesh.hex	0x0005c860	6	known-prefix	dfea
2	tmp/wch-evt/evt/QingkeV4C_CH32V20x_EVT/EXAM/BLE/MESH/MESH_LIB/wchble_rom_mesh.hex	0x0005c886	14	known-prefix	7fab
2	tmp/wch-evt/evt/QingkeV4C_CH32V20x_EVT/EXAM/BLE/MESH/MESH_LIB/wchble_rom_mesh.hex	0x0005c8c0	6	known-prefix	dfe4
2	tmp/wch-evt/evt/QingkeV4C_CH32V20x_EVT/EXAM/BLE/MESH/MESH_LIB/wchble_rom_mesh.hex	0x0005c99e	6	known-prefix	5fcb
2	tmp/wch-evt/evt/QingkeV4C_CH32V20x_EVT/EXAM/BLE/MESH/MESH_LIB/wchble_rom_mesh.hex	0x0005c9bc	6	known-prefix	1fc6
2	tmp/wch-evt/evt/QingkeV4C_CH32V20x_EVT/EXAM/BLE/MESH/MESH_LIB/wchble_rom_mesh.hex	0x0005ca22	6	known-prefix	9fd9
2	tmp/wch-evt/evt/QingkeV4C_CH32V20x_EVT/EXAM/BLE/MESH/MESH_LIB/wchble_rom_mesh.hex	0x0005ca5e	18	known-prefix	ffca
2	tmp/wch-evt/evt/QingkeV4C_CH32V20x_EVT/EXAM/BLE/MESH/MESH_LIB/wchble_rom_mesh.hex	0x0005cb2a	unknown	reserved-ge-192	fff6
2	tmp/wch-evt/evt/QingkeV4C_CH32V20x_EVT/EXAM/BLE/MESH/MESH_LIB/wchble_rom_mesh.hex	0x0005cb34	6	known-prefix	5ff6
2	tmp/wch-evt/evt/QingkeV4C_CH32V20x_EVT/EXAM/BLE/MESH/MESH_LIB/wchble_rom_mesh.hex	0x0005cd1e	8	known-prefix	bf8b
2	tmp/wch-evt/evt/QingkeV4C_CH32V20x_EVT/EXAM/BLE/MESH/MESH_LIB/wchble_rom_mesh.hex	0x0005cd4c	6	known-prefix	df88
2	tmp/wch-evt/evt/QingkeV4C_CH32V20x_EVT/EXAM/BLE/MESH/MESH_LIB/wchble_rom_mesh.hex	0x0005ce82	8	known-prefix	bf88
2	tmp/wch-evt/evt/QingkeV4C_CH32V20x_EVT/EXAM/BLE/MESH/MESH_LIB/wchble_rom_mesh.hex	0x0005cec4	6	known-prefix	1fe3
2	tmp/wch-evt/evt/QingkeV4C_CH32V20x_EVT/EXAM/BLE/MESH/MESH_LIB/wchble_rom_mesh.hex	0x0005cecc	6	known-prefix	9fe0
2	tmp/wch-evt/evt/QingkeV4C_CH32V20x_EVT/EXAM/BLE/MESH/MESH_LIB/wchble_rom_mesh.hex	0x0005cf28	6	known-prefix	dfdc
2	tmp/wch-evt/evt/QingkeV4C_CH32V20x_EVT/EXAM/BLE/MESH/MESH_LIB/wchble_rom_mesh.hex	0x0005cf30	6	known-prefix	5fda
2	tmp/wch-evt/evt/QingkeV4C_CH32V20x_EVT/EXAM/BLE/MESH/MESH_LIB/wchble_rom_mesh.hex	0x0005cf6e	20	known-prefix	7fd8
2	tmp/wch-evt/evt/QingkeV4C_CH32V20x_EVT/EXAM/BLE/MESH/MESH_LIB/wchble_rom_mesh.hex	0x0005cf76	20	known-prefix	ffd5
2	tmp/wch-evt/evt/QingkeV4C_CH32V20x_EVT/EXAM/BLE/MESH/MESH_LIB/wchble_rom_mesh.hex	0x0005cfc6	20	known-prefix	ffd2
2	tmp/wch-evt/evt/QingkeV4C_CH32V20x_EVT/EXAM/BLE/MESH/MESH_LIB/wchble_rom_mesh.hex	0x0005cfce	20	known-prefix	7fd0
2	tmp/wch-evt/evt/QingkeV4C_CH32V20x_EVT/EXAM/BLE/MESH/MESH_LIB/wchble_rom_mesh.hex	0x0005d024	6	known-prefix	1fcd
2	tmp/wch-evt/evt/QingkeV4C_CH32V20x_EVT/EXAM/BLE/MESH/MESH_LIB/wchble_rom_mesh.hex	0x0005d02c	6	known-prefix	9fca
2	tmp/wch-evt/evt/QingkeV4C_CH32V20x_EVT/EXAM/BLE/MESH/MESH_LIB/wchble_rom_mesh.hex	0x0005d142	8	known-prefix	bf8c
2	tmp/wch-evt/evt/QingkeV4C_CH32V20x_EVT/EXAM/BLE/MESH/MESH_LIB/wchble_rom_mesh.hex	0x0005d182	6	known-prefix	dfbe
2	tmp/wch-evt/evt/QingkeV4C_CH32V20x_EVT/EXAM/BLE/MESH/MESH_LIB/wchble_rom_mesh.hex	0x0005d256	6	known-prefix	dfe0
2	tmp/wch-evt/evt/QingkeV4C_CH32V20x_EVT/EXAM/BLE/MESH/MESH_LIB/wchble_rom_mesh.hex	0x0005d27c	8	known-prefix	bfad
2	tmp/wch-evt/evt/QingkeV4C_CH32V20x_EVT/EXAM/BLE/MESH/MESH_LIB/wchble_rom_mesh.hex	0x0005d2c2	20	known-prefix	7fdf
2	tmp/wch-evt/evt/QingkeV4C_CH32V20x_EVT/EXAM/BLE/MESH/MESH_LIB/wchble_rom_mesh.hex	0x0005d2e6	6	known-prefix	9fa1
2	tmp/wch-evt/evt/QingkeV4C_CH32V20x_EVT/EXAM/BLE/MESH/MESH_LIB/wchble_rom_mesh.hex	0x0005d2ee	8	known-prefix	bfdb
2	tmp/wch-evt/evt/QingkeV4C_CH32V20x_EVT/EXAM/BLE/MESH/MESH_LIB/wchble_rom_mesh.hex	0x0005d300	6	known-prefix	5f9f
2	tmp/wch-evt/evt/QingkeV4C_CH32V20x_EVT/EXAM/BLE/MESH/MESH_LIB/wchble_rom_mesh.hex	0x0005d30c	6	known-prefix	9f9c
2	tmp/wch-evt/evt/QingkeV4C_CH32V20x_EVT/EXAM/BLE/MESH/MESH_LIB/wchble_rom_mesh.hex	0x0005d316	6	known-prefix	dfd5
2	tmp/wch-evt/evt/QingkeV4C_CH32V20x_EVT/EXAM/BLE/MESH/MESH_LIB/wchble_rom_mesh.hex	0x0005d33e	8	known-prefix	bf9c
2	tmp/wch-evt/evt/QingkeV4C_CH32V20x_EVT/EXAM/BLE/MESH/MESH_LIB/wchble_rom_mesh.hex	0x0005d346	6	known-prefix	9fda
2	tmp/wch-evt/evt/QingkeV4C_CH32V20x_EVT/EXAM/BLE/MESH/MESH_LIB/wchble_rom_mesh.hex	0x0005d758	6	known-prefix	5ffd
2	tmp/wch-evt/evt/QingkeV4C_CH32V20x_EVT/EXAM/BLE/MESH/MESH_LIB/wchble_rom_mesh.hex	0x0005d83a	8	known-prefix	3fef
2	tmp/wch-evt/evt/QingkeV4C_CH32V20x_EVT/EXAM/BLE/MESH/MESH_LIB/wchble_rom_mesh.hex	0x0005d8a0	6	known-prefix	9fdb
2	tmp/wch-evt/evt/QingkeV4C_CH32V20x_EVT/EXAM/BLE/MESH/MESH_LIB/wchble_rom_mesh.hex	0x0005d98e	6	known-prefix	dfe2
2	tmp/wch-evt/evt/QingkeV4C_CH32V20x_EVT/EXAM/BLE/MESH/MESH_LIB/wchble_rom_mesh.hex	0x0005d9a2	18	known-prefix	7fcb
2	tmp/wch-evt/evt/QingkeV4C_CH32V20x_EVT/EXAM/BLE/MESH/MESH_LIB/wchble_rom_mesh.hex	0x0005da06	20	known-prefix	7fd0
2	tmp/wch-evt/evt/QingkeV4C_CH32V20x_EVT/EXAM/BLE/MESH/MESH_LIB/wchble_rom_mesh.hex	0x0005dafa	8	known-prefix	3f84
2	tmp/wch-evt/evt/QingkeV4C_CH32V20x_EVT/EXAM/BLE/MESH/MESH_LIB/wchble_rom_mesh.hex	0x0005db2e	14	known-prefix	ffae
2	tmp/wch-evt/evt/QingkeV4C_CH32V20x_EVT/EXAM/BLE/MESH/MESH_LIB/wchble_rom_mesh.hex	0x0005dc9e	6	known-prefix	1ff4
2	tmp/wch-evt/evt/QingkeV4C_CH32V20x_EVT/EXAM/BLE/MESH/MESH_LIB/wchble_rom_mesh.hex	0x0005dcae	8	known-prefix	bff0
2	tmp/wch-evt/evt/QingkeV4C_CH32V20x_EVT/EXAM/BLE/MESH/MESH_LIB/wchble_rom_mesh.hex	0x0005dcbe	6	known-prefix	1ff2
2	tmp/wch-evt/evt/QingkeV4C_CH32V20x_EVT/EXAM/BLE/MESH/MESH_LIB/wchble_rom_mesh.hex	0x0005dcce	8	known-prefix	bfee
2	tmp/wch-evt/evt/QingkeV4C_CH32V20x_EVT/EXAM/BLE/MESH/MESH_LIB/wchble_rom_mesh.hex	0x0005dd00	22	known-prefix	ffed
2	tmp/wch-evt/evt/QingkeV4C_CH32V20x_EVT/EXAM/BLE/MESH/MESH_LIB/wchble_rom_mesh.hex	0x0005dd0a	6	known-prefix	5fed
2	tmp/wch-evt/evt/QingkeV4C_CH32V20x_EVT/EXAM/BLE/MESH/MESH_LIB/wchble_rom_mesh.hex	0x0005de94	6	known-prefix	dfe7
2	tmp/wch-evt/evt/QingkeV4C_CH32V20x_EVT/EXAM/BLE/MESH/MESH_LIB/wchble_rom_mesh.hex	0x0005debc	6	known-prefix	5fe5
2	tmp/wch-evt/evt/QingkeV4C_CH32V20x_EVT/EXAM/BLE/MESH/MESH_LIB/wchble_rom_mesh.hex	0x0005dfea	8	known-prefix	3fc5
2	tmp/wch-evt/evt/QingkeV4C_CH32V20x_EVT/EXAM/BLE/MESH/MESH_LIB/wchble_rom_mesh.hex	0x0005e038	6	known-prefix	1fb8
2	tmp/wch-evt/evt/QingkeV4C_CH32V20x_EVT/EXAM/BLE/MESH/MESH_LIB/wchble_rom_mesh.hex	0x0005e0b0	6	known-prefix	9fb5
2	tmp/wch-evt/evt/QingkeV4C_CH32V20x_EVT/EXAM/BLE/MESH/MESH_LIB/wchble_rom_mesh.hex	0x0005e0c6	8	known-prefix	3faf
2	tmp/wch-evt/evt/QingkeV4C_CH32V20x_EVT/EXAM/BLE/MESH/MESH_LIB/wchble_rom_mesh.hex	0x0005e0e2	14	known-prefix	7fad
2	tmp/wch-evt/evt/QingkeV4C_CH32V20x_EVT/EXAM/BLE/MESH/MESH_LIB/wchble_rom_mesh.hex	0x0005e374	8	known-prefix	3f89
2	tmp/wch-evt/evt/QingkeV4C_CH32V20x_EVT/EXAM/BLE/MESH/MESH_LIB/wchble_rom_mesh.hex	0x0005e854	8	known-prefix	3ffe
2	tmp/wch-evt/evt/QingkeV4C_CH32V20x_EVT/EXAM/BLE/MESH/MESH_LIB/wchble_rom_mesh.hex	0x0005e89a	6	known-prefix	dff9
2	tmp/wch-evt/evt/QingkeV4C_CH32V20x_EVT/EXAM/BLE/MESH/MESH_LIB/wchble_rom_mesh.hex	0x0005e8dc	8	known-prefix	bff5
2	tmp/wch-evt/evt/QingkeV4C_CH32V20x_EVT/EXAM/BLE/MESH/MESH_LIB/wchble_rom_mesh.hex	0x0005e9c2	6	known-prefix	5fe7
2	tmp/wch-evt/evt/QingkeV4C_CH32V20x_EVT/EXAM/BLE/MESH/MESH_LIB/wchble_rom_mesh.hex	0x0005ead2	6	known-prefix	5fd6
2	tmp/wch-evt/evt/QingkeV4C_CH32V20x_EVT/EXAM/BLE/MESH/MESH_LIB/wchble_rom_mesh.hex	0x0005ec8e	8	known-prefix	bfb5
2	tmp/wch-evt/evt/QingkeV4C_CH32V20x_EVT/EXAM/BLE/MESH/MESH_LIB/wchble_rom_mesh.hex	0x0005f4e0	8	known-prefix	bfbd
2	tmp/wch-evt/evt/QingkeV4C_CH32V20x_EVT/EXAM/BLE/MESH/MESH_LIB/wchble_rom_mesh.hex	0x0005f508	6	known-prefix	dffa
2	tmp/wch-evt/evt/QingkeV4C_CH32V20x_EVT/EXAM/BLE/MESH/MESH_LIB/wchble_rom_mesh.hex	0x0005f59a	6	known-prefix	dfdd
2	tmp/wch-evt/evt/QingkeV4C_CH32V20x_EVT/EXAM/BLE/MESH/MESH_LIB/wchble_rom_mesh.hex	0x0005f5ac	8	known-prefix	3ff7
2	tmp/wch-evt/evt/QingkeV4C_CH32V20x_EVT/EXAM/BLE/MESH/MESH_LIB/wchble_rom_mesh.hex	0x0005f72e	6	known-prefix	9fc4
2	tmp/wch-evt/evt/QingkeV4C_CH32V20x_EVT/EXAM/BLE/MESH/MESH_LIB/wchble_rom_mesh.hex	0x0006012a	6	known-prefix	dfb2
2	tmp/wch-evt/evt/QingkeV4C_CH32V20x_EVT/EXAM/BLE/MESH/MESH_LIB/wchble_rom_mesh.hex	0x0006015a	6	known-prefix	dffd
2	tmp/wch-evt/evt/QingkeV4C_CH32V20x_EVT/EXAM/BLE/MESH/MESH_LIB/wchble_rom_mesh.hex	0x000602ea	6	known-prefix	9fd5
2	tmp/wch-evt/evt/QingkeV4C_CH32V20x_EVT/EXAM/BLE/MESH/MESH_LIB/wchble_rom_mesh.hex	0x00060306	6	known-prefix	dfb9
2	tmp/wch-evt/evt/QingkeV4C_CH32V20x_EVT/EXAM/BLE/MESH/MESH_LIB/wchble_rom_mesh.hex	0x00060314	6	known-prefix	5f86
2	tmp/wch-evt/evt/QingkeV4C_CH32V20x_EVT/EXAM/BLE/MESH/MESH_LIB/wchble_rom_mesh.hex	0x0006034a	6	known-prefix	9fcf
2	tmp/wch-evt/evt/QingkeV4C_CH32V20x_EVT/EXAM/BLE/MESH/MESH_LIB/wchble_rom_mesh.hex	0x0006038a	6	known-prefix	dfc4
2	tmp/wch-evt/evt/QingkeV4C_CH32V20x_EVT/EXAM/BLE/MESH/MESH_LIB/wchble_rom_mesh.hex	0x00060392	6	known-prefix	5fc4
2	tmp/wch-evt/evt/QingkeV4C_CH32V20x_EVT/EXAM/BLE/MESH/MESH_LIB/wchble_rom_mesh.hex	0x000603a0	8	known-prefix	3fca
2	tmp/wch-evt/evt/QingkeV4C_CH32V20x_EVT/EXAM/BLE/MESH/MESH_LIB/wchble_rom_mesh.hex	0x0006042c	8	known-prefix	bff4
2	tmp/wch-evt/evt/QingkeV4C_CH32V20x_EVT/EXAM/BLE/MESH/MESH_LIB/wchble_rom_mesh.hex	0x00060468	20	known-prefix	7fd5
2	tmp/wch-evt/evt/QingkeV4C_CH32V20x_EVT/EXAM/BLE/MESH/MESH_LIB/wchble_rom_mesh.hex	0x00060472	6	known-prefix	dfee
2	tmp/wch-evt/evt/QingkeV4C_CH32V20x_EVT/EXAM/BLE/MESH/MESH_LIB/wchble_rom_mesh.hex	0x00060498	18	known-prefix	ffcb
2	tmp/wch-evt/evt/QingkeV4C_CH32V20x_EVT/EXAM/BLE/MESH/MESH_LIB/wchble_rom_mesh.hex	0x00060566	6	known-prefix	dfe4
2	tmp/wch-evt/evt/QingkeV4C_CH32V20x_EVT/EXAM/BLE/MESH/MESH_LIB/wchble_rom_mesh.hex	0x0006057a	6	known-prefix	5ff8
2	tmp/wch-evt/evt/QingkeV4C_CH32V20x_EVT/EXAM/BLE/MESH/MESH_LIB/wchble_rom_mesh.hex	0x00060622	8	known-prefix	3fe9
2	tmp/wch-evt/evt/QingkeV4C_CH32V20x_EVT/EXAM/BLE/MESH/MESH_LIB/wchble_rom_mesh.hex	0x000606bc	6	known-prefix	9fe7
2	tmp/wch-evt/evt/QingkeV4C_CH32V20x_EVT/EXAM/BLE/MESH/MESH_LIB/wchble_rom_mesh.hex	0x00060804	6	known-prefix	1fcb
2	tmp/wch-evt/evt/QingkeV4C_CH32V20x_EVT/EXAM/BLE/MESH/MESH_LIB/wchble_rom_mesh.hex	0x00060880	12	known-prefix	ff93
2	tmp/wch-evt/evt/QingkeV4C_CH32V20x_EVT/EXAM/BLE/MESH/MESH_LIB/wchble_rom_mesh.hex	0x00060886	6	known-prefix	9fad
2	tmp/wch-evt/evt/QingkeV4C_CH32V20x_EVT/EXAM/BLE/MESH/MESH_LIB/wchble_rom_mesh.hex	0x0006090e	6	known-prefix	dfbf
2	tmp/wch-evt/evt/QingkeV4C_CH32V20x_EVT/EXAM/BLE/MESH/MESH_LIB/wchble_rom_mesh.hex	0x0006094e	6	known-prefix	1fa1
2	tmp/wch-evt/evt/QingkeV4C_CH32V20x_EVT/EXAM/BLE/MESH/MESH_LIB/wchble_rom_mesh.hex	0x0006095e	8	known-prefix	bfb3
2	tmp/wch-evt/evt/QingkeV4C_CH32V20x_EVT/EXAM/BLE/MESH/MESH_LIB/wchble_rom_mesh.hex	0x00060a86	8	known-prefix	3fa1
2	tmp/wch-evt/evt/QingkeV4C_CH32V20x_EVT/EXAM/BLE/MESH/MESH_LIB/wchble_rom_mesh.hex	0x00060ada	6	known-prefix	5f88
2	tmp/wch-evt/evt/QingkeV4C_CH32V20x_EVT/EXAM/BLE/MESH/MESH_LIB/wchble_rom_mesh.hex	0x00060e78	6	known-prefix	1fea
2	tmp/wch-evt/evt/QingkeV4C_CH32V20x_EVT/EXAM/BLE/MESH/MESH_LIB/wchble_rom_mesh.hex	0x00060eba	22	known-prefix	ffe5
2	tmp/wch-evt/evt/QingkeV4C_CH32V20x_EVT/EXAM/BLE/MESH/MESH_LIB/wchble_rom_mesh.hex	0x00060f4a	20	known-prefix	ffdc
2	tmp/wch-evt/evt/QingkeV4C_CH32V20x_EVT/EXAM/BLE/MESH/MESH_LIB/wchble_rom_mesh.hex	0x0006138c	8	known-prefix	3fd4
2	tmp/wch-evt/evt/QingkeV4C_CH32V20x_EVT/EXAM/BLE/MESH/MESH_LIB/wchble_rom_mesh.hex	0x0006174a	6	known-prefix	dff4
2	tmp/wch-evt/evt/QingkeV4C_CH32V20x_EVT/EXAM/BLE/MESH/MESH_LIB/wchble_rom_mesh.hex	0x00061846	8	known-prefix	bf94
2	tmp/wch-evt/evt/QingkeV4C_CH32V20x_EVT/EXAM/BLE/MESH/MESH_LIB/wchble_rom_mesh.hex	0x000619fe	6	known-prefix	9fc9
2	tmp/wch-evt/evt/QingkeV4C_CH32V20x_EVT/EXAM/BLE/MESH/MESH_LIB/wchble_rom_mesh.hex	0x00061a3a	6	known-prefix	dfc5
2	tmp/wch-evt/evt/QingkeV4C_CH32V20x_EVT/EXAM/BLE/MESH/MESH_LIB/wchble_rom_mesh.hex	0x00061a6c	8	known-prefix	bfc2
2	tmp/wch-evt/evt/QingkeV4C_CH32V20x_EVT/EXAM/BLE/MESH/MESH_LIB/wchble_rom_mesh.hex	0x00061d22	unknown	reserved-ge-192	7fff
2	tmp/wch-evt/evt/QingkeV4C_CH32V20x_EVT/EXAM/BLE/MESH/MESH_LIB/wchble_rom_mesh.hex	0x00061dc8	10	known-prefix	ff8c
2	tmp/wch-evt/evt/QingkeV4C_CH32V20x_EVT/EXAM/BLE/MESH/MESH_LIB/wchble_rom_mesh.hex	0x00061e24	8	known-prefix	3fe0
2	tmp/wch-evt/evt/QingkeV4C_CH32V20x_EVT/EXAM/BLE/MESH/MESH_LIB/wchble_rom_mesh.hex	0x00061e90	20	known-prefix	7fd9
2	tmp/wch-evt/evt/QingkeV4C_CH32V20x_EVT/EXAM/BLE/MESH/MESH_LIB/wchble_rom_mesh.hex	0x0006223c	6	known-prefix	9fec
2	tmp/wch-evt/evt/QingkeV4C_CH32V20x_EVT/EXAM/BLE/MESH/MESH_LIB/wchble_rom_mesh.hex	0x000622ec	8	known-prefix	3ff9
2	tmp/wch-evt/evt/QingkeV4C_CH32V20x_EVT/EXAM/BLE/MESH/MESH_LIB/wchble_rom_mesh.hex	0x00063e50	8	known-prefix	3fda
2	tmp/wch-evt/evt/QingkeV4C_CH32V20x_EVT/EXAM/BLE/MESH/MESH_LIB/wchble_rom_mesh.hex	0x00063eba	6	known-prefix	9fd3
2	tmp/wch-evt/evt/QingkeV4C_CH32V20x_EVT/EXAM/BLE/MESH/MESH_LIB/wchble_rom_mesh.hex	0x00063f4a	6	known-prefix	dffe
2	tmp/wch-evt/evt/QingkeV4C_CH32V20x_EVT/EXAM/BLE/MESH/MESH_LIB/wchble_rom_mesh.hex	0x000640e6	6	known-prefix	5ffc
2	tmp/wch-evt/evt/QingkeV4C_CH32V20x_EVT/EXAM/BLE/MESH/MESH_LIB/wchble_rom_mesh.hex	0x00064142	6	known-prefix	9ff6
2	tmp/wch-evt/evt/QingkeV4C_CH32V20x_EVT/EXAM/BLE/MESH/MESH_LIB/wchble_rom_mesh.hex	0x0006416c	8	known-prefix	bffc
2	tmp/wch-evt/evt/QingkeV4C_CH32V20x_EVT/EXAM/BLE/MESH/MESH_LIB/wchble_rom_mesh.hex	0x000641aa	6	known-prefix	1ff0
2	tmp/wch-evt/evt/QingkeV4C_CH32V20x_EVT/EXAM/BLE/MESH/MESH_LIB/wchble_rom_mesh.hex	0x000641ec	22	known-prefix	ffeb
2	tmp/wch-evt/evt/QingkeV4C_CH32V20x_EVT/EXAM/BLE/MESH/MESH_LIB/wchble_rom_mesh.hex	0x000642ba	6	known-prefix	1fdf
2	tmp/wch-evt/evt/QingkeV4C_CH32V20x_EVT/EXAM/BLE/MESH/MESH_LIB/wchble_rom_mesh.hex	0x000642e8	8	known-prefix	3fdc
2	tmp/wch-evt/evt/QingkeV4C_CH32V20x_EVT/EXAM/BLE/MESH/MESH_LIB/wchble_rom_mesh.hex	0x00064320	8	known-prefix	bfd8
2	tmp/wch-evt/evt/QingkeV4C_CH32V20x_EVT/EXAM/BLE/MESH/MESH_LIB/wchble_rom_mesh.hex	0x0006434e	6	known-prefix	dfd5
2	tmp/wch-evt/evt/QingkeV4C_CH32V20x_EVT/EXAM/BLE/MESH/MESH_LIB/wchble_rom_mesh.hex	0x0006437c	20	known-prefix	ffd2
2	tmp/wch-evt/evt/QingkeV4C_CH32V20x_EVT/EXAM/BLE/MESH/MESH_LIB/wchble_rom_mesh.hex	0x000643b4	8	known-prefix	3fd8
2	tmp/wch-evt/evt/QingkeV4C_CH32V20x_EVT/EXAM/BLE/MESH/MESH_LIB/wchble_rom_mesh.hex	0x0006452c	16	known-prefix	ffb7
2	tmp/wch-evt/evt/QingkeV4C_CH32V20x_EVT/EXAM/BLE/MESH/MESH_LIB/wchble_rom_mesh.hex	0x000645a4	8	known-prefix	bfa0
2	tmp/wch-evt/evt/QingkeV4C_CH32V20x_EVT/EXAM/BLE/MESH/MESH_LIB/wchble_rom_mesh.hex	0x000645b0	8	known-prefix	bfaf
2	tmp/wch-evt/evt/QingkeV4C_CH32V20x_EVT/EXAM/BLE/MESH/MESH_LIB/wchble_rom_mesh.hex	0x000645d2	6	known-prefix	9fad
2	tmp/wch-evt/evt/QingkeV4C_CH32V20x_EVT/EXAM/BLE/MESH/MESH_LIB/wchble_rom_mesh.hex	0x000645f4	14	known-prefix	7fab
2	tmp/wch-evt/evt/QingkeV4C_CH32V20x_EVT/EXAM/BLE/MESH/MESH_LIB/wchble_rom_mesh.hex	0x00064616	6	known-prefix	5fa9
2	tmp/wch-evt/evt/QingkeV4C_CH32V20x_EVT/EXAM/BLE/MESH/MESH_LIB/wchble_rom_mesh.hex	0x0006462a	6	known-prefix	1fa8
2	tmp/wch-evt/evt/QingkeV4C_CH32V20x_EVT/EXAM/BLE/MESH/MESH_LIB/wchble_rom_mesh.hex	0x000646c8	8	known-prefix	3f9e
2	tmp/wch-evt/evt/QingkeV4C_CH32V20x_EVT/EXAM/BLE/MESH/MESH_LIB/wchble_rom_mesh.hex	0x000646fa	unknown	reserved-ge-192	fff4
2	tmp/wch-evt/evt/QingkeV4C_CH32V20x_EVT/EXAM/BLE/MESH/MESH_LIB/wchble_rom_mesh.hex	0x00064802	unknown	reserved-ge-192	7ff9
2	tmp/wch-evt/evt/QingkeV4C_CH32V20x_EVT/EXAM/BLE/MESH/MESH_LIB/wchble_rom_mesh.hex	0x000648e2	22	known-prefix	7feb
2	tmp/wch-evt/evt/QingkeV4C_CH32V20x_EVT/EXAM/BLE/MESH/MESH_LIB/wchble_rom_mesh.hex	0x000649ba	6	known-prefix	9f80
2	tmp/wch-evt/evt/QingkeV4C_CH32V20x_EVT/EXAM/BLE/MESH/MESH_LIB/wchble_rom_mesh.hex	0x00064a26	6	known-prefix	5f88
2	tmp/wch-evt/evt/QingkeV4C_CH32V20x_EVT/EXAM/BLE/MESH/MESH_LIB/wchble_rom_mesh.hex	0x00064bea	6	known-prefix	df8c
2	tmp/wch-evt/evt/QingkeV4C_CH32V20x_EVT/EXAM/BLE/MESH/MESH_LIB/wchble_rom_mesh.hex	0x00064c74	6	known-prefix	5f98
2	tmp/wch-evt/evt/QingkeV4C_CH32V20x_EVT/EXAM/BLE/MESH/MESH_LIB/wchble_rom_mesh.hex	0x00064cc2	12	known-prefix	7f91
2	tmp/wch-evt/evt/QingkeV4C_CH32V20x_EVT/EXAM/BLE/MESH/MESH_LIB/wchble_rom_mesh.hex	0x00064d04	6	known-prefix	5fc6
2	tmp/wch-evt/evt/QingkeV4C_CH32V20x_EVT/EXAM/BLE/MESH/MESH_LIB/wchble_rom_mesh.hex	0x00064d18	6	known-prefix	5fd7
2	tmp/wch-evt/evt/QingkeV4C_CH32V20x_EVT/EXAM/BLE/MESH/MESH_LIB/wchble_rom_mesh.hex	0x00064d2c	12	known-prefix	7f91
2	tmp/wch-evt/evt/QingkeV4C_CH32V20x_EVT/EXAM/BLE/MESH/MESH_LIB/wchble_rom_mesh.hex	0x00064d42	14	known-prefix	7fa3
2	tmp/wch-evt/evt/QingkeV4C_CH32V20x_EVT/EXAM/BLE/MESH/MESH_LIB/wchble_rom_mesh.hex	0x00064d58	6	known-prefix	1f98
2	tmp/wch-evt/evt/QingkeV4C_CH32V20x_EVT/EXAM/BLE/MESH/MESH_LIB/wchble_rom_mesh.hex	0x00064d86	6	known-prefix	9fa3
2	tmp/wch-evt/evt/QingkeV4C_CH32V20x_EVT/EXAM/BLE/MESH/MESH_LIB/wchble_rom_mesh.hex	0x00064d9e	14	known-prefix	7fa4
2	tmp/wch-evt/evt/QingkeV4C_CH32V20x_EVT/EXAM/BLE/MESH/MESH_LIB/wchble_rom_mesh.hex	0x00064db6	16	known-prefix	7fb0
2	tmp/wch-evt/evt/QingkeV4C_CH32V20x_EVT/EXAM/BLE/MESH/MESH_LIB/wchble_rom_mesh.hex	0x00064dec	16	known-prefix	7fbc
2	tmp/wch-evt/evt/QingkeV4C_CH32V20x_EVT/EXAM/BLE/MESH/MESH_LIB/wchble_rom_mesh.hex	0x00064e06	16	known-prefix	7fbf
2	tmp/wch-evt/evt/QingkeV4C_CH32V20x_EVT/EXAM/BLE/MESH/MESH_LIB/wchble_rom_mesh.hex	0x00064e1a	6	known-prefix	1f80
2	tmp/wch-evt/evt/QingkeV4C_CH32V20x_EVT/EXAM/BLE/MESH/MESH_LIB/wchble_rom_mesh.hex	0x00064e34	6	known-prefix	1f89
2	tmp/wch-evt/evt/QingkeV4C_CH32V20x_EVT/EXAM/BLE/MESH/MESH_LIB/wchble_rom_mesh.hex	0x00064e50	6	known-prefix	9f80
2	tmp/wch-evt/evt/QingkeV4C_CH32V20x_EVT/EXAM/BLE/MESH/MESH_LIB/wchble_rom_mesh.hex	0x00064e68	6	known-prefix	9f8f
2	tmp/wch-evt/evt/QingkeV4C_CH32V20x_EVT/EXAM/BLE/MESH/MESH_LIB/wchble_rom_mesh.hex	0x00064e80	12	known-prefix	ff91
2	tmp/wch-evt/evt/QingkeV4C_CH32V20x_EVT/EXAM/BLE/MESH/MESH_LIB/wchble_rom_mesh.hex	0x00064e9a	6	known-prefix	1f9b
2	tmp/wch-evt/evt/QingkeV4C_CH32V20x_EVT/EXAM/BLE/MESH/MESH_LIB/wchble_rom_mesh.hex	0x00064fba	6	known-prefix	1ff6
2	tmp/wch-evt/evt/QingkeV4C_CH32V20x_EVT/EXAM/BLE/MESH/MESH_LIB/wchble_rom_mesh.hex	0x0006505e	6	known-prefix	dfeb
2	tmp/wch-evt/evt/QingkeV4C_CH32V20x_EVT/EXAM/BLE/MESH/MESH_LIB/wchble_rom_mesh.hex	0x00065070	6	known-prefix	dfa1
2	tmp/wch-evt/evt/QingkeV4C_CH32V20x_EVT/EXAM/BLE/MESH/MESH_LIB/wchble_rom_mesh.hex	0x00065090	8	known-prefix	bfe8
2	tmp/wch-evt/evt/QingkeV4C_CH32V20x_EVT/EXAM/BLE/MESH/MESH_LIB/wchble_rom_mesh.hex	0x000650b0	8	known-prefix	bfe6
2	tmp/wch-evt/evt/QingkeV4C_CH32V20x_EVT/EXAM/BLE/MESH/MESH_LIB/wchble_rom_mesh.hex	0x000650c6	6	known-prefix	5fe5
2	tmp/wch-evt/evt/QingkeV4C_CH32V20x_EVT/EXAM/BLE/MESH/MESH_LIB/wchble_rom_mesh.hex	0x000650d4	8	known-prefix	3f84
2	tmp/wch-evt/evt/QingkeV4C_CH32V20x_EVT/EXAM/BLE/MESH/MESH_LIB/wchble_rom_mesh.hex	0x00065472	16	known-prefix	ffb6
2	tmp/wch-evt/evt/QingkeV4C_CH32V20x_EVT/EXAM/BLE/MESH/MESH_LIB/wchble_rom_mesh.hex	0x000654c8	6	known-prefix	dfb5
2	tmp/wch-evt/evt/QingkeV4C_CH32V20x_EVT/EXAM/BLE/MESH/MESH_LIB/wchble_rom_mesh.hex	0x00065606	6	known-prefix	df9f
2	tmp/wch-evt/evt/QingkeV4C_CH32V20x_EVT/EXAM/BLE/MESH/MESH_LIB/wchble_rom_mesh.hex	0x00065612	8	known-prefix	3f9a
2	tmp/wch-evt/evt/QingkeV4C_CH32V20x_EVT/EXAM/BLE/MESH/MESH_LIB/wchble_rom_mesh.hex	0x00065646	14	known-prefix	ffa2
2	tmp/wch-evt/evt/QingkeV4C_CH32V20x_EVT/EXAM/BLE/MESH/MESH_LIB/wchble_rom_mesh.hex	0x00065678	6	known-prefix	1fec
2	tmp/wch-evt/evt/QingkeV4C_CH32V20x_EVT/EXAM/BLE/MESH/MESH_LIB/wchble_rom_mesh.hex	0x00065846	6	known-prefix	9fd1
2	tmp/wch-evt/evt/QingkeV4C_CH32V20x_EVT/EXAM/BLE/MESH/MESH_LIB/wchble_rom_mesh.hex	0x00065966	6	known-prefix	1fd3
2	tmp/wch-evt/evt/QingkeV4C_CH32V20x_EVT/EXAM/BLE/MESH/MESH_LIB/wchble_rom_mesh.hex	0x00065d1a	8	known-prefix	bfe4
2	tmp/wch-evt/evt/QingkeV4C_CH32V20x_EVT/EXAM/BLE/MESH/MESH_LIB/wchble_rom_mesh.hex	0x00065fa2	8	known-prefix	3f00
2	tmp/wch-evt/evt/QingkeV4C_CH32V20x_EVT/EXAM/BLE/MESH/MESH_LIB/wchble_rom_mesh.hex	0x00065ffc	8	known-prefix	3f00
2	tmp/wch-evt/evt/QingkeV4C_CH32V20x_EVT/EXAM/BLE/MESH/MESH_LIB/wchble_rom_mesh.hex	0x00066186	unknown	reserved-ge-192	7ff0
2	tmp/wch-evt/evt/QingkeV4C_CH32V20x_EVT/EXAM/BLE/MESH/MESH_LIB/wchble_rom_mesh.hex	0x000661e4	8	known-prefix	bff2
2	tmp/wch-evt/evt/QingkeV4C_CH32V20x_EVT/EXAM/BLE/MESH/MESH_LIB/wchble_rom_mesh.hex	0x0006642c	8	known-prefix	3fce
2	tmp/wch-evt/evt/QingkeV4C_CH32V20x_EVT/EXAM/BLE/MESH/MESH_LIB/wchble_rom_mesh.hex	0x00066536	8	known-prefix	3f80
2	tmp/wch-evt/evt/QingkeV4C_CH32V20x_EVT/EXAM/BLE/MESH/MESH_LIB/wchble_rom_mesh.hex	0x0006653e	22	known-prefix	7fea
2	tmp/wch-evt/evt/QingkeV4C_CH32V20x_EVT/EXAM/BLE/MESH/MESH_LIB/wchble_rom_mesh.hex	0x0006664a	8	known-prefix	3fa4
2	tmp/wch-evt/evt/QingkeV4C_CH32V20x_EVT/EXAM/BLE/MESH/MESH_LIB/wchble_rom_mesh.hex	0x0006666a	6	known-prefix	5ffd
2	tmp/wch-evt/evt/QingkeV4C_CH32V20x_EVT/EXAM/BLE/MESH/MESH_LIB/wchble_rom_mesh.hex	0x00066694	8	known-prefix	bffa
2	tmp/wch-evt/evt/QingkeV4C_CH32V20x_EVT/EXAM/BLE/MESH/MESH_LIB/wchble_rom_mesh.hex	0x000667cc	8	known-prefix	3fe7
2	tmp/wch-evt/evt/QingkeV4C_CH32V20x_EVT/EXAM/BLE/MESH/MESH_LIB/wchble_rom_mesh.hex	0x00066814	8	known-prefix	bfe2
2	tmp/wch-evt/evt/QingkeV4C_CH32V20x_EVT/EXAM/BLE/MESH/MESH_LIB/wchble_rom_mesh.hex	0x000668a0	20	known-prefix	ffd9
2	tmp/wch-evt/evt/QingkeV4C_CH32V20x_EVT/EXAM/BLE/MESH/MESH_LIB/wchble_rom_mesh.hex	0x00066940	18	known-prefix	ffc3
2	tmp/wch-evt/evt/QingkeV4C_CH32V20x_EVT/EXAM/BLE/MESH/MESH_LIB/wchble_rom_mesh.hex	0x00066d04	8	known-prefix	bf87
2	tmp/wch-evt/evt/QingkeV4C_CH32V20x_EVT/EXAM/BLE/MESH/MESH_LIB/wchble_rom_mesh.hex	0x00066fec	unknown	reserved-ge-192	7ff3
2	tmp/wch-evt/evt/QingkeV4C_CH32V20x_EVT/EXAM/BLE/MESH/MESH_LIB/wchble_rom_mesh.hex	0x00067200	18	known-prefix	7fc6
2	tmp/wch-evt/evt/QingkeV4C_CH32V20x_EVT/EXAM/BLE/MESH/MESH_LIB/wchble_rom_mesh.hex	0x0006745e	6	known-prefix	dfa1
2	tmp/wch-evt/evt/QingkeV4C_CH32V20x_EVT/EXAM/BLE/MESH/MESH_LIB/wchble_rom_mesh.hex	0x000674a8	6	known-prefix	5fbe
2	tmp/wch-evt/evt/QingkeV4C_CH32V20x_EVT/EXAM/BLE/MESH/MESH_LIB/wchble_rom_mesh.hex	0x000674d0	12	known-prefix	7f99
2	tmp/wch-evt/evt/QingkeV4C_CH32V20x_EVT/EXAM/BLE/MESH/MESH_LIB/wchble_rom_mesh.hex	0x00067600	10	known-prefix	7f86
2	tmp/wch-evt/evt/QingkeV4C_CH32V20x_EVT/EXAM/BLE/MESH/MESH_LIB/wchble_rom_mesh.hex	0x00067694	6	known-prefix	9f9f
2	tmp/wch-evt/evt/QingkeV4C_CH32V20x_EVT/EXAM/BLE/MESH/MESH_LIB/wchble_rom_mesh.hex	0x000676ca	unknown	reserved-ge-192	fff5
2	tmp/wch-evt/evt/QingkeV4C_CH32V20x_EVT/EXAM/BLE/MESH/MESH_LIB/wchble_rom_mesh.hex	0x0006779a	6	known-prefix	5f97
2	tmp/wch-evt/evt/QingkeV4C_CH32V20x_EVT/EXAM/BLE/MESH/MESH_LIB/wchble_rom_mesh.hex	0x000677ec	6	known-prefix	1fed
2	tmp/wch-evt/evt/QingkeV4C_CH32V20x_EVT/EXAM/BLE/MESH/MESH_LIB/wchble_rom_mesh.hex	0x00067826	6	known-prefix	9fe1
2	tmp/wch-evt/evt/QingkeV4C_CH32V20x_EVT/EXAM/BLE/MESH/MESH_LIB/wchble_rom_mesh.hex	0x00067838	22	known-prefix	7fe0
2	tmp/wch-evt/evt/QingkeV4C_CH32V20x_EVT/EXAM/BLE/MESH/MESH_LIB/wchble_rom_mesh.hex	0x0006791e	6	known-prefix	dfe1
2	tmp/wch-evt/evt/QingkeV4C_CH32V20x_EVT/EXAM/BLE/MESH/MESH_LIB/wchble_rom_mesh.hex	0x0006793c	6	known-prefix	1fd8
2	tmp/wch-evt/evt/QingkeV4C_CH32V20x_EVT/EXAM/BLE/MESH/MESH_LIB/wchble_rom_mesh.hex	0x00067a5c	6	known-prefix	dfbc
2	tmp/wch-evt/evt/QingkeV4C_CH32V20x_EVT/EXAM/BLE/MESH/MESH_LIB/wchble_rom_mesh.hex	0x00067b7e	6	known-prefix	1fa0
2	tmp/wch-evt/evt/QingkeV4C_CH32V20x_EVT/EXAM/BLE/MESH/MESH_LIB/wchble_rom_mesh.hex	0x00067bf0	6	known-prefix	df8d
2	tmp/wch-evt/evt/QingkeV4C_CH32V20x_EVT/EXAM/BLE/MESH/MESH_LIB/wchble_rom_mesh.hex	0x00067c66	unknown	reserved-ge-192	7ffc
2	tmp/wch-evt/evt/QingkeV4C_CH32V20x_EVT/EXAM/BLE/MESH/MESH_LIB/wchble_rom_mesh.hex	0x00068c6c	6	known-prefix	df02
2	tmp/wch-evt/evt/QingkeV4C_CH32V20x_EVT/EXAM/BLE/MESH/MESH_LIB/wchble_rom_mesh.hex	0x00068c74	10	known-prefix	ff00
2	tmp/wch-evt/evt/QingkeV4C_CH32V20x_EVT/EXAM/BLE/MESH/MESH_LIB/wchble_rom_mesh.hex	0x00068ca6	6	known-prefix	df02
2	tmp/wch-evt/evt/QingkeV4C_CH32V20x_EVT/EXAM/BLE/MESH/MESH_LIB/wchble_rom_mesh.hex	0x00068cae	10	known-prefix	ff00
2	tmp/wch-evt/evt/QingkeV4C_CH32V20x_EVT/EXAM/BLE/MESH/MESH_LIB/wchble_rom_mesh.hex	0x00069240	6	known-prefix	5ff9
2	tmp/wch-evt/evt/QingkeV4C_CH32V20x_EVT/EXAM/BLE/MESH/MESH_LIB/wchble_rom_mesh.hex	0x00069286	8	known-prefix	bfec
2	tmp/wch-evt/evt/QingkeV4C_CH32V20x_EVT/EXAM/BLE/MESH/MESH_LIB/wchble_rom_mesh.hex	0x000692ca	6	known-prefix	dfec
2	tmp/wch-evt/evt/QingkeV4C_CH32V20x_EVT/EXAM/BLE/MESH/MESH_LIB/wchble_rom_mesh.hex	0x0006943a	6	known-prefix	1fc7
2	tmp/wch-evt/evt/QingkeV4C_CH32V20x_EVT/EXAM/BLE/MESH/MESH_LIB/wchble_rom_mesh.hex	0x00069466	6	known-prefix	5fc4
2	tmp/wch-evt/evt/QingkeV4C_CH32V20x_EVT/EXAM/BLE/MESH/MESH_LIB/wchble_rom_mesh.hex	0x000694ae	6	known-prefix	dfbf
2	tmp/wch-evt/evt/QingkeV4C_CH32V20x_EVT/EXAM/BLE/MESH/MESH_LIB/wchble_rom_mesh.hex	0x000695c0	16	known-prefix	7fb7
2	tmp/wch-evt/evt/QingkeV4C_CH32V20x_EVT/EXAM/BLE/MESH/MESH_LIB/wchble_rom_mesh.hex	0x000695ca	6	known-prefix	5fd9
2	tmp/wch-evt/evt/QingkeV4C_CH32V20x_EVT/EXAM/BLE/MESH/MESH_LIB/wchble_rom_mesh.hex	0x0006963a	6	known-prefix	9fa7
2	tmp/wch-evt/evt/QingkeV4C_CH32V20x_EVT/EXAM/BLE/MESH/MESH_LIB/wchble_rom_mesh.hex	0x00069690	8	known-prefix	bfa1
2	tmp/wch-evt/evt/QingkeV4C_CH32V20x_EVT/EXAM/BLE/MESH/MESH_LIB/wchble_rom_mesh.hex	0x00069724	8	known-prefix	bf9a
2	tmp/wch-evt/evt/QingkeV4C_CH32V20x_EVT/EXAM/BLE/MESH/MESH_LIB/wchble_rom_mesh.hex	0x000697be	6	known-prefix	df8e
2	tmp/wch-evt/evt/QingkeV4C_CH32V20x_EVT/EXAM/BLE/MESH/MESH_LIB/wchble_rom_mesh.hex	0x000697fc	10	known-prefix	ff8a
2	tmp/wch-evt/evt/QingkeV4C_CH32V20x_EVT/EXAM/BLE/MESH/MESH_LIB/wchble_rom_mesh.hex	0x00069aba	8	known-prefix	3ffd
2	tmp/wch-evt/evt/QingkeV4C_CH32V20x_EVT/EXAM/BLE/MESH/MESH_LIB/wchble_rom_mesh.hex	0x00069e9c	8	known-prefix	bf96
2	tmp/wch-evt/evt/QingkeV4C_CH32V20x_EVT/EXAM/BLE/MESH/MESH_LIB/wchble_rom_mesh.hex	0x00069ee0	6	known-prefix	9fa6
2	tmp/wch-evt/evt/QingkeV4C_CH32V20x_EVT/EXAM/BLE/MESH/MESH_LIB/wchble_rom_mesh.hex	0x0006a220	6	known-prefix	9fbf
2	tmp/wch-evt/evt/QingkeV4C_CH32V20x_EVT/EXAM/BLE/MESH/MESH_LIB/wchble_rom_mesh.hex	0x0006a228	6	known-prefix	dfb8
2	tmp/wch-evt/evt/QingkeV4C_CH32V20x_EVT/EXAM/BLE/MESH/MESH_LIB/wchble_rom_mesh.hex	0x0006a396	6	known-prefix	1fda
2	tmp/wch-evt/evt/QingkeV4C_CH32V20x_EVT/EXAM/BLE/MESH/MESH_LIB/wchble_rom_mesh.hex	0x0006a504	8	known-prefix	3fc3
2	tmp/wch-evt/evt/QingkeV4C_CH32V20x_EVT/EXAM/BLE/MESH/MESH_LIB/wchble_rom_mesh.hex	0x0006a6ee	6	known-prefix	1fc7
2	tmp/wch-evt/evt/QingkeV4C_CH32V20x_EVT/EXAM/BLE/MESH/MESH_LIB/wchble_rom_mesh.hex	0x0006a6fc	8	known-prefix	3fc6
2	tmp/wch-evt/evt/QingkeV4C_CH32V20x_EVT/EXAM/BLE/MESH/MESH_LIB/wchble_rom_mesh.hex	0x0006a804	8	known-prefix	3f93
2	tmp/wch-evt/evt/QingkeV4C_CH32V20x_EVT/EXAM/BLE/MESH/MESH_LIB/wchble_rom_mesh.hex	0x0006a890	8	known-prefix	bf81
2	tmp/wch-evt/evt/QingkeV4C_CH32V20x_EVT/EXAM/BLE/MESH/MESH_LIB/wchble_rom_mesh.hex	0x0006a956	6	known-prefix	9fd4
2	tmp/wch-evt/evt/QingkeV4C_CH32V20x_EVT/EXAM/BLE/MESH/MESH_LIB/wchble_rom_mesh.hex	0x0006a95a	6	known-prefix	9fd8
2	tmp/wch-evt/evt/QingkeV4C_CH32V20x_EVT/EXAM/BLE/MESH/MESH_LIB/wchble_rom_mesh.hex	0x0006a95e	20	known-prefix	ffdc
2	tmp/wch-evt/evt/QingkeV4C_CH32V20x_EVT/EXAM/BLE/MESH/MESH_LIB/wchble_rom_mesh.hex	0x0006a962	6	known-prefix	dfe1
2	tmp/wch-evt/evt/QingkeV4C_CH32V20x_EVT/EXAM/BLE/MESH/MESH_LIB/wchble_rom_mesh.hex	0x0006a966	8	known-prefix	bfe7
2	tmp/wch-evt/evt/QingkeV4C_CH32V20x_EVT/EXAM/BLE/MESH/MESH_LIB/wchble_rom_mesh.hex	0x0006a96a	6	known-prefix	dff3
2	tmp/wch-evt/evt/QingkeV4C_CH32V20x_EVT/EXAM/BLE/MESH/MESH_LIB/wchble_rom_mesh.hex	0x0006a96e	22	known-prefix	7feb
2	tmp/wch-evt/evt/QingkeV4C_CH32V20x_EVT/EXAM/BLE/MESH/MESH_LIB/wchble_rom_mesh.hex	0x0006a972	22	known-prefix	ffee
2	tmp/wch-evt/evt/QingkeV4C_CH32V20x_EVT/EXAM/BLE/MESH/MESH_LIB/wchble_rom_mesh.hex	0x0006a978	unknown	reserved-ge-192	fff6
2	tmp/wch-evt/evt/QingkeV4C_CH32V20x_EVT/EXAM/BLE/MESH/MESH_LIB/wchble_rom_mesh.hex	0x0006a986	8	known-prefix	bf84
2	tmp/wch-evt/evt/QingkeV4C_CH32V20x_EVT/EXAM/BLE/MESH/MESH_LIB/wchble_rom_mesh.hex	0x0006a98a	6	known-prefix	df89
2	tmp/wch-evt/evt/QingkeV4C_CH32V20x_EVT/EXAM/BLE/MESH/MESH_LIB/wchble_rom_mesh.hex	0x0006a98e	6	known-prefix	df8f
2	tmp/wch-evt/evt/QingkeV4C_CH32V20x_EVT/EXAM/BLE/MESH/MESH_LIB/wchble_rom_mesh.hex	0x0006a992	8	known-prefix	bf95
2	tmp/wch-evt/evt/QingkeV4C_CH32V20x_EVT/EXAM/BLE/MESH/MESH_LIB/wchble_rom_mesh.hex	0x0006a996	6	known-prefix	df9a
2	tmp/wch-evt/evt/QingkeV4C_CH32V20x_EVT/EXAM/BLE/MESH/MESH_LIB/wchble_rom_mesh.hex	0x0006a99a	12	known-prefix	7f9e
2	tmp/wch-evt/evt/QingkeV4C_CH32V20x_EVT/EXAM/BLE/MESH/MESH_LIB/wchble_rom_mesh.hex	0x0006a9bc	8	known-prefix	bfa1
2	tmp/wch-evt/evt/QingkeV4C_CH32V20x_EVT/EXAM/BLE/MESH/MESH_LIB/wchble_rom_mesh.hex	0x0006a9e4	8	known-prefix	3f9f
2	tmp/wch-evt/evt/QingkeV4C_CH32V20x_EVT/EXAM/BLE/MESH/MESH_LIB/wchble_rom_mesh.hex	0x0006a9e8	8	known-prefix	3fb3
2	tmp/wch-evt/evt/QingkeV4C_CH32V20x_EVT/EXAM/BLE/MESH/MESH_LIB/wchble_rom_mesh.hex	0x0006a9ec	16	known-prefix	ffb7
2	tmp/wch-evt/evt/QingkeV4C_CH32V20x_EVT/EXAM/BLE/MESH/MESH_LIB/wchble_rom_mesh.hex	0x0006a9f0	8	known-prefix	3fbb
2	tmp/wch-evt/evt/QingkeV4C_CH32V20x_EVT/EXAM/BLE/MESH/MESH_LIB/wchble_rom_mesh.hex	0x0006a9f4	16	known-prefix	ffbf
2	tmp/wch-evt/evt/QingkeV4C_CH32V20x_EVT/EXAM/BLE/MESH/MESH_LIB/wchble_rom_mesh.hex	0x0006a9f8	8	known-prefix	3fc6
2	tmp/wch-evt/evt/QingkeV4C_CH32V20x_EVT/EXAM/BLE/MESH/MESH_LIB/wchble_rom_mesh.hex	0x0006ae28	unknown	reserved-ge-192	fff9
2	tmp/wch-evt/evt/QingkeV4C_CH32V20x_EVT/EXAM/BLE/MESH/MESH_LIB/wchble_rom_mesh.hex	0x0006af4a	22	known-prefix	ffea
2	tmp/wch-evt/evt/QingkeV4C_CH32V20x_EVT/EXAM/BLE/MESH/MESH_LIB/wchble_rom_mesh.hex	0x0006af64	6	known-prefix	dfc0
2	tmp/wch-evt/evt/QingkeV4C_CH32V20x_EVT/EXAM/BLE/MESH/MESH_LIB/wchble_rom_mesh.hex	0x0006afae	16	known-prefix	7fbc
2	tmp/wch-evt/evt/QingkeV4C_CH32V20x_EVT/EXAM/BLE/MESH/MESH_LIB/wchble_rom_mesh.hex	0x0006afcc	6	known-prefix	9fbd
2	tmp/wch-evt/evt/QingkeV4C_CH32V20x_EVT/EXAM/BLE/MESH/MESH_LIB/wchble_rom_mesh.hex	0x0006b038	6	known-prefix	9fb6
2	tmp/wch-evt/evt/QingkeV4C_CH32V20x_EVT/EXAM/BLE/MESH/MESH_LIB/wchble_rom_mesh.hex	0x0006b048	20	known-prefix	7fd2
2	tmp/wch-evt/evt/QingkeV4C_CH32V20x_EVT/EXAM/BLE/MESH/MESH_LIB/wchble_rom_mesh.hex	0x0006b090	18	known-prefix	ffcd
2	tmp/wch-evt/evt/QingkeV4C_CH32V20x_EVT/EXAM/BLE/MESH/MESH_LIB/wchble_rom_mesh.hex	0x0006b09e	22	known-prefix	7feb
2	tmp/wch-evt/evt/QingkeV4C_CH32V20x_EVT/EXAM/BLE/MESH/MESH_LIB/wchble_rom_mesh.hex	0x0006b0ac	unknown	reserved-ge-192	fff0
2	tmp/wch-evt/evt/QingkeV4C_CH32V20x_EVT/EXAM/BLE/MESH/MESH_LIB/wchble_rom_mesh.hex	0x0006b0c0	6	known-prefix	5ff8
2	tmp/wch-evt/evt/QingkeV4C_CH32V20x_EVT/EXAM/BLE/MESH/MESH_LIB/wchble_rom_mesh.hex	0x0006b370	8	known-prefix	3ff8
2	tmp/wch-evt/evt/QingkeV4C_CH32V20x_EVT/EXAM/BLE/MESH/MESH_LIB/wchble_rom_mesh.hex	0x0006b4fe	14	known-prefix	7fa5
2	tmp/wch-evt/evt/QingkeV4C_CH32V20x_EVT/EXAM/BLE/MESH/MESH_LIB/wchble_rom_mesh.hex	0x0006b50c	14	known-prefix	ffaa
2	tmp/wch-evt/evt/QingkeV4C_CH32V20x_EVT/EXAM/BLE/MESH/MESH_LIB/wchble_rom_mesh.hex	0x0006b510	6	known-prefix	5fb3
2	tmp/wch-evt/evt/QingkeV4C_CH32V20x_EVT/EXAM/BLE/MESH/MESH_LIB/wchble_rom_mesh.hex	0x0006bd00	10	known-prefix	7f81
2	tmp/wch-evt/evt/QingkeV4C_CH32V20x_EVT/EXAM/BLE/MESH/MESH_LIB/wchble_rom_mesh.hex	0x0006bd42	6	known-prefix	1fee
2	tmp/wch-evt/evt/QingkeV4C_CH32V20x_EVT/EXAM/BLE/MESH/MESH_LIB/wchble_rom_mesh.hex	0x0006bd54	unknown	reserved-ge-192	7fff
2	tmp/wch-evt/evt/QingkeV4C_CH32V20x_EVT/EXAM/BLE/MESH/MESH_LIB/wchble_rom_mesh.hex	0x0006bdc0	8	known-prefix	3fe6
2	tmp/wch-evt/evt/QingkeV4C_CH32V20x_EVT/EXAM/BLE/MESH/MESH_LIB/wchble_rom_mesh.hex	0x0006be58	8	known-prefix	bfdc
2	tmp/wch-evt/evt/QingkeV4C_CH32V20x_EVT/EXAM/BLE/MESH/MESH_LIB/wchble_rom_mesh.hex	0x0006bf54	18	known-prefix	ffcc
2	tmp/wch-evt/evt/QingkeV4C_CH32V20x_EVT/EXAM/BLE/MESH/MESH_LIB/wchble_rom_mesh.hex	0x0006bf66	6	known-prefix	5fde
2	tmp/wch-evt/evt/QingkeV4C_CH32V20x_EVT/EXAM/BLE/MESH/MESH_LIB/wchble_rom_mesh.hex	0x0006c000	6	known-prefix	9fd2
2	tmp/wch-evt/evt/QingkeV4C_CH32V20x_EVT/EXAM/BLE/MESH/MESH_LIB/wchble_rom_mesh.hex	0x0006c048	6	known-prefix	5fed
2	tmp/wch-evt/evt/QingkeV4C_CH32V20x_EVT/EXAM/BLE/MESH/MESH_LIB/wchble_rom_mesh.hex	0x0006c0b2	8	known-prefix	bffb
2	tmp/wch-evt/evt/QingkeV4C_CH32V20x_EVT/EXAM/BLE/MESH/MESH_LIB/wchble_rom_mesh.hex	0x0006c0c8	6	known-prefix	dfad
2	tmp/wch-evt/evt/QingkeV4C_CH32V20x_EVT/EXAM/BLE/MESH/MESH_LIB/wchble_rom_mesh.hex	0x0006c164	6	known-prefix	dfa3
2	tmp/wch-evt/evt/QingkeV4C_CH32V20x_EVT/EXAM/BLE/MESH/MESH_LIB/wchble_rom_mesh.hex	0x0006c358	8	known-prefix	bfbc
2	tmp/wch-evt/evt/QingkeV4C_CH32V20x_EVT/EXAM/BLE/MESH/MESH_LIB/wchble_rom_mesh.hex	0x0006c360	6	known-prefix	dfd0
2	tmp/wch-evt/evt/QingkeV4C_CH32V20x_EVT/EXAM/BLE/MESH/MESH_LIB/wchble_rom_mesh.hex	0x0006c38e	6	known-prefix	5f89
2	tmp/wch-evt/evt/QingkeV4C_CH32V20x_EVT/EXAM/BLE/MESH/MESH_LIB/wchble_rom_mesh.hex	0x0006c3ac	6	known-prefix	dfa4
2	tmp/wch-evt/evt/QingkeV4C_CH32V20x_EVT/EXAM/BLE/MESH/MESH_LIB/wchble_rom_mesh.hex	0x0006c3e2	6	known-prefix	1f84
2	tmp/wch-evt/evt/QingkeV4C_CH32V20x_EVT/EXAM/BLE/MESH/MESH_LIB/wchble_rom_mesh.hex	0x0006c436	6	known-prefix	1fc8
2	tmp/wch-evt/evt/QingkeV4C_CH32V20x_EVT/EXAM/BLE/MESH/MESH_LIB/wchble_rom_mesh.hex	0x0006c4a4	8	known-prefix	3fc1
2	tmp/wch-evt/evt/QingkeV4C_CH32V20x_EVT/EXAM/BLE/MESH/MESH_LIB/wchble_rom_mesh.hex	0x0006c574	6	known-prefix	9faf
2	tmp/wch-evt/evt/QingkeV4C_CH32V20x_EVT/EXAM/BLE/MESH/MESH_LIB/wchble_rom_mesh.hex	0x0006c598	6	known-prefix	5fad
2	tmp/wch-evt/evt/QingkeV4C_CH32V20x_EVT/EXAM/BLE/MESH/MESH_LIB/wchble_rom_mesh.hex	0x0006c85c	6	known-prefix	9fae
2	tmp/wch-evt/evt/QingkeV4C_CH32V20x_EVT/EXAM/BLE/MESH/MESH_LIB/wchble_rom_mesh.hex	0x0006c8a6	8	known-prefix	bfcb
2	tmp/wch-evt/evt/QingkeV4C_CH32V20x_EVT/EXAM/BLE/MESH/MESH_LIB/wchble_rom_mesh.hex	0x0006c8b4	6	known-prefix	dfca
2	tmp/wch-evt/evt/QingkeV4C_CH32V20x_EVT/EXAM/BLE/MESH/MESH_LIB/wchble_rom_mesh.hex	0x0006c8f0	10	known-prefix	7f8a
2	tmp/wch-evt/evt/QingkeV4C_CH32V20x_EVT/EXAM/BLE/MESH/MESH_LIB/wchble_rom_mesh.hex	0x0006c902	10	known-prefix	ff86
2	tmp/wch-evt/evt/QingkeV4C_CH32V20x_EVT/EXAM/BLE/MESH/MESH_LIB/wchble_rom_mesh.hex	0x0006ca4a	6	known-prefix	5fcb
2	tmp/wch-evt/evt/QingkeV4C_CH32V20x_EVT/EXAM/BLE/MESH/MESH_LIB/wchble_rom_mesh.hex	0x0006caa8	6	known-prefix	df89
2	tmp/wch-evt/evt/QingkeV4C_CH32V20x_EVT/EXAM/BLE/MESH/MESH_LIB/wchble_rom_mesh.hex	0x0006cb20	6	known-prefix	1fa4
2	tmp/wch-evt/evt/QingkeV4C_CH32V20x_EVT/EXAM/BLE/MESH/MESH_LIB/wchble_rom_mesh.hex	0x0006cb2e	8	known-prefix	3fa3
2	tmp/wch-evt/evt/QingkeV4C_CH32V20x_EVT/EXAM/BLE/MESH/MESH_LIB/wchble_rom_mesh.hex	0x0006cdce	6	known-prefix	1f93
2	tmp/wch-evt/evt/QingkeV4C_CH32V20x_EVT/EXAM/BLE/MESH/MESH_LIB/wchble_rom_mesh.hex	0x0006ce7e	8	known-prefix	3fd3
2	tmp/wch-evt/evt/QingkeV4C_CH32V20x_EVT/EXAM/BLE/MESH/MESH_LIB/wchble_rom_mesh.hex	0x0006ceb6	unknown	reserved-ge-192	7ff7
2	tmp/wch-evt/evt/QingkeV4C_CH32V20x_EVT/EXAM/BLE/MESH/MESH_LIB/wchble_rom_mesh.hex	0x0006cedc	6	known-prefix	1ff5
2	tmp/wch-evt/evt/QingkeV4C_CH32V20x_EVT/EXAM/BLE/MESH/MESH_LIB/wchble_rom_mesh.hex	0x0006d0e6	20	known-prefix	7fdc
2	tmp/wch-evt/evt/QingkeV4C_CH32V20x_EVT/EXAM/BLE/MESH/MESH_LIB/wchble_rom_mesh.hex	0x0006d6ca	6	known-prefix	1f9d
2	tmp/wch-evt/evt/QingkeV4C_CH32V20x_EVT/EXAM/BLE/MESH/MESH_LIB/wchble_rom_mesh.hex	0x0006d73a	6	known-prefix	1f96
2	tmp/wch-evt/evt/QingkeV4C_CH32V20x_EVT/EXAM/BLE/MESH/MESH_LIB/wchble_rom_mesh.hex	0x0006d752	12	known-prefix	ff9e
2	tmp/wch-evt/evt/QingkeV4C_CH32V20x_EVT/EXAM/BLE/MESH/MESH_LIB/wchble_rom_mesh.hex	0x0006d804	8	known-prefix	3ff5
2	tmp/wch-evt/evt/QingkeV4C_CH32V20x_EVT/EXAM/BLE/MESH/MESH_LIB/wchble_rom_mesh.hex	0x0006db26	unknown	reserved-ge-192	ffff
2	tmp/wch-evt/evt/QingkeV4C_CH32V20x_EVT/EXAM/BLE/MESH/MESH_LIB/wchble_rom_mesh.hex	0x0006ddf6	10	known-prefix	ff00
2	tmp/wch-evt/evt/QingkeV4C_CH32V20x_EVT/EXAM/BLE/MESH/MESH_LIB/wchble_rom_mesh.hex	0x0006df90	6	known-prefix	5f42
2	tmp/wch-evt/evt/QingkeV4C_CH32V20x_EVT/EXAM/BLE/MESH/MESH_LIB/wchble_rom_mesh.hex	0x0006df94	6	known-prefix	5f4c
2	tmp/wch-evt/evt/QingkeV4C_CH32V20x_EVT/EXAM/BLE/MESH/MESH_LIB/wchble_rom_mesh.hex	0x0006df98	6	known-prefix	5f56
2	tmp/wch-evt/evt/QingkeV4C_CH32V20x_EVT/EXAM/BLE/MESH/MESH_LIB/wchble_rom_mesh.hex	0x0006e314	unknown	truncated-or-gap	0328
2	tmp/wch-evt/evt/QingkeV4C_CH32V20x_EVT/EXAM/BLE/MESH/MESH_LIB/wchble_rom_mesh.hex	0x0006e340	unknown	truncated-or-gap	032a
2	tmp/wch-evt/evt/QingkeV4C_CH32V20x_EVT/EXAM/BLE/MESH/MESH_LIB/wchble_rom_mesh.hex	0x0006e3c0	10	known-prefix	ff00
2	tmp/wch-evt/evt/QingkeV4C_CH32V20x_EVT/EXAM/BLE/MESH/MESH_LIB/wchble_rom_mesh.hex	0x0006e3ce	unknown	truncated-or-gap	ff20
